3043501068_be58ac47e1.jpg,-4.228326653e-10
3046916429_8e2570b613.jpg,-3.194770853e-09
2054308369_f9c6ec7815.jpg,-1.485230944e-09
3173014908_b3e69594b6.jpg,5.322238273e-09
167295035_336f5f5f27.jpg,1.940744089e-09
3215238223_29de2b35cb.jpg,-1.466908267e-08
3498482871_4e02f31c35.jpg,-2.83242858e-10
3176498130_52ab9460b2.jpg,4.001735501e-09
2760715910_87c7bdeb87.jpg,3.385993059e-09
2738255684_0324ed062d.jpg,1.811673608e-09
247617035_9f2e821534.jpg,6.760009953e-09
2831215155_07ba8f1805.jpg,-8.278217638e-09
871290646_307cddd4e7.jpg,1.107889013e-08
937559727_ae2613cee5.jpg,-4.111542185e-09
3371567346_b6522efdb8.jpg,-3.209143157e-10
2457052334_b5a1d99048.jpg,-4.059414221e-09
468911753_cc595f5da0.jpg,-2.409773552e-09
2371809188_b805497cba.jpg,-3.455077943e-10
2540751930_d71c7f5622.jpg,-2.084412745e-09
502115726_927dd684d3.jpg,-5.091523411e-09
3054997030_797096dd12.jpg,-7.056315275e-09
873633312_a756d8b381.jpg,5.04480682e-09
2436160351_108924a65b.jpg,-1.914978785e-09
2706023395_ac9eba0e42.jpg,2.298597525e-09
3326086533_23a0a54a8e.jpg,-5.982062182e-09
173020287_230bfc4ffc.jpg,-6.503907735e-10
50030244_02cd4de372.jpg,-8.832187856e-10
3183883750_b6acc40397.jpg,-5.532447328e-10
2434006663_207a284cec.jpg,-3.402080241e-09
435827376_4384c3005a.jpg,4.422675437e-10
3503011427_a4ee547c77.jpg,3.522382514e-10
2351762979_0941aecced.jpg,2.492895319e-09
3592968286_b63c81bcd2.jpg,1.078706834e-08
2862004252_53894bb28b.jpg,2.05618399e-09
1077931201_1e0bb83105.jpg,3.882051337e-09
2120383553_5825333a3f.jpg,-6.072002685e-09
3399843227_3b9d2a8dbf.jpg,5.260532961e-09
241345533_99c731403a.jpg,2.206032439e-09
3710050559_f6f12760fe.jpg,3.7323826e-09
2635938723_11b85e6763.jpg,-2.166816155e-09
3496028495_431cfdc042.jpg,1.960223851e-09
2991575785_bd4868e215.jpg,-1.947626026e-09
3562282690_cd2a95fe9e.jpg,-1.876150806e-09
2676764246_c58205a365.jpg,-3.192039367e-09
3519942322_b37d088aae.jpg,-1.004622725e-10
2839932205_3c9c27cd99.jpg,-2.893580454e-09
2115620856_4fa5025ac6.jpg,1.958433167e-09
2684322797_85406f571d.jpg,-2.745121549e-09
530661899_94655d7d0e.jpg,-1.175534718e-09
3610683688_bbe6d725ed.jpg,-7.595517527e-09
2186087673_c7a73da7ce.jpg,-3.552019159e-09
350176185_b8c5591e36.jpg,1.1887731e-09
3649384501_f1e06c58c0.jpg,-6.398118991e-09
3243094580_ccd01679f5.jpg,-3.833322139e-09
3301854980_233cc2f896.jpg,1.270293575e-09
3465396606_5ba1574128.jpg,-3.085281023e-09
2502905671_c6039804ab.jpg,-1.130116616e-09
437917001_ae1106f34e.jpg,5.244680672e-09
3273163189_dece7babf4.jpg,4.192069603e-09
3405100926_e96308ce89.jpg,-6.415937677e-09
2088532947_c628e44c4a.jpg,1.710334377e-09
3134585858_a8c3493ca5.jpg,2.224332125e-09
2242178517_2325b85e5f.jpg,2.258172467e-09
2885891981_6b02620ae9.jpg,-2.242073763e-09
618771382_459bb492e4.jpg,1.902126982e-10
2642475077_69d19deb74.jpg,-5.49186246e-09
197504190_fd1fc3d4b7.jpg,4.29588568e-09
479807465_cf42f39d00.jpg,6.573396516e-09
2622624460_207dbcc4cf.jpg,1.504902438e-09
3234890865_bb3c316968.jpg,3.487449531e-09
413737417_b0a8b445e9.jpg,6.069065399e-09
2116444946_1f5d1fe5d1.jpg,2.105001654e-09
1434005938_ad75c8598c.jpg,-1.301264958e-09
2271890493_da441718ba.jpg,-5.557583418e-10
2441354291_b32e00e5a6.jpg,-2.087839248e-09
3583704941_611353857e.jpg,1.499075522e-09
2680619645_ab6645218d.jpg,1.563044356e-09
2504991916_dc61e59e49.jpg,-2.528349741e-09
2310126952_7dc86d88f6.jpg,5.566710315e-09
576920249_df1bdc2068.jpg,1.072644771e-09
2628331789_c7f7d90e5d.jpg,-7.100561816e-10
2839038702_e168128665.jpg,1.514985695e-09
3067971348_69af5bb309.jpg,4.560543504e-09
2860202109_97b2b22652.jpg,-2.621070551e-09
3245250964_9d3e37111e.jpg,2.488551463e-10
1806580620_a8fe0fb9f8.jpg,-2.246455095e-09
239807547_4923efc821.jpg,1.053852277e-09
1566117559_f5d98fbeb0.jpg,3.012765465e-09
2759813381_73303113d9.jpg,8.576930319e-10
3000722396_1ae2e976c2.jpg,-4.062135514e-09
278007543_99f5a91a3e.jpg,1.724048759e-09
947664583_7c63172366.jpg,-9.588970623e-10
325576658_59f68bdbd6.jpg,-2.154629811e-09
2415265825_fbfe0c8556.jpg,2.073296406e-09
3364796213_b8948913b5.jpg,7.752855447e-09
2058091220_2087270068.jpg,-1.915869941e-09
2295216243_0712928988.jpg,6.645307631e-09
506808265_fe84ada926.jpg,-3.709119091e-10
557601144_50b8c40393.jpg,3.148361998e-09
3613667665_1881c689ea.jpg,-2.828583247e-09
3603116579_4a28a932e2.jpg,-3.986130705e-10
1112212364_0c48235fc2.jpg,-1.792254001e-09
2855910826_d075845288.jpg,8.320245233e-10
2801851082_8c3c480c0f.jpg,1.337488192e-09
2861413434_f0e2a10179.jpg,-1.098935454e-08
3439243433_d5f3508612.jpg,-1.819853377e-09
3038045802_93f2cd5fbc.jpg,5.01674576e-09
412101267_7257e6d8c0.jpg,3.124088206e-09
3371887001_44ab0c2f17.jpg,8.326364305e-09
260392825_ea61660633.jpg,-4.002669402e-09
3688858505_e8afd1475d.jpg,-8.318482361e-10
236144859_52f9e38885.jpg,-3.295320119e-09
3207775692_bb897d9afd.jpg,-1.0871927e-09
3193335577_9bdbaf9f70.jpg,-7.338954576e-09
543291644_64539956e9.jpg,-1.608632933e-09
1781227288_6811e734be.jpg,4.131084968e-09
2892995070_39f3c9a56e.jpg,-4.175009224e-09
2939371251_f923569a72.jpg,4.249355444e-09
2913972180_547783dd3d.jpg,4.087816032e-10
534655560_dc1c335b3f.jpg,-8.041891583e-09
3162289423_4ca8915d0c.jpg,1.117829662e-09
3375549004_beee810e60.jpg,3.138257519e-11
3680031186_c3c6698f9d.jpg,-9.069428342e-09
476759700_8911f087f8.jpg,8.006813155e-10
487894806_352d9b5e66.jpg,6.137624199e-10
3157039116_d82da4e66b.jpg,6.140675083e-09
3264937930_9623496b64.jpg,2.915173279e-10
2565657591_6c1cdfc092.jpg,2.343407843e-09
3320154278_c67e01b8d1.jpg,1.761372855e-09
3557295488_600d387347.jpg,3.584950943e-09
3488512097_e500cb499f.jpg,5.907200973e-09
1436760519_8d6101a0ed.jpg,-1.730831307e-09
2425262733_afe0718276.jpg,-7.827342133e-09
278388986_78ba84eb8f.jpg,2.846820699e-09
3260975858_75d0612a69.jpg,-4.363392612e-10
3702038926_966fdaa311.jpg,-2.762743331e-09
3449718979_e987c64e2d.jpg,-2.631259433e-09
2428094795_d3a8f46046.jpg,-5.173827511e-09
2479162876_a5ce3306af.jpg,3.323165305e-09
3256272547_5ae6c66293.jpg,2.24515885e-09
3621717946_d96f8a6012.jpg,-2.885961782e-09
260162669_c79a900afb.jpg,6.091283432e-10
3256043809_47258e0b3e.jpg,-4.30297406e-09
3721799573_2f470950e0.jpg,3.410585157e-09
3310067561_b92017acab.jpg,1.976182115e-09
2635400219_2e1a984fd3.jpg,6.70720941e-09
3004823335_9b82cbd8a7.jpg,-7.879193736e-10
3349955993_a04aea97d8.jpg,3.475550317e-09
3571193625_835da90c5e.jpg,-3.48455705e-09
2552949275_b8cdc450cc.jpg,-1.956619469e-09
72218201_e0e9c7d65b.jpg,1.048937298e-09
1142847777_2a0c1c2551.jpg,1.298928152e-08
105342180_4d4a40b47f.jpg,7.31608878e-09
3217240672_b99a682026.jpg,-3.227024705e-09
2272967004_1531726d71.jpg,3.176250598e-09
3296124052_6f1d1c9f8d.jpg,2.903688447e-09
3651107058_d84d4c3c25.jpg,-2.597415674e-09
2434074318_e35a567220.jpg,6.967365898e-10
96973080_783e375945.jpg,7.953758685e-10
2658009523_b49d611db8.jpg,2.757775979e-09
2612608861_92beaa3d0b.jpg,5.803410413e-09
1303727066_23d0f6ed43.jpg,-6.222826565e-10
2214132302_80064fd79d.jpg,1.016806695e-08
2514581496_8f4102377e.jpg,5.789256636e-09
3326024473_4c16e4fbfc.jpg,7.780484551e-09
2882743431_c3e6cd1b5c.jpg,-4.666918344e-09
3541962817_78bcd3835b.jpg,-1.560865914e-09
2307118114_c258e3a47e.jpg,-3.05928114e-09
3583065748_7d149a865c.jpg,-2.34646369e-09
3632197966_0c5061025f.jpg,1.153639536e-09
279901198_e7a88c855a.jpg,-2.249703435e-09
1827560917_c8d3c5627f.jpg,-4.188931805e-09
1923476156_e20976b32d.jpg,5.68950449e-10
3462165890_c13ce13eff.jpg,4.460503191e-09
453473508_682c0a7189.jpg,-8.152951432e-09
3223709894_97824ba76f.jpg,5.047622788e-09
1394927474_0afdd82fc4.jpg,-2.564774457e-09
3474985008_0a827cd340.jpg,3.011461065e-09
581419370_30485f3580.jpg,1.421523244e-09
3538021517_b930dc76fc.jpg,-2.912136408e-09
3436063693_15c8d377a2.jpg,9.978651959e-10
2528552898_9e49a7033f.jpg,2.723852772e-10
3664928753_7b0437fedf.jpg,4.288225669e-09
485312202_784508f2a9.jpg,3.899297912e-09
3634785801_4b23184a06.jpg,5.08893281e-09
2817847072_5eb3bc30ac.jpg,-2.00341897e-09
3280672302_2967177653.jpg,-9.03090083e-09
1881494074_1bebd93089.jpg,-9.889267593e-09
3323498985_fd9d2803fd.jpg,6.112371219e-10
3348785391_c243faf6bb.jpg,-6.640402802e-09
3119887967_271a097464.jpg,5.837049911e-09
3301754574_465af5bf6d.jpg,3.69107339e-09
3672109677_8caa992671.jpg,-4.349963475e-09
3670907052_c827593564.jpg,2.313412503e-10
3595080592_5fd55570e5.jpg,-4.348826647e-09
3495453699_1c9faedf3c.jpg,8.199409962e-09
3550276904_19de3561c5.jpg,4.653383259e-10
2428797297_7fc3c862db.jpg,1.151940337e-08
421808539_57abee6d55.jpg,-3.249374388e-09
248174959_2522871152.jpg,3.341455224e-09
435054077_3506dbfcf4.jpg,1.900609347e-09
3640241166_b1ab7a8e7a.jpg,3.824072977e-09
2874984466_1aafec2c9f.jpg,1.654237218e-09
3287236038_8998e6b82f.jpg,2.165166029e-09
2453990033_df53f0d8c8.jpg,2.342046712e-09
2736508369_fd9ff0b42f.jpg,3.699314584e-09
3092370204_029b6bc10a.jpg,-2.03645477e-09
191003284_1025b0fb7d.jpg,-4.151577068e-10
1466307489_cb8a74de09.jpg,-1.158882719e-09
2255685792_f70474c6db.jpg,8.710632386e-10
2629402527_6dfc5c504b.jpg,1.790212059e-09
2687539673_d54a8dc613.jpg,2.975841675e-09
124881487_36e668145d.jpg,-3.552212306e-09
2303016989_0deb96c8d9.jpg,2.678652886e-09
2838125339_3dd314e315.jpg,1.304885123e-09
316833109_6500b526dc.jpg,9.49367565e-10
3573436368_78f0ccdf01.jpg,3.268404287e-09
3088399255_1bd9a6aa04.jpg,-1.014954514e-09
250892549_1e06a06a78.jpg,-3.992327364e-09
3711611500_ea47b58b6f.jpg,-4.953259908e-10
1096395242_fc69f0ae5a.jpg,2.86109775e-09
3545586120_283d728a97.jpg,5.239723016e-10
1089181217_ee1167f7af.jpg,8.472445411e-10
3116985493_04b1dc3345.jpg,-5.006411346e-09
3706653103_e777a825e4.jpg,3.253969902e-09
380041023_0dfd712ef1.jpg,3.529214201e-09
3497224764_6e17544e0d.jpg,-3.435823208e-09
410422753_de506155fa.jpg,-2.957962623e-09
3006093003_c211737232.jpg,-1.685159427e-09
857914283_270d7d1c87.jpg,-7.37306306e-09
107318069_e9f2ef32de.jpg,-3.508776009e-09
3175849727_bf30b892cb.jpg,-1.210127109e-09
2641770481_c98465ff35.jpg,2.317863125e-09
3437693401_202afef348.jpg,-2.385557621e-09
3555231025_73fa54fa29.jpg,2.058189166e-09
2196316998_3b2d63f01f.jpg,-2.570291078e-09
245442617_407eba1e98.jpg,3.193070643e-09
3353400143_8b9543f7dc.jpg,2.258343594e-09
413231421_43833a11f5.jpg,7.049610917e-10
2200901777_f6c168bd32.jpg,5.010703356e-09
2493469969_11b6190615.jpg,2.765919786e-09
3756150099_50882fc029.jpg,1.210913339e-09
3404978479_8a81843e17.jpg,2.692575286e-09
3268191118_ba25fabab6.jpg,1.136429484e-09
2603334363_cfa32c4482.jpg,1.57896012e-09
3181409177_edb09c2718.jpg,-4.170743665e-09
3656206975_09e6ce58bd.jpg,1.665971262e-10
2940366012_1ef8ab334e.jpg,-6.544548904e-09
2318721455_80c6644441.jpg,8.802134626e-09
2976155358_b4dd4407cf.jpg,-1.485096331e-09
3518118675_5053b3f738.jpg,-2.46718046e-09
2894850774_2d530040a1.jpg,7.666821294e-09
900144365_03cd1899e3.jpg,-7.279147627e-10
3300019891_8f404d94a1.jpg,2.198452064e-09
3457460673_800d7f7dd9.jpg,1.198347702e-09
1428641354_f7453afbea.jpg,1.70241113e-09
2285741931_07159a21f2.jpg,-6.938488286e-09
3666056567_661e25f54c.jpg,3.155416895e-09
2505988632_9541f15583.jpg,-1.492000432e-09
177302997_5b2d770a0a.jpg,-1.859667859e-09
1087168168_70280d024a.jpg,8.580815596e-09
1397295388_8a5b6b525d.jpg,-6.846012224e-09
2261257940_449b6e6c91.jpg,-1.539968329e-09
3566225740_375fc15dde.jpg,1.032887688e-08
3172283002_3c0fc624de.jpg,-2.14163413e-09
3324056835_84904fe2f8.jpg,-2.25143332e-09
1053804096_ad278b25f1.jpg,6.817317336e-09
2943079526_e9033a6556.jpg,3.205166052e-09
3647283075_3005333222.jpg,5.67735324e-09
2944836001_b38b516286.jpg,-1.117054189e-08
3576060775_d9121519cc.jpg,4.035797794e-10
3399906919_bc8562b257.jpg,4.79004088e-09
2490863987_715383944a.jpg,-2.332393863e-10
2256133102_e2c8314ecb.jpg,3.340129933e-09
3493000349_81c540e828.jpg,-7.472735135e-09
3530342993_a4a1f0e516.jpg,-9.693873389e-10
3182405529_7692256746.jpg,7.387833085e-10
2797149878_bb8e27ecf9.jpg,-2.414732328e-09
470887795_8443ce53d0.jpg,6.367165954e-09
2081679622_6f1442367d.jpg,3.252539479e-09
2987096101_a41896187a.jpg,6.13038988e-09
3401333624_4b6af8c1d7.jpg,4.400460456e-09
2090545563_a4e66ec76b.jpg,-4.210718889e-09
445861800_75fc6a8c16.jpg,-6.63543601e-09
1423997242_ea2189ec5e.jpg,-2.088064762e-09
380034515_4fbdfa6b26.jpg,-6.695845503e-10
472535997_0dbf42b9f3.jpg,-3.143315432e-09
3162095736_cc41dd41ff.jpg,4.254546215e-11
1002674143_1b742ab4b8.jpg,-2.089562166e-10
3375991133_87d7c40925.jpg,-8.268189761e-09
1303550623_cb43ac044a.jpg,-7.701031867e-09
3437781040_82b06facb3.jpg,1.439614544e-09
539493431_744eb1abaa.jpg,2.416551017e-09
1211015912_9f3ee3a995.jpg,-3.601353538e-09
2655647656_ee450446ed.jpg,-5.886475038e-09
2792212974_23b1ef05fa.jpg,-6.942531662e-09
3595216998_0a19efebd0.jpg,1.278379719e-09
423066487_07757b2b49.jpg,6.801871872e-09
2823575468_15f6c345fc.jpg,-3.064008576e-10
3263215700_e27f81f8b9.jpg,2.629074879e-09
2892395757_0a1b0eedd2.jpg,-3.701319136e-09
519059913_4906fe4050.jpg,2.065841379e-09
2384550175_e421d3a871.jpg,-3.309122161e-09
3548191125_514f47e493.jpg,-1.2746785e-08
2822290399_97c809d43b.jpg,-3.289165539e-09
241345864_138471c9ea.jpg,1.034192819e-09
2466420387_86fe77c966.jpg,5.374606078e-09
229862312_1a0ba19dab.jpg,-1.043224127e-09
1573017288_4d481856e2.jpg,-2.922771856e-09
3355494822_61353a224d.jpg,-2.317343683e-09
2352414953_10f3cd0f1f.jpg,3.1116486e-09
2751602672_ca5e1f6447.jpg,-2.481168449e-09
3518755601_cebf11e515.jpg,2.559649127e-09
3442622076_c3abe955e5.jpg,-7.682220412e-10
2862509442_4f5dc96dca.jpg,-5.593495976e-10
1263126002_881ebd7ac9.jpg,-3.664437767e-09
3154528397_89112faf4b.jpg,-3.928382584e-10
554774472_b5d165ff69.jpg,-5.204391932e-09
2460126267_0deea8b645.jpg,-9.154646451e-09
3504158556_1d410c8ff7.jpg,7.599219094e-09
2431723485_bc6b8e6418.jpg,5.486215148e-09
1473080948_bae2925dc8.jpg,-2.970880754e-09
3594822096_e1144b85d6.jpg,-1.842482829e-09
3232470286_903a61ea16.jpg,5.936606413e-09
2599131872_65789d86d5.jpg,-8.122765336e-09
262570082_6364f58f33.jpg,-6.81339732e-09
2912476706_9a0dbd3a67.jpg,-8.961874498e-10
3016726158_4d15b83b06.jpg,-2.239804051e-09
2661489896_cc3425777e.jpg,1.317616663e-09
3404552106_f516df0f5b.jpg,4.716337056e-09
2204277704_f1c8c741ed.jpg,-2.557509403e-09
2050067751_22d2763fd2.jpg,-5.538265929e-09
350443876_c9769f5734.jpg,-2.328508729e-09
2450299735_62c095f40e.jpg,-1.533182691e-09
769260947_02bc973d76.jpg,2.506895595e-09
2970067128_8842ab3603.jpg,-3.367360886e-10
2342478660_faef1afea8.jpg,2.849708384e-09
485245061_5a5de43e20.jpg,2.849530592e-09
3621649810_cca783b777.jpg,7.842162511e-09
3346918203_986dca6641.jpg,-1.378982777e-09
3272002857_ace031f564.jpg,-3.303488052e-09
3104400277_1524e4f758.jpg,-4.994259272e-09
2231847779_1148d1c919.jpg,-3.650086231e-09
3308488725_f91d9aba27.jpg,5.410294434e-09
2712974062_6d5b6aa7f0.jpg,4.829795706e-10
2757803246_8aa3499d26.jpg,2.961079066e-09
3126773489_7ae425af17.jpg,5.603392672e-09
2960033435_c20cc7399a.jpg,4.838904414e-09
2502007071_82a8c639cf.jpg,-2.577079034e-09
3132619510_7dfc947d25.jpg,-3.62938803e-10
3028095878_07341efc9c.jpg,-7.76313558e-09
247704641_d883902277.jpg,2.546225654e-09
3359551687_68f2f0212a.jpg,-1.089884433e-09
824123145_59243e504e.jpg,4.652073632e-09
3285993030_87b0f1d202.jpg,-4.901441591e-09
1663454406_5e2cf8c5bb.jpg,-8.267040887e-09
2147199188_d2d70b88ec.jpg,-4.32778735e-09
236474697_0c73dd5d8b.jpg,-6.009037098e-09
3308018795_68a97a425c.jpg,-3.360524847e-09
275516348_cbccebc125.jpg,2.331804315e-09
3174228611_6cf9d2266b.jpg,3.422638396e-09
2420546021_4a59790da6.jpg,-1.138984322e-09
3009018821_ba47396e24.jpg,7.169812232e-10
2287023569_fd7a9c60b8.jpg,-4.034124934e-09
3519155763_045a6a55e2.jpg,-2.249577467e-09
2309327462_82a24538d4.jpg,2.508685948e-09
609681901_66809d2dc1.jpg,-7.80898401e-09
3344411431_6f4917bb2f.jpg,-3.051278907e-09
3726700898_c50494b8bd.jpg,4.097433705e-09
3603064161_a8f3b6455d.jpg,3.661442214e-09
415793623_6c1225ae27.jpg,1.052031e-08
3225296260_2ee72b4917.jpg,-5.733510526e-09
2952320230_26601173be.jpg,4.788736662e-09
2400958566_4e09424046.jpg,2.268673187e-09
2286239223_d84ffc4e4a.jpg,-4.787060034e-09
888517718_3d5b4b7b43.jpg,-2.812887873e-10
3259228898_cefd04580b.jpg,-5.862037746e-09
3374054694_fa56f29267.jpg,-2.787878779e-09
3317960829_78bbfafbb6.jpg,-3.672742003e-09
1332815795_8eea44375e.jpg,7.692968359e-12
3106340185_80d0cb770a.jpg,-2.027317182e-09
1244140539_da4804d828.jpg,2.031682252e-09
2193223202_4d908c0450.jpg,-5.695103283e-09
69189650_6687da7280.jpg,-2.926566828e-09
517102724_a0f3069156.jpg,1.918183756e-10
230016181_0c52b95304.jpg,2.328879935e-09
3217620013_8b17873273.jpg,3.553189933e-11
3429351222_17ae744daf.jpg,-8.003685278e-10
3454199170_ae26917dcd.jpg,-2.416732638e-09
3580375310_46ec3e476c.jpg,4.885884557e-11
3594029059_cee1f4c59a.jpg,3.346857525e-09
2657484284_daa07a3a1b.jpg,3.618558179e-09
2869009633_ea3cafd437.jpg,1.362356304e-09
3664297064_a4d45cbbbc.jpg,3.006899732e-09
3463523977_f2ed231585.jpg,-1.453416283e-09
2745811124_12c4426b8b.jpg,3.842857453e-10
2696636252_91ef1491ea.jpg,-7.74627429e-09
2579266054_1ec58aa92f.jpg,-1.299606869e-10
279728508_6bd7281f3c.jpg,-1.043229887e-10
3619232550_0b1e1fd4e4.jpg,-1.549272488e-10
3639428663_dae5e8146e.jpg,-3.901580008e-09
2808870080_4ea4f3327e.jpg,-2.638631572e-09
431018958_84b2beebff.jpg,-7.192043024e-09
3427852996_d383abd819.jpg,3.175919661e-09
1529044279_4922ead27c.jpg,-1.202093591e-08
2307807200_91fa29cba1.jpg,-4.478401125e-09
405534893_2d0f3b0147.jpg,-9.257335487e-10
2885111681_dc328ecfff.jpg,-3.592925459e-09
2921094201_2ed70a7963.jpg,3.647995254e-09
772212710_f5fc22ed35.jpg,4.14095566e-10
2664103423_c539f61016.jpg,2.525827196e-09
315880837_90db309bab.jpg,-5.033847383e-10
2108799322_e25aa6e185.jpg,2.317316226e-09
1956678973_223cb1b847.jpg,-4.878565068e-10
219730733_6a55382dd2.jpg,-2.29398569e-09
2914800692_0c512d27b8.jpg,6.670931804e-09
2248487956_2603f55ab9.jpg,9.632456763e-10
483841513_e660391880.jpg,-3.497671718e-09
1674612291_7154c5ab61.jpg,-7.075223426e-09
2288530008_4ebcee2174.jpg,-7.887779821e-09
3729525173_7f984ed776.jpg,7.59804851e-09
2257294002_0073263c54.jpg,-4.639907567e-11
2914737181_0c8e052da8.jpg,9.078717427e-09
539744890_85e63f5854.jpg,1.144484464e-08
3513265399_a32e8cfd18.jpg,1.422281342e-09
1625306051_7099519baa.jpg,-1.052377746e-11
2642350864_099c0f2152.jpg,2.739662544e-09
756909515_a416161656.jpg,1.876710552e-09
2939197393_93dc64c4bb.jpg,5.430209245e-09
2070831523_5035d5537e.jpg,2.424252426e-09
2986671935_0c60bbb3fa.jpg,-5.267251263e-10
156967462_72db9b722c.jpg,4.572964398e-10
1425919702_ddb761aeec.jpg,-3.021807872e-09
3048380686_732db55281.jpg,2.558917376e-09
3226541300_6c81711e8e.jpg,1.369102563e-10
482907079_22085ada04.jpg,-1.573596818e-09
108899015_bf36131a57.jpg,8.347280913e-10
2623939135_0cd02ffa5d.jpg,2.097705066e-09
3421177332_a05741cfa4.jpg,2.809206523e-09
3322443827_a04a94bb91.jpg,8.989102159e-09
2597737483_6518a230e4.jpg,-6.055054829e-09
3067500667_0fce8f28d4.jpg,-3.430335436e-10
2521878609_146143708e.jpg,5.345096585e-09
1772859261_236c09b861.jpg,-6.471292218e-09
2266901263_4324af1f03.jpg,3.673826099e-10
3351667632_00f586a30c.jpg,2.920737554e-09
1305564994_00513f9a5b.jpg,-2.821000328e-09
2196050115_e236d91f52.jpg,-2.109375642e-09
3014986976_0e7b858970.jpg,-2.557907786e-09
505955292_026f1489f2.jpg,-9.861360044e-09
670609997_5c7fdb3f0b.jpg,9.457410807e-10
416650559_cd08d3cd96.jpg,-3.165658074e-09
3587781729_bd21ce7b11.jpg,-4.005074046e-09
3424927725_c4d1fcfac3.jpg,2.561783418e-09
3329777647_5e1fd503ac.jpg,2.354012376e-10
3084380974_268a0f9236.jpg,1.727832624e-09
2358898017_24496b80e8.jpg,-2.106079536e-09
446286714_dcec7f339e.jpg,-2.702400336e-09
342872408_04a2832a1b.jpg,-3.459816718e-09
3613027188_1645ca1976.jpg,-5.412346056e-10
3493255026_5fdaa52cbe.jpg,-9.175990663e-10
3474912569_7165dc1d06.jpg,-2.818032203e-09
3091916691_b1c96669c6.jpg,3.416887408e-09
2998861375_02817e0147.jpg,-5.254723194e-09
1248734482_3038218f3b.jpg,-1.097214792e-08
3514019869_7de4ece2a5.jpg,1.201537862e-09
2324917982_f3db8c11e9.jpg,1.741378487e-10
2198511848_311d8a8c2f.jpg,-4.148820988e-09
3578841731_f775cab089.jpg,-8.180859649e-09
3427402225_234d712eeb.jpg,2.612546635e-09
3134644844_493eec6cdc.jpg,3.8691894e-09
2500567791_101d5ddee3.jpg,-3.394797439e-10
976392326_082dafc3c5.jpg,-5.897790035e-09
3052196390_c59dd24ca8.jpg,3.797227422e-09
3035118753_69287079dc.jpg,-3.123707627e-09
2308256827_3c0a7d514d.jpg,2.188687939e-10
2097398349_ff178b3f1b.jpg,-1.628865981e-09
2933643390_1c6086684b.jpg,-4.902443152e-09
132489044_3be606baf7.jpg,3.012676055e-09
2900274587_f2cbca4c58.jpg,-4.974302421e-09
2288315705_5f4c37d932.jpg,1.993302006e-09
2795352290_9209b214f3.jpg,-7.865487593e-09
1721637099_93e9ec2a2f.jpg,-4.242586111e-09
2744705574_519c171ca0.jpg,8.032743429e-10
3127142756_bf0bfcb571.jpg,6.576742112e-09
125319704_49ead3463c.jpg,3.435235754e-09
3263497678_8bb688ca01.jpg,-2.771478054e-09
244774022_a12c07afdb.jpg,-7.458108603e-10
2102030040_2e8f4738f7.jpg,8.251282905e-09
523692399_d2e261a302.jpg,6.327997057e-09
3348811097_0e09baa26f.jpg,3.830179475e-10
2966552760_e65b22cd26.jpg,-1.473494468e-09
2647062476_5ef31ba867.jpg,-9.138018213e-10
280706862_14c30d734a.jpg,-3.056411903e-09
421153376_d1d325568f.jpg,-1.807915983e-09
3699318394_6193f2c8e0.jpg,2.471297305e-09
664470170_6a1ad20c45.jpg,-9.083610552e-10
2399114095_c3196ff456.jpg,2.845789938e-09
2660480624_45f88b3022.jpg,7.246019018e-09
1460352062_d64fb633e0.jpg,9.33402968e-10
2385146732_d1c67c790e.jpg,1.286066082e-09
3185645793_49de805194.jpg,2.653081512e-09
3384314832_dffc944152.jpg,8.708499937e-10
1449370354_380c4123c9.jpg,-1.584385421e-09
997338199_7343367d7f.jpg,-6.425596099e-09
2670637584_d96efb8afa.jpg,1.372850007e-09
3501936223_6122a13d27.jpg,6.582880496e-09
3072114570_e1c0127529.jpg,-3.289937915e-10
3461106572_920c8c0112.jpg,6.669232106e-09
804087017_330bcc8c56.jpg,1.06492923e-09
2559921948_06af25d566.jpg,1.411866205e-09
2044063458_fcc76a7636.jpg,1.167403418e-10
2901880865_3fd7b66a45.jpg,-6.538180669e-09
890734502_a5ae67beac.jpg,4.549655921e-09
1394396709_65040d97ab.jpg,-1.754707024e-09
3416339125_0860d3d1eb.jpg,3.182546801e-10
3628043835_9d9bd595a7.jpg,-1.967760457e-09
3665169936_01ae94c9fd.jpg,7.638114327e-09
2735558076_0d7bbc18fc.jpg,3.058679905e-09
3634400263_c6fcaa48e1.jpg,1.1333554e-08
3370085095_6abbb67c1d.jpg,-4.455826908e-09
3675825945_96b2916959.jpg,-2.461795065e-09
3563924606_5914392cd8.jpg,-1.13794388e-09
199809190_e3f6bbe2bc.jpg,-7.689936808e-09
2557507575_b247f145bc.jpg,-2.529167364e-09
561940436_64d6fc125d.jpg,1.357738498e-09
1917203130_fcaff8b10e.jpg,-7.075396549e-09
3272847211_9e8a4f8308.jpg,1.494939343e-09
3533451027_b078e4631b.jpg,-2.304440645e-09
700884207_d3ec546494.jpg,6.47567007e-09
470887781_faae5dae83.jpg,-2.509811783e-10
1499581619_a5f65a882c.jpg,-3.820842517e-09
3407584080_c6abf71ae3.jpg,5.120931006e-09
3606909929_90a1a072b7.jpg,2.032417605e-09
3042483842_beb23828b9.jpg,7.063714061e-09
2623247254_3bfc795121.jpg,-4.304339315e-09
3396157719_6807d52a81.jpg,4.866029827e-09
3604384383_db6805d1b9.jpg,-1.422136951e-09
2313230479_13f87c6bf3.jpg,4.51836999e-09
3500115252_9404c066a8.jpg,-1.965205766e-09
961611340_251081fcb8.jpg,-2.217887144e-09
3699522388_2333f01f40.jpg,-1.741319648e-09
392467282_00bb22e201.jpg,2.505247304e-09
3485599424_94de8ede51.jpg,-4.122048773e-09
489372715_ce52da796a.jpg,1.115083812e-09
2673148534_8daf0de833.jpg,-2.704318299e-09
3443030942_f409586258.jpg,-3.965006275e-10
1401961581_76921a75c5.jpg,-2.096495728e-09
1155138244_859fd6e079.jpg,6.106470063e-10
219843860_332e5ca7d4.jpg,-7.077497343e-09
3700322513_50f0d45bfa.jpg,-2.907391771e-09
109823394_83fcb735e1.jpg,-5.641429108e-10
293879742_5fe0ffd894.jpg,-1.617449348e-09
3051754615_3d6494c2ae.jpg,9.284820434e-09
54723805_bcf7af3f16.jpg,1.090155216e-10
3436418401_b00ceb27c0.jpg,7.679628439e-09
3508051251_82422717b3.jpg,2.681221843e-09
534056823_0752303702.jpg,5.157577451e-09
3653484549_f316590b0f.jpg,3.424074463e-09
3597326009_3678a98a43.jpg,3.217189536e-09
491964988_414b556228.jpg,4.487912213e-09
2633082074_32c85f532c.jpg,2.212117779e-09
3721812313_6000566803.jpg,7.828577482e-09
2373234213_4ebe9c4ee5.jpg,-5.163071095e-09
315436114_6d386b8c36.jpg,-2.252837511e-09
241346471_c756a8f139.jpg,-7.377248083e-09
1095476286_87d4f8664e.jpg,-1.9024766e-09
2883324329_24361e2d49.jpg,1.246234268e-09
1235681222_819231767a.jpg,4.596635937e-09
72964268_d532bb8ec7.jpg,1.323537694e-08
262642489_f5c6b9e65b.jpg,2.508896981e-09
3342822192_082f932ef2.jpg,1.304549118e-10
3475092236_cf45d383c7.jpg,-1.024170701e-09
3215896272_e9b4b547a9.jpg,-8.337635243e-09
2142232919_c857a09dd7.jpg,1.295450923e-09
2189181027_a445b13438.jpg,6.06805692e-09
3274879561_74997bbfff.jpg,7.425694446e-09
309430053_cc58bcc36a.jpg,-9.244187488e-09
241345596_91e0e2daf5.jpg,2.020833524e-09
3621623690_0095e330bc.jpg,-4.319969187e-10
3741827382_71e93298d0.jpg,4.564314307e-10
2473737724_355599a263.jpg,-5.494444275e-09
3406116788_c8f62e32d1.jpg,2.335174942e-09
1324816249_86600a6759.jpg,-1.912499426e-09
3468694409_a51571d621.jpg,2.07163755e-09
3030962048_f71948226c.jpg,1.180636673e-08
2467850190_07a74d89b7.jpg,-7.815749569e-09
2319808437_bbbdc317c0.jpg,9.000600409e-10
1295671216_cde1b9c9d1.jpg,5.020624156e-09
237277765_9e6fa5b99a.jpg,2.846299989e-09
181103691_fb2f956abd.jpg,5.762744955e-09
3640348910_fcd627ec66.jpg,-8.108138597e-10
2879241506_b421536330.jpg,3.895452628e-09
2504056718_25ded44ecb.jpg,5.638144627e-09
2618538137_44fffe10c4.jpg,8.297671218e-09
3425071001_e7c9809ef2.jpg,1.560930916e-09
3472540184_b0420b921a.jpg,-7.573037959e-09
1405221276_21634dcd58.jpg,-1.417657715e-09
2587106431_1cc0e719c6.jpg,1.417199644e-09
2762702644_2aa3bf9680.jpg,2.365665419e-10
2808098783_c56b44befa.jpg,-2.179337118e-09
2257099774_37d0d3aa9a.jpg,4.66211785e-09
3141440149_00becbbb93.jpg,-1.512671867e-09
3304484212_b950233c30.jpg,8.834328015e-09
3475581086_a533567561.jpg,6.896555886e-10
979201222_75b6456d34.jpg,-5.673214252e-10
3581538034_783b7d0d09.jpg,-3.204927168e-09
2865564810_5c63328cd4.jpg,-4.726050695e-11
3691622437_f13644273c.jpg,2.177214483e-09
3412249548_00820fc4ca.jpg,-1.146328083e-09
131632409_4de0d4e710.jpg,-6.171222963e-10
3251648670_9339943ba2.jpg,6.39869625e-09
3712923460_1b20ebb131.jpg,-1.206990118e-08
3189521080_133777bce5.jpg,5.025544469e-09
852469220_bc0fee3623.jpg,4.464551447e-10
2115849046_2aa9fa8d13.jpg,-5.689815965e-09
1357724865_4faf4e1418.jpg,-2.342586996e-09
3492383096_5bbc08f0da.jpg,-2.605755227e-09
1808504612_3508f3c9bb.jpg,-3.088846239e-09
3725814794_30db172f67.jpg,1.104515563e-09
3493479159_609ebe1b35.jpg,2.482221193e-09
2362377137_9528692825.jpg,8.749398847e-09
319851847_7212423309.jpg,7.158090836e-10
500446858_125702b296.jpg,-1.142948713e-09
3155501473_510f9c9f6b.jpg,2.385338329e-09
408573233_1fff966798.jpg,-3.227147437e-09
470373679_98dceb19e7.jpg,8.607809149e-10
2867699650_e6ddb540de.jpg,1.97069164e-09
488356951_b3b77ad832.jpg,3.615272702e-10
2944025729_5aecda30ee.jpg,3.268685751e-09
2638981862_6b23833f37.jpg,5.770111347e-09
689359034_4a64c24ca4.jpg,5.569940292e-09
3234115903_f4dfc8fc75.jpg,3.184756848e-09
3332467180_d72f9b067d.jpg,-3.761325801e-09
3365198533_539073002b.jpg,-3.73104718e-09
2419221084_01a14176b4.jpg,3.660353656e-09
1269470943_ba7fc49b4d.jpg,3.828365056e-09
2461990494_c5ece064cc.jpg,4.745736952e-09
1969573381_5ecfae4c80.jpg,6.107684622e-10
2276120079_4f235470bc.jpg,1.830188939e-09
3399616238_77acf4ee12.jpg,1.038427138e-10
781387473_208ba152b3.jpg,-3.888352855e-10
295729735_8360f2e64c.jpg,-4.332225379e-09
1412832223_99e8b4701a.jpg,-4.911953709e-09
673806038_0a3682a83f.jpg,9.974424418e-10
2908466042_bf07cb52c7.jpg,-7.473567343e-10
3726730085_2468ee9220.jpg,-4.07400137e-09
2368266191_87d77750f1.jpg,1.063815768e-09
751074141_feafc7b16c.jpg,8.318519934e-10
3547000169_40191e02ca.jpg,-5.996560661e-09
3516653997_98ec551a67.jpg,4.950204914e-09
3562470436_6e193643ce.jpg,6.093854555e-09
3412450683_7da035f2de.jpg,-3.252639449e-09
1072153132_53d2bb1b60.jpg,-1.387808762e-09
3388330419_85d72f7cda.jpg,-5.490273432e-09
2372763106_ddea79d36e.jpg,-3.090037768e-09
3211437611_bd4af3730b.jpg,7.447859739e-10
897406883_f09f673d94.jpg,9.440728133e-09
482882307_7dcb9eee11.jpg,6.673216574e-09
535123126_c06c1ab9bf.jpg,-6.048567714e-09
3419238351_ac18b440c0.jpg,-3.179882089e-09
3189251454_03b76c2e92.jpg,-3.302054193e-09
2967549094_d32422eb01.jpg,-2.183666561e-09
3123526484_02952e40fc.jpg,-3.225597133e-09
3242354561_54e5a34925.jpg,5.015786257e-09
3555573680_41c1540a86.jpg,1.7033252e-09
3542418447_7c337360d6.jpg,-2.658093293e-09
1432342377_3e41603f26.jpg,-2.816591445e-09
3581451227_618854cea4.jpg,1.795366261e-09
2678612999_893ed671f8.jpg,3.05763601e-09
3614881872_ccf9739b0e.jpg,3.017161375e-09
2474092890_6c0781a8ed.jpg,1.823751273e-09
3143765063_a7761b16d3.jpg,7.025308656e-10
3070011270_390e597783.jpg,-6.717587178e-09
285306009_f6ddabe687.jpg,3.339891966e-09
3671933270_d124e9a1a4.jpg,-4.28637703e-09
267015208_d80b3eb94d.jpg,1.624666863e-09
1597557856_30640e0b43.jpg,-4.87458389e-09
2538423833_d1f492d1fb.jpg,-4.43608811e-09
3534183988_3763593dfb.jpg,2.469968705e-09
3510695264_ef460fa6cc.jpg,4.209263249e-09
3249738122_decde6c117.jpg,-3.775939654e-09
3468275336_61936db92d.jpg,3.798627201e-09
2737233999_34d60dc5c3.jpg,1.981908203e-09
3338474677_7376e426c2.jpg,-3.31732925e-09
3223606402_bb2aa6db95.jpg,4.391456427e-09
2703155733_19ac6f97a8.jpg,-3.167363476e-09
811662356_f9a632b63c.jpg,5.068721444e-09
475778645_65b7343c47.jpg,-6.013767855e-09
244910177_7c4ec3f65b.jpg,1.130797511e-10
2052702658_da1204f6d1.jpg,-3.178454266e-09
524282699_71e678a6bd.jpg,1.6258387e-10
255330891_86d65dfdbf.jpg,2.391358905e-10
1679557684_50a206e4a9.jpg,-7.901064898e-09
3459858555_c3f0087a72.jpg,2.793170356e-09
2891240104_6755281868.jpg,-4.030232794e-09
3385956569_a849218e34.jpg,8.268683919e-09
2190227737_6e0bde2623.jpg,1.072397969e-08
3415589320_71a5bf64cf.jpg,5.389985327e-09
1402843760_d30f1dbf0f.jpg,-1.088195591e-09
795081510_53fd17d101.jpg,3.283278191e-11
1713248099_d860df4e10.jpg,-5.371141711e-09
2905975229_7c37156dbe.jpg,-2.390709838e-09
2757779501_c41c86a595.jpg,-3.842619225e-09
3183875944_b2be694e06.jpg,3.267378559e-09
3516299821_8f0375d221.jpg,6.0983153e-10
3370308329_7f2de5bb58.jpg,2.59049827e-10
2727051596_be65bfb3d3.jpg,1.30919119e-09
3564543247_05cdbc31cf.jpg,-4.196706211e-09
3155451946_c0862c70cb.jpg,1.340668779e-08
688210930_85c5675d5b.jpg,2.769292358e-10
2716251485_d6113f4c8a.jpg,-1.46361728e-10
2282043629_91b7831352.jpg,3.94478238e-10
261737543_b8fdc24671.jpg,-3.925503815e-09
3195969533_98f5de0fab.jpg,-5.24552713e-09
3459156091_c1879ebe28.jpg,7.62667045e-09
2950637275_98f1e30cca.jpg,-9.396712692e-10
1030985833_b0902ea560.jpg,-2.389658948e-09
3072782873_3278f3b3a7.jpg,2.911691199e-09
2564888404_b57f89d3c7.jpg,4.81124062e-09
3625049113_554d82c2a1.jpg,-6.251469405e-09
1541272333_1624b22546.jpg,-4.734268206e-10
3523474077_16e14bc54c.jpg,-8.191523426e-10
1298866571_b4c496b71c.jpg,-4.098256447e-10
1517340899_ee1c74a8f6.jpg,-2.249039454e-09
300577374_bfccb0430b.jpg,-9.917242372e-09
468102269_135938e209.jpg,5.231724711e-09
3608567609_aae96d4a5e.jpg,1.933786868e-09
2980445969_a86f4e6a0e.jpg,-1.422879331e-09
3695517194_2a6b604cb2.jpg,5.050124258e-09
3563059800_c073081ce3.jpg,-2.131387359e-10
387830531_e89c192b92.jpg,-4.614633971e-09
2748435417_ea7bbcc17c.jpg,-4.797895376e-09
2752084369_52e7867da7.jpg,-4.644322808e-09
2868136205_3cf679208d.jpg,5.181114203e-10
3684562647_28dc325522.jpg,-2.655793345e-09
3412036192_d8cd12ed3f.jpg,-6.703148469e-09
1858963639_4588cd4be9.jpg,-1.927890941e-09
454691853_cc1e0fa6a1.jpg,-3.052037093e-09
2914206497_5e36ac6324.jpg,-4.185635673e-09
3225880532_c8d5d1d798.jpg,5.860912667e-09
3696246123_99d4d10140.jpg,-1.246510936e-09
3422219732_3d0be52cc3.jpg,2.582782037e-09
2938072630_d641b63e4d.jpg,-5.584969621e-11
3255737244_1f8948fc07.jpg,2.416315627e-09
597543181_6a85ef4c17.jpg,-3.473377416e-09
3494394662_3edfd4a34c.jpg,1.192902006e-09
3579686259_b1fe6aefc9.jpg,7.803062261e-10
517094985_4b9e926936.jpg,2.102546906e-10
2106772874_381824648b.jpg,-5.692285227e-10
2466093839_33bbc8cbd9.jpg,8.618360199e-10
473220329_819a913bbb.jpg,4.678918267e-09
513116697_ad0f4dc800.jpg,3.275905858e-10
3173976185_8a50123050.jpg,9.115415422e-09
370713359_7560808550.jpg,3.370879234e-09
3597921737_3fd1d0665b.jpg,-1.191920396e-09
3128164023_ebe8da4c32.jpg,-5.253983753e-09
3214573346_d3a57f0328.jpg,-2.258767043e-09
1418503947_953d373632.jpg,3.800576711e-09
3235542079_2fcf4951a1.jpg,6.941599423e-09
2129430111_338a94f8fb.jpg,6.513219854e-09
2181117039_c4eea8036e.jpg,4.109578248e-09
2451988767_244bff98d1.jpg,6.678429504e-09
3163563871_cef3cf33ea.jpg,1.272385676e-09
3143574389_8a4048fbe2.jpg,1.753109273e-09
2896180326_88785fe078.jpg,-7.802077864e-09
1387785218_cee67735f5.jpg,-4.855437152e-09
3596131692_91b8a05606.jpg,2.093391598e-09
2842609837_b3a0b383f7.jpg,-1.988841089e-09
3269661567_faf190885a.jpg,-1.889667032e-09
1075881101_d55c46bece.jpg,-1.410984705e-09
760180310_3c6bd4fd1f.jpg,-1.895979426e-09
3497238310_2abde3965d.jpg,3.100763453e-09
3211556865_d1d9becf69.jpg,-5.112068032e-09
3326249355_e7a7c71f06.jpg,-3.402753997e-09
3433470650_a8b1c27173.jpg,1.118702094e-09
1289142574_2bd6a082dd.jpg,-2.566403786e-10
2309860995_c2e2a0feeb.jpg,-2.504413479e-09
2982928615_06db40f4cd.jpg,3.222215569e-09
2360194369_d2fd03b337.jpg,1.132840825e-09
3678098428_40c1b74cc2.jpg,6.489353016e-10
3076052114_233f42ae5b.jpg,-7.861779491e-09
1288909046_d2b2b62607.jpg,3.041133972e-09
475317104_1cdc1653b4.jpg,-7.511335291e-10
3547313700_39368b9a2f.jpg,5.978082375e-09
3477778668_81ff0a68e0.jpg,-5.412532991e-09
3208571574_6dc1a461c5.jpg,-5.339870777e-09
3487820317_3728e7569e.jpg,-8.417104894e-10
1248953128_24c9f8d924.jpg,8.312288516e-10
3538213870_9856a76b2a.jpg,-6.40961548e-09
457631171_12b1aee828.jpg,4.334853915e-09
2070798293_6b9405e04d.jpg,-9.002290442e-10
3164415865_612f9fd8bc.jpg,5.507592021e-09
2105756457_a100d8434e.jpg,2.048324144e-09
284441196_8ebb216d0d.jpg,7.491762181e-10
3452982513_36f2bc81fa.jpg,9.067431708e-11
2084157130_f288e492e4.jpg,1.806432026e-09
2455286250_fb6a66175a.jpg,5.357996999e-09
2618322793_5fb164d86a.jpg,3.41064905e-09
3439982121_0afc6d5973.jpg,4.633872437e-09
2549452277_873cb80d3e.jpg,2.114131665e-10
2095007523_591f255708.jpg,-6.162576124e-09
2604305843_ebe3e8a328.jpg,-1.036564645e-09
2923497185_c64004ff2d.jpg,-8.261183038e-10
3286017638_c688c83e3d.jpg,-6.925986033e-09
3091594712_2166604334.jpg,2.750234213e-09
2709683703_5385ea9ef4.jpg,-3.136295927e-09
3591170729_406fdb74e5.jpg,-9.632022937e-10
2682194299_92005b26c6.jpg,-5.950380445e-09
2870194345_0bcbac1aa5.jpg,-6.161558205e-10
1472653060_7427d2865a.jpg,2.61179892e-09
3445296377_1e5082b44b.jpg,6.927219907e-10
305749904_54a612fd1a.jpg,3.903276355e-09
248858242_1c33c54ada.jpg,3.312956974e-09
3431194126_ca78f5fde6.jpg,6.497816316e-09
3246991821_750a3097e2.jpg,3.744616491e-09
2313822078_282dc07531.jpg,7.577709638e-09
3464708890_3cab754998.jpg,7.213060913e-10
2963672852_c28043bb2c.jpg,5.934896953e-09
2171576939_d1e72daab2.jpg,-3.810568285e-09
2419591925_1038c6c570.jpg,1.670439302e-09
2924259848_effb4dcb82.jpg,-4.768017929e-09
1141718391_24164bf1b1.jpg,-3.039628998e-09
389643437_9a9830a3ba.jpg,-5.850541078e-09
1075716537_62105738b4.jpg,-7.93270321e-09
509200598_171a1ab6c8.jpg,-1.428777831e-09
380527679_574749123d.jpg,-1.909331446e-09
590445887_4d4fa43923.jpg,2.651483305e-09
3198231851_6b1727482b.jpg,1.777236224e-09
69710411_2cf537f61f.jpg,3.411914447e-09
3540598210_972f0ff573.jpg,-5.1619863e-11
1924234308_c9ddcf206d.jpg,-2.329646238e-09
3096163135_584901a5ae.jpg,-9.019012766e-10
1745110280_0cbff5e273.jpg,4.231752672e-09
370614351_98b8a166b9.jpg,3.541828349e-09
3689727848_b53f931130.jpg,1.740266053e-09
244910130_e1f823a28a.jpg,-1.3671844e-09
3542771548_fcb8fa0cba.jpg,-3.264777861e-09
3211453055_05cbfe37cd.jpg,2.005122926e-09
2428959030_bdffc2812e.jpg,-7.636739931e-09
3540416139_c884f38351.jpg,-4.12979339e-09
1153704539_542f7aa3a5.jpg,1.265055327e-09
3477315700_52a4d740a5.jpg,-3.228286989e-10
3255482333_5bcee79f7e.jpg,-1.170936106e-09
2109370875_05241bdda7.jpg,3.040343923e-09
485921585_1974b1577a.jpg,1.164549589e-09
405961988_fcfe97f31e.jpg,1.169619529e-09
3583903436_028b06c489.jpg,2.435297432e-09
3401437960_7da856e004.jpg,2.079920183e-10
2087640654_1a84577a44.jpg,4.281676471e-10
241347391_4fcd4639f4.jpg,1.816623118e-09
2445283938_ff477c7952.jpg,5.134921579e-09
467858872_f3431df682.jpg,-4.247474539e-09
2716457668_187a6d2b1c.jpg,-5.541224527e-09
2894217628_f1a4153dca.jpg,-6.27838798e-09
3101378069_f8caa14c0a.jpg,-2.885811075e-09
3149804151_1cc8d10783.jpg,-1.179801055e-08
3143978284_ac086be9a3.jpg,6.662132688e-09
2746839158_4195210d27.jpg,-2.740265601e-09
3543600125_223747ef4c.jpg,-4.241064055e-10
3185662156_c877583c53.jpg,3.21316104e-11
3685373706_37f2ced9ff.jpg,1.979072763e-09
1235580648_7eebaed9bc.jpg,-5.928135328e-11
2369452202_8b0e8e25ca.jpg,-1.654295664e-09
3127888173_9a9a8ac3bd.jpg,-7.088747364e-09
3259119085_21613b69df.jpg,5.759068746e-09
97105139_fae46fe8ef.jpg,9.316112288e-09
2282895743_f803f1cf01.jpg,3.079194634e-09
3214151585_f2d0b00b41.jpg,1.985136786e-09
3226796100_08c49cfa5c.jpg,-1.995810358e-09
3199895624_4f01798c6f.jpg,-6.588049816e-10
3498327617_d2e3db3ee3.jpg,-1.067122678e-09
3268443910_b36dbc1e5c.jpg,3.811015289e-09
2402793046_3385554e81.jpg,4.487837469e-09
2435166927_28b8130660.jpg,5.653447316e-09
3363750526_efcedc47a9.jpg,-1.926240574e-10
3439414478_8038ba9409.jpg,-3.190021997e-09
836768303_d748df5546.jpg,2.790291109e-09
3518608016_46453d8b18.jpg,5.288388023e-09
3053785363_50392f2c53.jpg,-1.276308587e-09
1193116658_c0161c35b5.jpg,-3.263635437e-09
412203580_2c7278909c.jpg,1.320912877e-09
506882688_b37d549593.jpg,5.292461229e-09
269630255_c3ec75c792.jpg,-1.582235232e-09
2613209320_edf6a2b7e9.jpg,9.107257581e-09
3351596152_bf283f03d1.jpg,-1.043095213e-09
3515665835_22e6fb1193.jpg,-4.131496068e-09
3631671718_d712821757.jpg,-1.85196979e-09
524360969_472a7152f0.jpg,-1.485641974e-09
2860872588_f2c7b30e1a.jpg,-3.006012463e-09
2930318834_8366811283.jpg,1.861443236e-09
411216802_aead9e67e3.jpg,9.105518976e-10
2389107995_ec756f3514.jpg,-4.953507468e-09
3546027589_253553252a.jpg,3.492722247e-09
2555521861_fc36fd3ab0.jpg,1.138597892e-08
2667783499_3a4f38f636.jpg,-5.238290719e-09
2926786902_815a99a154.jpg,-3.271854946e-09
3258394043_a0b6a94dce.jpg,-1.890810536e-09
408233586_f2c1be3ce1.jpg,4.127465815e-09
1415591512_a84644750c.jpg,8.821233532e-09
837893113_81854e94e3.jpg,-3.566227372e-09
3356901257_83811a19eb.jpg,-2.123698619e-09
2815256108_fc1302117d.jpg,-3.468866658e-09
3526897578_3cf77da99b.jpg,2.058611834e-09
3151492269_28d8edaa68.jpg,-2.300094361e-09
1308617539_54e1a3dfbe.jpg,4.763538096e-09
2089350172_dc2cf9fcf6.jpg,-7.848184486e-10
528500099_7be78a0ca5.jpg,-3.697985966e-10
2219959872_988e6d498e.jpg,-1.126361768e-08
1456393634_74022d9056.jpg,-4.403604484e-09
3336361161_c06cdd160e.jpg,5.553953748e-10
2371749487_d80195a2e7.jpg,-4.561640832e-09
455611732_d65bf3e976.jpg,1.064306055e-09
1975531316_8b00eeaaf7.jpg,-1.431505978e-09
954987350_a0c608b467.jpg,3.111070647e-09
96399948_b86c61bfe6.jpg,9.264445314e-09
3454621502_73af6742fb.jpg,-1.596722947e-09
2601008162_f00eeb5c14.jpg,-1.238943369e-09
3424851862_0f51c42922.jpg,-6.379379209e-09
2729685399_56c0e104b1.jpg,1.43222765e-09
2101808682_0d66ef4a08.jpg,-1.214730983e-09
2863349041_5eba6e3e21.jpg,3.062904692e-09
207584893_63e73c5c28.jpg,8.610175945e-09
2460797929_66446c13db.jpg,-4.544351243e-09
1307635496_94442dc21a.jpg,4.065350778e-09
2521770311_3086ca90de.jpg,-3.007946029e-09
3679502342_7fe6ef8a36.jpg,2.514784346e-09
3349528565_0bc013b70a.jpg,-2.158344285e-09
2682382530_f9f8fd1e89.jpg,1.233106804e-09
362316425_bda238b4de.jpg,-5.777024246e-09
3681414069_71ba164f71.jpg,2.876730327e-09
461505235_590102a5bf.jpg,1.032193175e-09
2195887578_3ba2f29b48.jpg,-8.270613466e-09
3640109324_3ce89e4d1a.jpg,4.057586964e-09
2513260012_03d33305cf.jpg,4.003843195e-09
895502702_5170ada2ee.jpg,-4.763332963e-09
556568556_bc5124dc8e.jpg,3.078928136e-09
2038662925_f4fa8c2534.jpg,1.516764942e-09
1130369873_d80a1aa59c.jpg,1.958298145e-09
2814037463_74de97da86.jpg,-5.616502845e-09
3091177347_58c85c1c3b.jpg,3.647653516e-09
2201192417_d934730fea.jpg,-3.478452364e-09
2394857899_76bfdf720b.jpg,1.197859603e-09
3158327361_6f1a518228.jpg,-4.280864381e-09
3420323191_d66e003264.jpg,-3.087332061e-09
3569329986_1f468729b2.jpg,8.007247599e-09
487487795_54705c406e.jpg,-1.048401762e-08
241347664_4a3e7e5be7.jpg,2.359049087e-11
307994435_592f933a6d.jpg,-3.628659729e-09
3504479370_ff2d89a043.jpg,-5.817530991e-09
2774581025_81a3074e2e.jpg,5.206748451e-10
2381583688_a6dd0a7279.jpg,1.138155732e-08
2560388887_55abc9083d.jpg,-5.855599589e-09
263233914_d25004e4cd.jpg,-3.122571211e-09
3236447445_eecafdf4f0.jpg,-2.480124195e-10
2252635585_b48b3485b0.jpg,-1.158755256e-09
2618866067_07cbc83dc5.jpg,6.634803646e-09
3126225245_96cd2c053f.jpg,-2.64693283e-09
326334188_8850b7bfd4.jpg,4.242746779e-09
3284887033_e2e48f1863.jpg,-4.603374847e-10
2491343114_a3e35a2a3a.jpg,3.639708865e-09
2467803152_70eeca1334.jpg,5.537301289e-10
3228069008_edb2961fc4.jpg,1.944523684e-09
2192026581_b782d1355a.jpg,-1.647036159e-09
3726019124_f302b3d48a.jpg,-4.503776049e-09
2588927489_f4da2f11ec.jpg,-8.961982101e-10
3637013_c675de7705.jpg,2.939844028e-10
3523920786_0eb63993fd.jpg,3.968087506e-09
1337792872_d01a390b33.jpg,-1.495315719e-09
2766630484_ce73f47031.jpg,1.511460849e-09
2396669903_5217a83641.jpg,4.895223086e-09
2183967273_d182e18cf6.jpg,1.079058272e-09
3706356018_28f62290e8.jpg,-3.15691123e-09
3265964840_5374ed9c53.jpg,5.951719991e-09
1355703632_5683a4b6fb.jpg,8.846464649e-10
3530502404_f8c3a3f61c.jpg,2.900493917e-09
3248408149_41a8dd90d3.jpg,4.549360361e-09
2473293833_78820d2eaa.jpg,-3.621635081e-09
2480664591_e6d22ed61c.jpg,-3.960387252e-09
3585598356_8ce815bbb9.jpg,1.522672642e-09
2844641033_dab3715a99.jpg,1.657257618e-09
1785138090_76a56aaabc.jpg,-7.983434529e-10
3231237864_8cb1c6d863.jpg,3.84914691e-09
3639363462_bcdb21de29.jpg,2.163888936e-10
1019604187_d087bf9a5f.jpg,6.638763075e-09
1515025681_999199cb79.jpg,-1.699955894e-09
2594902417_f65d8866a8.jpg,-4.779084878e-09
2866820467_ae699235a7.jpg,-6.305736465e-09
3219122000_bd6b4ae5ff.jpg,-6.348211065e-09
3677927146_1696f0b075.jpg,-1.778748018e-10
3033257301_e2c8a39b04.jpg,-1.393197537e-09
511844627_0ec78e01e9.jpg,-4.255349239e-09
3300679815_2c6c2301cb.jpg,-5.999075061e-09
356143774_ef3e93eede.jpg,4.415184331e-09
2328616978_fb21be2b87.jpg,-3.795604372e-09
2088460083_42ee8a595a.jpg,-5.155883823e-09
514073775_56796be990.jpg,-4.536671687e-10
1143373711_2e90b7b799.jpg,7.398716854e-10
1056249424_ef2a2e041c.jpg,-8.180729371e-09
1417031097_ab656bc4bd.jpg,8.016515467e-09
1356796100_b265479721.jpg,2.620335588e-09
286660725_ffdbdf3481.jpg,1.920951494e-09
539667015_fd0a3bea07.jpg,-4.738591768e-10
3330680118_4e541889c1.jpg,-2.116266205e-09
2677614492_792023b928.jpg,3.340404653e-09
557101732_32bbc47c12.jpg,2.75471395e-09
464251704_b0f0c4c87a.jpg,3.065048348e-09
2586028627_ddd054d8cc.jpg,9.133966559e-09
1244306891_8e78ae1620.jpg,-3.299850901e-09
1821238649_2fda79d6d7.jpg,1.440543e-09
3505657604_8899161734.jpg,4.373074067e-09
3105691757_817083b0a6.jpg,1.278954351e-08
2562377955_8d670ccec6.jpg,-3.658755386e-09
1355450069_c0675b0706.jpg,-6.251972248e-09
3452341579_0147d2199b.jpg,-6.18857693e-09
3339586622_a7676b30e1.jpg,5.327635573e-09
2192802444_b14bb87b95.jpg,8.965561626e-10
2631300484_be8621d17b.jpg,2.656424679e-09
533483374_86c5d4c13e.jpg,-2.154522777e-09
210686241_b8e069fff3.jpg,3.443459351e-09
2890075175_4bd32b201a.jpg,3.033757825e-09
3182996527_70d9c323d5.jpg,3.321936404e-09
1313961775_824b87d155.jpg,1.499822413e-09
1417941060_2a0f7908bc.jpg,-1.227089877e-09
3173461705_b5cdeef1eb.jpg,-1.146047732e-09
3339140382_2e49bc324a.jpg,-2.906710998e-09
3050606344_af711c726c.jpg,2.496216405e-09
103195344_5d2dc613a3.jpg,8.080564501e-10
3172369593_eb4d787ffb.jpg,-8.88660758e-09
2930616480_7fd45ca79b.jpg,-2.715580251e-09
3482879314_d3387e95b1.jpg,2.738429422e-09
566446626_9793890f95.jpg,6.134589738e-09
3417662443_2eaea88977.jpg,4.920215429e-09
174466741_329a52b2fe.jpg,-2.679769058e-09
2319175397_3e586cfaf8.jpg,5.034538136e-10
3564436847_57825db87d.jpg,-1.53897539e-09
3494105596_f05cb0d56f.jpg,-3.060445754e-09
2283966256_70317e1759.jpg,2.601613642e-09
429270993_294ba8e64c.jpg,-4.865981641e-09
540721368_12ac732c6c.jpg,-3.640352396e-09
312427606_defa0dfaa8.jpg,-5.129769448e-09
3404906655_bc51c69c1e.jpg,-3.984873445e-09
3217187564_0ffd89dec1.jpg,1.777125561e-09
3383388869_a14552e551.jpg,-7.527029695e-09
523991446_65dbc5a4a5.jpg,-7.278589752e-09
2801146217_03a0b59ccb.jpg,1.009641359e-09
839295615_bb9baf2f95.jpg,1.424488533e-09
2436081047_bca044c1d3.jpg,-8.146453887e-09
472396131_6e97068d93.jpg,-1.187927088e-11
3648160673_0c783236a6.jpg,-1.23076446e-09
407569668_19b3f8eaf6.jpg,9.89130156e-10
3607405494_0df89110a6.jpg,-8.397358606e-09
3666169738_a8c74cf745.jpg,-5.650137623e-09
3551447084_becc6a4666.jpg,6.949300756e-10
2182488373_df73c7cc09.jpg,3.784072543e-09
2003663004_5b70920a98.jpg,-7.867668062e-10
1797507760_384744fb34.jpg,1.264430897e-10
3372214646_cc2ceb182f.jpg,-3.528595617e-09
468930779_8008d90e10.jpg,-4.614409009e-09
3016178284_ec50a09e8c.jpg,1.647939856e-09
3077781040_bc27778609.jpg,1.598264042e-09
3306951622_93b82cac21.jpg,4.655540467e-09
1282392036_5a0328eb86.jpg,-6.519568201e-09
3459570613_3932816d3f.jpg,-2.293068693e-09
2414397449_2ac3b78e0d.jpg,3.897244521e-09
3536561454_e75993d903.jpg,3.802499198e-09
2191453879_11dfe2ba3a.jpg,6.464340077e-09
2274602044_b3d55df235.jpg,-9.485439573e-09
2272426567_9e9fb79db0.jpg,2.588767317e-10
3312096605_f458757418.jpg,-3.901337826e-10
3225998968_ef786d86e0.jpg,2.41320639e-09
2746072388_b127f8259b.jpg,-1.405159294e-09
3722507770_0d6cb7420e.jpg,-2.253811478e-09
518144037_9a1754b2a6.jpg,-9.604038909e-09
1056359656_662cee0814.jpg,-2.255242969e-10
3177298173_78cea31d64.jpg,-6.597720387e-09
3654869593_c8599a8e20.jpg,-3.182176228e-09
772403830_08b72c7da9.jpg,-1.343300034e-09
450596617_ed37ec0fe4.jpg,9.349853738e-09
1425485485_d7c97a5470.jpg,5.480975232e-10
3088922727_4bdf2ccc94.jpg,2.152485895e-09
3558683579_8fb36b55a6.jpg,5.878207782e-09
3273091032_98f724b36b.jpg,-1.30290802e-09
1860543210_47e94cf652.jpg,-1.256941196e-09
3334953664_a669038795.jpg,-9.480573389e-10
2869765795_21a398cb24.jpg,2.390281467e-09
3351370405_e417e38f52.jpg,9.984139549e-09
566794440_f9ec673a2f.jpg,1.014584377e-09
3392293702_ccb0599857.jpg,5.256400892e-10
3567061016_62768dcce1.jpg,-2.676041091e-10
3015898903_70bebb8903.jpg,4.782812632e-09
1469000260_5d473c8283.jpg,-1.707297602e-09
2517082705_93bc9f73ec.jpg,-1.024371712e-08
3349194268_0ee555c9a2.jpg,8.366784641e-10
435739506_2daf7f4887.jpg,-2.300358164e-09
319869052_08b000e4af.jpg,-4.584214402e-09
3208074567_ac44aeb3f3.jpg,-3.415072736e-09
2404488732_ca1bbdacc2.jpg,-2.462103519e-09
486917990_72bd4069af.jpg,-1.733318107e-09
3009644534_992e9ea2a7.jpg,2.226725126e-09
310728631_155c3bbeea.jpg,-1.056599739e-09
2665461736_595c87f0a3.jpg,-7.676776434e-09
288177922_b889f2e1fe.jpg,-1.699941274e-09
2854959952_3991a385ab.jpg,4.760552604e-09
1837976956_3c45d0f9b8.jpg,1.817282944e-09
385835044_4aa11f6990.jpg,3.600912356e-09
3264650118_be7df266e7.jpg,4.549480013e-09
3649224118_abe73c672c.jpg,2.744657312e-09
2602083686_e8a1af69cf.jpg,1.543188153e-09
374176648_ba4b88c221.jpg,5.392433174e-09
428796930_476a3d6395.jpg,-8.303452557e-10
2088910854_c6f8d4f5f9.jpg,7.941591981e-09
459284240_5a4167bf92.jpg,3.395961151e-09
3394586927_eae7732b64.jpg,-1.713830132e-09
2502835694_4fe121bbea.jpg,-8.57850897e-10
2842032768_9d9ce04385.jpg,-3.538282531e-09
2312747482_20a81b2230.jpg,8.070508222e-10
3330333217_1a69497a74.jpg,3.989397983e-10
2064792226_97e41d8167.jpg,3.297736827e-10
3614595423_f9e0ab4fb0.jpg,-3.398932364e-09
2540750172_070250ece5.jpg,-8.716625403e-09
2251747182_6b67a3ab8b.jpg,-2.2173526e-10
3631136463_53ff624b82.jpg,-2.237549769e-09
2497608431_8dfefc7a1a.jpg,-2.479186783e-09
1164131282_b30926f332.jpg,-4.623327897e-09
2089442007_6fc798548c.jpg,-1.817306644e-09
2045023435_181854c013.jpg,-4.860514767e-09
451081733_40218cec31.jpg,-6.888954423e-11
3701226275_952547ba0f.jpg,-5.254574961e-09
3613242966_a1c63a0174.jpg,4.427286278e-09
437054333_5c2761b8cd.jpg,-7.283059038e-09
2198484810_50a893824a.jpg,7.855152607e-10
166507476_9be5b9852a.jpg,-6.106282166e-09
3585495069_33cba06d0a.jpg,4.113096169e-09
33108590_d685bfe51c.jpg,-1.615403391e-09
3066491113_86569e15be.jpg,1.113705729e-09
3091912922_0d6ebc8f6a.jpg,1.933095366e-09
2860667542_95abec3380.jpg,-1.950970838e-09
1363843090_9425d93064.jpg,5.263976308e-09
2690538407_7ca157be85.jpg,1.658727169e-08
3420469425_2980b4cd30.jpg,4.073523819e-09
2666205903_8d287669e1.jpg,2.421522614e-09
1280147517_98767ca3b3.jpg,2.365675694e-10
55473406_1d2271c1f2.jpg,-3.42426486e-09
1797554350_20998753c0.jpg,-4.693576728e-09
3569667295_6e51db08ef.jpg,-2.681947028e-09
3457572788_e1fe4f6480.jpg,-2.721593134e-09
3409947123_a8d07edecf.jpg,-2.73391607e-09
181157221_e12410ef0b.jpg,-1.068108445e-09
3737539561_d1dc161040.jpg,1.69826709e-09
2114355355_9d7e2d8178.jpg,-6.326337433e-09
536721406_884ab8fece.jpg,-3.542352743e-09
1809758121_96026913bb.jpg,3.202120311e-10
2473689180_e9d8fd656a.jpg,-1.252029689e-09
2655183854_5852790214.jpg,-5.267260677e-10
3624676866_8f6d0efcc9.jpg,2.375966854e-10
3551003620_0b02d76f65.jpg,-4.699614621e-09
3451523035_b61d79f6a8.jpg,2.616679838e-09
3072611047_109bf8b7c3.jpg,1.891923685e-09
3049649128_d83d847168.jpg,2.527456622e-09
3155987659_b9ea318dd3.jpg,1.588138233e-09
506343925_b30a235de6.jpg,-9.509380826e-10
512031915_0dd03dcdf9.jpg,1.026491314e-09
2686432878_0697dbc048.jpg,-1.841875248e-09
1680126311_b92a2e8e72.jpg,7.375444215e-10
2543247940_083f1b7969.jpg,5.471268205e-10
2696394827_7342ced36f.jpg,-9.324112319e-09
2899374885_f3b2b1a290.jpg,-7.487772838e-09
2611651553_61f859837e.jpg,-6.305188051e-09
3103264875_2a8d534abc.jpg,-2.807724539e-09
2255338013_566127590b.jpg,-2.635873409e-09
2036407732_d5a0389bba.jpg,1.795376134e-09
1285067106_2adc307240.jpg,-2.114662503e-09
2687328779_b4356dab16.jpg,1.539971071e-09
3309082580_7228067ee0.jpg,-7.232678473e-09
2189995738_352607a63b.jpg,-3.877399623e-09
2857372127_d86639002c.jpg,1.405091683e-09
397451339_76a84bd310.jpg,3.516747767e-09
185057637_e8ada37343.jpg,-4.24745438e-10
3619381206_5bc8b406f9.jpg,6.092055405e-09
2738077433_10e6264b6f.jpg,2.472957155e-09
583087629_a09334e1fb.jpg,1.830547063e-09
2596100297_372bd0f739.jpg,-4.807886135e-10
2212472643_80238475b5.jpg,-1.802144368e-09
3304556387_203b9d4db0.jpg,-2.30894464e-09
3189964753_a95536ced9.jpg,1.924110773e-09
2301379282_5fbcf230d1.jpg,-2.953304437e-09
434938585_fbf913dfb4.jpg,1.761867473e-09
1801063894_60bce29e19.jpg,2.222921313e-09
2471447879_6554cefb16.jpg,-3.970950116e-09
2853811730_fbb8ab0878.jpg,5.859707125e-10
504385521_6e668691a3.jpg,8.242624834e-09
3221128704_d1205db79b.jpg,6.241683347e-09
2149982207_5345633bbf.jpg,-2.125260727e-09
241346794_4319f8af67.jpg,-1.929014333e-09
109823397_e35154645f.jpg,-2.275436901e-09
3042380610_c5ea61eef8.jpg,1.816315003e-09
252802010_3d47bee500.jpg,-8.237617766e-09
1569687608_0e3b3ad044.jpg,-1.568782906e-10
562928217_21f967a807.jpg,-2.189666442e-09
3441531010_8eebbb507e.jpg,-1.157830804e-10
3707283973_5cdaa39340.jpg,-3.203695434e-09
2298283771_fb21a4217e.jpg,5.778356808e-09
3099694681_19a72c8bdc.jpg,-5.017749841e-09
19212715_20476497a3.jpg,-6.56617941e-11
3699763582_f28c5130dd.jpg,-1.422269859e-09
745563422_f4fa7d9157.jpg,1.705465107e-10
1550772959_9ca9fa625f.jpg,4.543380899e-09
990890291_afc72be141.jpg,1.639528331e-09
2481490320_7978c76271.jpg,9.905240623e-09
432167214_c17fcc1a2d.jpg,7.727140867e-10
835415474_7b7f2a9768.jpg,7.261994524e-09
2203449950_e51d0f9065.jpg,2.718146111e-09
2273871383_1ddb3562ea.jpg,1.572053095e-09
3091580843_178042c50b.jpg,1.412494138e-09
3676788491_01e9bc5f15.jpg,-9.719325807e-09
1003163366_44323f5815.jpg,-9.710140935e-10
3196995975_3e38eabf01.jpg,1.009968389e-08
2663794355_e726ec7e05.jpg,8.793928157e-09
1056338697_4f7d7ce270.jpg,1.481232621e-09
2726301121_95a2fbd22b.jpg,5.500133204e-09
497122685_a51b29dc46.jpg,-6.635573228e-09
1819261140_6c022f4b1d.jpg,6.087339308e-09
3638318149_b60450bfbe.jpg,-1.103931231e-08
3222041930_f642f49d28.jpg,-4.4592765e-09
2832076014_ff08c92037.jpg,-8.46762992e-09
2663248626_f000f2661d.jpg,1.543862392e-09
365759754_6cf7068c9a.jpg,-3.696001144e-10
3048821353_83d4c0cbb9.jpg,-4.427872484e-09
1346529555_e916816cfe.jpg,-9.280850508e-10
109260218_fca831f933.jpg,-4.647970334e-10
3644941648_012ec87848.jpg,1.020671547e-10
1095580424_76f0aa8a3e.jpg,4.779470253e-09
3486340101_ff01d8f3f9.jpg,-1.806393067e-09
2561849813_ff9caa52ac.jpg,2.806787933e-09
3281078518_630a7a7f4f.jpg,-2.646592177e-10
1007129816_e794419615.jpg,8.279579403e-10
3293596075_973b0bfd08.jpg,3.212979587e-10
3256275785_9c3af57576.jpg,-1.231027289e-09
2269795781_46a296aa21.jpg,-2.933813519e-09
3043908909_bb54d2c08e.jpg,-5.594157971e-09
3290465391_258429e2f9.jpg,-2.655187659e-09
2247138288_7355861203.jpg,-9.911473633e-10
3364861247_d590fa170d.jpg,-2.959193919e-09
2427558437_3e839056d7.jpg,3.35333882e-10
2712352554_1cafd32812.jpg,-1.053404533e-09
367964525_b1528ac6e4.jpg,2.367448934e-09
3415646718_f9f4e23a66.jpg,-4.479780382e-10
1067675215_7336a694d6.jpg,4.988984972e-10
3271252073_0a1b9525fc.jpg,6.812051945e-10
3708177171_529bb4ff1d.jpg,2.458207564e-09
404216567_75b50b5a36.jpg,-1.646478362e-10
3286620180_4b00e93e8e.jpg,5.830560611e-09
3726170067_094cc1b7e5.jpg,-1.746858542e-09
2915538325_59e11276dd.jpg,7.986268725e-10
2766325714_189bbff388.jpg,-3.841517494e-09
401079494_562454c4d6.jpg,3.257620831e-09
733964952_69f011a6c4.jpg,-1.377176593e-10
3269087421_1d489abeae.jpg,4.643251651e-09
799199774_142b1c3bb2.jpg,4.313944582e-09
2573141440_28a762d537.jpg,5.578684218e-09
3150380412_7021e5444a.jpg,3.472342631e-09
2902269566_419d9f1d8e.jpg,-4.787583474e-09
2281768510_9cc5728c55.jpg,2.036350079e-09
114949897_490ca7eaec.jpg,7.916496115e-09
3085667767_66041b202e.jpg,-6.072533779e-09
2635483351_bc1a8273aa.jpg,6.808509652e-09
503090187_8758ab5680.jpg,-2.896255785e-09
3520079657_b828d96d50.jpg,-2.944109346e-09
3005126574_49c28ffbee.jpg,5.044402349e-09
2151056407_c9c09b0a02.jpg,-1.471105321e-09
3222250187_ef610f267e.jpg,2.257406287e-09
318070878_92ead85868.jpg,3.181774259e-10
3658733605_fbcf570843.jpg,2.013363941e-09
2854234756_8c0e472f51.jpg,3.578238842e-09
282960970_574aa1ba49.jpg,9.739206853e-09
2209888959_d636b1be0b.jpg,-3.234844559e-09
2570365455_41cc9a7d2b.jpg,-7.720219683e-09
2607383384_d9ce9de793.jpg,-3.835117277e-09
253762507_9c3356c2f6.jpg,-3.874110865e-09
3354330935_de75be9d2f.jpg,5.965794251e-09
3027009366_c8362521e8.jpg,-4.445949417e-09
2804851816_9aae9071ca.jpg,-1.671640913e-09
358607894_5abb1250d3.jpg,5.034506108e-09
294709836_87126898fb.jpg,-2.710844985e-09
3504275465_604ce2ef34.jpg,-2.692285787e-09
3084018061_df66d98325.jpg,2.302562157e-09
3119887391_212f379797.jpg,1.781169449e-09
2238019823_79318d1f11.jpg,3.529027266e-09
3365602213_dd3287a633.jpg,4.564514646e-09
3675685612_3987d91d92.jpg,2.979070275e-09
408627152_1feaa4b94e.jpg,-1.554294716e-09
752052256_243d111bf0.jpg,-8.547032141e-11
241346215_037e18403a.jpg,1.549010077e-09
3708748633_e7e3cf4e84.jpg,2.926018163e-09
2836808985_b26e4ca09e.jpg,-7.201395689e-09
1445754124_647168f211.jpg,-3.645590762e-09
2328104318_5a43ca170c.jpg,4.773794718e-09
3301438465_10121a2412.jpg,2.891381561e-09
3021780428_497542a072.jpg,6.250938992e-09
241347271_a39a5a0070.jpg,5.73615061e-09
489551372_b19a6ad0ed.jpg,-6.485652197e-10
2768662025_44001fe5d1.jpg,3.111929605e-09
2845845721_d0bc113ff7.jpg,4.461959535e-09
2086534745_1e4ab80078.jpg,1.611587006e-09
3335370208_460fc19bfa.jpg,8.874365216e-10
2290330500_e7bdaa58e1.jpg,-2.036273438e-09
512045825_1be2083922.jpg,6.105037626e-09
509241560_00e5b20562.jpg,2.543048081e-09
3476237185_9389c536a3.jpg,4.178817404e-09
2694890967_7c7a89de16.jpg,-2.278113601e-09
576093768_e78f91c176.jpg,6.469311972e-09
1528205014_1323aa9dfd.jpg,3.514360474e-09
3424605029_53078d3505.jpg,-3.739894576e-09
3025549604_38b86198f5.jpg,1.207660088e-09
271770120_880e8d8e52.jpg,-2.303848571e-09
2810412010_f8b3bc1207.jpg,8.006299122e-09
527946505_a51ade1578.jpg,-4.033566597e-09
537479916_c033897fac.jpg,4.228826391e-09
2903617548_d3e38d7f88.jpg,-4.055462966e-09
145721496_687af9bb18.jpg,7.106928224e-09
3627076769_3b71e73018.jpg,6.417501832e-09
3367758711_a8c09607ac.jpg,2.411592916e-09
2380765956_6313d8cae3.jpg,-3.261001166e-08
3258391809_38fc6211f7.jpg,-5.878576244e-09
3529314899_b4e533bb76.jpg,1.544554859e-09
2844018783_524b08e5aa.jpg,-8.492962234e-09
2496236371_61dec88113.jpg,-1.274627707e-10
3078844565_16e9cdcea2.jpg,2.837325221e-10
2466495935_623b144183.jpg,4.779390804e-09
2944193661_7b255af9cc.jpg,2.1011055e-09
2114126343_a0f74ff63b.jpg,-1.792542478e-09
3461677493_5bfb73038e.jpg,-2.444814756e-09
2792195540_af5fb95caa.jpg,-5.611386616e-09
1124448967_2221af8dc5.jpg,3.039027105e-09
3328535573_33c3cd5b59.jpg,8.337677844e-10
3203908917_53e53c03d1.jpg,1.511738847e-09
1527513023_3d8152b379.jpg,-2.875430855e-09
3353278454_2f3a4d0bbc.jpg,-3.932182633e-09
369244499_752f0c1018.jpg,-5.384099658e-09
2795287622_da187a3e86.jpg,1.387824047e-09
881725588_efabbcd96a.jpg,-1.208641518e-09
3631344685_ed0f3e091b.jpg,6.667995515e-09
3490044563_8eb551ef59.jpg,1.254905476e-09
2619267133_53a5904ef4.jpg,1.680760164e-10
616045808_0286d0574b.jpg,3.932472175e-09
2833560457_24aedf3bef.jpg,6.745075097e-09
522652105_a89f1cf260.jpg,-2.615482275e-11
766061382_6c7ff514c4.jpg,6.059872851e-09
2364394224_c17b09e035.jpg,-7.937021228e-10
2681215810_00b0642f7b.jpg,4.073569104e-09
1526325728_74eb4153d8.jpg,-3.254835115e-09
2871962580_b85ce502ba.jpg,-4.933009015e-09
1224851143_33bcdd299c.jpg,-1.090274547e-09
3520199925_ca18d0f41e.jpg,-6.36405749e-09
2350400382_ced2b6c91e.jpg,7.443866366e-10
2826030193_4278ccb833.jpg,1.412753228e-09
2752043092_f48ebfeaa2.jpg,-7.047857456e-11
3305767464_d64a336f60.jpg,-9.959203522e-09
3159424456_f316bdc1d5.jpg,-8.147345792e-09
3186412658_2ab2ebd397.jpg,2.86761424e-11
2662537919_18a29fca8a.jpg,-7.066347272e-09
2832978253_8fcc72da3b.jpg,2.884807857e-09
186346360_541047336f.jpg,-3.72744985e-10
2789937754_5d1fa62e95.jpg,1.431569562e-09
3150742439_b8a352e1e0.jpg,5.793639395e-09
1160034462_16b38174fe.jpg,-3.621984492e-10
2986620935_e97763983d.jpg,3.594585768e-09
3527682660_c5e9fa644a.jpg,5.003119301e-09
2751567262_e089b33ed9.jpg,-1.797940085e-10
2169067981_cc19268f23.jpg,-5.903406703e-09
488196964_49159f11fd.jpg,1.178593045e-09
288880576_818b6ecfef.jpg,5.828557709e-09
2667549961_57e5e2c0a5.jpg,-1.903667301e-10
3540515072_8c951b738b.jpg,-3.354671397e-09
496555371_3e1ee0d97d.jpg,5.163481574e-09
3484820303_7be0e914b4.jpg,1.394459908e-09
2490768374_45d94fc658.jpg,3.186031703e-09
2579460386_94c489028d.jpg,3.268941278e-10
2927878881_90b42fc444.jpg,-1.469962935e-09
1252396628_eb81d3905b.jpg,1.702726886e-09
2298097636_c5de0079de.jpg,-1.835328309e-09
3596428453_8cfdec4869.jpg,6.752921328e-09
3423802527_94bd2b23b0.jpg,-8.965343254e-09
368393384_86defdcde8.jpg,7.250972411e-09
2471974379_a4a4d2b389.jpg,3.652071442e-10
2704379125_9c35650d16.jpg,1.575587658e-09
1859941832_7faf6e5fa9.jpg,8.026080045e-09
415118186_64defc96f3.jpg,4.67700612e-09
3442844140_15aa45e9b8.jpg,2.701469379e-09
1119463452_69d4eecd08.jpg,-1.646128718e-09
343218198_1ca90e0734.jpg,5.837560887e-09
3218481970_1fa627b3da.jpg,-6.045982816e-10
3321956909_7b5ddf500f.jpg,-8.206035922e-09
2390369143_6523253a73.jpg,-6.659226525e-09
2272823323_3b7291cd47.jpg,-4.621089622e-09
649596742_5ba84ce946.jpg,3.201808732e-09
3697378565_7060d9281a.jpg,8.495975454e-10
3019667009_20db160195.jpg,5.338478985e-09
268654674_d29e00b3d0.jpg,-4.525448749e-09
2251992614_0c601fae2c.jpg,5.013967056e-09
262963190_a78b799e89.jpg,1.91528297e-09
3627216820_4952bacbcb.jpg,-1.680813998e-10
872622575_ba1d3632cc.jpg,-4.655342201e-10
2322327298_7948338390.jpg,2.084470647e-09
2039457436_fc30f5e1ce.jpg,-5.402755404e-10
2987328689_96a2d814f1.jpg,3.301098421e-09
2194495372_bdac7d9e71.jpg,3.29310545e-09
375392855_54d46ed5c8.jpg,-1.257581971e-10
2766291711_4e13a2b594.jpg,1.067138429e-08
2746910139_77ba5be2c5.jpg,9.409119119e-10
3349307529_c1a516b9dc.jpg,-2.130120881e-09
3282434895_1c1efc1475.jpg,4.852285104e-10
307327914_f98f576adb.jpg,3.543687355e-11
1947351225_288d788983.jpg,4.774684605e-09
2481598514_05a65d1f72.jpg,-2.468918066e-10
1271960365_e54033f883.jpg,-2.097260216e-09
2245916742_73af13c733.jpg,-3.305963195e-09
3357937209_cf4a9512ac.jpg,-3.348687013e-09
3474176841_cde2bee67c.jpg,-3.034797152e-09
3381584882_341ee3092f.jpg,4.209103242e-09
2460477085_088e25f857.jpg,-1.109168493e-09
1141739219_2c47195e4c.jpg,1.646140959e-09
3145967019_1a83ebf712.jpg,1.138628048e-09
3577235421_69e4efb8d1.jpg,-6.713767032e-09
1414820925_3504c394e1.jpg,3.93074579e-09
3500505549_d848209837.jpg,-1.132975299e-09
2635164923_2a774f7854.jpg,1.478939727e-09
2432061076_0955d52854.jpg,-3.517794825e-09
2384353160_f395e9a54b.jpg,-2.416341668e-09
3613030730_0b28b079ba.jpg,6.125667354e-09
3196100539_102fe877b3.jpg,1.396384062e-09
2825540754_5e0c13e6b8.jpg,-6.602122543e-10
3407317539_68765a3375.jpg,2.994062652e-09
1402859872_0fc8cf8108.jpg,-5.166483464e-09
2452334314_a7c443a787.jpg,-2.705417769e-09
1515883224_14e36a53c7.jpg,-2.979358552e-09
256283122_a4ef4a17cb.jpg,5.684683526e-09
2784408839_53a25a21eb.jpg,-1.82544571e-09
1427391496_ea512cbe7f.jpg,1.257484325e-09
3025513877_1a6160070d.jpg,4.485926281e-09
3282897060_8c584e2ce8.jpg,-4.671840356e-09
2272750492_91e8f67328.jpg,4.636807975e-09
3415311628_c220a65762.jpg,-1.66254198e-09
272156850_c4445a53f4.jpg,-1.56902931e-09
2451285022_59255e7fd9.jpg,8.078440212e-10
3075068274_2a28a5263b.jpg,-1.903678383e-09
2307451605_22e9c06530.jpg,-8.036259184e-10
2281075738_230892b241.jpg,-1.253094596e-08
3231575742_31732664cf.jpg,7.011471646e-09
2376694294_9a4ecc3b90.jpg,-1.553082929e-09
441817653_fbdf83060b.jpg,-4.959163738e-09
3421789737_f625dd17ed.jpg,1.06659054e-09
2086513494_dbbcb583e7.jpg,2.249873117e-09
3544573946_e03aebbfde.jpg,1.989251512e-09
1425069590_570cc7c2d8.jpg,1.076331967e-09
259314892_a42b8af664.jpg,9.488742411e-09
2518853257_02f30e282e.jpg,-2.522050737e-09
260828892_7925d27865.jpg,-4.748798653e-09
3551170666_01df31412d.jpg,-1.188372261e-09
260850192_fd03ea26f1.jpg,-2.330714751e-09
3550459890_161f436c8d.jpg,-1.315721628e-09
3347701468_bb0001b035.jpg,1.003704285e-08
2993167197_e5d0a73530.jpg,4.184444209e-09
2544426580_317b1f1f73.jpg,-1.514018164e-09
3183195653_11b66acb34.jpg,-1.102410235e-08
3018847610_0bf4d7e43d.jpg,-2.787790171e-09
2755314937_1e974bf2b5.jpg,-1.187720579e-09
512163695_51a108761d.jpg,-3.497643814e-11
2951092164_4940b9a517.jpg,-4.28845353e-09
3569755200_cef7ee2233.jpg,-1.11972073e-09
1448511770_1a4a9c453b.jpg,1.153620283e-09
505929313_7668f021ab.jpg,4.762464412e-09
3170551725_1276644eab.jpg,-2.193983559e-09
2650485780_29d89268d7.jpg,-8.608221229e-10
1130017585_1a219257ac.jpg,-5.95601624e-09
249394748_2e4acfbbb5.jpg,-2.29413628e-09
2728813605_cfc943e1ab.jpg,2.413312253e-09
724702877_f2a938766b.jpg,4.335667976e-09
3323528927_7b21081271.jpg,9.206391477e-10
3099965396_2a0018cb9e.jpg,-1.596365798e-09
3660361818_e05367693f.jpg,4.618333589e-09
3339105374_cc41e0b7d7.jpg,3.940071315e-09
3595643050_d312e4b652.jpg,8.077139473e-09
3583516290_1c87a13770.jpg,1.876893037e-09
1294578091_2ad02fea91.jpg,3.868716171e-09
3523950181_414978964e.jpg,9.299947195e-10
2934628301_41ea2e6cf9.jpg,-1.214678164e-09
2525716531_e6dedee421.jpg,-3.425057142e-09
94232465_a135df2711.jpg,1.029295009e-09
2817230861_d27341dec0.jpg,2.47949745e-10
1187593464_ce862352c6.jpg,-3.694807305e-09
2465497494_43d74df57c.jpg,5.791828963e-09
3639684919_cb6fbf5638.jpg,1.329698993e-09
3293642024_e136b74a55.jpg,-3.711238806e-09
162152393_52ecd33fc5.jpg,5.280694404e-09
2815745115_c8479d560c.jpg,-8.847027703e-09
516648762_0cff84ea97.jpg,7.847512394e-09
3355756569_b430a29c2a.jpg,-4.106493865e-09
1564614124_0ee6799935.jpg,-1.071697134e-09
2877159456_ea4a46b0d2.jpg,3.505835359e-09
3204712107_5a06a81002.jpg,-2.254908192e-09
2083778090_3aecaa11cc.jpg,1.277946919e-09
3501083764_cf592292a6.jpg,3.711785455e-09
3394070357_cb2a3243fc.jpg,7.02905893e-09
2066241589_b80e9f676c.jpg,1.235200469e-09
2911928620_06c3fa293e.jpg,-3.379579489e-09
481054596_cad8c02103.jpg,1.169900575e-09
953941506_5082c9160c.jpg,-1.817517976e-09
3517056462_483ee5a914.jpg,7.260794556e-09
3375014075_157388f8a9.jpg,-2.804281544e-10
3235076435_1eaa40bd0a.jpg,-8.024890661e-10
2505056124_1276e8dbcb.jpg,-3.132851714e-09
3209523192_05a4cef844.jpg,2.784246677e-09
2064417101_3b9d817f4a.jpg,-1.721487547e-09
2252123185_487f21e336.jpg,4.42851055e-09
3255017708_2b02bfcdcf.jpg,1.138808979e-09
3101796900_59c15e0edc.jpg,3.095731269e-09
2650568697_ffb79bf2ea.jpg,3.884940088e-09
1312954382_cf6d70d63a.jpg,-5.744628002e-09
3302804312_0272091cd5.jpg,2.198929976e-10
3317145805_071b15debb.jpg,6.034909034e-09
2497074804_b4f3e7fd90.jpg,-5.522565363e-09
2629445284_83390e83af.jpg,3.544565821e-10
3726629271_7639634703.jpg,-9.172533309e-09
3470303255_fbb41b8dd0.jpg,1.723882436e-09
2953015871_cae796b6e7.jpg,-1.930472799e-10
3352531708_a65dd694b1.jpg,-5.727432778e-10
2853205396_4fbe8d7a73.jpg,-5.086514383e-09
2789648482_1df61f224a.jpg,4.818283529e-09
2324979199_4193ef7537.jpg,1.323986051e-09
2565350330_c7f305e7f7.jpg,-1.153466754e-08
2675190069_d5c3b2c876.jpg,-4.859560977e-09
2030781555_b7ff7be28f.jpg,-1.124066362e-09
3445428367_25bafffe75.jpg,-6.279284926e-09
3710971182_cb01c97d15.jpg,7.797301157e-10
245895500_a4eb97af02.jpg,4.809283846e-09
3185371756_ff4e9fa8a6.jpg,5.771251595e-09
3124964754_2e8a98fb09.jpg,4.908422423e-10
3111482098_11c0f4f309.jpg,-6.389151158e-11
2571096893_694ce79768.jpg,-7.15220249e-09
3383545083_1d7c95b003.jpg,-6.332338684e-09
447111935_5af98563e3.jpg,4.457866203e-09
2304374703_555195d8d5.jpg,2.48887669e-09
3320209694_db579cb607.jpg,-2.630149511e-09
3299820401_c2589186c5.jpg,5.17472111e-09
2172526745_649f420569.jpg,1.778166243e-09
3717531382_e1e05e22c5.jpg,8.233002444e-09
444047125_66b249287c.jpg,9.092426032e-09
2228022180_9597b2a458.jpg,2.910174663e-10
2432709509_2a4d0c833f.jpg,8.056500646e-09
2644916196_16f91dae54.jpg,2.301692429e-09
424506167_01f365726b.jpg,5.161802642e-09
3517362674_0f5296de19.jpg,-1.930859403e-09
525968880_82623392d1.jpg,3.672315084e-09
2949982320_c704b31626.jpg,-1.781021701e-09
3476381830_3751dd9339.jpg,-3.994682362e-09
359173181_a75c950aeb.jpg,-5.139857485e-09
518789868_8895ef8792.jpg,-1.983853026e-10
2735792721_b8fe85e803.jpg,-1.072818259e-09
2472678549_67068a1566.jpg,-4.903861791e-09
1303727828_d1052ee341.jpg,2.071822335e-09
2501968935_02f2cd8079.jpg,1.998857143e-09
379006645_b9a2886b51.jpg,-2.715841632e-09
3423249426_02bedf9260.jpg,-2.409191882e-09
84713990_d3f3cef78b.jpg,9.28339837e-09
148512773_bae6901fd6.jpg,1.387804704e-09
3304712466_18cbdb85fe.jpg,3.074155186e-09
1801188148_a176954965.jpg,3.467277839e-09
2764732789_1392e962d0.jpg,-7.067078771e-09
1142283988_6b227c5231.jpg,-6.745714697e-09
3330102093_1d6e35e78d.jpg,-5.91999056e-09
2094810449_f8df9dcdf7.jpg,3.85336289e-09
2851198725_37b6027625.jpg,-2.186096893e-09
3451344589_6787bd06ef.jpg,1.720450632e-09
3007214949_a4b027f8a3.jpg,-1.9399109e-09
3499720588_c32590108e.jpg,2.788657969e-09
2423085253_6c19149855.jpg,-3.372429787e-10
488089932_c3a5fa4140.jpg,-2.58934272e-09
2976684095_ce7ccfd423.jpg,-7.890684727e-10
2458862292_466a920ee2.jpg,6.754346892e-09
3419197575_aa5b84a9f0.jpg,-1.856201222e-11
146577645_91b570c0d0.jpg,9.433135819e-09
1067180831_a59dc64344.jpg,-2.864549786e-09
3242808166_8638150274.jpg,-7.450261996e-09
2126950128_74a4882658.jpg,1.895128123e-09
1467533293_a2656cc000.jpg,1.238746235e-09
1389264266_8170bc1c54.jpg,-3.52482826e-09
3393035454_2d2370ffd4.jpg,-2.943514099e-09
3512033659_7e8a0c2ffa.jpg,9.228033154e-11
3328646934_5cca4cebce.jpg,3.911132671e-09
3420260768_26a600b844.jpg,1.903051377e-09
3658016590_f761e72dc3.jpg,-5.743430693e-10
3681324243_b69fa90842.jpg,3.616074464e-09
3475552729_a3abd81ee6.jpg,-7.839498038e-10
3211029717_2affe6bbd5.jpg,1.462894014e-09
3636632926_09f39f2629.jpg,4.602218201e-09
447800028_0242008fa3.jpg,-1.905393587e-09
3248220732_0f173fc197.jpg,-9.013428502e-09
2695961935_a2a6338f26.jpg,-2.717189501e-10
2410153942_ba4a136358.jpg,-8.600699418e-10
2444741900_5cb3ef3e1d.jpg,6.536405936e-09
3667318593_fa1816b346.jpg,-7.001085091e-09
3442978981_53bf1f45f3.jpg,-4.017853832e-09
339822505_be3ccbb71f.jpg,2.366249976e-09
2598979962_c01811cfca.jpg,5.894182992e-09
444872454_9f51e07f88.jpg,-2.394156e-09
345684566_235e8dfcc1.jpg,4.348047755e-11
241346146_f27759296d.jpg,3.021594231e-09
537758332_8beb9cf522.jpg,-2.488848595e-09
241345639_1556a883b1.jpg,1.896245117e-09
2899501488_90d5da5474.jpg,3.223713364e-09
475313618_bdb2f72be5.jpg,-1.809954253e-09
313051099_1bb87d6c56.jpg,-4.031011824e-09
3517127930_5dbddb45f6.jpg,-6.43240453e-10
3356369156_074750c6cc.jpg,-1.622685427e-09
290982269_79fc9f36dc.jpg,-6.034488747e-10
1994416869_4dd769a806.jpg,2.057234545e-09
3287963317_186491ee78.jpg,5.219978048e-10
3367851138_757d6bd2ef.jpg,2.496604092e-09
3046259614_614394e024.jpg,-6.991647566e-09
3325157569_8084ab3293.jpg,-6.141086136e-10
3709030554_02301229ea.jpg,1.42241642e-09
314940358_ec1958dc1d.jpg,2.363372348e-09
632251903_b36701a5e9.jpg,4.839937706e-09
2622517932_57c52c376f.jpg,-3.390743899e-09
3497237366_366997495d.jpg,3.288626548e-09
3759230208_1c2a492b12.jpg,-4.371220541e-09
432248727_e7b623adbf.jpg,-2.348889179e-09
3064716525_b8418d4946.jpg,2.539374848e-09
390986651_c801db91a0.jpg,-1.165302414e-09
195084264_72fb347b0f.jpg,-7.056737728e-10
2774554310_007e980a90.jpg,1.781454344e-09
2542415282_9240e1b5fc.jpg,9.398861195e-10
256439287_990ac4a761.jpg,1.904854453e-09
3614582606_16bd88dab2.jpg,-8.991846773e-09
2655196158_5c878a4af0.jpg,-3.375176377e-09
3715469645_6d1dc019b3.jpg,-2.694379525e-09
381275595_b429fd1639.jpg,-8.331053466e-10
3349309109_4024a09a17.jpg,4.207083263e-09
381239475_044cbffa2b.jpg,6.038326326e-10
3639617775_149001232a.jpg,8.303795302e-09
2647229826_e0e0c65ef1.jpg,6.72385922e-09
2762301555_48a0d0aa24.jpg,-7.348378918e-09
2957071266_1b40ec7d96.jpg,-4.052062961e-09
2884400562_e0851014fc.jpg,8.937439598e-09
529101401_ab1f6b1206.jpg,1.111494675e-09
2872743471_30e0d1a90a.jpg,-9.422239621e-10
1285874746_486731a954.jpg,-6.911237722e-09
3030793171_55cd646eed.jpg,4.869428687e-09
3369354061_2bab79f91f.jpg,1.225821422e-09
2901074943_041aba4607.jpg,-1.208567863e-09
219070971_ae43410b9e.jpg,2.107803792e-09
3175712926_5a470d0886.jpg,-4.640916681e-10
2508249781_36e9282423.jpg,-1.200712908e-09
3710176138_fbfe00bd35.jpg,-7.955340208e-09
3713177334_32f3245fd8.jpg,3.823799873e-09
3291255271_a185eba408.jpg,-1.289044332e-09
3524612244_64f00afec5.jpg,4.992350715e-09
2792409624_2731b1072c.jpg,-3.363861249e-09
2089555297_95cf001fa7.jpg,-8.957156664e-10
496606439_9333831e73.jpg,2.339062884e-10
2558312618_13d362df66.jpg,2.184566159e-09
3148286846_40ae914172.jpg,1.216008987e-09
3523972229_d44e9ff6d7.jpg,4.787528079e-09
3318995586_c2bc50b92e.jpg,-9.973383172e-10
410453140_5401bf659a.jpg,4.067802092e-09
2932519416_11f23b6297.jpg,-1.036033049e-10
3107889179_106d223345.jpg,8.553090155e-10
3560081723_62da0035bd.jpg,2.279397082e-09
3208553539_2bf6c6d162.jpg,2.229320036e-09
3559425864_0462d7613f.jpg,4.246033415e-10
3240014971_ee2ea8406f.jpg,-4.558652576e-09
640506101_ae1145b6d1.jpg,-4.106209958e-09
3555729342_cc7a3b67fd.jpg,1.051979013e-09
2836864045_9a093cfd65.jpg,-1.673962158e-09
2743652730_d909c7ae82.jpg,1.023879626e-09
95734038_2ab5783da7.jpg,1.564278348e-09
540338917_57069687be.jpg,-1.165656337e-11
2067833088_04e84e5bf2.jpg,-4.394337267e-09
1383840121_c092110917.jpg,-1.978363828e-09
3024022266_3528c16ed8.jpg,-1.075717849e-08
1682079482_9a72fa57fa.jpg,-1.741558006e-09
3444684583_6656e38088.jpg,-1.033806858e-09
241109594_3cb90fe2a3.jpg,4.750030786e-09
468871328_72990babd4.jpg,3.532672843e-09
3760400645_3ba51d27f9.jpg,6.897746598e-10
3295452057_0c987f895f.jpg,2.524302201e-09
3042405316_ba3a01926b.jpg,-4.794726816e-09
2065309381_705b774f51.jpg,1.217147862e-09
2384147448_c1869070d3.jpg,-7.013103712e-10
2529205842_bdcb49d65b.jpg,-1.10861148e-08
3415178926_909db9400b.jpg,1.126320955e-09
252846811_7b250935a7.jpg,4.038007508e-09
2450486758_a66fd296ea.jpg,-3.18920808e-09
3353036763_4cbeba03b2.jpg,1.008961351e-08
3667492609_97f88b373f.jpg,-4.61575547e-09
3019473225_8e59b8ec4e.jpg,-3.158442373e-10
2911552402_5166bc173b.jpg,5.795726173e-11
3123351642_3794f2f601.jpg,3.621679332e-11
263231469_e85c74f5fd.jpg,4.988341118e-09
3386893620_5f0bb4e794.jpg,2.716576213e-09
3628994466_a12065d29b.jpg,-5.762146193e-09
2841449931_84a05850ec.jpg,-1.720798568e-09
2052953131_30834196fb.jpg,2.922092424e-09
3130093622_362f32f2bb.jpg,-5.655096586e-09
256444892_efcb3bd824.jpg,-3.174927705e-09
3608400551_d6f7965308.jpg,-1.513376209e-11
2119660490_ce0d4d1f73.jpg,-3.910487431e-09
3665549027_d7fb05d157.jpg,-7.731720765e-10
3442138291_3e75f4bdb8.jpg,-1.012479272e-08
292887910_f34ac101c8.jpg,-2.494443153e-09
3522000960_47415c3890.jpg,-6.307803791e-09
375384566_254c2362d4.jpg,5.831470169e-09
2303356248_65dd6aba6f.jpg,-5.785204445e-09
3483140026_e14f64fdf5.jpg,1.843755792e-09
3716272233_7845ec5b3e.jpg,2.178488594e-09
3556037801_3992ce6826.jpg,-2.607460802e-09
2616673985_fa4354cc53.jpg,-2.096744211e-09
337647771_3b819feaba.jpg,-3.584515268e-09
3589052481_059e5e2c37.jpg,8.765293984e-09
2990471798_73c50c76fb.jpg,-1.912357956e-09
3631986552_944ea208fc.jpg,-1.658629048e-09
2735979477_eef7c680f9.jpg,7.198549667e-10
522486784_978021d537.jpg,9.997681904e-10
2994107810_af56326389.jpg,-4.097790767e-09
1479124077_17dcc0d5d7.jpg,-5.408889664e-09
1096097967_ac305887b4.jpg,1.250127303e-09
233242340_09963100a3.jpg,-9.009595733e-10
3591094476_b61acd63d6.jpg,4.133709387e-09
2925760802_50c1e84936.jpg,2.387638526e-09
289860281_94d699f36d.jpg,7.763911824e-10
2396691909_6b8c2f7c44.jpg,5.582071833e-09
515702827_be3c6ce857.jpg,-6.911040284e-09
2929506802_5432054d77.jpg,-3.353519606e-09
3498997518_c2b16f0a0e.jpg,1.138593368e-09
3461437556_cc5e97f3ac.jpg,2.427599667e-09
58363928_6f7074608c.jpg,3.511872969e-09
3320411267_df70b90501.jpg,1.434607385e-09
2308108566_2cba6bca53.jpg,-1.880645886e-09
2077346067_0a3a5aae65.jpg,6.661263685e-10
3337332770_5eda5cceb7.jpg,-5.228219671e-09
2666179615_f05a9d8331.jpg,4.341775286e-09
3506869953_802f463178.jpg,-7.527180128e-10
3490736665_38710f4b91.jpg,1.08788468e-09
2453971388_76616b6a82.jpg,-4.490026461e-09
535399240_0714a6e950.jpg,-4.836639723e-09
3701291852_373ea46bb6.jpg,-3.274089128e-09
344841963_8b0fa9784c.jpg,-5.601669648e-09
1813597483_3f09d2a020.jpg,-4.941699708e-09
2777021428_0b2ac3e987.jpg,2.08174064e-09
1542033433_5453d4c466.jpg,-7.347300128e-09
215876547_fa584c5ec3.jpg,2.911993761e-09
2256218522_53b92bcbb2.jpg,1.348326982e-09
3694555931_7807db2fb4.jpg,7.385092393e-10
485738889_c2a00876a6.jpg,-2.062037391e-09
3030079705_0dee8a3e89.jpg,-6.489722639e-09
2946016853_ceca4f5a07.jpg,-1.897703284e-09
3644142276_caed26029e.jpg,6.087798405e-09
3296150666_aae2f64348.jpg,-3.764112404e-09
2843695880_eeea6c67db.jpg,1.111048321e-08
2657301826_aab4c36e6c.jpg,1.063321618e-09
2531837969_6f28637811.jpg,7.051220766e-09
2407470303_6fd5e3600d.jpg,-5.919707024e-09
1434607942_da5432c28c.jpg,-1.843892161e-09
543007912_23fc735b99.jpg,2.386841261e-09
3054200086_657d4398e8.jpg,3.615889323e-09
2164363131_6930455d45.jpg,4.938000719e-09
3471117376_40585c3fd1.jpg,2.43401287e-09
374103966_2987706be1.jpg,-1.918532014e-09
3229730008_63f8ca2de2.jpg,5.994898645e-09
2646046871_c3a5dbb971.jpg,-7.047750814e-09
390992102_67fa31b22f.jpg,-5.371035114e-09
3070713991_8696796937.jpg,-4.977237961e-09
2905948395_ca3e6b3c9a.jpg,6.327338539e-09
3477977145_4df89d69a1.jpg,3.043200518e-09
3213992947_3f3f967a9f.jpg,-3.359014359e-09
531055369_936fd76a63.jpg,-5.311196158e-09
716597900_b72c58362c.jpg,4.561551777e-09
3056530884_27766059bc.jpg,-3.643267967e-09
1316247213_1d2c726dd5.jpg,2.297713914e-09
1377668044_36398401dd.jpg,8.543144386e-10
3457856049_2de173e818.jpg,-6.9970135e-09
1509786421_f03158adfc.jpg,4.9197942e-09
3468130925_2b1489d19a.jpg,4.18212921e-09
399679638_d3036da331.jpg,1.640940153e-09
3677329561_fa3e1fdcf9.jpg,-1.486535202e-09
3679341667_936769fd0c.jpg,3.226233611e-09
3534668485_6887629ff0.jpg,-6.958012001e-09
3446347599_0ecc49a9d5.jpg,-8.141007759e-10
2277081067_d2b4c98bce.jpg,1.326812512e-09
2255342813_5b2ac6d633.jpg,3.990511728e-09
2520255786_b70a3ec032.jpg,1.702016817e-09
2318659263_c24005a5cb.jpg,-2.88905922e-11
2976537455_f3988c2d46.jpg,-2.940318738e-09
507758961_e63ca126cc.jpg,1.859042871e-09
2699733386_c346c87ea6.jpg,1.017301002e-09
2878578240_caf64c3b19.jpg,1.893377019e-10
1569562856_eedb5a0a1f.jpg,2.834166481e-10
2257631407_1529b9db39.jpg,4.7416165e-09
3376972502_35e3e119cd.jpg,5.486563139e-10
3655773435_c234e94820.jpg,-2.614446357e-09
3694219419_a7a83d4886.jpg,1.476827197e-10
3294209955_a1f1e2cc19.jpg,7.523620147e-09
3653764864_225958c9c1.jpg,1.489232718e-10
2531531628_b4a5041680.jpg,-5.165389851e-10
2895966469_53e0b29295.jpg,3.08289561e-09
449352117_63c359c6e7.jpg,-7.953189116e-09
3518334317_bc40bae18d.jpg,-4.402237041e-09
3590647207_2d4ec3f52c.jpg,-9.413788023e-09
3247052319_da8aba1983.jpg,-5.168048885e-10
527272653_8a5bd818e5.jpg,1.743572097e-09
662606040_8cc8cd9f1b.jpg,4.063878446e-09
488416045_1c6d903fe0.jpg,-5.779731994e-09
3119875880_22f9129a1c.jpg,-4.450011622e-09
155221027_b23a4331b7.jpg,8.802384719e-10
3527926597_45af299eee.jpg,-4.166095091e-09
3503471307_464a8f588c.jpg,-5.682644323e-09
241347441_d3dd9b129f.jpg,-4.126370505e-09
2140747429_62cfd89ae9.jpg,2.588306288e-09
3270083123_fcc1208053.jpg,5.146100879e-09
3688797852_89ed3cb056.jpg,5.888209156e-09
2441815792_43565b1312.jpg,-3.263119245e-09
624742559_ff467d8ebc.jpg,4.92634362e-09
3677964239_6406ed096f.jpg,1.227646333e-10
2708176152_1634cb754d.jpg,-5.11185477e-09
2707835735_6537b27e8f.jpg,-5.328791044e-09
3169394115_2193158cee.jpg,-2.917324422e-10
2908859957_e96c33c1e0.jpg,2.64250227e-09
3437147889_4cf26dd525.jpg,7.379099872e-09
2255266906_8222af18b9.jpg,-8.717263864e-09
3395173129_f0ac0a1ed4.jpg,-3.594372465e-09
2414986483_004936f84b.jpg,5.891823354e-09
1926129518_4350f4f552.jpg,-3.109687612e-09
2509824208_247aca3ea3.jpg,-4.749898253e-09
3116379964_86986750af.jpg,-1.07164687e-09
3611603026_9112b0c53f.jpg,-4.062912284e-09
1398606571_f543f7698a.jpg,4.269807994e-09
3514188115_f51932ae5d.jpg,2.900344477e-09
2701487024_e866eb4550.jpg,-1.299642132e-09
2296166785_292a4e9f4c.jpg,7.114517952e-09
2056042552_f59e338533.jpg,-4.008607282e-09
3353962769_ba48691bc6.jpg,9.409993137e-10
2887103049_a867e74358.jpg,4.672331802e-09
3528251308_481a28283a.jpg,-1.25378236e-10
3715559023_70c41b31c7.jpg,-8.584609244e-10
432490118_54a9c0e500.jpg,-7.992237087e-11
2310233145_910cb5b4c8.jpg,-1.965624257e-09
535249787_0fcaa613a0.jpg,3.771259067e-09
2915183095_4ed4aa4f37.jpg,1.342921834e-09
3458434150_2b0d619244.jpg,1.567304599e-09
3298199743_d8dd8f94a0.jpg,5.625404645e-09
1479513774_70c94cf9d3.jpg,2.030204343e-09
2470519275_65725fd38d.jpg,-5.349380291e-09
3508882611_3947c0dbf5.jpg,-1.027201959e-08
3612485611_12dd7742f7.jpg,6.786420566e-09
1332208215_fa824f6659.jpg,3.612305515e-09
1474474514_b3eb492722.jpg,-3.043922975e-09
818340833_7b963c0ee3.jpg,-6.484956687e-10
3463268965_f22884fc69.jpg,-1.097695462e-09
2623930900_b9df917b82.jpg,5.095239404e-09
2988439935_7cea05bc48.jpg,-1.165573111e-10
3697379772_40d831392b.jpg,3.792741524e-09
2512682478_b67cc525c7.jpg,2.910908108e-09
3339263085_6db9fd0981.jpg,-5.680018687e-09
420355149_f2076770df.jpg,5.49166359e-10
349889354_4b2889a9bd.jpg,3.0546997e-09
2651915425_7a58e862e9.jpg,5.414878636e-10
691770760_48ce80a674.jpg,7.648060643e-09
3334300164_e75e0479ae.jpg,-5.560023419e-09
3246190363_68d903bfcb.jpg,-2.94055634e-09
2095078658_c14ba89bc2.jpg,5.167518778e-11
2282522980_45cfa8e0cf.jpg,-2.577593625e-09
2714674623_8cd05ac114.jpg,1.88760121e-09
880220939_0ef1c37f1f.jpg,-2.334672943e-10
407678652_1f475acd65.jpg,5.7005407e-09
440737340_5af34ca9cf.jpg,5.146721541e-09
3425069551_aba046a1b6.jpg,-3.674882909e-09
460350019_af60511a3b.jpg,9.632428263e-09
2807209904_389d81f33a.jpg,7.707901927e-09
537225246_dd0e2158a7.jpg,-2.958382231e-09
1812525037_528465037c.jpg,-3.769585106e-10
3159641529_c2c74f3eaf.jpg,1.026535864e-09
2898810636_84fb5c0b63.jpg,-2.776170496e-11
452345346_afe1248586.jpg,1.440701619e-09
1277743944_f4e8c78403.jpg,-3.65664364e-09
3568065409_1c381aa854.jpg,6.277038708e-09
3278189732_f750cb26b7.jpg,-7.395035994e-09
3040051410_6205682ba3.jpg,6.040102706e-09
2396025708_e4a72e2558.jpg,9.424880843e-10
2465441099_a1761a1757.jpg,-1.865608687e-09
3413806271_17b7e102aa.jpg,1.528897403e-09
501520507_c86f805ab8.jpg,3.56953945e-09
2206403470_8c25aa3cf8.jpg,4.346299686e-09
3048461682_e89f81b1c7.jpg,3.026082049e-09
2092419948_eea8001d0f.jpg,3.634923445e-09
3143980056_7a64a94b58.jpg,-1.811280914e-10
391579205_c8373b5411.jpg,-7.082228174e-11
432496659_f01464d9fb.jpg,3.747583959e-09
3148571800_c5515e6c3d.jpg,3.005489168e-09
3006926228_cf3c067b3e.jpg,-7.741763739e-10
3368569524_a9df2fc312.jpg,-2.478588621e-09
3673970325_4e025069e9.jpg,-2.858453251e-09
394161692_2576920777.jpg,-1.54331026e-09
2148916767_644ea6a7fa.jpg,-1.803369595e-09
3335097235_538f4777c3.jpg,-8.859960928e-09
2553188198_da1123a723.jpg,-4.928066461e-09
96985174_31d4c6f06d.jpg,3.840034792e-09
2982881046_45765ced2c.jpg,-7.099154172e-09
2966190737_ceb6eb4b53.jpg,4.783950225e-09
3601491447_a338875b51.jpg,-5.178365775e-09
2763044275_aa498eb88b.jpg,2.45648015e-09
3589368949_0866846949.jpg,-1.041556691e-09
3360930596_1e75164ce6.jpg,3.732697832e-10
3004290523_d1319dfdb4.jpg,3.916952149e-09
2451114871_8617ae2f16.jpg,-4.987591553e-09
2194494220_bb2178832c.jpg,8.457002847e-09
1132772170_600610c5df.jpg,6.237657324e-09
2109911919_af45b93ef3.jpg,-9.741116093e-10
3408130183_f038bdaa4f.jpg,-4.43889666e-09
2552438538_285a05b86c.jpg,-3.650769141e-09
3094317837_b31cbf969e.jpg,-5.786838847e-09
763577068_4b96ed768b.jpg,6.624708299e-09
1803631090_05e07cc159.jpg,3.314518646e-09
252504549_135b0db5a3.jpg,1.704680283e-09
1732436777_950bcdc9b8.jpg,-2.378739248e-09
244571201_0339d8e8d1.jpg,3.030325823e-09
2998185688_8d33e4ce38.jpg,-9.634842158e-10
2446601467_a35841cb1d.jpg,2.732743813e-09
264859622_f3a00ab409.jpg,-3.805808701e-09
2427490900_5b7a8874b9.jpg,2.992869498e-09
2613889835_6f50a3b83b.jpg,3.130683299e-09
2233426944_0959835ced.jpg,6.418939582e-09
485357535_b45ba5b6da.jpg,-5.238730716e-10
3443326696_fe0549c5be.jpg,-2.643442643e-10
2345984157_724823b1e4.jpg,2.173609797e-09
3270691950_88583c3524.jpg,1.504437888e-10
3413019648_e787f0cb88.jpg,-3.796666691e-09
3751594676_edfbfa0688.jpg,-2.585252811e-09
3537806062_c50d814aba.jpg,1.162550632e-09
3613585080_36629d8157.jpg,2.761425446e-09
2631625732_75b714e685.jpg,-4.599943907e-09
3541162969_68fa4a60df.jpg,-5.520972243e-09
997722733_0cb5439472.jpg,-1.322977298e-09
3415809168_af9dabdba5.jpg,-2.655288999e-09
3661239105_973f8216c4.jpg,5.438089577e-09
3229519418_040f05ced1.jpg,-2.864209001e-09
753285176_f21a2b984d.jpg,-1.822376694e-10
2303426046_09cfd7bc4e.jpg,4.638499591e-09
2867845624_22e4fe0a23.jpg,3.13517859e-09
2752341621_54490b9b09.jpg,1.780706719e-08
2891185857_54942809cf.jpg,-6.170955654e-09
3341084434_db5e7d1fdc.jpg,2.55957566e-09
2162564553_96de62c7e6.jpg,5.200825424e-09
3172280520_e7655fb596.jpg,1.793933397e-09
2797185895_4d9e1e9508.jpg,4.610935196e-09
965444691_fe7e85bf0e.jpg,-3.974125733e-11
3057618932_3b80ae85de.jpg,1.667541247e-09
788126442_086334f0cf.jpg,-7.091491934e-09
334768700_51c439b9ee.jpg,1.013656404e-09
3341961913_9a9b362f15.jpg,-5.259575584e-10
3618932839_acd7d2c2ea.jpg,7.662455739e-10
3497234632_6ec740fc1e.jpg,1.653090874e-09
2541901399_0a57f4cc76.jpg,1.019697825e-08
3356938707_d95ba97430.jpg,3.938149471e-09
2471297228_b784ff61a2.jpg,-1.364915372e-09
3488087117_2719647989.jpg,-2.133124331e-09
2186367337_0ce9ce2104.jpg,6.907699862e-09
3427540832_c882fded1d.jpg,-9.366724952e-09
2220175999_081aa9cce8.jpg,8.783958133e-09
2066271441_1f1f056c01.jpg,3.99687857e-10
2591603141_33d6397e0a.jpg,-2.404022005e-09
118187095_d422383c81.jpg,-5.442966807e-09
1810651611_35aae644fb.jpg,4.31178454e-09
2170222061_e8bce4a32d.jpg,1.042881895e-09
1055623002_8195a43714.jpg,2.999133731e-09
3183195185_cd0ff994a1.jpg,3.939046084e-09
3136674757_57406c305c.jpg,1.41737491e-09
3070130228_67dcfee9ae.jpg,1.708490592e-09
1398613231_18de248606.jpg,-7.020076545e-09
3430287726_94a1825bbf.jpg,2.310420236e-09
1286408831_05282582ed.jpg,5.074825827e-09
237547381_aa17c805e0.jpg,2.400100898e-09
3638374272_444f5e0457.jpg,2.248915271e-10
2315867011_fc5fc9fa6d.jpg,6.585712937e-09
2864634088_d087494dff.jpg,-4.505987677e-09
2695093520_5cfeb0729d.jpg,-6.150249136e-09
571507143_be346225b7.jpg,7.905874845e-09
3601569729_bf4bf82768.jpg,4.743122589e-10
3725202807_12fbfdd207.jpg,-3.154755581e-09
2466171100_5e60cfcc11.jpg,-2.066553926e-09
1764955991_5e53a28c87.jpg,2.54742679e-09
3649916507_b88a3d2082.jpg,-1.13158388e-09
3432730942_4dc4685277.jpg,2.575103478e-10
782017931_75d92bb7a4.jpg,-8.112260643e-10
2211593099_4a4f1c85d2.jpg,-6.749405212e-09
2929272606_2a5923b38e.jpg,1.627861367e-09
3174453534_fcc927c647.jpg,3.184641709e-09
383223174_7165a54c30.jpg,-1.192875394e-08
3339768802_8ab768558a.jpg,-3.789473757e-09
2511019188_ca71775f2d.jpg,-4.955272601e-09
3224904543_679fe05c41.jpg,-1.0127786e-09
2471493912_2d4746b834.jpg,5.357970539e-09
3029928396_99ac250788.jpg,6.557455794e-09
633456174_b768c1d6cd.jpg,-2.48681699e-09
3162045919_c2decbb69b.jpg,1.534381621e-09
390987167_2d5905b459.jpg,5.548635207e-09
3613264553_97b687f172.jpg,-6.424435387e-09
336460583_6c8ccb7188.jpg,-4.990511704e-09
441921713_1cafc7d7d2.jpg,-5.191209449e-10
3507076266_8b17993fbb.jpg,1.309294849e-09
967719295_3257695095.jpg,1.519134467e-09
214543992_ce6c0d9f9b.jpg,1.860359598e-09
2417341107_97dbab9c5e.jpg,5.104831311e-09
2275253272_00f941366e.jpg,-7.714752967e-09
3449114979_6cdc3e8da8.jpg,-3.859688579e-10
1118557877_736f339752.jpg,2.94937591e-10
642987597_03b21a1437.jpg,-5.421978098e-09
3077166963_fe172c709d.jpg,5.184132677e-09
2805873509_4f68afc4b4.jpg,3.829761026e-09
3729405438_6e79077ab2.jpg,-1.005974952e-08
431282339_0aa60dd78e.jpg,8.489512397e-10
1679565118_d36f0d6d52.jpg,-3.121888947e-09
2337757064_08c4033824.jpg,-4.174163678e-09
2950905787_f2017d3e49.jpg,-4.079321425e-10
3628017876_4ac27e687b.jpg,3.29040448e-09
3127629248_a955b5763b.jpg,-6.416797251e-09
3005124440_c096b310fb.jpg,-1.171406262e-09
2780031669_a0345cfc26.jpg,1.561605178e-09
2894008505_a445ccaaff.jpg,-3.010703201e-09
3437034427_6df5e9fbf9.jpg,-2.429663362e-09
3635911776_dbc2763f2c.jpg,3.43779188e-09
350588129_6aef7b7fe2.jpg,2.561681518e-10
2952141476_fc9a48a60a.jpg,7.57878355e-10
2381102729_12fc4d4c76.jpg,4.97248107e-10
481827288_a688be7913.jpg,-2.812726343e-09
2272489996_95b0a62d15.jpg,-1.089346111e-09
303607405_f36edf16c6.jpg,-5.419525009e-09
2476214153_99a3998509.jpg,6.818476294e-09
816084977_21c1811c9a.jpg,-2.73292129e-09
2752331711_cb18abba5a.jpg,-6.135478005e-09
2700147489_f1664f2b61.jpg,7.830322696e-09
143684568_3c59299bae.jpg,1.934679169e-09
3465000218_c94e54e208.jpg,9.115543483e-10
3189002057_3ef61b803e.jpg,1.558990461e-09
3427233064_6af01bfc5c.jpg,1.898601269e-09
247706586_7e25c7adf8.jpg,1.980951481e-09
2260649048_ae45d17e68.jpg,1.388252207e-08
254527963_3f5824b0e8.jpg,-2.60790234e-09
443885436_6e927e6c58.jpg,-1.767445202e-09
2094323311_27d58b1513.jpg,1.636704655e-09
757133580_ba974ef649.jpg,-3.729944059e-09
2723477522_d89f5ac62b.jpg,-5.00658626e-09
3259666643_ae49524c81.jpg,-5.935172543e-10
3559374748_f18c7caa55.jpg,2.292160251e-10
2714703706_d21c5cb8df.jpg,-2.074192692e-10
2759860913_f75b39d783.jpg,1.647371783e-09
2857473929_4f52662c30.jpg,2.508952477e-09
448252603_7d928c900e.jpg,1.943413439e-09
381514859_b40418d9c3.jpg,2.758313878e-10
262681159_e5fed3acf0.jpg,3.177692585e-09
3700554247_9824ae6f3a.jpg,-3.393507813e-09
3397310901_cbef5c06ef.jpg,-7.424215383e-10
186890601_8a6b0f1769.jpg,2.859265913e-09
150387174_24825cf871.jpg,1.203960634e-09
3626998066_3ae11ee278.jpg,4.707655601e-09
3730011701_5352e02286.jpg,-7.546903449e-09
2902844125_4186bf3ab6.jpg,-4.120481325e-09
2203286182_b453e9d176.jpg,1.765405627e-09
3552206648_123bf4ac82.jpg,3.760746275e-09
3042173467_14394234da.jpg,-6.010326135e-09
2276314067_7ee246f859.jpg,9.770785164e-10
3420064875_0349a75d69.jpg,-1.316344097e-09
393958545_48c17c66d1.jpg,1.917107053e-09
2716903793_fb7a3d8ba6.jpg,-1.600364121e-10
3325910784_5ecb88310c.jpg,-1.995689509e-09
2934022873_3fdd69aee4.jpg,3.341114838e-09
78984436_ad96eaa802.jpg,2.435995233e-09
3452127051_fa54a902b3.jpg,2.228919706e-09
856985136_649c0a3881.jpg,-8.163904096e-09
3091921457_83eee69591.jpg,-6.946078035e-09
541046380_513e295384.jpg,5.340865822e-09
3286761458_34af7e4499.jpg,6.628161252e-09
2085400856_ae09df33a7.jpg,1.109573733e-09
3229913073_e7857a5966.jpg,2.217712873e-09
3707990914_843e8f15f1.jpg,5.113287298e-09
162743064_bb242faa31.jpg,-1.64899674e-09
3532593368_be10432e92.jpg,1.004763616e-09
1024138940_f1fefbdce1.jpg,-2.157659433e-09
866841633_05d273b96d.jpg,-5.688829787e-09
282131366_5f9a39c43c.jpg,5.030601353e-10
2980348138_91cc6f6d0f.jpg,5.936885962e-09
3639547922_0b00fed5cd.jpg,1.396458568e-09
2302747917_aa0300eb68.jpg,-5.656324199e-10
3027365101_3818be6e16.jpg,8.022340089e-09
58363930_0544844edd.jpg,1.532652998e-09
244368383_e90b6b2f20.jpg,-6.622577989e-11
405615014_03be7ef618.jpg,2.365860974e-09
1302657647_46b36c0d66.jpg,-6.275841322e-09
3354883962_170d19bfe4.jpg,3.498625571e-09
3113769557_9edbb8275c.jpg,3.814221555e-09
3074842262_62b1b2168c.jpg,-5.255581029e-11
2942133798_e57c862a90.jpg,3.668955674e-09
1420060020_7a6984e2ea.jpg,-1.174028614e-08
2924483864_cfdb900a13.jpg,-3.068901474e-09
306318683_5f1f875191.jpg,3.017697555e-09
3214237686_6566b8b52f.jpg,5.194183605e-09
3335885203_a3fe8e541f.jpg,-3.816046419e-09
1262583859_653f1469a9.jpg,-3.581461486e-09
3638783120_f600ceb19d.jpg,3.904455224e-09
1206506157_c7956accd5.jpg,4.135135839e-10
533602654_9edc74385d.jpg,-6.251644305e-11
2322593776_e6aaf69e80.jpg,-3.918328831e-09
3629664676_36bcefe6b7.jpg,8.032504993e-10
318667317_108c402140.jpg,3.796350038e-10
3560125106_691c292893.jpg,1.127434601e-09
1430154945_71bbaa094a.jpg,3.141027932e-10
241345770_9f8aa6723c.jpg,-4.93045901e-09
3692746368_ab7d97ab31.jpg,1.653264568e-09
3315110972_1090d11728.jpg,4.940001512e-09
3112635165_2d614d7c1a.jpg,-3.022839999e-10
3621652774_fd9634bd5b.jpg,2.457644749e-10
2344898759_5674382bcd.jpg,-6.639275119e-09
2597308074_acacc12e1b.jpg,-4.48474511e-10
3189307452_aebc12380b.jpg,-1.471271443e-09
3004291093_35d6fd8548.jpg,-7.122001014e-09
3609645320_815c294b65.jpg,-6.159973545e-09
707941195_4386109029.jpg,-3.531464369e-09
462080147_ca088e6541.jpg,6.406816598e-09
3245460937_2710a82709.jpg,-1.700617656e-09
3351667846_ac43118ae5.jpg,7.254048699e-09
3640870001_acbd1d5ceb.jpg,6.725485278e-09
426920445_d07d1fd0f7.jpg,1.24800245e-09
2261346505_302c67951d.jpg,-4.384395091e-09
1048710776_bb5b0a5c7c.jpg,2.601043196e-09
3643684044_a131168127.jpg,2.963557756e-09
2878272032_fda05ffac7.jpg,2.208163696e-09
3425846980_912943b4f9.jpg,-2.14052238e-09
2171891283_dedd9cf416.jpg,1.639152304e-09
3767841911_6678052eb6.jpg,-2.999046945e-09
308956341_642589e9cc.jpg,7.694404594e-09
3051384385_c5c850c1f8.jpg,1.199503176e-09
2863848437_f2592ab42d.jpg,2.542188332e-09
2878705136_609dfbf318.jpg,-3.314812617e-09
3210705660_2b14b7fb36.jpg,1.181680819e-09
1499554025_a8ffe0e479.jpg,7.145091531e-09
2248487950_c62d0c81a9.jpg,5.9819176e-10
3003691049_f4363c2d5c.jpg,1.751308454e-09
3188044631_ca3a9cc737.jpg,-5.653753238e-10
3220140234_e072856e6c.jpg,-5.583819134e-11
288508162_1727873924.jpg,-1.967986771e-09
252124738_796599e94b.jpg,7.445498672e-09
2717686269_80c4b5ac9e.jpg,-1.342897945e-09
2448393373_80c011d301.jpg,-1.076026161e-09
3516825206_5750824874.jpg,-1.214992142e-09
1341787777_4f1ebb1793.jpg,-1.066351523e-08
1346051107_9cdc14e070.jpg,-1.193987126e-08
2522809984_2e8a7df4fb.jpg,-3.005511513e-09
1536597926_c2e1bc2379.jpg,6.390006391e-09
3544673666_ffc7483c96.jpg,-1.940531406e-09
2806632713_edd6f6c893.jpg,5.198493858e-09
933118213_b35b0b62a7.jpg,2.778902289e-09
300371487_daec5d11ab.jpg,-2.921278312e-09
3571675421_7e07ac07c5.jpg,-2.451992581e-10
279550225_d64d56158a.jpg,4.655325713e-09
2979914158_5906470b8f.jpg,2.65503589e-09
3064383768_f6838f57da.jpg,-4.543332392e-09
462288558_b31a8a976f.jpg,-1.075683143e-09
3525403875_7f95e0cbfe.jpg,5.375994058e-09
2161799386_27aa938421.jpg,7.68681158e-09
2444821454_22a346c996.jpg,1.027633077e-08
3613955682_3860e116cf.jpg,-5.391635446e-09
241046599_28b0ca7b9f.jpg,-1.86343845e-09
2830755303_2b5444ab4c.jpg,-2.547014456e-09
2600867924_cd502fc911.jpg,-7.336802023e-09
2978236380_fb24c43f1e.jpg,4.792056409e-09
2635023078_6dae04758f.jpg,-3.721364617e-09
2224450291_4c133fabe8.jpg,-3.11342624e-10
3335547029_74d620fa6c.jpg,2.656845945e-10
3440724965_03d6ca5399.jpg,-6.259737189e-10
2518508760_68d8df7365.jpg,2.42884973e-09
3349258288_5300c40430.jpg,1.61290288e-09
1466307485_5e6743332e.jpg,1.474967e-09
2474047296_fd9179d438.jpg,-7.300472731e-09
3478084305_9e1219c3b6.jpg,2.194792023e-09
3205214191_29b42b9b09.jpg,-2.367992183e-09
3415228562_4efa9c9b70.jpg,2.607101987e-10
272546805_536c719648.jpg,2.594388723e-09
512306469_1392697d32.jpg,1.591513879e-09
3668900592_a84b0c07db.jpg,-8.709459335e-09
337793983_ac5b2e848e.jpg,1.227151955e-09
2718024196_3ff660416a.jpg,1.882983501e-09
1350948838_fdebe4ff65.jpg,2.322505811e-09
2496370758_a3fbc49837.jpg,6.288661842e-09
3628059004_5c3529b120.jpg,4.394868045e-09
3205754736_32c29b5208.jpg,8.191750547e-10
970641406_9a20ee636a.jpg,-2.705748585e-10
2208067635_39a03834ca.jpg,6.673072332e-10
3432637363_3ba357e2da.jpg,-4.138640805e-09
2279496715_8ef3ee6edb.jpg,2.908078244e-09
1776981714_5b224d0f7a.jpg,-2.27281785e-09
3373946160_1c82d54442.jpg,-4.068650442e-09
3079917032_3cfacb2fd7.jpg,-6.055886615e-09
471402959_0b187560df.jpg,2.441043582e-09
2972929655_04233b5489.jpg,-2.339593274e-09
3103587323_7f093d5b90.jpg,2.013619196e-09
1089755335_0bfbfd30e6.jpg,-4.460574093e-09
2273591668_069dcb4641.jpg,2.273881489e-09
2338627102_6708a9b4fd.jpg,-2.909620689e-09
2863180332_372510aa49.jpg,2.15249795e-09
2832033116_1677ea1e2e.jpg,3.843762041e-10
1925434818_2949a8f6d8.jpg,6.248442924e-09
2382411771_a16145f345.jpg,1.286882455e-09
1347519824_e402241e4f.jpg,7.303490486e-09
3641022607_e7a5455d6c.jpg,5.969122959e-09
3181328245_7c04ce1691.jpg,1.635655214e-10
3258396041_69717247f7.jpg,-4.99591161e-09
491564019_1ca68d16c1.jpg,-7.923183354e-09
262446581_06ef7d9445.jpg,1.580851279e-09
838074897_9d6270b3cd.jpg,-2.301744666e-09
1159574340_99ba8c3c59.jpg,2.48566746e-09
2443512473_6f5a22eb42.jpg,-3.263498067e-09
2075321027_c8fcbaf581.jpg,1.811711969e-09
2076865206_53918c820c.jpg,1.36538242e-09
3601533527_6c2439113c.jpg,-5.700366615e-09
3589156060_3ed8d6bbc3.jpg,-3.418297477e-09
3259757648_71edb4347b.jpg,3.845064649e-09
1352410176_af6b139734.jpg,-2.599166551e-09
3373481779_511937e09d.jpg,6.507189841e-09
2372572028_53b76104a9.jpg,-7.387505138e-09
1321723162_9d4c78b8af.jpg,-1.327785649e-09
500678178_26ce0f4417.jpg,-4.191182362e-10
3484019369_354e0b88c0.jpg,-1.222812571e-09
2321865325_79b0954a5d.jpg,4.070704395e-09
290019324_23582048d4.jpg,3.185906228e-09
2930580341_d36eec8e3c.jpg,7.211785303e-10
3292016893_24d14c8b4f.jpg,3.039502912e-09
3173928684_4ea0ee5114.jpg,-6.224188589e-09
3323988406_e3c8fce690.jpg,1.398108189e-09
3612485097_b706d950ed.jpg,2.485442758e-09
2354456107_bf5c766a05.jpg,8.756453062e-10
166433861_70b66cd381.jpg,-2.104953954e-09
1463638541_c02cfa04dc.jpg,-2.72451908e-10
2616643090_4f2d2d1a44.jpg,-1.277694921e-09
3702607829_2b8b3e65ab.jpg,-5.353721757e-09
3154813159_58a195236d.jpg,-2.820450136e-09
3289817083_4e78e1c05a.jpg,4.809272766e-09
2934379210_4e399e3cac.jpg,1.819600956e-09
2407091303_931c918490.jpg,-8.113951086e-09
2831313661_1a328acb70.jpg,-2.668717136e-10
3168841415_c0705a327a.jpg,3.440584049e-09
3636247381_65ccf8f106.jpg,2.217210394e-09
2150564996_d173a506d7.jpg,-2.239393426e-09
2909081008_9a7bfc599a.jpg,-2.09204741e-09
1884065356_c6c34b4568.jpg,-3.641833966e-09
2343525685_3eba3b6686.jpg,8.075754659e-09
2955099064_1815b00825.jpg,4.067614116e-09
3437315443_ba2263f92e.jpg,-1.842328895e-10
3033612929_764d977bd5.jpg,-4.482046632e-09
3073535022_4af81f360c.jpg,-3.431597592e-09
3537520829_aab733e16c.jpg,4.880699335e-09
2832487464_2d30634e1e.jpg,-1.192395739e-09
2241768909_3d96d48417.jpg,9.585599952e-09
439492931_a96d590e40.jpg,2.560551643e-11
3701544312_b2e4e9813d.jpg,-1.643402691e-09
972381743_5677b420ab.jpg,9.588945641e-09
632608471_a70461f123.jpg,1.476666732e-09
2583001715_1ce6f58942.jpg,3.383796436e-09
2737729252_b3fd9c05b1.jpg,-6.569442549e-09
3590739067_58baffb3a7.jpg,2.018196679e-09
3107558821_f3b205d4ed.jpg,-8.041576289e-10
2553024095_735bc46267.jpg,3.756885275e-09
2629346153_155ba73ae9.jpg,-3.037416166e-09
3223302125_f8154417f4.jpg,-3.407634511e-09
2488795251_c108c77b13.jpg,1.712725196e-09
44856031_0d82c2c7d1.jpg,-4.554077961e-09
2704934519_457dc38986.jpg,-4.089734052e-10
3070274658_fc39fd4f84.jpg,-2.80854256e-09
3262075846_5695021d84.jpg,-3.638046794e-09
1777816180_08d7e8063b.jpg,-8.243156017e-09
3084149186_4bc08b0752.jpg,1.41134456e-09
3109124656_626b596d5e.jpg,1.289653807e-08
3724150944_fc62e8d5e0.jpg,-4.195941724e-09
3104182973_5bb1c31275.jpg,1.367585256e-09
203114209_e4cd71a6b7.jpg,2.856964353e-09
2315418282_80bd0bb1c0.jpg,-1.523028855e-09
3240094420_a9eea11d39.jpg,-2.679377437e-09
1517807181_ca6588f2a0.jpg,-2.929336215e-10
95734036_bef6d1a871.jpg,-4.152412091e-09
3041170372_c4376cd497.jpg,-2.25306741e-10
2890057168_c712f932e0.jpg,4.784734348e-10
2925737498_57585a7ed9.jpg,-1.624654192e-09
2565685680_c30972455d.jpg,3.923343848e-09
3042484940_0975a5e486.jpg,-3.935789298e-09
2325258180_6217dd17eb.jpg,-4.990979296e-09
3541915243_956c1aa8ef.jpg,-1.241325863e-09
2922973230_5a769ef92a.jpg,-2.993379293e-09
1801874841_4c12055e2f.jpg,8.905619877e-10
2316097768_ef662f444b.jpg,-1.771209592e-10
3676561090_9828a9f6d0.jpg,-4.523468583e-09
3591462960_86045906bd.jpg,-9.640645028e-10
2750832671_4b39f06acf.jpg,-7.482167169e-09
2000459828_3c9e109106.jpg,-7.753424522e-09
3569406219_f37ebf7b92.jpg,-3.869500383e-09
2058472558_7dd5014abd.jpg,5.068590838e-09
2691966747_cfa154982b.jpg,-7.760138608e-09
469969326_4b84073286.jpg,6.921023527e-09
195962790_3380aea352.jpg,4.299701054e-09
2480832276_fa55480ecb.jpg,4.055579913e-09
2061397486_53a61e17c5.jpg,-4.551824367e-09
2676651833_3bb42bbb32.jpg,-3.914968292e-09
1478294229_7e1c822fea.jpg,4.615521189e-09
1392272228_cf104086e6.jpg,-1.688020275e-09
3153067758_53f003b1df.jpg,7.641951023e-09
497791037_93499238d8.jpg,-1.030688064e-09
3399618896_9ef60cd32c.jpg,3.371213513e-09
2229179070_dc8ea8582e.jpg,-5.383069021e-11
3316046339_8e504be038.jpg,-1.306072698e-09
3681056426_fbd6c0c92c.jpg,-1.774804597e-09
3006095077_1992b677f8.jpg,-1.074521016e-09
457945610_1a23b9ced0.jpg,2.230484916e-09
263216826_acf868049c.jpg,1.165608094e-09
778885185_3f6905370b.jpg,5.153793819e-09
3692593096_fbaea67476.jpg,-3.375553044e-09
1045521051_108ebc19be.jpg,1.28062871e-09
2220185725_45d4fa68d9.jpg,-1.261263317e-09
514222303_cb98584536.jpg,-7.638757586e-10
2913818905_8e4d9aa82a.jpg,-5.061194764e-09
3259992164_94600858b3.jpg,7.06752814e-09
278002800_3817135105.jpg,-3.75052628e-10
3296500180_0d7a6650dc.jpg,7.008144302e-09
3501781809_88429e3b83.jpg,7.336064778e-09
278496691_c1fd93e2d8.jpg,3.24011041e-09
3607969989_68cc411493.jpg,2.542197933e-09
3618504267_d7eaa495d0.jpg,2.678078522e-09
2462153092_e3f4d8f6a2.jpg,7.564652836e-09
3164328039_2c56acf594.jpg,-1.50268927e-09
3446762868_06e9d9d899.jpg,-3.486670666e-09
534313000_4ad39c7ee0.jpg,-4.879742887e-09
3476451861_5b9c9ce191.jpg,7.740760938e-09
1554713437_61b64527dd.jpg,2.900486526e-09
3726025663_e7d35d23f6.jpg,-6.596975517e-10
952171414_2db16f846f.jpg,-2.556690243e-09
861608773_bdafd5c996.jpg,3.697771414e-09
3329169877_175cb16845.jpg,-1.105772717e-10
3624076529_9793655a21.jpg,7.912828438e-10
3490874218_babb404b39.jpg,-1.764278078e-09
3480051754_18e5802558.jpg,8.359693796e-10
1523984678_edd68464da.jpg,-2.366710886e-09
2612488996_9450de0e54.jpg,-4.654506783e-09
1026685415_0431cbf574.jpg,1.201985478e-09
99679241_adc853a5c0.jpg,-3.718827031e-09
3377117696_af91f13058.jpg,-7.26665654e-09
3203453897_6317aac6ff.jpg,-1.676024799e-09
3691800116_6a7b315e46.jpg,-1.41935202e-09
3677318686_b018862bb7.jpg,5.837465204e-09
2385871165_9438c9fe84.jpg,5.157215909e-09
720208977_f44c2bba5b.jpg,1.930721595e-10
3758175529_81941e7cc9.jpg,3.227024626e-09
3259002340_707ce96858.jpg,4.682908045e-09
3503544012_1771be9d3a.jpg,3.871223401e-10
3320356356_1497e53f80.jpg,-1.641163787e-09
256085101_2c2617c5d0.jpg,-6.274796037e-10
3717809376_f97611ab84.jpg,-9.681843455e-09
475816542_f5c2736815.jpg,-3.298862155e-09
3697359692_8a5cdbe4fe.jpg,1.039461411e-09
397725001_e51f7c391c.jpg,-1.788108317e-10
3682428916_69ce66d375.jpg,-6.213832436e-09
3154693053_cfcd05c226.jpg,1.721277016e-09
3259992638_0612a40288.jpg,6.942799082e-09
3426933951_2302a941d8.jpg,3.71515658e-09
2753506871_dc38e7d153.jpg,-3.1799006e-09
2885912662_a3a2dfde45.jpg,6.995540461e-10
3487378989_c051d2715b.jpg,1.60429897e-09
3260088697_af9b6d2393.jpg,-3.934057992e-09
2191329761_3effd856c5.jpg,1.83635424e-10
270263570_3160f360d3.jpg,3.088468815e-09
3501386648_e11e3f3152.jpg,6.418219551e-10
2622971954_59f192922d.jpg,-3.43432636e-09
514222285_aa0c8d05b7.jpg,1.328345588e-09
774009278_8e75b7d498.jpg,6.577887199e-11
3656225270_cdf89e3240.jpg,-2.803624564e-09
1001773457_577c3a7d70.jpg,-2.985080915e-09
2140305708_591d10b54d.jpg,-1.023205792e-08
2192333873_2a0cbe849d.jpg,6.199870321e-11
1459032057_97e73ed6ab.jpg,-3.565203313e-09
2676937700_456134c7b5.jpg,-5.122390458e-09
1419286010_b59af3962a.jpg,-4.234358669e-10
2591110592_ef5f54f91c.jpg,5.025917559e-09
3380364224_2626d9d354.jpg,-3.086703699e-09
2394919002_ed7527ff93.jpg,-6.508420097e-09
3635194562_4c1dfa120a.jpg,5.046720631e-09
3711826708_bba64fb1e1.jpg,3.291098098e-09
2833582518_074bef3ed6.jpg,1.189510235e-09
1151466868_3bc4d9580b.jpg,3.946743992e-10
3523819210_99782628fc.jpg,3.502823128e-10
1009434119_febe49276a.jpg,4.495025825e-09
3712008738_1e1fa728da.jpg,-5.961106802e-10
247637795_fdf26a03cf.jpg,-1.553457362e-09
496110746_a93ca191ae.jpg,-3.868901317e-09
3159569570_dff24e7be9.jpg,4.506655787e-10
475980315_b8ecd50094.jpg,-1.481997368e-09
3205336477_037d4b6bd9.jpg,-2.319592547e-10
3640661245_c8c419524d.jpg,2.848049841e-09
3614542901_29877fc342.jpg,-2.782529066e-10
2562347802_c049a2ba88.jpg,1.167872423e-08
842960985_91daf0d6ec.jpg,6.731447817e-09
611910909_4f8e43e070.jpg,-3.266341431e-09
1204996216_71d7519d9a.jpg,1.030315019e-09
411863595_d77156687e.jpg,-3.870393312e-09
3112821789_1f7c3bbb99.jpg,-2.640354954e-09
515755283_8f890b3207.jpg,1.918926277e-09
3273325447_81c94000da.jpg,-3.845484128e-09
2339573065_91f1e3be60.jpg,-2.65761724e-09
1417295167_5299df6db8.jpg,-8.567333963e-09
3637966641_1b108a35ba.jpg,8.368673833e-10
2674784195_704f6b79d0.jpg,-4.652566542e-09
3568219100_dfbffddccd.jpg,1.742459521e-09
297169473_d3974e0275.jpg,-1.967133639e-09
2335428699_4eba9b6245.jpg,-7.643117303e-09
3224578187_749882c17f.jpg,1.366342141e-09
3520922312_e58a6cfd9c.jpg,-2.119662551e-09
172097783_292c5413d8.jpg,-2.6203587e-10
2272548482_0b4aec5cdd.jpg,-1.713222284e-09
3728015645_b43a60258b.jpg,-5.496483566e-09
2305437797_e6c3460190.jpg,7.111122156e-09
486720042_b785e7f88c.jpg,2.498053269e-09
241347803_afb04b12c4.jpg,2.155357711e-09
3247598959_5b2348444c.jpg,5.238454782e-09
3597210806_95b07bb968.jpg,-8.399056314e-10
512550372_438849ce19.jpg,-7.874269567e-11
3656104088_a0d1642fa9.jpg,-5.902040524e-09
2545192257_142fe9e2de.jpg,-1.100052115e-10
610590753_cd69ce081a.jpg,-4.110013325e-10
549887636_0ea5ae4739.jpg,-4.10587826e-09
2298946012_22de913532.jpg,-4.016138206e-10
2387197355_237f6f41ee.jpg,-3.596720504e-10
3354489242_dd529ffa1f.jpg,-3.096935461e-09
199463720_329a802206.jpg,1.924975843e-09
3086810882_94036f4475.jpg,-5.523061342e-09
2510029990_7014f907cb.jpg,-6.424095101e-09
3456251289_c4ae31d817.jpg,-1.700185746e-09
2330062180_355ccbceb5.jpg,-7.512842017e-09
2271755053_e1b1ec8442.jpg,-1.910119779e-09
2861100960_457ceda7fa.jpg,-3.544074465e-09
3294179574_4f67e67d6f.jpg,8.791129551e-09
181415975_2627aa6668.jpg,-1.13486163e-09
394136487_4fc531b33a.jpg,-3.103636483e-09
2646615552_3aeeb2473b.jpg,1.2226351e-09
424779662_568f9606d0.jpg,7.236278068e-11
3332136681_9aecf101fd.jpg,1.095203831e-09
2472896179_245e7d142f.jpg,1.681117202e-09
278002875_d011ae9dc5.jpg,-4.09795577e-09
2222186636_85e03e0b75.jpg,-5.226439575e-09
3691670743_0ed111bcf3.jpg,-2.395436232e-09
317488612_70ac35493b.jpg,-6.569101392e-09
2620113705_a8fa89b8f6.jpg,1.800044429e-09
1389323170_d1c81d6b51.jpg,-4.719989726e-09
3456579559_b5c8927938.jpg,-1.056681267e-08
2800004913_c8394ba332.jpg,9.864858245e-10
3009383694_e045c6169e.jpg,-1.042341723e-09
3582685410_05315a15b8.jpg,-1.264266056e-09
2760371526_63f3d01760.jpg,-4.590670501e-09
3484841598_e26ee96aab.jpg,3.787490511e-09
424416723_19c56cb365.jpg,-2.039150397e-09
2135360514_7dcb9ed796.jpg,5.035405471e-09
3470951932_27ed74eb0b.jpg,4.853438212e-09
3410215754_5d5caeffaf.jpg,1.59320437e-09
3718007650_e5930b4509.jpg,6.201663004e-09
3215108916_0473007b47.jpg,6.465244786e-10
2311690895_0d6efe11c8.jpg,1.529531184e-09
215214751_e913b6ff09.jpg,-1.330783648e-09
3122888809_9ae9b4b9b2.jpg,-5.80175847e-09
1936215201_d03a75cbba.jpg,5.434544753e-09
3270047169_2ed289a9af.jpg,1.949480772e-09
3060519665_4d6b9a51b2.jpg,8.236590346e-09
3090398639_68c0dfa9a5.jpg,-2.940893954e-09
1580671272_3e99d94305.jpg,-1.788503689e-09
241346709_23204cc2bc.jpg,-1.664848587e-09
2109479807_eec8d72ca7.jpg,1.935324432e-09
2713554148_64cd465e71.jpg,4.279010905e-09
2831846986_5534425cfa.jpg,1.522656663e-09
2205328215_3ffc094cde.jpg,2.59818178e-09
2789238858_14261dd25a.jpg,-3.94016702e-09
2443229844_277cded27d.jpg,-1.210380164e-09
3019842612_8501c1791e.jpg,-1.489221835e-09
3352199368_b35f25793e.jpg,-1.120529983e-09
3082196097_2d15455b00.jpg,2.851074806e-09
322103537_184367bf88.jpg,-1.831446347e-09
3498423815_5b8fc097f4.jpg,9.534065801e-11
2789350645_96a2535b4d.jpg,5.533494815e-09
3228960484_9aab98b91a.jpg,-2.619320151e-09
2512683710_991c9d466d.jpg,-5.90401965e-09
3687995245_624b54090d.jpg,-5.127854462e-09
2299427360_422a3fb8b0.jpg,-4.882841743e-09
136639119_6040b00946.jpg,6.735780858e-11
1975171469_84e425f61b.jpg,-1.486748994e-09
2271667421_7b21fc23b8.jpg,-9.518413332e-10
2176874361_2b4149010b.jpg,4.274846174e-09
3532587748_7e64bb223a.jpg,-1.489818152e-09
3403263046_3cc701a07a.jpg,5.400357301e-10
3116731299_6139b25c18.jpg,4.673214273e-09
2165459064_5b81ff23eb.jpg,-1.080796612e-09
254295381_d98fa049f4.jpg,1.756486051e-09
3368207495_1e2dbd6d3f.jpg,-2.581288497e-09
2658360285_a0ec74ef48.jpg,1.953934095e-09
1426014905_da60d72957.jpg,2.967059844e-09
709373049_15b8b6457a.jpg,2.021188122e-09
1620397000_3883e3ecd3.jpg,-8.124272663e-09
2708582445_5e5999b956.jpg,-3.344351127e-09
1798215547_ef7ad95be8.jpg,-2.826722727e-10
3143953179_1c08c023a5.jpg,4.93943882e-10
2419186511_f0ce5f9685.jpg,3.858317469e-10
55470226_52ff517151.jpg,1.481719316e-09
160585932_fa6339f248.jpg,2.081209901e-09
3126795109_73920ed5dc.jpg,2.732097058e-09
241347243_c751557497.jpg,1.482946006e-09
3530687486_6e6be53602.jpg,-2.413973837e-09
439916996_1ddb9dc8e7.jpg,-5.543559315e-10
2354792215_eef2bdc753.jpg,6.568930665e-09
3543378438_47e2712486.jpg,3.822590017e-09
53043785_c468d6f931.jpg,4.676656908e-09
1321949151_77b77b4617.jpg,4.513357673e-09
2526585002_10987a63f3.jpg,-1.694324868e-09
3346040664_5b584e6133.jpg,-5.062509473e-09
639120223_7db6bdb61f.jpg,1.086265808e-09
1084040636_97d9633581.jpg,6.549208534e-09
3553056438_4e611a7a2a.jpg,-3.754515742e-09
135235570_5698072cd4.jpg,-7.84969797e-10
3254640083_eb34b8edfe.jpg,2.97649452e-09
3126724531_f483e1b92a.jpg,-1.031801668e-11
3609032038_005c789f64.jpg,5.601972699e-09
3053916979_848d32261b.jpg,3.557166795e-10
3205839744_24504ba179.jpg,1.433390148e-09
86412576_c53392ef80.jpg,-1.863062713e-09
2472634822_7d5d2858c0.jpg,3.011347504e-09
272940778_a184dbea42.jpg,1.058178898e-09
3182161610_4d349b257f.jpg,2.03896879e-11
2661437618_ca7a15f3cb.jpg,-5.232972779e-09
2598012140_832863fcb9.jpg,2.152714342e-10
3724738804_f00748a137.jpg,6.636760712e-10
3425851292_de92a072ee.jpg,-1.611496986e-09
2158247955_484f0a1f11.jpg,-6.483982496e-10
2873188959_ff023defa9.jpg,-1.159455546e-08
3417102649_5c0b2f4b4d.jpg,2.04459911e-09
1501811302_5e723fc529.jpg,-1.14132787e-09
2201978994_c444e64810.jpg,2.0982876e-10
3564157681_03a13b7112.jpg,1.672046858e-09
143688205_630813a466.jpg,4.109156322e-09
2708634088_a4686be24c.jpg,-1.029361024e-08
2249264723_d08655d9f2.jpg,6.239847741e-10
3585123310_9a8e94bd2b.jpg,2.621891695e-09
3323952123_deb50b0629.jpg,-1.239615875e-09
488549693_a1f51d8c4a.jpg,-2.75388862e-10
3744832122_2f4febdff6.jpg,-9.541487445e-09
3335997221_254366c400.jpg,-4.811643752e-09
272283076_2d4aa1d5cf.jpg,4.793626845e-09
1460500597_866fa0c6f3.jpg,-2.124730241e-09
3176072448_b84c99cf7f.jpg,-1.268130066e-09
2902661518_1513be3ea6.jpg,2.968402392e-09
143237785_93f81b3201.jpg,3.208508756e-09
3355683198_715fb1a2ac.jpg,1.015431961e-09
411175971_0fffd3b8c6.jpg,2.944289253e-10
2213113526_beeb4f9bdc.jpg,5.587202514e-09
3276448136_0d9f5069c5.jpg,3.67510054e-09
3604928725_58147c87cd.jpg,-4.79222443e-09
1273001772_1585562051.jpg,-9.553186924e-09
169490297_b6ff13632a.jpg,-1.204334439e-09
2346189044_546ed84aa9.jpg,-1.220440791e-09
2223382277_9efa58ec45.jpg,-5.720282282e-09
733172023_5810350af6.jpg,6.24954674e-11
968081289_cdba83ce2e.jpg,5.250694112e-09
3477712686_8428614c75.jpg,-5.146727757e-09
3197247245_9c93b60b8a.jpg,2.662253559e-09
2541104331_a2d65cfa54.jpg,3.159431914e-10
2836553263_b1a08c25ea.jpg,-3.060679117e-09
311196733_03966b4836.jpg,-2.504161272e-08
3157622277_9f59b4f62f.jpg,8.630300088e-09
537359971_6e28f5e66e.jpg,-9.506306888e-10
2788945468_74a9618cfa.jpg,7.403278286e-10
3005872315_e6771763bd.jpg,1.694487136e-09
2928152792_b16c73434a.jpg,-1.589064505e-09
3459419203_cd7c68ce4d.jpg,5.106533912e-09
2939475047_84585ea45c.jpg,-1.869060959e-09
2567812221_30fb64f5e9.jpg,-2.402891101e-09
3535372414_4c51c86fc4.jpg,-1.147985669e-09
3120266797_47e7d91614.jpg,4.278925633e-09
3088322308_b0c940b3a3.jpg,8.807928358e-10
416788726_5b4eb1466e.jpg,-3.093098884e-09
2578289278_01516d23a0.jpg,-4.830323345e-10
70995350_75d0698839.jpg,3.418464434e-09
1191338263_a4fa073154.jpg,3.409580902e-09
3522749949_fb615cee47.jpg,-3.068600197e-09
3151365121_e2a685a666.jpg,-1.877546957e-09
1523800748_a59e980eee.jpg,1.330162238e-09
3713324467_104d72f7db.jpg,-3.729796381e-10
2333584535_1eaf9baf3e.jpg,-2.944681271e-09
3627679667_0e3de9fc90.jpg,4.308224695e-09
2765747519_2b851e01d6.jpg,4.944952969e-09
1539166395_0cdc0accee.jpg,7.716928967e-09
3335773346_ac0d97efeb.jpg,1.252219515e-09
2894576909_99c85fd7a7.jpg,-4.841342342e-09
3220161734_77f42734b9.jpg,4.09070724e-09
2987775031_3f9ac69319.jpg,9.415413656e-09
2490687446_9d46fdf5a9.jpg,7.911315034e-09
3512127856_18a4c7aace.jpg,-1.153393148e-09
2935703360_4f794f7f09.jpg,-2.067727915e-09
384465370_9918873f9a.jpg,-7.011569687e-10
3360994630_d4616c1b14.jpg,-7.479874899e-09
345284642_77dded0907.jpg,9.353540178e-09
2410040397_1a161a1146.jpg,1.093835797e-09
874665322_9ad05c4065.jpg,2.603144577e-09
3474330484_a01d8af624.jpg,7.366959033e-09
2418191216_82711d5c5c.jpg,4.439324492e-09
2460134050_06de9f5c4a.jpg,3.004222656e-09
111537222_07e56d5a30.jpg,3.63492569e-09
295433203_8185c13e08.jpg,2.513679344e-09
241347460_81d5d62bf6.jpg,1.80400689e-09
3549583146_3e8bb2f7e9.jpg,-1.733532473e-09
251586160_a31b187a37.jpg,-1.28775661e-09
3194134352_bc1b2a25d7.jpg,2.607935644e-09
3155657768_b83a7831e5.jpg,-3.785369415e-09
2522467011_cc825d89ac.jpg,6.266358153e-09
759015118_4bd3617e60.jpg,6.202098328e-09
802594049_289e3c8420.jpg,-6.613197076e-09
3133044777_8cc930a4ec.jpg,1.402198103e-09
2532262109_87429a2cae.jpg,-3.458519316e-09
2315807231_6948b3f3a5.jpg,-7.085656628e-09
1028205764_7e8df9a2ea.jpg,-1.07726048e-09
498748832_941faaaf40.jpg,3.061071981e-09
3326376344_3306bf439e.jpg,8.595622738e-09
2600170955_bf30c5d5c0.jpg,8.835829311e-10
506738508_327efdf9c3.jpg,3.67489416e-09
3725353555_75c346d7ec.jpg,1.84021132e-09
3529211822_1dabdb3a9c.jpg,-5.592323535e-09
3217909454_7baa0edbb2.jpg,-2.781301006e-09
3523471597_87e0bf3b21.jpg,-2.902108551e-09
3374759363_d6f7a0df41.jpg,4.330308302e-09
2555638166_2f0847d57d.jpg,1.15589461e-09
2813033949_e19fa08805.jpg,6.436944144e-10
3713133789_f05e8daffd.jpg,-5.845809543e-09
3227594168_3351722aae.jpg,-6.192745652e-09
3535284878_f90f10236e.jpg,-1.326711724e-08
2986716822_e220754d32.jpg,9.425881649e-09
3547647914_4dd56a8c1b.jpg,8.164465083e-09
2822148499_eaa46c99d4.jpg,-3.276096843e-09
3107463441_7c68606450.jpg,-2.8446699e-09
2286235203_af3cd8f243.jpg,-2.62976501e-09
2265367960_7928c5642f.jpg,3.035137249e-09
3394654132_9a8659605c.jpg,-2.416259452e-09
2896668718_0c3cff910f.jpg,-5.167170838e-09
3223224391_be50bf4f43.jpg,-1.78138985e-09
2260369648_e21ae6494a.jpg,-2.321878001e-09
2918769188_565dd48060.jpg,-3.949145245e-09
2673564214_3a9598804f.jpg,4.542797937e-09
308307853_5a51fbdecc.jpg,-2.967000217e-09
3561433412_3985208d53.jpg,8.077044232e-09
2623982903_58ec7c5026.jpg,-1.770290454e-10
241347689_d0b1ac297d.jpg,1.266822965e-09
1351315701_6580b51c41.jpg,-4.498339135e-10
3134341610_3c55e373a7.jpg,-7.644096266e-09
2218609886_892dcd6915.jpg,-3.744906592e-09
2503629305_055e9ec4b1.jpg,6.334742332e-09
456299217_b2802efbc2.jpg,3.511563215e-09
3315323307_bd148a8964.jpg,-5.289233162e-09
3068735836_872fba3068.jpg,4.510893367e-09
3431487300_0123195f9b.jpg,-1.978900361e-09
3582048078_7bac2d8473.jpg,3.080885658e-09
2198494923_8159551be4.jpg,2.877772025e-09
3065468339_4955e90fd3.jpg,-7.711815e-10
3647750811_395fbd397e.jpg,8.582338785e-09
3544793763_b38546a5e8.jpg,-2.253757323e-09
365128300_6966058139.jpg,-4.499485843e-09
3561130207_d1ed166daa.jpg,5.77311041e-09
1348891916_ebd4413033.jpg,4.166721631e-09
395461421_c586b136de.jpg,-7.81910265e-09
3187364311_4c2a87083b.jpg,1.399917886e-09
57422853_b5f6366081.jpg,2.294864281e-09
3139118874_599b30b116.jpg,3.995100118e-12
3474999131_788cbf253f.jpg,5.480780866e-09
3496983524_b21ecdb0c7.jpg,-7.92505716e-09
2679926555_b11cf45595.jpg,2.692610303e-09
3344948183_5b89379585.jpg,-1.853862796e-09
3155279929_d1cddbe7cf.jpg,-2.29222195e-09
2756765580_9e57e10f0d.jpg,-2.399932158e-09
3174156702_95a1cda2d9.jpg,2.886195418e-10
3477715432_79d82487bb.jpg,4.904020567e-11
2178306830_6af49375b4.jpg,-6.461727967e-09
2107837987_ffecfc367a.jpg,-2.451436242e-09
3667822570_d39850e217.jpg,-8.592825933e-10
762947607_2001ee4c72.jpg,-5.616907688e-10
325005410_e1ff5041b5.jpg,-1.778508777e-10
2086532897_b8714f2237.jpg,3.0099032e-09
3386375153_20c56d0aae.jpg,-1.408408145e-09
458213442_12c59e61a0.jpg,-5.99558309e-10
2280354512_c0d035d53f.jpg,7.051704437e-11
109671650_f7bbc297fa.jpg,1.501009434e-09
468141298_3154d717e1.jpg,1.845553449e-09
2053733930_e245615ad4.jpg,-6.859048717e-09
2452238877_2340609c6e.jpg,2.152956666e-09
3568197730_a071d7595b.jpg,-8.549793053e-10
2573625591_70291c894a.jpg,9.315538837e-09
3673032164_6c6843de87.jpg,-7.855736782e-09
2910758605_73a3f5a5c2.jpg,3.570070931e-09
1022975728_75515238d8.jpg,7.278319174e-09
2222498879_9e82a100ab.jpg,1.132881986e-09
2319087586_919472310f.jpg,-5.104474561e-09
3406802138_ef77bbddd0.jpg,1.096478347e-08
3402081035_a54cfab1d9.jpg,3.389115043e-09
3279228339_71deaa3d9b.jpg,5.760752499e-09
2920969723_83918fe909.jpg,6.46185141e-10
3171451305_f87b9e09ee.jpg,1.587624957e-09
2909955251_4b326a46a7.jpg,4.834883735e-10
1413956047_c826f90c8b.jpg,4.297857108e-09
3016651969_746bd36e68.jpg,-8.921229375e-09
2594042571_2e4666507e.jpg,-3.187949625e-09
2866529477_7e0c053ebc.jpg,3.424981413e-09
2947452329_08f2d2a467.jpg,-3.781017261e-09
3478176372_7c510a0cef.jpg,-1.824558542e-09
3454754632_977c1523be.jpg,-4.933801189e-10
3405720825_b6991005eb.jpg,5.946639146e-10
2831314869_5025300133.jpg,-4.695453493e-09
2624457062_89efc497a8.jpg,3.686459626e-09
57417274_d55d34e93e.jpg,2.005442198e-09
3273969811_42e9fa8f63.jpg,-1.088595336e-08
2771424045_1fdf9617eb.jpg,9.36641157e-10
2086678529_b3301c2d71.jpg,2.310494211e-09
3589367895_5d3729e3ea.jpg,-7.6619391e-11
3698944019_825ef54f2f.jpg,-1.281665448e-09
3396036947_0af6c3aab7.jpg,-2.273945495e-09
2254913901_569f568926.jpg,5.475167468e-09
463875230_f19e83d6df.jpg,8.599830419e-09
3099504809_565e17e49d.jpg,-9.506202191e-09
2856923934_6eb8832c9a.jpg,-1.064114324e-08
3016759846_062663f8ab.jpg,-8.319978809e-09
3527715826_ea5b4e8de4.jpg,6.389304206e-09
247691240_3881777ab8.jpg,-4.039650003e-09
2542662402_d781dd7f7c.jpg,-2.899972501e-09
2861932486_52befd8592.jpg,-6.404689768e-09
2429978680_1e18a13835.jpg,-2.762180837e-09
2972864304_481aeffe50.jpg,-4.800090386e-09
661755629_602ea4cf09.jpg,3.326414313e-09
1778020185_1d44c04dae.jpg,5.580228724e-10
3716244806_97d5a1fb61.jpg,4.42303205e-09
3526805681_38461c0d5d.jpg,2.756783906e-09
566921157_07c18a41e2.jpg,9.296111113e-10
2761599088_8b39cc5f41.jpg,-2.971160469e-10
352981175_16ff5c07e4.jpg,1.744263215e-09
3518126579_e70e0cbb2b.jpg,6.812329621e-09
2504764590_cf017c2a6e.jpg,-4.300534481e-09
3632572264_577703b384.jpg,7.61857391e-10
380537190_11d6c0a412.jpg,5.473619622e-10
3372022051_132b8e6233.jpg,3.859719475e-09
533979933_a95b03323b.jpg,-3.860029083e-09
2708686056_1b8f356264.jpg,4.036473953e-10
3410902181_b2a3c6eec9.jpg,-3.856900748e-09
3286198467_8880be127e.jpg,-4.181929308e-09
3528966521_2e871ff6a1.jpg,-1.039033863e-08
2886533440_dfa832f2fa.jpg,-1.690516957e-09
3154709407_9b0778cbeb.jpg,4.856100057e-09
2257798999_d9d1b9a45a.jpg,-4.54344357e-10
3378553508_e37e281d25.jpg,2.877163605e-09
3144705706_391d7b77c7.jpg,-3.446806734e-09
3363836972_c87b58c948.jpg,-3.568308719e-09
1258913059_07c613f7ff.jpg,7.313106381e-09
2244171992_a4beb04d8e.jpg,8.631380271e-10
3262475923_f1f77fcd9f.jpg,2.248635444e-09
3242919570_39a05aa2ee.jpg,3.461385073e-09
1042020065_fb3d3ba5ba.jpg,-1.320301592e-09
2978271431_f6a7f19825.jpg,-8.872788049e-09
3430607596_7e4f74e3ff.jpg,1.813400749e-09
1501985304_8c50093004.jpg,4.121847227e-09
3287969199_08e775d896.jpg,-3.38347678e-09
3545652636_0746537307.jpg,-4.570955688e-09
1295669416_21cabf594d.jpg,-1.479509672e-09
2992614450_b5a6692239.jpg,4.239257167e-09
3683644335_b70bed1d83.jpg,1.266374458e-08
3330007895_78303e8a40.jpg,2.203249119e-09
537230454_1f09199476.jpg,-3.203026071e-09
3386060324_b98fdfa449.jpg,-7.520275098e-09
754852108_72f80d421f.jpg,-1.999493246e-09
3482974845_db4f16befa.jpg,3.632392075e-09
3175434849_859f09fe07.jpg,-3.615104801e-09
2786245676_0a69543832.jpg,-1.220359961e-09
2256320794_0286c31bfa.jpg,-5.000128904e-10
3545793128_af3af544dc.jpg,3.630786855e-10
2899276965_a20b839cfd.jpg,3.898754138e-09
3122497129_d08f5729b8.jpg,6.080946093e-09
2591486448_48d5438343.jpg,2.638516029e-10
3163281186_e2f43dfb5f.jpg,4.667815487e-11
341665272_80d4d61376.jpg,-1.373051154e-10
3517040752_debec03376.jpg,-7.89255632e-10
3210419174_d083a16f77.jpg,-4.123936937e-09
719837187_3e7bf1d472.jpg,-3.0428153e-09
2734219983_fe86a60bf9.jpg,3.946217968e-10
327621377_0bc3b7fd26.jpg,-2.762787896e-09
2046222127_a6f300e202.jpg,-1.66555843e-09
2616508003_fa5ca5780d.jpg,6.742029975e-10
241347150_5ff37818c2.jpg,6.84549206e-09
1662261486_db967930de.jpg,-9.144498359e-10
256292144_b53aadae27.jpg,-1.927218378e-09
3267644370_f2728d6c7a.jpg,2.663997774e-09
3568505408_4e30def669.jpg,-1.748076325e-09
90011335_cfdf9674c2.jpg,-3.467075435e-09
3296715418_29542dcdc2.jpg,3.462689352e-09
381052465_722e00807b.jpg,8.680341095e-10
2652155912_8ba5426790.jpg,-5.056054221e-10
3186863842_5832573c5e.jpg,-3.464469893e-09
236730743_0d4fd8de5a.jpg,-1.732181405e-09
3168123064_d1983b8f92.jpg,2.119317276e-09
3187492926_8aa85f80c6.jpg,1.77693807e-10
3688005475_d200165cf7.jpg,-2.425596624e-09
3577309234_c952c2af86.jpg,5.053423018e-09
2930514856_784f17064a.jpg,-3.547987798e-09
232193739_ed5f348c7a.jpg,2.061031819e-09
3257277774_aba333a94c.jpg,8.882768719e-09
3759492488_592cd78ed1.jpg,2.393114887e-10
2110898123_07729c1461.jpg,2.337126585e-09
397815951_3b02090324.jpg,-8.739656197e-09
3057862887_135c61816a.jpg,-1.135611714e-09
2847615962_c330bded6e.jpg,1.815574742e-09
1309330801_aeeb23f1ee.jpg,-3.940146678e-09
2294516804_11e255807a.jpg,8.359481938e-10
513269597_c38308feaf.jpg,6.379183109e-09
3307978046_92fef4dfa9.jpg,-5.143487237e-10
2405599120_ec5f32af6f.jpg,2.82071269e-09
3243588540_b418ac7eda.jpg,-6.090246911e-10
3320680380_b0d38b3b4a.jpg,2.005121037e-09
3204922011_185e48949a.jpg,-1.182361502e-09
3123463486_f5b36a3624.jpg,4.605182129e-09
2752230113_b5dab6f0f1.jpg,4.74175843e-09
3292277400_f95cdd13d1.jpg,3.20643277e-09
506478284_7cf8bdbe36.jpg,-5.190695286e-09
1982852140_56425fa7a2.jpg,-3.927091235e-09
1429814475_0b592b9995.jpg,3.34760361e-09
2339946012_06bd480ab8.jpg,1.294082167e-09
1131800850_89c7ffd477.jpg,5.190668756e-09
3425685827_03683e8e5a.jpg,-4.207537954e-10
2021613437_d99731f986.jpg,6.992617434e-10
116409198_0fe0c94f3b.jpg,3.894684013e-10
3207264553_8cd4dcde53.jpg,-6.871735364e-10
3165750962_e2e3843679.jpg,-2.365894715e-09
2984704498_29b53df5df.jpg,7.100734886e-10
2858759108_6e697c5f3e.jpg,-4.727218885e-09
3185695861_86152b2755.jpg,6.090881311e-09
245252561_4f20f1c89e.jpg,-6.884490578e-10
3034585889_388d6ffcc0.jpg,-5.047849865e-09
3565654691_22b97d3994.jpg,-3.447276397e-09
2187503678_fd743e0a00.jpg,1.460459403e-10
2420730259_86e7f8a815.jpg,-2.018276348e-09
441398149_297146e38d.jpg,1.587606693e-09
524698457_77ba13840a.jpg,-1.19130856e-09
3417143124_6feb8290cc.jpg,1.631541237e-09
2098646162_e3b3bbf14c.jpg,2.319879448e-09
2687672606_275169c35d.jpg,-1.451779936e-08
3087095548_6df7c2a8ed.jpg,5.767533678e-09
3527590601_38d56abc29.jpg,-6.568997943e-09
1470132731_fa416b7504.jpg,-8.393080347e-09
3271084924_4778d556cc.jpg,3.83686971e-09
504765160_b4b083b293.jpg,4.196009139e-09
2800758232_d7fa598065.jpg,-5.32280192e-09
3459362347_c412ef9901.jpg,6.470659382e-09
3198247669_7493af04a7.jpg,1.896804728e-09
2694426634_118566f7ab.jpg,5.233724488e-09
2873522522_829ea62491.jpg,5.854918772e-10
300539993_eede2d6695.jpg,-1.455169487e-09
3411595210_8e0893b266.jpg,-2.994509807e-09
3049770416_0fb1954315.jpg,-6.769162625e-09
3419916411_72934edcdb.jpg,-8.923319586e-10
3470008804_0ca36a7a09.jpg,4.199303e-09
150582765_bad8dec237.jpg,-1.78576944e-09
252578659_9e404b6430.jpg,5.765386524e-09
2363006088_b3e3aa5c0b.jpg,-7.615170813e-09
2710698257_2e4ca8dd44.jpg,5.516759117e-09
451597318_4f370b1339.jpg,-6.836940759e-09
3560891822_7d4c1e3580.jpg,-3.051426102e-09
3572267708_9d8a81d4a4.jpg,1.715675419e-09
2439154641_bbf985aa57.jpg,-8.777476609e-10
2660008870_b672a4c76a.jpg,6.418539274e-09
314904143_5a216a192b.jpg,-1.771252398e-09
2225241766_f1e7132e3e.jpg,-6.408988715e-09
95728664_06c43b90f1.jpg,-3.111460731e-09
2246717855_c0c08fe5d2.jpg,-7.731347764e-11
224766705_b77996527f.jpg,-1.485136975e-09
3601978895_9fec23ce0c.jpg,1.11419236e-09
495054019_3dee8a02f5.jpg,-2.743219227e-10
2053777548_108e54c826.jpg,1.064597076e-09
354642192_3b7666a2dd.jpg,-3.040549656e-09
1584315962_5b0b45d02d.jpg,1.472369274e-09
1597319381_1e80d9e39c.jpg,-5.497579937e-10
2909875716_25c8652614.jpg,9.755411129e-09
2744690159_fe2c89e55b.jpg,-1.370644708e-09
129599450_cab4e77343.jpg,-6.144910974e-10
3258874419_23fec1bdc1.jpg,-1.314241968e-09
2500826039_165e75b20c.jpg,-8.509298088e-10
538825260_a4a8784b75.jpg,2.545062351e-09
3232030272_b2480a5fe7.jpg,-1.732349792e-09
403523132_73b9a1a4b3.jpg,2.796352363e-09
23445819_3a458716c1.jpg,2.132061722e-09
3701509233_a2275a4e57.jpg,5.022861234e-09
2719102611_fef453bf30.jpg,1.398122297e-10
255091927_2eb643beb2.jpg,-1.685130425e-09
3426724811_137855b4f7.jpg,-4.148118635e-09
3373069977_bc73e9e409.jpg,-5.091931849e-09
3534512991_f9fd66f165.jpg,-5.407675347e-10
3387630781_f421a94d9d.jpg,4.535427143e-09
3389448506_7025e7cc12.jpg,2.872847958e-09
2907244809_07ab2c6b6c.jpg,-1.626352662e-09
3427301653_4ff0d6fd93.jpg,-1.041984004e-09
2073174497_18b779999c.jpg,1.874030494e-09
2136455112_202c093ba4.jpg,1.240284539e-09
3672944692_8d24a44fc6.jpg,-8.271132435e-12
1255504166_f2437febcb.jpg,2.648732332e-09
236095031_5cb17dc54a.jpg,3.126776204e-09
3606942887_1159d92548.jpg,-8.137170959e-09
3696698390_989f1488e7.jpg,4.191706791e-09
427936315_0b8f7b8d23.jpg,-2.744294581e-09
2472250097_a3191a94b3.jpg,-1.195169924e-09
2665904080_8a3b9639d5.jpg,4.517468085e-09
3259160693_067ec7ebc3.jpg,2.611911378e-09
3222496967_45d468ee66.jpg,-5.84665637e-09
2789688929_9424fceed1.jpg,-1.986044111e-09
1962729184_6996e128e7.jpg,-1.08187696e-09
343073813_df822aceac.jpg,1.45215407e-09
3086790344_9487c58624.jpg,9.842737386e-11
2710563762_06d48329d7.jpg,-4.797002823e-10
2271264741_aa8f73f87c.jpg,-1.27864532e-09
3283913180_7d4e43602d.jpg,-1.274070191e-10
3535304540_0247e8cf8c.jpg,-5.389915377e-09
2949337912_beba55698b.jpg,-1.068927304e-09
2855594918_1d1e6a6061.jpg,4.139122683e-09
3477672764_7f07657a26.jpg,-6.455728987e-09
3704995657_e2e114083d.jpg,-2.041695483e-09
2095435987_1b7591d214.jpg,5.684003154e-09
3401039304_424ffc7dbf.jpg,5.956203926e-09
2729655904_1dd01922fb.jpg,1.126003062e-11
2515247156_c1b759fc33.jpg,7.076047319e-10
3671950830_b570bac1b9.jpg,-3.352854544e-09
3421129418_088af794f7.jpg,-6.240276978e-09
3403797144_53e49412ec.jpg,7.759161685e-10
3223973114_6c15538ce9.jpg,5.480383078e-10
2812590023_50182bc417.jpg,3.345432213e-09
2445442929_8c81d42460.jpg,7.508644943e-09
2204695848_3d1b140212.jpg,1.301859228e-09
3724581378_41049da264.jpg,-5.383565963e-09
3458577912_67db47209d.jpg,6.353164527e-09
3384528359_e920154177.jpg,-6.483109834e-09
1463732130_a754441289.jpg,6.495344221e-10
2775249812_f4db95e818.jpg,5.443147206e-09
3216926094_bc975e84b9.jpg,2.840343449e-09
3211289105_e0360a9c7f.jpg,-9.332342707e-11
2265096094_8cc34d669c.jpg,4.024910614e-10
3217266166_4e0091860b.jpg,2.107321493e-09
469021173_aa31c07108.jpg,-7.742476057e-09
2707873672_15e6b5d54b.jpg,-9.143867446e-10
2148991939_3b9fd6c439.jpg,1.08887612e-10
3638908276_b1751d30ff.jpg,2.995091071e-09
3610687607_895fdc94bd.jpg,-8.171150121e-09
696663662_232edd58af.jpg,3.035584273e-09
3030824089_e5a840265e.jpg,2.935647963e-09
2707969386_94dde00ce4.jpg,-3.264881504e-09
3643684688_2f7157b23d.jpg,3.803394346e-09
3286111436_891ae7dab9.jpg,-3.015001781e-09
2991994415_504d1c0a03.jpg,-1.071097661e-09
2921112724_5cb85d7413.jpg,-3.247016296e-09
248646530_03c6284759.jpg,8.060203146e-09
2017276266_566656c59d.jpg,4.591641965e-09
501650847_b0beba926c.jpg,-5.742594193e-10
138718600_f430ebca17.jpg,-9.316814281e-10
3240351042_5d29c94b0e.jpg,3.525738106e-09
3286406057_a1668655af.jpg,2.572325703e-10
241347611_cb265be138.jpg,-1.973182329e-09
3563871276_c8b2a00df5.jpg,1.07648808e-10
3399312265_9c74378692.jpg,1.40438023e-09
2291511815_ac083fddbd.jpg,3.115616399e-09
582788646_dc40748639.jpg,7.489924041e-10
1352398363_9cc8ffcce9.jpg,5.84523623e-11
3394750987_a32ecc477e.jpg,-1.824460709e-09
2863027424_9c75105660.jpg,7.444177112e-09
2247889670_413db8094b.jpg,2.367220474e-09
3046286572_d2050ab0d9.jpg,1.259015325e-09
3730457171_e66dde8c91.jpg,2.405647653e-09
386160015_d4b31df68e.jpg,-4.315278361e-09
422756764_e7eaac76bf.jpg,5.01818447e-09
339350939_6643bfb270.jpg,-1.374979603e-09
2281006675_fde04e93dd.jpg,-7.864140743e-10
3081182021_22cfa18dd4.jpg,9.998814423e-09
2822891602_ff61df2ece.jpg,-3.101646721e-09
3277162496_dff7eeb59e.jpg,-2.610366435e-10
1389651420_8d95d8f6ed.jpg,3.489499516e-09
2205088706_d7e633e00d.jpg,4.883061658e-09
2637959357_dd64a03efa.jpg,-5.702747039e-09
3404012438_9baf8dcbaf.jpg,3.077120838e-09
1998457059_c9ac9a1e1a.jpg,-2.348429694e-09
2864340145_d28b842faf.jpg,-8.506437554e-10
3385246141_a263d1053e.jpg,-9.470773591e-10
2396100671_3a9d67f03d.jpg,-3.979985694e-09
2374570771_c395fc224a.jpg,-2.687435927e-09
3662871327_b128d25f04.jpg,8.959453834e-10
1952896009_cee8147c90.jpg,3.043724077e-10
2537583012_4a358a6a8a.jpg,-4.048441355e-09
3131990048_369b081021.jpg,1.295654845e-08
514431934_9cf78f05a9.jpg,3.345585966e-09
340425915_490293058f.jpg,2.587002347e-09
3179952488_c1c812a03b.jpg,4.861934999e-09
2654943319_d17fee7800.jpg,-1.180671637e-09
2534424894_ccd091fcb5.jpg,1.084205693e-08
2621771656_09a620da6d.jpg,-1.026408731e-09
223299142_521aedf9e7.jpg,1.092055975e-09
3225058391_a12d38d911.jpg,-1.316004835e-09
3188036349_8e4e2d6ca8.jpg,-1.337366202e-09
2484190118_e89363c465.jpg,-3.912460956e-09
512101751_05a6d93e19.jpg,3.411831145e-09
1356543628_c13ebe38fb.jpg,-3.772828878e-09
207930963_af3a2f1784.jpg,1.186365717e-09
3265162450_5b4e3c5f1b.jpg,-6.956975359e-10
1234817607_924893f6e1.jpg,-3.554269691e-10
3362871440_6c0f27c480.jpg,-1.164988095e-09
3396043950_12783c5147.jpg,-4.8807257e-09
2636876892_9353521a1c.jpg,5.637340045e-10
460935487_75b2da7854.jpg,9.86938498e-09
636503038_17ca82b50f.jpg,-5.319672562e-09
3634281981_d9cf1d1a33.jpg,7.418024482e-09
2873065944_29c01782e2.jpg,-1.466142354e-09
492493570_c27237a396.jpg,-3.802773883e-09
3438981089_2ef1a6353c.jpg,4.852258437e-09
3666324102_18ecdf8253.jpg,2.486256887e-09
3029463004_c2d2c8f404.jpg,-7.564604411e-10
2976946039_fb9147908d.jpg,2.268610108e-09
3178300150_d4605ff02c.jpg,8.968593871e-10
1514957266_a19827c538.jpg,8.931900252e-11
3413973568_6630e5cdac.jpg,-4.376813331e-09
3185409663_95f6b958d8.jpg,2.017694886e-09
498404951_527adba7b8.jpg,1.923651197e-09
359837950_9e22ffe6c2.jpg,-8.841484901e-10
3535056297_e16f014cb7.jpg,5.702694791e-09
3242718240_3358f2d6e6.jpg,-4.711381294e-09
3500399969_f54ce5848f.jpg,4.721511647e-09
2552723989_7bc93e0f7b.jpg,-1.824320576e-09
2824004868_1fc0a81173.jpg,-1.874180395e-09
3094568845_d0b56c5651.jpg,3.557814447e-09
3035949542_cb249790f5.jpg,3.185254896e-09
299572828_4b38b80d16.jpg,-4.634954266e-10
3552435734_04da83b905.jpg,-8.03522219e-10
2089542487_b4c1ee7025.jpg,5.703633789e-09
1390268323_2c8204e91c.jpg,-2.239648548e-09
3684518763_f3490b647a.jpg,-2.724142819e-09
2279980395_989d48ae72.jpg,2.051404155e-10
2130203183_49bae96b96.jpg,1.684975154e-09
618292739_0fdc2ccab0.jpg,2.495851027e-09
3721881082_afe9fc734e.jpg,-4.045696355e-09
3333921867_6cc7d7c73d.jpg,-9.855752261e-09
3589267801_5a222e3a60.jpg,1.116834007e-09
3527184455_1a9c074ff2.jpg,1.212407144e-08
3480379024_545e8ec818.jpg,-8.458941532e-09
2693425189_47740c22ed.jpg,-1.642235181e-09
322791392_aa3b142f43.jpg,-3.140249339e-10
136644885_f7d2bbf546.jpg,4.512070844e-10
390992388_d74daee638.jpg,-4.133517554e-09
639865690_d66d480879.jpg,4.29569851e-09
2971478694_79e46ea7e5.jpg,1.902493429e-09
2244551043_21b8cca866.jpg,5.901540722e-09
2998504949_1022fec53b.jpg,5.674015161e-09
1247181182_35cabd76f3.jpg,-1.3584769e-09
2356664078_4b1e6e465d.jpg,3.65732167e-09
1368338041_6b4077ca98.jpg,4.082572556e-09
783994497_4f6885454d.jpg,-2.335281003e-09
3261666285_86fceb762d.jpg,4.459854979e-09
3484832904_08619300d9.jpg,7.770064307e-09
2229509318_be3fef006b.jpg,7.380000463e-09
1229756013_94663527d7.jpg,-1.552130199e-09
2448270671_5e0e391a80.jpg,5.809409961e-10
3415113018_7b95ddcd11.jpg,3.594026476e-09
448590900_db83c42006.jpg,1.179265302e-09
228949397_9e63bfa775.jpg,2.194185571e-09
3561537309_e271d57492.jpg,1.966074854e-09
3475005101_6f6e437459.jpg,-5.023239694e-10
753578547_912d2b4048.jpg,-5.418795015e-10
3429194423_98e911a101.jpg,-6.260494956e-09
3529721084_4b405baf54.jpg,1.543266512e-09
694496803_f2a05869cf.jpg,3.614320336e-09
3228517564_74b00a923b.jpg,-3.468428477e-09
2218843713_cf28ea319e.jpg,-1.136130876e-09
2782433864_5a0c311d87.jpg,1.578330485e-09
2218519240_cac5aab53c.jpg,-3.41564031e-09
3266261886_36e1323d2f.jpg,6.821454222e-10
2354829523_9542fc74ba.jpg,-9.484606055e-10
3650986674_3e101c606b.jpg,-2.920398773e-11
501684722_0f20c4e704.jpg,2.222769439e-09
3282634762_2650d0088a.jpg,2.606160652e-09
3279025792_23bfd21bcc.jpg,5.257430567e-09
3351586010_7ffaa90ea8.jpg,2.022675119e-10
3562302012_0cbcd01ff9.jpg,-2.656926963e-09
3255620561_7644747791.jpg,-3.065257181e-09
3341782693_426bf7139b.jpg,-7.360148449e-10
2084217208_7bd9bc85e5.jpg,7.697808912e-09
3159447439_c1496cbaea.jpg,-6.670215338e-10
2275372714_017c269742.jpg,-1.133546638e-09
367673290_f8799f3a85.jpg,1.079002636e-08
566397227_a469e9e415.jpg,3.261561969e-09
428483413_b9370baf72.jpg,-3.931250678e-09
708860480_1a956ae0f7.jpg,-9.001251686e-09
3423225860_16e26eef74.jpg,-3.084730105e-09
2578395598_6982734d46.jpg,1.407221156e-09
2045109977_b00ec93491.jpg,-1.337245867e-09
3512791890_eb065b460a.jpg,1.284047304e-09
3564742915_5f940b95b4.jpg,-2.86682824e-09
3364258732_9942c557e5.jpg,-2.371319101e-09
222878446_32c6fc4bc9.jpg,3.964179432e-09
2992808092_5f677085b7.jpg,-2.618046767e-10
1237985362_dbafc59280.jpg,-3.565964815e-09
3169276423_6918dd4da1.jpg,2.560787667e-09
3680218298_582e6a2289.jpg,7.527946965e-09
521186251_e97d1f50f8.jpg,4.737981416e-09
2701603045_6cbdc4ce7c.jpg,1.071522893e-09
3173215794_6bdd1f72d4.jpg,-8.261275345e-09
2853743795_e90ebc669d.jpg,-2.559694179e-10
2607462776_78e639d891.jpg,-2.328829244e-09
2157173498_2eea42ee38.jpg,-2.95945823e-09
3638688673_176f99d7fd.jpg,-8.53830787e-10
3008370541_ce29ce49f0.jpg,-6.52050602e-09
2217728745_92b6779016.jpg,1.074104273e-08
369360998_ba56fb436f.jpg,-1.918002641e-09
2882056260_4399dd4d7c.jpg,5.603083765e-10
1370773415_967b1ffde1.jpg,-5.703758425e-10
693164706_9624582e69.jpg,-9.759445793e-09
3449846784_278bc1ba92.jpg,-4.795581374e-09
3658427967_6e2e57458d.jpg,7.550769697e-09
3428038648_993a453f9e.jpg,4.570598616e-09
1579198375_84b18e003a.jpg,-1.976402765e-09
2844747252_64567cf14a.jpg,-1.013599527e-08
2838619742_eed855d8a8.jpg,-2.448807677e-09
3741462565_cc35966b7a.jpg,-4.239904627e-09
3350671534_2a5d45a961.jpg,1.643799245e-09
3584561689_b6eb24dd70.jpg,-6.584039335e-09
2654514044_a70a6e2c21.jpg,3.621073508e-09
2526041608_a9775ab8d7.jpg,-1.683032991e-09
3677514746_26f5588150.jpg,-1.68533203e-09
3122606953_a979dd3d33.jpg,-3.518136378e-09
2839890871_4b7c7dbd96.jpg,8.744930059e-10
107582366_d86f2d3347.jpg,-6.243834267e-09
2977379863_2e8d7a104e.jpg,3.103112871e-09
170100272_d820db2199.jpg,3.391467764e-09
3165123595_8db9f918bf.jpg,1.199803568e-09
1937262236_cbf5bfa101.jpg,-4.084649267e-09
3429351964_531de1bf16.jpg,5.987474046e-09
3103340819_46de7954a9.jpg,5.847819455e-10
3612484827_0e479f9ee8.jpg,3.900605771e-10
2435685480_a79d42e564.jpg,2.380372418e-09
862156271_3eacea90a8.jpg,2.790911254e-09
3229442620_fd47d01b59.jpg,1.655828505e-09
3511062827_cd87871c67.jpg,-7.83504141e-09
2807177340_bc85291df5.jpg,1.11260917e-08
3477681171_b1bb8b211d.jpg,-8.944890411e-10
2724485630_7d2452df00.jpg,1.396408727e-09
2597873827_a5cb3e57ba.jpg,2.789081311e-10
3564907603_14ccc655f1.jpg,-7.600766158e-09
3517023411_a8fbd15230.jpg,9.344331919e-10
2833431496_09d999db4d.jpg,2.541207943e-09
3109688427_d2e702456c.jpg,8.310050633e-10
3099923914_fd450f6d51.jpg,2.423264795e-10
93922153_8d831f7f01.jpg,-7.027150628e-09
2577972703_a22c5f2a87.jpg,-6.120921895e-09
2505360288_c972bd29c4.jpg,-5.068198365e-09
2085078076_b9db242d21.jpg,2.021983347e-09
3254817653_632e840423.jpg,9.937783967e-10
2607099736_8681f601d9.jpg,-2.860253655e-09
3017220118_6a9212dfdb.jpg,1.804624862e-09
3537920947_6c5a956f47.jpg,3.916768624e-09
1463732807_0cdf4f22c7.jpg,1.725372485e-09
2913207978_9e9624e249.jpg,3.883390194e-09
2596474836_79468f23a0.jpg,-1.359176743e-09
3329254388_27017bab30.jpg,9.157514457e-10
3498240367_cbd8c6efbf.jpg,-2.260185122e-09
3630102841_b4c3e00b2c.jpg,-6.314886779e-09
3349968447_b5d4a477b2.jpg,2.409462031e-09
2266061169_dfbf8f0595.jpg,-1.580641282e-09
2363419943_717e6b119d.jpg,-1.538704474e-09
241346352_c5a0ea43c6.jpg,-2.488239808e-09
2890113532_ab2003d74e.jpg,3.540959811e-09
3450776690_38605c667d.jpg,3.640157278e-10
3515358125_9e1d796244.jpg,-1.945158356e-09
1299459550_1fd5594fa2.jpg,3.02795332e-09
268365231_a0acecdc45.jpg,-4.534042283e-09
481887827_f8975dabf1.jpg,3.821244064e-09
537559285_29be110134.jpg,1.816924202e-09
190965502_0b9ed331d9.jpg,-4.023451202e-10
3642220260_3aa8a52670.jpg,6.221507234e-09
1786425974_c7c5ad6aa1.jpg,9.332776675e-10
448257345_ce149c2ea6.jpg,8.479669075e-10
3681575323_433d007650.jpg,-6.854609707e-09
1417882092_c94c251eb3.jpg,-7.384039411e-09
487071033_27e460a1b9.jpg,4.81420073e-09
2555622234_3e531e4014.jpg,3.321277281e-09
130211457_be3f6b335d.jpg,-3.15276509e-09
278105206_df987b0ca0.jpg,1.214470906e-09
2745441424_5659f6acc8.jpg,3.957056568e-09
3501313414_ae865b6fdf.jpg,-1.495362741e-09
3557316485_574a5f7a89.jpg,8.908431631e-09
246041128_bedb09ed74.jpg,-2.44698854e-09
3618908551_7fd2de5710.jpg,-6.548953084e-09
2647049174_0fb47cee2e.jpg,-2.624856163e-10
2056930414_d2b0f1395a.jpg,-3.33773256e-10
2354540393_a149722680.jpg,1.885601339e-09
211277478_7d43aaee09.jpg,-2.095481647e-09
539801139_7258ee437f.jpg,9.912099607e-09
2292406847_f366350600.jpg,-3.885916883e-09
210625425_fb1ef5d23b.jpg,3.694641325e-10
1576185717_f841ddc3da.jpg,-3.544860362e-09
3431121650_056db85987.jpg,1.457710523e-09
1809796012_a2dac6c26b.jpg,4.483005483e-09
229978782_3c690f5a0e.jpg,-1.152458125e-09
2911919938_6bb6587a36.jpg,-3.718902203e-09
2076906555_c20dc082db.jpg,-2.600439482e-09
3231751379_10ebf7150c.jpg,-2.719176246e-09
2858903676_6278f07ee3.jpg,1.344019847e-11
3613323772_d15cef66d1.jpg,-2.484761415e-09
2144050118_3e7d2e05b1.jpg,5.882044088e-09
2701895972_8605c4e038.jpg,3.978304428e-09
3208987435_780ae35ef0.jpg,9.267023354e-09
1235685934_be89b231fb.jpg,-7.129169647e-09
2384728877_48c85d58af.jpg,-2.426876089e-09
1418019748_51c7d59c11.jpg,-9.114005173e-11
3143159297_6f2f663ea6.jpg,5.110859787e-09
321229104_3cbaf0f51c.jpg,-5.289981592e-10
3340575518_137ce2695f.jpg,3.110008561e-09
300274198_eefd8e057e.jpg,-3.997171033e-09
2099323664_bb20457f26.jpg,3.331760744e-09
3352791995_8db4979aca.jpg,-7.604288045e-10
3379839396_0cd84b55f1.jpg,-7.823321406e-09
1432179046_8e3d75cf81.jpg,-5.214697005e-09
3532200762_b28c39d311.jpg,2.648801404e-09
2110692070_8aaaa1ae39.jpg,-5.463860051e-09
3347666612_659e6e2207.jpg,1.944232651e-10
3472270112_0a7cb7b27c.jpg,2.200217416e-09
524031846_28b11bc0e5.jpg,5.268917022e-09
3341477531_4e37450f35.jpg,1.069149676e-08
3484842724_ef1124c87a.jpg,3.442784668e-10
491405109_798222cfd0.jpg,6.450677327e-10
3667157255_4e66d11dc2.jpg,6.067197851e-10
2299859649_07ca44a222.jpg,6.063203886e-09
3121521593_18f0ec14f7.jpg,-7.825710228e-10
837919879_94e3dacd83.jpg,-2.256482541e-11
3484625231_5b1a1a07b8.jpg,-2.649539509e-09
3030566410_393c36a6c5.jpg,1.563347743e-09
404702274_fa8b3fe378.jpg,-8.773661781e-10
3030294889_78b2ccbe51.jpg,2.678368791e-09
1547883892_e29b3db42e.jpg,-1.745545978e-09
1505686764_9e3bcd854a.jpg,-8.112628873e-09
2842849030_89548af61c.jpg,-1.944491883e-09
3120648767_812c72eabe.jpg,2.817006962e-09
480505313_2dc686e5db.jpg,-1.745618972e-09
2092870249_90e3f1855b.jpg,-7.970303476e-09
2856524322_1d04452a21.jpg,-2.677467802e-10
3571147934_d1c8af1d6e.jpg,-4.574874181e-09
3240558825_cd859d6230.jpg,5.661623287e-09
1379026456_153fd8b51b.jpg,-2.820221388e-09
3489774350_a94e6c7bfc.jpg,-8.60778647e-10
3564007203_df2b8010f1.jpg,2.725805921e-09
239453674_0df7767208.jpg,-4.376716645e-09
3422394336_e465f60b7c.jpg,4.429961832e-09
3215081286_d55541aa6b.jpg,2.895796507e-09
255266148_7ba7df1a88.jpg,2.132081573e-09
3514297698_0512623955.jpg,-6.207017726e-09
3581818450_546c89ca38.jpg,2.100499853e-09
97406261_5eea044056.jpg,6.312057382e-09
3209966887_5b744bd050.jpg,-4.672612647e-09
2621415349_ef1a7e73be.jpg,-4.020069523e-09
3072730593_b7322d2e05.jpg,2.043866954e-12
255741044_1102982213.jpg,-3.792252644e-09
2602415701_7674eb19e4.jpg,1.858639728e-09
3424424006_98f9d1921c.jpg,1.211846389e-09
3147758035_e8a70818cb.jpg,4.622458438e-09
3655074079_7df3812bc5.jpg,-1.972524187e-09
3359636318_39267812a0.jpg,6.976657322e-10
3296226598_1c892c4351.jpg,5.517422606e-09
2247192427_5e106f24a9.jpg,2.739241834e-09
2675397335_1dcdbd12f5.jpg,5.314928023e-09
3471571540_b4ab77f20d.jpg,7.517565475e-09
2162469360_ff777edc95.jpg,-3.159113272e-09
3627011534_485f667b10.jpg,-1.773557991e-09
2831723637_30d4456665.jpg,1.921943205e-09
3018304737_0a46fc5f1d.jpg,-1.737798151e-09
3166969425_b5ace2f9c2.jpg,-2.470766236e-09
3200120942_59cfbb3437.jpg,6.931773439e-09
1685990174_09c4fb7df8.jpg,1.942467155e-09
2480850054_de3433b54a.jpg,-5.598674676e-10
3350786891_6d39b234e9.jpg,-4.537184172e-09
3724759125_2dc0e1f4a3.jpg,-7.460573856e-09
2396746868_0727e06983.jpg,-4.841468045e-09
3671851846_60c25269df.jpg,-1.954279398e-09
1348947380_14f0fc1237.jpg,-3.996657939e-10
1253275679_e955fb7304.jpg,-2.514635763e-09
3347500603_13670ee6bf.jpg,-1.739594007e-09
1410193619_13fff6c875.jpg,6.231878389e-10
3174196837_800689a2f3.jpg,-1.464586616e-09
1067790824_f3cc97239b.jpg,-1.046611874e-09
1468389504_c724bdcad0.jpg,-5.069717489e-09
3309042087_ee96d94b8a.jpg,7.976256077e-10
421316045_ae7a1eb4bc.jpg,-2.174391001e-09
483136916_16976f4902.jpg,8.119676196e-10
3549464203_8ab9c6160b.jpg,-1.594900946e-09
3739833689_a0038545bd.jpg,-4.128027685e-10
3640443200_b8066f37f6.jpg,-3.909435157e-09
3339558806_b4afdc8394.jpg,3.151241149e-09
3270273940_61ef506f05.jpg,-1.684580654e-09
427557693_1108566fd2.jpg,-4.816557904e-09
2883950737_3b67d24af4.jpg,1.979053997e-09
3222842866_cb85243ce4.jpg,8.292334653e-10
2518219912_f47214aa16.jpg,-2.233327627e-09
2805101709_1c8916f63a.jpg,-9.12592915e-10
143688895_e837c3bc76.jpg,4.791746819e-09
241345844_69e1c22464.jpg,1.050994399e-08
223299137_b0e81ac145.jpg,3.467309494e-09
3237760601_5334f3f3b5.jpg,-2.775425624e-09
3092756650_557c5f2d03.jpg,7.324674377e-09
1287073593_f3d2a62455.jpg,-6.755695181e-09
3440160917_4524cfd9f6.jpg,6.764802965e-09
442918418_0f29c97fa9.jpg,2.323839589e-09
2874728371_ccd6db87f3.jpg,1.373199782e-09
2603033456_3584d95116.jpg,2.847676975e-09
3468023754_8a07d4c56e.jpg,2.540215784e-09
3427614912_b147d083b2.jpg,4.507180587e-10
3465473743_7da0c5d973.jpg,1.323043039e-09
3247423890_163f00a2cb.jpg,-5.137938437e-09
2978409165_acc4f29a40.jpg,2.463370368e-09
2271955077_0020b4ee0d.jpg,5.583505597e-09
261490838_2f3ac98b12.jpg,3.566724111e-09
336551615_a01418bc53.jpg,-2.296780055e-09
2804374083_311f98f5f2.jpg,2.056787595e-09
328916930_e4d4be1730.jpg,2.504064285e-09
1197800988_7fb0ca4888.jpg,4.57759375e-09
294353408_d459bdaa68.jpg,6.778828975e-09
310213587_778fe8fb5b.jpg,1.739619761e-08
3524519277_bd0c3e7382.jpg,-3.897185861e-09
2102581664_5ea50f85c6.jpg,4.082027451e-10
2813784259_d201044d71.jpg,3.332725053e-09
3080891382_edf83dde18.jpg,2.424496678e-09
1290894194_8a4ffdc7eb.jpg,1.290088334e-10
3361990489_92244a58ef.jpg,-5.858555848e-09
377872672_d499aae449.jpg,-1.041784158e-09
2097420505_439f63c863.jpg,-4.93827375e-09
3309578722_1765d7d1af.jpg,-3.110687339e-09
3271178748_630d269811.jpg,4.232597803e-09
3436259762_43709321ff.jpg,-1.14035544e-09
3452411712_5b42d2a1b5.jpg,-2.907222666e-09
3526431764_056d2c61dc.jpg,3.203866052e-10
247618600_239eeac405.jpg,5.449982051e-10
495033548_bd320405d8.jpg,-2.288944681e-09
1516714577_7d1c35a8d8.jpg,2.752980523e-09
358875403_f357f03713.jpg,-8.749481262e-09
3602676311_824b2c04ba.jpg,2.37699623e-09
119534510_d52b3781a3.jpg,-1.391997358e-09
2381613738_d8d2012e3c.jpg,-7.229765566e-10
3339319023_5dcc3ef81a.jpg,-3.075486152e-09
2417623030_afdc1024b5.jpg,-6.0077361e-10
3108732084_565b423162.jpg,-7.38850866e-09
3522025527_c10e6ebd26.jpg,-1.416630198e-09
3342271377_446ffc34c0.jpg,-4.909657717e-09
2656688132_d93be870e0.jpg,-6.461181082e-10
476740978_45b65ebe0c.jpg,-2.808439624e-11
693450725_8ad72389e6.jpg,6.42559554e-09
242324909_06d5a6c44b.jpg,2.289547769e-09
3159092624_66af4e207e.jpg,1.93584777e-09
3622929632_26fb800000.jpg,2.184979319e-09
2629295654_59ea1472a1.jpg,-3.611265062e-09
518610439_b64ab21c02.jpg,-2.822937619e-09
127490019_7c5c08cb11.jpg,1.178106255e-09
371522748_dc557bcd6c.jpg,3.573735256e-10
2590207488_ddd89037ba.jpg,1.195354482e-08
209605542_ca9cc52e7b.jpg,2.15675246e-09
3691592651_6e4e7f1da9.jpg,-6.475940672e-09
3710674892_857b8056f7.jpg,5.51740506e-10
3545779287_8f52e06909.jpg,-4.792316309e-09
2696060728_3043cfc38c.jpg,-4.573763232e-09
166321294_4a5e68535f.jpg,3.942300259e-09
3047144646_2252ff8e04.jpg,6.174987482e-09
3448490813_f9623e864d.jpg,6.733289485e-09
3425573919_409d9e15b2.jpg,-4.763508827e-09
2860041212_797afd6ccf.jpg,5.601152372e-09
241346580_b3c035d65c.jpg,-3.011295429e-09
3562903245_85071bb5f9.jpg,-1.206847512e-09
3314900697_c5c5ae9af6.jpg,1.967860028e-09
467960888_6943257534.jpg,5.922741854e-09
3525453732_f74a38f111.jpg,-3.808061135e-09
911527312_f81ee36b97.jpg,2.258193624e-10
3211581957_df2f7e2236.jpg,1.92508111e-09
3532205154_5674b628ea.jpg,3.597850501e-09
3639704469_fe83e1c9b7.jpg,7.075788727e-09
3342855466_44038a8aa3.jpg,-1.280375799e-09
3014546644_d53db746ec.jpg,8.129689289e-09
121971540_0a986ee176.jpg,-1.719409868e-09
2518094853_dfce24ce8c.jpg,6.403900284e-10
1874617189_e85d3f4326.jpg,-3.743895664e-09
3453544202_3855ab34b6.jpg,-7.714815893e-09
3109136206_f7d201b368.jpg,1.394995343e-09
2300229745_af7a20c959.jpg,5.93282791e-09
3638178504_be1ff246bd.jpg,3.563099368e-09
3586239953_da4fb3f775.jpg,-2.178222462e-09
533713001_2d36e93509.jpg,2.227492256e-09
49553964_cee950f3ba.jpg,6.716581604e-09
2053006423_6adf69ca67.jpg,1.165260092e-10
3549997413_01388dece0.jpg,2.904982325e-09
3286822339_5535af6b93.jpg,-9.826773646e-12
621000329_84f48948eb.jpg,1.773754169e-10
3534824784_7133119316.jpg,-4.120970591e-09
374103776_0de490c1b0.jpg,-6.077438074e-09
2384626662_67cdd87694.jpg,-4.087711668e-09
3457045393_2bbbb4e941.jpg,1.569535261e-09
3139160252_75109e9e05.jpg,1.57895833e-09
128912885_8350d277a4.jpg,-1.632164332e-12
3547499166_67fb4af4ea.jpg,2.122822047e-09
2090387793_274ab4cf7d.jpg,-2.552550562e-10
1262454669_f1caafec2d.jpg,2.171009789e-09
3558438174_d8f41438a4.jpg,7.265173753e-09
2445783904_e6c38a3a3d.jpg,-3.279221703e-09
2597958208_e03aa149c9.jpg,-1.547982935e-09
241347214_5f19e7998c.jpg,2.717062417e-10
3212085754_35fdc9ccaa.jpg,7.435846863e-10
357725852_6f55cb9abc.jpg,3.024374913e-09
516761840_842dabc908.jpg,-4.068157342e-09
3620343911_64a862904e.jpg,-2.641260155e-09
3592992234_6d3fe58a70.jpg,6.735769152e-10
3015863181_92ff43f4d8.jpg,-3.02166785e-09
2229177914_3308fe7d20.jpg,3.081011233e-09
3202255152_08973fa3d7.jpg,3.396992367e-10
3630991662_990f397f7c.jpg,2.976350572e-09
2963573792_dd51b5fbfb.jpg,-2.87309148e-09
2839807428_efe42423f2.jpg,-1.39331768e-09
397982550_cf9f5cdb74.jpg,3.29763876e-09
2140182410_8e2a06fbda.jpg,8.285371556e-09
2887171449_f54a2b9f39.jpg,1.210397508e-08
3244171699_ace4b5d999.jpg,-2.528809913e-09
2522230304_1581d52961.jpg,-2.297147008e-10
2535746605_8124bf4e4f.jpg,-3.066602969e-11
3710520638_866d542a80.jpg,4.697553715e-09
2579899436_5086a33c7a.jpg,-4.05346754e-09
3717845800_ab45e255b8.jpg,-2.688678713e-09
3107059919_0594269f72.jpg,-8.600162761e-10
3402638444_dab914a3de.jpg,6.108829458e-09
3409326324_a704565e8f.jpg,1.585575869e-09
1296770308_3db2022f5a.jpg,-2.370145983e-09
2550109269_bc4262bd27.jpg,2.515034391e-09
3352871762_c9e88592d3.jpg,-4.826923864e-09
424307754_1e2f44d265.jpg,-1.117970974e-08
3103185190_eb8729c166.jpg,6.88617969e-09
1805990081_da9cefe3a5.jpg,-1.460728516e-09
3720210639_18bb34e475.jpg,1.237463187e-09
2589241160_3832440850.jpg,-2.249305085e-09
1057251835_6ded4ada9c.jpg,-2.332792181e-09
3503624011_733d745d5a.jpg,1.832404889e-09
3514278386_de2343577e.jpg,8.080031075e-10
3636491114_ab34dac833.jpg,4.567103348e-09
1446053356_a924b4893f.jpg,5.599233769e-09
469617651_278e586e46.jpg,6.637547541e-09
2533010184_ef2fd71297.jpg,-4.424760567e-09
191592626_477ef5e026.jpg,-6.138397703e-09
3618525295_d32d634b2e.jpg,1.613129012e-09
583174725_6b522b621f.jpg,2.249099666e-09
278559394_b23af734b9.jpg,1.999491969e-09
2176364472_31fcd37531.jpg,-9.671284811e-09
697582336_601462e052.jpg,-2.649244331e-09
2659183350_730951f740.jpg,-2.18654819e-09
398413603_166896900f.jpg,2.842156602e-10
2423894412_d952d5d103.jpg,2.699430914e-10
279230262_e541f9b670.jpg,6.77254421e-09
2572101672_4d699c8713.jpg,2.572824593e-09
3107592525_0bcd00777e.jpg,-2.000933292e-09
2602279427_191773c9e2.jpg,-2.532053001e-10
2137789511_69a6c6afa8.jpg,-5.172754932e-09
2553619107_d382a820f9.jpg,-3.693677456e-09
257588281_39e1c9d929.jpg,6.744844142e-09
511282305_dbab4bf4be.jpg,4.503191044e-09
3264678536_46601d25f0.jpg,-1.669327026e-08
2894229082_ddc395f138.jpg,1.059896842e-10
536495604_b22bbc905a.jpg,-3.816009252e-10
2599903773_0f724d8f63.jpg,1.985314803e-09
3036971334_78187a9570.jpg,-2.489621308e-09
1394599090_fe0ba238f0.jpg,-1.674222185e-09
460781612_6815c74d37.jpg,1.986280604e-09
864290968_eccb46d5ab.jpg,-3.906386145e-10
294549892_babb130543.jpg,8.234358873e-09
2158267555_db1d94e468.jpg,6.654339858e-10
3672105509_53b13b2ed4.jpg,-6.431196576e-09
2472980433_210ec62874.jpg,-1.903404644e-09
1417637704_572b4d6557.jpg,1.417110561e-09
3594566537_55bd712fdb.jpg,-3.359386472e-09
2344875609_8e172d682b.jpg,-8.553353502e-09
3368671163_0171259581.jpg,4.943813209e-09
3589895574_ee08207d26.jpg,8.093426416e-09
961189263_0990f3bcb5.jpg,-2.851745536e-09
2881087519_ca0aa79b2b.jpg,-5.652643877e-09
2796801478_8ebd7e550b.jpg,7.82534098e-09
97577988_65e2eae14a.jpg,-3.070390386e-10
3341489212_a879e1544a.jpg,3.182080714e-09
1456630952_dd4778a48f.jpg,-9.111388646e-09
2173677067_9d0732bcc2.jpg,5.535440215e-09
3019857541_3de3e24f54.jpg,4.808138793e-09
414773731_c3f5bf43d5.jpg,-3.348813887e-09
2924884815_63826aa60d.jpg,-6.878062587e-09
2214847438_4993210d4c.jpg,7.253910768e-09
2629027962_9cc3b46527.jpg,-1.181111108e-08
3717309680_e5105afa6d.jpg,3.124948547e-09
3488837187_0c7264a16c.jpg,-4.07569348e-10
1689658980_0074d81d28.jpg,-1.380885336e-10
2848895544_6d06210e9d.jpg,3.369037278e-09
3591458156_f1a9a33918.jpg,1.366587905e-09
2587696611_db0378710f.jpg,3.679059869e-09
3676432043_0ca418b861.jpg,7.503525558e-09
3672106148_56cfb5fc8d.jpg,-2.554827121e-09
3282121432_648dac8a29.jpg,8.425737858e-09
2426781076_e3f4d2685c.jpg,2.79542504e-09
2916009941_34a0013803.jpg,-1.977878131e-10
2923891109_ea0cc932ed.jpg,-1.365926723e-09
1287920676_d21a0b289b.jpg,5.720132335e-09
56494233_1824005879.jpg,-1.822538009e-09
2853407781_c9fea8eef4.jpg,1.002577436e-09
3610836023_3a972b10b0.jpg,-1.084988387e-09
2225864432_48a24f49a4.jpg,1.186296683e-09
1408958345_68eea9a4e4.jpg,7.274879234e-10
3212465975_b657f40eed.jpg,-1.375757067e-08
2258951972_92763fddab.jpg,-1.598794083e-09
2755362721_368cbde668.jpg,2.314375453e-09
2741051940_89fb6b2cee.jpg,-3.049192646e-09
2950393735_9969c4ec59.jpg,8.869381669e-10
2463067409_78188c584c.jpg,2.689102673e-09
224369028_b1ac40d1fa.jpg,-8.811925906e-09
396179143_e1511336e1.jpg,-1.984771449e-09
2756636539_cc1eacbf4a.jpg,3.289472776e-10
2325816912_b3bb41cdbb.jpg,4.484296584e-09
2914331767_8574e7703d.jpg,2.061514098e-09
1510669311_75330b4781.jpg,1.582665549e-09
323657582_b6b6d8f7bd.jpg,-3.870444018e-09
2877511986_c965ced502.jpg,8.88394548e-11
3679405397_bb130ea3c2.jpg,1.866015859e-09
335588286_f67ed8c9f9.jpg,-2.807028445e-09
1174525839_7c1e6cfa86.jpg,7.201086468e-10
3587077732_0933f1677b.jpg,1.84957779e-09
3646820231_2abc736840.jpg,-2.215215436e-09
2504277798_936a09c74d.jpg,-4.223177215e-09
3364160101_c5e6c52b25.jpg,-3.767179281e-09
848180689_d67a1361ce.jpg,1.254768503e-09
3095225232_2e6e6dc92e.jpg,3.749676107e-09
2303951441_3c8080907a.jpg,1.422854248e-09
2559114800_17310f3015.jpg,-1.882558474e-09
3331190056_09f4ca9fd2.jpg,-3.118411123e-09
268704620_8a8cef4cb3.jpg,-3.184365619e-09
3249597269_935e0a375a.jpg,-3.08123757e-09
3301859683_2d5e4b40a3.jpg,1.647065479e-09
3393343330_b13df4d8ec.jpg,-7.482987934e-09
1433088025_bce2cb69f8.jpg,2.81637657e-09
2533424347_cf2f84872b.jpg,-4.017843194e-09
2367816288_7c2d11d3c5.jpg,1.85112193e-09
3312779887_7682db7827.jpg,2.640724513e-09
3167365436_c379bda282.jpg,4.538790408e-09
3431101934_99a6c55914.jpg,-3.906895236e-09
1517721825_10176d0683.jpg,-8.335569479e-09
3662909101_21b9e59a3e.jpg,-4.328097112e-09
3251088971_f4471048e3.jpg,-3.135048535e-09
2066048248_f53f5ef5e2.jpg,1.966789297e-09
3329793486_afc16663cc.jpg,-5.35203025e-09
1884727806_d84f209868.jpg,2.745235869e-09
2837127816_24441e5f7c.jpg,-7.960133612e-09
2928835996_88b9f9503d.jpg,-4.02460943e-09
2423138514_950f79e432.jpg,-3.928472135e-09
3457784061_8f77f43a9c.jpg,5.706010551e-10
2249141510_f534708374.jpg,-1.647142789e-09
3074265400_bf9e10621e.jpg,-6.840680934e-10
3695949492_27ca3892fd.jpg,1.767404846e-09
3221036999_3f7b152d8a.jpg,2.361008131e-09
308014594_f1d5e75507.jpg,-3.218063394e-09
3172384527_b107385a20.jpg,1.144147461e-08
3446191973_1db572ed8a.jpg,-6.845778632e-09
3600909823_ce72c26e66.jpg,-1.052628723e-09
2985679744_75a7102aab.jpg,-5.414633859e-09
2469498117_b4543e1460.jpg,4.116154908e-11
2073756099_7e02c0110c.jpg,2.020687258e-12
3429641260_2f035c1813.jpg,2.864554462e-09
2100909581_b7dde5b704.jpg,-2.162277614e-09
542317719_ed4dd95dc2.jpg,-4.682685153e-10
446138054_d40c66d5f0.jpg,-2.197903932e-09
2694178830_116be6a6a9.jpg,-2.044482286e-09
1489286545_8df476fa26.jpg,2.76506167e-10
2377460540_8cfb62463a.jpg,-5.0020853e-09
2559503010_84f20b3bc9.jpg,1.762975148e-09
2409312675_7755a7b816.jpg,9.072293903e-10
2467821766_0510c9a2d1.jpg,3.100168272e-09
242559369_9ae90ed0b4.jpg,1.524018857e-09
1420060118_aed262d606.jpg,4.326494782e-09
3276895962_c053263d01.jpg,6.444926109e-09
2718027742_70a72f99ae.jpg,7.704981493e-09
2203615439_3c7cdc39dc.jpg,3.094714569e-09
3301822808_f2ccff86f4.jpg,3.698263705e-09
61209225_8512e1dad5.jpg,-5.624842825e-09
3247693965_845b3b4349.jpg,1.236308807e-09
3606093421_eddd46c2c7.jpg,7.430935391e-09
2208631481_3e4a5675e1.jpg,-2.042486431e-08
3587941206_36769c3f1d.jpg,-4.747307115e-09
96420612_feb18fc6c6.jpg,1.35564038e-09
2730994020_64ac1d18be.jpg,4.176460157e-09
1388970365_162edcceb4.jpg,-1.304880812e-09
3331797838_b3e33dbe17.jpg,-1.54511235e-08
1057089366_ca83da0877.jpg,-1.210029728e-09
3046429283_08de594901.jpg,-3.477628153e-10
523985664_c866af4850.jpg,-1.11265024e-08
3561314880_ea9a7e245f.jpg,2.874035568e-10
3613175012_bcd063e7c9.jpg,4.248920421e-09
2892992529_f3335d0a71.jpg,6.690277746e-09
1301140633_046e4e8010.jpg,-3.061138441e-09
2834752476_3177e617f1.jpg,-2.56940638e-10
1189977786_4f5aaed773.jpg,1.423805409e-09
3640020134_367941f5ec.jpg,1.738841676e-09
1798209205_77dbf525b0.jpg,-4.289829513e-09
3462454965_a481809cea.jpg,7.116806443e-09
3441145615_b4fcd9eea0.jpg,-4.874099507e-09
3640104986_5d8c9a9948.jpg,-1.17716971e-08
2766148353_70b2e8070f.jpg,7.744844051e-10
3707738261_777075e885.jpg,-4.904452526e-09
500308355_f0c19067c0.jpg,4.602258317e-09
421730441_6b2267fd31.jpg,1.770735768e-09
2519483556_2b1632a18c.jpg,-9.513769094e-10
2421446839_fe7d46c177.jpg,-4.345010753e-09
2364774105_fbaf0c191f.jpg,1.078650538e-08
2432038587_5e4148e277.jpg,1.283040499e-08
3170110692_d1e0e66cee.jpg,-2.686331326e-09
3330675488_8692476a4a.jpg,-1.506267818e-09
2148013097_6a4f495bc5.jpg,-1.327144118e-09
3558796959_fc4450be56.jpg,4.813195515e-09
2975118353_5af5a5df54.jpg,9.280654069e-09
532131603_c82d454c8a.jpg,8.403973983e-09
235074044_c1358888ed.jpg,2.175387623e-10
3430779304_43a2146f4b.jpg,-2.090449444e-09
1308472581_9961782889.jpg,-3.870259491e-09
136886677_6026c622eb.jpg,1.494909389e-10
2826574228_c63009e473.jpg,-7.19616254e-09
2238759450_6475641bdb.jpg,5.45535396e-10
2475300106_b8563111ba.jpg,-4.020538047e-09
1579798212_d30844b4c5.jpg,-6.517326667e-09
3085667865_fa001816be.jpg,-2.499209233e-10
494921598_af73bda568.jpg,3.415031072e-09
3516521516_9950340b96.jpg,3.832165332e-10
2698119128_62b4741043.jpg,9.817168884e-09
2258662398_2797d0eca8.jpg,1.878897071e-09
3497106366_d1a256e723.jpg,-1.192628248e-09
2355093195_87fb7f82cb.jpg,-3.729854789e-09
2582390123_71120edb0c.jpg,-1.023329292e-09
940973925_a2e6d7951c.jpg,-2.63325027e-09
561179890_af8e31cb2e.jpg,2.034899813e-09
1303335399_b3facd47ab.jpg,-1.66876453e-09
2831578193_3c997ae330.jpg,3.08581722e-10
2479180530_7ebba2d8bf.jpg,-3.127492624e-09
3113322995_13781860f2.jpg,7.620120963e-09
1394620454_bf708cc501.jpg,-1.284909654e-09
635444010_bd81c89ab7.jpg,-7.587266052e-09
3543294190_0037c59607.jpg,-7.157091679e-09
531261613_f1a045cd75.jpg,2.05816668e-09
3186527735_6e9fe2cf88.jpg,2.1696273e-09
3127614086_9f1d3cf73d.jpg,1.415243781e-09
3432495898_a5859f06b6.jpg,-9.032319872e-10
1184967930_9e29ce380d.jpg,-9.403984791e-09
3459492423_c881f12c9f.jpg,6.609030828e-09
2988244398_5da7012fce.jpg,-7.956322762e-09
391324644_d23fdf06cb.jpg,2.867843346e-09
3657503733_9888ccf05e.jpg,-6.043635973e-09
2511762757_bd0ab0a017.jpg,-4.311303944e-09
3038941104_17ee91fc03.jpg,-1.845053896e-09
534886684_a6c9f40fa1.jpg,3.526005843e-09
3647446816_bd4383c828.jpg,-5.726323173e-09
2888702775_0939a6680e.jpg,-8.565948018e-09
3143982558_9e2d44c155.jpg,3.304972267e-09
532914728_c5d8d56b0b.jpg,1.173073143e-10
241347356_8a515555fd.jpg,-3.473876323e-09
3361411074_83f27d2a1c.jpg,2.951125657e-09
3332202255_a30c522664.jpg,-1.657270829e-09
2393911878_68afe6e6c1.jpg,-6.894868053e-09
2998277360_9b4c0192f1.jpg,1.842818885e-09
3571039224_b34fa2f94c.jpg,5.394809707e-10
2715337869_e4fe36db50.jpg,-2.486930676e-09
3149919755_f9272b10b3.jpg,4.431931484e-09
2781296531_f6f0f6c0f5.jpg,2.021166135e-10
485054073_fef8b80b4b.jpg,-1.532536386e-09
3281580623_8c3ba0fdb2.jpg,3.819076213e-09
186890605_ddff5b694e.jpg,4.967407782e-10
3689975998_72f50b6d91.jpg,-2.854072369e-09
489865145_65ea6d1c14.jpg,9.108371502e-10
238512430_30dc12b683.jpg,4.068306469e-09
3135826945_f7c741e5b7.jpg,1.324417242e-09
1079274291_9aaf896cc1.jpg,7.640670477e-10
3619630328_2d0865b6f4.jpg,-5.055383527e-09
2896298341_92d718366a.jpg,-3.950361205e-09
3430782104_34da558eba.jpg,8.405982942e-09
3171651115_e07b9d08f6.jpg,1.654011497e-09
3667404919_b273df57e4.jpg,-6.190488643e-09
2268729848_d418451226.jpg,-6.039496613e-09
2355763034_9fb61a8165.jpg,1.572048949e-09
3446586125_cafa0bfd67.jpg,-6.464891241e-09
1338523142_57fce8229b.jpg,-3.22146025e-09
2788652511_4f10060e07.jpg,-9.112369796e-09
2574194729_1f099647ee.jpg,-3.275278443e-09
2056041678_d6b5b39b26.jpg,-1.80400005e-09
3582914905_f58db879ae.jpg,9.171433932e-10
2462702522_1b25654762.jpg,-2.229049981e-09
2067362863_59577f9d4d.jpg,-2.077839155e-10
2433175169_da939372f2.jpg,-2.138104134e-09
2461616306_3ee7ac1b4b.jpg,-2.672354588e-09
2410562803_56ec09f41c.jpg,5.805082247e-09
3214579977_fa9fb006a6.jpg,2.276295037e-09
1236951314_0308dc4138.jpg,-2.467329335e-10
136552115_6dc3e7231c.jpg,1.86157693e-09
3650111717_346804ec2f.jpg,-1.628222646e-09
2169951750_495820a215.jpg,-2.14905332e-09
521658170_a837af87e9.jpg,-7.97607313e-09
425518464_a18b87c563.jpg,2.945118674e-09
3231880001_193a579b97.jpg,2.81920573e-09
380515798_c2abbf46b0.jpg,-4.764845138e-09
3257103624_e76f25ff9e.jpg,7.127190981e-09
161669933_3e7d8c7e2c.jpg,-2.654868835e-10
3041348852_872c027c16.jpg,-2.243088793e-09
3487015378_2e90a79f4b.jpg,-9.697674714e-09
3150315970_8f045c41a4.jpg,-6.421966988e-09
352382023_7605223d1c.jpg,-1.846621162e-09
2130986011_47cb05c8c9.jpg,-5.200934214e-09
1105959054_9c3a738096.jpg,6.925681466e-09
3547524138_4157f660b0.jpg,-6.512812321e-10
3266406566_d64e57e65a.jpg,-1.78682489e-09
565605894_8f0bed0438.jpg,8.326300918e-09
3364151356_eecd07a23e.jpg,-6.512437117e-09
3258397351_1a70f1993d.jpg,-2.053274372e-10
2830869109_c4e403eae6.jpg,-4.175048163e-09
306315650_e064f5c677.jpg,-1.164577283e-10
3111208043_dbe8e87fa1.jpg,4.151440315e-09
640053014_549d2f23d2.jpg,-3.635648995e-09
69710415_5c2bfb1058.jpg,3.295675488e-09
3455757720_7aeba57056.jpg,1.047526531e-08
3294952558_96bb8c8cf3.jpg,-1.840697847e-09
2683963310_20dcd5e566.jpg,-2.929511843e-10
3397633339_d1ae6d9a0e.jpg,-1.219298532e-09
2816259113_461f8dedb0.jpg,-1.249407955e-09
3262793378_773b21ec19.jpg,-2.822122143e-09
2866686547_0a67eb899d.jpg,-7.578702712e-09
2404520067_87798dbaee.jpg,5.196896559e-09
2238166082_140f8b01b8.jpg,-6.007750282e-09
3339916063_63b960ed46.jpg,6.392755729e-09
3657209354_cde9bbd2c5.jpg,-1.903891776e-09
405534993_5158644f98.jpg,4.394963918e-09
302983277_69a4e732e4.jpg,1.663942477e-09
2893476169_f38dd32051.jpg,2.145925023e-09
1655781989_b15ab4cbff.jpg,4.193747462e-10
1343426964_cde3fb54e8.jpg,5.449534043e-09
3545427060_c16a8b7dfd.jpg,-2.371043233e-09
2364096157_eb7970a69a.jpg,-2.67101022e-09
197142902_f05ff198c2.jpg,-4.331252745e-10
2751466788_4fab701cc3.jpg,4.891482693e-09
404890608_33f138aefa.jpg,-4.443001595e-09
3106562372_e349a27764.jpg,-1.747496949e-09
292780636_72e1968949.jpg,2.858216866e-10
2216695423_1362cb25f3.jpg,-6.422294994e-09
654130822_4aeb1f1273.jpg,4.013616696e-09
3416013671_98b5c75046.jpg,-2.652699915e-09
3443460885_46115463b4.jpg,1.693982956e-11
3506468593_7e41a6d9f1.jpg,-2.901320488e-09
3249125548_700d874380.jpg,-4.638409182e-09
2993388841_6746140656.jpg,-1.490934115e-10
2424111022_4e332b8aee.jpg,4.748054135e-10
2962977152_9d6958fdd5.jpg,4.704827548e-09
477204750_d04d111cd4.jpg,-1.072325952e-08
2502856739_490db7a657.jpg,6.001079793e-09
535529555_583d89b7f2.jpg,-7.15806459e-09
242109387_e497277e07.jpg,3.569667733e-09
2531942624_c3c072064e.jpg,-6.324857872e-09
1439046601_cf110a75a7.jpg,5.872737232e-10
3627676364_1dc9294ec5.jpg,5.47511867e-10
3033210806_3ffc0a231a.jpg,2.585209484e-09
542405691_0594b1ce72.jpg,1.150610922e-09
317109978_cb557802e1.jpg,-2.489675845e-09
3532539748_795d16ef07.jpg,-1.023034123e-09
3599442049_e448c7c9b2.jpg,-9.075988486e-09
2999162229_80d17099b6.jpg,1.573741475e-09
2695962887_a1647c567b.jpg,4.991921856e-09
219301553_d2fffe9e0c.jpg,3.621887109e-09
2521983429_33218366bd.jpg,2.136203795e-09
2642474867_4e6346f809.jpg,6.913365331e-10
3533660418_f3a73a257c.jpg,-7.306451262e-09
2366643786_9c9a830db8.jpg,3.009608567e-09
3323661814_1e8e1ae88c.jpg,-2.554476738e-09
3262386960_14f5d857db.jpg,-3.177141876e-09
3362592729_893e26b806.jpg,1.693059164e-09
3278581900_8ce75a5332.jpg,-5.39559018e-10
3708172446_4034ddc5f6.jpg,4.456172416e-09
3319177177_130a72b8ae.jpg,2.771522346e-09
2718376488_3c62f7642c.jpg,1.522559743e-09
3420338549_bd78d35243.jpg,-1.722528356e-09
2924870944_90ff9eca1a.jpg,2.039260347e-09
2423292784_166ee54e0b.jpg,1.079972363e-09
2081615901_13092cac56.jpg,-1.223768027e-09
2595102568_347f6d4b07.jpg,2.638462903e-09
529198549_5cd9fedf3f.jpg,-4.747678074e-10
3636543173_15f56515e5.jpg,1.827895232e-09
1335617803_4fbc03dab0.jpg,7.799127685e-10
479807115_3a484fb18b.jpg,-9.330339875e-09
3385593926_d3e9c21170.jpg,4.235789631e-09
375171241_0302ad8481.jpg,4.01381258e-09
2244613488_4d1f9edb33.jpg,3.113667821e-10
47870024_73a4481f7d.jpg,-4.178941252e-10
3142055158_01b9e4caa4.jpg,-3.448343011e-09
3641456303_c50c33337b.jpg,6.196044597e-09
2828583747_8cfb7217af.jpg,-4.872340502e-09
3460458114_35037d4d4c.jpg,8.86304289e-10
493109089_468e105233.jpg,-1.018236143e-09
3467941308_ae6989e29c.jpg,-2.440051064e-09
2906054175_e33af79522.jpg,5.757766602e-09
3106791484_13e18c33d8.jpg,-3.672987742e-09
2502782508_2c8211cd6b.jpg,-8.080140657e-10
3084711346_fda0f5a3e6.jpg,-5.749106214e-10
3421480658_b3518b6819.jpg,-1.513358476e-09
3654338683_13b2f95a9a.jpg,4.944859133e-11
2335634931_7e9e8c2959.jpg,6.939943863e-09
3611672054_45edd3e08f.jpg,-3.387633015e-09
241374292_11e3198daa.jpg,-2.471586527e-10
2587017287_888c811b5a.jpg,-2.138224376e-09
319847657_2c40e14113.jpg,1.30799715e-09
3479423813_517e93a43a.jpg,-3.971022959e-09
3728256505_7f8db8270d.jpg,5.268954338e-09
502671104_b2114246c7.jpg,5.032271485e-09
3387542157_81bfd00072.jpg,-2.192953551e-10
2839789830_89668775a4.jpg,-4.158145194e-09
3249062399_0dafe5e4f5.jpg,1.415438313e-09
2441629086_52f68eb316.jpg,1.36960895e-10
2904129133_e6ae5a1ec6.jpg,-8.719516036e-09
2994205788_f8b3f2e840.jpg,1.651984722e-09
2612040125_0a93889f06.jpg,-1.390453056e-09
2897832422_0cbdb1421e.jpg,2.442332015e-09
3016708786_3591106cca.jpg,1.707521773e-10
2810333931_47fd8dd340.jpg,1.726419313e-09
3467219837_7d62213dec.jpg,1.876787446e-09
3319723910_af5b5f1fae.jpg,-4.922901873e-09
3182570190_48214e54c7.jpg,-6.32054016e-09
1521623639_4bda3407cc.jpg,-1.344435494e-09
2540757246_5a849fbdcb.jpg,-2.01460515e-09
2297744130_f571f3a239.jpg,-1.135775889e-09
3275704430_a75828048f.jpg,-1.23831658e-09
2291485126_b8d41a63f4.jpg,5.168030201e-09
481632457_7372f18275.jpg,-5.367584773e-09
2217328285_b1d55c17ca.jpg,-5.586430324e-09
3227148358_f152303584.jpg,3.729396643e-09
3440952969_608eb5e42b.jpg,2.161497732e-09
3006094603_c5b32d2758.jpg,5.355224154e-10
2888732432_7e907a3df1.jpg,-2.690031608e-09
3532098999_4e07a0a17e.jpg,-3.169920018e-09
3534046564_4f8546e364.jpg,-8.203935747e-10
382090166_be2c2c63e1.jpg,3.541754473e-09
757046028_ff5999f91b.jpg,-1.27292199e-08
2393410666_b8c20fff61.jpg,-3.816114824e-09
3147217787_ed21cd4990.jpg,5.740790571e-09
3591457224_88281dd04f.jpg,-8.584970786e-10
3313232606_4ce7e16b87.jpg,-4.612115094e-09
3636796219_9916c0465a.jpg,1.960113809e-09
2878190821_6e4e03dc5f.jpg,-5.733263179e-09
3082934678_58534e9d2c.jpg,-4.283316949e-10
2376878930_dd3e7cc544.jpg,2.80344091e-09
3704698586_a42c25d0c1.jpg,3.105585027e-09
3401647850_685c03ffff.jpg,-7.022936346e-09
3203707977_cc9448fecb.jpg,-1.988378828e-09
267164457_2e8b4d30aa.jpg,-1.398320727e-09
124972799_de706b6d0b.jpg,1.703611102e-09
3431671749_e8e3a449ac.jpg,-1.146140953e-09
336551609_1385ab139e.jpg,-2.121778277e-09
3272071680_648a99f7d2.jpg,-2.199882807e-09
2711720095_0b98426d3c.jpg,3.086170421e-10
101654506_8eb26cfb60.jpg,8.799327317e-10
3467510271_0f57e52768.jpg,-3.441594368e-09
3271495320_bca47795fb.jpg,-2.735988044e-10
2100735137_05c6079537.jpg,-4.810467933e-09
1107471216_4336c9b328.jpg,3.72918193e-09
2888408966_376c195b3f.jpg,2.294027691e-09
3087485737_cb09bc80b6.jpg,2.63520793e-09
3359587274_4a2b140b84.jpg,-1.486650949e-09
2312746782_4528a5b818.jpg,-5.155485375e-09
314603661_51e05e0e24.jpg,-1.181964853e-09
3111897772_5211a37a02.jpg,-1.300484586e-09
2068960566_21e85ae0dc.jpg,-1.057165266e-09
3417788829_cfdbc34d2c.jpg,1.757523885e-09
3516312179_f520469038.jpg,-6.01100305e-09
3070485870_eab1a75c6f.jpg,2.015522528e-09
3686924335_3c51e8834a.jpg,-1.009897666e-10
561417861_8e25d0c0e8.jpg,-3.199882096e-09
3628103548_2708abcda2.jpg,-1.505695055e-09
2148695079_9ae6a9b1c7.jpg,-5.714102845e-09
2656039837_f46b29af92.jpg,-2.087622403e-10
1012212859_01547e3f17.jpg,-1.630388357e-09
3503689049_63212220be.jpg,-2.049915948e-09
3333826465_9c84c1b3c6.jpg,-1.652987643e-09
3349308309_92cff519f3.jpg,-2.97685419e-09
2568417021_afa68423e5.jpg,3.168682516e-09
3454355269_6185e29f95.jpg,1.833325459e-10
3013469764_30e84e9a0d.jpg,3.244407804e-09
2866974237_e3c1e267c0.jpg,4.864898283e-09
2061354254_faa5bd294b.jpg,1.001199362e-08
3535664885_c848c0faee.jpg,3.705599679e-09
2849194983_2968c72832.jpg,-5.461576123e-09
380590140_25b9889772.jpg,-7.314438329e-09
3433567526_00b5a70319.jpg,-7.655747318e-10
508929192_670910fdd2.jpg,7.937717722e-09
405970010_8cebaa77d3.jpg,-5.926218508e-10
3375534917_62350bd06b.jpg,2.620677921e-09
1770036088_08abe4f6e9.jpg,2.390442792e-09
3707077198_efd6aa808d.jpg,-3.937125863e-09
3451085951_e66f7f5d5c.jpg,4.039878504e-09
3358621566_12bac2e9d2.jpg,-3.319591651e-09
3436395540_63bc8f2fe0.jpg,6.371416526e-10
141140165_9002a04f19.jpg,2.346604803e-09
3106223494_52d4d2d75d.jpg,-6.226208789e-10
3275537015_74e04c0f3e.jpg,3.707559825e-09
2453891449_fedb277908.jpg,9.664889848e-09
2931950813_93145c4746.jpg,-5.974483172e-09
3639845565_be547c38ba.jpg,-7.533835109e-09
3186073578_6e115f45f5.jpg,-7.719510267e-11
485566887_57eac33bd1.jpg,-5.563709523e-09
3532028205_9ddd7599f8.jpg,3.516113929e-09
3098714492_19939e3b19.jpg,-7.678605153e-10
2868575889_2c030aa8ae.jpg,4.65167033e-10
102455176_5f8ead62d5.jpg,-3.921344557e-09
3484365373_98d5304935.jpg,-3.707781353e-09
295258727_eaf75e0887.jpg,-4.082103632e-09
406901451_7eafd7568a.jpg,-1.003833898e-09
236095034_c983bdfbbf.jpg,1.213984147e-09
2699426519_228719b1db.jpg,-5.641674176e-09
3356494271_6103d0b556.jpg,-6.762840438e-10
527288854_f26127b770.jpg,3.045927341e-09
3418504074_083f0bb68d.jpg,-6.780978907e-09
3062273350_fd66106f21.jpg,-2.879001397e-09
2602306033_2b3100d36b.jpg,-2.13282681e-11
3337461409_e4e317853d.jpg,-1.499290094e-09
3590593467_be497a6139.jpg,-1.48796995e-08
41999070_838089137e.jpg,-6.439015517e-09
2774705720_1cb85812dc.jpg,2.678479942e-09
2271671533_7538ccd556.jpg,-8.279533599e-09
308487515_7852928f90.jpg,4.761163457e-09
3666188047_e81e1d97a7.jpg,-4.444581399e-09
3382303178_69b6d1bdd2.jpg,-3.501345189e-09
3033686219_452b172ab0.jpg,-2.852496185e-09
3486135177_772628d034.jpg,3.704127203e-09
271637337_0700f307cf.jpg,1.248941276e-09
1795151944_d69b82f942.jpg,-1.556199297e-09
3289433994_4c67aab384.jpg,3.500685557e-09
2925242998_9e0db9b4a2.jpg,-9.441781747e-09
950273886_88c324e663.jpg,1.23765074e-10
3285298241_9b1ed98d19.jpg,-5.342400661e-09
3157220149_cc3c8cc84d.jpg,-3.440506726e-09
3609027309_af75f773d9.jpg,-8.519667511e-09
299181827_8dc714101b.jpg,-8.815209252e-09
3606084228_6286a52875.jpg,7.325544464e-10
862187579_9faf4a51e0.jpg,6.111070723e-10
2609847254_0ec40c1cce.jpg,-2.318047095e-09
1253264731_e7c689eca5.jpg,-8.289439077e-09
1400424834_1c76e700c4.jpg,3.075137453e-09
2230067846_74046b89d3.jpg,-1.215990578e-09
3486324591_9f5eeb24b9.jpg,5.96802432e-10
3019986034_7453777274.jpg,-5.106541169e-09
2068465241_3bcabacfd7.jpg,3.441334887e-09
2173061319_1f267765dc.jpg,-1.291525067e-09
3730011219_588cdc7972.jpg,-2.378445761e-09
2865376471_43c5e6b941.jpg,-7.448138286e-09
3004287781_c041c09c16.jpg,-2.4740086e-09
459814265_d48ba48978.jpg,2.953328614e-09
1510078253_96e9ec50e7.jpg,-7.097467575e-10
384577800_fc325af410.jpg,-1.572336411e-09
2124040721_bffc0a091a.jpg,-2.661009942e-11
1303548017_47de590273.jpg,-3.070481299e-09
2647394564_4843800cff.jpg,-2.178899648e-09
3677302645_8cd3fac70d.jpg,2.781273192e-09
1716445442_9cf3528342.jpg,-9.592151847e-10
3530843182_35af2c821c.jpg,-1.357626451e-09
1397887419_e798697b93.jpg,-1.6814129e-10
99171998_7cc800ceef.jpg,-1.968045858e-09
2458006588_754c4aa09c.jpg,-2.02063199e-09
3718076407_0b4588d7bc.jpg,4.342680181e-09
3567214106_6ece483f8b.jpg,-3.651208396e-09
3375843443_8d9b242aa5.jpg,-5.15834457e-09
532457586_bddfc5251d.jpg,-1.42336347e-09
206087108_d4557d38ee.jpg,-2.194325825e-09
494329594_6e751372a0.jpg,2.1990264e-09
2120469056_7a738413be.jpg,4.864728175e-09
2481003841_06086eafc2.jpg,-4.60577346e-10
2456907314_49bc4591c4.jpg,7.305772685e-09
3039675864_0b7961844d.jpg,3.397515034e-10
3727740053_3baa94ffcb.jpg,-6.162587454e-09
2278776373_fe499a93be.jpg,2.441174591e-09
3564738125_10400f69c0.jpg,-4.319527436e-09
3630641436_8f9ac5b9b2.jpg,2.397597787e-09
3569420080_72fbe84751.jpg,-3.168960305e-09
378453580_21d688748e.jpg,-4.35304677e-09
2294688426_96c8614f1d.jpg,4.857369757e-09
661546153_9d30db6984.jpg,4.38683172e-09
3711030008_3872d0b03f.jpg,6.073534647e-09
3149038044_c7c94688c6.jpg,-3.905708281e-09
2411824767_4eb1fae823.jpg,2.983861767e-09
637342973_89f6fac1f7.jpg,2.775757e-09
3003011417_79b49ff384.jpg,6.347404657e-09
2968216482_ede65b20a8.jpg,1.653804248e-09
963730324_0638534227.jpg,2.555048968e-10
2273028514_d7b584f73d.jpg,-5.779137942e-09
3435233065_3411f2d29d.jpg,1.996015804e-09
3356700488_183566145b.jpg,1.342848629e-09
3601508034_5a3bfc905e.jpg,5.208621399e-09
1368383637_614646cc4a.jpg,9.779485564e-10
1527297882_dededc7891.jpg,-1.836471199e-09
3314180199_2121e80368.jpg,8.574948205e-10
3273403495_fcd09c453e.jpg,-7.243303388e-09
121800200_bef08fae5f.jpg,1.310955462e-09
468918320_9c275b877f.jpg,-5.23069896e-09
2868668723_0741222b23.jpg,1.450460015e-09
3450874870_c4dcf58fb3.jpg,1.352878398e-08
2862469183_a4334b904a.jpg,-6.152393846e-09
514036362_5f2b9b7314.jpg,-7.584777603e-09
2201951969_0d7520d648.jpg,2.75200418e-09
3184206563_5435f2b494.jpg,-1.286999681e-09
3192069971_83c5a90b4c.jpg,-5.578343383e-09
3051341320_1d0166e775.jpg,2.444523646e-09
2089539651_9e518ec7de.jpg,9.105913822e-10
2623560640_0445c9a138.jpg,-4.038651669e-09
2857558098_98e9249284.jpg,6.999493257e-10
1100214449_d10861e633.jpg,3.153582134e-09
2256231539_05c27179f1.jpg,-4.099948802e-09
1570723692_3a2b064d43.jpg,-6.490835524e-09
2640000969_b5404a5143.jpg,3.207768225e-09
537579448_a7f92cef58.jpg,3.493290341e-09
2949880800_ca9a1bb7e6.jpg,1.48321051e-09
3106026005_473a7b1c8c.jpg,1.215988245e-09
3553374585_25b1bd6970.jpg,3.018400856e-09
942399470_6132d3e5d2.jpg,-4.094327102e-09
3638440337_6d5c19a8f0.jpg,-5.14190383e-09
1329832826_432538d331.jpg,4.631173187e-09
3597924257_d0da3c5fe6.jpg,1.417415252e-09
667626_18933d713e.jpg,-3.158492015e-09
3550763985_800cfee7e4.jpg,8.273334555e-09
3182258223_5b9c8a8c55.jpg,-3.584282905e-09
3356642567_f1d92cb81b.jpg,2.227912406e-09
3398788809_25c71ba018.jpg,-3.322799585e-10
3560771491_2a18b6241e.jpg,-1.415063191e-10
3006217970_90b42e6b27.jpg,1.851101115e-09
3425853460_bfcd0b41f6.jpg,-4.856565674e-09
3282925526_535ff9f2b2.jpg,1.518367048e-09
460973814_5eacd1ced4.jpg,-3.385337115e-10
397601572_9587a39291.jpg,4.334798429e-09
2585141045_b496a7b7c4.jpg,1.309929034e-09
2827964381_408a310809.jpg,-7.194615054e-10
613030608_4355e007c7.jpg,-1.144352975e-08
2665586311_9a5f4e3fbe.jpg,2.996387882e-09
2937697444_2367ff0e28.jpg,1.012304318e-09
3561639055_5ac66ae92f.jpg,-1.692111524e-09
3141293960_74459f0a24.jpg,3.399765763e-09
3493844822_c315a11275.jpg,3.023928495e-09
3222702477_34d2d24f1f.jpg,-5.501630125e-10
3265578645_4044a7049a.jpg,2.846019881e-09
2600386812_8790879d9a.jpg,-1.265033264e-09
2974587819_742fb7c338.jpg,-6.172830068e-09
1244485675_822e6efe60.jpg,2.494270179e-09
2549968784_39bfbe44f9.jpg,6.891050149e-10
2547785434_f227bd3680.jpg,4.925863053e-09
2968182121_b3b491df85.jpg,-6.485953787e-09
2977246776_b14be8290d.jpg,-4.610850541e-09
1160441615_fe6b3c5277.jpg,-7.050072391e-09
3616808182_fb4eaec778.jpg,-3.952700578e-09
2046778775_0dd7cac6ab.jpg,3.44015335e-09
226607225_44d696db6b.jpg,-1.413447747e-09
2766926202_4201bf2bf9.jpg,1.95034167e-09
3661659196_6ed90f96c0.jpg,-7.734900892e-10
1580172290_e19067e0dd.jpg,-2.966265688e-09
1414779054_31946f9dfc.jpg,-7.007173936e-10
2884301336_dc8e974431.jpg,-3.803876176e-09
1956944011_c5661d3f22.jpg,-8.796760779e-09
2785108434_cd4a1c949c.jpg,7.524005974e-09
2865409854_afedf98860.jpg,-2.817413376e-09
2510197716_fddca0ac75.jpg,5.502656234e-09
3533775651_9d7e93dacf.jpg,3.058504427e-09
2410320522_d967f0b75c.jpg,-3.631252639e-09
95151149_5ca6747df6.jpg,-2.173702081e-09
2825668136_107223182c.jpg,5.215558434e-09
3517124784_4b4eb62a7a.jpg,1.125756899e-10
1917265421_aeccf1ca38.jpg,-6.991924402e-10
3224560800_8fefd52510.jpg,-5.469969672e-09
267162122_c3437414ec.jpg,1.03722126e-09
760138567_762d9022d4.jpg,2.62495356e-09
2937942758_712be5c610.jpg,-3.000657393e-09
3240090389_97a8c5d386.jpg,2.668135594e-09
3056569684_c264c88d00.jpg,4.536364054e-09
3216901052_269ace7b3c.jpg,-3.586898717e-09
396763804_3b7f1e12a8.jpg,-1.642515671e-09
3435653630_3b6cca2c40.jpg,-2.685325629e-09
2877088081_7ca408cb25.jpg,3.939971454e-10
3485425825_c2f3446e73.jpg,-5.713444728e-10
909191414_1cf5d85821.jpg,1.27408776e-09
2245914678_1f82fc3d80.jpg,2.207611909e-09
2490365757_b869282cb3.jpg,-5.73278566e-10
3534548254_7bee952a0e.jpg,-4.056335973e-09
3146630574_05d9ebbed1.jpg,-2.660443764e-09
1138784872_69ade3f2ab.jpg,3.669043136e-09
2092177624_13ab757e8b.jpg,-5.685323543e-09
782401952_5bc5d3413a.jpg,8.160979416e-10
3132760860_3e743a935d.jpg,-4.781250029e-09
2130851544_d36f4f2ea6.jpg,4.821925601e-10
2204550058_2707d92338.jpg,1.350045853e-09
2576878141_87f25a10f0.jpg,1.797970205e-09
3732728142_86364a706e.jpg,-1.036367496e-10
313326614_b2adbe59e0.jpg,5.839590489e-09
3421547427_53411b6278.jpg,2.085244445e-09
3017521547_f5ef8848e3.jpg,4.593132459e-09
3213622536_31da7f6682.jpg,3.557167449e-09
2646540383_343e1ec9a4.jpg,1.134034992e-09
3057497487_57ecc60ff1.jpg,5.674828921e-09
3380643902_7e0670f80f.jpg,8.031429094e-09
2251447809_2de73afcdf.jpg,4.820493092e-10
505062117_a70b4e10ab.jpg,3.990473564e-09
2840344516_8e15fe2668.jpg,-9.889884304e-09
1232148178_4f45cc3284.jpg,-1.313002727e-09
1304961697_76b86b0c18.jpg,-1.511952417e-09
3154641421_d1b9b8c24c.jpg,-6.315399136e-09
1231229740_8dcbf80bfb.jpg,-9.218941904e-10
2797511323_bf20acab45.jpg,-5.742156871e-09
3256456935_664a7a5bba.jpg,-1.466004041e-09
374103842_17873ce505.jpg,1.91887786e-09
3281611946_f42deed2e1.jpg,-2.45573941e-09
2778290592_1910bb0431.jpg,5.321818662e-09
3338590946_f25b76cbc7.jpg,6.189331967e-11
3405011838_f81117c99f.jpg,9.560434775e-10
3048211972_db71d104c2.jpg,2.403908453e-09
494792770_2c5f767ac0.jpg,-1.212382826e-09
3336682980_1082a66878.jpg,5.136136117e-09
3638992163_a085cc0c24.jpg,2.584028047e-09
3243591844_791cfa62eb.jpg,9.889003174e-10
3456862740_7550bcddc2.jpg,-7.146291279e-09
3674168459_6245f4f658.jpg,8.868162395e-10
1330645772_24f831ff8f.jpg,2.056233953e-09
3632225464_612d7b4c0f.jpg,2.130177987e-09
3150659152_2ace03690b.jpg,-2.572440818e-09
3631474374_e40764d153.jpg,-1.408292889e-10
300594071_3450444752.jpg,2.257409608e-09
2685752892_9d5cd7f274.jpg,1.534575995e-09
2344699642_4fae2f4e07.jpg,-2.939376835e-09
2091171488_c8512fec76.jpg,6.345252615e-10
3259992722_4c5e895734.jpg,3.899308727e-09
505944126_f9a6ab8944.jpg,2.050820246e-09
3119913014_688d4997d7.jpg,3.981494996e-10
1267711451_e2a754b4f8.jpg,-8.552954439e-09
1836335410_de8313a64e.jpg,5.660913082e-10
3106787167_e5f2312622.jpg,-3.365963708e-09
3272541970_ac0f1de274.jpg,5.109452797e-09
3497069793_2d4baf5b4b.jpg,-3.445211988e-10
2267682214_e1434d853b.jpg,-7.921823902e-09
2929405404_1dff5ab847.jpg,1.697728649e-09
2601612082_4b9be27426.jpg,6.924349286e-10
446514680_ff5ca15ece.jpg,-2.902144583e-09
3268908792_c24529fe88.jpg,3.85546941e-09
109823395_6fb423a90f.jpg,-3.893184534e-09
2787868417_810985234d.jpg,4.851445003e-09
241347204_007d83e252.jpg,1.102712524e-09
541063419_a5f3672d59.jpg,6.045388523e-09
2562483332_eb791a3ce5.jpg,-5.800527012e-09
3021318991_fa28e3bca7.jpg,1.410610425e-08
2199200615_85e4c2a602.jpg,-4.419386911e-09
559102835_472ff702b5.jpg,-2.195580377e-09
1236964638_1808784a3c.jpg,-7.75584589e-09
3241965735_8742782a70.jpg,-4.193607695e-09
2426828433_ce894d1c54.jpg,-4.388815967e-09
3033825101_44a4390f16.jpg,-3.465561814e-09
964197865_0133acaeb4.jpg,1.984621745e-09
3000428313_8a1e65e20e.jpg,5.395145274e-09
3245504245_27931f5ec1.jpg,-1.092743686e-09
710878348_323082babd.jpg,-1.320702398e-09
3668518431_43abb169eb.jpg,3.520205991e-10
3346711367_5e7b29e20f.jpg,-2.941108092e-09
2588625139_fdf6610218.jpg,-2.083204762e-09
974924582_10bed89b8d.jpg,-6.26244933e-11
134724228_30408cd77f.jpg,-6.789040308e-11
466176275_f40d37851e.jpg,-2.745399448e-10
2909811789_ed8f3fd972.jpg,-2.507588556e-09
2332986053_864db84971.jpg,-1.267197179e-09
2464259416_238ef13a2e.jpg,1.121636887e-09
3240048764_acce8af2a5.jpg,-6.978036314e-09
3135504530_0f4130d8f8.jpg,1.025134263e-09
3705688385_47651205d3.jpg,5.127591894e-09
3027850131_a7772e0ba0.jpg,1.731497643e-09
2730819220_b58af1119a.jpg,-1.992469429e-09
304408047_98bab3ea64.jpg,-7.431458989e-10
3357708906_fb3a54dd78.jpg,5.742318543e-09
3490517179_76dbd690de.jpg,3.496925998e-09
3563461991_de05537878.jpg,1.83259521e-09
3244734844_c318c29c23.jpg,-1.161846017e-08
3154293126_e52bd07524.jpg,4.1780199e-10
140526326_da07305c1c.jpg,-4.851947901e-09
3608663656_9192a21eeb.jpg,7.569047915e-09
3655155990_b0e201dd3c.jpg,6.686554313e-10
861795382_5145ad433d.jpg,-9.34329849e-10
3380407617_07b53cbcce.jpg,3.273276012e-09
3325129757_7a1979ac11.jpg,-3.108432732e-09
2802337003_56e555cd30.jpg,4.421278902e-09
2095444126_201ff9f222.jpg,3.832183173e-10
280932151_ae14a67be5.jpg,4.343279829e-09
2800934095_b84a5009dd.jpg,3.722287836e-09
2534194182_ac53035cf4.jpg,-5.303297153e-09
2579572274_826598b14a.jpg,-7.526833182e-09
2826647354_650ff5eb03.jpg,6.943917142e-10
3453284877_8866189055.jpg,4.11741678e-10
3669564923_8fcb1a6eff.jpg,-6.082439732e-09
2289096282_4ef120f189.jpg,3.211863612e-10
3708266246_97a033fcc7.jpg,-5.842845894e-09
216172386_9ac5356dae.jpg,2.323665522e-09
3359563671_35b67898e7.jpg,2.997014324e-09
3232252882_05db7c2216.jpg,2.03258567e-09
3014773357_f66bd09290.jpg,5.908503951e-09
1980315248_82dbc34676.jpg,-1.203283787e-09
3343106500_27176fc544.jpg,-1.218778758e-09
3540241710_a4f49cde52.jpg,8.150823397e-11
3317333893_9d0faa8d30.jpg,-6.223606735e-09
2937497894_e3664a9513.jpg,-4.171933828e-10
2911658792_6a6ef07e3a.jpg,7.192085922e-09
2470486377_c3a39ccb7b.jpg,-6.090196943e-09
2534502836_7a75305655.jpg,-3.156970339e-09
3612825666_54f5a2bc06.jpg,-4.704616411e-09
2623496164_68ffeb5067.jpg,7.643617802e-09
2228167286_7089ab236a.jpg,-2.252798695e-09
3128856481_86e5df4160.jpg,-3.038104058e-09
2404692474_37da774368.jpg,4.381060704e-09
472661386_723aae880b.jpg,-3.357394189e-10
3495490064_8db40a83af.jpg,-1.422847385e-09
2882893687_1d10d68f2b.jpg,-3.028514087e-11
3677239603_95865a9073.jpg,4.505407983e-10
616177206_0e16c33f6b.jpg,-1.922689874e-09
2934837034_a8ca5b1f50.jpg,-9.432020673e-09
641893280_36fd6e886a.jpg,3.603418092e-09
2059842472_f4fb61ea08.jpg,5.402686973e-09
1468962616_5803b4397f.jpg,5.139320976e-11
2278766574_f71f1704a8.jpg,6.528788625e-09
3249891874_6a090ef097.jpg,3.320893191e-09
17273391_55cfc7d3d4.jpg,2.701171574e-09
3134387513_ceb75bea0a.jpg,-1.201450963e-09
2208055895_37cd8e1edf.jpg,7.173588851e-09
3346614841_698f9aa486.jpg,-2.540075929e-09
2346772831_b2748ba1f0.jpg,-2.073184164e-09
2709359730_13bca100af.jpg,7.32824969e-10
2069279767_fb32bfb2de.jpg,2.652800452e-09
2330536645_2d36b516e1.jpg,6.777574721e-09
2751694538_fffa3d307d.jpg,-2.990861735e-09
3009047603_28612247d2.jpg,1.159811034e-10
3097171315_0ba7d283b1.jpg,-1.634754259e-09
2935986346_29df6cf692.jpg,3.44857469e-09
2552816307_c7c8e7f6b4.jpg,2.086044607e-09
2893374123_087f98d58a.jpg,9.900760725e-10
3511890331_6163612bb9.jpg,2.66917918e-09
1177994172_10d143cb8d.jpg,6.203799238e-09
2881468095_d4ce8c0c52.jpg,-4.048046276e-09
263522013_d118d46b2d.jpg,-4.239392311e-09
2300920203_f29260b1db.jpg,3.317953855e-10
2374179071_af22170d62.jpg,-1.660661271e-09
1433577867_39a1510c43.jpg,8.658239977e-09
110595925_f3395c8bd6.jpg,5.082934521e-09
2081446176_f97dc76951.jpg,4.16695231e-09
2759211664_d21393b668.jpg,2.552887014e-09
509778093_21236bb64d.jpg,1.439577829e-09
1771490732_0ab5f029ac.jpg,5.717699361e-09
430173345_86388d8822.jpg,-6.757940641e-09
2873648844_8efc7d78f1.jpg,6.893664934e-09
3626689571_5817f99c0e.jpg,1.032038379e-08
3163477256_073605e06e.jpg,-6.77969351e-09
3198962089_e647d1b0cd.jpg,4.52008598e-10
2057160636_6e9cf3b5f0.jpg,5.307601236e-09
3624327440_bef4f33f32.jpg,-5.968968179e-10
185972340_781d60ccfd.jpg,7.297867545e-11
3393446245_37dd3f3b59.jpg,1.502463298e-09
3679407035_708774de34.jpg,4.463499824e-10
2855417531_521bf47b50.jpg,-2.708578955e-09
109202801_c6381eef15.jpg,4.967732142e-09
309238565_2d5d8dc8bf.jpg,-9.845603365e-09
367925122_335ed279a8.jpg,9.336474551e-10
2594336381_a93772823b.jpg,-8.142177072e-09
3703107969_175da4b276.jpg,1.818495524e-09
2616009069_82561da2e5.jpg,2.084949989e-10
2081141788_38fa84ce3c.jpg,-3.694762234e-09
519167484_ee03e2a91e.jpg,3.993742867e-09
2768248810_06d543c080.jpg,-2.621087385e-09
58368365_03ed3e5bdf.jpg,-3.69373013e-09
3086507638_d8a2cd0ac3.jpg,4.820221747e-09
3239480519_22540b5016.jpg,-5.765677489e-10
2167644298_100ca79f54.jpg,5.503763164e-10
2956562716_5aa3f6ef38.jpg,2.628319751e-09
2088120475_d6318364f5.jpg,1.20009149e-09
544257613_d9a1fea3f7.jpg,-3.691848514e-09
2076428547_738e0a132f.jpg,-3.430835971e-09
3647170476_0fd71a4c9f.jpg,-8.711614129e-10
2306674172_dc07c7f847.jpg,-8.254142365e-09
354999632_915ea81e53.jpg,-5.164405912e-09
138705546_be7a6845dd.jpg,-1.839936414e-09
3647693147_0d0434351b.jpg,-6.832899275e-09
2085557551_7a88d01d4e.jpg,-3.110409329e-09
2263655670_517890f5b7.jpg,1.164741168e-08
574274795_57e0834e7d.jpg,1.258888723e-09
3138433655_ea1d59e5b7.jpg,-1.802594588e-09
3677860841_3aa9d8036c.jpg,-2.776713997e-09
3544669026_1b5c0e6316.jpg,3.302696817e-09
3317073508_7e13565c1b.jpg,1.175820177e-09
3202360797_2084743e90.jpg,2.696810236e-09
3265527323_6431f00692.jpg,6.500712943e-09
478592803_f57cc9c461.jpg,-1.071850853e-09
1332722096_1e3de8ae70.jpg,1.215492245e-09
2650620212_0586016e0d.jpg,-5.529120694e-09
2973272684_4d63cbc241.jpg,9.545820389e-10
478208896_90e7187b64.jpg,-2.291958983e-11
2818735880_68b3dfe1f5.jpg,-1.083661392e-09
3138562460_44227a35cf.jpg,-3.711640557e-09
3228793611_8f260ea500.jpg,1.743996246e-09
2390778197_4d9d03d4b9.jpg,-2.70186476e-09
319847643_df7c2a1d25.jpg,-9.112721351e-10
2923825744_ca125353f0.jpg,6.793860561e-09
3109780402_dbae082dc5.jpg,-4.441805158e-09
1479857177_9d4a6f38fd.jpg,-3.436657608e-09
3549011001_26cace3646.jpg,-4.534224902e-09
493542985_c85ad29ebe.jpg,1.690473325e-09
315125146_d9a8e60061.jpg,8.11783557e-09
3372251830_baa3665928.jpg,-1.682091854e-09
2766726291_b83eb5d315.jpg,1.085321645e-09
2676184321_858eff416b.jpg,1.111772532e-08
3553476195_fb3747d7c1.jpg,-9.737305019e-09
2632381125_de32bdfdf6.jpg,2.483674335e-09
3561543598_3c1b572f9b.jpg,1.307456821e-08
3565021218_d2bc1aa644.jpg,4.084285551e-09
2943384009_c8cf749181.jpg,-1.052607898e-08
3708244207_0d3a2b2f92.jpg,-2.193908755e-10
2615811117_42b1838205.jpg,-4.010739848e-10
2959941749_fa99097463.jpg,-6.434183981e-09
3467282545_273a97b628.jpg,-6.256727703e-09
1131932671_c8d17751b3.jpg,1.127267623e-09
269898095_d00ac7d7a4.jpg,-2.01955922e-09
3528105511_12ff45dc9c.jpg,-4.403258747e-09
140526327_3cb984de09.jpg,3.797861651e-09
2187720319_112d00f07d.jpg,2.465381418e-09
3652859271_908ae0ae89.jpg,-4.106479816e-11
1034276567_49bb87c51c.jpg,-5.469424046e-10
3573202338_f43dd22d28.jpg,3.652727796e-09
1479679558_d0a01bc62b.jpg,-5.965737273e-10
3605100550_01214a1224.jpg,3.342461608e-09
233361142_d9d5f0cae9.jpg,-3.339019562e-09
2965604928_435dc93bf7.jpg,-2.900647624e-09
2613021139_4b0dc3d4c8.jpg,4.131294795e-10
3463922449_f6040a2931.jpg,3.943320974e-09
3057770908_3fd97f79f9.jpg,4.431718953e-10
2293149170_38fb2257ea.jpg,4.187652584e-09
854333409_38bc1da9dc.jpg,3.740111187e-10
1348957576_c4a78eb974.jpg,-3.979198804e-09
262439544_e71cd26b24.jpg,-3.348947277e-09
925491651_57df3a5b36.jpg,8.499543784e-09
2250555512_71670078f5.jpg,1.096680506e-08
3485816074_363cab4bff.jpg,1.022897602e-08
3245266444_2e798096e6.jpg,2.628000501e-09
2278110011_ba846e7795.jpg,6.315122926e-09
2640153227_57cf1a3d92.jpg,-2.710592424e-10
3596459539_a47aa80612.jpg,-2.592648992e-09
2994179598_a45c2732b5.jpg,-2.499311946e-10
1332823164_c70a5d930e.jpg,-1.785307955e-09
241347067_e58d05dbdc.jpg,2.453935698e-09
3042381160_ffe2b16808.jpg,-6.002162239e-09
2348491126_30db0d46ef.jpg,-6.816409654e-09
2944952557_8484f0da8f.jpg,-2.645789594e-09
2584957647_4f9235c150.jpg,4.043460294e-09
2718495608_d8533e3ac5.jpg,5.486863908e-10
608257195_6ec6f48e37.jpg,-8.261057683e-10
241345427_ece0d186c2.jpg,6.991341582e-11
3110614694_fecc23ca65.jpg,-1.475655299e-09
3382679230_baef3d1eaa.jpg,1.920901018e-09
3051998298_38da5746fa.jpg,2.078156332e-09
3211199368_ca78387f72.jpg,4.947422234e-09
3274691778_94bb57bba3.jpg,7.671419069e-11
3357194782_c261bb6cbf.jpg,4.741712228e-09
2603792708_18a97bac97.jpg,-6.189665246e-10
489065557_0eb08889cd.jpg,-6.161693988e-10
2268601066_b018b124fd.jpg,-3.009475439e-09
3163068926_d28ed3ef53.jpg,6.853959719e-09
3697675767_97796334e4.jpg,-2.747481295e-09
2907073768_08fd7bdf60.jpg,-1.788313385e-09
2346629210_8d6668d22d.jpg,-8.439605416e-10
3060594966_030658d318.jpg,-8.283323832e-09
2083434441_a93bc6306b.jpg,-2.468865669e-09
2677656448_6b7e7702af.jpg,-6.140956381e-09
460478198_83039f2593.jpg,-5.36315006e-09
452416075_60b2bb5832.jpg,-2.277361396e-09
3166578139_33500f7e8a.jpg,-5.051800027e-09
3319899418_4bcf1b00d8.jpg,-2.745200289e-09
368954110_821ccf005c.jpg,-8.891247221e-10
843616798_5ab0ecb525.jpg,4.003092597e-09
1313693129_71d0b21c63.jpg,-1.523687342e-09
2077079696_03380d218b.jpg,2.424624029e-09
2477121456_1ac5c6d3e4.jpg,-1.04023723e-09
385186343_464f5fc186.jpg,-1.128632706e-09
3184891327_8785194e3c.jpg,4.59638617e-10
934375844_dd149fed18.jpg,5.527496775e-10
746787916_ceb103069f.jpg,-3.940164373e-09
2753531542_ace2c870b7.jpg,-1.012931153e-08
3036596725_541bbe0955.jpg,1.301466218e-09
3531811969_49af4c22f0.jpg,-5.21474431e-09
3537452619_3bd79f24e0.jpg,4.927487284e-09
537628742_146f2c24f8.jpg,5.308758542e-09
3584196366_a4b43d6644.jpg,-6.78552491e-10
3520617304_e53d37f0af.jpg,-5.70714945e-09
460195978_fc522a4979.jpg,4.018649824e-10
2723929323_70b93a74ea.jpg,1.152610624e-09
1119015538_e8e796281e.jpg,-4.70569353e-09
3251460982_4578a568bb.jpg,2.455584083e-09
3384742888_85230c34d5.jpg,2.475203016e-09
2102360862_264452db8e.jpg,2.817135326e-09
433855742_c2a6fda763.jpg,-5.586943251e-10
2834103050_512e5b330a.jpg,-2.943491456e-09
2542037086_58c833699c.jpg,4.893778914e-10
2775744946_1ab5d500a2.jpg,1.610228911e-09
3139876823_859c7d7c23.jpg,7.098346452e-09
2477623312_58e8e8c8af.jpg,4.220747683e-09
3044359043_627488ddf0.jpg,-1.147146007e-08
1984936420_3f3102132b.jpg,-1.457360468e-09
3692836015_d11180727b.jpg,9.50791477e-10
2932498509_27cb0038ec.jpg,-7.506352787e-09
3556598205_86c180769d.jpg,-4.216919832e-09
189721896_1ffe76d89e.jpg,5.809339213e-09
3700004668_99c3e3f55b.jpg,6.69227597e-09
3690431163_1d81e19549.jpg,-4.464917241e-09
3372167201_f7f909d480.jpg,9.34950229e-10
350529848_9569a3bcbc.jpg,3.894025636e-09
311267421_e204e643cf.jpg,-4.098134047e-09
3081330705_7a1732e12c.jpg,2.67314724e-09
3383037991_8f07784b81.jpg,-3.794371355e-09
3557148230_7fc843e5de.jpg,1.324641135e-09
358114269_96fdb5f7c3.jpg,9.598931044e-10
272988646_1588bde6a8.jpg,-3.550822814e-09
1472053993_bed67a3ba7.jpg,2.275931428e-09
2422302286_385725e3cf.jpg,4.955306406e-09
2720985888_8f5920e8cf.jpg,-2.268755273e-09
3215315009_47577bf8f7.jpg,-1.523060127e-09
3050976633_9c25cf6fa0.jpg,-1.579665649e-09
3323076458_3ce72a1dae.jpg,2.246305933e-09
3372215826_b3e6403b2e.jpg,6.581662119e-09
3547704737_57d42d5d9d.jpg,4.409276066e-09
1339596997_8ac29c1841.jpg,2.094519467e-09
3360876049_9047edeab9.jpg,-4.804762044e-10
2698487246_e827404cac.jpg,2.041484388e-09
3381161854_af8b05243c.jpg,4.790591934e-09
2970183443_accd597e0a.jpg,1.18244706e-09
1433142189_cda8652603.jpg,-8.284906914e-09
836828001_af98d16256.jpg,-5.317489929e-10
2991771557_d98fa0a69f.jpg,5.461766288e-09
468310111_d9396abcbd.jpg,-2.734703445e-09
3472485022_5d03e9852d.jpg,-1.777217991e-09
327415627_6313d32a64.jpg,-6.062469356e-11
3337046794_296bd2c7e0.jpg,1.855160778e-09
3710468717_c051d96a5f.jpg,8.630729917e-09
3343900764_2a4c0405f9.jpg,1.25753634e-09
2298077331_f9a1488067.jpg,-6.584327872e-10
3263946591_a1558b77d3.jpg,-8.61229106e-09
3251646144_d9f4ccca3f.jpg,-2.072719292e-09
811663364_4b350a62ce.jpg,7.211735387e-09
397547349_1fd14b95af.jpg,-5.498356683e-10
1998255400_0cd086908f.jpg,-3.323767101e-09
537222436_ab406234ce.jpg,9.933993479e-09
284279868_2ca98e3dcd.jpg,-4.780921355e-09
3451345621_fe470d4cf8.jpg,-1.257145631e-08
3091382602_60b9b53ed1.jpg,-9.410340936e-10
98377566_e4674d1ebd.jpg,7.139291429e-09
2524084967_a5e011b73d.jpg,-5.008551751e-09
1402641725_5e027ecaa7.jpg,6.078680103e-09
3535879138_9281dc83d5.jpg,2.18222555e-09
536828916_b763b82949.jpg,-1.132825134e-09
3560726559_4c4bed9f2d.jpg,5.345267871e-09
544576742_283b65fa0d.jpg,-1.460035157e-09
436013859_793d870b6f.jpg,-1.383234042e-09
1643915227_9f48068772.jpg,3.084433711e-10
506412121_67ecc7ec05.jpg,8.040933153e-09
274313927_404d0e94ab.jpg,3.980466678e-10
523249012_a0a25f487e.jpg,4.575692369e-09
1131804997_177c3c0640.jpg,6.659996526e-10
2412390588_a89cab30f4.jpg,-5.355232147e-10
2074244690_82e30ff44b.jpg,2.237250431e-09
2458269558_277012780d.jpg,5.637801076e-09
2975073156_7543ed326f.jpg,7.615605631e-10
3026102616_3cf350af9e.jpg,3.121267287e-09
3687222696_85bf6f78f7.jpg,-1.088320991e-08
3343311201_eeb1a39def.jpg,-1.086959742e-09
2524003134_580e74328b.jpg,3.961068138e-09
3251976937_20625dc2b8.jpg,1.508600556e-09
2978394277_4572967b97.jpg,-5.822727791e-09
2049646140_d0de01e3c4.jpg,7.230146927e-09
2899089320_3e7f6bbaca.jpg,-9.760447049e-10
3086526292_f799d237c7.jpg,-9.546953433e-09
3455419642_894d03f153.jpg,-1.474500324e-09
386470686_1ae9242878.jpg,5.943779213e-09
2805822564_6dee48e506.jpg,-6.422417613e-09
3231596071_f0c522a639.jpg,-3.610271089e-09
2586532797_dcf22a5021.jpg,-4.134072283e-09
1468429623_f001988691.jpg,-7.145431485e-09
3454149297_01454a2554.jpg,-6.67598843e-09
2533414541_362bf043bb.jpg,3.432218292e-10
2456615908_59cdac6605.jpg,-4.183102175e-09
3276475986_66cd9cc7e4.jpg,6.202170163e-11
2665264979_df9c284bf8.jpg,2.369483095e-10
566794036_60f7acdf35.jpg,1.040785192e-09
2735290454_1bd8bc5eac.jpg,-6.01919133e-09
1428681303_04213524e3.jpg,1.926327634e-09
241347580_a1e20321d3.jpg,-9.640419741e-09
2933912528_52b05f84a1.jpg,-1.904462336e-09
326456451_effadbbe49.jpg,-2.432140951e-09
2405978603_6221b0c2e7.jpg,-6.959283791e-09
3126981064_1e803c3d7f.jpg,-2.35100169e-09
405331006_4e94e07698.jpg,3.192803533e-09
1522787272_5a31497ef2.jpg,2.135577827e-09
475042270_719ebe6c48.jpg,-4.343399721e-09
3422146099_35ffc8680e.jpg,-1.354213566e-09
330849796_c575c3108a.jpg,1.901952105e-09
449287870_f17fb825d7.jpg,-2.490235257e-09
3097776588_312932e438.jpg,-2.077321743e-09
2911245290_b2c79f328a.jpg,-1.411573743e-09
1957371533_62bc720bac.jpg,4.993585451e-09
3671262694_29fbeb9d95.jpg,1.868769578e-10
2495394666_2ef6c37519.jpg,9.783475651e-09
2887614578_ed7ba21775.jpg,8.232391008e-09
2557972410_6925fe695c.jpg,1.237626987e-09
3126752627_dc2d6674da.jpg,1.745706691e-09
157139628_5dc483e2e4.jpg,-3.254345389e-09
3690159129_93ba49ea18.jpg,8.297531322e-09
2249480913_e1695e5c28.jpg,1.202280477e-09
3652584682_5b5c43e445.jpg,-8.343701926e-10
3246773992_89bf86937b.jpg,-2.337254789e-09
2987576188_f82304f394.jpg,3.567897357e-09
2393264648_a280744f97.jpg,-1.679437649e-08
2644920808_f5a214b744.jpg,3.07405743e-09
3062173277_bfb5ef4c45.jpg,-3.252042009e-09
431410325_f4916b5460.jpg,-2.430136922e-09
103205630_682ca7285b.jpg,-2.001558415e-08
2337377811_8c81b40a64.jpg,-1.373160774e-09
3259110412_9908c45144.jpg,-8.529291317e-10
2322334640_d4d22619ff.jpg,3.250617818e-09
3466353172_deb128bbb0.jpg,-2.175050747e-09
3636126441_5617c89aaa.jpg,-2.017709502e-09
3406409018_03de95181e.jpg,-2.578614766e-09
3226254560_2f8ac147ea.jpg,1.551417192e-09
3610189629_f46de92ab3.jpg,-1.426346614e-08
2242863004_3a9f82a31f.jpg,5.792452393e-09
2554570943_122da6438f.jpg,3.836887738e-10
2333288869_8c01e4c859.jpg,-7.665116599e-09
3457315666_b943111dec.jpg,-2.962712448e-08
2955673642_4279b32097.jpg,-7.678524929e-09
1527333441_af65636a74.jpg,-1.648065492e-09
2180356743_b3a3c9a7f6.jpg,-3.244026275e-09
2198964806_c57b0534d3.jpg,2.914376429e-09
3515904775_f8acc5909e.jpg,2.854202482e-09
246094557_e174a5914f.jpg,-2.264294474e-09
427167162_2c99779444.jpg,7.443914344e-09
427082246_5bf1c3676f.jpg,1.35420249e-10
339658315_fbb178c252.jpg,-9.142707227e-10
3411579899_0f8ed09142.jpg,5.002398085e-10
3701249979_8bc757e171.jpg,1.57543907e-09
2764178773_d63b502812.jpg,-2.266682279e-09
401476986_73918145a3.jpg,1.028148481e-08
3631810528_7233c0f421.jpg,5.022089054e-10
2755952680_68a0a1fa42.jpg,-1.713828987e-09
3606846822_28c40b933a.jpg,-7.640911979e-09
684255145_db3f8e3e46.jpg,-1.074257796e-09
3113682377_14fc7b62b0.jpg,-2.188396348e-09
3334537556_a2cf4e9b9a.jpg,-2.809133347e-09
464506846_1734302b58.jpg,-4.287366766e-09
3156113206_53c2a7b5d8.jpg,-8.074460332e-10
2218334049_e649dbdb1a.jpg,-4.087563886e-11
1087539207_9f77ab3aaf.jpg,4.372807007e-09
805682444_90ed9e1ef3.jpg,-6.938041272e-10
3154152744_4e93ec8a62.jpg,5.519555179e-10
3641999223_942f8198cc.jpg,2.926269832e-09
2934325103_e9b8d7430f.jpg,-6.332106693e-09
3301935788_2bb7bbc515.jpg,-9.959676038e-10
2929669711_b2d5a640f0.jpg,-3.715621709e-09
2478929971_9eb6c074b6.jpg,6.601215578e-09
1476241331_2f43b67aed.jpg,7.028971504e-10
2480021389_dda9fb2818.jpg,1.57548729e-09
2921430836_3b4d062238.jpg,2.046906777e-09
3245939062_8ffe1d2be5.jpg,1.001420329e-08
2489602993_896c1ea40a.jpg,4.312975466e-09
3134387321_3a253224c1.jpg,6.136685765e-09
1056873310_49c665eb22.jpg,-1.160119708e-09
862054277_34b5a6f401.jpg,3.148486082e-09
3621177753_1718c30ea0.jpg,-2.926387888e-09
2097489021_ca1b9f5c3b.jpg,-2.988152208e-09
3079786914_fe598b0e54.jpg,-5.505739969e-10
3107368071_724613fc4f.jpg,-1.138434549e-09
1358892595_7a37c45788.jpg,-5.152342569e-10
3018467501_a03d404413.jpg,-2.427729078e-11
477768471_d7cd618fdb.jpg,4.834936506e-09
3275527950_41aca690a1.jpg,1.51758593e-09
2866696346_4dcccbd3a5.jpg,6.846222044e-09
2814406547_a237ef0122.jpg,1.301765081e-09
3593556797_46b49a02a8.jpg,1.54811865e-09
3512033861_a357bb58b6.jpg,1.8561416e-10
2196284168_76417efbec.jpg,-3.563940783e-09
3218480482_66af7587c8.jpg,-1.578226665e-09
159712188_d530dd478c.jpg,1.019376764e-08
3348384389_73b6647017.jpg,-8.77870611e-09
701816897_221bbe761a.jpg,1.439067346e-09
3119903318_d032141839.jpg,-1.159212673e-08
3711664623_ef87105ea7.jpg,1.748202177e-09
3353328134_dd9ed0edab.jpg,-2.022223034e-09
3014080715_f4f0dbb56e.jpg,1.651120635e-09
2731171552_4a808c7d5a.jpg,4.413243566e-09
3111502208_71e2a414f5.jpg,-4.846396316e-10
1348113612_5bfc5f429e.jpg,2.02673147e-09
3306464579_1b16a0caf2.jpg,-3.910322682e-09
3648988742_888a16f600.jpg,9.579935066e-10
2234702530_a265a4df22.jpg,-6.042645722e-09
947969010_f1ea572e89.jpg,2.268666549e-09
305199420_89f6ddd778.jpg,-4.600205516e-09
2887750774_920eb171aa.jpg,-2.018596402e-09
3039209547_81cc93fbec.jpg,-9.134801643e-09
405537503_f66ecc5073.jpg,-9.159983923e-10
2473791980_805c819bd4.jpg,-2.82555599e-09
480607352_65614ab348.jpg,2.1505551e-09
3314517351_69d70e62bd.jpg,-9.608889979e-09
241345446_2e47ae8ddc.jpg,-2.365570025e-09
3330935489_9cb67ca36b.jpg,4.604768999e-09
482088914_e6ea4501e9.jpg,2.093257322e-09
1449692616_60507875fb.jpg,-1.206244033e-09
3386953179_84c2d7922f.jpg,-7.395486531e-09
56489627_e1de43de34.jpg,2.347030763e-09
957230475_48f4285ffe.jpg,1.166353685e-09
134894450_dadea45d65.jpg,1.93719861e-09
278002947_3fd22a2cb6.jpg,6.211736841e-10
3421104520_6a71185b3c.jpg,2.252433356e-09
241346260_f50d57b517.jpg,-7.900319728e-09
3371533654_73a12a35a4.jpg,4.504420916e-09
1022454428_b6b660a67b.jpg,-1.47305138e-09
3652764505_87139e71f8.jpg,2.649570106e-09
2916586390_664f0139ea.jpg,3.15657373e-09
181777261_84c48b31cb.jpg,2.404023407e-09
3349451628_4249a21c8f.jpg,4.438693705e-09
3108378861_d2214d971e.jpg,7.844437249e-09
1348304997_afe60a61df.jpg,-5.711895014e-10
3268407162_6274e0f74f.jpg,1.588832349e-09
503794526_603a7954d3.jpg,-3.749277181e-10
2689163361_4939875be5.jpg,6.985117421e-09
956164675_9ee084364e.jpg,-1.556175562e-09
2063277300_f7ff476914.jpg,3.754264429e-09
3028404926_2bd27e3e83.jpg,6.884096299e-10
393987665_91d28f0ed0.jpg,3.125416657e-10
2635905544_dbc65d0622.jpg,3.677346571e-10
3170802797_3c851bb475.jpg,-2.145838069e-09
496129405_b9feeda1ab.jpg,-2.274096573e-09
464527562_a18f095225.jpg,-1.130669132e-09
1342766791_1e72f92455.jpg,-4.253873042e-09
264928854_d9e61f3a8e.jpg,-5.949020133e-10
333973142_abcd151002.jpg,9.098170635e-10
3629492654_619d7b67ee.jpg,1.248134603e-09
1921398767_771743bf4e.jpg,-1.486848392e-09
242558556_12f4d1cabc.jpg,-9.125086616e-09
2439813616_c9ac54cc9f.jpg,1.903600909e-09
2144049642_070cf541b4.jpg,-5.818221055e-09
3375920709_ef7370fa09.jpg,-8.923627175e-09
2537119659_fa01dd5de5.jpg,-4.289088397e-09
3635177305_bfbe1fc348.jpg,-5.219339097e-11
3361210233_962d630ec5.jpg,-3.366663514e-09
3532192208_64b069d05d.jpg,-7.989261029e-10
516725192_c9cdd63878.jpg,2.137533069e-09
2860372882_e0ef4131d4.jpg,4.022576518e-09
3632258003_6a0a69bf3a.jpg,8.302457451e-09
1311132744_5ffd03f831.jpg,-5.091795562e-09
2754898893_95239c1f19.jpg,3.170442678e-09
1452361926_6d8c535e32.jpg,9.834142802e-09
3487419819_e3f89444ce.jpg,-1.079172177e-09
2824922268_3fafb64683.jpg,3.433560644e-09
3474985382_26e1560338.jpg,-5.53795387e-09
3381038951_225bb163af.jpg,-3.589396419e-11
2470588201_955132a946.jpg,7.70952462e-09
2975018306_0e8da316f5.jpg,4.69149038e-09
2949762776_52ece64d28.jpg,-8.650494993e-10
2482629385_f370b290d1.jpg,-2.570938173e-09
2993167183_2bda95fa3d.jpg,-4.212935391e-09
2328106090_b7c2725501.jpg,-8.861007973e-09
1322323208_c7ecb742c6.jpg,-6.460623518e-09
2578003921_e23b78e85f.jpg,3.05349257e-09
3321334180_8f764e0e0f.jpg,7.285694271e-10
3373544964_c9f1253b7d.jpg,-2.862577774e-09
444881000_bba92e585c.jpg,-1.855319989e-09
236518934_c62a133077.jpg,5.954313422e-09
3295418287_5d590dac43.jpg,-4.195354222e-09
3138746531_f6b816c126.jpg,1.294920088e-09
2971431335_e192613db4.jpg,-5.546899636e-09
3199460792_deef518c01.jpg,5.907801339e-09
1082379191_ec1e53f996.jpg,8.259455601e-09
2921670682_6a77a6c3e9.jpg,2.354518397e-09
2393971707_bce01ae754.jpg,5.005364886e-09
241345905_5826a72da1.jpg,-2.660157853e-09
3467843559_a457ce37b6.jpg,-6.644486492e-10
2561334141_0aacefa5e7.jpg,4.379158305e-09
3662963630_8f097e38d4.jpg,-1.02412666e-08
3498417123_3eae6bbde6.jpg,4.35712038e-09
2156131463_5b53636cf0.jpg,7.271848484e-09
749840385_e004bf3b7c.jpg,2.743224672e-09
334737767_7f344eee16.jpg,-2.091618773e-09
640203018_c0e7175831.jpg,-7.440064316e-09
3323514651_3efdbd63ed.jpg,-2.93506938e-11
1007320043_627395c3d8.jpg,1.116321151e-09
2185793891_5a5e903ca6.jpg,-2.217519911e-09
2692635048_16c279ff9e.jpg,-1.480127777e-09
2842439618_fb20fe2215.jpg,9.762013222e-10
2308271254_27fb466eb4.jpg,-7.950163101e-10
2326879311_555ebef188.jpg,-2.768575901e-09
2561341745_2d77d3ff7d.jpg,2.387269748e-09
2506892928_7e79bec613.jpg,-5.512374841e-10
1164765687_7aca07bbe7.jpg,-8.27230619e-09
3345025842_bc2082a509.jpg,6.524828e-10
827941668_2e4ac6cb39.jpg,-6.762033854e-09
344078103_4b23931ce5.jpg,-6.233322605e-09
408748500_e8dc8c0c4f.jpg,5.063454228e-09
2085403342_a17b0654fe.jpg,2.022983185e-09
2501942587_e59b91d1da.jpg,2.011201754e-09
3025438110_40af7e6a80.jpg,-4.442750649e-10
977856234_0d9caee7b2.jpg,8.057385139e-10
3118425885_f0cc035032.jpg,2.075563465e-09
3694991841_141804da1f.jpg,4.182510788e-09
3165826902_6bf9c4bdb2.jpg,2.360573469e-09
3532194771_07faf20d76.jpg,-3.022397755e-09
3156406419_38fbd52007.jpg,7.067783295e-09
2797188545_aeb26c54c0.jpg,-1.165634359e-09
3480052428_c034b98a08.jpg,-3.302563581e-10
3207343907_995f7ac1d2.jpg,7.010545029e-09
3367053761_8ec5834bf3.jpg,-1.829026391e-09
297285273_688e44c014.jpg,-1.016485174e-09
3326273086_e09e845185.jpg,2.686390486e-09
2534652796_c8a23288ab.jpg,3.208229194e-09
3549140234_e99b07c739.jpg,-1.035609747e-09
708945669_08e7ffb9a7.jpg,-4.014678702e-09
2885382946_f541ea5722.jpg,-3.366940982e-09
489773343_a8aecf7db3.jpg,3.944426162e-09
27782020_4dab210360.jpg,-4.169236377e-09
2537197415_af7c30dfc8.jpg,5.064222999e-10
2608289957_044849f73e.jpg,5.960606039e-09
3284460070_6805990149.jpg,-9.870275685e-11
1818403842_553a2a392c.jpg,1.240798935e-09
2437266971_b91a8f9a00.jpg,-1.011835796e-09
3427118504_93126c83e0.jpg,1.928427694e-09
3195147187_a073d59fa8.jpg,4.629073872e-09
1449625950_fc9a8d02d9.jpg,-4.969128677e-09
2165677531_e1d5e086f7.jpg,-4.686928504e-09
781118358_19087c9ec0.jpg,-5.292206829e-09
454709143_9c513f095c.jpg,9.425667527e-10
987907964_5a06a63609.jpg,1.705481389e-08
386655611_1329495f97.jpg,-3.938085983e-10
859620561_de417cac1e.jpg,-6.915442814e-10
944788251_a0bcd4b960.jpg,4.319801409e-09
3004359992_f6b3617706.jpg,4.005750983e-09
3295680663_af21ea648b.jpg,6.220550908e-09
2541701582_0a651c380f.jpg,-7.112749747e-09
219843859_94b6d0a580.jpg,9.192452264e-10
242064301_a9d12f1754.jpg,-2.767546397e-09
246901891_4c4ea49c3a.jpg,-1.519013493e-09
446291803_2fd4641b99.jpg,-1.385233314e-09
3178371973_60c6b8f110.jpg,-7.732461737e-11
388386075_9ac3a89ada.jpg,4.678646008e-09
374124237_51f62b6937.jpg,-3.325024424e-10
2971298546_dd595cf297.jpg,3.533331608e-09
3187117682_986ffd6b67.jpg,-8.477403658e-10
3134092148_151154139a.jpg,8.380099395e-10
3542484764_77d8920ec9.jpg,-1.72652806e-09
1107246521_d16a476380.jpg,7.853353103e-09
3490186050_4cb4193d4d.jpg,-5.517771179e-09
2298661279_016d87ba2f.jpg,2.594050734e-09
3694093650_547259731e.jpg,1.011279821e-09
2615623392_ab2b9759ae.jpg,-5.574426696e-10
1428578577_82864facae.jpg,-3.60444e-09
3093971101_543237971d.jpg,-2.82313759e-09
3280173193_98c2d6a223.jpg,5.242199764e-09
2284894733_b710b9b106.jpg,1.015004307e-09
2947172114_b591f84163.jpg,-5.403331444e-09
742073622_1206be8f7f.jpg,-1.155888366e-09
3122938209_2b2c6c1fab.jpg,4.532617302e-10
2698197294_ccd9327ef6.jpg,-5.878090113e-10
2934000107_d2ff15c814.jpg,-1.201568362e-09
2819254573_9ecb5f4d5e.jpg,2.943668223e-09
3095137758_bdd1e613dd.jpg,4.388069334e-09
3462396164_ba9849c14b.jpg,-2.118959135e-09
495014499_8fd065cfd9.jpg,-7.795763309e-09
2422482455_b98d9c2120.jpg,-8.085708036e-09
1240297429_c36ae0c58f.jpg,4.349144288e-09
820169182_f5e78d7d19.jpg,-1.13990211e-08
2207244634_1db1a1890b.jpg,-5.496095463e-10
3463034205_e541313038.jpg,-5.318016904e-09
1117972841_2b9261f95f.jpg,-4.868546715e-09
2908512223_7e27631ed4.jpg,1.924041922e-10
2097407245_c798e0dcaf.jpg,6.411768571e-09
3383491811_fd9d3a891d.jpg,4.38445668e-10
3549408779_4d453db080.jpg,-2.292322392e-09
3215117062_6e07a86352.jpg,-3.807851655e-09
3173157541_70b16b4318.jpg,-5.687706078e-09
3632047678_f202609e50.jpg,3.343350366e-10
2964438493_413667c04a.jpg,2.324075165e-09
2769731772_18c44c18e2.jpg,-4.216743124e-09
3351493005_6e5030f596.jpg,1.422810245e-09
3727752439_907795603b.jpg,-4.65466969e-09
247778426_fd59734130.jpg,2.255012994e-09
1357753846_6185e26040.jpg,-5.377881911e-09
3382105769_b1a4e4c60d.jpg,2.415414947e-09
225909073_25c3c33a29.jpg,-3.700696959e-09
3533145793_5d69f72e41.jpg,7.608282939e-09
2978810122_183e60ff2d.jpg,-2.581678663e-09
455856615_f6361d9253.jpg,4.498094517e-09
3286543624_7a327f79ae.jpg,-1.774891485e-10
2574084102_f2be3f73cb.jpg,2.136868734e-09
3336065481_2c21e622c8.jpg,6.346472703e-09
3254662117_b2e7dede6e.jpg,5.353761009e-09
1397923690_d3bf1f799e.jpg,-4.173991255e-09
3690107455_0fdb4ecee7.jpg,-2.730667513e-09
3334866049_f5933344aa.jpg,-4.204890176e-09
2319197581_94f807b204.jpg,-2.109692978e-09
2787276494_82703f570a.jpg,-1.837208221e-09
2707244524_d57120d74a.jpg,1.584571933e-09
3217910740_d1d61c08ab.jpg,1.697309359e-10
3537201804_ce07aff237.jpg,3.032874107e-09
946051430_8db7e4ce09.jpg,5.72078503e-09
561179884_8b6b925ef9.jpg,-7.138510119e-09
2613993276_3c365cca12.jpg,4.417219056e-09
300765528_8c8f709dda.jpg,1.569842363e-09
2244024374_54d7e88c2b.jpg,-2.218944576e-09
2527713011_b0ec25aa54.jpg,-1.804271952e-09
3343197133_9256848fa9.jpg,-2.065021163e-09
3668259129_e073af1533.jpg,3.177308321e-09
3510219078_670b6b3157.jpg,3.559355602e-09
3303787342_b258b377b6.jpg,-2.796351302e-09
3219210794_4324df188b.jpg,3.72053272e-09
3063544435_10516c6937.jpg,-7.303095154e-09
3100442775_6e2659b973.jpg,4.023904893e-09
3118505332_b0792489b5.jpg,-3.707048994e-09
3595412126_4020d4643b.jpg,5.166386195e-09
3457604528_302396c08c.jpg,2.130007908e-09
3585488964_1467945775.jpg,2.045487559e-09
2277299634_e14bdb7ff7.jpg,-1.350526528e-09
3259231890_16fe167b31.jpg,1.076669355e-08
2826769554_85c90864c9.jpg,1.50820345e-09
822836318_21544f0f78.jpg,-1.214522794e-08
3396817186_b299ee0531.jpg,-6.48018076e-09
3553225222_f5ebe44af1.jpg,2.67382932e-09
2424976964_98f58a0618.jpg,-1.151463184e-09
2165461920_1a4144eb2b.jpg,1.807309941e-09
2693539377_5442430f81.jpg,-8.263921254e-09
3400135828_0ac128b6eb.jpg,2.393425584e-09
2825483885_3f7c54db3e.jpg,-9.035054283e-10
2880051254_e0ca96b6be.jpg,1.666260483e-09
3046431231_dc48851062.jpg,-5.121504882e-10
263850317_5bb3a18a08.jpg,-5.894120135e-09
3687996569_99163a41c3.jpg,-7.815290705e-09
2578161080_e007c9177a.jpg,9.923936454e-10
224702242_a62aaa6dff.jpg,1.283332761e-09
2884252132_5d8e776893.jpg,8.380682172e-11
3657016761_d553e514d9.jpg,-9.058653675e-09
2872963574_52ab5182cb.jpg,1.856403313e-09
2975253472_0f0c2dea70.jpg,7.346025633e-10
3597146852_3d000a5d5f.jpg,-6.185768097e-10
428485639_a82635d6ee.jpg,6.87344581e-09
2210368267_0615754b48.jpg,1.576226348e-09
543264612_c53cc163b4.jpg,-1.643448959e-10
3381392182_db2c42430e.jpg,6.323236143e-09
3673165148_67f217064f.jpg,3.851731402e-09
2790909995_8b7a03d9d1.jpg,1.2227282e-08
3599568766_9e96def0ef.jpg,-1.009791984e-09
3478591390_b526580644.jpg,2.698885143e-09
3222749441_3bdfe088e3.jpg,9.642520329e-10
35506150_cbdb630f4f.jpg,2.844922405e-09
3287549827_04dec6fb6e.jpg,1.677973284e-09
3186556417_b2d6921a20.jpg,8.23809546e-09
3148193539_de9dd48fc8.jpg,-4.154375895e-09
3494723363_eaa6bc563b.jpg,-2.991182509e-09
348380010_33bb0599ef.jpg,3.704687495e-09
3559993787_c49644dcc5.jpg,5.171497193e-09
3299418821_21531b5b3c.jpg,-5.507478142e-09
494907021_321e82877a.jpg,1.883072738e-09
3362189985_fbae8f860a.jpg,1.240919723e-09
1572286502_64e5c4b920.jpg,1.593486884e-09
2344412916_9a5a9b1c82.jpg,3.377032464e-09
3182558164_488b819f14.jpg,1.33190144e-10
3558251719_3af5ae2d02.jpg,1.437020284e-09
3461110860_37ef15af8e.jpg,3.741579573e-09
425088533_a460dc4617.jpg,1.6012715e-09
2208310655_a3d83080c5.jpg,1.277521465e-09
3019923691_3b3c5a4766.jpg,3.400438196e-09
251792066_b5233b3d86.jpg,1.626800633e-09
2443380641_7b38d18f5b.jpg,2.100244645e-09
210126070_0d43b300b9.jpg,4.328667972e-09
2888386138_578d21033a.jpg,1.769821899e-09
2100816230_ff866fb352.jpg,3.708429887e-09
180506881_de0f59770f.jpg,-1.977501786e-09
3244470342_c08f6bb17e.jpg,-2.206628758e-09
1808370027_2088394eb4.jpg,-5.721736198e-09
2984174290_a915748d77.jpg,6.057712147e-09
2565618804_8d7ed87389.jpg,7.196606516e-09
207275121_ee4dfa0bf2.jpg,4.034578715e-09
3294202771_e8ee78a439.jpg,2.970786506e-09
3515451715_ac5ac04efa.jpg,-3.756057236e-09
369186134_5eef374112.jpg,2.21726957e-09
3136688093_568b053bdf.jpg,-1.30966008e-10
3259991972_fce3ab18b2.jpg,8.378912665e-10
3273625566_2454f1556b.jpg,-1.230415352e-09
2719101587_4ba70dee14.jpg,5.076213261e-09
300222673_573fd4044b.jpg,6.151788504e-09
3682038869_585075b5ff.jpg,-3.144489204e-09
525887861_4cc7a1beca.jpg,1.521185757e-09
3123770450_cedc16d162.jpg,8.096274798e-09
2899594400_61b4f6c114.jpg,6.134253261e-09
2192475933_d779bf42eb.jpg,-4.224943149e-10
319870744_0e0138d205.jpg,9.479393536e-09
930748509_8ca5cf5c24.jpg,3.339975089e-09
3618115051_41b5a7706c.jpg,2.815784735e-09
267836606_bbea2267c8.jpg,4.699501695e-09
2954525375_9d5ca97341.jpg,3.748176368e-09
3241726740_6d256d61ec.jpg,-2.379843908e-09
3360823754_90967276ec.jpg,9.727675644e-10
3074617663_2f2634081d.jpg,2.003852904e-09
470887791_86d5a08a38.jpg,-1.268068247e-10
3261493263_381a4c5cc7.jpg,6.174644562e-10
534200447_b0f3ff02be.jpg,-9.870148985e-10
488352274_9a22064cb3.jpg,5.889535036e-09
3677734351_63d60844cb.jpg,-1.024145285e-10
2528489543_546c1ca81f.jpg,-4.726260305e-09
3179336562_c3d0c0a3bd.jpg,3.622454909e-09
3152317129_177b4678b7.jpg,-3.555844413e-09
2273799395_5072a5736d.jpg,-1.074424383e-09
3260768565_2b725be090.jpg,3.127231166e-09
2558911884_856dfc3951.jpg,1.141212692e-08
3166366760_e43cf66eda.jpg,1.570480353e-09
519754987_51861fea85.jpg,-6.375615881e-09
2340919359_f56787d307.jpg,-5.782952509e-09
3176277818_235486a3cd.jpg,-9.011356875e-09
2467856402_0490413d38.jpg,-5.949851049e-09
281754914_bc8119a0ed.jpg,1.200302163e-09
3303797949_339bb969ba.jpg,-1.205789936e-08
3593220756_5c416c3ceb.jpg,-2.194661264e-09
3304030264_da3dd18c7b.jpg,4.63140767e-09
247619370_a01fb21dd3.jpg,7.32429685e-10
3401902253_cd27e6d0fe.jpg,9.703738667e-09
3050114829_18bc5a6d7c.jpg,7.376659051e-09
1129704496_4a61441f2c.jpg,-1.605525013e-09
2266144051_614b2d62b0.jpg,-3.309783821e-09
3712574653_e009f76d19.jpg,7.869057984e-09
502783522_3656f27014.jpg,-5.286385516e-09
2218907190_5f43bf5e4d.jpg,1.432191293e-09
3014169370_fc4059352e.jpg,-1.973466796e-09
2679851489_a58780291e.jpg,-4.512747013e-09
2768021570_46bc6325e3.jpg,1.007294668e-08
3064097919_e536ab9693.jpg,4.5470242e-09
1299459562_ed0e064aee.jpg,4.890530242e-10
2593406865_ab98490c1f.jpg,6.908979028e-10
2141065212_463a6997e1.jpg,5.624320986e-09
3453019315_cfd5c10dae.jpg,-3.725254272e-11
3462512074_2b4db1ffd6.jpg,-2.182179668e-09
3556792157_d09d42bef7.jpg,3.775372497e-09
2643309379_2cde08516c.jpg,1.422250451e-09
2696866120_254a0345bc.jpg,-2.565694249e-09
2706430695_3b5667741c.jpg,4.045861103e-10
3474406285_01f3d24b71.jpg,4.195640102e-10
2695085448_a11833df95.jpg,-6.460767591e-10
2562463210_d0dfd545ca.jpg,3.283386075e-09
3574244361_715ac347cd.jpg,-5.158112454e-09
485741580_ab523fa657.jpg,-4.294178023e-10
2480327661_fb69829f57.jpg,8.783673786e-10
2300168895_a9b83e16fc.jpg,2.228864388e-09
3050264832_4215f2b398.jpg,6.849067283e-10
458004873_f084c47a88.jpg,5.008505961e-09
191003285_edd8d0cf58.jpg,7.60348129e-09
2288099178_41091aa00c.jpg,-5.368796921e-09
3274375509_4fe91a94c0.jpg,6.324869074e-09
3319586526_3994e9cd58.jpg,5.999695045e-11
2393196444_8f4f540f5f.jpg,-2.480981251e-09
2838085973_42b6e9b5b1.jpg,-1.497982273e-09
2704362232_7d84503433.jpg,4.634163384e-09
2045562030_654ddea5e5.jpg,3.185549209e-09
1332492622_8c66992b62.jpg,2.390961602e-10
2367318629_b60cf4c4b3.jpg,-3.321698803e-09
2729147877_c3ec3445bf.jpg,-5.817740882e-10
481732592_b50194cb89.jpg,1.960056822e-09
2772532341_c4597a94ed.jpg,2.331304314e-10
3017656907_c3b137e070.jpg,-3.728045688e-09
3486538055_bcf4d3dfda.jpg,-1.941368666e-09
2234910971_80e0325918.jpg,7.868086335e-09
2991993027_36ac04e9a0.jpg,-2.851502953e-09
2832453252_a06f7826a8.jpg,4.571394013e-10
2527163162_d0fb802992.jpg,3.240970081e-09
2992658871_ac786d37a6.jpg,-1.280354779e-09
1248357227_2b4175fc39.jpg,4.158843351e-09
2055646179_169807fed4.jpg,4.445987437e-09
3482859574_3908de3427.jpg,-2.925669985e-09
2848571082_26454cb981.jpg,-5.71651347e-09
3428386573_670f5362f0.jpg,-6.168189722e-09
2873431806_86a56cdae8.jpg,-2.783616847e-09
2249865945_f432c8e5da.jpg,1.701474486e-09
514905846_b54d13946a.jpg,-2.170713936e-09
469259974_bb03c15c42.jpg,4.885411566e-10
2900048238_74bd69d87d.jpg,4.080013166e-10
543603259_ef26d9c72d.jpg,-3.776585706e-09
2239938351_43c73c887c.jpg,6.968028393e-09
535309053_ec737abde8.jpg,1.546595096e-09
2034553054_b00c166895.jpg,2.183287371e-09
3406930103_4db7b4dde0.jpg,3.688768889e-09
2096771662_984441d20d.jpg,3.699776162e-09
2594459477_8ca0121a9a.jpg,-1.674434936e-09
3117336911_a729f42869.jpg,3.008914439e-09
3351418768_596ef7fd6f.jpg,-2.590355312e-09
3619806638_7480883039.jpg,-7.729018592e-10
2603690144_7a28b1d13c.jpg,2.429460377e-09
3497502407_ec566442c9.jpg,6.629254774e-09
2159447283_fab8c272b0.jpg,2.779853482e-09
3235746553_a40416c00e.jpg,-1.96434759e-09
2188192752_09d9fc5431.jpg,2.632451898e-09
3491013009_572cf2c18a.jpg,2.025253937e-09
3411393875_a9ff73c67a.jpg,1.459961315e-09
3656906086_7034f69ab6.jpg,-7.750893869e-10
2720215226_5a98ff2bd3.jpg,3.161443881e-09
2343879696_59a82f496f.jpg,-5.666954206e-10
3283626303_8e23d4a842.jpg,9.327125064e-10
3171188674_717eee0183.jpg,3.22463942e-09
3444974984_963fb441a0.jpg,-1.448618353e-09
3354414391_a3908bd4ff.jpg,5.775173531e-10
3609026563_9c66f2dc41.jpg,2.256202997e-09
3397220683_4aca010f86.jpg,9.586562031e-09
2684323357_c7a6d05d05.jpg,1.941562245e-09
3139837262_fe5ee7ccd9.jpg,1.513364438e-09
3522349685_f046f0e250.jpg,4.481018123e-09
3326204251_2f9e446a2f.jpg,2.793773183e-09
2846037553_1a1de50709.jpg,-9.844384361e-09
3366571152_20afb88ac1.jpg,1.745254887e-09
3726076549_0efb38854b.jpg,-1.507814609e-09
2201222219_8d656b0633.jpg,3.571727088e-09
224273695_0b517bd0eb.jpg,-1.238734179e-09
1679617928_a73c1769be.jpg,1.985696131e-10
3259579174_30a8a27058.jpg,6.032441281e-09
3273489163_8209545810.jpg,-2.943086702e-09
2456030728_d3d147e774.jpg,-1.306484555e-09
3622216490_1314a58b66.jpg,2.414955995e-09
3002920707_5d2e6e6aac.jpg,3.35031832e-09
444057017_f1e0fcaef7.jpg,3.971280195e-09
3490528249_6aae9b867b.jpg,-4.679985044e-09
1472249944_d887c3aeda.jpg,-1.644386443e-09
2714220101_c31db50b10.jpg,-1.812888826e-10
3046190891_05c6ecd9b6.jpg,-8.123189357e-09
2604825598_593a825b5b.jpg,5.935851278e-10
3098707588_5096d20397.jpg,-1.526292966e-09
307321761_606fc91673.jpg,1.129341787e-08
757332692_6866ae545c.jpg,2.06662681e-09
3609952704_3719ab0524.jpg,5.183441184e-10
2362481035_a7600875d0.jpg,-3.152850524e-09
2968885599_0672a5f016.jpg,-1.200458126e-09
3174431688_ae84778db0.jpg,-6.028912595e-09
1178705300_c224d9a4f1.jpg,-4.209782133e-09
2949014128_0d96196261.jpg,4.635328481e-10
3139238055_2817a0c7d8.jpg,5.061954691e-10
3504881781_6a842e043b.jpg,7.443289147e-09
478209058_21e2c37c73.jpg,-1.137614415e-11
2600442766_e750ec9a56.jpg,1.148353714e-08
3415003392_139c0f3586.jpg,1.83357204e-09
2285570521_05015cbf4b.jpg,-1.148905825e-09
652542470_60e858da64.jpg,-2.983973136e-09
161905204_247c6ca6de.jpg,-7.254451892e-10
3080056515_3013830309.jpg,-3.555011125e-09
345785626_9fa59f38ce.jpg,-2.886484581e-09
1765164972_92dac06fa9.jpg,-8.975861752e-09
3469711377_bc29d48737.jpg,4.444024451e-09
1659396176_ced00a549f.jpg,-2.14578126e-09
2461372011_ebbf513766.jpg,-7.571340573e-10
630476551_2ee7399f77.jpg,-2.458098231e-09
200771289_31902164a7.jpg,-8.623066253e-09
2312984882_bec7849e09.jpg,-7.610592499e-09
3653837067_94050699ec.jpg,-4.885129333e-09
1932161768_996eadac87.jpg,4.442125922e-09
1096165011_cc5eb16aa6.jpg,-4.414670813e-09
118309463_a532b75be9.jpg,3.748010941e-09
3366105287_49a4bf71c6.jpg,6.988310777e-09
2346523971_d3f1e12ce4.jpg,-1.342071949e-09
539761097_5c6c70425b.jpg,1.143684406e-09
2268109835_d6edbe1c2b.jpg,4.649602149e-09
3053743109_a2d780c0d2.jpg,8.265905909e-09
3055716848_b253324afc.jpg,-1.268723684e-09
3587092143_c63030ed6d.jpg,1.361286706e-09
3579842996_3a62ec1bc7.jpg,-6.786672634e-10
327997381_55f90dc834.jpg,2.981194589e-09
214501174_6db1f4d69c.jpg,-1.881663325e-09
3562050678_4196a7fff3.jpg,1.115072188e-09
2281054343_95d6d3b882.jpg,2.653940448e-09
3046949818_245b05f507.jpg,-5.260812888e-09
923550133_ac9d7a2932.jpg,-9.858285236e-10
2508918369_2659db1cb6.jpg,-3.896013083e-09
3687996279_05b5a2a706.jpg,-3.050771554e-09
391020801_aaaae1e42b.jpg,-4.11839761e-09
1262077938_8b9516c273.jpg,2.759140971e-09
3439382048_d2e23b2b4c.jpg,-1.45686251e-09
470903027_489cc507de.jpg,1.577785185e-09
3569284680_44fef444ef.jpg,2.970308624e-09
440190907_bf8b7ba8ef.jpg,3.929755853e-09
482830610_13a0a6c924.jpg,-6.728543947e-09
428408242_b32faf2240.jpg,2.203639567e-09
3071676551_a65741e372.jpg,-5.390692218e-09
458183774_afe65abf67.jpg,2.331979429e-09
3351704877_28dea303aa.jpg,1.192064622e-09
3069037969_bb7319e0dc.jpg,-4.597008822e-10
2385871317_44cde2f354.jpg,-2.616371935e-09
3604383863_5e387cb8e6.jpg,6.457348897e-09
234241682_51d9fabb27.jpg,-3.662467131e-09
2502354602_f4d6dcf42d.jpg,2.962548341e-09
36422830_55c844bc2d.jpg,3.2399509e-09
3065560742_f6e266ccd9.jpg,8.052390379e-09
2842865689_e37256d9ce.jpg,5.810366391e-09
872512911_ca383b40e4.jpg,5.745156135e-09
2252403744_148fc11f68.jpg,-1.304900249e-08
2073964624_52da3a0fc4.jpg,-6.180745601e-10
3151860914_46e30cd5ea.jpg,-2.627908137e-09
3124838157_7ef96745b7.jpg,1.677868812e-09
3371567529_606fa3452b.jpg,2.530656231e-09
3119076670_64b5340530.jpg,-6.962878872e-09
3674565156_14d3b41450.jpg,1.250993964e-10
2205336881_d9ee4179d3.jpg,1.655741637e-09
1355945307_f9e01a9a05.jpg,9.122225709e-09
269986132_91b71e8aaa.jpg,2.638834256e-09
3490867290_13bcd3a7f0.jpg,4.235749619e-09
2556392380_ee57514233.jpg,6.929161149e-10
2335619125_2e2034f2c3.jpg,-3.97944024e-09
12830823_87d2654e31.jpg,-5.591866707e-09
226531363_33ac01d931.jpg,-5.213111106e-09
2320125735_27fe729948.jpg,-3.039690562e-10
2267819545_446c5a3e18.jpg,3.098303452e-09
294098577_c10f32bcfa.jpg,-6.390227099e-10
510531976_90bbee22a2.jpg,2.15460703e-09
528498076_43f0ef36b5.jpg,-2.990573198e-09
2301525531_edde12d673.jpg,4.524795118e-10
1174629344_a2e1a2bdbf.jpg,4.337472151e-09
929679367_ff8c7df2ee.jpg,-1.906113364e-09
300550441_f44ec3701a.jpg,-3.732814251e-10
3295391572_cbfde03a10.jpg,4.820681575e-09
3042679440_010b2c596c.jpg,-2.766602009e-10
2496399593_a24954a5ca.jpg,-3.322788283e-09
2554531876_5d7f193992.jpg,-1.674565552e-10
2626158969_ac09aeb88d.jpg,-6.197455824e-09
1468103286_96a6e07029.jpg,1.32968136e-09
3053415073_5b667230ed.jpg,-1.246998106e-09
2994104606_bc2df6c1f4.jpg,2.381846514e-09
2120571547_05cd56de85.jpg,-3.381156363e-09
2139519215_8ca16dd192.jpg,3.643228655e-09
2679565682_91ecd283ff.jpg,-4.142188883e-10
2873445888_8764699246.jpg,7.946180962e-09
2882483779_73c171ac19.jpg,1.474161358e-09
3539767254_c598b8e6c7.jpg,9.005168163e-09
3089107423_81a24eaf18.jpg,-7.847807979e-09
111537217_082a4ba060.jpg,1.65880177e-09
2699125097_c6801d80ed.jpg,-3.087165919e-09
3175446111_681a89f873.jpg,5.583602424e-11
3574627719_790325430e.jpg,-4.391391269e-09
3163198309_bbfe504f0a.jpg,-2.397147446e-09
2419797375_553f867472.jpg,-1.288507578e-09
510791586_3913ade6a7.jpg,-3.016731553e-10
360723732_23199af4bf.jpg,2.637551056e-09
3137061312_eb5fdcf3fd.jpg,-2.747008629e-09
2648165716_02e2e74fd6.jpg,-9.156769752e-09
3549614763_42f34f3d1e.jpg,-2.878047743e-09
3564385317_1bf5094068.jpg,1.019866399e-08
3598447435_f66cd10bd6.jpg,8.805370416e-09
2216568822_84c295c3b0.jpg,-3.807240712e-09
3400082864_9c737c1450.jpg,4.948962044e-09
2584412512_6767593f24.jpg,2.305704622e-09
3224227640_31865b3651.jpg,-4.378876842e-10
443430496_3fea95a07d.jpg,1.472317228e-09
438639005_208bc59b0b.jpg,-5.815315676e-09
330325191_63e11d9c93.jpg,-4.107875533e-09
106514190_bae200f463.jpg,7.236980033e-09
3396275223_ee080df8b5.jpg,-8.016460917e-09
3211316116_a2462e327d.jpg,4.013466407e-09
2215165918_2bf5b659dd.jpg,-5.985967009e-09
141755292_7a0b3364cf.jpg,-3.46623227e-10
3218861747_5c5c547b66.jpg,8.709272174e-10
3041487045_b48ac7ed08.jpg,-3.752014385e-09
2991375936_bf4b0a7dc0.jpg,-3.995779875e-09
3241892328_4ebf8b21ce.jpg,1.65135437e-09
3183777589_460a4f445b.jpg,3.688043174e-09
3047749814_621ed0786b.jpg,3.44447936e-09
3002448718_a478c64fb4.jpg,-7.570057864e-09
3673878924_506c9d767b.jpg,1.053987097e-08
3473534758_1ae3847781.jpg,2.483292112e-09
2514612680_b0d2d77099.jpg,-4.105823341e-09
1691573772_1adef8e40e.jpg,-8.826676003e-09
3225310099_d8e419ba56.jpg,3.387896875e-09
3275065565_9e2a640fbc.jpg,6.387322668e-10
418667611_b9995000f4.jpg,6.791569327e-09
3459871361_92d1ecda36.jpg,2.68017962e-09
3069282021_e05e1829f3.jpg,2.173369384e-09
3678100844_e3a9802471.jpg,-6.936859256e-09
1470536919_1f3fd6c65a.jpg,-5.910980315e-09
3335375223_b4da8df523.jpg,2.934624402e-09
3316725440_9ccd9b5417.jpg,-1.29069637e-09
2226440063_c085b30558.jpg,-1.054548055e-10
1093716555_801aacef79.jpg,6.269000433e-10
3464871350_3f2d624a9c.jpg,2.085775463e-09
634891010_9fa189effb.jpg,1.780577204e-09
2079554580_f18d5c181b.jpg,-2.186212161e-09
2868776402_aef437e493.jpg,5.508795338e-09
1600208439_e94527b80f.jpg,-5.225196386e-09
133189853_811de6ab2a.jpg,-8.141341393e-09
2474918824_88660c7757.jpg,-2.270728909e-09
2797438951_88a3ed7541.jpg,7.225414176e-10
3613705104_46d854134e.jpg,1.710163248e-09
2980118787_2099de53ec.jpg,-1.586829666e-09
3319020762_d429d56a69.jpg,1.09575498e-09
3540416981_4e74f08cbb.jpg,5.163496342e-09
3429465163_fb8ac7ce7f.jpg,4.212921079e-09
2565237642_bdd46d7cef.jpg,2.752414502e-09
3365783912_e12c3510d8.jpg,2.734005177e-09
1042590306_95dea0916c.jpg,-4.495009498e-10
2925577165_b83d31a7f6.jpg,8.189627506e-10
3230132205_dccfafa5ee.jpg,2.485992691e-09
462198798_89e2df0358.jpg,8.524605791e-10
2570559405_dc93007f76.jpg,-5.225267659e-09
2847514745_9a35493023.jpg,2.689295113e-09
3601843201_4809e66909.jpg,1.935442555e-09
1457762320_7fe121b285.jpg,5.625025725e-09
1095980313_3c94799968.jpg,-3.099243011e-09
300500054_56653bf217.jpg,-9.285595336e-09
2240539658_dea8db6e55.jpg,4.513238501e-09
3266399073_40820596d5.jpg,3.859323589e-09
3374223949_90776ba934.jpg,5.86220758e-11
3197917064_e679a44b8e.jpg,1.206957019e-09
3426966595_c8c4e1e872.jpg,-6.143198677e-09
3346289227_198fced308.jpg,4.190802045e-10
3094064787_aed1666fc9.jpg,-1.161845059e-09
211981411_e88b8043c2.jpg,5.10639448e-09
3279988814_d3693dcb6c.jpg,-2.88980883e-09
3084011664_76d37c6559.jpg,1.616548518e-09
2561751298_320eef38ec.jpg,4.983858794e-09
3595992258_6f192e6ae7.jpg,-1.534586206e-09
3044500219_778f9f2b71.jpg,-3.479509012e-09
1557451043_f5c91ff6f4.jpg,1.973458425e-09
465994762_1760e83c5d.jpg,1.786535781e-09
1207159468_425b902bfb.jpg,8.297268276e-10
3376898612_41c91de476.jpg,4.130264104e-10
2662890367_382eaf83bd.jpg,4.636901241e-09
3409740108_1505489537.jpg,4.058396867e-09
1355935187_2c99648138.jpg,7.368278447e-09
140377584_12bdbdf2f8.jpg,-1.434299975e-09
3043904009_3b5e0412cd.jpg,-2.691186676e-10
1865794069_6e3a1e57bb.jpg,-6.832116163e-09
2314732154_83bc7f7314.jpg,-4.867476535e-09
2934359101_cdf57442dc.jpg,-4.204181116e-09
2744321686_8811d8428c.jpg,2.314660028e-09
2195620255_6693479734.jpg,-6.397612622e-10
3411022255_210eefc375.jpg,-1.907578787e-09
2783620390_02c166c733.jpg,-8.802538954e-11
3431860810_44277cd360.jpg,-3.913077872e-09
2726262796_03bd63a155.jpg,5.06470374e-09
2120411340_104eb610b1.jpg,-3.819078345e-09
523327429_af093fc7cf.jpg,-4.358754069e-09
872135364_8c1e47d163.jpg,-1.974946041e-09
1980882959_9a161f3469.jpg,-1.408690821e-09
444803340_fdcaab86f9.jpg,4.963698802e-10
3294717824_3bb7b5d1c8.jpg,1.233224876e-10
1464120327_d90279ca3a.jpg,3.069538547e-09
1167669558_87a8a467d6.jpg,7.249339327e-11
3096918227_f9d26a7db2.jpg,-8.742979441e-09
2949497756_be8e58e6bd.jpg,2.157934362e-09
3608849440_e7d2bed29f.jpg,-2.164915043e-09
2199793371_343809ff70.jpg,-4.321268255e-09
2951750234_a4741f708b.jpg,-1.075461911e-08
2884420269_225d27f242.jpg,1.103977056e-09
3447876218_4ccf42d7a0.jpg,-5.56494876e-09
3590557969_d0270d518b.jpg,6.753708346e-09
3373870185_f79163fa51.jpg,-1.573885144e-09
494221578_027f51cdf4.jpg,6.197524935e-09
2671602981_4edde92658.jpg,1.570368716e-09
3293751136_b0ce285dc3.jpg,4.173308365e-09
3364715316_df8c20bac1.jpg,4.165779146e-09
3405942945_f4af2934a6.jpg,-2.189144705e-09
1991806812_065f747689.jpg,-2.519617017e-09
2926233397_71e617f3a3.jpg,-7.277810497e-10
3084731832_8e518e320d.jpg,-6.328154474e-09
2502079538_10ef2e976b.jpg,-2.112074062e-09
3111402233_6285bcba7a.jpg,2.028842352e-09
3132903412_b4780d0ccf.jpg,-4.163714379e-09
241345323_f53eb5eec4.jpg,-2.970447443e-10
3277824093_299cbb3138.jpg,2.117378167e-09
3540155303_08225a4567.jpg,-1.758701441e-10
823697339_aadbeef495.jpg,-1.894397183e-09
58357057_dea882479e.jpg,-3.170540837e-10
3335692531_dd4a995f91.jpg,-1.29567088e-09
3253060519_55d98c208f.jpg,3.836434737e-09
3339747039_1a8455c210.jpg,-1.224569581e-09
3534952095_975cca0056.jpg,-2.670901682e-09
2987121689_f9de6c479b.jpg,-1.024442e-09
2860040276_eac0aca4fc.jpg,-1.024063217e-09
3326454455_960e5442e9.jpg,6.044865982e-10
3109268897_d43797fc6a.jpg,-3.624697239e-09
2752809449_632cd991b3.jpg,-1.128491632e-08
2398605966_1d0c9e6a20.jpg,-1.118897878e-10
3491607076_922ec561d9.jpg,2.892925206e-09
3398276602_c7d106c34f.jpg,1.610705838e-09
656260720_a7db4ce48b.jpg,-2.241333469e-09
316577571_27a0e0253e.jpg,8.871487188e-09
2709536455_2a6046e38a.jpg,-1.005932972e-09
3437107047_715c60e9c8.jpg,1.952845672e-09
3146232740_df3da0163b.jpg,2.352896939e-09
3690189273_927d42ff43.jpg,-2.17564369e-09
143680966_0010ff8c60.jpg,-5.89793487e-09
2085726719_a57a75dbe5.jpg,1.14130839e-09
3415165462_e1cb536d08.jpg,2.002477623e-09
1277185009_06478dd457.jpg,2.280002499e-09
136644343_0e2b423829.jpg,-7.349067331e-10
1835511273_790eaae6e6.jpg,-5.45583148e-09
2688102742_885e578a3f.jpg,-8.658981459e-11
765929807_de381cc764.jpg,1.708555811e-09
3197891333_b1b0fd1702.jpg,-1.053068613e-09
393284934_d38e1cd6fe.jpg,4.569102809e-09
3442242092_e579538d82.jpg,-1.344446937e-09
3640743904_d14eea0a0b.jpg,8.031112101e-10
717673249_ac998cfbe6.jpg,-2.559394319e-09
1466479163_439db855af.jpg,-8.581168863e-10
3626964430_cb5c7e5acc.jpg,6.229304341e-10
3244586044_205d5ae2ba.jpg,5.438984904e-10
3662406028_29b9e46a6f.jpg,7.417072088e-10
3421928157_69a325366f.jpg,6.442363328e-09
2662262499_3cdf49cedd.jpg,-1.431811608e-09
3264350290_f50494e835.jpg,-3.19681714e-09
3257182199_5fda78d870.jpg,-2.251005273e-09
613900608_2e49415772.jpg,2.327110888e-09
3191027142_33e86636ca.jpg,-1.11094146e-09
3736786640_70df13be2c.jpg,-2.770762703e-09
3354075558_3b67eaa502.jpg,-1.779407633e-09
3613800013_5a54968ab0.jpg,1.510383824e-09
3724487641_d2096f10e5.jpg,-1.74837422e-10
3326588088_172d1b2584.jpg,9.639480108e-09
3169591322_d0b6d0cd04.jpg,-7.626473369e-09
2355578735_286af5b202.jpg,9.205012712e-10
3635991166_f95304af0a.jpg,-5.270404051e-09
247617754_4b1137de8c.jpg,2.823678054e-09
2480668859_6f9b46be6a.jpg,2.352950808e-09
378170167_9b5119d918.jpg,1.146272006e-09
2780105274_52360c4cca.jpg,-2.220762611e-09
3308997740_91765ecdcc.jpg,7.887656263e-09
3650188378_cc8aea89f0.jpg,-1.226499593e-11
2976350388_3984e3193d.jpg,-9.665912209e-10
3086523890_fd9394af8b.jpg,-8.646266709e-10
3040575300_0e4328d205.jpg,2.11300922e-09
3217056901_fe2c70377d.jpg,-6.899570397e-09
143552829_72b6ba49d4.jpg,3.539745619e-09
3029472296_d429b1586c.jpg,-1.075694972e-08
1490670858_e122df2560.jpg,6.268761547e-09
3118534315_cc03e5ddab.jpg,1.278820619e-09
2657484970_610e18144f.jpg,6.008793735e-09
3620492762_7f6a9b4746.jpg,-2.795498164e-09
2887744223_029f2fd5fe.jpg,-4.06782313e-09
3315726723_64c9b0a945.jpg,2.103612945e-09
2112921744_92bf706805.jpg,-1.495893627e-09
42637987_866635edf6.jpg,2.951773411e-09
927420680_6cba7c040a.jpg,1.092110326e-09
3580741947_cc64a83648.jpg,3.655210997e-09
3549673305_4dfd44e04a.jpg,-1.519782899e-09
3633396324_c4b24b1f51.jpg,-3.129042469e-09
222369445_5b6af347dd.jpg,-6.856627972e-09
1476002408_4256b7b2fa.jpg,-2.132591034e-09
2469351714_d72becd21e.jpg,-3.259804074e-10
3248352729_ab264b2222.jpg,-6.024500242e-10
2004674713_2883e63c67.jpg,1.149877945e-09
3603301825_5817727be2.jpg,2.093100838e-09
2074146683_7c83167aa1.jpg,-9.147381654e-10
218342358_1755a9cce1.jpg,-1.856757096e-09
2973638173_0dc21fd443.jpg,-2.661832434e-09
124195430_d14028660f.jpg,1.910952128e-09
3471066276_fb1e82e905.jpg,4.788487783e-09
241346885_f519ece460.jpg,1.547290386e-09
1439282131_3814d6ae04.jpg,-1.733862424e-09
3174417550_d2e6100278.jpg,4.406679876e-09
55135290_9bed5c4ca3.jpg,1.838456529e-10
244867897_d00369a779.jpg,-8.036082032e-09
2284239186_c827f4defa.jpg,3.756293834e-09
3661072592_2e693cd5a0.jpg,5.592699512e-09
421322723_3470543368.jpg,8.4540058e-10
3695064885_a6922f06b2.jpg,5.102130484e-09
2181846120_3744ca3942.jpg,5.086855405e-09
2591455200_2319651f2f.jpg,5.688946352e-09
3525841965_7814484515.jpg,-1.137929692e-10
3621329299_6fb3f2935c.jpg,1.212204132e-09
1480712062_32a61ad4b7.jpg,4.007834972e-09
2310108346_e82d209ccd.jpg,4.101650881e-09
1359101233_16c2c150e3.jpg,4.840293654e-09
3327563443_870a33f748.jpg,3.000228397e-10
180094434_b0f244832d.jpg,6.2301805e-09
2448793019_5881c025f9.jpg,-2.765014665e-09
2862676319_a9dab1309f.jpg,4.476841302e-09
3159995270_17334ccb5b.jpg,4.573356683e-09
3625957413_e475943aa3.jpg,-1.542762999e-09
3626475209_f71cdd06bd.jpg,-2.623651559e-09
3262647146_a53770a21d.jpg,7.461096918e-09
3649387275_75295baa28.jpg,1.025303876e-09
3305895920_100a67d148.jpg,-4.024939497e-09
2855695119_4342aae0a3.jpg,1.885356621e-09
3566111626_9a35a7b2c0.jpg,4.422975924e-09
464116251_1ac4bc91f8.jpg,-2.441562905e-09
3702436188_2c26192fd0.jpg,-3.87327161e-09
2689358407_9932f1b20c.jpg,1.181534842e-09
1454678644_7e5a371301.jpg,1.32929439e-09
310715139_7f05468042.jpg,-6.916342291e-10
2921198890_6f70dfbf4c.jpg,8.111668802e-10
578274277_652cae32ba.jpg,1.004819789e-08
484896012_7787d04f41.jpg,8.012946473e-10
3262849619_0bc4f88ef9.jpg,-7.184824626e-09
2848266893_9693c66275.jpg,-5.179441866e-09
207237775_fa0a15c6fe.jpg,-2.630095086e-09
3016606751_0e8be20abd.jpg,-2.456345809e-09
3588417747_b152a51c52.jpg,8.19182558e-10
3528902357_be2357a906.jpg,-5.795276702e-09
539705321_99406e5820.jpg,4.928209632e-09
3066338314_2c3fb731d1.jpg,5.80675383e-09
2348924378_47e556d81a.jpg,-6.773590524e-10
179009558_69be522c63.jpg,3.711702446e-09
2695085862_2ed62df354.jpg,-8.292652369e-10
3516267455_ca17cc1323.jpg,7.10314042e-10
1215334959_b1970965f7.jpg,-4.564986301e-09
3092200805_dd1f83ddbe.jpg,-1.393759915e-08
541063517_35044c554a.jpg,-2.857819038e-09
3604314527_5077cd9d43.jpg,2.845724207e-10
96978713_775d66a18d.jpg,4.254796825e-09
3255732353_fbc487aefc.jpg,-2.203144104e-09
201682811_105241dee3.jpg,-3.000462176e-11
2245618207_fa486ba2b7.jpg,-7.569280781e-10
860928274_744d14f198.jpg,9.078057799e-09
3085357792_efcf297c71.jpg,9.283966784e-10
3297272270_285b8878b2.jpg,2.290754675e-09
3050650135_23f9d9d2f8.jpg,-2.309884057e-09
2429272699_8a9699775e.jpg,-4.505489881e-10
2765029348_667111fc30.jpg,-2.036667182e-11
3358380484_b99b48f0c9.jpg,-1.733689106e-09
3106883334_419f3fb16f.jpg,-6.492658995e-09
160541986_d5be2ab4c1.jpg,7.032700911e-09
572618443_647483ca82.jpg,8.645555313e-09
3563668905_689ed479c5.jpg,-9.130634804e-09
386656845_4e77c3e3da.jpg,3.72496819e-09
3433259846_800a6079f0.jpg,1.916372537e-09
3506607642_40037b3fbf.jpg,4.758915852e-09
3509575615_653cbf01fc.jpg,-2.884228673e-09
615916000_5044047d71.jpg,5.308696193e-09
382701159_f98c1988cd.jpg,9.479836135e-10
957682378_46c3b07bcd.jpg,-1.360785612e-09
3047264032_14393ecea8.jpg,-8.852189097e-10
3474958471_9106beb07f.jpg,-6.351895965e-09
3241487502_f4f0cc4a8a.jpg,-4.466108641e-09
3535084928_858544f49a.jpg,-6.661006832e-09
3541141771_67d305c873.jpg,-2.492659151e-09
3465791729_5bf9bd8635.jpg,1.250971348e-09
2040941056_7f5fd50794.jpg,-7.283605704e-09
3229282764_a4a515f4e2.jpg,-2.391464047e-09
347186933_880caaf53b.jpg,-3.602070431e-09
3552796830_2dd2aa9c2c.jpg,3.779167738e-09
398662202_97e5819b79.jpg,-7.321867312e-09
396360611_941e5849a3.jpg,8.893869034e-09
3652572138_34d6b72999.jpg,-7.659635667e-09
3150440350_b0f2a9e774.jpg,8.98453342e-09
3646927481_5e0af1efab.jpg,4.404784206e-10
2813992915_f732cf8539.jpg,8.007904006e-09
241031670_e60f59b8e4.jpg,-3.146207524e-09
179829865_095b040377.jpg,2.706784579e-09
393810324_1c33760a95.jpg,2.859412716e-09
3547600292_6f8aac7f2e.jpg,2.468712775e-10
2512876666_9da03f9589.jpg,-1.503182443e-09
3121482932_f77ca12c01.jpg,-2.832088228e-09
390671130_09fdccd52f.jpg,-3.243933667e-09
3524436870_7670df68e8.jpg,1.155480902e-10
2893515010_4a3d9dcc67.jpg,1.037342536e-09
2289212650_69de7a20b2.jpg,5.657718827e-11
2394267183_735d2dc868.jpg,1.160363459e-09
3578068665_87bdacef6a.jpg,-2.461553064e-09
2460823604_7f6f786b1c.jpg,-3.821012212e-09
2844846111_8c1cbfc75d.jpg,-8.132989415e-09
217583047_5e93e1e119.jpg,-6.622941852e-09
2195419145_36722e8d54.jpg,4.526502484e-09
2074764331_90a9962b52.jpg,3.628672059e-09
3019917636_4e0bb0acc4.jpg,2.356342226e-09
2561212119_1af8cb9b5d.jpg,7.150321064e-09
3333039854_461329aac2.jpg,-2.174605392e-09
2895700779_fac1d9d278.jpg,-4.139906929e-09
3218889785_86cb64014f.jpg,-4.949251169e-09
2521062020_f8b983e4b2.jpg,5.581723635e-09
2043520315_4a2c782c90.jpg,1.228760982e-09
3220126881_b0a4f7cccb.jpg,-7.810820454e-09
2942798367_022df04b49.jpg,1.893259967e-09
3718305988_fe2c91fd44.jpg,2.110946229e-11
365274901_576b0f8241.jpg,2.266167993e-09
3204686006_88f04547b9.jpg,-1.479270839e-09
917574521_74fab68514.jpg,-3.440327027e-11
2557922709_24d2a9655a.jpg,-2.534076407e-09
3507670136_2e5f94accf.jpg,-3.205976334e-09
1718184338_5968d88edb.jpg,5.275432018e-09
2510020918_b2ca0fb2aa.jpg,-1.083845246e-09
3195188609_01afbe46e6.jpg,-1.314519352e-08
498957941_f0eda42787.jpg,-1.617728243e-09
3433982387_3fa993cf5a.jpg,-3.368629592e-09
496971341_22782195f0.jpg,-7.363425025e-09
3188319076_71724fcc07.jpg,1.382570065e-09
3500139659_b2a60b0141.jpg,-7.717836958e-10
3683592946_262e9bfbfd.jpg,-9.607905506e-09
405253184_5f611f3880.jpg,-3.380605763e-10
3303648823_53cf750acd.jpg,-3.17315853e-09
241347635_e691395c2f.jpg,2.241571392e-09
3143991972_7193381aeb.jpg,3.004780624e-09
3344798356_5cc41f7939.jpg,1.471846109e-09
3609999845_faf5d2fe74.jpg,2.891424341e-09
2684489465_32ba1d0344.jpg,7.047547041e-09
3017373346_3a34c3fe9d.jpg,-4.328991331e-09
3354200211_35348e47d8.jpg,2.553464003e-09
469029994_349e138606.jpg,7.639249574e-10
842961005_692737888e.jpg,6.869571199e-09
3712742641_641282803e.jpg,5.096832684e-09
2097403787_77a154f5b9.jpg,2.091171208e-09
3203878596_cbb307ce3b.jpg,-3.902871124e-09
2744600462_5804577296.jpg,6.458990311e-09
3670918456_68631d362a.jpg,-2.315149137e-09
3565655045_8eb00b7423.jpg,1.792264825e-09
3324746155_71e14f60ce.jpg,1.201029355e-08
3570800810_978c993133.jpg,4.357930937e-09
775664534_3f6de7d413.jpg,3.651381119e-09
2367139509_1ee4530b28.jpg,-2.650297969e-09
2702506716_17a7fb3ba4.jpg,6.332994745e-09
3319058642_885d756295.jpg,3.040536278e-09
3723690961_729dd5d617.jpg,5.32220172e-10
434433505_966e50e17d.jpg,3.90343336e-09
539751252_2bd88c456b.jpg,4.336793376e-09
3538686658_30afc75f02.jpg,3.558615116e-10
2226587791_66e29dd01d.jpg,-1.996961988e-09
1659358133_95cd1027bd.jpg,7.433761382e-09
2662845514_8620aaee96.jpg,3.204309594e-09
3567604049_da9e1be4ba.jpg,5.433154139e-09
2461631708_decc5b8c87.jpg,2.046922986e-09
2102315758_a9148a842f.jpg,-5.938821442e-09
241345656_861aacefde.jpg,4.753330704e-09
3016200560_5bf8a70797.jpg,-4.471972517e-09
1394368714_3bc7c19969.jpg,-6.13761995e-09
2470493181_2efbbf17bd.jpg,3.963257898e-09
2071309418_1d7580b0f0.jpg,-5.096827483e-09
3687062281_e62f70baf3.jpg,-6.337110241e-09
3178599352_c57fdebcd2.jpg,-3.031955629e-09
1225443522_1633e7121f.jpg,2.11975945e-10
244443352_d7636e1253.jpg,-3.050633635e-09
2991994607_06f24ec7a6.jpg,-1.709631935e-09
2353088412_5e5804c6f5.jpg,-6.577108119e-09
2866093652_aa717eb9ce.jpg,-1.44273174e-09
1562478333_43d13e5427.jpg,-3.993098271e-11
2073105823_6dacade004.jpg,-4.005751047e-09
3603870481_1ebc696d91.jpg,-4.883773659e-09
2588456052_8842b47005.jpg,-1.481789578e-09
587604325_af5d6df679.jpg,7.755109166e-10
2689001252_e0016c89f0.jpg,1.621442441e-10
3358558292_6ab14193ed.jpg,1.005087785e-08
3393926562_66cc01b001.jpg,-3.695552527e-09
2125216241_5b265a2fbc.jpg,-1.517358389e-09
3451984463_37ac1ff7a8.jpg,-3.54298874e-09
510510783_b2cf5d57bb.jpg,1.959818909e-09
2472720629_d9a6736356.jpg,2.055512472e-09
1361420539_e9599c60ae.jpg,-3.793959511e-09
3184112120_6ddcd98016.jpg,-4.291748766e-09
2680990587_eee6bd04fb.jpg,-3.98319853e-09
143688283_a96ded20f1.jpg,9.327089834e-10
2187222896_c206d63396.jpg,4.442913313e-09
3639105305_bd9cb2d1db.jpg,-5.587278121e-09
532999240_1409d073be.jpg,-8.261024678e-09
3710353645_8fbfaa4175.jpg,7.614209623e-11
391106734_d374bc3080.jpg,1.368212631e-09
3308171165_20f93d2fba.jpg,-2.92254674e-09
909808296_23c427022d.jpg,-2.775009869e-09
114051287_dd85625a04.jpg,-1.35952696e-09
3136043366_b3f8607a0e.jpg,-3.904193319e-09
1799188614_b5189728ba.jpg,-5.479745123e-09
899810584_61e1578d3f.jpg,2.817144332e-09
3654103642_075f8af4f4.jpg,-5.93731823e-09
3187395715_f2940c2b72.jpg,1.477470521e-09
1280320287_b2a4b9b7bd.jpg,1.254846305e-10
3458211052_bb73084398.jpg,1.087915827e-09
1928319708_ccf1f4ee72.jpg,-9.46472347e-10
3203742047_6a55065411.jpg,6.177750947e-10
1663751778_90501966f0.jpg,1.262357281e-09
2394922193_310166d6af.jpg,-5.49875014e-10
2687229880_97cfd8148e.jpg,6.954677982e-09
2837640996_0183db8d93.jpg,8.59781187e-11
2578834476_118585730d.jpg,-2.54057926e-09
2876993733_cb26107d18.jpg,-2.966807863e-09
3435035138_af32890a4c.jpg,3.539960574e-09
2085255128_61224cc47f.jpg,-1.773728541e-09
1511807116_41c3645e8c.jpg,5.236581978e-09
2856700531_312528eea4.jpg,5.090088701e-09
2938120171_970564e3d8.jpg,3.087745865e-09
2355880294_8f78a6fea6.jpg,3.34766965e-09
535830521_aa971319fc.jpg,6.462578558e-09
2699342860_5288e203ea.jpg,4.375104856e-09
3521374954_37371b49a4.jpg,4.979440683e-09
2969380952_9f1eb7f93b.jpg,-1.446096223e-09
113678030_87a6a6e42e.jpg,3.350620118e-09
3154886184_ac842655b6.jpg,-3.809585162e-09
2495931537_9b8d4474b6.jpg,5.199350119e-09
3223809913_ae15d14d9a.jpg,5.789738898e-09
1752454466_723790dbd6.jpg,-1.327030024e-09
3587009091_37188fd07e.jpg,-8.432106437e-10
733965014_1a0b2b5ee9.jpg,3.690686241e-09
3307563498_e2b4f19272.jpg,-6.161401234e-10
2759596272_e0ce0a965a.jpg,-4.167274413e-09
3578477508_b7d839da16.jpg,2.635490904e-09
3724113279_99b6e5bf41.jpg,-1.517023108e-09
3516935867_78cf63c69c.jpg,1.902926382e-09
2745663684_650f84e1e6.jpg,-2.084417901e-10
2286236765_2a63eeb550.jpg,4.967412037e-09
554526471_a31f8b74ef.jpg,6.156129058e-09
3420278866_1d17c12713.jpg,-5.209572271e-10
771048251_602e5e8f45.jpg,-2.497422115e-09
2735158990_56ff6bf9b0.jpg,-4.44014602e-09
3443703471_14845d8850.jpg,-3.481824688e-10
3538527033_df13112d51.jpg,3.98279132e-11
416960865_048fd3f294.jpg,-1.66608763e-09
2683985894_167d267dcb.jpg,7.391545011e-10
3643074723_94d42b7a0c.jpg,1.278830308e-09
3242263536_a436f19257.jpg,2.26257248e-09
3181599388_68559cfc17.jpg,-2.658182288e-09
1475046848_831245fc64.jpg,-1.763829259e-09
3482314155_bd1e668b4e.jpg,1.687079842e-09
3265864834_e0229020dd.jpg,2.512950092e-09
3263141261_db3a4798b5.jpg,1.77482241e-09
127488876_f2d2a89588.jpg,-1.885966849e-09
2873252292_ebf23f5f10.jpg,4.430553869e-09
440184957_267f3f3a2b.jpg,-8.755958576e-10
2632366677_43dee456a5.jpg,-3.747707508e-10
2423550887_ffc9bbcf71.jpg,-1.473933721e-09
106490881_5a2dd9b7bd.jpg,1.986436587e-09
2824401212_8da8ab99d6.jpg,-3.323589101e-09
3107513635_fe8a21f148.jpg,-5.369223652e-10
2420696992_22e0dd467d.jpg,3.865253994e-09
2624044128_641b38c0cf.jpg,-3.122201671e-09
3106857210_07a92577fc.jpg,-3.655471496e-09
142802798_962a4ec5ce.jpg,3.76362562e-09
3133825703_359a0c414d.jpg,3.453717837e-09
260231029_966e2f1727.jpg,-2.250364329e-09
3719461451_07de35af3a.jpg,3.172739525e-10
2752923489_d3bceebacb.jpg,1.631413538e-09
495340319_705f2e63d6.jpg,-2.327631229e-10
3271385712_ffd34f2de5.jpg,-2.778092521e-09
3656151153_b4ed5d94c4.jpg,-5.005832184e-09
2875528143_94d9480fdd.jpg,4.645181153e-09
878758390_dd2cdc42f6.jpg,6.799080075e-09
557721978_dfde31bc02.jpg,-4.341570386e-09
241346105_c1c860db0d.jpg,8.735452702e-09
146100443_906d87faa2.jpg,8.819594703e-10
511749704_3037806cb1.jpg,9.888013082e-10
3341077091_7ca0833373.jpg,-2.490601199e-09
2932740428_b15384f389.jpg,-6.587058298e-09
382151094_c7376cf22b.jpg,-6.85355939e-09
2460159430_71ab1aacfa.jpg,4.993535351e-09
3193511842_82549c21fb.jpg,1.904718862e-09
397286183_745abbf40d.jpg,-2.591124518e-09
241031254_0c6f30e3d1.jpg,-1.986178088e-09
3042488474_0d2ec81eb8.jpg,-3.616623156e-09
3348385580_10b53391f9.jpg,-1.014410173e-08
3455920874_6fbec43194.jpg,-5.975522379e-09
307301755_48919ef1b2.jpg,6.986537335e-09
3343116398_59a5341f7f.jpg,-3.539754371e-11
2600883097_aca38cc146.jpg,4.138748879e-09
422763475_0bc814dac6.jpg,2.674635971e-11
543326592_70bd4d8602.jpg,3.984824962e-09
2525232298_cf42d415ab.jpg,-4.005290133e-09
3665179773_dd217416fc.jpg,9.165216669e-09
3765374230_cb1bbee0cb.jpg,1.212893783e-09
799486353_f665d7b0f0.jpg,-1.987569873e-09
664341930_bd5c8b60ea.jpg,5.647338195e-09
2971211296_2587c3924d.jpg,7.842301785e-10
3691729694_2b97f14c1e.jpg,1.227462274e-09
3294830188_e46bd9b93c.jpg,5.330615852e-10
3521201948_9049197f20.jpg,-4.168537881e-09
2455528149_6c3477fd33.jpg,-1.729625544e-09
3105623068_392b767a7b.jpg,-4.842158791e-09
3439331800_e71e1d808f.jpg,-1.063372602e-08
3313620862_0c65c645f5.jpg,1.214866211e-09
429174232_ddd4ff5e0b.jpg,2.145443727e-09
3089842255_359ccf5c40.jpg,-6.299145618e-09
571130875_30051ac02d.jpg,4.659788034e-09
2528521798_fb689eba8d.jpg,-5.047724752e-09
512634877_d7ad8c8329.jpg,1.381726267e-08
1119418776_58e4b93eac.jpg,-4.587801958e-09
2414384480_096867d695.jpg,1.301937612e-09
3569979711_6507841268.jpg,-8.417866594e-09
54501196_a9ac9d66f2.jpg,9.125832441e-10
3263395801_5e4cee2b9e.jpg,-3.173012062e-09
241345811_46b5f157d4.jpg,1.072679702e-09
3626642428_3396568c3c.jpg,2.511945167e-09
3114944484_28b5bb9842.jpg,-4.675462657e-09
2649705487_4605e879e9.jpg,5.363699802e-09
3110174991_a4b05f8a46.jpg,-2.840281245e-09
2089122314_40d5739aef.jpg,-3.3908486e-09
3441701164_6dbbdf1bce.jpg,-3.369091455e-09
3694071771_ce760db4c7.jpg,1.840239928e-09
1304100320_c8990a1539.jpg,3.787724329e-09
2049051050_20359a434a.jpg,-4.830330245e-10
2068403258_2669cf9763.jpg,2.425742016e-11
2920305300_a5b1b2329a.jpg,-7.210298192e-10
2845691057_d4ab89d889.jpg,8.026959381e-09
3293751640_d81a6f3a0c.jpg,-6.976657793e-09
3260214530_7179346407.jpg,1.162839925e-09
3125628091_25a31709df.jpg,-2.934476878e-09
2846843520_b0e6211478.jpg,2.537296162e-10
3655326478_4472c5c630.jpg,-3.081950817e-09
3396251819_1efa69310f.jpg,4.145462536e-09
3279524184_d5e2ffbaed.jpg,7.611391638e-09
146098876_0d99d7fb98.jpg,-2.836792126e-09
3572346664_e1e6c77f11.jpg,5.812227649e-10
3580082200_ea10bf2f68.jpg,-8.446966302e-09
861661418_8a37024ace.jpg,-5.120593578e-10
2602258549_7401a3cdae.jpg,-2.892646896e-09
2839532455_36a7dc4758.jpg,1.361594605e-09
2304444199_05386d2e9c.jpg,9.332396267e-10
2856080862_95d793fa9d.jpg,-2.928752103e-09
548751378_c657401312.jpg,-4.239040385e-09
1015584366_dfcec3c85a.jpg,2.121729406e-10
3416460533_d5819fbf69.jpg,1.126253534e-09
3168796547_0c14b368f9.jpg,7.964068722e-09
160805827_5e6646b753.jpg,7.656086308e-09
3672940355_47f30e2b28.jpg,-5.019253277e-09
2788628994_61123c03d2.jpg,-4.259825842e-09
436015762_8d0bae90c3.jpg,4.488902914e-09
1713248047_d03721456d.jpg,-4.575659676e-09
104136873_5b5d41be75.jpg,5.212940294e-10
3027397797_4f1d305ced.jpg,-9.934654428e-10
3242088278_43eea5d17e.jpg,-3.22112707e-09
289616152_012a9f16c6.jpg,-1.599130061e-09
3268175963_113d90d178.jpg,9.214600617e-09
3726168984_1fa2c8965b.jpg,2.739592228e-09
2090339522_d30d2436f9.jpg,4.119074131e-09
3693961165_9d6c333d5b.jpg,-1.73607052e-09
2956895529_ec6275060e.jpg,3.12928535e-09
2934121315_4969eeda1b.jpg,-4.644223177e-09
2450453051_f1d4a78ab4.jpg,2.09189243e-09
3047751696_78c2efe5e6.jpg,-4.939491092e-09
3376439178_159e4126de.jpg,-2.809082532e-09
2589308405_e208b5e745.jpg,4.910030509e-11
1579206585_5ca6a24db0.jpg,5.478672255e-09
2218743570_9d6614c51c.jpg,8.915778477e-09
1488937076_5baa73fc2a.jpg,1.917539926e-09
3636055584_65a60426f8.jpg,1.342024557e-09
2493974889_50ae29f1e1.jpg,-8.970359666e-09
3615730936_23457575e9.jpg,-2.116389966e-10
445148321_9f2f3ac711.jpg,-2.181509336e-09
823675317_b5fbdb17b3.jpg,6.715189721e-09
2880874989_a33b632924.jpg,3.303671714e-09
3238951136_2a99f1a1a8.jpg,-2.476640264e-09
3030823649_3b7b6c728d.jpg,1.152922509e-09
1115679311_245eff2f4b.jpg,2.624347641e-09
351876121_c7c0221928.jpg,-3.195422563e-09
3373243733_9aba7740ed.jpg,-7.566333655e-09
3638783842_af08dbb518.jpg,2.535365965e-09
2906802485_dfebf09173.jpg,3.895100763e-09
3724623861_2bb6c23641.jpg,4.730471978e-09
3264337159_e1680a35ba.jpg,1.08553827e-09
3747543364_bf5b548527.jpg,-6.981382547e-09
1472882567_33dc14c8b6.jpg,-4.293740009e-09
3375134059_7e9eb2ef01.jpg,4.757621522e-09
3247168324_c45eaf734d.jpg,-1.358437418e-09
1461329041_c623b06e5b.jpg,9.247146002e-10
1115565519_d976d4b1f1.jpg,-2.646152117e-10
1176580356_9810d877bf.jpg,-1.051919779e-09
3331102049_bc65cf6198.jpg,-7.290822166e-10
3321516504_5ee97771cb.jpg,5.239306593e-09
2813588204_69fe7deb14.jpg,-7.791425267e-10
3458559770_12cf9f134e.jpg,4.554992304e-09
2648310638_d6c576b5e4.jpg,-8.817949652e-09
2837799692_2f1c50722a.jpg,-4.099605236e-09
2507312812_768b53b023.jpg,4.551806971e-09
3168354472_866fe70d36.jpg,5.452594904e-09
2460799229_ce45a1d940.jpg,3.185602985e-09
2339140905_9f625f140a.jpg,-1.627721289e-09
2438085746_588dce8724.jpg,-1.80880437e-09
3631023049_8a85bab19f.jpg,-3.45261005e-11
1312020846_5abb4a9be2.jpg,-1.491577574e-09
3676460610_8c52e8a355.jpg,9.449818496e-10
3103231330_db98b14501.jpg,3.389295695e-09
2904997007_23d4b94101.jpg,1.890213493e-09
1479028910_3dab3448c8.jpg,2.399194994e-09
2465691083_894fc48af6.jpg,-1.503861281e-09
2780087302_6a77658cbf.jpg,7.014241116e-10
2823200990_7b02b7cc36.jpg,-8.489457623e-09
3285214689_f0219e9671.jpg,-6.100385018e-09
2986280913_13fb2d472e.jpg,7.740456984e-09
518251319_40e031e818.jpg,3.229474258e-09
3546474710_903c3c9fd3.jpg,-3.984044831e-10
2520909293_9bb7f7364e.jpg,-5.025826826e-10
2877503811_4e311253ec.jpg,3.94357527e-10
3572942419_16ebdc3d46.jpg,-2.56313663e-09
2659554389_ed3d15093f.jpg,-1.253430713e-09
3471463779_64084b686c.jpg,1.578651665e-10
482353373_03a9d5e8bc.jpg,1.693014201e-09
2749124446_d4432787b5.jpg,3.574212249e-09
374567836_3ae12ecffb.jpg,-7.665168789e-09
2551632823_0cb7dd779b.jpg,-2.277482919e-09
495055747_a75872762a.jpg,-1.138323523e-08
2403376030_903521c371.jpg,-3.53327733e-09
3675742996_02ccef16a3.jpg,-7.587503712e-09
115684808_cb01227802.jpg,4.567706093e-09
309687244_4bdf3b591f.jpg,2.559916795e-09
3557324238_6ba58831d9.jpg,-1.221229973e-09
1259936608_e3f0064f23.jpg,-3.143518049e-10
492802403_ba5246cfea.jpg,5.745086349e-10
3482474257_a88bfe5c57.jpg,-8.591736908e-09
254475194_3d8f4dfd53.jpg,-1.681169952e-09
444481722_690d0cadcf.jpg,-1.279686639e-09
482047956_9a29e9cee6.jpg,1.953518241e-09
2844963839_ff09cdb81f.jpg,2.657673075e-09
2196107384_361d73a170.jpg,-9.580330542e-10
2219805677_7b7cc188c7.jpg,3.574212118e-09
3210359094_ee51285301.jpg,-1.649983159e-09
3537400880_8f410d747d.jpg,2.302650021e-09
3344531479_03c69750e9.jpg,2.544735347e-09
3171035252_dba286ae5c.jpg,1.249953725e-09
2339106348_2df90aa6a9.jpg,-1.255401585e-09
369047365_35476becc9.jpg,-1.54305729e-09
3130970054_04a3865c43.jpg,-3.69167504e-09
2410399168_1462c422d4.jpg,-2.686929634e-09
2391812384_7429b5e567.jpg,-3.924327327e-10
478750151_e0adb5030a.jpg,-3.460955007e-09
2756591658_3ca6db1595.jpg,-7.488409722e-09
2561319255_ce5ede291e.jpg,2.445688388e-09
2414390475_28a0107bb0.jpg,9.070291442e-09
3417231408_6ce951c011.jpg,-1.083516876e-09
524105255_b346f288be.jpg,-4.147164732e-09
3068407619_5207b26986.jpg,-2.652495418e-09
3036382555_30b7312cf3.jpg,1.919411176e-09
240696675_7d05193aa0.jpg,3.905510708e-09
1088767354_2acee738cf.jpg,3.366921653e-09
3104690333_4314d979de.jpg,2.733324501e-09
3257107194_f235c8f7ab.jpg,-2.395211538e-10
410042380_517ccee020.jpg,1.009212901e-09
3143155555_32b6d24f34.jpg,3.203844408e-09
2854291706_d4c31dbf56.jpg,-1.380891004e-09
2943334864_6bab479a3e.jpg,9.381259605e-09
3465606652_f380a38050.jpg,-3.296565107e-09
324355356_859988a710.jpg,-1.709772161e-09
3436313241_6c73153fb6.jpg,5.154435052e-09
2776029171_5abdd5a22f.jpg,-5.841750236e-09
3290105461_7590f23371.jpg,1.643781651e-09
2501742763_b2cb322087.jpg,6.15044585e-09
3442540072_b22ca2410f.jpg,-5.397396275e-10
3426964258_67a0cee201.jpg,-2.388063855e-09
2559638792_a803ff63d1.jpg,6.523542084e-09
3701878677_8f2c26227b.jpg,1.339756728e-09
3568605391_54ec367d88.jpg,-1.106657872e-10
1540631615_8b42c1b160.jpg,1.892297871e-09
1055753357_4fa3d8d693.jpg,-1.524073489e-09
3693297007_94512e861e.jpg,2.210505114e-09
3689355450_fd559b816d.jpg,-2.525337206e-09
2799871904_3b3125518a.jpg,2.582290212e-09
3116769029_f5a76f04ba.jpg,4.469836719e-09
1342780478_bacc32344d.jpg,4.753229459e-09
3012513414_86180c44cb.jpg,-2.850940652e-09
2502935765_a0ae1fa7be.jpg,-2.950832244e-09
2734669176_c272b42597.jpg,1.210018483e-09
2290589734_b588471345.jpg,5.432715272e-09
2602679255_785b851b46.jpg,-4.115349927e-09
421706022_1ddb6a7a78.jpg,-7.67622035e-09
2644326817_8f45080b87.jpg,1.867137885e-09
2959737718_31203fddb5.jpg,1.748227742e-09
2465218087_fca77998c6.jpg,-4.155671899e-09
1351764581_4d4fb1b40f.jpg,-7.937479398e-10
2394003437_184a838aa9.jpg,-2.205349691e-09
123889082_d3751e0350.jpg,1.52437839e-09
2766765386_4c0beb939d.jpg,2.057469665e-09
189740668_0b045f1ff2.jpg,7.215444481e-09
3126681108_f88128699c.jpg,1.269649323e-08
3090600019_8808fe7a9d.jpg,-1.029772974e-09
2685139184_4ff45e0f76.jpg,-3.444854836e-09
3401548798_3a93f2caa5.jpg,-3.522972636e-09
3569126684_a68b29a57f.jpg,4.391088767e-09
2333816000_7105d0ffac.jpg,7.766463939e-10
2862931640_2501bd36c5.jpg,-2.549116442e-09
2466171114_3fa51415a7.jpg,5.174054967e-09
2133650765_fc6e5f295e.jpg,-6.389250552e-09
2391269207_d1d2615b1d.jpg,4.011636799e-09
3674521435_89ff681074.jpg,6.086121014e-09
270864951_1737ae5479.jpg,1.984357587e-09
542179694_e170e9e465.jpg,4.596705952e-09
2370221025_be4d9a4431.jpg,-3.031742357e-09
862177617_c2c0581075.jpg,-4.478683171e-09
3288173388_03bc2a844d.jpg,6.20424798e-09
229954612_a4438297ee.jpg,2.269755537e-09
3287904625_f68ca5cea7.jpg,5.490850557e-09
989851184_9ef368e520.jpg,-1.420759803e-09
3093970461_825b0cac2f.jpg,-5.726376049e-09
3076928208_5763e9eb8c.jpg,-4.776904651e-09
2837908308_8bc25c6b02.jpg,1.946104187e-09
276699720_fe6718fd03.jpg,3.375934313e-09
3437654963_c4fdc17e8b.jpg,-5.516214587e-10
2138487671_5b89104043.jpg,-3.573929577e-09
3501206996_477be0f318.jpg,2.196342948e-09
3278777548_290b881018.jpg,6.298931489e-09
3344632789_af90d54746.jpg,5.339825995e-09
3068945309_ff0973e859.jpg,-1.330561291e-09
3368819708_0bfa0808f8.jpg,-4.309467674e-09
273248777_eaf0288ab3.jpg,-1.297643301e-09
2192131110_8a40e7c028.jpg,-4.561867945e-09
490044494_d2d546be8d.jpg,3.423853105e-09
3296584432_bef3c965a3.jpg,4.948345388e-09
2116316160_d5fa7abdc3.jpg,-1.43455182e-09
3038760935_9a713510eb.jpg,3.404661195e-09
2741380826_cfe0ddf0a9.jpg,-4.086883861e-09
1423126855_6cd2a3956c.jpg,-2.300730861e-09
1084104085_3b06223afe.jpg,4.200461693e-09
3225226381_9fe306fb9e.jpg,-1.177513004e-08
1296412797_85b6d2f8d6.jpg,-4.810573932e-09
1813777902_07d1d4b00c.jpg,4.715190974e-09
1418266617_b32143275b.jpg,-6.078508426e-09
363617160_6cb0c723be.jpg,-5.599393892e-09
2698614194_b4e6e11dff.jpg,-5.803929264e-10
1333888922_26f15c18c3.jpg,-9.937299671e-10
3288839246_fdb00395ae.jpg,-3.904666279e-10
3189941492_a3f4347b1a.jpg,-4.163543044e-09
3310551665_15b79ef4ea.jpg,5.945596705e-09
2245348304_08bc5642f1.jpg,-1.581568889e-09
3412822878_5d961492e5.jpg,4.090955977e-09
2922512807_d382528a93.jpg,3.197460305e-10
2851931813_eaf8ed7be3.jpg,8.250998289e-10
3227140905_1d7e30e4c4.jpg,1.187872956e-10
2436398074_8737f40869.jpg,-9.718303441e-10
3525417522_7beb617f8b.jpg,-1.189377206e-09
2439384468_58934deab6.jpg,4.248166189e-09
213216174_0632af65a2.jpg,-9.380649493e-10
3215870337_c92a1a1b2f.jpg,-6.873801745e-09
434792818_56375e203f.jpg,1.298924874e-10
2959500257_3621429a37.jpg,-2.468151878e-09
3425662680_41c7c50e8d.jpg,-2.375202254e-09
3259883609_6a1b46919e.jpg,-1.541544934e-09
2867968184_908d87cf2c.jpg,-2.714435435e-09
108898978_7713be88fc.jpg,-1.294833647e-09
3640422448_a0f42e4559.jpg,3.460292242e-09
133905560_9d012b47f3.jpg,3.783878639e-10
2125626631_a4b63af97e.jpg,-6.081653736e-10
3327487011_1372c425fb.jpg,2.771600297e-09
3069216757_c419b3898e.jpg,9.534325976e-10
2602085456_d1beebcb29.jpg,-8.831614919e-10
519228867_2fd25e38d4.jpg,1.40340417e-09
1622619190_d0b51aff28.jpg,-8.291227082e-10
3209564153_077ed4d246.jpg,3.42611024e-10
2272491304_cb7c7ed16f.jpg,1.395130363e-09
582899605_d96f9201f1.jpg,-2.606269543e-09
1433397131_8634fa6664.jpg,-6.079214674e-10
3472449219_eb927f05b8.jpg,2.199665259e-10
251056963_c8b67f0107.jpg,-1.301042947e-09
3655964639_21e76383d0.jpg,-4.788545526e-11
1763020597_d4cc8f0f8a.jpg,1.275659583e-09
3247341210_5d1e50df23.jpg,5.633460362e-09
2447972568_1e9b287691.jpg,5.716661077e-10
2939464283_fc1a834976.jpg,-5.143608324e-09
3482237861_605b4f0fd9.jpg,2.535812188e-09
2710416789_555180e399.jpg,-1.134310564e-09
3533394378_1513ec90db.jpg,-3.610171057e-09
3453313865_1ebff5393c.jpg,7.493612767e-09
219301555_17883a51bd.jpg,-8.256563638e-09
44129946_9eeb385d77.jpg,-1.799829872e-09
3429581486_4556471d1a.jpg,-4.082148176e-09
501320769_31eea7b7ea.jpg,-4.339672626e-09
224026428_0165164ceb.jpg,2.767518054e-09
3541491057_61a49588d9.jpg,-2.488051803e-10
3119696225_b289efaec8.jpg,-2.971781415e-09
2078311270_f01c9eaf4c.jpg,-2.425038182e-09
2286032269_8ba929709c.jpg,-7.707384476e-09
2893238950_8a027be110.jpg,8.445743371e-10
2917843040_7c9caaaa8a.jpg,-2.640561053e-09
3048597471_5697538daf.jpg,5.46566902e-09
2505465055_f1e6cf9b76.jpg,4.867206737e-09
3284955091_59317073f0.jpg,5.798017788e-09
871290666_4877e128c0.jpg,-9.54218662e-10
2402462857_7684848704.jpg,-1.257244454e-09
241345981_1ef4f8109c.jpg,-4.334269978e-09
3258395783_2de3a4ba27.jpg,-3.047582155e-09
3432656291_a6c7981f6e.jpg,3.481720678e-09
945509052_740bb19bc3.jpg,-5.084517681e-09
2752926645_801a198ff6.jpg,-9.34350132e-10
2584487952_f70e5aa9bf.jpg,2.757692839e-09
2356574282_5078f08b58.jpg,1.79598354e-09
2324779494_5e72d29171.jpg,-7.014764508e-10
3099091086_f75f0ce09d.jpg,1.176555804e-08
515797344_4ae75cb9b1.jpg,6.145467968e-09
2094543127_46d2f1fedf.jpg,-2.742032063e-09
2194806429_ca4c3770c1.jpg,7.656666829e-09
3220009216_10f088185e.jpg,2.334290185e-09
3333017828_b930b9d41b.jpg,-6.821778987e-11
3387661249_33e5ba0bc5.jpg,-6.723639694e-10
141755290_4b954529f3.jpg,3.644516305e-10
3150252702_828a570d46.jpg,5.331047797e-09
2269021076_cefc9af989.jpg,-1.887843924e-10
486712504_36be449055.jpg,-3.439304944e-09
3259225196_750c4ce0f9.jpg,-1.773187279e-09
3409506817_775e38d219.jpg,-2.426024279e-09
3632842482_482f29e712.jpg,1.030906144e-09
532396029_ce125bda3f.jpg,2.606610317e-09
3704431444_f337ec2b90.jpg,-5.265169905e-09
3562169000_6aa7f1043d.jpg,2.663987704e-09
3441399292_60c83bd5db.jpg,-2.293999081e-09
3243233886_235a80e8c7.jpg,-2.62912534e-09
3005123298_d3017d5f5d.jpg,7.064992437e-09
437527058_189f2a7eef.jpg,-3.857656322e-09
3582742297_1daa29968e.jpg,-7.435204626e-09
3033741581_136889ac73.jpg,4.898484986e-09
296873864_4de75de261.jpg,-3.436720011e-09
2379150102_157d718d1d.jpg,-5.27007029e-09
3029715635_43ab414dfb.jpg,8.88775928e-09
3684680947_f1c460242f.jpg,1.221783335e-09
3044746136_8b89da5f40.jpg,3.801766625e-09
3532412342_e0a004b404.jpg,-2.359662354e-09
2968693931_52d161b8e7.jpg,-4.46788699e-09
2632111399_b3c1630f8e.jpg,9.542442201e-10
2676648667_cb055b4fc6.jpg,-4.874725866e-09
525863257_053333e612.jpg,-1.053201601e-10
3328495660_ed0e3f29cf.jpg,2.196858693e-09
3640417354_b0b3e4aec9.jpg,-1.16445526e-09
3249278583_95cd8206da.jpg,9.223762632e-09
2341254813_c53a5ef27a.jpg,5.909181517e-10
2331510788_986809bbb4.jpg,3.427827864e-09
3161044966_27bf6f9dec.jpg,4.607475628e-09
3098336319_a7e5b061d0.jpg,-8.844178657e-09
3236677456_75821e3583.jpg,-7.226523073e-09
958326692_6210150354.jpg,1.210312505e-09
2755053974_5cc157512e.jpg,-2.940716783e-09
2903469015_a1e7d969c2.jpg,7.808091653e-10
3490597800_8f94f7d353.jpg,2.254322846e-09
2472574160_8ce233f396.jpg,-4.817661531e-09
2995461857_dd26188dcf.jpg,-4.231192137e-09
2042009399_afad34e7c1.jpg,1.952198753e-09
3197791645_601908f26b.jpg,2.387649259e-09
2521938720_911ac092f7.jpg,-9.485000989e-10
3184031654_34b5c4ffe1.jpg,7.01822154e-09
426065353_e9a604a01f.jpg,1.337968502e-09
3591461782_687e320042.jpg,6.645467041e-09
2251418114_2b0cd4c139.jpg,2.468457621e-09
1859726819_9a793b3b44.jpg,-6.265361952e-09
430803349_a66c91f64e.jpg,5.12094046e-09
1977827746_4e13d7e19f.jpg,-1.530470862e-09
2101457132_69c950bc45.jpg,-2.393721113e-09
3666537170_c4ecda4be8.jpg,2.023510885e-09
2321466753_5606a10721.jpg,3.777120488e-09
3141613533_595723208d.jpg,9.324918205e-09
3542341321_faa2d2d48a.jpg,-5.887531797e-09
948196883_e190a483b1.jpg,5.422606645e-09
384465575_31294122c0.jpg,4.851662443e-09
1312227131_771b5ed201.jpg,4.808531434e-09
1222322358_225067636e.jpg,-8.427093868e-11
2641288004_30ce961211.jpg,-8.531838388e-10
2851304910_b5721199bc.jpg,1.049763811e-10
495116214_f1df479fb0.jpg,6.988802576e-09
2978024878_a45b282bf4.jpg,-1.550998886e-11
3527524436_a54aca78a9.jpg,6.335801908e-10
2944362789_aebbc22db4.jpg,6.206177981e-09
3090593241_93a975fe2b.jpg,5.997493273e-10
2521213787_ca9b5a1758.jpg,5.988331522e-09
2528547068_7d37479b9b.jpg,2.437022616e-09
1167908324_8caab45e15.jpg,-1.25893255e-09
2275029674_6d4891c20e.jpg,1.434476399e-09
534669139_1a4f8ab9d5.jpg,-3.411395618e-11
3388094307_5a83be64a5.jpg,1.513315751e-10
160566014_59528ff897.jpg,7.624382636e-10
2616561200_ea079f285a.jpg,-5.458256692e-09
617038406_4092ee91dd.jpg,3.130395692e-10
3578372039_57473f473c.jpg,1.645765862e-09
3492180255_0bd48a18f8.jpg,2.89091725e-09
3032790880_d216197d55.jpg,-6.594296061e-10
2667015110_1670324a33.jpg,1.401728054e-09
2426303900_0a8d52eb14.jpg,-4.332552061e-09
3250695024_93e8ab7305.jpg,2.589877453e-09
3672057606_cb6393dbd9.jpg,9.703398279e-10
241346317_be3f07bd2e.jpg,-8.490716162e-09
3400186336_37043a2f5b.jpg,1.391029229e-09
2180480870_dcaf5ac0df.jpg,-3.258189531e-09
3085226474_62aba51179.jpg,-1.091335865e-08
3683185795_704f445bf4.jpg,-3.470145383e-09
3444982197_0ff15cc50b.jpg,-3.201370147e-09
607339469_af851c4119.jpg,1.85784914e-09
3331009729_d3b14738e6.jpg,2.123770194e-09
503717911_fc43cb3cf9.jpg,-3.76044406e-09
3097196395_ec06075389.jpg,3.104252588e-09
2261962622_e9318a95eb.jpg,-3.032791033e-09
3216829599_366a43f05e.jpg,7.189892181e-09
1616016569_673de1d678.jpg,6.239560694e-09
2596876977_b61ee7ee78.jpg,-3.455449733e-09
459778335_857d8ffebf.jpg,-2.167096792e-10
3197482764_2f289cb726.jpg,3.304009173e-09
3497255828_f27e009aac.jpg,-4.777480934e-09
2149968397_a7411729d1.jpg,-1.71904723e-09
2595713720_30534e8de2.jpg,-5.979680673e-09
2174206711_11cb712a8d.jpg,1.018454022e-09
2492258999_5764124bba.jpg,2.015097669e-09
944374205_fd3e69bfca.jpg,-3.411731492e-09
2855667597_bf6ceaef8e.jpg,-5.105330201e-09
2935649082_1ca60180c6.jpg,1.185570142e-08
3171250845_5ae0d2a8bc.jpg,6.855818515e-09
3120189281_1938460e85.jpg,5.162094609e-09
3487131146_9d3aca387a.jpg,-6.529039785e-10
182493240_40410254b0.jpg,-4.463077006e-09
102351840_323e3de834.jpg,-1.086565719e-08
883040210_3c4a10f030.jpg,6.305011443e-09
1358089136_976e3d2e30.jpg,-2.412335601e-09
2930622766_fa8f84deb1.jpg,-2.520607893e-09
2643263887_a32ffb878f.jpg,-9.547149156e-09
3374384485_751f719be4.jpg,2.376926264e-09
290650302_ade636da35.jpg,4.595597331e-09
2747714500_49476225c6.jpg,-1.962124898e-09
758921886_55a351dd67.jpg,-7.609618038e-09
311146855_0b65fdb169.jpg,8.386457837e-10
2490179961_e842fda5eb.jpg,-8.279522576e-09
2064790732_219e52e19c.jpg,2.327573959e-09
3315250232_83e24a2d51.jpg,-1.059297563e-09
3441104823_33cdae5a56.jpg,3.803872335e-09
2675685200_0913d84d9b.jpg,-2.118917609e-09
2899622876_b673b04967.jpg,4.429529861e-09
2259336826_0cb294e1f7.jpg,-1.850058963e-09
2742426734_291df6da08.jpg,9.735487862e-09
2697909987_128f11d1b7.jpg,-2.193685514e-09
3239021459_a6b71bb400.jpg,-5.705942684e-09
3204525212_d548c7fca7.jpg,-1.843708509e-09
918886676_3323fb2a01.jpg,-6.956139329e-10
560278886_df4bd2e212.jpg,-9.377931061e-09
3649307685_60c1294d2a.jpg,-4.374101071e-09
2045928594_92510c1c2a.jpg,3.475336139e-09
2933637854_984614e18b.jpg,7.588404753e-09
1650280501_29810b46e5.jpg,4.518261079e-10
300922408_05a4f9938c.jpg,-2.596766236e-09
2798651021_2566f2a47e.jpg,8.987737083e-09
3460551728_63255cec18.jpg,-2.306799811e-09
3440104178_6871a24e13.jpg,5.375830882e-10
3484906808_ee20714408.jpg,2.697526021e-09
410413536_11f1127c46.jpg,7.865642033e-09
400562847_e15aba0aac.jpg,1.503056991e-10
101669240_b2d3e7f17b.jpg,6.573335581e-10
2987195421_e830c59fb6.jpg,-4.127445154e-10
3208188198_2b271d2a2e.jpg,-3.149718884e-09
3208032657_27b9d6c4f3.jpg,-4.095716113e-09
429851331_b248ca01cd.jpg,-6.413255767e-09
458735196_176e7df6b3.jpg,-1.551178672e-09
3275627207_0b41e44597.jpg,-5.162397387e-10
2960759328_2d31e4af9b.jpg,-7.503632013e-09
2206594874_5e0087c6b7.jpg,2.836182089e-12
1357689954_72588dfdc4.jpg,-3.524799675e-09
2869491449_1041485a6b.jpg,3.806488546e-09
2574230252_f5a1382dd4.jpg,6.140004352e-09
2261550615_b6c25d987b.jpg,-4.653692027e-09
2358554995_54ed3baa83.jpg,-1.051390693e-09
264141937_585320617a.jpg,-4.862367426e-09
2809793070_1a3387cd6e.jpg,-1.502995707e-09
3338291921_fe7ae0c8f8.jpg,-3.738278559e-10
2056377805_e9a9b3bcf0.jpg,-9.679930472e-10
3105315670_5f86f73753.jpg,1.249516194e-09
1015118661_980735411b.jpg,7.458714603e-10
3047264346_e24601bfbf.jpg,-3.11633756e-09
1311388430_4ab0cd1a1f.jpg,-3.325595618e-09
1077546505_a4f6c4daa9.jpg,-1.388833043e-10
2800990525_a1f8427272.jpg,2.611337918e-09
3482062809_3b694322c4.jpg,5.825759384e-10
2661294481_b86058b504.jpg,1.366104017e-09
2896640216_761a47f006.jpg,-4.594140454e-10
3616525288_9c19223de6.jpg,-2.418596555e-09
2497420371_74788d7ba1.jpg,-2.730594627e-09
766346887_a9a9d0637a.jpg,9.480900975e-10
2061944672_0383e65c8a.jpg,9.937759465e-09
3015891201_2c1a9e5cd7.jpg,3.21078636e-09
2652522323_9218afd8c2.jpg,-4.795267246e-09
2054869561_ff723e9eab.jpg,9.669091194e-09
2394763838_99d1435b85.jpg,-3.508791589e-09
3439560988_f001f96fc9.jpg,4.238976791e-09
3320032226_63390d74a6.jpg,4.846579397e-10
3677954655_df4c0845aa.jpg,-5.496309866e-09
2429212017_77fc107699.jpg,-1.096094348e-09
241347760_d44c8d3a01.jpg,-1.127711616e-08
241347823_6b25c3e58e.jpg,2.70118311e-09
2416964653_db3c2b6a0e.jpg,1.071249233e-09
3532782283_341f0381a3.jpg,9.561337529e-11
3600221224_945df01247.jpg,-1.953372748e-09
3621647714_fc67ab2617.jpg,2.258794246e-09
2874876837_80d178ba9b.jpg,1.599133289e-09
448916362_17f3f1d0e1.jpg,2.036430364e-09
3052104757_d1cf646935.jpg,9.750938157e-09
2414352262_005ae90407.jpg,3.099066965e-09
2187904131_96ea83b9b5.jpg,-3.169360975e-09
2649406158_ded6be38de.jpg,-1.1963505e-09
2353102255_67d9d2e40a.jpg,-2.671177761e-09
1501297480_8db52c15b0.jpg,-2.788129874e-09
466956675_a2fb6bf901.jpg,-7.123182394e-09
2737759676_4bc9be2daf.jpg,-1.310926195e-09
2885387575_9127ea10f1.jpg,4.484718889e-09
510197538_0a11b94460.jpg,-3.646685709e-10
3623650392_7b75d4de21.jpg,2.49413252e-09
3354474353_daf9e168cf.jpg,1.243050085e-09
2949353587_64c54e9589.jpg,2.003218544e-09
3522989916_f20319cc59.jpg,-3.596590072e-09
2646116932_232573f030.jpg,-1.704055765e-09
3028561714_83fb921067.jpg,3.311468571e-09
2439031566_2e0c0d3550.jpg,-3.514868678e-09
3436074878_21515a6706.jpg,-5.029692251e-09
875731481_a5a0a09934.jpg,3.3318223e-09
3716277216_c04002be81.jpg,1.90062988e-09
2259203920_6b93b721ce.jpg,-2.074703911e-10
3329289652_e09b80e2f3.jpg,-3.633541942e-09
3685328542_ab999b83bb.jpg,-4.264776519e-09
3250076419_eb3de15063.jpg,4.446041877e-09
495341977_b27279f962.jpg,1.334322922e-10
3407357681_5aeaab5b59.jpg,-5.331732726e-09
3066429707_842e50b8f7.jpg,1.751974328e-09
3392851587_a638ff25e2.jpg,-3.598751313e-09
2730938963_c4ed3e2258.jpg,4.040102358e-11
269650644_059a84ece5.jpg,-1.19688522e-08
3605676864_0fb491267e.jpg,8.910095617e-10
2183227136_8bb657846b.jpg,-9.39177367e-10
237953705_cfe6999307.jpg,2.924540924e-09
2856252334_1b1a230e70.jpg,-3.019699044e-09
3015368588_ef0a06076d.jpg,-6.471507714e-09
2521938802_853224f378.jpg,-4.872740583e-09
2759089516_cbb993cb92.jpg,1.783619151e-09
1807169176_7f5226bf5a.jpg,-4.492874072e-09
457875937_982588d918.jpg,4.296750725e-09
3158680604_c1f99b3946.jpg,3.898950354e-09
530454257_66d58b49ee.jpg,6.093458663e-10
1263801010_5c74bf1715.jpg,1.0365215e-08
172097782_f0844ec317.jpg,-1.660348094e-09
3426789838_8771f0ed56.jpg,1.09746956e-11
2220612655_030413b787.jpg,2.904981544e-09
2089426086_7acc98a3a8.jpg,7.780579913e-09
1306145560_1e37081b91.jpg,4.720777019e-09
3297323827_f582356478.jpg,-2.80435973e-09
2306186887_0bd8ed3792.jpg,-1.504786373e-09
3574930742_9081bd2426.jpg,1.37017272e-09
2995935078_beedfe463a.jpg,-2.803180935e-09
2114739371_83aa8bdb0e.jpg,4.749783996e-09
2895403073_906768cafa.jpg,-1.248661161e-09
3234375022_1464ea7f8a.jpg,7.508902895e-09
2561295656_4f21fba209.jpg,8.302994788e-09
2358561039_e215a8d6cd.jpg,-1.876412216e-09
2123932281_1a4fd38455.jpg,-5.654407462e-10
3227499174_07feb26337.jpg,-1.114744873e-09
3457210101_3533edebc8.jpg,-8.588124416e-10
3286222970_1fa445e38f.jpg,1.157788182e-09
293151893_ee7249eccb.jpg,-4.775824922e-10
3371279606_c0d0cddab2.jpg,3.033706604e-10
1490213660_9ea45550cf.jpg,1.184155366e-09
3599392711_8264881de2.jpg,6.351299215e-10
111497985_38e9f88856.jpg,-3.603416874e-09
2782850287_1408f7ec43.jpg,-4.69862494e-09
825918657_d92f1761f4.jpg,-3.456359301e-09
2095478050_736c4d2d28.jpg,7.90131867e-09
2782480767_064c95eff2.jpg,3.00022612e-09
1149179852_acad4d7300.jpg,-4.471915297e-09
2441313372_6a1d59582b.jpg,-5.639526767e-10
3724718895_bd03f4a4dc.jpg,7.395606847e-11
2704257993_d485058a5f.jpg,-2.691625937e-09
3584930205_a3f58a4b7c.jpg,-6.835409346e-09
2294598473_40637b5c04.jpg,6.024676252e-10
3242007318_01e82171aa.jpg,-2.976407786e-09
3251234434_d01e25a50a.jpg,9.545951426e-10
3556571710_19cee6f5bd.jpg,-4.275791887e-09
3578914491_36019ba703.jpg,-1.510410597e-09
2876848241_63290edfb4.jpg,4.079308802e-09
452419961_6d42ab7000.jpg,-1.555478509e-09
42637986_135a9786a6.jpg,3.324485607e-09
2760716468_b541e9fd0f.jpg,-1.769285596e-09
2447035752_415f4bb152.jpg,-1.3471743e-09
2473738924_eca928d12f.jpg,-5.325881704e-09
1363924449_487f0733df.jpg,1.294576687e-09
3585487286_ef9a8d4c56.jpg,8.266495849e-09
3037558954_20115165e3.jpg,2.215635484e-10
3362049454_ea0c22e57b.jpg,-2.954067897e-09
299178969_5ca1de8e40.jpg,5.840492817e-09
1104133405_c04a00707f.jpg,-3.574558097e-10
3477683327_d9e6a2a64f.jpg,6.35955446e-09
282116218_7fd7583d6e.jpg,-6.236469116e-10
3721082512_8277087f3f.jpg,-3.177444858e-09
246055693_ccb69ac5c6.jpg,4.426174759e-10
3271061953_700b96520c.jpg,2.118479241e-09
2480820830_bdec1f5b76.jpg,2.451809371e-10
270809922_043e3bef06.jpg,-2.442251139e-09
1419385780_1383ec7ba9.jpg,1.27574944e-09
897621891_efb1e00d1d.jpg,3.035705509e-09
2921578694_a46ae0d313.jpg,-1.542971205e-10
2327088022_478dbd2c17.jpg,-3.045537691e-09
3640407952_bb38fb9d55.jpg,7.689242472e-09
326028454_fb396167e6.jpg,1.622798043e-09
2867937005_91c092b157.jpg,6.309109963e-10
2546667441_bbe87a6285.jpg,-6.08926759e-09
1775029934_e1e96038a8.jpg,-5.466548905e-09
2121357310_f8235311da.jpg,4.279372764e-09
3665987581_5e6b0a65f2.jpg,2.349265333e-09
3429956016_3c7e3096c2.jpg,1.484718695e-09
3209350613_eb86579ee8.jpg,-9.607397875e-10
1425013325_bff69bc9da.jpg,2.878427057e-10
319185571_56162796da.jpg,1.810672914e-09
3520936130_9e90872560.jpg,3.513831875e-09
2867026654_38be983b44.jpg,-3.434576688e-09
3069786374_804e1123ac.jpg,-8.256549664e-09
3726120436_740bda8416.jpg,6.069659614e-09
2337919839_df83827fa0.jpg,1.155951565e-09
2447289477_e888df561d.jpg,1.184293372e-09
3597715122_45878432ec.jpg,5.196597953e-09
3646453252_5ebbbaa6cc.jpg,3.330146862e-09
261883591_3f2bca823c.jpg,-2.997584757e-09
3125041578_c1f2d73b6d.jpg,-2.164636775e-09
3084001782_41a848df4e.jpg,-7.674385617e-10
452363869_cad37e609f.jpg,-3.44934847e-09
123997871_6a9ca987b1.jpg,7.445090224e-10
508958120_afe274f726.jpg,-3.832405165e-10
109738763_90541ef30d.jpg,-1.681002527e-09
888425986_e4b6c12324.jpg,8.146793461e-10
288025239_5e59ba9c3b.jpg,-3.559133661e-09
3214381315_b54f5c9be4.jpg,4.592214116e-09
2070831281_dc04b3e15d.jpg,6.883918188e-10
3301811927_a2797339e5.jpg,-3.245224086e-10
3484070900_3e76d7fd30.jpg,-4.118400978e-09
2876994989_a4ebbd8491.jpg,-2.772332249e-09
2080033499_6be742f483.jpg,-8.782830869e-09
3269895626_7b253c82ed.jpg,-7.092149124e-09
3319388517_5609ae9805.jpg,9.543917996e-10
2560278143_aa5110aa37.jpg,-4.625275236e-09
3069937639_364fc11e99.jpg,9.387474061e-10
2448210587_9fe7ea5f42.jpg,4.559902888e-09
2444935470_7b0226b756.jpg,1.656635889e-08
3204081508_0e7f408097.jpg,6.255232869e-09
3220650628_4ed964e5b4.jpg,-8.403935336e-10
2393924525_1bf45ca217.jpg,-3.516650893e-09
3590753142_61993d39df.jpg,6.939820652e-10
3368865171_597d51cdd5.jpg,-4.084141743e-09
472860064_a96a228796.jpg,1.014375734e-09
3587596696_9c5964c94d.jpg,3.883053198e-10
2041867793_552819a40b.jpg,5.019009505e-09
3094278545_febac56382.jpg,-3.568448675e-09
333031366_a0828c540d.jpg,2.893568793e-09
3612538549_2828b45867.jpg,-6.677773564e-09
154871781_ae77696b77.jpg,4.929718985e-09
3338217927_3c5cf3f7c6.jpg,9.953135697e-10
3362805914_72f60ee8cb.jpg,2.616935061e-09
442594271_2c3dd38483.jpg,-1.66422708e-09
512026551_ba63ddbd31.jpg,-5.064242911e-09
1801663973_5ad393caeb.jpg,1.700964812e-09
2744705147_acd767d3eb.jpg,2.077494225e-09
3344233740_c010378da7.jpg,-4.275192384e-10
3690348036_a01f243fb0.jpg,-4.080005931e-09
2363540508_9dd1ccf7c7.jpg,-1.829927681e-09
812196663_0c969970b5.jpg,-1.465608547e-09
297724467_e8918a6f90.jpg,-9.243195665e-10
2926595608_69b22be8d4.jpg,-3.190701781e-09
938162709_21443d352f.jpg,3.712746157e-09
241347114_6273736da8.jpg,6.337449239e-09
3404870997_7b0cd755de.jpg,-5.768974015e-09
381976882_0063d16d88.jpg,4.872168944e-09
3710073758_ac2b217f29.jpg,-3.255818868e-09
1478268555_7e301fc510.jpg,4.911543845e-09
3485486737_953f9d3be2.jpg,-2.677303522e-09
531152619_6db02a7ed9.jpg,-1.732388058e-09
1319634306_816f21677f.jpg,1.577169332e-09
2385744837_8780f6731a.jpg,-4.963076695e-10
1387461595_2fe6925f73.jpg,-1.08919876e-08
2314722788_6262c3aa40.jpg,8.85725114e-10
1213336750_2269b51397.jpg,-3.34976416e-09
10815824_2997e03d76.jpg,-9.697460058e-09
258476074_f28f4a1ae6.jpg,6.529835722e-09
3606355203_1260f43ec0.jpg,-2.656708563e-09
343662720_39e4067cd1.jpg,5.240144727e-09
3484576025_a8c50942aa.jpg,3.644219548e-09
2593695271_4d9cc9bd6f.jpg,2.038326378e-09
3132832452_c354c6396c.jpg,-1.110064386e-09
1808007704_ee8a93abb4.jpg,-4.138569585e-09
697778778_b52090709d.jpg,-4.936098748e-09
2486364531_b482d7f521.jpg,-2.111296269e-09
892340814_bdd61e10a4.jpg,-2.986580345e-10
293881927_ac62900fd4.jpg,-1.007604254e-09
3128514681_a51b415c31.jpg,6.831754306e-10
2286270205_16038dec5a.jpg,5.176731123e-09
233327292_3bcbc3783f.jpg,-4.571101757e-10
356929855_6bbf33d933.jpg,8.445138498e-10
3578981202_efef47e264.jpg,-1.434879658e-09
2392460773_2aa01eb340.jpg,7.933270031e-10
2919459517_b8b858afa3.jpg,-1.082708444e-09
3330019493_fd36fbc2ea.jpg,4.907173277e-09
2119302248_72493d458c.jpg,1.374504658e-09
2884651479_12e400ee58.jpg,-8.658778304e-09
1016887272_03199f49c4.jpg,-9.432256231e-09
3518687038_964c523958.jpg,-3.373192156e-09
103106960_e8a41d64f8.jpg,-7.643558719e-09
298920219_9a3f80acc5.jpg,-1.526358984e-12
3301744710_b51280eb56.jpg,2.409676196e-10
3079341641_f65f6b0f8b.jpg,8.825939386e-10
2112661738_de71b60b88.jpg,6.051425371e-09
911795495_342bb15b97.jpg,-7.403834502e-10
3185787277_b412d7f5b7.jpg,-5.936543254e-09
847782643_57248bbdab.jpg,4.101220331e-09
2151300603_248a9fe715.jpg,3.111679665e-09
3576250302_14779632bd.jpg,8.364891925e-10
3222055946_45f7293bb2.jpg,4.353893013e-09
3220200084_3ea129336e.jpg,-7.011235446e-11
2860035355_3fe7a5caa4.jpg,-3.168283623e-10
2544246151_727427ee07.jpg,1.83332641e-09
3419634480_c390f62a6e.jpg,6.145898136e-09
2268115375_69884e958d.jpg,-2.052040332e-09
3214885227_2be09e7cfb.jpg,4.299536078e-09
2410618963_fb78307d18.jpg,-2.103100535e-10
3339751521_7a8768be27.jpg,-5.656061212e-09
3547368652_0d85c665d3.jpg,2.463961107e-09
2956413620_d59de03a06.jpg,2.853046508e-09
3469585782_e708496552.jpg,-9.169393531e-10
3399284917_721aefe2a7.jpg,-4.751106954e-09
3043266735_904dda6ded.jpg,-1.805922825e-09
487074671_66db20bf47.jpg,-1.06151376e-08
3306212559_731ba9bd05.jpg,2.639591766e-09
3318564834_4ccea90497.jpg,-3.244703849e-09
2358447641_10f1e9d21f.jpg,-9.801081148e-10
2678798732_2998f9969c.jpg,-1.250498706e-10
3388836914_c267cf3a59.jpg,1.290893285e-09
2222559267_6fd31e3941.jpg,-2.48147775e-09
1388373425_3c72b56639.jpg,-1.505953764e-09
2276499757_b44dc6f8ce.jpg,-4.036384625e-09
309049466_1d7e7d5fc2.jpg,5.387637056e-09
2442243868_abe8f74fb4.jpg,-7.03514215e-09
2833820456_143ea6ce47.jpg,-3.485474557e-09
2728276857_3f83757ef2.jpg,-3.739739163e-09
3090957866_f1b2b7f214.jpg,-8.688443832e-09
1659358141_0433c9bf99.jpg,1.587774937e-09
3206999917_e682672cbc.jpg,1.553582436e-09
210839948_bbd5bfa3b6.jpg,6.041655149e-09
1526181215_c1a94325ae.jpg,-1.756266983e-09
2856456013_335297f587.jpg,-5.338017531e-09
2603125422_659391f961.jpg,3.985947134e-09
2453318633_550228acd4.jpg,-9.114729893e-09
3456362961_d8f7e347a8.jpg,-4.846947863e-10
2550011909_6b95f11330.jpg,-3.447491063e-09
3102204862_f1d220230b.jpg,2.457467853e-10
1454841725_4b6e6199e2.jpg,6.262316662e-09
824923476_d85edce294.jpg,3.410376739e-09
2945036454_280fa5b29f.jpg,-1.017433876e-10
2128119486_4407061c40.jpg,2.713684747e-09
506367606_7cca2bba9b.jpg,-4.969601499e-09
3537474810_cf676b3259.jpg,3.71658344e-09
433810429_a4da0eac50.jpg,-5.989644144e-11
973827791_467d83986e.jpg,1.528867002e-09
2519812011_f85c3b5cb5.jpg,-6.822705212e-09
271177682_48da79ab33.jpg,5.214805015e-10
241347700_ef2451d256.jpg,5.339760123e-10
394563330_68b566368c.jpg,-3.293530371e-09
3122579598_14841c038a.jpg,-8.792303031e-09
3366904106_e996320d20.jpg,-1.538445802e-09
2938875913_0ed920a6be.jpg,-1.095602625e-10
3478877323_0a507a601b.jpg,2.720967889e-09
2892413015_5ecd9d972a.jpg,3.854056338e-09
3720366614_dfa8fe1088.jpg,-3.595956414e-09
3612249030_e2829ffa31.jpg,-8.35494499e-09
3738685861_8dfff28760.jpg,3.007631951e-09
3393152604_27bd1037f2.jpg,3.181661788e-10
145721498_a27d2db576.jpg,-9.941422679e-09
3083016677_5782bc337c.jpg,2.411844376e-09
3139393607_f0a54ca46d.jpg,3.009542558e-09
3564148252_aa4cb36a32.jpg,1.018968939e-08
1931690777_897a7d8ab6.jpg,-1.814709539e-09
3415578043_03d33e6efd.jpg,-1.163981317e-09
2672588619_3849930e99.jpg,4.828802071e-09
3288174272_2daa06d360.jpg,8.397367928e-09
2500354186_0836309cc9.jpg,4.071455148e-09
2661294969_1388b4738c.jpg,3.709028985e-10
2830309113_c79d7be554.jpg,-4.705315565e-09
492341908_1ef53be265.jpg,-4.226147757e-09
1317292658_ba29330a0b.jpg,-3.744290555e-09
317641829_ab2607a6c0.jpg,8.315752066e-09
3677613006_4689cb8e4e.jpg,2.718797652e-09
3430526230_234b3550f6.jpg,-6.235289813e-10
3663307538_468739e4c3.jpg,1.758370117e-09
2540360421_f7c2401da8.jpg,-8.066125304e-09
3590653633_495de5f288.jpg,6.036519531e-10
1295698260_e10c53c137.jpg,1.066190045e-08
270724499_107481c88f.jpg,3.245003094e-09
3174713468_e22fa7779e.jpg,6.528675244e-10
3437273677_47d4462974.jpg,-4.662950029e-09
3201427741_3033f5b625.jpg,2.528828098e-09
3162442331_c9711857c6.jpg,-3.09952649e-09
3454988449_1de1ef4f20.jpg,1.162796781e-09
3342309960_c694b2cce9.jpg,-2.97381021e-09
2429729667_42effc165d.jpg,-3.733787781e-09
2297471897_3419605c16.jpg,-6.894235651e-09
697490420_67d8d2a859.jpg,-1.661365132e-09
3476709230_6439305bf2.jpg,3.198529744e-09
2295447147_458cfea65a.jpg,-5.731299072e-09
1469358746_2a879abaf3.jpg,-6.56083662e-09
3616771728_2c16bf8d85.jpg,-2.070611062e-09
3718892835_a3e74a3417.jpg,-3.677900952e-09
3298233193_d2a550840d.jpg,2.526820525e-09
3497236690_a48bf7ac42.jpg,-4.557755292e-09
2403078014_4b1d6f8bde.jpg,3.08912526e-09
2999735171_87ca43c225.jpg,7.335731541e-09
3616638478_641d02183d.jpg,2.129706611e-09
3413571342_b9855795e2.jpg,-6.357499106e-12
508432819_3d055f395d.jpg,-3.919725042e-09
2374652725_32f90fa15c.jpg,7.25962039e-10
241347300_7c84ecf764.jpg,9.695166343e-10
2931254547_e97c6d0d63.jpg,3.990571431e-09
244760289_f4467b2b67.jpg,2.240278596e-09
3541483943_9776baee7c.jpg,-2.147880465e-10
3584603849_6cfd9af7dd.jpg,-2.859982947e-09
2884092603_786b53a74b.jpg,2.704069335e-10
2255332561_3375897ff0.jpg,-7.870836172e-09
3307147971_5b3abf61f9.jpg,-6.363063377e-09
2953861572_d654d9b6f2.jpg,-1.038847639e-09
3072172967_630e9c69d0.jpg,-3.49756347e-09
1473618073_7db56a5237.jpg,3.99291097e-09
1354318519_2f9baed754.jpg,1.694763793e-09
3559781965_d4ec00e506.jpg,-5.005195118e-09
3027399066_ca85495775.jpg,6.581516752e-09
429283612_37f6e7fb7f.jpg,-3.264675501e-09
2029280005_a19609c81a.jpg,-6.58015276e-10
2592711202_55f8c64495.jpg,2.236986488e-09
3263741906_6e4508d1c8.jpg,-3.599280574e-09
3551281733_b43bf6f870.jpg,-2.106814101e-09
493507605_48fe8e3739.jpg,6.151276222e-10
3535768334_a3924bcccd.jpg,-7.065584762e-09
684375286_09cc1aa778.jpg,1.457575441e-09
2102732029_9ae520914d.jpg,4.313443369e-09
3426144752_28d63615ca.jpg,-1.183440245e-09
346253487_687150ab04.jpg,8.479841281e-10
3454315016_f1e30d4676.jpg,2.069898549e-09
3550255426_4ab03c0d6e.jpg,3.10643386e-09
2236016316_f476cbbf06.jpg,3.234211645e-09
1675679141_36c9bc2969.jpg,4.817860885e-09
3139895886_5a6d495b13.jpg,5.248020647e-09
2265100168_175f8218af.jpg,-1.356389795e-09
3523559027_a65619a34b.jpg,-5.840010507e-09
421932359_edbf181f44.jpg,3.000334227e-09
3376942201_2c45d99237.jpg,-5.605715333e-09
2458033289_f0616879df.jpg,-4.238661735e-09
2709648336_15455e60b2.jpg,-1.450148207e-09
2337809114_899ba61330.jpg,4.810131093e-10
3377344932_6dfce93248.jpg,-1.106801034e-09
445655284_c29e6d7323.jpg,-4.039417128e-09
3502993968_4ee36afb0e.jpg,2.348010821e-09
599366440_a238e805cf.jpg,-1.17738137e-09
152029243_b3582c36fa.jpg,-3.094104515e-09
2952751562_ff1c138286.jpg,8.955976124e-10
3336831820_5c5df4b033.jpg,1.974028204e-09
418616992_22090c6195.jpg,5.368052529e-09
3568225554_73cdb19576.jpg,-2.192233531e-09
2545363449_1985903f82.jpg,2.558872564e-10
2176147758_9a8deba576.jpg,-5.734491495e-09
3117562746_62f57a02b5.jpg,2.08193317e-09
1594038143_57f299aa8a.jpg,2.147556684e-09
2695001634_127fe2f0d7.jpg,-2.311041159e-09
3082474922_9c3533eaf6.jpg,3.774005291e-11
3503623999_bbd5dcfb18.jpg,-2.405525328e-09
1446933195_8fe9725d62.jpg,-2.692005829e-09
3139389284_f01bd4c236.jpg,1.19095458e-09
848293676_98e73c52c1.jpg,2.843041379e-09
2924908529_0ecb3cdbaa.jpg,-1.382106475e-09
3397228832_8ce5b1c26f.jpg,1.029822235e-09
2705947033_5999147842.jpg,1.171931771e-09
3533922605_a2b1e276f6.jpg,-3.023417916e-09
3221815947_76c95b50b7.jpg,2.421043946e-09
3181701312_70a379ab6e.jpg,-3.63739673e-09
415657941_454d370721.jpg,4.593418214e-09
412056525_191724b058.jpg,1.509581587e-09
2431832075_00aa1a4457.jpg,-2.907655729e-10
3252457866_b86614064c.jpg,-8.589524691e-10
3558370311_5734a15890.jpg,-2.392310134e-09
537390477_7dd3407f96.jpg,-1.022261436e-09
3526018344_450c517a72.jpg,-5.482786276e-10
3138504165_c7ae396294.jpg,8.397729818e-10
1606988704_fe330878a3.jpg,4.583300198e-09
2430860418_fd0726f414.jpg,-2.121138641e-10
2103568100_5d018c495b.jpg,3.51990346e-09
3068994801_b2bc079e67.jpg,-1.007361843e-09
2630507245_bea4804288.jpg,-1.556173868e-09
436009777_440c7679a1.jpg,2.027008858e-09
232874193_c691df882d.jpg,3.175231632e-09
525538142_7348f0bce7.jpg,-1.370829807e-09
1465666502_de289b3b9c.jpg,-7.534485136e-09
520491467_54cbc0a866.jpg,1.036721069e-09
542648687_adf13c406b.jpg,2.184420092e-09
3524914023_4e96edb09f.jpg,-3.191990361e-10
2939007933_8a6ef2d073.jpg,3.559324731e-10
281419391_522557ce27.jpg,-3.001925782e-09
549520317_af3d5c32eb.jpg,4.255744753e-11
3100251515_c68027cc22.jpg,1.28920505e-09
3397259310_1ed1a346b5.jpg,2.911013312e-09
2858439751_daa3a30ab8.jpg,-7.482348272e-09
2422018883_336519b5c6.jpg,-2.633235451e-09
2750867389_4b815f793a.jpg,2.648520273e-09
1598085252_f3219b6140.jpg,-6.019625814e-09
2479553749_f7ac031940.jpg,-5.797384513e-10
2522297487_57edf117f7.jpg,4.746743493e-09
3178005751_fca19815ac.jpg,4.939899819e-09
1453366750_6e8cf601bf.jpg,-6.048410945e-09
3252588185_3210fe94be.jpg,-8.533508908e-09
2115631346_9585a479b0.jpg,-1.455554961e-09
2295894587_2fd8faf550.jpg,-2.530972699e-10
3249014584_21dd9ddd9d.jpg,-1.280267103e-08
3359089834_263e529c71.jpg,-2.58654023e-10
3738789925_7d17dbdf25.jpg,-3.403377075e-10
516998046_1175674fcd.jpg,-1.403799579e-09
3697456750_460aea7252.jpg,-2.864669317e-09
3447007090_08d997833a.jpg,-7.454271552e-10
2225231022_1632d0a5aa.jpg,-4.122713658e-09
3583321426_f373c52161.jpg,-3.6115888e-09
3155361712_2cbf59c78e.jpg,-2.292634158e-09
3099264059_21653e2536.jpg,-2.757560064e-10
141139674_246c0f90a1.jpg,-1.110585879e-10
3422458549_f3f3878dbf.jpg,1.004393281e-09
527968666_1fcddf81ab.jpg,-1.07516304e-08
2339516180_12493e8ecf.jpg,-2.502479735e-10
3280644151_3d89cb1e0e.jpg,-5.322076755e-09
369802520_9825f2cd84.jpg,1.179285616e-09
533713007_bf9f3e25b4.jpg,-8.374423904e-10
1579287915_4257c54451.jpg,4.158788711e-09
2121140070_a09644550b.jpg,8.382504294e-10
2359784186_36c9746d02.jpg,-3.699905411e-09
2101128963_fdf8b2a0d7.jpg,-2.004396657e-09
2647593678_1fa3bb516c.jpg,-4.956152896e-10
2196846255_2c1635359a.jpg,2.182733198e-09
2869253972_aa72df6bf3.jpg,8.741996341e-11
3549277110_24d4064ccd.jpg,-3.927445834e-09
2347921097_f2e35753c0.jpg,-5.310359959e-09
2510560080_1439fe32f2.jpg,-2.781100083e-09
2739332078_13d9acce59.jpg,-2.807220792e-09
2423856014_8df0e7f656.jpg,-4.455661436e-09
2998945968_86f236d1e8.jpg,2.79531333e-10
3348191949_b0b925e5f1.jpg,-1.740698783e-09
2685788323_ceab14534a.jpg,-2.388600892e-09
3544312930_3a0b8d70c1.jpg,7.807753301e-10
2136514643_93d8f75a77.jpg,2.772321044e-09
493621130_152bdd4e91.jpg,-2.010090795e-09
2261169495_98254e2e66.jpg,-5.369760864e-09
1424237335_b3be9920ba.jpg,-2.704848982e-09
544122267_e9e0100bc5.jpg,-5.102394577e-11
347543966_b2053ae78c.jpg,9.07131683e-10
3091962081_194f2f3bd4.jpg,-6.798165331e-09
3673035152_da7ed916d9.jpg,-2.432755388e-09
2525270674_4ab536e7ec.jpg,4.285418438e-09
2252264255_03fefc25af.jpg,-1.976274045e-09
2902486045_6298eb22ef.jpg,1.612322393e-09
322050103_145f7233c6.jpg,5.022853291e-09
791338571_7f38510bf7.jpg,-1.212901893e-09
3251906388_c09d44340e.jpg,-3.92156857e-09
3148647065_2d6cd88cf6.jpg,-2.636534595e-09
3524975665_7bec41578b.jpg,-6.562864252e-10
3673484638_dce87295fe.jpg,7.203281783e-10
2837808847_5407af1986.jpg,4.455822399e-09
3380519003_9f91d5a7fb.jpg,1.558857515e-09
2891924845_92f69b0f18.jpg,4.740778799e-09
2773011586_6f4cd41e84.jpg,-2.049307726e-09
172092464_d9eb4f4f2f.jpg,3.355427098e-09
3319489465_c65c91e4f2.jpg,-2.196657207e-09
429205889_ff5a006311.jpg,3.808439378e-09
3203872773_6c30f64be3.jpg,2.350558813e-09
2551344688_17a12a6948.jpg,1.237780062e-08
217838128_1f0a84ddc1.jpg,5.804019234e-09
2662570182_350baa020f.jpg,2.826402533e-09
2649850541_59a6c7f01c.jpg,4.374218366e-10
3157744152_31ace8c9ed.jpg,-2.483878666e-10
2642688531_8fb68b2147.jpg,4.312218875e-09
247652942_29ede19352.jpg,-2.558126635e-09
2848977044_446a31d86e.jpg,-8.90213658e-10
2847859796_4d9cb0d31f.jpg,-2.198579829e-09
490390951_87395fcb1c.jpg,-1.729843205e-09
3425414048_fa14d33067.jpg,2.264606895e-09
2774430374_fee1d793e7.jpg,-1.253091414e-09
3212456649_40a3052682.jpg,1.315360384e-09
1220401002_3f44b1f3f7.jpg,2.510348018e-09
2540203582_9a9ac92a5d.jpg,-4.158155505e-09
1918573100_d31cbb6b77.jpg,3.712922082e-09
3227111573_c82f7d68b1.jpg,-5.964553561e-09
3480126681_52cea26bda.jpg,-6.43291485e-10
3659686168_49c3abcee1.jpg,2.781857996e-09
2891617125_f939f604c7.jpg,9.433916276e-10
3358682439_be4b83544c.jpg,-7.747342059e-10
2575647360_f5de38c751.jpg,-1.716924095e-09
2752919987_8bfca604ab.jpg,1.766135545e-09
2672445419_251ce9419a.jpg,1.702067607e-09
299612419_b55fe32fea.jpg,-1.826998369e-09
3328247381_a9f7fb4898.jpg,-3.090490716e-09
2836360729_6500249fe6.jpg,2.696497594e-09
3660826540_481d25fbb0.jpg,-5.766147347e-09
2378149488_648e5deeac.jpg,6.062111026e-10
267325341_1a96ef436e.jpg,1.877897149e-10
3682277595_55f8b16975.jpg,4.574751257e-09
399212516_d68046b277.jpg,-1.886136994e-10
317383917_d8bfa350b6.jpg,1.360602696e-08
310260324_7f941814bc.jpg,-5.945663827e-09
3737492755_bcfb800ed1.jpg,5.631593496e-09
3665996775_6d7d9a46f1.jpg,1.033517944e-08
3275711232_e261143664.jpg,3.366320194e-10
3733074526_82aa8d5f8d.jpg,3.186500707e-09
299676757_571ee47280.jpg,-2.366003192e-09
2656749876_e32495bd8c.jpg,7.045118266e-09
624058168_f1c5e87e59.jpg,1.363041899e-09
287999021_998c2eeb91.jpg,-3.011630055e-09
534875358_6ea30d3091.jpg,5.054473434e-10
341430859_4519802e8f.jpg,-5.633720925e-09
1937104503_313d22a2d0.jpg,-4.212336276e-09
2701271123_6761bc5f26.jpg,-4.743278284e-09
143552697_af27e9acf5.jpg,1.45647993e-09
3019199755_a984bc21b1.jpg,1.034402385e-08
2009636597_e3f4fe19fb.jpg,9.127170967e-10
3229898555_16877f5180.jpg,-4.311304528e-09
400851260_5911898657.jpg,-1.486523938e-09
3156991513_3bf03333d8.jpg,3.416169182e-10
3472703856_568d9778b5.jpg,-1.610127225e-09
1396703063_e8c3687afe.jpg,2.274166244e-09
1472230829_803818a383.jpg,-4.814857723e-10
1685463722_55843b6d3c.jpg,-4.886805127e-09
3248752274_96740ed073.jpg,1.471189107e-09
2256138896_3e24b0b28d.jpg,-2.510044918e-09
3530504007_3272c57e21.jpg,-3.596878482e-09
2875658507_c0d9ceae90.jpg,-2.541156221e-09
3102363657_dc95fe6850.jpg,-2.253436551e-10
2886411666_72d8b12ce4.jpg,-2.766893909e-09
2766854400_640e2abe08.jpg,-2.470494895e-09
276356412_dfa01c3c9e.jpg,-2.03535022e-09
3257207516_9d2bc0ea04.jpg,2.08936498e-09
416106657_cab2a107a5.jpg,1.63995881e-10
3001612175_53567ffb58.jpg,4.977105571e-09
404850242_3a55a4c874.jpg,6.141394684e-10
1227655020_b11a1bb112.jpg,4.765632967e-09
2546959333_23b957988f.jpg,-3.406444534e-09
244870123_dcb6e53643.jpg,-1.773818844e-09
2896483502_6f807bae9e.jpg,-7.500708848e-10
537532165_e4b7c0e61a.jpg,1.504770403e-09
530888330_a18343e38d.jpg,-3.888768714e-09
975131015_9acd25db9c.jpg,-2.972914894e-09
3293018193_e4e0c8db7c.jpg,-3.024942675e-09
2616284322_b13e7c344e.jpg,-3.818788061e-09
3477369101_8e0c61d8f4.jpg,3.668403739e-09
2172493537_128bc8b187.jpg,-4.351742945e-09
3340857141_85d97a7466.jpg,7.915240411e-09
3023178539_836b50cd43.jpg,-1.523466e-10
3608752424_01a1cfd8a6.jpg,-3.466834804e-10
2918880895_e61f74f2f0.jpg,-3.406487749e-10
2657663775_bc98bf67ac.jpg,1.248565513e-08
1536774449_e16b1b6382.jpg,-4.477552721e-09
1999444757_1b92efb590.jpg,-2.989457892e-11
1387443857_602ab6f9bf.jpg,-1.538481327e-09
2947274789_a1a35b33c3.jpg,1.480665433e-09
2286823363_7d554ea740.jpg,-1.85966993e-09
3630332976_fdba22c50b.jpg,2.804316048e-09
2990977776_1ec51c9281.jpg,2.941062379e-09
3532761259_14026c1e96.jpg,-2.575463518e-09
2219805467_370ee1b7aa.jpg,3.402606753e-11
3332248667_617606714b.jpg,-9.921319788e-10
543363241_74d8246fab.jpg,-1.900270504e-09
3115901702_f07aa0ef74.jpg,-8.320149293e-10
3486154327_8be7c78569.jpg,3.519243896e-09
2171154778_8189169336.jpg,4.813698055e-10
3523874798_9ba2fa46e3.jpg,2.352966941e-09
2090997177_76d482b158.jpg,-1.68949267e-09
2638369467_8fc251595b.jpg,-5.262956771e-09
3582066525_e9d6377f56.jpg,-5.013309428e-09
3671935691_57bdd0e778.jpg,2.594373452e-09
1406010299_5755339f08.jpg,-1.646997878e-09
2424398046_1a55c71376.jpg,-8.072114101e-10
3025495499_b15797b452.jpg,1.414888741e-09
2555535057_007501dae5.jpg,-7.084561295e-10
2355819665_39021ff642.jpg,1.22263868e-09
3348208268_6d97d951eb.jpg,-5.913142769e-10
551403320_dfdcf9fc3b.jpg,-2.923964985e-09
2579268572_d78f8436cb.jpg,-3.771060051e-10
2428751994_88a6808246.jpg,-4.280026786e-09
745880539_cd3f948837.jpg,4.136032452e-09
2394824046_51cec8e5e7.jpg,-1.404402917e-09
3164347907_2813f8ff0b.jpg,2.208909791e-09
2501595799_6316001e89.jpg,8.119567541e-10
1470061031_4cb59c12a8.jpg,2.3964499e-09
3649802021_8a689bc153.jpg,2.113868987e-09
3638577494_fe55f7b4cb.jpg,-3.678141793e-09
2940594396_20c40947b0.jpg,5.589734608e-09
197924859_f6e39a7dfa.jpg,-1.681902333e-09
2865703567_52de2444f2.jpg,1.132216245e-10
3758787457_1a903ee1e9.jpg,-6.799391136e-09
2666078276_f7b3056997.jpg,-2.267959935e-09
2737609659_efce872c24.jpg,5.462735193e-11
3131107810_7e9b96cddc.jpg,-5.153747364e-09
2279945145_8815c59217.jpg,-5.719989092e-09
241346434_0527ea1c07.jpg,-2.727775201e-09
543940240_a54a3c7989.jpg,7.360178609e-09
309771854_952aabe3cc.jpg,7.88221976e-09
2676015068_690b0fb2cd.jpg,3.180374136e-09
3425127583_611200619a.jpg,-3.163228607e-09
3122773470_b622205948.jpg,3.450773917e-10
3439128755_84409b8823.jpg,4.159140996e-09
2922222717_12195af92d.jpg,-6.384967053e-09
361092202_3d70144ebd.jpg,9.878444244e-09
3692892751_f6574e2700.jpg,-2.056698304e-09
439569646_c917f1bc78.jpg,3.409089173e-09
2856699493_65edef80a1.jpg,-1.006893695e-09
197107117_4b438b1872.jpg,5.635264289e-09
95728660_d47de66544.jpg,4.073485581e-10
2215136723_960edfea49.jpg,3.584940006e-09
2657643451_b9ddb0b58f.jpg,-3.6673884e-09
2815788792_d226215d10.jpg,-1.139464331e-09
512991147_dc48e6839c.jpg,-1.962760754e-09
332045444_583acaefc3.jpg,3.254897354e-09
3584406900_039f30b34c.jpg,6.710180201e-09
486300784_2cc7a770ff.jpg,-3.640234039e-09
2773682293_3b712e47ff.jpg,-2.200224177e-09
1355833561_9c43073eda.jpg,-5.575671421e-09
1481062342_d9e34366c4.jpg,-1.731903113e-09
688940111_325a74674a.jpg,4.26998457e-09
478754346_addb53893c.jpg,1.119010408e-08
2194286203_5dc620006a.jpg,2.001134998e-10
392976422_c8d0514bc3.jpg,-2.315702187e-09
2103361407_4ed4fc46bf.jpg,-3.876612115e-09
2525455265_f84ba72bd7.jpg,-1.598542635e-09
2938316391_97382d14aa.jpg,1.603600862e-09
3659769138_d907fd9647.jpg,2.062879419e-10
3455405300_aa3069ecaa.jpg,7.133460398e-09
3646970605_d25c25340b.jpg,-3.161673756e-09
3438858409_136345fa07.jpg,-4.89906977e-09
887108308_2da97f15ef.jpg,3.44860331e-09
3025334206_76888792e5.jpg,-5.159591186e-09
364213568_7f83e7d144.jpg,-1.335660434e-09
3198237818_cb5eb302f0.jpg,-1.82256262e-09
824782868_a8f532f3a6.jpg,-6.731155357e-09
3256603992_67312b5a36.jpg,9.698925674e-09
2589156742_c46bc82137.jpg,3.930270928e-09
2846785268_904c5fcf9f.jpg,-4.663881169e-09
3003612178_8230d65833.jpg,3.327828849e-09
619169586_0a13ee7c21.jpg,-4.605125037e-09
2021671653_567395c7cf.jpg,-3.028278328e-09
2043427251_83b746da8e.jpg,-1.752343003e-09
3625519177_4c2bb9e7f0.jpg,-9.328705892e-09
394463341_5311c53783.jpg,-4.570905233e-09
3344526059_4a097af285.jpg,4.0848859e-09
2378127945_8dc9da82d7.jpg,8.887513444e-09
3690425778_3b390b3ea5.jpg,5.588584392e-09
3470129475_9e58b6742c.jpg,2.289591817e-09
1388346434_524d0b6dfa.jpg,-3.835460418e-09
3334057289_68ece38a85.jpg,-4.713223422e-09
2182050469_1edac0bc60.jpg,3.042936719e-09
2399219552_bbba0a9a59.jpg,2.78438918e-09
2866254827_9a8f592017.jpg,-2.930559888e-10
3434452829_62cee280bc.jpg,-2.729776982e-09
2467853482_17009933e8.jpg,-3.511754003e-10
978580450_e862715aba.jpg,-1.146727546e-09
3435648640_b2f68efb78.jpg,-4.798064618e-10
3104909823_0f41dd8be6.jpg,6.456722149e-09
3336759846_5220e27deb.jpg,3.557149381e-10
491600485_26c52c8816.jpg,-2.586758131e-09
3613005134_bb7f304da1.jpg,-3.32400116e-09
1378557186_4bd1da6834.jpg,5.968517898e-10
551664516_78a5131dc4.jpg,3.240244767e-09
3725177385_62d5e13634.jpg,-3.517277852e-09
765091078_a8a11c6f9e.jpg,-3.171171161e-10
3046430047_d7b10123d0.jpg,3.27420586e-09
2483993827_243894a4f9.jpg,-2.736494472e-09
2125454445_5c5c4bf906.jpg,-4.059403671e-09
3219065971_702c4e8c34.jpg,-2.090333372e-09
1965278563_8279e408de.jpg,5.90930689e-09
439049388_3dcee2d30b.jpg,1.407928549e-09
3207358897_bfa61fa3c6.jpg,-1.190122764e-09
2090327868_9f99e2740d.jpg,-1.23761436e-08
195962284_e57178054a.jpg,-1.169547446e-08
2854207034_1f00555703.jpg,7.694193478e-11
2592019072_a6c0090da4.jpg,-2.303123707e-10
483039719_75181b2726.jpg,5.822466455e-09
2613920405_e91e6ebd7a.jpg,-1.069687532e-09
905355838_3a43fdfd4e.jpg,-6.751152591e-09
3638459638_ec74e3ff89.jpg,6.520594267e-10
3381788544_2c50e139dd.jpg,2.606649441e-09
3252985078_c4ee2aca4e.jpg,7.322541595e-10
3563673070_71fa0903ed.jpg,-1.50446218e-09
3708839890_ed448012cf.jpg,1.179704828e-09
2661567396_cbe4c2e5be.jpg,-3.432634326e-09
3321063116_4e5deeac83.jpg,2.666026907e-09
1897025969_0c41688fa6.jpg,5.928695795e-09
516214924_c2a4364cb3.jpg,-1.655386091e-09
3110649716_c17e14670e.jpg,-4.032915491e-09
524310507_51220580de.jpg,3.918544612e-09
3474265683_43b1033d94.jpg,-1.252063129e-09
2384401298_e389c01abc.jpg,1.215027363e-09
3705976184_53ae07e898.jpg,-7.298898773e-10
2243904502_2d265fed80.jpg,1.184246085e-09
1122944218_8eb3607403.jpg,2.816236061e-10
95734035_84732a92c1.jpg,8.296640494e-09
1814391289_83a1eb71d3.jpg,-2.191198012e-09
3342487512_fd33971dea.jpg,-1.855679467e-09
1562392511_522a26063b.jpg,-1.592742193e-09
86542183_5e312ae4d4.jpg,-2.433393852e-09
3301021288_95935b7a74.jpg,2.246446588e-09
3245070961_8977fdd548.jpg,1.178635659e-09
3181322965_ce9da15271.jpg,-6.464298975e-12
1561658940_a947f2446a.jpg,2.172303886e-09
2021602343_03023e1fd1.jpg,2.822520604e-10
2978735290_7464b12270.jpg,-5.936481634e-09
3371266735_43150bce52.jpg,7.924996837e-10
1163282319_b729b24c46.jpg,-5.579419256e-09
3115174046_9e96b9ce47.jpg,-1.023312844e-10
3500342526_393c739e2f.jpg,-1.65686326e-09
3357416302_fcfcdd7b86.jpg,1.640855605e-09
3081363964_d404eccae8.jpg,7.305556674e-09
2113530024_5bc6a90e42.jpg,-1.345469882e-09
3191805046_77c334b506.jpg,1.872252787e-09
3443351431_7b4061df5c.jpg,5.229493775e-09
3484649669_7bfe62080b.jpg,2.611032801e-09
3487979741_5f244c0c4b.jpg,-4.849666492e-09
3039214579_43ef79f931.jpg,2.586708141e-09
2449552677_ee78f01bae.jpg,-1.660493899e-09
2527303359_6c3dc3f282.jpg,-3.993992265e-09
3035785330_2fd5e32bb1.jpg,-2.724025037e-09
3423509305_e399d005db.jpg,-1.139014352e-10
578644583_da3ff18dd1.jpg,4.834583418e-09
3443853670_6c79fcfcb2.jpg,-6.536123247e-09
3342272425_804316cb3d.jpg,6.71695277e-09
1429723917_6af585e4c0.jpg,2.653497533e-09
2934801096_230ae78d7e.jpg,4.364793633e-09
2567035103_3511020c8f.jpg,-4.775874427e-09
427683329_95d510a087.jpg,2.618280155e-11
1425069308_488e5fcf9d.jpg,5.071429415e-09
2206600240_f65df56a09.jpg,-3.674549249e-09
755326139_ee344ece7b.jpg,-6.034977921e-10
418357172_bdddf71d32.jpg,2.36246304e-09
1676601498_7d59327523.jpg,4.749227559e-09
3322200641_c2e51ff37b.jpg,8.501791088e-09
2596619849_7b635dd310.jpg,-3.441386083e-10
2380740486_8cd5d4601a.jpg,6.218285255e-09
439037721_cdf1fc7358.jpg,6.928121944e-09
447722389_4b51b7e13d.jpg,1.076520949e-09
3597354819_0069aaf16e.jpg,-4.275059042e-10
2366421102_2d60d53a0e.jpg,1.059206379e-09
3374722123_6fe6fef449.jpg,4.412352012e-09
3728164558_52729baefa.jpg,-1.00634597e-08
3425061393_d093edb8da.jpg,-1.94812586e-09
3449170348_34dac4a380.jpg,2.462968023e-09
1787222774_d5c68cce53.jpg,1.318034142e-09
3616846215_d61881b60f.jpg,1.852725213e-09
2060031241_a3ae7a06bb.jpg,-3.269251874e-10
3628698119_5566769777.jpg,4.356948082e-09
3315353266_70f0bbb1c3.jpg,1.352979536e-09
488590040_35a3e96c89.jpg,-1.047163871e-08
3085973779_29f44fbdaa.jpg,8.27175057e-09
377872472_35805fc143.jpg,4.633404821e-09
463978865_c87c6ca84c.jpg,-5.023637978e-09
3249891130_b241591e89.jpg,-3.510096003e-09
2954584849_3c2899f319.jpg,2.566636059e-09
2308978137_bfe776d541.jpg,2.581779338e-09
3596959859_a7cb1e194b.jpg,2.261068176e-09
3647826834_dc63e21bd0.jpg,7.313127336e-11
2058124718_89822bc96e.jpg,-5.215446477e-09
3356284586_21c6f155a5.jpg,1.68175094e-09
2629294578_853a08bb43.jpg,-2.959144301e-09
2186139563_e60c1d4b8b.jpg,6.595050478e-09
2445654384_4ee3e486e1.jpg,2.228557702e-09
3351111378_b5d80783a1.jpg,6.050996068e-09
3585117340_73e96b6173.jpg,-2.144242384e-09
2710280476_dcccb8745a.jpg,1.553183501e-09
3718964174_cb2dc1615e.jpg,6.343390498e-09
2754271176_4a2cda8c15.jpg,4.595456138e-09
3134586018_ae03ba20a0.jpg,4.930379246e-09
1626754053_81126b67b6.jpg,-1.006769893e-09
3359530430_249f51972c.jpg,9.097223496e-09
3604384157_99241be16e.jpg,-7.541782148e-09
2160266952_a2ab39191b.jpg,3.748809192e-10
3461049169_e068ae4f25.jpg,-5.709056271e-09
2695085632_10c4e6ea78.jpg,2.333113534e-09
575636303_b0b8fd4eee.jpg,-2.187777455e-09
3284899112_f11ab3cfe6.jpg,1.05795304e-09
1093737381_b313cd49ff.jpg,-3.558957914e-09
3544483327_830349e7bc.jpg,-1.621355522e-09
2992999413_018f48aabc.jpg,-1.903495912e-09
1813266419_08bf66fe98.jpg,3.561968016e-09
424379231_23f1ade134.jpg,4.735649828e-09
3176278670_195eea071c.jpg,-1.491950712e-09
2967630001_cdc5560c0b.jpg,-6.090527207e-09
353180303_6a24179c50.jpg,4.321202804e-09
2875583266_4da13ae12d.jpg,3.048386363e-09
3679707139_1cc1e71237.jpg,9.605748872e-11
3565598162_56044bc2f7.jpg,-8.267583116e-09
2882589788_cb0b407a8d.jpg,2.857967351e-09
3060969260_08f43e4f4f.jpg,8.464659479e-09
2922981282_203f04bf9b.jpg,-5.50612204e-09
3336808362_c17837afd8.jpg,-2.881162369e-09
312156254_ef31dca5ed.jpg,1.135739745e-09
3356748019_2251399314.jpg,7.418575854e-09
3576741633_671340544c.jpg,1.940803743e-09
3330654550_3efe9a71af.jpg,4.10494718e-09
3516285214_59823b341e.jpg,-5.890787479e-09
2322601965_748d59dc57.jpg,2.905603221e-09
2346402952_e47d0065b6.jpg,6.127532254e-09
1732217138_aa0199ef87.jpg,-2.950211771e-09
3189293145_35dea42679.jpg,-3.594503249e-09
488408004_a1e26d4886.jpg,-2.33945556e-10
497579819_f91b26f7d3.jpg,-2.07460542e-09
3424934891_69f18da66e.jpg,-6.964032986e-09
3053813297_7ce5f87710.jpg,1.082493836e-08
747921928_48eb02aab2.jpg,-5.333410561e-09
3584534971_b44f82c4b9.jpg,8.571126403e-12
1773928579_5664a810dc.jpg,-1.315686582e-09
2539933563_17ff0758c7.jpg,-3.894274869e-09
3009035153_715e39b440.jpg,-1.708264506e-10
3619416477_9d18580a14.jpg,-3.38351624e-09
2568656919_6e49d2a82b.jpg,-1.396346585e-09
2204777844_1bcf26bf84.jpg,-6.909411847e-10
436608339_f1d1298770.jpg,-3.341989424e-09
3669069522_555c97fbfb.jpg,2.373778028e-09
2584020755_14e2b3e8fc.jpg,1.307013068e-09
444845904_a4531c811a.jpg,-2.148767056e-09
186348874_75b2cf1ec5.jpg,-6.46323949e-09
2862481071_86c65d46fa.jpg,-3.167040924e-09
3109704348_c6416244ce.jpg,-7.866028835e-09
368212336_bc19b0bb72.jpg,-4.961239279e-09
735787579_617b047319.jpg,9.203506417e-10
3304511635_113beaf458.jpg,3.620895617e-09
3519815055_304dc8e8d6.jpg,-5.011117283e-09
1404832008_68e432665b.jpg,-1.771343581e-09
1252787177_4b08625897.jpg,2.598167064e-09
3333675897_0043f992d3.jpg,6.501009903e-09
3176968956_d942a93513.jpg,-5.246324673e-11
2519594430_551225e5bd.jpg,2.750654159e-09
403678611_73978faed7.jpg,1.71760774e-09
3458215674_2aa5e64643.jpg,-2.574996502e-09
3355827928_c96c0c3e88.jpg,3.224770339e-09
3376435746_1593d9b243.jpg,8.490196276e-10
3265209567_b3b9c8e0fe.jpg,-8.914374591e-09
418796494_bdb441de42.jpg,-6.069877105e-09
3216762979_813c45a8ec.jpg,2.675717269e-09
3639967449_137f48b43d.jpg,1.040605505e-08
3335501468_628655d608.jpg,-4.329379332e-09
766099402_cdda6964f0.jpg,5.733779837e-09
3195701071_81879257f5.jpg,1.889403082e-09
3498354674_b636c7992f.jpg,1.460380219e-09
405051459_3b3a3ba5b3.jpg,3.622520232e-09
3405759441_fb31c80240.jpg,-4.17176101e-09
3492734013_e6b177ed99.jpg,3.345651205e-09
2224995194_518859d97d.jpg,-1.360846944e-09
2269961438_cae7a9c725.jpg,8.095868322e-09
3293945284_6a04e477a9.jpg,1.723453205e-09
2057305043_952b8dc82c.jpg,4.150316006e-09
3256274183_4eab3b2322.jpg,-7.75640421e-09
640409060_6af18fdd54.jpg,5.030663182e-09
2857609295_16aaa85293.jpg,4.784453976e-09
3479245321_6a5bc470f8.jpg,-4.599146754e-09
3482787182_a5c6d4b386.jpg,-2.797038719e-09
263854883_0f320c1562.jpg,1.608402698e-09
3084034954_fe5737197d.jpg,-2.513650744e-09
2911107495_e3cec16a24.jpg,7.475009152e-10
2273105617_7c73d2d2d3.jpg,-6.52699484e-09
2772084628_c0ae29d87a.jpg,5.67690631e-10
3663951804_868982f3f9.jpg,-4.461311792e-09
437404867_209625774d.jpg,2.969298974e-09
3376014640_ff5b00769f.jpg,1.410449344e-10
771366843_a66304161b.jpg,2.750507621e-09
3084011028_d1e2c40d7d.jpg,-2.366676354e-09
2157003092_eaeb977789.jpg,2.729241662e-09
3504940491_94c43792ed.jpg,3.261238347e-09
2993049054_611f900644.jpg,5.418759499e-09
2544182005_3aa1332bf9.jpg,-8.187835009e-10
2924884899_f512c84332.jpg,4.260281755e-09
2090386465_b6ebb7df2c.jpg,3.418689555e-09
127450902_533ceeddfc.jpg,-1.891509089e-09
3234401637_84e0d14414.jpg,-4.145677309e-11
1429546659_44cb09cbe2.jpg,2.817866502e-09
2564663851_3a9832e4fc.jpg,-1.032370475e-09
3554634863_5f6f616639.jpg,-5.721902286e-09
2929006980_9f9f8f3d21.jpg,3.85632018e-09
3425835357_204e620a66.jpg,-1.372082407e-09
2075493556_b763648389.jpg,7.622602253e-10
3556390715_65c6d1e88b.jpg,5.326556252e-09
3590654365_fd4819f48b.jpg,-3.568961632e-09
265528702_8653eab9fa.jpg,-1.920436799e-09
3551787566_b5ebbe2440.jpg,5.011139794e-09
2736902411_a0010f89ae.jpg,3.103803594e-09
3413669228_ec64efeb34.jpg,-1.061572996e-10
3700346840_bb80d622f7.jpg,2.237012192e-10
3036641436_d6594fc45f.jpg,-6.687772188e-09
2974501005_346f74e5d8.jpg,-3.000707114e-09
2599444370_9e40103027.jpg,-1.90165312e-09
3187096035_65dc416291.jpg,3.568022198e-10
2543679402_9359e1ee4e.jpg,1.239169295e-09
1245022983_fb329886dd.jpg,5.507854598e-09
3472066410_065b4f99d3.jpg,3.670132552e-09
3016741474_72b4355198.jpg,-3.093538062e-09
1802092493_7b44fdb6b9.jpg,8.915789949e-09
2181724497_dbb7fcb0a9.jpg,6.298661646e-09
3539840291_1c3eed701d.jpg,1.29994695e-09
3264464625_c711cc40c6.jpg,3.730090611e-09
447733067_09cfac3286.jpg,-1.358661117e-09
3201594926_cd2009eb13.jpg,-3.590990526e-09
289599470_cc665e2dfb.jpg,-4.231231341e-09
3656030945_fa003bd696.jpg,1.408467744e-09
979383193_0a542a059d.jpg,-9.192086765e-09
3155400369_69e3d6d70f.jpg,4.648895338e-09
3043685748_130db75e3b.jpg,-5.368033405e-10
2072574835_febf0c5fb9.jpg,-4.415901688e-09
300314926_0b2e4b64f5.jpg,-5.31054489e-09
3530087422_7eb2b2c289.jpg,3.33408448e-09
293327462_20dee0de56.jpg,-4.439031747e-09
750196276_c3258c6f1b.jpg,1.980757771e-09
2619454551_c4bb726a85.jpg,2.111738558e-09
300148649_72f7f0399c.jpg,1.539497107e-09
894928353_002a3d5f06.jpg,1.545627936e-09
2917057791_3d68a055ca.jpg,7.114185607e-09
366713533_bd6d48cf02.jpg,-5.751148744e-09
3398746625_5199beea71.jpg,-5.65365111e-09
3191135894_2b4bdabb6d.jpg,1.004919648e-08
2973269132_252bfd0160.jpg,3.185301472e-09
3315616181_15dd137e27.jpg,5.618483629e-09
1251558317_4ef844b775.jpg,2.214335468e-09
1932314876_9cc46fd054.jpg,-5.753290658e-09
366548880_3d3e914746.jpg,-3.684489274e-09
3448855727_f16dea7b03.jpg,8.694343318e-09
3025315215_a5d367971a.jpg,-5.429555238e-09
3017203816_5dc2a6b392.jpg,-6.345724363e-09
2707933554_f6dc5e0e3c.jpg,-8.271724949e-11
2516317118_10ae66b87a.jpg,4.151096299e-09
2426215757_e008a91fcb.jpg,-2.175185882e-09
2806710650_e201acd913.jpg,2.013765358e-09
3319338707_892ae2a660.jpg,-1.825161052e-10
3681651647_08eba60f89.jpg,-5.415437991e-10
1461653394_8ab96aae63.jpg,-7.41020221e-09
3216085740_699c2ce1ae.jpg,-1.47786187e-09
3582914739_bef2828a06.jpg,5.249069694e-10
256958382_b9006bfc5b.jpg,-2.494018605e-10
3466891862_9afde75568.jpg,4.223904828e-09
1022454332_6af2c1449a.jpg,-4.814152463e-09
2375924666_fee50f1cba.jpg,-6.021963026e-09
2975807155_5a8610c297.jpg,8.560368373e-09
2918653119_f535fc25c4.jpg,-3.586154359e-10
3432586199_e50b0d6cb7.jpg,-3.336536968e-09
3090386315_87ed417814.jpg,-3.053705919e-09
2970461648_fe14ba0359.jpg,6.53470179e-11
3474985112_24ef46e82d.jpg,-2.898326502e-09
2715155329_1ed1756000.jpg,-3.256270114e-09
2981372647_2061278c60.jpg,-5.938069588e-10
3199645963_a681fe04f8.jpg,-2.755044098e-10
3361882891_6e610ffdbb.jpg,-4.918284896e-09
370442541_60d93ecd13.jpg,1.991932649e-10
1482960952_95f2d419cb.jpg,5.428566615e-10
1198194316_543cc7b945.jpg,2.073929851e-09
2136992638_098d62a3c5.jpg,5.953283344e-10
2831672255_d779807c14.jpg,-5.227412247e-09
3133403457_95dfe11da1.jpg,-5.366966954e-09
2270483627_16fe41b063.jpg,3.067390194e-10
2830880811_d7f66dd2cf.jpg,2.296423569e-09
3028969146_26929ae0e8.jpg,5.453692089e-09
3435015880_eda46ff50f.jpg,-1.435466154e-10
3210457502_c6030ce567.jpg,-3.148494964e-09
3246804978_ea2c9e56f2.jpg,8.41105337e-09
544301311_5e7d69a517.jpg,1.34908312e-10
3405113041_4b72c24801.jpg,-1.700236518e-10
3494345896_dd6b32cfa3.jpg,5.235098195e-09
3697153626_90fb177731.jpg,-2.407216875e-09
2942094037_f6b36fd3db.jpg,1.183085698e-08
3688839836_ba5e4c24fc.jpg,-2.089392436e-09
1234293791_6566284bcd.jpg,3.648518501e-09
2998024845_1529c11694.jpg,-1.59696323e-09
3514179514_cbc3371b92.jpg,-1.321254922e-09
2877637572_641cd29901.jpg,2.770134965e-09
3336211088_4c294a870b.jpg,-2.361396182e-09
453756106_711c20471a.jpg,5.216171683e-09
3116039960_54d1d68145.jpg,-5.848873199e-10
3634828052_3b6aeda7d6.jpg,3.848209421e-09
1384292980_4022a7520c.jpg,-1.482367041e-09
2747640247_b54bfa6886.jpg,9.59593587e-10
2784625888_71a421e171.jpg,-1.761124898e-09
2059616165_b7c99c1009.jpg,-4.98392555e-09
2232518012_8cb0bbc43b.jpg,-6.251280113e-09
3079787482_0757e9d167.jpg,-7.940853801e-09
531197115_2be4d5034b.jpg,2.664858274e-09
2194797921_96af7a9467.jpg,-2.296477188e-09
3211210739_3dea005fde.jpg,5.609494205e-09
229951087_4c20600c32.jpg,1.002772789e-09
3582814058_564776f26c.jpg,1.491759224e-09
241347547_902725b9f8.jpg,7.829151118e-09
265223843_9ef21e1872.jpg,-9.08218505e-09
3576840040_9356b5b10a.jpg,1.454256897e-10
2170187328_65c2f11891.jpg,-6.221804991e-09
374104006_7f32c8c5de.jpg,-2.420688905e-09
3391209042_d2de8a8978.jpg,4.820587711e-09
3073579130_7c95d16a7f.jpg,-2.339687962e-09
3153828367_5fc2c37c07.jpg,4.181157668e-09
2664102751_d5a737a566.jpg,4.158359959e-09
799431781_65dc312afc.jpg,6.352366003e-09
3403370354_5d266873b4.jpg,2.997542214e-09
2107838729_a527e434bd.jpg,-2.529936351e-09
3458625738_297857369c.jpg,-3.218465244e-09
2102724238_3cf921d7bb.jpg,5.650952943e-09
2606433181_f8f9d38579.jpg,5.073969282e-09
2062607137_dac194ad02.jpg,-5.225187283e-09
3108544687_c7115823f5.jpg,-6.583277498e-10
2870875612_2cbb9e4a3c.jpg,-3.508044268e-10
2479652566_8f9fac8af5.jpg,-8.53892687e-10
2508313118_524e93d48c.jpg,3.282339306e-09
2271468944_3264d29208.jpg,-3.166522177e-09
2538477523_1da77eb11c.jpg,8.513597737e-09
2872806249_00bea3c4e7.jpg,4.736559353e-10
3506216254_04d119cac7.jpg,2.549497669e-09
1020651753_06077ec457.jpg,-8.513377153e-09
3582920844_2742804f3d.jpg,-6.969499547e-09
3726590391_bc6e729bb6.jpg,6.648264555e-09
1574401950_6bedc0d29b.jpg,6.058681863e-09
409327234_7b29eecb4e.jpg,5.753242044e-09
2540326842_bb26cec999.jpg,4.185381801e-09
3467073304_aefe553c4d.jpg,1.017553091e-08
522700240_d9af45e60d.jpg,6.633162233e-09
3595408539_a7d8aabc24.jpg,-2.096997123e-09
3601803640_5f3cb05acf.jpg,-6.880809465e-09
3397803103_8a46d716f4.jpg,-5.424229082e-09
1440024115_129212c988.jpg,6.133966415e-09
1032122270_ea6f0beedb.jpg,-3.247940786e-09
2581066814_179d28f306.jpg,-5.061549698e-10
2406591500_403f145905.jpg,1.433642834e-09
2274992140_bb9e868bb8.jpg,-2.757491092e-09
3475111806_f0d2927707.jpg,2.553493109e-09
3634032601_2236676cdd.jpg,4.054650283e-09
2250870111_8402d2319d.jpg,2.586782915e-09
1473250020_dc829a090f.jpg,4.511053901e-09
3130064588_6d1d3fa2dd.jpg,6.130525288e-09
1478606153_a7163bf899.jpg,4.218700555e-09
2302516347_26054442f9.jpg,2.015558414e-09
3461041826_0e24cdf597.jpg,-2.317182423e-09
3259229498_2b5708c0c6.jpg,-6.811439555e-11
3217893350_57be430d06.jpg,-5.90622145e-11
2098418613_85a0c9afea.jpg,-2.257362313e-09
160792599_6a7ec52516.jpg,8.791289876e-09
2100046085_69b59b6645.jpg,-1.93630589e-09
2629334536_11f2d49e05.jpg,3.564901069e-09
407008823_bdd7fc6ed5.jpg,6.318665548e-09
509123893_07b8ea82a9.jpg,3.649704402e-09
326585030_e1dcca2562.jpg,1.242395451e-09
270816949_ffad112278.jpg,4.883415209e-09
3375070563_3c290a7991.jpg,2.769200847e-09
3613375729_d0b3c41556.jpg,-2.685751382e-10
244399048_8332bb3270.jpg,1.254293259e-09
3165936115_cb4017d94e.jpg,-3.661244947e-09
3031263767_2e3856130e.jpg,1.165586894e-09
3665569615_9a71c4b6e4.jpg,3.646897536e-09
661757041_61e131e913.jpg,-1.694494225e-09
3442272060_f9155194c2.jpg,-2.42824252e-09
3514184232_b336414040.jpg,-1.618239889e-08
1187435567_18173c148b.jpg,5.66680394e-09
3147913471_322ea231d9.jpg,2.894086866e-09
1784309115_0ad6791146.jpg,5.808453274e-09
2714699748_c9270dd5aa.jpg,3.658203159e-09
3262301835_9f1a49b80a.jpg,-5.019487941e-09
3331525712_af1dcc47f2.jpg,-3.636369121e-09
2402744031_11f9f2f2b8.jpg,9.116330395e-10
3572144280_ea42bbd927.jpg,-1.226199862e-09
2739331794_4ae78f69a0.jpg,-2.244747625e-09
3245912109_fdeef6b456.jpg,-2.858729825e-10
3518675890_2f65e23ff9.jpg,-3.970639479e-09
3458379941_657182bb09.jpg,-1.39996764e-09
2428086758_bce4733f7e.jpg,3.287091804e-09
1794818900_e0ffdd268e.jpg,3.112069341e-09
1386251841_5f384a0fea.jpg,-6.311010521e-09
1121416483_c7902d0d49.jpg,7.881069361e-09
247097023_e656d5854d.jpg,-7.138207605e-09
2431120202_b24fe2333a.jpg,1.871620351e-09
2909609550_070eea49b5.jpg,5.659278881e-09
2635908229_b9fc90d3fb.jpg,-3.350235151e-09
3544803461_a418ca611e.jpg,-5.160789206e-09
3214100656_80cda1b86b.jpg,7.34558286e-09
3703960010_1e4c922a25.jpg,-9.759643707e-10
2317714088_bcd081f926.jpg,-4.424457871e-09
3298175192_bbef524ddc.jpg,4.515102531e-09
3353950389_1153d5e452.jpg,2.369351995e-09
3705430840_e108de78bf.jpg,-3.824042517e-09
3427023324_f1f6504bf4.jpg,-2.852476774e-09
3084010872_cbc3ea8239.jpg,-1.749314254e-09
2498897831_0bbb5d5b51.jpg,-1.673147081e-09
3636418958_f038130bb2.jpg,3.32727942e-09
584484388_0eeb36d03d.jpg,3.812490544e-09
3666574371_317b008d2a.jpg,-6.838642374e-09
3254645823_a7c072481c.jpg,-3.386731027e-09
2687529141_edee32649e.jpg,4.008829577e-09
540604040_bec822c144.jpg,-7.62047207e-09
3280052365_c4644bf0a5.jpg,-4.163949034e-09
2295750198_6d152d7ceb.jpg,-8.806716712e-09
530950375_eea665583f.jpg,-6.875667346e-09
251958970_fa6b423f23.jpg,4.100972141e-09
1459250022_bf1eddad11.jpg,-5.99350087e-10
2596514158_c516e57974.jpg,-2.641284695e-09
3192311620_99bda27fbd.jpg,1.336372545e-09
244760301_5809214866.jpg,5.966549554e-11
2923475135_a6b6e13d26.jpg,3.641973431e-09
3177799416_5bd0382370.jpg,1.255528724e-09
2507182524_7e83c6de82.jpg,1.571799761e-09
2370481277_a3085614c9.jpg,-1.646257833e-09
2141713971_e25eb12712.jpg,1.368478216e-09
2883907436_82bf4a36b8.jpg,5.44976417e-09
498444334_a680d318a1.jpg,1.697089392e-09
222759342_98294380fc.jpg,8.278582471e-11
3502343542_f9b46688e5.jpg,-1.365832914e-09
2721656220_5f4cda8bc1.jpg,-3.613283701e-09
424869823_7aec015d87.jpg,-5.74055529e-09
3148811252_2fa9490a04.jpg,8.73761693e-10
3415287719_3c776f370e.jpg,-1.10706934e-09
2444134813_20895c640c.jpg,-3.526789158e-09
2260560631_09093be4c6.jpg,-9.053810532e-09
3396153660_f729d9f9b9.jpg,2.874324457e-09
3432634159_1eb9a73306.jpg,-9.562991231e-10
751737218_b89839a311.jpg,-2.975316791e-09
3078229723_2aa52600de.jpg,1.405606337e-08
470887785_e0b1241d94.jpg,-5.506917245e-09
3615239961_62b4dbc174.jpg,4.736872863e-10
3125158798_0743dae56e.jpg,-7.707121071e-09
468608014_09fd20eb9b.jpg,-1.862408783e-09
109738916_236dc456ac.jpg,-2.415608534e-09
2852982055_8112d0964f.jpg,1.104049955e-10
2367317953_503317493e.jpg,1.442736947e-09
3206058778_7053ee6b52.jpg,-4.022359295e-09
3667908724_65c7d112f2.jpg,-4.986199508e-09
519061891_320061864e.jpg,-1.868167476e-09
3271468462_701eb88d3b.jpg,4.648921832e-09
2199083344_3aa77f4879.jpg,-3.355795459e-09
3621741935_54d243f25f.jpg,-2.307617439e-10
2087317114_cf06df5aa5.jpg,5.146949964e-09
3238654429_d899e34287.jpg,-2.832454317e-09
2268596214_ca532f5c63.jpg,-7.256845632e-09
3564312955_716e86c48b.jpg,-9.719447759e-09
1714316707_8bbaa2a2ba.jpg,-6.112695338e-11
109260216_85b0be5378.jpg,-1.298749613e-09
2872197070_4e97c3ccfa.jpg,1.608939151e-09
747242766_afdc9cb2ba.jpg,-1.267790747e-09
191003287_2915c11d8e.jpg,-4.064592527e-09
399246804_b4b5dc70e1.jpg,1.063800205e-09
3259222690_69737f2a6e.jpg,-5.633593853e-09
2543017787_9720b4fa1c.jpg,-1.326616866e-09
417577408_eb571658c1.jpg,-8.258722411e-09
832128857_1390386ea6.jpg,1.780573047e-09
3443161359_65544fd732.jpg,1.332696028e-09
3322389758_394c990b6a.jpg,2.762435968e-09
269361490_a22ae818bf.jpg,-2.237253944e-09
3421131122_2e4bde661e.jpg,1.489930363e-09
989754491_7e53fb4586.jpg,-5.637339204e-09
3174726084_c108de0a64.jpg,3.14390895e-09
3745451546_fc8ec70cbd.jpg,-6.547165861e-09
2374247382_023a86b9ca.jpg,-6.576405437e-09
246231741_882b45c4e1.jpg,-4.545569643e-09
2887798667_ce761d45e8.jpg,1.742547644e-09
425706089_f138118e12.jpg,7.777819887e-10
3320756943_9d004f9824.jpg,8.964320837e-09
255091930_aa2b5c0eb9.jpg,-2.54893632e-09
2226534154_cbcab7ba32.jpg,-1.476500756e-09
3694064560_467683205b.jpg,-1.262462987e-09
3201666946_04fe837aff.jpg,-7.292937334e-10
1799271536_6e69c8f1dc.jpg,-4.621640836e-09
2426724282_237bca30b5.jpg,-1.643927446e-09
526955751_f519d62b58.jpg,4.41430088e-09
3089742441_d42531c14f.jpg,5.079767295e-10
3520869880_2e8b7d7842.jpg,-1.848471382e-09
3244747165_17028936e0.jpg,-4.640347849e-09
2644430445_47c985a2ee.jpg,2.906608509e-09
3526150930_580908dab6.jpg,2.121626372e-09
3713882697_6dd30c7505.jpg,-2.34732993e-09
3266306177_7994dc2865.jpg,-4.597658877e-10
2883099128_0b056eed9e.jpg,4.481858736e-10
2812125355_5e11a76533.jpg,6.588876133e-09
3607489370_92683861f7.jpg,1.231641945e-09
2399551242_c62a46dd5f.jpg,6.026021502e-09
2199250692_a16b0c2ae1.jpg,3.76573668e-09
275002371_5b200e6a92.jpg,-2.542209568e-09
3169777863_d745865784.jpg,-7.549962499e-10
3604391853_b4809fcb8c.jpg,-2.21378614e-09
3518443604_6da641f07d.jpg,2.761907994e-09
3045613316_4e88862836.jpg,-7.514975181e-09
442220883_ff3d6e507f.jpg,-2.446326334e-09
2193980605_4221c6474d.jpg,6.205777865e-10
302241178_a582c1b953.jpg,4.48498243e-09
514990193_2d2422af2c.jpg,1.895199883e-09
2065875490_a46b58c12b.jpg,-1.448064651e-09
3061481868_d1e00b1f2e.jpg,3.59667061e-09
3157847991_463e006a28.jpg,3.627193383e-09
3497485793_e36c1d2779.jpg,8.781991975e-10
798343627_7492fe0c12.jpg,-2.92362802e-11
2417745327_a2c2705043.jpg,6.864634995e-09
2815755985_0fa55544c0.jpg,1.051995339e-08
3593222804_c187808ac3.jpg,7.799156315e-09
2586911841_41b7a48c91.jpg,-8.45369419e-09
498794783_cc2ac62b47.jpg,-6.263622283e-10
1094462889_f9966dafa6.jpg,1.118858122e-10
225699652_53f6fb33cd.jpg,-1.064671567e-09
1876536922_8fdf8d7028.jpg,-4.405879909e-09
1144288288_e5c9558b6a.jpg,-6.659827447e-09
1396064003_3fd949c9dd.jpg,3.760848456e-09
1904112245_549e47c8aa.jpg,1.814372564e-09
2860400846_2c1026a573.jpg,-1.451600809e-09
2877424957_9beb1dc49a.jpg,-2.994434916e-09
743571049_68080e8751.jpg,-9.32109542e-11
689776124_07f560a920.jpg,-4.776240463e-09
2209496328_2a34fd201d.jpg,-1.459869141e-09
3229821595_77ace81c6b.jpg,1.320634105e-08
3098824948_23c31df031.jpg,2.022474671e-09
240583223_e26e17ee96.jpg,5.2600263e-09
3325578605_afa7f662ec.jpg,-1.665653663e-09
2569643552_23696a9ba5.jpg,-7.638515246e-09
2706766641_a9df81969d.jpg,-2.379475022e-09
2280525192_81911f2b00.jpg,7.46408682e-09
1131155939_b4b457b05e.jpg,1.309680615e-09
319938879_daf0857f91.jpg,-2.872479891e-09
3559429170_3183c404b9.jpg,-1.941646232e-09
205682549_713aa6cd88.jpg,-2.906497642e-09
1572532018_64c030c974.jpg,-1.783008094e-11
390360326_26f5936189.jpg,-3.520711985e-09
441212506_fcc321ac28.jpg,-1.7605007e-10
1398873613_7e3174dd6c.jpg,-4.51577435e-09
1989145280_3b54452188.jpg,-3.967628233e-09
2831656774_36982aafdb.jpg,5.61584094e-09
539750844_02a07ec524.jpg,1.627699884e-09
3364026240_645d533fda.jpg,-2.266296228e-09
283428775_a3665bee7c.jpg,-1.435911013e-09
211295363_49010ca38d.jpg,1.334593494e-09
2911238432_33ec2d8cec.jpg,-5.170416763e-09
2696951725_e0ae54f6da.jpg,-4.234224077e-10
254901702_67ada9867c.jpg,-3.099597075e-09
3582465732_78f77f34ae.jpg,-4.266678389e-09
2446315531_7c9704eec0.jpg,-4.658169795e-09
241346508_0b3907a95b.jpg,3.840808529e-09
3187924573_203223e6c0.jpg,5.664331089e-09
2301867590_98c0ecb0cb.jpg,5.553814499e-09
2855727603_e917ded363.jpg,-5.897736468e-09
2573667207_a1bf49befc.jpg,1.296080042e-09
693785581_68bec8312a.jpg,8.837041658e-09
47871819_db55ac4699.jpg,4.809552748e-09
3565749152_7924d15b04.jpg,1.033969658e-09
3389321512_b11f499dab.jpg,1.820285961e-09
236476706_175081ce18.jpg,-3.874287852e-09
3134385454_4f1d55333f.jpg,-3.046172771e-09
3146355833_1b7fc80210.jpg,2.776013639e-09
3556485995_9cd40269e9.jpg,1.660900351e-09
3392019836_c7aeebca1c.jpg,-2.499623039e-09
1895768965_43cd9d164f.jpg,4.077173492e-09
1075867198_27ca2e7efe.jpg,1.445074702e-09
3562001359_65c63aeda3.jpg,-2.613862255e-09
3623331945_df0f51d7dd.jpg,5.249302256e-09
1370615506_2b96105ca3.jpg,4.699755835e-09
3041384194_04316bd416.jpg,-1.900554007e-09
3243020805_2bafc36c45.jpg,4.669248433e-09
3170897628_3054087f8c.jpg,-5.072383678e-09
3036033157_522a43a550.jpg,-1.390493784e-09
3713922357_e0a013fb97.jpg,-7.00473101e-09
3398745929_8cd3bbb8a8.jpg,5.198475447e-09
2773400732_5b65a25857.jpg,3.60032934e-09
476233374_e1396998ef.jpg,5.362340176e-10
314685044_da4390728e.jpg,3.463268399e-09
2607130765_97833d6ce1.jpg,1.185013904e-10
2533076864_d799996433.jpg,-2.562013339e-09
3328397409_092de2bd32.jpg,2.788953534e-09
3225025519_c089c14559.jpg,-5.654801551e-09
3542425197_2ef81c6051.jpg,-3.958417913e-09
576075451_5e0f6facb3.jpg,-3.461855945e-09
2051194177_fbeee211e3.jpg,2.989570956e-09
2609836649_b55831ed41.jpg,1.728573244e-09
539493423_9d7d1b77fa.jpg,9.465121394e-09
3546720729_38fff1bbd9.jpg,-2.099848979e-09
3138399980_d6ab8b2272.jpg,-5.202645415e-10
3686078365_9e655e238f.jpg,7.849980527e-09
300577375_26cc2773a1.jpg,1.753029572e-08
3417037373_67f7db2dd2.jpg,-2.623533981e-09
3225478803_f7a9a41a1d.jpg,1.83946679e-09
1169307342_e7a4685a5c.jpg,-7.166856919e-10
2127031632_77505e4218.jpg,3.462485803e-09
3260191163_6c1551eee8.jpg,9.699656348e-09
278608022_4175813019.jpg,1.508327996e-09
1287931016_fb015e2e10.jpg,-7.971722602e-09
2937178897_ab3d1a941a.jpg,-3.851787588e-09
2937461473_11bbace28c.jpg,-5.40693939e-09
1386964743_9e80d96b05.jpg,-2.817135688e-09
3052038928_9f53aa2084.jpg,-2.176695278e-09
2814028429_561a215259.jpg,-5.479987517e-09
3659090958_a56913ca68.jpg,1.18488331e-09
391723162_3bdeb7ea33.jpg,-4.611312308e-09
3404408360_430f73b034.jpg,5.493399388e-09
3319405494_58dee86b21.jpg,-1.411941096e-09
3291587911_81fc33300e.jpg,1.197487593e-09
2293424366_7b5fcd2398.jpg,-2.38452877e-09
3206919175_e3a11b6874.jpg,2.709097923e-09
406642021_9ec852eccf.jpg,6.370963203e-09
3648081498_76ec091495.jpg,1.022622996e-09
2084103826_ffd76b1e3e.jpg,-6.211895884e-10
3599124739_b7e60cf477.jpg,2.99834186e-09
1130401779_8c30182e3e.jpg,6.548516619e-09
3441511444_b031585b45.jpg,8.542986176e-09
3215847501_c723905ba4.jpg,4.131662904e-09
311619377_2ba3b36675.jpg,-1.967742715e-09
801607443_f15956d1ce.jpg,6.643490362e-10
3690883532_d883f34617.jpg,-3.357541617e-09
3517466790_17c7753a1a.jpg,-1.475791686e-10
2768972186_92787cd523.jpg,2.719753295e-09
3527261343_efa07ea596.jpg,3.289760857e-09
2587846523_b177c9a3e3.jpg,2.219830436e-09
3350614753_5624e181b3.jpg,5.616775205e-09
542269487_5d77b363eb.jpg,-1.751756561e-09
1287982439_6578006e22.jpg,4.66372266e-09
3262760716_1e9734f5ba.jpg,7.708711029e-09
2267923837_ae88678497.jpg,1.895318693e-09
3429391520_930b153f94.jpg,5.44940946e-09
3613424631_3ae537624f.jpg,7.24357903e-09
1082252566_8c79beef93.jpg,-1.30955249e-09
3163323414_d1ce127aa6.jpg,-3.471372149e-09
241346402_5c070a0c6d.jpg,2.312813063e-09
2612949583_f45b3afe33.jpg,-8.143545086e-10
411011549_1298d2b4d2.jpg,-3.482081357e-09
1557838421_a33f2a4911.jpg,-1.865813604e-12
2444339090_bf7b3211f4.jpg,-7.698676842e-09
482098572_e83153b300.jpg,-3.783917083e-09
3726130458_07df79e969.jpg,5.356195461e-09
3417672954_46b75dea8d.jpg,8.507843657e-10
3376809186_4e26d880b7.jpg,1.066436646e-08
3227423095_5049951eab.jpg,1.053361163e-09
1298295313_db1f4c6522.jpg,-2.274533713e-10
756004341_1a816df714.jpg,-7.707289273e-09
3058439373_9276a4702a.jpg,-1.092092271e-08
2287887341_663bfa15af.jpg,-2.47814842e-09
1581822598_0ae23074f1.jpg,5.978776447e-09
3105929913_94a6882e25.jpg,-1.598785864e-09
540873795_ae62ae6f60.jpg,-2.629380828e-09
3461114418_c27b4043a2.jpg,3.852311089e-09
3399798295_a452963365.jpg,-6.043033765e-09
3178489390_13a6ae7524.jpg,-1.350137921e-09
3604496023_c1f546423e.jpg,-2.692986048e-09
324208502_674488bcea.jpg,2.414734588e-09
426805536_d1d5e68c17.jpg,-6.611547995e-10
246508774_1e9885f1b7.jpg,4.18457186e-10
1402640441_81978e32a9.jpg,-1.154448486e-09
3124549928_10904a5a83.jpg,-4.031896189e-09
3414734842_beb543f400.jpg,5.107172936e-09
1019077836_6fc9b15408.jpg,4.140091707e-10
3307077951_dd31f1971c.jpg,1.136221586e-09
2709275718_73fcf08c23.jpg,-1.060726934e-09
3264397357_72f084cac1.jpg,-6.107200845e-09
562588230_edb2c071c8.jpg,2.864167143e-09
3171066023_ec60ba30f3.jpg,-1.091646069e-08
1670592963_39731a3dac.jpg,-1.162691893e-09
1271210445_7f7ecf3791.jpg,1.095582871e-10
3728695560_00ec1ca492.jpg,5.155051754e-10
846085364_fc9d23df46.jpg,4.580412861e-09
3643684616_9d2be87a5a.jpg,-6.278712109e-12
2192411521_9c7e488c5e.jpg,2.278500733e-10
2369840118_a1c4240ab7.jpg,1.309422859e-09
3244910944_612b8ce98f.jpg,-6.185102934e-09
2850719435_221f15e951.jpg,8.624742423e-10
3544233095_4bca71df1d.jpg,5.309139928e-09
3217291172_10ef70af88.jpg,6.027490299e-09
3351360323_91bb341350.jpg,2.729155653e-09
2610447973_89227ff978.jpg,1.318880453e-09
1491192153_7c395991e5.jpg,2.167074607e-09
3502459991_fdec2da131.jpg,-4.398324164e-09
1563731247_7f21d8bec0.jpg,-1.177011796e-08
3653462288_bfe2360a64.jpg,6.410482236e-09
2960422620_81889a3764.jpg,1.761337443e-09
2340206885_58754a799a.jpg,2.372277378e-09
1508269285_6c5723f67d.jpg,8.236118579e-10
2752329719_868545b7d2.jpg,3.834491099e-09
3070031806_3d587c2a66.jpg,-3.553200366e-10
477254932_56b48d775d.jpg,5.568383508e-09
3595398879_13e33b8916.jpg,5.280706485e-09
3430100177_5864bf1e73.jpg,-1.777438122e-09
524036004_6747cf909b.jpg,1.876212537e-09
2395967330_7e6ea404f6.jpg,2.872779943e-09
2127209046_94711c747b.jpg,-1.327441182e-08
3197981073_3156963446.jpg,7.323192477e-09
2705793985_007cc703fb.jpg,-1.011160779e-09
3183060123_ea3af6278b.jpg,3.674291788e-09
3307667255_26bede91eb.jpg,3.152389771e-09
2318502106_33f2e4b4fc.jpg,-7.093730666e-09
1552065993_b4dcd2eadf.jpg,6.248633371e-09
3576536763_3c8c4f232e.jpg,-6.041017127e-09
3652150541_8fb5a3a5d1.jpg,6.11453215e-10
2881441125_b580e3dd4b.jpg,1.761043086e-09
3058627443_1d57ff0a2c.jpg,2.074535504e-09
3416091866_a96003d652.jpg,2.723868832e-09
3347798761_5c5260b000.jpg,-3.382041711e-09
3485657956_7481582565.jpg,-4.855233884e-09
3668984985_b60ceb2ae9.jpg,-1.030099121e-09
1814086703_33390d5fc7.jpg,9.965086421e-10
2747436384_9470c56cb9.jpg,-8.922036482e-09
1248940539_46d33ed487.jpg,2.32455179e-09
3325974730_3ee192e4ff.jpg,-1.888606548e-09
3516960094_87fb4889de.jpg,-4.768020207e-09
3549006919_3604bc813e.jpg,-1.14172494e-09
2197275664_fabcf3424b.jpg,9.919396554e-10
1499495021_d295ce577c.jpg,1.971761587e-09
2428275562_4bde2bc5ea.jpg,-2.7076889e-09
3230101918_7d81cb0fc8.jpg,-1.547038091e-09
3400385314_a5bc062e97.jpg,6.427060308e-09
2892989340_bb7e0e5548.jpg,1.098486708e-09
387974450_bcd205daac.jpg,-2.869817153e-10
3703035378_c6034cac51.jpg,-1.594932631e-09
3019609769_c7809177f6.jpg,-3.965963552e-09
374828031_9d087da5cf.jpg,-2.497756693e-09
2637904605_fc355816fc.jpg,4.896965696e-10
2469620360_6c620c6f35.jpg,4.451966707e-09
2127207912_9298824e66.jpg,-3.926494997e-09
2876494009_9f96d7eaf2.jpg,3.023035405e-10
1287475186_2dee85f1a5.jpg,3.223291898e-09
3508637029_89f3bdd3a2.jpg,1.458244199e-09
3372340429_91c4f4af30.jpg,-1.041984282e-09
172092461_a9a9762e13.jpg,4.388956112e-09
3502563726_30d1ce29c8.jpg,-5.636282586e-09
3225037367_a71fa86319.jpg,-3.955752617e-10
2190137367_746335f707.jpg,-4.227087097e-09
3400041870_4e7732b40f.jpg,4.333230424e-09
373219198_149af371d9.jpg,1.804509691e-09
2798880731_4f51634374.jpg,-3.580195953e-09
3587449716_3bf1552c36.jpg,6.977895104e-09
275401000_8829250eb3.jpg,7.690457766e-10
2752175795_c9def67895.jpg,-6.632382053e-09
2529116152_4331dabf50.jpg,-6.507077118e-10
2712787899_d85048eb6a.jpg,8.391642534e-09
3590294974_4ef98f013e.jpg,-4.876712682e-09
2414710960_a4cde4af60.jpg,-1.720422973e-10
2266142543_b2de18c081.jpg,-1.573060548e-09
3116011063_f4071ccce6.jpg,3.377711947e-09
2942311160_a154104c62.jpg,-3.338920304e-10
207731022_988f6afb35.jpg,-1.118682824e-09
2554081584_233bdf289a.jpg,9.287312708e-10
1167662968_e466f1e80a.jpg,8.955967197e-09
2728486640_cc2a31d2b0.jpg,3.04710179e-09
3698607223_22fe09763a.jpg,2.084568595e-09
2415803492_56a673dc25.jpg,-6.917597654e-09
2557129157_074a5a3128.jpg,1.653667899e-09
3145869775_85dfae43bd.jpg,-3.173426871e-09
473988700_570422001b.jpg,-3.020413453e-09
97731718_eb7ba71fd3.jpg,-1.40025645e-09
3714551959_66ece78f27.jpg,-2.044981582e-09
3681172959_6674c118d2.jpg,8.669214484e-10
2053441349_a98b5fc742.jpg,-5.117120647e-09
2748729903_3c7c920c4d.jpg,2.864203935e-09
3247500085_c4f641aa84.jpg,3.015924188e-09
191003283_992257f835.jpg,2.933663971e-10
361183669_52be9662b9.jpg,3.684452474e-09
3289893683_d4cc3ce208.jpg,1.051699424e-09
3685372942_6ae935b34e.jpg,3.091879501e-10
3259222980_04fb62df97.jpg,-4.410351804e-09
3583293892_c96af8cd98.jpg,-1.216163935e-09
417966898_a04f9b5349.jpg,1.346178569e-10
315021440_122d56ebd7.jpg,3.979913383e-09
2672354635_3a03f76486.jpg,5.408171166e-10
2633722629_5eeb649c09.jpg,5.053911498e-09
3352697012_751b079bbb.jpg,8.76990944e-10
2708744743_e231f7fcf9.jpg,2.662804646e-09
756521713_5d3da56a54.jpg,-2.723773984e-10
3455898176_f0e003ce58.jpg,1.708741253e-09
2968135512_51fbb56e3e.jpg,-1.025257142e-09
532036676_e88b13e0a1.jpg,-1.565686165e-09
3088572348_264c47f78c.jpg,-9.014978237e-09
516394876_8b9b8021bc.jpg,1.433095335e-09
466956209_2ffcea3941.jpg,4.762603447e-09
451326127_2d95a2e1c2.jpg,-1.202842802e-09
2449289139_08fc1092c1.jpg,-5.020076384e-09
3131160589_dc73c209b7.jpg,7.832621708e-10
2656987333_80dcc82c05.jpg,-1.367089945e-09
2543589122_ec3e55f434.jpg,1.794350976e-09
3324375078_9441f72898.jpg,1.456274131e-09
406248253_27b5eba25a.jpg,2.277918327e-09
3425887426_bf60b8afa3.jpg,1.734555829e-09
2774362575_7543b8bf19.jpg,4.121758985e-09
3155390408_8e1a81efb2.jpg,-6.533582954e-09
1731546544_9fbf14617b.jpg,5.594869835e-09
2785115802_137fa30000.jpg,1.262584206e-09
95783195_e1ba3f57ca.jpg,2.011068039e-10
3593538248_dffa1a5ed4.jpg,9.420104988e-09
3209620285_edfc479392.jpg,-5.502374417e-09
3204354161_caf89ec784.jpg,1.33728713e-09
3278811919_d5a3432af6.jpg,-9.893230216e-10
3110018626_307a123b59.jpg,-4.629071936e-09
2676649969_482caed129.jpg,2.373604928e-09
2595186208_9b16fa0ee3.jpg,1.978806419e-09
3422979565_e08cd77bfe.jpg,-1.817915893e-09
3638631362_af29bbff01.jpg,-1.127546143e-10
3473264983_67917a931f.jpg,4.958696404e-09
3703413486_3c682732a0.jpg,2.689899397e-09
498492764_fe276e505a.jpg,4.088940864e-09
732468337_a37075225e.jpg,1.891177703e-09
3399944164_ec24123945.jpg,5.370772164e-09
2786299623_a3c48bd318.jpg,-2.436893141e-09
3554210976_fbd0ef33a3.jpg,-6.504616982e-09
2733659177_d74a00995b.jpg,-2.375790861e-09
3325497914_f9014d615b.jpg,2.874814732e-09
3259694057_fae7484b0a.jpg,-8.757852492e-09
3115354165_44dbeec6c1.jpg,-7.551305877e-09
1052358063_eae6744153.jpg,-4.833631399e-09
792362827_5ab5281b99.jpg,-1.807101943e-09
2670560883_7e7b563092.jpg,-7.376945314e-10
3044745642_1d0784ff29.jpg,-6.117435379e-09
3550253365_27d4c303cf.jpg,4.496653163e-09
1461667284_041c8a2475.jpg,6.667175655e-09
3365348059_9773165302.jpg,4.109049461e-09
733752482_ee01a419e5.jpg,-2.949373474e-09
2587818583_4aa8e7b174.jpg,1.587894146e-09
698107542_3aa0ba78b4.jpg,5.953865718e-09
3522076584_7c603d2ac5.jpg,6.89651063e-09
3220151692_d398ef9779.jpg,2.120551641e-10
2574509968_e4692ae169.jpg,2.134473487e-09
476760133_c33d2bd83d.jpg,-6.219915524e-09
3208999896_dab42dc40b.jpg,1.843445894e-09
2562166462_b43b141d40.jpg,3.480200133e-09
454686980_7517fe0c2e.jpg,5.85127762e-09
3192266178_f9bf5d3dba.jpg,5.762165546e-09
2285152690_3fb93f65f1.jpg,4.218736876e-09
3434526008_02359881a0.jpg,2.767511788e-09
2661138991_d55aa0e5dc.jpg,-3.055595323e-09
2565703445_dd6899bc0e.jpg,4.678783022e-09
2522540026_6ee8ab4c6a.jpg,5.696094056e-09
707972553_36816e53a2.jpg,1.92438356e-09
2630806789_6835bbae95.jpg,-8.307088106e-10
2363100645_c3423a0433.jpg,3.830309658e-09
783353797_fdf91bdf4c.jpg,3.803637988e-10
2732625904_4fbb653434.jpg,-8.888294834e-10
2061144717_5b3a1864f0.jpg,-8.115047649e-09
2823075967_be4c350e9e.jpg,-1.854187603e-09
3399028417_50a621274c.jpg,-6.535980856e-09
2701042060_92508ea8fa.jpg,-2.043585763e-09
3088074124_481139dc92.jpg,1.68171083e-09
1350811702_2ce7cfd0c5.jpg,-2.470010369e-09
2221818690_9003756d33.jpg,5.166442803e-09
2485467050_1d5e2696d4.jpg,5.54246203e-09
3561734666_344f260cce.jpg,-2.521564335e-09
543102698_38e7e38bbc.jpg,6.924503296e-10
2637510448_4521cf6f29.jpg,4.645014575e-11
3033668641_5905f73990.jpg,1.500290026e-09
3239866450_3f8cfb0c83.jpg,-5.272717432e-09
3393394134_0caac47e1c.jpg,3.711956082e-09
930126921_1b94605bdc.jpg,4.585589182e-10
3757598567_739b7da835.jpg,4.17665158e-09
2135502491_a15c6b5eae.jpg,-3.813033828e-09
3195040792_a03954a19f.jpg,-1.253608568e-09
3120953244_b00b152246.jpg,-1.457762717e-09
536537638_f5ee42410b.jpg,2.319800444e-10
2985439112_8a3b77d5c9.jpg,1.213771582e-09
3041689520_c481bdb20e.jpg,-8.131670429e-09
1443807993_aebfb2784a.jpg,2.137261028e-09
3445544288_68fdb25969.jpg,4.301512175e-09
412082368_371df946b3.jpg,1.515855201e-09
463786229_b54c9a3436.jpg,4.230364724e-09
3468346269_9d162aacfe.jpg,-1.080390703e-09
2936590102_25036069a6.jpg,-2.128788942e-09
3351357065_a6a9b3d485.jpg,-3.201319666e-09
3425918361_3b890d9575.jpg,-8.049112917e-10
3560977956_e08d2cd531.jpg,-3.04651144e-09
2533642917_a5eace85e6.jpg,9.0356628e-09
3600403707_527aa0596e.jpg,4.926659708e-10
3649382413_58a4b1efe8.jpg,3.569438393e-09
456512643_0aac2fa9ce.jpg,9.633384659e-09
3533470072_87a5b595ba.jpg,3.013347179e-09
3125309108_1011486589.jpg,-6.267900465e-09
3014015906_fdba461f36.jpg,-3.893229868e-09
2659606300_bea3feaf8b.jpg,2.97675029e-09
3190677999_60bbd330fd.jpg,-4.121637362e-09
2609900643_c07bcb0bae.jpg,-3.632867259e-09
2098174172_e57d86ea03.jpg,-1.471636798e-09
3207676216_48478bce97.jpg,1.992546089e-09
2079110798_ad1370a646.jpg,1.364378061e-09
3160531982_37f5636b8a.jpg,-2.926551857e-09
3651476768_2bae721a6b.jpg,4.878691446e-09
1445123245_c7b9db0e0c.jpg,-5.203373723e-09
2327240505_e73cc73246.jpg,4.264758522e-09
3645080830_1d9ee2f50a.jpg,-5.100531274e-09
3640329164_20cb245fd5.jpg,6.12325748e-10
2475162978_2c51048dca.jpg,2.530924686e-09
3182121297_38c99b2769.jpg,7.89998849e-10
504904434_889f426c6e.jpg,-5.279792162e-09
1287064529_aa4e4f3c31.jpg,5.418924418e-09
2922807898_b5a06d5c70.jpg,3.617200435e-09
166654939_80ea4ddbcc.jpg,4.739024551e-09
2325386353_1f1a05e1ce.jpg,5.221460571e-10
3479050296_65bcea69a0.jpg,6.897415474e-10
2836325261_a3bf5c59be.jpg,-5.124496245e-09
3212625256_685bc4de99.jpg,1.685849818e-09
3250589803_3f440ba781.jpg,3.063774161e-09
3176131893_7181c733aa.jpg,3.331835033e-09
1424775129_ffea9c13ab.jpg,4.291982913e-11
285586547_c81f8905a1.jpg,3.021439631e-09
3506560025_8d0f4f9ac4.jpg,4.080375155e-10
3635577874_48ebaac734.jpg,-3.75046616e-09
3391924827_53b31542ce.jpg,-7.08513386e-12
950411653_20d0335946.jpg,-3.243455842e-09
2623146491_b64698b875.jpg,5.474446486e-10
1500853305_0150615ce9.jpg,-2.509951263e-09
3106782647_b078830a9e.jpg,4.268451632e-09
3520321387_710ab74cda.jpg,-7.343751476e-09
3131632154_098f86f4cb.jpg,-6.102472885e-09
109202756_b97fcdc62c.jpg,7.788690115e-10
3457364788_3514a52091.jpg,3.08695901e-09
3164423279_9b27cb6a06.jpg,-8.308310978e-09
3155365418_43df5486f9.jpg,1.354287273e-08
3285180819_a9712fd2bc.jpg,8.557783908e-10
3163273640_8d3ef22eaf.jpg,-2.496359047e-09
2713897716_c8cd610360.jpg,6.003684322e-09
1131340021_83f46b150a.jpg,-2.398391781e-09
765298136_7805fbb079.jpg,-7.384295482e-09
241346923_18bd84bea4.jpg,-4.388015517e-09
2312731013_1a3a8e25c6.jpg,4.51316481e-09
3170856184_efabfd0297.jpg,-1.229977523e-09
3177468217_56a9142e46.jpg,-2.452360614e-09
2378356400_f6bde5d9b3.jpg,-3.888404159e-09
2888658480_e922a3dec2.jpg,4.918144996e-11
2409597310_958f5d8aff.jpg,6.771371348e-09
3377570617_d2f2225a74.jpg,1.107471394e-09
2744330402_824240184c.jpg,1.100798763e-09
2369248869_0266760c4a.jpg,4.215559969e-09
3537218226_478d2e4f26.jpg,-1.263756736e-09
3323419265_7fefaa9d5d.jpg,1.225541833e-10
2633201394_ee4a7666ed.jpg,8.378101576e-09
291952021_f111b0fb3d.jpg,-4.073887492e-09
2064780645_8f28a1529f.jpg,4.110373276e-09
3500829879_a643818d84.jpg,1.012066593e-09
248994078_a9257f448b.jpg,-2.49066407e-09
358559906_d5f3f584f4.jpg,5.419753946e-10
414568315_5adcfc23c0.jpg,1.11033661e-09
2959581023_54402c8d88.jpg,-5.844946608e-09
1143882946_1898d2eeb9.jpg,7.451522134e-10
3360730513_211e1a4db6.jpg,-5.166908215e-09
2111360187_d2505437b7.jpg,2.419667416e-09
870710405_51e507b31a.jpg,6.04795008e-10
1095590286_c654f7e5a9.jpg,2.175508908e-09
3408274796_0dc62225e9.jpg,4.635243608e-09
1110208841_5bb6806afe.jpg,3.784984425e-10
2326730558_75c20e5033.jpg,1.165889144e-09
3425756814_13909354d4.jpg,-5.901449236e-10
2990563425_2f7246f458.jpg,-2.827309424e-09
2540884723_03d60ef548.jpg,1.052521145e-09
3136404885_f4d8f1d15a.jpg,-1.627524448e-09
1000268201_693b08cb0e.jpg,-7.867200574e-11
3067885047_f69d90c35b.jpg,-6.234041071e-09
3295024992_887a95c700.jpg,3.97344202e-09
2921793132_ef19f1dd44.jpg,4.774432268e-09
2273038287_3004a72a34.jpg,4.736202844e-10
3215695965_69fbeba3d5.jpg,-9.849019499e-09
3054989420_3e755ca352.jpg,-2.447110548e-09
3500136982_bf7a85531e.jpg,1.656212162e-09
2332540384_4cf26406a9.jpg,2.244515756e-09
3315033940_e91f87b7f2.jpg,1.530921572e-09
3593392955_a4125087f6.jpg,-2.354238137e-09
3513362553_5fc5779e20.jpg,3.070597918e-09
2532294586_4cd76a837d.jpg,-3.895291592e-09
265223847_636ba039c1.jpg,8.880941439e-09
111766423_4522d36e56.jpg,1.245907737e-09
3510218982_318f738b76.jpg,6.574783926e-09
3030223792_02b6f2be99.jpg,2.693928437e-09
1032460886_4a598ed535.jpg,-1.782781165e-09
3671777903_6fbf643980.jpg,-2.834358343e-09
3482668767_66004ce736.jpg,-2.98186708e-10
1800601130_1c0f248d12.jpg,-2.729362001e-09
2061927950_dafba5b8a3.jpg,-6.026783167e-10
2763601657_09a52a063f.jpg,-1.364206189e-09
2449446913_28fa5b7c75.jpg,3.655166302e-09
1403414927_5f80281505.jpg,8.663826825e-09
2447284966_d6bbdb4b6e.jpg,-7.201446549e-09
3180806542_49b6de312d.jpg,-4.025872579e-09
2873070704_2141a7a86a.jpg,2.599253036e-11
2548777800_d7b9cf1c2b.jpg,-1.38448184e-09
2845246160_d0d1bbd6f0.jpg,-6.277396007e-09
3269380710_9161b0bd00.jpg,-1.013628778e-09
3234719720_5bb2fc5ffa.jpg,8.187743375e-09
3562816250_6e14d436b1.jpg,1.907788647e-09
3336374196_f6eaca542f.jpg,1.740773653e-09
2380464803_a64f05bfa9.jpg,4.158313053e-10
2981702521_2459f2c1c4.jpg,8.053969781e-10
2156726763_034ecd2e39.jpg,-1.255088448e-09
2178064851_bb39652d28.jpg,2.000943752e-09
224702241_05af393148.jpg,8.046173913e-10
2795866891_7559fd8422.jpg,-3.375661302e-09
2656890977_7a9f0e4138.jpg,2.559814977e-09
3426962078_13e87e10de.jpg,3.233821176e-09
3432550415_e7b77232de.jpg,2.388433653e-09
3145967309_b33abe4d84.jpg,-4.131045419e-09
2867736861_43c9487a65.jpg,5.141526171e-09
112178718_87270d9b4d.jpg,1.235530586e-09
143680442_2f03f76944.jpg,-1.271626188e-08
371364900_5167d4dd7f.jpg,-3.2774856e-10
2452686995_621878f561.jpg,-1.822799328e-09
3605061440_1d08c80a57.jpg,-2.543954153e-09
687513087_413d4a3a3b.jpg,1.676871198e-09
2173312932_269f9786fc.jpg,-2.327289304e-09
241346971_c100650320.jpg,1.371274659e-09
3288274849_07ff76ee93.jpg,-8.551725954e-09
2690702549_cf81da8cf6.jpg,-4.963719173e-09
482882719_165722082d.jpg,-5.184584315e-09
3447155358_5b5b59b15e.jpg,1.265145673e-09
2252299132_14ca6e584b.jpg,-9.034041918e-10
3643087589_627a0a9e01.jpg,-4.064248218e-09
365584746_681f33fa46.jpg,-5.737713591e-10
3670075789_92ea9a183a.jpg,-2.710159942e-09
465859490_b077219424.jpg,3.887856218e-09
2176980976_7054c99621.jpg,7.808457916e-09
3258472448_75cfab5e6f.jpg,-2.738147339e-09
3541474181_489f19fae7.jpg,4.605526088e-09
3350785999_462f333c44.jpg,-5.228019073e-09
3369258147_03db257f0f.jpg,-1.711572254e-09
3737711435_113ccd0a52.jpg,3.260625888e-10
661749711_6f408dad62.jpg,2.338302669e-09
3171347658_f0d5469c56.jpg,2.798080959e-09
2057306459_2f52ce648e.jpg,2.548117112e-09
2892467862_52a3c67418.jpg,8.917226468e-09
3295671644_0e10891b6d.jpg,4.977028928e-09
2075041394_0b3ea1822d.jpg,1.378254392e-09
2743709828_a795a75bfc.jpg,1.101759394e-08
241345721_3f3724a7fc.jpg,6.070735448e-09
3461583471_2b8b6b4d73.jpg,-4.007981036e-09
2955985301_e4139bc772.jpg,-3.579569097e-09
3350260112_fcb47ff6b2.jpg,-3.44626095e-09
3651971126_309e6a5e22.jpg,4.323746642e-09
3677693858_62f2f3163f.jpg,-9.458820119e-10
2999730677_0cfa1c146e.jpg,7.591761495e-09
526661994_21838fc72c.jpg,4.380886882e-09
2653552905_4301449235.jpg,-7.888052213e-10
2282260240_55387258de.jpg,-2.58783056e-09
3044536048_e615466e7f.jpg,-5.042360569e-09
508261758_78fb8ae067.jpg,-1.225085676e-09
3293753378_7a8ddb98b2.jpg,3.108856604e-09
2662816021_ac474e0fde.jpg,-2.42629222e-09
3495349745_1b29a63571.jpg,4.245534645e-09
2769605231_dae8b30201.jpg,6.561770768e-09
501699433_f8df386cf9.jpg,-5.416444357e-09
3506096155_13632955e8.jpg,-1.818599268e-09
1383698008_8ac53ed7ec.jpg,-5.69344348e-09
2836703077_fa9c736203.jpg,6.46241901e-09
2188688248_f57a28a5a7.jpg,3.412653131e-09
3250593457_9049a73b61.jpg,8.853046438e-09
2206960564_325ed0c7ae.jpg,-1.684975436e-09
1362128028_8422d53dc4.jpg,1.382739389e-09
3509611207_7645b1d28d.jpg,-4.190902356e-09
2905942129_2b4bf59bc0.jpg,-1.642281106e-08
2999638340_75bc8b165d.jpg,1.155491172e-08
430964917_022995afb6.jpg,-1.108893655e-09
2983555530_a89f1f5ed7.jpg,-1.895821911e-09
387078972_514a38dc33.jpg,-5.553845956e-11
3283897411_af9d0b497d.jpg,-4.936523582e-10
190638179_be9da86589.jpg,4.08316125e-09
2714878018_1593c38d69.jpg,-5.505792811e-09
2052202553_373dad145b.jpg,-1.403075697e-08
745966757_6d16dfad8f.jpg,-1.14075101e-09
2131762850_5293a288d9.jpg,-6.113904313e-09
489134459_1b3f46fc03.jpg,-3.717196818e-09
241347496_1a35fec8dc.jpg,4.505552994e-09
3473320907_3884a7203b.jpg,-6.707115658e-09
2943023421_e297f05e11.jpg,-7.295925392e-10
3429142249_d09a32e291.jpg,-8.600982256e-10
359082432_c1fd5aa2d6.jpg,-3.111169275e-09
2718049631_e7aa74cb9b.jpg,-2.361854115e-09
3576312396_799c873f3e.jpg,7.084274463e-09
2082005167_a0d6a70020.jpg,2.796103762e-09
419116771_642800891d.jpg,1.267113417e-09
3431261634_c73360406a.jpg,1.663137739e-10
2936707421_8e629874b8.jpg,5.81008696e-10
448658518_eec0b648a6.jpg,-2.537621261e-10
3249865395_dceaa59f54.jpg,-7.007406949e-09
2180886307_5156460b2c.jpg,-2.251936075e-10
3167379087_927ff05a35.jpg,7.46130796e-09
3191982761_88793192ed.jpg,-6.920680858e-10
2553550034_5901aa9d6c.jpg,-6.481686112e-09
2481367956_8577d2fa98.jpg,1.201020283e-09
3223055565_68973f5d20.jpg,7.487641928e-09
2392625002_83a5a0978f.jpg,5.466600193e-09
2904601886_39e9d317b1.jpg,-1.481892114e-09
3582689770_e57ab56671.jpg,5.671440856e-09
340667199_ecae5f6029.jpg,1.183838527e-09
250406927_a5028a31d4.jpg,-1.952139475e-09
2483792149_a9b4ffecec.jpg,9.294061102e-09
3108197858_441ff38565.jpg,2.715875973e-09
3421706363_a3e22a4908.jpg,-3.318451409e-09
3457455611_94ee93929f.jpg,3.528520236e-09
233270519_d60d4518fa.jpg,7.969353054e-10
3079073247_97e88e2eb7.jpg,-4.721885525e-09
3331900249_5872e90b25.jpg,-2.768334793e-09
146577646_9e64b8c2dc.jpg,2.574959581e-09
2144846312_d4c738dc6c.jpg,-1.264533777e-09
2449518585_113dc4a8e5.jpg,9.14483832e-10
2525666287_638ab5e784.jpg,-3.818485302e-09
2561481438_447b852e4d.jpg,1.40222644e-09
3024172109_a10198e1dd.jpg,-7.575789369e-09
1562478713_505ab6d924.jpg,5.525172502e-09
3004291289_c4892898ae.jpg,9.902602893e-09
3081734118_6f2090215c.jpg,1.41849129e-09
2137071442_1c9658c81a.jpg,3.861130787e-09
2079152458_40712c3b40.jpg,-4.408674395e-11
2873837796_543e415e98.jpg,3.017893119e-09
1057210460_09c6f4c6c1.jpg,-5.071845221e-09
2688902319_52ceaf4a2a.jpg,2.810555946e-10
2351479551_e8820a1ff3.jpg,-1.593893503e-09
2563578471_9a4e4c2ecc.jpg,5.161041004e-09
2636514498_01fcc5f501.jpg,2.175577034e-10
2602866141_be9928408d.jpg,-8.546540595e-09
2580215443_4e64afe3d5.jpg,-8.30110417e-09
260520547_944f9f4c91.jpg,-1.821008953e-10
3539817989_5353062a39.jpg,-1.226178189e-09
3294964868_16f4f9fa9d.jpg,-2.590470672e-09
3708743823_3e3e0554d1.jpg,3.867886554e-09
2431470169_0eeba7d602.jpg,-3.419667405e-09
3088677667_4a8befb70e.jpg,2.820726358e-10
1683444418_815f660379.jpg,-6.182460167e-09
985067019_705fe4a4cc.jpg,1.92572288e-09
3183519385_311555d5f5.jpg,-3.997504627e-09
3723903586_e98d3d8ec7.jpg,5.010418622e-10
515335111_c4afd5b903.jpg,6.708302506e-10
3420284416_a90af1fb7a.jpg,5.673700384e-09
271660510_dd4ba34b35.jpg,-2.538748893e-10
808245064_8a7971fc5b.jpg,4.695410532e-09
3364797223_1f0b2f98ed.jpg,1.468512123e-09
416992999_654a99a903.jpg,1.6023599e-09
3486831913_2b9390ebbc.jpg,6.530611043e-09
2354064281_10afa38206.jpg,-5.7030836e-09
3453259666_9ecaa8bb4b.jpg,-5.574578936e-10
1148238960_f8cacec2fc.jpg,3.117559773e-09
2934573544_7ffe92a2c9.jpg,-1.526318752e-09
1260816604_570fc35836.jpg,-1.500965694e-10
3648097366_706c8a57a1.jpg,-2.258989e-09
2517284816_9b8fd3c6b6.jpg,5.479287516e-11
171488318_fb26af58e2.jpg,1.331999425e-09
3487261028_30791528ec.jpg,-1.098967061e-09
2868324804_5cc8030484.jpg,9.507107106e-09
3471841031_a949645ba8.jpg,-1.828377917e-09
3546891929_f31a99cd0d.jpg,1.356902922e-09
3207654194_43d6bebd68.jpg,1.648265837e-10
3041645937_ff7591d134.jpg,-3.765325745e-13
140430106_2978fda105.jpg,3.15893357e-09
461019788_bc0993dabd.jpg,1.887267257e-09
357191373_a1cb5696e8.jpg,2.591779246e-09
3627290893_561e176e80.jpg,-5.381160482e-09
502884177_25939ac000.jpg,-5.068648576e-09
2870426310_4d59795032.jpg,-1.72952012e-09
1525153022_06c48dbe52.jpg,-4.586300474e-09
1507563902_6ec8d5d822.jpg,2.691578495e-09
3533484468_0787830d49.jpg,-2.233583613e-09
2913965136_2d00136697.jpg,-5.418963433e-09
3508522093_51f6d77f45.jpg,3.121592099e-09
3329858093_0ec73f2190.jpg,5.414835155e-09
3132006797_04822b5866.jpg,2.511274194e-09
2282600972_c22d1e03c7.jpg,3.5811677e-09
3697003897_d8ac13be9a.jpg,-5.446690505e-09
3051125715_db76cebd1e.jpg,-8.216166916e-09
3416246113_1745559b6b.jpg,-2.580023599e-09
3029043380_b28644ea5d.jpg,-1.842500496e-09
3016521240_2ef20834b6.jpg,4.410377269e-09
221973402_ecb1cd51f1.jpg,-5.721135874e-10
3481859121_3d3e566ec0.jpg,-1.345777081e-09
751109943_2a7f8e117f.jpg,-9.0462993e-09
2715035273_8fc8b1291c.jpg,3.559056394e-09
3367034082_31658a89bb.jpg,2.257968942e-09
2596475173_58f11fc583.jpg,-2.658481382e-09
373394550_1b2296b8c4.jpg,3.899886684e-09
3576259024_9c05b163aa.jpg,2.588341121e-09
2353119813_685bace18e.jpg,-4.52875499e-10
3354063643_1d8814eb13.jpg,6.892658325e-10
2178095150_436b035741.jpg,2.996107582e-09
3286193613_fc046e8016.jpg,3.710878872e-09
3286045254_696c6b15bd.jpg,-1.953991659e-09
3211577298_14296db6fd.jpg,8.507153858e-09
3514194772_43ba471982.jpg,-3.024686393e-09
3602838407_bf13e49243.jpg,3.684922558e-09
241345942_ea76966542.jpg,-8.663680373e-10
2831217847_555b2f95ca.jpg,5.998159866e-09
1334892555_1beff092c3.jpg,3.512027258e-09
2711075591_f3ee53cfaa.jpg,2.510652307e-09
2898304260_a4099a193a.jpg,-8.071112766e-10
3380072636_4cd59385fd.jpg,2.608496117e-09
241345522_c3c266a02a.jpg,2.625275255e-09
566384456_97da3c7bd6.jpg,5.47989068e-09
3283368342_b96d45210e.jpg,-4.781688354e-09
426191845_1e979e9345.jpg,5.095095255e-09
2689491604_d8760f57b4.jpg,-2.543834495e-10
2890731828_8a7032503a.jpg,1.302005838e-10
235065283_1f9a3c79db.jpg,3.254389246e-09
3472364264_dbde5a8d0a.jpg,-1.67290419e-09
479807833_85eed6899c.jpg,-2.17337237e-10
2346401538_f5e8da66fc.jpg,5.981208631e-09
3722572342_6904d11d52.jpg,-9.221926232e-10
2891961886_b7a2f0b0fd.jpg,-2.66613852e-09
2393298349_e659308218.jpg,-2.70884076e-09
2289068031_fe26990183.jpg,1.555339607e-09
2090723611_318031cfa5.jpg,6.654204116e-09
112243673_fd68255217.jpg,4.246351054e-09
3410899419_4f8dca6f3f.jpg,7.422233094e-09
2715289538_d77c8d0a85.jpg,5.023898584e-09
3146937399_8c046b7b1a.jpg,1.399554008e-09
3091338773_9cf10467b4.jpg,-1.307812862e-08
2698666984_13e17236ae.jpg,6.511950798e-09
2264316030_600e55748d.jpg,-1.087986559e-09
2403544744_cba152f5c1.jpg,1.235587794e-09
522063319_33827f1627.jpg,8.97202942e-09
320093980_5388cb3733.jpg,1.022363093e-09
480200554_6155e9dfeb.jpg,-3.035191537e-09
3502897880_8392d0e4de.jpg,1.728421232e-10
436393371_822ee70952.jpg,5.33574776e-09
3623302162_099f983d58.jpg,5.137990252e-09
3025546819_ce031d2fc3.jpg,-1.996532708e-09
303795791_98ebc1d19a.jpg,2.277982408e-09
3213395965_2a823c6865.jpg,-3.618442143e-09
3584829998_25e59fdef3.jpg,2.020847166e-09
539676201_c8f1f04952.jpg,3.714498562e-09
2891162278_fbf96be4f4.jpg,-4.457010885e-09
3040033126_9f4b88261b.jpg,-4.268080649e-09
2483993772_f64e9e4724.jpg,4.227338548e-09
2920516901_23d8571419.jpg,1.118344805e-09
2938747424_64e64784f0.jpg,-2.137472445e-09
3481884992_45770ec698.jpg,-6.961479214e-10
496380034_d22aeeedb3.jpg,-1.12222787e-10
2886837407_a4510ab1ef.jpg,-1.108331184e-09
2330843604_b8d75d6ac7.jpg,-2.405976736e-09
1688699579_2f72328c7e.jpg,-1.866901014e-09
