3043501068_be58ac47e1.jpg,-1.636782072e-09
3046916429_8e2570b613.jpg,1.101008428e-11
2054308369_f9c6ec7815.jpg,5.363356273e-09
3173014908_b3e69594b6.jpg,-1.656558927e-09
167295035_336f5f5f27.jpg,5.429762074e-09
3215238223_29de2b35cb.jpg,-1.39295597e-08
3498482871_4e02f31c35.jpg,-8.48579728e-10
3176498130_52ab9460b2.jpg,4.020600496e-09
2760715910_87c7bdeb87.jpg,6.073394297e-09
2738255684_0324ed062d.jpg,1.713297113e-09
247617035_9f2e821534.jpg,4.232725484e-09
2831215155_07ba8f1805.jpg,-2.897034267e-09
871290646_307cddd4e7.jpg,8.848739021e-09
937559727_ae2613cee5.jpg,-2.603172433e-09
3371567346_b6522efdb8.jpg,-1.547267788e-09
2457052334_b5a1d99048.jpg,-9.22100357e-09
468911753_cc595f5da0.jpg,-3.533427942e-10
2371809188_b805497cba.jpg,-4.349815214e-09
2540751930_d71c7f5622.jpg,-7.592364307e-11
502115726_927dd684d3.jpg,-3.346244478e-09
3054997030_797096dd12.jpg,-7.281688853e-09
873633312_a756d8b381.jpg,-1.427294769e-09
2436160351_108924a65b.jpg,-2.332344823e-09
2706023395_ac9eba0e42.jpg,-1.034247133e-09
3326086533_23a0a54a8e.jpg,-3.028155356e-09
173020287_230bfc4ffc.jpg,-2.03546981e-09
50030244_02cd4de372.jpg,-2.130014197e-10
3183883750_b6acc40397.jpg,1.898029293e-09
2434006663_207a284cec.jpg,-2.774557579e-09
435827376_4384c3005a.jpg,2.215310538e-09
3503011427_a4ee547c77.jpg,-3.534081131e-11
2351762979_0941aecced.jpg,1.781385332e-09
3592968286_b63c81bcd2.jpg,5.820916741e-09
2862004252_53894bb28b.jpg,1.23897297e-09
1077931201_1e0bb83105.jpg,7.560213862e-09
2120383553_5825333a3f.jpg,9.638304206e-10
3399843227_3b9d2a8dbf.jpg,7.260212083e-09
241345533_99c731403a.jpg,1.644888171e-09
3710050559_f6f12760fe.jpg,5.489316387e-09
2635938723_11b85e6763.jpg,-9.293105273e-09
3496028495_431cfdc042.jpg,-2.363222116e-09
2991575785_bd4868e215.jpg,-2.565907752e-09
3562282690_cd2a95fe9e.jpg,4.793705333e-10
2676764246_c58205a365.jpg,-9.395853329e-10
3519942322_b37d088aae.jpg,9.363099042e-10
2839932205_3c9c27cd99.jpg,-3.393697075e-09
2115620856_4fa5025ac6.jpg,3.872308508e-10
2684322797_85406f571d.jpg,-3.901994076e-09
530661899_94655d7d0e.jpg,-2.459741803e-09
3610683688_bbe6d725ed.jpg,-6.309369659e-09
2186087673_c7a73da7ce.jpg,2.637059191e-11
350176185_b8c5591e36.jpg,-3.304668946e-10
3649384501_f1e06c58c0.jpg,-5.441309522e-09
3243094580_ccd01679f5.jpg,-5.238145765e-09
3301854980_233cc2f896.jpg,3.696055022e-09
3465396606_5ba1574128.jpg,-8.903345177e-11
2502905671_c6039804ab.jpg,-2.578984191e-09
437917001_ae1106f34e.jpg,6.258688034e-09
3273163189_dece7babf4.jpg,-5.883360521e-09
3405100926_e96308ce89.jpg,-2.074081008e-09
2088532947_c628e44c4a.jpg,3.135553069e-09
3134585858_a8c3493ca5.jpg,2.366331954e-09
2242178517_2325b85e5f.jpg,2.552787659e-09
2885891981_6b02620ae9.jpg,-2.686844819e-09
618771382_459bb492e4.jpg,-3.747603225e-09
2642475077_69d19deb74.jpg,2.039974251e-09
197504190_fd1fc3d4b7.jpg,4.051191267e-09
479807465_cf42f39d00.jpg,2.609425787e-09
2622624460_207dbcc4cf.jpg,4.676821623e-09
3234890865_bb3c316968.jpg,7.317576961e-09
413737417_b0a8b445e9.jpg,5.382750545e-09
2116444946_1f5d1fe5d1.jpg,2.163272017e-09
1434005938_ad75c8598c.jpg,2.032765261e-09
2271890493_da441718ba.jpg,-8.56803493e-10
2441354291_b32e00e5a6.jpg,-6.585632547e-10
3583704941_611353857e.jpg,1.798845618e-09
2680619645_ab6645218d.jpg,1.892570317e-09
2504991916_dc61e59e49.jpg,-2.85142995e-09
2310126952_7dc86d88f6.jpg,-6.025804585e-10
576920249_df1bdc2068.jpg,1.049276372e-09
2628331789_c7f7d90e5d.jpg,-2.615415873e-09
2839038702_e168128665.jpg,1.288021357e-09
3067971348_69af5bb309.jpg,2.982814177e-09
2860202109_97b2b22652.jpg,7.732487602e-09
3245250964_9d3e37111e.jpg,1.674370896e-09
1806580620_a8fe0fb9f8.jpg,-1.272822172e-09
239807547_4923efc821.jpg,3.589645657e-09
1566117559_f5d98fbeb0.jpg,-3.802163549e-09
2759813381_73303113d9.jpg,1.457623154e-09
3000722396_1ae2e976c2.jpg,-1.495379763e-09
278007543_99f5a91a3e.jpg,6.104554654e-10
947664583_7c63172366.jpg,-2.301299108e-09
325576658_59f68bdbd6.jpg,-6.206624022e-09
2415265825_fbfe0c8556.jpg,5.197149208e-09
3364796213_b8948913b5.jpg,5.804416304e-09
2058091220_2087270068.jpg,2.236057908e-09
2295216243_0712928988.jpg,8.629667284e-09
506808265_fe84ada926.jpg,-1.391227521e-09
557601144_50b8c40393.jpg,3.239811801e-09
3613667665_1881c689ea.jpg,-2.825754135e-09
3603116579_4a28a932e2.jpg,-3.309584984e-10
1112212364_0c48235fc2.jpg,-7.3488079e-10
2855910826_d075845288.jpg,4.257800356e-09
2801851082_8c3c480c0f.jpg,2.006043073e-09
2861413434_f0e2a10179.jpg,-1.114178298e-08
3439243433_d5f3508612.jpg,-5.761928885e-09
3038045802_93f2cd5fbc.jpg,9.424847051e-09
412101267_7257e6d8c0.jpg,7.294510366e-09
3371887001_44ab0c2f17.jpg,7.160484344e-09
260392825_ea61660633.jpg,-8.778411938e-09
3688858505_e8afd1475d.jpg,2.981579039e-09
236144859_52f9e38885.jpg,-1.730293156e-09
3207775692_bb897d9afd.jpg,-1.413374929e-09
3193335577_9bdbaf9f70.jpg,-4.174199544e-09
543291644_64539956e9.jpg,-3.989550678e-09
1781227288_6811e734be.jpg,4.73109554e-09
2892995070_39f3c9a56e.jpg,-2.791077433e-09
2939371251_f923569a72.jpg,2.628213999e-09
2913972180_547783dd3d.jpg,8.296699417e-10
534655560_dc1c335b3f.jpg,-1.000139663e-08
3162289423_4ca8915d0c.jpg,-1.763074012e-09
3375549004_beee810e60.jpg,-2.905492755e-09
3680031186_c3c6698f9d.jpg,-8.987758862e-09
476759700_8911f087f8.jpg,1.169292625e-09
487894806_352d9b5e66.jpg,-4.231662031e-09
3157039116_d82da4e66b.jpg,2.048195927e-09
3264937930_9623496b64.jpg,2.126874358e-09
2565657591_6c1cdfc092.jpg,6.700139007e-09
3320154278_c67e01b8d1.jpg,1.768354362e-09
3557295488_600d387347.jpg,4.864620722e-09
3488512097_e500cb499f.jpg,4.506638622e-09
1436760519_8d6101a0ed.jpg,-2.446399261e-09
2425262733_afe0718276.jpg,-8.249634938e-09
278388986_78ba84eb8f.jpg,5.605854738e-09
3260975858_75d0612a69.jpg,5.082496519e-11
3702038926_966fdaa311.jpg,-3.193578252e-10
3449718979_e987c64e2d.jpg,-1.694577097e-09
2428094795_d3a8f46046.jpg,-5.975591278e-10
2479162876_a5ce3306af.jpg,2.196560607e-09
3256272547_5ae6c66293.jpg,2.255967143e-09
3621717946_d96f8a6012.jpg,-4.887876519e-09
260162669_c79a900afb.jpg,3.533093884e-10
3256043809_47258e0b3e.jpg,6.06045149e-10
3721799573_2f470950e0.jpg,-1.521003933e-09
3310067561_b92017acab.jpg,-3.746858057e-09
2635400219_2e1a984fd3.jpg,6.566163844e-09
3004823335_9b82cbd8a7.jpg,-4.680459838e-10
3349955993_a04aea97d8.jpg,4.924584416e-09
3571193625_835da90c5e.jpg,-3.422763086e-09
2552949275_b8cdc450cc.jpg,-9.419005567e-09
72218201_e0e9c7d65b.jpg,3.372848501e-09
1142847777_2a0c1c2551.jpg,9.592484548e-09
105342180_4d4a40b47f.jpg,4.986018995e-09
3217240672_b99a682026.jpg,-4.206015424e-09
2272967004_1531726d71.jpg,-2.195979122e-09
3296124052_6f1d1c9f8d.jpg,-4.879683985e-10
3651107058_d84d4c3c25.jpg,-3.002290734e-09
2434074318_e35a567220.jpg,6.299744374e-11
96973080_783e375945.jpg,1.605250246e-09
2658009523_b49d611db8.jpg,2.950024862e-09
2612608861_92beaa3d0b.jpg,1.21835338e-09
1303727066_23d0f6ed43.jpg,-1.463913009e-11
2214132302_80064fd79d.jpg,2.725495297e-09
2514581496_8f4102377e.jpg,2.001113008e-09
3326024473_4c16e4fbfc.jpg,1.031282208e-08
2882743431_c3e6cd1b5c.jpg,-3.847674399e-09
3541962817_78bcd3835b.jpg,-1.779815887e-09
2307118114_c258e3a47e.jpg,-3.530625736e-09
3583065748_7d149a865c.jpg,5.363727586e-09
3632197966_0c5061025f.jpg,1.597348615e-09
279901198_e7a88c855a.jpg,-8.609275501e-10
1827560917_c8d3c5627f.jpg,-5.141484085e-09
1923476156_e20976b32d.jpg,-2.041461921e-09
3462165890_c13ce13eff.jpg,5.45557316e-09
453473508_682c0a7189.jpg,-6.101957301e-09
3223709894_97824ba76f.jpg,5.801614723e-09
1394927474_0afdd82fc4.jpg,-1.852721247e-09
3474985008_0a827cd340.jpg,8.992512704e-10
581419370_30485f3580.jpg,8.453784483e-10
3538021517_b930dc76fc.jpg,2.056465591e-09
3436063693_15c8d377a2.jpg,1.158488773e-09
2528552898_9e49a7033f.jpg,1.925032142e-09
3664928753_7b0437fedf.jpg,3.188609234e-09
485312202_784508f2a9.jpg,2.483119388e-09
3634785801_4b23184a06.jpg,4.84246491e-09
2817847072_5eb3bc30ac.jpg,-3.22072078e-09
3280672302_2967177653.jpg,-7.249279435e-09
1881494074_1bebd93089.jpg,-4.699326952e-09
3323498985_fd9d2803fd.jpg,-2.318233794e-09
3348785391_c243faf6bb.jpg,-5.772006444e-09
3119887967_271a097464.jpg,2.832625611e-09
3301754574_465af5bf6d.jpg,-2.236966005e-09
3672109677_8caa992671.jpg,-4.324667294e-09
3670907052_c827593564.jpg,-3.614050544e-10
3595080592_5fd55570e5.jpg,-4.335473825e-09
3495453699_1c9faedf3c.jpg,6.779154844e-09
3550276904_19de3561c5.jpg,1.866413603e-09
2428797297_7fc3c862db.jpg,6.627408409e-09
421808539_57abee6d55.jpg,-1.176952318e-09
248174959_2522871152.jpg,1.92142655e-09
435054077_3506dbfcf4.jpg,1.959176499e-09
3640241166_b1ab7a8e7a.jpg,2.184470341e-09
2874984466_1aafec2c9f.jpg,3.976445015e-09
3287236038_8998e6b82f.jpg,6.163179317e-09
2453990033_df53f0d8c8.jpg,4.413320246e-09
2736508369_fd9ff0b42f.jpg,2.232723318e-09
3092370204_029b6bc10a.jpg,-2.055362677e-09
191003284_1025b0fb7d.jpg,2.241472982e-09
1466307489_cb8a74de09.jpg,-8.159381593e-10
2255685792_f70474c6db.jpg,-3.186995939e-09
2629402527_6dfc5c504b.jpg,-2.011079818e-09
2687539673_d54a8dc613.jpg,4.050827652e-09
124881487_36e668145d.jpg,-6.315787917e-09
2303016989_0deb96c8d9.jpg,2.208476526e-09
2838125339_3dd314e315.jpg,9.634899768e-10
316833109_6500b526dc.jpg,2.618960711e-09
3573436368_78f0ccdf01.jpg,9.043974861e-10
3088399255_1bd9a6aa04.jpg,-1.907311963e-09
250892549_1e06a06a78.jpg,-5.238319099e-09
3711611500_ea47b58b6f.jpg,-2.813719048e-09
1096395242_fc69f0ae5a.jpg,5.871278905e-09
3545586120_283d728a97.jpg,2.021802639e-09
1089181217_ee1167f7af.jpg,1.150264298e-09
3116985493_04b1dc3345.jpg,-5.827987563e-09
3706653103_e777a825e4.jpg,6.491048482e-09
380041023_0dfd712ef1.jpg,3.921141672e-09
3497224764_6e17544e0d.jpg,-2.414036219e-09
410422753_de506155fa.jpg,-1.594020634e-09
3006093003_c211737232.jpg,-1.377400176e-09
857914283_270d7d1c87.jpg,-4.449494613e-09
107318069_e9f2ef32de.jpg,-7.601873389e-10
3175849727_bf30b892cb.jpg,6.772749092e-09
2641770481_c98465ff35.jpg,-2.395995877e-09
3437693401_202afef348.jpg,1.828340928e-09
3555231025_73fa54fa29.jpg,1.744239377e-09
2196316998_3b2d63f01f.jpg,-4.129147855e-09
245442617_407eba1e98.jpg,2.820001086e-09
3353400143_8b9543f7dc.jpg,8.273906713e-10
413231421_43833a11f5.jpg,6.975624359e-10
2200901777_f6c168bd32.jpg,6.465492694e-09
2493469969_11b6190615.jpg,1.2771583e-09
3756150099_50882fc029.jpg,-2.975603195e-09
3404978479_8a81843e17.jpg,3.538038857e-09
3268191118_ba25fabab6.jpg,2.721781217e-09
2603334363_cfa32c4482.jpg,1.376832598e-09
3181409177_edb09c2718.jpg,-1.401363761e-09
3656206975_09e6ce58bd.jpg,-1.377452628e-10
2940366012_1ef8ab334e.jpg,-6.158910695e-09
2318721455_80c6644441.jpg,7.764641709e-09
2976155358_b4dd4407cf.jpg,-9.65065003e-10
3518118675_5053b3f738.jpg,-4.388835879e-09
2894850774_2d530040a1.jpg,2.767844493e-09
900144365_03cd1899e3.jpg,1.443696309e-09
3300019891_8f404d94a1.jpg,3.007957937e-09
3457460673_800d7f7dd9.jpg,-2.731179228e-09
1428641354_f7453afbea.jpg,3.332245552e-09
2285741931_07159a21f2.jpg,4.026456138e-09
3666056567_661e25f54c.jpg,2.814338162e-09
2505988632_9541f15583.jpg,-2.04386629e-09
177302997_5b2d770a0a.jpg,-5.534912974e-10
1087168168_70280d024a.jpg,7.535144726e-09
1397295388_8a5b6b525d.jpg,-9.318391213e-09
2261257940_449b6e6c91.jpg,-2.052180886e-09
3566225740_375fc15dde.jpg,8.997252993e-09
3172283002_3c0fc624de.jpg,1.572164951e-09
3324056835_84904fe2f8.jpg,-4.248996161e-09
1053804096_ad278b25f1.jpg,7.085189497e-10
2943079526_e9033a6556.jpg,4.935342895e-10
3647283075_3005333222.jpg,4.83148898e-09
2944836001_b38b516286.jpg,1.924106229e-09
3576060775_d9121519cc.jpg,1.530665749e-10
3399906919_bc8562b257.jpg,-5.306610856e-12
2490863987_715383944a.jpg,3.349251321e-09
2256133102_e2c8314ecb.jpg,6.813664983e-09
3493000349_81c540e828.jpg,-7.643493785e-09
3530342993_a4a1f0e516.jpg,-3.542724982e-10
3182405529_7692256746.jpg,-4.860705668e-09
2797149878_bb8e27ecf9.jpg,-1.820994598e-09
470887795_8443ce53d0.jpg,4.911316435e-09
2081679622_6f1442367d.jpg,2.786070682e-09
2987096101_a41896187a.jpg,6.060993988e-09
3401333624_4b6af8c1d7.jpg,4.936011688e-09
2090545563_a4e66ec76b.jpg,-4.652509563e-09
445861800_75fc6a8c16.jpg,-6.24050536e-09
1423997242_ea2189ec5e.jpg,6.549124604e-10
380034515_4fbdfa6b26.jpg,1.866725082e-09
472535997_0dbf42b9f3.jpg,-7.171596057e-09
3162095736_cc41dd41ff.jpg,2.552177638e-10
1002674143_1b742ab4b8.jpg,-1.531893584e-09
3375991133_87d7c40925.jpg,-7.019551475e-09
1303550623_cb43ac044a.jpg,-7.961230128e-09
3437781040_82b06facb3.jpg,1.368978912e-09
539493431_744eb1abaa.jpg,2.475436586e-09
1211015912_9f3ee3a995.jpg,-1.801555987e-09
2655647656_ee450446ed.jpg,-1.3716108e-09
2792212974_23b1ef05fa.jpg,-7.273732637e-09
3595216998_0a19efebd0.jpg,6.636194898e-09
423066487_07757b2b49.jpg,5.239739372e-09
2823575468_15f6c345fc.jpg,2.319278864e-09
3263215700_e27f81f8b9.jpg,6.145078017e-09
2892395757_0a1b0eedd2.jpg,-3.871868015e-09
519059913_4906fe4050.jpg,-1.607467097e-09
2384550175_e421d3a871.jpg,-4.154895842e-09
3548191125_514f47e493.jpg,-1.569539549e-08
2822290399_97c809d43b.jpg,-3.207711414e-09
241345864_138471c9ea.jpg,3.171597842e-09
2466420387_86fe77c966.jpg,2.510409987e-09
229862312_1a0ba19dab.jpg,-6.14312482e-10
1573017288_4d481856e2.jpg,-1.957777721e-09
3355494822_61353a224d.jpg,-1.153321617e-09
2352414953_10f3cd0f1f.jpg,-1.30540726e-09
2751602672_ca5e1f6447.jpg,-2.454220966e-09
3518755601_cebf11e515.jpg,2.136955535e-09
3442622076_c3abe955e5.jpg,8.466367747e-10
2862509442_4f5dc96dca.jpg,-6.760830885e-10
1263126002_881ebd7ac9.jpg,-2.6138437e-09
3154528397_89112faf4b.jpg,3.235983592e-10
554774472_b5d165ff69.jpg,-4.945565803e-09
2460126267_0deea8b645.jpg,-9.41568361e-09
3504158556_1d410c8ff7.jpg,6.147536957e-09
2431723485_bc6b8e6418.jpg,4.428992715e-09
1473080948_bae2925dc8.jpg,-3.93435603e-09
3594822096_e1144b85d6.jpg,9.68172205e-10
3232470286_903a61ea16.jpg,3.576438504e-09
2599131872_65789d86d5.jpg,-2.736236396e-09
262570082_6364f58f33.jpg,-9.716926914e-09
2912476706_9a0dbd3a67.jpg,1.834652825e-09
3016726158_4d15b83b06.jpg,6.909705098e-10
2661489896_cc3425777e.jpg,2.748611453e-09
3404552106_f516df0f5b.jpg,5.512332598e-09
2204277704_f1c8c741ed.jpg,-3.492829906e-09
2050067751_22d2763fd2.jpg,7.137491653e-10
350443876_c9769f5734.jpg,-2.988841382e-09
2450299735_62c095f40e.jpg,2.205755707e-09
769260947_02bc973d76.jpg,-5.416686613e-09
2970067128_8842ab3603.jpg,5.109033296e-10
2342478660_faef1afea8.jpg,-5.803394497e-09
485245061_5a5de43e20.jpg,6.923327203e-10
3621649810_cca783b777.jpg,1.463262729e-09
3346918203_986dca6641.jpg,5.866686183e-10
3272002857_ace031f564.jpg,2.825778495e-09
3104400277_1524e4f758.jpg,-4.26606983e-09
2231847779_1148d1c919.jpg,-1.319995767e-10
3308488725_f91d9aba27.jpg,2.797990535e-10
2712974062_6d5b6aa7f0.jpg,1.851195021e-09
2757803246_8aa3499d26.jpg,4.76947497e-09
3126773489_7ae425af17.jpg,6.622780068e-09
2960033435_c20cc7399a.jpg,4.632584927e-09
2502007071_82a8c639cf.jpg,-4.176195246e-09
3132619510_7dfc947d25.jpg,2.350689374e-09
3028095878_07341efc9c.jpg,-1.448316716e-09
247704641_d883902277.jpg,1.096664008e-09
3359551687_68f2f0212a.jpg,1.54619162e-09
824123145_59243e504e.jpg,3.033248846e-09
3285993030_87b0f1d202.jpg,-6.883866145e-10
1663454406_5e2cf8c5bb.jpg,-1.057999729e-08
2147199188_d2d70b88ec.jpg,-3.347993648e-09
236474697_0c73dd5d8b.jpg,-7.145389115e-09
3308018795_68a97a425c.jpg,-7.710430495e-10
275516348_cbccebc125.jpg,2.970428528e-09
3174228611_6cf9d2266b.jpg,3.348786736e-11
2420546021_4a59790da6.jpg,-1.906276322e-10
3009018821_ba47396e24.jpg,1.860226461e-09
2287023569_fd7a9c60b8.jpg,-3.645639453e-09
3519155763_045a6a55e2.jpg,6.970963949e-09
2309327462_82a24538d4.jpg,-1.698006428e-11
609681901_66809d2dc1.jpg,-7.430411146e-09
3344411431_6f4917bb2f.jpg,-4.406496316e-09
3726700898_c50494b8bd.jpg,4.841105251e-09
3603064161_a8f3b6455d.jpg,3.907747511e-10
415793623_6c1225ae27.jpg,8.460639117e-09
3225296260_2ee72b4917.jpg,-3.508305991e-09
2952320230_26601173be.jpg,8.279328832e-09
2400958566_4e09424046.jpg,2.482160456e-09
2286239223_d84ffc4e4a.jpg,8.854495292e-10
888517718_3d5b4b7b43.jpg,-3.695995994e-10
3259228898_cefd04580b.jpg,-1.803136111e-09
3374054694_fa56f29267.jpg,-1.89907093e-09
3317960829_78bbfafbb6.jpg,-2.203716014e-09
1332815795_8eea44375e.jpg,3.798627177e-10
3106340185_80d0cb770a.jpg,-1.464837507e-09
1244140539_da4804d828.jpg,2.642033578e-09
2193223202_4d908c0450.jpg,-7.57699179e-09
69189650_6687da7280.jpg,2.849642512e-09
517102724_a0f3069156.jpg,1.429176546e-09
230016181_0c52b95304.jpg,1.951523249e-10
3217620013_8b17873273.jpg,-1.046116634e-09
3429351222_17ae744daf.jpg,2.135285632e-10
3454199170_ae26917dcd.jpg,-5.776788724e-09
3580375310_46ec3e476c.jpg,1.437148309e-09
3594029059_cee1f4c59a.jpg,-5.350745027e-10
2657484284_daa07a3a1b.jpg,4.748282868e-09
2869009633_ea3cafd437.jpg,-1.574928116e-09
3664297064_a4d45cbbbc.jpg,2.145050253e-09
3463523977_f2ed231585.jpg,6.728899577e-10
2745811124_12c4426b8b.jpg,-4.531621835e-09
2696636252_91ef1491ea.jpg,-7.915964443e-09
2579266054_1ec58aa92f.jpg,2.451765849e-09
279728508_6bd7281f3c.jpg,-1.578311686e-09
3619232550_0b1e1fd4e4.jpg,2.868241513e-09
3639428663_dae5e8146e.jpg,-6.630536923e-09
2808870080_4ea4f3327e.jpg,-2.319396914e-09
431018958_84b2beebff.jpg,-6.212770028e-09
3427852996_d383abd819.jpg,2.887063614e-09
1529044279_4922ead27c.jpg,-1.150696971e-08
2307807200_91fa29cba1.jpg,-7.677924539e-09
405534893_2d0f3b0147.jpg,-1.086827662e-09
2885111681_dc328ecfff.jpg,-5.745515408e-09
2921094201_2ed70a7963.jpg,-9.928290255e-10
772212710_f5fc22ed35.jpg,2.261589421e-10
2664103423_c539f61016.jpg,5.811527163e-09
315880837_90db309bab.jpg,-2.477875583e-09
2108799322_e25aa6e185.jpg,-8.462981168e-10
1956678973_223cb1b847.jpg,-6.293006794e-10
219730733_6a55382dd2.jpg,-3.212322174e-09
2914800692_0c512d27b8.jpg,8.853035824e-09
2248487956_2603f55ab9.jpg,9.66766628e-10
483841513_e660391880.jpg,-3.585885321e-09
1674612291_7154c5ab61.jpg,-7.420449027e-09
2288530008_4ebcee2174.jpg,-6.983424311e-09
3729525173_7f984ed776.jpg,7.045787514e-09
2257294002_0073263c54.jpg,5.819638871e-10
2914737181_0c8e052da8.jpg,-1.277393738e-08
539744890_85e63f5854.jpg,8.316868096e-09
3513265399_a32e8cfd18.jpg,-5.478993515e-10
1625306051_7099519baa.jpg,-3.371230427e-10
2642350864_099c0f2152.jpg,9.693286446e-10
756909515_a416161656.jpg,5.20624335e-09
2939197393_93dc64c4bb.jpg,3.601365483e-09
2070831523_5035d5537e.jpg,-1.889903829e-09
2986671935_0c60bbb3fa.jpg,-8.730228677e-10
156967462_72db9b722c.jpg,2.552512321e-09
1425919702_ddb761aeec.jpg,-5.274154877e-09
3048380686_732db55281.jpg,2.162021868e-09
3226541300_6c81711e8e.jpg,1.601645892e-09
482907079_22085ada04.jpg,3.834186467e-10
108899015_bf36131a57.jpg,-4.014122092e-10
2623939135_0cd02ffa5d.jpg,2.598581612e-09
3421177332_a05741cfa4.jpg,1.780928344e-09
3322443827_a04a94bb91.jpg,-9.677416808e-10
2597737483_6518a230e4.jpg,-5.266483172e-09
3067500667_0fce8f28d4.jpg,-1.211652142e-09
2521878609_146143708e.jpg,9.095459957e-09
1772859261_236c09b861.jpg,4.986875456e-10
2266901263_4324af1f03.jpg,2.128980288e-09
3351667632_00f586a30c.jpg,-2.074315533e-10
1305564994_00513f9a5b.jpg,2.800727441e-09
2196050115_e236d91f52.jpg,-1.759236507e-09
3014986976_0e7b858970.jpg,-2.413165414e-09
505955292_026f1489f2.jpg,-7.988949946e-09
670609997_5c7fdb3f0b.jpg,-1.007504557e-09
416650559_cd08d3cd96.jpg,-2.013927362e-09
3587781729_bd21ce7b11.jpg,-4.623106077e-09
3424927725_c4d1fcfac3.jpg,3.569247463e-10
3329777647_5e1fd503ac.jpg,1.688614081e-09
3084380974_268a0f9236.jpg,2.706265325e-09
2358898017_24496b80e8.jpg,3.375804729e-09
446286714_dcec7f339e.jpg,-2.436882915e-09
342872408_04a2832a1b.jpg,-4.816110537e-09
3613027188_1645ca1976.jpg,2.660901026e-09
3493255026_5fdaa52cbe.jpg,-3.202244978e-09
3474912569_7165dc1d06.jpg,-1.791923861e-09
3091916691_b1c96669c6.jpg,-2.934178247e-10
2998861375_02817e0147.jpg,-5.201382883e-09
1248734482_3038218f3b.jpg,-9.382460648e-09
3514019869_7de4ece2a5.jpg,1.341239868e-09
2324917982_f3db8c11e9.jpg,-4.417147763e-09
2198511848_311d8a8c2f.jpg,-4.08305057e-09
3578841731_f775cab089.jpg,-2.079635569e-09
3427402225_234d712eeb.jpg,1.953206489e-09
3134644844_493eec6cdc.jpg,6.923852717e-09
2500567791_101d5ddee3.jpg,2.008537008e-09
976392326_082dafc3c5.jpg,-3.984735249e-09
3052196390_c59dd24ca8.jpg,3.386989574e-09
3035118753_69287079dc.jpg,-3.0619417e-09
2308256827_3c0a7d514d.jpg,-2.519687172e-10
2097398349_ff178b3f1b.jpg,-2.019318403e-09
2933643390_1c6086684b.jpg,-4.638437289e-10
132489044_3be606baf7.jpg,2.190132064e-09
2900274587_f2cbca4c58.jpg,-4.305949596e-09
2288315705_5f4c37d932.jpg,1.041544309e-09
2795352290_9209b214f3.jpg,-2.947030468e-09
1721637099_93e9ec2a2f.jpg,-7.422460488e-09
2744705574_519c171ca0.jpg,-1.970986217e-09
3127142756_bf0bfcb571.jpg,6.542653068e-09
125319704_49ead3463c.jpg,2.187317438e-09
3263497678_8bb688ca01.jpg,-2.998477288e-09
244774022_a12c07afdb.jpg,-2.752724812e-09
2102030040_2e8f4738f7.jpg,3.267476262e-09
523692399_d2e261a302.jpg,5.923812157e-09
3348811097_0e09baa26f.jpg,-6.432658068e-09
2966552760_e65b22cd26.jpg,-2.199068755e-09
2647062476_5ef31ba867.jpg,-2.468876238e-09
280706862_14c30d734a.jpg,2.065962317e-10
421153376_d1d325568f.jpg,1.466547461e-09
3699318394_6193f2c8e0.jpg,1.254381347e-09
664470170_6a1ad20c45.jpg,5.068486856e-10
2399114095_c3196ff456.jpg,5.456444077e-09
2660480624_45f88b3022.jpg,5.379027981e-09
1460352062_d64fb633e0.jpg,8.844162351e-10
2385146732_d1c67c790e.jpg,2.259557215e-09
3185645793_49de805194.jpg,2.95364359e-09
3384314832_dffc944152.jpg,7.2677853e-10
1449370354_380c4123c9.jpg,-1.39174985e-09
997338199_7343367d7f.jpg,-3.889812231e-09
2670637584_d96efb8afa.jpg,6.441105482e-09
3501936223_6122a13d27.jpg,-1.996428386e-09
3072114570_e1c0127529.jpg,4.171445069e-09
3461106572_920c8c0112.jpg,7.633610626e-09
804087017_330bcc8c56.jpg,2.737131486e-09
2559921948_06af25d566.jpg,1.803677823e-10
2044063458_fcc76a7636.jpg,2.300577034e-10
2901880865_3fd7b66a45.jpg,-3.65255422e-09
890734502_a5ae67beac.jpg,6.401983909e-09
1394396709_65040d97ab.jpg,-6.861224961e-10
3416339125_0860d3d1eb.jpg,5.893840983e-09
3628043835_9d9bd595a7.jpg,-3.264805156e-09
3665169936_01ae94c9fd.jpg,7.794693978e-09
2735558076_0d7bbc18fc.jpg,1.561421339e-09
3634400263_c6fcaa48e1.jpg,1.299219482e-08
3370085095_6abbb67c1d.jpg,-1.081673358e-09
3675825945_96b2916959.jpg,-3.365548482e-09
3563924606_5914392cd8.jpg,-1.715021924e-09
199809190_e3f6bbe2bc.jpg,-2.253370745e-09
2557507575_b247f145bc.jpg,-4.711173688e-09
561940436_64d6fc125d.jpg,-1.262823469e-09
1917203130_fcaff8b10e.jpg,-1.072833865e-08
3272847211_9e8a4f8308.jpg,-1.261026585e-09
3533451027_b078e4631b.jpg,-1.496294832e-09
700884207_d3ec546494.jpg,2.132288735e-09
470887781_faae5dae83.jpg,-5.716367696e-10
1499581619_a5f65a882c.jpg,-4.212133795e-09
3407584080_c6abf71ae3.jpg,-6.403157847e-10
3606909929_90a1a072b7.jpg,2.120053499e-09
3042483842_beb23828b9.jpg,7.597944425e-09
2623247254_3bfc795121.jpg,-6.492377648e-09
3396157719_6807d52a81.jpg,3.300843884e-09
3604384383_db6805d1b9.jpg,-2.415240435e-09
2313230479_13f87c6bf3.jpg,-1.14911587e-09
3500115252_9404c066a8.jpg,-4.619320345e-09
961611340_251081fcb8.jpg,1.001558811e-09
3699522388_2333f01f40.jpg,-2.308170902e-09
392467282_00bb22e201.jpg,8.572016255e-09
3485599424_94de8ede51.jpg,-9.725401245e-11
489372715_ce52da796a.jpg,3.249500803e-09
2673148534_8daf0de833.jpg,-2.913148986e-09
3443030942_f409586258.jpg,-2.753881841e-09
1401961581_76921a75c5.jpg,-4.807253087e-09
1155138244_859fd6e079.jpg,-1.044443055e-09
219843860_332e5ca7d4.jpg,-2.543233129e-09
3700322513_50f0d45bfa.jpg,-7.087088221e-10
109823394_83fcb735e1.jpg,1.565420619e-10
293879742_5fe0ffd894.jpg,-4.79530357e-09
3051754615_3d6494c2ae.jpg,7.00644193e-09
54723805_bcf7af3f16.jpg,6.742638561e-10
3436418401_b00ceb27c0.jpg,1.772033997e-09
3508051251_82422717b3.jpg,1.863642035e-09
534056823_0752303702.jpg,6.602628181e-09
3653484549_f316590b0f.jpg,3.007862253e-09
3597326009_3678a98a43.jpg,3.301265437e-09
491964988_414b556228.jpg,4.132852863e-09
2633082074_32c85f532c.jpg,2.982250128e-09
3721812313_6000566803.jpg,4.656906385e-09
2373234213_4ebe9c4ee5.jpg,-1.45880359e-09
315436114_6d386b8c36.jpg,-7.089456095e-09
241346471_c756a8f139.jpg,-5.973532513e-09
1095476286_87d4f8664e.jpg,5.905359359e-10
2883324329_24361e2d49.jpg,2.580486478e-09
1235681222_819231767a.jpg,5.213581771e-09
72964268_d532bb8ec7.jpg,1.270995827e-08
262642489_f5c6b9e65b.jpg,3.337748227e-09
3342822192_082f932ef2.jpg,1.081083852e-09
3475092236_cf45d383c7.jpg,-4.347189404e-09
3215896272_e9b4b547a9.jpg,-2.063500977e-09
2142232919_c857a09dd7.jpg,1.652960222e-09
2189181027_a445b13438.jpg,1.065882055e-08
3274879561_74997bbfff.jpg,3.830635227e-09
309430053_cc58bcc36a.jpg,-1.173284801e-09
241345596_91e0e2daf5.jpg,7.424020008e-10
3621623690_0095e330bc.jpg,1.917255248e-10
3741827382_71e93298d0.jpg,1.897754584e-09
2473737724_355599a263.jpg,-1.130680045e-08
3406116788_c8f62e32d1.jpg,2.517887533e-09
1324816249_86600a6759.jpg,-3.073251093e-09
3468694409_a51571d621.jpg,2.791002702e-09
3030962048_f71948226c.jpg,8.762223728e-09
2467850190_07a74d89b7.jpg,-5.319783072e-09
2319808437_bbbdc317c0.jpg,-1.02105656e-09
1295671216_cde1b9c9d1.jpg,1.301535184e-09
237277765_9e6fa5b99a.jpg,3.371317897e-09
181103691_fb2f956abd.jpg,3.521780777e-09
3640348910_fcd627ec66.jpg,-1.753857663e-09
2879241506_b421536330.jpg,2.482160054e-09
2504056718_25ded44ecb.jpg,5.870712436e-09
2618538137_44fffe10c4.jpg,8.701080963e-09
3425071001_e7c9809ef2.jpg,2.198001792e-09
3472540184_b0420b921a.jpg,-4.524043411e-09
1405221276_21634dcd58.jpg,-1.708913523e-09
2587106431_1cc0e719c6.jpg,-2.10877534e-09
2762702644_2aa3bf9680.jpg,1.499434007e-09
2808098783_c56b44befa.jpg,-6.14621895e-11
2257099774_37d0d3aa9a.jpg,5.502027516e-10
3141440149_00becbbb93.jpg,2.104228273e-09
3304484212_b950233c30.jpg,3.93995664e-09
3475581086_a533567561.jpg,-2.219455787e-09
979201222_75b6456d34.jpg,-2.391091417e-09
3581538034_783b7d0d09.jpg,-4.971996292e-09
2865564810_5c63328cd4.jpg,-3.681178349e-10
3691622437_f13644273c.jpg,2.72883467e-09
3412249548_00820fc4ca.jpg,-1.925041041e-09
131632409_4de0d4e710.jpg,3.665839686e-09
3251648670_9339943ba2.jpg,4.843211271e-09
3712923460_1b20ebb131.jpg,-6.041070506e-09
3189521080_133777bce5.jpg,5.794281716e-09
852469220_bc0fee3623.jpg,-4.154040643e-10
2115849046_2aa9fa8d13.jpg,-4.688141553e-09
1357724865_4faf4e1418.jpg,-2.222695317e-09
3492383096_5bbc08f0da.jpg,-9.67921722e-10
1808504612_3508f3c9bb.jpg,-2.762239389e-09
3725814794_30db172f67.jpg,3.919906907e-09
3493479159_609ebe1b35.jpg,5.293138619e-09
2362377137_9528692825.jpg,6.180985442e-09
319851847_7212423309.jpg,-2.486072642e-10
500446858_125702b296.jpg,2.019160256e-10
3155501473_510f9c9f6b.jpg,5.177554619e-09
408573233_1fff966798.jpg,-2.480526461e-09
470373679_98dceb19e7.jpg,4.422117101e-09
2867699650_e6ddb540de.jpg,1.965269807e-09
488356951_b3b77ad832.jpg,-3.284235401e-09
2944025729_5aecda30ee.jpg,1.553206686e-09
2638981862_6b23833f37.jpg,5.970437324e-09
689359034_4a64c24ca4.jpg,7.365959512e-09
3234115903_f4dfc8fc75.jpg,2.727144459e-09
3332467180_d72f9b067d.jpg,-4.727667294e-09
3365198533_539073002b.jpg,-2.05010046e-09
2419221084_01a14176b4.jpg,3.155301872e-10
1269470943_ba7fc49b4d.jpg,4.610599334e-09
2461990494_c5ece064cc.jpg,9.122917538e-10
1969573381_5ecfae4c80.jpg,-2.212151065e-09
2276120079_4f235470bc.jpg,9.470940926e-10
3399616238_77acf4ee12.jpg,4.177729436e-09
781387473_208ba152b3.jpg,1.646719031e-09
295729735_8360f2e64c.jpg,-6.7387576e-09
1412832223_99e8b4701a.jpg,-2.710427273e-09
673806038_0a3682a83f.jpg,-5.977621522e-09
2908466042_bf07cb52c7.jpg,2.255436951e-09
3726730085_2468ee9220.jpg,-5.472031151e-09
2368266191_87d77750f1.jpg,2.605101185e-09
751074141_feafc7b16c.jpg,2.455034167e-10
3547000169_40191e02ca.jpg,-7.160063414e-09
3516653997_98ec551a67.jpg,3.244361703e-09
3562470436_6e193643ce.jpg,3.576198315e-09
3412450683_7da035f2de.jpg,-3.181635229e-09
1072153132_53d2bb1b60.jpg,-2.297735642e-09
3388330419_85d72f7cda.jpg,-3.681515037e-09
2372763106_ddea79d36e.jpg,-3.724938495e-10
3211437611_bd4af3730b.jpg,2.511525484e-10
897406883_f09f673d94.jpg,6.595501966e-09
482882307_7dcb9eee11.jpg,5.903609191e-09
535123126_c06c1ab9bf.jpg,-7.351954254e-09
3419238351_ac18b440c0.jpg,-2.241371863e-09
3189251454_03b76c2e92.jpg,-6.958172824e-09
2967549094_d32422eb01.jpg,-5.108112962e-09
3123526484_02952e40fc.jpg,-8.585940139e-10
3242354561_54e5a34925.jpg,-3.308856681e-09
3555573680_41c1540a86.jpg,-7.461350305e-10
3542418447_7c337360d6.jpg,-4.353140563e-09
1432342377_3e41603f26.jpg,-3.105864288e-09
3581451227_618854cea4.jpg,2.584759941e-10
2678612999_893ed671f8.jpg,5.708162371e-09
3614881872_ccf9739b0e.jpg,3.504532813e-09
2474092890_6c0781a8ed.jpg,-8.20260893e-09
3143765063_a7761b16d3.jpg,3.88816339e-10
3070011270_390e597783.jpg,-4.22992631e-09
285306009_f6ddabe687.jpg,3.805238804e-09
3671933270_d124e9a1a4.jpg,-1.737096254e-09
267015208_d80b3eb94d.jpg,3.1634617e-09
1597557856_30640e0b43.jpg,-4.909505794e-10
2538423833_d1f492d1fb.jpg,-3.957539153e-09
3534183988_3763593dfb.jpg,-8.043412557e-10
3510695264_ef460fa6cc.jpg,1.398456691e-09
3249738122_decde6c117.jpg,-2.705954363e-09
3468275336_61936db92d.jpg,7.943950554e-09
2737233999_34d60dc5c3.jpg,5.195460466e-09
3338474677_7376e426c2.jpg,-3.517197346e-09
3223606402_bb2aa6db95.jpg,6.454308635e-09
2703155733_19ac6f97a8.jpg,-4.370135788e-09
811662356_f9a632b63c.jpg,5.487362583e-09
475778645_65b7343c47.jpg,-1.005188356e-08
244910177_7c4ec3f65b.jpg,1.037193903e-09
2052702658_da1204f6d1.jpg,-3.587846612e-09
524282699_71e678a6bd.jpg,-3.396159288e-10
255330891_86d65dfdbf.jpg,-1.824335616e-09
1679557684_50a206e4a9.jpg,-7.443563619e-09
3459858555_c3f0087a72.jpg,8.56983375e-09
2891240104_6755281868.jpg,-3.694613384e-09
3385956569_a849218e34.jpg,6.74705735e-09
2190227737_6e0bde2623.jpg,8.312059136e-09
3415589320_71a5bf64cf.jpg,4.451957643e-09
1402843760_d30f1dbf0f.jpg,-2.570850102e-09
795081510_53fd17d101.jpg,1.847451617e-09
1713248099_d860df4e10.jpg,-4.987621358e-09
2905975229_7c37156dbe.jpg,-8.794375724e-10
2757779501_c41c86a595.jpg,-3.402061822e-09
3183875944_b2be694e06.jpg,-2.159966179e-09
3516299821_8f0375d221.jpg,1.082495805e-09
3370308329_7f2de5bb58.jpg,-2.456132488e-09
2727051596_be65bfb3d3.jpg,-1.61086139e-09
3564543247_05cdbc31cf.jpg,-2.526418081e-09
3155451946_c0862c70cb.jpg,1.175013016e-08
688210930_85c5675d5b.jpg,4.974619744e-10
2716251485_d6113f4c8a.jpg,-1.393155944e-09
2282043629_91b7831352.jpg,2.620050551e-09
261737543_b8fdc24671.jpg,-2.494168025e-09
3195969533_98f5de0fab.jpg,-5.322776878e-09
3459156091_c1879ebe28.jpg,5.994204601e-09
2950637275_98f1e30cca.jpg,-8.567732737e-10
1030985833_b0902ea560.jpg,-2.637523526e-09
3072782873_3278f3b3a7.jpg,-6.121089967e-10
2564888404_b57f89d3c7.jpg,2.936137026e-09
3625049113_554d82c2a1.jpg,-5.887661135e-09
1541272333_1624b22546.jpg,-1.730599593e-09
3523474077_16e14bc54c.jpg,-3.827901569e-10
1298866571_b4c496b71c.jpg,-3.593876954e-10
1517340899_ee1c74a8f6.jpg,1.811165213e-10
300577374_bfccb0430b.jpg,-1.461068738e-08
468102269_135938e209.jpg,5.967926775e-09
3608567609_aae96d4a5e.jpg,4.535784705e-09
2980445969_a86f4e6a0e.jpg,-1.478062655e-09
3695517194_2a6b604cb2.jpg,5.585951167e-09
3563059800_c073081ce3.jpg,-3.701395034e-10
387830531_e89c192b92.jpg,-9.901245891e-10
2748435417_ea7bbcc17c.jpg,-1.3681042e-09
2752084369_52e7867da7.jpg,-2.851097099e-09
2868136205_3cf679208d.jpg,3.512551149e-09
3684562647_28dc325522.jpg,-3.853485119e-09
3412036192_d8cd12ed3f.jpg,-8.648920211e-09
1858963639_4588cd4be9.jpg,-1.89341342e-09
454691853_cc1e0fa6a1.jpg,-2.696499818e-09
2914206497_5e36ac6324.jpg,-4.258316046e-09
3225880532_c8d5d1d798.jpg,5.511735742e-09
3696246123_99d4d10140.jpg,-1.865405172e-09
3422219732_3d0be52cc3.jpg,8.165139158e-09
2938072630_d641b63e4d.jpg,1.697505684e-09
3255737244_1f8948fc07.jpg,3.968803872e-09
597543181_6a85ef4c17.jpg,-4.83556842e-09
3494394662_3edfd4a34c.jpg,3.41715076e-09
3579686259_b1fe6aefc9.jpg,-1.873894374e-09
517094985_4b9e926936.jpg,-1.555695013e-09
2106772874_381824648b.jpg,-4.554385118e-09
2466093839_33bbc8cbd9.jpg,5.359707685e-10
473220329_819a913bbb.jpg,1.714594924e-09
513116697_ad0f4dc800.jpg,3.17956354e-10
3173976185_8a50123050.jpg,3.79534322e-09
370713359_7560808550.jpg,5.352566122e-09
3597921737_3fd1d0665b.jpg,-2.124268194e-09
3128164023_ebe8da4c32.jpg,-4.751678714e-09
3214573346_d3a57f0328.jpg,-1.917749727e-09
1418503947_953d373632.jpg,5.431033751e-09
3235542079_2fcf4951a1.jpg,6.627178898e-09
2129430111_338a94f8fb.jpg,5.62149322e-09
2181117039_c4eea8036e.jpg,1.971056243e-09
2451988767_244bff98d1.jpg,3.509153831e-09
3163563871_cef3cf33ea.jpg,1.871650826e-09
3143574389_8a4048fbe2.jpg,3.678754736e-09
2896180326_88785fe078.jpg,-8.402817637e-09
1387785218_cee67735f5.jpg,-6.515475622e-09
3596131692_91b8a05606.jpg,-1.649850928e-09
2842609837_b3a0b383f7.jpg,-1.193415925e-09
3269661567_faf190885a.jpg,-2.774113408e-09
1075881101_d55c46bece.jpg,-1.506164978e-09
760180310_3c6bd4fd1f.jpg,1.743671972e-09
3497238310_2abde3965d.jpg,-1.916069568e-09
3211556865_d1d9becf69.jpg,-1.950583506e-09
3326249355_e7a7c71f06.jpg,-4.447707072e-09
3433470650_a8b1c27173.jpg,2.107560733e-09
1289142574_2bd6a082dd.jpg,-1.240285468e-09
2309860995_c2e2a0feeb.jpg,-5.581133568e-09
2982928615_06db40f4cd.jpg,-1.819887898e-09
2360194369_d2fd03b337.jpg,-9.311661027e-10
3678098428_40c1b74cc2.jpg,1.207628768e-11
3076052114_233f42ae5b.jpg,-7.0802243e-09
1288909046_d2b2b62607.jpg,1.985511994e-09
475317104_1cdc1653b4.jpg,-6.048716022e-09
3547313700_39368b9a2f.jpg,4.6515086e-09
3477778668_81ff0a68e0.jpg,-5.138622713e-09
3208571574_6dc1a461c5.jpg,-1.694574779e-09
3487820317_3728e7569e.jpg,2.624865718e-10
1248953128_24c9f8d924.jpg,2.792778913e-09
3538213870_9856a76b2a.jpg,-3.022329664e-09
457631171_12b1aee828.jpg,4.602790254e-09
2070798293_6b9405e04d.jpg,-2.530337714e-09
3164415865_612f9fd8bc.jpg,6.071214873e-09
2105756457_a100d8434e.jpg,1.377572393e-09
284441196_8ebb216d0d.jpg,-6.451373983e-09
3452982513_36f2bc81fa.jpg,-4.835585643e-09
2084157130_f288e492e4.jpg,7.780973151e-09
2455286250_fb6a66175a.jpg,3.220528841e-09
2618322793_5fb164d86a.jpg,5.838236345e-09
3439982121_0afc6d5973.jpg,4.1763013e-09
2549452277_873cb80d3e.jpg,3.099072877e-09
2095007523_591f255708.jpg,1.120961895e-10
2604305843_ebe3e8a328.jpg,-9.744373058e-10
2923497185_c64004ff2d.jpg,8.366934303e-10
3286017638_c688c83e3d.jpg,-7.328014271e-09
3091594712_2166604334.jpg,3.862921456e-10
2709683703_5385ea9ef4.jpg,-3.931227654e-09
3591170729_406fdb74e5.jpg,-1.558813962e-09
2682194299_92005b26c6.jpg,-2.750020785e-09
2870194345_0bcbac1aa5.jpg,-1.834038541e-09
1472653060_7427d2865a.jpg,3.765470047e-09
3445296377_1e5082b44b.jpg,1.79867078e-09
305749904_54a612fd1a.jpg,8.587918358e-10
248858242_1c33c54ada.jpg,-1.711637075e-10
3431194126_ca78f5fde6.jpg,7.376991897e-09
3246991821_750a3097e2.jpg,5.140937693e-09
2313822078_282dc07531.jpg,7.809577421e-09
3464708890_3cab754998.jpg,4.24706935e-09
2963672852_c28043bb2c.jpg,4.14636082e-09
2171576939_d1e72daab2.jpg,-6.369784325e-10
2419591925_1038c6c570.jpg,9.470295621e-10
2924259848_effb4dcb82.jpg,-5.115076365e-09
1141718391_24164bf1b1.jpg,-1.467511379e-09
389643437_9a9830a3ba.jpg,-3.831432406e-09
1075716537_62105738b4.jpg,-8.805116157e-09
509200598_171a1ab6c8.jpg,5.523827311e-11
380527679_574749123d.jpg,2.059329738e-10
590445887_4d4fa43923.jpg,-1.626133413e-09
3198231851_6b1727482b.jpg,1.596676744e-09
69710411_2cf537f61f.jpg,-1.35818775e-09
3540598210_972f0ff573.jpg,-3.846237213e-09
1924234308_c9ddcf206d.jpg,-3.453081036e-09
3096163135_584901a5ae.jpg,-2.307575143e-09
1745110280_0cbff5e273.jpg,2.012902423e-09
370614351_98b8a166b9.jpg,3.962819775e-09
3689727848_b53f931130.jpg,-2.146176342e-09
244910130_e1f823a28a.jpg,-6.969270113e-10
3542771548_fcb8fa0cba.jpg,-2.786196437e-09
3211453055_05cbfe37cd.jpg,-2.468298858e-09
2428959030_bdffc2812e.jpg,-6.653356582e-09
3540416139_c884f38351.jpg,-6.732690411e-09
1153704539_542f7aa3a5.jpg,1.281101079e-10
3477315700_52a4d740a5.jpg,1.565658863e-09
3255482333_5bcee79f7e.jpg,-3.672972213e-09
2109370875_05241bdda7.jpg,1.239644959e-08
485921585_1974b1577a.jpg,9.940135324e-10
405961988_fcfe97f31e.jpg,-1.12870035e-09
3583903436_028b06c489.jpg,6.644640762e-10
3401437960_7da856e004.jpg,-1.894548494e-09
2087640654_1a84577a44.jpg,2.232685816e-09
241347391_4fcd4639f4.jpg,-4.815467728e-09
2445283938_ff477c7952.jpg,5.084831363e-09
467858872_f3431df682.jpg,1.361182539e-09
2716457668_187a6d2b1c.jpg,-5.411108065e-09
2894217628_f1a4153dca.jpg,-4.200916556e-09
3101378069_f8caa14c0a.jpg,-6.298932133e-09
3149804151_1cc8d10783.jpg,-1.006306492e-08
3143978284_ac086be9a3.jpg,3.0329182e-09
2746839158_4195210d27.jpg,-4.378358859e-09
3543600125_223747ef4c.jpg,-7.80738663e-09
3185662156_c877583c53.jpg,-1.196954212e-10
3685373706_37f2ced9ff.jpg,-2.600749833e-10
1235580648_7eebaed9bc.jpg,2.94472011e-09
2369452202_8b0e8e25ca.jpg,2.336209403e-09
3127888173_9a9a8ac3bd.jpg,-6.815040673e-09
3259119085_21613b69df.jpg,2.541413332e-09
97105139_fae46fe8ef.jpg,8.625087355e-09
2282895743_f803f1cf01.jpg,-3.369422543e-09
3214151585_f2d0b00b41.jpg,1.424207259e-09
3226796100_08c49cfa5c.jpg,-1.51342529e-09
3199895624_4f01798c6f.jpg,-1.304707934e-10
3498327617_d2e3db3ee3.jpg,1.923797059e-09
3268443910_b36dbc1e5c.jpg,2.866706026e-09
2402793046_3385554e81.jpg,4.690701308e-09
2435166927_28b8130660.jpg,1.883522716e-09
3363750526_efcedc47a9.jpg,-1.488995051e-09
3439414478_8038ba9409.jpg,-7.87101744e-09
836768303_d748df5546.jpg,9.777439174e-10
3518608016_46453d8b18.jpg,4.178903749e-09
3053785363_50392f2c53.jpg,-4.108118414e-09
1193116658_c0161c35b5.jpg,-3.116639178e-09
412203580_2c7278909c.jpg,-7.20972326e-11
506882688_b37d549593.jpg,1.127196748e-09
269630255_c3ec75c792.jpg,-2.751993136e-10
2613209320_edf6a2b7e9.jpg,7.280748802e-09
3351596152_bf283f03d1.jpg,-1.783444925e-09
3515665835_22e6fb1193.jpg,-5.83912059e-09
3631671718_d712821757.jpg,4.881918687e-10
524360969_472a7152f0.jpg,-2.008050482e-09
2860872588_f2c7b30e1a.jpg,2.442058362e-09
2930318834_8366811283.jpg,8.371726864e-11
411216802_aead9e67e3.jpg,1.941807848e-09
2389107995_ec756f3514.jpg,-2.535797518e-09
3546027589_253553252a.jpg,2.616866834e-09
2555521861_fc36fd3ab0.jpg,1.10978882e-08
2667783499_3a4f38f636.jpg,-4.858568651e-09
2926786902_815a99a154.jpg,-2.079379794e-09
3258394043_a0b6a94dce.jpg,-1.34839074e-09
408233586_f2c1be3ce1.jpg,4.357090749e-09
1415591512_a84644750c.jpg,5.086535838e-09
837893113_81854e94e3.jpg,1.856824313e-10
3356901257_83811a19eb.jpg,-9.811653308e-09
2815256108_fc1302117d.jpg,-2.638300868e-10
3526897578_3cf77da99b.jpg,4.891643074e-10
3151492269_28d8edaa68.jpg,-1.026921356e-08
1308617539_54e1a3dfbe.jpg,3.247326358e-09
2089350172_dc2cf9fcf6.jpg,-1.839266068e-09
528500099_7be78a0ca5.jpg,2.645318705e-09
2219959872_988e6d498e.jpg,-1.405593782e-08
1456393634_74022d9056.jpg,-2.518949038e-09
3336361161_c06cdd160e.jpg,-3.342917417e-09
2371749487_d80195a2e7.jpg,-6.535946067e-09
455611732_d65bf3e976.jpg,-6.665756855e-10
1975531316_8b00eeaaf7.jpg,2.343482817e-09
954987350_a0c608b467.jpg,-8.41472238e-10
96399948_b86c61bfe6.jpg,4.33848522e-09
3454621502_73af6742fb.jpg,5.840917628e-09
2601008162_f00eeb5c14.jpg,-6.132473246e-09
3424851862_0f51c42922.jpg,-4.966837244e-09
2729685399_56c0e104b1.jpg,7.291945281e-09
2101808682_0d66ef4a08.jpg,3.061886102e-09
2863349041_5eba6e3e21.jpg,2.548434339e-10
207584893_63e73c5c28.jpg,-2.883996652e-09
2460797929_66446c13db.jpg,-5.768016669e-09
1307635496_94442dc21a.jpg,4.475365033e-09
2521770311_3086ca90de.jpg,-2.609696691e-09
3679502342_7fe6ef8a36.jpg,4.590640445e-09
3349528565_0bc013b70a.jpg,3.300065421e-09
2682382530_f9f8fd1e89.jpg,-1.216695241e-10
362316425_bda238b4de.jpg,-4.131837426e-09
3681414069_71ba164f71.jpg,5.419956211e-09
461505235_590102a5bf.jpg,-2.283247764e-09
2195887578_3ba2f29b48.jpg,-5.257122197e-09
3640109324_3ce89e4d1a.jpg,4.788044779e-09
2513260012_03d33305cf.jpg,-1.756207092e-10
895502702_5170ada2ee.jpg,-5.822559226e-09
556568556_bc5124dc8e.jpg,3.96171324e-09
2038662925_f4fa8c2534.jpg,-1.398917779e-11
1130369873_d80a1aa59c.jpg,-3.374435078e-09
2814037463_74de97da86.jpg,-1.019418032e-08
3091177347_58c85c1c3b.jpg,3.608284793e-09
2201192417_d934730fea.jpg,-3.181489229e-09
2394857899_76bfdf720b.jpg,1.560659211e-09
3158327361_6f1a518228.jpg,-3.25673373e-09
3420323191_d66e003264.jpg,-4.208014963e-09
3569329986_1f468729b2.jpg,5.027956481e-09
487487795_54705c406e.jpg,-1.005712264e-08
241347664_4a3e7e5be7.jpg,5.34826394e-09
307994435_592f933a6d.jpg,-5.445408768e-09
3504479370_ff2d89a043.jpg,-3.824575376e-09
2774581025_81a3074e2e.jpg,1.11072862e-09
2381583688_a6dd0a7279.jpg,5.252792089e-09
2560388887_55abc9083d.jpg,-3.2175542e-09
263233914_d25004e4cd.jpg,-3.181976481e-09
3236447445_eecafdf4f0.jpg,-1.82085802e-09
2252635585_b48b3485b0.jpg,1.659268086e-10
2618866067_07cbc83dc5.jpg,1.080259532e-08
3126225245_96cd2c053f.jpg,-1.620718164e-09
326334188_8850b7bfd4.jpg,3.785358175e-09
3284887033_e2e48f1863.jpg,1.030270683e-09
2491343114_a3e35a2a3a.jpg,2.104023298e-09
2467803152_70eeca1334.jpg,6.918152481e-10
3228069008_edb2961fc4.jpg,-5.144341936e-10
2192026581_b782d1355a.jpg,-7.799239427e-10
3726019124_f302b3d48a.jpg,7.432671378e-11
2588927489_f4da2f11ec.jpg,4.270731287e-11
3637013_c675de7705.jpg,1.315384524e-09
3523920786_0eb63993fd.jpg,1.4844885e-09
1337792872_d01a390b33.jpg,-2.430109714e-09
2766630484_ce73f47031.jpg,5.131637513e-11
2396669903_5217a83641.jpg,2.730279189e-09
2183967273_d182e18cf6.jpg,5.645180649e-10
3706356018_28f62290e8.jpg,-2.316855811e-09
3265964840_5374ed9c53.jpg,5.043897573e-09
1355703632_5683a4b6fb.jpg,7.452502816e-10
3530502404_f8c3a3f61c.jpg,2.447186634e-09
3248408149_41a8dd90d3.jpg,1.285870592e-09
2473293833_78820d2eaa.jpg,-1.720851203e-09
2480664591_e6d22ed61c.jpg,-5.598844233e-09
3585598356_8ce815bbb9.jpg,-8.444028101e-10
2844641033_dab3715a99.jpg,3.646757616e-09
1785138090_76a56aaabc.jpg,-3.935221517e-09
3231237864_8cb1c6d863.jpg,5.085931986e-09
3639363462_bcdb21de29.jpg,-1.325487714e-09
1019604187_d087bf9a5f.jpg,1.509164863e-09
1515025681_999199cb79.jpg,-3.689757399e-09
2594902417_f65d8866a8.jpg,-3.203571714e-09
2866820467_ae699235a7.jpg,-5.890241413e-09
3219122000_bd6b4ae5ff.jpg,4.556048507e-09
3677927146_1696f0b075.jpg,5.608527745e-10
3033257301_e2c8a39b04.jpg,-4.983724024e-09
511844627_0ec78e01e9.jpg,-3.959536159e-09
3300679815_2c6c2301cb.jpg,-5.113667191e-09
356143774_ef3e93eede.jpg,5.576740615e-10
2328616978_fb21be2b87.jpg,-6.710033462e-09
2088460083_42ee8a595a.jpg,-4.956025495e-09
514073775_56796be990.jpg,-1.080952257e-09
1143373711_2e90b7b799.jpg,2.118598907e-09
1056249424_ef2a2e041c.jpg,-8.604744408e-09
1417031097_ab656bc4bd.jpg,7.816441444e-09
1356796100_b265479721.jpg,6.78354906e-09
286660725_ffdbdf3481.jpg,4.58899485e-09
539667015_fd0a3bea07.jpg,-9.918792645e-10
3330680118_4e541889c1.jpg,-2.061895666e-09
2677614492_792023b928.jpg,2.665048664e-09
557101732_32bbc47c12.jpg,1.113610975e-09
464251704_b0f0c4c87a.jpg,5.128286347e-09
2586028627_ddd054d8cc.jpg,7.083115368e-09
1244306891_8e78ae1620.jpg,-4.479109197e-09
1821238649_2fda79d6d7.jpg,4.287010644e-09
3505657604_8899161734.jpg,4.003159958e-09
3105691757_817083b0a6.jpg,1.179072534e-08
2562377955_8d670ccec6.jpg,-4.588710994e-09
1355450069_c0675b0706.jpg,-5.859461676e-09
3452341579_0147d2199b.jpg,-6.445831311e-09
3339586622_a7676b30e1.jpg,9.413336874e-09
2192802444_b14bb87b95.jpg,5.40186886e-10
2631300484_be8621d17b.jpg,3.42789462e-09
533483374_86c5d4c13e.jpg,-3.754079839e-09
210686241_b8e069fff3.jpg,4.174775558e-09
2890075175_4bd32b201a.jpg,3.758220855e-09
3182996527_70d9c323d5.jpg,3.898921234e-09
1313961775_824b87d155.jpg,3.017958819e-09
1417941060_2a0f7908bc.jpg,-9.74638297e-10
3173461705_b5cdeef1eb.jpg,2.216435387e-10
3339140382_2e49bc324a.jpg,7.742426603e-09
3050606344_af711c726c.jpg,4.295025268e-09
103195344_5d2dc613a3.jpg,8.490165257e-10
3172369593_eb4d787ffb.jpg,-1.252802615e-09
2930616480_7fd45ca79b.jpg,-2.754456145e-09
3482879314_d3387e95b1.jpg,1.313599102e-09
566446626_9793890f95.jpg,4.570070595e-09
3417662443_2eaea88977.jpg,4.642931729e-09
174466741_329a52b2fe.jpg,2.38837157e-09
2319175397_3e586cfaf8.jpg,-3.610692122e-09
3564436847_57825db87d.jpg,2.774426262e-09
3494105596_f05cb0d56f.jpg,-2.910677173e-10
2283966256_70317e1759.jpg,2.69707934e-09
429270993_294ba8e64c.jpg,1.466065758e-10
540721368_12ac732c6c.jpg,-3.063737332e-09
312427606_defa0dfaa8.jpg,-1.561932924e-09
3404906655_bc51c69c1e.jpg,-3.305036336e-09
3217187564_0ffd89dec1.jpg,-1.793404078e-09
3383388869_a14552e551.jpg,-4.624610912e-09
523991446_65dbc5a4a5.jpg,-1.532697335e-09
2801146217_03a0b59ccb.jpg,2.662943169e-09
839295615_bb9baf2f95.jpg,1.613631272e-10
2436081047_bca044c1d3.jpg,-7.249252685e-09
472396131_6e97068d93.jpg,-9.814620303e-10
3648160673_0c783236a6.jpg,-2.310860282e-09
407569668_19b3f8eaf6.jpg,4.670749446e-09
3607405494_0df89110a6.jpg,-1.023441519e-08
3666169738_a8c74cf745.jpg,-3.15549612e-09
3551447084_becc6a4666.jpg,-1.292367123e-09
2182488373_df73c7cc09.jpg,1.515981378e-09
2003663004_5b70920a98.jpg,3.293038005e-09
1797507760_384744fb34.jpg,-5.387538596e-10
3372214646_cc2ceb182f.jpg,-3.293745018e-09
468930779_8008d90e10.jpg,-3.139315228e-09
3016178284_ec50a09e8c.jpg,1.024832544e-09
3077781040_bc27778609.jpg,4.955122571e-09
3306951622_93b82cac21.jpg,4.543499034e-09
1282392036_5a0328eb86.jpg,-8.023344881e-09
3459570613_3932816d3f.jpg,-1.777661441e-09
2414397449_2ac3b78e0d.jpg,5.869314959e-09
3536561454_e75993d903.jpg,5.151172083e-10
2191453879_11dfe2ba3a.jpg,2.778531172e-09
2274602044_b3d55df235.jpg,-3.314138054e-09
2272426567_9e9fb79db0.jpg,-7.447778913e-10
3312096605_f458757418.jpg,-4.836763319e-09
3225998968_ef786d86e0.jpg,7.255869939e-11
2746072388_b127f8259b.jpg,-2.682015423e-09
3722507770_0d6cb7420e.jpg,-4.906413038e-10
518144037_9a1754b2a6.jpg,-7.95001987e-09
1056359656_662cee0814.jpg,-2.628022194e-09
3177298173_78cea31d64.jpg,-5.829865796e-09
3654869593_c8599a8e20.jpg,2.749290987e-09
772403830_08b72c7da9.jpg,-2.634357447e-09
450596617_ed37ec0fe4.jpg,1.024665982e-08
1425485485_d7c97a5470.jpg,-5.094273531e-09
3088922727_4bdf2ccc94.jpg,2.973872133e-09
3558683579_8fb36b55a6.jpg,6.46397018e-09
3273091032_98f724b36b.jpg,-1.87848175e-09
1860543210_47e94cf652.jpg,-1.101457627e-09
3334953664_a669038795.jpg,-9.976292207e-10
2869765795_21a398cb24.jpg,-2.031419194e-09
3351370405_e417e38f52.jpg,9.819011075e-09
566794440_f9ec673a2f.jpg,5.903821219e-11
3392293702_ccb0599857.jpg,-1.217766093e-09
3567061016_62768dcce1.jpg,1.066278763e-09
3015898903_70bebb8903.jpg,3.013683971e-09
1469000260_5d473c8283.jpg,1.209263489e-09
2517082705_93bc9f73ec.jpg,-7.584905231e-09
3349194268_0ee555c9a2.jpg,-3.633206966e-09
435739506_2daf7f4887.jpg,-3.060080271e-09
319869052_08b000e4af.jpg,-3.788672558e-09
3208074567_ac44aeb3f3.jpg,-4.070016288e-10
2404488732_ca1bbdacc2.jpg,-2.901327146e-10
486917990_72bd4069af.jpg,2.91920767e-09
3009644534_992e9ea2a7.jpg,2.900027645e-09
310728631_155c3bbeea.jpg,-9.942069443e-10
2665461736_595c87f0a3.jpg,-4.757559157e-09
288177922_b889f2e1fe.jpg,-9.121639707e-10
2854959952_3991a385ab.jpg,1.445676503e-09
1837976956_3c45d0f9b8.jpg,9.338021937e-10
385835044_4aa11f6990.jpg,1.712952154e-09
3264650118_be7df266e7.jpg,4.154931238e-09
3649224118_abe73c672c.jpg,1.85049156e-09
2602083686_e8a1af69cf.jpg,2.171500451e-09
374176648_ba4b88c221.jpg,8.35951401e-10
428796930_476a3d6395.jpg,-2.493807129e-10
2088910854_c6f8d4f5f9.jpg,6.299165628e-09
459284240_5a4167bf92.jpg,4.708581118e-09
3394586927_eae7732b64.jpg,-5.820744657e-09
2502835694_4fe121bbea.jpg,3.341909056e-09
2842032768_9d9ce04385.jpg,-3.221235109e-09
2312747482_20a81b2230.jpg,-2.126430197e-09
3330333217_1a69497a74.jpg,5.826402263e-09
2064792226_97e41d8167.jpg,-3.590756737e-10
3614595423_f9e0ab4fb0.jpg,-3.563921708e-09
2540750172_070250ece5.jpg,-7.909843784e-09
2251747182_6b67a3ab8b.jpg,-3.120157875e-09
3631136463_53ff624b82.jpg,-1.891795355e-09
2497608431_8dfefc7a1a.jpg,-3.504251367e-09
1164131282_b30926f332.jpg,1.676878209e-09
2089442007_6fc798548c.jpg,3.866143796e-09
2045023435_181854c013.jpg,-4.113823528e-09
451081733_40218cec31.jpg,1.675101015e-09
3701226275_952547ba0f.jpg,-9.220667992e-09
3613242966_a1c63a0174.jpg,4.504587126e-09
437054333_5c2761b8cd.jpg,-5.070483257e-09
2198484810_50a893824a.jpg,-1.605205821e-09
166507476_9be5b9852a.jpg,-2.309078971e-09
3585495069_33cba06d0a.jpg,7.48835396e-09
33108590_d685bfe51c.jpg,-6.5906634e-09
3066491113_86569e15be.jpg,-2.266776334e-09
3091912922_0d6ebc8f6a.jpg,1.26199351e-09
2860667542_95abec3380.jpg,-9.124687849e-10
1363843090_9425d93064.jpg,5.365390057e-09
2690538407_7ca157be85.jpg,1.437203502e-08
3420469425_2980b4cd30.jpg,5.365483108e-09
2666205903_8d287669e1.jpg,-1.255123311e-09
1280147517_98767ca3b3.jpg,3.736315049e-09
55473406_1d2271c1f2.jpg,-5.326216006e-09
1797554350_20998753c0.jpg,-4.977958351e-09
3569667295_6e51db08ef.jpg,-1.760383294e-09
3457572788_e1fe4f6480.jpg,-3.564924277e-09
3409947123_a8d07edecf.jpg,-3.622271196e-09
181157221_e12410ef0b.jpg,-7.508624166e-10
3737539561_d1dc161040.jpg,1.869254041e-09
2114355355_9d7e2d8178.jpg,-9.689503485e-09
536721406_884ab8fece.jpg,-3.169876563e-09
1809758121_96026913bb.jpg,3.496713806e-09
2473689180_e9d8fd656a.jpg,-2.276906948e-09
2655183854_5852790214.jpg,-3.792250772e-09
3624676866_8f6d0efcc9.jpg,-3.082606902e-09
3551003620_0b02d76f65.jpg,-3.432863825e-09
3451523035_b61d79f6a8.jpg,4.647818956e-09
3072611047_109bf8b7c3.jpg,9.415009006e-10
3049649128_d83d847168.jpg,-1.070449713e-09
3155987659_b9ea318dd3.jpg,-4.45039034e-10
506343925_b30a235de6.jpg,3.835873673e-10
512031915_0dd03dcdf9.jpg,-1.764918194e-09
2686432878_0697dbc048.jpg,-3.108478756e-09
1680126311_b92a2e8e72.jpg,7.03488932e-10
2543247940_083f1b7969.jpg,1.036260637e-09
2696394827_7342ced36f.jpg,-7.260668954e-09
2899374885_f3b2b1a290.jpg,-6.121084293e-09
2611651553_61f859837e.jpg,-4.485411915e-09
3103264875_2a8d534abc.jpg,-1.519915239e-08
2255338013_566127590b.jpg,4.144135798e-09
2036407732_d5a0389bba.jpg,1.023153884e-09
1285067106_2adc307240.jpg,-1.630576257e-09
2687328779_b4356dab16.jpg,5.17805557e-11
3309082580_7228067ee0.jpg,-6.217111656e-09
2189995738_352607a63b.jpg,-4.98379562e-09
2857372127_d86639002c.jpg,2.765622289e-09
397451339_76a84bd310.jpg,4.237761893e-09
185057637_e8ada37343.jpg,-5.622140317e-10
3619381206_5bc8b406f9.jpg,4.942952387e-09
2738077433_10e6264b6f.jpg,5.505751019e-10
583087629_a09334e1fb.jpg,6.528985872e-09
2596100297_372bd0f739.jpg,-3.821387293e-09
2212472643_80238475b5.jpg,5.101297364e-09
3304556387_203b9d4db0.jpg,-1.713935942e-09
3189964753_a95536ced9.jpg,1.294121654e-09
2301379282_5fbcf230d1.jpg,-7.695504519e-09
434938585_fbf913dfb4.jpg,8.340638274e-10
1801063894_60bce29e19.jpg,-1.423215843e-09
2471447879_6554cefb16.jpg,-6.70293697e-10
2853811730_fbb8ab0878.jpg,1.411275932e-09
504385521_6e668691a3.jpg,1.009932708e-08
3221128704_d1205db79b.jpg,2.691926408e-09
2149982207_5345633bbf.jpg,-7.991904819e-10
241346794_4319f8af67.jpg,-2.010167911e-11
109823397_e35154645f.jpg,-1.011568054e-09
3042380610_c5ea61eef8.jpg,3.237359224e-10
252802010_3d47bee500.jpg,-9.350999576e-09
1569687608_0e3b3ad044.jpg,-2.516489789e-09
562928217_21f967a807.jpg,-3.227475897e-09
3441531010_8eebbb507e.jpg,-9.269105308e-10
3707283973_5cdaa39340.jpg,-4.429719963e-10
2298283771_fb21a4217e.jpg,7.196663657e-10
3099694681_19a72c8bdc.jpg,-7.228270492e-09
19212715_20476497a3.jpg,3.048805639e-09
3699763582_f28c5130dd.jpg,-3.734264016e-09
745563422_f4fa7d9157.jpg,1.133937594e-10
1550772959_9ca9fa625f.jpg,5.764563114e-09
990890291_afc72be141.jpg,4.654189642e-11
2481490320_7978c76271.jpg,1.712172111e-08
432167214_c17fcc1a2d.jpg,3.763175348e-09
835415474_7b7f2a9768.jpg,5.330686619e-09
2203449950_e51d0f9065.jpg,5.390129122e-09
2273871383_1ddb3562ea.jpg,5.703596804e-09
3091580843_178042c50b.jpg,2.32046395e-09
3676788491_01e9bc5f15.jpg,-6.244911977e-09
1003163366_44323f5815.jpg,5.797642856e-10
3196995975_3e38eabf01.jpg,7.149216962e-09
2663794355_e726ec7e05.jpg,1.164243696e-08
1056338697_4f7d7ce270.jpg,2.933504708e-09
2726301121_95a2fbd22b.jpg,4.282132111e-10
497122685_a51b29dc46.jpg,-3.929675475e-09
1819261140_6c022f4b1d.jpg,6.351039605e-09
3638318149_b60450bfbe.jpg,-3.673971338e-09
3222041930_f642f49d28.jpg,-2.699362027e-09
2832076014_ff08c92037.jpg,-8.123808892e-09
2663248626_f000f2661d.jpg,4.821070483e-09
365759754_6cf7068c9a.jpg,2.497348742e-10
3048821353_83d4c0cbb9.jpg,-4.986433633e-09
1346529555_e916816cfe.jpg,-2.108611103e-09
109260218_fca831f933.jpg,-2.584935885e-09
3644941648_012ec87848.jpg,2.285385058e-09
1095580424_76f0aa8a3e.jpg,4.649544778e-09
3486340101_ff01d8f3f9.jpg,2.555691809e-09
2561849813_ff9caa52ac.jpg,1.36465144e-09
3281078518_630a7a7f4f.jpg,-3.534777211e-09
1007129816_e794419615.jpg,3.052093603e-10
3293596075_973b0bfd08.jpg,3.366469287e-09
3256275785_9c3af57576.jpg,-5.168796845e-10
2269795781_46a296aa21.jpg,-1.438394514e-09
3043908909_bb54d2c08e.jpg,-5.43894976e-09
3290465391_258429e2f9.jpg,-6.051571253e-09
2247138288_7355861203.jpg,-1.147751428e-10
3364861247_d590fa170d.jpg,-5.313135706e-09
2427558437_3e839056d7.jpg,-1.115425665e-09
2712352554_1cafd32812.jpg,-9.770505491e-10
367964525_b1528ac6e4.jpg,5.513279506e-09
3415646718_f9f4e23a66.jpg,6.274128201e-11
1067675215_7336a694d6.jpg,-4.299361491e-09
3271252073_0a1b9525fc.jpg,-5.008725767e-10
3708177171_529bb4ff1d.jpg,2.559065298e-09
404216567_75b50b5a36.jpg,-4.208588719e-09
3286620180_4b00e93e8e.jpg,2.472628235e-09
3726170067_094cc1b7e5.jpg,-3.895342784e-09
2915538325_59e11276dd.jpg,1.909156089e-09
2766325714_189bbff388.jpg,-3.777658032e-09
401079494_562454c4d6.jpg,1.61507599e-09
733964952_69f011a6c4.jpg,5.347327968e-10
3269087421_1d489abeae.jpg,5.228379614e-09
799199774_142b1c3bb2.jpg,4.988597578e-09
2573141440_28a762d537.jpg,4.424369571e-09
3150380412_7021e5444a.jpg,3.212404959e-09
2902269566_419d9f1d8e.jpg,-5.590178486e-09
2281768510_9cc5728c55.jpg,-1.238686155e-09
114949897_490ca7eaec.jpg,2.440861665e-09
3085667767_66041b202e.jpg,-9.417364044e-09
2635483351_bc1a8273aa.jpg,1.040740357e-08
503090187_8758ab5680.jpg,-1.072467155e-08
3520079657_b828d96d50.jpg,-7.678334286e-10
3005126574_49c28ffbee.jpg,9.053071318e-10
2151056407_c9c09b0a02.jpg,-1.768286291e-09
3222250187_ef610f267e.jpg,1.793389e-09
318070878_92ead85868.jpg,-3.009040464e-10
3658733605_fbcf570843.jpg,-5.900755946e-10
2854234756_8c0e472f51.jpg,2.217210139e-09
282960970_574aa1ba49.jpg,1.046753283e-08
2209888959_d636b1be0b.jpg,-1.222349283e-08
2570365455_41cc9a7d2b.jpg,-3.686759262e-09
2607383384_d9ce9de793.jpg,1.758126783e-09
253762507_9c3356c2f6.jpg,-2.759887365e-09
3354330935_de75be9d2f.jpg,5.224503979e-09
3027009366_c8362521e8.jpg,-1.793141216e-09
2804851816_9aae9071ca.jpg,-5.529123201e-09
358607894_5abb1250d3.jpg,4.629132e-09
294709836_87126898fb.jpg,-2.297966534e-09
3504275465_604ce2ef34.jpg,-7.128739748e-09
3084018061_df66d98325.jpg,-2.427997548e-09
3119887391_212f379797.jpg,-1.109571345e-09
2238019823_79318d1f11.jpg,3.315414949e-09
3365602213_dd3287a633.jpg,5.865340328e-09
3675685612_3987d91d92.jpg,9.583685623e-09
408627152_1feaa4b94e.jpg,-3.158764148e-09
752052256_243d111bf0.jpg,2.11922192e-09
241346215_037e18403a.jpg,-6.454290257e-10
3708748633_e7e3cf4e84.jpg,1.584027981e-09
2836808985_b26e4ca09e.jpg,-3.325806066e-09
1445754124_647168f211.jpg,-2.453683487e-09
2328104318_5a43ca170c.jpg,5.030330049e-09
3301438465_10121a2412.jpg,2.274663565e-09
3021780428_497542a072.jpg,3.430539472e-09
241347271_a39a5a0070.jpg,1.972195433e-09
489551372_b19a6ad0ed.jpg,2.897337909e-11
2768662025_44001fe5d1.jpg,1.031839776e-09
2845845721_d0bc113ff7.jpg,3.757224324e-09
2086534745_1e4ab80078.jpg,1.661437883e-09
3335370208_460fc19bfa.jpg,-1.605966883e-09
2290330500_e7bdaa58e1.jpg,-1.667678086e-09
512045825_1be2083922.jpg,2.287156862e-09
509241560_00e5b20562.jpg,3.297024868e-09
3476237185_9389c536a3.jpg,1.355155233e-09
2694890967_7c7a89de16.jpg,-1.829838933e-09
576093768_e78f91c176.jpg,6.19932873e-09
1528205014_1323aa9dfd.jpg,4.822279274e-09
3424605029_53078d3505.jpg,-6.52359666e-09
3025549604_38b86198f5.jpg,1.388059941e-09
271770120_880e8d8e52.jpg,-2.909061101e-09
2810412010_f8b3bc1207.jpg,9.037118021e-09
527946505_a51ade1578.jpg,-2.050120213e-09
537479916_c033897fac.jpg,6.11489906e-09
2903617548_d3e38d7f88.jpg,5.485930014e-10
145721496_687af9bb18.jpg,3.811615108e-09
3627076769_3b71e73018.jpg,8.504876819e-09
3367758711_a8c09607ac.jpg,2.082483977e-09
2380765956_6313d8cae3.jpg,-2.885522871e-08
3258391809_38fc6211f7.jpg,-6.582631211e-09
3529314899_b4e533bb76.jpg,4.593417873e-09
2844018783_524b08e5aa.jpg,-4.886842911e-09
2496236371_61dec88113.jpg,1.038761606e-09
3078844565_16e9cdcea2.jpg,-2.566986194e-09
2466495935_623b144183.jpg,4.066590897e-09
2944193661_7b255af9cc.jpg,3.923456115e-09
2114126343_a0f74ff63b.jpg,-4.393550656e-09
3461677493_5bfb73038e.jpg,-4.242473486e-09
2792195540_af5fb95caa.jpg,-3.425292603e-09
1124448967_2221af8dc5.jpg,2.647879818e-09
3328535573_33c3cd5b59.jpg,6.018024897e-10
3203908917_53e53c03d1.jpg,2.20863605e-09
1527513023_3d8152b379.jpg,-1.888160703e-09
3353278454_2f3a4d0bbc.jpg,-5.830466434e-09
369244499_752f0c1018.jpg,-5.189092921e-09
2795287622_da187a3e86.jpg,2.303914738e-09
881725588_efabbcd96a.jpg,-6.815270439e-10
3631344685_ed0f3e091b.jpg,7.226968757e-09
3490044563_8eb551ef59.jpg,5.844129987e-09
2619267133_53a5904ef4.jpg,4.659864083e-09
616045808_0286d0574b.jpg,5.510186253e-09
2833560457_24aedf3bef.jpg,2.199669028e-09
522652105_a89f1cf260.jpg,-1.491989691e-09
766061382_6c7ff514c4.jpg,2.05100752e-09
2364394224_c17b09e035.jpg,-5.321014929e-10
2681215810_00b0642f7b.jpg,2.823607683e-09
1526325728_74eb4153d8.jpg,2.699269783e-10
2871962580_b85ce502ba.jpg,-5.409530019e-09
1224851143_33bcdd299c.jpg,2.25864951e-09
3520199925_ca18d0f41e.jpg,-6.469204892e-09
2350400382_ced2b6c91e.jpg,-1.690765437e-09
2826030193_4278ccb833.jpg,1.154646351e-09
2752043092_f48ebfeaa2.jpg,-3.953741433e-09
3305767464_d64a336f60.jpg,-8.323471787e-09
3159424456_f316bdc1d5.jpg,-4.451616721e-09
3186412658_2ab2ebd397.jpg,1.995805618e-09
2662537919_18a29fca8a.jpg,-5.756257074e-09
2832978253_8fcc72da3b.jpg,1.29294322e-10
186346360_541047336f.jpg,-2.092857027e-10
2789937754_5d1fa62e95.jpg,-1.578051752e-09
3150742439_b8a352e1e0.jpg,9.407172459e-09
1160034462_16b38174fe.jpg,4.359824294e-09
2986620935_e97763983d.jpg,4.210778953e-09
3527682660_c5e9fa644a.jpg,1.274941064e-09
2751567262_e089b33ed9.jpg,-2.641171249e-09
2169067981_cc19268f23.jpg,-3.792964219e-09
488196964_49159f11fd.jpg,9.425477619e-10
288880576_818b6ecfef.jpg,5.988693927e-09
2667549961_57e5e2c0a5.jpg,-9.817510998e-10
3540515072_8c951b738b.jpg,-4.054959095e-09
496555371_3e1ee0d97d.jpg,4.996168445e-09
3484820303_7be0e914b4.jpg,-1.530003096e-10
2490768374_45d94fc658.jpg,3.993082256e-09
2579460386_94c489028d.jpg,-2.993663742e-09
2927878881_90b42fc444.jpg,8.164173744e-10
1252396628_eb81d3905b.jpg,3.80161103e-09
2298097636_c5de0079de.jpg,4.132184095e-10
3596428453_8cfdec4869.jpg,2.947387664e-09
3423802527_94bd2b23b0.jpg,-1.070478719e-08
368393384_86defdcde8.jpg,1.065782759e-08
2471974379_a4a4d2b389.jpg,1.70125422e-09
2704379125_9c35650d16.jpg,1.591297287e-10
1859941832_7faf6e5fa9.jpg,7.906206412e-09
415118186_64defc96f3.jpg,3.80037626e-09
3442844140_15aa45e9b8.jpg,1.638505012e-09
1119463452_69d4eecd08.jpg,-6.092686708e-10
343218198_1ca90e0734.jpg,-4.31126104e-09
3218481970_1fa627b3da.jpg,-7.117775684e-10
3321956909_7b5ddf500f.jpg,1.937976227e-10
2390369143_6523253a73.jpg,-9.652688907e-09
2272823323_3b7291cd47.jpg,-4.87098888e-09
649596742_5ba84ce946.jpg,-1.039171276e-09
3697378565_7060d9281a.jpg,1.785533177e-09
3019667009_20db160195.jpg,3.944588879e-09
268654674_d29e00b3d0.jpg,-7.255866744e-09
2251992614_0c601fae2c.jpg,5.505326768e-09
262963190_a78b799e89.jpg,-1.378647e-09
3627216820_4952bacbcb.jpg,-1.525997022e-09
872622575_ba1d3632cc.jpg,8.705920814e-10
2322327298_7948338390.jpg,3.711069781e-09
2039457436_fc30f5e1ce.jpg,-1.2248029e-09
2987328689_96a2d814f1.jpg,3.96575365e-09
2194495372_bdac7d9e71.jpg,4.294767938e-09
375392855_54d46ed5c8.jpg,6.884339726e-09
2766291711_4e13a2b594.jpg,5.941120722e-09
2746910139_77ba5be2c5.jpg,4.507779999e-09
3349307529_c1a516b9dc.jpg,-3.333490782e-09
3282434895_1c1efc1475.jpg,-1.128506188e-09
307327914_f98f576adb.jpg,-1.609881172e-09
1947351225_288d788983.jpg,6.190388296e-09
2481598514_05a65d1f72.jpg,-3.063916176e-10
1271960365_e54033f883.jpg,-1.02976656e-09
2245916742_73af13c733.jpg,-1.750178697e-09
3357937209_cf4a9512ac.jpg,6.758138252e-09
3474176841_cde2bee67c.jpg,-8.196644857e-11
3381584882_341ee3092f.jpg,1.360825576e-09
2460477085_088e25f857.jpg,7.121215131e-11
1141739219_2c47195e4c.jpg,2.089163971e-09
3145967019_1a83ebf712.jpg,-2.734821815e-09
3577235421_69e4efb8d1.jpg,-6.440145649e-09
1414820925_3504c394e1.jpg,3.376667323e-11
3500505549_d848209837.jpg,-9.074400558e-10
2635164923_2a774f7854.jpg,-5.412526859e-10
2432061076_0955d52854.jpg,-3.797325992e-09
2384353160_f395e9a54b.jpg,2.720263163e-09
3613030730_0b28b079ba.jpg,6.071167778e-10
3196100539_102fe877b3.jpg,-5.58113904e-10
2825540754_5e0c13e6b8.jpg,-4.007906234e-09
3407317539_68765a3375.jpg,3.454787627e-09
1402859872_0fc8cf8108.jpg,2.410660868e-09
2452334314_a7c443a787.jpg,-1.896540625e-09
1515883224_14e36a53c7.jpg,-4.563468807e-10
256283122_a4ef4a17cb.jpg,2.650730401e-09
2784408839_53a25a21eb.jpg,-1.580245106e-09
1427391496_ea512cbe7f.jpg,3.854599388e-09
3025513877_1a6160070d.jpg,4.506695446e-09
3282897060_8c584e2ce8.jpg,-2.539608593e-09
2272750492_91e8f67328.jpg,1.391163104e-09
3415311628_c220a65762.jpg,-6.73617933e-10
272156850_c4445a53f4.jpg,-9.6366237e-10
2451285022_59255e7fd9.jpg,2.76016439e-09
3075068274_2a28a5263b.jpg,-2.58517409e-09
2307451605_22e9c06530.jpg,-5.219832446e-09
2281075738_230892b241.jpg,-1.361540284e-08
3231575742_31732664cf.jpg,9.024447163e-09
2376694294_9a4ecc3b90.jpg,1.737851195e-09
441817653_fbdf83060b.jpg,-2.02357161e-09
3421789737_f625dd17ed.jpg,3.963340263e-10
2086513494_dbbcb583e7.jpg,-1.680673257e-09
3544573946_e03aebbfde.jpg,5.552754145e-09
1425069590_570cc7c2d8.jpg,3.119077742e-09
259314892_a42b8af664.jpg,1.101120281e-08
2518853257_02f30e282e.jpg,6.095220015e-10
260828892_7925d27865.jpg,-4.092009209e-09
3551170666_01df31412d.jpg,-2.949669842e-09
260850192_fd03ea26f1.jpg,-2.023665737e-09
3550459890_161f436c8d.jpg,-2.689014858e-09
3347701468_bb0001b035.jpg,7.365319821e-09
2993167197_e5d0a73530.jpg,5.186030088e-10
2544426580_317b1f1f73.jpg,-3.837406178e-09
3183195653_11b66acb34.jpg,-9.392605276e-09
3018847610_0bf4d7e43d.jpg,2.607553124e-10
2755314937_1e974bf2b5.jpg,7.406995047e-10
512163695_51a108761d.jpg,-2.338008767e-09
2951092164_4940b9a517.jpg,-6.60764838e-09
3569755200_cef7ee2233.jpg,1.194380982e-09
1448511770_1a4a9c453b.jpg,-1.453051376e-09
505929313_7668f021ab.jpg,5.57345471e-09
3170551725_1276644eab.jpg,-2.836714606e-09
2650485780_29d89268d7.jpg,-2.741015363e-09
1130017585_1a219257ac.jpg,-9.207480492e-09
249394748_2e4acfbbb5.jpg,-1.859338035e-09
2728813605_cfc943e1ab.jpg,1.261456541e-09
724702877_f2a938766b.jpg,6.282610056e-09
3323528927_7b21081271.jpg,-2.360577091e-09
3099965396_2a0018cb9e.jpg,-2.600552941e-09
3660361818_e05367693f.jpg,7.069053859e-09
3339105374_cc41e0b7d7.jpg,1.767906045e-09
3595643050_d312e4b652.jpg,5.379281418e-09
3583516290_1c87a13770.jpg,2.066223282e-09
1294578091_2ad02fea91.jpg,1.130557413e-09
3523950181_414978964e.jpg,1.791197997e-10
2934628301_41ea2e6cf9.jpg,-1.18866856e-09
2525716531_e6dedee421.jpg,-4.006267533e-09
94232465_a135df2711.jpg,-5.508817317e-09
2817230861_d27341dec0.jpg,1.530593506e-09
1187593464_ce862352c6.jpg,-3.209806459e-09
2465497494_43d74df57c.jpg,5.156622099e-09
3639684919_cb6fbf5638.jpg,-1.810381247e-09
3293642024_e136b74a55.jpg,-1.961208416e-09
162152393_52ecd33fc5.jpg,3.837669606e-09
2815745115_c8479d560c.jpg,-1.162194713e-08
516648762_0cff84ea97.jpg,2.923244047e-09
3355756569_b430a29c2a.jpg,1.662669095e-09
1564614124_0ee6799935.jpg,2.201765049e-09
2877159456_ea4a46b0d2.jpg,4.571088516e-09
3204712107_5a06a81002.jpg,-2.330055204e-09
2083778090_3aecaa11cc.jpg,-4.402973284e-10
3501083764_cf592292a6.jpg,5.389977738e-09
3394070357_cb2a3243fc.jpg,6.110130783e-09
2066241589_b80e9f676c.jpg,7.59267915e-10
2911928620_06c3fa293e.jpg,-3.487247509e-09
481054596_cad8c02103.jpg,2.938422905e-09
953941506_5082c9160c.jpg,-1.49653739e-09
3517056462_483ee5a914.jpg,1.146355458e-08
3375014075_157388f8a9.jpg,-5.878507846e-10
3235076435_1eaa40bd0a.jpg,6.434679557e-10
2505056124_1276e8dbcb.jpg,-6.46901021e-09
3209523192_05a4cef844.jpg,-2.981478634e-09
2064417101_3b9d817f4a.jpg,-1.548022027e-09
2252123185_487f21e336.jpg,6.220908608e-09
3255017708_2b02bfcdcf.jpg,2.977015614e-09
3101796900_59c15e0edc.jpg,4.078352269e-09
2650568697_ffb79bf2ea.jpg,1.290858824e-09
1312954382_cf6d70d63a.jpg,-6.934729734e-09
3302804312_0272091cd5.jpg,1.012532078e-09
3317145805_071b15debb.jpg,5.468624469e-09
2497074804_b4f3e7fd90.jpg,-4.62984241e-09
2629445284_83390e83af.jpg,6.944581691e-10
3726629271_7639634703.jpg,-6.839671482e-09
3470303255_fbb41b8dd0.jpg,1.984315511e-10
2953015871_cae796b6e7.jpg,2.041557892e-09
3352531708_a65dd694b1.jpg,-4.491120135e-09
2853205396_4fbe8d7a73.jpg,3.137751535e-11
2789648482_1df61f224a.jpg,4.478063322e-09
2324979199_4193ef7537.jpg,9.576245805e-10
2565350330_c7f305e7f7.jpg,-1.24581997e-08
2675190069_d5c3b2c876.jpg,-2.315390701e-09
2030781555_b7ff7be28f.jpg,-1.538325656e-09
3445428367_25bafffe75.jpg,-2.721267264e-09
3710971182_cb01c97d15.jpg,7.270756714e-10
245895500_a4eb97af02.jpg,6.749962492e-10
3185371756_ff4e9fa8a6.jpg,-2.00484501e-09
3124964754_2e8a98fb09.jpg,1.546400837e-09
3111482098_11c0f4f309.jpg,1.379266342e-09
2571096893_694ce79768.jpg,-7.298295355e-09
3383545083_1d7c95b003.jpg,-1.946865294e-09
447111935_5af98563e3.jpg,5.120247167e-09
2304374703_555195d8d5.jpg,3.04915748e-09
3320209694_db579cb607.jpg,-2.348950772e-09
3299820401_c2589186c5.jpg,7.937111792e-09
2172526745_649f420569.jpg,2.420608387e-09
3717531382_e1e05e22c5.jpg,9.584236279e-09
444047125_66b249287c.jpg,2.187911221e-09
2228022180_9597b2a458.jpg,-2.856659237e-09
2432709509_2a4d0c833f.jpg,2.125729168e-09
2644916196_16f91dae54.jpg,2.323642581e-09
424506167_01f365726b.jpg,4.789987299e-09
3517362674_0f5296de19.jpg,-1.087384684e-09
525968880_82623392d1.jpg,3.318242204e-09
2949982320_c704b31626.jpg,2.429330401e-09
3476381830_3751dd9339.jpg,-2.28837481e-09
359173181_a75c950aeb.jpg,-6.214150792e-09
518789868_8895ef8792.jpg,4.770812808e-09
2735792721_b8fe85e803.jpg,-1.755587767e-09
2472678549_67068a1566.jpg,-4.902228834e-10
1303727828_d1052ee341.jpg,-5.988030699e-09
2501968935_02f2cd8079.jpg,3.193617646e-09
379006645_b9a2886b51.jpg,-8.696732392e-09
3423249426_02bedf9260.jpg,-2.373521978e-09
84713990_d3f3cef78b.jpg,1.080130335e-08
148512773_bae6901fd6.jpg,8.029727985e-10
3304712466_18cbdb85fe.jpg,3.814229122e-09
1801188148_a176954965.jpg,5.00392715e-09
2764732789_1392e962d0.jpg,-3.020846637e-09
1142283988_6b227c5231.jpg,-1.011034295e-08
3330102093_1d6e35e78d.jpg,2.705357287e-09
2094810449_f8df9dcdf7.jpg,4.402274279e-09
2851198725_37b6027625.jpg,1.050656304e-09
3451344589_6787bd06ef.jpg,3.145500937e-10
3007214949_a4b027f8a3.jpg,-3.788352686e-09
3499720588_c32590108e.jpg,2.28157502e-09
2423085253_6c19149855.jpg,-8.983113076e-10
488089932_c3a5fa4140.jpg,-9.226431548e-10
2976684095_ce7ccfd423.jpg,1.87801969e-09
2458862292_466a920ee2.jpg,3.270892246e-09
3419197575_aa5b84a9f0.jpg,-2.201785058e-09
146577645_91b570c0d0.jpg,6.434115145e-09
1067180831_a59dc64344.jpg,-3.865308467e-09
3242808166_8638150274.jpg,-7.662199796e-09
2126950128_74a4882658.jpg,1.745599788e-09
1467533293_a2656cc000.jpg,2.342104971e-09
1389264266_8170bc1c54.jpg,-6.260472949e-09
3393035454_2d2370ffd4.jpg,-1.864913318e-09
3512033659_7e8a0c2ffa.jpg,2.31797302e-10
3328646934_5cca4cebce.jpg,4.353034368e-09
3420260768_26a600b844.jpg,1.541778118e-09
3658016590_f761e72dc3.jpg,-1.950165882e-09
3681324243_b69fa90842.jpg,3.136965681e-09
3475552729_a3abd81ee6.jpg,-8.978699701e-09
3211029717_2affe6bbd5.jpg,-9.286669193e-09
3636632926_09f39f2629.jpg,6.274823352e-09
447800028_0242008fa3.jpg,1.016868035e-09
3248220732_0f173fc197.jpg,-5.952404683e-09
2695961935_a2a6338f26.jpg,5.069314116e-10
2410153942_ba4a136358.jpg,8.767471218e-10
2444741900_5cb3ef3e1d.jpg,3.585759498e-09
3667318593_fa1816b346.jpg,-6.478671563e-09
3442978981_53bf1f45f3.jpg,-8.815154647e-09
339822505_be3ccbb71f.jpg,1.307203813e-09
2598979962_c01811cfca.jpg,-3.514367417e-09
444872454_9f51e07f88.jpg,1.460416343e-09
345684566_235e8dfcc1.jpg,-8.839147335e-10
241346146_f27759296d.jpg,-1.017695983e-09
537758332_8beb9cf522.jpg,-3.853511764e-09
241345639_1556a883b1.jpg,2.766449662e-09
2899501488_90d5da5474.jpg,3.128835178e-09
475313618_bdb2f72be5.jpg,4.837743429e-09
313051099_1bb87d6c56.jpg,-2.837112646e-09
3517127930_5dbddb45f6.jpg,-4.198212562e-10
3356369156_074750c6cc.jpg,-1.177623198e-09
290982269_79fc9f36dc.jpg,5.365237392e-10
1994416869_4dd769a806.jpg,1.397616831e-10
3287963317_186491ee78.jpg,-6.710232836e-10
3367851138_757d6bd2ef.jpg,2.498362924e-10
3046259614_614394e024.jpg,-8.119106852e-09
3325157569_8084ab3293.jpg,4.402773295e-10
3709030554_02301229ea.jpg,-5.717970675e-10
314940358_ec1958dc1d.jpg,-6.872090507e-10
632251903_b36701a5e9.jpg,6.24900138e-09
2622517932_57c52c376f.jpg,-1.459262377e-08
3497237366_366997495d.jpg,1.794271868e-09
3759230208_1c2a492b12.jpg,-3.571459372e-09
432248727_e7b623adbf.jpg,-5.384321161e-09
3064716525_b8418d4946.jpg,-6.706037434e-10
390986651_c801db91a0.jpg,-1.234596041e-10
195084264_72fb347b0f.jpg,-5.084799308e-10
2774554310_007e980a90.jpg,-3.174964705e-09
2542415282_9240e1b5fc.jpg,-1.448093736e-09
256439287_990ac4a761.jpg,4.076237224e-10
3614582606_16bd88dab2.jpg,-3.735783261e-09
2655196158_5c878a4af0.jpg,-4.012979589e-10
3715469645_6d1dc019b3.jpg,-3.470223707e-09
381275595_b429fd1639.jpg,9.434254666e-10
3349309109_4024a09a17.jpg,2.236969936e-09
381239475_044cbffa2b.jpg,-6.650256191e-10
3639617775_149001232a.jpg,4.636876062e-09
2647229826_e0e0c65ef1.jpg,8.668346957e-09
2762301555_48a0d0aa24.jpg,-4.89382535e-09
2957071266_1b40ec7d96.jpg,-3.331472074e-09
2884400562_e0851014fc.jpg,5.347424398e-09
529101401_ab1f6b1206.jpg,4.871884292e-09
2872743471_30e0d1a90a.jpg,1.205888984e-09
1285874746_486731a954.jpg,-8.032541175e-09
3030793171_55cd646eed.jpg,3.092119627e-09
3369354061_2bab79f91f.jpg,-6.221163677e-10
2901074943_041aba4607.jpg,-2.811347562e-09
219070971_ae43410b9e.jpg,4.698798842e-10
3175712926_5a470d0886.jpg,-4.21646986e-09
2508249781_36e9282423.jpg,-1.300661688e-09
3710176138_fbfe00bd35.jpg,-9.494493158e-09
3713177334_32f3245fd8.jpg,3.832567685e-09
3291255271_a185eba408.jpg,-1.889132438e-09
3524612244_64f00afec5.jpg,7.166532761e-09
2792409624_2731b1072c.jpg,-6.005259555e-09
2089555297_95cf001fa7.jpg,6.200334471e-09
496606439_9333831e73.jpg,-4.62583662e-09
2558312618_13d362df66.jpg,1.905586643e-09
3148286846_40ae914172.jpg,-6.763750606e-10
3523972229_d44e9ff6d7.jpg,3.437273382e-09
3318995586_c2bc50b92e.jpg,-1.737946202e-09
410453140_5401bf659a.jpg,3.140577034e-09
2932519416_11f23b6297.jpg,2.553921235e-10
3107889179_106d223345.jpg,-2.308821875e-09
3560081723_62da0035bd.jpg,4.087207856e-09
3208553539_2bf6c6d162.jpg,1.841907235e-09
3559425864_0462d7613f.jpg,-2.582405026e-09
3240014971_ee2ea8406f.jpg,-6.566866833e-09
640506101_ae1145b6d1.jpg,-5.926623664e-09
3555729342_cc7a3b67fd.jpg,4.580952176e-09
2836864045_9a093cfd65.jpg,-4.827046843e-10
2743652730_d909c7ae82.jpg,3.098906467e-09
95734038_2ab5783da7.jpg,2.046633276e-09
540338917_57069687be.jpg,1.915796373e-09
2067833088_04e84e5bf2.jpg,-2.858353833e-09
1383840121_c092110917.jpg,-2.478943647e-09
3024022266_3528c16ed8.jpg,-9.794018657e-09
1682079482_9a72fa57fa.jpg,-1.034166436e-09
3444684583_6656e38088.jpg,-6.97541342e-09
241109594_3cb90fe2a3.jpg,1.04886845e-08
468871328_72990babd4.jpg,7.414335655e-09
3760400645_3ba51d27f9.jpg,-1.200205473e-09
3295452057_0c987f895f.jpg,3.691947894e-09
3042405316_ba3a01926b.jpg,-6.047420489e-09
2065309381_705b774f51.jpg,-1.554940411e-09
2384147448_c1869070d3.jpg,-9.051496612e-11
2529205842_bdcb49d65b.jpg,-2.758417139e-09
3415178926_909db9400b.jpg,4.003255379e-09
252846811_7b250935a7.jpg,3.781601697e-09
2450486758_a66fd296ea.jpg,-6.78916637e-10
3353036763_4cbeba03b2.jpg,1.208080363e-08
3667492609_97f88b373f.jpg,3.412918523e-09
3019473225_8e59b8ec4e.jpg,3.509356928e-10
2911552402_5166bc173b.jpg,2.052260656e-10
3123351642_3794f2f601.jpg,-1.274701859e-09
263231469_e85c74f5fd.jpg,-6.701619508e-10
3386893620_5f0bb4e794.jpg,2.849957293e-09
3628994466_a12065d29b.jpg,-5.468637675e-09
2841449931_84a05850ec.jpg,-2.223951037e-09
2052953131_30834196fb.jpg,-3.230487919e-09
3130093622_362f32f2bb.jpg,-1.023692355e-09
256444892_efcb3bd824.jpg,-3.655432677e-09
3608400551_d6f7965308.jpg,-2.745066318e-10
2119660490_ce0d4d1f73.jpg,-4.361506874e-09
3665549027_d7fb05d157.jpg,1.427368259e-09
3442138291_3e75f4bdb8.jpg,-7.939358528e-09
292887910_f34ac101c8.jpg,-4.551370728e-09
3522000960_47415c3890.jpg,-7.776297883e-09
375384566_254c2362d4.jpg,4.160307196e-09
2303356248_65dd6aba6f.jpg,-5.627282273e-09
3483140026_e14f64fdf5.jpg,-5.264523462e-09
3716272233_7845ec5b3e.jpg,-1.932955271e-09
3556037801_3992ce6826.jpg,-1.165183952e-09
2616673985_fa4354cc53.jpg,-4.630024619e-09
337647771_3b819feaba.jpg,-5.080355489e-09
3589052481_059e5e2c37.jpg,1.171592632e-09
2990471798_73c50c76fb.jpg,-5.865186312e-10
3631986552_944ea208fc.jpg,-2.099507258e-09
2735979477_eef7c680f9.jpg,-3.760548969e-10
522486784_978021d537.jpg,-1.049535212e-09
2994107810_af56326389.jpg,1.496135063e-10
1479124077_17dcc0d5d7.jpg,-7.055187099e-09
1096097967_ac305887b4.jpg,1.934858156e-10
233242340_09963100a3.jpg,-3.911836696e-10
3591094476_b61acd63d6.jpg,1.851405401e-09
2925760802_50c1e84936.jpg,1.185522906e-09
289860281_94d699f36d.jpg,3.735785222e-10
2396691909_6b8c2f7c44.jpg,8.456554417e-09
515702827_be3c6ce857.jpg,-4.362191239e-09
2929506802_5432054d77.jpg,-3.520349783e-09
3498997518_c2b16f0a0e.jpg,-4.257646352e-10
3461437556_cc5e97f3ac.jpg,3.392792492e-09
58363928_6f7074608c.jpg,-1.530338668e-09
3320411267_df70b90501.jpg,2.778683399e-09
2308108566_2cba6bca53.jpg,-8.838242033e-10
2077346067_0a3a5aae65.jpg,7.719413462e-10
3337332770_5eda5cceb7.jpg,-3.197659365e-09
2666179615_f05a9d8331.jpg,2.817917775e-09
3506869953_802f463178.jpg,4.628535534e-09
3490736665_38710f4b91.jpg,8.629817646e-10
2453971388_76616b6a82.jpg,-4.49516888e-09
535399240_0714a6e950.jpg,-4.534606762e-09
3701291852_373ea46bb6.jpg,4.614864101e-10
344841963_8b0fa9784c.jpg,-5.170414869e-09
1813597483_3f09d2a020.jpg,-3.448147698e-09
2777021428_0b2ac3e987.jpg,1.355732722e-09
1542033433_5453d4c466.jpg,-1.018350106e-08
215876547_fa584c5ec3.jpg,3.722270406e-09
2256218522_53b92bcbb2.jpg,-3.124120208e-09
3694555931_7807db2fb4.jpg,1.852570332e-09
485738889_c2a00876a6.jpg,-3.458649981e-09
3030079705_0dee8a3e89.jpg,8.229826237e-09
2946016853_ceca4f5a07.jpg,5.308022922e-10
3644142276_caed26029e.jpg,5.192350849e-09
3296150666_aae2f64348.jpg,-5.461408989e-09
2843695880_eeea6c67db.jpg,6.134928395e-09
2657301826_aab4c36e6c.jpg,-1.401143949e-10
2531837969_6f28637811.jpg,6.419328161e-09
2407470303_6fd5e3600d.jpg,-1.046777015e-08
1434607942_da5432c28c.jpg,-8.824299075e-09
543007912_23fc735b99.jpg,1.299761405e-09
3054200086_657d4398e8.jpg,1.832901512e-09
2164363131_6930455d45.jpg,3.616249551e-11
3471117376_40585c3fd1.jpg,1.286675932e-09
374103966_2987706be1.jpg,1.396580671e-09
3229730008_63f8ca2de2.jpg,5.743996117e-09
2646046871_c3a5dbb971.jpg,-5.110620461e-09
390992102_67fa31b22f.jpg,-3.148257408e-09
3070713991_8696796937.jpg,-4.81410718e-09
2905948395_ca3e6b3c9a.jpg,3.693928028e-09
3477977145_4df89d69a1.jpg,-1.468801271e-09
3213992947_3f3f967a9f.jpg,-1.556799167e-09
531055369_936fd76a63.jpg,-5.287653544e-09
716597900_b72c58362c.jpg,-2.41310116e-09
3056530884_27766059bc.jpg,-1.484297122e-09
1316247213_1d2c726dd5.jpg,1.81463014e-09
1377668044_36398401dd.jpg,2.822823723e-09
3457856049_2de173e818.jpg,-3.935716742e-09
1509786421_f03158adfc.jpg,8.801285759e-09
3468130925_2b1489d19a.jpg,2.558519168e-09
399679638_d3036da331.jpg,-1.952659092e-09
3677329561_fa3e1fdcf9.jpg,-3.305725872e-09
3679341667_936769fd0c.jpg,3.724455985e-09
3534668485_6887629ff0.jpg,-5.180053634e-09
3446347599_0ecc49a9d5.jpg,4.973320169e-11
2277081067_d2b4c98bce.jpg,3.066465821e-09
2255342813_5b2ac6d633.jpg,4.466505645e-09
2520255786_b70a3ec032.jpg,1.958196866e-09
2318659263_c24005a5cb.jpg,-4.076028939e-09
2976537455_f3988c2d46.jpg,-4.040544532e-09
507758961_e63ca126cc.jpg,1.048958339e-09
2699733386_c346c87ea6.jpg,1.199375241e-09
2878578240_caf64c3b19.jpg,2.92166423e-09
1569562856_eedb5a0a1f.jpg,-1.441938192e-10
2257631407_1529b9db39.jpg,1.98057978e-09
3376972502_35e3e119cd.jpg,2.353979527e-09
3655773435_c234e94820.jpg,1.360405791e-09
3694219419_a7a83d4886.jpg,2.084417104e-09
3294209955_a1f1e2cc19.jpg,4.988891881e-09
3653764864_225958c9c1.jpg,-2.807379543e-10
2531531628_b4a5041680.jpg,-2.096621334e-09
2895966469_53e0b29295.jpg,5.02252547e-09
449352117_63c359c6e7.jpg,-5.774685689e-09
3518334317_bc40bae18d.jpg,-7.445398308e-09
3590647207_2d4ec3f52c.jpg,-1.108747145e-08
3247052319_da8aba1983.jpg,-2.431717581e-09
527272653_8a5bd818e5.jpg,7.835378017e-10
662606040_8cc8cd9f1b.jpg,6.697553289e-09
488416045_1c6d903fe0.jpg,-6.277158507e-09
3119875880_22f9129a1c.jpg,-5.336697227e-09
155221027_b23a4331b7.jpg,1.114113716e-10
3527926597_45af299eee.jpg,-1.574079711e-09
3503471307_464a8f588c.jpg,-3.34245039e-09
241347441_d3dd9b129f.jpg,-3.6890394e-09
2140747429_62cfd89ae9.jpg,3.400389657e-09
3270083123_fcc1208053.jpg,-2.777684502e-09
3688797852_89ed3cb056.jpg,5.354445631e-09
2441815792_43565b1312.jpg,-3.414195513e-09
624742559_ff467d8ebc.jpg,6.603547627e-09
3677964239_6406ed096f.jpg,4.929609188e-10
2708176152_1634cb754d.jpg,-6.689748472e-10
2707835735_6537b27e8f.jpg,-2.249566679e-09
3169394115_2193158cee.jpg,-8.937590562e-10
2908859957_e96c33c1e0.jpg,2.891084694e-09
3437147889_4cf26dd525.jpg,8.524712815e-09
2255266906_8222af18b9.jpg,-7.659370702e-09
3395173129_f0ac0a1ed4.jpg,-4.946464422e-09
2414986483_004936f84b.jpg,6.815998634e-09
1926129518_4350f4f552.jpg,-3.728379519e-09
2509824208_247aca3ea3.jpg,3.891172743e-10
3116379964_86986750af.jpg,-2.871660676e-09
3611603026_9112b0c53f.jpg,-7.424414394e-09
1398606571_f543f7698a.jpg,2.731435237e-10
3514188115_f51932ae5d.jpg,3.881218626e-09
2701487024_e866eb4550.jpg,-4.661180388e-09
2296166785_292a4e9f4c.jpg,3.503514512e-09
2056042552_f59e338533.jpg,-1.181876987e-09
3353962769_ba48691bc6.jpg,-2.525235625e-09
2887103049_a867e74358.jpg,1.573137395e-09
3528251308_481a28283a.jpg,-4.470194901e-09
3715559023_70c41b31c7.jpg,2.683317116e-10
432490118_54a9c0e500.jpg,2.052534084e-09
2310233145_910cb5b4c8.jpg,-2.034785479e-09
535249787_0fcaa613a0.jpg,4.593659499e-09
2915183095_4ed4aa4f37.jpg,1.172385563e-09
3458434150_2b0d619244.jpg,7.202346458e-10
3298199743_d8dd8f94a0.jpg,5.301343481e-09
1479513774_70c94cf9d3.jpg,3.965638152e-09
2470519275_65725fd38d.jpg,-6.609968941e-09
3508882611_3947c0dbf5.jpg,-8.567284406e-09
3612485611_12dd7742f7.jpg,7.865838335e-10
1332208215_fa824f6659.jpg,4.208266191e-09
1474474514_b3eb492722.jpg,-3.407534495e-10
818340833_7b963c0ee3.jpg,2.056813007e-09
3463268965_f22884fc69.jpg,-1.045812432e-09
2623930900_b9df917b82.jpg,8.091971867e-10
2988439935_7cea05bc48.jpg,3.643150437e-09
3697379772_40d831392b.jpg,3.28997453e-09
2512682478_b67cc525c7.jpg,5.543891102e-09
3339263085_6db9fd0981.jpg,-5.633573358e-09
420355149_f2076770df.jpg,-2.161993418e-10
349889354_4b2889a9bd.jpg,4.369154602e-09
2651915425_7a58e862e9.jpg,1.344306755e-10
691770760_48ce80a674.jpg,8.05311258e-09
3334300164_e75e0479ae.jpg,-5.250230239e-10
3246190363_68d903bfcb.jpg,-5.819869049e-09
2095078658_c14ba89bc2.jpg,-4.229287769e-09
2282522980_45cfa8e0cf.jpg,-3.892861007e-09
2714674623_8cd05ac114.jpg,3.31153616e-09
880220939_0ef1c37f1f.jpg,-2.880583899e-10
407678652_1f475acd65.jpg,5.885964967e-09
440737340_5af34ca9cf.jpg,4.653983981e-09
3425069551_aba046a1b6.jpg,-6.330531285e-09
460350019_af60511a3b.jpg,1.003574731e-08
2807209904_389d81f33a.jpg,8.232028326e-09
537225246_dd0e2158a7.jpg,-4.611674479e-09
1812525037_528465037c.jpg,-1.222081192e-09
3159641529_c2c74f3eaf.jpg,6.244355418e-09
2898810636_84fb5c0b63.jpg,-7.592212817e-10
452345346_afe1248586.jpg,-8.190918094e-10
1277743944_f4e8c78403.jpg,-1.084438184e-09
3568065409_1c381aa854.jpg,4.242330356e-09
3278189732_f750cb26b7.jpg,1.408803066e-09
3040051410_6205682ba3.jpg,5.108295132e-09
2396025708_e4a72e2558.jpg,4.114072144e-10
2465441099_a1761a1757.jpg,-4.799278514e-10
3413806271_17b7e102aa.jpg,3.900235443e-09
501520507_c86f805ab8.jpg,3.030299004e-09
2206403470_8c25aa3cf8.jpg,1.748421654e-09
3048461682_e89f81b1c7.jpg,3.880950181e-09
2092419948_eea8001d0f.jpg,-4.144785193e-10
3143980056_7a64a94b58.jpg,-6.39932464e-09
391579205_c8373b5411.jpg,6.022557039e-09
432496659_f01464d9fb.jpg,2.860767391e-09
3148571800_c5515e6c3d.jpg,3.291825966e-09
3006926228_cf3c067b3e.jpg,-2.480403933e-09
3368569524_a9df2fc312.jpg,-1.655390966e-09
3673970325_4e025069e9.jpg,-1.202023758e-09
394161692_2576920777.jpg,-2.991708741e-09
2148916767_644ea6a7fa.jpg,-2.915414221e-09
3335097235_538f4777c3.jpg,-1.052476951e-08
2553188198_da1123a723.jpg,-3.614190614e-09
96985174_31d4c6f06d.jpg,2.635221176e-09
2982881046_45765ced2c.jpg,-6.947431573e-09
2966190737_ceb6eb4b53.jpg,3.154655843e-09
3601491447_a338875b51.jpg,-7.061057488e-09
2763044275_aa498eb88b.jpg,3.623979004e-09
3589368949_0866846949.jpg,-2.065251758e-10
3360930596_1e75164ce6.jpg,4.457817203e-10
3004290523_d1319dfdb4.jpg,3.012479533e-09
2451114871_8617ae2f16.jpg,-5.133507261e-09
2194494220_bb2178832c.jpg,9.081697091e-09
1132772170_600610c5df.jpg,6.067048366e-09
2109911919_af45b93ef3.jpg,6.370629702e-10
3408130183_f038bdaa4f.jpg,-1.911070874e-09
2552438538_285a05b86c.jpg,-2.298642455e-09
3094317837_b31cbf969e.jpg,-5.735550304e-09
763577068_4b96ed768b.jpg,8.099819868e-09
1803631090_05e07cc159.jpg,1.722952224e-09
252504549_135b0db5a3.jpg,3.844767209e-09
1732436777_950bcdc9b8.jpg,-2.823810698e-09
244571201_0339d8e8d1.jpg,3.282709494e-09
2998185688_8d33e4ce38.jpg,4.083903561e-10
2446601467_a35841cb1d.jpg,5.883883924e-09
264859622_f3a00ab409.jpg,1.080975232e-09
2427490900_5b7a8874b9.jpg,3.35149744e-09
2613889835_6f50a3b83b.jpg,6.007475607e-09
2233426944_0959835ced.jpg,6.093976197e-09
485357535_b45ba5b6da.jpg,-2.685171053e-09
3443326696_fe0549c5be.jpg,-1.210513725e-09
2345984157_724823b1e4.jpg,1.10158889e-09
3270691950_88583c3524.jpg,4.703645851e-09
3413019648_e787f0cb88.jpg,-3.169654328e-09
3751594676_edfbfa0688.jpg,3.022347182e-09
3537806062_c50d814aba.jpg,-1.147587962e-09
3613585080_36629d8157.jpg,2.582989804e-10
2631625732_75b714e685.jpg,-5.135101856e-09
3541162969_68fa4a60df.jpg,1.408581239e-09
997722733_0cb5439472.jpg,-4.038677603e-09
3415809168_af9dabdba5.jpg,-8.844964266e-10
3661239105_973f8216c4.jpg,8.753338753e-09
3229519418_040f05ced1.jpg,-1.348223935e-09
753285176_f21a2b984d.jpg,6.310006673e-09
2303426046_09cfd7bc4e.jpg,5.043226222e-09
2867845624_22e4fe0a23.jpg,-2.445287284e-10
2752341621_54490b9b09.jpg,1.574298656e-08
2891185857_54942809cf.jpg,-3.527867943e-09
3341084434_db5e7d1fdc.jpg,2.624333936e-09
2162564553_96de62c7e6.jpg,2.045909654e-09
3172280520_e7655fb596.jpg,-3.630281964e-09
2797185895_4d9e1e9508.jpg,4.821659738e-09
965444691_fe7e85bf0e.jpg,3.909209513e-09
3057618932_3b80ae85de.jpg,2.712286007e-09
788126442_086334f0cf.jpg,-1.014602841e-09
334768700_51c439b9ee.jpg,-2.190537605e-09
3341961913_9a9b362f15.jpg,1.97684906e-09
3618932839_acd7d2c2ea.jpg,3.74051057e-10
3497234632_6ec740fc1e.jpg,4.174887955e-09
2541901399_0a57f4cc76.jpg,1.487033742e-08
3356938707_d95ba97430.jpg,2.647334405e-09
2471297228_b784ff61a2.jpg,-1.341377641e-09
3488087117_2719647989.jpg,2.200466961e-09
2186367337_0ce9ce2104.jpg,6.287667085e-09
3427540832_c882fded1d.jpg,-8.043714982e-09
2220175999_081aa9cce8.jpg,8.49504017e-09
2066271441_1f1f056c01.jpg,4.162560754e-10
2591603141_33d6397e0a.jpg,3.120293252e-09
118187095_d422383c81.jpg,-4.612599818e-09
1810651611_35aae644fb.jpg,4.103724689e-09
2170222061_e8bce4a32d.jpg,1.929215364e-09
1055623002_8195a43714.jpg,2.422435863e-09
3183195185_cd0ff994a1.jpg,5.74165221e-09
3136674757_57406c305c.jpg,1.307777107e-09
3070130228_67dcfee9ae.jpg,-2.251683716e-10
1398613231_18de248606.jpg,-8.612754419e-09
3430287726_94a1825bbf.jpg,2.502502655e-09
1286408831_05282582ed.jpg,4.159953198e-09
237547381_aa17c805e0.jpg,2.144806032e-09
3638374272_444f5e0457.jpg,5.132987036e-09
2315867011_fc5fc9fa6d.jpg,4.474055104e-09
2864634088_d087494dff.jpg,-5.451685227e-09
2695093520_5cfeb0729d.jpg,-5.170559123e-09
571507143_be346225b7.jpg,8.942473607e-09
3601569729_bf4bf82768.jpg,-1.862543771e-10
3725202807_12fbfdd207.jpg,-6.449448987e-10
2466171100_5e60cfcc11.jpg,-1.370950143e-09
1764955991_5e53a28c87.jpg,3.252478505e-09
3649916507_b88a3d2082.jpg,-5.356578901e-10
3432730942_4dc4685277.jpg,1.505327739e-10
782017931_75d92bb7a4.jpg,-2.020058799e-09
2211593099_4a4f1c85d2.jpg,-6.465670576e-09
2929272606_2a5923b38e.jpg,9.167399536e-10
3174453534_fcc927c647.jpg,-6.990191694e-10
383223174_7165a54c30.jpg,-7.794195492e-09
3339768802_8ab768558a.jpg,-6.418118428e-09
2511019188_ca71775f2d.jpg,-7.13511713e-09
3224904543_679fe05c41.jpg,-1.420544818e-09
2471493912_2d4746b834.jpg,5.922370157e-09
3029928396_99ac250788.jpg,4.989432389e-09
633456174_b768c1d6cd.jpg,-6.712622313e-10
3162045919_c2decbb69b.jpg,1.232515189e-09
390987167_2d5905b459.jpg,1.878438254e-09
3613264553_97b687f172.jpg,-3.732718484e-10
336460583_6c8ccb7188.jpg,-1.873344393e-09
441921713_1cafc7d7d2.jpg,1.952811801e-09
3507076266_8b17993fbb.jpg,-1.087778867e-09
967719295_3257695095.jpg,1.447895925e-09
214543992_ce6c0d9f9b.jpg,7.297545279e-10
2417341107_97dbab9c5e.jpg,1.3629425e-09
2275253272_00f941366e.jpg,-2.780507523e-09
3449114979_6cdc3e8da8.jpg,1.62547657e-09
1118557877_736f339752.jpg,-5.572541132e-09
642987597_03b21a1437.jpg,-4.016489139e-09
3077166963_fe172c709d.jpg,3.100152866e-09
2805873509_4f68afc4b4.jpg,3.557974717e-09
3729405438_6e79077ab2.jpg,-1.205478695e-08
431282339_0aa60dd78e.jpg,2.196963383e-09
1679565118_d36f0d6d52.jpg,-3.243250473e-09
2337757064_08c4033824.jpg,-1.933043036e-09
2950905787_f2017d3e49.jpg,-7.699419544e-10
3628017876_4ac27e687b.jpg,7.002985867e-09
3127629248_a955b5763b.jpg,-5.485646104e-09
3005124440_c096b310fb.jpg,1.263353354e-09
2780031669_a0345cfc26.jpg,2.671615181e-09
2894008505_a445ccaaff.jpg,-1.946214629e-09
3437034427_6df5e9fbf9.jpg,1.919312e-09
3635911776_dbc2763f2c.jpg,5.058734671e-09
350588129_6aef7b7fe2.jpg,3.614163327e-09
2952141476_fc9a48a60a.jpg,3.48872755e-09
2381102729_12fc4d4c76.jpg,1.806947059e-09
481827288_a688be7913.jpg,-4.831514733e-09
2272489996_95b0a62d15.jpg,-2.738745804e-09
303607405_f36edf16c6.jpg,-1.236432641e-08
2476214153_99a3998509.jpg,9.048331041e-09
816084977_21c1811c9a.jpg,-5.340422771e-09
2752331711_cb18abba5a.jpg,-3.699213249e-09
2700147489_f1664f2b61.jpg,8.385700432e-09
143684568_3c59299bae.jpg,7.02547315e-10
3465000218_c94e54e208.jpg,-2.775635342e-09
3189002057_3ef61b803e.jpg,5.643861218e-09
3427233064_6af01bfc5c.jpg,2.811192691e-09
247706586_7e25c7adf8.jpg,2.636600164e-09
2260649048_ae45d17e68.jpg,1.351164162e-08
254527963_3f5824b0e8.jpg,-4.627299872e-09
443885436_6e927e6c58.jpg,-1.211259974e-09
2094323311_27d58b1513.jpg,-5.591637175e-09
757133580_ba974ef649.jpg,-2.883569052e-10
2723477522_d89f5ac62b.jpg,6.661285432e-10
3259666643_ae49524c81.jpg,9.859546073e-10
3559374748_f18c7caa55.jpg,1.798135761e-09
2714703706_d21c5cb8df.jpg,2.54532449e-09
2759860913_f75b39d783.jpg,8.419170468e-10
2857473929_4f52662c30.jpg,3.285350925e-09
448252603_7d928c900e.jpg,1.255328221e-09
381514859_b40418d9c3.jpg,1.702473824e-09
262681159_e5fed3acf0.jpg,1.116281252e-09
3700554247_9824ae6f3a.jpg,-6.793096658e-09
3397310901_cbef5c06ef.jpg,-2.294690488e-09
186890601_8a6b0f1769.jpg,5.332932768e-09
150387174_24825cf871.jpg,-2.765173923e-10
3626998066_3ae11ee278.jpg,4.915522851e-09
3730011701_5352e02286.jpg,-6.212287229e-09
2902844125_4186bf3ab6.jpg,2.936825052e-09
2203286182_b453e9d176.jpg,1.824970967e-09
3552206648_123bf4ac82.jpg,2.777794857e-09
3042173467_14394234da.jpg,-6.908033908e-09
2276314067_7ee246f859.jpg,1.407525234e-09
3420064875_0349a75d69.jpg,-5.903708843e-09
393958545_48c17c66d1.jpg,5.554990714e-10
2716903793_fb7a3d8ba6.jpg,1.10164827e-09
3325910784_5ecb88310c.jpg,-3.218383916e-09
2934022873_3fdd69aee4.jpg,3.257739573e-09
78984436_ad96eaa802.jpg,-2.810765794e-09
3452127051_fa54a902b3.jpg,2.244754216e-09
856985136_649c0a3881.jpg,-7.821491455e-09
3091921457_83eee69591.jpg,-6.672703059e-09
541046380_513e295384.jpg,5.39891762e-09
3286761458_34af7e4499.jpg,2.528006113e-09
2085400856_ae09df33a7.jpg,2.190501094e-09
3229913073_e7857a5966.jpg,-2.939683373e-09
3707990914_843e8f15f1.jpg,5.286345788e-10
162743064_bb242faa31.jpg,4.739338816e-09
3532593368_be10432e92.jpg,-2.962025169e-10
1024138940_f1fefbdce1.jpg,-3.918235052e-09
866841633_05d273b96d.jpg,-3.957075822e-10
282131366_5f9a39c43c.jpg,-2.152496368e-09
2980348138_91cc6f6d0f.jpg,7.642440232e-09
3639547922_0b00fed5cd.jpg,3.806711854e-09
2302747917_aa0300eb68.jpg,5.031690487e-10
3027365101_3818be6e16.jpg,7.434705958e-09
58363930_0544844edd.jpg,1.874463827e-09
244368383_e90b6b2f20.jpg,-2.975879477e-09
405615014_03be7ef618.jpg,-8.257940338e-11
1302657647_46b36c0d66.jpg,-8.407107883e-09
3354883962_170d19bfe4.jpg,2.567579384e-09
3113769557_9edbb8275c.jpg,1.490025683e-09
3074842262_62b1b2168c.jpg,1.114973561e-09
2942133798_e57c862a90.jpg,2.954274787e-09
1420060020_7a6984e2ea.jpg,-4.394274319e-09
2924483864_cfdb900a13.jpg,-4.998580929e-09
306318683_5f1f875191.jpg,5.129870565e-09
3214237686_6566b8b52f.jpg,2.368877849e-09
3335885203_a3fe8e541f.jpg,-3.940467201e-09
1262583859_653f1469a9.jpg,-3.524898989e-09
3638783120_f600ceb19d.jpg,2.393571662e-09
1206506157_c7956accd5.jpg,1.013237348e-09
533602654_9edc74385d.jpg,-3.44973041e-10
2322593776_e6aaf69e80.jpg,-1.736638844e-09
3629664676_36bcefe6b7.jpg,-5.677661506e-10
318667317_108c402140.jpg,-1.065269477e-09
3560125106_691c292893.jpg,4.904213505e-09
1430154945_71bbaa094a.jpg,1.542356044e-09
241345770_9f8aa6723c.jpg,-3.910471072e-09
3692746368_ab7d97ab31.jpg,-1.203613722e-09
3315110972_1090d11728.jpg,3.349836902e-09
3112635165_2d614d7c1a.jpg,-1.478173764e-09
3621652774_fd9634bd5b.jpg,6.674300662e-10
2344898759_5674382bcd.jpg,-1.657443035e-09
2597308074_acacc12e1b.jpg,-9.645815199e-10
3189307452_aebc12380b.jpg,-1.25477827e-09
3004291093_35d6fd8548.jpg,-5.126713927e-09
3609645320_815c294b65.jpg,-2.720299228e-09
707941195_4386109029.jpg,-2.039340829e-09
462080147_ca088e6541.jpg,-2.194418756e-09
3245460937_2710a82709.jpg,-1.40748177e-09
3351667846_ac43118ae5.jpg,4.33073715e-09
3640870001_acbd1d5ceb.jpg,7.131833571e-09
426920445_d07d1fd0f7.jpg,-1.550052332e-09
2261346505_302c67951d.jpg,-3.941074459e-09
1048710776_bb5b0a5c7c.jpg,-2.499728614e-09
3643684044_a131168127.jpg,3.400376462e-09
2878272032_fda05ffac7.jpg,2.654922101e-09
3425846980_912943b4f9.jpg,-4.869017424e-09
2171891283_dedd9cf416.jpg,2.929304513e-09
3767841911_6678052eb6.jpg,-1.817112254e-09
308956341_642589e9cc.jpg,1.099118303e-08
3051384385_c5c850c1f8.jpg,2.642777543e-09
2863848437_f2592ab42d.jpg,3.522291514e-09
2878705136_609dfbf318.jpg,-1.416511829e-09
3210705660_2b14b7fb36.jpg,3.096266444e-09
1499554025_a8ffe0e479.jpg,2.179946928e-09
2248487950_c62d0c81a9.jpg,-8.49345802e-10
3003691049_f4363c2d5c.jpg,1.083185391e-09
3188044631_ca3a9cc737.jpg,-2.4302971e-09
3220140234_e072856e6c.jpg,1.893359548e-09
288508162_1727873924.jpg,-3.398823706e-09
252124738_796599e94b.jpg,8.179354286e-09
2717686269_80c4b5ac9e.jpg,-4.650960569e-10
2448393373_80c011d301.jpg,1.054056647e-09
3516825206_5750824874.jpg,-3.337966402e-09
1341787777_4f1ebb1793.jpg,-9.589050252e-09
1346051107_9cdc14e070.jpg,-1.245649885e-08
2522809984_2e8a7df4fb.jpg,2.046116787e-09
1536597926_c2e1bc2379.jpg,7.288287542e-09
3544673666_ffc7483c96.jpg,-1.810859375e-09
2806632713_edd6f6c893.jpg,2.286783053e-09
933118213_b35b0b62a7.jpg,2.727532615e-09
300371487_daec5d11ab.jpg,-4.924145305e-09
3571675421_7e07ac07c5.jpg,2.681499017e-09
279550225_d64d56158a.jpg,2.668607369e-09
2979914158_5906470b8f.jpg,6.823324435e-09
3064383768_f6838f57da.jpg,-5.081810938e-10
462288558_b31a8a976f.jpg,2.152650024e-09
3525403875_7f95e0cbfe.jpg,5.985034505e-09
2161799386_27aa938421.jpg,7.202329505e-09
2444821454_22a346c996.jpg,4.888294636e-10
3613955682_3860e116cf.jpg,-5.522142403e-09
241046599_28b0ca7b9f.jpg,2.182706611e-09
2830755303_2b5444ab4c.jpg,-4.618282025e-09
2600867924_cd502fc911.jpg,-8.023283934e-09
2978236380_fb24c43f1e.jpg,1.738962814e-09
2635023078_6dae04758f.jpg,-4.792559101e-09
2224450291_4c133fabe8.jpg,1.192338864e-10
3335547029_74d620fa6c.jpg,-1.791130471e-10
3440724965_03d6ca5399.jpg,9.989477691e-10
2518508760_68d8df7365.jpg,-2.043189902e-09
3349258288_5300c40430.jpg,3.377352618e-10
1466307485_5e6743332e.jpg,2.656345698e-09
2474047296_fd9179d438.jpg,-5.12142297e-09
3478084305_9e1219c3b6.jpg,3.660177666e-10
3205214191_29b42b9b09.jpg,-2.661867381e-09
3415228562_4efa9c9b70.jpg,9.416632177e-10
272546805_536c719648.jpg,3.535311174e-09
512306469_1392697d32.jpg,2.597493671e-09
3668900592_a84b0c07db.jpg,-4.925834328e-09
337793983_ac5b2e848e.jpg,1.49217447e-09
2718024196_3ff660416a.jpg,5.771824905e-10
1350948838_fdebe4ff65.jpg,1.289902783e-09
2496370758_a3fbc49837.jpg,8.130758629e-09
3628059004_5c3529b120.jpg,5.223850293e-09
3205754736_32c29b5208.jpg,1.789660541e-12
970641406_9a20ee636a.jpg,-5.148789663e-10
2208067635_39a03834ca.jpg,1.288705507e-09
3432637363_3ba357e2da.jpg,-4.707618163e-09
2279496715_8ef3ee6edb.jpg,4.466564016e-09
1776981714_5b224d0f7a.jpg,4.954461694e-10
3373946160_1c82d54442.jpg,-4.621461766e-09
3079917032_3cfacb2fd7.jpg,-6.52192514e-09
471402959_0b187560df.jpg,3.044004608e-09
2972929655_04233b5489.jpg,-8.567793355e-10
3103587323_7f093d5b90.jpg,4.930735722e-09
1089755335_0bfbfd30e6.jpg,-6.4050408e-09
2273591668_069dcb4641.jpg,2.029533778e-09
2338627102_6708a9b4fd.jpg,-5.419900929e-09
2863180332_372510aa49.jpg,2.493010064e-09
2832033116_1677ea1e2e.jpg,-3.356850266e-10
1925434818_2949a8f6d8.jpg,4.550741868e-09
2382411771_a16145f345.jpg,-7.393320477e-10
1347519824_e402241e4f.jpg,-2.67510065e-10
3641022607_e7a5455d6c.jpg,9.407645928e-09
3181328245_7c04ce1691.jpg,-4.229344058e-09
3258396041_69717247f7.jpg,-5.07570962e-09
491564019_1ca68d16c1.jpg,-2.118617271e-09
262446581_06ef7d9445.jpg,5.046453321e-11
838074897_9d6270b3cd.jpg,-1.518892893e-09
1159574340_99ba8c3c59.jpg,5.373518266e-09
2443512473_6f5a22eb42.jpg,-6.813272123e-10
2075321027_c8fcbaf581.jpg,-4.466576171e-10
2076865206_53918c820c.jpg,3.327351323e-09
3601533527_6c2439113c.jpg,3.639503021e-09
3589156060_3ed8d6bbc3.jpg,-4.1801332e-09
3259757648_71edb4347b.jpg,4.280640794e-09
1352410176_af6b139734.jpg,-6.117887874e-09
3373481779_511937e09d.jpg,4.258485882e-09
2372572028_53b76104a9.jpg,-5.390174171e-09
1321723162_9d4c78b8af.jpg,-3.19092754e-10
500678178_26ce0f4417.jpg,-7.348056304e-11
3484019369_354e0b88c0.jpg,-3.05025852e-09
2321865325_79b0954a5d.jpg,4.563904251e-09
290019324_23582048d4.jpg,5.724309808e-09
2930580341_d36eec8e3c.jpg,1.611422714e-09
3292016893_24d14c8b4f.jpg,2.558989966e-09
3173928684_4ea0ee5114.jpg,-6.699387341e-09
3323988406_e3c8fce690.jpg,-6.819970103e-09
3612485097_b706d950ed.jpg,3.467296902e-09
2354456107_bf5c766a05.jpg,8.084458139e-10
166433861_70b66cd381.jpg,3.685777288e-10
1463638541_c02cfa04dc.jpg,-2.140539363e-10
2616643090_4f2d2d1a44.jpg,1.162971672e-09
3702607829_2b8b3e65ab.jpg,-5.758110849e-09
3154813159_58a195236d.jpg,2.384577096e-10
3289817083_4e78e1c05a.jpg,4.761237699e-09
2934379210_4e399e3cac.jpg,1.311952215e-09
2407091303_931c918490.jpg,-7.218519623e-09
2831313661_1a328acb70.jpg,-7.808722011e-10
3168841415_c0705a327a.jpg,-2.047683221e-09
3636247381_65ccf8f106.jpg,4.430180292e-09
2150564996_d173a506d7.jpg,-1.802324904e-09
2909081008_9a7bfc599a.jpg,7.104959188e-10
1884065356_c6c34b4568.jpg,8.669107208e-10
2343525685_3eba3b6686.jpg,6.875145341e-09
2955099064_1815b00825.jpg,1.524983925e-09
3437315443_ba2263f92e.jpg,2.489873966e-09
3033612929_764d977bd5.jpg,-4.568966104e-09
3073535022_4af81f360c.jpg,-1.461360743e-09
3537520829_aab733e16c.jpg,8.460069938e-09
2832487464_2d30634e1e.jpg,9.347455365e-11
2241768909_3d96d48417.jpg,5.569334742e-09
439492931_a96d590e40.jpg,1.224654774e-09
3701544312_b2e4e9813d.jpg,-3.420659127e-09
972381743_5677b420ab.jpg,1.014108638e-08
632608471_a70461f123.jpg,1.348765258e-09
2583001715_1ce6f58942.jpg,4.600701585e-09
2737729252_b3fd9c05b1.jpg,-2.014029382e-09
3590739067_58baffb3a7.jpg,2.184800647e-09
3107558821_f3b205d4ed.jpg,-2.122037746e-09
2553024095_735bc46267.jpg,3.631019712e-09
2629346153_155ba73ae9.jpg,7.242569705e-10
3223302125_f8154417f4.jpg,-3.756208265e-09
2488795251_c108c77b13.jpg,-2.695480686e-09
44856031_0d82c2c7d1.jpg,-2.558020501e-09
2704934519_457dc38986.jpg,-1.525607796e-09
3070274658_fc39fd4f84.jpg,-2.59654419e-09
3262075846_5695021d84.jpg,-5.57973144e-09
1777816180_08d7e8063b.jpg,-8.145264909e-09
3084149186_4bc08b0752.jpg,2.223094504e-09
3109124656_626b596d5e.jpg,6.054914266e-09
3724150944_fc62e8d5e0.jpg,-3.55850527e-09
3104182973_5bb1c31275.jpg,1.778629089e-09
203114209_e4cd71a6b7.jpg,-3.208569599e-09
2315418282_80bd0bb1c0.jpg,-3.208616751e-09
3240094420_a9eea11d39.jpg,-6.328236827e-09
1517807181_ca6588f2a0.jpg,2.121176561e-09
95734036_bef6d1a871.jpg,-3.729313965e-09
3041170372_c4376cd497.jpg,3.641169999e-09
2890057168_c712f932e0.jpg,3.834788828e-09
2925737498_57585a7ed9.jpg,-3.262364283e-09
2565685680_c30972455d.jpg,1.986313223e-09
3042484940_0975a5e486.jpg,-4.15100689e-11
2325258180_6217dd17eb.jpg,-3.850795373e-09
3541915243_956c1aa8ef.jpg,-4.251472158e-09
2922973230_5a769ef92a.jpg,-2.947057773e-09
1801874841_4c12055e2f.jpg,7.659004554e-10
2316097768_ef662f444b.jpg,1.283847767e-09
3676561090_9828a9f6d0.jpg,-2.668472172e-09
3591462960_86045906bd.jpg,-2.337496068e-09
2750832671_4b39f06acf.jpg,-6.336069173e-09
2000459828_3c9e109106.jpg,-9.449113778e-09
3569406219_f37ebf7b92.jpg,4.635336611e-10
2058472558_7dd5014abd.jpg,3.252068276e-09
2691966747_cfa154982b.jpg,-8.764742135e-09
469969326_4b84073286.jpg,6.272663677e-09
195962790_3380aea352.jpg,4.604867827e-09
2480832276_fa55480ecb.jpg,4.018839904e-09
2061397486_53a61e17c5.jpg,-4.354519581e-09
2676651833_3bb42bbb32.jpg,-3.352253431e-09
1478294229_7e1c822fea.jpg,4.372331164e-09
1392272228_cf104086e6.jpg,-8.15046849e-10
3153067758_53f003b1df.jpg,4.636771173e-09
497791037_93499238d8.jpg,1.282848825e-09
3399618896_9ef60cd32c.jpg,1.151107793e-09
2229179070_dc8ea8582e.jpg,4.093807021e-10
3316046339_8e504be038.jpg,-8.192905749e-10
3681056426_fbd6c0c92c.jpg,-2.107446888e-09
3006095077_1992b677f8.jpg,-2.68309296e-09
457945610_1a23b9ced0.jpg,6.642199698e-09
263216826_acf868049c.jpg,2.602024784e-09
778885185_3f6905370b.jpg,-1.652889468e-09
3692593096_fbaea67476.jpg,-7.850731226e-09
1045521051_108ebc19be.jpg,1.298532089e-09
2220185725_45d4fa68d9.jpg,-8.445175602e-10
514222303_cb98584536.jpg,-8.716762602e-10
2913818905_8e4d9aa82a.jpg,-8.163532259e-10
3259992164_94600858b3.jpg,7.729441444e-09
278002800_3817135105.jpg,-1.972562389e-09
3296500180_0d7a6650dc.jpg,4.824185245e-09
3501781809_88429e3b83.jpg,3.92690048e-09
278496691_c1fd93e2d8.jpg,3.31035193e-09
3607969989_68cc411493.jpg,1.364507101e-09
3618504267_d7eaa495d0.jpg,3.709754887e-09
2462153092_e3f4d8f6a2.jpg,-6.227441244e-10
3164328039_2c56acf594.jpg,4.015309457e-10
3446762868_06e9d9d899.jpg,-4.175565689e-09
534313000_4ad39c7ee0.jpg,-3.736044243e-09
3476451861_5b9c9ce191.jpg,7.873862055e-09
1554713437_61b64527dd.jpg,4.043116553e-09
3726025663_e7d35d23f6.jpg,1.872851501e-09
952171414_2db16f846f.jpg,-7.814985497e-09
861608773_bdafd5c996.jpg,7.076518095e-09
3329169877_175cb16845.jpg,-2.666672658e-10
3624076529_9793655a21.jpg,-3.515055172e-10
3490874218_babb404b39.jpg,-1.071554144e-09
3480051754_18e5802558.jpg,1.705928037e-10
1523984678_edd68464da.jpg,-2.026234476e-09
2612488996_9450de0e54.jpg,-7.242659112e-09
1026685415_0431cbf574.jpg,-2.000274458e-10
99679241_adc853a5c0.jpg,-2.46780958e-09
3377117696_af91f13058.jpg,-2.284794549e-09
3203453897_6317aac6ff.jpg,-1.865960354e-09
3691800116_6a7b315e46.jpg,-2.268435491e-09
3677318686_b018862bb7.jpg,6.587330487e-09
2385871165_9438c9fe84.jpg,2.770456928e-09
720208977_f44c2bba5b.jpg,4.327600242e-10
3758175529_81941e7cc9.jpg,2.008174503e-09
3259002340_707ce96858.jpg,9.060596204e-09
3503544012_1771be9d3a.jpg,-1.336918028e-09
3320356356_1497e53f80.jpg,-2.463839545e-09
256085101_2c2617c5d0.jpg,-1.801357859e-10
3717809376_f97611ab84.jpg,-9.508757907e-09
475816542_f5c2736815.jpg,-3.99833824e-09
3697359692_8a5cdbe4fe.jpg,-1.31638986e-09
397725001_e51f7c391c.jpg,-1.59655575e-09
3682428916_69ce66d375.jpg,6.932850824e-10
3154693053_cfcd05c226.jpg,-2.735745405e-09
3259992638_0612a40288.jpg,4.423235918e-09
3426933951_2302a941d8.jpg,5.644015385e-09
2753506871_dc38e7d153.jpg,-8.725979645e-09
2885912662_a3a2dfde45.jpg,-8.949918313e-10
3487378989_c051d2715b.jpg,-8.28053217e-10
3260088697_af9b6d2393.jpg,-3.670410928e-09
2191329761_3effd856c5.jpg,-3.414142753e-10
270263570_3160f360d3.jpg,1.997306166e-09
3501386648_e11e3f3152.jpg,7.272158102e-10
2622971954_59f192922d.jpg,4.810684166e-09
514222285_aa0c8d05b7.jpg,3.991439221e-09
774009278_8e75b7d498.jpg,8.754471251e-11
3656225270_cdf89e3240.jpg,-4.726618947e-09
1001773457_577c3a7d70.jpg,-4.535449555e-09
2140305708_591d10b54d.jpg,-9.354734459e-09
2192333873_2a0cbe849d.jpg,-2.558646e-09
1459032057_97e73ed6ab.jpg,-3.954786673e-09
2676937700_456134c7b5.jpg,-4.332886051e-09
1419286010_b59af3962a.jpg,4.308164016e-09
2591110592_ef5f54f91c.jpg,3.760947485e-09
3380364224_2626d9d354.jpg,-9.003076825e-09
2394919002_ed7527ff93.jpg,-5.242041169e-09
3635194562_4c1dfa120a.jpg,2.184189375e-09
3711826708_bba64fb1e1.jpg,2.878871746e-09
2833582518_074bef3ed6.jpg,4.034579899e-09
1151466868_3bc4d9580b.jpg,2.088350481e-09
3523819210_99782628fc.jpg,2.805708453e-09
1009434119_febe49276a.jpg,3.286919782e-09
3712008738_1e1fa728da.jpg,1.322043629e-09
247637795_fdf26a03cf.jpg,4.272776743e-10
496110746_a93ca191ae.jpg,-2.95085791e-10
3159569570_dff24e7be9.jpg,5.937671211e-10
475980315_b8ecd50094.jpg,-3.146074632e-09
3205336477_037d4b6bd9.jpg,1.942462044e-09
3640661245_c8c419524d.jpg,2.36323073e-09
3614542901_29877fc342.jpg,-3.985742078e-10
2562347802_c049a2ba88.jpg,1.483132818e-08
842960985_91daf0d6ec.jpg,9.899832475e-09
611910909_4f8e43e070.jpg,1.441896742e-09
1204996216_71d7519d9a.jpg,2.274520421e-09
411863595_d77156687e.jpg,-3.495081542e-09
3112821789_1f7c3bbb99.jpg,-6.091820119e-09
515755283_8f890b3207.jpg,4.219036216e-09
3273325447_81c94000da.jpg,-3.284982381e-09
2339573065_91f1e3be60.jpg,1.546645361e-08
1417295167_5299df6db8.jpg,-1.421115955e-08
3637966641_1b108a35ba.jpg,-2.492264686e-09
2674784195_704f6b79d0.jpg,-5.76955966e-09
3568219100_dfbffddccd.jpg,2.434950793e-09
297169473_d3974e0275.jpg,-1.807927894e-09
2335428699_4eba9b6245.jpg,-1.105996958e-08
3224578187_749882c17f.jpg,2.732273811e-09
3520922312_e58a6cfd9c.jpg,1.43650753e-09
172097783_292c5413d8.jpg,-8.653244916e-10
2272548482_0b4aec5cdd.jpg,6.549224583e-10
3728015645_b43a60258b.jpg,-5.184371343e-09
2305437797_e6c3460190.jpg,1.804842511e-09
486720042_b785e7f88c.jpg,1.231346737e-09
241347803_afb04b12c4.jpg,2.380274795e-09
3247598959_5b2348444c.jpg,6.374241935e-09
3597210806_95b07bb968.jpg,1.570069957e-09
512550372_438849ce19.jpg,1.981813771e-09
3656104088_a0d1642fa9.jpg,-1.137695534e-09
2545192257_142fe9e2de.jpg,1.046372105e-09
610590753_cd69ce081a.jpg,8.245312663e-10
549887636_0ea5ae4739.jpg,-4.669385288e-09
2298946012_22de913532.jpg,4.705266339e-10
2387197355_237f6f41ee.jpg,-5.963991463e-09
3354489242_dd529ffa1f.jpg,-2.338743158e-09
199463720_329a802206.jpg,2.46480508e-10
3086810882_94036f4475.jpg,-2.758738006e-09
2510029990_7014f907cb.jpg,-5.909952123e-09
3456251289_c4ae31d817.jpg,-1.984104665e-09
2330062180_355ccbceb5.jpg,-5.408127054e-09
2271755053_e1b1ec8442.jpg,-3.881115664e-09
2861100960_457ceda7fa.jpg,-1.15909827e-09
3294179574_4f67e67d6f.jpg,8.279270346e-09
181415975_2627aa6668.jpg,-1.042065115e-09
394136487_4fc531b33a.jpg,-8.632937397e-10
2646615552_3aeeb2473b.jpg,4.317886861e-10
424779662_568f9606d0.jpg,-6.096082751e-10
3332136681_9aecf101fd.jpg,1.346815491e-09
2472896179_245e7d142f.jpg,1.340760937e-09
278002875_d011ae9dc5.jpg,-4.65130558e-09
2222186636_85e03e0b75.jpg,-5.343256663e-09
3691670743_0ed111bcf3.jpg,-5.129470823e-11
317488612_70ac35493b.jpg,-3.390317442e-09
2620113705_a8fa89b8f6.jpg,7.38903214e-10
1389323170_d1c81d6b51.jpg,-3.264552026e-09
3456579559_b5c8927938.jpg,-1.033095851e-08
2800004913_c8394ba332.jpg,-1.040399737e-09
3009383694_e045c6169e.jpg,-5.594897566e-10
3582685410_05315a15b8.jpg,-1.84782053e-09
2760371526_63f3d01760.jpg,-3.57323193e-09
3484841598_e26ee96aab.jpg,6.656954761e-09
424416723_19c56cb365.jpg,2.096607386e-09
2135360514_7dcb9ed796.jpg,1.048807547e-09
3470951932_27ed74eb0b.jpg,1.175593093e-09
3410215754_5d5caeffaf.jpg,-9.140526782e-10
3718007650_e5930b4509.jpg,6.754426173e-09
3215108916_0473007b47.jpg,3.866950217e-09
2311690895_0d6efe11c8.jpg,1.828052152e-09
215214751_e913b6ff09.jpg,-2.760228393e-09
3122888809_9ae9b4b9b2.jpg,-4.116825001e-09
1936215201_d03a75cbba.jpg,4.19521854e-09
3270047169_2ed289a9af.jpg,6.272823711e-10
3060519665_4d6b9a51b2.jpg,6.869787992e-09
3090398639_68c0dfa9a5.jpg,-1.73143449e-09
1580671272_3e99d94305.jpg,-1.99187066e-09
241346709_23204cc2bc.jpg,9.968591988e-10
2109479807_eec8d72ca7.jpg,1.089915847e-09
2713554148_64cd465e71.jpg,4.11835013e-09
2831846986_5534425cfa.jpg,1.066041069e-09
2205328215_3ffc094cde.jpg,-8.834338268e-10
2789238858_14261dd25a.jpg,1.055083952e-09
2443229844_277cded27d.jpg,-2.19170329e-09
3019842612_8501c1791e.jpg,-1.596209592e-09
3352199368_b35f25793e.jpg,-7.028091433e-09
3082196097_2d15455b00.jpg,5.765010436e-09
322103537_184367bf88.jpg,-5.377793078e-10
3498423815_5b8fc097f4.jpg,-7.444415673e-10
2789350645_96a2535b4d.jpg,3.712821594e-09
3228960484_9aab98b91a.jpg,-2.198601558e-09
2512683710_991c9d466d.jpg,-1.039528402e-08
3687995245_624b54090d.jpg,-3.589129281e-09
2299427360_422a3fb8b0.jpg,-2.405391524e-09
136639119_6040b00946.jpg,5.913558719e-10
1975171469_84e425f61b.jpg,-4.560592874e-10
2271667421_7b21fc23b8.jpg,-5.176631439e-10
2176874361_2b4149010b.jpg,2.553075894e-09
3532587748_7e64bb223a.jpg,-3.053966048e-09
3403263046_3cc701a07a.jpg,-4.184605432e-09
3116731299_6139b25c18.jpg,4.516868804e-09
2165459064_5b81ff23eb.jpg,3.760457586e-10
254295381_d98fa049f4.jpg,-9.533478337e-10
3368207495_1e2dbd6d3f.jpg,-2.618077113e-09
2658360285_a0ec74ef48.jpg,2.840459168e-09
1426014905_da60d72957.jpg,2.881992322e-09
709373049_15b8b6457a.jpg,2.482576281e-09
1620397000_3883e3ecd3.jpg,-3.196967589e-09
2708582445_5e5999b956.jpg,-4.521658663e-09
1798215547_ef7ad95be8.jpg,3.570860572e-09
3143953179_1c08c023a5.jpg,2.637837295e-09
2419186511_f0ce5f9685.jpg,-2.679732222e-09
55470226_52ff517151.jpg,-3.254629516e-10
160585932_fa6339f248.jpg,1.79110098e-09
3126795109_73920ed5dc.jpg,-3.543619371e-10
241347243_c751557497.jpg,5.739587099e-10
3530687486_6e6be53602.jpg,-3.806181106e-09
439916996_1ddb9dc8e7.jpg,-1.203101035e-11
2354792215_eef2bdc753.jpg,4.558618311e-09
3543378438_47e2712486.jpg,4.989351849e-09
53043785_c468d6f931.jpg,8.992468975e-10
1321949151_77b77b4617.jpg,3.49988097e-09
2526585002_10987a63f3.jpg,1.020833497e-09
3346040664_5b584e6133.jpg,-3.52614627e-09
639120223_7db6bdb61f.jpg,8.536629922e-10
1084040636_97d9633581.jpg,5.651875779e-09
3553056438_4e611a7a2a.jpg,-2.963561717e-09
135235570_5698072cd4.jpg,1.119686754e-09
3254640083_eb34b8edfe.jpg,5.327651362e-09
3126724531_f483e1b92a.jpg,9.863750461e-10
3609032038_005c789f64.jpg,4.383565333e-09
3053916979_848d32261b.jpg,-9.43864623e-10
3205839744_24504ba179.jpg,4.915614145e-09
86412576_c53392ef80.jpg,-4.076070578e-09
2472634822_7d5d2858c0.jpg,3.232854054e-09
272940778_a184dbea42.jpg,-4.831327268e-10
3182161610_4d349b257f.jpg,-5.001247839e-09
2661437618_ca7a15f3cb.jpg,-2.722889452e-09
2598012140_832863fcb9.jpg,1.327940999e-09
3724738804_f00748a137.jpg,1.866986444e-09
3425851292_de92a072ee.jpg,1.339978848e-09
2158247955_484f0a1f11.jpg,5.826271721e-10
2873188959_ff023defa9.jpg,-1.145127342e-08
3417102649_5c0b2f4b4d.jpg,1.041311789e-09
1501811302_5e723fc529.jpg,-1.018517442e-09
2201978994_c444e64810.jpg,-3.036425534e-09
3564157681_03a13b7112.jpg,2.086197916e-09
143688205_630813a466.jpg,-1.071538426e-09
2708634088_a4686be24c.jpg,-7.704098909e-09
2249264723_d08655d9f2.jpg,-4.460295922e-09
3585123310_9a8e94bd2b.jpg,6.514124725e-10
3323952123_deb50b0629.jpg,-1.169338803e-09
488549693_a1f51d8c4a.jpg,-1.717054032e-09
3744832122_2f4febdff6.jpg,-9.137207313e-09
3335997221_254366c400.jpg,-2.407336189e-09
272283076_2d4aa1d5cf.jpg,5.269677418e-09
1460500597_866fa0c6f3.jpg,-3.052809194e-09
3176072448_b84c99cf7f.jpg,1.200099429e-09
2902661518_1513be3ea6.jpg,1.118040759e-10
143237785_93f81b3201.jpg,4.342962493e-15
3355683198_715fb1a2ac.jpg,-2.093653153e-09
411175971_0fffd3b8c6.jpg,1.593268996e-09
2213113526_beeb4f9bdc.jpg,7.904230036e-09
3276448136_0d9f5069c5.jpg,2.444799526e-09
3604928725_58147c87cd.jpg,-2.260862119e-09
1273001772_1585562051.jpg,-8.689031683e-09
169490297_b6ff13632a.jpg,-6.680131123e-10
2346189044_546ed84aa9.jpg,1.902718716e-09
2223382277_9efa58ec45.jpg,-7.90396854e-09
733172023_5810350af6.jpg,-1.135240758e-09
968081289_cdba83ce2e.jpg,3.385217176e-09
3477712686_8428614c75.jpg,-1.984554588e-09
3197247245_9c93b60b8a.jpg,3.094256743e-09
2541104331_a2d65cfa54.jpg,-5.219106666e-09
2836553263_b1a08c25ea.jpg,-5.607459202e-09
311196733_03966b4836.jpg,-2.281231927e-08
3157622277_9f59b4f62f.jpg,5.148411884e-09
537359971_6e28f5e66e.jpg,-1.528912541e-10
2788945468_74a9618cfa.jpg,-9.957648518e-10
3005872315_e6771763bd.jpg,3.47056291e-09
2928152792_b16c73434a.jpg,-8.124964303e-10
3459419203_cd7c68ce4d.jpg,3.936163358e-09
2939475047_84585ea45c.jpg,-8.659506656e-10
2567812221_30fb64f5e9.jpg,-3.278673972e-09
3535372414_4c51c86fc4.jpg,-1.160953625e-09
3120266797_47e7d91614.jpg,2.979697725e-09
3088322308_b0c940b3a3.jpg,-8.419917017e-09
416788726_5b4eb1466e.jpg,-4.331200721e-10
2578289278_01516d23a0.jpg,2.051518244e-09
70995350_75d0698839.jpg,9.967906843e-09
1191338263_a4fa073154.jpg,9.066236034e-10
3522749949_fb615cee47.jpg,-3.141542399e-09
3151365121_e2a685a666.jpg,1.280947172e-09
1523800748_a59e980eee.jpg,1.942444557e-09
3713324467_104d72f7db.jpg,-1.014359994e-09
2333584535_1eaf9baf3e.jpg,-4.265075431e-09
3627679667_0e3de9fc90.jpg,1.908793437e-09
2765747519_2b851e01d6.jpg,4.803952959e-09
1539166395_0cdc0accee.jpg,3.153092226e-09
3335773346_ac0d97efeb.jpg,1.431286496e-10
2894576909_99c85fd7a7.jpg,-3.726458213e-09
3220161734_77f42734b9.jpg,5.815758765e-09
2987775031_3f9ac69319.jpg,1.036932536e-08
2490687446_9d46fdf5a9.jpg,4.575472236e-09
3512127856_18a4c7aace.jpg,-3.430386446e-09
2935703360_4f794f7f09.jpg,-1.861096253e-09
384465370_9918873f9a.jpg,2.249682423e-09
3360994630_d4616c1b14.jpg,-3.812777773e-09
345284642_77dded0907.jpg,6.496159998e-09
2410040397_1a161a1146.jpg,1.822842295e-09
874665322_9ad05c4065.jpg,2.026218868e-09
3474330484_a01d8af624.jpg,5.074694142e-09
2418191216_82711d5c5c.jpg,9.419438089e-09
2460134050_06de9f5c4a.jpg,3.350068232e-09
111537222_07e56d5a30.jpg,9.731624679e-11
295433203_8185c13e08.jpg,2.714032628e-09
241347460_81d5d62bf6.jpg,-1.681964716e-09
3549583146_3e8bb2f7e9.jpg,-5.019770449e-09
251586160_a31b187a37.jpg,-8.27466633e-10
3194134352_bc1b2a25d7.jpg,8.744174223e-10
3155657768_b83a7831e5.jpg,2.623998849e-10
2522467011_cc825d89ac.jpg,6.869496919e-09
759015118_4bd3617e60.jpg,5.995074681e-09
802594049_289e3c8420.jpg,-8.992208144e-09
3133044777_8cc930a4ec.jpg,-5.734380707e-10
2532262109_87429a2cae.jpg,-8.336263704e-09
2315807231_6948b3f3a5.jpg,-5.397039709e-09
1028205764_7e8df9a2ea.jpg,-2.832582787e-09
498748832_941faaaf40.jpg,2.756109845e-09
3326376344_3306bf439e.jpg,1.180456868e-08
2600170955_bf30c5d5c0.jpg,1.135486821e-09
506738508_327efdf9c3.jpg,2.130401833e-09
3725353555_75c346d7ec.jpg,5.928889036e-10
3529211822_1dabdb3a9c.jpg,-2.388957854e-09
3217909454_7baa0edbb2.jpg,-1.255505082e-10
3523471597_87e0bf3b21.jpg,-1.944002519e-09
3374759363_d6f7a0df41.jpg,4.072137999e-09
2555638166_2f0847d57d.jpg,1.442406765e-09
2813033949_e19fa08805.jpg,2.512662377e-09
3713133789_f05e8daffd.jpg,-6.306353876e-09
3227594168_3351722aae.jpg,-5.888590584e-09
3535284878_f90f10236e.jpg,-1.495745716e-08
2986716822_e220754d32.jpg,1.034364712e-08
3547647914_4dd56a8c1b.jpg,8.781251298e-09
2822148499_eaa46c99d4.jpg,-1.988318328e-09
3107463441_7c68606450.jpg,-2.890381064e-09
2286235203_af3cd8f243.jpg,-9.252691266e-09
2265367960_7928c5642f.jpg,4.465041299e-09
3394654132_9a8659605c.jpg,1.075867284e-09
2896668718_0c3cff910f.jpg,-2.331039892e-09
3223224391_be50bf4f43.jpg,-3.022141904e-10
2260369648_e21ae6494a.jpg,-3.055486753e-09
2918769188_565dd48060.jpg,-3.875956957e-09
2673564214_3a9598804f.jpg,5.304125121e-09
308307853_5a51fbdecc.jpg,1.380851158e-09
3561433412_3985208d53.jpg,5.103856983e-10
2623982903_58ec7c5026.jpg,2.339205402e-09
241347689_d0b1ac297d.jpg,-2.663393437e-09
1351315701_6580b51c41.jpg,-8.53821783e-10
3134341610_3c55e373a7.jpg,-7.936573493e-09
2218609886_892dcd6915.jpg,8.499111675e-10
2503629305_055e9ec4b1.jpg,8.393404531e-09
456299217_b2802efbc2.jpg,3.729698488e-09
3315323307_bd148a8964.jpg,-4.674380522e-09
3068735836_872fba3068.jpg,6.533830961e-09
3431487300_0123195f9b.jpg,-3.043591652e-09
3582048078_7bac2d8473.jpg,1.771726771e-10
2198494923_8159551be4.jpg,6.039334089e-09
3065468339_4955e90fd3.jpg,-1.159847542e-09
3647750811_395fbd397e.jpg,4.794428893e-09
3544793763_b38546a5e8.jpg,-2.069230707e-09
365128300_6966058139.jpg,-1.944096502e-09
3561130207_d1ed166daa.jpg,8.604587939e-09
1348891916_ebd4413033.jpg,1.433406834e-09
395461421_c586b136de.jpg,-5.039048584e-09
3187364311_4c2a87083b.jpg,2.108821199e-10
57422853_b5f6366081.jpg,7.236168523e-09
3139118874_599b30b116.jpg,-8.735189216e-10
3474999131_788cbf253f.jpg,2.491042131e-09
3496983524_b21ecdb0c7.jpg,-5.67581465e-09
2679926555_b11cf45595.jpg,2.939171532e-09
3344948183_5b89379585.jpg,2.663311741e-09
3155279929_d1cddbe7cf.jpg,-1.666548007e-09
2756765580_9e57e10f0d.jpg,-1.884916774e-09
3174156702_95a1cda2d9.jpg,6.515897194e-10
3477715432_79d82487bb.jpg,-2.590899455e-12
2178306830_6af49375b4.jpg,-3.219674632e-09
2107837987_ffecfc367a.jpg,-3.187459823e-09
3667822570_d39850e217.jpg,-2.180878061e-09
762947607_2001ee4c72.jpg,-1.37652555e-09
325005410_e1ff5041b5.jpg,-5.831674336e-09
2086532897_b8714f2237.jpg,8.134183624e-10
3386375153_20c56d0aae.jpg,-9.692183152e-10
458213442_12c59e61a0.jpg,-7.32046791e-10
2280354512_c0d035d53f.jpg,3.2662494e-09
109671650_f7bbc297fa.jpg,1.125941836e-10
468141298_3154d717e1.jpg,-3.261287501e-10
2053733930_e245615ad4.jpg,-2.911977733e-09
2452238877_2340609c6e.jpg,7.594880495e-09
3568197730_a071d7595b.jpg,-6.534599417e-10
2573625591_70291c894a.jpg,6.687119896e-09
3673032164_6c6843de87.jpg,-9.736929277e-09
2910758605_73a3f5a5c2.jpg,1.380636823e-09
1022975728_75515238d8.jpg,2.957304323e-09
2222498879_9e82a100ab.jpg,1.425420795e-10
2319087586_919472310f.jpg,-6.170469087e-09
3406802138_ef77bbddd0.jpg,7.628864233e-09
3402081035_a54cfab1d9.jpg,3.207789646e-09
3279228339_71deaa3d9b.jpg,4.402079026e-09
2920969723_83918fe909.jpg,-3.001953653e-09
3171451305_f87b9e09ee.jpg,-3.197016673e-09
2909955251_4b326a46a7.jpg,2.345000707e-09
1413956047_c826f90c8b.jpg,1.70522104e-09
3016651969_746bd36e68.jpg,-7.913997266e-09
2594042571_2e4666507e.jpg,-2.293480985e-09
2866529477_7e0c053ebc.jpg,9.199582511e-10
2947452329_08f2d2a467.jpg,-4.023613531e-09
3478176372_7c510a0cef.jpg,5.080807426e-10
3454754632_977c1523be.jpg,-6.775619549e-10
3405720825_b6991005eb.jpg,-1.530958781e-09
2831314869_5025300133.jpg,-3.279557269e-09
2624457062_89efc497a8.jpg,2.480191753e-09
57417274_d55d34e93e.jpg,1.573296578e-09
3273969811_42e9fa8f63.jpg,-8.054820262e-09
2771424045_1fdf9617eb.jpg,2.830892465e-09
2086678529_b3301c2d71.jpg,4.254817303e-09
3589367895_5d3729e3ea.jpg,-1.57667752e-09
3698944019_825ef54f2f.jpg,2.050597419e-09
3396036947_0af6c3aab7.jpg,-1.789811662e-09
2254913901_569f568926.jpg,-6.649674275e-09
463875230_f19e83d6df.jpg,6.604533153e-09
3099504809_565e17e49d.jpg,-6.904691917e-09
2856923934_6eb8832c9a.jpg,-1.014398937e-08
3016759846_062663f8ab.jpg,-8.437226704e-09
3527715826_ea5b4e8de4.jpg,4.095179449e-09
247691240_3881777ab8.jpg,-5.334179313e-09
2542662402_d781dd7f7c.jpg,-1.523409695e-09
2861932486_52befd8592.jpg,-6.581013105e-09
2429978680_1e18a13835.jpg,-1.222687857e-09
2972864304_481aeffe50.jpg,-4.233990031e-09
661755629_602ea4cf09.jpg,3.511529216e-09
1778020185_1d44c04dae.jpg,3.595073829e-09
3716244806_97d5a1fb61.jpg,3.79244591e-09
3526805681_38461c0d5d.jpg,3.757419199e-09
566921157_07c18a41e2.jpg,1.013988227e-10
2761599088_8b39cc5f41.jpg,-1.03616945e-09
352981175_16ff5c07e4.jpg,1.517014694e-09
3518126579_e70e0cbb2b.jpg,8.097090986e-10
2504764590_cf017c2a6e.jpg,-7.091905602e-10
3632572264_577703b384.jpg,8.846408577e-10
380537190_11d6c0a412.jpg,-1.688847793e-09
3372022051_132b8e6233.jpg,2.900243e-09
533979933_a95b03323b.jpg,-2.543023616e-09
2708686056_1b8f356264.jpg,9.147952144e-10
3410902181_b2a3c6eec9.jpg,-1.623629026e-09
3286198467_8880be127e.jpg,-2.819845216e-09
3528966521_2e871ff6a1.jpg,-1.29431083e-08
2886533440_dfa832f2fa.jpg,3.721621308e-09
3154709407_9b0778cbeb.jpg,-1.599823023e-09
2257798999_d9d1b9a45a.jpg,-6.20969536e-10
3378553508_e37e281d25.jpg,2.077131683e-09
3144705706_391d7b77c7.jpg,-3.615983053e-09
3363836972_c87b58c948.jpg,1.520423627e-10
1258913059_07c613f7ff.jpg,6.712268607e-09
2244171992_a4beb04d8e.jpg,-3.519985708e-10
3262475923_f1f77fcd9f.jpg,1.007112406e-09
3242919570_39a05aa2ee.jpg,6.373858746e-10
1042020065_fb3d3ba5ba.jpg,-5.992074779e-09
2978271431_f6a7f19825.jpg,-8.115224516e-09
3430607596_7e4f74e3ff.jpg,7.58746909e-09
1501985304_8c50093004.jpg,1.222997808e-09
3287969199_08e775d896.jpg,-3.599199965e-09
3545652636_0746537307.jpg,-5.06221029e-09
1295669416_21cabf594d.jpg,1.10713976e-09
2992614450_b5a6692239.jpg,3.682830524e-09
3683644335_b70bed1d83.jpg,1.501346842e-09
3330007895_78303e8a40.jpg,-5.267281301e-09
537230454_1f09199476.jpg,-5.485155161e-09
3386060324_b98fdfa449.jpg,-4.176169698e-09
754852108_72f80d421f.jpg,9.975639279e-10
3482974845_db4f16befa.jpg,7.919663719e-09
3175434849_859f09fe07.jpg,-3.080199195e-09
2786245676_0a69543832.jpg,4.269961476e-09
2256320794_0286c31bfa.jpg,-5.121147069e-09
3545793128_af3af544dc.jpg,-6.831109238e-10
2899276965_a20b839cfd.jpg,4.042022844e-09
3122497129_d08f5729b8.jpg,4.375041856e-09
2591486448_48d5438343.jpg,-3.59674187e-09
3163281186_e2f43dfb5f.jpg,7.134159927e-10
341665272_80d4d61376.jpg,-4.132303811e-09
3517040752_debec03376.jpg,-2.000113523e-09
3210419174_d083a16f77.jpg,1.183394231e-09
719837187_3e7bf1d472.jpg,1.610096458e-09
2734219983_fe86a60bf9.jpg,1.731536018e-09
327621377_0bc3b7fd26.jpg,-2.061529225e-09
2046222127_a6f300e202.jpg,2.369170829e-09
2616508003_fa5ca5780d.jpg,2.213770931e-09
241347150_5ff37818c2.jpg,8.005587908e-09
1662261486_db967930de.jpg,-5.560341005e-10
256292144_b53aadae27.jpg,2.3654955e-10
3267644370_f2728d6c7a.jpg,5.551591819e-09
3568505408_4e30def669.jpg,-4.466590151e-10
90011335_cfdf9674c2.jpg,-5.361386477e-09
3296715418_29542dcdc2.jpg,8.367042684e-10
381052465_722e00807b.jpg,1.094984954e-09
2652155912_8ba5426790.jpg,7.816183676e-10
3186863842_5832573c5e.jpg,-2.50682876e-09
236730743_0d4fd8de5a.jpg,-3.636153952e-10
3168123064_d1983b8f92.jpg,4.135055167e-09
3187492926_8aa85f80c6.jpg,-1.621791032e-09
3688005475_d200165cf7.jpg,-2.416120265e-09
3577309234_c952c2af86.jpg,-1.123029256e-09
2930514856_784f17064a.jpg,-1.306555002e-09
232193739_ed5f348c7a.jpg,4.426648156e-09
3257277774_aba333a94c.jpg,1.146117445e-08
3759492488_592cd78ed1.jpg,3.076687315e-09
2110898123_07729c1461.jpg,4.170114931e-09
397815951_3b02090324.jpg,-3.470123965e-09
3057862887_135c61816a.jpg,-8.073525302e-10
2847615962_c330bded6e.jpg,-3.748200741e-09
1309330801_aeeb23f1ee.jpg,-1.503188049e-09
2294516804_11e255807a.jpg,-8.953577226e-09
513269597_c38308feaf.jpg,3.644618872e-09
3307978046_92fef4dfa9.jpg,2.0617744e-09
2405599120_ec5f32af6f.jpg,3.00283437e-09
3243588540_b418ac7eda.jpg,3.305230887e-09
3320680380_b0d38b3b4a.jpg,-3.796593955e-09
3204922011_185e48949a.jpg,-1.741032674e-09
3123463486_f5b36a3624.jpg,5.516796615e-09
2752230113_b5dab6f0f1.jpg,2.466038658e-09
3292277400_f95cdd13d1.jpg,3.444686759e-09
506478284_7cf8bdbe36.jpg,-5.35757157e-10
1982852140_56425fa7a2.jpg,-1.913906485e-09
1429814475_0b592b9995.jpg,4.361081143e-09
2339946012_06bd480ab8.jpg,2.77307691e-09
1131800850_89c7ffd477.jpg,-7.676225557e-10
3425685827_03683e8e5a.jpg,-3.747885567e-10
2021613437_d99731f986.jpg,-6.197031386e-10
116409198_0fe0c94f3b.jpg,-3.322432293e-09
3207264553_8cd4dcde53.jpg,-1.065239117e-09
3165750962_e2e3843679.jpg,-3.631268785e-09
2984704498_29b53df5df.jpg,2.488181237e-09
2858759108_6e697c5f3e.jpg,-6.598534391e-09
3185695861_86152b2755.jpg,4.668544446e-09
245252561_4f20f1c89e.jpg,-9.676268825e-10
3034585889_388d6ffcc0.jpg,-2.849422531e-09
3565654691_22b97d3994.jpg,-1.821981365e-09
2187503678_fd743e0a00.jpg,2.123728686e-09
2420730259_86e7f8a815.jpg,-4.484903682e-09
441398149_297146e38d.jpg,9.442616466e-10
524698457_77ba13840a.jpg,1.372863808e-09
3417143124_6feb8290cc.jpg,1.555995977e-09
2098646162_e3b3bbf14c.jpg,4.898713463e-09
2687672606_275169c35d.jpg,-1.454496132e-08
3087095548_6df7c2a8ed.jpg,5.757266263e-09
3527590601_38d56abc29.jpg,-1.000574995e-09
1470132731_fa416b7504.jpg,-8.611774281e-09
3271084924_4778d556cc.jpg,2.974831781e-09
504765160_b4b083b293.jpg,4.243764116e-09
2800758232_d7fa598065.jpg,1.259469663e-09
3459362347_c412ef9901.jpg,8.727602669e-09
3198247669_7493af04a7.jpg,-2.836562639e-09
2694426634_118566f7ab.jpg,5.033608632e-09
2873522522_829ea62491.jpg,5.800443513e-10
300539993_eede2d6695.jpg,8.08866263e-10
3411595210_8e0893b266.jpg,-4.500949357e-09
3049770416_0fb1954315.jpg,6.711978378e-11
3419916411_72934edcdb.jpg,-9.163221867e-10
3470008804_0ca36a7a09.jpg,2.048400581e-09
150582765_bad8dec237.jpg,-1.551822858e-09
252578659_9e404b6430.jpg,4.499599661e-09
2363006088_b3e3aa5c0b.jpg,-4.635943901e-09
2710698257_2e4ca8dd44.jpg,1.025221809e-08
451597318_4f370b1339.jpg,-7.167476946e-09
3560891822_7d4c1e3580.jpg,-1.843979622e-09
3572267708_9d8a81d4a4.jpg,3.033994573e-09
2439154641_bbf985aa57.jpg,2.649502209e-09
2660008870_b672a4c76a.jpg,5.072106842e-09
314904143_5a216a192b.jpg,-2.498203718e-09
2225241766_f1e7132e3e.jpg,-4.975683844e-09
95728664_06c43b90f1.jpg,-5.028868219e-09
2246717855_c0c08fe5d2.jpg,-2.812964559e-09
224766705_b77996527f.jpg,-2.822896876e-09
3601978895_9fec23ce0c.jpg,-7.52929555e-10
495054019_3dee8a02f5.jpg,-8.245986436e-10
2053777548_108e54c826.jpg,-2.543034098e-09
354642192_3b7666a2dd.jpg,-6.022741413e-09
1584315962_5b0b45d02d.jpg,1.06466559e-10
1597319381_1e80d9e39c.jpg,2.79209592e-09
2909875716_25c8652614.jpg,7.330579763e-09
2744690159_fe2c89e55b.jpg,-7.006023667e-11
129599450_cab4e77343.jpg,-2.914224426e-09
3258874419_23fec1bdc1.jpg,2.261746022e-09
2500826039_165e75b20c.jpg,-2.191450633e-09
538825260_a4a8784b75.jpg,-1.658209303e-09
3232030272_b2480a5fe7.jpg,-3.278259916e-09
403523132_73b9a1a4b3.jpg,3.768641365e-09
23445819_3a458716c1.jpg,3.294629186e-09
3701509233_a2275a4e57.jpg,2.057693393e-09
2719102611_fef453bf30.jpg,-4.252438932e-09
255091927_2eb643beb2.jpg,5.27699687e-10
3426724811_137855b4f7.jpg,-2.71105984e-09
3373069977_bc73e9e409.jpg,-2.591658522e-09
3534512991_f9fd66f165.jpg,6.08260089e-10
3387630781_f421a94d9d.jpg,5.21578723e-09
3389448506_7025e7cc12.jpg,-1.048729359e-09
2907244809_07ab2c6b6c.jpg,2.671690091e-09
3427301653_4ff0d6fd93.jpg,-2.537045916e-09
2073174497_18b779999c.jpg,4.609185419e-09
2136455112_202c093ba4.jpg,-4.284434099e-09
3672944692_8d24a44fc6.jpg,-1.159613742e-09
1255504166_f2437febcb.jpg,4.522522009e-09
236095031_5cb17dc54a.jpg,5.703989514e-09
3606942887_1159d92548.jpg,-6.728927274e-09
3696698390_989f1488e7.jpg,4.048352138e-09
427936315_0b8f7b8d23.jpg,-7.948942412e-09
2472250097_a3191a94b3.jpg,1.38402033e-09
2665904080_8a3b9639d5.jpg,-1.54048848e-10
3259160693_067ec7ebc3.jpg,1.811277544e-09
3222496967_45d468ee66.jpg,9.003395885e-10
2789688929_9424fceed1.jpg,-1.172957311e-09
1962729184_6996e128e7.jpg,1.953082202e-09
343073813_df822aceac.jpg,1.791616799e-09
3086790344_9487c58624.jpg,1.816878672e-09
2710563762_06d48329d7.jpg,1.598149087e-09
2271264741_aa8f73f87c.jpg,-7.740044357e-10
3283913180_7d4e43602d.jpg,-6.187935502e-10
3535304540_0247e8cf8c.jpg,6.167771323e-09
2949337912_beba55698b.jpg,-2.769132728e-08
2855594918_1d1e6a6061.jpg,-2.261650676e-09
3477672764_7f07657a26.jpg,-5.307067362e-09
3704995657_e2e114083d.jpg,-4.73512944e-09
2095435987_1b7591d214.jpg,6.306911657e-09
3401039304_424ffc7dbf.jpg,6.797896485e-09
2729655904_1dd01922fb.jpg,3.002273179e-10
2515247156_c1b759fc33.jpg,4.361927383e-09
3671950830_b570bac1b9.jpg,-1.057068893e-09
3421129418_088af794f7.jpg,-1.207762544e-08
3403797144_53e49412ec.jpg,3.014085646e-09
3223973114_6c15538ce9.jpg,1.906977671e-09
2812590023_50182bc417.jpg,4.004583349e-09
2445442929_8c81d42460.jpg,3.372353036e-09
2204695848_3d1b140212.jpg,-1.992620916e-10
3724581378_41049da264.jpg,-2.78530764e-09
3458577912_67db47209d.jpg,3.877371441e-09
3384528359_e920154177.jpg,-8.602814488e-09
1463732130_a754441289.jpg,-2.546446241e-10
2775249812_f4db95e818.jpg,1.446028955e-09
3216926094_bc975e84b9.jpg,8.813845514e-09
3211289105_e0360a9c7f.jpg,-5.104326564e-09
2265096094_8cc34d669c.jpg,-5.271773134e-10
3217266166_4e0091860b.jpg,2.96639823e-09
469021173_aa31c07108.jpg,-9.895292099e-09
2707873672_15e6b5d54b.jpg,-1.073604783e-09
2148991939_3b9fd6c439.jpg,2.722563208e-09
3638908276_b1751d30ff.jpg,2.357799765e-09
3610687607_895fdc94bd.jpg,-7.555560022e-09
696663662_232edd58af.jpg,4.116695388e-09
3030824089_e5a840265e.jpg,3.491229945e-09
2707969386_94dde00ce4.jpg,-3.473188687e-09
3643684688_2f7157b23d.jpg,4.654732077e-09
3286111436_891ae7dab9.jpg,-3.842547256e-09
2991994415_504d1c0a03.jpg,1.67828619e-10
2921112724_5cb85d7413.jpg,-4.494218822e-09
248646530_03c6284759.jpg,1.348824457e-09
2017276266_566656c59d.jpg,2.909354441e-09
501650847_b0beba926c.jpg,2.717410313e-09
138718600_f430ebca17.jpg,-1.318922288e-09
3240351042_5d29c94b0e.jpg,8.417467524e-10
3286406057_a1668655af.jpg,-3.863537441e-09
241347611_cb265be138.jpg,-7.292116659e-09
3563871276_c8b2a00df5.jpg,3.134681001e-09
3399312265_9c74378692.jpg,7.049420888e-10
2291511815_ac083fddbd.jpg,6.180477391e-11
582788646_dc40748639.jpg,1.152284275e-09
1352398363_9cc8ffcce9.jpg,-1.273215979e-09
3394750987_a32ecc477e.jpg,-1.098935714e-09
2863027424_9c75105660.jpg,7.510781871e-09
2247889670_413db8094b.jpg,5.172866434e-10
3046286572_d2050ab0d9.jpg,1.680234684e-09
3730457171_e66dde8c91.jpg,3.889189711e-10
386160015_d4b31df68e.jpg,-4.566671461e-09
422756764_e7eaac76bf.jpg,7.308151127e-09
339350939_6643bfb270.jpg,4.932150292e-11
2281006675_fde04e93dd.jpg,2.04377167e-09
3081182021_22cfa18dd4.jpg,9.035925236e-09
2822891602_ff61df2ece.jpg,3.255527198e-12
3277162496_dff7eeb59e.jpg,2.307164403e-10
1389651420_8d95d8f6ed.jpg,1.904520258e-09
2205088706_d7e633e00d.jpg,4.242454264e-09
2637959357_dd64a03efa.jpg,-8.627986006e-09
3404012438_9baf8dcbaf.jpg,1.908489712e-09
1998457059_c9ac9a1e1a.jpg,5.318889794e-10
2864340145_d28b842faf.jpg,1.528701407e-11
3385246141_a263d1053e.jpg,-2.877877546e-09
2396100671_3a9d67f03d.jpg,2.02663691e-09
2374570771_c395fc224a.jpg,-6.957750956e-09
3662871327_b128d25f04.jpg,-3.944286049e-09
1952896009_cee8147c90.jpg,-1.56903136e-09
2537583012_4a358a6a8a.jpg,-5.666722889e-10
3131990048_369b081021.jpg,1.231615618e-08
514431934_9cf78f05a9.jpg,3.621021703e-09
340425915_490293058f.jpg,5.684570554e-09
3179952488_c1c812a03b.jpg,5.278207714e-09
2654943319_d17fee7800.jpg,-1.292095638e-09
2534424894_ccd091fcb5.jpg,1.230343049e-08
2621771656_09a620da6d.jpg,-2.806964224e-10
223299142_521aedf9e7.jpg,-2.548788866e-10
3225058391_a12d38d911.jpg,4.408765488e-10
3188036349_8e4e2d6ca8.jpg,-1.348448844e-09
2484190118_e89363c465.jpg,-3.556973034e-09
512101751_05a6d93e19.jpg,3.58468738e-09
1356543628_c13ebe38fb.jpg,-1.481265549e-09
207930963_af3a2f1784.jpg,-1.56944441e-09
3265162450_5b4e3c5f1b.jpg,-3.033682722e-10
1234817607_924893f6e1.jpg,3.467825506e-09
3362871440_6c0f27c480.jpg,-3.367229007e-09
3396043950_12783c5147.jpg,-2.527940323e-09
2636876892_9353521a1c.jpg,1.070437631e-09
460935487_75b2da7854.jpg,7.419056017e-09
636503038_17ca82b50f.jpg,-3.603556336e-09
3634281981_d9cf1d1a33.jpg,8.33210392e-09
2873065944_29c01782e2.jpg,-1.220637475e-09
492493570_c27237a396.jpg,-1.718352493e-10
3438981089_2ef1a6353c.jpg,1.100440341e-08
3666324102_18ecdf8253.jpg,1.366009265e-09
3029463004_c2d2c8f404.jpg,3.372510472e-09
2976946039_fb9147908d.jpg,-6.621624164e-10
3178300150_d4605ff02c.jpg,-1.468651493e-09
1514957266_a19827c538.jpg,-1.810072961e-09
3413973568_6630e5cdac.jpg,-2.734284163e-09
3185409663_95f6b958d8.jpg,1.305487855e-09
498404951_527adba7b8.jpg,8.006405624e-09
359837950_9e22ffe6c2.jpg,-7.660375178e-10
3535056297_e16f014cb7.jpg,4.847362451e-09
3242718240_3358f2d6e6.jpg,-1.794043937e-09
3500399969_f54ce5848f.jpg,5.230758851e-09
2552723989_7bc93e0f7b.jpg,-4.544590465e-09
2824004868_1fc0a81173.jpg,-4.359277873e-09
3094568845_d0b56c5651.jpg,4.304844398e-09
3035949542_cb249790f5.jpg,7.911190309e-10
299572828_4b38b80d16.jpg,-3.186284867e-09
3552435734_04da83b905.jpg,2.074823371e-09
2089542487_b4c1ee7025.jpg,5.770828545e-09
1390268323_2c8204e91c.jpg,4.91980562e-09
3684518763_f3490b647a.jpg,-3.018067947e-09
2279980395_989d48ae72.jpg,-3.251783611e-09
2130203183_49bae96b96.jpg,1.475893109e-09
618292739_0fdc2ccab0.jpg,3.575540091e-09
3721881082_afe9fc734e.jpg,-5.531106553e-09
3333921867_6cc7d7c73d.jpg,-1.048646946e-08
3589267801_5a222e3a60.jpg,-2.704717665e-10
3527184455_1a9c074ff2.jpg,9.446214456e-09
3480379024_545e8ec818.jpg,-1.19745335e-08
2693425189_47740c22ed.jpg,5.359976523e-10
322791392_aa3b142f43.jpg,-5.114824156e-10
136644885_f7d2bbf546.jpg,2.179099181e-09
390992388_d74daee638.jpg,-2.272970649e-09
639865690_d66d480879.jpg,3.285833433e-09
2971478694_79e46ea7e5.jpg,2.717409282e-10
2244551043_21b8cca866.jpg,6.477416028e-09
2998504949_1022fec53b.jpg,4.581271997e-09
1247181182_35cabd76f3.jpg,-3.818212562e-09
2356664078_4b1e6e465d.jpg,4.25954922e-09
1368338041_6b4077ca98.jpg,4.286423339e-09
783994497_4f6885454d.jpg,-8.610942212e-10
3261666285_86fceb762d.jpg,3.42264835e-09
3484832904_08619300d9.jpg,8.22202203e-09
2229509318_be3fef006b.jpg,1.136227324e-08
1229756013_94663527d7.jpg,-1.681448923e-09
2448270671_5e0e391a80.jpg,4.21372103e-09
3415113018_7b95ddcd11.jpg,-1.608316444e-09
448590900_db83c42006.jpg,2.822793327e-09
228949397_9e63bfa775.jpg,-4.316111836e-10
3561537309_e271d57492.jpg,6.406079638e-10
3475005101_6f6e437459.jpg,1.392050662e-09
753578547_912d2b4048.jpg,-7.843901316e-10
3429194423_98e911a101.jpg,-5.1878734e-09
3529721084_4b405baf54.jpg,3.130939855e-09
694496803_f2a05869cf.jpg,3.519934652e-09
3228517564_74b00a923b.jpg,-9.246027906e-10
2218843713_cf28ea319e.jpg,-1.352313576e-09
2782433864_5a0c311d87.jpg,4.646409079e-09
2218519240_cac5aab53c.jpg,4.361689578e-10
3266261886_36e1323d2f.jpg,7.995464127e-09
2354829523_9542fc74ba.jpg,-1.722384426e-09
3650986674_3e101c606b.jpg,-5.094788911e-10
501684722_0f20c4e704.jpg,7.770693111e-10
3282634762_2650d0088a.jpg,6.114982752e-09
3279025792_23bfd21bcc.jpg,3.324635618e-09
3351586010_7ffaa90ea8.jpg,-7.474601117e-10
3562302012_0cbcd01ff9.jpg,8.75862656e-10
3255620561_7644747791.jpg,-3.356469824e-09
3341782693_426bf7139b.jpg,2.618200149e-09
2084217208_7bd9bc85e5.jpg,3.019722852e-09
3159447439_c1496cbaea.jpg,-2.700921492e-10
2275372714_017c269742.jpg,-2.863367783e-09
367673290_f8799f3a85.jpg,9.369299717e-09
566397227_a469e9e415.jpg,4.515255676e-09
428483413_b9370baf72.jpg,-4.006629652e-09
708860480_1a956ae0f7.jpg,-1.111513535e-08
3423225860_16e26eef74.jpg,4.717523067e-10
2578395598_6982734d46.jpg,2.742622337e-09
2045109977_b00ec93491.jpg,4.893870243e-09
3512791890_eb065b460a.jpg,-5.059507982e-10
3564742915_5f940b95b4.jpg,-5.110234543e-09
3364258732_9942c557e5.jpg,-3.202182664e-09
222878446_32c6fc4bc9.jpg,2.281095854e-09
2992808092_5f677085b7.jpg,8.223307333e-10
1237985362_dbafc59280.jpg,1.593989579e-09
3169276423_6918dd4da1.jpg,2.880884429e-09
3680218298_582e6a2289.jpg,9.732737023e-09
521186251_e97d1f50f8.jpg,4.493556571e-09
2701603045_6cbdc4ce7c.jpg,1.970701038e-10
3173215794_6bdd1f72d4.jpg,-3.159448539e-09
2853743795_e90ebc669d.jpg,-1.441379832e-09
2607462776_78e639d891.jpg,-3.217248174e-09
2157173498_2eea42ee38.jpg,-2.742630844e-09
3638688673_176f99d7fd.jpg,-7.968262248e-12
3008370541_ce29ce49f0.jpg,-3.118546773e-09
2217728745_92b6779016.jpg,8.110712007e-09
369360998_ba56fb436f.jpg,-1.050377909e-09
2882056260_4399dd4d7c.jpg,1.358200992e-09
1370773415_967b1ffde1.jpg,-2.792825732e-09
693164706_9624582e69.jpg,-7.573871398e-09
3449846784_278bc1ba92.jpg,-8.1084135e-09
3658427967_6e2e57458d.jpg,8.381983683e-09
3428038648_993a453f9e.jpg,4.199615904e-09
1579198375_84b18e003a.jpg,3.174072047e-09
2844747252_64567cf14a.jpg,-2.047859005e-08
2838619742_eed855d8a8.jpg,-2.495389584e-09
3741462565_cc35966b7a.jpg,-3.239645139e-09
3350671534_2a5d45a961.jpg,2.833110846e-09
3584561689_b6eb24dd70.jpg,-8.871138765e-09
2654514044_a70a6e2c21.jpg,1.331685771e-09
2526041608_a9775ab8d7.jpg,-8.440594922e-10
3677514746_26f5588150.jpg,1.822108289e-09
3122606953_a979dd3d33.jpg,1.293456959e-09
2839890871_4b7c7dbd96.jpg,3.532448411e-09
107582366_d86f2d3347.jpg,-5.338143847e-09
2977379863_2e8d7a104e.jpg,5.05004797e-09
170100272_d820db2199.jpg,2.793089282e-09
3165123595_8db9f918bf.jpg,-1.692181634e-09
1937262236_cbf5bfa101.jpg,-5.058147215e-09
3429351964_531de1bf16.jpg,2.963378146e-09
3103340819_46de7954a9.jpg,-9.519746752e-11
3612484827_0e479f9ee8.jpg,-8.066412484e-09
2435685480_a79d42e564.jpg,2.059717898e-09
862156271_3eacea90a8.jpg,6.291215611e-09
3229442620_fd47d01b59.jpg,1.196153707e-09
3511062827_cd87871c67.jpg,-4.978173487e-09
2807177340_bc85291df5.jpg,1.032208646e-08
3477681171_b1bb8b211d.jpg,-1.644346477e-09
2724485630_7d2452df00.jpg,-2.195136574e-09
2597873827_a5cb3e57ba.jpg,-2.958420542e-09
3564907603_14ccc655f1.jpg,-3.184567678e-10
3517023411_a8fbd15230.jpg,6.429932072e-10
2833431496_09d999db4d.jpg,6.182107147e-10
3109688427_d2e702456c.jpg,9.227560239e-10
3099923914_fd450f6d51.jpg,2.321753902e-09
93922153_8d831f7f01.jpg,-5.345324766e-09
2577972703_a22c5f2a87.jpg,-4.149180057e-09
2505360288_c972bd29c4.jpg,-4.755707175e-09
2085078076_b9db242d21.jpg,-5.354707509e-10
3254817653_632e840423.jpg,1.536059016e-09
2607099736_8681f601d9.jpg,-4.097777257e-09
3017220118_6a9212dfdb.jpg,-3.188254328e-09
3537920947_6c5a956f47.jpg,3.561337344e-09
1463732807_0cdf4f22c7.jpg,1.32321667e-09
2913207978_9e9624e249.jpg,1.989053804e-09
2596474836_79468f23a0.jpg,-1.031918722e-09
3329254388_27017bab30.jpg,1.261669462e-09
3498240367_cbd8c6efbf.jpg,-1.613055937e-09
3630102841_b4c3e00b2c.jpg,-2.556297393e-09
3349968447_b5d4a477b2.jpg,7.270268262e-09
2266061169_dfbf8f0595.jpg,-6.645554713e-10
2363419943_717e6b119d.jpg,-1.57305381e-09
241346352_c5a0ea43c6.jpg,5.241545232e-09
2890113532_ab2003d74e.jpg,6.790541564e-09
3450776690_38605c667d.jpg,4.279352519e-09
3515358125_9e1d796244.jpg,-6.49094738e-10
1299459550_1fd5594fa2.jpg,1.733622519e-09
268365231_a0acecdc45.jpg,-4.687278036e-09
481887827_f8975dabf1.jpg,3.184742311e-09
537559285_29be110134.jpg,4.244238677e-09
190965502_0b9ed331d9.jpg,-2.152969131e-09
3642220260_3aa8a52670.jpg,6.46804264e-09
1786425974_c7c5ad6aa1.jpg,-2.671514234e-09
448257345_ce149c2ea6.jpg,1.214602862e-09
3681575323_433d007650.jpg,-5.85573208e-09
1417882092_c94c251eb3.jpg,5.956550151e-10
487071033_27e460a1b9.jpg,4.139994899e-09
2555622234_3e531e4014.jpg,5.249556974e-09
130211457_be3f6b335d.jpg,-1.282400664e-09
278105206_df987b0ca0.jpg,-1.428318836e-09
2745441424_5659f6acc8.jpg,3.187215865e-09
3501313414_ae865b6fdf.jpg,3.266291352e-10
3557316485_574a5f7a89.jpg,6.69008537e-09
246041128_bedb09ed74.jpg,-3.836214595e-09
3618908551_7fd2de5710.jpg,-6.209902919e-09
2647049174_0fb47cee2e.jpg,5.494518527e-09
2056930414_d2b0f1395a.jpg,2.779632589e-09
2354540393_a149722680.jpg,5.576055022e-09
211277478_7d43aaee09.jpg,-1.760368e-09
539801139_7258ee437f.jpg,9.306628294e-09
2292406847_f366350600.jpg,-6.97083773e-09
210625425_fb1ef5d23b.jpg,4.093512864e-11
1576185717_f841ddc3da.jpg,-6.761283826e-09
3431121650_056db85987.jpg,1.648806029e-09
1809796012_a2dac6c26b.jpg,6.545187568e-09
229978782_3c690f5a0e.jpg,9.773943107e-10
2911919938_6bb6587a36.jpg,2.606883669e-09
2076906555_c20dc082db.jpg,-5.844135799e-11
3231751379_10ebf7150c.jpg,-2.237223795e-09
2858903676_6278f07ee3.jpg,1.055742214e-09
3613323772_d15cef66d1.jpg,-1.852587648e-09
2144050118_3e7d2e05b1.jpg,6.992803871e-09
2701895972_8605c4e038.jpg,4.25106344e-10
3208987435_780ae35ef0.jpg,2.595413082e-09
1235685934_be89b231fb.jpg,-2.162863784e-09
2384728877_48c85d58af.jpg,-3.902921655e-09
1418019748_51c7d59c11.jpg,1.532477014e-09
3143159297_6f2f663ea6.jpg,3.419863449e-09
321229104_3cbaf0f51c.jpg,-6.932992324e-10
3340575518_137ce2695f.jpg,1.162422109e-09
300274198_eefd8e057e.jpg,-5.082647651e-09
2099323664_bb20457f26.jpg,4.863583673e-09
3352791995_8db4979aca.jpg,2.064006669e-09
3379839396_0cd84b55f1.jpg,-3.432385255e-09
1432179046_8e3d75cf81.jpg,-1.161888207e-09
3532200762_b28c39d311.jpg,4.367080119e-09
2110692070_8aaaa1ae39.jpg,-3.439355649e-09
3347666612_659e6e2207.jpg,9.796411299e-11
3472270112_0a7cb7b27c.jpg,5.671363842e-09
524031846_28b11bc0e5.jpg,7.745195279e-09
3341477531_4e37450f35.jpg,6.089463202e-09
3484842724_ef1124c87a.jpg,5.193374623e-10
491405109_798222cfd0.jpg,6.682394488e-10
3667157255_4e66d11dc2.jpg,4.067466299e-09
2299859649_07ca44a222.jpg,3.678405778e-09
3121521593_18f0ec14f7.jpg,6.031025258e-10
837919879_94e3dacd83.jpg,1.273998654e-09
3484625231_5b1a1a07b8.jpg,-2.000835494e-09
3030566410_393c36a6c5.jpg,5.623087222e-09
404702274_fa8b3fe378.jpg,-3.482233659e-10
3030294889_78b2ccbe51.jpg,1.198647872e-09
1547883892_e29b3db42e.jpg,-2.070360834e-09
1505686764_9e3bcd854a.jpg,-8.425371315e-09
2842849030_89548af61c.jpg,4.404194879e-10
3120648767_812c72eabe.jpg,2.33861829e-09
480505313_2dc686e5db.jpg,-1.270895683e-09
2092870249_90e3f1855b.jpg,-8.014564455e-09
2856524322_1d04452a21.jpg,7.035398157e-10
3571147934_d1c8af1d6e.jpg,-4.394242067e-09
3240558825_cd859d6230.jpg,6.73647814e-09
1379026456_153fd8b51b.jpg,-8.292907334e-09
3489774350_a94e6c7bfc.jpg,-1.063503407e-10
3564007203_df2b8010f1.jpg,3.19356015e-09
239453674_0df7767208.jpg,-7.912160377e-10
3422394336_e465f60b7c.jpg,4.885936591e-09
3215081286_d55541aa6b.jpg,4.428978449e-09
255266148_7ba7df1a88.jpg,1.159907266e-09
3514297698_0512623955.jpg,-8.406427353e-09
3581818450_546c89ca38.jpg,3.405931121e-09
97406261_5eea044056.jpg,4.587171493e-09
3209966887_5b744bd050.jpg,-4.580789699e-09
2621415349_ef1a7e73be.jpg,3.501725768e-10
3072730593_b7322d2e05.jpg,-4.013120844e-09
255741044_1102982213.jpg,-6.089080719e-09
2602415701_7674eb19e4.jpg,-8.347527762e-10
3424424006_98f9d1921c.jpg,3.988065671e-09
3147758035_e8a70818cb.jpg,5.852660242e-09
3655074079_7df3812bc5.jpg,-2.199867696e-09
3359636318_39267812a0.jpg,-7.104695346e-10
3296226598_1c892c4351.jpg,1.886320915e-09
2247192427_5e106f24a9.jpg,-9.773433438e-10
2675397335_1dcdbd12f5.jpg,5.679488232e-09
3471571540_b4ab77f20d.jpg,8.927460563e-09
2162469360_ff777edc95.jpg,-3.663964801e-09
3627011534_485f667b10.jpg,-4.060592453e-09
2831723637_30d4456665.jpg,2.229720754e-09
3018304737_0a46fc5f1d.jpg,-5.162241213e-09
3166969425_b5ace2f9c2.jpg,-2.469925963e-09
3200120942_59cfbb3437.jpg,8.9573819e-09
1685990174_09c4fb7df8.jpg,-7.304386874e-09
2480850054_de3433b54a.jpg,-2.859281803e-10
3350786891_6d39b234e9.jpg,-3.927834345e-09
3724759125_2dc0e1f4a3.jpg,-5.562306141e-09
2396746868_0727e06983.jpg,-6.195454804e-09
3671851846_60c25269df.jpg,-3.907927304e-09
1348947380_14f0fc1237.jpg,-1.433397024e-09
1253275679_e955fb7304.jpg,-2.580501085e-09
3347500603_13670ee6bf.jpg,-4.219125651e-10
1410193619_13fff6c875.jpg,2.740966722e-09
3174196837_800689a2f3.jpg,-8.641073494e-10
1067790824_f3cc97239b.jpg,-2.765794697e-09
1468389504_c724bdcad0.jpg,1.086874883e-09
3309042087_ee96d94b8a.jpg,-7.431354015e-10
421316045_ae7a1eb4bc.jpg,-4.333900117e-09
483136916_16976f4902.jpg,-1.120992547e-09
3549464203_8ab9c6160b.jpg,-4.325109005e-09
3739833689_a0038545bd.jpg,-9.948031136e-11
3640443200_b8066f37f6.jpg,1.871580968e-09
3339558806_b4afdc8394.jpg,2.426567943e-09
3270273940_61ef506f05.jpg,-1.287378504e-10
427557693_1108566fd2.jpg,-5.576906682e-09
2883950737_3b67d24af4.jpg,3.242676301e-09
3222842866_cb85243ce4.jpg,8.612377453e-10
2518219912_f47214aa16.jpg,2.253734812e-09
2805101709_1c8916f63a.jpg,-2.715940943e-10
143688895_e837c3bc76.jpg,4.767029925e-09
241345844_69e1c22464.jpg,9.741979348e-09
223299137_b0e81ac145.jpg,5.320739496e-09
3237760601_5334f3f3b5.jpg,-4.084510055e-09
3092756650_557c5f2d03.jpg,7.982013557e-09
1287073593_f3d2a62455.jpg,-1.394429709e-09
3440160917_4524cfd9f6.jpg,7.789680935e-09
442918418_0f29c97fa9.jpg,1.256965296e-09
2874728371_ccd6db87f3.jpg,-7.960940916e-10
2603033456_3584d95116.jpg,3.384745107e-09
3468023754_8a07d4c56e.jpg,4.414693172e-09
3427614912_b147d083b2.jpg,-5.821150335e-10
3465473743_7da0c5d973.jpg,-2.853872278e-09
3247423890_163f00a2cb.jpg,-4.246881117e-09
2978409165_acc4f29a40.jpg,2.639916569e-09
2271955077_0020b4ee0d.jpg,2.971693101e-09
261490838_2f3ac98b12.jpg,2.021306557e-09
336551615_a01418bc53.jpg,3.98489217e-09
2804374083_311f98f5f2.jpg,1.479522589e-09
328916930_e4d4be1730.jpg,4.524086248e-09
1197800988_7fb0ca4888.jpg,4.889296205e-09
294353408_d459bdaa68.jpg,7.095759167e-09
310213587_778fe8fb5b.jpg,1.075814441e-08
3524519277_bd0c3e7382.jpg,2.855978764e-09
2102581664_5ea50f85c6.jpg,-4.385802134e-09
2813784259_d201044d71.jpg,2.378517738e-09
3080891382_edf83dde18.jpg,2.245721486e-09
1290894194_8a4ffdc7eb.jpg,-2.542980311e-09
3361990489_92244a58ef.jpg,-6.970721984e-09
377872672_d499aae449.jpg,1.221774275e-09
2097420505_439f63c863.jpg,-6.407510128e-09
3309578722_1765d7d1af.jpg,-3.957118311e-09
3271178748_630d269811.jpg,9.927188021e-10
3436259762_43709321ff.jpg,1.228966522e-09
3452411712_5b42d2a1b5.jpg,-2.151407535e-09
3526431764_056d2c61dc.jpg,3.107827277e-09
247618600_239eeac405.jpg,9.772166253e-10
495033548_bd320405d8.jpg,-4.673704435e-09
1516714577_7d1c35a8d8.jpg,-3.641684478e-10
358875403_f357f03713.jpg,1.122226482e-09
3602676311_824b2c04ba.jpg,2.911044957e-09
119534510_d52b3781a3.jpg,-5.054345993e-10
2381613738_d8d2012e3c.jpg,-7.838253095e-10
3339319023_5dcc3ef81a.jpg,-1.756966026e-09
2417623030_afdc1024b5.jpg,-2.530185514e-09
3108732084_565b423162.jpg,-9.858436549e-09
3522025527_c10e6ebd26.jpg,4.407879426e-09
3342271377_446ffc34c0.jpg,-5.267465456e-09
2656688132_d93be870e0.jpg,-7.362416984e-10
476740978_45b65ebe0c.jpg,-1.83062435e-09
693450725_8ad72389e6.jpg,4.867176418e-09
242324909_06d5a6c44b.jpg,4.769758844e-09
3159092624_66af4e207e.jpg,2.007284559e-09
3622929632_26fb800000.jpg,3.501213e-09
2629295654_59ea1472a1.jpg,-2.950952148e-09
518610439_b64ab21c02.jpg,-1.391358748e-09
127490019_7c5c08cb11.jpg,7.569851075e-10
371522748_dc557bcd6c.jpg,7.580905779e-11
2590207488_ddd89037ba.jpg,1.210435093e-08
209605542_ca9cc52e7b.jpg,1.878878826e-09
3691592651_6e4e7f1da9.jpg,-4.144324005e-09
3710674892_857b8056f7.jpg,3.366790612e-09
3545779287_8f52e06909.jpg,-2.795995694e-09
2696060728_3043cfc38c.jpg,-6.971773812e-09
166321294_4a5e68535f.jpg,3.280343043e-09
3047144646_2252ff8e04.jpg,2.358838404e-09
3448490813_f9623e864d.jpg,4.151636465e-09
3425573919_409d9e15b2.jpg,-6.197214595e-09
2860041212_797afd6ccf.jpg,2.887628397e-09
241346580_b3c035d65c.jpg,-1.179678875e-09
3562903245_85071bb5f9.jpg,2.796204763e-09
3314900697_c5c5ae9af6.jpg,2.853988315e-09
467960888_6943257534.jpg,1.555449421e-09
3525453732_f74a38f111.jpg,-1.065258821e-09
911527312_f81ee36b97.jpg,-7.974464468e-10
3211581957_df2f7e2236.jpg,-6.12140185e-10
3532205154_5674b628ea.jpg,7.224490248e-09
3639704469_fe83e1c9b7.jpg,4.418982726e-09
3342855466_44038a8aa3.jpg,9.859650647e-10
3014546644_d53db746ec.jpg,7.76512674e-09
121971540_0a986ee176.jpg,-2.650404379e-09
2518094853_dfce24ce8c.jpg,1.758748976e-09
1874617189_e85d3f4326.jpg,-4.111060551e-09
3453544202_3855ab34b6.jpg,-4.700550565e-09
3109136206_f7d201b368.jpg,9.968057705e-10
2300229745_af7a20c959.jpg,3.693634721e-09
3638178504_be1ff246bd.jpg,3.121738193e-09
3586239953_da4fb3f775.jpg,-2.903578837e-09
533713001_2d36e93509.jpg,2.45278837e-09
49553964_cee950f3ba.jpg,4.287193524e-09
2053006423_6adf69ca67.jpg,1.104839728e-09
3549997413_01388dece0.jpg,5.046336525e-09
3286822339_5535af6b93.jpg,-3.572550859e-09
621000329_84f48948eb.jpg,1.241792197e-10
3534824784_7133119316.jpg,2.007556085e-09
374103776_0de490c1b0.jpg,-8.235053274e-09
2384626662_67cdd87694.jpg,-2.002963878e-09
3457045393_2bbbb4e941.jpg,1.410188376e-09
3139160252_75109e9e05.jpg,5.912374096e-09
128912885_8350d277a4.jpg,9.95223279e-12
3547499166_67fb4af4ea.jpg,-3.085773754e-09
2090387793_274ab4cf7d.jpg,-1.913603336e-09
1262454669_f1caafec2d.jpg,-1.843618473e-09
3558438174_d8f41438a4.jpg,7.732672284e-09
2445783904_e6c38a3a3d.jpg,-1.629160091e-09
2597958208_e03aa149c9.jpg,1.531341462e-09
241347214_5f19e7998c.jpg,-4.278357599e-09
3212085754_35fdc9ccaa.jpg,-3.93506981e-10
357725852_6f55cb9abc.jpg,4.96664908e-09
516761840_842dabc908.jpg,-5.228646811e-09
3620343911_64a862904e.jpg,-5.686790391e-09
3592992234_6d3fe58a70.jpg,2.181160772e-09
3015863181_92ff43f4d8.jpg,-3.942485336e-09
2229177914_3308fe7d20.jpg,2.94359817e-09
3202255152_08973fa3d7.jpg,3.579459696e-09
3630991662_990f397f7c.jpg,2.708164601e-09
2963573792_dd51b5fbfb.jpg,-4.44682182e-09
2839807428_efe42423f2.jpg,-1.991049631e-09
397982550_cf9f5cdb74.jpg,1.431369894e-09
2140182410_8e2a06fbda.jpg,9.913205007e-09
2887171449_f54a2b9f39.jpg,1.184130489e-08
3244171699_ace4b5d999.jpg,-5.333976706e-09
2522230304_1581d52961.jpg,2.248131604e-09
2535746605_8124bf4e4f.jpg,7.347635701e-10
3710520638_866d542a80.jpg,8.680261144e-09
2579899436_5086a33c7a.jpg,-2.327118646e-09
3717845800_ab45e255b8.jpg,1.186979776e-09
3107059919_0594269f72.jpg,-1.149322585e-09
3402638444_dab914a3de.jpg,9.171860432e-10
3409326324_a704565e8f.jpg,-7.903490714e-09
1296770308_3db2022f5a.jpg,-1.87210999e-09
2550109269_bc4262bd27.jpg,-8.231965177e-09
3352871762_c9e88592d3.jpg,-4.934598095e-09
424307754_1e2f44d265.jpg,-2.370898463e-09
3103185190_eb8729c166.jpg,8.249626892e-09
1805990081_da9cefe3a5.jpg,3.494238027e-09
3720210639_18bb34e475.jpg,2.475078057e-10
2589241160_3832440850.jpg,-2.31144652e-09
1057251835_6ded4ada9c.jpg,-2.245044111e-09
3503624011_733d745d5a.jpg,1.62798093e-09
3514278386_de2343577e.jpg,2.846090567e-09
3636491114_ab34dac833.jpg,4.746831491e-09
1446053356_a924b4893f.jpg,5.161759077e-09
469617651_278e586e46.jpg,2.89688459e-09
2533010184_ef2fd71297.jpg,-6.175131749e-09
191592626_477ef5e026.jpg,-4.547606114e-09
3618525295_d32d634b2e.jpg,2.218897637e-09
583174725_6b522b621f.jpg,2.283371873e-09
278559394_b23af734b9.jpg,6.573135776e-10
2176364472_31fcd37531.jpg,3.407916208e-10
697582336_601462e052.jpg,5.314258344e-10
2659183350_730951f740.jpg,-3.680541866e-09
398413603_166896900f.jpg,-2.494864007e-09
2423894412_d952d5d103.jpg,3.291713555e-09
279230262_e541f9b670.jpg,8.602846186e-09
2572101672_4d699c8713.jpg,5.531055987e-10
3107592525_0bcd00777e.jpg,-2.062247652e-10
2602279427_191773c9e2.jpg,-2.292747469e-09
2137789511_69a6c6afa8.jpg,-1.184467074e-10
2553619107_d382a820f9.jpg,-3.725587338e-09
257588281_39e1c9d929.jpg,6.330793166e-09
511282305_dbab4bf4be.jpg,4.201386033e-09
3264678536_46601d25f0.jpg,-1.63442268e-08
2894229082_ddc395f138.jpg,4.820489314e-09
536495604_b22bbc905a.jpg,2.873105713e-10
2599903773_0f724d8f63.jpg,2.192429058e-09
3036971334_78187a9570.jpg,-2.717915409e-09
1394599090_fe0ba238f0.jpg,-6.313785534e-09
460781612_6815c74d37.jpg,-5.997433352e-10
864290968_eccb46d5ab.jpg,-1.883983285e-09
294549892_babb130543.jpg,8.499409987e-09
2158267555_db1d94e468.jpg,4.126114454e-09
3672105509_53b13b2ed4.jpg,-4.609402024e-09
2472980433_210ec62874.jpg,-6.299210074e-11
1417637704_572b4d6557.jpg,3.486253003e-09
3594566537_55bd712fdb.jpg,2.345358322e-09
2344875609_8e172d682b.jpg,-1.064882718e-09
3368671163_0171259581.jpg,4.758895769e-09
3589895574_ee08207d26.jpg,7.022455292e-09
961189263_0990f3bcb5.jpg,1.881821191e-09
2881087519_ca0aa79b2b.jpg,-2.836010199e-09
2796801478_8ebd7e550b.jpg,6.665421981e-09
97577988_65e2eae14a.jpg,5.486411184e-09
3341489212_a879e1544a.jpg,1.051764217e-09
1456630952_dd4778a48f.jpg,-8.378004467e-09
2173677067_9d0732bcc2.jpg,5.299714203e-09
3019857541_3de3e24f54.jpg,2.998748089e-09
414773731_c3f5bf43d5.jpg,-3.065961696e-09
2924884815_63826aa60d.jpg,-7.019235939e-09
2214847438_4993210d4c.jpg,-3.037208691e-09
2629027962_9cc3b46527.jpg,1.389047433e-08
3717309680_e5105afa6d.jpg,3.156904065e-10
3488837187_0c7264a16c.jpg,1.99998886e-09
1689658980_0074d81d28.jpg,-1.262226579e-09
2848895544_6d06210e9d.jpg,4.645690735e-09
3591458156_f1a9a33918.jpg,4.705071724e-10
2587696611_db0378710f.jpg,3.487226508e-09
3676432043_0ca418b861.jpg,-4.240598899e-10
3672106148_56cfb5fc8d.jpg,-3.412239024e-10
3282121432_648dac8a29.jpg,4.904152839e-09
2426781076_e3f4d2685c.jpg,2.428780748e-10
2916009941_34a0013803.jpg,1.472382778e-09
2923891109_ea0cc932ed.jpg,-1.731770886e-09
1287920676_d21a0b289b.jpg,2.73316253e-10
56494233_1824005879.jpg,7.25946811e-10
2853407781_c9fea8eef4.jpg,-3.570691474e-10
3610836023_3a972b10b0.jpg,7.055925982e-10
2225864432_48a24f49a4.jpg,3.648183598e-09
1408958345_68eea9a4e4.jpg,1.666700535e-09
3212465975_b657f40eed.jpg,-1.349668922e-08
2258951972_92763fddab.jpg,-4.097535531e-09
2755362721_368cbde668.jpg,-5.003380565e-10
2741051940_89fb6b2cee.jpg,8.849261049e-11
2950393735_9969c4ec59.jpg,3.358650967e-09
2463067409_78188c584c.jpg,3.33249214e-09
224369028_b1ac40d1fa.jpg,-8.282463e-09
396179143_e1511336e1.jpg,-1.729157111e-09
2756636539_cc1eacbf4a.jpg,-9.316428427e-10
2325816912_b3bb41cdbb.jpg,4.422180561e-11
2914331767_8574e7703d.jpg,-2.052553677e-09
1510669311_75330b4781.jpg,1.495412238e-09
323657582_b6b6d8f7bd.jpg,-1.036125129e-08
2877511986_c965ced502.jpg,-2.015143191e-09
3679405397_bb130ea3c2.jpg,1.649912986e-09
335588286_f67ed8c9f9.jpg,-5.084115948e-10
1174525839_7c1e6cfa86.jpg,7.203808578e-09
3587077732_0933f1677b.jpg,-2.645888999e-09
3646820231_2abc736840.jpg,9.988452612e-09
2504277798_936a09c74d.jpg,-6.972892048e-09
3364160101_c5e6c52b25.jpg,-3.903339707e-09
848180689_d67a1361ce.jpg,3.619486154e-10
3095225232_2e6e6dc92e.jpg,5.264482607e-09
2303951441_3c8080907a.jpg,3.077385521e-09
2559114800_17310f3015.jpg,-2.422630451e-09
3331190056_09f4ca9fd2.jpg,-2.132260137e-09
268704620_8a8cef4cb3.jpg,-3.450622944e-09
3249597269_935e0a375a.jpg,-1.628842764e-09
3301859683_2d5e4b40a3.jpg,6.736558317e-10
3393343330_b13df4d8ec.jpg,-5.158125616e-09
1433088025_bce2cb69f8.jpg,-2.647485544e-09
2533424347_cf2f84872b.jpg,-3.017565719e-09
2367816288_7c2d11d3c5.jpg,-1.93825263e-11
3312779887_7682db7827.jpg,1.410364382e-09
3167365436_c379bda282.jpg,1.79832602e-09
3431101934_99a6c55914.jpg,-5.31319997e-09
1517721825_10176d0683.jpg,-8.797855618e-09
3662909101_21b9e59a3e.jpg,-3.787290241e-09
3251088971_f4471048e3.jpg,-2.33886855e-09
2066048248_f53f5ef5e2.jpg,8.884527271e-10
3329793486_afc16663cc.jpg,-3.080174162e-09
1884727806_d84f209868.jpg,4.966575996e-09
2837127816_24441e5f7c.jpg,-3.066486105e-09
2928835996_88b9f9503d.jpg,-8.826383112e-09
2423138514_950f79e432.jpg,-5.23445286e-09
3457784061_8f77f43a9c.jpg,8.715202622e-10
2249141510_f534708374.jpg,-1.251797524e-09
3074265400_bf9e10621e.jpg,-9.803018271e-10
3695949492_27ca3892fd.jpg,-6.091994933e-09
3221036999_3f7b152d8a.jpg,1.713467084e-09
308014594_f1d5e75507.jpg,-5.14708668e-09
3172384527_b107385a20.jpg,1.243437997e-08
3446191973_1db572ed8a.jpg,-7.334539885e-09
3600909823_ce72c26e66.jpg,3.564642198e-09
2985679744_75a7102aab.jpg,-5.293615944e-09
2469498117_b4543e1460.jpg,-5.415921534e-10
2073756099_7e02c0110c.jpg,-4.74188431e-09
3429641260_2f035c1813.jpg,2.298287343e-09
2100909581_b7dde5b704.jpg,-5.306744468e-09
542317719_ed4dd95dc2.jpg,5.805012913e-09
446138054_d40c66d5f0.jpg,-2.037883044e-09
2694178830_116be6a6a9.jpg,7.06110127e-11
1489286545_8df476fa26.jpg,2.372894204e-10
2377460540_8cfb62463a.jpg,-3.396083969e-09
2559503010_84f20b3bc9.jpg,1.721953953e-09
2409312675_7755a7b816.jpg,2.424518527e-09
2467821766_0510c9a2d1.jpg,3.064630902e-09
242559369_9ae90ed0b4.jpg,4.253005142e-09
1420060118_aed262d606.jpg,7.818243752e-09
3276895962_c053263d01.jpg,5.758434755e-09
2718027742_70a72f99ae.jpg,6.163617868e-09
2203615439_3c7cdc39dc.jpg,4.590010747e-09
3301822808_f2ccff86f4.jpg,3.089411499e-09
61209225_8512e1dad5.jpg,-3.270846371e-09
3247693965_845b3b4349.jpg,-3.066617926e-09
3606093421_eddd46c2c7.jpg,1.203527317e-10
2208631481_3e4a5675e1.jpg,-8.949178648e-09
3587941206_36769c3f1d.jpg,-3.868973823e-09
96420612_feb18fc6c6.jpg,-1.837318353e-09
2730994020_64ac1d18be.jpg,2.217101916e-09
1388970365_162edcceb4.jpg,-1.319472768e-09
3331797838_b3e33dbe17.jpg,-1.314262458e-08
1057089366_ca83da0877.jpg,-1.603179365e-09
3046429283_08de594901.jpg,8.867586504e-09
523985664_c866af4850.jpg,-7.406354719e-09
3561314880_ea9a7e245f.jpg,-2.180913232e-09
3613175012_bcd063e7c9.jpg,4.004319303e-09
2892992529_f3335d0a71.jpg,5.016139839e-09
1301140633_046e4e8010.jpg,-1.175020601e-09
2834752476_3177e617f1.jpg,1.251672638e-09
1189977786_4f5aaed773.jpg,2.227906914e-09
3640020134_367941f5ec.jpg,3.785344869e-09
1798209205_77dbf525b0.jpg,4.190823496e-09
3462454965_a481809cea.jpg,9.344388553e-09
3441145615_b4fcd9eea0.jpg,-5.905090204e-09
3640104986_5d8c9a9948.jpg,-1.06022405e-08
2766148353_70b2e8070f.jpg,9.076842989e-10
3707738261_777075e885.jpg,-1.727972638e-09
500308355_f0c19067c0.jpg,6.077610944e-09
421730441_6b2267fd31.jpg,-3.200993534e-10
2519483556_2b1632a18c.jpg,-1.624960637e-09
2421446839_fe7d46c177.jpg,-8.279647077e-09
2364774105_fbaf0c191f.jpg,1.261687758e-08
2432038587_5e4148e277.jpg,1.182627765e-08
3170110692_d1e0e66cee.jpg,-1.957376925e-09
3330675488_8692476a4a.jpg,-2.690899844e-09
2148013097_6a4f495bc5.jpg,9.058059048e-10
3558796959_fc4450be56.jpg,1.08803023e-08
2975118353_5af5a5df54.jpg,2.846754552e-09
532131603_c82d454c8a.jpg,5.489278256e-09
235074044_c1358888ed.jpg,2.161382584e-09
3430779304_43a2146f4b.jpg,-1.037686921e-10
1308472581_9961782889.jpg,-4.412142601e-09
136886677_6026c622eb.jpg,-1.568819643e-09
2826574228_c63009e473.jpg,-7.337379185e-09
2238759450_6475641bdb.jpg,-3.704525527e-09
2475300106_b8563111ba.jpg,-1.46912777e-09
1579798212_d30844b4c5.jpg,-4.853960274e-09
3085667865_fa001816be.jpg,1.198173448e-09
494921598_af73bda568.jpg,6.604979162e-09
3516521516_9950340b96.jpg,1.531291932e-09
2698119128_62b4741043.jpg,3.810546267e-09
2258662398_2797d0eca8.jpg,7.56563385e-10
3497106366_d1a256e723.jpg,-1.022584957e-09
2355093195_87fb7f82cb.jpg,-1.967822868e-09
2582390123_71120edb0c.jpg,1.335661407e-09
940973925_a2e6d7951c.jpg,-4.727803204e-10
561179890_af8e31cb2e.jpg,8.726394489e-10
1303335399_b3facd47ab.jpg,-8.492921772e-10
2831578193_3c997ae330.jpg,5.208024929e-10
2479180530_7ebba2d8bf.jpg,4.213879988e-09
3113322995_13781860f2.jpg,1.603280609e-09
1394620454_bf708cc501.jpg,-3.485569125e-09
635444010_bd81c89ab7.jpg,-5.353177853e-09
3543294190_0037c59607.jpg,-4.700096422e-09
531261613_f1a045cd75.jpg,2.64935948e-09
3186527735_6e9fe2cf88.jpg,2.753559919e-09
3127614086_9f1d3cf73d.jpg,-8.142792349e-10
3432495898_a5859f06b6.jpg,-3.983637069e-10
1184967930_9e29ce380d.jpg,-9.170328419e-09
3459492423_c881f12c9f.jpg,9.467024028e-09
2988244398_5da7012fce.jpg,-5.18127061e-09
391324644_d23fdf06cb.jpg,2.756120769e-09
3657503733_9888ccf05e.jpg,-3.983074568e-09
2511762757_bd0ab0a017.jpg,-3.291129749e-09
3038941104_17ee91fc03.jpg,-2.904324327e-09
534886684_a6c9f40fa1.jpg,5.428416791e-09
3647446816_bd4383c828.jpg,-6.764861849e-09
2888702775_0939a6680e.jpg,-9.212453982e-09
3143982558_9e2d44c155.jpg,2.809321957e-09
532914728_c5d8d56b0b.jpg,2.810485589e-09
241347356_8a515555fd.jpg,-5.124816184e-09
3361411074_83f27d2a1c.jpg,9.031194999e-10
3332202255_a30c522664.jpg,5.011009615e-10
2393911878_68afe6e6c1.jpg,-4.750546515e-09
2998277360_9b4c0192f1.jpg,-3.67885165e-10
3571039224_b34fa2f94c.jpg,-1.362395031e-09
2715337869_e4fe36db50.jpg,-6.935523955e-09
3149919755_f9272b10b3.jpg,1.835053423e-09
2781296531_f6f0f6c0f5.jpg,-1.488146752e-09
485054073_fef8b80b4b.jpg,5.786995986e-10
3281580623_8c3ba0fdb2.jpg,7.421492894e-09
186890605_ddff5b694e.jpg,2.40142653e-09
3689975998_72f50b6d91.jpg,-2.417452265e-09
489865145_65ea6d1c14.jpg,1.34747546e-09
238512430_30dc12b683.jpg,3.17447071e-09
3135826945_f7c741e5b7.jpg,4.840510206e-09
1079274291_9aaf896cc1.jpg,6.634102681e-09
3619630328_2d0865b6f4.jpg,-2.005235534e-09
2896298341_92d718366a.jpg,-1.208741925e-09
3430782104_34da558eba.jpg,-4.09095539e-10
3171651115_e07b9d08f6.jpg,2.005554478e-09
3667404919_b273df57e4.jpg,-8.883302502e-09
2268729848_d418451226.jpg,-6.131652634e-09
2355763034_9fb61a8165.jpg,-1.457096653e-09
3446586125_cafa0bfd67.jpg,-4.973643883e-09
1338523142_57fce8229b.jpg,-5.280083847e-09
2788652511_4f10060e07.jpg,-6.281266975e-09
2574194729_1f099647ee.jpg,-4.781858691e-09
2056041678_d6b5b39b26.jpg,-5.530926291e-11
3582914905_f58db879ae.jpg,7.271079557e-10
2462702522_1b25654762.jpg,-1.762744757e-09
2067362863_59577f9d4d.jpg,5.776069359e-10
2433175169_da939372f2.jpg,-3.688799037e-09
2461616306_3ee7ac1b4b.jpg,2.071026849e-10
2410562803_56ec09f41c.jpg,4.460463018e-09
3214579977_fa9fb006a6.jpg,2.079413716e-09
1236951314_0308dc4138.jpg,-5.951313447e-10
136552115_6dc3e7231c.jpg,2.131792595e-09
3650111717_346804ec2f.jpg,1.643533702e-09
2169951750_495820a215.jpg,-5.723199673e-10
521658170_a837af87e9.jpg,-1.703191278e-09
425518464_a18b87c563.jpg,4.993358767e-09
3231880001_193a579b97.jpg,-5.590994025e-11
380515798_c2abbf46b0.jpg,-3.63900964e-09
3257103624_e76f25ff9e.jpg,6.23400122e-09
161669933_3e7d8c7e2c.jpg,1.908039732e-09
3041348852_872c027c16.jpg,-3.021882156e-11
3487015378_2e90a79f4b.jpg,-8.392082565e-09
3150315970_8f045c41a4.jpg,-3.068832243e-09
352382023_7605223d1c.jpg,-3.166792211e-09
2130986011_47cb05c8c9.jpg,-3.95308785e-09
1105959054_9c3a738096.jpg,5.395666681e-09
3547524138_4157f660b0.jpg,9.01000712e-10
3266406566_d64e57e65a.jpg,-5.424939189e-10
565605894_8f0bed0438.jpg,4.681772831e-09
3364151356_eecd07a23e.jpg,-6.490698386e-09
3258397351_1a70f1993d.jpg,-1.335938866e-09
2830869109_c4e403eae6.jpg,-4.257121214e-09
306315650_e064f5c677.jpg,3.026279764e-09
3111208043_dbe8e87fa1.jpg,6.327934958e-09
640053014_549d2f23d2.jpg,-3.339112151e-09
69710415_5c2bfb1058.jpg,-7.286439314e-10
3455757720_7aeba57056.jpg,1.089899097e-08
3294952558_96bb8c8cf3.jpg,-5.699489268e-09
2683963310_20dcd5e566.jpg,7.857300313e-10
3397633339_d1ae6d9a0e.jpg,2.483398145e-09
2816259113_461f8dedb0.jpg,-4.611940436e-09
3262793378_773b21ec19.jpg,-3.329285459e-09
2866686547_0a67eb899d.jpg,-2.690052184e-09
2404520067_87798dbaee.jpg,6.993135935e-09
2238166082_140f8b01b8.jpg,-5.089510382e-09
3339916063_63b960ed46.jpg,4.505211371e-09
3657209354_cde9bbd2c5.jpg,4.287690241e-09
405534993_5158644f98.jpg,2.446941917e-09
302983277_69a4e732e4.jpg,3.001908005e-09
2893476169_f38dd32051.jpg,1.35711723e-09
1655781989_b15ab4cbff.jpg,1.034887258e-09
1343426964_cde3fb54e8.jpg,3.379521457e-09
3545427060_c16a8b7dfd.jpg,-8.475297907e-10
2364096157_eb7970a69a.jpg,-4.407625065e-09
197142902_f05ff198c2.jpg,1.68977196e-10
2751466788_4fab701cc3.jpg,2.19361622e-09
404890608_33f138aefa.jpg,-5.182933257e-09
3106562372_e349a27764.jpg,-5.726402675e-09
292780636_72e1968949.jpg,-1.890794682e-09
2216695423_1362cb25f3.jpg,-3.127936005e-09
654130822_4aeb1f1273.jpg,2.542231654e-09
3416013671_98b5c75046.jpg,-9.988288028e-12
3443460885_46115463b4.jpg,2.940889463e-09
3506468593_7e41a6d9f1.jpg,-2.528731254e-09
3249125548_700d874380.jpg,-5.93427292e-09
2993388841_6746140656.jpg,-1.027268849e-09
2424111022_4e332b8aee.jpg,-4.633105574e-10
2962977152_9d6958fdd5.jpg,3.42350271e-09
477204750_d04d111cd4.jpg,-9.348182919e-09
2502856739_490db7a657.jpg,6.530500538e-09
535529555_583d89b7f2.jpg,-1.028316604e-10
242109387_e497277e07.jpg,-5.925194436e-09
2531942624_c3c072064e.jpg,4.957888109e-10
1439046601_cf110a75a7.jpg,-1.790499524e-09
3627676364_1dc9294ec5.jpg,-3.862705233e-10
3033210806_3ffc0a231a.jpg,-3.809198003e-09
542405691_0594b1ce72.jpg,-3.67743342e-09
317109978_cb557802e1.jpg,-3.019749769e-09
3532539748_795d16ef07.jpg,-2.534787445e-09
3599442049_e448c7c9b2.jpg,-9.203316885e-09
2999162229_80d17099b6.jpg,-9.588656534e-10
2695962887_a1647c567b.jpg,5.804525824e-09
219301553_d2fffe9e0c.jpg,2.531758776e-09
2521983429_33218366bd.jpg,1.635888394e-09
2642474867_4e6346f809.jpg,-2.094740115e-09
3533660418_f3a73a257c.jpg,-6.759142152e-09
2366643786_9c9a830db8.jpg,2.183697028e-09
3323661814_1e8e1ae88c.jpg,6.443009594e-10
3262386960_14f5d857db.jpg,-1.388626485e-09
3362592729_893e26b806.jpg,-1.003526657e-09
3278581900_8ce75a5332.jpg,9.326016362e-10
3708172446_4034ddc5f6.jpg,3.980133407e-09
3319177177_130a72b8ae.jpg,3.199005228e-10
2718376488_3c62f7642c.jpg,-1.712346468e-09
3420338549_bd78d35243.jpg,1.557115162e-09
2924870944_90ff9eca1a.jpg,-9.886214026e-10
2423292784_166ee54e0b.jpg,-4.57840715e-11
2081615901_13092cac56.jpg,3.884075414e-11
2595102568_347f6d4b07.jpg,6.220729986e-09
529198549_5cd9fedf3f.jpg,1.993956665e-09
3636543173_15f56515e5.jpg,-3.992507598e-10
1335617803_4fbc03dab0.jpg,8.217723569e-10
479807115_3a484fb18b.jpg,-1.23209005e-08
3385593926_d3e9c21170.jpg,8.374600256e-10
375171241_0302ad8481.jpg,2.917472657e-09
2244613488_4d1f9edb33.jpg,1.042912064e-09
47870024_73a4481f7d.jpg,6.687086843e-10
3142055158_01b9e4caa4.jpg,-1.419933177e-09
3641456303_c50c33337b.jpg,5.381734867e-09
2828583747_8cfb7217af.jpg,-2.581342211e-09
3460458114_35037d4d4c.jpg,-4.51964877e-10
493109089_468e105233.jpg,-1.530443777e-10
3467941308_ae6989e29c.jpg,-7.704857449e-10
2906054175_e33af79522.jpg,4.212373482e-09
3106791484_13e18c33d8.jpg,4.926072928e-10
2502782508_2c8211cd6b.jpg,-2.216374923e-09
3084711346_fda0f5a3e6.jpg,-2.004459546e-10
3421480658_b3518b6819.jpg,-6.432891188e-09
3654338683_13b2f95a9a.jpg,2.323079994e-09
2335634931_7e9e8c2959.jpg,6.240851737e-09
3611672054_45edd3e08f.jpg,-6.063193561e-09
241374292_11e3198daa.jpg,-7.603574772e-10
2587017287_888c811b5a.jpg,-5.390056526e-09
319847657_2c40e14113.jpg,-8.988747734e-09
3479423813_517e93a43a.jpg,-5.770724678e-09
3728256505_7f8db8270d.jpg,4.533355309e-09
502671104_b2114246c7.jpg,1.612291177e-09
3387542157_81bfd00072.jpg,2.748162693e-10
2839789830_89668775a4.jpg,-9.815753631e-10
3249062399_0dafe5e4f5.jpg,-1.187943532e-09
2441629086_52f68eb316.jpg,3.551836127e-09
2904129133_e6ae5a1ec6.jpg,-9.991729294e-09
2994205788_f8b3f2e840.jpg,1.302246828e-09
2612040125_0a93889f06.jpg,-1.84574181e-09
2897832422_0cbdb1421e.jpg,2.163277992e-09
3016708786_3591106cca.jpg,-1.373547035e-09
2810333931_47fd8dd340.jpg,1.510804237e-09
3467219837_7d62213dec.jpg,4.029885154e-09
3319723910_af5b5f1fae.jpg,-7.291313702e-09
3182570190_48214e54c7.jpg,-1.110933921e-08
1521623639_4bda3407cc.jpg,-6.578674053e-09
2540757246_5a849fbdcb.jpg,-2.433376548e-09
2297744130_f571f3a239.jpg,-3.688367903e-09
3275704430_a75828048f.jpg,2.97613489e-09
2291485126_b8d41a63f4.jpg,5.731150097e-09
481632457_7372f18275.jpg,-6.699120983e-09
2217328285_b1d55c17ca.jpg,-7.139598392e-09
3227148358_f152303584.jpg,2.218155205e-09
3440952969_608eb5e42b.jpg,2.621635579e-09
3006094603_c5b32d2758.jpg,3.246351464e-09
2888732432_7e907a3df1.jpg,-4.22747267e-09
3532098999_4e07a0a17e.jpg,-2.338948613e-09
3534046564_4f8546e364.jpg,1.762159727e-09
382090166_be2c2c63e1.jpg,3.946521698e-09
757046028_ff5999f91b.jpg,-8.485398348e-09
2393410666_b8c20fff61.jpg,-2.317551779e-09
3147217787_ed21cd4990.jpg,4.364345899e-09
3591457224_88281dd04f.jpg,-4.243905742e-09
3313232606_4ce7e16b87.jpg,-3.754980288e-09
3636796219_9916c0465a.jpg,1.476444796e-10
2878190821_6e4e03dc5f.jpg,-2.358170088e-09
3082934678_58534e9d2c.jpg,-1.740166268e-10
2376878930_dd3e7cc544.jpg,2.461701386e-09
3704698586_a42c25d0c1.jpg,2.539971444e-09
3401647850_685c03ffff.jpg,-6.210074479e-09
3203707977_cc9448fecb.jpg,-8.874704911e-09
267164457_2e8b4d30aa.jpg,-2.155632184e-09
124972799_de706b6d0b.jpg,3.100865847e-09
3431671749_e8e3a449ac.jpg,-7.686879665e-09
336551609_1385ab139e.jpg,-2.178016981e-09
3272071680_648a99f7d2.jpg,-4.216489401e-09
2711720095_0b98426d3c.jpg,1.775304862e-09
101654506_8eb26cfb60.jpg,6.152938439e-10
3467510271_0f57e52768.jpg,-2.981638924e-09
3271495320_bca47795fb.jpg,-2.407398197e-09
2100735137_05c6079537.jpg,-5.932977837e-09
1107471216_4336c9b328.jpg,3.351183949e-09
2888408966_376c195b3f.jpg,-1.557683748e-09
3087485737_cb09bc80b6.jpg,1.769447841e-09
3359587274_4a2b140b84.jpg,2.696308912e-09
2312746782_4528a5b818.jpg,-8.509168779e-09
314603661_51e05e0e24.jpg,-1.309352853e-09
3111897772_5211a37a02.jpg,-1.228975891e-09
2068960566_21e85ae0dc.jpg,-1.454208004e-09
3417788829_cfdbc34d2c.jpg,1.464877148e-09
3516312179_f520469038.jpg,-8.030783019e-09
3070485870_eab1a75c6f.jpg,-9.468219225e-10
3686924335_3c51e8834a.jpg,-8.570556573e-10
561417861_8e25d0c0e8.jpg,-2.124220551e-09
3628103548_2708abcda2.jpg,2.042457208e-09
2148695079_9ae6a9b1c7.jpg,-9.418815196e-10
2656039837_f46b29af92.jpg,-3.759838012e-11
1012212859_01547e3f17.jpg,8.35851842e-10
3503689049_63212220be.jpg,1.386953605e-09
3333826465_9c84c1b3c6.jpg,-1.752069085e-09
3349308309_92cff519f3.jpg,-3.818945493e-09
2568417021_afa68423e5.jpg,2.501808937e-09
3454355269_6185e29f95.jpg,1.385991558e-09
3013469764_30e84e9a0d.jpg,1.815307653e-09
2866974237_e3c1e267c0.jpg,4.098109032e-09
2061354254_faa5bd294b.jpg,7.038039006e-09
3535664885_c848c0faee.jpg,3.067876102e-09
2849194983_2968c72832.jpg,-4.286654842e-09
380590140_25b9889772.jpg,-6.129204694e-09
3433567526_00b5a70319.jpg,-8.452148554e-10
508929192_670910fdd2.jpg,7.817523171e-09
405970010_8cebaa77d3.jpg,2.110991292e-09
3375534917_62350bd06b.jpg,-1.337216727e-09
1770036088_08abe4f6e9.jpg,5.441002454e-09
3707077198_efd6aa808d.jpg,-2.602027762e-09
3451085951_e66f7f5d5c.jpg,3.60558071e-10
3358621566_12bac2e9d2.jpg,-3.327960555e-09
3436395540_63bc8f2fe0.jpg,9.372413886e-10
141140165_9002a04f19.jpg,5.06679197e-10
3106223494_52d4d2d75d.jpg,6.890664992e-10
3275537015_74e04c0f3e.jpg,8.530518043e-10
2453891449_fedb277908.jpg,1.531756952e-08
2931950813_93145c4746.jpg,-7.10692713e-09
3639845565_be547c38ba.jpg,-9.084860526e-09
3186073578_6e115f45f5.jpg,-4.929750315e-09
485566887_57eac33bd1.jpg,-5.555285725e-09
3532028205_9ddd7599f8.jpg,4.463422766e-09
3098714492_19939e3b19.jpg,-1.884508682e-09
2868575889_2c030aa8ae.jpg,1.281828332e-09
102455176_5f8ead62d5.jpg,-5.555878616e-09
3484365373_98d5304935.jpg,-2.528112702e-10
295258727_eaf75e0887.jpg,-9.404534213e-09
406901451_7eafd7568a.jpg,-3.030202047e-09
236095034_c983bdfbbf.jpg,-1.9768302e-09
2699426519_228719b1db.jpg,-5.520412303e-09
3356494271_6103d0b556.jpg,-1.045463023e-09
527288854_f26127b770.jpg,2.456212849e-09
3418504074_083f0bb68d.jpg,-3.477339601e-09
3062273350_fd66106f21.jpg,-6.515482721e-10
2602306033_2b3100d36b.jpg,-5.024974501e-10
3337461409_e4e317853d.jpg,-1.304243957e-09
3590593467_be497a6139.jpg,-2.581430672e-09
41999070_838089137e.jpg,-7.609285243e-09
2774705720_1cb85812dc.jpg,3.16138697e-09
2271671533_7538ccd556.jpg,-6.408410757e-09
308487515_7852928f90.jpg,2.024123185e-09
3666188047_e81e1d97a7.jpg,-2.864317962e-09
3382303178_69b6d1bdd2.jpg,-3.879809375e-09
3033686219_452b172ab0.jpg,-6.250575528e-11
3486135177_772628d034.jpg,3.574170322e-09
271637337_0700f307cf.jpg,2.265782562e-09
1795151944_d69b82f942.jpg,5.707253823e-10
3289433994_4c67aab384.jpg,1.012044293e-08
2925242998_9e0db9b4a2.jpg,-8.75108392e-09
950273886_88c324e663.jpg,1.684788045e-09
3285298241_9b1ed98d19.jpg,2.902072697e-09
3157220149_cc3c8cc84d.jpg,-1.088388079e-09
3609027309_af75f773d9.jpg,-6.397955587e-09
299181827_8dc714101b.jpg,-8.996431589e-09
3606084228_6286a52875.jpg,-1.472071933e-09
862187579_9faf4a51e0.jpg,-3.206503744e-09
2609847254_0ec40c1cce.jpg,-2.905451044e-09
1253264731_e7c689eca5.jpg,-8.868219795e-09
1400424834_1c76e700c4.jpg,6.002115059e-09
2230067846_74046b89d3.jpg,-3.935658133e-09
3486324591_9f5eeb24b9.jpg,1.083019194e-09
3019986034_7453777274.jpg,-4.789801515e-09
2068465241_3bcabacfd7.jpg,-2.913338336e-09
2173061319_1f267765dc.jpg,1.102027016e-09
3730011219_588cdc7972.jpg,9.694790068e-10
2865376471_43c5e6b941.jpg,-4.462718733e-09
3004287781_c041c09c16.jpg,-3.105958157e-09
459814265_d48ba48978.jpg,6.515957218e-10
1510078253_96e9ec50e7.jpg,3.426197244e-10
384577800_fc325af410.jpg,2.697518324e-09
2124040721_bffc0a091a.jpg,1.138597815e-09
1303548017_47de590273.jpg,-2.482173671e-09
2647394564_4843800cff.jpg,1.854842601e-10
3677302645_8cd3fac70d.jpg,2.655128077e-09
1716445442_9cf3528342.jpg,1.083575103e-09
3530843182_35af2c821c.jpg,2.922587338e-09
1397887419_e798697b93.jpg,-9.910767654e-10
99171998_7cc800ceef.jpg,-2.272639456e-09
2458006588_754c4aa09c.jpg,-1.070016894e-09
3718076407_0b4588d7bc.jpg,4.98880017e-09
3567214106_6ece483f8b.jpg,-7.644928694e-09
3375843443_8d9b242aa5.jpg,-7.129593669e-09
532457586_bddfc5251d.jpg,2.859858518e-11
206087108_d4557d38ee.jpg,4.540307206e-09
494329594_6e751372a0.jpg,2.658087537e-09
2120469056_7a738413be.jpg,1.811745271e-09
2481003841_06086eafc2.jpg,-1.643888978e-09
2456907314_49bc4591c4.jpg,7.159977458e-09
3039675864_0b7961844d.jpg,8.201933255e-10
3727740053_3baa94ffcb.jpg,-4.67654269e-09
2278776373_fe499a93be.jpg,2.533497468e-09
3564738125_10400f69c0.jpg,-1.835842484e-09
3630641436_8f9ac5b9b2.jpg,-3.955612549e-09
3569420080_72fbe84751.jpg,-4.710535888e-09
378453580_21d688748e.jpg,-3.205764209e-09
2294688426_96c8614f1d.jpg,-4.117556399e-09
661546153_9d30db6984.jpg,6.951241664e-10
3711030008_3872d0b03f.jpg,5.565489785e-09
3149038044_c7c94688c6.jpg,-3.105368886e-09
2411824767_4eb1fae823.jpg,4.439045112e-10
637342973_89f6fac1f7.jpg,-1.63567251e-09
3003011417_79b49ff384.jpg,3.552157635e-09
2968216482_ede65b20a8.jpg,4.090038896e-09
963730324_0638534227.jpg,-1.263278953e-09
2273028514_d7b584f73d.jpg,-2.850464714e-09
3435233065_3411f2d29d.jpg,1.42023748e-09
3356700488_183566145b.jpg,-8.324257366e-11
3601508034_5a3bfc905e.jpg,6.247524157e-09
1368383637_614646cc4a.jpg,3.748073955e-09
1527297882_dededc7891.jpg,-4.78080863e-09
3314180199_2121e80368.jpg,-5.131623855e-10
3273403495_fcd09c453e.jpg,-8.044785694e-09
121800200_bef08fae5f.jpg,5.959021766e-10
468918320_9c275b877f.jpg,-3.764386887e-09
2868668723_0741222b23.jpg,8.653923767e-10
3450874870_c4dcf58fb3.jpg,1.306444297e-08
2862469183_a4334b904a.jpg,-8.173639424e-09
514036362_5f2b9b7314.jpg,-4.904305751e-09
2201951969_0d7520d648.jpg,4.456113091e-09
3184206563_5435f2b494.jpg,2.174202916e-09
3192069971_83c5a90b4c.jpg,-1.003364438e-08
3051341320_1d0166e775.jpg,1.569658103e-09
2089539651_9e518ec7de.jpg,3.880811315e-09
2623560640_0445c9a138.jpg,-2.371618418e-09
2857558098_98e9249284.jpg,2.540400896e-09
1100214449_d10861e633.jpg,1.207458178e-09
2256231539_05c27179f1.jpg,-7.867794115e-09
1570723692_3a2b064d43.jpg,-6.22190303e-09
2640000969_b5404a5143.jpg,3.038510435e-09
537579448_a7f92cef58.jpg,3.852060811e-09
2949880800_ca9a1bb7e6.jpg,1.411765011e-09
3106026005_473a7b1c8c.jpg,-2.610287518e-09
3553374585_25b1bd6970.jpg,5.27025035e-09
942399470_6132d3e5d2.jpg,-3.428180784e-09
3638440337_6d5c19a8f0.jpg,-2.220344996e-10
1329832826_432538d331.jpg,3.412496519e-09
3597924257_d0da3c5fe6.jpg,2.869157084e-09
667626_18933d713e.jpg,-1.821186667e-09
3550763985_800cfee7e4.jpg,8.754674249e-09
3182258223_5b9c8a8c55.jpg,-4.263410483e-09
3356642567_f1d92cb81b.jpg,1.784931344e-09
3398788809_25c71ba018.jpg,-3.010167392e-09
3560771491_2a18b6241e.jpg,-1.480739895e-09
3006217970_90b42e6b27.jpg,5.500644971e-09
3425853460_bfcd0b41f6.jpg,-1.659315534e-09
3282925526_535ff9f2b2.jpg,9.250413467e-10
460973814_5eacd1ced4.jpg,7.009270238e-10
397601572_9587a39291.jpg,4.68315469e-09
2585141045_b496a7b7c4.jpg,1.625685537e-09
2827964381_408a310809.jpg,-3.969418692e-10
613030608_4355e007c7.jpg,-1.693684838e-09
2665586311_9a5f4e3fbe.jpg,7.130642243e-09
2937697444_2367ff0e28.jpg,1.167611731e-09
3561639055_5ac66ae92f.jpg,-8.314301889e-10
3141293960_74459f0a24.jpg,1.477768845e-09
3493844822_c315a11275.jpg,8.264219052e-10
3222702477_34d2d24f1f.jpg,1.500755028e-09
3265578645_4044a7049a.jpg,-2.31403424e-10
2600386812_8790879d9a.jpg,3.232329631e-09
2974587819_742fb7c338.jpg,-6.787177432e-09
1244485675_822e6efe60.jpg,2.257114064e-09
2549968784_39bfbe44f9.jpg,4.879098156e-09
2547785434_f227bd3680.jpg,1.823540067e-09
2968182121_b3b491df85.jpg,-6.875348202e-10
2977246776_b14be8290d.jpg,-5.378689397e-09
1160441615_fe6b3c5277.jpg,-6.378996053e-09
3616808182_fb4eaec778.jpg,-3.782477365e-09
2046778775_0dd7cac6ab.jpg,7.158668509e-09
226607225_44d696db6b.jpg,-5.587642581e-09
2766926202_4201bf2bf9.jpg,1.595054816e-09
3661659196_6ed90f96c0.jpg,1.019942301e-09
1580172290_e19067e0dd.jpg,-2.311246309e-09
1414779054_31946f9dfc.jpg,-2.364944355e-09
2884301336_dc8e974431.jpg,-3.073285949e-09
1956944011_c5661d3f22.jpg,-1.053615063e-08
2785108434_cd4a1c949c.jpg,6.591728765e-09
2865409854_afedf98860.jpg,-9.20930931e-10
2510197716_fddca0ac75.jpg,4.529738484e-09
3533775651_9d7e93dacf.jpg,2.209146105e-09
2410320522_d967f0b75c.jpg,-4.933500388e-09
95151149_5ca6747df6.jpg,-7.420600446e-09
2825668136_107223182c.jpg,1.453987518e-09
3517124784_4b4eb62a7a.jpg,-2.474781726e-09
1917265421_aeccf1ca38.jpg,-1.132934922e-09
3224560800_8fefd52510.jpg,-2.807914645e-09
267162122_c3437414ec.jpg,3.514492979e-09
760138567_762d9022d4.jpg,3.898495537e-10
2937942758_712be5c610.jpg,-4.699611722e-09
3240090389_97a8c5d386.jpg,1.54695697e-09
3056569684_c264c88d00.jpg,-1.472857034e-09
3216901052_269ace7b3c.jpg,-8.855123654e-10
396763804_3b7f1e12a8.jpg,-8.577382406e-10
3435653630_3b6cca2c40.jpg,-3.464590548e-09
2877088081_7ca408cb25.jpg,8.825269751e-10
3485425825_c2f3446e73.jpg,-1.247571458e-09
909191414_1cf5d85821.jpg,-1.003638054e-09
2245914678_1f82fc3d80.jpg,-1.404532603e-09
2490365757_b869282cb3.jpg,-2.783572191e-09
3534548254_7bee952a0e.jpg,-3.618250437e-10
3146630574_05d9ebbed1.jpg,3.64270502e-09
1138784872_69ade3f2ab.jpg,-1.645794905e-09
2092177624_13ab757e8b.jpg,-5.022057188e-09
782401952_5bc5d3413a.jpg,5.888510618e-10
3132760860_3e743a935d.jpg,-3.869411489e-09
2130851544_d36f4f2ea6.jpg,1.70575269e-09
2204550058_2707d92338.jpg,-1.710538623e-09
2576878141_87f25a10f0.jpg,1.842573582e-09
3732728142_86364a706e.jpg,-6.028189686e-10
313326614_b2adbe59e0.jpg,6.838311089e-09
3421547427_53411b6278.jpg,2.100719001e-09
3017521547_f5ef8848e3.jpg,3.616066774e-09
3213622536_31da7f6682.jpg,3.462810473e-09
2646540383_343e1ec9a4.jpg,6.157427651e-10
3057497487_57ecc60ff1.jpg,6.177907552e-09
3380643902_7e0670f80f.jpg,9.361863677e-09
2251447809_2de73afcdf.jpg,2.340260963e-09
505062117_a70b4e10ab.jpg,5.473259937e-09
2840344516_8e15fe2668.jpg,-6.039147356e-09
1232148178_4f45cc3284.jpg,-3.395490085e-09
1304961697_76b86b0c18.jpg,-1.226773015e-09
3154641421_d1b9b8c24c.jpg,-6.930330615e-09
1231229740_8dcbf80bfb.jpg,-6.034381056e-09
2797511323_bf20acab45.jpg,-6.896698551e-09
3256456935_664a7a5bba.jpg,-6.77353484e-10
374103842_17873ce505.jpg,6.143465281e-10
3281611946_f42deed2e1.jpg,-3.146868338e-09
2778290592_1910bb0431.jpg,7.661231061e-09
3338590946_f25b76cbc7.jpg,1.288796171e-09
3405011838_f81117c99f.jpg,-5.512966895e-11
3048211972_db71d104c2.jpg,-8.99921837e-10
494792770_2c5f767ac0.jpg,2.12394792e-09
3336682980_1082a66878.jpg,3.168489409e-09
3638992163_a085cc0c24.jpg,7.867841338e-11
3243591844_791cfa62eb.jpg,9.258858896e-10
3456862740_7550bcddc2.jpg,-5.749370033e-09
3674168459_6245f4f658.jpg,2.63619201e-09
1330645772_24f831ff8f.jpg,-2.197388519e-11
3632225464_612d7b4c0f.jpg,6.27613452e-09
3150659152_2ace03690b.jpg,-2.584404973e-09
3631474374_e40764d153.jpg,8.377870252e-10
300594071_3450444752.jpg,5.48576412e-09
2685752892_9d5cd7f274.jpg,-1.586008025e-09
2344699642_4fae2f4e07.jpg,-6.039771711e-09
2091171488_c8512fec76.jpg,4.953661218e-09
3259992722_4c5e895734.jpg,1.836542029e-09
505944126_f9a6ab8944.jpg,9.081313475e-10
3119913014_688d4997d7.jpg,-2.703355672e-09
1267711451_e2a754b4f8.jpg,-7.058893999e-09
1836335410_de8313a64e.jpg,2.397225813e-09
3106787167_e5f2312622.jpg,-3.177571557e-09
3272541970_ac0f1de274.jpg,6.129357002e-09
3497069793_2d4baf5b4b.jpg,-5.876573394e-09
2267682214_e1434d853b.jpg,-9.850896654e-09
2929405404_1dff5ab847.jpg,-3.386039067e-10
2601612082_4b9be27426.jpg,4.421371666e-10
446514680_ff5ca15ece.jpg,-4.801192091e-09
3268908792_c24529fe88.jpg,-1.212703878e-09
109823395_6fb423a90f.jpg,-1.558952934e-09
2787868417_810985234d.jpg,2.716677258e-09
241347204_007d83e252.jpg,-8.749748096e-10
541063419_a5f3672d59.jpg,4.082341303e-09
2562483332_eb791a3ce5.jpg,-6.775870656e-09
3021318991_fa28e3bca7.jpg,1.159546639e-08
2199200615_85e4c2a602.jpg,-1.752071864e-09
559102835_472ff702b5.jpg,-4.292572916e-09
1236964638_1808784a3c.jpg,-4.133687523e-09
3241965735_8742782a70.jpg,-8.355144846e-09
2426828433_ce894d1c54.jpg,1.923364833e-09
3033825101_44a4390f16.jpg,-8.408117429e-10
964197865_0133acaeb4.jpg,-3.264057244e-09
3000428313_8a1e65e20e.jpg,6.643621259e-09
3245504245_27931f5ec1.jpg,-1.451209311e-09
710878348_323082babd.jpg,1.805508623e-09
3668518431_43abb169eb.jpg,1.100001203e-09
3346711367_5e7b29e20f.jpg,-1.39410743e-09
2588625139_fdf6610218.jpg,-1.596791677e-09
974924582_10bed89b8d.jpg,4.294156949e-09
134724228_30408cd77f.jpg,-4.475988707e-11
466176275_f40d37851e.jpg,-2.344175704e-10
2909811789_ed8f3fd972.jpg,-2.687523648e-09
2332986053_864db84971.jpg,6.480169399e-10
2464259416_238ef13a2e.jpg,2.587485421e-09
3240048764_acce8af2a5.jpg,-6.691090799e-09
3135504530_0f4130d8f8.jpg,-6.535785131e-10
3705688385_47651205d3.jpg,3.889893635e-09
3027850131_a7772e0ba0.jpg,2.880653987e-09
2730819220_b58af1119a.jpg,-2.057255577e-09
304408047_98bab3ea64.jpg,-1.785841547e-09
3357708906_fb3a54dd78.jpg,2.835001295e-09
3490517179_76dbd690de.jpg,2.227217001e-09
3563461991_de05537878.jpg,3.379068303e-09
3244734844_c318c29c23.jpg,-2.354851226e-09
3154293126_e52bd07524.jpg,-1.676135582e-09
140526326_da07305c1c.jpg,-3.267826487e-09
3608663656_9192a21eeb.jpg,8.637140483e-09
3655155990_b0e201dd3c.jpg,-5.726820074e-10
861795382_5145ad433d.jpg,-1.905535119e-09
3380407617_07b53cbcce.jpg,3.404602021e-09
3325129757_7a1979ac11.jpg,-1.613286607e-09
2802337003_56e555cd30.jpg,3.871324561e-09
2095444126_201ff9f222.jpg,8.759104042e-10
280932151_ae14a67be5.jpg,5.499775422e-09
2800934095_b84a5009dd.jpg,4.046709383e-09
2534194182_ac53035cf4.jpg,-3.649772971e-09
2579572274_826598b14a.jpg,-5.426942875e-09
2826647354_650ff5eb03.jpg,-1.155176282e-09
3453284877_8866189055.jpg,-5.013415707e-09
3669564923_8fcb1a6eff.jpg,-2.634874229e-09
2289096282_4ef120f189.jpg,4.063885487e-10
3708266246_97a033fcc7.jpg,-5.567441465e-09
216172386_9ac5356dae.jpg,8.781105349e-09
3359563671_35b67898e7.jpg,1.995599553e-10
3232252882_05db7c2216.jpg,2.603607644e-09
3014773357_f66bd09290.jpg,9.930193747e-09
1980315248_82dbc34676.jpg,-1.345107227e-09
3343106500_27176fc544.jpg,-2.788384436e-09
3540241710_a4f49cde52.jpg,-2.274613005e-09
3317333893_9d0faa8d30.jpg,-5.79981061e-09
2937497894_e3664a9513.jpg,3.786044948e-10
2911658792_6a6ef07e3a.jpg,7.461531202e-09
2470486377_c3a39ccb7b.jpg,-4.866825431e-09
2534502836_7a75305655.jpg,-3.932282168e-09
3612825666_54f5a2bc06.jpg,-5.629009568e-09
2623496164_68ffeb5067.jpg,7.901202713e-09
2228167286_7089ab236a.jpg,-3.604751297e-09
3128856481_86e5df4160.jpg,-4.273282736e-09
2404692474_37da774368.jpg,3.419428202e-09
472661386_723aae880b.jpg,-6.882976596e-10
3495490064_8db40a83af.jpg,-8.917514155e-10
2882893687_1d10d68f2b.jpg,2.606642221e-10
3677239603_95865a9073.jpg,5.119547698e-09
616177206_0e16c33f6b.jpg,-5.90829289e-09
2934837034_a8ca5b1f50.jpg,-3.667415456e-09
641893280_36fd6e886a.jpg,2.879689736e-09
2059842472_f4fb61ea08.jpg,4.762042224e-09
1468962616_5803b4397f.jpg,-4.192089074e-10
2278766574_f71f1704a8.jpg,6.193767586e-09
3249891874_6a090ef097.jpg,3.934647202e-10
17273391_55cfc7d3d4.jpg,5.582198331e-09
3134387513_ceb75bea0a.jpg,-8.36084586e-10
2208055895_37cd8e1edf.jpg,2.203473123e-09
3346614841_698f9aa486.jpg,9.04476603e-11
2346772831_b2748ba1f0.jpg,-3.845010991e-09
2709359730_13bca100af.jpg,-7.332940461e-09
2069279767_fb32bfb2de.jpg,-1.576408481e-09
2330536645_2d36b516e1.jpg,8.584904564e-09
2751694538_fffa3d307d.jpg,1.668171226e-09
3009047603_28612247d2.jpg,-1.001321147e-10
3097171315_0ba7d283b1.jpg,-4.22500457e-09
2935986346_29df6cf692.jpg,3.205747393e-09
2552816307_c7c8e7f6b4.jpg,1.844417481e-10
2893374123_087f98d58a.jpg,-4.871484882e-10
3511890331_6163612bb9.jpg,5.419238472e-09
1177994172_10d143cb8d.jpg,1.934877843e-09
2881468095_d4ce8c0c52.jpg,-2.39697488e-09
263522013_d118d46b2d.jpg,-3.830507861e-09
2300920203_f29260b1db.jpg,3.37715798e-09
2374179071_af22170d62.jpg,1.802443875e-09
1433577867_39a1510c43.jpg,5.078711286e-09
110595925_f3395c8bd6.jpg,2.254270732e-09
2081446176_f97dc76951.jpg,3.555461652e-09
2759211664_d21393b668.jpg,1.06236708e-09
509778093_21236bb64d.jpg,2.249639604e-09
1771490732_0ab5f029ac.jpg,-1.769194442e-09
430173345_86388d8822.jpg,-4.066222147e-09
2873648844_8efc7d78f1.jpg,5.12601932e-09
3626689571_5817f99c0e.jpg,6.100831725e-09
3163477256_073605e06e.jpg,-6.463531503e-09
3198962089_e647d1b0cd.jpg,1.853675856e-09
2057160636_6e9cf3b5f0.jpg,-9.209417518e-11
3624327440_bef4f33f32.jpg,-3.914986738e-09
185972340_781d60ccfd.jpg,2.1747869e-10
3393446245_37dd3f3b59.jpg,8.652913971e-11
3679407035_708774de34.jpg,-8.500069438e-10
2855417531_521bf47b50.jpg,-2.026065287e-09
109202801_c6381eef15.jpg,4.142183736e-09
309238565_2d5d8dc8bf.jpg,-8.167007085e-09
367925122_335ed279a8.jpg,8.788173496e-10
2594336381_a93772823b.jpg,-8.115921601e-09
3703107969_175da4b276.jpg,-2.397980965e-10
2616009069_82561da2e5.jpg,-3.638538132e-10
2081141788_38fa84ce3c.jpg,-3.125148258e-09
519167484_ee03e2a91e.jpg,1.023411558e-09
2768248810_06d543c080.jpg,-1.645731117e-09
58368365_03ed3e5bdf.jpg,-4.581649817e-09
3086507638_d8a2cd0ac3.jpg,1.160559145e-08
3239480519_22540b5016.jpg,-2.318612501e-09
2167644298_100ca79f54.jpg,5.09954369e-09
2956562716_5aa3f6ef38.jpg,2.300950701e-09
2088120475_d6318364f5.jpg,1.247681877e-09
544257613_d9a1fea3f7.jpg,1.166858092e-09
2076428547_738e0a132f.jpg,-5.528859006e-09
3647170476_0fd71a4c9f.jpg,-1.240917784e-09
2306674172_dc07c7f847.jpg,-4.633074543e-09
354999632_915ea81e53.jpg,-1.975226782e-09
138705546_be7a6845dd.jpg,-1.392868476e-09
3647693147_0d0434351b.jpg,-7.475416657e-09
2085557551_7a88d01d4e.jpg,-2.744953814e-09
2263655670_517890f5b7.jpg,1.096272389e-08
574274795_57e0834e7d.jpg,-1.616960876e-09
3138433655_ea1d59e5b7.jpg,-2.812396217e-09
3677860841_3aa9d8036c.jpg,-3.631753392e-09
3544669026_1b5c0e6316.jpg,1.628963315e-09
3317073508_7e13565c1b.jpg,3.166229047e-09
3202360797_2084743e90.jpg,3.859896289e-09
3265527323_6431f00692.jpg,6.742051579e-10
478592803_f57cc9c461.jpg,-4.880314665e-09
1332722096_1e3de8ae70.jpg,7.326073716e-09
2650620212_0586016e0d.jpg,-4.332868518e-09
2973272684_4d63cbc241.jpg,4.019814258e-09
478208896_90e7187b64.jpg,-2.826515581e-10
2818735880_68b3dfe1f5.jpg,-5.43362942e-10
3138562460_44227a35cf.jpg,-2.072231997e-09
3228793611_8f260ea500.jpg,1.950301194e-09
2390778197_4d9d03d4b9.jpg,2.941215344e-09
319847643_df7c2a1d25.jpg,3.386371097e-09
2923825744_ca125353f0.jpg,2.18471239e-09
3109780402_dbae082dc5.jpg,-9.473013141e-10
1479857177_9d4a6f38fd.jpg,-2.862565369e-09
3549011001_26cace3646.jpg,-2.169760208e-09
493542985_c85ad29ebe.jpg,-4.011844659e-10
315125146_d9a8e60061.jpg,8.305938823e-09
3372251830_baa3665928.jpg,1.2244339e-09
2766726291_b83eb5d315.jpg,-3.814384887e-09
2676184321_858eff416b.jpg,1.055500047e-08
3553476195_fb3747d7c1.jpg,1.435899773e-09
2632381125_de32bdfdf6.jpg,-2.448100484e-10
3561543598_3c1b572f9b.jpg,1.042400087e-08
3565021218_d2bc1aa644.jpg,2.1106663e-10
2943384009_c8cf749181.jpg,-1.08053746e-08
3708244207_0d3a2b2f92.jpg,7.801539135e-10
2615811117_42b1838205.jpg,-6.369667985e-09
2959941749_fa99097463.jpg,-2.681626673e-09
3467282545_273a97b628.jpg,-5.668812232e-09
1131932671_c8d17751b3.jpg,-4.641337746e-09
269898095_d00ac7d7a4.jpg,-1.71101395e-09
3528105511_12ff45dc9c.jpg,-4.37367176e-10
140526327_3cb984de09.jpg,6.751126027e-09
2187720319_112d00f07d.jpg,4.369621342e-09
3652859271_908ae0ae89.jpg,-1.785653166e-09
1034276567_49bb87c51c.jpg,-2.296573195e-09
3573202338_f43dd22d28.jpg,7.706499169e-09
1479679558_d0a01bc62b.jpg,-5.188864025e-10
3605100550_01214a1224.jpg,4.074354753e-09
233361142_d9d5f0cae9.jpg,-3.677846647e-09
2965604928_435dc93bf7.jpg,-2.436905063e-09
2613021139_4b0dc3d4c8.jpg,5.371826295e-10
3463922449_f6040a2931.jpg,6.432548638e-09
3057770908_3fd97f79f9.jpg,-2.053072761e-09
2293149170_38fb2257ea.jpg,4.05668776e-09
854333409_38bc1da9dc.jpg,3.120623722e-10
1348957576_c4a78eb974.jpg,-3.804362486e-09
262439544_e71cd26b24.jpg,-3.516028775e-09
925491651_57df3a5b36.jpg,7.092782497e-09
2250555512_71670078f5.jpg,-2.421662401e-09
3485816074_363cab4bff.jpg,1.237897974e-08
3245266444_2e798096e6.jpg,-1.416642776e-09
2278110011_ba846e7795.jpg,6.267347901e-09
2640153227_57cf1a3d92.jpg,2.039566286e-09
3596459539_a47aa80612.jpg,-2.341575048e-09
2994179598_a45c2732b5.jpg,1.684360702e-09
1332823164_c70a5d930e.jpg,2.633836529e-09
241347067_e58d05dbdc.jpg,3.016507255e-10
3042381160_ffe2b16808.jpg,-5.821876486e-09
2348491126_30db0d46ef.jpg,-6.640731734e-09
2944952557_8484f0da8f.jpg,-3.432098321e-09
2584957647_4f9235c150.jpg,3.524592199e-09
2718495608_d8533e3ac5.jpg,1.943675575e-10
608257195_6ec6f48e37.jpg,-1.873346024e-09
241345427_ece0d186c2.jpg,1.180360249e-09
3110614694_fecc23ca65.jpg,-1.333393475e-09
3382679230_baef3d1eaa.jpg,5.506478908e-11
3051998298_38da5746fa.jpg,2.940354314e-09
3211199368_ca78387f72.jpg,9.992964249e-10
3274691778_94bb57bba3.jpg,-5.44965635e-10
3357194782_c261bb6cbf.jpg,-3.65460578e-09
2603792708_18a97bac97.jpg,-8.660985516e-09
489065557_0eb08889cd.jpg,-3.552474697e-09
2268601066_b018b124fd.jpg,-5.27538721e-09
3163068926_d28ed3ef53.jpg,7.644244194e-09
3697675767_97796334e4.jpg,-4.236777658e-09
2907073768_08fd7bdf60.jpg,1.458422372e-09
2346629210_8d6668d22d.jpg,4.471672906e-10
3060594966_030658d318.jpg,-7.0369673e-09
2083434441_a93bc6306b.jpg,6.440878386e-11
2677656448_6b7e7702af.jpg,-2.007061478e-09
460478198_83039f2593.jpg,-5.192392012e-09
452416075_60b2bb5832.jpg,-4.621948392e-09
3166578139_33500f7e8a.jpg,-8.476213848e-09
3319899418_4bcf1b00d8.jpg,3.910542287e-10
368954110_821ccf005c.jpg,-1.615961652e-09
843616798_5ab0ecb525.jpg,3.770372676e-09
1313693129_71d0b21c63.jpg,-3.412751235e-09
2077079696_03380d218b.jpg,3.970849719e-09
2477121456_1ac5c6d3e4.jpg,-2.497090055e-09
385186343_464f5fc186.jpg,1.257972869e-09
3184891327_8785194e3c.jpg,1.859093235e-09
934375844_dd149fed18.jpg,3.173175919e-09
746787916_ceb103069f.jpg,1.992164203e-09
2753531542_ace2c870b7.jpg,-1.226330098e-08
3036596725_541bbe0955.jpg,-7.779503461e-09
3531811969_49af4c22f0.jpg,-2.736635446e-09
3537452619_3bd79f24e0.jpg,4.751742495e-09
537628742_146f2c24f8.jpg,-1.067510835e-09
3584196366_a4b43d6644.jpg,2.751708995e-09
3520617304_e53d37f0af.jpg,-7.890761085e-09
460195978_fc522a4979.jpg,3.981968384e-09
2723929323_70b93a74ea.jpg,6.100673795e-09
1119015538_e8e796281e.jpg,-4.084413024e-09
3251460982_4578a568bb.jpg,3.832882916e-09
3384742888_85230c34d5.jpg,1.864991564e-09
2102360862_264452db8e.jpg,5.859758345e-09
433855742_c2a6fda763.jpg,9.912033834e-10
2834103050_512e5b330a.jpg,-3.102251693e-09
2542037086_58c833699c.jpg,1.201108709e-09
2775744946_1ab5d500a2.jpg,-1.737196496e-09
3139876823_859c7d7c23.jpg,5.414870293e-09
2477623312_58e8e8c8af.jpg,3.100539022e-09
3044359043_627488ddf0.jpg,-1.196883541e-08
1984936420_3f3102132b.jpg,-2.814870025e-09
3692836015_d11180727b.jpg,3.103911358e-09
2932498509_27cb0038ec.jpg,-4.184148071e-09
3556598205_86c180769d.jpg,-3.594398384e-09
189721896_1ffe76d89e.jpg,5.508291248e-09
3700004668_99c3e3f55b.jpg,5.354090459e-09
3690431163_1d81e19549.jpg,-2.259703916e-09
3372167201_f7f909d480.jpg,-1.610466472e-09
350529848_9569a3bcbc.jpg,1.107289307e-10
311267421_e204e643cf.jpg,-4.821017374e-09
3081330705_7a1732e12c.jpg,3.92250625e-09
3383037991_8f07784b81.jpg,-5.945244372e-09
3557148230_7fc843e5de.jpg,3.974155587e-09
358114269_96fdb5f7c3.jpg,-1.066978938e-11
272988646_1588bde6a8.jpg,-3.357325784e-09
1472053993_bed67a3ba7.jpg,1.998303855e-09
2422302286_385725e3cf.jpg,1.729335094e-09
2720985888_8f5920e8cf.jpg,-5.739628666e-09
3215315009_47577bf8f7.jpg,1.92951372e-09
3050976633_9c25cf6fa0.jpg,-5.976710245e-09
3323076458_3ce72a1dae.jpg,2.003859144e-09
3372215826_b3e6403b2e.jpg,9.527158585e-09
3547704737_57d42d5d9d.jpg,6.376529795e-09
1339596997_8ac29c1841.jpg,3.110791708e-09
3360876049_9047edeab9.jpg,1.206497191e-09
2698487246_e827404cac.jpg,1.910518091e-09
3381161854_af8b05243c.jpg,5.810306304e-09
2970183443_accd597e0a.jpg,-5.271974498e-10
1433142189_cda8652603.jpg,-4.891782433e-09
836828001_af98d16256.jpg,-3.461237265e-09
2991771557_d98fa0a69f.jpg,5.744210351e-09
468310111_d9396abcbd.jpg,-4.241818711e-09
3472485022_5d03e9852d.jpg,-2.239165572e-09
327415627_6313d32a64.jpg,-1.572976127e-09
3337046794_296bd2c7e0.jpg,1.598706038e-10
3710468717_c051d96a5f.jpg,9.96352358e-09
3343900764_2a4c0405f9.jpg,4.954233112e-10
2298077331_f9a1488067.jpg,-3.546929378e-10
3263946591_a1558b77d3.jpg,-1.036309144e-08
3251646144_d9f4ccca3f.jpg,-7.17310343e-10
811663364_4b350a62ce.jpg,3.335912891e-09
397547349_1fd14b95af.jpg,1.335798381e-09
1998255400_0cd086908f.jpg,7.958137529e-10
537222436_ab406234ce.jpg,6.101667598e-09
284279868_2ca98e3dcd.jpg,-2.642900875e-09
3451345621_fe470d4cf8.jpg,-1.273958574e-08
3091382602_60b9b53ed1.jpg,-3.89338195e-09
98377566_e4674d1ebd.jpg,7.331939912e-09
2524084967_a5e011b73d.jpg,-5.567472457e-09
1402641725_5e027ecaa7.jpg,5.714365933e-09
3535879138_9281dc83d5.jpg,3.153648657e-09
536828916_b763b82949.jpg,2.354986028e-09
3560726559_4c4bed9f2d.jpg,5.552681589e-09
544576742_283b65fa0d.jpg,-1.829955065e-09
436013859_793d870b6f.jpg,-7.000168145e-10
1643915227_9f48068772.jpg,1.42809943e-09
506412121_67ecc7ec05.jpg,-6.426400229e-09
274313927_404d0e94ab.jpg,2.436819373e-10
523249012_a0a25f487e.jpg,5.895622782e-09
1131804997_177c3c0640.jpg,-3.239169457e-09
2412390588_a89cab30f4.jpg,1.431135231e-09
2074244690_82e30ff44b.jpg,7.721432588e-09
2458269558_277012780d.jpg,3.555016846e-09
2975073156_7543ed326f.jpg,-4.888796473e-09
3026102616_3cf350af9e.jpg,-1.322564025e-09
3687222696_85bf6f78f7.jpg,-1.191091339e-08
3343311201_eeb1a39def.jpg,-1.048430995e-09
2524003134_580e74328b.jpg,1.865153721e-09
3251976937_20625dc2b8.jpg,-3.111390742e-10
2978394277_4572967b97.jpg,-5.657114658e-09
2049646140_d0de01e3c4.jpg,5.800324093e-09
2899089320_3e7f6bbaca.jpg,1.659211337e-09
3086526292_f799d237c7.jpg,-1.171392382e-08
3455419642_894d03f153.jpg,7.883342589e-10
386470686_1ae9242878.jpg,6.726158327e-09
2805822564_6dee48e506.jpg,2.431432472e-09
3231596071_f0c522a639.jpg,-2.337761056e-09
2586532797_dcf22a5021.jpg,-3.28555266e-09
1468429623_f001988691.jpg,-8.514842998e-09
3454149297_01454a2554.jpg,-2.087977549e-09
2533414541_362bf043bb.jpg,9.167601622e-11
2456615908_59cdac6605.jpg,-3.673528465e-09
3276475986_66cd9cc7e4.jpg,-5.74109987e-10
2665264979_df9c284bf8.jpg,2.543668494e-09
566794036_60f7acdf35.jpg,1.724899513e-09
2735290454_1bd8bc5eac.jpg,-7.520258713e-09
1428681303_04213524e3.jpg,1.736897127e-09
241347580_a1e20321d3.jpg,-5.96403049e-09
2933912528_52b05f84a1.jpg,-2.514182905e-09
326456451_effadbbe49.jpg,-3.98599732e-09
2405978603_6221b0c2e7.jpg,-8.009502796e-09
3126981064_1e803c3d7f.jpg,2.542343958e-10
405331006_4e94e07698.jpg,3.124064409e-09
1522787272_5a31497ef2.jpg,7.490349196e-10
475042270_719ebe6c48.jpg,-4.99017115e-09
3422146099_35ffc8680e.jpg,3.528765513e-09
330849796_c575c3108a.jpg,6.620731153e-09
449287870_f17fb825d7.jpg,-2.352063892e-09
3097776588_312932e438.jpg,-1.533392181e-09
2911245290_b2c79f328a.jpg,-2.447982817e-09
1957371533_62bc720bac.jpg,8.227642096e-10
3671262694_29fbeb9d95.jpg,3.998818865e-10
2495394666_2ef6c37519.jpg,9.332269703e-09
2887614578_ed7ba21775.jpg,5.314659605e-09
2557972410_6925fe695c.jpg,-3.115987655e-09
3126752627_dc2d6674da.jpg,2.173990696e-09
157139628_5dc483e2e4.jpg,-1.90166643e-09
3690159129_93ba49ea18.jpg,8.742850661e-09
2249480913_e1695e5c28.jpg,1.688984899e-09
3652584682_5b5c43e445.jpg,3.022932301e-10
3246773992_89bf86937b.jpg,1.175463105e-09
2987576188_f82304f394.jpg,5.033520532e-09
2393264648_a280744f97.jpg,-2.843110653e-08
2644920808_f5a214b744.jpg,-3.007191666e-09
3062173277_bfb5ef4c45.jpg,-4.3134918e-09
431410325_f4916b5460.jpg,-3.702565834e-09
103205630_682ca7285b.jpg,-8.604134109e-09
2337377811_8c81b40a64.jpg,8.047876445e-10
3259110412_9908c45144.jpg,-1.159459171e-09
2322334640_d4d22619ff.jpg,3.664789113e-09
3466353172_deb128bbb0.jpg,3.746576774e-09
3636126441_5617c89aaa.jpg,-1.607174732e-09
3406409018_03de95181e.jpg,2.472528842e-10
3226254560_2f8ac147ea.jpg,3.5454553e-10
3610189629_f46de92ab3.jpg,-1.006228604e-08
2242863004_3a9f82a31f.jpg,6.333517459e-09
2554570943_122da6438f.jpg,-4.419056868e-09
2333288869_8c01e4c859.jpg,-7.733528511e-09
3457315666_b943111dec.jpg,-2.156724995e-08
2955673642_4279b32097.jpg,-8.392744319e-09
1527333441_af65636a74.jpg,-3.015968504e-09
2180356743_b3a3c9a7f6.jpg,-4.473331996e-10
2198964806_c57b0534d3.jpg,3.340710006e-09
3515904775_f8acc5909e.jpg,4.158497155e-09
246094557_e174a5914f.jpg,-1.525019195e-09
427167162_2c99779444.jpg,4.297664609e-10
427082246_5bf1c3676f.jpg,-2.938547935e-09
339658315_fbb178c252.jpg,1.66677837e-10
3411579899_0f8ed09142.jpg,-2.858098172e-09
3701249979_8bc757e171.jpg,3.615640731e-09
2764178773_d63b502812.jpg,-3.250613505e-09
401476986_73918145a3.jpg,4.655937185e-09
3631810528_7233c0f421.jpg,1.68611208e-09
2755952680_68a0a1fa42.jpg,5.645885654e-10
3606846822_28c40b933a.jpg,-1.39581125e-09
684255145_db3f8e3e46.jpg,2.636541528e-10
3113682377_14fc7b62b0.jpg,-1.231331115e-09
3334537556_a2cf4e9b9a.jpg,-2.589731818e-09
464506846_1734302b58.jpg,-3.445004597e-09
3156113206_53c2a7b5d8.jpg,-7.248441474e-10
2218334049_e649dbdb1a.jpg,1.468821235e-09
1087539207_9f77ab3aaf.jpg,3.072924421e-09
805682444_90ed9e1ef3.jpg,1.545078847e-10
3154152744_4e93ec8a62.jpg,2.190541514e-09
3641999223_942f8198cc.jpg,3.807622716e-09
2934325103_e9b8d7430f.jpg,-4.054169822e-09
3301935788_2bb7bbc515.jpg,3.390572783e-09
2929669711_b2d5a640f0.jpg,-3.074393783e-09
2478929971_9eb6c074b6.jpg,5.79656816e-09
1476241331_2f43b67aed.jpg,1.733080833e-09
2480021389_dda9fb2818.jpg,3.647906778e-09
2921430836_3b4d062238.jpg,2.108111227e-09
3245939062_8ffe1d2be5.jpg,1.013010587e-08
2489602993_896c1ea40a.jpg,5.805993629e-09
3134387321_3a253224c1.jpg,7.741146917e-09
1056873310_49c665eb22.jpg,-7.008755924e-10
862054277_34b5a6f401.jpg,-4.739867872e-10
3621177753_1718c30ea0.jpg,-2.993492265e-09
2097489021_ca1b9f5c3b.jpg,4.674218583e-10
3079786914_fe598b0e54.jpg,-1.0528926e-09
3107368071_724613fc4f.jpg,-3.652957957e-09
1358892595_7a37c45788.jpg,4.082877951e-09
3018467501_a03d404413.jpg,2.429952643e-09
477768471_d7cd618fdb.jpg,7.659800602e-09
3275527950_41aca690a1.jpg,3.82389748e-09
2866696346_4dcccbd3a5.jpg,1.416968257e-09
2814406547_a237ef0122.jpg,3.362327404e-10
3593556797_46b49a02a8.jpg,-7.006311842e-10
3512033861_a357bb58b6.jpg,-3.93490948e-10
2196284168_76417efbec.jpg,5.618354536e-09
3218480482_66af7587c8.jpg,-1.777071301e-09
159712188_d530dd478c.jpg,9.945770766e-09
3348384389_73b6647017.jpg,-4.187339065e-09
701816897_221bbe761a.jpg,-1.140827223e-09
3119903318_d032141839.jpg,-1.299787844e-08
3711664623_ef87105ea7.jpg,-1.063295442e-09
3353328134_dd9ed0edab.jpg,-1.331474904e-09
3014080715_f4f0dbb56e.jpg,-2.176178447e-09
2731171552_4a808c7d5a.jpg,1.179096481e-09
3111502208_71e2a414f5.jpg,-3.147802189e-11
1348113612_5bfc5f429e.jpg,1.207500029e-09
3306464579_1b16a0caf2.jpg,1.574831726e-10
3648988742_888a16f600.jpg,-2.646350147e-09
2234702530_a265a4df22.jpg,1.060262716e-10
947969010_f1ea572e89.jpg,6.923107926e-09
305199420_89f6ddd778.jpg,-4.895926754e-09
2887750774_920eb171aa.jpg,2.645586727e-10
3039209547_81cc93fbec.jpg,-1.240810203e-08
405537503_f66ecc5073.jpg,1.076554448e-09
2473791980_805c819bd4.jpg,3.130483297e-09
480607352_65614ab348.jpg,-1.308807451e-11
3314517351_69d70e62bd.jpg,-7.445850311e-09
241345446_2e47ae8ddc.jpg,2.68273141e-10
3330935489_9cb67ca36b.jpg,5.201563673e-09
482088914_e6ea4501e9.jpg,3.611351793e-09
1449692616_60507875fb.jpg,2.110657883e-09
3386953179_84c2d7922f.jpg,-4.958928936e-09
56489627_e1de43de34.jpg,2.651956446e-10
957230475_48f4285ffe.jpg,2.315527692e-10
134894450_dadea45d65.jpg,2.236093943e-09
278002947_3fd22a2cb6.jpg,3.39517303e-10
3421104520_6a71185b3c.jpg,3.515464191e-09
241346260_f50d57b517.jpg,-5.287049682e-09
3371533654_73a12a35a4.jpg,1.57773483e-09
1022454428_b6b660a67b.jpg,-4.543235688e-09
3652764505_87139e71f8.jpg,9.61505505e-10
2916586390_664f0139ea.jpg,-2.972609741e-10
181777261_84c48b31cb.jpg,-5.192148383e-10
3349451628_4249a21c8f.jpg,3.586946885e-09
3108378861_d2214d971e.jpg,6.840234827e-09
1348304997_afe60a61df.jpg,-1.228923298e-09
3268407162_6274e0f74f.jpg,1.028039514e-09
503794526_603a7954d3.jpg,-5.090135643e-10
2689163361_4939875be5.jpg,4.11381597e-09
956164675_9ee084364e.jpg,-7.474742138e-09
2063277300_f7ff476914.jpg,-1.48780254e-09
3028404926_2bd27e3e83.jpg,1.519239955e-09
393987665_91d28f0ed0.jpg,7.389282289e-10
2635905544_dbc65d0622.jpg,-4.182688249e-10
3170802797_3c851bb475.jpg,-3.038234936e-09
496129405_b9feeda1ab.jpg,-1.886304384e-09
464527562_a18f095225.jpg,-9.467139222e-10
1342766791_1e72f92455.jpg,-6.296246908e-10
264928854_d9e61f3a8e.jpg,-3.25971336e-09
333973142_abcd151002.jpg,-7.195520404e-10
3629492654_619d7b67ee.jpg,1.199235438e-09
1921398767_771743bf4e.jpg,-4.546712804e-10
242558556_12f4d1cabc.jpg,-4.820691489e-09
2439813616_c9ac54cc9f.jpg,3.243761077e-10
2144049642_070cf541b4.jpg,-6.46739759e-09
3375920709_ef7370fa09.jpg,-3.350838432e-09
2537119659_fa01dd5de5.jpg,-3.000142578e-09
3635177305_bfbe1fc348.jpg,-1.883368167e-09
3361210233_962d630ec5.jpg,-4.132419281e-09
3532192208_64b069d05d.jpg,-4.001598369e-09
516725192_c9cdd63878.jpg,-1.471191178e-09
2860372882_e0ef4131d4.jpg,2.793920968e-09
3632258003_6a0a69bf3a.jpg,8.910957422e-09
1311132744_5ffd03f831.jpg,-1.088743246e-09
2754898893_95239c1f19.jpg,1.684018721e-09
1452361926_6d8c535e32.jpg,4.579101842e-09
3487419819_e3f89444ce.jpg,2.157682566e-09
2824922268_3fafb64683.jpg,2.769559471e-09
3474985382_26e1560338.jpg,-2.058995948e-09
3381038951_225bb163af.jpg,-2.941136515e-09
2470588201_955132a946.jpg,6.17705394e-09
2975018306_0e8da316f5.jpg,-3.085120728e-09
2949762776_52ece64d28.jpg,2.476459004e-09
2482629385_f370b290d1.jpg,-2.298929584e-09
2993167183_2bda95fa3d.jpg,-1.260433188e-09
2328106090_b7c2725501.jpg,-5.07079451e-09
1322323208_c7ecb742c6.jpg,-6.825500279e-09
2578003921_e23b78e85f.jpg,2.03716856e-09
3321334180_8f764e0e0f.jpg,-3.496254872e-09
3373544964_c9f1253b7d.jpg,-1.390269588e-09
444881000_bba92e585c.jpg,1.021947399e-09
236518934_c62a133077.jpg,3.670862191e-09
3295418287_5d590dac43.jpg,-2.22324731e-09
3138746531_f6b816c126.jpg,2.032766596e-09
2971431335_e192613db4.jpg,-3.731565988e-09
3199460792_deef518c01.jpg,-1.491202011e-09
1082379191_ec1e53f996.jpg,6.57431018e-09
2921670682_6a77a6c3e9.jpg,2.576189705e-09
2393971707_bce01ae754.jpg,-8.976054813e-10
241345905_5826a72da1.jpg,-6.226354707e-09
3467843559_a457ce37b6.jpg,-4.941944998e-10
2561334141_0aacefa5e7.jpg,-1.717997118e-09
3662963630_8f097e38d4.jpg,-4.262488926e-09
3498417123_3eae6bbde6.jpg,2.387700392e-09
2156131463_5b53636cf0.jpg,4.715264728e-09
749840385_e004bf3b7c.jpg,9.854064443e-10
334737767_7f344eee16.jpg,-3.365724227e-09
640203018_c0e7175831.jpg,-4.548100023e-09
3323514651_3efdbd63ed.jpg,1.12334372e-09
1007320043_627395c3d8.jpg,2.096447169e-09
2185793891_5a5e903ca6.jpg,-2.037831402e-09
2692635048_16c279ff9e.jpg,-1.784015468e-09
2842439618_fb20fe2215.jpg,-2.595464661e-09
2308271254_27fb466eb4.jpg,1.971710002e-09
2326879311_555ebef188.jpg,-6.579634593e-09
2561341745_2d77d3ff7d.jpg,1.529545764e-09
2506892928_7e79bec613.jpg,-4.285963879e-11
1164765687_7aca07bbe7.jpg,-8.513280277e-09
3345025842_bc2082a509.jpg,3.601502927e-09
827941668_2e4ac6cb39.jpg,-6.054674566e-09
344078103_4b23931ce5.jpg,-1.083036217e-09
408748500_e8dc8c0c4f.jpg,9.8244428e-10
2085403342_a17b0654fe.jpg,3.899892511e-09
2501942587_e59b91d1da.jpg,2.476175594e-09
3025438110_40af7e6a80.jpg,-1.553963986e-09
977856234_0d9caee7b2.jpg,2.511506557e-09
3118425885_f0cc035032.jpg,-1.535550077e-09
3694991841_141804da1f.jpg,3.448170339e-09
3165826902_6bf9c4bdb2.jpg,9.84510741e-10
3532194771_07faf20d76.jpg,-3.282187385e-09
3156406419_38fbd52007.jpg,-1.922924007e-09
2797188545_aeb26c54c0.jpg,-1.858675573e-09
3480052428_c034b98a08.jpg,3.854291686e-10
3207343907_995f7ac1d2.jpg,4.053527812e-09
3367053761_8ec5834bf3.jpg,1.546203285e-09
297285273_688e44c014.jpg,-1.954758347e-09
3326273086_e09e845185.jpg,2.890764658e-09
2534652796_c8a23288ab.jpg,3.183106679e-09
3549140234_e99b07c739.jpg,-1.274538709e-09
708945669_08e7ffb9a7.jpg,-3.295056903e-09
2885382946_f541ea5722.jpg,-1.733522943e-09
489773343_a8aecf7db3.jpg,4.462638835e-09
27782020_4dab210360.jpg,-4.743232243e-09
2537197415_af7c30dfc8.jpg,-3.589474308e-10
2608289957_044849f73e.jpg,3.863174228e-09
3284460070_6805990149.jpg,-1.564767194e-09
1818403842_553a2a392c.jpg,-5.47146835e-09
2437266971_b91a8f9a00.jpg,-4.559054225e-10
3427118504_93126c83e0.jpg,1.7197998e-09
3195147187_a073d59fa8.jpg,7.964213862e-10
1449625950_fc9a8d02d9.jpg,-5.21315141e-09
2165677531_e1d5e086f7.jpg,-3.811567437e-09
781118358_19087c9ec0.jpg,-5.047059003e-09
454709143_9c513f095c.jpg,1.327116363e-09
987907964_5a06a63609.jpg,1.014738681e-08
386655611_1329495f97.jpg,1.235937073e-09
859620561_de417cac1e.jpg,-2.327444224e-09
944788251_a0bcd4b960.jpg,2.765646843e-09
3004359992_f6b3617706.jpg,3.462028785e-09
3295680663_af21ea648b.jpg,7.523305522e-09
2541701582_0a651c380f.jpg,-8.490308365e-09
219843859_94b6d0a580.jpg,5.161190288e-10
242064301_a9d12f1754.jpg,-2.536327668e-09
246901891_4c4ea49c3a.jpg,-3.232767168e-09
446291803_2fd4641b99.jpg,-4.211033586e-09
3178371973_60c6b8f110.jpg,8.774933365e-09
388386075_9ac3a89ada.jpg,4.471980055e-09
374124237_51f62b6937.jpg,7.032431332e-09
2971298546_dd595cf297.jpg,4.244135258e-09
3187117682_986ffd6b67.jpg,4.425714975e-09
3134092148_151154139a.jpg,-6.172591499e-09
3542484764_77d8920ec9.jpg,-3.265856164e-09
1107246521_d16a476380.jpg,6.866026229e-09
3490186050_4cb4193d4d.jpg,-3.56617376e-09
2298661279_016d87ba2f.jpg,2.26227621e-09
3694093650_547259731e.jpg,2.450384428e-10
2615623392_ab2b9759ae.jpg,-4.864899237e-09
1428578577_82864facae.jpg,-2.267606521e-09
3093971101_543237971d.jpg,-6.968663596e-09
3280173193_98c2d6a223.jpg,5.802148518e-09
2284894733_b710b9b106.jpg,-2.610075084e-09
2947172114_b591f84163.jpg,-4.06581777e-09
742073622_1206be8f7f.jpg,-3.069171642e-09
3122938209_2b2c6c1fab.jpg,-2.371758665e-09
2698197294_ccd9327ef6.jpg,-2.790994547e-09
2934000107_d2ff15c814.jpg,3.322671736e-10
2819254573_9ecb5f4d5e.jpg,5.248986828e-09
3095137758_bdd1e613dd.jpg,3.662836432e-09
3462396164_ba9849c14b.jpg,-2.931513028e-09
495014499_8fd065cfd9.jpg,-8.973803058e-09
2422482455_b98d9c2120.jpg,-6.389896478e-09
1240297429_c36ae0c58f.jpg,6.40037832e-09
820169182_f5e78d7d19.jpg,4.211117448e-09
2207244634_1db1a1890b.jpg,4.989900993e-09
3463034205_e541313038.jpg,-7.711440804e-09
1117972841_2b9261f95f.jpg,-4.222709393e-09
2908512223_7e27631ed4.jpg,1.51229932e-09
2097407245_c798e0dcaf.jpg,5.379738965e-09
3383491811_fd9d3a891d.jpg,1.836969344e-09
3549408779_4d453db080.jpg,-5.22248583e-09
3215117062_6e07a86352.jpg,7.892387933e-10
3173157541_70b16b4318.jpg,-1.792521883e-09
3632047678_f202609e50.jpg,-1.123060891e-09
2964438493_413667c04a.jpg,-1.193202853e-09
2769731772_18c44c18e2.jpg,-3.407559884e-09
3351493005_6e5030f596.jpg,1.296003415e-09
3727752439_907795603b.jpg,-2.049177922e-09
247778426_fd59734130.jpg,7.454926559e-09
1357753846_6185e26040.jpg,-7.912741945e-09
3382105769_b1a4e4c60d.jpg,3.788258638e-09
225909073_25c3c33a29.jpg,3.673834826e-10
3533145793_5d69f72e41.jpg,6.350952156e-09
2978810122_183e60ff2d.jpg,-9.978868466e-10
455856615_f6361d9253.jpg,7.08518823e-09
3286543624_7a327f79ae.jpg,-3.876432109e-09
2574084102_f2be3f73cb.jpg,-1.036407511e-09
3336065481_2c21e622c8.jpg,7.361645668e-09
3254662117_b2e7dede6e.jpg,-2.816868087e-09
1397923690_d3bf1f799e.jpg,-4.09699633e-09
3690107455_0fdb4ecee7.jpg,-5.850022713e-09
3334866049_f5933344aa.jpg,-3.809901211e-09
2319197581_94f807b204.jpg,2.62453003e-09
2787276494_82703f570a.jpg,-1.107098934e-10
2707244524_d57120d74a.jpg,1.817855066e-09
3217910740_d1d61c08ab.jpg,3.724176099e-10
3537201804_ce07aff237.jpg,6.40432449e-09
946051430_8db7e4ce09.jpg,6.13137337e-09
561179884_8b6b925ef9.jpg,-6.875810777e-09
2613993276_3c365cca12.jpg,-2.502187455e-09
300765528_8c8f709dda.jpg,1.75816764e-09
2244024374_54d7e88c2b.jpg,-3.046964656e-09
2527713011_b0ec25aa54.jpg,-4.048055722e-09
3343197133_9256848fa9.jpg,6.596067738e-10
3668259129_e073af1533.jpg,2.341182019e-09
3510219078_670b6b3157.jpg,-4.341150004e-09
3303787342_b258b377b6.jpg,-1.589061492e-09
3219210794_4324df188b.jpg,3.948341381e-09
3063544435_10516c6937.jpg,-5.951473707e-09
3100442775_6e2659b973.jpg,6.594735402e-09
3118505332_b0792489b5.jpg,3.148268134e-10
3595412126_4020d4643b.jpg,3.36533995e-09
3457604528_302396c08c.jpg,1.345171271e-09
3585488964_1467945775.jpg,4.468800335e-09
2277299634_e14bdb7ff7.jpg,4.451130572e-09
3259231890_16fe167b31.jpg,7.503195601e-09
2826769554_85c90864c9.jpg,-7.589311935e-11
822836318_21544f0f78.jpg,-5.076351353e-09
3396817186_b299ee0531.jpg,-5.659396676e-09
3553225222_f5ebe44af1.jpg,1.27084041e-09
2424976964_98f58a0618.jpg,-9.962902112e-10
2165461920_1a4144eb2b.jpg,7.338171733e-09
2693539377_5442430f81.jpg,-1.02087806e-08
3400135828_0ac128b6eb.jpg,-1.383294003e-09
2825483885_3f7c54db3e.jpg,-2.730292659e-09
2880051254_e0ca96b6be.jpg,-6.040858891e-10
3046431231_dc48851062.jpg,1.002597551e-09
263850317_5bb3a18a08.jpg,-3.078547305e-09
3687996569_99163a41c3.jpg,-8.66875083e-09
2578161080_e007c9177a.jpg,-1.849577104e-09
224702242_a62aaa6dff.jpg,2.117485242e-09
2884252132_5d8e776893.jpg,3.605164953e-09
3657016761_d553e514d9.jpg,-5.971166703e-09
2872963574_52ab5182cb.jpg,1.983821801e-09
2975253472_0f0c2dea70.jpg,-2.647128331e-09
3597146852_3d000a5d5f.jpg,-3.257546978e-09
428485639_a82635d6ee.jpg,6.082516482e-09
2210368267_0615754b48.jpg,1.588518036e-09
543264612_c53cc163b4.jpg,4.338396061e-09
3381392182_db2c42430e.jpg,6.201923816e-09
3673165148_67f217064f.jpg,5.261860894e-09
2790909995_8b7a03d9d1.jpg,1.136276208e-08
3599568766_9e96def0ef.jpg,-1.59972268e-09
3478591390_b526580644.jpg,2.803585661e-10
3222749441_3bdfe088e3.jpg,-2.319034794e-09
35506150_cbdb630f4f.jpg,-2.014594775e-09
3287549827_04dec6fb6e.jpg,1.352995849e-10
3186556417_b2d6921a20.jpg,8.356489881e-09
3148193539_de9dd48fc8.jpg,-1.450220453e-09
3494723363_eaa6bc563b.jpg,1.538203213e-09
348380010_33bb0599ef.jpg,3.436405626e-09
3559993787_c49644dcc5.jpg,5.836502009e-09
3299418821_21531b5b3c.jpg,-3.328765887e-09
494907021_321e82877a.jpg,2.527202456e-09
3362189985_fbae8f860a.jpg,4.51472318e-10
1572286502_64e5c4b920.jpg,6.220126129e-10
2344412916_9a5a9b1c82.jpg,3.170079003e-09
3182558164_488b819f14.jpg,2.148332778e-09
3558251719_3af5ae2d02.jpg,-1.240753291e-09
3461110860_37ef15af8e.jpg,3.554662568e-11
425088533_a460dc4617.jpg,1.524932116e-09
2208310655_a3d83080c5.jpg,-9.888316765e-10
3019923691_3b3c5a4766.jpg,2.828459093e-09
251792066_b5233b3d86.jpg,1.772493231e-10
2443380641_7b38d18f5b.jpg,-1.985004432e-09
210126070_0d43b300b9.jpg,4.589439033e-09
2888386138_578d21033a.jpg,2.464137864e-09
2100816230_ff866fb352.jpg,6.144089974e-09
180506881_de0f59770f.jpg,-8.379220032e-10
3244470342_c08f6bb17e.jpg,-3.241534006e-09
1808370027_2088394eb4.jpg,-6.169764853e-09
2984174290_a915748d77.jpg,3.921393475e-09
2565618804_8d7ed87389.jpg,7.610435965e-09
207275121_ee4dfa0bf2.jpg,2.454626257e-09
3294202771_e8ee78a439.jpg,3.893956586e-09
3515451715_ac5ac04efa.jpg,-2.002721228e-09
369186134_5eef374112.jpg,3.376569346e-09
3136688093_568b053bdf.jpg,-1.125179327e-08
3259991972_fce3ab18b2.jpg,1.0641347e-09
3273625566_2454f1556b.jpg,1.19460235e-09
2719101587_4ba70dee14.jpg,4.483747653e-09
300222673_573fd4044b.jpg,4.202854457e-09
3682038869_585075b5ff.jpg,-2.888650733e-09
525887861_4cc7a1beca.jpg,4.013430257e-09
3123770450_cedc16d162.jpg,8.328699353e-09
2899594400_61b4f6c114.jpg,4.217431974e-09
2192475933_d779bf42eb.jpg,1.243361418e-09
319870744_0e0138d205.jpg,7.953570473e-09
930748509_8ca5cf5c24.jpg,4.225754016e-09
3618115051_41b5a7706c.jpg,3.891667736e-09
267836606_bbea2267c8.jpg,2.863592149e-09
2954525375_9d5ca97341.jpg,5.753401779e-09
3241726740_6d256d61ec.jpg,1.083601719e-09
3360823754_90967276ec.jpg,-4.901273949e-10
3074617663_2f2634081d.jpg,2.863798834e-09
470887791_86d5a08a38.jpg,-5.776133167e-10
3261493263_381a4c5cc7.jpg,2.538612545e-10
534200447_b0f3ff02be.jpg,-1.20731773e-10
488352274_9a22064cb3.jpg,3.307842415e-10
3677734351_63d60844cb.jpg,-5.356595167e-09
2528489543_546c1ca81f.jpg,-3.656327927e-09
3179336562_c3d0c0a3bd.jpg,5.034235073e-09
3152317129_177b4678b7.jpg,-5.433615024e-09
2273799395_5072a5736d.jpg,-6.534918386e-10
3260768565_2b725be090.jpg,1.663775574e-10
2558911884_856dfc3951.jpg,1.05615062e-08
3166366760_e43cf66eda.jpg,1.268877673e-09
519754987_51861fea85.jpg,-3.130710572e-09
2340919359_f56787d307.jpg,-3.61605688e-09
3176277818_235486a3cd.jpg,-9.173595896e-09
2467856402_0490413d38.jpg,-2.799833771e-09
281754914_bc8119a0ed.jpg,-2.339992584e-10
3303797949_339bb969ba.jpg,-1.192825894e-08
3593220756_5c416c3ceb.jpg,-3.161849915e-09
3304030264_da3dd18c7b.jpg,6.513042592e-09
247619370_a01fb21dd3.jpg,4.997002318e-10
3401902253_cd27e6d0fe.jpg,6.638260753e-09
3050114829_18bc5a6d7c.jpg,-1.154250591e-08
1129704496_4a61441f2c.jpg,-6.001385161e-09
2266144051_614b2d62b0.jpg,-2.9410103e-09
3712574653_e009f76d19.jpg,5.53045887e-09
502783522_3656f27014.jpg,-3.679244484e-09
2218907190_5f43bf5e4d.jpg,4.219259242e-10
3014169370_fc4059352e.jpg,-5.551974441e-10
2679851489_a58780291e.jpg,-4.105109086e-09
2768021570_46bc6325e3.jpg,1.237647817e-08
3064097919_e536ab9693.jpg,3.958960852e-09
1299459562_ed0e064aee.jpg,1.463837135e-09
2593406865_ab98490c1f.jpg,1.937525825e-09
2141065212_463a6997e1.jpg,3.431471083e-09
3453019315_cfd5c10dae.jpg,-5.918868658e-10
3462512074_2b4db1ffd6.jpg,6.244186264e-10
3556792157_d09d42bef7.jpg,5.427515689e-09
2643309379_2cde08516c.jpg,3.142895243e-09
2696866120_254a0345bc.jpg,-3.242639739e-09
2706430695_3b5667741c.jpg,2.910391221e-10
3474406285_01f3d24b71.jpg,-1.015946602e-09
2695085448_a11833df95.jpg,2.81178027e-09
2562463210_d0dfd545ca.jpg,2.958737522e-09
3574244361_715ac347cd.jpg,-3.108798378e-09
485741580_ab523fa657.jpg,-1.002181477e-09
2480327661_fb69829f57.jpg,-4.570773866e-09
2300168895_a9b83e16fc.jpg,1.956483335e-09
3050264832_4215f2b398.jpg,2.087027443e-09
458004873_f084c47a88.jpg,5.048097917e-09
191003285_edd8d0cf58.jpg,6.479951055e-09
2288099178_41091aa00c.jpg,-3.906511181e-09
3274375509_4fe91a94c0.jpg,2.016749967e-10
3319586526_3994e9cd58.jpg,-1.36745882e-09
2393196444_8f4f540f5f.jpg,-1.937759457e-09
2838085973_42b6e9b5b1.jpg,-2.404247298e-09
2704362232_7d84503433.jpg,-2.934622739e-09
2045562030_654ddea5e5.jpg,1.388388133e-09
1332492622_8c66992b62.jpg,-3.37652196e-10
2367318629_b60cf4c4b3.jpg,-7.737690467e-09
2729147877_c3ec3445bf.jpg,-3.072887713e-10
481732592_b50194cb89.jpg,-9.706537955e-10
2772532341_c4597a94ed.jpg,2.534602466e-09
3017656907_c3b137e070.jpg,-6.587437275e-09
3486538055_bcf4d3dfda.jpg,-3.693287875e-11
2234910971_80e0325918.jpg,3.959449093e-09
2991993027_36ac04e9a0.jpg,-4.212077217e-09
2832453252_a06f7826a8.jpg,3.559987825e-09
2527163162_d0fb802992.jpg,2.606289863e-09
2992658871_ac786d37a6.jpg,-5.527440549e-10
1248357227_2b4175fc39.jpg,7.690720185e-10
2055646179_169807fed4.jpg,3.231706614e-09
3482859574_3908de3427.jpg,-2.809328987e-09
2848571082_26454cb981.jpg,-4.948728994e-09
3428386573_670f5362f0.jpg,-1.348791018e-09
2873431806_86a56cdae8.jpg,-1.841628605e-09
2249865945_f432c8e5da.jpg,3.415795028e-09
514905846_b54d13946a.jpg,-2.082981288e-09
469259974_bb03c15c42.jpg,7.076546314e-10
2900048238_74bd69d87d.jpg,-3.237280237e-09
543603259_ef26d9c72d.jpg,-3.321392808e-09
2239938351_43c73c887c.jpg,6.951851741e-09
535309053_ec737abde8.jpg,-4.85713282e-13
2034553054_b00c166895.jpg,3.633770923e-09
3406930103_4db7b4dde0.jpg,7.789070323e-09
2096771662_984441d20d.jpg,8.811132224e-09
2594459477_8ca0121a9a.jpg,1.175743091e-10
3117336911_a729f42869.jpg,4.323514658e-09
3351418768_596ef7fd6f.jpg,-3.213361984e-09
3619806638_7480883039.jpg,-1.3061915e-09
2603690144_7a28b1d13c.jpg,3.106188205e-09
3497502407_ec566442c9.jpg,6.642818761e-09
2159447283_fab8c272b0.jpg,2.47585379e-09
3235746553_a40416c00e.jpg,-2.894455954e-09
2188192752_09d9fc5431.jpg,3.83833435e-09
3491013009_572cf2c18a.jpg,-1.290530064e-09
3411393875_a9ff73c67a.jpg,-1.934954837e-09
3656906086_7034f69ab6.jpg,4.979297547e-09
2720215226_5a98ff2bd3.jpg,-6.206338367e-10
2343879696_59a82f496f.jpg,-1.625573556e-09
3283626303_8e23d4a842.jpg,-3.070663596e-10
3171188674_717eee0183.jpg,8.169148591e-10
3444974984_963fb441a0.jpg,-1.153862648e-09
3354414391_a3908bd4ff.jpg,2.42437244e-09
3609026563_9c66f2dc41.jpg,-7.168104358e-10
3397220683_4aca010f86.jpg,5.164285392e-09
2684323357_c7a6d05d05.jpg,5.460724659e-09
3139837262_fe5ee7ccd9.jpg,2.8775428e-10
3522349685_f046f0e250.jpg,1.110928094e-09
3326204251_2f9e446a2f.jpg,4.349432865e-09
2846037553_1a1de50709.jpg,-7.44921027e-09
3366571152_20afb88ac1.jpg,1.505823615e-09
3726076549_0efb38854b.jpg,1.232205638e-09
2201222219_8d656b0633.jpg,2.162827321e-09
224273695_0b517bd0eb.jpg,-1.87773582e-09
1679617928_a73c1769be.jpg,-2.708477791e-10
3259579174_30a8a27058.jpg,7.432360727e-09
3273489163_8209545810.jpg,-4.05150601e-09
2456030728_d3d147e774.jpg,-1.6940294e-09
3622216490_1314a58b66.jpg,3.371940813e-09
3002920707_5d2e6e6aac.jpg,-1.915418197e-10
444057017_f1e0fcaef7.jpg,1.819990044e-09
3490528249_6aae9b867b.jpg,-2.280729668e-09
1472249944_d887c3aeda.jpg,-1.605643289e-09
2714220101_c31db50b10.jpg,8.838086849e-10
3046190891_05c6ecd9b6.jpg,-8.092310685e-09
2604825598_593a825b5b.jpg,5.37749703e-09
3098707588_5096d20397.jpg,4.4488908e-10
307321761_606fc91673.jpg,1.241717198e-08
757332692_6866ae545c.jpg,2.369009811e-09
3609952704_3719ab0524.jpg,1.924535902e-09
2362481035_a7600875d0.jpg,-3.019584979e-09
2968885599_0672a5f016.jpg,-3.631425852e-09
3174431688_ae84778db0.jpg,-4.136618617e-09
1178705300_c224d9a4f1.jpg,-7.070792425e-09
2949014128_0d96196261.jpg,-2.21887994e-09
3139238055_2817a0c7d8.jpg,-3.440874439e-10
3504881781_6a842e043b.jpg,1.139631711e-08
478209058_21e2c37c73.jpg,1.0085838e-10
2600442766_e750ec9a56.jpg,1.430090455e-08
3415003392_139c0f3586.jpg,3.119381024e-09
2285570521_05015cbf4b.jpg,-2.959656971e-10
652542470_60e858da64.jpg,2.099525874e-09
161905204_247c6ca6de.jpg,5.918137933e-10
3080056515_3013830309.jpg,-5.748681888e-09
345785626_9fa59f38ce.jpg,-1.244015621e-09
1765164972_92dac06fa9.jpg,-4.810238924e-09
3469711377_bc29d48737.jpg,4.750024485e-09
1659396176_ced00a549f.jpg,-5.656748529e-09
2461372011_ebbf513766.jpg,-2.230210103e-09
630476551_2ee7399f77.jpg,-5.472703194e-09
200771289_31902164a7.jpg,-5.986996667e-09
2312984882_bec7849e09.jpg,-4.397591886e-09
3653837067_94050699ec.jpg,-4.631720435e-09
1932161768_996eadac87.jpg,3.945463156e-09
1096165011_cc5eb16aa6.jpg,-2.971799719e-10
118309463_a532b75be9.jpg,3.124624139e-09
3366105287_49a4bf71c6.jpg,2.097802185e-09
2346523971_d3f1e12ce4.jpg,-3.083140604e-09
539761097_5c6c70425b.jpg,1.429105394e-09
2268109835_d6edbe1c2b.jpg,6.887923697e-09
3053743109_a2d780c0d2.jpg,6.249913141e-09
3055716848_b253324afc.jpg,-2.755597469e-10
3587092143_c63030ed6d.jpg,1.932412221e-09
3579842996_3a62ec1bc7.jpg,1.835634381e-09
327997381_55f90dc834.jpg,3.770282519e-09
214501174_6db1f4d69c.jpg,-6.158831231e-09
3562050678_4196a7fff3.jpg,-2.875829419e-10
2281054343_95d6d3b882.jpg,-1.851158268e-09
3046949818_245b05f507.jpg,-5.556583012e-09
923550133_ac9d7a2932.jpg,-9.25132039e-10
2508918369_2659db1cb6.jpg,-2.742257168e-10
3687996279_05b5a2a706.jpg,2.780986617e-09
391020801_aaaae1e42b.jpg,-5.873945169e-09
1262077938_8b9516c273.jpg,2.972994084e-09
3439382048_d2e23b2b4c.jpg,-1.213257274e-09
470903027_489cc507de.jpg,1.674644678e-09
3569284680_44fef444ef.jpg,2.442289668e-09
440190907_bf8b7ba8ef.jpg,-1.579318331e-10
482830610_13a0a6c924.jpg,-5.145035166e-09
428408242_b32faf2240.jpg,-1.452735477e-09
3071676551_a65741e372.jpg,-6.498933598e-09
458183774_afe65abf67.jpg,1.60627649e-09
3351704877_28dea303aa.jpg,-8.305203107e-10
3069037969_bb7319e0dc.jpg,2.672757543e-09
2385871317_44cde2f354.jpg,-1.256791969e-09
3604383863_5e387cb8e6.jpg,2.76949924e-09
234241682_51d9fabb27.jpg,-1.547067167e-09
2502354602_f4d6dcf42d.jpg,2.159640312e-09
36422830_55c844bc2d.jpg,1.952497563e-09
3065560742_f6e266ccd9.jpg,8.007872193e-09
2842865689_e37256d9ce.jpg,6.520746314e-09
872512911_ca383b40e4.jpg,7.787001981e-09
2252403744_148fc11f68.jpg,-9.991306497e-09
2073964624_52da3a0fc4.jpg,5.114042969e-09
3151860914_46e30cd5ea.jpg,1.487258567e-09
3124838157_7ef96745b7.jpg,4.082801813e-09
3371567529_606fa3452b.jpg,2.928471957e-09
3119076670_64b5340530.jpg,-2.08195897e-09
3674565156_14d3b41450.jpg,-3.403630301e-11
2205336881_d9ee4179d3.jpg,1.689011145e-09
1355945307_f9e01a9a05.jpg,4.861738792e-09
269986132_91b71e8aaa.jpg,-1.453964606e-09
3490867290_13bcd3a7f0.jpg,3.679296619e-09
2556392380_ee57514233.jpg,-2.286088892e-09
2335619125_2e2034f2c3.jpg,2.471337041e-09
12830823_87d2654e31.jpg,-4.132470998e-09
226531363_33ac01d931.jpg,-1.515312286e-09
2320125735_27fe729948.jpg,-6.344687925e-10
2267819545_446c5a3e18.jpg,-3.145818336e-09
294098577_c10f32bcfa.jpg,-3.489365647e-09
510531976_90bbee22a2.jpg,3.446142581e-09
528498076_43f0ef36b5.jpg,-3.247400534e-09
2301525531_edde12d673.jpg,-2.510480653e-09
1174629344_a2e1a2bdbf.jpg,3.201844228e-09
929679367_ff8c7df2ee.jpg,-4.371702779e-09
300550441_f44ec3701a.jpg,3.475316652e-09
3295391572_cbfde03a10.jpg,-3.191027549e-09
3042679440_010b2c596c.jpg,-1.342779621e-09
2496399593_a24954a5ca.jpg,-1.486778646e-09
2554531876_5d7f193992.jpg,2.737227251e-09
2626158969_ac09aeb88d.jpg,-3.571550605e-09
1468103286_96a6e07029.jpg,1.223279601e-09
3053415073_5b667230ed.jpg,2.237221945e-09
2994104606_bc2df6c1f4.jpg,2.574141629e-09
2120571547_05cd56de85.jpg,4.623219876e-10
2139519215_8ca16dd192.jpg,3.221225721e-09
2679565682_91ecd283ff.jpg,3.870721248e-09
2873445888_8764699246.jpg,7.709649992e-09
2882483779_73c171ac19.jpg,3.955291907e-09
3539767254_c598b8e6c7.jpg,8.182394011e-09
3089107423_81a24eaf18.jpg,-7.436398353e-09
111537217_082a4ba060.jpg,1.26033778e-09
2699125097_c6801d80ed.jpg,7.48397433e-11
3175446111_681a89f873.jpg,2.185709808e-09
3574627719_790325430e.jpg,-1.089129371e-09
3163198309_bbfe504f0a.jpg,-4.038353227e-09
2419797375_553f867472.jpg,-2.620663856e-09
510791586_3913ade6a7.jpg,3.4999317e-11
360723732_23199af4bf.jpg,-1.253164974e-09
3137061312_eb5fdcf3fd.jpg,6.010193328e-10
2648165716_02e2e74fd6.jpg,-4.118426675e-09
3549614763_42f34f3d1e.jpg,-4.419442242e-09
3564385317_1bf5094068.jpg,5.969982919e-09
3598447435_f66cd10bd6.jpg,9.584706258e-09
2216568822_84c295c3b0.jpg,-3.884155973e-09
3400082864_9c737c1450.jpg,3.79859193e-09
2584412512_6767593f24.jpg,2.981694897e-09
3224227640_31865b3651.jpg,3.592390686e-11
443430496_3fea95a07d.jpg,1.496722907e-10
438639005_208bc59b0b.jpg,3.692291253e-10
330325191_63e11d9c93.jpg,-4.994462939e-09
106514190_bae200f463.jpg,4.491483526e-09
3396275223_ee080df8b5.jpg,-6.262682915e-09
3211316116_a2462e327d.jpg,1.60006308e-09
2215165918_2bf5b659dd.jpg,-3.853788688e-11
141755292_7a0b3364cf.jpg,2.61821416e-09
3218861747_5c5c547b66.jpg,-4.63435595e-09
3041487045_b48ac7ed08.jpg,-2.492154012e-09
2991375936_bf4b0a7dc0.jpg,-2.168137143e-09
3241892328_4ebf8b21ce.jpg,-4.179621156e-09
3183777589_460a4f445b.jpg,9.547753988e-10
3047749814_621ed0786b.jpg,2.410613262e-09
3002448718_a478c64fb4.jpg,-4.458067925e-09
3673878924_506c9d767b.jpg,1.164931662e-08
3473534758_1ae3847781.jpg,4.16791743e-09
2514612680_b0d2d77099.jpg,-3.598166252e-09
1691573772_1adef8e40e.jpg,-5.667855886e-09
3225310099_d8e419ba56.jpg,-1.221981765e-09
3275065565_9e2a640fbc.jpg,-1.626033525e-09
418667611_b9995000f4.jpg,6.221842884e-09
3459871361_92d1ecda36.jpg,4.789778162e-09
3069282021_e05e1829f3.jpg,8.678281064e-10
3678100844_e3a9802471.jpg,-8.908297246e-09
1470536919_1f3fd6c65a.jpg,-4.793827303e-09
3335375223_b4da8df523.jpg,3.744976744e-09
3316725440_9ccd9b5417.jpg,-2.076414144e-09
2226440063_c085b30558.jpg,6.920012848e-10
1093716555_801aacef79.jpg,3.04503808e-09
3464871350_3f2d624a9c.jpg,2.55839083e-09
634891010_9fa189effb.jpg,1.043664426e-09
2079554580_f18d5c181b.jpg,-1.76684379e-09
2868776402_aef437e493.jpg,7.447567623e-09
1600208439_e94527b80f.jpg,9.52596475e-10
133189853_811de6ab2a.jpg,-4.292264359e-09
2474918824_88660c7757.jpg,-6.985316774e-09
2797438951_88a3ed7541.jpg,-1.900423991e-09
3613705104_46d854134e.jpg,9.450707643e-10
2980118787_2099de53ec.jpg,-5.227419029e-10
3319020762_d429d56a69.jpg,2.971041643e-10
3540416981_4e74f08cbb.jpg,6.852493739e-09
3429465163_fb8ac7ce7f.jpg,1.413082275e-10
2565237642_bdd46d7cef.jpg,2.565069564e-09
3365783912_e12c3510d8.jpg,4.519908053e-10
1042590306_95dea0916c.jpg,-3.513822376e-09
2925577165_b83d31a7f6.jpg,-5.096418664e-12
3230132205_dccfafa5ee.jpg,-2.341537837e-09
462198798_89e2df0358.jpg,-2.375470766e-10
2570559405_dc93007f76.jpg,-4.430638859e-09
2847514745_9a35493023.jpg,7.135088577e-09
3601843201_4809e66909.jpg,1.25820694e-09
1457762320_7fe121b285.jpg,4.213381109e-09
1095980313_3c94799968.jpg,-2.507135821e-09
300500054_56653bf217.jpg,-2.346593202e-09
2240539658_dea8db6e55.jpg,3.130284539e-09
3266399073_40820596d5.jpg,4.714894912e-10
3374223949_90776ba934.jpg,2.773249282e-09
3197917064_e679a44b8e.jpg,6.978475108e-10
3426966595_c8c4e1e872.jpg,-1.707193676e-09
3346289227_198fced308.jpg,8.265065629e-10
3094064787_aed1666fc9.jpg,1.363028726e-09
211981411_e88b8043c2.jpg,5.757592931e-09
3279988814_d3693dcb6c.jpg,-2.275058443e-09
3084011664_76d37c6559.jpg,-1.613705507e-09
2561751298_320eef38ec.jpg,1.790960797e-10
3595992258_6f192e6ae7.jpg,-3.84472132e-09
3044500219_778f9f2b71.jpg,-3.407278447e-09
1557451043_f5c91ff6f4.jpg,4.04212511e-09
465994762_1760e83c5d.jpg,1.163669947e-09
1207159468_425b902bfb.jpg,-2.011102788e-09
3376898612_41c91de476.jpg,-2.39715628e-10
2662890367_382eaf83bd.jpg,3.700980449e-09
3409740108_1505489537.jpg,-6.157910478e-10
1355935187_2c99648138.jpg,3.632946591e-09
140377584_12bdbdf2f8.jpg,-1.914232673e-09
3043904009_3b5e0412cd.jpg,-2.536895368e-09
1865794069_6e3a1e57bb.jpg,-6.183473584e-09
2314732154_83bc7f7314.jpg,-5.674338238e-09
2934359101_cdf57442dc.jpg,-7.708812861e-09
2744321686_8811d8428c.jpg,5.736181871e-09
2195620255_6693479734.jpg,4.146512225e-09
3411022255_210eefc375.jpg,-4.142727075e-09
2783620390_02c166c733.jpg,-1.296559348e-09
3431860810_44277cd360.jpg,-3.978301968e-09
2726262796_03bd63a155.jpg,9.288628231e-10
2120411340_104eb610b1.jpg,-2.537586824e-09
523327429_af093fc7cf.jpg,2.589632236e-09
872135364_8c1e47d163.jpg,-1.482036511e-09
1980882959_9a161f3469.jpg,9.649845872e-10
444803340_fdcaab86f9.jpg,-6.345555487e-10
3294717824_3bb7b5d1c8.jpg,-4.832468159e-10
1464120327_d90279ca3a.jpg,-1.455193155e-09
1167669558_87a8a467d6.jpg,-3.466745563e-09
3096918227_f9d26a7db2.jpg,-2.152413473e-09
2949497756_be8e58e6bd.jpg,1.451088786e-09
3608849440_e7d2bed29f.jpg,-5.038842559e-10
2199793371_343809ff70.jpg,4.694457919e-10
2951750234_a4741f708b.jpg,-9.549874284e-09
2884420269_225d27f242.jpg,1.786738257e-09
3447876218_4ccf42d7a0.jpg,-4.508301705e-09
3590557969_d0270d518b.jpg,2.2659004e-09
3373870185_f79163fa51.jpg,-7.930970201e-09
494221578_027f51cdf4.jpg,6.603863666e-09
2671602981_4edde92658.jpg,-8.259776371e-09
3293751136_b0ce285dc3.jpg,-1.364582884e-10
3364715316_df8c20bac1.jpg,1.681774822e-09
3405942945_f4af2934a6.jpg,-2.107013724e-09
1991806812_065f747689.jpg,-3.82795733e-09
2926233397_71e617f3a3.jpg,-1.994156531e-09
3084731832_8e518e320d.jpg,-7.220156488e-09
2502079538_10ef2e976b.jpg,-2.795078753e-09
3111402233_6285bcba7a.jpg,-1.626806394e-09
3132903412_b4780d0ccf.jpg,-5.864450916e-09
241345323_f53eb5eec4.jpg,-4.229883509e-10
3277824093_299cbb3138.jpg,2.484362482e-09
3540155303_08225a4567.jpg,3.501744679e-09
823697339_aadbeef495.jpg,8.15208268e-10
58357057_dea882479e.jpg,2.345619072e-09
3335692531_dd4a995f91.jpg,6.532799989e-10
3253060519_55d98c208f.jpg,5.183582653e-09
3339747039_1a8455c210.jpg,1.314278406e-09
3534952095_975cca0056.jpg,-8.534945133e-10
2987121689_f9de6c479b.jpg,4.067594217e-09
2860040276_eac0aca4fc.jpg,9.558403006e-10
3326454455_960e5442e9.jpg,1.50830391e-09
3109268897_d43797fc6a.jpg,-4.022821927e-09
2752809449_632cd991b3.jpg,-6.321736917e-09
2398605966_1d0c9e6a20.jpg,-6.133407651e-09
3491607076_922ec561d9.jpg,3.377758081e-09
3398276602_c7d106c34f.jpg,-4.794862195e-09
656260720_a7db4ce48b.jpg,9.288331653e-10
316577571_27a0e0253e.jpg,6.970959272e-09
2709536455_2a6046e38a.jpg,-3.802294799e-09
3437107047_715c60e9c8.jpg,1.975084553e-09
3146232740_df3da0163b.jpg,-2.530915432e-11
3690189273_927d42ff43.jpg,-3.816608286e-09
143680966_0010ff8c60.jpg,-1.865784199e-09
2085726719_a57a75dbe5.jpg,2.413792948e-09
3415165462_e1cb536d08.jpg,-1.978918202e-09
1277185009_06478dd457.jpg,5.533333411e-09
136644343_0e2b423829.jpg,-1.386296097e-10
1835511273_790eaae6e6.jpg,-7.532300857e-09
2688102742_885e578a3f.jpg,2.098086148e-09
765929807_de381cc764.jpg,2.219745577e-09
3197891333_b1b0fd1702.jpg,-8.733508359e-10
393284934_d38e1cd6fe.jpg,1.019594414e-08
3442242092_e579538d82.jpg,-1.893532664e-09
3640743904_d14eea0a0b.jpg,1.338134876e-09
717673249_ac998cfbe6.jpg,1.93830632e-09
1466479163_439db855af.jpg,-7.627057726e-09
3626964430_cb5c7e5acc.jpg,1.638634274e-10
3244586044_205d5ae2ba.jpg,3.616583146e-09
3662406028_29b9e46a6f.jpg,3.547885858e-10
3421928157_69a325366f.jpg,8.284263204e-09
2662262499_3cdf49cedd.jpg,-3.702881449e-09
3264350290_f50494e835.jpg,-3.628458956e-09
3257182199_5fda78d870.jpg,-4.64857628e-09
613900608_2e49415772.jpg,1.076524324e-09
3191027142_33e86636ca.jpg,-4.210434035e-10
3736786640_70df13be2c.jpg,-2.55839929e-09
3354075558_3b67eaa502.jpg,-1.843256531e-09
3613800013_5a54968ab0.jpg,-7.067535414e-09
3724487641_d2096f10e5.jpg,1.974213546e-09
3326588088_172d1b2584.jpg,2.842783696e-09
3169591322_d0b6d0cd04.jpg,-8.566497157e-09
2355578735_286af5b202.jpg,8.406132707e-10
3635991166_f95304af0a.jpg,-7.425839332e-09
247617754_4b1137de8c.jpg,-3.686655795e-09
2480668859_6f9b46be6a.jpg,8.828104116e-10
378170167_9b5119d918.jpg,1.05620426e-09
2780105274_52360c4cca.jpg,-3.760444957e-10
3308997740_91765ecdcc.jpg,5.488233729e-09
3650188378_cc8aea89f0.jpg,3.797123902e-09
2976350388_3984e3193d.jpg,-1.031620005e-09
3086523890_fd9394af8b.jpg,-2.742732497e-09
3040575300_0e4328d205.jpg,4.228243161e-09
3217056901_fe2c70377d.jpg,-7.187503968e-09
143552829_72b6ba49d4.jpg,3.032620321e-09
3029472296_d429b1586c.jpg,-8.372772263e-09
1490670858_e122df2560.jpg,7.433560847e-09
3118534315_cc03e5ddab.jpg,8.70447225e-10
2657484970_610e18144f.jpg,5.380954632e-09
3620492762_7f6a9b4746.jpg,-8.722960348e-10
2887744223_029f2fd5fe.jpg,-3.114884633e-09
3315726723_64c9b0a945.jpg,7.430613009e-10
2112921744_92bf706805.jpg,-1.480110679e-09
42637987_866635edf6.jpg,2.908868051e-09
927420680_6cba7c040a.jpg,-3.963152132e-10
3580741947_cc64a83648.jpg,6.403797063e-10
3549673305_4dfd44e04a.jpg,-9.585187256e-11
3633396324_c4b24b1f51.jpg,-5.027361274e-09
222369445_5b6af347dd.jpg,-3.055198987e-09
1476002408_4256b7b2fa.jpg,4.550562073e-09
2469351714_d72becd21e.jpg,-5.874496363e-09
3248352729_ab264b2222.jpg,9.19992026e-11
2004674713_2883e63c67.jpg,1.28625036e-09
3603301825_5817727be2.jpg,-1.247484084e-10
2074146683_7c83167aa1.jpg,1.059993062e-09
218342358_1755a9cce1.jpg,-1.666796067e-09
2973638173_0dc21fd443.jpg,-1.536665666e-09
124195430_d14028660f.jpg,-2.976951908e-09
3471066276_fb1e82e905.jpg,3.485516119e-09
241346885_f519ece460.jpg,4.307870377e-09
1439282131_3814d6ae04.jpg,3.830113671e-09
3174417550_d2e6100278.jpg,7.668256581e-09
55135290_9bed5c4ca3.jpg,1.639772703e-09
244867897_d00369a779.jpg,-9.836779415e-09
2284239186_c827f4defa.jpg,5.921503395e-09
3661072592_2e693cd5a0.jpg,6.488420853e-09
421322723_3470543368.jpg,2.784118705e-09
3695064885_a6922f06b2.jpg,1.607402808e-09
2181846120_3744ca3942.jpg,-3.18587484e-09
2591455200_2319651f2f.jpg,5.251574246e-09
3525841965_7814484515.jpg,-1.196799915e-09
3621329299_6fb3f2935c.jpg,-3.07960359e-10
1480712062_32a61ad4b7.jpg,5.171356873e-09
2310108346_e82d209ccd.jpg,6.800612752e-09
1359101233_16c2c150e3.jpg,3.645220858e-09
3327563443_870a33f748.jpg,-2.09788056e-09
180094434_b0f244832d.jpg,5.807953757e-09
2448793019_5881c025f9.jpg,8.071959852e-11
2862676319_a9dab1309f.jpg,4.462206344e-09
3159995270_17334ccb5b.jpg,4.815548102e-10
3625957413_e475943aa3.jpg,-5.054854179e-09
3626475209_f71cdd06bd.jpg,1.724065278e-09
3262647146_a53770a21d.jpg,7.403434669e-09
3649387275_75295baa28.jpg,1.08936066e-09
3305895920_100a67d148.jpg,-4.158561231e-09
2855695119_4342aae0a3.jpg,1.37671262e-09
3566111626_9a35a7b2c0.jpg,6.821750116e-09
464116251_1ac4bc91f8.jpg,-1.124297937e-09
3702436188_2c26192fd0.jpg,-3.230401586e-09
2689358407_9932f1b20c.jpg,4.861399153e-09
1454678644_7e5a371301.jpg,-8.064768628e-10
310715139_7f05468042.jpg,1.047926714e-09
2921198890_6f70dfbf4c.jpg,7.038718527e-09
578274277_652cae32ba.jpg,3.653494983e-09
484896012_7787d04f41.jpg,3.359925778e-09
3262849619_0bc4f88ef9.jpg,-3.745679369e-09
2848266893_9693c66275.jpg,-7.000901559e-09
207237775_fa0a15c6fe.jpg,-3.584316666e-09
3016606751_0e8be20abd.jpg,-4.970030168e-09
3588417747_b152a51c52.jpg,-3.391561537e-10
3528902357_be2357a906.jpg,1.202003527e-09
539705321_99406e5820.jpg,6.014064717e-09
3066338314_2c3fb731d1.jpg,4.266455236e-09
2348924378_47e556d81a.jpg,4.305676042e-09
179009558_69be522c63.jpg,4.769207615e-09
2695085862_2ed62df354.jpg,-3.331446877e-09
3516267455_ca17cc1323.jpg,-2.030124521e-09
1215334959_b1970965f7.jpg,-3.722904661e-09
3092200805_dd1f83ddbe.jpg,-9.195081902e-09
541063517_35044c554a.jpg,-4.680088821e-09
3604314527_5077cd9d43.jpg,5.814847594e-10
96978713_775d66a18d.jpg,1.485946674e-09
3255732353_fbc487aefc.jpg,-2.739446541e-09
201682811_105241dee3.jpg,1.350866747e-11
2245618207_fa486ba2b7.jpg,3.408725768e-09
860928274_744d14f198.jpg,4.971271688e-09
3085357792_efcf297c71.jpg,2.022229016e-09
3297272270_285b8878b2.jpg,1.050450564e-10
3050650135_23f9d9d2f8.jpg,-2.758224233e-09
2429272699_8a9699775e.jpg,2.827270015e-09
2765029348_667111fc30.jpg,-3.503352948e-09
3358380484_b99b48f0c9.jpg,-4.925044836e-09
3106883334_419f3fb16f.jpg,-4.420325213e-09
160541986_d5be2ab4c1.jpg,4.916639999e-09
572618443_647483ca82.jpg,4.578326857e-09
3563668905_689ed479c5.jpg,-4.320518841e-09
386656845_4e77c3e3da.jpg,-3.961760451e-10
3433259846_800a6079f0.jpg,1.903021667e-09
3506607642_40037b3fbf.jpg,-1.499055034e-09
3509575615_653cbf01fc.jpg,-3.03789353e-09
615916000_5044047d71.jpg,5.374740665e-09
382701159_f98c1988cd.jpg,-8.802101675e-10
957682378_46c3b07bcd.jpg,-1.166951742e-09
3047264032_14393ecea8.jpg,-2.744821131e-09
3474958471_9106beb07f.jpg,-4.318710894e-09
3241487502_f4f0cc4a8a.jpg,-7.453358073e-09
3535084928_858544f49a.jpg,-3.785209273e-09
3541141771_67d305c873.jpg,-2.546518314e-09
3465791729_5bf9bd8635.jpg,2.619682143e-09
2040941056_7f5fd50794.jpg,-6.154519225e-09
3229282764_a4a515f4e2.jpg,-6.274498572e-10
347186933_880caaf53b.jpg,-2.087839916e-09
3552796830_2dd2aa9c2c.jpg,2.976606278e-09
398662202_97e5819b79.jpg,-5.32763254e-09
396360611_941e5849a3.jpg,7.89478465e-09
3652572138_34d6b72999.jpg,-2.791318215e-09
3150440350_b0f2a9e774.jpg,-1.745249237e-08
3646927481_5e0af1efab.jpg,1.746895193e-09
2813992915_f732cf8539.jpg,7.326248824e-09
241031670_e60f59b8e4.jpg,-5.430635218e-09
179829865_095b040377.jpg,-1.313567007e-09
393810324_1c33760a95.jpg,6.242175497e-09
3547600292_6f8aac7f2e.jpg,1.919335723e-09
2512876666_9da03f9589.jpg,-2.318787672e-09
3121482932_f77ca12c01.jpg,2.012102503e-10
390671130_09fdccd52f.jpg,-2.646063318e-09
3524436870_7670df68e8.jpg,-1.3078618e-09
2893515010_4a3d9dcc67.jpg,-2.440204554e-09
2289212650_69de7a20b2.jpg,-1.940604844e-09
2394267183_735d2dc868.jpg,2.588352371e-09
3578068665_87bdacef6a.jpg,-1.881791727e-09
2460823604_7f6f786b1c.jpg,-1.296283292e-09
2844846111_8c1cbfc75d.jpg,-8.300613735e-09
217583047_5e93e1e119.jpg,-3.180096098e-09
2195419145_36722e8d54.jpg,-4.507069493e-09
2074764331_90a9962b52.jpg,4.290727908e-10
3019917636_4e0bb0acc4.jpg,3.187890054e-09
2561212119_1af8cb9b5d.jpg,5.160705444e-09
3333039854_461329aac2.jpg,3.001082507e-09
2895700779_fac1d9d278.jpg,1.404164778e-09
3218889785_86cb64014f.jpg,-3.165648905e-09
2521062020_f8b983e4b2.jpg,4.451847694e-09
2043520315_4a2c782c90.jpg,-5.202208472e-09
3220126881_b0a4f7cccb.jpg,-1.48247875e-09
2942798367_022df04b49.jpg,3.463426636e-09
3718305988_fe2c91fd44.jpg,1.121152173e-09
365274901_576b0f8241.jpg,3.596870821e-09
3204686006_88f04547b9.jpg,-4.663113093e-09
917574521_74fab68514.jpg,-1.7859601e-09
2557922709_24d2a9655a.jpg,-7.734035731e-10
3507670136_2e5f94accf.jpg,-5.738158661e-09
1718184338_5968d88edb.jpg,4.352475556e-09
2510020918_b2ca0fb2aa.jpg,-7.280144817e-09
3195188609_01afbe46e6.jpg,-1.621996756e-08
498957941_f0eda42787.jpg,-3.006186585e-09
3433982387_3fa993cf5a.jpg,-1.010176598e-09
496971341_22782195f0.jpg,-6.495729213e-09
3188319076_71724fcc07.jpg,6.194884956e-09
3500139659_b2a60b0141.jpg,1.434357914e-09
3683592946_262e9bfbfd.jpg,-9.909604531e-09
405253184_5f611f3880.jpg,-3.162394985e-09
3303648823_53cf750acd.jpg,-5.287933606e-09
241347635_e691395c2f.jpg,-2.262460324e-09
3143991972_7193381aeb.jpg,3.966118874e-09
3344798356_5cc41f7939.jpg,3.567431313e-09
3609999845_faf5d2fe74.jpg,3.454848083e-09
2684489465_32ba1d0344.jpg,4.898122458e-09
3017373346_3a34c3fe9d.jpg,-3.608841048e-09
3354200211_35348e47d8.jpg,1.051742321e-09
469029994_349e138606.jpg,1.933802476e-09
842961005_692737888e.jpg,4.016101177e-09
3712742641_641282803e.jpg,2.18531203e-09
2097403787_77a154f5b9.jpg,6.124131071e-10
3203878596_cbb307ce3b.jpg,-5.3024478e-10
2744600462_5804577296.jpg,7.39555827e-09
3670918456_68631d362a.jpg,-2.779098219e-09
3565655045_8eb00b7423.jpg,2.948561716e-09
3324746155_71e14f60ce.jpg,5.423078253e-09
3570800810_978c993133.jpg,4.566195316e-09
775664534_3f6de7d413.jpg,2.485983979e-09
2367139509_1ee4530b28.jpg,-2.835168386e-09
2702506716_17a7fb3ba4.jpg,2.02026266e-09
3319058642_885d756295.jpg,2.044554977e-09
3723690961_729dd5d617.jpg,-9.351095717e-10
434433505_966e50e17d.jpg,8.533981839e-09
539751252_2bd88c456b.jpg,4.353857159e-09
3538686658_30afc75f02.jpg,2.05246549e-09
2226587791_66e29dd01d.jpg,-4.622130779e-09
1659358133_95cd1027bd.jpg,5.798695367e-09
2662845514_8620aaee96.jpg,6.772629411e-09
3567604049_da9e1be4ba.jpg,7.792259168e-09
2461631708_decc5b8c87.jpg,1.067206073e-09
2102315758_a9148a842f.jpg,-7.947840759e-09
241345656_861aacefde.jpg,5.753601892e-09
3016200560_5bf8a70797.jpg,-2.696425329e-09
1394368714_3bc7c19969.jpg,-3.906261303e-09
2470493181_2efbbf17bd.jpg,3.227111197e-09
2071309418_1d7580b0f0.jpg,-5.018291601e-09
3687062281_e62f70baf3.jpg,-6.332255127e-09
3178599352_c57fdebcd2.jpg,-6.057872414e-10
1225443522_1633e7121f.jpg,-1.699209706e-09
244443352_d7636e1253.jpg,2.545474426e-09
2991994607_06f24ec7a6.jpg,-7.349051384e-09
2353088412_5e5804c6f5.jpg,-7.222324819e-09
2866093652_aa717eb9ce.jpg,-2.83657976e-09
1562478333_43d13e5427.jpg,-4.063473787e-10
2073105823_6dacade004.jpg,-4.041503617e-09
3603870481_1ebc696d91.jpg,-3.556270464e-09
2588456052_8842b47005.jpg,4.270116575e-09
587604325_af5d6df679.jpg,1.942860252e-09
2689001252_e0016c89f0.jpg,2.53642148e-10
3358558292_6ab14193ed.jpg,1.407513292e-08
3393926562_66cc01b001.jpg,2.311264114e-11
2125216241_5b265a2fbc.jpg,-2.617616018e-09
3451984463_37ac1ff7a8.jpg,-2.078236649e-09
510510783_b2cf5d57bb.jpg,1.169444041e-09
2472720629_d9a6736356.jpg,6.265480337e-09
1361420539_e9599c60ae.jpg,-4.504410362e-09
3184112120_6ddcd98016.jpg,-4.199709794e-09
2680990587_eee6bd04fb.jpg,-2.678323076e-09
143688283_a96ded20f1.jpg,1.12165755e-09
2187222896_c206d63396.jpg,4.822153099e-09
3639105305_bd9cb2d1db.jpg,-5.690183363e-09
532999240_1409d073be.jpg,-7.319375922e-09
3710353645_8fbfaa4175.jpg,1.327356411e-09
391106734_d374bc3080.jpg,3.323447485e-10
3308171165_20f93d2fba.jpg,-9.121460769e-10
909808296_23c427022d.jpg,-2.114112718e-10
114051287_dd85625a04.jpg,-1.881568255e-09
3136043366_b3f8607a0e.jpg,-4.399798965e-09
1799188614_b5189728ba.jpg,-1.818921789e-09
899810584_61e1578d3f.jpg,3.025211879e-09
3654103642_075f8af4f4.jpg,7.780037516e-09
3187395715_f2940c2b72.jpg,8.279531712e-10
1280320287_b2a4b9b7bd.jpg,-1.065016207e-09
3458211052_bb73084398.jpg,-2.631426872e-11
1928319708_ccf1f4ee72.jpg,8.84886063e-11
3203742047_6a55065411.jpg,5.002656297e-10
1663751778_90501966f0.jpg,7.990008336e-10
2394922193_310166d6af.jpg,-3.438594125e-09
2687229880_97cfd8148e.jpg,6.241249199e-09
2837640996_0183db8d93.jpg,-1.698408157e-10
2578834476_118585730d.jpg,-2.580093911e-09
2876993733_cb26107d18.jpg,-1.940691788e-09
3435035138_af32890a4c.jpg,9.387073366e-10
2085255128_61224cc47f.jpg,-2.382669831e-09
1511807116_41c3645e8c.jpg,5.13711834e-09
2856700531_312528eea4.jpg,6.622945765e-09
2938120171_970564e3d8.jpg,5.104497778e-09
2355880294_8f78a6fea6.jpg,4.833690966e-09
535830521_aa971319fc.jpg,4.459659307e-09
2699342860_5288e203ea.jpg,5.349435236e-09
3521374954_37371b49a4.jpg,6.850924815e-09
2969380952_9f1eb7f93b.jpg,-2.736670698e-09
113678030_87a6a6e42e.jpg,-8.342657108e-10
3154886184_ac842655b6.jpg,-2.42576311e-09
2495931537_9b8d4474b6.jpg,-5.061711127e-09
3223809913_ae15d14d9a.jpg,5.400615908e-09
1752454466_723790dbd6.jpg,-1.629587823e-09
3587009091_37188fd07e.jpg,-2.459382095e-10
733965014_1a0b2b5ee9.jpg,6.892402332e-09
3307563498_e2b4f19272.jpg,-1.169065052e-09
2759596272_e0ce0a965a.jpg,-7.90022537e-09
3578477508_b7d839da16.jpg,3.238220118e-09
3724113279_99b6e5bf41.jpg,-1.099414081e-09
3516935867_78cf63c69c.jpg,5.821978042e-09
2745663684_650f84e1e6.jpg,1.004179797e-09
2286236765_2a63eeb550.jpg,-4.234334041e-09
554526471_a31f8b74ef.jpg,6.476789176e-09
3420278866_1d17c12713.jpg,1.244009916e-10
771048251_602e5e8f45.jpg,-1.122948548e-09
2735158990_56ff6bf9b0.jpg,-3.191178814e-09
3443703471_14845d8850.jpg,-2.286518948e-09
3538527033_df13112d51.jpg,5.493704906e-10
416960865_048fd3f294.jpg,-4.06794625e-09
2683985894_167d267dcb.jpg,6.429307627e-09
3643074723_94d42b7a0c.jpg,6.401283387e-10
3242263536_a436f19257.jpg,-2.809042045e-09
3181599388_68559cfc17.jpg,-4.036057442e-09
1475046848_831245fc64.jpg,-7.410557127e-09
3482314155_bd1e668b4e.jpg,2.863320501e-09
3265864834_e0229020dd.jpg,-4.206041435e-10
3263141261_db3a4798b5.jpg,-4.270172573e-09
127488876_f2d2a89588.jpg,-3.329041168e-10
2873252292_ebf23f5f10.jpg,2.18648435e-09
440184957_267f3f3a2b.jpg,1.61222354e-09
2632366677_43dee456a5.jpg,-2.099374007e-10
2423550887_ffc9bbcf71.jpg,-1.41567111e-10
106490881_5a2dd9b7bd.jpg,5.538392104e-09
2824401212_8da8ab99d6.jpg,-3.587404408e-09
3107513635_fe8a21f148.jpg,-3.266486098e-09
2420696992_22e0dd467d.jpg,2.754105105e-09
2624044128_641b38c0cf.jpg,-2.085940976e-09
3106857210_07a92577fc.jpg,-2.928987349e-09
142802798_962a4ec5ce.jpg,2.664163548e-09
3133825703_359a0c414d.jpg,6.27261583e-09
260231029_966e2f1727.jpg,-3.988657039e-09
3719461451_07de35af3a.jpg,2.296737907e-09
2752923489_d3bceebacb.jpg,2.222102025e-09
495340319_705f2e63d6.jpg,-3.789843155e-10
3271385712_ffd34f2de5.jpg,3.074002718e-10
3656151153_b4ed5d94c4.jpg,-5.33787641e-09
2875528143_94d9480fdd.jpg,4.145909373e-09
878758390_dd2cdc42f6.jpg,6.225101827e-09
557721978_dfde31bc02.jpg,-2.129487173e-09
241346105_c1c860db0d.jpg,4.331938994e-09
146100443_906d87faa2.jpg,-4.450924422e-10
511749704_3037806cb1.jpg,1.254208365e-09
3341077091_7ca0833373.jpg,-4.645397719e-09
2932740428_b15384f389.jpg,-1.520506413e-09
382151094_c7376cf22b.jpg,-8.464184504e-09
2460159430_71ab1aacfa.jpg,4.062049546e-09
3193511842_82549c21fb.jpg,1.05724233e-09
397286183_745abbf40d.jpg,5.639444798e-09
241031254_0c6f30e3d1.jpg,-1.946822712e-09
3042488474_0d2ec81eb8.jpg,-5.635697254e-09
3348385580_10b53391f9.jpg,-3.472870636e-09
3455920874_6fbec43194.jpg,-1.031766133e-09
307301755_48919ef1b2.jpg,3.616385744e-09
3343116398_59a5341f7f.jpg,-7.364636556e-10
2600883097_aca38cc146.jpg,5.156788241e-10
422763475_0bc814dac6.jpg,5.377932749e-09
543326592_70bd4d8602.jpg,4.224209371e-09
2525232298_cf42d415ab.jpg,-1.762815184e-09
3665179773_dd217416fc.jpg,1.2770486e-08
3765374230_cb1bbee0cb.jpg,3.961527329e-10
799486353_f665d7b0f0.jpg,3.959468668e-11
664341930_bd5c8b60ea.jpg,1.780043524e-09
2971211296_2587c3924d.jpg,1.242442908e-09
3691729694_2b97f14c1e.jpg,4.376333442e-09
3294830188_e46bd9b93c.jpg,-5.704978921e-09
3521201948_9049197f20.jpg,-5.18905285e-09
2455528149_6c3477fd33.jpg,-1.423641623e-09
3105623068_392b767a7b.jpg,1.149776037e-09
3439331800_e71e1d808f.jpg,-4.938783157e-09
3313620862_0c65c645f5.jpg,1.772012744e-09
429174232_ddd4ff5e0b.jpg,2.021234726e-09
3089842255_359ccf5c40.jpg,-4.470904608e-09
571130875_30051ac02d.jpg,5.02902164e-09
2528521798_fb689eba8d.jpg,-4.945562506e-09
512634877_d7ad8c8329.jpg,1.165929121e-08
1119418776_58e4b93eac.jpg,-3.036280233e-09
2414384480_096867d695.jpg,8.403570533e-10
3569979711_6507841268.jpg,1.525071708e-09
54501196_a9ac9d66f2.jpg,1.140370094e-09
3263395801_5e4cee2b9e.jpg,-1.889170865e-09
241345811_46b5f157d4.jpg,-1.543135248e-09
3626642428_3396568c3c.jpg,1.299913468e-11
3114944484_28b5bb9842.jpg,-6.851534087e-09
2649705487_4605e879e9.jpg,4.94286343e-09
3110174991_a4b05f8a46.jpg,-1.838513874e-09
2089122314_40d5739aef.jpg,-1.925741643e-09
3441701164_6dbbdf1bce.jpg,-2.852651516e-09
3694071771_ce760db4c7.jpg,4.118276257e-09
1304100320_c8990a1539.jpg,5.727941013e-09
2049051050_20359a434a.jpg,-3.689678785e-10
2068403258_2669cf9763.jpg,-3.02005696e-09
2920305300_a5b1b2329a.jpg,1.146642072e-09
2845691057_d4ab89d889.jpg,3.872205961e-09
3293751640_d81a6f3a0c.jpg,-2.544992002e-09
3260214530_7179346407.jpg,2.70076524e-09
3125628091_25a31709df.jpg,-4.576865778e-09
2846843520_b0e6211478.jpg,2.523474807e-09
3655326478_4472c5c630.jpg,-2.292558944e-09
3396251819_1efa69310f.jpg,-1.067466412e-09
3279524184_d5e2ffbaed.jpg,5.145474023e-09
146098876_0d99d7fb98.jpg,-4.183112985e-09
3572346664_e1e6c77f11.jpg,-1.244269747e-09
3580082200_ea10bf2f68.jpg,-8.280865777e-09
861661418_8a37024ace.jpg,-2.265493239e-09
2602258549_7401a3cdae.jpg,-1.02109402e-09
2839532455_36a7dc4758.jpg,-4.616792925e-10
2304444199_05386d2e9c.jpg,2.342050508e-09
2856080862_95d793fa9d.jpg,-3.474038684e-09
548751378_c657401312.jpg,-1.448184089e-10
1015584366_dfcec3c85a.jpg,3.850156713e-09
3416460533_d5819fbf69.jpg,-1.942017606e-09
3168796547_0c14b368f9.jpg,8.388663114e-09
160805827_5e6646b753.jpg,8.899337522e-09
3672940355_47f30e2b28.jpg,-2.115782241e-09
2788628994_61123c03d2.jpg,-5.390366207e-09
436015762_8d0bae90c3.jpg,6.340206126e-09
1713248047_d03721456d.jpg,-2.639398685e-09
104136873_5b5d41be75.jpg,2.968339255e-09
3027397797_4f1d305ced.jpg,-8.569938982e-10
3242088278_43eea5d17e.jpg,-4.877106929e-09
289616152_012a9f16c6.jpg,-3.9484158e-09
3268175963_113d90d178.jpg,1.084333615e-08
3726168984_1fa2c8965b.jpg,4.780859049e-09
2090339522_d30d2436f9.jpg,2.355218435e-10
3693961165_9d6c333d5b.jpg,-2.254715141e-09
2956895529_ec6275060e.jpg,1.802250614e-09
2934121315_4969eeda1b.jpg,1.085719994e-09
2450453051_f1d4a78ab4.jpg,8.320148258e-10
3047751696_78c2efe5e6.jpg,-3.429535824e-09
3376439178_159e4126de.jpg,-3.275600644e-10
2589308405_e208b5e745.jpg,-2.031695466e-10
1579206585_5ca6a24db0.jpg,2.292695462e-09
2218743570_9d6614c51c.jpg,7.072381271e-09
1488937076_5baa73fc2a.jpg,1.961104571e-09
3636055584_65a60426f8.jpg,6.092849613e-10
2493974889_50ae29f1e1.jpg,-7.643698523e-09
3615730936_23457575e9.jpg,-1.058257716e-09
445148321_9f2f3ac711.jpg,1.99640442e-09
823675317_b5fbdb17b3.jpg,1.298794726e-08
2880874989_a33b632924.jpg,3.441876567e-09
3238951136_2a99f1a1a8.jpg,-4.378822506e-09
3030823649_3b7b6c728d.jpg,-6.146718203e-11
1115679311_245eff2f4b.jpg,1.981185583e-09
351876121_c7c0221928.jpg,-1.725909939e-09
3373243733_9aba7740ed.jpg,-6.743384037e-09
3638783842_af08dbb518.jpg,5.326026768e-10
2906802485_dfebf09173.jpg,3.409198991e-09
3724623861_2bb6c23641.jpg,6.042414042e-09
3264337159_e1680a35ba.jpg,1.223540319e-09
3747543364_bf5b548527.jpg,-3.900318512e-09
1472882567_33dc14c8b6.jpg,-4.325252658e-09
3375134059_7e9eb2ef01.jpg,8.225141398e-10
3247168324_c45eaf734d.jpg,-2.349829209e-09
1461329041_c623b06e5b.jpg,3.033699997e-09
1115565519_d976d4b1f1.jpg,1.126777516e-09
1176580356_9810d877bf.jpg,-2.033392795e-09
3331102049_bc65cf6198.jpg,-1.997810348e-09
3321516504_5ee97771cb.jpg,8.892097978e-10
2813588204_69fe7deb14.jpg,-2.941878369e-10
3458559770_12cf9f134e.jpg,3.730691977e-09
2648310638_d6c576b5e4.jpg,-1.123673538e-08
2837799692_2f1c50722a.jpg,-6.716049251e-09
2507312812_768b53b023.jpg,6.830188499e-09
3168354472_866fe70d36.jpg,2.804683136e-09
2460799229_ce45a1d940.jpg,1.427494751e-09
2339140905_9f625f140a.jpg,1.620121975e-09
2438085746_588dce8724.jpg,-1.356621406e-09
3631023049_8a85bab19f.jpg,-2.219451842e-09
1312020846_5abb4a9be2.jpg,-4.12286521e-09
3676460610_8c52e8a355.jpg,1.140038254e-09
3103231330_db98b14501.jpg,4.00064818e-09
2904997007_23d4b94101.jpg,5.920830322e-09
1479028910_3dab3448c8.jpg,-2.954949775e-09
2465691083_894fc48af6.jpg,-2.216217524e-10
2780087302_6a77658cbf.jpg,-1.897915155e-10
2823200990_7b02b7cc36.jpg,-5.552137792e-09
3285214689_f0219e9671.jpg,-4.324560361e-09
2986280913_13fb2d472e.jpg,1.052140419e-08
518251319_40e031e818.jpg,3.646075746e-09
3546474710_903c3c9fd3.jpg,-2.481855876e-09
2520909293_9bb7f7364e.jpg,-1.732757984e-09
2877503811_4e311253ec.jpg,-7.963626008e-11
3572942419_16ebdc3d46.jpg,-1.400026459e-09
2659554389_ed3d15093f.jpg,1.728018904e-09
3471463779_64084b686c.jpg,6.188408139e-10
482353373_03a9d5e8bc.jpg,4.266402042e-09
2749124446_d4432787b5.jpg,4.845577717e-09
374567836_3ae12ecffb.jpg,-5.338212011e-09
2551632823_0cb7dd779b.jpg,-2.415798955e-09
495055747_a75872762a.jpg,-8.395356677e-09
2403376030_903521c371.jpg,-7.345342576e-09
3675742996_02ccef16a3.jpg,-6.041510918e-09
115684808_cb01227802.jpg,3.829399371e-09
309687244_4bdf3b591f.jpg,6.242000691e-10
3557324238_6ba58831d9.jpg,-1.539181954e-09
1259936608_e3f0064f23.jpg,-2.09916316e-09
492802403_ba5246cfea.jpg,1.300953587e-09
3482474257_a88bfe5c57.jpg,-2.227453262e-09
254475194_3d8f4dfd53.jpg,-2.525957738e-09
444481722_690d0cadcf.jpg,-5.3747058e-09
482047956_9a29e9cee6.jpg,-8.993353919e-10
2844963839_ff09cdb81f.jpg,-1.556297858e-11
2196107384_361d73a170.jpg,-2.333316717e-09
2219805677_7b7cc188c7.jpg,1.607006249e-09
3210359094_ee51285301.jpg,-3.16122471e-10
3537400880_8f410d747d.jpg,4.374481922e-10
3344531479_03c69750e9.jpg,-3.929382218e-10
3171035252_dba286ae5c.jpg,2.714966716e-09
2339106348_2df90aa6a9.jpg,-1.0174053e-09
369047365_35476becc9.jpg,-2.414627659e-09
3130970054_04a3865c43.jpg,-2.977491067e-09
2410399168_1462c422d4.jpg,-3.528637938e-09
2391812384_7429b5e567.jpg,-1.736246143e-10
478750151_e0adb5030a.jpg,-3.625512748e-09
2756591658_3ca6db1595.jpg,2.957087183e-09
2561319255_ce5ede291e.jpg,2.793493399e-09
2414390475_28a0107bb0.jpg,4.319806783e-09
3417231408_6ce951c011.jpg,-2.989647283e-09
524105255_b346f288be.jpg,-9.206976983e-10
3068407619_5207b26986.jpg,-2.195512858e-09
3036382555_30b7312cf3.jpg,8.255221096e-10
240696675_7d05193aa0.jpg,3.153141646e-09
1088767354_2acee738cf.jpg,3.126341127e-09
3104690333_4314d979de.jpg,-1.177566864e-09
3257107194_f235c8f7ab.jpg,-6.321934177e-11
410042380_517ccee020.jpg,3.038674041e-09
3143155555_32b6d24f34.jpg,2.79211384e-09
2854291706_d4c31dbf56.jpg,3.527201926e-09
2943334864_6bab479a3e.jpg,1.540383359e-08
3465606652_f380a38050.jpg,-2.730434696e-09
324355356_859988a710.jpg,3.612551257e-09
3436313241_6c73153fb6.jpg,5.194266536e-09
2776029171_5abdd5a22f.jpg,-5.919092159e-09
3290105461_7590f23371.jpg,-2.178947718e-09
2501742763_b2cb322087.jpg,8.336652377e-09
3442540072_b22ca2410f.jpg,2.704714046e-09
3426964258_67a0cee201.jpg,-2.47087674e-09
2559638792_a803ff63d1.jpg,6.914395597e-09
3701878677_8f2c26227b.jpg,4.874373158e-09
3568605391_54ec367d88.jpg,3.725635936e-10
1540631615_8b42c1b160.jpg,-2.221308751e-10
1055753357_4fa3d8d693.jpg,-1.735383413e-09
3693297007_94512e861e.jpg,7.898172088e-10
3689355450_fd559b816d.jpg,-2.674866697e-09
2799871904_3b3125518a.jpg,4.574205513e-10
3116769029_f5a76f04ba.jpg,3.314008817e-09
1342780478_bacc32344d.jpg,4.953017676e-09
3012513414_86180c44cb.jpg,-5.006864587e-09
2502935765_a0ae1fa7be.jpg,-3.522068951e-09
2734669176_c272b42597.jpg,1.829262342e-09
2290589734_b588471345.jpg,1.316022175e-09
2602679255_785b851b46.jpg,-8.042520773e-10
421706022_1ddb6a7a78.jpg,-4.041354424e-09
2644326817_8f45080b87.jpg,-1.02022902e-09
2959737718_31203fddb5.jpg,1.497350967e-09
2465218087_fca77998c6.jpg,7.218289373e-10
1351764581_4d4fb1b40f.jpg,5.121851184e-09
2394003437_184a838aa9.jpg,-5.297913152e-10
123889082_d3751e0350.jpg,2.046608514e-09
2766765386_4c0beb939d.jpg,1.989142013e-09
189740668_0b045f1ff2.jpg,4.563767893e-09
3126681108_f88128699c.jpg,1.139471914e-08
3090600019_8808fe7a9d.jpg,-1.317140938e-09
2685139184_4ff45e0f76.jpg,-2.258616422e-09
3401548798_3a93f2caa5.jpg,-2.05040586e-09
3569126684_a68b29a57f.jpg,6.294371258e-09
2333816000_7105d0ffac.jpg,-5.216176448e-09
2862931640_2501bd36c5.jpg,-1.364787441e-09
2466171114_3fa51415a7.jpg,5.810066518e-09
2133650765_fc6e5f295e.jpg,-3.291925791e-09
2391269207_d1d2615b1d.jpg,4.52352399e-09
3674521435_89ff681074.jpg,5.346205774e-09
270864951_1737ae5479.jpg,4.130589688e-09
542179694_e170e9e465.jpg,5.236554478e-09
2370221025_be4d9a4431.jpg,-6.24702537e-11
862177617_c2c0581075.jpg,-7.44582726e-09
3288173388_03bc2a844d.jpg,2.123162941e-09
229954612_a4438297ee.jpg,2.956936547e-09
3287904625_f68ca5cea7.jpg,8.466477354e-09
989851184_9ef368e520.jpg,-4.390664667e-09
3093970461_825b0cac2f.jpg,1.059738206e-09
3076928208_5763e9eb8c.jpg,-4.91002121e-09
2837908308_8bc25c6b02.jpg,7.566287373e-10
276699720_fe6718fd03.jpg,5.725490092e-09
3437654963_c4fdc17e8b.jpg,-8.2035183e-10
2138487671_5b89104043.jpg,-1.760974317e-09
3501206996_477be0f318.jpg,2.605344786e-09
3278777548_290b881018.jpg,5.916818942e-09
3344632789_af90d54746.jpg,8.530630832e-09
3068945309_ff0973e859.jpg,1.042076941e-09
3368819708_0bfa0808f8.jpg,-5.65270741e-09
273248777_eaf0288ab3.jpg,-4.734467246e-10
2192131110_8a40e7c028.jpg,2.446293325e-09
490044494_d2d546be8d.jpg,3.362935768e-09
3296584432_bef3c965a3.jpg,5.246920316e-09
2116316160_d5fa7abdc3.jpg,-5.361005331e-10
3038760935_9a713510eb.jpg,6.00460749e-09
2741380826_cfe0ddf0a9.jpg,-3.855488871e-09
1423126855_6cd2a3956c.jpg,1.321018363e-09
1084104085_3b06223afe.jpg,3.668693782e-09
3225226381_9fe306fb9e.jpg,-2.650507077e-09
1296412797_85b6d2f8d6.jpg,-9.616079718e-09
1813777902_07d1d4b00c.jpg,2.369740485e-09
1418266617_b32143275b.jpg,-3.404569417e-09
363617160_6cb0c723be.jpg,-7.869321359e-09
2698614194_b4e6e11dff.jpg,3.295165081e-09
1333888922_26f15c18c3.jpg,-1.762847735e-10
3288839246_fdb00395ae.jpg,-1.506741554e-09
3189941492_a3f4347b1a.jpg,-2.924323292e-09
3310551665_15b79ef4ea.jpg,6.027942158e-09
2245348304_08bc5642f1.jpg,2.271475417e-09
3412822878_5d961492e5.jpg,2.935728283e-09
2922512807_d382528a93.jpg,-5.65690421e-09
2851931813_eaf8ed7be3.jpg,2.07884764e-09
3227140905_1d7e30e4c4.jpg,1.043174487e-09
2436398074_8737f40869.jpg,-1.196872342e-09
3525417522_7beb617f8b.jpg,-6.052274961e-09
2439384468_58934deab6.jpg,5.879402218e-09
213216174_0632af65a2.jpg,-6.758492173e-10
3215870337_c92a1a1b2f.jpg,-5.012377321e-09
434792818_56375e203f.jpg,1.230270388e-09
2959500257_3621429a37.jpg,-3.846667819e-09
3425662680_41c7c50e8d.jpg,-3.35882774e-09
3259883609_6a1b46919e.jpg,-3.549631686e-09
2867968184_908d87cf2c.jpg,-3.185440365e-09
108898978_7713be88fc.jpg,-2.92688054e-09
3640422448_a0f42e4559.jpg,2.724300846e-09
133905560_9d012b47f3.jpg,-2.550455697e-09
2125626631_a4b63af97e.jpg,2.266413511e-09
3327487011_1372c425fb.jpg,1.354936424e-09
3069216757_c419b3898e.jpg,1.802640238e-09
2602085456_d1beebcb29.jpg,4.297471799e-09
519228867_2fd25e38d4.jpg,-1.338215382e-09
1622619190_d0b51aff28.jpg,4.644254727e-12
3209564153_077ed4d246.jpg,5.746558069e-10
2272491304_cb7c7ed16f.jpg,1.886076784e-09
582899605_d96f9201f1.jpg,-2.763214534e-09
1433397131_8634fa6664.jpg,1.054773898e-09
3472449219_eb927f05b8.jpg,2.192165117e-09
251056963_c8b67f0107.jpg,-3.19272867e-09
3655964639_21e76383d0.jpg,-1.832931662e-09
1763020597_d4cc8f0f8a.jpg,-1.930567061e-09
3247341210_5d1e50df23.jpg,6.404174661e-09
2447972568_1e9b287691.jpg,4.03224958e-10
2939464283_fc1a834976.jpg,-4.39357891e-09
3482237861_605b4f0fd9.jpg,-4.48087579e-10
2710416789_555180e399.jpg,-3.838329929e-09
3533394378_1513ec90db.jpg,-5.468229013e-09
3453313865_1ebff5393c.jpg,1.090378562e-08
219301555_17883a51bd.jpg,-5.714886717e-09
44129946_9eeb385d77.jpg,-1.87464529e-09
3429581486_4556471d1a.jpg,-4.886178559e-09
501320769_31eea7b7ea.jpg,-6.129078464e-09
224026428_0165164ceb.jpg,7.014460247e-09
3541491057_61a49588d9.jpg,-6.15779722e-10
3119696225_b289efaec8.jpg,-5.150636779e-09
2078311270_f01c9eaf4c.jpg,1.08388997e-08
2286032269_8ba929709c.jpg,-6.724067924e-09
2893238950_8a027be110.jpg,3.068668953e-09
2917843040_7c9caaaa8a.jpg,-3.056955677e-09
3048597471_5697538daf.jpg,6.771341012e-09
2505465055_f1e6cf9b76.jpg,1.692571941e-09
3284955091_59317073f0.jpg,1.707988837e-09
871290666_4877e128c0.jpg,-2.990741086e-09
2402462857_7684848704.jpg,-1.195646216e-09
241345981_1ef4f8109c.jpg,-4.361325585e-09
3258395783_2de3a4ba27.jpg,-4.759868325e-09
3432656291_a6c7981f6e.jpg,1.877883585e-09
945509052_740bb19bc3.jpg,-5.071494586e-09
2752926645_801a198ff6.jpg,-1.217782214e-09
2584487952_f70e5aa9bf.jpg,-1.481848555e-09
2356574282_5078f08b58.jpg,-1.387109391e-09
2324779494_5e72d29171.jpg,-1.702192196e-09
3099091086_f75f0ce09d.jpg,8.659326215e-09
515797344_4ae75cb9b1.jpg,8.242867883e-09
2094543127_46d2f1fedf.jpg,-4.811023491e-09
2194806429_ca4c3770c1.jpg,8.655531876e-09
3220009216_10f088185e.jpg,5.059046077e-10
3333017828_b930b9d41b.jpg,1.995020962e-09
3387661249_33e5ba0bc5.jpg,-9.262867758e-10
141755290_4b954529f3.jpg,-2.727096865e-09
3150252702_828a570d46.jpg,7.208716629e-09
2269021076_cefc9af989.jpg,-2.54227639e-09
486712504_36be449055.jpg,-4.465548876e-09
3259225196_750c4ce0f9.jpg,1.043782794e-10
3409506817_775e38d219.jpg,-2.452543801e-09
3632842482_482f29e712.jpg,-1.988822556e-09
532396029_ce125bda3f.jpg,1.076173432e-09
3704431444_f337ec2b90.jpg,-3.850926614e-09
3562169000_6aa7f1043d.jpg,3.923931781e-09
3441399292_60c83bd5db.jpg,-3.529181361e-10
3243233886_235a80e8c7.jpg,-1.754879154e-09
3005123298_d3017d5f5d.jpg,4.514567187e-09
437527058_189f2a7eef.jpg,-7.333689645e-09
3582742297_1daa29968e.jpg,-8.76446762e-09
3033741581_136889ac73.jpg,3.742921646e-09
296873864_4de75de261.jpg,-2.572355436e-09
2379150102_157d718d1d.jpg,-7.473526487e-09
3029715635_43ab414dfb.jpg,8.101912945e-09
3684680947_f1c460242f.jpg,-1.293813779e-09
3044746136_8b89da5f40.jpg,-2.476005138e-09
3532412342_e0a004b404.jpg,-3.928079652e-09
2968693931_52d161b8e7.jpg,-2.10513726e-09
2632111399_b3c1630f8e.jpg,4.35194605e-10
2676648667_cb055b4fc6.jpg,-5.184388848e-09
525863257_053333e612.jpg,-2.690819109e-09
3328495660_ed0e3f29cf.jpg,3.504102228e-09
3640417354_b0b3e4aec9.jpg,-2.979715465e-09
3249278583_95cd8206da.jpg,2.07660308e-09
2341254813_c53a5ef27a.jpg,4.646551013e-09
2331510788_986809bbb4.jpg,4.790519697e-09
3161044966_27bf6f9dec.jpg,-2.653289484e-10
3098336319_a7e5b061d0.jpg,-6.474038258e-09
3236677456_75821e3583.jpg,-7.011945132e-09
958326692_6210150354.jpg,-8.687327507e-10
2755053974_5cc157512e.jpg,-6.340023561e-09
2903469015_a1e7d969c2.jpg,-3.255875346e-09
3490597800_8f94f7d353.jpg,2.487587341e-09
2472574160_8ce233f396.jpg,-4.446620823e-09
2995461857_dd26188dcf.jpg,-3.974585588e-09
2042009399_afad34e7c1.jpg,3.675755663e-09
3197791645_601908f26b.jpg,5.489869235e-10
2521938720_911ac092f7.jpg,2.782800964e-10
3184031654_34b5c4ffe1.jpg,3.171635365e-09
426065353_e9a604a01f.jpg,5.424076857e-09
3591461782_687e320042.jpg,5.250253269e-09
2251418114_2b0cd4c139.jpg,4.829470528e-09
1859726819_9a793b3b44.jpg,-4.43844912e-09
430803349_a66c91f64e.jpg,9.715475482e-09
1977827746_4e13d7e19f.jpg,-5.301307153e-10
2101457132_69c950bc45.jpg,2.0317489e-09
3666537170_c4ecda4be8.jpg,9.175177867e-11
2321466753_5606a10721.jpg,4.134318143e-09
3141613533_595723208d.jpg,8.771918076e-09
3542341321_faa2d2d48a.jpg,-5.364103225e-09
948196883_e190a483b1.jpg,1.01980888e-09
384465575_31294122c0.jpg,1.652582883e-09
1312227131_771b5ed201.jpg,2.090007686e-09
1222322358_225067636e.jpg,-3.591199874e-09
2641288004_30ce961211.jpg,-2.82384656e-09
2851304910_b5721199bc.jpg,-3.852851775e-11
495116214_f1df479fb0.jpg,5.990863343e-09
2978024878_a45b282bf4.jpg,9.883108772e-10
3527524436_a54aca78a9.jpg,-1.766092469e-09
2944362789_aebbc22db4.jpg,5.78313222e-09
3090593241_93a975fe2b.jpg,4.720351004e-10
2521213787_ca9b5a1758.jpg,6.546608566e-09
2528547068_7d37479b9b.jpg,1.832157515e-09
1167908324_8caab45e15.jpg,-7.727809875e-09
2275029674_6d4891c20e.jpg,3.21227109e-09
534669139_1a4f8ab9d5.jpg,2.00998406e-09
3388094307_5a83be64a5.jpg,2.995354968e-09
160566014_59528ff897.jpg,1.190835469e-09
2616561200_ea079f285a.jpg,-8.164597162e-10
617038406_4092ee91dd.jpg,-3.057668008e-10
3578372039_57473f473c.jpg,8.739719815e-10
3492180255_0bd48a18f8.jpg,-6.70288793e-12
3032790880_d216197d55.jpg,-1.612162093e-10
2667015110_1670324a33.jpg,3.880752723e-10
2426303900_0a8d52eb14.jpg,-3.805008725e-09
3250695024_93e8ab7305.jpg,1.300004407e-09
3672057606_cb6393dbd9.jpg,1.509941399e-09
241346317_be3f07bd2e.jpg,-1.106258965e-08
3400186336_37043a2f5b.jpg,4.643627046e-09
2180480870_dcaf5ac0df.jpg,-4.177510389e-09
3085226474_62aba51179.jpg,-1.12457051e-08
3683185795_704f445bf4.jpg,-3.190878237e-09
3444982197_0ff15cc50b.jpg,-2.019052526e-09
607339469_af851c4119.jpg,1.42087885e-09
3331009729_d3b14738e6.jpg,2.269491966e-09
503717911_fc43cb3cf9.jpg,-5.077469931e-09
3097196395_ec06075389.jpg,8.83087127e-09
2261962622_e9318a95eb.jpg,-6.610237613e-10
3216829599_366a43f05e.jpg,7.485869227e-10
1616016569_673de1d678.jpg,2.166608787e-09
2596876977_b61ee7ee78.jpg,-7.778845781e-09
459778335_857d8ffebf.jpg,2.890149186e-09
3197482764_2f289cb726.jpg,4.266305921e-09
3497255828_f27e009aac.jpg,-3.882855012e-09
2149968397_a7411729d1.jpg,-1.677495873e-09
2595713720_30534e8de2.jpg,-6.111748935e-09
2174206711_11cb712a8d.jpg,-4.734421504e-09
2492258999_5764124bba.jpg,2.360820951e-09
944374205_fd3e69bfca.jpg,-1.608795267e-09
2855667597_bf6ceaef8e.jpg,-5.772965076e-09
2935649082_1ca60180c6.jpg,-5.959635062e-11
3171250845_5ae0d2a8bc.jpg,1.148308734e-08
3120189281_1938460e85.jpg,-1.119513892e-09
3487131146_9d3aca387a.jpg,-3.708927342e-10
182493240_40410254b0.jpg,-3.240689308e-09
102351840_323e3de834.jpg,9.819048907e-10
883040210_3c4a10f030.jpg,9.027493441e-09
1358089136_976e3d2e30.jpg,-5.062758964e-10
2930622766_fa8f84deb1.jpg,-5.994222756e-09
2643263887_a32ffb878f.jpg,-3.771296573e-09
3374384485_751f719be4.jpg,2.77191123e-09
290650302_ade636da35.jpg,6.153134079e-09
2747714500_49476225c6.jpg,-1.722927836e-09
758921886_55a351dd67.jpg,-1.667353087e-09
311146855_0b65fdb169.jpg,-4.082322052e-10
2490179961_e842fda5eb.jpg,-1.169711051e-08
2064790732_219e52e19c.jpg,4.656824493e-09
3315250232_83e24a2d51.jpg,-1.866307059e-09
3441104823_33cdae5a56.jpg,2.704041635e-09
2675685200_0913d84d9b.jpg,-3.079702158e-09
2899622876_b673b04967.jpg,8.867795734e-09
2259336826_0cb294e1f7.jpg,-3.165354201e-09
2742426734_291df6da08.jpg,7.221072026e-09
2697909987_128f11d1b7.jpg,8.836109984e-10
3239021459_a6b71bb400.jpg,-4.514360541e-09
3204525212_d548c7fca7.jpg,-1.840149888e-09
918886676_3323fb2a01.jpg,-7.836243861e-09
560278886_df4bd2e212.jpg,-8.151336155e-09
3649307685_60c1294d2a.jpg,-3.734102005e-09
2045928594_92510c1c2a.jpg,5.524688777e-09
2933637854_984614e18b.jpg,5.828238121e-09
1650280501_29810b46e5.jpg,4.586257607e-09
300922408_05a4f9938c.jpg,-1.37294341e-10
2798651021_2566f2a47e.jpg,1.055641322e-08
3460551728_63255cec18.jpg,2.636200592e-09
3440104178_6871a24e13.jpg,-3.035387967e-09
3484906808_ee20714408.jpg,5.401260128e-09
410413536_11f1127c46.jpg,3.166673776e-09
400562847_e15aba0aac.jpg,8.405580082e-10
101669240_b2d3e7f17b.jpg,-7.653517075e-10
2987195421_e830c59fb6.jpg,2.586209486e-09
3208188198_2b271d2a2e.jpg,-5.378744275e-09
3208032657_27b9d6c4f3.jpg,-4.755588454e-09
429851331_b248ca01cd.jpg,-3.817160899e-09
458735196_176e7df6b3.jpg,-1.698681258e-08
3275627207_0b41e44597.jpg,1.143560614e-09
2960759328_2d31e4af9b.jpg,-4.665499353e-09
2206594874_5e0087c6b7.jpg,5.91548731e-10
1357689954_72588dfdc4.jpg,-7.104545685e-09
2869491449_1041485a6b.jpg,3.970449713e-09
2574230252_f5a1382dd4.jpg,3.683813473e-09
2261550615_b6c25d987b.jpg,-1.379854698e-10
2358554995_54ed3baa83.jpg,-1.086682874e-09
264141937_585320617a.jpg,-4.66280221e-09
2809793070_1a3387cd6e.jpg,-1.380621696e-09
3338291921_fe7ae0c8f8.jpg,2.19280466e-09
2056377805_e9a9b3bcf0.jpg,-2.07020744e-09
3105315670_5f86f73753.jpg,1.52381588e-09
1015118661_980735411b.jpg,6.823033707e-09
3047264346_e24601bfbf.jpg,-1.957915253e-09
1311388430_4ab0cd1a1f.jpg,-4.091113037e-09
1077546505_a4f6c4daa9.jpg,6.055559029e-10
2800990525_a1f8427272.jpg,-2.181749872e-09
3482062809_3b694322c4.jpg,-1.22133518e-09
2661294481_b86058b504.jpg,1.641982764e-09
2896640216_761a47f006.jpg,-7.761337318e-10
3616525288_9c19223de6.jpg,-2.536797567e-10
2497420371_74788d7ba1.jpg,-6.389651111e-09
766346887_a9a9d0637a.jpg,3.084965473e-09
2061944672_0383e65c8a.jpg,9.754033693e-09
3015891201_2c1a9e5cd7.jpg,2.046560096e-09
2652522323_9218afd8c2.jpg,-2.675069096e-09
2054869561_ff723e9eab.jpg,-1.274806948e-09
2394763838_99d1435b85.jpg,-9.298511408e-09
3439560988_f001f96fc9.jpg,3.183508802e-09
3320032226_63390d74a6.jpg,9.328224908e-10
3677954655_df4c0845aa.jpg,-4.595580224e-09
2429212017_77fc107699.jpg,-1.029152389e-09
241347760_d44c8d3a01.jpg,-5.730551092e-09
241347823_6b25c3e58e.jpg,-2.393633544e-09
2416964653_db3c2b6a0e.jpg,5.706998881e-09
3532782283_341f0381a3.jpg,-2.14406352e-09
3600221224_945df01247.jpg,-1.592985007e-09
3621647714_fc67ab2617.jpg,3.409063088e-09
2874876837_80d178ba9b.jpg,2.652407385e-09
448916362_17f3f1d0e1.jpg,-3.507666509e-09
3052104757_d1cf646935.jpg,7.132968474e-09
2414352262_005ae90407.jpg,4.814055529e-09
2187904131_96ea83b9b5.jpg,-5.559489411e-09
2649406158_ded6be38de.jpg,-4.378501506e-09
2353102255_67d9d2e40a.jpg,-6.827749699e-09
1501297480_8db52c15b0.jpg,-5.648608998e-10
466956675_a2fb6bf901.jpg,-6.957904808e-09
2737759676_4bc9be2daf.jpg,-4.352174434e-09
2885387575_9127ea10f1.jpg,4.972693043e-09
510197538_0a11b94460.jpg,-1.378692569e-09
3623650392_7b75d4de21.jpg,2.487413807e-09
3354474353_daf9e168cf.jpg,3.051653596e-09
2949353587_64c54e9589.jpg,4.423741902e-09
3522989916_f20319cc59.jpg,-6.406146547e-09
2646116932_232573f030.jpg,9.926156122e-10
3028561714_83fb921067.jpg,3.218920153e-09
2439031566_2e0c0d3550.jpg,-3.334345705e-09
3436074878_21515a6706.jpg,-6.768645686e-09
875731481_a5a0a09934.jpg,2.508388111e-09
3716277216_c04002be81.jpg,2.727955399e-10
2259203920_6b93b721ce.jpg,8.100503879e-09
3329289652_e09b80e2f3.jpg,-5.805647698e-09
3685328542_ab999b83bb.jpg,-4.93329641e-10
3250076419_eb3de15063.jpg,-4.689798993e-09
495341977_b27279f962.jpg,-3.629088228e-09
3407357681_5aeaab5b59.jpg,5.053843445e-10
3066429707_842e50b8f7.jpg,2.493302809e-09
3392851587_a638ff25e2.jpg,-5.717844633e-09
2730938963_c4ed3e2258.jpg,-6.589704912e-10
269650644_059a84ece5.jpg,-1.180908827e-08
3605676864_0fb491267e.jpg,-4.319654606e-10
2183227136_8bb657846b.jpg,2.558369983e-10
237953705_cfe6999307.jpg,5.221790533e-09
2856252334_1b1a230e70.jpg,-1.951782657e-09
3015368588_ef0a06076d.jpg,-1.234453772e-08
2521938802_853224f378.jpg,-2.364672548e-10
2759089516_cbb993cb92.jpg,3.521809735e-09
1807169176_7f5226bf5a.jpg,4.378616652e-11
457875937_982588d918.jpg,-2.091382094e-09
3158680604_c1f99b3946.jpg,2.294365817e-09
530454257_66d58b49ee.jpg,3.140773568e-09
1263801010_5c74bf1715.jpg,8.865834532e-09
172097782_f0844ec317.jpg,5.585409636e-10
3426789838_8771f0ed56.jpg,3.26469534e-09
2220612655_030413b787.jpg,4.620336565e-09
2089426086_7acc98a3a8.jpg,6.043723249e-09
1306145560_1e37081b91.jpg,2.42939463e-09
3297323827_f582356478.jpg,-1.492314741e-09
2306186887_0bd8ed3792.jpg,-2.76988576e-10
3574930742_9081bd2426.jpg,-3.917729906e-10
2995935078_beedfe463a.jpg,-3.696382537e-10
2114739371_83aa8bdb0e.jpg,3.441639815e-09
2895403073_906768cafa.jpg,-1.2420239e-09
3234375022_1464ea7f8a.jpg,1.110635863e-08
2561295656_4f21fba209.jpg,2.576371302e-09
2358561039_e215a8d6cd.jpg,3.884711935e-09
2123932281_1a4fd38455.jpg,-3.515386736e-09
3227499174_07feb26337.jpg,1.676696197e-09
3457210101_3533edebc8.jpg,1.922227966e-10
3286222970_1fa445e38f.jpg,1.837425406e-09
293151893_ee7249eccb.jpg,-7.315226386e-11
3371279606_c0d0cddab2.jpg,3.42096932e-09
1490213660_9ea45550cf.jpg,-1.038436942e-09
3599392711_8264881de2.jpg,5.241760101e-10
111497985_38e9f88856.jpg,-3.014075626e-09
2782850287_1408f7ec43.jpg,-4.459218759e-09
825918657_d92f1761f4.jpg,-6.968363184e-09
2095478050_736c4d2d28.jpg,8.569022512e-09
2782480767_064c95eff2.jpg,-2.191859126e-10
1149179852_acad4d7300.jpg,-3.982812257e-09
2441313372_6a1d59582b.jpg,-8.219186353e-10
3724718895_bd03f4a4dc.jpg,1.50370156e-09
2704257993_d485058a5f.jpg,-3.103520783e-09
3584930205_a3f58a4b7c.jpg,-6.478720833e-09
2294598473_40637b5c04.jpg,-4.86979159e-09
3242007318_01e82171aa.jpg,-3.922084678e-09
3251234434_d01e25a50a.jpg,2.891775623e-09
3556571710_19cee6f5bd.jpg,-4.446373047e-09
3578914491_36019ba703.jpg,1.76663005e-09
2876848241_63290edfb4.jpg,5.85990256e-09
452419961_6d42ab7000.jpg,-6.771969439e-10
42637986_135a9786a6.jpg,3.121435318e-09
2760716468_b541e9fd0f.jpg,-1.566046163e-09
2447035752_415f4bb152.jpg,-3.854293529e-09
2473738924_eca928d12f.jpg,-1.034749506e-08
1363924449_487f0733df.jpg,-2.952261488e-09
3585487286_ef9a8d4c56.jpg,1.164438148e-09
3037558954_20115165e3.jpg,-1.653146862e-09
3362049454_ea0c22e57b.jpg,-6.506634899e-09
299178969_5ca1de8e40.jpg,-4.362211613e-10
1104133405_c04a00707f.jpg,-8.50574061e-10
3477683327_d9e6a2a64f.jpg,8.093840887e-09
282116218_7fd7583d6e.jpg,1.120653254e-09
3721082512_8277087f3f.jpg,1.083959988e-10
246055693_ccb69ac5c6.jpg,-1.199422474e-09
3271061953_700b96520c.jpg,-6.761481964e-10
2480820830_bdec1f5b76.jpg,2.290623722e-10
270809922_043e3bef06.jpg,1.318888377e-09
1419385780_1383ec7ba9.jpg,-1.138625684e-09
897621891_efb1e00d1d.jpg,6.362803737e-09
2921578694_a46ae0d313.jpg,2.390168219e-09
2327088022_478dbd2c17.jpg,3.656233119e-09
3640407952_bb38fb9d55.jpg,7.15888898e-09
326028454_fb396167e6.jpg,3.415697495e-09
2867937005_91c092b157.jpg,-4.099599215e-09
2546667441_bbe87a6285.jpg,-5.14756907e-09
1775029934_e1e96038a8.jpg,-5.464687004e-09
2121357310_f8235311da.jpg,8.190092678e-09
3665987581_5e6b0a65f2.jpg,3.975804772e-09
3429956016_3c7e3096c2.jpg,1.49502302e-09
3209350613_eb86579ee8.jpg,-1.710464597e-09
1425013325_bff69bc9da.jpg,1.96610417e-09
319185571_56162796da.jpg,-3.697795933e-09
3520936130_9e90872560.jpg,1.689952117e-09
2867026654_38be983b44.jpg,-3.165450137e-09
3069786374_804e1123ac.jpg,-7.512098489e-09
3726120436_740bda8416.jpg,4.73742496e-09
2337919839_df83827fa0.jpg,-5.56158638e-10
2447289477_e888df561d.jpg,3.292044296e-09
3597715122_45878432ec.jpg,6.249388498e-09
3646453252_5ebbbaa6cc.jpg,-5.751359875e-11
261883591_3f2bca823c.jpg,-3.057870065e-09
3125041578_c1f2d73b6d.jpg,-1.51484346e-10
3084001782_41a848df4e.jpg,4.408789448e-09
452363869_cad37e609f.jpg,-5.273814687e-09
123997871_6a9ca987b1.jpg,4.017408812e-09
508958120_afe274f726.jpg,1.631135084e-09
109738763_90541ef30d.jpg,4.452190472e-10
888425986_e4b6c12324.jpg,1.033229178e-09
288025239_5e59ba9c3b.jpg,-3.598085015e-09
3214381315_b54f5c9be4.jpg,9.127834407e-09
2070831281_dc04b3e15d.jpg,5.277432126e-09
3301811927_a2797339e5.jpg,7.547458286e-10
3484070900_3e76d7fd30.jpg,-3.441863543e-09
2876994989_a4ebbd8491.jpg,1.765928014e-09
2080033499_6be742f483.jpg,-8.450341236e-09
3269895626_7b253c82ed.jpg,-6.887235596e-09
3319388517_5609ae9805.jpg,-6.586065225e-09
2560278143_aa5110aa37.jpg,-5.750030396e-09
3069937639_364fc11e99.jpg,5.478829579e-10
2448210587_9fe7ea5f42.jpg,4.511067457e-09
2444935470_7b0226b756.jpg,1.817330305e-08
3204081508_0e7f408097.jpg,4.806707541e-09
3220650628_4ed964e5b4.jpg,3.070284124e-09
2393924525_1bf45ca217.jpg,-2.06057247e-09
3590753142_61993d39df.jpg,1.173714291e-09
3368865171_597d51cdd5.jpg,-4.233360835e-09
472860064_a96a228796.jpg,-7.534157782e-10
3587596696_9c5964c94d.jpg,-6.899666467e-10
2041867793_552819a40b.jpg,5.294412328e-09
3094278545_febac56382.jpg,-5.029979201e-09
333031366_a0828c540d.jpg,9.97462753e-10
3612538549_2828b45867.jpg,-2.501391874e-09
154871781_ae77696b77.jpg,3.5822578e-09
3338217927_3c5cf3f7c6.jpg,1.169228013e-09
3362805914_72f60ee8cb.jpg,2.078038803e-09
442594271_2c3dd38483.jpg,1.045835551e-09
512026551_ba63ddbd31.jpg,-5.690866643e-09
1801663973_5ad393caeb.jpg,2.335819285e-09
2744705147_acd767d3eb.jpg,5.67335822e-09
3344233740_c010378da7.jpg,-1.059126397e-09
3690348036_a01f243fb0.jpg,-3.368840259e-09
2363540508_9dd1ccf7c7.jpg,3.506437499e-09
812196663_0c969970b5.jpg,1.121125495e-09
297724467_e8918a6f90.jpg,-2.68000525e-09
2926595608_69b22be8d4.jpg,-1.182456548e-09
938162709_21443d352f.jpg,4.495309666e-09
241347114_6273736da8.jpg,3.487239583e-09
3404870997_7b0cd755de.jpg,-3.958658945e-09
381976882_0063d16d88.jpg,1.844207853e-09
3710073758_ac2b217f29.jpg,-2.919337148e-09
1478268555_7e301fc510.jpg,3.875950198e-09
3485486737_953f9d3be2.jpg,-1.892771818e-09
531152619_6db02a7ed9.jpg,2.489071578e-09
1319634306_816f21677f.jpg,1.760837528e-09
2385744837_8780f6731a.jpg,-4.934693572e-09
1387461595_2fe6925f73.jpg,-8.131399593e-09
2314722788_6262c3aa40.jpg,1.094747526e-09
1213336750_2269b51397.jpg,-7.127201566e-09
10815824_2997e03d76.jpg,-6.213184348e-09
258476074_f28f4a1ae6.jpg,4.448859189e-09
3606355203_1260f43ec0.jpg,-3.182967835e-09
343662720_39e4067cd1.jpg,5.811859212e-09
3484576025_a8c50942aa.jpg,5.841214766e-10
2593695271_4d9cc9bd6f.jpg,2.781815228e-09
3132832452_c354c6396c.jpg,5.853166591e-10
1808007704_ee8a93abb4.jpg,-5.741159454e-09
697778778_b52090709d.jpg,-5.011088817e-09
2486364531_b482d7f521.jpg,-1.038900331e-09
892340814_bdd61e10a4.jpg,-8.047342252e-10
293881927_ac62900fd4.jpg,-6.791199677e-10
3128514681_a51b415c31.jpg,-3.447301117e-09
2286270205_16038dec5a.jpg,6.957881166e-09
233327292_3bcbc3783f.jpg,1.262403039e-09
356929855_6bbf33d933.jpg,7.565630762e-09
3578981202_efef47e264.jpg,-2.808773537e-10
2392460773_2aa01eb340.jpg,3.936463128e-09
2919459517_b8b858afa3.jpg,-2.901399328e-09
3330019493_fd36fbc2ea.jpg,4.853264189e-09
2119302248_72493d458c.jpg,4.091674531e-09
2884651479_12e400ee58.jpg,-4.503344856e-09
1016887272_03199f49c4.jpg,-2.073571182e-09
3518687038_964c523958.jpg,-3.134557274e-10
103106960_e8a41d64f8.jpg,-7.41260222e-09
298920219_9a3f80acc5.jpg,2.219466036e-09
3301744710_b51280eb56.jpg,1.345097924e-09
3079341641_f65f6b0f8b.jpg,2.189878572e-09
2112661738_de71b60b88.jpg,7.85077346e-09
911795495_342bb15b97.jpg,4.121378571e-09
3185787277_b412d7f5b7.jpg,-4.025484705e-09
847782643_57248bbdab.jpg,3.6790836e-09
2151300603_248a9fe715.jpg,3.222079017e-09
3576250302_14779632bd.jpg,5.759076852e-09
3222055946_45f7293bb2.jpg,5.266983786e-09
3220200084_3ea129336e.jpg,-3.376680569e-09
2860035355_3fe7a5caa4.jpg,5.931756011e-09
2544246151_727427ee07.jpg,2.563785336e-09
3419634480_c390f62a6e.jpg,6.4207867e-09
2268115375_69884e958d.jpg,-1.577784886e-09
3214885227_2be09e7cfb.jpg,2.776931445e-09
2410618963_fb78307d18.jpg,1.178930327e-09
3339751521_7a8768be27.jpg,-7.042813434e-09
3547368652_0d85c665d3.jpg,3.554473358e-09
2956413620_d59de03a06.jpg,4.977644927e-09
3469585782_e708496552.jpg,7.959228134e-11
3399284917_721aefe2a7.jpg,-1.854801241e-09
3043266735_904dda6ded.jpg,-5.579339221e-09
487074671_66db20bf47.jpg,-5.292694799e-09
3306212559_731ba9bd05.jpg,7.937565908e-09
3318564834_4ccea90497.jpg,-1.292657512e-09
2358447641_10f1e9d21f.jpg,-9.259079554e-10
2678798732_2998f9969c.jpg,-4.650326072e-10
3388836914_c267cf3a59.jpg,3.589623192e-09
2222559267_6fd31e3941.jpg,-2.137005747e-09
1388373425_3c72b56639.jpg,-2.042621488e-09
2276499757_b44dc6f8ce.jpg,-4.808396489e-09
309049466_1d7e7d5fc2.jpg,2.96866811e-09
2442243868_abe8f74fb4.jpg,-7.362505604e-09
2833820456_143ea6ce47.jpg,-3.800510293e-10
2728276857_3f83757ef2.jpg,-4.290211894e-09
3090957866_f1b2b7f214.jpg,-8.479711106e-09
1659358141_0433c9bf99.jpg,1.103921916e-09
3206999917_e682672cbc.jpg,3.492497888e-10
210839948_bbd5bfa3b6.jpg,3.414282307e-09
1526181215_c1a94325ae.jpg,6.538116159e-10
2856456013_335297f587.jpg,-3.743116138e-09
2603125422_659391f961.jpg,5.485408681e-09
2453318633_550228acd4.jpg,-5.378339662e-09
3456362961_d8f7e347a8.jpg,1.461418475e-10
2550011909_6b95f11330.jpg,-3.74501074e-09
3102204862_f1d220230b.jpg,-1.367901689e-09
1454841725_4b6e6199e2.jpg,7.269057194e-09
824923476_d85edce294.jpg,8.182699925e-10
2945036454_280fa5b29f.jpg,4.544034767e-09
2128119486_4407061c40.jpg,1.401683738e-09
506367606_7cca2bba9b.jpg,-3.648139901e-09
3537474810_cf676b3259.jpg,5.17770865e-09
433810429_a4da0eac50.jpg,8.715962691e-10
973827791_467d83986e.jpg,5.560969781e-10
2519812011_f85c3b5cb5.jpg,-5.553723794e-09
271177682_48da79ab33.jpg,1.549006117e-09
241347700_ef2451d256.jpg,-1.832414904e-09
394563330_68b566368c.jpg,-4.155416669e-09
3122579598_14841c038a.jpg,-8.554037548e-09
3366904106_e996320d20.jpg,-1.534724985e-09
2938875913_0ed920a6be.jpg,1.379275476e-09
3478877323_0a507a601b.jpg,4.153195341e-09
2892413015_5ecd9d972a.jpg,5.966697014e-09
3720366614_dfa8fe1088.jpg,-1.213816839e-09
3612249030_e2829ffa31.jpg,-6.643472201e-09
3738685861_8dfff28760.jpg,1.051857938e-09
3393152604_27bd1037f2.jpg,-3.122726352e-09
145721498_a27d2db576.jpg,-1.295720503e-08
3083016677_5782bc337c.jpg,3.070464263e-09
3139393607_f0a54ca46d.jpg,-6.381699638e-09
3564148252_aa4cb36a32.jpg,7.969982628e-09
1931690777_897a7d8ab6.jpg,4.980053313e-10
3415578043_03d33e6efd.jpg,3.698442364e-10
2672588619_3849930e99.jpg,2.341834015e-09
3288174272_2daa06d360.jpg,8.712687473e-09
2500354186_0836309cc9.jpg,1.954875549e-09
2661294969_1388b4738c.jpg,-3.007941023e-09
2830309113_c79d7be554.jpg,-7.836005823e-10
492341908_1ef53be265.jpg,-5.546798903e-09
1317292658_ba29330a0b.jpg,9.995835143e-10
317641829_ab2607a6c0.jpg,3.992419847e-09
3677613006_4689cb8e4e.jpg,6.045057381e-09
3430526230_234b3550f6.jpg,-8.469406461e-10
3663307538_468739e4c3.jpg,-2.129802622e-09
2540360421_f7c2401da8.jpg,-4.035877766e-09
3590653633_495de5f288.jpg,4.84011566e-10
1295698260_e10c53c137.jpg,9.277370423e-09
270724499_107481c88f.jpg,4.575584927e-09
3174713468_e22fa7779e.jpg,-5.144333244e-10
3437273677_47d4462974.jpg,-9.250417203e-10
3201427741_3033f5b625.jpg,6.045150956e-09
3162442331_c9711857c6.jpg,-7.673399962e-09
3454988449_1de1ef4f20.jpg,1.99430024e-09
3342309960_c694b2cce9.jpg,-4.790819893e-09
2429729667_42effc165d.jpg,-3.105972535e-09
2297471897_3419605c16.jpg,-6.104629819e-09
697490420_67d8d2a859.jpg,2.342371635e-09
3476709230_6439305bf2.jpg,1.654765626e-09
2295447147_458cfea65a.jpg,-3.330930924e-09
1469358746_2a879abaf3.jpg,-6.392591374e-09
3616771728_2c16bf8d85.jpg,-2.61153129e-09
3718892835_a3e74a3417.jpg,-3.220041407e-09
3298233193_d2a550840d.jpg,1.605381419e-09
3497236690_a48bf7ac42.jpg,3.461742282e-10
2403078014_4b1d6f8bde.jpg,1.147513931e-09
2999735171_87ca43c225.jpg,7.762984451e-09
3616638478_641d02183d.jpg,6.070587151e-09
3413571342_b9855795e2.jpg,1.304419292e-10
508432819_3d055f395d.jpg,-2.60107387e-09
2374652725_32f90fa15c.jpg,-2.990227084e-09
241347300_7c84ecf764.jpg,4.651154056e-09
2931254547_e97c6d0d63.jpg,5.288411629e-09
244760289_f4467b2b67.jpg,4.405411155e-09
3541483943_9776baee7c.jpg,-4.273640095e-09
3584603849_6cfd9af7dd.jpg,-2.4848499e-09
2884092603_786b53a74b.jpg,5.938397316e-09
2255332561_3375897ff0.jpg,-1.056039618e-08
3307147971_5b3abf61f9.jpg,-5.702813357e-09
2953861572_d654d9b6f2.jpg,-6.004003067e-10
3072172967_630e9c69d0.jpg,-4.499335264e-09
1473618073_7db56a5237.jpg,4.866865613e-09
1354318519_2f9baed754.jpg,-1.280560638e-09
3559781965_d4ec00e506.jpg,-4.465538977e-09
3027399066_ca85495775.jpg,2.215572539e-09
429283612_37f6e7fb7f.jpg,-1.044077416e-09
2029280005_a19609c81a.jpg,1.202413524e-09
2592711202_55f8c64495.jpg,4.557726058e-09
3263741906_6e4508d1c8.jpg,-4.35615379e-09
3551281733_b43bf6f870.jpg,-4.315344359e-09
493507605_48fe8e3739.jpg,4.132204382e-10
3535768334_a3924bcccd.jpg,-6.18179305e-09
684375286_09cc1aa778.jpg,2.205571067e-09
2102732029_9ae520914d.jpg,5.874465066e-09
3426144752_28d63615ca.jpg,-3.61351329e-10
346253487_687150ab04.jpg,2.114713237e-09
3454315016_f1e30d4676.jpg,-9.265316568e-10
3550255426_4ab03c0d6e.jpg,4.517501661e-09
2236016316_f476cbbf06.jpg,-1.125584624e-09
1675679141_36c9bc2969.jpg,8.315352689e-09
3139895886_5a6d495b13.jpg,6.899269819e-09
2265100168_175f8218af.jpg,-5.315603539e-09
3523559027_a65619a34b.jpg,-5.687246494e-09
421932359_edbf181f44.jpg,1.09355288e-09
3376942201_2c45d99237.jpg,-1.465873169e-09
2458033289_f0616879df.jpg,-1.311610669e-09
2709648336_15455e60b2.jpg,6.936265335e-10
2337809114_899ba61330.jpg,2.628880536e-09
3377344932_6dfce93248.jpg,-3.461596683e-10
445655284_c29e6d7323.jpg,-2.64218325e-09
3502993968_4ee36afb0e.jpg,2.0542463e-09
599366440_a238e805cf.jpg,-1.647468012e-09
152029243_b3582c36fa.jpg,-4.101633154e-09
2952751562_ff1c138286.jpg,-2.746887459e-09
3336831820_5c5df4b033.jpg,5.688744491e-09
418616992_22090c6195.jpg,3.228721427e-09
3568225554_73cdb19576.jpg,-2.657637923e-09
2545363449_1985903f82.jpg,1.748627783e-09
2176147758_9a8deba576.jpg,-5.659292027e-09
3117562746_62f57a02b5.jpg,3.887108499e-09
1594038143_57f299aa8a.jpg,3.68639149e-09
2695001634_127fe2f0d7.jpg,2.274786175e-10
3082474922_9c3533eaf6.jpg,-2.138508088e-10
3503623999_bbd5dcfb18.jpg,-1.378400641e-09
1446933195_8fe9725d62.jpg,-2.434938425e-09
3139389284_f01bd4c236.jpg,8.192867306e-10
848293676_98e73c52c1.jpg,-2.073529924e-09
2924908529_0ecb3cdbaa.jpg,-3.04622633e-09
3397228832_8ce5b1c26f.jpg,2.292302339e-09
2705947033_5999147842.jpg,-2.967953516e-10
3533922605_a2b1e276f6.jpg,-5.589100461e-09
3221815947_76c95b50b7.jpg,2.073482504e-09
3181701312_70a379ab6e.jpg,-3.767530449e-09
415657941_454d370721.jpg,6.150363063e-09
412056525_191724b058.jpg,6.038373614e-09
2431832075_00aa1a4457.jpg,8.201883199e-10
3252457866_b86614064c.jpg,4.731755118e-10
3558370311_5734a15890.jpg,8.929703343e-11
537390477_7dd3407f96.jpg,-4.645889161e-09
3526018344_450c517a72.jpg,-8.620351438e-10
3138504165_c7ae396294.jpg,2.502119644e-09
1606988704_fe330878a3.jpg,7.877507711e-09
2430860418_fd0726f414.jpg,-5.049274397e-09
2103568100_5d018c495b.jpg,2.497401992e-09
3068994801_b2bc079e67.jpg,9.803478419e-10
2630507245_bea4804288.jpg,-6.103004092e-09
436009777_440c7679a1.jpg,1.424615632e-09
232874193_c691df882d.jpg,3.823528563e-09
525538142_7348f0bce7.jpg,1.467892735e-09
1465666502_de289b3b9c.jpg,-7.627690885e-09
520491467_54cbc0a866.jpg,1.592629604e-09
542648687_adf13c406b.jpg,1.817919182e-09
3524914023_4e96edb09f.jpg,-5.184803679e-10
2939007933_8a6ef2d073.jpg,2.764447272e-09
281419391_522557ce27.jpg,5.710901792e-10
549520317_af3d5c32eb.jpg,-1.582491183e-09
3100251515_c68027cc22.jpg,8.957286254e-10
3397259310_1ed1a346b5.jpg,4.603871145e-09
2858439751_daa3a30ab8.jpg,-8.584128239e-09
2422018883_336519b5c6.jpg,-3.247791181e-09
2750867389_4b815f793a.jpg,9.713077167e-10
1598085252_f3219b6140.jpg,-6.459654253e-09
2479553749_f7ac031940.jpg,-3.718668016e-09
2522297487_57edf117f7.jpg,5.800356331e-09
3178005751_fca19815ac.jpg,3.964717829e-09
1453366750_6e8cf601bf.jpg,-1.511076487e-09
3252588185_3210fe94be.jpg,-6.230696079e-09
2115631346_9585a479b0.jpg,-4.043934382e-09
2295894587_2fd8faf550.jpg,-2.075360822e-10
3249014584_21dd9ddd9d.jpg,-1.167205151e-08
3359089834_263e529c71.jpg,1.536563049e-09
3738789925_7d17dbdf25.jpg,-2.449006384e-09
516998046_1175674fcd.jpg,-3.076617906e-09
3697456750_460aea7252.jpg,-7.828268324e-09
3447007090_08d997833a.jpg,-2.680497628e-09
2225231022_1632d0a5aa.jpg,-6.680085539e-09
3583321426_f373c52161.jpg,-4.326410033e-09
3155361712_2cbf59c78e.jpg,-2.19383764e-09
3099264059_21653e2536.jpg,-2.18002778e-09
141139674_246c0f90a1.jpg,-5.894564804e-10
3422458549_f3f3878dbf.jpg,-1.026676871e-09
527968666_1fcddf81ab.jpg,-1.030351863e-08
2339516180_12493e8ecf.jpg,3.167802106e-09
3280644151_3d89cb1e0e.jpg,-2.179412838e-09
369802520_9825f2cd84.jpg,-3.251035887e-10
533713007_bf9f3e25b4.jpg,1.290869375e-09
1579287915_4257c54451.jpg,1.439848904e-09
2121140070_a09644550b.jpg,1.999396092e-09
2359784186_36c9746d02.jpg,-1.431355087e-09
2101128963_fdf8b2a0d7.jpg,2.601095859e-10
2647593678_1fa3bb516c.jpg,7.196406876e-10
2196846255_2c1635359a.jpg,1.114125924e-09
2869253972_aa72df6bf3.jpg,-1.276446316e-09
3549277110_24d4064ccd.jpg,-9.466788078e-10
2347921097_f2e35753c0.jpg,-6.828978817e-09
2510560080_1439fe32f2.jpg,-5.829571918e-09
2739332078_13d9acce59.jpg,-4.387987541e-09
2423856014_8df0e7f656.jpg,-1.607850726e-09
2998945968_86f236d1e8.jpg,7.293832007e-10
3348191949_b0b925e5f1.jpg,1.997704387e-09
2685788323_ceab14534a.jpg,2.334016802e-09
3544312930_3a0b8d70c1.jpg,6.948329815e-10
2136514643_93d8f75a77.jpg,1.443232165e-09
493621130_152bdd4e91.jpg,-3.550742527e-09
2261169495_98254e2e66.jpg,-1.643538721e-09
1424237335_b3be9920ba.jpg,-2.330814074e-09
544122267_e9e0100bc5.jpg,1.704388118e-09
347543966_b2053ae78c.jpg,-1.723771298e-09
3091962081_194f2f3bd4.jpg,-7.621411542e-09
3673035152_da7ed916d9.jpg,-9.402484051e-10
2525270674_4ab536e7ec.jpg,2.731146521e-10
2252264255_03fefc25af.jpg,-2.672693265e-10
2902486045_6298eb22ef.jpg,2.215427947e-09
322050103_145f7233c6.jpg,5.829131061e-09
791338571_7f38510bf7.jpg,-9.371095183e-10
3251906388_c09d44340e.jpg,-1.728835443e-09
3148647065_2d6cd88cf6.jpg,-5.494679688e-09
3524975665_7bec41578b.jpg,-2.677953917e-09
3673484638_dce87295fe.jpg,4.088202961e-09
2837808847_5407af1986.jpg,8.046802135e-09
3380519003_9f91d5a7fb.jpg,-5.956342882e-10
2891924845_92f69b0f18.jpg,9.700560223e-09
2773011586_6f4cd41e84.jpg,-3.501722307e-09
172092464_d9eb4f4f2f.jpg,-7.76348814e-10
3319489465_c65c91e4f2.jpg,8.632508278e-10
429205889_ff5a006311.jpg,7.80800142e-09
3203872773_6c30f64be3.jpg,3.496974363e-10
2551344688_17a12a6948.jpg,9.795287413e-09
217838128_1f0a84ddc1.jpg,5.836471902e-09
2662570182_350baa020f.jpg,-2.714719429e-10
2649850541_59a6c7f01c.jpg,-1.07790917e-09
3157744152_31ace8c9ed.jpg,-1.233309695e-10
2642688531_8fb68b2147.jpg,2.224277378e-09
247652942_29ede19352.jpg,2.407003248e-09
2848977044_446a31d86e.jpg,-3.849040937e-10
2847859796_4d9cb0d31f.jpg,-5.055512668e-10
490390951_87395fcb1c.jpg,-5.027694184e-09
3425414048_fa14d33067.jpg,3.206974621e-09
2774430374_fee1d793e7.jpg,4.892681762e-09
3212456649_40a3052682.jpg,1.20729874e-09
1220401002_3f44b1f3f7.jpg,1.617348593e-09
2540203582_9a9ac92a5d.jpg,-3.420873335e-09
1918573100_d31cbb6b77.jpg,4.606247846e-09
3227111573_c82f7d68b1.jpg,-5.829141171e-09
3480126681_52cea26bda.jpg,-4.802917671e-10
3659686168_49c3abcee1.jpg,2.465953781e-09
2891617125_f939f604c7.jpg,1.661276961e-10
3358682439_be4b83544c.jpg,-6.68857908e-10
2575647360_f5de38c751.jpg,-6.379783975e-10
2752919987_8bfca604ab.jpg,6.599069816e-10
2672445419_251ce9419a.jpg,-1.397872025e-09
299612419_b55fe32fea.jpg,-9.411536496e-10
3328247381_a9f7fb4898.jpg,-4.27452931e-09
2836360729_6500249fe6.jpg,3.41633193e-09
3660826540_481d25fbb0.jpg,-1.1110774e-09
2378149488_648e5deeac.jpg,1.42893921e-09
267325341_1a96ef436e.jpg,8.0928489e-10
3682277595_55f8b16975.jpg,5.920018447e-09
399212516_d68046b277.jpg,-4.517031614e-10
317383917_d8bfa350b6.jpg,1.551563876e-08
310260324_7f941814bc.jpg,-6.55184166e-09
3737492755_bcfb800ed1.jpg,6.209130339e-09
3665996775_6d7d9a46f1.jpg,8.822260504e-09
3275711232_e261143664.jpg,-3.67509297e-09
3733074526_82aa8d5f8d.jpg,4.428522459e-09
299676757_571ee47280.jpg,2.917883138e-09
2656749876_e32495bd8c.jpg,9.186102129e-09
624058168_f1c5e87e59.jpg,1.720734187e-09
287999021_998c2eeb91.jpg,-2.378155671e-09
534875358_6ea30d3091.jpg,-3.19207624e-09
341430859_4519802e8f.jpg,1.60979525e-10
1937104503_313d22a2d0.jpg,-2.752884706e-09
2701271123_6761bc5f26.jpg,-9.389829806e-09
143552697_af27e9acf5.jpg,6.662690034e-10
3019199755_a984bc21b1.jpg,8.223503605e-09
2009636597_e3f4fe19fb.jpg,-2.312928651e-10
3229898555_16877f5180.jpg,-2.557624828e-09
400851260_5911898657.jpg,3.335752245e-09
3156991513_3bf03333d8.jpg,2.31263522e-10
3472703856_568d9778b5.jpg,-5.970216464e-09
1396703063_e8c3687afe.jpg,-2.87910965e-09
1472230829_803818a383.jpg,3.824846708e-09
1685463722_55843b6d3c.jpg,-2.048687583e-09
3248752274_96740ed073.jpg,6.306617878e-09
2256138896_3e24b0b28d.jpg,-4.172262025e-09
3530504007_3272c57e21.jpg,-2.994717919e-09
2875658507_c0d9ceae90.jpg,-4.173826297e-09
3102363657_dc95fe6850.jpg,4.213749321e-09
2886411666_72d8b12ce4.jpg,-3.975000163e-09
2766854400_640e2abe08.jpg,-2.835012922e-09
276356412_dfa01c3c9e.jpg,-2.779043072e-10
3257207516_9d2bc0ea04.jpg,5.957574432e-09
416106657_cab2a107a5.jpg,3.141055561e-09
3001612175_53567ffb58.jpg,3.845315511e-09
404850242_3a55a4c874.jpg,3.691693784e-09
1227655020_b11a1bb112.jpg,4.892798068e-09
2546959333_23b957988f.jpg,-2.516394557e-09
244870123_dcb6e53643.jpg,-1.772434254e-09
2896483502_6f807bae9e.jpg,-5.392195206e-10
537532165_e4b7c0e61a.jpg,1.367087589e-09
530888330_a18343e38d.jpg,-1.150321235e-08
975131015_9acd25db9c.jpg,-6.574993211e-09
3293018193_e4e0c8db7c.jpg,1.429538307e-09
2616284322_b13e7c344e.jpg,-3.372243468e-09
3477369101_8e0c61d8f4.jpg,3.855200683e-09
2172493537_128bc8b187.jpg,-2.37964213e-09
3340857141_85d97a7466.jpg,8.206976524e-09
3023178539_836b50cd43.jpg,5.404439307e-09
3608752424_01a1cfd8a6.jpg,3.133239358e-10
2918880895_e61f74f2f0.jpg,-6.00346386e-09
2657663775_bc98bf67ac.jpg,9.319056581e-09
1536774449_e16b1b6382.jpg,1.108569584e-09
1999444757_1b92efb590.jpg,-3.841160374e-09
1387443857_602ab6f9bf.jpg,1.531955507e-09
2947274789_a1a35b33c3.jpg,3.00169286e-09
2286823363_7d554ea740.jpg,7.45688765e-09
3630332976_fdba22c50b.jpg,6.052684218e-09
2990977776_1ec51c9281.jpg,3.148655846e-09
3532761259_14026c1e96.jpg,-2.524066685e-09
2219805467_370ee1b7aa.jpg,1.292951509e-10
3332248667_617606714b.jpg,2.320064328e-10
543363241_74d8246fab.jpg,3.15928079e-10
3115901702_f07aa0ef74.jpg,-8.464134083e-10
3486154327_8be7c78569.jpg,2.223011474e-09
2171154778_8189169336.jpg,-1.400109028e-09
3523874798_9ba2fa46e3.jpg,-7.891850803e-10
2090997177_76d482b158.jpg,-1.986321803e-09
2638369467_8fc251595b.jpg,-5.995803397e-09
3582066525_e9d6377f56.jpg,6.849780381e-10
3671935691_57bdd0e778.jpg,2.176139446e-09
1406010299_5755339f08.jpg,3.945781636e-09
2424398046_1a55c71376.jpg,-1.858934713e-09
3025495499_b15797b452.jpg,-4.443020763e-10
2555535057_007501dae5.jpg,-1.702185536e-10
2355819665_39021ff642.jpg,1.387537854e-09
3348208268_6d97d951eb.jpg,1.132073892e-09
551403320_dfdcf9fc3b.jpg,-1.572036907e-09
2579268572_d78f8436cb.jpg,-2.776158523e-09
2428751994_88a6808246.jpg,2.878647001e-09
745880539_cd3f948837.jpg,1.66635958e-09
2394824046_51cec8e5e7.jpg,3.319524099e-10
3164347907_2813f8ff0b.jpg,3.222944343e-09
2501595799_6316001e89.jpg,-6.986616112e-11
1470061031_4cb59c12a8.jpg,2.218210386e-09
3649802021_8a689bc153.jpg,1.110138075e-09
3638577494_fe55f7b4cb.jpg,-3.929165301e-09
2940594396_20c40947b0.jpg,-3.544197436e-10
197924859_f6e39a7dfa.jpg,-4.747416018e-10
2865703567_52de2444f2.jpg,1.04479601e-09
3758787457_1a903ee1e9.jpg,-6.935870347e-09
2666078276_f7b3056997.jpg,-7.921880905e-10
2737609659_efce872c24.jpg,-9.296015875e-10
3131107810_7e9b96cddc.jpg,-2.859522518e-09
2279945145_8815c59217.jpg,-5.65249402e-09
241346434_0527ea1c07.jpg,2.915284079e-09
543940240_a54a3c7989.jpg,5.162475445e-09
309771854_952aabe3cc.jpg,4.900837149e-09
2676015068_690b0fb2cd.jpg,1.566714635e-09
3425127583_611200619a.jpg,-2.812186105e-09
3122773470_b622205948.jpg,1.505423091e-09
3439128755_84409b8823.jpg,6.471604726e-09
2922222717_12195af92d.jpg,1.243348959e-09
361092202_3d70144ebd.jpg,1.176602829e-08
3692892751_f6574e2700.jpg,-2.164232302e-09
439569646_c917f1bc78.jpg,2.808347957e-09
2856699493_65edef80a1.jpg,1.541252931e-09
197107117_4b438b1872.jpg,4.435154614e-09
95728660_d47de66544.jpg,-1.034686101e-09
2215136723_960edfea49.jpg,8.01122515e-10
2657643451_b9ddb0b58f.jpg,-3.958829109e-09
2815788792_d226215d10.jpg,-1.929405287e-09
512991147_dc48e6839c.jpg,-3.25241701e-09
332045444_583acaefc3.jpg,2.899665467e-09
3584406900_039f30b34c.jpg,3.04260819e-09
486300784_2cc7a770ff.jpg,-1.649085965e-09
2773682293_3b712e47ff.jpg,-2.054358718e-09
1355833561_9c43073eda.jpg,-5.770805184e-09
1481062342_d9e34366c4.jpg,-4.280799684e-09
688940111_325a74674a.jpg,-1.606940798e-09
478754346_addb53893c.jpg,1.035356332e-08
2194286203_5dc620006a.jpg,-9.33960335e-10
392976422_c8d0514bc3.jpg,-4.585859377e-09
2103361407_4ed4fc46bf.jpg,-4.660363354e-11
2525455265_f84ba72bd7.jpg,-3.256183712e-09
2938316391_97382d14aa.jpg,-4.69047928e-09
3659769138_d907fd9647.jpg,-2.482727176e-10
3455405300_aa3069ecaa.jpg,8.180012157e-09
3646970605_d25c25340b.jpg,-2.915362474e-09
3438858409_136345fa07.jpg,-5.186196059e-09
887108308_2da97f15ef.jpg,3.938391846e-09
3025334206_76888792e5.jpg,-4.864196008e-09
364213568_7f83e7d144.jpg,5.905185453e-09
3198237818_cb5eb302f0.jpg,-4.757130636e-09
824782868_a8f532f3a6.jpg,-2.143389271e-09
3256603992_67312b5a36.jpg,9.65728604e-09
2589156742_c46bc82137.jpg,4.618489574e-09
2846785268_904c5fcf9f.jpg,-3.73142393e-09
3003612178_8230d65833.jpg,4.33014954e-09
619169586_0a13ee7c21.jpg,-7.991938325e-09
2021671653_567395c7cf.jpg,-4.943514806e-09
2043427251_83b746da8e.jpg,-1.251399868e-09
3625519177_4c2bb9e7f0.jpg,-4.262226667e-09
394463341_5311c53783.jpg,-4.015984119e-09
3344526059_4a097af285.jpg,7.395015522e-10
2378127945_8dc9da82d7.jpg,7.833279026e-09
3690425778_3b390b3ea5.jpg,7.010916016e-09
3470129475_9e58b6742c.jpg,3.441433978e-09
1388346434_524d0b6dfa.jpg,-9.534849436e-10
3334057289_68ece38a85.jpg,-5.549587263e-09
2182050469_1edac0bc60.jpg,2.502936e-09
2399219552_bbba0a9a59.jpg,2.169407316e-09
2866254827_9a8f592017.jpg,-4.829408015e-09
3434452829_62cee280bc.jpg,-3.998772102e-09
2467853482_17009933e8.jpg,-6.849805533e-10
978580450_e862715aba.jpg,-2.060139848e-09
3435648640_b2f68efb78.jpg,-9.148844128e-10
3104909823_0f41dd8be6.jpg,3.639330222e-09
3336759846_5220e27deb.jpg,2.061388685e-09
491600485_26c52c8816.jpg,-2.167763234e-09
3613005134_bb7f304da1.jpg,-2.148613164e-09
1378557186_4bd1da6834.jpg,-5.528039753e-10
551664516_78a5131dc4.jpg,3.186727284e-09
3725177385_62d5e13634.jpg,-4.257883413e-10
765091078_a8a11c6f9e.jpg,-4.595046218e-09
3046430047_d7b10123d0.jpg,3.629945911e-09
2483993827_243894a4f9.jpg,-4.403158638e-09
2125454445_5c5c4bf906.jpg,-4.448383895e-09
3219065971_702c4e8c34.jpg,-3.945202667e-09
1965278563_8279e408de.jpg,4.676937814e-09
439049388_3dcee2d30b.jpg,2.082936315e-09
3207358897_bfa61fa3c6.jpg,-3.414429745e-09
2090327868_9f99e2740d.jpg,-8.735809618e-09
195962284_e57178054a.jpg,-1.274690775e-08
2854207034_1f00555703.jpg,-2.379555753e-09
2592019072_a6c0090da4.jpg,1.956501486e-10
483039719_75181b2726.jpg,1.740549772e-09
2613920405_e91e6ebd7a.jpg,4.265411958e-10
905355838_3a43fdfd4e.jpg,-9.180861783e-09
3638459638_ec74e3ff89.jpg,8.324592162e-09
3381788544_2c50e139dd.jpg,1.846038776e-09
3252985078_c4ee2aca4e.jpg,1.511702778e-09
3563673070_71fa0903ed.jpg,-8.614689811e-10
3708839890_ed448012cf.jpg,1.618022377e-09
2661567396_cbe4c2e5be.jpg,-2.889470634e-09
3321063116_4e5deeac83.jpg,2.485361838e-09
1897025969_0c41688fa6.jpg,6.477110756e-09
516214924_c2a4364cb3.jpg,-1.768322929e-09
3110649716_c17e14670e.jpg,4.011692323e-09
524310507_51220580de.jpg,3.922824002e-09
3474265683_43b1033d94.jpg,-2.71213064e-09
2384401298_e389c01abc.jpg,9.440009008e-10
3705976184_53ae07e898.jpg,2.132301072e-09
2243904502_2d265fed80.jpg,7.545383105e-10
1122944218_8eb3607403.jpg,3.898452119e-09
95734035_84732a92c1.jpg,8.887628592e-09
1814391289_83a1eb71d3.jpg,1.209581569e-09
3342487512_fd33971dea.jpg,-1.690890953e-09
1562392511_522a26063b.jpg,-2.381559139e-09
86542183_5e312ae4d4.jpg,-2.340496587e-09
3301021288_95935b7a74.jpg,-1.145373949e-09
3245070961_8977fdd548.jpg,1.705927981e-09
3181322965_ce9da15271.jpg,-8.876986363e-10
1561658940_a947f2446a.jpg,1.539867031e-09
2021602343_03023e1fd1.jpg,-1.214810721e-09
2978735290_7464b12270.jpg,-7.042574039e-09
3371266735_43150bce52.jpg,2.311407143e-09
1163282319_b729b24c46.jpg,-7.241017271e-09
3115174046_9e96b9ce47.jpg,-3.886036669e-10
3500342526_393c739e2f.jpg,-2.340529334e-10
3357416302_fcfcdd7b86.jpg,8.161725374e-10
3081363964_d404eccae8.jpg,2.583921669e-10
2113530024_5bc6a90e42.jpg,1.42596004e-10
3191805046_77c334b506.jpg,2.20533112e-09
3443351431_7b4061df5c.jpg,4.558095776e-09
3484649669_7bfe62080b.jpg,2.528644682e-09
3487979741_5f244c0c4b.jpg,-3.953237765e-09
3039214579_43ef79f931.jpg,5.289972431e-09
2449552677_ee78f01bae.jpg,-8.581831109e-10
2527303359_6c3dc3f282.jpg,-1.980282274e-09
3035785330_2fd5e32bb1.jpg,-4.512523319e-09
3423509305_e399d005db.jpg,-1.479951076e-10
578644583_da3ff18dd1.jpg,7.700630847e-10
3443853670_6c79fcfcb2.jpg,-6.41391256e-09
3342272425_804316cb3d.jpg,7.395259166e-09
1429723917_6af585e4c0.jpg,3.863210467e-09
2934801096_230ae78d7e.jpg,4.12334518e-09
2567035103_3511020c8f.jpg,-5.664534429e-09
427683329_95d510a087.jpg,8.713915007e-10
1425069308_488e5fcf9d.jpg,5.075348968e-10
2206600240_f65df56a09.jpg,-2.631068049e-09
755326139_ee344ece7b.jpg,-2.979535781e-09
418357172_bdddf71d32.jpg,1.387957338e-09
1676601498_7d59327523.jpg,1.318863645e-09
3322200641_c2e51ff37b.jpg,2.374551986e-09
2596619849_7b635dd310.jpg,2.496033097e-09
2380740486_8cd5d4601a.jpg,-3.725226792e-09
439037721_cdf1fc7358.jpg,7.707781981e-09
447722389_4b51b7e13d.jpg,1.753752341e-09
3597354819_0069aaf16e.jpg,1.287040858e-09
2366421102_2d60d53a0e.jpg,5.169333533e-10
3374722123_6fe6fef449.jpg,4.541076403e-09
3728164558_52729baefa.jpg,-2.339384358e-09
3425061393_d093edb8da.jpg,-2.667078773e-09
3449170348_34dac4a380.jpg,3.150358542e-09
1787222774_d5c68cce53.jpg,5.865111036e-10
3616846215_d61881b60f.jpg,2.318930713e-09
2060031241_a3ae7a06bb.jpg,5.453682175e-09
3628698119_5566769777.jpg,5.90843128e-09
3315353266_70f0bbb1c3.jpg,1.414974096e-09
488590040_35a3e96c89.jpg,-9.001681778e-09
3085973779_29f44fbdaa.jpg,6.355712927e-09
377872472_35805fc143.jpg,1.446908326e-09
463978865_c87c6ca84c.jpg,-5.48194936e-09
3249891130_b241591e89.jpg,-3.552740494e-09
2954584849_3c2899f319.jpg,6.813011699e-09
2308978137_bfe776d541.jpg,3.003859343e-09
3596959859_a7cb1e194b.jpg,7.58618562e-10
3647826834_dc63e21bd0.jpg,3.324386225e-09
2058124718_89822bc96e.jpg,-6.5982031e-09
3356284586_21c6f155a5.jpg,1.773206156e-09
2629294578_853a08bb43.jpg,6.031380514e-09
2186139563_e60c1d4b8b.jpg,6.365896691e-09
2445654384_4ee3e486e1.jpg,-2.108699112e-09
3351111378_b5d80783a1.jpg,3.749012808e-09
3585117340_73e96b6173.jpg,-1.144873392e-09
2710280476_dcccb8745a.jpg,1.858120191e-09
3718964174_cb2dc1615e.jpg,-4.69461303e-11
2754271176_4a2cda8c15.jpg,1.97713745e-09
3134586018_ae03ba20a0.jpg,3.458549475e-09
1626754053_81126b67b6.jpg,7.78642192e-09
3359530430_249f51972c.jpg,6.232529075e-09
3604384157_99241be16e.jpg,-5.331350841e-09
2160266952_a2ab39191b.jpg,2.938763897e-09
3461049169_e068ae4f25.jpg,-1.526871015e-09
2695085632_10c4e6ea78.jpg,-7.489080363e-10
575636303_b0b8fd4eee.jpg,-2.19293062e-09
3284899112_f11ab3cfe6.jpg,-3.804060843e-10
1093737381_b313cd49ff.jpg,-5.52083766e-09
3544483327_830349e7bc.jpg,-2.183080704e-09
2992999413_018f48aabc.jpg,-1.675154992e-09
1813266419_08bf66fe98.jpg,1.890259757e-09
424379231_23f1ade134.jpg,3.912267754e-09
3176278670_195eea071c.jpg,-3.666227731e-09
2967630001_cdc5560c0b.jpg,-2.080817059e-09
353180303_6a24179c50.jpg,6.290738305e-09
2875583266_4da13ae12d.jpg,4.572627605e-09
3679707139_1cc1e71237.jpg,-5.200161403e-10
3565598162_56044bc2f7.jpg,-7.904340949e-09
2882589788_cb0b407a8d.jpg,-3.452022062e-09
3060969260_08f43e4f4f.jpg,8.116151361e-09
2922981282_203f04bf9b.jpg,-3.822400493e-09
3336808362_c17837afd8.jpg,6.780660848e-11
312156254_ef31dca5ed.jpg,2.028690297e-10
3356748019_2251399314.jpg,6.468759381e-09
3576741633_671340544c.jpg,-4.717248818e-09
3330654550_3efe9a71af.jpg,4.685412323e-09
3516285214_59823b341e.jpg,-7.850683802e-09
2322601965_748d59dc57.jpg,3.53449114e-09
2346402952_e47d0065b6.jpg,3.775922769e-09
1732217138_aa0199ef87.jpg,-1.270663989e-09
3189293145_35dea42679.jpg,-2.352864325e-09
488408004_a1e26d4886.jpg,-2.631211423e-09
497579819_f91b26f7d3.jpg,-1.265393082e-09
3424934891_69f18da66e.jpg,-5.832496407e-09
3053813297_7ce5f87710.jpg,1.091503824e-08
747921928_48eb02aab2.jpg,-3.712178981e-09
3584534971_b44f82c4b9.jpg,-2.140698144e-09
1773928579_5664a810dc.jpg,-1.936431249e-09
2539933563_17ff0758c7.jpg,8.340994858e-10
3009035153_715e39b440.jpg,3.2930205e-10
3619416477_9d18580a14.jpg,-3.026761752e-09
2568656919_6e49d2a82b.jpg,2.363184666e-09
2204777844_1bcf26bf84.jpg,-4.515459834e-09
436608339_f1d1298770.jpg,-8.202353859e-10
3669069522_555c97fbfb.jpg,4.779847487e-09
2584020755_14e2b3e8fc.jpg,-1.947491048e-09
444845904_a4531c811a.jpg,-2.367975234e-09
186348874_75b2cf1ec5.jpg,-8.339720415e-09
2862481071_86c65d46fa.jpg,-4.289885738e-09
3109704348_c6416244ce.jpg,-6.554525012e-09
368212336_bc19b0bb72.jpg,-5.089563926e-09
735787579_617b047319.jpg,1.358707116e-09
3304511635_113beaf458.jpg,1.080395129e-09
3519815055_304dc8e8d6.jpg,-5.336336238e-09
1404832008_68e432665b.jpg,-1.578488526e-09
1252787177_4b08625897.jpg,2.634928369e-09
3333675897_0043f992d3.jpg,5.904460003e-09
3176968956_d942a93513.jpg,2.141600859e-09
2519594430_551225e5bd.jpg,2.605286716e-09
403678611_73978faed7.jpg,1.994842989e-09
3458215674_2aa5e64643.jpg,-9.245590105e-10
3355827928_c96c0c3e88.jpg,2.459745895e-09
3376435746_1593d9b243.jpg,1.422248826e-09
3265209567_b3b9c8e0fe.jpg,-8.686574103e-09
418796494_bdb441de42.jpg,-3.320934691e-09
3216762979_813c45a8ec.jpg,2.993953031e-09
3639967449_137f48b43d.jpg,6.488538373e-09
3335501468_628655d608.jpg,-6.68104528e-09
766099402_cdda6964f0.jpg,5.216629867e-09
3195701071_81879257f5.jpg,3.15866645e-09
3498354674_b636c7992f.jpg,2.439000341e-09
405051459_3b3a3ba5b3.jpg,5.938573849e-09
3405759441_fb31c80240.jpg,-2.938232337e-09
3492734013_e6b177ed99.jpg,4.004268886e-09
2224995194_518859d97d.jpg,-1.455466842e-09
2269961438_cae7a9c725.jpg,4.965842865e-09
3293945284_6a04e477a9.jpg,4.297096366e-09
2057305043_952b8dc82c.jpg,2.736292107e-09
3256274183_4eab3b2322.jpg,-7.295932886e-09
640409060_6af18fdd54.jpg,3.10103101e-09
2857609295_16aaa85293.jpg,-3.143127656e-09
3479245321_6a5bc470f8.jpg,-4.732180379e-09
3482787182_a5c6d4b386.jpg,-6.303066127e-09
263854883_0f320c1562.jpg,-9.777727676e-10
3084034954_fe5737197d.jpg,-1.107381975e-09
2911107495_e3cec16a24.jpg,8.184904817e-10
2273105617_7c73d2d2d3.jpg,-1.025539956e-08
2772084628_c0ae29d87a.jpg,2.054656484e-09
3663951804_868982f3f9.jpg,-9.1067136e-09
437404867_209625774d.jpg,1.380624323e-09
3376014640_ff5b00769f.jpg,-3.112430443e-10
771366843_a66304161b.jpg,2.09285736e-09
3084011028_d1e2c40d7d.jpg,1.475285691e-09
2157003092_eaeb977789.jpg,3.374240723e-09
3504940491_94c43792ed.jpg,3.743782804e-09
2993049054_611f900644.jpg,1.359933463e-08
2544182005_3aa1332bf9.jpg,-2.468955709e-09
2924884899_f512c84332.jpg,-1.400338845e-09
2090386465_b6ebb7df2c.jpg,-8.074544249e-10
127450902_533ceeddfc.jpg,-3.690385723e-09
3234401637_84e0d14414.jpg,2.090290394e-09
1429546659_44cb09cbe2.jpg,4.514392939e-09
2564663851_3a9832e4fc.jpg,-3.19581116e-09
3554634863_5f6f616639.jpg,-4.664882087e-09
2929006980_9f9f8f3d21.jpg,3.690536473e-09
3425835357_204e620a66.jpg,-1.254569109e-09
2075493556_b763648389.jpg,4.173073849e-10
3556390715_65c6d1e88b.jpg,-2.734352529e-09
3590654365_fd4819f48b.jpg,-8.513916249e-10
265528702_8653eab9fa.jpg,-2.232611454e-09
3551787566_b5ebbe2440.jpg,7.409689503e-09
2736902411_a0010f89ae.jpg,-1.249409469e-09
3413669228_ec64efeb34.jpg,2.385450098e-09
3700346840_bb80d622f7.jpg,-6.751587714e-10
3036641436_d6594fc45f.jpg,-7.246440034e-09
2974501005_346f74e5d8.jpg,4.809083551e-09
2599444370_9e40103027.jpg,-1.211475188e-09
3187096035_65dc416291.jpg,3.322071705e-09
2543679402_9359e1ee4e.jpg,-1.03786701e-09
1245022983_fb329886dd.jpg,6.618670315e-10
3472066410_065b4f99d3.jpg,8.123550758e-10
3016741474_72b4355198.jpg,-8.256609673e-10
1802092493_7b44fdb6b9.jpg,9.713955142e-09
2181724497_dbb7fcb0a9.jpg,9.554277249e-09
3539840291_1c3eed701d.jpg,-1.158083371e-09
3264464625_c711cc40c6.jpg,-5.432455644e-10
447733067_09cfac3286.jpg,-1.816660256e-09
3201594926_cd2009eb13.jpg,-1.163923089e-09
289599470_cc665e2dfb.jpg,1.990462115e-12
3656030945_fa003bd696.jpg,2.025677022e-10
979383193_0a542a059d.jpg,-8.993029107e-09
3155400369_69e3d6d70f.jpg,5.506195533e-09
3043685748_130db75e3b.jpg,-7.406882291e-10
2072574835_febf0c5fb9.jpg,-2.527945111e-09
300314926_0b2e4b64f5.jpg,-3.854924877e-09
3530087422_7eb2b2c289.jpg,1.640255705e-09
293327462_20dee0de56.jpg,-7.480600173e-09
750196276_c3258c6f1b.jpg,1.495947326e-10
2619454551_c4bb726a85.jpg,8.30053529e-10
300148649_72f7f0399c.jpg,2.493735536e-09
894928353_002a3d5f06.jpg,1.27542246e-09
2917057791_3d68a055ca.jpg,8.318148108e-09
366713533_bd6d48cf02.jpg,-5.326986495e-09
3398746625_5199beea71.jpg,-6.736701484e-09
3191135894_2b4bdabb6d.jpg,2.882287697e-09
2973269132_252bfd0160.jpg,1.713315365e-09
3315616181_15dd137e27.jpg,3.591555381e-10
1251558317_4ef844b775.jpg,2.621835882e-09
1932314876_9cc46fd054.jpg,-5.886450211e-09
366548880_3d3e914746.jpg,-3.440745763e-09
3448855727_f16dea7b03.jpg,1.107679786e-08
3025315215_a5d367971a.jpg,-1.354440226e-09
3017203816_5dc2a6b392.jpg,-6.192784704e-09
2707933554_f6dc5e0e3c.jpg,8.356158834e-09
2516317118_10ae66b87a.jpg,7.193315389e-09
2426215757_e008a91fcb.jpg,-4.499246692e-09
2806710650_e201acd913.jpg,7.52346828e-09
3319338707_892ae2a660.jpg,4.050768973e-10
3681651647_08eba60f89.jpg,-1.438822587e-09
1461653394_8ab96aae63.jpg,-7.97238728e-09
3216085740_699c2ce1ae.jpg,-4.407564429e-10
3582914739_bef2828a06.jpg,-2.335346729e-09
256958382_b9006bfc5b.jpg,9.009660406e-10
3466891862_9afde75568.jpg,6.944444721e-09
1022454332_6af2c1449a.jpg,-9.728139577e-09
2375924666_fee50f1cba.jpg,-5.150586472e-09
2975807155_5a8610c297.jpg,6.852481042e-09
2918653119_f535fc25c4.jpg,-2.898619486e-09
3432586199_e50b0d6cb7.jpg,-3.329045356e-09
3090386315_87ed417814.jpg,-1.302525839e-09
2970461648_fe14ba0359.jpg,-1.230943357e-09
3474985112_24ef46e82d.jpg,-2.91192542e-09
2715155329_1ed1756000.jpg,-5.607348381e-10
2981372647_2061278c60.jpg,-8.084779472e-10
3199645963_a681fe04f8.jpg,5.215028676e-10
3361882891_6e610ffdbb.jpg,-4.807853082e-09
370442541_60d93ecd13.jpg,-9.458054527e-10
1482960952_95f2d419cb.jpg,4.386538492e-09
1198194316_543cc7b945.jpg,-6.75769508e-10
2136992638_098d62a3c5.jpg,-6.360391305e-10
2831672255_d779807c14.jpg,-6.130940354e-09
3133403457_95dfe11da1.jpg,-4.029556169e-09
2270483627_16fe41b063.jpg,-9.526972082e-10
2830880811_d7f66dd2cf.jpg,2.390403168e-10
3028969146_26929ae0e8.jpg,4.449632923e-09
3435015880_eda46ff50f.jpg,-2.894926386e-09
3210457502_c6030ce567.jpg,-5.340430741e-09
3246804978_ea2c9e56f2.jpg,8.094676607e-09
544301311_5e7d69a517.jpg,4.184367519e-09
3405113041_4b72c24801.jpg,2.957493818e-09
3494345896_dd6b32cfa3.jpg,7.537240722e-09
3697153626_90fb177731.jpg,-2.479684421e-09
2942094037_f6b36fd3db.jpg,7.861101101e-09
3688839836_ba5e4c24fc.jpg,-5.283531429e-09
1234293791_6566284bcd.jpg,1.191049483e-09
2998024845_1529c11694.jpg,9.03852166e-10
3514179514_cbc3371b92.jpg,-1.370853676e-09
2877637572_641cd29901.jpg,1.032470464e-09
3336211088_4c294a870b.jpg,-2.973460438e-09
453756106_711c20471a.jpg,5.547855002e-09
3116039960_54d1d68145.jpg,1.283371362e-09
3634828052_3b6aeda7d6.jpg,3.262958325e-09
1384292980_4022a7520c.jpg,-2.744386572e-09
2747640247_b54bfa6886.jpg,8.398035531e-10
2784625888_71a421e171.jpg,-2.796329754e-09
2059616165_b7c99c1009.jpg,1.288200379e-09
2232518012_8cb0bbc43b.jpg,-6.292252645e-09
3079787482_0757e9d167.jpg,1.248811184e-09
531197115_2be4d5034b.jpg,4.232131845e-09
2194797921_96af7a9467.jpg,-2.091066891e-09
3211210739_3dea005fde.jpg,4.637182119e-09
229951087_4c20600c32.jpg,-4.450185153e-09
3582814058_564776f26c.jpg,1.189844648e-09
241347547_902725b9f8.jpg,-1.568612315e-09
265223843_9ef21e1872.jpg,-3.841028779e-09
3576840040_9356b5b10a.jpg,6.45391323e-10
2170187328_65c2f11891.jpg,-4.608141434e-09
374104006_7f32c8c5de.jpg,-1.396128207e-09
3391209042_d2de8a8978.jpg,3.312529151e-09
3073579130_7c95d16a7f.jpg,-6.824711831e-09
3153828367_5fc2c37c07.jpg,2.291581028e-09
2664102751_d5a737a566.jpg,-1.847018871e-10
799431781_65dc312afc.jpg,3.001726853e-09
3403370354_5d266873b4.jpg,3.578331029e-09
2107838729_a527e434bd.jpg,-1.597311177e-09
3458625738_297857369c.jpg,-9.413130423e-10
2102724238_3cf921d7bb.jpg,7.245979794e-09
2606433181_f8f9d38579.jpg,1.930475435e-09
2062607137_dac194ad02.jpg,-2.99895939e-09
3108544687_c7115823f5.jpg,-1.656626653e-09
2870875612_2cbb9e4a3c.jpg,4.807101598e-09
2479652566_8f9fac8af5.jpg,-7.071236754e-10
2508313118_524e93d48c.jpg,1.016721586e-09
2271468944_3264d29208.jpg,-6.223551063e-09
2538477523_1da77eb11c.jpg,8.130517997e-09
2872806249_00bea3c4e7.jpg,-2.111115976e-09
3506216254_04d119cac7.jpg,-6.022375541e-10
1020651753_06077ec457.jpg,-4.62386016e-10
3582920844_2742804f3d.jpg,-6.009764614e-09
3726590391_bc6e729bb6.jpg,6.994435576e-09
1574401950_6bedc0d29b.jpg,4.723700517e-09
409327234_7b29eecb4e.jpg,3.987405633e-09
2540326842_bb26cec999.jpg,4.400998718e-09
3467073304_aefe553c4d.jpg,7.922534707e-09
522700240_d9af45e60d.jpg,-4.793445854e-09
3595408539_a7d8aabc24.jpg,-9.75722379e-11
3601803640_5f3cb05acf.jpg,-5.332510368e-09
3397803103_8a46d716f4.jpg,-1.186363404e-10
1440024115_129212c988.jpg,7.281045682e-09
1032122270_ea6f0beedb.jpg,-3.778098277e-10
2581066814_179d28f306.jpg,-2.439020911e-10
2406591500_403f145905.jpg,-8.9462479e-10
2274992140_bb9e868bb8.jpg,-5.412364312e-09
3475111806_f0d2927707.jpg,4.2215518e-09
3634032601_2236676cdd.jpg,3.249994632e-09
2250870111_8402d2319d.jpg,1.840843285e-09
1473250020_dc829a090f.jpg,5.213026125e-09
3130064588_6d1d3fa2dd.jpg,6.39603937e-09
1478606153_a7163bf899.jpg,4.742288691e-09
2302516347_26054442f9.jpg,1.080652467e-10
3461041826_0e24cdf597.jpg,-1.701707165e-09
3259229498_2b5708c0c6.jpg,2.786041393e-09
3217893350_57be430d06.jpg,-3.934490841e-10
2098418613_85a0c9afea.jpg,-4.035402608e-09
160792599_6a7ec52516.jpg,1.275026009e-08
2100046085_69b59b6645.jpg,-1.913481493e-09
2629334536_11f2d49e05.jpg,3.089807361e-09
407008823_bdd7fc6ed5.jpg,4.807239577e-09
509123893_07b8ea82a9.jpg,2.000232817e-09
326585030_e1dcca2562.jpg,-1.594270521e-11
270816949_ffad112278.jpg,8.568179407e-09
3375070563_3c290a7991.jpg,-1.754092186e-09
3613375729_d0b3c41556.jpg,-1.13531089e-09
244399048_8332bb3270.jpg,2.606967322e-09
3165936115_cb4017d94e.jpg,-1.570815681e-09
3031263767_2e3856130e.jpg,4.445668295e-10
3665569615_9a71c4b6e4.jpg,-5.724579993e-10
661757041_61e131e913.jpg,-2.59717807e-09
3442272060_f9155194c2.jpg,-1.913105709e-09
3514184232_b336414040.jpg,-1.471720975e-08
1187435567_18173c148b.jpg,4.341668474e-09
3147913471_322ea231d9.jpg,3.365814198e-09
1784309115_0ad6791146.jpg,-7.237936052e-09
2714699748_c9270dd5aa.jpg,5.287258124e-09
3262301835_9f1a49b80a.jpg,-3.186405637e-09
3331525712_af1dcc47f2.jpg,-6.943328505e-09
2402744031_11f9f2f2b8.jpg,-1.207497691e-09
3572144280_ea42bbd927.jpg,-9.86945171e-10
2739331794_4ae78f69a0.jpg,-7.307899536e-10
3245912109_fdeef6b456.jpg,6.350784946e-10
3518675890_2f65e23ff9.jpg,1.788898639e-10
3458379941_657182bb09.jpg,-1.535448568e-09
2428086758_bce4733f7e.jpg,5.420479598e-09
1794818900_e0ffdd268e.jpg,2.576173633e-10
1386251841_5f384a0fea.jpg,-5.744440626e-09
1121416483_c7902d0d49.jpg,7.065159695e-09
247097023_e656d5854d.jpg,-5.086045215e-09
2431120202_b24fe2333a.jpg,1.325353752e-10
2909609550_070eea49b5.jpg,-8.756778543e-09
2635908229_b9fc90d3fb.jpg,1.897418307e-11
3544803461_a418ca611e.jpg,-2.728021716e-09
3214100656_80cda1b86b.jpg,6.690258868e-09
3703960010_1e4c922a25.jpg,-2.37272241e-09
2317714088_bcd081f926.jpg,-2.408936616e-09
3298175192_bbef524ddc.jpg,7.392907702e-09
3353950389_1153d5e452.jpg,-2.394765694e-09
3705430840_e108de78bf.jpg,-3.732146012e-09
3427023324_f1f6504bf4.jpg,-4.052201255e-09
3084010872_cbc3ea8239.jpg,-3.587072582e-09
2498897831_0bbb5d5b51.jpg,2.962661284e-10
3636418958_f038130bb2.jpg,3.088143021e-09
584484388_0eeb36d03d.jpg,3.179180253e-09
3666574371_317b008d2a.jpg,2.966863212e-09
3254645823_a7c072481c.jpg,-1.290692375e-09
2687529141_edee32649e.jpg,4.970392015e-09
540604040_bec822c144.jpg,-6.419058714e-09
3280052365_c4644bf0a5.jpg,-9.127760144e-10
2295750198_6d152d7ceb.jpg,-3.54137467e-09
530950375_eea665583f.jpg,-6.440340824e-09
251958970_fa6b423f23.jpg,2.72124051e-09
1459250022_bf1eddad11.jpg,-4.419793197e-09
2596514158_c516e57974.jpg,-1.139957569e-09
3192311620_99bda27fbd.jpg,-1.128478826e-09
244760301_5809214866.jpg,-4.982048037e-10
2923475135_a6b6e13d26.jpg,4.594229238e-10
3177799416_5bd0382370.jpg,-4.013769905e-10
2507182524_7e83c6de82.jpg,1.70661156e-09
2370481277_a3085614c9.jpg,-3.82552507e-09
2141713971_e25eb12712.jpg,-5.080180004e-09
2883907436_82bf4a36b8.jpg,4.90323999e-09
498444334_a680d318a1.jpg,3.561762469e-09
222759342_98294380fc.jpg,-2.469072692e-09
3502343542_f9b46688e5.jpg,-1.793572446e-09
2721656220_5f4cda8bc1.jpg,-9.943585812e-10
424869823_7aec015d87.jpg,-8.616031036e-09
3148811252_2fa9490a04.jpg,-2.603752503e-09
3415287719_3c776f370e.jpg,7.420529043e-10
2444134813_20895c640c.jpg,-6.044560174e-09
2260560631_09093be4c6.jpg,-9.951456191e-09
3396153660_f729d9f9b9.jpg,6.92803219e-09
3432634159_1eb9a73306.jpg,-2.549986654e-10
751737218_b89839a311.jpg,8.925468751e-10
3078229723_2aa52600de.jpg,1.068573143e-08
470887785_e0b1241d94.jpg,-3.671204294e-09
3615239961_62b4dbc174.jpg,-8.147464154e-10
3125158798_0743dae56e.jpg,-5.855891844e-09
468608014_09fd20eb9b.jpg,-1.958986225e-09
109738916_236dc456ac.jpg,-1.309280603e-09
2852982055_8112d0964f.jpg,2.08963395e-09
2367317953_503317493e.jpg,4.828644114e-09
3206058778_7053ee6b52.jpg,-9.954886446e-10
3667908724_65c7d112f2.jpg,4.145367489e-09
519061891_320061864e.jpg,-3.476025736e-09
3271468462_701eb88d3b.jpg,3.016198251e-09
2199083344_3aa77f4879.jpg,-4.330184423e-09
3621741935_54d243f25f.jpg,1.377522778e-09
2087317114_cf06df5aa5.jpg,7.11199198e-09
3238654429_d899e34287.jpg,-4.583595129e-09
2268596214_ca532f5c63.jpg,-1.451819364e-09
3564312955_716e86c48b.jpg,-4.72969579e-09
1714316707_8bbaa2a2ba.jpg,4.372438048e-10
109260216_85b0be5378.jpg,-3.301522041e-09
2872197070_4e97c3ccfa.jpg,-4.798741428e-09
747242766_afdc9cb2ba.jpg,-3.173036826e-09
191003287_2915c11d8e.jpg,-2.801819202e-09
399246804_b4b5dc70e1.jpg,3.937143981e-09
3259222690_69737f2a6e.jpg,-3.772351285e-09
2543017787_9720b4fa1c.jpg,-1.361299041e-09
417577408_eb571658c1.jpg,-7.551262908e-09
832128857_1390386ea6.jpg,7.915874088e-09
3443161359_65544fd732.jpg,-2.599855661e-09
3322389758_394c990b6a.jpg,2.075473271e-09
269361490_a22ae818bf.jpg,-3.863515316e-09
3421131122_2e4bde661e.jpg,5.438415705e-09
989754491_7e53fb4586.jpg,-5.107410556e-09
3174726084_c108de0a64.jpg,5.190634143e-09
3745451546_fc8ec70cbd.jpg,-4.992338734e-09
2374247382_023a86b9ca.jpg,-3.660370287e-09
246231741_882b45c4e1.jpg,-5.659795934e-09
2887798667_ce761d45e8.jpg,8.485564127e-10
425706089_f138118e12.jpg,1.570168194e-09
3320756943_9d004f9824.jpg,9.213813557e-09
255091930_aa2b5c0eb9.jpg,-2.998391982e-09
2226534154_cbcab7ba32.jpg,2.487951854e-10
3694064560_467683205b.jpg,2.943421787e-09
3201666946_04fe837aff.jpg,-6.622136256e-09
1799271536_6e69c8f1dc.jpg,-1.805036792e-09
2426724282_237bca30b5.jpg,-5.054784823e-09
526955751_f519d62b58.jpg,3.783126438e-09
3089742441_d42531c14f.jpg,-3.15939819e-10
3520869880_2e8b7d7842.jpg,-9.985459365e-10
3244747165_17028936e0.jpg,2.029026007e-10
2644430445_47c985a2ee.jpg,1.477482928e-09
3526150930_580908dab6.jpg,5.170619477e-09
3713882697_6dd30c7505.jpg,-1.48486195e-09
3266306177_7994dc2865.jpg,-1.183717707e-10
2883099128_0b056eed9e.jpg,-1.664666641e-09
2812125355_5e11a76533.jpg,-2.656388526e-09
3607489370_92683861f7.jpg,1.758705994e-09
2399551242_c62a46dd5f.jpg,6.380749112e-09
2199250692_a16b0c2ae1.jpg,1.241768367e-09
275002371_5b200e6a92.jpg,-2.366458267e-09
3169777863_d745865784.jpg,7.359118501e-09
3604391853_b4809fcb8c.jpg,-2.883012574e-09
3518443604_6da641f07d.jpg,-1.102222666e-09
3045613316_4e88862836.jpg,-7.932592814e-09
442220883_ff3d6e507f.jpg,-3.102683829e-09
2193980605_4221c6474d.jpg,-3.844228118e-09
302241178_a582c1b953.jpg,-2.299049765e-09
514990193_2d2422af2c.jpg,-2.868502962e-09
2065875490_a46b58c12b.jpg,-2.986782001e-09
3061481868_d1e00b1f2e.jpg,1.119605491e-08
3157847991_463e006a28.jpg,-1.832130784e-09
3497485793_e36c1d2779.jpg,-2.25154153e-09
798343627_7492fe0c12.jpg,4.51802968e-09
2417745327_a2c2705043.jpg,6.435047836e-09
2815755985_0fa55544c0.jpg,2.89995065e-09
3593222804_c187808ac3.jpg,6.597961402e-09
2586911841_41b7a48c91.jpg,-5.542189384e-09
498794783_cc2ac62b47.jpg,-1.350157229e-10
1094462889_f9966dafa6.jpg,-2.704648078e-09
225699652_53f6fb33cd.jpg,-1.198762678e-09
1876536922_8fdf8d7028.jpg,-2.44009198e-09
1144288288_e5c9558b6a.jpg,-4.529751018e-09
1396064003_3fd949c9dd.jpg,1.456378233e-09
1904112245_549e47c8aa.jpg,2.028420021e-09
2860400846_2c1026a573.jpg,-2.678742402e-09
2877424957_9beb1dc49a.jpg,-9.474444064e-11
743571049_68080e8751.jpg,-7.855136902e-10
689776124_07f560a920.jpg,-8.851297797e-10
2209496328_2a34fd201d.jpg,-2.845106837e-09
3229821595_77ace81c6b.jpg,1.39329695e-08
3098824948_23c31df031.jpg,-1.006817139e-09
240583223_e26e17ee96.jpg,4.153109419e-09
3325578605_afa7f662ec.jpg,-1.116893303e-09
2569643552_23696a9ba5.jpg,-1.071080581e-08
2706766641_a9df81969d.jpg,-1.994725831e-09
2280525192_81911f2b00.jpg,7.492982388e-09
1131155939_b4b457b05e.jpg,3.078726896e-09
319938879_daf0857f91.jpg,-2.34726742e-09
3559429170_3183c404b9.jpg,-7.544715398e-09
205682549_713aa6cd88.jpg,1.793843277e-10
1572532018_64c030c974.jpg,-5.628774387e-09
390360326_26f5936189.jpg,-9.851148733e-09
441212506_fcc321ac28.jpg,-8.433190817e-10
1398873613_7e3174dd6c.jpg,-4.993202703e-09
1989145280_3b54452188.jpg,-7.955138246e-10
2831656774_36982aafdb.jpg,3.534573239e-10
539750844_02a07ec524.jpg,1.050257035e-09
3364026240_645d533fda.jpg,1.457470418e-10
283428775_a3665bee7c.jpg,-2.002366228e-09
211295363_49010ca38d.jpg,-3.227497563e-09
2911238432_33ec2d8cec.jpg,-4.360255684e-09
2696951725_e0ae54f6da.jpg,2.007826407e-09
254901702_67ada9867c.jpg,-2.474797364e-09
3582465732_78f77f34ae.jpg,-8.951426617e-10
2446315531_7c9704eec0.jpg,1.373231376e-09
241346508_0b3907a95b.jpg,-2.259990975e-09
3187924573_203223e6c0.jpg,3.248386987e-09
2301867590_98c0ecb0cb.jpg,6.444933752e-09
2855727603_e917ded363.jpg,-5.376506341e-09
2573667207_a1bf49befc.jpg,-6.698177557e-10
693785581_68bec8312a.jpg,2.744725059e-09
47871819_db55ac4699.jpg,2.610223197e-10
3565749152_7924d15b04.jpg,7.114549286e-10
3389321512_b11f499dab.jpg,3.492136006e-10
236476706_175081ce18.jpg,-1.84317219e-09
3134385454_4f1d55333f.jpg,5.165317983e-10
3146355833_1b7fc80210.jpg,1.538384891e-09
3556485995_9cd40269e9.jpg,3.236567854e-09
3392019836_c7aeebca1c.jpg,-3.023615294e-09
1895768965_43cd9d164f.jpg,6.341450385e-09
1075867198_27ca2e7efe.jpg,1.302892908e-09
3562001359_65c63aeda3.jpg,-1.27835434e-09
3623331945_df0f51d7dd.jpg,3.640361819e-09
1370615506_2b96105ca3.jpg,3.520714551e-09
3041384194_04316bd416.jpg,9.472909244e-11
3243020805_2bafc36c45.jpg,4.307428298e-09
3170897628_3054087f8c.jpg,-5.08401866e-09
3036033157_522a43a550.jpg,-3.068069059e-09
3713922357_e0a013fb97.jpg,-7.394043762e-09
3398745929_8cd3bbb8a8.jpg,6.341262352e-09
2773400732_5b65a25857.jpg,-1.409959106e-09
476233374_e1396998ef.jpg,1.00441523e-09
314685044_da4390728e.jpg,7.679154475e-09
2607130765_97833d6ce1.jpg,2.464934915e-09
2533076864_d799996433.jpg,-2.06223483e-09
3328397409_092de2bd32.jpg,3.638269958e-09
3225025519_c089c14559.jpg,-6.672540937e-09
3542425197_2ef81c6051.jpg,-7.225604767e-09
576075451_5e0f6facb3.jpg,-7.032471886e-09
2051194177_fbeee211e3.jpg,1.107039917e-08
2609836649_b55831ed41.jpg,1.137707465e-09
539493423_9d7d1b77fa.jpg,8.465928094e-09
3546720729_38fff1bbd9.jpg,-4.031674636e-09
3138399980_d6ab8b2272.jpg,2.93605845e-09
3686078365_9e655e238f.jpg,4.838960679e-09
300577375_26cc2773a1.jpg,1.125861544e-08
3417037373_67f7db2dd2.jpg,-1.95993412e-09
3225478803_f7a9a41a1d.jpg,-3.800627416e-09
1169307342_e7a4685a5c.jpg,7.282258271e-09
2127031632_77505e4218.jpg,3.018656914e-09
3260191163_6c1551eee8.jpg,9.862833326e-09
278608022_4175813019.jpg,1.798439733e-10
1287931016_fb015e2e10.jpg,-6.271100679e-09
2937178897_ab3d1a941a.jpg,-3.513192196e-09
2937461473_11bbace28c.jpg,-5.38888074e-09
1386964743_9e80d96b05.jpg,-1.80401484e-09
3052038928_9f53aa2084.jpg,2.358416826e-09
2814028429_561a215259.jpg,-2.63989455e-09
3659090958_a56913ca68.jpg,-1.484388842e-09
391723162_3bdeb7ea33.jpg,1.476824099e-09
3404408360_430f73b034.jpg,7.33658174e-09
3319405494_58dee86b21.jpg,3.869262743e-10
3291587911_81fc33300e.jpg,2.676982017e-09
2293424366_7b5fcd2398.jpg,1.380382207e-09
3206919175_e3a11b6874.jpg,-5.843948072e-10
406642021_9ec852eccf.jpg,4.007550716e-09
3648081498_76ec091495.jpg,2.676104113e-09
2084103826_ffd76b1e3e.jpg,1.599992357e-09
3599124739_b7e60cf477.jpg,7.257046754e-10
1130401779_8c30182e3e.jpg,5.120871366e-09
3441511444_b031585b45.jpg,3.008572331e-09
3215847501_c723905ba4.jpg,-2.38170837e-09
311619377_2ba3b36675.jpg,-2.126286984e-09
801607443_f15956d1ce.jpg,-3.127495785e-09
3690883532_d883f34617.jpg,-4.623803322e-09
3517466790_17c7753a1a.jpg,-8.72190443e-10
2768972186_92787cd523.jpg,8.370720749e-10
3527261343_efa07ea596.jpg,2.630715142e-09
2587846523_b177c9a3e3.jpg,-2.419521129e-09
3350614753_5624e181b3.jpg,-9.528469585e-10
542269487_5d77b363eb.jpg,1.413069297e-09
1287982439_6578006e22.jpg,7.047210381e-09
3262760716_1e9734f5ba.jpg,1.337644373e-08
2267923837_ae88678497.jpg,3.358241857e-09
3429391520_930b153f94.jpg,1.740543012e-09
3613424631_3ae537624f.jpg,6.931774563e-09
1082252566_8c79beef93.jpg,-2.774991292e-10
3163323414_d1ce127aa6.jpg,7.725526095e-10
241346402_5c070a0c6d.jpg,-1.085890083e-09
2612949583_f45b3afe33.jpg,-1.031855117e-09
411011549_1298d2b4d2.jpg,-1.863800877e-09
1557838421_a33f2a4911.jpg,-2.845910035e-09
2444339090_bf7b3211f4.jpg,-5.496354426e-10
482098572_e83153b300.jpg,-5.477389239e-09
3726130458_07df79e969.jpg,5.277975805e-09
3417672954_46b75dea8d.jpg,-2.451136726e-09
3376809186_4e26d880b7.jpg,1.058087253e-08
3227423095_5049951eab.jpg,2.024264877e-09
1298295313_db1f4c6522.jpg,3.85202119e-10
756004341_1a816df714.jpg,-7.330793442e-09
3058439373_9276a4702a.jpg,-6.074754958e-09
2287887341_663bfa15af.jpg,8.780046617e-11
1581822598_0ae23074f1.jpg,8.690258259e-09
3105929913_94a6882e25.jpg,-1.289914713e-09
540873795_ae62ae6f60.jpg,-4.538862779e-09
3461114418_c27b4043a2.jpg,3.886516712e-09
3399798295_a452963365.jpg,-8.313721151e-10
3178489390_13a6ae7524.jpg,1.266799803e-09
3604496023_c1f546423e.jpg,-3.525140091e-09
324208502_674488bcea.jpg,1.938951905e-09
426805536_d1d5e68c17.jpg,7.568490152e-10
246508774_1e9885f1b7.jpg,-1.585605839e-09
1402640441_81978e32a9.jpg,-2.75326446e-09
3124549928_10904a5a83.jpg,-4.512097394e-09
3414734842_beb543f400.jpg,3.998196594e-09
1019077836_6fc9b15408.jpg,1.941534318e-09
3307077951_dd31f1971c.jpg,3.644240586e-10
2709275718_73fcf08c23.jpg,3.868865418e-09
3264397357_72f084cac1.jpg,-5.046006303e-09
562588230_edb2c071c8.jpg,7.729596879e-10
3171066023_ec60ba30f3.jpg,-8.225931478e-09
1670592963_39731a3dac.jpg,-1.86375916e-09
1271210445_7f7ecf3791.jpg,4.30355385e-09
3728695560_00ec1ca492.jpg,1.597466376e-10
846085364_fc9d23df46.jpg,-1.114618052e-09
3643684616_9d2be87a5a.jpg,-2.656051843e-09
2192411521_9c7e488c5e.jpg,-4.949836896e-10
2369840118_a1c4240ab7.jpg,1.63503571e-09
3244910944_612b8ce98f.jpg,-8.441931868e-09
2850719435_221f15e951.jpg,1.603739966e-11
3544233095_4bca71df1d.jpg,1.525612839e-09
3217291172_10ef70af88.jpg,1.461658741e-09
3351360323_91bb341350.jpg,1.136703818e-09
2610447973_89227ff978.jpg,3.643087882e-09
1491192153_7c395991e5.jpg,2.855752313e-09
3502459991_fdec2da131.jpg,-1.399518578e-09
1563731247_7f21d8bec0.jpg,-6.739166504e-09
3653462288_bfe2360a64.jpg,6.21647868e-09
2960422620_81889a3764.jpg,5.806285496e-11
2340206885_58754a799a.jpg,3.631793247e-10
1508269285_6c5723f67d.jpg,3.23826068e-09
2752329719_868545b7d2.jpg,6.936428702e-10
3070031806_3d587c2a66.jpg,6.211378269e-09
477254932_56b48d775d.jpg,4.49366661e-09
3595398879_13e33b8916.jpg,-2.10663492e-10
3430100177_5864bf1e73.jpg,9.47685307e-10
524036004_6747cf909b.jpg,-1.098102758e-09
2395967330_7e6ea404f6.jpg,-8.456362914e-10
2127209046_94711c747b.jpg,-9.865771202e-09
3197981073_3156963446.jpg,9.163295471e-09
2705793985_007cc703fb.jpg,-5.03052012e-12
3183060123_ea3af6278b.jpg,5.876049651e-09
3307667255_26bede91eb.jpg,5.199489556e-09
2318502106_33f2e4b4fc.jpg,-2.644034558e-09
1552065993_b4dcd2eadf.jpg,5.68895579e-09
3576536763_3c8c4f232e.jpg,-1.983133721e-09
3652150541_8fb5a3a5d1.jpg,-3.857303658e-09
2881441125_b580e3dd4b.jpg,3.424595357e-09
3058627443_1d57ff0a2c.jpg,-1.114882682e-09
3416091866_a96003d652.jpg,3.608855942e-10
3347798761_5c5260b000.jpg,-4.278627112e-09
3485657956_7481582565.jpg,-4.551072668e-09
3668984985_b60ceb2ae9.jpg,-2.167732026e-09
1814086703_33390d5fc7.jpg,1.580639976e-10
2747436384_9470c56cb9.jpg,-1.226107309e-08
1248940539_46d33ed487.jpg,3.21593964e-09
3325974730_3ee192e4ff.jpg,-6.467711657e-09
3516960094_87fb4889de.jpg,-5.384834746e-09
3549006919_3604bc813e.jpg,3.816029287e-09
2197275664_fabcf3424b.jpg,1.747734583e-09
1499495021_d295ce577c.jpg,1.485162618e-09
2428275562_4bde2bc5ea.jpg,-2.59568798e-09
3230101918_7d81cb0fc8.jpg,1.521802701e-09
3400385314_a5bc062e97.jpg,-7.386764399e-11
2892989340_bb7e0e5548.jpg,2.226876496e-09
387974450_bcd205daac.jpg,6.565482551e-10
3703035378_c6034cac51.jpg,-1.187975185e-09
3019609769_c7809177f6.jpg,-4.540915042e-09
374828031_9d087da5cf.jpg,-3.813819963e-09
2637904605_fc355816fc.jpg,-2.69779467e-09
2469620360_6c620c6f35.jpg,1.60366308e-09
2127207912_9298824e66.jpg,-3.355912598e-09
2876494009_9f96d7eaf2.jpg,3.239741441e-09
1287475186_2dee85f1a5.jpg,4.594925465e-09
3508637029_89f3bdd3a2.jpg,-2.680348884e-10
3372340429_91c4f4af30.jpg,1.704088131e-09
172092461_a9a9762e13.jpg,2.296603299e-09
3502563726_30d1ce29c8.jpg,-1.175240997e-09
3225037367_a71fa86319.jpg,1.940466673e-10
2190137367_746335f707.jpg,-7.615648362e-09
3400041870_4e7732b40f.jpg,1.240549418e-09
373219198_149af371d9.jpg,1.679622322e-09
2798880731_4f51634374.jpg,-4.128022167e-09
3587449716_3bf1552c36.jpg,9.415308403e-09
275401000_8829250eb3.jpg,-1.567088845e-09
2752175795_c9def67895.jpg,-5.26070863e-09
2529116152_4331dabf50.jpg,-4.808966733e-09
2712787899_d85048eb6a.jpg,1.110778302e-08
3590294974_4ef98f013e.jpg,-6.636047358e-09
2414710960_a4cde4af60.jpg,2.914126694e-09
2266142543_b2de18c081.jpg,1.030515278e-08
3116011063_f4071ccce6.jpg,-1.435487049e-09
2942311160_a154104c62.jpg,-1.646034375e-09
207731022_988f6afb35.jpg,-3.956924699e-09
2554081584_233bdf289a.jpg,3.420812242e-10
1167662968_e466f1e80a.jpg,4.194841422e-09
2728486640_cc2a31d2b0.jpg,3.598269766e-09
3698607223_22fe09763a.jpg,-1.231901311e-09
2415803492_56a673dc25.jpg,-6.52852468e-09
2557129157_074a5a3128.jpg,-4.470200151e-11
3145869775_85dfae43bd.jpg,-3.993868602e-09
473988700_570422001b.jpg,-4.984437609e-09
97731718_eb7ba71fd3.jpg,-2.463200372e-09
3714551959_66ece78f27.jpg,-8.787305736e-10
3681172959_6674c118d2.jpg,3.309787857e-09
2053441349_a98b5fc742.jpg,-5.471689827e-09
2748729903_3c7c920c4d.jpg,1.878812774e-09
3247500085_c4f641aa84.jpg,-5.271817106e-10
191003283_992257f835.jpg,-1.061035538e-09
361183669_52be9662b9.jpg,6.399412761e-09
3289893683_d4cc3ce208.jpg,1.761130177e-09
3685372942_6ae935b34e.jpg,1.097086089e-09
3259222980_04fb62df97.jpg,-3.508236387e-09
3583293892_c96af8cd98.jpg,1.550339782e-09
417966898_a04f9b5349.jpg,6.335680181e-10
315021440_122d56ebd7.jpg,3.290330903e-09
2672354635_3a03f76486.jpg,1.858159175e-09
2633722629_5eeb649c09.jpg,5.5053811e-09
3352697012_751b079bbb.jpg,4.100780019e-09
2708744743_e231f7fcf9.jpg,2.556569305e-09
756521713_5d3da56a54.jpg,-3.664971666e-09
3455898176_f0e003ce58.jpg,5.43980848e-09
2968135512_51fbb56e3e.jpg,2.223468479e-09
532036676_e88b13e0a1.jpg,4.075464464e-09
3088572348_264c47f78c.jpg,-6.39615784e-09
516394876_8b9b8021bc.jpg,8.4686862e-10
466956209_2ffcea3941.jpg,3.150593343e-09
451326127_2d95a2e1c2.jpg,-1.399490176e-09
2449289139_08fc1092c1.jpg,-5.704983762e-09
3131160589_dc73c209b7.jpg,2.729352438e-09
2656987333_80dcc82c05.jpg,-7.174539875e-10
2543589122_ec3e55f434.jpg,5.847111783e-10
3324375078_9441f72898.jpg,4.287279089e-10
406248253_27b5eba25a.jpg,3.259390173e-09
3425887426_bf60b8afa3.jpg,-1.914271872e-10
2774362575_7543b8bf19.jpg,1.237130486e-09
3155390408_8e1a81efb2.jpg,-5.248585346e-09
1731546544_9fbf14617b.jpg,7.526727365e-09
2785115802_137fa30000.jpg,-3.117039234e-09
95783195_e1ba3f57ca.jpg,2.521550066e-10
3593538248_dffa1a5ed4.jpg,9.152374181e-09
3209620285_edfc479392.jpg,-7.111589029e-09
3204354161_caf89ec784.jpg,7.062362175e-10
3278811919_d5a3432af6.jpg,8.995942181e-10
3110018626_307a123b59.jpg,-4.409448136e-09
2676649969_482caed129.jpg,2.90369924e-09
2595186208_9b16fa0ee3.jpg,2.601066237e-10
3422979565_e08cd77bfe.jpg,-1.863396836e-09
3638631362_af29bbff01.jpg,5.335368578e-10
3473264983_67917a931f.jpg,1.554466833e-09
3703413486_3c682732a0.jpg,3.26731463e-09
498492764_fe276e505a.jpg,7.112487845e-09
732468337_a37075225e.jpg,-1.342364309e-09
3399944164_ec24123945.jpg,-1.571529088e-10
2786299623_a3c48bd318.jpg,1.53545832e-10
3554210976_fbd0ef33a3.jpg,-6.032142587e-09
2733659177_d74a00995b.jpg,-4.358072227e-09
3325497914_f9014d615b.jpg,-2.499419726e-09
3259694057_fae7484b0a.jpg,-7.773597139e-09
3115354165_44dbeec6c1.jpg,-8.677956581e-09
1052358063_eae6744153.jpg,-2.51863094e-09
792362827_5ab5281b99.jpg,-1.454274866e-09
2670560883_7e7b563092.jpg,-1.080089191e-09
3044745642_1d0784ff29.jpg,-1.295072848e-09
3550253365_27d4c303cf.jpg,5.97561206e-09
1461667284_041c8a2475.jpg,7.085314636e-09
3365348059_9773165302.jpg,4.08624654e-09
733752482_ee01a419e5.jpg,1.061470734e-09
2587818583_4aa8e7b174.jpg,-1.060452056e-09
698107542_3aa0ba78b4.jpg,4.42540016e-09
3522076584_7c603d2ac5.jpg,8.92973048e-09
3220151692_d398ef9779.jpg,8.055800822e-12
2574509968_e4692ae169.jpg,7.660449567e-10
476760133_c33d2bd83d.jpg,-5.926146029e-09
3208999896_dab42dc40b.jpg,1.29709307e-09
2562166462_b43b141d40.jpg,4.024372665e-09
454686980_7517fe0c2e.jpg,2.851582403e-09
3192266178_f9bf5d3dba.jpg,5.293240504e-09
2285152690_3fb93f65f1.jpg,3.083071352e-09
3434526008_02359881a0.jpg,3.690510602e-10
2661138991_d55aa0e5dc.jpg,-3.549989122e-09
2565703445_dd6899bc0e.jpg,2.550876188e-09
2522540026_6ee8ab4c6a.jpg,5.671514104e-09
707972553_36816e53a2.jpg,1.545161436e-09
2630806789_6835bbae95.jpg,-1.368771924e-09
2363100645_c3423a0433.jpg,8.441295512e-09
783353797_fdf91bdf4c.jpg,-8.122529942e-10
2732625904_4fbb653434.jpg,1.213189581e-09
2061144717_5b3a1864f0.jpg,-9.190464215e-09
2823075967_be4c350e9e.jpg,-4.887529703e-09
3399028417_50a621274c.jpg,-6.294547996e-09
2701042060_92508ea8fa.jpg,-3.159243232e-09
3088074124_481139dc92.jpg,1.293498154e-09
1350811702_2ce7cfd0c5.jpg,-4.19204078e-09
2221818690_9003756d33.jpg,3.139695089e-09
2485467050_1d5e2696d4.jpg,4.759549236e-09
3561734666_344f260cce.jpg,-7.874180632e-11
543102698_38e7e38bbc.jpg,-7.294587191e-10
2637510448_4521cf6f29.jpg,-3.698203438e-09
3033668641_5905f73990.jpg,-1.105389986e-09
3239866450_3f8cfb0c83.jpg,-1.505807517e-09
3393394134_0caac47e1c.jpg,4.977893943e-09
930126921_1b94605bdc.jpg,1.196549943e-09
3757598567_739b7da835.jpg,-1.567403279e-09
2135502491_a15c6b5eae.jpg,-3.395511164e-09
3195040792_a03954a19f.jpg,-4.830109493e-11
3120953244_b00b152246.jpg,-2.205829201e-09
536537638_f5ee42410b.jpg,-1.220910324e-09
2985439112_8a3b77d5c9.jpg,3.786094354e-10
3041689520_c481bdb20e.jpg,-1.298517754e-08
1443807993_aebfb2784a.jpg,5.584077304e-09
3445544288_68fdb25969.jpg,4.820155258e-09
412082368_371df946b3.jpg,2.773349824e-09
463786229_b54c9a3436.jpg,-2.336126123e-09
3468346269_9d162aacfe.jpg,-3.001033909e-09
2936590102_25036069a6.jpg,-1.141039226e-09
3351357065_a6a9b3d485.jpg,-5.102843371e-09
3425918361_3b890d9575.jpg,1.328119163e-09
3560977956_e08d2cd531.jpg,-4.152889381e-09
2533642917_a5eace85e6.jpg,6.631696371e-09
3600403707_527aa0596e.jpg,9.905849105e-10
3649382413_58a4b1efe8.jpg,3.43785862e-09
456512643_0aac2fa9ce.jpg,1.975452414e-08
3533470072_87a5b595ba.jpg,-8.364054858e-10
3125309108_1011486589.jpg,-7.109913199e-09
3014015906_fdba461f36.jpg,-4.487152628e-09
2659606300_bea3feaf8b.jpg,2.886428216e-09
3190677999_60bbd330fd.jpg,-1.894916342e-10
2609900643_c07bcb0bae.jpg,1.978510696e-09
2098174172_e57d86ea03.jpg,-2.154635438e-09
3207676216_48478bce97.jpg,4.957148168e-09
2079110798_ad1370a646.jpg,6.513207873e-10
3160531982_37f5636b8a.jpg,-6.450952724e-09
3651476768_2bae721a6b.jpg,3.637771299e-09
1445123245_c7b9db0e0c.jpg,-5.360226598e-09
2327240505_e73cc73246.jpg,5.412466201e-09
3645080830_1d9ee2f50a.jpg,-4.301840905e-09
3640329164_20cb245fd5.jpg,2.574890755e-09
2475162978_2c51048dca.jpg,9.517823907e-10
3182121297_38c99b2769.jpg,2.503931437e-09
504904434_889f426c6e.jpg,-2.325999394e-09
1287064529_aa4e4f3c31.jpg,-3.401886042e-09
2922807898_b5a06d5c70.jpg,-7.580608329e-10
166654939_80ea4ddbcc.jpg,4.226063012e-09
2325386353_1f1a05e1ce.jpg,-1.653193194e-09
3479050296_65bcea69a0.jpg,3.072587654e-09
2836325261_a3bf5c59be.jpg,-7.999297811e-09
3212625256_685bc4de99.jpg,-1.942302125e-09
3250589803_3f440ba781.jpg,3.528971738e-09
3176131893_7181c733aa.jpg,4.532851622e-09
1424775129_ffea9c13ab.jpg,-1.186993794e-09
285586547_c81f8905a1.jpg,9.168948271e-10
3506560025_8d0f4f9ac4.jpg,4.542749575e-09
3635577874_48ebaac734.jpg,-3.135251734e-09
3391924827_53b31542ce.jpg,-1.890922427e-09
950411653_20d0335946.jpg,-6.443571123e-09
2623146491_b64698b875.jpg,2.163575769e-09
1500853305_0150615ce9.jpg,-1.655109836e-09
3106782647_b078830a9e.jpg,1.628858914e-09
3520321387_710ab74cda.jpg,-5.61738094e-09
3131632154_098f86f4cb.jpg,-3.075596318e-09
109202756_b97fcdc62c.jpg,-3.352685026e-09
3457364788_3514a52091.jpg,1.692609007e-09
3164423279_9b27cb6a06.jpg,-6.468028881e-09
3155365418_43df5486f9.jpg,3.449608704e-09
3285180819_a9712fd2bc.jpg,2.073234563e-09
3163273640_8d3ef22eaf.jpg,-3.759588591e-09
2713897716_c8cd610360.jpg,4.740966477e-09
1131340021_83f46b150a.jpg,-7.661962693e-10
765298136_7805fbb079.jpg,-8.638961617e-09
241346923_18bd84bea4.jpg,-4.659723522e-09
2312731013_1a3a8e25c6.jpg,4.563137696e-09
3170856184_efabfd0297.jpg,-1.330546574e-10
3177468217_56a9142e46.jpg,-8.269180505e-10
2378356400_f6bde5d9b3.jpg,-2.652161988e-09
2888658480_e922a3dec2.jpg,-2.656762039e-10
2409597310_958f5d8aff.jpg,6.459988137e-09
3377570617_d2f2225a74.jpg,5.15776972e-09
2744330402_824240184c.jpg,-3.736808969e-10
2369248869_0266760c4a.jpg,1.935196103e-09
3537218226_478d2e4f26.jpg,-2.572735156e-09
3323419265_7fefaa9d5d.jpg,3.199398991e-10
2633201394_ee4a7666ed.jpg,6.219749984e-09
291952021_f111b0fb3d.jpg,-1.459094239e-09
2064780645_8f28a1529f.jpg,5.375321191e-10
3500829879_a643818d84.jpg,6.321067678e-10
248994078_a9257f448b.jpg,-2.282030391e-09
358559906_d5f3f584f4.jpg,6.455457202e-10
414568315_5adcfc23c0.jpg,-4.949130675e-09
2959581023_54402c8d88.jpg,-6.01597221e-09
1143882946_1898d2eeb9.jpg,5.686973937e-09
3360730513_211e1a4db6.jpg,-4.393282173e-09
2111360187_d2505437b7.jpg,5.085880407e-10
870710405_51e507b31a.jpg,-5.360057642e-09
1095590286_c654f7e5a9.jpg,6.30047906e-10
3408274796_0dc62225e9.jpg,5.45302277e-09
1110208841_5bb6806afe.jpg,1.612129277e-09
2326730558_75c20e5033.jpg,-7.348661888e-10
3425756814_13909354d4.jpg,-1.083226159e-09
2990563425_2f7246f458.jpg,-3.223834558e-09
2540884723_03d60ef548.jpg,-7.235661322e-10
3136404885_f4d8f1d15a.jpg,-7.454213114e-10
1000268201_693b08cb0e.jpg,8.099187404e-10
3067885047_f69d90c35b.jpg,-6.056422006e-09
3295024992_887a95c700.jpg,6.17860954e-09
2921793132_ef19f1dd44.jpg,5.143700402e-09
2273038287_3004a72a34.jpg,-1.231443553e-10
3215695965_69fbeba3d5.jpg,-8.389834106e-09
3054989420_3e755ca352.jpg,-1.668902748e-10
3500136982_bf7a85531e.jpg,4.0309376e-09
2332540384_4cf26406a9.jpg,-1.624652509e-09
3315033940_e91f87b7f2.jpg,-5.550789529e-10
3593392955_a4125087f6.jpg,-3.210623056e-09
3513362553_5fc5779e20.jpg,3.970763417e-09
2532294586_4cd76a837d.jpg,-6.059829019e-09
265223847_636ba039c1.jpg,2.704423242e-09
111766423_4522d36e56.jpg,3.424584757e-09
3510218982_318f738b76.jpg,1.02447137e-08
3030223792_02b6f2be99.jpg,5.070200276e-09
1032460886_4a598ed535.jpg,-3.104225838e-09
3671777903_6fbf643980.jpg,-5.307721649e-09
3482668767_66004ce736.jpg,6.713070598e-10
1800601130_1c0f248d12.jpg,-5.229941682e-09
2061927950_dafba5b8a3.jpg,-2.632015013e-09
2763601657_09a52a063f.jpg,-4.22877266e-10
2449446913_28fa5b7c75.jpg,5.663518515e-09
1403414927_5f80281505.jpg,8.837420082e-09
2447284966_d6bbdb4b6e.jpg,-7.188390627e-09
3180806542_49b6de312d.jpg,-5.124544604e-09
2873070704_2141a7a86a.jpg,-9.546188391e-10
2548777800_d7b9cf1c2b.jpg,-8.524329069e-12
2845246160_d0d1bbd6f0.jpg,-5.557897283e-09
3269380710_9161b0bd00.jpg,3.507322756e-09
3234719720_5bb2fc5ffa.jpg,7.798333107e-09
3562816250_6e14d436b1.jpg,-2.010169007e-09
3336374196_f6eaca542f.jpg,4.435691349e-09
2380464803_a64f05bfa9.jpg,1.093382588e-09
2981702521_2459f2c1c4.jpg,4.892444825e-09
2156726763_034ecd2e39.jpg,-1.706379766e-09
2178064851_bb39652d28.jpg,2.883938427e-09
224702241_05af393148.jpg,-2.486964927e-10
2795866891_7559fd8422.jpg,-1.875025983e-09
2656890977_7a9f0e4138.jpg,-4.169612861e-09
3426962078_13e87e10de.jpg,-9.460221203e-10
3432550415_e7b77232de.jpg,4.080239029e-09
3145967309_b33abe4d84.jpg,-2.219058201e-09
2867736861_43c9487a65.jpg,9.299719566e-10
112178718_87270d9b4d.jpg,-7.855534472e-09
143680442_2f03f76944.jpg,-6.234894879e-09
371364900_5167d4dd7f.jpg,9.119779475e-10
2452686995_621878f561.jpg,-1.664022856e-09
3605061440_1d08c80a57.jpg,-6.568289851e-10
687513087_413d4a3a3b.jpg,2.418799492e-09
2173312932_269f9786fc.jpg,-1.063412016e-09
241346971_c100650320.jpg,-4.085655036e-10
3288274849_07ff76ee93.jpg,-8.48275524e-09
2690702549_cf81da8cf6.jpg,-6.159085444e-09
482882719_165722082d.jpg,-4.1270826e-09
3447155358_5b5b59b15e.jpg,1.728890937e-09
2252299132_14ca6e584b.jpg,-1.05877615e-09
3643087589_627a0a9e01.jpg,-4.274344568e-09
365584746_681f33fa46.jpg,4.380278578e-09
3670075789_92ea9a183a.jpg,-1.836940535e-09
465859490_b077219424.jpg,-4.045809945e-09
2176980976_7054c99621.jpg,5.193775354e-09
3258472448_75cfab5e6f.jpg,-9.294628661e-10
3541474181_489f19fae7.jpg,3.563048305e-09
3350785999_462f333c44.jpg,-4.537053614e-09
3369258147_03db257f0f.jpg,-2.246597073e-09
3737711435_113ccd0a52.jpg,1.80688268e-09
661749711_6f408dad62.jpg,7.428372728e-10
3171347658_f0d5469c56.jpg,6.428272932e-10
2057306459_2f52ce648e.jpg,6.478499175e-09
2892467862_52a3c67418.jpg,9.823621968e-09
3295671644_0e10891b6d.jpg,5.131800829e-09
2075041394_0b3ea1822d.jpg,3.268195917e-09
2743709828_a795a75bfc.jpg,9.131471528e-09
241345721_3f3724a7fc.jpg,1.22972249e-09
3461583471_2b8b6b4d73.jpg,-2.256920678e-09
2955985301_e4139bc772.jpg,-3.841581152e-09
3350260112_fcb47ff6b2.jpg,3.740496814e-10
3651971126_309e6a5e22.jpg,1.830907205e-09
3677693858_62f2f3163f.jpg,-4.268881189e-10
2999730677_0cfa1c146e.jpg,8.526760622e-09
526661994_21838fc72c.jpg,8.304328607e-09
2653552905_4301449235.jpg,6.409304107e-10
2282260240_55387258de.jpg,1.032260791e-09
3044536048_e615466e7f.jpg,1.512222381e-09
508261758_78fb8ae067.jpg,-5.751390853e-09
3293753378_7a8ddb98b2.jpg,1.263666767e-09
2662816021_ac474e0fde.jpg,1.442239565e-09
3495349745_1b29a63571.jpg,6.064298683e-09
2769605231_dae8b30201.jpg,6.959048331e-09
501699433_f8df386cf9.jpg,-1.077938083e-09
3506096155_13632955e8.jpg,-1.978191979e-09
1383698008_8ac53ed7ec.jpg,-5.270486322e-09
2836703077_fa9c736203.jpg,7.693886656e-09
2188688248_f57a28a5a7.jpg,7.396314847e-09
3250593457_9049a73b61.jpg,4.303894342e-09
2206960564_325ed0c7ae.jpg,-5.97455664e-09
1362128028_8422d53dc4.jpg,1.377594732e-09
3509611207_7645b1d28d.jpg,-1.091917137e-09
2905942129_2b4bf59bc0.jpg,-1.593056581e-08
2999638340_75bc8b165d.jpg,8.60375564e-09
430964917_022995afb6.jpg,-4.493339545e-09
2983555530_a89f1f5ed7.jpg,9.266117888e-10
387078972_514a38dc33.jpg,3.079572167e-09
3283897411_af9d0b497d.jpg,3.062259197e-09
190638179_be9da86589.jpg,6.656370458e-09
2714878018_1593c38d69.jpg,-5.169835959e-09
2052202553_373dad145b.jpg,-1.464552603e-08
745966757_6d16dfad8f.jpg,-1.336306051e-09
2131762850_5293a288d9.jpg,7.24863839e-10
489134459_1b3f46fc03.jpg,-1.546462224e-09
241347496_1a35fec8dc.jpg,9.361105727e-09
3473320907_3884a7203b.jpg,-4.226761195e-09
2943023421_e297f05e11.jpg,-5.373370904e-09
3429142249_d09a32e291.jpg,1.368064459e-09
359082432_c1fd5aa2d6.jpg,-4.79533563e-09
2718049631_e7aa74cb9b.jpg,1.235808341e-10
3576312396_799c873f3e.jpg,3.304877484e-09
2082005167_a0d6a70020.jpg,1.771039469e-09
419116771_642800891d.jpg,-8.083603737e-10
3431261634_c73360406a.jpg,-2.349839592e-09
2936707421_8e629874b8.jpg,-2.355316064e-09
448658518_eec0b648a6.jpg,-2.23437568e-10
3249865395_dceaa59f54.jpg,-3.455134495e-09
2180886307_5156460b2c.jpg,8.744860366e-10
3167379087_927ff05a35.jpg,3.714939236e-09
3191982761_88793192ed.jpg,-2.570697257e-09
2553550034_5901aa9d6c.jpg,-5.531532684e-09
2481367956_8577d2fa98.jpg,-1.928734608e-09
3223055565_68973f5d20.jpg,5.050209714e-09
2392625002_83a5a0978f.jpg,4.503355387e-09
2904601886_39e9d317b1.jpg,-1.136131014e-09
3582689770_e57ab56671.jpg,-1.933282904e-09
340667199_ecae5f6029.jpg,1.210091747e-09
250406927_a5028a31d4.jpg,-2.583853206e-09
2483792149_a9b4ffecec.jpg,6.328670568e-09
3108197858_441ff38565.jpg,-4.372232895e-10
3421706363_a3e22a4908.jpg,-4.584926669e-09
3457455611_94ee93929f.jpg,5.020962327e-09
233270519_d60d4518fa.jpg,-1.604250729e-09
3079073247_97e88e2eb7.jpg,6.158145811e-09
3331900249_5872e90b25.jpg,-2.946689836e-09
146577646_9e64b8c2dc.jpg,6.777148823e-10
2144846312_d4c738dc6c.jpg,-2.673243445e-09
2449518585_113dc4a8e5.jpg,3.025508854e-09
2525666287_638ab5e784.jpg,-5.63625416e-09
2561481438_447b852e4d.jpg,2.195265377e-09
3024172109_a10198e1dd.jpg,-8.68288238e-09
1562478713_505ab6d924.jpg,7.060919317e-09
3004291289_c4892898ae.jpg,7.542606312e-09
3081734118_6f2090215c.jpg,3.091260193e-09
2137071442_1c9658c81a.jpg,3.502299359e-09
2079152458_40712c3b40.jpg,-4.967140649e-09
2873837796_543e415e98.jpg,4.026465818e-09
1057210460_09c6f4c6c1.jpg,-3.336485924e-10
2688902319_52ceaf4a2a.jpg,5.106920438e-10
2351479551_e8820a1ff3.jpg,4.464173828e-10
2563578471_9a4e4c2ecc.jpg,9.454626726e-09
2636514498_01fcc5f501.jpg,-2.204994045e-10
2602866141_be9928408d.jpg,-8.422687754e-09
2580215443_4e64afe3d5.jpg,-1.033219181e-08
260520547_944f9f4c91.jpg,3.542200682e-10
3539817989_5353062a39.jpg,-2.465822696e-09
3294964868_16f4f9fa9d.jpg,-5.330875184e-09
3708743823_3e3e0554d1.jpg,1.672000209e-09
2431470169_0eeba7d602.jpg,-5.671637705e-09
3088677667_4a8befb70e.jpg,7.171930137e-10
1683444418_815f660379.jpg,-9.023933149e-09
985067019_705fe4a4cc.jpg,-5.462739932e-09
3183519385_311555d5f5.jpg,-3.49926234e-09
3723903586_e98d3d8ec7.jpg,-3.353787524e-10
515335111_c4afd5b903.jpg,-1.094169484e-10
3420284416_a90af1fb7a.jpg,5.996424053e-09
271660510_dd4ba34b35.jpg,-2.407970236e-09
808245064_8a7971fc5b.jpg,-3.295573678e-09
3364797223_1f0b2f98ed.jpg,1.592583338e-09
416992999_654a99a903.jpg,-1.26929021e-09
3486831913_2b9390ebbc.jpg,1.110818676e-08
2354064281_10afa38206.jpg,-5.387815541e-09
3453259666_9ecaa8bb4b.jpg,-1.232727007e-09
1148238960_f8cacec2fc.jpg,3.207952205e-09
2934573544_7ffe92a2c9.jpg,-3.761329826e-09
1260816604_570fc35836.jpg,1.369478892e-09
3648097366_706c8a57a1.jpg,-1.949089465e-09
2517284816_9b8fd3c6b6.jpg,2.020282595e-09
171488318_fb26af58e2.jpg,-1.179020827e-10
3487261028_30791528ec.jpg,-7.785967246e-10
2868324804_5cc8030484.jpg,5.775830656e-09
3471841031_a949645ba8.jpg,-2.124073469e-09
3546891929_f31a99cd0d.jpg,1.211793616e-09
3207654194_43d6bebd68.jpg,-2.870898797e-09
3041645937_ff7591d134.jpg,1.471009389e-09
140430106_2978fda105.jpg,5.509822798e-09
461019788_bc0993dabd.jpg,5.730041083e-09
357191373_a1cb5696e8.jpg,3.972528583e-09
3627290893_561e176e80.jpg,-3.479653845e-09
502884177_25939ac000.jpg,-6.264549955e-10
2870426310_4d59795032.jpg,6.56198037e-10
1525153022_06c48dbe52.jpg,-1.629230312e-09
1507563902_6ec8d5d822.jpg,1.384418501e-10
3533484468_0787830d49.jpg,-5.094057601e-10
2913965136_2d00136697.jpg,-4.564388033e-09
3508522093_51f6d77f45.jpg,3.519647768e-09
3329858093_0ec73f2190.jpg,7.038046873e-09
3132006797_04822b5866.jpg,-4.531987868e-10
2282600972_c22d1e03c7.jpg,2.989826675e-09
3697003897_d8ac13be9a.jpg,-6.290729793e-09
3051125715_db76cebd1e.jpg,-2.60178169e-09
3416246113_1745559b6b.jpg,-3.711309769e-09
3029043380_b28644ea5d.jpg,-4.942222562e-09
3016521240_2ef20834b6.jpg,5.938946628e-09
221973402_ecb1cd51f1.jpg,-2.150395475e-09
3481859121_3d3e566ec0.jpg,-6.09488067e-09
751109943_2a7f8e117f.jpg,-4.368101901e-09
2715035273_8fc8b1291c.jpg,3.779157578e-09
3367034082_31658a89bb.jpg,1.488472435e-09
2596475173_58f11fc583.jpg,2.647040767e-09
373394550_1b2296b8c4.jpg,6.469498197e-09
3576259024_9c05b163aa.jpg,5.303939456e-09
2353119813_685bace18e.jpg,1.862782743e-09
3354063643_1d8814eb13.jpg,8.409408652e-10
2178095150_436b035741.jpg,7.947187762e-09
3286193613_fc046e8016.jpg,9.735267036e-10
3286045254_696c6b15bd.jpg,-8.015404233e-11
3211577298_14296db6fd.jpg,9.149392427e-09
3514194772_43ba471982.jpg,-3.323210412e-09
3602838407_bf13e49243.jpg,6.329027273e-09
241345942_ea76966542.jpg,-3.505707707e-09
2831217847_555b2f95ca.jpg,5.599976136e-09
1334892555_1beff092c3.jpg,4.752547537e-09
2711075591_f3ee53cfaa.jpg,2.934870536e-09
2898304260_a4099a193a.jpg,1.613673577e-09
3380072636_4cd59385fd.jpg,3.612122548e-09
241345522_c3c266a02a.jpg,6.069875056e-09
566384456_97da3c7bd6.jpg,4.481130647e-09
3283368342_b96d45210e.jpg,-2.573334183e-09
426191845_1e979e9345.jpg,6.023733005e-09
2689491604_d8760f57b4.jpg,-2.37149909e-09
2890731828_8a7032503a.jpg,4.077134356e-09
235065283_1f9a3c79db.jpg,-1.213433575e-09
3472364264_dbde5a8d0a.jpg,-2.610707413e-09
479807833_85eed6899c.jpg,-5.585568322e-10
2346401538_f5e8da66fc.jpg,4.810219799e-09
3722572342_6904d11d52.jpg,-3.763134975e-09
2891961886_b7a2f0b0fd.jpg,-5.961878477e-09
2393298349_e659308218.jpg,-5.005007321e-09
2289068031_fe26990183.jpg,2.608993466e-09
2090723611_318031cfa5.jpg,9.08553892e-09
112243673_fd68255217.jpg,2.640660438e-09
3410899419_4f8dca6f3f.jpg,4.824810397e-09
2715289538_d77c8d0a85.jpg,1.55436678e-09
3146937399_8c046b7b1a.jpg,2.209527406e-09
3091338773_9cf10467b4.jpg,-1.39355536e-08
2698666984_13e17236ae.jpg,7.017601844e-09
2264316030_600e55748d.jpg,1.751904017e-09
2403544744_cba152f5c1.jpg,3.431268903e-09
522063319_33827f1627.jpg,9.291237028e-09
320093980_5388cb3733.jpg,-1.118578795e-09
480200554_6155e9dfeb.jpg,-3.251798794e-09
3502897880_8392d0e4de.jpg,5.206744689e-10
436393371_822ee70952.jpg,3.216652301e-09
3623302162_099f983d58.jpg,3.537094477e-09
3025546819_ce031d2fc3.jpg,-5.719588073e-09
303795791_98ebc1d19a.jpg,3.046910332e-10
3213395965_2a823c6865.jpg,-2.304202171e-09
3584829998_25e59fdef3.jpg,-1.767652325e-09
539676201_c8f1f04952.jpg,-8.122191711e-09
2891162278_fbf96be4f4.jpg,-5.441488554e-09
3040033126_9f4b88261b.jpg,-6.032271775e-09
2483993772_f64e9e4724.jpg,3.061910402e-09
2920516901_23d8571419.jpg,1.699068699e-09
2938747424_64e64784f0.jpg,-1.339631069e-09
3481884992_45770ec698.jpg,2.14180086e-09
496380034_d22aeeedb3.jpg,-6.957831949e-10
2886837407_a4510ab1ef.jpg,-1.686433421e-09
2330843604_b8d75d6ac7.jpg,-1.444128184e-09
1688699579_2f72328c7e.jpg,-3.061434709e-09
