3043501068_be58ac47e1.jpg,6.542841056e-08
3046916429_8e2570b613.jpg,1.062300309e-07
2054308369_f9c6ec7815.jpg,1.517053027e-07
3173014908_b3e69594b6.jpg,3.285868293e-07
167295035_336f5f5f27.jpg,1.34199593e-07
3215238223_29de2b35cb.jpg,7.902647433e-08
3498482871_4e02f31c35.jpg,8.365550898e-08
3176498130_52ab9460b2.jpg,6.511003863e-08
2760715910_87c7bdeb87.jpg,1.089114983e-07
2738255684_0324ed062d.jpg,1.066639176e-07
247617035_9f2e821534.jpg,1.01106024e-07
2831215155_07ba8f1805.jpg,1.17662515e-07
871290646_307cddd4e7.jpg,9.396236946e-08
937559727_ae2613cee5.jpg,8.824718723e-08
3371567346_b6522efdb8.jpg,7.433652385e-08
2457052334_b5a1d99048.jpg,1.462739379e-07
468911753_cc595f5da0.jpg,1.011825772e-07
2371809188_b805497cba.jpg,1.393449143e-07
2540751930_d71c7f5622.jpg,7.820349904e-08
502115726_927dd684d3.jpg,8.440340876e-08
3054997030_797096dd12.jpg,8.662422862e-08
873633312_a756d8b381.jpg,8.488172905e-08
2436160351_108924a65b.jpg,9.514257027e-08
2706023395_ac9eba0e42.jpg,9.051849261e-08
3326086533_23a0a54a8e.jpg,1.114659122e-07
173020287_230bfc4ffc.jpg,1.237976445e-07
50030244_02cd4de372.jpg,9.656127798e-08
3183883750_b6acc40397.jpg,1.360423375e-07
2434006663_207a284cec.jpg,1.119957136e-07
435827376_4384c3005a.jpg,9.648497325e-08
3503011427_a4ee547c77.jpg,9.538430037e-08
2351762979_0941aecced.jpg,7.108416598e-08
3592968286_b63c81bcd2.jpg,1.202800969e-07
2862004252_53894bb28b.jpg,7.109904379e-08
1077931201_1e0bb83105.jpg,1.377595981e-07
2120383553_5825333a3f.jpg,1.241039039e-07
3399843227_3b9d2a8dbf.jpg,9.684426175e-08
241345533_99c731403a.jpg,9.264563001e-08
3710050559_f6f12760fe.jpg,7.566195501e-08
2635938723_11b85e6763.jpg,1.049172286e-07
3496028495_431cfdc042.jpg,1.369555079e-07
2991575785_bd4868e215.jpg,1.032255313e-07
3562282690_cd2a95fe9e.jpg,1.096609778e-07
2676764246_c58205a365.jpg,9.970361669e-08
3519942322_b37d088aae.jpg,1.929515244e-07
2839932205_3c9c27cd99.jpg,9.329388025e-08
2115620856_4fa5025ac6.jpg,8.476878945e-08
2684322797_85406f571d.jpg,1.066508944e-07
530661899_94655d7d0e.jpg,8.164990099e-08
3610683688_bbe6d725ed.jpg,1.205688977e-07
2186087673_c7a73da7ce.jpg,8.813704891e-08
350176185_b8c5591e36.jpg,7.789109702e-08
3649384501_f1e06c58c0.jpg,7.300266226e-08
3243094580_ccd01679f5.jpg,9.656402676e-08
3301854980_233cc2f896.jpg,9.182206299e-08
3465396606_5ba1574128.jpg,6.112646746e-08
2502905671_c6039804ab.jpg,9.226705564e-08
437917001_ae1106f34e.jpg,1.030034694e-07
3273163189_dece7babf4.jpg,2.69752143e-07
3405100926_e96308ce89.jpg,7.792486448e-08
2088532947_c628e44c4a.jpg,1.145853605e-07
3134585858_a8c3493ca5.jpg,8.732052012e-08
2242178517_2325b85e5f.jpg,7.936823963e-08
2885891981_6b02620ae9.jpg,5.285283421e-08
618771382_459bb492e4.jpg,4.455256084e-08
2642475077_69d19deb74.jpg,1.558466546e-07
197504190_fd1fc3d4b7.jpg,9.772693011e-08
479807465_cf42f39d00.jpg,1.042403225e-07
2622624460_207dbcc4cf.jpg,1.492722816e-07
3234890865_bb3c316968.jpg,1.123439488e-07
413737417_b0a8b445e9.jpg,1.045123596e-07
2116444946_1f5d1fe5d1.jpg,8.38804171e-08
1434005938_ad75c8598c.jpg,1.200436188e-07
2271890493_da441718ba.jpg,8.408762875e-08
2441354291_b32e00e5a6.jpg,1.291008236e-07
3583704941_611353857e.jpg,1.015286901e-07
2680619645_ab6645218d.jpg,7.042685759e-08
2504991916_dc61e59e49.jpg,6.985167941e-08
2310126952_7dc86d88f6.jpg,1.083010572e-07
576920249_df1bdc2068.jpg,7.58232194e-08
2628331789_c7f7d90e5d.jpg,9.528984894e-08
2839038702_e168128665.jpg,1.895384682e-07
3067971348_69af5bb309.jpg,9.068589489e-08
2860202109_97b2b22652.jpg,9.964350215e-08
3245250964_9d3e37111e.jpg,6.150045089e-08
1806580620_a8fe0fb9f8.jpg,8.122394017e-08
239807547_4923efc821.jpg,8.086878317e-08
1566117559_f5d98fbeb0.jpg,1.926182443e-07
2759813381_73303113d9.jpg,8.035956298e-08
3000722396_1ae2e976c2.jpg,9.051472857e-08
278007543_99f5a91a3e.jpg,8.640668535e-08
947664583_7c63172366.jpg,8.490448467e-08
325576658_59f68bdbd6.jpg,6.826158381e-08
2415265825_fbfe0c8556.jpg,1.032697767e-07
3364796213_b8948913b5.jpg,6.657150788e-08
2058091220_2087270068.jpg,1.371679049e-07
2295216243_0712928988.jpg,6.533466164e-08
506808265_fe84ada926.jpg,7.66352417e-08
557601144_50b8c40393.jpg,8.241077666e-08
3613667665_1881c689ea.jpg,1.127531987e-07
3603116579_4a28a932e2.jpg,6.359488042e-08
1112212364_0c48235fc2.jpg,1.031541053e-07
2855910826_d075845288.jpg,6.935725451e-08
2801851082_8c3c480c0f.jpg,8.185492038e-08
2861413434_f0e2a10179.jpg,1.154804245e-07
3439243433_d5f3508612.jpg,1.334807515e-07
3038045802_93f2cd5fbc.jpg,1.249062258e-07
412101267_7257e6d8c0.jpg,9.195639019e-08
3371887001_44ab0c2f17.jpg,6.895067482e-08
260392825_ea61660633.jpg,8.788748768e-08
3688858505_e8afd1475d.jpg,8.273147806e-08
236144859_52f9e38885.jpg,1.259471247e-07
3207775692_bb897d9afd.jpg,7.701088316e-08
3193335577_9bdbaf9f70.jpg,9.916101055e-08
543291644_64539956e9.jpg,1.089020223e-07
1781227288_6811e734be.jpg,8.010003931e-08
2892995070_39f3c9a56e.jpg,1.104059526e-07
2939371251_f923569a72.jpg,6.820506852e-08
2913972180_547783dd3d.jpg,8.06012557e-08
534655560_dc1c335b3f.jpg,9.344689504e-08
3162289423_4ca8915d0c.jpg,9.653084801e-08
3375549004_beee810e60.jpg,7.983126953e-08
3680031186_c3c6698f9d.jpg,7.200685986e-08
476759700_8911f087f8.jpg,9.2708513e-08
487894806_352d9b5e66.jpg,1.759782523e-07
3157039116_d82da4e66b.jpg,7.271900559e-08
3264937930_9623496b64.jpg,6.997203495e-08
2565657591_6c1cdfc092.jpg,1.483504582e-07
3320154278_c67e01b8d1.jpg,6.584437908e-08
3557295488_600d387347.jpg,9.315601357e-08
3488512097_e500cb499f.jpg,9.677329608e-08
1436760519_8d6101a0ed.jpg,1.053082675e-07
2425262733_afe0718276.jpg,6.591726526e-08
278388986_78ba84eb8f.jpg,9.758838647e-08
3260975858_75d0612a69.jpg,9.201179291e-08
3702038926_966fdaa311.jpg,9.169760425e-08
3449718979_e987c64e2d.jpg,6.461581128e-08
2428094795_d3a8f46046.jpg,1.285352054e-07
2479162876_a5ce3306af.jpg,1.022249854e-07
3256272547_5ae6c66293.jpg,1.325662136e-07
3621717946_d96f8a6012.jpg,1.350154037e-07
260162669_c79a900afb.jpg,8.533410868e-08
3256043809_47258e0b3e.jpg,1.146747773e-07
3721799573_2f470950e0.jpg,1.170749579e-07
3310067561_b92017acab.jpg,1.154452727e-07
2635400219_2e1a984fd3.jpg,1.009552042e-07
3004823335_9b82cbd8a7.jpg,1.004595935e-07
3349955993_a04aea97d8.jpg,9.476575509e-08
3571193625_835da90c5e.jpg,1.228079357e-07
2552949275_b8cdc450cc.jpg,1.18483817e-07
72218201_e0e9c7d65b.jpg,8.211219465e-08
1142847777_2a0c1c2551.jpg,7.182912985e-08
105342180_4d4a40b47f.jpg,8.681973738e-08
3217240672_b99a682026.jpg,8.420740902e-08
2272967004_1531726d71.jpg,1.865633878e-07
3296124052_6f1d1c9f8d.jpg,9.244351677e-08
3651107058_d84d4c3c25.jpg,5.75185092e-08
2434074318_e35a567220.jpg,7.747674116e-08
96973080_783e375945.jpg,8.579151885e-08
2658009523_b49d611db8.jpg,1.315348232e-07
2612608861_92beaa3d0b.jpg,7.374729093e-08
1303727066_23d0f6ed43.jpg,8.412770543e-08
2214132302_80064fd79d.jpg,1.016121278e-07
2514581496_8f4102377e.jpg,1.038222649e-07
3326024473_4c16e4fbfc.jpg,9.467402064e-08
2882743431_c3e6cd1b5c.jpg,1.239529892e-07
3541962817_78bcd3835b.jpg,6.222556072e-08
2307118114_c258e3a47e.jpg,9.369381958e-08
3583065748_7d149a865c.jpg,1.412768937e-07
3632197966_0c5061025f.jpg,7.557454525e-08
279901198_e7a88c855a.jpg,1.210531602e-07
1827560917_c8d3c5627f.jpg,9.784094524e-08
1923476156_e20976b32d.jpg,1.288987566e-07
3462165890_c13ce13eff.jpg,7.061559114e-08
453473508_682c0a7189.jpg,1.072014149e-07
3223709894_97824ba76f.jpg,9.325834011e-08
1394927474_0afdd82fc4.jpg,1.009955102e-07
3474985008_0a827cd340.jpg,8.467676584e-08
581419370_30485f3580.jpg,4.664148941e-08
3538021517_b930dc76fc.jpg,1.246503914e-07
3436063693_15c8d377a2.jpg,8.455047667e-08
2528552898_9e49a7033f.jpg,7.720664261e-08
3664928753_7b0437fedf.jpg,7.614380007e-08
485312202_784508f2a9.jpg,8.281625126e-08
3634785801_4b23184a06.jpg,1.173967362e-07
2817847072_5eb3bc30ac.jpg,9.538267496e-08
3280672302_2967177653.jpg,8.769711617e-08
1881494074_1bebd93089.jpg,9.656464874e-08
3323498985_fd9d2803fd.jpg,1.131282115e-07
3348785391_c243faf6bb.jpg,6.758998082e-08
3119887967_271a097464.jpg,1.036030903e-07
3301754574_465af5bf6d.jpg,9.659887621e-08
3672109677_8caa992671.jpg,5.094530614e-08
3670907052_c827593564.jpg,7.68255347e-08
3595080592_5fd55570e5.jpg,4.772634798e-08
3495453699_1c9faedf3c.jpg,9.153722575e-08
3550276904_19de3561c5.jpg,9.991817253e-08
2428797297_7fc3c862db.jpg,1.209506534e-07
421808539_57abee6d55.jpg,1.24075728e-07
248174959_2522871152.jpg,1.042879705e-07
435054077_3506dbfcf4.jpg,1.249587681e-07
3640241166_b1ab7a8e7a.jpg,9.624944384e-08
2874984466_1aafec2c9f.jpg,1.018390278e-07
3287236038_8998e6b82f.jpg,9.439723181e-08
2453990033_df53f0d8c8.jpg,8.118801586e-08
2736508369_fd9ff0b42f.jpg,7.680470204e-08
3092370204_029b6bc10a.jpg,9.001304085e-08
191003284_1025b0fb7d.jpg,9.261669929e-08
1466307489_cb8a74de09.jpg,6.009237856e-08
2255685792_f70474c6db.jpg,6.708772752e-08
2629402527_6dfc5c504b.jpg,1.377602054e-07
2687539673_d54a8dc613.jpg,5.284185535e-08
124881487_36e668145d.jpg,1.041147962e-07
2303016989_0deb96c8d9.jpg,1.67303264e-07
2838125339_3dd314e315.jpg,6.770409862e-08
316833109_6500b526dc.jpg,1.111647013e-07
3573436368_78f0ccdf01.jpg,1.145732119e-07
3088399255_1bd9a6aa04.jpg,8.698765034e-08
250892549_1e06a06a78.jpg,9.328915407e-08
3711611500_ea47b58b6f.jpg,1.03452073e-07
1096395242_fc69f0ae5a.jpg,9.987968918e-08
3545586120_283d728a97.jpg,7.6484033e-08
1089181217_ee1167f7af.jpg,9.510152418e-08
3116985493_04b1dc3345.jpg,1.028899756e-07
3706653103_e777a825e4.jpg,9.011589528e-08
380041023_0dfd712ef1.jpg,7.217709882e-08
3497224764_6e17544e0d.jpg,7.357762932e-08
410422753_de506155fa.jpg,1.011626724e-07
3006093003_c211737232.jpg,5.18535488e-08
857914283_270d7d1c87.jpg,1.200992483e-07
107318069_e9f2ef32de.jpg,1.181884942e-07
3175849727_bf30b892cb.jpg,1.786742493e-07
2641770481_c98465ff35.jpg,9.587544838e-08
3437693401_202afef348.jpg,1.025942734e-07
3555231025_73fa54fa29.jpg,1.403680188e-07
2196316998_3b2d63f01f.jpg,5.343071089e-08
245442617_407eba1e98.jpg,9.453381811e-08
3353400143_8b9543f7dc.jpg,7.058187718e-08
413231421_43833a11f5.jpg,6.364714928e-08
2200901777_f6c168bd32.jpg,1.043583951e-07
2493469969_11b6190615.jpg,1.2358848e-07
3756150099_50882fc029.jpg,1.120446062e-07
3404978479_8a81843e17.jpg,1.2081389e-07
3268191118_ba25fabab6.jpg,1.277730898e-07
2603334363_cfa32c4482.jpg,9.533113827e-08
3181409177_edb09c2718.jpg,1.168929419e-07
3656206975_09e6ce58bd.jpg,1.310693658e-07
2940366012_1ef8ab334e.jpg,6.028292831e-08
2318721455_80c6644441.jpg,8.201610402e-08
2976155358_b4dd4407cf.jpg,6.179641797e-08
3518118675_5053b3f738.jpg,7.248888459e-08
2894850774_2d530040a1.jpg,1.373667843e-07
900144365_03cd1899e3.jpg,6.230337959e-08
3300019891_8f404d94a1.jpg,6.853991123e-08
3457460673_800d7f7dd9.jpg,1.319785079e-07
1428641354_f7453afbea.jpg,7.344988823e-08
2285741931_07159a21f2.jpg,1.062511625e-07
3666056567_661e25f54c.jpg,6.887301775e-08
2505988632_9541f15583.jpg,7.344693131e-08
177302997_5b2d770a0a.jpg,7.367967355e-08
1087168168_70280d024a.jpg,7.941763181e-08
1397295388_8a5b6b525d.jpg,7.983635551e-08
2261257940_449b6e6c91.jpg,7.093521327e-08
3566225740_375fc15dde.jpg,9.440738131e-08
3172283002_3c0fc624de.jpg,1.12708078e-07
3324056835_84904fe2f8.jpg,1.419700234e-07
1053804096_ad278b25f1.jpg,1.362268928e-07
2943079526_e9033a6556.jpg,1.06572468e-07
3647283075_3005333222.jpg,6.633161878e-08
2944836001_b38b516286.jpg,1.062538385e-07
3576060775_d9121519cc.jpg,7.285347102e-08
3399906919_bc8562b257.jpg,1.191679641e-07
2490863987_715383944a.jpg,8.354926766e-08
2256133102_e2c8314ecb.jpg,1.183187067e-07
3493000349_81c540e828.jpg,1.226809074e-07
3530342993_a4a1f0e516.jpg,7.340588578e-08
3182405529_7692256746.jpg,1.128639466e-07
2797149878_bb8e27ecf9.jpg,7.260949477e-08
470887795_8443ce53d0.jpg,6.642316626e-08
2081679622_6f1442367d.jpg,9.743423661e-08
2987096101_a41896187a.jpg,1.30829496e-07
3401333624_4b6af8c1d7.jpg,7.455205637e-08
2090545563_a4e66ec76b.jpg,1.016480926e-07
445861800_75fc6a8c16.jpg,7.504571248e-08
1423997242_ea2189ec5e.jpg,1.094091009e-07
380034515_4fbdfa6b26.jpg,7.135185831e-08
472535997_0dbf42b9f3.jpg,1.068806273e-07
3162095736_cc41dd41ff.jpg,7.023532656e-08
1002674143_1b742ab4b8.jpg,6.016140113e-08
3375991133_87d7c40925.jpg,1.333584562e-07
1303550623_cb43ac044a.jpg,7.301638213e-08
3437781040_82b06facb3.jpg,7.32198516e-08
539493431_744eb1abaa.jpg,9.073350157e-08
1211015912_9f3ee3a995.jpg,7.696682431e-08
2655647656_ee450446ed.jpg,9.20762664e-08
2792212974_23b1ef05fa.jpg,1.232994274e-07
3595216998_0a19efebd0.jpg,1.110445753e-07
423066487_07757b2b49.jpg,8.212312795e-08
2823575468_15f6c345fc.jpg,1.424931326e-07
3263215700_e27f81f8b9.jpg,1.445811882e-07
2892395757_0a1b0eedd2.jpg,8.700544154e-08
519059913_4906fe4050.jpg,8.67129583e-08
2384550175_e421d3a871.jpg,8.896907852e-08
3548191125_514f47e493.jpg,8.474003169e-08
2822290399_97c809d43b.jpg,1.398126635e-07
241345864_138471c9ea.jpg,1.099070049e-07
2466420387_86fe77c966.jpg,7.622862299e-08
229862312_1a0ba19dab.jpg,6.897065688e-08
1573017288_4d481856e2.jpg,7.681446355e-08
3355494822_61353a224d.jpg,1.162009451e-07
2352414953_10f3cd0f1f.jpg,1.252531718e-07
2751602672_ca5e1f6447.jpg,1.15056723e-07
3518755601_cebf11e515.jpg,1.072783369e-07
3442622076_c3abe955e5.jpg,1.287263636e-07
2862509442_4f5dc96dca.jpg,1.190627885e-07
1263126002_881ebd7ac9.jpg,1.510833709e-07
3154528397_89112faf4b.jpg,6.519687691e-08
554774472_b5d165ff69.jpg,8.005586313e-08
2460126267_0deea8b645.jpg,9.121742215e-08
3504158556_1d410c8ff7.jpg,6.730354587e-08
2431723485_bc6b8e6418.jpg,9.32742692e-08
1473080948_bae2925dc8.jpg,8.960363851e-08
3594822096_e1144b85d6.jpg,8.513230598e-08
3232470286_903a61ea16.jpg,8.789236456e-08
2599131872_65789d86d5.jpg,1.03361372e-07
262570082_6364f58f33.jpg,1.353354035e-07
2912476706_9a0dbd3a67.jpg,1.413904967e-07
3016726158_4d15b83b06.jpg,1.029587137e-07
2661489896_cc3425777e.jpg,6.332314953e-08
3404552106_f516df0f5b.jpg,8.0008358e-08
2204277704_f1c8c741ed.jpg,1.335211004e-07
2050067751_22d2763fd2.jpg,1.627107322e-07
350443876_c9769f5734.jpg,9.975558966e-08
2450299735_62c095f40e.jpg,9.492170568e-08
769260947_02bc973d76.jpg,1.452755276e-07
2970067128_8842ab3603.jpg,7.827882696e-08
2342478660_faef1afea8.jpg,1.172828381e-07
485245061_5a5de43e20.jpg,9.452180092e-08
3621649810_cca783b777.jpg,1.206082562e-07
3346918203_986dca6641.jpg,1.118731946e-07
3272002857_ace031f564.jpg,8.626093001e-08
3104400277_1524e4f758.jpg,7.504907394e-08
2231847779_1148d1c919.jpg,6.292923475e-08
3308488725_f91d9aba27.jpg,7.202008479e-08
2712974062_6d5b6aa7f0.jpg,6.592532631e-08
2757803246_8aa3499d26.jpg,6.777953353e-08
3126773489_7ae425af17.jpg,4.465031742e-08
2960033435_c20cc7399a.jpg,6.156613316e-08
2502007071_82a8c639cf.jpg,7.192295972e-08
3132619510_7dfc947d25.jpg,1.227063697e-07
3028095878_07341efc9c.jpg,1.446908667e-07
247704641_d883902277.jpg,8.922782448e-08
3359551687_68f2f0212a.jpg,6.521014714e-08
824123145_59243e504e.jpg,9.577164291e-08
3285993030_87b0f1d202.jpg,1.107169709e-07
1663454406_5e2cf8c5bb.jpg,6.443405431e-08
2147199188_d2d70b88ec.jpg,7.832787155e-08
236474697_0c73dd5d8b.jpg,1.058580397e-07
3308018795_68a97a425c.jpg,8.373619089e-08
275516348_cbccebc125.jpg,1.267693798e-07
3174228611_6cf9d2266b.jpg,8.490033529e-08
2420546021_4a59790da6.jpg,7.671097558e-08
3009018821_ba47396e24.jpg,5.989200669e-08
2287023569_fd7a9c60b8.jpg,1.32048779e-07
3519155763_045a6a55e2.jpg,1.86600109e-07
2309327462_82a24538d4.jpg,7.711578667e-08
609681901_66809d2dc1.jpg,8.10122363e-08
3344411431_6f4917bb2f.jpg,1.102377419e-07
3726700898_c50494b8bd.jpg,8.216415062e-08
3603064161_a8f3b6455d.jpg,1.035579554e-07
415793623_6c1225ae27.jpg,1.199088225e-07
3225296260_2ee72b4917.jpg,8.677766563e-08
2952320230_26601173be.jpg,9.271260727e-08
2400958566_4e09424046.jpg,1.052909744e-07
2286239223_d84ffc4e4a.jpg,7.256036208e-08
888517718_3d5b4b7b43.jpg,1.261434812e-07
3259228898_cefd04580b.jpg,8.505832531e-08
3374054694_fa56f29267.jpg,1.100904302e-07
3317960829_78bbfafbb6.jpg,7.549843982e-08
1332815795_8eea44375e.jpg,9.900054706e-08
3106340185_80d0cb770a.jpg,8.785089426e-08
1244140539_da4804d828.jpg,1.460961897e-07
2193223202_4d908c0450.jpg,7.524141127e-08
69189650_6687da7280.jpg,1.42450916e-07
517102724_a0f3069156.jpg,1.094971491e-07
230016181_0c52b95304.jpg,1.245365384e-07
3217620013_8b17873273.jpg,5.194460504e-08
3429351222_17ae744daf.jpg,6.895484364e-08
3454199170_ae26917dcd.jpg,7.515484215e-08
3580375310_46ec3e476c.jpg,1.014789283e-07
3594029059_cee1f4c59a.jpg,1.408532296e-07
2657484284_daa07a3a1b.jpg,8.630474168e-08
2869009633_ea3cafd437.jpg,9.178400461e-08
3664297064_a4d45cbbbc.jpg,4.783374422e-08
3463523977_f2ed231585.jpg,8.737929975e-08
2745811124_12c4426b8b.jpg,1.333521911e-07
2696636252_91ef1491ea.jpg,1.024291872e-07
2579266054_1ec58aa92f.jpg,4.924752994e-08
279728508_6bd7281f3c.jpg,5.67392918e-08
3619232550_0b1e1fd4e4.jpg,9.631594978e-08
3639428663_dae5e8146e.jpg,7.5235251e-08
2808870080_4ea4f3327e.jpg,7.750751199e-08
431018958_84b2beebff.jpg,8.625925454e-08
3427852996_d383abd819.jpg,7.100261357e-08
1529044279_4922ead27c.jpg,5.787537943e-08
2307807200_91fa29cba1.jpg,1.365412266e-07
405534893_2d0f3b0147.jpg,1.216784217e-07
2885111681_dc328ecfff.jpg,9.154172451e-08
2921094201_2ed70a7963.jpg,1.125549574e-07
772212710_f5fc22ed35.jpg,6.451192359e-08
2664103423_c539f61016.jpg,1.620594632e-07
315880837_90db309bab.jpg,1.046362732e-07
2108799322_e25aa6e185.jpg,1.185648074e-07
1956678973_223cb1b847.jpg,8.663049602e-08
219730733_6a55382dd2.jpg,6.590749683e-08
2914800692_0c512d27b8.jpg,7.297148377e-08
2248487956_2603f55ab9.jpg,1.130749458e-07
483841513_e660391880.jpg,4.285647086e-08
1674612291_7154c5ab61.jpg,1.109984159e-07
2288530008_4ebcee2174.jpg,9.458066608e-08
3729525173_7f984ed776.jpg,9.642188085e-08
2257294002_0073263c54.jpg,1.148637945e-07
2914737181_0c8e052da8.jpg,1.929427981e-07
539744890_85e63f5854.jpg,1.641972855e-07
3513265399_a32e8cfd18.jpg,6.65296323e-08
1625306051_7099519baa.jpg,9.825911477e-08
2642350864_099c0f2152.jpg,8.772249695e-08
756909515_a416161656.jpg,1.000242407e-07
2939197393_93dc64c4bb.jpg,1.370967232e-07
2070831523_5035d5537e.jpg,1.141508952e-07
2986671935_0c60bbb3fa.jpg,6.206742639e-08
156967462_72db9b722c.jpg,6.981490063e-08
1425919702_ddb761aeec.jpg,5.33491457e-08
3048380686_732db55281.jpg,6.072155302e-08
3226541300_6c81711e8e.jpg,7.661263518e-08
482907079_22085ada04.jpg,6.292463511e-08
108899015_bf36131a57.jpg,1.883784603e-07
2623939135_0cd02ffa5d.jpg,8.144871038e-08
3421177332_a05741cfa4.jpg,9.524971173e-08
3322443827_a04a94bb91.jpg,1.85938554e-07
2597737483_6518a230e4.jpg,9.497954992e-08
3067500667_0fce8f28d4.jpg,6.754326103e-08
2521878609_146143708e.jpg,9.137828955e-08
1772859261_236c09b861.jpg,1.095752591e-07
2266901263_4324af1f03.jpg,1.030598176e-07
3351667632_00f586a30c.jpg,6.677017464e-08
1305564994_00513f9a5b.jpg,9.84806434e-08
2196050115_e236d91f52.jpg,1.225839472e-07
3014986976_0e7b858970.jpg,7.618205095e-08
505955292_026f1489f2.jpg,7.352247778e-08
670609997_5c7fdb3f0b.jpg,1.001520934e-07
416650559_cd08d3cd96.jpg,1.149237569e-07
3587781729_bd21ce7b11.jpg,7.579477857e-08
3424927725_c4d1fcfac3.jpg,9.162300254e-08
3329777647_5e1fd503ac.jpg,8.50925664e-08
3084380974_268a0f9236.jpg,9.801372932e-08
2358898017_24496b80e8.jpg,1.300171694e-07
446286714_dcec7f339e.jpg,5.208198615e-08
342872408_04a2832a1b.jpg,1.155433858e-07
3613027188_1645ca1976.jpg,6.625012555e-08
3493255026_5fdaa52cbe.jpg,9.645555802e-08
3474912569_7165dc1d06.jpg,4.996989063e-08
3091916691_b1c96669c6.jpg,8.419726419e-08
2998861375_02817e0147.jpg,7.439358498e-08
1248734482_3038218f3b.jpg,1.487895616e-07
3514019869_7de4ece2a5.jpg,7.904409876e-08
2324917982_f3db8c11e9.jpg,1.238906288e-07
2198511848_311d8a8c2f.jpg,1.260570235e-07
3578841731_f775cab089.jpg,1.375859461e-07
3427402225_234d712eeb.jpg,1.007384376e-07
3134644844_493eec6cdc.jpg,8.159831508e-08
2500567791_101d5ddee3.jpg,8.339713813e-08
976392326_082dafc3c5.jpg,1.248701952e-07
3052196390_c59dd24ca8.jpg,7.646042389e-08
3035118753_69287079dc.jpg,1.945107447e-07
2308256827_3c0a7d514d.jpg,7.256707706e-08
2097398349_ff178b3f1b.jpg,8.742822023e-08
2933643390_1c6086684b.jpg,6.238004833e-08
132489044_3be606baf7.jpg,7.572699585e-08
2900274587_f2cbca4c58.jpg,1.73019095e-07
2288315705_5f4c37d932.jpg,9.119203089e-08
2795352290_9209b214f3.jpg,9.838328867e-08
1721637099_93e9ec2a2f.jpg,1.173659583e-07
2744705574_519c171ca0.jpg,1.223302452e-07
3127142756_bf0bfcb571.jpg,7.406348296e-08
125319704_49ead3463c.jpg,8.946001952e-08
3263497678_8bb688ca01.jpg,7.753491444e-08
244774022_a12c07afdb.jpg,1.846289137e-07
2102030040_2e8f4738f7.jpg,8.726643229e-08
523692399_d2e261a302.jpg,1.67495674e-07
3348811097_0e09baa26f.jpg,1.169789387e-07
2966552760_e65b22cd26.jpg,1.004489532e-07
2647062476_5ef31ba867.jpg,1.193824333e-07
280706862_14c30d734a.jpg,8.675563106e-08
421153376_d1d325568f.jpg,1.481229115e-07
3699318394_6193f2c8e0.jpg,6.815330035e-08
664470170_6a1ad20c45.jpg,8.742795673e-08
2399114095_c3196ff456.jpg,1.008422801e-07
2660480624_45f88b3022.jpg,6.421528407e-08
1460352062_d64fb633e0.jpg,3.441898113e-08
2385146732_d1c67c790e.jpg,7.094507891e-08
3185645793_49de805194.jpg,8.063512062e-08
3384314832_dffc944152.jpg,9.866792409e-08
1449370354_380c4123c9.jpg,7.429589949e-08
997338199_7343367d7f.jpg,9.087359552e-08
2670637584_d96efb8afa.jpg,1.26246375e-07
3501936223_6122a13d27.jpg,1.754120217e-07
3072114570_e1c0127529.jpg,9.736428451e-08
3461106572_920c8c0112.jpg,1.063042478e-07
804087017_330bcc8c56.jpg,6.943068646e-08
2559921948_06af25d566.jpg,1.035664667e-07
2044063458_fcc76a7636.jpg,8.534838066e-08
2901880865_3fd7b66a45.jpg,1.862214772e-07
890734502_a5ae67beac.jpg,1.241992031e-07
1394396709_65040d97ab.jpg,1.497397467e-07
3416339125_0860d3d1eb.jpg,7.971117604e-08
3628043835_9d9bd595a7.jpg,1.259023e-07
3665169936_01ae94c9fd.jpg,1.020460279e-07
2735558076_0d7bbc18fc.jpg,6.612733924e-08
3634400263_c6fcaa48e1.jpg,1.040096316e-07
3370085095_6abbb67c1d.jpg,9.074626051e-08
3675825945_96b2916959.jpg,1.165963002e-07
3563924606_5914392cd8.jpg,8.34196162e-08
199809190_e3f6bbe2bc.jpg,9.575614072e-08
2557507575_b247f145bc.jpg,1.078000842e-07
561940436_64d6fc125d.jpg,5.960056692e-08
1917203130_fcaff8b10e.jpg,5.67766902e-08
3272847211_9e8a4f8308.jpg,7.381034565e-08
3533451027_b078e4631b.jpg,8.373595962e-08
700884207_d3ec546494.jpg,1.544583802e-07
470887781_faae5dae83.jpg,5.464273004e-08
1499581619_a5f65a882c.jpg,8.564905196e-08
3407584080_c6abf71ae3.jpg,1.18268509e-07
3606909929_90a1a072b7.jpg,1.004903605e-07
3042483842_beb23828b9.jpg,7.299691239e-08
2623247254_3bfc795121.jpg,9.483296148e-08
3396157719_6807d52a81.jpg,9.306653401e-08
3604384383_db6805d1b9.jpg,7.816620563e-08
2313230479_13f87c6bf3.jpg,1.582391714e-07
3500115252_9404c066a8.jpg,1.260320943e-07
961611340_251081fcb8.jpg,1.783815336e-07
3699522388_2333f01f40.jpg,1.139540553e-07
392467282_00bb22e201.jpg,1.136333761e-07
3485599424_94de8ede51.jpg,7.115909077e-08
489372715_ce52da796a.jpg,1.355038835e-07
2673148534_8daf0de833.jpg,1.06010784e-07
3443030942_f409586258.jpg,1.177930259e-07
1401961581_76921a75c5.jpg,1.09332021e-07
1155138244_859fd6e079.jpg,5.347584451e-08
219843860_332e5ca7d4.jpg,1.294403619e-07
3700322513_50f0d45bfa.jpg,1.312239369e-07
109823394_83fcb735e1.jpg,9.027729639e-08
293879742_5fe0ffd894.jpg,1.150705437e-07
3051754615_3d6494c2ae.jpg,9.148811589e-08
54723805_bcf7af3f16.jpg,9.287304222e-08
3436418401_b00ceb27c0.jpg,1.219117055e-07
3508051251_82422717b3.jpg,5.657706784e-08
534056823_0752303702.jpg,1.175764725e-07
3653484549_f316590b0f.jpg,6.898971965e-08
3597326009_3678a98a43.jpg,1.051714743e-07
491964988_414b556228.jpg,6.897182981e-08
2633082074_32c85f532c.jpg,5.512165435e-08
3721812313_6000566803.jpg,1.060307299e-07
2373234213_4ebe9c4ee5.jpg,7.39335698e-08
315436114_6d386b8c36.jpg,1.206626064e-07
241346471_c756a8f139.jpg,9.665587765e-08
1095476286_87d4f8664e.jpg,8.838397558e-08
2883324329_24361e2d49.jpg,6.614035896e-08
1235681222_819231767a.jpg,1.113900511e-07
72964268_d532bb8ec7.jpg,9.460206514e-08
262642489_f5c6b9e65b.jpg,6.814256058e-08
3342822192_082f932ef2.jpg,6.238554652e-08
3475092236_cf45d383c7.jpg,6.878617806e-08
3215896272_e9b4b547a9.jpg,1.152470744e-07
2142232919_c857a09dd7.jpg,5.597008389e-08
2189181027_a445b13438.jpg,1.235818991e-07
3274879561_74997bbfff.jpg,1.472123729e-07
309430053_cc58bcc36a.jpg,1.513263311e-07
241345596_91e0e2daf5.jpg,6.946260485e-08
3621623690_0095e330bc.jpg,6.082892835e-08
3741827382_71e93298d0.jpg,7.407055423e-08
2473737724_355599a263.jpg,7.677124268e-08
3406116788_c8f62e32d1.jpg,1.008632565e-07
1324816249_86600a6759.jpg,1.223510737e-07
3468694409_a51571d621.jpg,8.86917734e-08
3030962048_f71948226c.jpg,6.758657159e-08
2467850190_07a74d89b7.jpg,8.021466783e-08
2319808437_bbbdc317c0.jpg,7.295512155e-08
1295671216_cde1b9c9d1.jpg,1.543571355e-07
237277765_9e6fa5b99a.jpg,4.134304682e-08
181103691_fb2f956abd.jpg,9.437286955e-08
3640348910_fcd627ec66.jpg,9.091466924e-08
2879241506_b421536330.jpg,7.553550534e-08
2504056718_25ded44ecb.jpg,1.020223143e-07
2618538137_44fffe10c4.jpg,8.368688339e-08
3425071001_e7c9809ef2.jpg,8.924399277e-08
3472540184_b0420b921a.jpg,9.733005268e-08
1405221276_21634dcd58.jpg,7.46759941e-08
2587106431_1cc0e719c6.jpg,8.942355224e-08
2762702644_2aa3bf9680.jpg,8.449487055e-08
2808098783_c56b44befa.jpg,1.702671514e-07
2257099774_37d0d3aa9a.jpg,1.033614131e-07
3141440149_00becbbb93.jpg,8.183626609e-08
3304484212_b950233c30.jpg,9.156823651e-08
3475581086_a533567561.jpg,1.308880997e-07
979201222_75b6456d34.jpg,6.974572653e-08
3581538034_783b7d0d09.jpg,1.049130744e-07
2865564810_5c63328cd4.jpg,5.424956666e-08
3691622437_f13644273c.jpg,1.054537666e-07
3412249548_00820fc4ca.jpg,1.458794404e-07
131632409_4de0d4e710.jpg,1.199755086e-07
3251648670_9339943ba2.jpg,5.621523272e-08
3712923460_1b20ebb131.jpg,7.698495114e-08
3189521080_133777bce5.jpg,8.719340395e-08
852469220_bc0fee3623.jpg,1.008507743e-07
2115849046_2aa9fa8d13.jpg,1.872437011e-07
1357724865_4faf4e1418.jpg,6.931615261e-08
3492383096_5bbc08f0da.jpg,1.473735005e-07
1808504612_3508f3c9bb.jpg,6.908782323e-08
3725814794_30db172f67.jpg,6.64578421e-08
3493479159_609ebe1b35.jpg,1.149810142e-07
2362377137_9528692825.jpg,6.435772885e-08
319851847_7212423309.jpg,8.304016331e-08
500446858_125702b296.jpg,1.395851195e-07
3155501473_510f9c9f6b.jpg,1.080345e-07
408573233_1fff966798.jpg,7.232467168e-08
470373679_98dceb19e7.jpg,4.376828711e-08
2867699650_e6ddb540de.jpg,1.043492969e-07
488356951_b3b77ad832.jpg,6.315330588e-08
2944025729_5aecda30ee.jpg,8.09597039e-08
2638981862_6b23833f37.jpg,8.728984817e-08
689359034_4a64c24ca4.jpg,8.682757004e-08
3234115903_f4dfc8fc75.jpg,7.772094924e-08
3332467180_d72f9b067d.jpg,1.064133944e-07
3365198533_539073002b.jpg,7.496549117e-08
2419221084_01a14176b4.jpg,1.362881563e-07
1269470943_ba7fc49b4d.jpg,8.426113393e-08
2461990494_c5ece064cc.jpg,7.635710081e-08
1969573381_5ecfae4c80.jpg,1.045442695e-07
2276120079_4f235470bc.jpg,8.964593619e-08
3399616238_77acf4ee12.jpg,1.064612383e-07
781387473_208ba152b3.jpg,8.655312864e-08
295729735_8360f2e64c.jpg,6.413959742e-08
1412832223_99e8b4701a.jpg,1.407627685e-07
673806038_0a3682a83f.jpg,1.253538829e-07
2908466042_bf07cb52c7.jpg,9.403242891e-08
3726730085_2468ee9220.jpg,1.68415562e-07
2368266191_87d77750f1.jpg,9.145461358e-08
751074141_feafc7b16c.jpg,8.093289772e-08
3547000169_40191e02ca.jpg,5.797759858e-08
3516653997_98ec551a67.jpg,9.733740256e-08
3562470436_6e193643ce.jpg,1.567884101e-07
3412450683_7da035f2de.jpg,1.008614815e-07
1072153132_53d2bb1b60.jpg,1.734726084e-07
3388330419_85d72f7cda.jpg,1.209507973e-07
2372763106_ddea79d36e.jpg,7.476078064e-08
3211437611_bd4af3730b.jpg,5.96494245e-08
897406883_f09f673d94.jpg,1.03924096e-07
482882307_7dcb9eee11.jpg,9.342243962e-08
535123126_c06c1ab9bf.jpg,6.856754493e-08
3419238351_ac18b440c0.jpg,1.025124345e-07
3189251454_03b76c2e92.jpg,1.706409275e-07
2967549094_d32422eb01.jpg,5.466029665e-08
3123526484_02952e40fc.jpg,9.31556874e-08
3242354561_54e5a34925.jpg,1.893228268e-07
3555573680_41c1540a86.jpg,9.286890844e-08
3542418447_7c337360d6.jpg,9.245429745e-08
1432342377_3e41603f26.jpg,5.985769848e-08
3581451227_618854cea4.jpg,1.179086661e-07
2678612999_893ed671f8.jpg,8.352358392e-08
3614881872_ccf9739b0e.jpg,9.000976147e-08
2474092890_6c0781a8ed.jpg,1.136121965e-07
3143765063_a7761b16d3.jpg,6.672609661e-08
3070011270_390e597783.jpg,1.692260168e-07
285306009_f6ddabe687.jpg,7.104234683e-08
3671933270_d124e9a1a4.jpg,8.292895718e-08
267015208_d80b3eb94d.jpg,1.172272903e-07
1597557856_30640e0b43.jpg,9.725820553e-08
2538423833_d1f492d1fb.jpg,6.979280043e-08
3534183988_3763593dfb.jpg,1.114405353e-07
3510695264_ef460fa6cc.jpg,8.568208504e-08
3249738122_decde6c117.jpg,7.645258886e-08
3468275336_61936db92d.jpg,1.060868607e-07
2737233999_34d60dc5c3.jpg,7.694259151e-08
3338474677_7376e426c2.jpg,6.077488771e-08
3223606402_bb2aa6db95.jpg,7.37990547e-08
2703155733_19ac6f97a8.jpg,7.908204828e-08
811662356_f9a632b63c.jpg,1.657574581e-07
475778645_65b7343c47.jpg,8.691197819e-08
244910177_7c4ec3f65b.jpg,8.136533887e-08
2052702658_da1204f6d1.jpg,1.391878788e-07
524282699_71e678a6bd.jpg,1.063364938e-07
255330891_86d65dfdbf.jpg,9.642392268e-08
1679557684_50a206e4a9.jpg,7.363037632e-08
3459858555_c3f0087a72.jpg,1.209337803e-07
2891240104_6755281868.jpg,6.632142547e-08
3385956569_a849218e34.jpg,1.311039123e-07
2190227737_6e0bde2623.jpg,1.072186964e-07
3415589320_71a5bf64cf.jpg,1.174196739e-07
1402843760_d30f1dbf0f.jpg,1.005410546e-07
795081510_53fd17d101.jpg,1.319232082e-07
1713248099_d860df4e10.jpg,1.067781885e-07
2905975229_7c37156dbe.jpg,1.155041621e-07
2757779501_c41c86a595.jpg,9.263117547e-08
3183875944_b2be694e06.jpg,9.073552733e-08
3516299821_8f0375d221.jpg,9.560954469e-08
3370308329_7f2de5bb58.jpg,9.087694328e-08
2727051596_be65bfb3d3.jpg,6.732847686e-08
3564543247_05cdbc31cf.jpg,5.822624938e-08
3155451946_c0862c70cb.jpg,7.255346932e-08
688210930_85c5675d5b.jpg,8.118947406e-08
2716251485_d6113f4c8a.jpg,7.016177396e-08
2282043629_91b7831352.jpg,7.580250393e-08
261737543_b8fdc24671.jpg,9.623480537e-08
3195969533_98f5de0fab.jpg,8.937991907e-08
3459156091_c1879ebe28.jpg,8.215338275e-08
2950637275_98f1e30cca.jpg,1.035099093e-07
1030985833_b0902ea560.jpg,8.090697549e-08
3072782873_3278f3b3a7.jpg,7.313743373e-08
2564888404_b57f89d3c7.jpg,7.898322565e-08
3625049113_554d82c2a1.jpg,9.684375821e-08
1541272333_1624b22546.jpg,2.761046674e-07
3523474077_16e14bc54c.jpg,1.115933228e-07
1298866571_b4c496b71c.jpg,5.548130879e-08
1517340899_ee1c74a8f6.jpg,8.315037132e-08
300577374_bfccb0430b.jpg,1.273793997e-07
468102269_135938e209.jpg,6.722232241e-08
3608567609_aae96d4a5e.jpg,7.100549194e-08
2980445969_a86f4e6a0e.jpg,6.830728649e-08
3695517194_2a6b604cb2.jpg,9.322825449e-08
3563059800_c073081ce3.jpg,9.400314803e-08
387830531_e89c192b92.jpg,7.774815708e-08
2748435417_ea7bbcc17c.jpg,5.317748711e-08
2752084369_52e7867da7.jpg,1.411615e-07
2868136205_3cf679208d.jpg,8.911470437e-08
3684562647_28dc325522.jpg,7.751835028e-08
3412036192_d8cd12ed3f.jpg,1.382233685e-07
1858963639_4588cd4be9.jpg,7.795542389e-08
454691853_cc1e0fa6a1.jpg,1.09036271e-07
2914206497_5e36ac6324.jpg,9.033897101e-08
3225880532_c8d5d1d798.jpg,7.999858427e-08
3696246123_99d4d10140.jpg,1.010243669e-07
3422219732_3d0be52cc3.jpg,9.295588485e-08
2938072630_d641b63e4d.jpg,1.255685553e-07
3255737244_1f8948fc07.jpg,1.221372411e-07
597543181_6a85ef4c17.jpg,9.910622352e-08
3494394662_3edfd4a34c.jpg,9.825435864e-08
3579686259_b1fe6aefc9.jpg,7.862221297e-08
517094985_4b9e926936.jpg,9.357412659e-08
2106772874_381824648b.jpg,9.067926699e-08
2466093839_33bbc8cbd9.jpg,1.188404219e-07
473220329_819a913bbb.jpg,1.264300811e-07
513116697_ad0f4dc800.jpg,7.843639482e-08
3173976185_8a50123050.jpg,1.334919612e-07
370713359_7560808550.jpg,7.987157446e-08
3597921737_3fd1d0665b.jpg,5.684000434e-08
3128164023_ebe8da4c32.jpg,1.179099904e-07
3214573346_d3a57f0328.jpg,1.371808569e-07
1418503947_953d373632.jpg,7.893683842e-08
3235542079_2fcf4951a1.jpg,6.659041033e-08
2129430111_338a94f8fb.jpg,8.700272959e-08
2181117039_c4eea8036e.jpg,7.679444771e-08
2451988767_244bff98d1.jpg,6.017607214e-08
3163563871_cef3cf33ea.jpg,8.072613887e-08
3143574389_8a4048fbe2.jpg,7.171630154e-08
2896180326_88785fe078.jpg,6.196064538e-08
1387785218_cee67735f5.jpg,1.008013251e-07
3596131692_91b8a05606.jpg,8.412125642e-08
2842609837_b3a0b383f7.jpg,8.560599454e-08
3269661567_faf190885a.jpg,8.170767038e-08
1075881101_d55c46bece.jpg,6.305228563e-08
760180310_3c6bd4fd1f.jpg,9.410042686e-08
3497238310_2abde3965d.jpg,8.698706671e-08
3211556865_d1d9becf69.jpg,9.392465952e-08
3326249355_e7a7c71f06.jpg,1.159428746e-07
3433470650_a8b1c27173.jpg,5.46667165e-08
1289142574_2bd6a082dd.jpg,9.943704498e-08
2309860995_c2e2a0feeb.jpg,8.107945004e-08
2982928615_06db40f4cd.jpg,2.024258153e-07
2360194369_d2fd03b337.jpg,8.473891948e-08
3678098428_40c1b74cc2.jpg,8.849040822e-08
3076052114_233f42ae5b.jpg,1.180806414e-07
1288909046_d2b2b62607.jpg,1.111111006e-07
475317104_1cdc1653b4.jpg,1.087994656e-07
3547313700_39368b9a2f.jpg,1.054193609e-07
3477778668_81ff0a68e0.jpg,8.217637017e-08
3208571574_6dc1a461c5.jpg,6.864529255e-08
3487820317_3728e7569e.jpg,8.440182961e-08
1248953128_24c9f8d924.jpg,8.707174447e-08
3538213870_9856a76b2a.jpg,7.251902279e-08
457631171_12b1aee828.jpg,9.46278537e-08
2070798293_6b9405e04d.jpg,1.065624337e-07
3164415865_612f9fd8bc.jpg,9.211804876e-08
2105756457_a100d8434e.jpg,1.276530795e-07
284441196_8ebb216d0d.jpg,1.8177642e-07
3452982513_36f2bc81fa.jpg,1.111984024e-07
2084157130_f288e492e4.jpg,1.29643318e-07
2455286250_fb6a66175a.jpg,1.024566087e-07
2618322793_5fb164d86a.jpg,8.685044006e-08
3439982121_0afc6d5973.jpg,1.207445749e-07
2549452277_873cb80d3e.jpg,1.297537134e-07
2095007523_591f255708.jpg,1.4787545e-07
2604305843_ebe3e8a328.jpg,8.684045905e-08
2923497185_c64004ff2d.jpg,1.284175169e-07
3286017638_c688c83e3d.jpg,9.024487981e-08
3091594712_2166604334.jpg,1.148176178e-07
2709683703_5385ea9ef4.jpg,5.865304619e-08
3591170729_406fdb74e5.jpg,1.443118775e-07
2682194299_92005b26c6.jpg,8.404810449e-08
2870194345_0bcbac1aa5.jpg,6.753485986e-08
1472653060_7427d2865a.jpg,7.013352097e-08
3445296377_1e5082b44b.jpg,7.085924752e-08
305749904_54a612fd1a.jpg,8.683859506e-08
248858242_1c33c54ada.jpg,1.416951087e-07
3431194126_ca78f5fde6.jpg,8.737055438e-08
3246991821_750a3097e2.jpg,9.592597396e-08
2313822078_282dc07531.jpg,8.828519346e-08
3464708890_3cab754998.jpg,7.705218991e-08
2963672852_c28043bb2c.jpg,6.24598853e-08
2171576939_d1e72daab2.jpg,7.654235299e-08
2419591925_1038c6c570.jpg,1.346719126e-07
2924259848_effb4dcb82.jpg,6.240685986e-08
1141718391_24164bf1b1.jpg,7.397571762e-08
389643437_9a9830a3ba.jpg,8.792935595e-08
1075716537_62105738b4.jpg,1.421078406e-07
509200598_171a1ab6c8.jpg,1.272236638e-07
380527679_574749123d.jpg,9.937193934e-08
590445887_4d4fa43923.jpg,8.325707305e-08
3198231851_6b1727482b.jpg,7.035262589e-08
69710411_2cf537f61f.jpg,9.172470033e-08
3540598210_972f0ff573.jpg,1.570429982e-07
1924234308_c9ddcf206d.jpg,7.919601765e-08
3096163135_584901a5ae.jpg,6.65605002e-08
1745110280_0cbff5e273.jpg,9.297393713e-08
370614351_98b8a166b9.jpg,7.99936951e-08
3689727848_b53f931130.jpg,6.063418428e-08
244910130_e1f823a28a.jpg,1.133308487e-07
3542771548_fcb8fa0cba.jpg,6.00231542e-08
3211453055_05cbfe37cd.jpg,7.47156924e-08
2428959030_bdffc2812e.jpg,8.467667151e-08
3540416139_c884f38351.jpg,9.637864446e-08
1153704539_542f7aa3a5.jpg,6.981352273e-08
3477315700_52a4d740a5.jpg,8.909594466e-08
3255482333_5bcee79f7e.jpg,1.290877096e-07
2109370875_05241bdda7.jpg,1.066703419e-07
485921585_1974b1577a.jpg,5.01595502e-08
405961988_fcfe97f31e.jpg,7.5522061e-08
3583903436_028b06c489.jpg,8.416954617e-08
3401437960_7da856e004.jpg,9.579795215e-08
2087640654_1a84577a44.jpg,9.430713621e-08
241347391_4fcd4639f4.jpg,8.683839694e-08
2445283938_ff477c7952.jpg,8.849168494e-08
467858872_f3431df682.jpg,1.192656699e-07
2716457668_187a6d2b1c.jpg,1.416959796e-07
2894217628_f1a4153dca.jpg,7.164988409e-08
3101378069_f8caa14c0a.jpg,9.165353002e-08
3149804151_1cc8d10783.jpg,7.942079108e-08
3143978284_ac086be9a3.jpg,1.161005705e-07
2746839158_4195210d27.jpg,9.749621955e-08
3543600125_223747ef4c.jpg,6.48675758e-08
3185662156_c877583c53.jpg,1.522667465e-07
3685373706_37f2ced9ff.jpg,1.001646011e-07
1235580648_7eebaed9bc.jpg,7.227655789e-08
2369452202_8b0e8e25ca.jpg,1.247940618e-07
3127888173_9a9a8ac3bd.jpg,7.641080597e-08
3259119085_21613b69df.jpg,1.000030823e-07
97105139_fae46fe8ef.jpg,1.054021005e-07
2282895743_f803f1cf01.jpg,1.144746239e-07
3214151585_f2d0b00b41.jpg,1.258911677e-07
3226796100_08c49cfa5c.jpg,8.654658083e-08
3199895624_4f01798c6f.jpg,8.947156081e-08
3498327617_d2e3db3ee3.jpg,1.457327428e-07
3268443910_b36dbc1e5c.jpg,8.166268789e-08
2402793046_3385554e81.jpg,6.938982471e-08
2435166927_28b8130660.jpg,7.428005723e-08
3363750526_efcedc47a9.jpg,1.25062379e-07
3439414478_8038ba9409.jpg,1.170935284e-07
836768303_d748df5546.jpg,7.208733896e-08
3518608016_46453d8b18.jpg,8.280713076e-08
3053785363_50392f2c53.jpg,1.275830156e-07
1193116658_c0161c35b5.jpg,5.863586633e-08
412203580_2c7278909c.jpg,8.120855996e-08
506882688_b37d549593.jpg,1.508142905e-07
269630255_c3ec75c792.jpg,8.641231013e-08
2613209320_edf6a2b7e9.jpg,8.089531834e-08
3351596152_bf283f03d1.jpg,1.310859689e-07
3515665835_22e6fb1193.jpg,1.030010903e-07
3631671718_d712821757.jpg,8.527488222e-08
524360969_472a7152f0.jpg,7.768812161e-08
2860872588_f2c7b30e1a.jpg,1.310358182e-07
2930318834_8366811283.jpg,8.33493645e-08
411216802_aead9e67e3.jpg,7.636285414e-08
2389107995_ec756f3514.jpg,7.264897969e-08
3546027589_253553252a.jpg,8.561402597e-08
2555521861_fc36fd3ab0.jpg,1.119309224e-07
2667783499_3a4f38f636.jpg,1.046741998e-07
2926786902_815a99a154.jpg,7.372235452e-08
3258394043_a0b6a94dce.jpg,6.788153584e-08
408233586_f2c1be3ce1.jpg,1.301030282e-07
1415591512_a84644750c.jpg,9.684340264e-08
837893113_81854e94e3.jpg,1.372574086e-07
3356901257_83811a19eb.jpg,9.620564023e-08
2815256108_fc1302117d.jpg,6.520013376e-08
3526897578_3cf77da99b.jpg,1.862913686e-07
3151492269_28d8edaa68.jpg,2.171491969e-07
1308617539_54e1a3dfbe.jpg,1.572571424e-07
2089350172_dc2cf9fcf6.jpg,1.291429565e-07
528500099_7be78a0ca5.jpg,9.487879076e-08
2219959872_988e6d498e.jpg,1.078690799e-07
1456393634_74022d9056.jpg,1.270743172e-07
3336361161_c06cdd160e.jpg,1.350291067e-07
2371749487_d80195a2e7.jpg,9.530968956e-08
455611732_d65bf3e976.jpg,1.446076069e-07
1975531316_8b00eeaaf7.jpg,1.438938992e-07
954987350_a0c608b467.jpg,8.358122976e-08
96399948_b86c61bfe6.jpg,1.286203502e-07
3454621502_73af6742fb.jpg,8.738379276e-08
2601008162_f00eeb5c14.jpg,9.803594904e-08
3424851862_0f51c42922.jpg,9.955170741e-08
2729685399_56c0e104b1.jpg,8.821454952e-08
2101808682_0d66ef4a08.jpg,1.072440316e-07
2863349041_5eba6e3e21.jpg,1.838487073e-07
207584893_63e73c5c28.jpg,1.75373438e-07
2460797929_66446c13db.jpg,6.744582152e-08
1307635496_94442dc21a.jpg,1.070190927e-07
2521770311_3086ca90de.jpg,1.581901034e-07
3679502342_7fe6ef8a36.jpg,8.023531047e-08
3349528565_0bc013b70a.jpg,9.350963372e-08
2682382530_f9f8fd1e89.jpg,7.158978872e-08
362316425_bda238b4de.jpg,9.484225252e-08
3681414069_71ba164f71.jpg,1.029510329e-07
461505235_590102a5bf.jpg,1.149794473e-07
2195887578_3ba2f29b48.jpg,9.647829339e-08
3640109324_3ce89e4d1a.jpg,8.97879089e-08
2513260012_03d33305cf.jpg,9.061074206e-08
895502702_5170ada2ee.jpg,1.109574561e-07
556568556_bc5124dc8e.jpg,6.96160895e-08
2038662925_f4fa8c2534.jpg,7.167541632e-08
1130369873_d80a1aa59c.jpg,1.145394445e-07
2814037463_74de97da86.jpg,8.276920233e-08
3091177347_58c85c1c3b.jpg,9.787805289e-08
2201192417_d934730fea.jpg,1.165553267e-07
2394857899_76bfdf720b.jpg,4.549480446e-08
3158327361_6f1a518228.jpg,7.702084052e-08
3420323191_d66e003264.jpg,1.13389319e-07
3569329986_1f468729b2.jpg,1.266142078e-07
487487795_54705c406e.jpg,1.296378577e-07
241347664_4a3e7e5be7.jpg,8.246763458e-08
307994435_592f933a6d.jpg,9.581527645e-08
3504479370_ff2d89a043.jpg,5.613566432e-08
2774581025_81a3074e2e.jpg,1.421999355e-07
2381583688_a6dd0a7279.jpg,7.560400645e-08
2560388887_55abc9083d.jpg,1.128299983e-07
263233914_d25004e4cd.jpg,1.140897242e-07
3236447445_eecafdf4f0.jpg,9.696555167e-08
2252635585_b48b3485b0.jpg,4.871361168e-08
2618866067_07cbc83dc5.jpg,1.163956941e-07
3126225245_96cd2c053f.jpg,1.094244925e-07
326334188_8850b7bfd4.jpg,1.730898357e-07
3284887033_e2e48f1863.jpg,1.06882862e-07
2491343114_a3e35a2a3a.jpg,1.751277733e-07
2467803152_70eeca1334.jpg,7.501296492e-08
3228069008_edb2961fc4.jpg,1.447344739e-07
2192026581_b782d1355a.jpg,7.885377412e-08
3726019124_f302b3d48a.jpg,8.774730831e-08
2588927489_f4da2f11ec.jpg,7.891606148e-08
3637013_c675de7705.jpg,6.147986641e-08
3523920786_0eb63993fd.jpg,1.480748903e-07
1337792872_d01a390b33.jpg,8.353607042e-08
2766630484_ce73f47031.jpg,1.113191582e-07
2396669903_5217a83641.jpg,1.050734859e-07
2183967273_d182e18cf6.jpg,8.530695245e-08
3706356018_28f62290e8.jpg,5.687244995e-08
3265964840_5374ed9c53.jpg,9.897719488e-08
1355703632_5683a4b6fb.jpg,1.296842111e-07
3530502404_f8c3a3f61c.jpg,4.375240868e-08
3248408149_41a8dd90d3.jpg,6.877715861e-08
2473293833_78820d2eaa.jpg,8.780592233e-08
2480664591_e6d22ed61c.jpg,1.231309235e-07
3585598356_8ce815bbb9.jpg,7.265849446e-08
2844641033_dab3715a99.jpg,9.313616707e-08
1785138090_76a56aaabc.jpg,2.164419525e-07
3231237864_8cb1c6d863.jpg,7.343629698e-08
3639363462_bcdb21de29.jpg,1.040862449e-07
1019604187_d087bf9a5f.jpg,1.282921018e-07
1515025681_999199cb79.jpg,7.474916237e-08
2594902417_f65d8866a8.jpg,1.198530588e-07
2866820467_ae699235a7.jpg,5.099674985e-08
3219122000_bd6b4ae5ff.jpg,1.880320854e-07
3677927146_1696f0b075.jpg,1.230050998e-07
3033257301_e2c8a39b04.jpg,1.221029209e-07
511844627_0ec78e01e9.jpg,9.304528291e-08
3300679815_2c6c2301cb.jpg,4.885396782e-08
356143774_ef3e93eede.jpg,1.191855075e-07
2328616978_fb21be2b87.jpg,9.071123896e-08
2088460083_42ee8a595a.jpg,1.135424393e-07
514073775_56796be990.jpg,8.735321955e-08
1143373711_2e90b7b799.jpg,7.226618562e-08
1056249424_ef2a2e041c.jpg,8.391222642e-08
1417031097_ab656bc4bd.jpg,5.661210715e-08
1356796100_b265479721.jpg,1.262847852e-07
286660725_ffdbdf3481.jpg,1.292263921e-07
539667015_fd0a3bea07.jpg,5.269047274e-08
3330680118_4e541889c1.jpg,7.831659138e-08
2677614492_792023b928.jpg,1.028025079e-07
557101732_32bbc47c12.jpg,8.00373889e-08
464251704_b0f0c4c87a.jpg,7.372673241e-08
2586028627_ddd054d8cc.jpg,8.785498897e-08
1244306891_8e78ae1620.jpg,1.009874845e-07
1821238649_2fda79d6d7.jpg,7.2132878e-08
3505657604_8899161734.jpg,1.12089535e-07
3105691757_817083b0a6.jpg,8.023766668e-08
2562377955_8d670ccec6.jpg,1.098639212e-07
1355450069_c0675b0706.jpg,1.150569925e-07
3452341579_0147d2199b.jpg,1.277918564e-07
3339586622_a7676b30e1.jpg,6.716328839e-08
2192802444_b14bb87b95.jpg,7.407601796e-08
2631300484_be8621d17b.jpg,5.943582415e-08
533483374_86c5d4c13e.jpg,1.578531343e-07
210686241_b8e069fff3.jpg,2.155313424e-07
2890075175_4bd32b201a.jpg,6.947635915e-08
3182996527_70d9c323d5.jpg,6.515298804e-08
1313961775_824b87d155.jpg,1.11043385e-07
1417941060_2a0f7908bc.jpg,8.413585478e-08
3173461705_b5cdeef1eb.jpg,9.149579758e-08
3339140382_2e49bc324a.jpg,1.27547088e-07
3050606344_af711c726c.jpg,1.024116597e-07
103195344_5d2dc613a3.jpg,8.491117632e-08
3172369593_eb4d787ffb.jpg,5.501894245e-08
2930616480_7fd45ca79b.jpg,7.075826265e-08
3482879314_d3387e95b1.jpg,8.590376333e-08
566446626_9793890f95.jpg,8.288734294e-08
3417662443_2eaea88977.jpg,4.590518285e-08
174466741_329a52b2fe.jpg,1.061191263e-07
2319175397_3e586cfaf8.jpg,2.03623908e-07
3564436847_57825db87d.jpg,9.618501907e-08
3494105596_f05cb0d56f.jpg,8.814922807e-08
2283966256_70317e1759.jpg,8.317135621e-08
429270993_294ba8e64c.jpg,8.614886387e-08
540721368_12ac732c6c.jpg,6.291269037e-08
312427606_defa0dfaa8.jpg,1.009835284e-07
3404906655_bc51c69c1e.jpg,9.786751436e-08
3217187564_0ffd89dec1.jpg,8.550774132e-08
3383388869_a14552e551.jpg,1.598328059e-07
523991446_65dbc5a4a5.jpg,1.181391643e-07
2801146217_03a0b59ccb.jpg,1.167636877e-07
839295615_bb9baf2f95.jpg,7.316385087e-08
2436081047_bca044c1d3.jpg,9.106664106e-08
472396131_6e97068d93.jpg,1.350827468e-07
3648160673_0c783236a6.jpg,1.66446259e-07
407569668_19b3f8eaf6.jpg,8.433645725e-08
3607405494_0df89110a6.jpg,1.21383713e-07
3666169738_a8c74cf745.jpg,1.184468946e-07
3551447084_becc6a4666.jpg,7.715593192e-08
2182488373_df73c7cc09.jpg,7.238771529e-08
2003663004_5b70920a98.jpg,5.367490302e-08
1797507760_384744fb34.jpg,1.010768605e-07
3372214646_cc2ceb182f.jpg,1.001744575e-07
468930779_8008d90e10.jpg,9.024864914e-08
3016178284_ec50a09e8c.jpg,6.650909063e-08
3077781040_bc27778609.jpg,1.182766001e-07
3306951622_93b82cac21.jpg,1.413611139e-07
1282392036_5a0328eb86.jpg,8.528299029e-08
3459570613_3932816d3f.jpg,8.690462675e-08
2414397449_2ac3b78e0d.jpg,1.431231185e-07
3536561454_e75993d903.jpg,7.652853958e-08
2191453879_11dfe2ba3a.jpg,1.051244749e-07
2274602044_b3d55df235.jpg,1.536002369e-07
2272426567_9e9fb79db0.jpg,9.955691615e-08
3312096605_f458757418.jpg,1.326649027e-07
3225998968_ef786d86e0.jpg,1.101666459e-07
2746072388_b127f8259b.jpg,1.299231787e-07
3722507770_0d6cb7420e.jpg,1.029646976e-07
518144037_9a1754b2a6.jpg,7.919002685e-08
1056359656_662cee0814.jpg,9.498714352e-08
3177298173_78cea31d64.jpg,1.228349108e-07
3654869593_c8599a8e20.jpg,1.033025055e-07
772403830_08b72c7da9.jpg,1.895471277e-07
450596617_ed37ec0fe4.jpg,5.69507086e-08
1425485485_d7c97a5470.jpg,1.074257192e-07
3088922727_4bdf2ccc94.jpg,7.102605644e-08
3558683579_8fb36b55a6.jpg,6.61572106e-08
3273091032_98f724b36b.jpg,7.378260188e-08
1860543210_47e94cf652.jpg,9.63128463e-08
3334953664_a669038795.jpg,7.203122792e-08
2869765795_21a398cb24.jpg,1.258106058e-07
3351370405_e417e38f52.jpg,8.891173422e-08
566794440_f9ec673a2f.jpg,9.291648415e-08
3392293702_ccb0599857.jpg,1.168191834e-07
3567061016_62768dcce1.jpg,7.326084561e-08
3015898903_70bebb8903.jpg,9.286445918e-08
1469000260_5d473c8283.jpg,8.352861171e-08
2517082705_93bc9f73ec.jpg,6.812538841e-08
3349194268_0ee555c9a2.jpg,9.892941853e-08
435739506_2daf7f4887.jpg,1.292065136e-07
319869052_08b000e4af.jpg,1.471982306e-07
3208074567_ac44aeb3f3.jpg,9.61608963e-08
2404488732_ca1bbdacc2.jpg,1.02814043e-07
486917990_72bd4069af.jpg,1.145721864e-07
3009644534_992e9ea2a7.jpg,9.37230146e-08
310728631_155c3bbeea.jpg,7.594392616e-08
2665461736_595c87f0a3.jpg,8.389199222e-08
288177922_b889f2e1fe.jpg,8.540824129e-08
2854959952_3991a385ab.jpg,1.265227962e-07
1837976956_3c45d0f9b8.jpg,7.66772578e-08
385835044_4aa11f6990.jpg,8.745486633e-08
3264650118_be7df266e7.jpg,7.527384362e-08
3649224118_abe73c672c.jpg,9.384741268e-08
2602083686_e8a1af69cf.jpg,5.105654917e-08
374176648_ba4b88c221.jpg,1.164531512e-07
428796930_476a3d6395.jpg,6.377705669e-08
2088910854_c6f8d4f5f9.jpg,9.849331968e-08
459284240_5a4167bf92.jpg,7.033291112e-08
3394586927_eae7732b64.jpg,9.287430554e-08
2502835694_4fe121bbea.jpg,9.360274024e-08
2842032768_9d9ce04385.jpg,9.99593605e-08
2312747482_20a81b2230.jpg,7.321868594e-08
3330333217_1a69497a74.jpg,1.072523568e-07
2064792226_97e41d8167.jpg,8.304911481e-08
3614595423_f9e0ab4fb0.jpg,7.306183851e-08
2540750172_070250ece5.jpg,8.224595044e-08
2251747182_6b67a3ab8b.jpg,1.106121855e-07
3631136463_53ff624b82.jpg,6.639184058e-08
2497608431_8dfefc7a1a.jpg,6.526129324e-08
1164131282_b30926f332.jpg,1.564821044e-07
2089442007_6fc798548c.jpg,1.640765283e-07
2045023435_181854c013.jpg,6.712176336e-08
451081733_40218cec31.jpg,6.906498453e-08
3701226275_952547ba0f.jpg,9.832700007e-08
3613242966_a1c63a0174.jpg,1.343755612e-07
437054333_5c2761b8cd.jpg,3.908745864e-08
2198484810_50a893824a.jpg,7.404470453e-08
166507476_9be5b9852a.jpg,8.526321658e-08
3585495069_33cba06d0a.jpg,1.123173808e-07
33108590_d685bfe51c.jpg,7.908239802e-08
3066491113_86569e15be.jpg,1.037161266e-07
3091912922_0d6ebc8f6a.jpg,1.158774328e-07
2860667542_95abec3380.jpg,8.525498898e-08
1363843090_9425d93064.jpg,9.72436307e-08
2690538407_7ca157be85.jpg,9.920645952e-08
3420469425_2980b4cd30.jpg,7.739109365e-08
2666205903_8d287669e1.jpg,9.995194701e-08
1280147517_98767ca3b3.jpg,9.183226818e-08
55473406_1d2271c1f2.jpg,1.425360237e-07
1797554350_20998753c0.jpg,9.823317113e-08
3569667295_6e51db08ef.jpg,9.439894619e-08
3457572788_e1fe4f6480.jpg,9.330354681e-08
3409947123_a8d07edecf.jpg,6.435686756e-08
181157221_e12410ef0b.jpg,1.058615823e-07
3737539561_d1dc161040.jpg,6.017851388e-08
2114355355_9d7e2d8178.jpg,8.901798553e-08
536721406_884ab8fece.jpg,6.198517395e-08
1809758121_96026913bb.jpg,1.102942479e-07
2473689180_e9d8fd656a.jpg,9.739438058e-08
2655183854_5852790214.jpg,7.446033503e-08
3624676866_8f6d0efcc9.jpg,7.432362829e-08
3551003620_0b02d76f65.jpg,1.078716027e-07
3451523035_b61d79f6a8.jpg,8.659375852e-08
3072611047_109bf8b7c3.jpg,8.642304706e-08
3049649128_d83d847168.jpg,7.413259671e-08
3155987659_b9ea318dd3.jpg,9.070750753e-08
506343925_b30a235de6.jpg,9.203711463e-08
512031915_0dd03dcdf9.jpg,1.357172545e-07
2686432878_0697dbc048.jpg,1.029709215e-07
1680126311_b92a2e8e72.jpg,1.034693005e-07
2543247940_083f1b7969.jpg,1.030220854e-07
2696394827_7342ced36f.jpg,1.146571046e-07
2899374885_f3b2b1a290.jpg,1.155274656e-07
2611651553_61f859837e.jpg,8.663381117e-08
3103264875_2a8d534abc.jpg,2.111662479e-07
2255338013_566127590b.jpg,1.508354146e-07
2036407732_d5a0389bba.jpg,1.296752341e-07
1285067106_2adc307240.jpg,1.143921042e-07
2687328779_b4356dab16.jpg,1.050101769e-07
3309082580_7228067ee0.jpg,1.074980121e-07
2189995738_352607a63b.jpg,9.431203401e-08
2857372127_d86639002c.jpg,1.012247128e-07
397451339_76a84bd310.jpg,8.49333942e-08
185057637_e8ada37343.jpg,6.186782014e-08
3619381206_5bc8b406f9.jpg,8.05411295e-08
2738077433_10e6264b6f.jpg,1.18367492e-07
583087629_a09334e1fb.jpg,1.430148731e-07
2596100297_372bd0f739.jpg,1.257418141e-07
2212472643_80238475b5.jpg,8.553077331e-08
3304556387_203b9d4db0.jpg,8.66144702e-08
3189964753_a95536ced9.jpg,4.543707353e-08
2301379282_5fbcf230d1.jpg,8.103024686e-08
434938585_fbf913dfb4.jpg,9.610046331e-08
1801063894_60bce29e19.jpg,1.159020429e-07
2471447879_6554cefb16.jpg,9.107305015e-08
2853811730_fbb8ab0878.jpg,8.04102984e-08
504385521_6e668691a3.jpg,1.375677959e-07
3221128704_d1205db79b.jpg,9.507432688e-08
2149982207_5345633bbf.jpg,1.200721198e-07
241346794_4319f8af67.jpg,8.833085382e-08
109823397_e35154645f.jpg,8.795503491e-08
3042380610_c5ea61eef8.jpg,8.412665886e-08
252802010_3d47bee500.jpg,1.150990761e-07
1569687608_0e3b3ad044.jpg,1.194104909e-07
562928217_21f967a807.jpg,5.496130449e-08
3441531010_8eebbb507e.jpg,1.17844408e-07
3707283973_5cdaa39340.jpg,1.038368398e-07
2298283771_fb21a4217e.jpg,8.659460644e-08
3099694681_19a72c8bdc.jpg,6.498461339e-08
19212715_20476497a3.jpg,2.086568512e-07
3699763582_f28c5130dd.jpg,1.208676499e-07
745563422_f4fa7d9157.jpg,9.907378296e-08
1550772959_9ca9fa625f.jpg,7.131864302e-08
990890291_afc72be141.jpg,7.33443148e-08
2481490320_7978c76271.jpg,2.340169971e-07
432167214_c17fcc1a2d.jpg,8.691444403e-08
835415474_7b7f2a9768.jpg,8.263456094e-08
2203449950_e51d0f9065.jpg,8.828181537e-08
2273871383_1ddb3562ea.jpg,1.031647773e-07
3091580843_178042c50b.jpg,5.499456141e-08
3676788491_01e9bc5f15.jpg,9.765071522e-08
1003163366_44323f5815.jpg,5.373809968e-08
3196995975_3e38eabf01.jpg,1.782080914e-07
2663794355_e726ec7e05.jpg,9.118585161e-08
1056338697_4f7d7ce270.jpg,1.010977276e-07
2726301121_95a2fbd22b.jpg,1.236383422e-07
497122685_a51b29dc46.jpg,7.896852295e-08
1819261140_6c022f4b1d.jpg,6.975816203e-08
3638318149_b60450bfbe.jpg,8.29222181e-08
3222041930_f642f49d28.jpg,8.959633336e-08
2832076014_ff08c92037.jpg,1.312612968e-07
2663248626_f000f2661d.jpg,1.307605582e-07
365759754_6cf7068c9a.jpg,5.109894592e-08
3048821353_83d4c0cbb9.jpg,7.346783964e-08
1346529555_e916816cfe.jpg,9.794901395e-08
109260218_fca831f933.jpg,1.609722616e-07
3644941648_012ec87848.jpg,1.053209278e-07
1095580424_76f0aa8a3e.jpg,7.188992247e-08
3486340101_ff01d8f3f9.jpg,9.570046817e-08
2561849813_ff9caa52ac.jpg,9.902211014e-08
3281078518_630a7a7f4f.jpg,1.075432334e-07
1007129816_e794419615.jpg,7.196384193e-08
3293596075_973b0bfd08.jpg,1.108344618e-07
3256275785_9c3af57576.jpg,8.422854033e-08
2269795781_46a296aa21.jpg,8.675390654e-08
3043908909_bb54d2c08e.jpg,6.464287421e-08
3290465391_258429e2f9.jpg,8.279336924e-08
2247138288_7355861203.jpg,5.638494787e-08
3364861247_d590fa170d.jpg,6.982746033e-08
2427558437_3e839056d7.jpg,8.248288415e-08
2712352554_1cafd32812.jpg,9.885357613e-08
367964525_b1528ac6e4.jpg,1.076882404e-07
3415646718_f9f4e23a66.jpg,5.532217475e-08
1067675215_7336a694d6.jpg,9.347466122e-08
3271252073_0a1b9525fc.jpg,7.396290322e-08
3708177171_529bb4ff1d.jpg,4.856879837e-08
404216567_75b50b5a36.jpg,8.207884593e-08
3286620180_4b00e93e8e.jpg,8.247113407e-08
3726170067_094cc1b7e5.jpg,8.8477219e-08
2915538325_59e11276dd.jpg,8.440694129e-08
2766325714_189bbff388.jpg,1.518125594e-07
401079494_562454c4d6.jpg,1.031251679e-07
733964952_69f011a6c4.jpg,8.228554123e-08
3269087421_1d489abeae.jpg,6.594563302e-08
799199774_142b1c3bb2.jpg,7.461143074e-08
2573141440_28a762d537.jpg,1.187914559e-07
3150380412_7021e5444a.jpg,1.354382478e-07
2902269566_419d9f1d8e.jpg,8.470612915e-08
2281768510_9cc5728c55.jpg,1.198486072e-07
114949897_490ca7eaec.jpg,1.140252789e-07
3085667767_66041b202e.jpg,1.499562146e-07
2635483351_bc1a8273aa.jpg,9.239827992e-08
503090187_8758ab5680.jpg,1.367752341e-07
3520079657_b828d96d50.jpg,1.127903223e-07
3005126574_49c28ffbee.jpg,1.279757716e-07
2151056407_c9c09b0a02.jpg,9.937159726e-08
3222250187_ef610f267e.jpg,1.266737804e-07
318070878_92ead85868.jpg,4.991011847e-08
3658733605_fbcf570843.jpg,8.247471744e-08
2854234756_8c0e472f51.jpg,9.338061549e-08
282960970_574aa1ba49.jpg,1.317724952e-07
2209888959_d636b1be0b.jpg,1.170409602e-07
2570365455_41cc9a7d2b.jpg,7.77132361e-08
2607383384_d9ce9de793.jpg,8.359709582e-08
253762507_9c3356c2f6.jpg,7.826983843e-08
3354330935_de75be9d2f.jpg,1.157042332e-07
3027009366_c8362521e8.jpg,7.761115695e-08
2804851816_9aae9071ca.jpg,1.354289966e-07
358607894_5abb1250d3.jpg,9.112259846e-08
294709836_87126898fb.jpg,8.425554288e-08
3504275465_604ce2ef34.jpg,1.029854878e-07
3084018061_df66d98325.jpg,1.318480061e-07
3119887391_212f379797.jpg,1.285549341e-07
2238019823_79318d1f11.jpg,1.472701039e-07
3365602213_dd3287a633.jpg,4.108546184e-08
3675685612_3987d91d92.jpg,9.57891838e-08
408627152_1feaa4b94e.jpg,8.735953509e-08
752052256_243d111bf0.jpg,6.984036379e-08
241346215_037e18403a.jpg,1.010775379e-07
3708748633_e7e3cf4e84.jpg,9.821293892e-08
2836808985_b26e4ca09e.jpg,7.269107785e-08
1445754124_647168f211.jpg,8.211279653e-08
2328104318_5a43ca170c.jpg,6.599946674e-08
3301438465_10121a2412.jpg,7.664079028e-08
3021780428_497542a072.jpg,1.061564336e-07
241347271_a39a5a0070.jpg,1.021807129e-07
489551372_b19a6ad0ed.jpg,7.796796813e-08
2768662025_44001fe5d1.jpg,1.006940545e-07
2845845721_d0bc113ff7.jpg,1.235427444e-07
2086534745_1e4ab80078.jpg,1.221926059e-07
3335370208_460fc19bfa.jpg,9.157283221e-08
2290330500_e7bdaa58e1.jpg,1.234109982e-07
512045825_1be2083922.jpg,9.484593004e-08
509241560_00e5b20562.jpg,7.899993976e-08
3476237185_9389c536a3.jpg,1.049938816e-07
2694890967_7c7a89de16.jpg,8.354595288e-08
576093768_e78f91c176.jpg,1.034727531e-07
1528205014_1323aa9dfd.jpg,7.357624117e-08
3424605029_53078d3505.jpg,7.957894936e-08
3025549604_38b86198f5.jpg,5.709136056e-08
271770120_880e8d8e52.jpg,1.303198099e-07
2810412010_f8b3bc1207.jpg,6.713978388e-08
527946505_a51ade1578.jpg,7.587815954e-08
537479916_c033897fac.jpg,1.240682614e-07
2903617548_d3e38d7f88.jpg,9.723843005e-08
145721496_687af9bb18.jpg,1.325841745e-07
3627076769_3b71e73018.jpg,7.664936681e-08
3367758711_a8c09607ac.jpg,6.301167113e-08
2380765956_6313d8cae3.jpg,2.786504016e-07
3258391809_38fc6211f7.jpg,7.370268928e-08
3529314899_b4e533bb76.jpg,5.832798842e-08
2844018783_524b08e5aa.jpg,9.638016151e-08
2496236371_61dec88113.jpg,8.446258953e-08
3078844565_16e9cdcea2.jpg,1.245515411e-07
2466495935_623b144183.jpg,1.11861886e-07
2944193661_7b255af9cc.jpg,1.045140609e-07
2114126343_a0f74ff63b.jpg,9.969009347e-08
3461677493_5bfb73038e.jpg,9.36068739e-08
2792195540_af5fb95caa.jpg,1.416457908e-07
1124448967_2221af8dc5.jpg,1.221661954e-07
3328535573_33c3cd5b59.jpg,6.288063589e-08
3203908917_53e53c03d1.jpg,9.003303625e-08
1527513023_3d8152b379.jpg,7.030239269e-08
3353278454_2f3a4d0bbc.jpg,8.984029008e-08
369244499_752f0c1018.jpg,7.60164009e-08
2795287622_da187a3e86.jpg,7.3145241e-08
881725588_efabbcd96a.jpg,5.713312261e-08
3631344685_ed0f3e091b.jpg,7.568456207e-08
3490044563_8eb551ef59.jpg,7.916730257e-08
2619267133_53a5904ef4.jpg,1.034119829e-07
616045808_0286d0574b.jpg,7.74921997e-08
2833560457_24aedf3bef.jpg,1.297597408e-07
522652105_a89f1cf260.jpg,9.2434576e-08
766061382_6c7ff514c4.jpg,7.220369932e-08
2364394224_c17b09e035.jpg,4.981953955e-08
2681215810_00b0642f7b.jpg,6.5877416e-08
1526325728_74eb4153d8.jpg,2.073872641e-07
2871962580_b85ce502ba.jpg,1.039229238e-07
1224851143_33bcdd299c.jpg,1.118577565e-07
3520199925_ca18d0f41e.jpg,8.092645679e-08
2350400382_ced2b6c91e.jpg,9.436357772e-08
2826030193_4278ccb833.jpg,9.824987268e-08
2752043092_f48ebfeaa2.jpg,1.208986368e-07
3305767464_d64a336f60.jpg,4.304846338e-08
3159424456_f316bdc1d5.jpg,1.166504186e-07
3186412658_2ab2ebd397.jpg,8.019985575e-08
2662537919_18a29fca8a.jpg,8.201836992e-08
2832978253_8fcc72da3b.jpg,1.3974014e-07
186346360_541047336f.jpg,9.022754506e-08
2789937754_5d1fa62e95.jpg,9.949030578e-08
3150742439_b8a352e1e0.jpg,7.232986893e-08
1160034462_16b38174fe.jpg,8.665097504e-08
2986620935_e97763983d.jpg,5.957668965e-08
3527682660_c5e9fa644a.jpg,8.03241564e-08
2751567262_e089b33ed9.jpg,8.944983936e-08
2169067981_cc19268f23.jpg,7.253951764e-08
488196964_49159f11fd.jpg,8.014783888e-08
288880576_818b6ecfef.jpg,1.02996542e-07
2667549961_57e5e2c0a5.jpg,1.38793851e-07
3540515072_8c951b738b.jpg,1.132153547e-07
496555371_3e1ee0d97d.jpg,9.032813492e-08
3484820303_7be0e914b4.jpg,6.00884426e-08
2490768374_45d94fc658.jpg,1.283265781e-07
2579460386_94c489028d.jpg,1.262880158e-07
2927878881_90b42fc444.jpg,1.426909473e-07
1252396628_eb81d3905b.jpg,1.180321673e-07
2298097636_c5de0079de.jpg,2.044466529e-07
3596428453_8cfdec4869.jpg,6.444564931e-08
3423802527_94bd2b23b0.jpg,6.214586794e-08
368393384_86defdcde8.jpg,8.777904982e-08
2471974379_a4a4d2b389.jpg,6.069012453e-08
2704379125_9c35650d16.jpg,1.160813719e-07
1859941832_7faf6e5fa9.jpg,1.269363133e-07
415118186_64defc96f3.jpg,6.904784205e-08
3442844140_15aa45e9b8.jpg,1.069132774e-07
1119463452_69d4eecd08.jpg,1.011636062e-07
343218198_1ca90e0734.jpg,1.49370538e-07
3218481970_1fa627b3da.jpg,5.730384965e-08
3321956909_7b5ddf500f.jpg,1.700446217e-07
2390369143_6523253a73.jpg,1.017897387e-07
2272823323_3b7291cd47.jpg,7.209745487e-08
649596742_5ba84ce946.jpg,1.187221536e-07
3697378565_7060d9281a.jpg,7.207825434e-08
3019667009_20db160195.jpg,1.098670957e-07
268654674_d29e00b3d0.jpg,9.483739397e-08
2251992614_0c601fae2c.jpg,6.846367957e-08
262963190_a78b799e89.jpg,9.230346127e-08
3627216820_4952bacbcb.jpg,1.102884983e-07
872622575_ba1d3632cc.jpg,1.081865039e-07
2322327298_7948338390.jpg,8.122554834e-08
2039457436_fc30f5e1ce.jpg,1.345750321e-07
2987328689_96a2d814f1.jpg,1.043412169e-07
2194495372_bdac7d9e71.jpg,7.740716023e-08
375392855_54d46ed5c8.jpg,9.251331829e-08
2766291711_4e13a2b594.jpg,2.216262521e-07
2746910139_77ba5be2c5.jpg,9.902631985e-08
3349307529_c1a516b9dc.jpg,1.434453892e-07
3282434895_1c1efc1475.jpg,1.368480901e-07
307327914_f98f576adb.jpg,1.205477749e-07
1947351225_288d788983.jpg,7.808559616e-08
2481598514_05a65d1f72.jpg,6.332565283e-08
1271960365_e54033f883.jpg,6.704393046e-08
2245916742_73af13c733.jpg,1.229155934e-07
3357937209_cf4a9512ac.jpg,1.619125651e-07
3474176841_cde2bee67c.jpg,9.421277886e-08
3381584882_341ee3092f.jpg,1.31879105e-07
2460477085_088e25f857.jpg,9.88671324e-08
1141739219_2c47195e4c.jpg,5.510148265e-08
3145967019_1a83ebf712.jpg,6.578053807e-08
3577235421_69e4efb8d1.jpg,5.060339111e-08
1414820925_3504c394e1.jpg,1.321977065e-07
3500505549_d848209837.jpg,7.015034636e-08
2635164923_2a774f7854.jpg,1.264536403e-07
2432061076_0955d52854.jpg,9.481058202e-08
2384353160_f395e9a54b.jpg,1.326311151e-07
3613030730_0b28b079ba.jpg,1.466223863e-07
3196100539_102fe877b3.jpg,7.114546218e-08
2825540754_5e0c13e6b8.jpg,2.273968906e-07
3407317539_68765a3375.jpg,8.782401601e-08
1402859872_0fc8cf8108.jpg,1.198802462e-07
2452334314_a7c443a787.jpg,8.258654563e-08
1515883224_14e36a53c7.jpg,6.12996871e-08
256283122_a4ef4a17cb.jpg,9.397516458e-08
2784408839_53a25a21eb.jpg,1.01580066e-07
1427391496_ea512cbe7f.jpg,1.006703458e-07
3025513877_1a6160070d.jpg,6.980679206e-08
3282897060_8c584e2ce8.jpg,9.526354089e-08
2272750492_91e8f67328.jpg,8.629019438e-08
3415311628_c220a65762.jpg,9.776240242e-08
272156850_c4445a53f4.jpg,8.281202503e-08
2451285022_59255e7fd9.jpg,6.895392466e-08
3075068274_2a28a5263b.jpg,5.684547811e-08
2307451605_22e9c06530.jpg,1.21088034e-07
2281075738_230892b241.jpg,1.256109362e-07
3231575742_31732664cf.jpg,1.194195953e-07
2376694294_9a4ecc3b90.jpg,1.053879993e-07
441817653_fbdf83060b.jpg,8.177304921e-08
3421789737_f625dd17ed.jpg,8.101979084e-08
2086513494_dbbcb583e7.jpg,1.080608787e-07
3544573946_e03aebbfde.jpg,9.477912891e-08
1425069590_570cc7c2d8.jpg,8.356796511e-08
259314892_a42b8af664.jpg,7.447705695e-08
2518853257_02f30e282e.jpg,1.041553506e-07
260828892_7925d27865.jpg,8.68945438e-08
3551170666_01df31412d.jpg,1.672318531e-07
260850192_fd03ea26f1.jpg,9.431721511e-08
3550459890_161f436c8d.jpg,9.793829579e-08
3347701468_bb0001b035.jpg,9.709469677e-08
2993167197_e5d0a73530.jpg,7.449438239e-08
2544426580_317b1f1f73.jpg,9.847624259e-08
3183195653_11b66acb34.jpg,7.374806946e-08
3018847610_0bf4d7e43d.jpg,7.763809201e-08
2755314937_1e974bf2b5.jpg,1.12838166e-07
512163695_51a108761d.jpg,7.818780142e-08
2951092164_4940b9a517.jpg,9.089226467e-08
3569755200_cef7ee2233.jpg,1.119001386e-07
1448511770_1a4a9c453b.jpg,1.088482443e-07
505929313_7668f021ab.jpg,1.245278508e-07
3170551725_1276644eab.jpg,1.119329603e-07
2650485780_29d89268d7.jpg,9.942467658e-08
1130017585_1a219257ac.jpg,6.819956652e-08
249394748_2e4acfbbb5.jpg,1.02945916e-07
2728813605_cfc943e1ab.jpg,1.402408121e-07
724702877_f2a938766b.jpg,1.393542374e-07
3323528927_7b21081271.jpg,9.07330025e-08
3099965396_2a0018cb9e.jpg,8.253867463e-08
3660361818_e05367693f.jpg,9.14382347e-08
3339105374_cc41e0b7d7.jpg,1.031128342e-07
3595643050_d312e4b652.jpg,9.866685564e-08
3583516290_1c87a13770.jpg,7.10992077e-08
1294578091_2ad02fea91.jpg,8.755056885e-08
3523950181_414978964e.jpg,5.840788128e-08
2934628301_41ea2e6cf9.jpg,1.491768771e-07
2525716531_e6dedee421.jpg,8.543320266e-08
94232465_a135df2711.jpg,1.225399214e-07
2817230861_d27341dec0.jpg,7.193403106e-08
1187593464_ce862352c6.jpg,1.235499575e-07
2465497494_43d74df57c.jpg,8.9248585e-08
3639684919_cb6fbf5638.jpg,1.192160157e-07
3293642024_e136b74a55.jpg,1.340818452e-07
162152393_52ecd33fc5.jpg,8.301255914e-08
2815745115_c8479d560c.jpg,8.485497612e-08
516648762_0cff84ea97.jpg,1.135673834e-07
3355756569_b430a29c2a.jpg,1.251610139e-07
1564614124_0ee6799935.jpg,9.382511267e-08
2877159456_ea4a46b0d2.jpg,8.053094499e-08
3204712107_5a06a81002.jpg,5.782262026e-08
2083778090_3aecaa11cc.jpg,1.273272967e-07
3501083764_cf592292a6.jpg,8.411094525e-08
3394070357_cb2a3243fc.jpg,9.743013927e-08
2066241589_b80e9f676c.jpg,1.04602387e-07
2911928620_06c3fa293e.jpg,8.021282515e-08
481054596_cad8c02103.jpg,6.673839667e-08
953941506_5082c9160c.jpg,1.628283002e-07
3517056462_483ee5a914.jpg,1.007499792e-07
3375014075_157388f8a9.jpg,1.003014007e-07
3235076435_1eaa40bd0a.jpg,1.072267667e-07
2505056124_1276e8dbcb.jpg,1.202110431e-07
3209523192_05a4cef844.jpg,9.604522243e-08
2064417101_3b9d817f4a.jpg,7.061821169e-08
2252123185_487f21e336.jpg,7.900737213e-08
3255017708_2b02bfcdcf.jpg,7.288546671e-08
3101796900_59c15e0edc.jpg,1.354260051e-07
2650568697_ffb79bf2ea.jpg,8.288188941e-08
1312954382_cf6d70d63a.jpg,1.156624968e-07
3302804312_0272091cd5.jpg,7.72550338e-08
3317145805_071b15debb.jpg,7.890195561e-08
2497074804_b4f3e7fd90.jpg,6.35138323e-08
2629445284_83390e83af.jpg,7.417273948e-08
3726629271_7639634703.jpg,8.274095253e-08
3470303255_fbb41b8dd0.jpg,9.73054341e-08
2953015871_cae796b6e7.jpg,9.569874274e-08
3352531708_a65dd694b1.jpg,8.169924431e-08
2853205396_4fbe8d7a73.jpg,1.194901044e-07
2789648482_1df61f224a.jpg,4.205779357e-08
2324979199_4193ef7537.jpg,1.099317793e-07
2565350330_c7f305e7f7.jpg,9.200256766e-08
2675190069_d5c3b2c876.jpg,7.478352529e-08
2030781555_b7ff7be28f.jpg,8.439698979e-08
3445428367_25bafffe75.jpg,9.561854382e-08
3710971182_cb01c97d15.jpg,7.846553905e-08
245895500_a4eb97af02.jpg,1.315058414e-07
3185371756_ff4e9fa8a6.jpg,1.030987851e-07
3124964754_2e8a98fb09.jpg,7.589107422e-08
3111482098_11c0f4f309.jpg,8.623600907e-08
2571096893_694ce79768.jpg,1.128648795e-07
3383545083_1d7c95b003.jpg,1.234942177e-07
447111935_5af98563e3.jpg,7.655284864e-08
2304374703_555195d8d5.jpg,1.301051487e-07
3320209694_db579cb607.jpg,1.086246783e-07
3299820401_c2589186c5.jpg,7.930320599e-08
2172526745_649f420569.jpg,1.06689538e-07
3717531382_e1e05e22c5.jpg,8.526722978e-08
444047125_66b249287c.jpg,1.126456283e-07
2228022180_9597b2a458.jpg,8.380187066e-08
2432709509_2a4d0c833f.jpg,1.658361203e-07
2644916196_16f91dae54.jpg,1.438134544e-07
424506167_01f365726b.jpg,6.943961699e-08
3517362674_0f5296de19.jpg,1.381751118e-07
525968880_82623392d1.jpg,1.666995522e-07
2949982320_c704b31626.jpg,1.049838074e-07
3476381830_3751dd9339.jpg,8.590909543e-08
359173181_a75c950aeb.jpg,9.416808661e-08
518789868_8895ef8792.jpg,1.937061325e-07
2735792721_b8fe85e803.jpg,1.282489818e-07
2472678549_67068a1566.jpg,1.335000356e-07
1303727828_d1052ee341.jpg,7.465397551e-08
2501968935_02f2cd8079.jpg,7.140613397e-08
379006645_b9a2886b51.jpg,1.073330123e-07
3423249426_02bedf9260.jpg,7.375907148e-08
84713990_d3f3cef78b.jpg,8.35169232e-08
148512773_bae6901fd6.jpg,9.965518867e-08
3304712466_18cbdb85fe.jpg,7.899691131e-08
1801188148_a176954965.jpg,8.940188829e-08
2764732789_1392e962d0.jpg,1.230849196e-07
1142283988_6b227c5231.jpg,8.641429429e-08
3330102093_1d6e35e78d.jpg,1.10117863e-07
2094810449_f8df9dcdf7.jpg,1.161001825e-07
2851198725_37b6027625.jpg,9.887759159e-08
3451344589_6787bd06ef.jpg,7.434759931e-08
3007214949_a4b027f8a3.jpg,6.728458192e-08
3499720588_c32590108e.jpg,7.710443948e-08
2423085253_6c19149855.jpg,9.765936664e-08
488089932_c3a5fa4140.jpg,7.775680051e-08
2976684095_ce7ccfd423.jpg,1.246982279e-07
2458862292_466a920ee2.jpg,7.763152627e-08
3419197575_aa5b84a9f0.jpg,7.090256409e-08
146577645_91b570c0d0.jpg,9.41842164e-08
1067180831_a59dc64344.jpg,8.459273007e-08
3242808166_8638150274.jpg,8.25513346e-08
2126950128_74a4882658.jpg,8.028820952e-08
1467533293_a2656cc000.jpg,6.849693273e-08
1389264266_8170bc1c54.jpg,6.220921668e-08
3393035454_2d2370ffd4.jpg,8.55910588e-08
3512033659_7e8a0c2ffa.jpg,7.957767786e-08
3328646934_5cca4cebce.jpg,9.937976489e-08
3420260768_26a600b844.jpg,6.594070983e-08
3658016590_f761e72dc3.jpg,1.140413202e-07
3681324243_b69fa90842.jpg,1.050332731e-07
3475552729_a3abd81ee6.jpg,1.382078943e-07
3211029717_2affe6bbd5.jpg,1.834487399e-07
3636632926_09f39f2629.jpg,7.43918127e-08
447800028_0242008fa3.jpg,1.18450756e-07
3248220732_0f173fc197.jpg,1.166221593e-07
2695961935_a2a6338f26.jpg,7.506949823e-08
2410153942_ba4a136358.jpg,5.941241744e-08
2444741900_5cb3ef3e1d.jpg,8.811832405e-08
3667318593_fa1816b346.jpg,6.111161831e-08
3442978981_53bf1f45f3.jpg,1.063327602e-07
339822505_be3ccbb71f.jpg,7.366077032e-08
2598979962_c01811cfca.jpg,1.391814331e-07
444872454_9f51e07f88.jpg,8.380231477e-08
345684566_235e8dfcc1.jpg,8.653906566e-08
241346146_f27759296d.jpg,1.128739756e-07
537758332_8beb9cf522.jpg,1.118768965e-07
241345639_1556a883b1.jpg,6.919524874e-08
2899501488_90d5da5474.jpg,7.834539412e-08
475313618_bdb2f72be5.jpg,1.440703432e-07
313051099_1bb87d6c56.jpg,9.825025819e-08
3517127930_5dbddb45f6.jpg,7.891854278e-08
3356369156_074750c6cc.jpg,2.168942712e-07
290982269_79fc9f36dc.jpg,6.614069683e-08
1994416869_4dd769a806.jpg,1.702415191e-07
3287963317_186491ee78.jpg,1.096097147e-07
3367851138_757d6bd2ef.jpg,8.366750611e-08
3046259614_614394e024.jpg,8.206447576e-08
3325157569_8084ab3293.jpg,7.674807249e-08
3709030554_02301229ea.jpg,7.378215954e-08
314940358_ec1958dc1d.jpg,1.555997948e-07
632251903_b36701a5e9.jpg,8.708779013e-08
2622517932_57c52c376f.jpg,1.449799219e-07
3497237366_366997495d.jpg,1.293649477e-07
3759230208_1c2a492b12.jpg,9.740870955e-08
432248727_e7b623adbf.jpg,1.375252675e-07
3064716525_b8418d4946.jpg,9.980634638e-08
390986651_c801db91a0.jpg,7.906579121e-08
195084264_72fb347b0f.jpg,9.811583965e-08
2774554310_007e980a90.jpg,1.66627497e-07
2542415282_9240e1b5fc.jpg,8.379183365e-08
256439287_990ac4a761.jpg,8.43261999e-08
3614582606_16bd88dab2.jpg,9.366293141e-08
2655196158_5c878a4af0.jpg,1.597861915e-07
3715469645_6d1dc019b3.jpg,7.121769292e-08
381275595_b429fd1639.jpg,1.30934796e-07
3349309109_4024a09a17.jpg,1.013546696e-07
381239475_044cbffa2b.jpg,9.958138531e-08
3639617775_149001232a.jpg,8.068523112e-08
2647229826_e0e0c65ef1.jpg,8.62993039e-08
2762301555_48a0d0aa24.jpg,7.606121037e-08
2957071266_1b40ec7d96.jpg,8.700342963e-08
2884400562_e0851014fc.jpg,6.413060308e-08
529101401_ab1f6b1206.jpg,1.527050632e-07
2872743471_30e0d1a90a.jpg,1.220128915e-07
1285874746_486731a954.jpg,9.473376899e-08
3030793171_55cd646eed.jpg,9.430904298e-08
3369354061_2bab79f91f.jpg,1.202012232e-07
2901074943_041aba4607.jpg,8.759523983e-08
219070971_ae43410b9e.jpg,9.22690381e-08
3175712926_5a470d0886.jpg,1.343988886e-07
2508249781_36e9282423.jpg,5.811139288e-08
3710176138_fbfe00bd35.jpg,8.611559987e-08
3713177334_32f3245fd8.jpg,1.183214858e-07
3291255271_a185eba408.jpg,1.06655203e-07
3524612244_64f00afec5.jpg,8.160122274e-08
2792409624_2731b1072c.jpg,1.388344873e-07
2089555297_95cf001fa7.jpg,1.304969058e-07
496606439_9333831e73.jpg,9.636872663e-08
2558312618_13d362df66.jpg,1.292075863e-07
3148286846_40ae914172.jpg,1.368814183e-07
3523972229_d44e9ff6d7.jpg,8.358881511e-08
3318995586_c2bc50b92e.jpg,6.535894168e-08
410453140_5401bf659a.jpg,8.100144505e-08
2932519416_11f23b6297.jpg,1.018178265e-07
3107889179_106d223345.jpg,6.645121056e-08
3560081723_62da0035bd.jpg,1.035077829e-07
3208553539_2bf6c6d162.jpg,6.68611475e-08
3559425864_0462d7613f.jpg,1.086304695e-07
3240014971_ee2ea8406f.jpg,7.482852676e-08
640506101_ae1145b6d1.jpg,8.443853133e-08
3555729342_cc7a3b67fd.jpg,1.194657316e-07
2836864045_9a093cfd65.jpg,1.333974466e-07
2743652730_d909c7ae82.jpg,9.565739397e-08
95734038_2ab5783da7.jpg,8.030295159e-08
540338917_57069687be.jpg,7.087277037e-08
2067833088_04e84e5bf2.jpg,1.048107169e-07
1383840121_c092110917.jpg,8.002912374e-08
3024022266_3528c16ed8.jpg,8.143191895e-08
1682079482_9a72fa57fa.jpg,1.183418767e-07
3444684583_6656e38088.jpg,8.332200402e-08
241109594_3cb90fe2a3.jpg,1.393334951e-07
468871328_72990babd4.jpg,8.553551692e-08
3760400645_3ba51d27f9.jpg,6.701016339e-08
3295452057_0c987f895f.jpg,8.660616931e-08
3042405316_ba3a01926b.jpg,7.257957093e-08
2065309381_705b774f51.jpg,1.299423047e-07
2384147448_c1869070d3.jpg,8.494084156e-08
2529205842_bdcb49d65b.jpg,1.393924807e-07
3415178926_909db9400b.jpg,1.194776094e-07
252846811_7b250935a7.jpg,9.334035341e-08
2450486758_a66fd296ea.jpg,6.269075689e-08
3353036763_4cbeba03b2.jpg,7.947903061e-08
3667492609_97f88b373f.jpg,1.315270042e-07
3019473225_8e59b8ec4e.jpg,9.745715555e-08
2911552402_5166bc173b.jpg,8.600577207e-08
3123351642_3794f2f601.jpg,1.102488063e-07
263231469_e85c74f5fd.jpg,1.443681279e-07
3386893620_5f0bb4e794.jpg,5.092406186e-08
3628994466_a12065d29b.jpg,7.464137567e-08
2841449931_84a05850ec.jpg,9.111143017e-08
2052953131_30834196fb.jpg,1.85026977e-07
3130093622_362f32f2bb.jpg,1.408094001e-07
256444892_efcb3bd824.jpg,6.792648857e-08
3608400551_d6f7965308.jpg,9.150293845e-08
2119660490_ce0d4d1f73.jpg,1.638708748e-07
3665549027_d7fb05d157.jpg,9.721041759e-08
3442138291_3e75f4bdb8.jpg,9.255398624e-08
292887910_f34ac101c8.jpg,1.282185927e-07
3522000960_47415c3890.jpg,1.242950665e-07
375384566_254c2362d4.jpg,6.218544937e-08
2303356248_65dd6aba6f.jpg,8.149333577e-08
3483140026_e14f64fdf5.jpg,1.309921318e-07
3716272233_7845ec5b3e.jpg,1.704395356e-07
3556037801_3992ce6826.jpg,6.155773434e-08
2616673985_fa4354cc53.jpg,7.817259386e-08
337647771_3b819feaba.jpg,5.00912814e-08
3589052481_059e5e2c37.jpg,9.310226294e-08
2990471798_73c50c76fb.jpg,1.100122034e-07
3631986552_944ea208fc.jpg,1.682045683e-07
2735979477_eef7c680f9.jpg,1.203763261e-07
522486784_978021d537.jpg,1.112988199e-07
2994107810_af56326389.jpg,7.707260528e-08
1479124077_17dcc0d5d7.jpg,9.090250874e-08
1096097967_ac305887b4.jpg,1.080184197e-07
233242340_09963100a3.jpg,1.398439007e-07
3591094476_b61acd63d6.jpg,8.076959646e-08
2925760802_50c1e84936.jpg,6.358405585e-08
289860281_94d699f36d.jpg,1.037916937e-07
2396691909_6b8c2f7c44.jpg,1.807152558e-07
515702827_be3c6ce857.jpg,1.340450381e-07
2929506802_5432054d77.jpg,8.807202816e-08
3498997518_c2b16f0a0e.jpg,5.839452242e-08
3461437556_cc5e97f3ac.jpg,1.581688214e-07
58363928_6f7074608c.jpg,1.121995299e-07
3320411267_df70b90501.jpg,9.343153936e-08
2308108566_2cba6bca53.jpg,1.1926135e-07
2077346067_0a3a5aae65.jpg,7.148501433e-08
3337332770_5eda5cceb7.jpg,1.001847887e-07
2666179615_f05a9d8331.jpg,1.264895443e-07
3506869953_802f463178.jpg,8.907814012e-08
3490736665_38710f4b91.jpg,1.088142154e-07
2453971388_76616b6a82.jpg,1.337150403e-07
535399240_0714a6e950.jpg,1.052919009e-07
3701291852_373ea46bb6.jpg,1.369685066e-07
344841963_8b0fa9784c.jpg,6.378790724e-08
1813597483_3f09d2a020.jpg,7.011184914e-08
2777021428_0b2ac3e987.jpg,8.734249604e-08
1542033433_5453d4c466.jpg,8.372419723e-08
215876547_fa584c5ec3.jpg,9.256470062e-08
2256218522_53b92bcbb2.jpg,9.557681376e-08
3694555931_7807db2fb4.jpg,7.028285134e-08
485738889_c2a00876a6.jpg,1.372572247e-07
3030079705_0dee8a3e89.jpg,2.010367073e-07
2946016853_ceca4f5a07.jpg,8.056380713e-08
3644142276_caed26029e.jpg,6.944817614e-08
3296150666_aae2f64348.jpg,8.882823282e-08
2843695880_eeea6c67db.jpg,1.035343426e-07
2657301826_aab4c36e6c.jpg,1.19895872e-07
2531837969_6f28637811.jpg,1.928524245e-07
2407470303_6fd5e3600d.jpg,1.431428421e-07
1434607942_da5432c28c.jpg,1.006967896e-07
543007912_23fc735b99.jpg,9.893453012e-08
3054200086_657d4398e8.jpg,9.827948305e-08
2164363131_6930455d45.jpg,1.123922098e-07
3471117376_40585c3fd1.jpg,7.1528236e-08
374103966_2987706be1.jpg,9.734449661e-08
3229730008_63f8ca2de2.jpg,6.28903984e-08
2646046871_c3a5dbb971.jpg,1.053950882e-07
390992102_67fa31b22f.jpg,8.362304492e-08
3070713991_8696796937.jpg,6.439028912e-08
2905948395_ca3e6b3c9a.jpg,1.481705149e-07
3477977145_4df89d69a1.jpg,1.289619417e-07
3213992947_3f3f967a9f.jpg,8.001498861e-08
531055369_936fd76a63.jpg,1.051495741e-07
716597900_b72c58362c.jpg,1.741508464e-07
3056530884_27766059bc.jpg,8.491703932e-08
1316247213_1d2c726dd5.jpg,9.508456625e-08
1377668044_36398401dd.jpg,1.171380369e-07
3457856049_2de173e818.jpg,1.261493473e-07
1509786421_f03158adfc.jpg,1.438998863e-07
3468130925_2b1489d19a.jpg,6.172822161e-08
399679638_d3036da331.jpg,1.041149518e-07
3677329561_fa3e1fdcf9.jpg,8.536881565e-08
3679341667_936769fd0c.jpg,4.738109413e-08
3534668485_6887629ff0.jpg,9.06915269e-08
3446347599_0ecc49a9d5.jpg,1.410332233e-07
2277081067_d2b4c98bce.jpg,1.652116189e-07
2255342813_5b2ac6d633.jpg,9.380024371e-08
2520255786_b70a3ec032.jpg,7.340700601e-08
2318659263_c24005a5cb.jpg,2.204927591e-07
2976537455_f3988c2d46.jpg,5.52706333e-08
507758961_e63ca126cc.jpg,1.162512603e-07
2699733386_c346c87ea6.jpg,1.146493263e-07
2878578240_caf64c3b19.jpg,1.242252199e-07
1569562856_eedb5a0a1f.jpg,4.982989522e-08
2257631407_1529b9db39.jpg,8.3757485e-08
3376972502_35e3e119cd.jpg,9.379235041e-08
3655773435_c234e94820.jpg,1.38922034e-07
3694219419_a7a83d4886.jpg,7.760753049e-08
3294209955_a1f1e2cc19.jpg,1.056973696e-07
3653764864_225958c9c1.jpg,6.49495945e-08
2531531628_b4a5041680.jpg,9.701605706e-08
2895966469_53e0b29295.jpg,1.357434801e-07
449352117_63c359c6e7.jpg,9.239790094e-08
3518334317_bc40bae18d.jpg,1.104820279e-07
3590647207_2d4ec3f52c.jpg,6.047824025e-08
3247052319_da8aba1983.jpg,1.134284579e-07
527272653_8a5bd818e5.jpg,1.389832729e-07
662606040_8cc8cd9f1b.jpg,9.196729157e-08
488416045_1c6d903fe0.jpg,9.173349506e-08
3119875880_22f9129a1c.jpg,1.115538686e-07
155221027_b23a4331b7.jpg,1.048975607e-07
3527926597_45af299eee.jpg,1.108764249e-07
3503471307_464a8f588c.jpg,1.11751457e-07
241347441_d3dd9b129f.jpg,9.097779407e-08
2140747429_62cfd89ae9.jpg,7.251866367e-08
3270083123_fcc1208053.jpg,2.557541786e-07
3688797852_89ed3cb056.jpg,7.890173488e-08
2441815792_43565b1312.jpg,7.142904256e-08
624742559_ff467d8ebc.jpg,7.690229908e-08
3677964239_6406ed096f.jpg,5.256423815e-08
2708176152_1634cb754d.jpg,6.709482677e-08
2707835735_6537b27e8f.jpg,8.629186019e-08
3169394115_2193158cee.jpg,8.612935086e-08
2908859957_e96c33c1e0.jpg,1.269068861e-07
3437147889_4cf26dd525.jpg,8.168981688e-08
2255266906_8222af18b9.jpg,5.412402776e-08
3395173129_f0ac0a1ed4.jpg,7.868288256e-08
2414986483_004936f84b.jpg,6.166891507e-08
1926129518_4350f4f552.jpg,8.699239781e-08
2509824208_247aca3ea3.jpg,1.47097774e-07
3116379964_86986750af.jpg,9.130221504e-08
3611603026_9112b0c53f.jpg,8.207656385e-08
1398606571_f543f7698a.jpg,8.759528704e-08
3514188115_f51932ae5d.jpg,7.061686042e-08
2701487024_e866eb4550.jpg,1.230338752e-07
2296166785_292a4e9f4c.jpg,1.140871446e-07
2056042552_f59e338533.jpg,1.355393085e-07
3353962769_ba48691bc6.jpg,1.131514361e-07
2887103049_a867e74358.jpg,8.858242993e-08
3528251308_481a28283a.jpg,1.248278687e-07
3715559023_70c41b31c7.jpg,8.209817117e-08
432490118_54a9c0e500.jpg,1.125759395e-07
2310233145_910cb5b4c8.jpg,8.625448697e-08
535249787_0fcaa613a0.jpg,9.49292007e-08
2915183095_4ed4aa4f37.jpg,6.613465051e-08
3458434150_2b0d619244.jpg,8.633311187e-08
3298199743_d8dd8f94a0.jpg,1.014385118e-07
1479513774_70c94cf9d3.jpg,1.346085701e-07
2470519275_65725fd38d.jpg,7.603544577e-08
3508882611_3947c0dbf5.jpg,9.854684813e-08
3612485611_12dd7742f7.jpg,7.274511066e-08
1332208215_fa824f6659.jpg,9.113305038e-08
1474474514_b3eb492722.jpg,6.465742057e-08
818340833_7b963c0ee3.jpg,9.828171895e-08
3463268965_f22884fc69.jpg,8.053011823e-08
2623930900_b9df917b82.jpg,1.112702167e-07
2988439935_7cea05bc48.jpg,9.979122757e-08
3697379772_40d831392b.jpg,5.02862144e-08
2512682478_b67cc525c7.jpg,8.333253172e-08
3339263085_6db9fd0981.jpg,1.037329246e-07
420355149_f2076770df.jpg,7.927137551e-08
349889354_4b2889a9bd.jpg,1.026240979e-07
2651915425_7a58e862e9.jpg,1.018792136e-07
691770760_48ce80a674.jpg,5.568244847e-08
3334300164_e75e0479ae.jpg,1.272501766e-07
3246190363_68d903bfcb.jpg,1.672155498e-07
2095078658_c14ba89bc2.jpg,1.39496776e-07
2282522980_45cfa8e0cf.jpg,1.006913122e-07
2714674623_8cd05ac114.jpg,7.831178924e-08
880220939_0ef1c37f1f.jpg,6.95413951e-08
407678652_1f475acd65.jpg,8.018216757e-08
440737340_5af34ca9cf.jpg,7.7115802e-08
3425069551_aba046a1b6.jpg,6.841533912e-08
460350019_af60511a3b.jpg,9.656808287e-08
2807209904_389d81f33a.jpg,8.459455221e-08
537225246_dd0e2158a7.jpg,8.977530817e-08
1812525037_528465037c.jpg,5.416659438e-08
3159641529_c2c74f3eaf.jpg,1.40730895e-07
2898810636_84fb5c0b63.jpg,8.681096295e-08
452345346_afe1248586.jpg,9.040695299e-08
1277743944_f4e8c78403.jpg,1.588345131e-07
3568065409_1c381aa854.jpg,1.26601885e-07
3278189732_f750cb26b7.jpg,1.391360508e-07
3040051410_6205682ba3.jpg,8.340458917e-08
2396025708_e4a72e2558.jpg,1.35545697e-07
2465441099_a1761a1757.jpg,8.354168308e-08
3413806271_17b7e102aa.jpg,1.3965488e-07
501520507_c86f805ab8.jpg,9.871768862e-08
2206403470_8c25aa3cf8.jpg,8.574100165e-08
3048461682_e89f81b1c7.jpg,6.668468904e-08
2092419948_eea8001d0f.jpg,8.838113219e-08
3143980056_7a64a94b58.jpg,1.580965973e-07
391579205_c8373b5411.jpg,8.766657812e-08
432496659_f01464d9fb.jpg,1.140779731e-07
3148571800_c5515e6c3d.jpg,1.723223817e-07
3006926228_cf3c067b3e.jpg,5.720807469e-08
3368569524_a9df2fc312.jpg,9.555087702e-08
3673970325_4e025069e9.jpg,1.032477653e-07
394161692_2576920777.jpg,6.451052965e-08
2148916767_644ea6a7fa.jpg,1.04813219e-07
3335097235_538f4777c3.jpg,1.082430296e-07
2553188198_da1123a723.jpg,1.427849169e-07
96985174_31d4c6f06d.jpg,9.032318506e-08
2982881046_45765ced2c.jpg,9.044767676e-08
2966190737_ceb6eb4b53.jpg,1.035048489e-07
3601491447_a338875b51.jpg,6.159853798e-08
2763044275_aa498eb88b.jpg,8.624041922e-08
3589368949_0866846949.jpg,7.406190976e-08
3360930596_1e75164ce6.jpg,1.194225445e-07
3004290523_d1319dfdb4.jpg,8.801316671e-08
2451114871_8617ae2f16.jpg,1.233543121e-07
2194494220_bb2178832c.jpg,9.778205151e-08
1132772170_600610c5df.jpg,1.013986776e-07
2109911919_af45b93ef3.jpg,6.377677132e-08
3408130183_f038bdaa4f.jpg,1.172213426e-07
2552438538_285a05b86c.jpg,6.768717784e-08
3094317837_b31cbf969e.jpg,1.703986593e-07
763577068_4b96ed768b.jpg,6.922227379e-08
1803631090_05e07cc159.jpg,8.06768858e-08
252504549_135b0db5a3.jpg,1.38460853e-07
1732436777_950bcdc9b8.jpg,9.411919299e-08
244571201_0339d8e8d1.jpg,9.286788412e-08
2998185688_8d33e4ce38.jpg,6.255927615e-08
2446601467_a35841cb1d.jpg,1.365366573e-07
264859622_f3a00ab409.jpg,1.208944797e-07
2427490900_5b7a8874b9.jpg,6.634345219e-08
2613889835_6f50a3b83b.jpg,8.98524959e-08
2233426944_0959835ced.jpg,8.318910072e-08
485357535_b45ba5b6da.jpg,9.031653941e-08
3443326696_fe0549c5be.jpg,8.168830346e-08
2345984157_724823b1e4.jpg,6.391606181e-08
3270691950_88583c3524.jpg,1.128318989e-07
3413019648_e787f0cb88.jpg,1.079855524e-07
3751594676_edfbfa0688.jpg,1.093856646e-07
3537806062_c50d814aba.jpg,1.431897073e-07
3613585080_36629d8157.jpg,1.123126733e-07
2631625732_75b714e685.jpg,1.346521124e-07
3541162969_68fa4a60df.jpg,1.803386527e-07
997722733_0cb5439472.jpg,1.615643344e-07
3415809168_af9dabdba5.jpg,1.013702499e-07
3661239105_973f8216c4.jpg,8.484435674e-08
3229519418_040f05ced1.jpg,1.294158892e-07
753285176_f21a2b984d.jpg,1.647332906e-07
2303426046_09cfd7bc4e.jpg,9.414169235e-08
2867845624_22e4fe0a23.jpg,1.138551174e-07
2752341621_54490b9b09.jpg,1.499611236e-07
2891185857_54942809cf.jpg,7.49020093e-08
3341084434_db5e7d1fdc.jpg,1.31232861e-07
2162564553_96de62c7e6.jpg,8.572164612e-08
3172280520_e7655fb596.jpg,1.377730398e-07
2797185895_4d9e1e9508.jpg,7.126398787e-08
965444691_fe7e85bf0e.jpg,1.212469358e-07
3057618932_3b80ae85de.jpg,9.043336139e-08
788126442_086334f0cf.jpg,1.302496418e-07
334768700_51c439b9ee.jpg,7.976373995e-08
3341961913_9a9b362f15.jpg,6.702622951e-08
3618932839_acd7d2c2ea.jpg,1.146687163e-07
3497234632_6ec740fc1e.jpg,8.83134366e-08
2541901399_0a57f4cc76.jpg,1.052437776e-07
3356938707_d95ba97430.jpg,9.039831981e-08
2471297228_b784ff61a2.jpg,8.502268163e-08
3488087117_2719647989.jpg,1.513853316e-07
2186367337_0ce9ce2104.jpg,1.28271929e-07
3427540832_c882fded1d.jpg,6.019350854e-08
2220175999_081aa9cce8.jpg,1.786339364e-07
2066271441_1f1f056c01.jpg,1.063798054e-07
2591603141_33d6397e0a.jpg,1.511357837e-07
118187095_d422383c81.jpg,6.353071442e-08
1810651611_35aae644fb.jpg,8.425159286e-08
2170222061_e8bce4a32d.jpg,1.07586184e-07
1055623002_8195a43714.jpg,1.692691088e-07
3183195185_cd0ff994a1.jpg,8.605695597e-08
3136674757_57406c305c.jpg,6.506600619e-08
3070130228_67dcfee9ae.jpg,5.861461744e-08
1398613231_18de248606.jpg,1.106206964e-07
3430287726_94a1825bbf.jpg,1.182363607e-07
1286408831_05282582ed.jpg,7.466733522e-08
237547381_aa17c805e0.jpg,9.26418455e-08
3638374272_444f5e0457.jpg,8.710741278e-08
2315867011_fc5fc9fa6d.jpg,1.277358378e-07
2864634088_d087494dff.jpg,5.419576468e-08
2695093520_5cfeb0729d.jpg,8.505431393e-08
571507143_be346225b7.jpg,1.061160138e-07
3601569729_bf4bf82768.jpg,9.506542025e-08
3725202807_12fbfdd207.jpg,9.222988488e-08
2466171100_5e60cfcc11.jpg,6.873971028e-08
1764955991_5e53a28c87.jpg,1.141642802e-07
3649916507_b88a3d2082.jpg,7.34320993e-08
3432730942_4dc4685277.jpg,7.275081893e-08
782017931_75d92bb7a4.jpg,7.357186517e-08
2211593099_4a4f1c85d2.jpg,7.820788852e-08
2929272606_2a5923b38e.jpg,1.328518363e-07
3174453534_fcc927c647.jpg,9.507328025e-08
383223174_7165a54c30.jpg,1.092813453e-07
3339768802_8ab768558a.jpg,1.358111928e-07
2511019188_ca71775f2d.jpg,1.081252642e-07
3224904543_679fe05c41.jpg,5.908689185e-08
2471493912_2d4746b834.jpg,1.180087793e-07
3029928396_99ac250788.jpg,9.381750217e-08
633456174_b768c1d6cd.jpg,8.588744296e-08
3162045919_c2decbb69b.jpg,1.468510092e-07
390987167_2d5905b459.jpg,7.666376408e-08
3613264553_97b687f172.jpg,1.866310827e-07
336460583_6c8ccb7188.jpg,1.131595234e-07
441921713_1cafc7d7d2.jpg,8.967311084e-08
3507076266_8b17993fbb.jpg,8.640495113e-08
967719295_3257695095.jpg,1.038402448e-07
214543992_ce6c0d9f9b.jpg,4.732391093e-08
2417341107_97dbab9c5e.jpg,1.434980111e-07
2275253272_00f941366e.jpg,8.406631241e-08
3449114979_6cdc3e8da8.jpg,8.834435627e-08
1118557877_736f339752.jpg,1.435365773e-07
642987597_03b21a1437.jpg,7.196040996e-08
3077166963_fe172c709d.jpg,1.004533774e-07
2805873509_4f68afc4b4.jpg,1.184304425e-07
3729405438_6e79077ab2.jpg,8.499005857e-08
431282339_0aa60dd78e.jpg,5.597673389e-08
1679565118_d36f0d6d52.jpg,7.948737902e-08
2337757064_08c4033824.jpg,1.776566524e-07
2950905787_f2017d3e49.jpg,6.74823694e-08
3628017876_4ac27e687b.jpg,1.00604498e-07
3127629248_a955b5763b.jpg,4.611681418e-08
3005124440_c096b310fb.jpg,4.455400303e-08
2780031669_a0345cfc26.jpg,9.564653468e-08
2894008505_a445ccaaff.jpg,1.263965003e-07
3437034427_6df5e9fbf9.jpg,1.167891156e-07
3635911776_dbc2763f2c.jpg,9.336981318e-08
350588129_6aef7b7fe2.jpg,9.611851453e-08
2952141476_fc9a48a60a.jpg,1.110530423e-07
2381102729_12fc4d4c76.jpg,8.38265891e-08
481827288_a688be7913.jpg,1.344075694e-07
2272489996_95b0a62d15.jpg,1.405875467e-07
303607405_f36edf16c6.jpg,9.761265223e-08
2476214153_99a3998509.jpg,5.339221571e-08
816084977_21c1811c9a.jpg,1.198886797e-07
2752331711_cb18abba5a.jpg,1.233143068e-07
2700147489_f1664f2b61.jpg,8.589514508e-08
143684568_3c59299bae.jpg,7.832216669e-08
3465000218_c94e54e208.jpg,8.652677181e-08
3189002057_3ef61b803e.jpg,1.465571546e-07
3427233064_6af01bfc5c.jpg,7.433520443e-08
247706586_7e25c7adf8.jpg,1.000599834e-07
2260649048_ae45d17e68.jpg,1.126802143e-07
254527963_3f5824b0e8.jpg,1.237802849e-07
443885436_6e927e6c58.jpg,1.368594636e-07
2094323311_27d58b1513.jpg,1.376895305e-07
757133580_ba974ef649.jpg,6.965609015e-08
2723477522_d89f5ac62b.jpg,1.134993448e-07
3259666643_ae49524c81.jpg,7.749607641e-08
3559374748_f18c7caa55.jpg,9.992337078e-08
2714703706_d21c5cb8df.jpg,1.560267689e-07
2759860913_f75b39d783.jpg,1.042351203e-07
2857473929_4f52662c30.jpg,8.862438641e-08
448252603_7d928c900e.jpg,1.277787631e-07
381514859_b40418d9c3.jpg,1.115898634e-07
262681159_e5fed3acf0.jpg,8.342431679e-08
3700554247_9824ae6f3a.jpg,8.39619726e-08
3397310901_cbef5c06ef.jpg,1.014415236e-07
186890601_8a6b0f1769.jpg,1.010728439e-07
150387174_24825cf871.jpg,9.503814369e-08
3626998066_3ae11ee278.jpg,1.011655532e-07
3730011701_5352e02286.jpg,1.247546053e-07
2902844125_4186bf3ab6.jpg,9.729152207e-08
2203286182_b453e9d176.jpg,1.607834182e-07
3552206648_123bf4ac82.jpg,8.39561666e-08
3042173467_14394234da.jpg,8.279062139e-08
2276314067_7ee246f859.jpg,7.20446939e-08
3420064875_0349a75d69.jpg,1.088405088e-07
393958545_48c17c66d1.jpg,7.525491211e-08
2716903793_fb7a3d8ba6.jpg,7.714875801e-08
3325910784_5ecb88310c.jpg,1.063952686e-07
2934022873_3fdd69aee4.jpg,9.115803734e-08
78984436_ad96eaa802.jpg,1.470204412e-07
3452127051_fa54a902b3.jpg,8.194279758e-08
856985136_649c0a3881.jpg,9.248036035e-08
3091921457_83eee69591.jpg,1.054169295e-07
541046380_513e295384.jpg,8.344618868e-08
3286761458_34af7e4499.jpg,6.90564887e-08
2085400856_ae09df33a7.jpg,1.231142523e-07
3229913073_e7857a5966.jpg,1.272876542e-07
3707990914_843e8f15f1.jpg,1.601962823e-07
162743064_bb242faa31.jpg,9.548251491e-08
3532593368_be10432e92.jpg,8.456165467e-08
1024138940_f1fefbdce1.jpg,1.187986526e-07
866841633_05d273b96d.jpg,2.551468407e-07
282131366_5f9a39c43c.jpg,1.533039411e-07
2980348138_91cc6f6d0f.jpg,9.534028119e-08
3639547922_0b00fed5cd.jpg,9.238258267e-08
2302747917_aa0300eb68.jpg,1.152650181e-07
3027365101_3818be6e16.jpg,7.612376143e-08
58363930_0544844edd.jpg,8.360269124e-08
244368383_e90b6b2f20.jpg,7.456935866e-08
405615014_03be7ef618.jpg,7.192916845e-08
1302657647_46b36c0d66.jpg,1.195738153e-07
3354883962_170d19bfe4.jpg,1.206403501e-07
3113769557_9edbb8275c.jpg,7.099679426e-08
3074842262_62b1b2168c.jpg,5.894445283e-08
2942133798_e57c862a90.jpg,1.581121137e-07
1420060020_7a6984e2ea.jpg,1.056907604e-07
2924483864_cfdb900a13.jpg,8.642233895e-08
306318683_5f1f875191.jpg,9.750274719e-08
3214237686_6566b8b52f.jpg,1.065518403e-07
3335885203_a3fe8e541f.jpg,8.028483389e-08
1262583859_653f1469a9.jpg,8.931427392e-08
3638783120_f600ceb19d.jpg,1.187801164e-07
1206506157_c7956accd5.jpg,1.26362343e-07
533602654_9edc74385d.jpg,1.048368483e-07
2322593776_e6aaf69e80.jpg,1.365587217e-07
3629664676_36bcefe6b7.jpg,7.50515628e-08
318667317_108c402140.jpg,8.444091206e-08
3560125106_691c292893.jpg,7.711495194e-08
1430154945_71bbaa094a.jpg,8.53323789e-08
241345770_9f8aa6723c.jpg,8.749463064e-08
3692746368_ab7d97ab31.jpg,1.100537989e-07
3315110972_1090d11728.jpg,1.023127599e-07
3112635165_2d614d7c1a.jpg,7.137193353e-08
3621652774_fd9634bd5b.jpg,1.353218775e-07
2344898759_5674382bcd.jpg,6.53853658e-08
2597308074_acacc12e1b.jpg,1.236273555e-07
3189307452_aebc12380b.jpg,7.831852506e-08
3004291093_35d6fd8548.jpg,6.028943341e-08
3609645320_815c294b65.jpg,9.768795862e-08
707941195_4386109029.jpg,1.151018046e-07
462080147_ca088e6541.jpg,1.63330861e-07
3245460937_2710a82709.jpg,8.608386132e-08
3351667846_ac43118ae5.jpg,7.757241305e-08
3640870001_acbd1d5ceb.jpg,6.809224535e-08
426920445_d07d1fd0f7.jpg,1.536509998e-07
2261346505_302c67951d.jpg,7.233975176e-08
1048710776_bb5b0a5c7c.jpg,1.330130933e-07
3643684044_a131168127.jpg,7.66229893e-08
2878272032_fda05ffac7.jpg,1.018285115e-07
3425846980_912943b4f9.jpg,6.040400408e-08
2171891283_dedd9cf416.jpg,8.393371805e-08
3767841911_6678052eb6.jpg,1.018174335e-07
308956341_642589e9cc.jpg,9.550467559e-08
3051384385_c5c850c1f8.jpg,9.120923525e-08
2863848437_f2592ab42d.jpg,1.022147767e-07
2878705136_609dfbf318.jpg,8.861455324e-08
3210705660_2b14b7fb36.jpg,7.628345591e-08
1499554025_a8ffe0e479.jpg,1.187309524e-07
2248487950_c62d0c81a9.jpg,5.946021908e-08
3003691049_f4363c2d5c.jpg,8.190382141e-08
3188044631_ca3a9cc737.jpg,5.9433249e-08
3220140234_e072856e6c.jpg,8.138761574e-08
288508162_1727873924.jpg,1.299173738e-07
252124738_796599e94b.jpg,6.469827111e-08
2717686269_80c4b5ac9e.jpg,1.188403358e-07
2448393373_80c011d301.jpg,1.054419253e-07
3516825206_5750824874.jpg,8.960423194e-08
1341787777_4f1ebb1793.jpg,1.538578013e-07
1346051107_9cdc14e070.jpg,9.70860709e-08
2522809984_2e8a7df4fb.jpg,1.247090795e-07
1536597926_c2e1bc2379.jpg,7.198101028e-08
3544673666_ffc7483c96.jpg,6.671452689e-08
2806632713_edd6f6c893.jpg,8.000488102e-08
933118213_b35b0b62a7.jpg,1.212715579e-07
300371487_daec5d11ab.jpg,1.605949707e-07
3571675421_7e07ac07c5.jpg,1.511878674e-07
279550225_d64d56158a.jpg,1.120587896e-07
2979914158_5906470b8f.jpg,1.147039031e-07
3064383768_f6838f57da.jpg,1.537656256e-07
462288558_b31a8a976f.jpg,1.49729026e-07
3525403875_7f95e0cbfe.jpg,8.444025069e-08
2161799386_27aa938421.jpg,1.263672234e-07
2444821454_22a346c996.jpg,1.858862967e-07
3613955682_3860e116cf.jpg,5.811074159e-08
241046599_28b0ca7b9f.jpg,1.081465118e-07
2830755303_2b5444ab4c.jpg,9.277031443e-08
2600867924_cd502fc911.jpg,1.144992654e-07
2978236380_fb24c43f1e.jpg,8.918309977e-08
2635023078_6dae04758f.jpg,1.200764632e-07
2224450291_4c133fabe8.jpg,8.799080262e-08
3335547029_74d620fa6c.jpg,7.55552053e-08
3440724965_03d6ca5399.jpg,1.747335057e-07
2518508760_68d8df7365.jpg,8.672936441e-08
3349258288_5300c40430.jpg,1.020749249e-07
1466307485_5e6743332e.jpg,6.023697879e-08
2474047296_fd9179d438.jpg,1.201984833e-07
3478084305_9e1219c3b6.jpg,9.475513359e-08
3205214191_29b42b9b09.jpg,1.127074981e-07
3415228562_4efa9c9b70.jpg,8.03691995e-08
272546805_536c719648.jpg,1.16828206e-07
512306469_1392697d32.jpg,1.489814903e-07
3668900592_a84b0c07db.jpg,1.508602048e-07
337793983_ac5b2e848e.jpg,4.972715173e-08
2718024196_3ff660416a.jpg,6.529787257e-08
1350948838_fdebe4ff65.jpg,1.637948837e-07
2496370758_a3fbc49837.jpg,1.23315974e-07
3628059004_5c3529b120.jpg,8.762484067e-08
3205754736_32c29b5208.jpg,6.840473646e-08
970641406_9a20ee636a.jpg,5.092397884e-08
2208067635_39a03834ca.jpg,9.518349986e-08
3432637363_3ba357e2da.jpg,6.505227254e-08
2279496715_8ef3ee6edb.jpg,1.003184077e-07
1776981714_5b224d0f7a.jpg,1.30357774e-07
3373946160_1c82d54442.jpg,1.018134552e-07
3079917032_3cfacb2fd7.jpg,8.087132691e-08
471402959_0b187560df.jpg,7.842297512e-08
2972929655_04233b5489.jpg,8.843263584e-08
3103587323_7f093d5b90.jpg,1.207344823e-07
1089755335_0bfbfd30e6.jpg,1.051564992e-07
2273591668_069dcb4641.jpg,8.966463473e-08
2338627102_6708a9b4fd.jpg,1.47317939e-07
2863180332_372510aa49.jpg,1.065817294e-07
2832033116_1677ea1e2e.jpg,9.436938984e-08
1925434818_2949a8f6d8.jpg,7.050016104e-08
2382411771_a16145f345.jpg,1.241635989e-07
1347519824_e402241e4f.jpg,7.118524571e-08
3641022607_e7a5455d6c.jpg,9.451388028e-08
3181328245_7c04ce1691.jpg,9.948291553e-08
3258396041_69717247f7.jpg,9.422276073e-08
491564019_1ca68d16c1.jpg,1.37923774e-07
262446581_06ef7d9445.jpg,9.090798911e-08
838074897_9d6270b3cd.jpg,7.244769924e-08
1159574340_99ba8c3c59.jpg,1.018346473e-07
2443512473_6f5a22eb42.jpg,6.545307385e-08
2075321027_c8fcbaf581.jpg,1.326092516e-07
2076865206_53918c820c.jpg,1.188841096e-07
3601533527_6c2439113c.jpg,1.26269497e-07
3589156060_3ed8d6bbc3.jpg,1.074150841e-07
3259757648_71edb4347b.jpg,1.171572336e-07
1352410176_af6b139734.jpg,1.570238611e-07
3373481779_511937e09d.jpg,5.925212806e-08
2372572028_53b76104a9.jpg,7.565033662e-08
1321723162_9d4c78b8af.jpg,1.447229781e-07
500678178_26ce0f4417.jpg,5.68003977e-08
3484019369_354e0b88c0.jpg,1.007632528e-07
2321865325_79b0954a5d.jpg,6.190416679e-08
290019324_23582048d4.jpg,7.378687586e-08
2930580341_d36eec8e3c.jpg,9.674052587e-08
3292016893_24d14c8b4f.jpg,1.226104742e-07
3173928684_4ea0ee5114.jpg,1.171511601e-07
3323988406_e3c8fce690.jpg,1.437716323e-07
3612485097_b706d950ed.jpg,9.246520241e-08
2354456107_bf5c766a05.jpg,6.583055377e-08
166433861_70b66cd381.jpg,9.411816473e-08
1463638541_c02cfa04dc.jpg,7.022279372e-08
2616643090_4f2d2d1a44.jpg,1.106278638e-07
3702607829_2b8b3e65ab.jpg,8.331613191e-08
3154813159_58a195236d.jpg,7.62203042e-08
3289817083_4e78e1c05a.jpg,8.419080664e-08
2934379210_4e399e3cac.jpg,1.077760106e-07
2407091303_931c918490.jpg,7.027690684e-08
2831313661_1a328acb70.jpg,8.796432172e-08
3168841415_c0705a327a.jpg,1.479667611e-07
3636247381_65ccf8f106.jpg,1.145929676e-07
2150564996_d173a506d7.jpg,8.01656422e-08
2909081008_9a7bfc599a.jpg,1.497240156e-07
1884065356_c6c34b4568.jpg,1.429844883e-07
2343525685_3eba3b6686.jpg,1.070821292e-07
2955099064_1815b00825.jpg,7.602908798e-08
3437315443_ba2263f92e.jpg,9.859730209e-08
3033612929_764d977bd5.jpg,1.21472873e-07
3073535022_4af81f360c.jpg,8.786046207e-08
3537520829_aab733e16c.jpg,8.000850516e-08
2832487464_2d30634e1e.jpg,9.931591165e-08
2241768909_3d96d48417.jpg,7.126640341e-08
439492931_a96d590e40.jpg,8.986737548e-08
3701544312_b2e4e9813d.jpg,9.803045744e-08
972381743_5677b420ab.jpg,8.764646425e-08
632608471_a70461f123.jpg,4.115049688e-08
2583001715_1ce6f58942.jpg,9.959386606e-08
2737729252_b3fd9c05b1.jpg,9.514527643e-08
3590739067_58baffb3a7.jpg,8.555182209e-08
3107558821_f3b205d4ed.jpg,1.01556107e-07
2553024095_735bc46267.jpg,9.137627789e-08
2629346153_155ba73ae9.jpg,1.392171421e-07
3223302125_f8154417f4.jpg,1.082685334e-07
2488795251_c108c77b13.jpg,1.075010988e-07
44856031_0d82c2c7d1.jpg,9.068550828e-08
2704934519_457dc38986.jpg,9.764368011e-08
3070274658_fc39fd4f84.jpg,8.607933359e-08
3262075846_5695021d84.jpg,7.808534067e-08
1777816180_08d7e8063b.jpg,9.893971693e-08
3084149186_4bc08b0752.jpg,9.605939176e-08
3109124656_626b596d5e.jpg,1.352231751e-07
3724150944_fc62e8d5e0.jpg,4.908652727e-08
3104182973_5bb1c31275.jpg,6.30155915e-08
203114209_e4cd71a6b7.jpg,1.062739389e-07
2315418282_80bd0bb1c0.jpg,9.636235786e-08
3240094420_a9eea11d39.jpg,7.608639527e-08
1517807181_ca6588f2a0.jpg,1.182292183e-07
95734036_bef6d1a871.jpg,9.041162591e-08
3041170372_c4376cd497.jpg,9.064889784e-08
2890057168_c712f932e0.jpg,7.697315264e-08
2925737498_57585a7ed9.jpg,7.815500821e-08
2565685680_c30972455d.jpg,9.199036305e-08
3042484940_0975a5e486.jpg,6.852538291e-08
2325258180_6217dd17eb.jpg,9.954026915e-08
3541915243_956c1aa8ef.jpg,8.047151471e-08
2922973230_5a769ef92a.jpg,1.413433858e-07
1801874841_4c12055e2f.jpg,1.152719816e-07
2316097768_ef662f444b.jpg,5.635191526e-08
3676561090_9828a9f6d0.jpg,1.294319392e-07
3591462960_86045906bd.jpg,6.588119889e-08
2750832671_4b39f06acf.jpg,9.938998247e-08
2000459828_3c9e109106.jpg,6.291192549e-08
3569406219_f37ebf7b92.jpg,9.68272852e-08
2058472558_7dd5014abd.jpg,1.064569897e-07
2691966747_cfa154982b.jpg,8.462249365e-08
469969326_4b84073286.jpg,1.387441124e-07
195962790_3380aea352.jpg,1.031943423e-07
2480832276_fa55480ecb.jpg,6.883963747e-08
2061397486_53a61e17c5.jpg,9.85017782e-08
2676651833_3bb42bbb32.jpg,1.001612599e-07
1478294229_7e1c822fea.jpg,9.206492995e-08
1392272228_cf104086e6.jpg,1.907988968e-07
3153067758_53f003b1df.jpg,8.075460603e-08
497791037_93499238d8.jpg,5.316084356e-08
3399618896_9ef60cd32c.jpg,1.304291583e-07
2229179070_dc8ea8582e.jpg,5.189782049e-08
3316046339_8e504be038.jpg,7.191910022e-08
3681056426_fbd6c0c92c.jpg,8.85524877e-08
3006095077_1992b677f8.jpg,7.744507672e-08
457945610_1a23b9ced0.jpg,1.975834452e-07
263216826_acf868049c.jpg,1.166028553e-07
778885185_3f6905370b.jpg,1.505892739e-07
3692593096_fbaea67476.jpg,1.90991398e-07
1045521051_108ebc19be.jpg,6.515874483e-08
2220185725_45d4fa68d9.jpg,6.022561138e-08
514222303_cb98584536.jpg,7.190756356e-08
2913818905_8e4d9aa82a.jpg,1.742751942e-07
3259992164_94600858b3.jpg,9.029339349e-08
278002800_3817135105.jpg,8.423204566e-08
3296500180_0d7a6650dc.jpg,6.737549416e-08
3501781809_88429e3b83.jpg,1.056317787e-07
278496691_c1fd93e2d8.jpg,6.894288674e-08
3607969989_68cc411493.jpg,1.010062219e-07
3618504267_d7eaa495d0.jpg,7.458148421e-08
2462153092_e3f4d8f6a2.jpg,1.984316541e-07
3164328039_2c56acf594.jpg,1.008490555e-07
3446762868_06e9d9d899.jpg,8.146708491e-08
534313000_4ad39c7ee0.jpg,1.21631617e-07
3476451861_5b9c9ce191.jpg,9.162667892e-08
1554713437_61b64527dd.jpg,9.912825258e-08
3726025663_e7d35d23f6.jpg,7.197286594e-08
952171414_2db16f846f.jpg,8.375900553e-08
861608773_bdafd5c996.jpg,1.31764958e-07
3329169877_175cb16845.jpg,7.568166346e-08
3624076529_9793655a21.jpg,8.714623584e-08
3490874218_babb404b39.jpg,8.287731018e-08
3480051754_18e5802558.jpg,8.181417183e-08
1523984678_edd68464da.jpg,8.149116815e-08
2612488996_9450de0e54.jpg,6.504212228e-08
1026685415_0431cbf574.jpg,6.870047409e-08
99679241_adc853a5c0.jpg,9.260757186e-08
3377117696_af91f13058.jpg,1.444121212e-07
3203453897_6317aac6ff.jpg,1.152180786e-07
3691800116_6a7b315e46.jpg,1.03530982e-07
3677318686_b018862bb7.jpg,1.549740112e-07
2385871165_9438c9fe84.jpg,1.29923169e-07
720208977_f44c2bba5b.jpg,9.293977569e-08
3758175529_81941e7cc9.jpg,3.492311187e-08
3259002340_707ce96858.jpg,1.335379122e-07
3503544012_1771be9d3a.jpg,6.491987855e-08
3320356356_1497e53f80.jpg,1.356365048e-07
256085101_2c2617c5d0.jpg,1.194667014e-07
3717809376_f97611ab84.jpg,8.624664486e-08
475816542_f5c2736815.jpg,1.247858995e-07
3697359692_8a5cdbe4fe.jpg,1.181350479e-07
397725001_e51f7c391c.jpg,6.373808522e-08
3682428916_69ce66d375.jpg,1.00336801e-07
3154693053_cfcd05c226.jpg,7.140035459e-08
3259992638_0612a40288.jpg,7.72147853e-08
3426933951_2302a941d8.jpg,9.916769485e-08
2753506871_dc38e7d153.jpg,1.500230272e-07
2885912662_a3a2dfde45.jpg,1.057047e-07
3487378989_c051d2715b.jpg,6.001762729e-08
3260088697_af9b6d2393.jpg,9.323700747e-08
2191329761_3effd856c5.jpg,7.671028611e-08
270263570_3160f360d3.jpg,8.264853252e-08
3501386648_e11e3f3152.jpg,7.626758617e-08
2622971954_59f192922d.jpg,9.450752075e-08
514222285_aa0c8d05b7.jpg,1.231161986e-07
774009278_8e75b7d498.jpg,1.131269177e-07
3656225270_cdf89e3240.jpg,9.407647059e-08
1001773457_577c3a7d70.jpg,1.137445574e-07
2140305708_591d10b54d.jpg,1.224706727e-07
2192333873_2a0cbe849d.jpg,9.135444057e-08
1459032057_97e73ed6ab.jpg,1.018228303e-07
2676937700_456134c7b5.jpg,6.745651089e-08
1419286010_b59af3962a.jpg,9.323361995e-08
2591110592_ef5f54f91c.jpg,6.441297021e-08
3380364224_2626d9d354.jpg,1.736570167e-07
2394919002_ed7527ff93.jpg,1.099374538e-07
3635194562_4c1dfa120a.jpg,7.762145628e-08
3711826708_bba64fb1e1.jpg,9.24627947e-08
2833582518_074bef3ed6.jpg,8.127487058e-08
1151466868_3bc4d9580b.jpg,1.046812706e-07
3523819210_99782628fc.jpg,8.767754336e-08
1009434119_febe49276a.jpg,7.145242738e-08
3712008738_1e1fa728da.jpg,1.067412492e-07
247637795_fdf26a03cf.jpg,1.530489191e-07
496110746_a93ca191ae.jpg,1.295561417e-07
3159569570_dff24e7be9.jpg,8.48920704e-08
475980315_b8ecd50094.jpg,1.68526978e-07
3205336477_037d4b6bd9.jpg,9.262092127e-08
3640661245_c8c419524d.jpg,8.252522023e-08
3614542901_29877fc342.jpg,7.669589302e-08
2562347802_c049a2ba88.jpg,1.971617653e-07
842960985_91daf0d6ec.jpg,1.520260533e-07
611910909_4f8e43e070.jpg,5.841962128e-08
1204996216_71d7519d9a.jpg,9.358922851e-08
411863595_d77156687e.jpg,1.452333724e-07
3112821789_1f7c3bbb99.jpg,6.557481577e-08
515755283_8f890b3207.jpg,6.661690186e-08
3273325447_81c94000da.jpg,7.184872962e-08
2339573065_91f1e3be60.jpg,1.425408012e-07
1417295167_5299df6db8.jpg,9.222522093e-08
3637966641_1b108a35ba.jpg,9.649368006e-08
2674784195_704f6b79d0.jpg,8.028465148e-08
3568219100_dfbffddccd.jpg,9.439367947e-08
297169473_d3974e0275.jpg,1.341270828e-07
2335428699_4eba9b6245.jpg,8.141800153e-08
3224578187_749882c17f.jpg,7.289342171e-08
3520922312_e58a6cfd9c.jpg,8.902406452e-08
172097783_292c5413d8.jpg,7.967111096e-08
2272548482_0b4aec5cdd.jpg,1.120629041e-07
3728015645_b43a60258b.jpg,9.445804045e-08
2305437797_e6c3460190.jpg,1.676205823e-07
486720042_b785e7f88c.jpg,1.011044395e-07
241347803_afb04b12c4.jpg,7.855996533e-08
3247598959_5b2348444c.jpg,1.097918579e-07
3597210806_95b07bb968.jpg,6.997153754e-08
512550372_438849ce19.jpg,1.025267787e-07
3656104088_a0d1642fa9.jpg,8.613488561e-08
2545192257_142fe9e2de.jpg,1.398230461e-07
610590753_cd69ce081a.jpg,6.433060373e-08
549887636_0ea5ae4739.jpg,8.203245146e-08
2298946012_22de913532.jpg,1.076394779e-07
2387197355_237f6f41ee.jpg,1.597756366e-07
3354489242_dd529ffa1f.jpg,7.217722604e-08
199463720_329a802206.jpg,8.03842139e-08
3086810882_94036f4475.jpg,1.240836637e-07
2510029990_7014f907cb.jpg,7.055114417e-08
3456251289_c4ae31d817.jpg,9.373690947e-08
2330062180_355ccbceb5.jpg,1.380482718e-07
2271755053_e1b1ec8442.jpg,1.282806702e-07
2861100960_457ceda7fa.jpg,9.539947413e-08
3294179574_4f67e67d6f.jpg,7.415369179e-08
181415975_2627aa6668.jpg,1.095578865e-07
394136487_4fc531b33a.jpg,1.089115578e-07
2646615552_3aeeb2473b.jpg,1.088015817e-07
424779662_568f9606d0.jpg,8.335598498e-08
3332136681_9aecf101fd.jpg,7.579053796e-08
2472896179_245e7d142f.jpg,1.066764155e-07
278002875_d011ae9dc5.jpg,7.560100589e-08
2222186636_85e03e0b75.jpg,6.193727894e-08
3691670743_0ed111bcf3.jpg,7.592594429e-08
317488612_70ac35493b.jpg,2.680881594e-07
2620113705_a8fa89b8f6.jpg,6.830568687e-08
1389323170_d1c81d6b51.jpg,5.786075918e-08
3456579559_b5c8927938.jpg,1.141192675e-07
2800004913_c8394ba332.jpg,1.505498985e-07
3009383694_e045c6169e.jpg,6.737272378e-08
3582685410_05315a15b8.jpg,1.024070139e-07
2760371526_63f3d01760.jpg,1.176717461e-07
3484841598_e26ee96aab.jpg,9.778928832e-08
424416723_19c56cb365.jpg,1.447919251e-07
2135360514_7dcb9ed796.jpg,1.038458095e-07
3470951932_27ed74eb0b.jpg,1.054902521e-07
3410215754_5d5caeffaf.jpg,1.045517655e-07
3718007650_e5930b4509.jpg,6.508687871e-08
3215108916_0473007b47.jpg,6.335982258e-08
2311690895_0d6efe11c8.jpg,1.256637815e-07
215214751_e913b6ff09.jpg,1.757489686e-07
3122888809_9ae9b4b9b2.jpg,1.461362714e-07
1936215201_d03a75cbba.jpg,1.232943805e-07
3270047169_2ed289a9af.jpg,1.238364742e-07
3060519665_4d6b9a51b2.jpg,1.020830032e-07
3090398639_68c0dfa9a5.jpg,7.814461726e-08
1580671272_3e99d94305.jpg,8.478721063e-08
241346709_23204cc2bc.jpg,9.493569514e-08
2109479807_eec8d72ca7.jpg,7.422002682e-08
2713554148_64cd465e71.jpg,8.582544325e-08
2831846986_5534425cfa.jpg,8.555182089e-08
2205328215_3ffc094cde.jpg,9.294910975e-08
2789238858_14261dd25a.jpg,8.612699426e-08
2443229844_277cded27d.jpg,8.762533364e-08
3019842612_8501c1791e.jpg,3.546591775e-08
3352199368_b35f25793e.jpg,1.080291784e-07
3082196097_2d15455b00.jpg,6.464702158e-08
322103537_184367bf88.jpg,1.329304423e-07
3498423815_5b8fc097f4.jpg,7.965070899e-08
2789350645_96a2535b4d.jpg,6.543100162e-08
3228960484_9aab98b91a.jpg,5.017244548e-08
2512683710_991c9d466d.jpg,1.40266835e-07
3687995245_624b54090d.jpg,9.602011728e-08
2299427360_422a3fb8b0.jpg,1.059085845e-07
136639119_6040b00946.jpg,8.630409726e-08
1975171469_84e425f61b.jpg,6.636529159e-08
2271667421_7b21fc23b8.jpg,9.990605317e-08
2176874361_2b4149010b.jpg,1.083801697e-07
3532587748_7e64bb223a.jpg,1.185586808e-07
3403263046_3cc701a07a.jpg,1.069632409e-07
3116731299_6139b25c18.jpg,8.292688518e-08
2165459064_5b81ff23eb.jpg,1.148254721e-07
254295381_d98fa049f4.jpg,7.061295781e-08
3368207495_1e2dbd6d3f.jpg,1.478214296e-07
2658360285_a0ec74ef48.jpg,1.055516393e-07
1426014905_da60d72957.jpg,9.395002461e-08
709373049_15b8b6457a.jpg,4.342189047e-08
1620397000_3883e3ecd3.jpg,1.816975971e-07
2708582445_5e5999b956.jpg,1.206841049e-07
1798215547_ef7ad95be8.jpg,2.026665172e-07
3143953179_1c08c023a5.jpg,7.657077328e-08
2419186511_f0ce5f9685.jpg,2.222341641e-07
55470226_52ff517151.jpg,7.837030514e-08
160585932_fa6339f248.jpg,8.11657208e-08
3126795109_73920ed5dc.jpg,5.432445157e-08
241347243_c751557497.jpg,9.127647176e-08
3530687486_6e6be53602.jpg,1.325392551e-07
439916996_1ddb9dc8e7.jpg,6.821758155e-08
2354792215_eef2bdc753.jpg,1.047010895e-07
3543378438_47e2712486.jpg,9.71384426e-08
53043785_c468d6f931.jpg,1.488898376e-07
1321949151_77b77b4617.jpg,7.386999998e-08
2526585002_10987a63f3.jpg,6.115844146e-08
3346040664_5b584e6133.jpg,6.818196925e-08
639120223_7db6bdb61f.jpg,7.160250591e-08
1084040636_97d9633581.jpg,1.624776987e-07
3553056438_4e611a7a2a.jpg,1.705036215e-07
135235570_5698072cd4.jpg,1.368718458e-07
3254640083_eb34b8edfe.jpg,1.55451782e-07
3126724531_f483e1b92a.jpg,1.53623261e-07
3609032038_005c789f64.jpg,1.021801356e-07
3053916979_848d32261b.jpg,1.419081248e-07
3205839744_24504ba179.jpg,1.049589601e-07
86412576_c53392ef80.jpg,6.525742621e-08
2472634822_7d5d2858c0.jpg,9.416130989e-08
272940778_a184dbea42.jpg,6.501525488e-08
3182161610_4d349b257f.jpg,9.310553142e-08
2661437618_ca7a15f3cb.jpg,1.891440596e-07
2598012140_832863fcb9.jpg,1.504780698e-07
3724738804_f00748a137.jpg,9.177364347e-08
3425851292_de92a072ee.jpg,6.50826816e-08
2158247955_484f0a1f11.jpg,1.083414638e-07
2873188959_ff023defa9.jpg,1.239904723e-07
3417102649_5c0b2f4b4d.jpg,1.011450015e-07
1501811302_5e723fc529.jpg,1.295598353e-07
2201978994_c444e64810.jpg,1.068013895e-07
3564157681_03a13b7112.jpg,9.632297608e-08
143688205_630813a466.jpg,6.654515248e-08
2708634088_a4686be24c.jpg,1.922360867e-07
2249264723_d08655d9f2.jpg,1.442289712e-07
3585123310_9a8e94bd2b.jpg,1.22142731e-07
3323952123_deb50b0629.jpg,7.531933505e-08
488549693_a1f51d8c4a.jpg,1.385416569e-07
3744832122_2f4febdff6.jpg,1.207160058e-07
3335997221_254366c400.jpg,1.34792314e-07
272283076_2d4aa1d5cf.jpg,9.629415584e-08
1460500597_866fa0c6f3.jpg,6.836263861e-08
3176072448_b84c99cf7f.jpg,1.146798949e-07
2902661518_1513be3ea6.jpg,1.023754105e-07
143237785_93f81b3201.jpg,1.390942894e-07
3355683198_715fb1a2ac.jpg,6.78303899e-08
411175971_0fffd3b8c6.jpg,2.245325398e-07
2213113526_beeb4f9bdc.jpg,7.91271112e-08
3276448136_0d9f5069c5.jpg,8.589292306e-08
3604928725_58147c87cd.jpg,1.690709016e-07
1273001772_1585562051.jpg,8.666784715e-08
169490297_b6ff13632a.jpg,1.001561391e-07
2346189044_546ed84aa9.jpg,8.595593828e-08
2223382277_9efa58ec45.jpg,6.610879075e-08
733172023_5810350af6.jpg,7.936403714e-08
968081289_cdba83ce2e.jpg,8.614097133e-08
3477712686_8428614c75.jpg,6.889201103e-08
3197247245_9c93b60b8a.jpg,6.338190022e-08
2541104331_a2d65cfa54.jpg,1.177304154e-07
2836553263_b1a08c25ea.jpg,9.881038063e-08
311196733_03966b4836.jpg,1.545858471e-07
3157622277_9f59b4f62f.jpg,7.757953578e-08
537359971_6e28f5e66e.jpg,6.08015765e-08
2788945468_74a9618cfa.jpg,5.062511661e-08
3005872315_e6771763bd.jpg,1.427620933e-07
2928152792_b16c73434a.jpg,7.488112174e-08
3459419203_cd7c68ce4d.jpg,8.939078021e-08
2939475047_84585ea45c.jpg,9.51525998e-08
2567812221_30fb64f5e9.jpg,1.194791338e-07
3535372414_4c51c86fc4.jpg,4.989009775e-08
3120266797_47e7d91614.jpg,9.656607857e-08
3088322308_b0c940b3a3.jpg,1.251156938e-07
416788726_5b4eb1466e.jpg,5.458336899e-08
2578289278_01516d23a0.jpg,8.473655265e-08
70995350_75d0698839.jpg,1.247388821e-07
1191338263_a4fa073154.jpg,7.276064946e-08
3522749949_fb615cee47.jpg,8.884757377e-08
3151365121_e2a685a666.jpg,1.305659465e-07
1523800748_a59e980eee.jpg,1.396946058e-07
3713324467_104d72f7db.jpg,6.462036215e-08
2333584535_1eaf9baf3e.jpg,9.482731038e-08
3627679667_0e3de9fc90.jpg,2.010370019e-07
2765747519_2b851e01d6.jpg,1.3159228e-07
1539166395_0cdc0accee.jpg,9.833208238e-08
3335773346_ac0d97efeb.jpg,6.2993453e-08
2894576909_99c85fd7a7.jpg,1.291857841e-07
3220161734_77f42734b9.jpg,8.566769486e-08
2987775031_3f9ac69319.jpg,8.26972638e-08
2490687446_9d46fdf5a9.jpg,1.318010186e-07
3512127856_18a4c7aace.jpg,9.3298466e-08
2935703360_4f794f7f09.jpg,8.89573058e-08
384465370_9918873f9a.jpg,1.260810833e-07
3360994630_d4616c1b14.jpg,1.20844732e-07
345284642_77dded0907.jpg,8.268719044e-08
2410040397_1a161a1146.jpg,1.019027043e-07
874665322_9ad05c4065.jpg,9.706043894e-08
3474330484_a01d8af624.jpg,1.263944507e-07
2418191216_82711d5c5c.jpg,8.711127753e-08
2460134050_06de9f5c4a.jpg,9.559405842e-08
111537222_07e56d5a30.jpg,1.078361196e-07
295433203_8185c13e08.jpg,1.094835095e-07
241347460_81d5d62bf6.jpg,9.632809326e-08
3549583146_3e8bb2f7e9.jpg,8.780165483e-08
251586160_a31b187a37.jpg,8.769477005e-08
3194134352_bc1b2a25d7.jpg,1.061179116e-07
3155657768_b83a7831e5.jpg,7.274142176e-08
2522467011_cc825d89ac.jpg,6.025984153e-08
759015118_4bd3617e60.jpg,8.955718415e-08
802594049_289e3c8420.jpg,8.380882042e-08
3133044777_8cc930a4ec.jpg,7.101748556e-08
2532262109_87429a2cae.jpg,5.68631645e-08
2315807231_6948b3f3a5.jpg,1.522590839e-07
1028205764_7e8df9a2ea.jpg,7.876214927e-08
498748832_941faaaf40.jpg,8.192861503e-08
3326376344_3306bf439e.jpg,9.755166073e-08
2600170955_bf30c5d5c0.jpg,9.768941989e-08
506738508_327efdf9c3.jpg,1.038868819e-07
3725353555_75c346d7ec.jpg,9.649626517e-08
3529211822_1dabdb3a9c.jpg,1.369038435e-07
3217909454_7baa0edbb2.jpg,1.132456097e-07
3523471597_87e0bf3b21.jpg,6.773194035e-08
3374759363_d6f7a0df41.jpg,7.358930841e-08
2555638166_2f0847d57d.jpg,9.56247069e-08
2813033949_e19fa08805.jpg,1.123330764e-07
3713133789_f05e8daffd.jpg,7.661341367e-08
3227594168_3351722aae.jpg,8.151213017e-08
3535284878_f90f10236e.jpg,1.298888843e-07
2986716822_e220754d32.jpg,1.258925795e-07
3547647914_4dd56a8c1b.jpg,7.985963181e-08
2822148499_eaa46c99d4.jpg,1.304464462e-07
3107463441_7c68606450.jpg,8.943156038e-08
2286235203_af3cd8f243.jpg,1.242094713e-07
2265367960_7928c5642f.jpg,8.7474584e-08
3394654132_9a8659605c.jpg,8.688829023e-08
2896668718_0c3cff910f.jpg,6.690246164e-08
3223224391_be50bf4f43.jpg,1.718731792e-07
2260369648_e21ae6494a.jpg,6.106590893e-08
2918769188_565dd48060.jpg,1.020839351e-07
2673564214_3a9598804f.jpg,8.303369135e-08
308307853_5a51fbdecc.jpg,1.581193246e-07
3561433412_3985208d53.jpg,1.238984201e-07
2623982903_58ec7c5026.jpg,8.295763381e-08
241347689_d0b1ac297d.jpg,8.6283521e-08
1351315701_6580b51c41.jpg,1.028445123e-07
3134341610_3c55e373a7.jpg,8.555808274e-08
2218609886_892dcd6915.jpg,1.414181305e-07
2503629305_055e9ec4b1.jpg,1.666464135e-07
456299217_b2802efbc2.jpg,8.810229813e-08
3315323307_bd148a8964.jpg,6.074132847e-08
3068735836_872fba3068.jpg,8.945447928e-08
3431487300_0123195f9b.jpg,8.046444534e-08
3582048078_7bac2d8473.jpg,1.347732409e-07
2198494923_8159551be4.jpg,1.032165308e-07
3065468339_4955e90fd3.jpg,8.08640369e-08
3647750811_395fbd397e.jpg,1.479443538e-07
3544793763_b38546a5e8.jpg,6.85719992e-08
365128300_6966058139.jpg,9.925732135e-08
3561130207_d1ed166daa.jpg,1.099119024e-07
1348891916_ebd4413033.jpg,1.43041739e-07
395461421_c586b136de.jpg,1.12377613e-07
3187364311_4c2a87083b.jpg,8.288609072e-08
57422853_b5f6366081.jpg,1.000679412e-07
3139118874_599b30b116.jpg,7.514545987e-08
3474999131_788cbf253f.jpg,8.393702747e-08
3496983524_b21ecdb0c7.jpg,7.82048929e-08
2679926555_b11cf45595.jpg,7.958880688e-08
3344948183_5b89379585.jpg,1.307237514e-07
3155279929_d1cddbe7cf.jpg,9.877951112e-08
2756765580_9e57e10f0d.jpg,6.663184962e-08
3174156702_95a1cda2d9.jpg,7.268078108e-08
3477715432_79d82487bb.jpg,9.179911024e-08
2178306830_6af49375b4.jpg,1.059385735e-07
2107837987_ffecfc367a.jpg,6.876773066e-08
3667822570_d39850e217.jpg,5.446199781e-08
762947607_2001ee4c72.jpg,9.663082102e-08
325005410_e1ff5041b5.jpg,8.792765279e-08
2086532897_b8714f2237.jpg,1.859841766e-07
3386375153_20c56d0aae.jpg,1.175664869e-07
458213442_12c59e61a0.jpg,1.272242357e-07
2280354512_c0d035d53f.jpg,1.458550024e-07
109671650_f7bbc297fa.jpg,6.808981215e-08
468141298_3154d717e1.jpg,7.528712972e-08
2053733930_e245615ad4.jpg,7.99759362e-08
2452238877_2340609c6e.jpg,1.393733287e-07
3568197730_a071d7595b.jpg,6.092834747e-08
2573625591_70291c894a.jpg,9.962250247e-08
3673032164_6c6843de87.jpg,1.13324303e-07
2910758605_73a3f5a5c2.jpg,6.378297645e-08
1022975728_75515238d8.jpg,1.581874161e-07
2222498879_9e82a100ab.jpg,1.032991982e-07
2319087586_919472310f.jpg,8.130106572e-08
3406802138_ef77bbddd0.jpg,1.317080356e-07
3402081035_a54cfab1d9.jpg,1.054525894e-07
3279228339_71deaa3d9b.jpg,7.127965457e-08
2920969723_83918fe909.jpg,8.629068429e-08
3171451305_f87b9e09ee.jpg,1.051282767e-07
2909955251_4b326a46a7.jpg,1.106472541e-07
1413956047_c826f90c8b.jpg,1.29272232e-07
3016651969_746bd36e68.jpg,6.773210553e-08
2594042571_2e4666507e.jpg,7.311826308e-08
2866529477_7e0c053ebc.jpg,1.133828792e-07
2947452329_08f2d2a467.jpg,1.110167393e-07
3478176372_7c510a0cef.jpg,6.304547435e-08
3454754632_977c1523be.jpg,8.65512979e-08
3405720825_b6991005eb.jpg,9.125763808e-08
2831314869_5025300133.jpg,6.157041936e-08
2624457062_89efc497a8.jpg,6.775918884e-08
57417274_d55d34e93e.jpg,7.008381047e-08
3273969811_42e9fa8f63.jpg,9.570967589e-08
2771424045_1fdf9617eb.jpg,1.039804858e-07
2086678529_b3301c2d71.jpg,1.433334318e-07
3589367895_5d3729e3ea.jpg,6.879951066e-08
3698944019_825ef54f2f.jpg,1.132049173e-07
3396036947_0af6c3aab7.jpg,9.678758359e-08
2254913901_569f568926.jpg,1.310717112e-07
463875230_f19e83d6df.jpg,7.625221305e-08
3099504809_565e17e49d.jpg,1.1374211e-07
2856923934_6eb8832c9a.jpg,1.602621278e-07
3016759846_062663f8ab.jpg,8.606795159e-08
3527715826_ea5b4e8de4.jpg,7.65274543e-08
247691240_3881777ab8.jpg,1.267322539e-07
2542662402_d781dd7f7c.jpg,1.149241992e-07
2861932486_52befd8592.jpg,8.598202621e-08
2429978680_1e18a13835.jpg,1.283051297e-07
2972864304_481aeffe50.jpg,5.184464783e-08
661755629_602ea4cf09.jpg,9.744316314e-08
1778020185_1d44c04dae.jpg,1.127484523e-07
3716244806_97d5a1fb61.jpg,6.057804081e-08
3526805681_38461c0d5d.jpg,1.067994998e-07
566921157_07c18a41e2.jpg,9.952340173e-08
2761599088_8b39cc5f41.jpg,1.394180753e-07
352981175_16ff5c07e4.jpg,8.559222683e-08
3518126579_e70e0cbb2b.jpg,1.086538802e-07
2504764590_cf017c2a6e.jpg,1.079677258e-07
3632572264_577703b384.jpg,9.003002879e-08
380537190_11d6c0a412.jpg,7.454896444e-08
3372022051_132b8e6233.jpg,1.191094346e-07
533979933_a95b03323b.jpg,1.708478451e-07
2708686056_1b8f356264.jpg,1.658472859e-07
3410902181_b2a3c6eec9.jpg,5.310304087e-08
3286198467_8880be127e.jpg,1.313713229e-07
3528966521_2e871ff6a1.jpg,1.000494108e-07
2886533440_dfa832f2fa.jpg,1.438383303e-07
3154709407_9b0778cbeb.jpg,6.201574331e-08
2257798999_d9d1b9a45a.jpg,9.670616578e-08
3378553508_e37e281d25.jpg,9.109926001e-08
3144705706_391d7b77c7.jpg,6.647246586e-08
3363836972_c87b58c948.jpg,1.238258651e-07
1258913059_07c613f7ff.jpg,7.631320484e-08
2244171992_a4beb04d8e.jpg,8.180669327e-08
3262475923_f1f77fcd9f.jpg,6.441539951e-08
3242919570_39a05aa2ee.jpg,1.097824662e-07
1042020065_fb3d3ba5ba.jpg,7.528058012e-08
2978271431_f6a7f19825.jpg,1.632688009e-07
3430607596_7e4f74e3ff.jpg,1.146229589e-07
1501985304_8c50093004.jpg,8.286874056e-08
3287969199_08e775d896.jpg,1.011104516e-07
3545652636_0746537307.jpg,9.394857528e-08
1295669416_21cabf594d.jpg,8.039060786e-08
2992614450_b5a6692239.jpg,1.001997624e-07
3683644335_b70bed1d83.jpg,1.811422126e-07
3330007895_78303e8a40.jpg,1.731023918e-07
537230454_1f09199476.jpg,1.297546536e-07
3386060324_b98fdfa449.jpg,9.682517537e-08
754852108_72f80d421f.jpg,1.120154633e-07
3482974845_db4f16befa.jpg,1.610539654e-07
3175434849_859f09fe07.jpg,7.690401981e-08
2786245676_0a69543832.jpg,8.448433178e-08
2256320794_0286c31bfa.jpg,1.238249924e-07
3545793128_af3af544dc.jpg,4.83385121e-08
2899276965_a20b839cfd.jpg,9.938079682e-08
3122497129_d08f5729b8.jpg,1.065239175e-07
2591486448_48d5438343.jpg,9.272975165e-08
3163281186_e2f43dfb5f.jpg,1.149677519e-07
341665272_80d4d61376.jpg,1.042600125e-07
3517040752_debec03376.jpg,9.545826611e-08
3210419174_d083a16f77.jpg,8.869034116e-08
719837187_3e7bf1d472.jpg,1.193889838e-07
2734219983_fe86a60bf9.jpg,8.740213983e-08
327621377_0bc3b7fd26.jpg,8.030476474e-08
2046222127_a6f300e202.jpg,1.602941234e-07
2616508003_fa5ca5780d.jpg,1.037385005e-07
241347150_5ff37818c2.jpg,9.187816863e-08
1662261486_db967930de.jpg,9.866245963e-08
256292144_b53aadae27.jpg,1.402026834e-07
3267644370_f2728d6c7a.jpg,1.284848217e-07
3568505408_4e30def669.jpg,7.440664074e-08
90011335_cfdf9674c2.jpg,1.291581302e-07
3296715418_29542dcdc2.jpg,1.50597007e-07
381052465_722e00807b.jpg,9.785102021e-08
2652155912_8ba5426790.jpg,1.139129995e-07
3186863842_5832573c5e.jpg,8.813444517e-08
236730743_0d4fd8de5a.jpg,1.355471075e-07
3168123064_d1983b8f92.jpg,1.307143997e-07
3187492926_8aa85f80c6.jpg,1.713046978e-07
3688005475_d200165cf7.jpg,1.794847752e-07
3577309234_c952c2af86.jpg,1.103210833e-07
2930514856_784f17064a.jpg,1.60180291e-07
232193739_ed5f348c7a.jpg,9.497874618e-08
3257277774_aba333a94c.jpg,1.472171313e-07
3759492488_592cd78ed1.jpg,7.263295777e-08
2110898123_07729c1461.jpg,2.011152051e-07
397815951_3b02090324.jpg,1.387278234e-07
3057862887_135c61816a.jpg,6.819296287e-08
2847615962_c330bded6e.jpg,1.03634886e-07
1309330801_aeeb23f1ee.jpg,7.119883016e-08
2294516804_11e255807a.jpg,1.075994105e-07
513269597_c38308feaf.jpg,9.72349534e-08
3307978046_92fef4dfa9.jpg,8.814636185e-08
2405599120_ec5f32af6f.jpg,1.179043815e-07
3243588540_b418ac7eda.jpg,7.04966931e-08
3320680380_b0d38b3b4a.jpg,9.566900707e-08
3204922011_185e48949a.jpg,2.012342576e-07
3123463486_f5b36a3624.jpg,1.358169619e-07
2752230113_b5dab6f0f1.jpg,1.222222599e-07
3292277400_f95cdd13d1.jpg,1.066253643e-07
506478284_7cf8bdbe36.jpg,9.014140973e-08
1982852140_56425fa7a2.jpg,1.222970912e-07
1429814475_0b592b9995.jpg,9.025502544e-08
2339946012_06bd480ab8.jpg,1.097225377e-07
1131800850_89c7ffd477.jpg,1.316640977e-07
3425685827_03683e8e5a.jpg,6.951865167e-08
2021613437_d99731f986.jpg,1.110553037e-07
116409198_0fe0c94f3b.jpg,1.132332301e-07
3207264553_8cd4dcde53.jpg,1.110281829e-07
3165750962_e2e3843679.jpg,7.912431178e-08
2984704498_29b53df5df.jpg,7.148458842e-08
2858759108_6e697c5f3e.jpg,7.055367111e-08
3185695861_86152b2755.jpg,6.445901326e-08
245252561_4f20f1c89e.jpg,2.102367219e-07
3034585889_388d6ffcc0.jpg,9.035315291e-08
3565654691_22b97d3994.jpg,1.014315072e-07
2187503678_fd743e0a00.jpg,1.776320688e-07
2420730259_86e7f8a815.jpg,9.062927727e-08
441398149_297146e38d.jpg,7.243706568e-08
524698457_77ba13840a.jpg,9.9461908e-08
3417143124_6feb8290cc.jpg,8.053317899e-08
2098646162_e3b3bbf14c.jpg,7.347116291e-08
2687672606_275169c35d.jpg,1.101279134e-07
3087095548_6df7c2a8ed.jpg,7.058704605e-08
3527590601_38d56abc29.jpg,1.299247951e-07
1470132731_fa416b7504.jpg,1.052113909e-07
3271084924_4778d556cc.jpg,1.104928554e-07
504765160_b4b083b293.jpg,1.122187846e-07
2800758232_d7fa598065.jpg,2.15737917e-07
3459362347_c412ef9901.jpg,9.449997513e-08
3198247669_7493af04a7.jpg,1.175273085e-07
2694426634_118566f7ab.jpg,1.090680014e-07
2873522522_829ea62491.jpg,6.655943661e-08
300539993_eede2d6695.jpg,8.913422631e-08
3411595210_8e0893b266.jpg,7.715895368e-08
3049770416_0fb1954315.jpg,8.065306993e-08
3419916411_72934edcdb.jpg,7.425325766e-08
3470008804_0ca36a7a09.jpg,1.483903111e-07
150582765_bad8dec237.jpg,5.994808237e-08
252578659_9e404b6430.jpg,1.591346257e-07
2363006088_b3e3aa5c0b.jpg,1.042911214e-07
2710698257_2e4ca8dd44.jpg,1.1958651e-07
451597318_4f370b1339.jpg,6.743993751e-08
3560891822_7d4c1e3580.jpg,7.603418295e-08
3572267708_9d8a81d4a4.jpg,6.1012924e-08
2439154641_bbf985aa57.jpg,1.685912023e-07
2660008870_b672a4c76a.jpg,1.522130806e-07
314904143_5a216a192b.jpg,1.034622198e-07
2225241766_f1e7132e3e.jpg,6.432351242e-08
95728664_06c43b90f1.jpg,9.309864838e-08
2246717855_c0c08fe5d2.jpg,8.696414243e-08
224766705_b77996527f.jpg,7.232735102e-08
3601978895_9fec23ce0c.jpg,9.637323362e-08
495054019_3dee8a02f5.jpg,7.376166113e-08
2053777548_108e54c826.jpg,1.350288903e-07
354642192_3b7666a2dd.jpg,7.939440803e-08
1584315962_5b0b45d02d.jpg,1.012945376e-07
1597319381_1e80d9e39c.jpg,8.871050916e-08
2909875716_25c8652614.jpg,9.059848692e-08
2744690159_fe2c89e55b.jpg,5.935570765e-08
129599450_cab4e77343.jpg,8.310985999e-08
3258874419_23fec1bdc1.jpg,9.623660113e-08
2500826039_165e75b20c.jpg,7.519101961e-08
538825260_a4a8784b75.jpg,8.496625278e-08
3232030272_b2480a5fe7.jpg,9.870216995e-08
403523132_73b9a1a4b3.jpg,1.516829104e-07
23445819_3a458716c1.jpg,1.470848371e-07
3701509233_a2275a4e57.jpg,1.156185725e-07
2719102611_fef453bf30.jpg,8.620658192e-08
255091927_2eb643beb2.jpg,6.74842075e-08
3426724811_137855b4f7.jpg,7.357385332e-08
3373069977_bc73e9e409.jpg,1.011139792e-07
3534512991_f9fd66f165.jpg,9.633681518e-08
3387630781_f421a94d9d.jpg,9.656123592e-08
3389448506_7025e7cc12.jpg,1.169136659e-07
2907244809_07ab2c6b6c.jpg,1.027770042e-07
3427301653_4ff0d6fd93.jpg,1.116553721e-07
2073174497_18b779999c.jpg,7.85662855e-08
2136455112_202c093ba4.jpg,1.006020917e-07
3672944692_8d24a44fc6.jpg,7.767593851e-08
1255504166_f2437febcb.jpg,1.07084975e-07
236095031_5cb17dc54a.jpg,1.375863913e-07
3606942887_1159d92548.jpg,8.588541368e-08
3696698390_989f1488e7.jpg,5.732236416e-08
427936315_0b8f7b8d23.jpg,1.165815832e-07
2472250097_a3191a94b3.jpg,1.02097725e-07
2665904080_8a3b9639d5.jpg,2.0303877e-07
3259160693_067ec7ebc3.jpg,9.871242814e-08
3222496967_45d468ee66.jpg,1.045837656e-07
2789688929_9424fceed1.jpg,5.0332512e-08
1962729184_6996e128e7.jpg,1.026287143e-07
343073813_df822aceac.jpg,5.329582727e-08
3086790344_9487c58624.jpg,1.577241493e-07
2710563762_06d48329d7.jpg,7.664723849e-08
2271264741_aa8f73f87c.jpg,7.699922386e-08
3283913180_7d4e43602d.jpg,7.624607796e-08
3535304540_0247e8cf8c.jpg,2.160760591e-07
2949337912_beba55698b.jpg,3.668875329e-07
2855594918_1d1e6a6061.jpg,1.26533782e-07
3477672764_7f07657a26.jpg,1.02210435e-07
3704995657_e2e114083d.jpg,9.001215035e-08
2095435987_1b7591d214.jpg,1.20962588e-07
3401039304_424ffc7dbf.jpg,1.512487546e-07
2729655904_1dd01922fb.jpg,9.018719862e-08
2515247156_c1b759fc33.jpg,6.833326305e-08
3671950830_b570bac1b9.jpg,1.174714472e-07
3421129418_088af794f7.jpg,1.304128452e-07
3403797144_53e49412ec.jpg,1.217525078e-07
3223973114_6c15538ce9.jpg,8.405694586e-08
2812590023_50182bc417.jpg,9.311176475e-08
2445442929_8c81d42460.jpg,7.297789675e-08
2204695848_3d1b140212.jpg,7.885146586e-08
3724581378_41049da264.jpg,1.164366365e-07
3458577912_67db47209d.jpg,1.526653832e-07
3384528359_e920154177.jpg,9.378497093e-08
1463732130_a754441289.jpg,5.228782296e-08
2775249812_f4db95e818.jpg,1.318071417e-07
3216926094_bc975e84b9.jpg,1.773324371e-07
3211289105_e0360a9c7f.jpg,8.558411105e-08
2265096094_8cc34d669c.jpg,7.378179538e-08
3217266166_4e0091860b.jpg,8.027187394e-08
469021173_aa31c07108.jpg,1.010133727e-07
2707873672_15e6b5d54b.jpg,6.927180785e-08
2148991939_3b9fd6c439.jpg,1.091161612e-07
3638908276_b1751d30ff.jpg,6.235634048e-08
3610687607_895fdc94bd.jpg,8.085272059e-08
696663662_232edd58af.jpg,1.230209715e-07
3030824089_e5a840265e.jpg,1.043668734e-07
2707969386_94dde00ce4.jpg,1.035171145e-07
3643684688_2f7157b23d.jpg,1.027568376e-07
3286111436_891ae7dab9.jpg,6.60619489e-08
2991994415_504d1c0a03.jpg,7.28373183e-08
2921112724_5cb85d7413.jpg,6.691446539e-08
248646530_03c6284759.jpg,1.199577795e-07
2017276266_566656c59d.jpg,8.739893644e-08
501650847_b0beba926c.jpg,1.150525445e-07
138718600_f430ebca17.jpg,8.488093523e-08
3240351042_5d29c94b0e.jpg,1.000202307e-07
3286406057_a1668655af.jpg,6.526050161e-08
241347611_cb265be138.jpg,1.179487225e-07
3563871276_c8b2a00df5.jpg,7.310000684e-08
3399312265_9c74378692.jpg,1.034626361e-07
2291511815_ac083fddbd.jpg,9.194992542e-08
582788646_dc40748639.jpg,9.725067966e-08
1352398363_9cc8ffcce9.jpg,1.141407639e-07
3394750987_a32ecc477e.jpg,5.328880664e-08
2863027424_9c75105660.jpg,1.201724163e-07
2247889670_413db8094b.jpg,1.181321199e-07
3046286572_d2050ab0d9.jpg,8.839896257e-08
3730457171_e66dde8c91.jpg,1.235901683e-07
386160015_d4b31df68e.jpg,7.450197233e-08
422756764_e7eaac76bf.jpg,1.297227018e-07
339350939_6643bfb270.jpg,1.273541922e-07
2281006675_fde04e93dd.jpg,1.392224258e-07
3081182021_22cfa18dd4.jpg,8.620091609e-08
2822891602_ff61df2ece.jpg,6.774103267e-08
3277162496_dff7eeb59e.jpg,1.006705373e-07
1389651420_8d95d8f6ed.jpg,8.350189018e-08
2205088706_d7e633e00d.jpg,9.798258242e-08
2637959357_dd64a03efa.jpg,1.109122381e-07
3404012438_9baf8dcbaf.jpg,1.035068989e-07
1998457059_c9ac9a1e1a.jpg,1.094152986e-07
2864340145_d28b842faf.jpg,1.406682409e-07
3385246141_a263d1053e.jpg,8.095776455e-08
2396100671_3a9d67f03d.jpg,9.501568929e-08
2374570771_c395fc224a.jpg,1.26027472e-07
3662871327_b128d25f04.jpg,9.312915061e-08
1952896009_cee8147c90.jpg,9.482820563e-08
2537583012_4a358a6a8a.jpg,6.806156735e-08
3131990048_369b081021.jpg,9.883018452e-08
514431934_9cf78f05a9.jpg,6.704543538e-08
340425915_490293058f.jpg,9.317536001e-08
3179952488_c1c812a03b.jpg,7.883839568e-08
2654943319_d17fee7800.jpg,9.171055307e-08
2534424894_ccd091fcb5.jpg,1.142017437e-07
2621771656_09a620da6d.jpg,6.067255321e-08
223299142_521aedf9e7.jpg,1.334924627e-07
3225058391_a12d38d911.jpg,8.534066148e-08
3188036349_8e4e2d6ca8.jpg,8.535773409e-08
2484190118_e89363c465.jpg,1.4799913e-07
512101751_05a6d93e19.jpg,1.216451079e-07
1356543628_c13ebe38fb.jpg,1.254282542e-07
207930963_af3a2f1784.jpg,8.603807297e-08
3265162450_5b4e3c5f1b.jpg,9.198720943e-08
1234817607_924893f6e1.jpg,7.958297479e-08
3362871440_6c0f27c480.jpg,1.149724482e-07
3396043950_12783c5147.jpg,8.035075954e-08
2636876892_9353521a1c.jpg,6.776364371e-08
460935487_75b2da7854.jpg,8.732007457e-08
636503038_17ca82b50f.jpg,1.247007595e-07
3634281981_d9cf1d1a33.jpg,1.115435298e-07
2873065944_29c01782e2.jpg,7.843113005e-08
492493570_c27237a396.jpg,1.41852434e-07
3438981089_2ef1a6353c.jpg,1.322498608e-07
3666324102_18ecdf8253.jpg,9.021833363e-08
3029463004_c2d2c8f404.jpg,1.720851537e-07
2976946039_fb9147908d.jpg,2.237078036e-07
3178300150_d4605ff02c.jpg,7.409686876e-08
1514957266_a19827c538.jpg,1.046411285e-07
3413973568_6630e5cdac.jpg,1.376632924e-07
3185409663_95f6b958d8.jpg,1.751209116e-07
498404951_527adba7b8.jpg,1.440036708e-07
359837950_9e22ffe6c2.jpg,8.545744444e-08
3535056297_e16f014cb7.jpg,8.039123991e-08
3242718240_3358f2d6e6.jpg,8.149864292e-08
3500399969_f54ce5848f.jpg,8.931029328e-08
2552723989_7bc93e0f7b.jpg,8.824665776e-08
2824004868_1fc0a81173.jpg,7.751940457e-08
3094568845_d0b56c5651.jpg,9.046036589e-08
3035949542_cb249790f5.jpg,9.194042004e-08
299572828_4b38b80d16.jpg,6.523909829e-08
3552435734_04da83b905.jpg,1.405403947e-07
2089542487_b4c1ee7025.jpg,1.100358584e-07
1390268323_2c8204e91c.jpg,8.43282733e-08
3684518763_f3490b647a.jpg,7.601534949e-08
2279980395_989d48ae72.jpg,1.369371982e-07
2130203183_49bae96b96.jpg,1.637588455e-07
618292739_0fdc2ccab0.jpg,8.855429751e-08
3721881082_afe9fc734e.jpg,8.184408639e-08
3333921867_6cc7d7c73d.jpg,9.619974582e-08
3589267801_5a222e3a60.jpg,1.123578346e-07
3527184455_1a9c074ff2.jpg,7.847125049e-08
3480379024_545e8ec818.jpg,9.770787427e-08
2693425189_47740c22ed.jpg,9.577099988e-08
322791392_aa3b142f43.jpg,9.73836014e-08
136644885_f7d2bbf546.jpg,9.124577159e-08
390992388_d74daee638.jpg,9.678447938e-08
639865690_d66d480879.jpg,1.372572044e-07
2971478694_79e46ea7e5.jpg,8.237936754e-08
2244551043_21b8cca866.jpg,7.99944458e-08
2998504949_1022fec53b.jpg,6.948311691e-08
1247181182_35cabd76f3.jpg,9.762181948e-08
2356664078_4b1e6e465d.jpg,9.806893958e-08
1368338041_6b4077ca98.jpg,1.132476876e-07
783994497_4f6885454d.jpg,7.429266495e-08
3261666285_86fceb762d.jpg,1.271944285e-07
3484832904_08619300d9.jpg,8.393623193e-08
2229509318_be3fef006b.jpg,1.495608499e-07
1229756013_94663527d7.jpg,1.116676249e-07
2448270671_5e0e391a80.jpg,1.001279714e-07
3415113018_7b95ddcd11.jpg,9.222897668e-08
448590900_db83c42006.jpg,1.582055701e-07
228949397_9e63bfa775.jpg,6.084645851e-08
3561537309_e271d57492.jpg,1.261962438e-07
3475005101_6f6e437459.jpg,6.509574038e-08
753578547_912d2b4048.jpg,1.045972553e-07
3429194423_98e911a101.jpg,7.203375135e-08
3529721084_4b405baf54.jpg,6.901510575e-08
694496803_f2a05869cf.jpg,6.919764954e-08
3228517564_74b00a923b.jpg,8.873068738e-08
2218843713_cf28ea319e.jpg,1.551480701e-07
2782433864_5a0c311d87.jpg,9.93813893e-08
2218519240_cac5aab53c.jpg,6.579500586e-08
3266261886_36e1323d2f.jpg,1.118785568e-07
2354829523_9542fc74ba.jpg,9.873311903e-08
3650986674_3e101c606b.jpg,1.028858297e-07
501684722_0f20c4e704.jpg,7.240789273e-08
3282634762_2650d0088a.jpg,1.460240852e-07
3279025792_23bfd21bcc.jpg,1.037035128e-07
3351586010_7ffaa90ea8.jpg,1.312103767e-07
3562302012_0cbcd01ff9.jpg,7.931045109e-08
3255620561_7644747791.jpg,7.744975007e-08
3341782693_426bf7139b.jpg,1.43992105e-07
2084217208_7bd9bc85e5.jpg,1.16286874e-07
3159447439_c1496cbaea.jpg,1.480226496e-07
2275372714_017c269742.jpg,9.021953284e-08
367673290_f8799f3a85.jpg,5.860292788e-08
566397227_a469e9e415.jpg,1.318529925e-07
428483413_b9370baf72.jpg,4.092668652e-08
708860480_1a956ae0f7.jpg,1.200477452e-07
3423225860_16e26eef74.jpg,6.697262032e-08
2578395598_6982734d46.jpg,1.206192875e-07
2045109977_b00ec93491.jpg,1.236937758e-07
3512791890_eb065b460a.jpg,1.104134823e-07
3564742915_5f940b95b4.jpg,8.088892859e-08
3364258732_9942c557e5.jpg,7.089888846e-08
222878446_32c6fc4bc9.jpg,1.000742054e-07
2992808092_5f677085b7.jpg,7.652650939e-08
1237985362_dbafc59280.jpg,1.022517636e-07
3169276423_6918dd4da1.jpg,8.806381671e-08
3680218298_582e6a2289.jpg,1.021882059e-07
521186251_e97d1f50f8.jpg,8.887943882e-08
2701603045_6cbdc4ce7c.jpg,9.466090921e-08
3173215794_6bdd1f72d4.jpg,8.373394038e-08
2853743795_e90ebc669d.jpg,7.028767662e-08
2607462776_78e639d891.jpg,7.251231842e-08
2157173498_2eea42ee38.jpg,1.432577499e-07
3638688673_176f99d7fd.jpg,4.995631359e-08
3008370541_ce29ce49f0.jpg,1.06196364e-07
2217728745_92b6779016.jpg,4.60507456e-08
369360998_ba56fb436f.jpg,8.612009364e-08
2882056260_4399dd4d7c.jpg,7.092840099e-08
1370773415_967b1ffde1.jpg,8.274170764e-08
693164706_9624582e69.jpg,9.19208433e-08
3449846784_278bc1ba92.jpg,1.107255493e-07
3658427967_6e2e57458d.jpg,1.178671657e-07
3428038648_993a453f9e.jpg,5.636284045e-08
1579198375_84b18e003a.jpg,9.181137629e-08
2844747252_64567cf14a.jpg,2.348831942e-07
2838619742_eed855d8a8.jpg,1.080875776e-07
3741462565_cc35966b7a.jpg,1.082064874e-07
3350671534_2a5d45a961.jpg,1.190463203e-07
3584561689_b6eb24dd70.jpg,8.756906409e-08
2654514044_a70a6e2c21.jpg,1.079394655e-07
2526041608_a9775ab8d7.jpg,7.5848584e-08
3677514746_26f5588150.jpg,6.725656613e-08
3122606953_a979dd3d33.jpg,1.544552933e-07
2839890871_4b7c7dbd96.jpg,6.594362541e-08
107582366_d86f2d3347.jpg,8.773230514e-08
2977379863_2e8d7a104e.jpg,7.748403858e-08
170100272_d820db2199.jpg,4.966845094e-08
3165123595_8db9f918bf.jpg,8.122827995e-08
1937262236_cbf5bfa101.jpg,1.174274827e-07
3429351964_531de1bf16.jpg,5.732947224e-08
3103340819_46de7954a9.jpg,9.784559469e-08
3612484827_0e479f9ee8.jpg,9.178102502e-08
2435685480_a79d42e564.jpg,9.949997123e-08
862156271_3eacea90a8.jpg,8.690480202e-08
3229442620_fd47d01b59.jpg,2.960552402e-07
3511062827_cd87871c67.jpg,1.773878959e-07
2807177340_bc85291df5.jpg,8.099376916e-08
3477681171_b1bb8b211d.jpg,1.080816381e-07
2724485630_7d2452df00.jpg,7.881252364e-08
2597873827_a5cb3e57ba.jpg,1.431603971e-07
3564907603_14ccc655f1.jpg,9.861353186e-08
3517023411_a8fbd15230.jpg,5.205823935e-08
2833431496_09d999db4d.jpg,9.130810513e-08
3109688427_d2e702456c.jpg,9.952183541e-08
3099923914_fd450f6d51.jpg,8.85244156e-08
93922153_8d831f7f01.jpg,1.295266143e-07
2577972703_a22c5f2a87.jpg,1.029834874e-07
2505360288_c972bd29c4.jpg,7.330868512e-08
2085078076_b9db242d21.jpg,1.168467468e-07
3254817653_632e840423.jpg,6.29583443e-08
2607099736_8681f601d9.jpg,9.274531029e-08
3017220118_6a9212dfdb.jpg,1.168436895e-07
3537920947_6c5a956f47.jpg,8.802763436e-08
1463732807_0cdf4f22c7.jpg,7.299562241e-08
2913207978_9e9624e249.jpg,1.376739735e-07
2596474836_79468f23a0.jpg,7.314584e-08
3329254388_27017bab30.jpg,1.179657141e-07
3498240367_cbd8c6efbf.jpg,7.712150263e-08
3630102841_b4c3e00b2c.jpg,1.312977515e-07
3349968447_b5d4a477b2.jpg,1.901796704e-07
2266061169_dfbf8f0595.jpg,1.026554226e-07
2363419943_717e6b119d.jpg,7.461027593e-08
241346352_c5a0ea43c6.jpg,8.633836661e-08
2890113532_ab2003d74e.jpg,1.041071792e-07
3450776690_38605c667d.jpg,1.540352785e-07
3515358125_9e1d796244.jpg,1.126391472e-07
1299459550_1fd5594fa2.jpg,1.094388226e-07
268365231_a0acecdc45.jpg,4.964568605e-08
481887827_f8975dabf1.jpg,1.070276015e-07
537559285_29be110134.jpg,1.15759886e-07
190965502_0b9ed331d9.jpg,6.548204221e-08
3642220260_3aa8a52670.jpg,8.342877816e-08
1786425974_c7c5ad6aa1.jpg,1.103881309e-07
448257345_ce149c2ea6.jpg,1.042200943e-07
3681575323_433d007650.jpg,1.117703781e-07
1417882092_c94c251eb3.jpg,7.466227209e-08
487071033_27e460a1b9.jpg,5.826907071e-08
2555622234_3e531e4014.jpg,1.280069372e-07
130211457_be3f6b335d.jpg,6.22096101e-08
278105206_df987b0ca0.jpg,1.424362107e-07
2745441424_5659f6acc8.jpg,1.133324461e-07
3501313414_ae865b6fdf.jpg,8.878115399e-08
3557316485_574a5f7a89.jpg,1.286034347e-07
246041128_bedb09ed74.jpg,1.082489791e-07
3618908551_7fd2de5710.jpg,9.511116942e-08
2647049174_0fb47cee2e.jpg,1.860615727e-07
2056930414_d2b0f1395a.jpg,7.956551898e-08
2354540393_a149722680.jpg,1.089815233e-07
211277478_7d43aaee09.jpg,7.134722469e-08
539801139_7258ee437f.jpg,9.479695766e-08
2292406847_f366350600.jpg,1.116461538e-07
210625425_fb1ef5d23b.jpg,8.792025532e-08
1576185717_f841ddc3da.jpg,1.183351221e-07
3431121650_056db85987.jpg,5.205121874e-08
1809796012_a2dac6c26b.jpg,1.02016076e-07
229978782_3c690f5a0e.jpg,1.188605505e-07
2911919938_6bb6587a36.jpg,1.386313871e-07
2076906555_c20dc082db.jpg,1.047294314e-07
3231751379_10ebf7150c.jpg,8.452392116e-08
2858903676_6278f07ee3.jpg,7.181286648e-08
3613323772_d15cef66d1.jpg,7.492320436e-08
2144050118_3e7d2e05b1.jpg,8.804778601e-08
2701895972_8605c4e038.jpg,6.704639368e-08
3208987435_780ae35ef0.jpg,1.228753421e-07
1235685934_be89b231fb.jpg,8.851747697e-08
2384728877_48c85d58af.jpg,7.891157698e-08
1418019748_51c7d59c11.jpg,1.074738745e-07
3143159297_6f2f663ea6.jpg,8.787503802e-08
321229104_3cbaf0f51c.jpg,1.553978649e-07
3340575518_137ce2695f.jpg,1.30361164e-07
300274198_eefd8e057e.jpg,9.090205001e-08
2099323664_bb20457f26.jpg,1.205096304e-07
3352791995_8db4979aca.jpg,1.088403561e-07
3379839396_0cd84b55f1.jpg,9.146325509e-08
1432179046_8e3d75cf81.jpg,1.699247577e-07
3532200762_b28c39d311.jpg,1.060179815e-07
2110692070_8aaaa1ae39.jpg,1.389926546e-07
3347666612_659e6e2207.jpg,1.021222978e-07
3472270112_0a7cb7b27c.jpg,8.281548222e-08
524031846_28b11bc0e5.jpg,1.14605937e-07
3341477531_4e37450f35.jpg,7.523603086e-08
3484842724_ef1124c87a.jpg,9.28971697e-08
491405109_798222cfd0.jpg,1.311807995e-07
3667157255_4e66d11dc2.jpg,8.25925276e-08
2299859649_07ca44a222.jpg,1.419670932e-07
3121521593_18f0ec14f7.jpg,8.717779655e-08
837919879_94e3dacd83.jpg,1.284178427e-07
3484625231_5b1a1a07b8.jpg,9.089709254e-08
3030566410_393c36a6c5.jpg,7.390779412e-08
404702274_fa8b3fe378.jpg,1.073250964e-07
3030294889_78b2ccbe51.jpg,5.733218717e-08
1547883892_e29b3db42e.jpg,3.443485708e-08
1505686764_9e3bcd854a.jpg,8.365255277e-08
2842849030_89548af61c.jpg,1.430915783e-07
3120648767_812c72eabe.jpg,1.066764731e-07
480505313_2dc686e5db.jpg,8.865410626e-08
2092870249_90e3f1855b.jpg,7.945459168e-08
2856524322_1d04452a21.jpg,6.31552347e-08
3571147934_d1c8af1d6e.jpg,7.589185095e-08
3240558825_cd859d6230.jpg,8.610873236e-08
1379026456_153fd8b51b.jpg,1.003827147e-07
3489774350_a94e6c7bfc.jpg,1.028854092e-07
3564007203_df2b8010f1.jpg,8.077045624e-08
239453674_0df7767208.jpg,8.105355045e-08
3422394336_e465f60b7c.jpg,8.795485423e-08
3215081286_d55541aa6b.jpg,7.677246292e-08
255266148_7ba7df1a88.jpg,3.999538708e-08
3514297698_0512623955.jpg,1.157142691e-07
3581818450_546c89ca38.jpg,1.02739286e-07
97406261_5eea044056.jpg,1.090389219e-07
3209966887_5b744bd050.jpg,8.135062616e-08
2621415349_ef1a7e73be.jpg,1.590608275e-07
3072730593_b7322d2e05.jpg,7.934272362e-08
255741044_1102982213.jpg,5.770285331e-08
2602415701_7674eb19e4.jpg,6.838716871e-08
3424424006_98f9d1921c.jpg,6.781887775e-08
3147758035_e8a70818cb.jpg,7.392298214e-08
3655074079_7df3812bc5.jpg,8.660468335e-08
3359636318_39267812a0.jpg,4.931156344e-08
3296226598_1c892c4351.jpg,1.082337957e-07
2247192427_5e106f24a9.jpg,8.593315364e-08
2675397335_1dcdbd12f5.jpg,1.025615703e-07
3471571540_b4ab77f20d.jpg,1.046398076e-07
2162469360_ff777edc95.jpg,1.137965228e-07
3627011534_485f667b10.jpg,8.143852181e-08
2831723637_30d4456665.jpg,7.965260936e-08
3018304737_0a46fc5f1d.jpg,1.558462272e-07
3166969425_b5ace2f9c2.jpg,1.01674515e-07
3200120942_59cfbb3437.jpg,1.5750876e-07
1685990174_09c4fb7df8.jpg,1.072830274e-07
2480850054_de3433b54a.jpg,8.943645855e-08
3350786891_6d39b234e9.jpg,8.512896112e-08
3724759125_2dc0e1f4a3.jpg,1.097555345e-07
2396746868_0727e06983.jpg,7.712969729e-08
3671851846_60c25269df.jpg,1.267782446e-07
1348947380_14f0fc1237.jpg,9.655316518e-08
1253275679_e955fb7304.jpg,1.022497067e-07
3347500603_13670ee6bf.jpg,8.551302471e-08
1410193619_13fff6c875.jpg,8.381615743e-08
3174196837_800689a2f3.jpg,8.810160797e-08
1067790824_f3cc97239b.jpg,1.313418044e-07
1468389504_c724bdcad0.jpg,6.995882083e-08
3309042087_ee96d94b8a.jpg,1.014919599e-07
421316045_ae7a1eb4bc.jpg,1.349600173e-07
483136916_16976f4902.jpg,1.172701349e-07
3549464203_8ab9c6160b.jpg,6.172412368e-08
3739833689_a0038545bd.jpg,1.134253937e-07
3640443200_b8066f37f6.jpg,9.024417654e-08
3339558806_b4afdc8394.jpg,6.924279629e-08
3270273940_61ef506f05.jpg,8.310323005e-08
427557693_1108566fd2.jpg,1.030623172e-07
2883950737_3b67d24af4.jpg,8.919431906e-08
3222842866_cb85243ce4.jpg,1.136654275e-07
2518219912_f47214aa16.jpg,1.042315379e-07
2805101709_1c8916f63a.jpg,7.754923431e-08
143688895_e837c3bc76.jpg,7.210042729e-08
241345844_69e1c22464.jpg,9.137915829e-08
223299137_b0e81ac145.jpg,1.514901775e-07
3237760601_5334f3f3b5.jpg,1.591256084e-07
3092756650_557c5f2d03.jpg,1.10310433e-07
1287073593_f3d2a62455.jpg,1.4102275e-07
3440160917_4524cfd9f6.jpg,7.689710555e-08
442918418_0f29c97fa9.jpg,7.43156159e-08
2874728371_ccd6db87f3.jpg,1.063747983e-07
2603033456_3584d95116.jpg,1.291917422e-07
3468023754_8a07d4c56e.jpg,7.24837392e-08
3427614912_b147d083b2.jpg,6.997321033e-08
3465473743_7da0c5d973.jpg,9.277527852e-08
3247423890_163f00a2cb.jpg,1.111616886e-07
2978409165_acc4f29a40.jpg,9.248984193e-08
2271955077_0020b4ee0d.jpg,1.28577305e-07
261490838_2f3ac98b12.jpg,1.352669988e-07
336551615_a01418bc53.jpg,1.021559828e-07
2804374083_311f98f5f2.jpg,8.43398828e-08
328916930_e4d4be1730.jpg,9.23522289e-08
1197800988_7fb0ca4888.jpg,8.197104694e-08
294353408_d459bdaa68.jpg,9.381931102e-08
310213587_778fe8fb5b.jpg,9.34975097e-08
3524519277_bd0c3e7382.jpg,8.119844193e-08
2102581664_5ea50f85c6.jpg,1.175919466e-07
2813784259_d201044d71.jpg,1.159724708e-07
3080891382_edf83dde18.jpg,7.164810691e-08
1290894194_8a4ffdc7eb.jpg,1.002234677e-07
3361990489_92244a58ef.jpg,6.071345088e-08
377872672_d499aae449.jpg,8.011669803e-08
2097420505_439f63c863.jpg,1.170223445e-07
3309578722_1765d7d1af.jpg,8.466096561e-08
3271178748_630d269811.jpg,7.116064191e-08
3436259762_43709321ff.jpg,5.722727209e-08
3452411712_5b42d2a1b5.jpg,8.383426778e-08
3526431764_056d2c61dc.jpg,9.202553137e-08
247618600_239eeac405.jpg,1.150676258e-07
495033548_bd320405d8.jpg,7.655572369e-08
1516714577_7d1c35a8d8.jpg,1.071305421e-07
358875403_f357f03713.jpg,1.321570301e-07
3602676311_824b2c04ba.jpg,9.940147021e-08
119534510_d52b3781a3.jpg,1.158421759e-07
2381613738_d8d2012e3c.jpg,6.375167774e-08
3339319023_5dcc3ef81a.jpg,5.470125314e-08
2417623030_afdc1024b5.jpg,7.336074177e-08
3108732084_565b423162.jpg,6.622349245e-08
3522025527_c10e6ebd26.jpg,1.153410726e-07
3342271377_446ffc34c0.jpg,4.234015098e-08
2656688132_d93be870e0.jpg,6.164388839e-08
476740978_45b65ebe0c.jpg,6.77794364e-08
693450725_8ad72389e6.jpg,1.157225169e-07
242324909_06d5a6c44b.jpg,1.036546867e-07
3159092624_66af4e207e.jpg,1.174785474e-07
3622929632_26fb800000.jpg,7.908414292e-08
2629295654_59ea1472a1.jpg,1.513394792e-07
518610439_b64ab21c02.jpg,1.342847536e-07
127490019_7c5c08cb11.jpg,7.467281913e-08
371522748_dc557bcd6c.jpg,8.620131263e-08
2590207488_ddd89037ba.jpg,1.497761663e-07
209605542_ca9cc52e7b.jpg,9.245877021e-08
3691592651_6e4e7f1da9.jpg,9.9589887e-08
3710674892_857b8056f7.jpg,1.546199134e-07
3545779287_8f52e06909.jpg,8.371215301e-08
2696060728_3043cfc38c.jpg,1.066565676e-07
166321294_4a5e68535f.jpg,8.436915011e-08
3047144646_2252ff8e04.jpg,1.01151849e-07
3448490813_f9623e864d.jpg,8.116767581e-08
3425573919_409d9e15b2.jpg,5.967119222e-08
2860041212_797afd6ccf.jpg,1.528972489e-07
241346580_b3c035d65c.jpg,9.626886142e-08
3562903245_85071bb5f9.jpg,4.580002678e-08
3314900697_c5c5ae9af6.jpg,7.497542e-08
467960888_6943257534.jpg,1.598832173e-07
3525453732_f74a38f111.jpg,7.444872606e-08
911527312_f81ee36b97.jpg,9.765739545e-08
3211581957_df2f7e2236.jpg,9.583858514e-08
3532205154_5674b628ea.jpg,1.930840901e-07
3639704469_fe83e1c9b7.jpg,8.565760992e-08
3342855466_44038a8aa3.jpg,8.657329605e-08
3014546644_d53db746ec.jpg,9.875819431e-08
121971540_0a986ee176.jpg,9.03230749e-08
2518094853_dfce24ce8c.jpg,1.124898277e-07
1874617189_e85d3f4326.jpg,1.215229205e-07
3453544202_3855ab34b6.jpg,8.078887971e-08
3109136206_f7d201b368.jpg,7.49577061e-08
2300229745_af7a20c959.jpg,9.135062795e-08
3638178504_be1ff246bd.jpg,7.016632798e-08
3586239953_da4fb3f775.jpg,1.071683992e-07
533713001_2d36e93509.jpg,6.081247823e-08
49553964_cee950f3ba.jpg,1.474880575e-07
2053006423_6adf69ca67.jpg,9.276344597e-08
3549997413_01388dece0.jpg,1.228010846e-07
3286822339_5535af6b93.jpg,8.3652582e-08
621000329_84f48948eb.jpg,7.893857597e-08
3534824784_7133119316.jpg,1.033480172e-07
374103776_0de490c1b0.jpg,8.453167794e-08
2384626662_67cdd87694.jpg,1.12073974e-07
3457045393_2bbbb4e941.jpg,8.134659388e-08
3139160252_75109e9e05.jpg,1.070818781e-07
128912885_8350d277a4.jpg,7.480936242e-08
3547499166_67fb4af4ea.jpg,1.044884521e-07
2090387793_274ab4cf7d.jpg,1.065367867e-07
1262454669_f1caafec2d.jpg,9.289915466e-08
3558438174_d8f41438a4.jpg,7.136671587e-08
2445783904_e6c38a3a3d.jpg,1.131199046e-07
2597958208_e03aa149c9.jpg,9.084419919e-08
241347214_5f19e7998c.jpg,6.920339164e-08
3212085754_35fdc9ccaa.jpg,7.25200777e-08
357725852_6f55cb9abc.jpg,8.90368557e-08
516761840_842dabc908.jpg,8.618176686e-08
3620343911_64a862904e.jpg,1.243257607e-07
3592992234_6d3fe58a70.jpg,1.102034932e-07
3015863181_92ff43f4d8.jpg,7.096840127e-08
2229177914_3308fe7d20.jpg,9.551643599e-08
3202255152_08973fa3d7.jpg,9.925410438e-08
3630991662_990f397f7c.jpg,1.100514051e-07
2963573792_dd51b5fbfb.jpg,7.354116147e-08
2839807428_efe42423f2.jpg,7.098418099e-08
397982550_cf9f5cdb74.jpg,9.399364284e-08
2140182410_8e2a06fbda.jpg,1.01592599e-07
2887171449_f54a2b9f39.jpg,6.798225386e-08
3244171699_ace4b5d999.jpg,7.165872396e-08
2522230304_1581d52961.jpg,1.195928027e-07
2535746605_8124bf4e4f.jpg,2.134688969e-07
3710520638_866d542a80.jpg,1.034937603e-07
2579899436_5086a33c7a.jpg,9.932112415e-08
3717845800_ab45e255b8.jpg,1.090148543e-07
3107059919_0594269f72.jpg,1.048301608e-07
3402638444_dab914a3de.jpg,7.11710061e-08
3409326324_a704565e8f.jpg,1.476089073e-07
1296770308_3db2022f5a.jpg,6.033526889e-08
2550109269_bc4262bd27.jpg,1.700665465e-07
3352871762_c9e88592d3.jpg,9.620312098e-08
424307754_1e2f44d265.jpg,1.570030387e-07
3103185190_eb8729c166.jpg,1.046893478e-07
1805990081_da9cefe3a5.jpg,1.060211005e-07
3720210639_18bb34e475.jpg,8.651895046e-08
2589241160_3832440850.jpg,8.553148297e-08
1057251835_6ded4ada9c.jpg,7.779713169e-08
3503624011_733d745d5a.jpg,1.033351529e-07
3514278386_de2343577e.jpg,9.210905933e-08
3636491114_ab34dac833.jpg,6.229506351e-08
1446053356_a924b4893f.jpg,8.942417351e-08
469617651_278e586e46.jpg,7.726695637e-08
2533010184_ef2fd71297.jpg,9.277215267e-08
191592626_477ef5e026.jpg,1.054796053e-07
3618525295_d32d634b2e.jpg,6.819232165e-08
583174725_6b522b621f.jpg,1.26912847e-07
278559394_b23af734b9.jpg,8.126448171e-08
2176364472_31fcd37531.jpg,1.099305364e-07
697582336_601462e052.jpg,1.633482393e-07
2659183350_730951f740.jpg,8.702390263e-08
398413603_166896900f.jpg,1.106561113e-07
2423894412_d952d5d103.jpg,9.533139049e-08
279230262_e541f9b670.jpg,9.966929577e-08
2572101672_4d699c8713.jpg,7.731501807e-08
3107592525_0bcd00777e.jpg,1.052584486e-07
2602279427_191773c9e2.jpg,1.014938733e-07
2137789511_69a6c6afa8.jpg,1.260127875e-07
2553619107_d382a820f9.jpg,9.890612703e-08
257588281_39e1c9d929.jpg,8.864253892e-08
511282305_dbab4bf4be.jpg,5.565661505e-08
3264678536_46601d25f0.jpg,1.486144842e-07
2894229082_ddc395f138.jpg,1.227685888e-07
536495604_b22bbc905a.jpg,9.878596769e-08
2599903773_0f724d8f63.jpg,6.408538104e-08
3036971334_78187a9570.jpg,8.954966295e-08
1394599090_fe0ba238f0.jpg,1.110839797e-07
460781612_6815c74d37.jpg,1.045542092e-07
864290968_eccb46d5ab.jpg,5.773438569e-08
294549892_babb130543.jpg,9.892191996e-08
2158267555_db1d94e468.jpg,1.097699704e-07
3672105509_53b13b2ed4.jpg,1.24646923e-07
2472980433_210ec62874.jpg,6.629017268e-08
1417637704_572b4d6557.jpg,9.431897609e-08
3594566537_55bd712fdb.jpg,1.147725594e-07
2344875609_8e172d682b.jpg,1.367718491e-07
3368671163_0171259581.jpg,1.210040991e-07
3589895574_ee08207d26.jpg,8.453801743e-08
961189263_0990f3bcb5.jpg,1.078966722e-07
2881087519_ca0aa79b2b.jpg,9.083669587e-08
2796801478_8ebd7e550b.jpg,6.994543456e-08
97577988_65e2eae14a.jpg,1.127776201e-07
3341489212_a879e1544a.jpg,7.240820929e-08
1456630952_dd4778a48f.jpg,1.200818345e-07
2173677067_9d0732bcc2.jpg,7.712243208e-08
3019857541_3de3e24f54.jpg,6.307286938e-08
414773731_c3f5bf43d5.jpg,9.311169142e-08
2924884815_63826aa60d.jpg,7.502185098e-08
2214847438_4993210d4c.jpg,1.090060153e-07
2629027962_9cc3b46527.jpg,1.965625955e-07
3717309680_e5105afa6d.jpg,9.108852564e-08
3488837187_0c7264a16c.jpg,2.080640309e-07
1689658980_0074d81d28.jpg,1.193797594e-07
2848895544_6d06210e9d.jpg,7.890531045e-08
3591458156_f1a9a33918.jpg,8.2547506e-08
2587696611_db0378710f.jpg,1.367139391e-07
3676432043_0ca418b861.jpg,1.53946477e-07
3672106148_56cfb5fc8d.jpg,1.069521952e-07
3282121432_648dac8a29.jpg,1.204325626e-07
2426781076_e3f4d2685c.jpg,1.351413535e-07
2916009941_34a0013803.jpg,8.937583236e-08
2923891109_ea0cc932ed.jpg,8.393458398e-08
1287920676_d21a0b289b.jpg,1.178752944e-07
56494233_1824005879.jpg,9.168904134e-08
2853407781_c9fea8eef4.jpg,1.235446553e-07
3610836023_3a972b10b0.jpg,8.588922569e-08
2225864432_48a24f49a4.jpg,7.192192081e-08
1408958345_68eea9a4e4.jpg,1.278350273e-07
3212465975_b657f40eed.jpg,7.301485204e-08
2258951972_92763fddab.jpg,1.403104695e-07
2755362721_368cbde668.jpg,1.06104476e-07
2741051940_89fb6b2cee.jpg,1.33699034e-07
2950393735_9969c4ec59.jpg,1.148654548e-07
2463067409_78188c584c.jpg,7.590431384e-08
224369028_b1ac40d1fa.jpg,8.002460602e-08
396179143_e1511336e1.jpg,1.370628097e-07
2756636539_cc1eacbf4a.jpg,9.8838165e-08
2325816912_b3bb41cdbb.jpg,9.431594466e-08
2914331767_8574e7703d.jpg,1.112163579e-07
1510669311_75330b4781.jpg,7.963926482e-08
323657582_b6b6d8f7bd.jpg,2.026311561e-07
2877511986_c965ced502.jpg,1.366349511e-07
3679405397_bb130ea3c2.jpg,8.769176133e-08
335588286_f67ed8c9f9.jpg,1.065595665e-07
1174525839_7c1e6cfa86.jpg,1.435607319e-07
3587077732_0933f1677b.jpg,1.1155985e-07
3646820231_2abc736840.jpg,1.676982816e-07
2504277798_936a09c74d.jpg,1.23920771e-07
3364160101_c5e6c52b25.jpg,7.887869636e-08
848180689_d67a1361ce.jpg,8.296329524e-08
3095225232_2e6e6dc92e.jpg,1.222373001e-07
2303951441_3c8080907a.jpg,1.142557603e-07
2559114800_17310f3015.jpg,8.265420865e-08
3331190056_09f4ca9fd2.jpg,9.608094368e-08
268704620_8a8cef4cb3.jpg,1.039410336e-07
3249597269_935e0a375a.jpg,1.814389285e-07
3301859683_2d5e4b40a3.jpg,1.56201735e-07
3393343330_b13df4d8ec.jpg,7.037576314e-08
1433088025_bce2cb69f8.jpg,1.149629573e-07
2533424347_cf2f84872b.jpg,8.963159482e-08
2367816288_7c2d11d3c5.jpg,1.189351655e-07
3312779887_7682db7827.jpg,6.77618142e-08
3167365436_c379bda282.jpg,1.135550935e-07
3431101934_99a6c55914.jpg,6.574189031e-08
1517721825_10176d0683.jpg,1.150792274e-07
3662909101_21b9e59a3e.jpg,1.175695199e-07
3251088971_f4471048e3.jpg,6.48057889e-08
2066048248_f53f5ef5e2.jpg,8.238034068e-08
3329793486_afc16663cc.jpg,8.182480216e-08
1884727806_d84f209868.jpg,9.636622222e-08
2837127816_24441e5f7c.jpg,9.578170157e-08
2928835996_88b9f9503d.jpg,6.628722759e-08
2423138514_950f79e432.jpg,1.08508911e-07
3457784061_8f77f43a9c.jpg,8.167808073e-08
2249141510_f534708374.jpg,6.105736815e-08
3074265400_bf9e10621e.jpg,8.383190591e-08
3695949492_27ca3892fd.jpg,1.559307336e-07
3221036999_3f7b152d8a.jpg,1.112553809e-07
308014594_f1d5e75507.jpg,8.775707102e-08
3172384527_b107385a20.jpg,7.786755666e-08
3446191973_1db572ed8a.jpg,7.144466961e-08
3600909823_ce72c26e66.jpg,7.533875092e-08
2985679744_75a7102aab.jpg,6.909812118e-08
2469498117_b4543e1460.jpg,7.965408771e-08
2073756099_7e02c0110c.jpg,1.570188848e-07
3429641260_2f035c1813.jpg,7.00778924e-08
2100909581_b7dde5b704.jpg,9.090577744e-08
542317719_ed4dd95dc2.jpg,1.099556039e-07
446138054_d40c66d5f0.jpg,9.272701866e-08
2694178830_116be6a6a9.jpg,1.054060688e-07
1489286545_8df476fa26.jpg,9.425192708e-08
2377460540_8cfb62463a.jpg,1.043136557e-07
2559503010_84f20b3bc9.jpg,7.579486735e-08
2409312675_7755a7b816.jpg,6.064620432e-08
2467821766_0510c9a2d1.jpg,7.721856131e-08
242559369_9ae90ed0b4.jpg,1.543033422e-07
1420060118_aed262d606.jpg,6.352476097e-08
3276895962_c053263d01.jpg,1.419329269e-07
2718027742_70a72f99ae.jpg,1.28552394e-07
2203615439_3c7cdc39dc.jpg,8.615768328e-08
3301822808_f2ccff86f4.jpg,5.582622705e-08
61209225_8512e1dad5.jpg,9.340353341e-08
3247693965_845b3b4349.jpg,1.2002334e-07
3606093421_eddd46c2c7.jpg,1.816863779e-07
2208631481_3e4a5675e1.jpg,2.113692131e-07
3587941206_36769c3f1d.jpg,6.443885753e-08
96420612_feb18fc6c6.jpg,1.445334276e-07
2730994020_64ac1d18be.jpg,9.351540968e-08
1388970365_162edcceb4.jpg,1.000746132e-07
3331797838_b3e33dbe17.jpg,1.365668461e-07
1057089366_ca83da0877.jpg,9.088371067e-08
3046429283_08de594901.jpg,1.833596543e-07
523985664_c866af4850.jpg,9.418432446e-08
3561314880_ea9a7e245f.jpg,8.675432288e-08
3613175012_bcd063e7c9.jpg,7.751393539e-08
2892992529_f3335d0a71.jpg,7.208444585e-08
1301140633_046e4e8010.jpg,1.101006461e-07
2834752476_3177e617f1.jpg,1.38625807e-07
1189977786_4f5aaed773.jpg,7.16975328e-08
3640020134_367941f5ec.jpg,2.077677367e-07
1798209205_77dbf525b0.jpg,9.068431694e-08
3462454965_a481809cea.jpg,1.143273615e-07
3441145615_b4fcd9eea0.jpg,1.225367112e-07
3640104986_5d8c9a9948.jpg,7.730511546e-08
2766148353_70b2e8070f.jpg,7.718290417e-08
3707738261_777075e885.jpg,1.073502891e-07
500308355_f0c19067c0.jpg,1.251830498e-07
421730441_6b2267fd31.jpg,9.066616596e-08
2519483556_2b1632a18c.jpg,9.857573689e-08
2421446839_fe7d46c177.jpg,8.81870078e-08
2364774105_fbaf0c191f.jpg,8.187903956e-08
2432038587_5e4148e277.jpg,9.348390931e-08
3170110692_d1e0e66cee.jpg,7.801060635e-08
3330675488_8692476a4a.jpg,7.591510628e-08
2148013097_6a4f495bc5.jpg,8.066407048e-08
3558796959_fc4450be56.jpg,8.229808903e-08
2975118353_5af5a5df54.jpg,1.738816713e-07
532131603_c82d454c8a.jpg,1.247112321e-07
235074044_c1358888ed.jpg,6.861519375e-08
3430779304_43a2146f4b.jpg,1.828816824e-07
1308472581_9961782889.jpg,8.17913198e-08
136886677_6026c622eb.jpg,7.077863154e-08
2826574228_c63009e473.jpg,8.81783918e-08
2238759450_6475641bdb.jpg,9.013308793e-08
2475300106_b8563111ba.jpg,1.102054491e-07
1579798212_d30844b4c5.jpg,1.729000745e-07
3085667865_fa001816be.jpg,1.563327869e-07
494921598_af73bda568.jpg,7.947973826e-08
3516521516_9950340b96.jpg,8.194440592e-08
2698119128_62b4741043.jpg,1.439992932e-07
2258662398_2797d0eca8.jpg,1.149155446e-07
3497106366_d1a256e723.jpg,1.002295172e-07
2355093195_87fb7f82cb.jpg,1.217594857e-07
2582390123_71120edb0c.jpg,1.009801033e-07
940973925_a2e6d7951c.jpg,9.497648744e-08
561179890_af8e31cb2e.jpg,7.597332316e-08
1303335399_b3facd47ab.jpg,8.252063412e-08
2831578193_3c997ae330.jpg,1.168891644e-07
2479180530_7ebba2d8bf.jpg,1.472945423e-07
3113322995_13781860f2.jpg,9.21901367e-08
1394620454_bf708cc501.jpg,1.209784281e-07
635444010_bd81c89ab7.jpg,8.799121828e-08
3543294190_0037c59607.jpg,8.342102018e-08
531261613_f1a045cd75.jpg,1.036345481e-07
3186527735_6e9fe2cf88.jpg,5.97287198e-08
3127614086_9f1d3cf73d.jpg,5.211546581e-08
3432495898_a5859f06b6.jpg,8.682617767e-08
1184967930_9e29ce380d.jpg,1.004183895e-07
3459492423_c881f12c9f.jpg,1.022271647e-07
2988244398_5da7012fce.jpg,9.064173791e-08
391324644_d23fdf06cb.jpg,7.764686568e-08
3657503733_9888ccf05e.jpg,1.018850081e-07
2511762757_bd0ab0a017.jpg,6.437972489e-08
3038941104_17ee91fc03.jpg,6.744969672e-08
534886684_a6c9f40fa1.jpg,7.628267861e-08
3647446816_bd4383c828.jpg,7.062947393e-08
2888702775_0939a6680e.jpg,8.109247993e-08
3143982558_9e2d44c155.jpg,9.883648595e-08
532914728_c5d8d56b0b.jpg,1.369205928e-07
241347356_8a515555fd.jpg,6.388611441e-08
3361411074_83f27d2a1c.jpg,1.349593651e-07
3332202255_a30c522664.jpg,1.295168915e-07
2393911878_68afe6e6c1.jpg,7.126699482e-08
2998277360_9b4c0192f1.jpg,1.098030657e-07
3571039224_b34fa2f94c.jpg,1.559164685e-07
2715337869_e4fe36db50.jpg,1.73718883e-07
3149919755_f9272b10b3.jpg,8.732918418e-08
2781296531_f6f0f6c0f5.jpg,1.185546491e-07
485054073_fef8b80b4b.jpg,1.134160153e-07
3281580623_8c3ba0fdb2.jpg,1.131013137e-07
186890605_ddff5b694e.jpg,1.085850737e-07
3689975998_72f50b6d91.jpg,8.309098009e-08
489865145_65ea6d1c14.jpg,5.393563609e-08
238512430_30dc12b683.jpg,1.198766343e-07
3135826945_f7c741e5b7.jpg,1.358806696e-07
1079274291_9aaf896cc1.jpg,1.42787081e-07
3619630328_2d0865b6f4.jpg,9.98304114e-08
2896298341_92d718366a.jpg,1.245683584e-07
3430782104_34da558eba.jpg,1.287457546e-07
3171651115_e07b9d08f6.jpg,1.105020606e-07
3667404919_b273df57e4.jpg,7.718074797e-08
2268729848_d418451226.jpg,7.330112058e-08
2355763034_9fb61a8165.jpg,6.030326152e-08
3446586125_cafa0bfd67.jpg,1.398525528e-07
1338523142_57fce8229b.jpg,9.524307867e-08
2788652511_4f10060e07.jpg,8.364983401e-08
2574194729_1f099647ee.jpg,8.427088095e-08
2056041678_d6b5b39b26.jpg,7.769773778e-08
3582914905_f58db879ae.jpg,8.087656334e-08
2462702522_1b25654762.jpg,1.245440381e-07
2067362863_59577f9d4d.jpg,9.529850981e-08
2433175169_da939372f2.jpg,1.112253206e-07
2461616306_3ee7ac1b4b.jpg,7.233713424e-08
2410562803_56ec09f41c.jpg,7.008705123e-08
3214579977_fa9fb006a6.jpg,1.173320319e-07
1236951314_0308dc4138.jpg,5.092300057e-08
136552115_6dc3e7231c.jpg,5.778775981e-08
3650111717_346804ec2f.jpg,9.76813924e-08
2169951750_495820a215.jpg,9.363449473e-08
521658170_a837af87e9.jpg,1.142269832e-07
425518464_a18b87c563.jpg,7.240912713e-08
3231880001_193a579b97.jpg,1.215243583e-07
380515798_c2abbf46b0.jpg,8.637618147e-08
3257103624_e76f25ff9e.jpg,9.523860307e-08
161669933_3e7d8c7e2c.jpg,8.390947168e-08
3041348852_872c027c16.jpg,8.595202891e-08
3487015378_2e90a79f4b.jpg,6.101916744e-08
3150315970_8f045c41a4.jpg,8.332449235e-08
352382023_7605223d1c.jpg,1.385142321e-07
2130986011_47cb05c8c9.jpg,1.190924502e-07
1105959054_9c3a738096.jpg,1.203200706e-07
3547524138_4157f660b0.jpg,5.229274923e-08
3266406566_d64e57e65a.jpg,9.712664516e-08
565605894_8f0bed0438.jpg,7.741811218e-08
3364151356_eecd07a23e.jpg,9.618883248e-08
3258397351_1a70f1993d.jpg,9.122938373e-08
2830869109_c4e403eae6.jpg,7.35337709e-08
306315650_e064f5c677.jpg,7.701447718e-08
3111208043_dbe8e87fa1.jpg,1.525403092e-07
640053014_549d2f23d2.jpg,1.100767816e-07
69710415_5c2bfb1058.jpg,1.70117232e-07
3455757720_7aeba57056.jpg,1.098411052e-07
3294952558_96bb8c8cf3.jpg,1.75050747e-07
2683963310_20dcd5e566.jpg,1.189701146e-07
3397633339_d1ae6d9a0e.jpg,1.089173785e-07
2816259113_461f8dedb0.jpg,8.989876948e-08
3262793378_773b21ec19.jpg,4.082671016e-08
2866686547_0a67eb899d.jpg,1.110329536e-07
2404520067_87798dbaee.jpg,1.310998877e-07
2238166082_140f8b01b8.jpg,1.073395118e-07
3339916063_63b960ed46.jpg,8.889067135e-08
3657209354_cde9bbd2c5.jpg,1.852003583e-07
405534993_5158644f98.jpg,9.963165129e-08
302983277_69a4e732e4.jpg,7.814781264e-08
2893476169_f38dd32051.jpg,6.020746235e-08
1655781989_b15ab4cbff.jpg,7.86135938e-08
1343426964_cde3fb54e8.jpg,9.245076949e-08
3545427060_c16a8b7dfd.jpg,1.153600466e-07
2364096157_eb7970a69a.jpg,1.085133172e-07
197142902_f05ff198c2.jpg,7.975621057e-08
2751466788_4fab701cc3.jpg,6.350225342e-08
404890608_33f138aefa.jpg,9.06571377e-08
3106562372_e349a27764.jpg,1.08378058e-07
292780636_72e1968949.jpg,9.108412341e-08
2216695423_1362cb25f3.jpg,9.461978744e-08
654130822_4aeb1f1273.jpg,7.862674808e-08
3416013671_98b5c75046.jpg,5.542054815e-08
3443460885_46115463b4.jpg,9.222721644e-08
3506468593_7e41a6d9f1.jpg,6.305747886e-08
3249125548_700d874380.jpg,7.651951633e-08
2993388841_6746140656.jpg,1.012067093e-07
2424111022_4e332b8aee.jpg,7.243859999e-08
2962977152_9d6958fdd5.jpg,7.079218488e-08
477204750_d04d111cd4.jpg,1.394339828e-07
2502856739_490db7a657.jpg,1.516187027e-07
535529555_583d89b7f2.jpg,1.715140684e-07
242109387_e497277e07.jpg,1.145825513e-07
2531942624_c3c072064e.jpg,8.538596745e-08
1439046601_cf110a75a7.jpg,7.174933788e-08
3627676364_1dc9294ec5.jpg,1.124670956e-07
3033210806_3ffc0a231a.jpg,9.136733799e-08
542405691_0594b1ce72.jpg,1.069450961e-07
317109978_cb557802e1.jpg,7.404169138e-08
3532539748_795d16ef07.jpg,7.901246083e-08
3599442049_e448c7c9b2.jpg,9.165068605e-08
2999162229_80d17099b6.jpg,1.008761245e-07
2695962887_a1647c567b.jpg,1.168350023e-07
219301553_d2fffe9e0c.jpg,9.273611918e-08
2521983429_33218366bd.jpg,7.295839366e-08
2642474867_4e6346f809.jpg,8.868774716e-08
3533660418_f3a73a257c.jpg,1.312713187e-07
2366643786_9c9a830db8.jpg,9.379217423e-08
3323661814_1e8e1ae88c.jpg,9.252201842e-08
3262386960_14f5d857db.jpg,8.218943005e-08
3362592729_893e26b806.jpg,1.0551716e-07
3278581900_8ce75a5332.jpg,1.067002951e-07
3708172446_4034ddc5f6.jpg,8.703797786e-08
3319177177_130a72b8ae.jpg,6.83017994e-08
2718376488_3c62f7642c.jpg,1.112122406e-07
3420338549_bd78d35243.jpg,7.774935059e-08
2924870944_90ff9eca1a.jpg,1.65155381e-07
2423292784_166ee54e0b.jpg,9.073557819e-08
2081615901_13092cac56.jpg,7.608775431e-08
2595102568_347f6d4b07.jpg,8.041730507e-08
529198549_5cd9fedf3f.jpg,1.409132537e-07
3636543173_15f56515e5.jpg,9.02894304e-08
1335617803_4fbc03dab0.jpg,9.207396965e-08
479807115_3a484fb18b.jpg,1.09945133e-07
3385593926_d3e9c21170.jpg,9.165246497e-08
375171241_0302ad8481.jpg,8.190135468e-08
2244613488_4d1f9edb33.jpg,1.357338818e-07
47870024_73a4481f7d.jpg,7.49473355e-08
3142055158_01b9e4caa4.jpg,6.722620235e-08
3641456303_c50c33337b.jpg,8.535337806e-08
2828583747_8cfb7217af.jpg,6.579640302e-08
3460458114_35037d4d4c.jpg,1.031121818e-07
493109089_468e105233.jpg,7.811026472e-08
3467941308_ae6989e29c.jpg,1.005216561e-07
2906054175_e33af79522.jpg,1.017411962e-07
3106791484_13e18c33d8.jpg,9.614770333e-08
2502782508_2c8211cd6b.jpg,7.154778894e-08
3084711346_fda0f5a3e6.jpg,1.001151811e-07
3421480658_b3518b6819.jpg,1.411771526e-07
3654338683_13b2f95a9a.jpg,1.191354421e-07
2335634931_7e9e8c2959.jpg,2.112469182e-07
3611672054_45edd3e08f.jpg,2.040637222e-07
241374292_11e3198daa.jpg,7.337647736e-08
2587017287_888c811b5a.jpg,1.015784073e-07
319847657_2c40e14113.jpg,1.526549654e-07
3479423813_517e93a43a.jpg,1.006827424e-07
3728256505_7f8db8270d.jpg,1.035821693e-07
502671104_b2114246c7.jpg,1.38776205e-07
3387542157_81bfd00072.jpg,9.332634536e-08
2839789830_89668775a4.jpg,1.115683685e-07
3249062399_0dafe5e4f5.jpg,5.773167196e-08
2441629086_52f68eb316.jpg,9.466000088e-08
2904129133_e6ae5a1ec6.jpg,7.86174522e-08
2994205788_f8b3f2e840.jpg,6.027048231e-08
2612040125_0a93889f06.jpg,1.048988709e-07
2897832422_0cbdb1421e.jpg,9.231821283e-08
3016708786_3591106cca.jpg,7.654499219e-08
2810333931_47fd8dd340.jpg,6.502633813e-08
3467219837_7d62213dec.jpg,1.244232072e-07
3319723910_af5b5f1fae.jpg,1.208701453e-07
3182570190_48214e54c7.jpg,1.025773242e-07
1521623639_4bda3407cc.jpg,9.208522064e-08
2540757246_5a849fbdcb.jpg,8.83439895e-08
2297744130_f571f3a239.jpg,1.005324982e-07
3275704430_a75828048f.jpg,1.414644166e-07
2291485126_b8d41a63f4.jpg,1.042969839e-07
481632457_7372f18275.jpg,1.000060709e-07
2217328285_b1d55c17ca.jpg,6.493233114e-08
3227148358_f152303584.jpg,9.556179982e-08
3440952969_608eb5e42b.jpg,9.589735085e-08
3006094603_c5b32d2758.jpg,8.858397986e-08
2888732432_7e907a3df1.jpg,8.262975054e-08
3532098999_4e07a0a17e.jpg,1.600643099e-07
3534046564_4f8546e364.jpg,1.45794245e-07
382090166_be2c2c63e1.jpg,1.039744056e-07
757046028_ff5999f91b.jpg,1.002753155e-07
2393410666_b8c20fff61.jpg,1.223890367e-07
3147217787_ed21cd4990.jpg,6.56069624e-08
3591457224_88281dd04f.jpg,6.952749175e-08
3313232606_4ce7e16b87.jpg,7.02896579e-08
3636796219_9916c0465a.jpg,1.225899224e-07
2878190821_6e4e03dc5f.jpg,7.07928519e-08
3082934678_58534e9d2c.jpg,1.078878785e-07
2376878930_dd3e7cc544.jpg,1.442363692e-07
3704698586_a42c25d0c1.jpg,7.47915656e-08
3401647850_685c03ffff.jpg,8.972831115e-08
3203707977_cc9448fecb.jpg,1.009625325e-07
267164457_2e8b4d30aa.jpg,9.725687213e-08
124972799_de706b6d0b.jpg,1.005285948e-07
3431671749_e8e3a449ac.jpg,8.848347056e-08
336551609_1385ab139e.jpg,7.147812257e-08
3272071680_648a99f7d2.jpg,7.019052319e-08
2711720095_0b98426d3c.jpg,8.436213499e-08
101654506_8eb26cfb60.jpg,1.105408489e-07
3467510271_0f57e52768.jpg,1.069352221e-07
3271495320_bca47795fb.jpg,6.947658393e-08
2100735137_05c6079537.jpg,9.317885446e-08
1107471216_4336c9b328.jpg,1.261147093e-07
2888408966_376c195b3f.jpg,8.136768872e-08
3087485737_cb09bc80b6.jpg,1.125540425e-07
3359587274_4a2b140b84.jpg,1.864276618e-07
2312746782_4528a5b818.jpg,1.041065475e-07
314603661_51e05e0e24.jpg,7.281905672e-08
3111897772_5211a37a02.jpg,8.92804188e-08
2068960566_21e85ae0dc.jpg,8.352453205e-08
3417788829_cfdbc34d2c.jpg,9.519759308e-08
3516312179_f520469038.jpg,8.216820481e-08
3070485870_eab1a75c6f.jpg,1.834965959e-07
3686924335_3c51e8834a.jpg,8.662264663e-08
561417861_8e25d0c0e8.jpg,7.947570045e-08
3628103548_2708abcda2.jpg,8.385371722e-08
2148695079_9ae6a9b1c7.jpg,2.054931752e-07
2656039837_f46b29af92.jpg,7.929248976e-08
1012212859_01547e3f17.jpg,1.320147052e-07
3503689049_63212220be.jpg,1.20729831e-07
3333826465_9c84c1b3c6.jpg,5.862783688e-08
3349308309_92cff519f3.jpg,7.600013938e-08
2568417021_afa68423e5.jpg,8.951269562e-08
3454355269_6185e29f95.jpg,9.704105435e-08
3013469764_30e84e9a0d.jpg,9.340520112e-08
2866974237_e3c1e267c0.jpg,1.287348506e-07
2061354254_faa5bd294b.jpg,8.486558405e-08
3535664885_c848c0faee.jpg,5.002709904e-08
2849194983_2968c72832.jpg,1.122898258e-07
380590140_25b9889772.jpg,7.226187942e-08
3433567526_00b5a70319.jpg,1.238105805e-07
508929192_670910fdd2.jpg,8.817814443e-08
405970010_8cebaa77d3.jpg,9.441046115e-08
3375534917_62350bd06b.jpg,7.339918247e-08
1770036088_08abe4f6e9.jpg,1.2867751e-07
3707077198_efd6aa808d.jpg,6.345769385e-08
3451085951_e66f7f5d5c.jpg,1.202495438e-07
3358621566_12bac2e9d2.jpg,5.971126906e-08
3436395540_63bc8f2fe0.jpg,1.315912389e-07
141140165_9002a04f19.jpg,1.140906347e-07
3106223494_52d4d2d75d.jpg,8.872184183e-08
3275537015_74e04c0f3e.jpg,8.240581256e-08
2453891449_fedb277908.jpg,2.83156452e-07
2931950813_93145c4746.jpg,1.163598928e-07
3639845565_be547c38ba.jpg,6.839853458e-08
3186073578_6e115f45f5.jpg,9.371800274e-08
485566887_57eac33bd1.jpg,1.174728657e-07
3532028205_9ddd7599f8.jpg,7.750631548e-08
3098714492_19939e3b19.jpg,1.003014578e-07
2868575889_2c030aa8ae.jpg,1.023823315e-07
102455176_5f8ead62d5.jpg,1.570306384e-07
3484365373_98d5304935.jpg,9.414676835e-08
295258727_eaf75e0887.jpg,2.059190224e-07
406901451_7eafd7568a.jpg,1.563591033e-07
236095034_c983bdfbbf.jpg,1.060252501e-07
2699426519_228719b1db.jpg,1.242439422e-07
3356494271_6103d0b556.jpg,9.914655311e-08
527288854_f26127b770.jpg,1.012880409e-07
3418504074_083f0bb68d.jpg,1.419594698e-07
3062273350_fd66106f21.jpg,9.388037524e-08
2602306033_2b3100d36b.jpg,9.803297606e-08
3337461409_e4e317853d.jpg,1.290026267e-07
3590593467_be497a6139.jpg,2.464299319e-07
41999070_838089137e.jpg,8.100770201e-08
2774705720_1cb85812dc.jpg,4.446803003e-08
2271671533_7538ccd556.jpg,1.118129354e-07
308487515_7852928f90.jpg,9.521074773e-08
3666188047_e81e1d97a7.jpg,7.276375065e-08
3382303178_69b6d1bdd2.jpg,8.077723193e-08
3033686219_452b172ab0.jpg,9.483513691e-08
3486135177_772628d034.jpg,4.885521752e-08
271637337_0700f307cf.jpg,1.100639508e-07
1795151944_d69b82f942.jpg,1.425097574e-07
3289433994_4c67aab384.jpg,8.784081331e-08
2925242998_9e0db9b4a2.jpg,1.018072164e-07
950273886_88c324e663.jpg,1.333327162e-07
3285298241_9b1ed98d19.jpg,7.225833884e-08
3157220149_cc3c8cc84d.jpg,5.246294284e-08
3609027309_af75f773d9.jpg,7.190128758e-08
299181827_8dc714101b.jpg,1.317766891e-07
3606084228_6286a52875.jpg,7.59507607e-08
862187579_9faf4a51e0.jpg,1.183818105e-07
2609847254_0ec40c1cce.jpg,6.947677867e-08
1253264731_e7c689eca5.jpg,1.49088379e-07
1400424834_1c76e700c4.jpg,8.76643035e-08
2230067846_74046b89d3.jpg,7.844977592e-08
3486324591_9f5eeb24b9.jpg,1.028143027e-07
3019986034_7453777274.jpg,6.724599915e-08
2068465241_3bcabacfd7.jpg,8.658682226e-08
2173061319_1f267765dc.jpg,1.330148123e-07
3730011219_588cdc7972.jpg,1.181632825e-07
2865376471_43c5e6b941.jpg,1.028482784e-07
3004287781_c041c09c16.jpg,6.675028522e-08
459814265_d48ba48978.jpg,1.039035275e-07
1510078253_96e9ec50e7.jpg,7.87283606e-08
384577800_fc325af410.jpg,1.346355201e-07
2124040721_bffc0a091a.jpg,1.406186244e-07
1303548017_47de590273.jpg,6.437996197e-08
2647394564_4843800cff.jpg,1.434449275e-07
3677302645_8cd3fac70d.jpg,6.685750635e-08
1716445442_9cf3528342.jpg,6.319070275e-08
3530843182_35af2c821c.jpg,1.001760117e-07
1397887419_e798697b93.jpg,1.20933699e-07
99171998_7cc800ceef.jpg,9.321382467e-08
2458006588_754c4aa09c.jpg,8.053097319e-08
3718076407_0b4588d7bc.jpg,8.447332422e-08
3567214106_6ece483f8b.jpg,1.226195831e-07
3375843443_8d9b242aa5.jpg,1.019437738e-07
532457586_bddfc5251d.jpg,8.891082756e-08
206087108_d4557d38ee.jpg,1.574587915e-07
494329594_6e751372a0.jpg,7.481558815e-08
2120469056_7a738413be.jpg,1.033923921e-07
2481003841_06086eafc2.jpg,1.019193078e-07
2456907314_49bc4591c4.jpg,9.016709245e-08
3039675864_0b7961844d.jpg,8.044737722e-08
3727740053_3baa94ffcb.jpg,6.641569201e-08
2278776373_fe499a93be.jpg,7.489039525e-08
3564738125_10400f69c0.jpg,1.365461929e-07
3630641436_8f9ac5b9b2.jpg,1.476511774e-07
3569420080_72fbe84751.jpg,7.867822686e-08
378453580_21d688748e.jpg,6.867146392e-08
2294688426_96c8614f1d.jpg,9.76248372e-08
661546153_9d30db6984.jpg,9.185725459e-08
3711030008_3872d0b03f.jpg,7.287572396e-08
3149038044_c7c94688c6.jpg,1.073500092e-07
2411824767_4eb1fae823.jpg,9.650105223e-08
637342973_89f6fac1f7.jpg,1.052232127e-07
3003011417_79b49ff384.jpg,7.538887612e-08
2968216482_ede65b20a8.jpg,1.016560992e-07
963730324_0638534227.jpg,6.578145014e-08
2273028514_d7b584f73d.jpg,1.026782131e-07
3435233065_3411f2d29d.jpg,8.956677072e-08
3356700488_183566145b.jpg,6.460428416e-08
3601508034_5a3bfc905e.jpg,9.574138184e-08
1368383637_614646cc4a.jpg,9.811051042e-08
1527297882_dededc7891.jpg,1.333097152e-07
3314180199_2121e80368.jpg,7.003650809e-08
3273403495_fcd09c453e.jpg,1.438026905e-07
121800200_bef08fae5f.jpg,9.650560995e-08
468918320_9c275b877f.jpg,8.923375719e-08
2868668723_0741222b23.jpg,9.11700067e-08
3450874870_c4dcf58fb3.jpg,8.161084494e-08
2862469183_a4334b904a.jpg,1.049410653e-07
514036362_5f2b9b7314.jpg,1.006494655e-07
2201951969_0d7520d648.jpg,1.623346816e-07
3184206563_5435f2b494.jpg,9.802854679e-08
3192069971_83c5a90b4c.jpg,9.891677812e-08
3051341320_1d0166e775.jpg,6.715933746e-08
2089539651_9e518ec7de.jpg,1.089003196e-07
2623560640_0445c9a138.jpg,9.001116433e-08
2857558098_98e9249284.jpg,9.456892306e-08
1100214449_d10861e633.jpg,7.785134705e-08
2256231539_05c27179f1.jpg,9.038099521e-08
1570723692_3a2b064d43.jpg,9.690803668e-08
2640000969_b5404a5143.jpg,1.005675838e-07
537579448_a7f92cef58.jpg,1.316565203e-07
2949880800_ca9a1bb7e6.jpg,1.043366889e-07
3106026005_473a7b1c8c.jpg,1.032836761e-07
3553374585_25b1bd6970.jpg,7.92461194e-08
942399470_6132d3e5d2.jpg,7.829589997e-08
3638440337_6d5c19a8f0.jpg,9.067420794e-08
1329832826_432538d331.jpg,7.2892357e-08
3597924257_d0da3c5fe6.jpg,1.124383313e-07
667626_18933d713e.jpg,1.028512462e-07
3550763985_800cfee7e4.jpg,1.221380228e-07
3182258223_5b9c8a8c55.jpg,7.087588854e-08
3356642567_f1d92cb81b.jpg,7.517567776e-08
3398788809_25c71ba018.jpg,9.335073771e-08
3560771491_2a18b6241e.jpg,1.282156493e-07
3006217970_90b42e6b27.jpg,1.224848644e-07
3425853460_bfcd0b41f6.jpg,7.045417666e-08
3282925526_535ff9f2b2.jpg,1.213476626e-07
460973814_5eacd1ced4.jpg,6.935550034e-08
397601572_9587a39291.jpg,1.018151274e-07
2585141045_b496a7b7c4.jpg,8.86502796e-08
2827964381_408a310809.jpg,1.011806278e-07
613030608_4355e007c7.jpg,1.126484932e-07
2665586311_9a5f4e3fbe.jpg,8.512869189e-08
2937697444_2367ff0e28.jpg,7.837303027e-08
3561639055_5ac66ae92f.jpg,5.920599679e-08
3141293960_74459f0a24.jpg,9.096515583e-08
3493844822_c315a11275.jpg,1.334472929e-07
3222702477_34d2d24f1f.jpg,6.067953445e-08
3265578645_4044a7049a.jpg,8.447516616e-08
2600386812_8790879d9a.jpg,8.983805444e-08
2974587819_742fb7c338.jpg,6.656685197e-08
1244485675_822e6efe60.jpg,9.11080377e-08
2549968784_39bfbe44f9.jpg,8.749193467e-08
2547785434_f227bd3680.jpg,1.022261258e-07
2968182121_b3b491df85.jpg,8.886196482e-08
2977246776_b14be8290d.jpg,7.763090266e-08
1160441615_fe6b3c5277.jpg,5.858749387e-08
3616808182_fb4eaec778.jpg,1.138882782e-07
2046778775_0dd7cac6ab.jpg,1.075063171e-07
226607225_44d696db6b.jpg,8.810563553e-08
2766926202_4201bf2bf9.jpg,4.553039653e-08
3661659196_6ed90f96c0.jpg,1.043159152e-07
1580172290_e19067e0dd.jpg,1.127664124e-07
1414779054_31946f9dfc.jpg,8.032524249e-08
2884301336_dc8e974431.jpg,7.60311838e-08
1956944011_c5661d3f22.jpg,6.825720618e-08
2785108434_cd4a1c949c.jpg,1.615839591e-07
2865409854_afedf98860.jpg,8.273312253e-08
2510197716_fddca0ac75.jpg,9.162475741e-08
3533775651_9d7e93dacf.jpg,6.530840417e-08
2410320522_d967f0b75c.jpg,1.443331199e-07
95151149_5ca6747df6.jpg,1.193213877e-07
2825668136_107223182c.jpg,7.074379865e-08
3517124784_4b4eb62a7a.jpg,9.264561994e-08
1917265421_aeccf1ca38.jpg,7.159366985e-08
3224560800_8fefd52510.jpg,6.718097203e-08
267162122_c3437414ec.jpg,2.531599655e-07
760138567_762d9022d4.jpg,9.128384991e-08
2937942758_712be5c610.jpg,7.76467713e-08
3240090389_97a8c5d386.jpg,1.000441234e-07
3056569684_c264c88d00.jpg,9.263554105e-08
3216901052_269ace7b3c.jpg,8.022412999e-08
396763804_3b7f1e12a8.jpg,8.694901209e-08
3435653630_3b6cca2c40.jpg,5.482551928e-08
2877088081_7ca408cb25.jpg,1.106550585e-07
3485425825_c2f3446e73.jpg,6.788543442e-08
909191414_1cf5d85821.jpg,9.508741206e-08
2245914678_1f82fc3d80.jpg,5.537134528e-08
2490365757_b869282cb3.jpg,7.287964721e-08
3534548254_7bee952a0e.jpg,1.100946849e-07
3146630574_05d9ebbed1.jpg,1.209558288e-07
1138784872_69ade3f2ab.jpg,1.112304523e-07
2092177624_13ab757e8b.jpg,1.114168506e-07
782401952_5bc5d3413a.jpg,6.509255012e-08
3132760860_3e743a935d.jpg,9.578820815e-08
2130851544_d36f4f2ea6.jpg,7.525439938e-08
2204550058_2707d92338.jpg,1.254353915e-07
2576878141_87f25a10f0.jpg,8.576891511e-08
3732728142_86364a706e.jpg,1.110704344e-07
313326614_b2adbe59e0.jpg,1.290321852e-07
3421547427_53411b6278.jpg,6.356520209e-08
3017521547_f5ef8848e3.jpg,6.40650744e-08
3213622536_31da7f6682.jpg,7.249494462e-08
2646540383_343e1ec9a4.jpg,1.011392332e-07
3057497487_57ecc60ff1.jpg,7.2179359e-08
3380643902_7e0670f80f.jpg,1.939300403e-07
2251447809_2de73afcdf.jpg,5.667786367e-08
505062117_a70b4e10ab.jpg,9.54071946e-08
2840344516_8e15fe2668.jpg,1.308820783e-07
1232148178_4f45cc3284.jpg,7.559926225e-08
1304961697_76b86b0c18.jpg,9.172283975e-08
3154641421_d1b9b8c24c.jpg,6.325089234e-08
1231229740_8dcbf80bfb.jpg,1.046060699e-07
2797511323_bf20acab45.jpg,9.097323497e-08
3256456935_664a7a5bba.jpg,4.624914392e-08
374103842_17873ce505.jpg,9.873895427e-08
3281611946_f42deed2e1.jpg,8.446361147e-08
2778290592_1910bb0431.jpg,1.083251112e-07
3338590946_f25b76cbc7.jpg,6.435993566e-08
3405011838_f81117c99f.jpg,4.046268353e-08
3048211972_db71d104c2.jpg,9.918148004e-08
494792770_2c5f767ac0.jpg,7.717670251e-08
3336682980_1082a66878.jpg,1.004920671e-07
3638992163_a085cc0c24.jpg,1.014658563e-07
3243591844_791cfa62eb.jpg,7.018726044e-08
3456862740_7550bcddc2.jpg,8.706287578e-08
3674168459_6245f4f658.jpg,5.979488037e-08
1330645772_24f831ff8f.jpg,1.4808182e-07
3632225464_612d7b4c0f.jpg,1.144865583e-07
3150659152_2ace03690b.jpg,7.627474212e-08
3631474374_e40764d153.jpg,9.429262373e-08
300594071_3450444752.jpg,1.072259714e-07
2685752892_9d5cd7f274.jpg,8.834672648e-08
2344699642_4fae2f4e07.jpg,1.393681246e-07
2091171488_c8512fec76.jpg,8.135211388e-08
3259992722_4c5e895734.jpg,9.287399576e-08
505944126_f9a6ab8944.jpg,1.032443195e-07
3119913014_688d4997d7.jpg,1.34215966e-07
1267711451_e2a754b4f8.jpg,9.015044299e-08
1836335410_de8313a64e.jpg,7.385023184e-08
3106787167_e5f2312622.jpg,1.148133269e-07
3272541970_ac0f1de274.jpg,9.873649598e-08
3497069793_2d4baf5b4b.jpg,8.825767866e-08
2267682214_e1434d853b.jpg,9.039575618e-08
2929405404_1dff5ab847.jpg,7.764041957e-08
2601612082_4b9be27426.jpg,7.148335464e-08
446514680_ff5ca15ece.jpg,8.569003179e-08
3268908792_c24529fe88.jpg,1.209816252e-07
109823395_6fb423a90f.jpg,1.331583281e-07
2787868417_810985234d.jpg,9.044016367e-08
241347204_007d83e252.jpg,5.692872984e-08
541063419_a5f3672d59.jpg,7.926469056e-08
2562483332_eb791a3ce5.jpg,5.399754308e-08
3021318991_fa28e3bca7.jpg,2.16597739e-07
2199200615_85e4c2a602.jpg,1.343517604e-07
559102835_472ff702b5.jpg,8.12467594e-08
1236964638_1808784a3c.jpg,1.295105867e-07
3241965735_8742782a70.jpg,1.141069142e-07
2426828433_ce894d1c54.jpg,1.262549599e-07
3033825101_44a4390f16.jpg,7.823846484e-08
964197865_0133acaeb4.jpg,1.171433626e-07
3000428313_8a1e65e20e.jpg,8.817056484e-08
3245504245_27931f5ec1.jpg,1.082129582e-07
710878348_323082babd.jpg,1.155092985e-07
3668518431_43abb169eb.jpg,1.013569957e-07
3346711367_5e7b29e20f.jpg,1.537400172e-07
2588625139_fdf6610218.jpg,1.204153443e-07
974924582_10bed89b8d.jpg,1.296084135e-07
134724228_30408cd77f.jpg,1.052694426e-07
466176275_f40d37851e.jpg,7.873127856e-08
2909811789_ed8f3fd972.jpg,8.717776459e-08
2332986053_864db84971.jpg,1.168419657e-07
2464259416_238ef13a2e.jpg,1.447083387e-07
3240048764_acce8af2a5.jpg,7.154339406e-08
3135504530_0f4130d8f8.jpg,7.404964067e-08
3705688385_47651205d3.jpg,8.814762688e-08
3027850131_a7772e0ba0.jpg,1.275542828e-07
2730819220_b58af1119a.jpg,1.362143162e-07
304408047_98bab3ea64.jpg,1.209318663e-07
3357708906_fb3a54dd78.jpg,1.408663289e-07
3490517179_76dbd690de.jpg,8.480851168e-08
3563461991_de05537878.jpg,1.061176553e-07
3244734844_c318c29c23.jpg,1.763109878e-07
3154293126_e52bd07524.jpg,1.236854659e-07
140526326_da07305c1c.jpg,8.932892896e-08
3608663656_9192a21eeb.jpg,1.289526893e-07
3655155990_b0e201dd3c.jpg,8.582031659e-08
861795382_5145ad433d.jpg,6.969641146e-08
3380407617_07b53cbcce.jpg,1.267859527e-07
3325129757_7a1979ac11.jpg,1.201220578e-07
2802337003_56e555cd30.jpg,7.106092183e-08
2095444126_201ff9f222.jpg,1.136748368e-07
280932151_ae14a67be5.jpg,1.486188356e-07
2800934095_b84a5009dd.jpg,6.974367144e-08
2534194182_ac53035cf4.jpg,7.232977358e-08
2579572274_826598b14a.jpg,8.258886914e-08
2826647354_650ff5eb03.jpg,7.625104143e-08
3453284877_8866189055.jpg,9.281232454e-08
3669564923_8fcb1a6eff.jpg,6.287289648e-08
2289096282_4ef120f189.jpg,6.865785132e-08
3708266246_97a033fcc7.jpg,1.165964694e-07
216172386_9ac5356dae.jpg,1.009437633e-07
3359563671_35b67898e7.jpg,1.192028939e-07
3232252882_05db7c2216.jpg,1.081157501e-07
3014773357_f66bd09290.jpg,2.58314485e-07
1980315248_82dbc34676.jpg,8.272577145e-08
3343106500_27176fc544.jpg,5.47894644e-08
3540241710_a4f49cde52.jpg,1.352940552e-07
3317333893_9d0faa8d30.jpg,8.528127331e-08
2937497894_e3664a9513.jpg,4.935855835e-08
2911658792_6a6ef07e3a.jpg,4.753522623e-08
2470486377_c3a39ccb7b.jpg,8.923478741e-08
2534502836_7a75305655.jpg,1.188981385e-07
3612825666_54f5a2bc06.jpg,9.458021788e-08
2623496164_68ffeb5067.jpg,1.257966772e-07
2228167286_7089ab236a.jpg,9.301290192e-08
3128856481_86e5df4160.jpg,1.089512379e-07
2404692474_37da774368.jpg,1.422651093e-07
472661386_723aae880b.jpg,6.830183315e-08
3495490064_8db40a83af.jpg,6.262329676e-08
2882893687_1d10d68f2b.jpg,1.039268471e-07
3677239603_95865a9073.jpg,7.958520012e-08
616177206_0e16c33f6b.jpg,1.052696108e-07
2934837034_a8ca5b1f50.jpg,1.087641814e-07
641893280_36fd6e886a.jpg,1.052287399e-07
2059842472_f4fb61ea08.jpg,1.13394267e-07
1468962616_5803b4397f.jpg,1.170040701e-07
2278766574_f71f1704a8.jpg,7.578351611e-08
3249891874_6a090ef097.jpg,5.856270319e-08
17273391_55cfc7d3d4.jpg,8.094283765e-08
3134387513_ceb75bea0a.jpg,8.898123932e-08
2208055895_37cd8e1edf.jpg,9.765077241e-08
3346614841_698f9aa486.jpg,1.021522933e-07
2346772831_b2748ba1f0.jpg,8.48455276e-08
2709359730_13bca100af.jpg,1.087338708e-07
2069279767_fb32bfb2de.jpg,1.151619847e-07
2330536645_2d36b516e1.jpg,1.369908448e-07
2751694538_fffa3d307d.jpg,7.796315501e-08
3009047603_28612247d2.jpg,1.223763246e-07
3097171315_0ba7d283b1.jpg,7.555753534e-08
2935986346_29df6cf692.jpg,8.562686008e-08
2552816307_c7c8e7f6b4.jpg,1.57361148e-07
2893374123_087f98d58a.jpg,7.783807158e-08
3511890331_6163612bb9.jpg,9.024196305e-08
1177994172_10d143cb8d.jpg,8.616173826e-08
2881468095_d4ce8c0c52.jpg,7.722254523e-08
263522013_d118d46b2d.jpg,6.088883585e-08
2300920203_f29260b1db.jpg,1.22363954e-07
2374179071_af22170d62.jpg,1.037243802e-07
1433577867_39a1510c43.jpg,1.337501983e-07
110595925_f3395c8bd6.jpg,9.588996421e-08
2081446176_f97dc76951.jpg,8.198057449e-08
2759211664_d21393b668.jpg,1.044015204e-07
509778093_21236bb64d.jpg,1.199143292e-07
1771490732_0ab5f029ac.jpg,1.252560628e-07
430173345_86388d8822.jpg,1.232280093e-07
2873648844_8efc7d78f1.jpg,1.223996299e-07
3626689571_5817f99c0e.jpg,1.083054715e-07
3163477256_073605e06e.jpg,6.066917825e-08
3198962089_e647d1b0cd.jpg,7.91581539e-08
2057160636_6e9cf3b5f0.jpg,1.767294266e-07
3624327440_bef4f33f32.jpg,1.681567225e-07
185972340_781d60ccfd.jpg,5.300044401e-08
3393446245_37dd3f3b59.jpg,5.399953152e-08
3679407035_708774de34.jpg,8.323125931e-08
2855417531_521bf47b50.jpg,7.564253403e-08
109202801_c6381eef15.jpg,8.152544888e-08
309238565_2d5d8dc8bf.jpg,6.091891918e-08
367925122_335ed279a8.jpg,9.248152399e-08
2594336381_a93772823b.jpg,4.932655557e-08
3703107969_175da4b276.jpg,1.045935146e-07
2616009069_82561da2e5.jpg,8.533611728e-08
2081141788_38fa84ce3c.jpg,7.65169281e-08
519167484_ee03e2a91e.jpg,9.253105625e-08
2768248810_06d543c080.jpg,9.054218607e-08
58368365_03ed3e5bdf.jpg,1.347274827e-07
3086507638_d8a2cd0ac3.jpg,1.384163135e-07
3239480519_22540b5016.jpg,1.08471437e-07
2167644298_100ca79f54.jpg,1.146325317e-07
2956562716_5aa3f6ef38.jpg,9.749802079e-08
2088120475_d6318364f5.jpg,1.050933178e-07
544257613_d9a1fea3f7.jpg,1.826447279e-07
2076428547_738e0a132f.jpg,6.200278279e-08
3647170476_0fd71a4c9f.jpg,7.008824258e-08
2306674172_dc07c7f847.jpg,8.77518932e-08
354999632_915ea81e53.jpg,1.280755559e-07
138705546_be7a6845dd.jpg,8.088783247e-08
3647693147_0d0434351b.jpg,1.05039098e-07
2085557551_7a88d01d4e.jpg,1.296151962e-07
2263655670_517890f5b7.jpg,1.244939251e-07
574274795_57e0834e7d.jpg,3.125769987e-07
3138433655_ea1d59e5b7.jpg,9.620246555e-08
3677860841_3aa9d8036c.jpg,7.132762641e-08
3544669026_1b5c0e6316.jpg,9.694043156e-08
3317073508_7e13565c1b.jpg,8.326521801e-08
3202360797_2084743e90.jpg,1.280381289e-07
3265527323_6431f00692.jpg,1.296365557e-07
478592803_f57cc9c461.jpg,7.889614858e-08
1332722096_1e3de8ae70.jpg,1.087706143e-07
2650620212_0586016e0d.jpg,1.070627118e-07
2973272684_4d63cbc241.jpg,8.545153996e-08
478208896_90e7187b64.jpg,9.233161625e-08
2818735880_68b3dfe1f5.jpg,1.126921943e-07
3138562460_44227a35cf.jpg,8.813532479e-08
3228793611_8f260ea500.jpg,1.44489672e-07
2390778197_4d9d03d4b9.jpg,7.323985027e-08
319847643_df7c2a1d25.jpg,1.533099986e-07
2923825744_ca125353f0.jpg,1.165969328e-07
3109780402_dbae082dc5.jpg,9.606805063e-08
1479857177_9d4a6f38fd.jpg,2.110945356e-07
3549011001_26cace3646.jpg,7.577982746e-08
493542985_c85ad29ebe.jpg,6.198564845e-08
315125146_d9a8e60061.jpg,1.084028226e-07
3372251830_baa3665928.jpg,1.129307045e-07
2766726291_b83eb5d315.jpg,8.586607429e-08
2676184321_858eff416b.jpg,9.740574466e-08
3553476195_fb3747d7c1.jpg,1.393776198e-07
2632381125_de32bdfdf6.jpg,1.187970595e-07
3561543598_3c1b572f9b.jpg,8.343200862e-08
3565021218_d2bc1aa644.jpg,1.176747801e-07
2943384009_c8cf749181.jpg,6.188290776e-08
3708244207_0d3a2b2f92.jpg,1.017448459e-07
2615811117_42b1838205.jpg,1.031548983e-07
2959941749_fa99097463.jpg,9.418678311e-08
3467282545_273a97b628.jpg,9.836748974e-08
1131932671_c8d17751b3.jpg,1.15015354e-07
269898095_d00ac7d7a4.jpg,8.353698268e-08
3528105511_12ff45dc9c.jpg,1.015962591e-07
140526327_3cb984de09.jpg,9.2946116e-08
2187720319_112d00f07d.jpg,1.097217179e-07
3652859271_908ae0ae89.jpg,8.151246678e-08
1034276567_49bb87c51c.jpg,1.32442921e-07
3573202338_f43dd22d28.jpg,1.168214962e-07
1479679558_d0a01bc62b.jpg,8.813549601e-08
3605100550_01214a1224.jpg,7.754160095e-08
233361142_d9d5f0cae9.jpg,1.015177133e-07
2965604928_435dc93bf7.jpg,1.159127554e-07
2613021139_4b0dc3d4c8.jpg,1.189501152e-07
3463922449_f6040a2931.jpg,1.260783892e-07
3057770908_3fd97f79f9.jpg,9.865566807e-08
2293149170_38fb2257ea.jpg,7.800002088e-08
854333409_38bc1da9dc.jpg,9.374193485e-08
1348957576_c4a78eb974.jpg,8.084614202e-08
262439544_e71cd26b24.jpg,4.496530993e-08
925491651_57df3a5b36.jpg,1.604412235e-07
2250555512_71670078f5.jpg,1.592441962e-07
3485816074_363cab4bff.jpg,5.984179097e-08
3245266444_2e798096e6.jpg,1.188539816e-07
2278110011_ba846e7795.jpg,8.736639063e-08
2640153227_57cf1a3d92.jpg,7.135753887e-08
3596459539_a47aa80612.jpg,8.171558231e-08
2994179598_a45c2732b5.jpg,8.951761388e-08
1332823164_c70a5d930e.jpg,1.038521263e-07
241347067_e58d05dbdc.jpg,1.00647245e-07
3042381160_ffe2b16808.jpg,9.485966654e-08
2348491126_30db0d46ef.jpg,1.029129655e-07
2944952557_8484f0da8f.jpg,6.702955358e-08
2584957647_4f9235c150.jpg,1.617474662e-07
2718495608_d8533e3ac5.jpg,1.146015036e-07
608257195_6ec6f48e37.jpg,8.491559849e-08
241345427_ece0d186c2.jpg,8.642328679e-08
3110614694_fecc23ca65.jpg,1.421320394e-07
3382679230_baef3d1eaa.jpg,7.840786746e-08
3051998298_38da5746fa.jpg,9.897096684e-08
3211199368_ca78387f72.jpg,8.671464423e-08
3274691778_94bb57bba3.jpg,8.678775929e-08
3357194782_c261bb6cbf.jpg,7.147240055e-08
2603792708_18a97bac97.jpg,1.177849237e-07
489065557_0eb08889cd.jpg,7.765879108e-08
2268601066_b018b124fd.jpg,8.449527724e-08
3163068926_d28ed3ef53.jpg,1.048629102e-07
3697675767_97796334e4.jpg,9.180035517e-08
2907073768_08fd7bdf60.jpg,6.904004329e-08
2346629210_8d6668d22d.jpg,7.336846622e-08
3060594966_030658d318.jpg,9.694227243e-08
2083434441_a93bc6306b.jpg,8.794276575e-08
2677656448_6b7e7702af.jpg,1.439044052e-07
460478198_83039f2593.jpg,9.054145758e-08
452416075_60b2bb5832.jpg,8.911359521e-08
3166578139_33500f7e8a.jpg,1.145511186e-07
3319899418_4bcf1b00d8.jpg,1.201974192e-07
368954110_821ccf005c.jpg,7.756457422e-08
843616798_5ab0ecb525.jpg,1.135609326e-07
1313693129_71d0b21c63.jpg,1.149213544e-07
2077079696_03380d218b.jpg,1.086794771e-07
2477121456_1ac5c6d3e4.jpg,1.024110735e-07
385186343_464f5fc186.jpg,1.341535592e-07
3184891327_8785194e3c.jpg,8.186349347e-08
934375844_dd149fed18.jpg,1.498302515e-07
746787916_ceb103069f.jpg,8.875674367e-08
2753531542_ace2c870b7.jpg,1.24678234e-07
3036596725_541bbe0955.jpg,1.398950311e-07
3531811969_49af4c22f0.jpg,9.271933247e-08
3537452619_3bd79f24e0.jpg,9.327641727e-08
537628742_146f2c24f8.jpg,1.59791234e-07
3584196366_a4b43d6644.jpg,1.446551216e-07
3520617304_e53d37f0af.jpg,1.161043066e-07
460195978_fc522a4979.jpg,1.225055764e-07
2723929323_70b93a74ea.jpg,1.317791811e-07
1119015538_e8e796281e.jpg,8.798717049e-08
3251460982_4578a568bb.jpg,1.152466837e-07
3384742888_85230c34d5.jpg,6.936293283e-08
2102360862_264452db8e.jpg,1.194075152e-07
433855742_c2a6fda763.jpg,8.333701874e-08
2834103050_512e5b330a.jpg,5.534963445e-08
2542037086_58c833699c.jpg,1.120908884e-07
2775744946_1ab5d500a2.jpg,1.484807812e-07
3139876823_859c7d7c23.jpg,8.74376334e-08
2477623312_58e8e8c8af.jpg,7.95054247e-08
3044359043_627488ddf0.jpg,8.155442702e-08
1984936420_3f3102132b.jpg,1.142309022e-07
3692836015_d11180727b.jpg,9.680503715e-08
2932498509_27cb0038ec.jpg,1.115849827e-07
3556598205_86c180769d.jpg,1.262399688e-07
189721896_1ffe76d89e.jpg,1.250299649e-07
3700004668_99c3e3f55b.jpg,1.110513542e-07
3690431163_1d81e19549.jpg,7.094881813e-08
3372167201_f7f909d480.jpg,6.236615591e-08
350529848_9569a3bcbc.jpg,1.415000543e-07
311267421_e204e643cf.jpg,1.277646509e-07
3081330705_7a1732e12c.jpg,9.744962748e-08
3383037991_8f07784b81.jpg,9.649816069e-08
3557148230_7fc843e5de.jpg,1.103700919e-07
358114269_96fdb5f7c3.jpg,8.831022227e-08
272988646_1588bde6a8.jpg,7.846348717e-08
1472053993_bed67a3ba7.jpg,1.321255192e-07
2422302286_385725e3cf.jpg,1.151285359e-07
2720985888_8f5920e8cf.jpg,1.149315715e-07
3215315009_47577bf8f7.jpg,8.791182775e-08
3050976633_9c25cf6fa0.jpg,9.737854551e-08
3323076458_3ce72a1dae.jpg,1.193159477e-07
3372215826_b3e6403b2e.jpg,1.81504799e-07
3547704737_57d42d5d9d.jpg,8.291501866e-08
1339596997_8ac29c1841.jpg,6.167320144e-08
3360876049_9047edeab9.jpg,7.368505025e-08
2698487246_e827404cac.jpg,6.528698178e-08
3381161854_af8b05243c.jpg,7.910054919e-08
2970183443_accd597e0a.jpg,8.39888518e-08
1433142189_cda8652603.jpg,1.575183093e-07
836828001_af98d16256.jpg,1.304980532e-07
2991771557_d98fa0a69f.jpg,8.01191418e-08
468310111_d9396abcbd.jpg,1.224921328e-07
3472485022_5d03e9852d.jpg,1.033534917e-07
327415627_6313d32a64.jpg,1.014901071e-07
3337046794_296bd2c7e0.jpg,6.131164111e-08
3710468717_c051d96a5f.jpg,8.993981873e-08
3343900764_2a4c0405f9.jpg,4.930844497e-08
2298077331_f9a1488067.jpg,1.014047839e-07
3263946591_a1558b77d3.jpg,6.970702596e-08
3251646144_d9f4ccca3f.jpg,4.013724198e-08
811663364_4b350a62ce.jpg,1.119226932e-07
397547349_1fd14b95af.jpg,6.600595997e-08
1998255400_0cd086908f.jpg,1.087359524e-07
537222436_ab406234ce.jpg,1.007814626e-07
284279868_2ca98e3dcd.jpg,7.654173556e-08
3451345621_fe470d4cf8.jpg,6.115391831e-08
3091382602_60b9b53ed1.jpg,9.459383466e-08
98377566_e4674d1ebd.jpg,6.510912475e-08
2524084967_a5e011b73d.jpg,9.070213769e-08
1402641725_5e027ecaa7.jpg,1.281306298e-07
3535879138_9281dc83d5.jpg,7.053506214e-08
536828916_b763b82949.jpg,8.584307473e-08
3560726559_4c4bed9f2d.jpg,1.06769809e-07
544576742_283b65fa0d.jpg,1.327893271e-07
436013859_793d870b6f.jpg,6.606735296e-08
1643915227_9f48068772.jpg,6.121644064e-08
506412121_67ecc7ec05.jpg,2.601447269e-07
274313927_404d0e94ab.jpg,7.147318879e-08
523249012_a0a25f487e.jpg,9.947319196e-08
1131804997_177c3c0640.jpg,7.681764378e-08
2412390588_a89cab30f4.jpg,7.978849713e-08
2074244690_82e30ff44b.jpg,8.051449096e-08
2458269558_277012780d.jpg,8.42914272e-08
2975073156_7543ed326f.jpg,1.01084848e-07
3026102616_3cf350af9e.jpg,1.044707017e-07
3687222696_85bf6f78f7.jpg,9.209648313e-08
3343311201_eeb1a39def.jpg,6.922514281e-08
2524003134_580e74328b.jpg,1.728312458e-07
3251976937_20625dc2b8.jpg,9.451222816e-08
2978394277_4572967b97.jpg,9.288588417e-08
2049646140_d0de01e3c4.jpg,6.70595834e-08
2899089320_3e7f6bbaca.jpg,9.089240057e-08
3086526292_f799d237c7.jpg,7.619978349e-08
3455419642_894d03f153.jpg,1.312746591e-07
386470686_1ae9242878.jpg,6.700200205e-08
2805822564_6dee48e506.jpg,1.775591339e-07
3231596071_f0c522a639.jpg,8.583259842e-08
2586532797_dcf22a5021.jpg,7.269615877e-08
1468429623_f001988691.jpg,1.168249757e-07
3454149297_01454a2554.jpg,1.16748079e-07
2533414541_362bf043bb.jpg,7.276543949e-08
2456615908_59cdac6605.jpg,9.990644754e-08
3276475986_66cd9cc7e4.jpg,5.633297885e-08
2665264979_df9c284bf8.jpg,7.509564602e-08
566794036_60f7acdf35.jpg,9.462809646e-08
2735290454_1bd8bc5eac.jpg,1.642274104e-07
1428681303_04213524e3.jpg,8.760348822e-08
241347580_a1e20321d3.jpg,9.453542604e-08
2933912528_52b05f84a1.jpg,7.218500408e-08
326456451_effadbbe49.jpg,1.260504294e-07
2405978603_6221b0c2e7.jpg,1.6726231e-07
3126981064_1e803c3d7f.jpg,9.663001423e-08
405331006_4e94e07698.jpg,5.953020857e-08
1522787272_5a31497ef2.jpg,1.214293166e-07
475042270_719ebe6c48.jpg,9.480418778e-08
3422146099_35ffc8680e.jpg,1.113982592e-07
330849796_c575c3108a.jpg,1.271496065e-07
449287870_f17fb825d7.jpg,6.156503328e-08
3097776588_312932e438.jpg,1.602716683e-07
2911245290_b2c79f328a.jpg,1.156576247e-07
1957371533_62bc720bac.jpg,9.899537557e-08
3671262694_29fbeb9d95.jpg,7.644331014e-08
2495394666_2ef6c37519.jpg,8.876961022e-08
2887614578_ed7ba21775.jpg,1.294145346e-07
2557972410_6925fe695c.jpg,1.020060514e-07
3126752627_dc2d6674da.jpg,4.967952879e-08
157139628_5dc483e2e4.jpg,1.490473225e-07
3690159129_93ba49ea18.jpg,8.608847116e-08
2249480913_e1695e5c28.jpg,9.7925835e-08
3652584682_5b5c43e445.jpg,1.00155905e-07
3246773992_89bf86937b.jpg,8.871500405e-08
2987576188_f82304f394.jpg,9.482882755e-08
2393264648_a280744f97.jpg,2.006814703e-07
2644920808_f5a214b744.jpg,1.376803214e-07
3062173277_bfb5ef4c45.jpg,6.181293173e-08
431410325_f4916b5460.jpg,1.125285124e-07
103205630_682ca7285b.jpg,2.966326337e-07
2337377811_8c81b40a64.jpg,8.550055096e-08
3259110412_9908c45144.jpg,5.78870664e-08
2322334640_d4d22619ff.jpg,8.643771948e-08
3466353172_deb128bbb0.jpg,1.609711645e-07
3636126441_5617c89aaa.jpg,8.963634113e-08
3406409018_03de95181e.jpg,5.897909906e-08
3226254560_2f8ac147ea.jpg,6.751704855e-08
3610189629_f46de92ab3.jpg,1.707824423e-07
2242863004_3a9f82a31f.jpg,9.432648697e-08
2554570943_122da6438f.jpg,9.073969659e-08
2333288869_8c01e4c859.jpg,1.112732559e-07
3457315666_b943111dec.jpg,1.912952097e-07
2955673642_4279b32097.jpg,1.109630012e-07
1527333441_af65636a74.jpg,8.937541256e-08
2180356743_b3a3c9a7f6.jpg,1.115137019e-07
2198964806_c57b0534d3.jpg,4.56228902e-08
3515904775_f8acc5909e.jpg,1.139641845e-07
246094557_e174a5914f.jpg,1.147388503e-07
427167162_2c99779444.jpg,9.8267567e-08
427082246_5bf1c3676f.jpg,7.72949862e-08
339658315_fbb178c252.jpg,7.391085442e-08
3411579899_0f8ed09142.jpg,1.274025771e-07
3701249979_8bc757e171.jpg,1.160383457e-07
2764178773_d63b502812.jpg,1.077699608e-07
401476986_73918145a3.jpg,1.847625376e-07
3631810528_7233c0f421.jpg,5.28228266e-08
2755952680_68a0a1fa42.jpg,8.801139536e-08
3606846822_28c40b933a.jpg,8.164494071e-08
684255145_db3f8e3e46.jpg,2.290663977e-07
3113682377_14fc7b62b0.jpg,9.836664095e-08
3334537556_a2cf4e9b9a.jpg,6.574773642e-08
464506846_1734302b58.jpg,1.038082485e-07
3156113206_53c2a7b5d8.jpg,5.68573808e-08
2218334049_e649dbdb1a.jpg,1.147175242e-07
1087539207_9f77ab3aaf.jpg,9.566419635e-08
805682444_90ed9e1ef3.jpg,5.833847786e-08
3154152744_4e93ec8a62.jpg,8.838578517e-08
3641999223_942f8198cc.jpg,5.757988282e-08
2934325103_e9b8d7430f.jpg,8.508557957e-08
3301935788_2bb7bbc515.jpg,9.585158809e-08
2929669711_b2d5a640f0.jpg,1.611074308e-07
2478929971_9eb6c074b6.jpg,5.809298239e-08
1476241331_2f43b67aed.jpg,7.411513172e-08
2480021389_dda9fb2818.jpg,1.162160244e-07
2921430836_3b4d062238.jpg,7.984668039e-08
3245939062_8ffe1d2be5.jpg,7.575029102e-08
2489602993_896c1ea40a.jpg,1.066949868e-07
3134387321_3a253224c1.jpg,1.151611239e-07
1056873310_49c665eb22.jpg,7.54534255e-08
862054277_34b5a6f401.jpg,1.232953425e-07
3621177753_1718c30ea0.jpg,1.055159828e-07
2097489021_ca1b9f5c3b.jpg,1.05996852e-07
3079786914_fe598b0e54.jpg,1.271949169e-07
3107368071_724613fc4f.jpg,8.513335282e-08
1358892595_7a37c45788.jpg,1.433701246e-07
3018467501_a03d404413.jpg,7.178079848e-08
477768471_d7cd618fdb.jpg,1.270957665e-07
3275527950_41aca690a1.jpg,1.286533111e-07
2866696346_4dcccbd3a5.jpg,1.448444007e-07
2814406547_a237ef0122.jpg,7.588668172e-08
3593556797_46b49a02a8.jpg,1.057774367e-07
3512033861_a357bb58b6.jpg,6.002893455e-08
2196284168_76417efbec.jpg,1.411944724e-07
3218480482_66af7587c8.jpg,5.351985127e-08
159712188_d530dd478c.jpg,7.577058238e-08
3348384389_73b6647017.jpg,1.173922205e-07
701816897_221bbe761a.jpg,1.032394869e-07
3119903318_d032141839.jpg,1.049059841e-07
3711664623_ef87105ea7.jpg,8.120195521e-08
3353328134_dd9ed0edab.jpg,7.416833393e-08
3014080715_f4f0dbb56e.jpg,9.778274644e-08
2731171552_4a808c7d5a.jpg,8.392441511e-08
3111502208_71e2a414f5.jpg,5.178700988e-08
1348113612_5bfc5f429e.jpg,9.516241088e-08
3306464579_1b16a0caf2.jpg,9.927478742e-08
3648988742_888a16f600.jpg,8.024595259e-08
2234702530_a265a4df22.jpg,1.290938499e-07
947969010_f1ea572e89.jpg,8.90902653e-08
305199420_89f6ddd778.jpg,8.907504032e-08
2887750774_920eb171aa.jpg,1.626379327e-07
3039209547_81cc93fbec.jpg,2.296759531e-07
405537503_f66ecc5073.jpg,9.484702078e-08
2473791980_805c819bd4.jpg,9.467279397e-08
480607352_65614ab348.jpg,7.616655609e-08
3314517351_69d70e62bd.jpg,1.150644574e-07
241345446_2e47ae8ddc.jpg,1.376265251e-07
3330935489_9cb67ca36b.jpg,6.735604681e-08
482088914_e6ea4501e9.jpg,8.655394807e-08
1449692616_60507875fb.jpg,9.173203952e-08
3386953179_84c2d7922f.jpg,8.978785937e-08
56489627_e1de43de34.jpg,9.476047679e-08
957230475_48f4285ffe.jpg,1.310522446e-07
134894450_dadea45d65.jpg,6.775870381e-08
278002947_3fd22a2cb6.jpg,6.68892412e-08
3421104520_6a71185b3c.jpg,8.318358573e-08
241346260_f50d57b517.jpg,6.868009854e-08
3371533654_73a12a35a4.jpg,6.953860885e-08
1022454428_b6b660a67b.jpg,9.632179343e-08
3652764505_87139e71f8.jpg,1.28416231e-07
2916586390_664f0139ea.jpg,8.962218545e-08
181777261_84c48b31cb.jpg,1.014387078e-07
3349451628_4249a21c8f.jpg,7.527704048e-08
3108378861_d2214d971e.jpg,9.530876134e-08
1348304997_afe60a61df.jpg,5.932151917e-08
3268407162_6274e0f74f.jpg,6.601228804e-08
503794526_603a7954d3.jpg,5.304489595e-08
2689163361_4939875be5.jpg,6.717765073e-08
956164675_9ee084364e.jpg,1.033748937e-07
2063277300_f7ff476914.jpg,9.310468688e-08
3028404926_2bd27e3e83.jpg,1.373039971e-07
393987665_91d28f0ed0.jpg,7.163268249e-08
2635905544_dbc65d0622.jpg,8.321332225e-08
3170802797_3c851bb475.jpg,1.055546117e-07
496129405_b9feeda1ab.jpg,1.36288497e-07
464527562_a18f095225.jpg,1.025510485e-07
1342766791_1e72f92455.jpg,8.896812834e-08
264928854_d9e61f3a8e.jpg,4.652159219e-08
333973142_abcd151002.jpg,8.658381651e-08
3629492654_619d7b67ee.jpg,4.418517167e-08
1921398767_771743bf4e.jpg,9.825498653e-08
242558556_12f4d1cabc.jpg,1.888573681e-07
2439813616_c9ac54cc9f.jpg,1.001885089e-07
2144049642_070cf541b4.jpg,7.058072926e-08
3375920709_ef7370fa09.jpg,1.547167518e-07
2537119659_fa01dd5de5.jpg,1.071168224e-07
3635177305_bfbe1fc348.jpg,7.469558936e-08
3361210233_962d630ec5.jpg,6.492550409e-08
3532192208_64b069d05d.jpg,1.107166104e-07
516725192_c9cdd63878.jpg,1.839574469e-07
2860372882_e0ef4131d4.jpg,8.204527425e-08
3632258003_6a0a69bf3a.jpg,7.049723742e-08
1311132744_5ffd03f831.jpg,1.785795621e-07
2754898893_95239c1f19.jpg,1.010752884e-07
1452361926_6d8c535e32.jpg,8.862219758e-08
3487419819_e3f89444ce.jpg,1.019604365e-07
2824922268_3fafb64683.jpg,1.104378331e-07
3474985382_26e1560338.jpg,1.068922601e-07
3381038951_225bb163af.jpg,1.366070662e-07
2470588201_955132a946.jpg,1.11042393e-07
2975018306_0e8da316f5.jpg,1.264197631e-07
2949762776_52ece64d28.jpg,8.041558426e-08
2482629385_f370b290d1.jpg,1.098138192e-07
2993167183_2bda95fa3d.jpg,7.75742159e-08
2328106090_b7c2725501.jpg,1.024014777e-07
1322323208_c7ecb742c6.jpg,1.400929516e-07
2578003921_e23b78e85f.jpg,6.623820487e-08
3321334180_8f764e0e0f.jpg,9.741501946e-08
3373544964_c9f1253b7d.jpg,8.93887109e-08
444881000_bba92e585c.jpg,8.826139132e-08
236518934_c62a133077.jpg,1.234473708e-07
3295418287_5d590dac43.jpg,6.841121391e-08
3138746531_f6b816c126.jpg,8.264347013e-08
2971431335_e192613db4.jpg,1.309401289e-07
3199460792_deef518c01.jpg,1.513024594e-07
1082379191_ec1e53f996.jpg,9.645363806e-08
2921670682_6a77a6c3e9.jpg,8.828583245e-08
2393971707_bce01ae754.jpg,9.033829734e-08
241345905_5826a72da1.jpg,1.056204401e-07
3467843559_a457ce37b6.jpg,8.301020435e-08
2561334141_0aacefa5e7.jpg,1.166268364e-07
3662963630_8f097e38d4.jpg,1.163134488e-07
3498417123_3eae6bbde6.jpg,5.715064568e-08
2156131463_5b53636cf0.jpg,1.287656676e-07
749840385_e004bf3b7c.jpg,1.108205855e-07
334737767_7f344eee16.jpg,1.930455598e-07
640203018_c0e7175831.jpg,8.700545923e-08
3323514651_3efdbd63ed.jpg,5.949264853e-08
1007320043_627395c3d8.jpg,7.083717946e-08
2185793891_5a5e903ca6.jpg,1.633250664e-07
2692635048_16c279ff9e.jpg,7.013728479e-08
2842439618_fb20fe2215.jpg,1.676959963e-07
2308271254_27fb466eb4.jpg,1.163981352e-07
2326879311_555ebef188.jpg,1.239103544e-07
2561341745_2d77d3ff7d.jpg,1.049466275e-07
2506892928_7e79bec613.jpg,5.92798599e-08
1164765687_7aca07bbe7.jpg,1.124277192e-07
3345025842_bc2082a509.jpg,9.607506373e-08
827941668_2e4ac6cb39.jpg,1.204230358e-07
344078103_4b23931ce5.jpg,1.02241798e-07
408748500_e8dc8c0c4f.jpg,9.745354087e-08
2085403342_a17b0654fe.jpg,5.333094539e-08
2501942587_e59b91d1da.jpg,7.683009939e-08
3025438110_40af7e6a80.jpg,8.992776372e-08
977856234_0d9caee7b2.jpg,1.767641827e-07
3118425885_f0cc035032.jpg,8.583363223e-08
3694991841_141804da1f.jpg,7.562423626e-08
3165826902_6bf9c4bdb2.jpg,9.987461004e-08
3532194771_07faf20d76.jpg,1.495948852e-07
3156406419_38fbd52007.jpg,1.764438071e-07
2797188545_aeb26c54c0.jpg,7.549572714e-08
3480052428_c034b98a08.jpg,9.15814517e-08
3207343907_995f7ac1d2.jpg,7.28431931e-08
3367053761_8ec5834bf3.jpg,9.512790552e-08
297285273_688e44c014.jpg,9.185008521e-08
3326273086_e09e845185.jpg,7.819538647e-08
2534652796_c8a23288ab.jpg,8.713069987e-08
3549140234_e99b07c739.jpg,1.017960176e-07
708945669_08e7ffb9a7.jpg,9.398091857e-08
2885382946_f541ea5722.jpg,7.79026513e-08
489773343_a8aecf7db3.jpg,1.251728743e-07
27782020_4dab210360.jpg,7.074259442e-08
2537197415_af7c30dfc8.jpg,9.837451345e-08
2608289957_044849f73e.jpg,1.056492547e-07
3284460070_6805990149.jpg,8.381945893e-08
1818403842_553a2a392c.jpg,1.28898614e-07
2437266971_b91a8f9a00.jpg,6.23673756e-08
3427118504_93126c83e0.jpg,9.320671384e-08
3195147187_a073d59fa8.jpg,1.146505878e-07
1449625950_fc9a8d02d9.jpg,8.304120066e-08
2165677531_e1d5e086f7.jpg,1.17083189e-07
781118358_19087c9ec0.jpg,9.022255291e-08
454709143_9c513f095c.jpg,5.547692667e-08
987907964_5a06a63609.jpg,1.574224298e-07
386655611_1329495f97.jpg,8.119866373e-08
859620561_de417cac1e.jpg,1.195069557e-07
944788251_a0bcd4b960.jpg,8.726118009e-08
3004359992_f6b3617706.jpg,1.171904582e-07
3295680663_af21ea648b.jpg,7.667348629e-08
2541701582_0a651c380f.jpg,6.84326708e-08
219843859_94b6d0a580.jpg,1.330930814e-07
242064301_a9d12f1754.jpg,8.388488539e-08
246901891_4c4ea49c3a.jpg,7.372796207e-08
446291803_2fd4641b99.jpg,7.191627243e-08
3178371973_60c6b8f110.jpg,7.445930814e-08
388386075_9ac3a89ada.jpg,1.086033385e-07
374124237_51f62b6937.jpg,1.067599821e-07
2971298546_dd595cf297.jpg,7.118524125e-08
3187117682_986ffd6b67.jpg,1.182984156e-07
3134092148_151154139a.jpg,1.376052609e-07
3542484764_77d8920ec9.jpg,7.40460666e-08
1107246521_d16a476380.jpg,9.949240286e-08
3490186050_4cb4193d4d.jpg,1.018225573e-07
2298661279_016d87ba2f.jpg,8.464557166e-08
3694093650_547259731e.jpg,7.829229179e-08
2615623392_ab2b9759ae.jpg,1.113887546e-07
1428578577_82864facae.jpg,1.191165523e-07
3093971101_543237971d.jpg,1.38753114e-07
3280173193_98c2d6a223.jpg,1.118008656e-07
2284894733_b710b9b106.jpg,7.091701092e-08
2947172114_b591f84163.jpg,5.577084229e-08
742073622_1206be8f7f.jpg,8.241853101e-08
3122938209_2b2c6c1fab.jpg,8.384800725e-08
2698197294_ccd9327ef6.jpg,9.902860846e-08
2934000107_d2ff15c814.jpg,1.440294078e-07
2819254573_9ecb5f4d5e.jpg,7.163479507e-08
3095137758_bdd1e613dd.jpg,7.413150219e-08
3462396164_ba9849c14b.jpg,6.097874365e-08
495014499_8fd065cfd9.jpg,7.779055147e-08
2422482455_b98d9c2120.jpg,1.1284748e-07
1240297429_c36ae0c58f.jpg,2.754659798e-07
820169182_f5e78d7d19.jpg,1.089251645e-07
2207244634_1db1a1890b.jpg,9.547565309e-08
3463034205_e541313038.jpg,8.70909852e-08
1117972841_2b9261f95f.jpg,1.309115006e-07
2908512223_7e27631ed4.jpg,7.788251227e-08
2097407245_c798e0dcaf.jpg,8.984821392e-08
3383491811_fd9d3a891d.jpg,1.717218067e-07
3549408779_4d453db080.jpg,1.442163159e-07
3215117062_6e07a86352.jpg,9.38968519e-08
3173157541_70b16b4318.jpg,9.730740481e-08
3632047678_f202609e50.jpg,9.062987335e-08
2964438493_413667c04a.jpg,9.653576969e-08
2769731772_18c44c18e2.jpg,1.260343424e-07
3351493005_6e5030f596.jpg,6.02068564e-08
3727752439_907795603b.jpg,1.030380992e-07
247778426_fd59734130.jpg,1.382259629e-07
1357753846_6185e26040.jpg,1.001923264e-07
3382105769_b1a4e4c60d.jpg,1.087116111e-07
225909073_25c3c33a29.jpg,1.192438645e-07
3533145793_5d69f72e41.jpg,5.510169917e-08
2978810122_183e60ff2d.jpg,1.277506453e-07
455856615_f6361d9253.jpg,5.741787829e-08
3286543624_7a327f79ae.jpg,1.373978808e-07
2574084102_f2be3f73cb.jpg,1.232775491e-07
3336065481_2c21e622c8.jpg,5.498194609e-08
3254662117_b2e7dede6e.jpg,9.285005867e-08
1397923690_d3bf1f799e.jpg,9.096173224e-08
3690107455_0fdb4ecee7.jpg,1.158196154e-07
3334866049_f5933344aa.jpg,1.119908725e-07
2319197581_94f807b204.jpg,1.120211174e-07
2787276494_82703f570a.jpg,8.038495782e-08
2707244524_d57120d74a.jpg,9.622063763e-08
3217910740_d1d61c08ab.jpg,1.183819682e-07
3537201804_ce07aff237.jpg,7.081657825e-08
946051430_8db7e4ce09.jpg,8.640191531e-08
561179884_8b6b925ef9.jpg,7.848449085e-08
2613993276_3c365cca12.jpg,1.667888251e-07
300765528_8c8f709dda.jpg,1.057901973e-07
2244024374_54d7e88c2b.jpg,1.409443492e-07
2527713011_b0ec25aa54.jpg,8.243323944e-08
3343197133_9256848fa9.jpg,1.219847154e-07
3668259129_e073af1533.jpg,1.164748558e-07
3510219078_670b6b3157.jpg,1.24623724e-07
3303787342_b258b377b6.jpg,1.028448941e-07
3219210794_4324df188b.jpg,8.493701536e-08
3063544435_10516c6937.jpg,8.613186876e-08
3100442775_6e2659b973.jpg,9.138184433e-08
3118505332_b0792489b5.jpg,1.256722484e-07
3595412126_4020d4643b.jpg,7.316151066e-08
3457604528_302396c08c.jpg,8.617639287e-08
3585488964_1467945775.jpg,1.149804811e-07
2277299634_e14bdb7ff7.jpg,1.020804638e-07
3259231890_16fe167b31.jpg,9.617039273e-08
2826769554_85c90864c9.jpg,1.089559615e-07
822836318_21544f0f78.jpg,1.428824468e-07
3396817186_b299ee0531.jpg,1.022140347e-07
3553225222_f5ebe44af1.jpg,8.6670614e-08
2424976964_98f58a0618.jpg,1.126646601e-07
2165461920_1a4144eb2b.jpg,9.175856768e-08
2693539377_5442430f81.jpg,5.872240921e-08
3400135828_0ac128b6eb.jpg,1.272776617e-07
2825483885_3f7c54db3e.jpg,1.401615726e-07
2880051254_e0ca96b6be.jpg,1.086480582e-07
3046431231_dc48851062.jpg,6.43914715e-08
263850317_5bb3a18a08.jpg,1.067512772e-07
3687996569_99163a41c3.jpg,8.701115431e-08
2578161080_e007c9177a.jpg,9.047706806e-08
224702242_a62aaa6dff.jpg,9.561841411e-08
2884252132_5d8e776893.jpg,9.371291023e-08
3657016761_d553e514d9.jpg,9.188449483e-08
2872963574_52ab5182cb.jpg,8.552000248e-08
2975253472_0f0c2dea70.jpg,9.398144232e-08
3597146852_3d000a5d5f.jpg,6.154282944e-08
428485639_a82635d6ee.jpg,8.428866182e-08
2210368267_0615754b48.jpg,1.423151775e-07
543264612_c53cc163b4.jpg,1.157930559e-07
3381392182_db2c42430e.jpg,6.987905477e-08
3673165148_67f217064f.jpg,1.233502703e-07
2790909995_8b7a03d9d1.jpg,1.443101075e-07
3599568766_9e96def0ef.jpg,1.148333513e-07
3478591390_b526580644.jpg,1.39225981e-07
3222749441_3bdfe088e3.jpg,7.281488562e-08
35506150_cbdb630f4f.jpg,9.757728097e-08
3287549827_04dec6fb6e.jpg,6.992532425e-08
3186556417_b2d6921a20.jpg,7.064182162e-08
3148193539_de9dd48fc8.jpg,7.499744603e-08
3494723363_eaa6bc563b.jpg,1.285299909e-07
348380010_33bb0599ef.jpg,8.640552793e-08
3559993787_c49644dcc5.jpg,9.871277304e-08
3299418821_21531b5b3c.jpg,9.232836542e-08
494907021_321e82877a.jpg,7.715340741e-08
3362189985_fbae8f860a.jpg,7.961905497e-08
1572286502_64e5c4b920.jpg,4.856206139e-08
2344412916_9a5a9b1c82.jpg,9.968419369e-08
3182558164_488b819f14.jpg,6.670713461e-08
3558251719_3af5ae2d02.jpg,8.746899826e-08
3461110860_37ef15af8e.jpg,9.448662397e-08
425088533_a460dc4617.jpg,6.601257407e-08
2208310655_a3d83080c5.jpg,1.019054379e-07
3019923691_3b3c5a4766.jpg,1.246278441e-07
251792066_b5233b3d86.jpg,7.715092699e-08
2443380641_7b38d18f5b.jpg,9.78683254e-08
210126070_0d43b300b9.jpg,8.721332683e-08
2888386138_578d21033a.jpg,1.332752947e-07
2100816230_ff866fb352.jpg,2.107000717e-07
180506881_de0f59770f.jpg,1.327837312e-07
3244470342_c08f6bb17e.jpg,9.700295185e-08
1808370027_2088394eb4.jpg,1.125459648e-07
2984174290_a915748d77.jpg,1.535098733e-07
2565618804_8d7ed87389.jpg,1.069397904e-07
207275121_ee4dfa0bf2.jpg,1.200871682e-07
3294202771_e8ee78a439.jpg,1.033179474e-07
3515451715_ac5ac04efa.jpg,5.664521508e-08
369186134_5eef374112.jpg,8.414734952e-08
3136688093_568b053bdf.jpg,1.473500416e-07
3259991972_fce3ab18b2.jpg,7.807645507e-08
3273625566_2454f1556b.jpg,8.305142369e-08
2719101587_4ba70dee14.jpg,7.426716559e-08
300222673_573fd4044b.jpg,6.987287298e-08
3682038869_585075b5ff.jpg,8.553036076e-08
525887861_4cc7a1beca.jpg,1.532921937e-07
3123770450_cedc16d162.jpg,1.174722472e-07
2899594400_61b4f6c114.jpg,8.257710827e-08
2192475933_d779bf42eb.jpg,9.951267232e-08
319870744_0e0138d205.jpg,9.686520654e-08
930748509_8ca5cf5c24.jpg,1.008673863e-07
3618115051_41b5a7706c.jpg,7.086963161e-08
267836606_bbea2267c8.jpg,1.081217007e-07
2954525375_9d5ca97341.jpg,6.299802873e-08
3241726740_6d256d61ec.jpg,1.159904682e-07
3360823754_90967276ec.jpg,9.366105147e-08
3074617663_2f2634081d.jpg,9.924014404e-08
470887791_86d5a08a38.jpg,7.299676806e-08
3261493263_381a4c5cc7.jpg,7.432266957e-08
534200447_b0f3ff02be.jpg,1.142070365e-07
488352274_9a22064cb3.jpg,1.077853914e-07
3677734351_63d60844cb.jpg,9.718456307e-08
2528489543_546c1ca81f.jpg,8.138799422e-08
3179336562_c3d0c0a3bd.jpg,5.55759483e-08
3152317129_177b4678b7.jpg,1.13003964e-07
2273799395_5072a5736d.jpg,6.675066703e-08
3260768565_2b725be090.jpg,1.072919207e-07
2558911884_856dfc3951.jpg,8.251627147e-08
3166366760_e43cf66eda.jpg,1.356103112e-07
519754987_51861fea85.jpg,8.196151443e-08
2340919359_f56787d307.jpg,1.261111628e-07
3176277818_235486a3cd.jpg,7.633101343e-08
2467856402_0490413d38.jpg,9.874838222e-08
281754914_bc8119a0ed.jpg,4.265922082e-08
3303797949_339bb969ba.jpg,9.903606123e-08
3593220756_5c416c3ceb.jpg,6.536745008e-08
3304030264_da3dd18c7b.jpg,7.227985215e-08
247619370_a01fb21dd3.jpg,9.682556498e-08
3401902253_cd27e6d0fe.jpg,1.294026844e-07
3050114829_18bc5a6d7c.jpg,3.957724544e-07
1129704496_4a61441f2c.jpg,1.249620681e-07
2266144051_614b2d62b0.jpg,6.012038532e-08
3712574653_e009f76d19.jpg,1.219524133e-07
502783522_3656f27014.jpg,8.596847309e-08
2218907190_5f43bf5e4d.jpg,6.685405665e-08
3014169370_fc4059352e.jpg,8.415646634e-08
2679851489_a58780291e.jpg,1.005471683e-07
2768021570_46bc6325e3.jpg,1.359875632e-07
3064097919_e536ab9693.jpg,8.087407839e-08
1299459562_ed0e064aee.jpg,1.057417995e-07
2593406865_ab98490c1f.jpg,1.03891669e-07
2141065212_463a6997e1.jpg,7.004891634e-08
3453019315_cfd5c10dae.jpg,6.684423543e-08
3462512074_2b4db1ffd6.jpg,1.342695929e-07
3556792157_d09d42bef7.jpg,1.048937019e-07
2643309379_2cde08516c.jpg,9.99315226e-08
2696866120_254a0345bc.jpg,6.517636356e-08
2706430695_3b5667741c.jpg,8.322000863e-08
3474406285_01f3d24b71.jpg,7.743341683e-08
2695085448_a11833df95.jpg,8.471585354e-08
2562463210_d0dfd545ca.jpg,7.084595807e-08
3574244361_715ac347cd.jpg,1.223443364e-07
485741580_ab523fa657.jpg,8.36094885e-08
2480327661_fb69829f57.jpg,1.256770961e-07
2300168895_a9b83e16fc.jpg,1.271141628e-07
3050264832_4215f2b398.jpg,4.289762151e-08
458004873_f084c47a88.jpg,1.122012255e-07
191003285_edd8d0cf58.jpg,1.072748815e-07
2288099178_41091aa00c.jpg,8.802049827e-08
3274375509_4fe91a94c0.jpg,8.969406828e-08
3319586526_3994e9cd58.jpg,8.086876138e-08
2393196444_8f4f540f5f.jpg,4.834805414e-08
2838085973_42b6e9b5b1.jpg,6.833827781e-08
2704362232_7d84503433.jpg,1.353683029e-07
2045562030_654ddea5e5.jpg,9.61696273e-08
1332492622_8c66992b62.jpg,4.857897519e-08
2367318629_b60cf4c4b3.jpg,8.977628462e-08
2729147877_c3ec3445bf.jpg,7.505124828e-08
481732592_b50194cb89.jpg,7.815728562e-08
2772532341_c4597a94ed.jpg,5.800088285e-08
3017656907_c3b137e070.jpg,8.973663389e-08
3486538055_bcf4d3dfda.jpg,5.750648934e-08
2234910971_80e0325918.jpg,1.265737668e-07
2991993027_36ac04e9a0.jpg,1.031617249e-07
2832453252_a06f7826a8.jpg,1.149267796e-07
2527163162_d0fb802992.jpg,8.390345452e-08
2992658871_ac786d37a6.jpg,5.906112989e-08
1248357227_2b4175fc39.jpg,1.585939878e-07
2055646179_169807fed4.jpg,1.385084731e-07
3482859574_3908de3427.jpg,6.54066442e-08
2848571082_26454cb981.jpg,7.780783298e-08
3428386573_670f5362f0.jpg,9.827418916e-08
2873431806_86a56cdae8.jpg,9.434865779e-08
2249865945_f432c8e5da.jpg,1.222363408e-07
514905846_b54d13946a.jpg,9.556566787e-08
469259974_bb03c15c42.jpg,1.003997176e-07
2900048238_74bd69d87d.jpg,7.648379406e-08
543603259_ef26d9c72d.jpg,4.899266333e-08
2239938351_43c73c887c.jpg,1.080425075e-07
535309053_ec737abde8.jpg,6.507219932e-08
2034553054_b00c166895.jpg,9.283894723e-08
3406930103_4db7b4dde0.jpg,8.968496767e-08
2096771662_984441d20d.jpg,7.279643211e-08
2594459477_8ca0121a9a.jpg,1.324124522e-07
3117336911_a729f42869.jpg,9.345780884e-08
3351418768_596ef7fd6f.jpg,1.063923729e-07
3619806638_7480883039.jpg,9.647202415e-08
2603690144_7a28b1d13c.jpg,1.065014586e-07
3497502407_ec566442c9.jpg,8.458726075e-08
2159447283_fab8c272b0.jpg,1.059471155e-07
3235746553_a40416c00e.jpg,1.20619552e-07
2188192752_09d9fc5431.jpg,7.1578128e-08
3491013009_572cf2c18a.jpg,1.066967303e-07
3411393875_a9ff73c67a.jpg,6.94950202e-08
3656906086_7034f69ab6.jpg,1.132634745e-07
2720215226_5a98ff2bd3.jpg,1.342358049e-07
2343879696_59a82f496f.jpg,7.241203226e-08
3283626303_8e23d4a842.jpg,1.422832791e-07
3171188674_717eee0183.jpg,6.154093906e-08
3444974984_963fb441a0.jpg,5.110463772e-08
3354414391_a3908bd4ff.jpg,9.271694403e-08
3609026563_9c66f2dc41.jpg,1.167377114e-07
3397220683_4aca010f86.jpg,1.549501566e-07
2684323357_c7a6d05d05.jpg,9.025576383e-08
3139837262_fe5ee7ccd9.jpg,9.463746124e-08
3522349685_f046f0e250.jpg,1.406763196e-07
3326204251_2f9e446a2f.jpg,7.16822807e-08
2846037553_1a1de50709.jpg,8.610213445e-08
3366571152_20afb88ac1.jpg,5.921570949e-08
3726076549_0efb38854b.jpg,8.806467568e-08
2201222219_8d656b0633.jpg,9.186603012e-08
224273695_0b517bd0eb.jpg,9.825639777e-08
1679617928_a73c1769be.jpg,1.032713234e-07
3259579174_30a8a27058.jpg,1.165286323e-07
3273489163_8209545810.jpg,8.917186841e-08
2456030728_d3d147e774.jpg,9.387912857e-08
3622216490_1314a58b66.jpg,5.968776941e-08
3002920707_5d2e6e6aac.jpg,7.071003294e-08
444057017_f1e0fcaef7.jpg,8.687716783e-08
3490528249_6aae9b867b.jpg,8.762789951e-08
1472249944_d887c3aeda.jpg,6.101688283e-08
2714220101_c31db50b10.jpg,2.390776235e-07
3046190891_05c6ecd9b6.jpg,1.713368353e-07
2604825598_593a825b5b.jpg,1.099374862e-07
3098707588_5096d20397.jpg,1.020599302e-07
307321761_606fc91673.jpg,7.411517081e-08
757332692_6866ae545c.jpg,1.789026096e-07
3609952704_3719ab0524.jpg,1.077152429e-07
2362481035_a7600875d0.jpg,1.276912432e-07
2968885599_0672a5f016.jpg,9.834478524e-08
3174431688_ae84778db0.jpg,6.930224889e-08
1178705300_c224d9a4f1.jpg,9.173269179e-08
2949014128_0d96196261.jpg,6.693671925e-08
3139238055_2817a0c7d8.jpg,7.345793049e-08
3504881781_6a842e043b.jpg,9.979609358e-08
478209058_21e2c37c73.jpg,5.613210378e-08
2600442766_e750ec9a56.jpg,1.078043866e-07
3415003392_139c0f3586.jpg,7.80507197e-08
2285570521_05015cbf4b.jpg,9.379447383e-08
652542470_60e858da64.jpg,9.187502219e-08
161905204_247c6ca6de.jpg,1.304541193e-07
3080056515_3013830309.jpg,6.107439648e-08
345785626_9fa59f38ce.jpg,1.584256668e-07
1765164972_92dac06fa9.jpg,1.068675493e-07
3469711377_bc29d48737.jpg,8.224802131e-08
1659396176_ced00a549f.jpg,1.289673601e-07
2461372011_ebbf513766.jpg,8.413455585e-08
630476551_2ee7399f77.jpg,1.350279587e-07
200771289_31902164a7.jpg,8.499778316e-08
2312984882_bec7849e09.jpg,9.049297349e-08
3653837067_94050699ec.jpg,7.799983455e-08
1932161768_996eadac87.jpg,1.263273573e-07
1096165011_cc5eb16aa6.jpg,1.146157208e-07
118309463_a532b75be9.jpg,1.008266288e-07
3366105287_49a4bf71c6.jpg,1.043549086e-07
2346523971_d3f1e12ce4.jpg,6.479089585e-08
539761097_5c6c70425b.jpg,1.054470251e-07
2268109835_d6edbe1c2b.jpg,1.762387008e-07
3053743109_a2d780c0d2.jpg,7.127727824e-08
3055716848_b253324afc.jpg,7.742997272e-08
3587092143_c63030ed6d.jpg,7.212090383e-08
3579842996_3a62ec1bc7.jpg,8.962654293e-08
327997381_55f90dc834.jpg,8.260826066e-08
214501174_6db1f4d69c.jpg,1.272982686e-07
3562050678_4196a7fff3.jpg,7.11992923e-08
2281054343_95d6d3b882.jpg,1.04250681e-07
3046949818_245b05f507.jpg,8.832504238e-08
923550133_ac9d7a2932.jpg,5.656202722e-08
2508918369_2659db1cb6.jpg,1.136394953e-07
3687996279_05b5a2a706.jpg,8.041588583e-08
391020801_aaaae1e42b.jpg,1.002415626e-07
1262077938_8b9516c273.jpg,7.067408693e-08
3439382048_d2e23b2b4c.jpg,4.979830712e-08
470903027_489cc507de.jpg,1.219850084e-07
3569284680_44fef444ef.jpg,1.348348567e-07
440190907_bf8b7ba8ef.jpg,7.394721376e-08
482830610_13a0a6c924.jpg,8.56967892e-08
428408242_b32faf2240.jpg,1.197977523e-07
3071676551_a65741e372.jpg,1.114898282e-07
458183774_afe65abf67.jpg,1.299064794e-07
3351704877_28dea303aa.jpg,1.059115654e-07
3069037969_bb7319e0dc.jpg,1.181416756e-07
2385871317_44cde2f354.jpg,1.159047605e-07
3604383863_5e387cb8e6.jpg,6.824399377e-08
234241682_51d9fabb27.jpg,1.52199456e-07
2502354602_f4d6dcf42d.jpg,9.698904788e-08
36422830_55c844bc2d.jpg,6.064835275e-08
3065560742_f6e266ccd9.jpg,5.25661695e-08
2842865689_e37256d9ce.jpg,8.417328188e-08
872512911_ca383b40e4.jpg,8.38038902e-08
2252403744_148fc11f68.jpg,1.186707099e-07
2073964624_52da3a0fc4.jpg,1.323455006e-07
3151860914_46e30cd5ea.jpg,1.069167194e-07
3124838157_7ef96745b7.jpg,6.935133304e-08
3371567529_606fa3452b.jpg,1.377279069e-07
3119076670_64b5340530.jpg,1.342881388e-07
3674565156_14d3b41450.jpg,9.081156097e-08
2205336881_d9ee4179d3.jpg,1.091972005e-07
1355945307_f9e01a9a05.jpg,7.040995765e-08
269986132_91b71e8aaa.jpg,8.569099807e-08
3490867290_13bcd3a7f0.jpg,7.828930587e-08
2556392380_ee57514233.jpg,1.173298302e-07
2335619125_2e2034f2c3.jpg,1.153150746e-07
12830823_87d2654e31.jpg,8.327477509e-08
226531363_33ac01d931.jpg,1.276298399e-07
2320125735_27fe729948.jpg,1.319255325e-07
2267819545_446c5a3e18.jpg,8.56009691e-08
294098577_c10f32bcfa.jpg,9.110900145e-08
510531976_90bbee22a2.jpg,5.693736435e-08
528498076_43f0ef36b5.jpg,1.305552292e-07
2301525531_edde12d673.jpg,1.029955597e-07
1174629344_a2e1a2bdbf.jpg,5.284734287e-08
929679367_ff8c7df2ee.jpg,9.824538263e-08
300550441_f44ec3701a.jpg,1.405074267e-07
3295391572_cbfde03a10.jpg,9.52861861e-08
3042679440_010b2c596c.jpg,8.375877088e-08
2496399593_a24954a5ca.jpg,1.150990652e-07
2554531876_5d7f193992.jpg,6.838727435e-08
2626158969_ac09aeb88d.jpg,1.067210299e-07
1468103286_96a6e07029.jpg,8.204150341e-08
3053415073_5b667230ed.jpg,6.423993375e-08
2994104606_bc2df6c1f4.jpg,4.784550093e-08
2120571547_05cd56de85.jpg,1.122873155e-07
2139519215_8ca16dd192.jpg,1.378731984e-07
2679565682_91ecd283ff.jpg,7.033978931e-08
2873445888_8764699246.jpg,8.40281849e-08
2882483779_73c171ac19.jpg,8.710457379e-08
3539767254_c598b8e6c7.jpg,1.081911538e-07
3089107423_81a24eaf18.jpg,7.296331075e-08
111537217_082a4ba060.jpg,9.506533219e-08
2699125097_c6801d80ed.jpg,1.246133669e-07
3175446111_681a89f873.jpg,7.718939612e-08
3574627719_790325430e.jpg,6.013069583e-08
3163198309_bbfe504f0a.jpg,1.320877111e-07
2419797375_553f867472.jpg,8.9450826e-08
510791586_3913ade6a7.jpg,7.148525681e-08
360723732_23199af4bf.jpg,9.077841272e-08
3137061312_eb5fdcf3fd.jpg,9.972349894e-08
2648165716_02e2e74fd6.jpg,9.72814652e-08
3549614763_42f34f3d1e.jpg,7.996395235e-08
3564385317_1bf5094068.jpg,1.127561949e-07
3598447435_f66cd10bd6.jpg,1.164845484e-07
2216568822_84c295c3b0.jpg,8.676184026e-08
3400082864_9c737c1450.jpg,7.202496847e-08
2584412512_6767593f24.jpg,1.474297011e-07
3224227640_31865b3651.jpg,1.685089556e-07
443430496_3fea95a07d.jpg,1.609248242e-07
438639005_208bc59b0b.jpg,1.834977223e-07
330325191_63e11d9c93.jpg,2.067100532e-07
106514190_bae200f463.jpg,1.074378516e-07
3396275223_ee080df8b5.jpg,1.002265862e-07
3211316116_a2462e327d.jpg,1.911735783e-07
2215165918_2bf5b659dd.jpg,1.254505991e-07
141755292_7a0b3364cf.jpg,8.391419414e-08
3218861747_5c5c547b66.jpg,8.028168706e-08
3041487045_b48ac7ed08.jpg,1.377443817e-07
2991375936_bf4b0a7dc0.jpg,1.479009638e-07
3241892328_4ebf8b21ce.jpg,1.499775985e-07
3183777589_460a4f445b.jpg,9.355869056e-08
3047749814_621ed0786b.jpg,5.751550983e-08
3002448718_a478c64fb4.jpg,6.053376862e-08
3673878924_506c9d767b.jpg,1.008446359e-07
3473534758_1ae3847781.jpg,1.201100252e-07
2514612680_b0d2d77099.jpg,8.355147519e-08
1691573772_1adef8e40e.jpg,8.088050357e-08
3225310099_d8e419ba56.jpg,1.21431165e-07
3275065565_9e2a640fbc.jpg,1.190293997e-07
418667611_b9995000f4.jpg,1.179490387e-07
3459871361_92d1ecda36.jpg,8.930951725e-08
3069282021_e05e1829f3.jpg,8.473679468e-08
3678100844_e3a9802471.jpg,7.749633288e-08
1470536919_1f3fd6c65a.jpg,1.06802208e-07
3335375223_b4da8df523.jpg,6.98500306e-08
3316725440_9ccd9b5417.jpg,9.018212875e-08
2226440063_c085b30558.jpg,6.730960709e-08
1093716555_801aacef79.jpg,1.057280279e-07
3464871350_3f2d624a9c.jpg,6.831520119e-08
634891010_9fa189effb.jpg,9.029946652e-08
2079554580_f18d5c181b.jpg,9.940335414e-08
2868776402_aef437e493.jpg,7.694786684e-08
1600208439_e94527b80f.jpg,1.182886749e-07
133189853_811de6ab2a.jpg,9.824579727e-08
2474918824_88660c7757.jpg,1.230731231e-07
2797438951_88a3ed7541.jpg,1.059460495e-07
3613705104_46d854134e.jpg,7.860857436e-08
2980118787_2099de53ec.jpg,7.459899229e-08
3319020762_d429d56a69.jpg,1.314058744e-07
3540416981_4e74f08cbb.jpg,1.136318865e-07
3429465163_fb8ac7ce7f.jpg,7.100535004e-08
2565237642_bdd46d7cef.jpg,8.807410387e-08
3365783912_e12c3510d8.jpg,7.396476515e-08
1042590306_95dea0916c.jpg,7.859446482e-08
2925577165_b83d31a7f6.jpg,7.873460278e-08
3230132205_dccfafa5ee.jpg,1.170461196e-07
462198798_89e2df0358.jpg,9.809954094e-08
2570559405_dc93007f76.jpg,7.819173741e-08
2847514745_9a35493023.jpg,9.059024597e-08
3601843201_4809e66909.jpg,7.385934418e-08
1457762320_7fe121b285.jpg,5.761464862e-08
1095980313_3c94799968.jpg,6.022793778e-08
300500054_56653bf217.jpg,2.005805419e-07
2240539658_dea8db6e55.jpg,1.090884161e-07
3266399073_40820596d5.jpg,9.178775194e-08
3374223949_90776ba934.jpg,7.700575736e-08
3197917064_e679a44b8e.jpg,9.896453911e-08
3426966595_c8c4e1e872.jpg,1.171499633e-07
3346289227_198fced308.jpg,6.726159308e-08
3094064787_aed1666fc9.jpg,1.31956317e-07
211981411_e88b8043c2.jpg,4.853820021e-08
3279988814_d3693dcb6c.jpg,1.118497691e-07
3084011664_76d37c6559.jpg,1.019841899e-07
2561751298_320eef38ec.jpg,8.146457161e-08
3595992258_6f192e6ae7.jpg,6.915262029e-08
3044500219_778f9f2b71.jpg,8.572765465e-08
1557451043_f5c91ff6f4.jpg,1.254078918e-07
465994762_1760e83c5d.jpg,9.971677547e-08
1207159468_425b902bfb.jpg,9.520793119e-08
3376898612_41c91de476.jpg,8.222110941e-08
2662890367_382eaf83bd.jpg,8.514340519e-08
3409740108_1505489537.jpg,8.792804455e-08
1355935187_2c99648138.jpg,1.196880278e-07
140377584_12bdbdf2f8.jpg,9.687780935e-08
3043904009_3b5e0412cd.jpg,1.093167537e-07
1865794069_6e3a1e57bb.jpg,9.774559895e-08
2314732154_83bc7f7314.jpg,9.995527005e-08
2934359101_cdf57442dc.jpg,7.090168524e-08
2744321686_8811d8428c.jpg,1.160895045e-07
2195620255_6693479734.jpg,9.99971111e-08
3411022255_210eefc375.jpg,8.344714084e-08
2783620390_02c166c733.jpg,7.954335408e-08
3431860810_44277cd360.jpg,9.11822079e-08
2726262796_03bd63a155.jpg,1.51115372e-07
2120411340_104eb610b1.jpg,1.090679471e-07
523327429_af093fc7cf.jpg,9.21173385e-08
872135364_8c1e47d163.jpg,6.25742886e-08
1980882959_9a161f3469.jpg,1.488133861e-07
444803340_fdcaab86f9.jpg,9.024916712e-08
3294717824_3bb7b5d1c8.jpg,1.432070001e-07
1464120327_d90279ca3a.jpg,1.093996343e-07
1167669558_87a8a467d6.jpg,1.397730463e-07
3096918227_f9d26a7db2.jpg,1.054624557e-07
2949497756_be8e58e6bd.jpg,9.242390465e-08
3608849440_e7d2bed29f.jpg,1.080670898e-07
2199793371_343809ff70.jpg,7.328295841e-08
2951750234_a4741f708b.jpg,8.204415985e-08
2884420269_225d27f242.jpg,9.901238247e-08
3447876218_4ccf42d7a0.jpg,1.443596387e-07
3590557969_d0270d518b.jpg,9.165031527e-08
3373870185_f79163fa51.jpg,1.325226639e-07
494221578_027f51cdf4.jpg,9.321982514e-08
2671602981_4edde92658.jpg,1.101899659e-07
3293751136_b0ce285dc3.jpg,7.827668848e-08
3364715316_df8c20bac1.jpg,1.149636733e-07
3405942945_f4af2934a6.jpg,1.040762236e-07
1991806812_065f747689.jpg,6.622330474e-08
2926233397_71e617f3a3.jpg,9.187204367e-08
3084731832_8e518e320d.jpg,6.122694428e-08
2502079538_10ef2e976b.jpg,1.014521414e-07
3111402233_6285bcba7a.jpg,9.314308768e-08
3132903412_b4780d0ccf.jpg,9.773586091e-08
241345323_f53eb5eec4.jpg,9.306835656e-08
3277824093_299cbb3138.jpg,9.747974705e-08
3540155303_08225a4567.jpg,8.291564746e-08
823697339_aadbeef495.jpg,7.896532325e-08
58357057_dea882479e.jpg,1.39043262e-07
3335692531_dd4a995f91.jpg,1.282648442e-07
3253060519_55d98c208f.jpg,1.072924825e-07
3339747039_1a8455c210.jpg,9.630507313e-08
3534952095_975cca0056.jpg,8.936597127e-08
2987121689_f9de6c479b.jpg,7.950278101e-08
2860040276_eac0aca4fc.jpg,7.2678428e-08
3326454455_960e5442e9.jpg,8.853571395e-08
3109268897_d43797fc6a.jpg,5.656946323e-08
2752809449_632cd991b3.jpg,9.032367096e-08
2398605966_1d0c9e6a20.jpg,1.747910717e-07
3491607076_922ec561d9.jpg,4.966019852e-08
3398276602_c7d106c34f.jpg,1.02580642e-07
656260720_a7db4ce48b.jpg,6.42757675e-08
316577571_27a0e0253e.jpg,1.241508077e-07
2709536455_2a6046e38a.jpg,1.158219863e-07
3437107047_715c60e9c8.jpg,8.57948692e-08
3146232740_df3da0163b.jpg,1.06976339e-07
3690189273_927d42ff43.jpg,7.596196181e-08
143680966_0010ff8c60.jpg,9.976149284e-08
2085726719_a57a75dbe5.jpg,7.426650669e-08
3415165462_e1cb536d08.jpg,1.380357095e-07
1277185009_06478dd457.jpg,1.556337193e-07
136644343_0e2b423829.jpg,8.734113672e-08
1835511273_790eaae6e6.jpg,1.062287315e-07
2688102742_885e578a3f.jpg,6.832048156e-08
765929807_de381cc764.jpg,7.69661321e-08
3197891333_b1b0fd1702.jpg,7.338468589e-08
393284934_d38e1cd6fe.jpg,1.494281924e-07
3442242092_e579538d82.jpg,5.101326659e-08
3640743904_d14eea0a0b.jpg,6.86997304e-08
717673249_ac998cfbe6.jpg,1.451294522e-07
1466479163_439db855af.jpg,1.069829175e-07
3626964430_cb5c7e5acc.jpg,9.227955791e-08
3244586044_205d5ae2ba.jpg,7.351928473e-08
3662406028_29b9e46a6f.jpg,1.030545363e-07
3421928157_69a325366f.jpg,1.148216404e-07
2662262499_3cdf49cedd.jpg,8.903385366e-08
3264350290_f50494e835.jpg,6.442294812e-08
3257182199_5fda78d870.jpg,2.029996739e-07
613900608_2e49415772.jpg,6.255402959e-08
3191027142_33e86636ca.jpg,6.559033371e-08
3736786640_70df13be2c.jpg,8.326838306e-08
3354075558_3b67eaa502.jpg,1.122102379e-07
3613800013_5a54968ab0.jpg,2.049352604e-07
3724487641_d2096f10e5.jpg,9.857840098e-08
3326588088_172d1b2584.jpg,6.586960806e-08
3169591322_d0b6d0cd04.jpg,1.045156482e-07
2355578735_286af5b202.jpg,6.725088922e-08
3635991166_f95304af0a.jpg,8.885482961e-08
247617754_4b1137de8c.jpg,1.93066272e-07
2480668859_6f9b46be6a.jpg,9.808624487e-08
378170167_9b5119d918.jpg,1.065117591e-07
2780105274_52360c4cca.jpg,6.585163578e-08
3308997740_91765ecdcc.jpg,8.219358185e-08
3650188378_cc8aea89f0.jpg,1.066098564e-07
2976350388_3984e3193d.jpg,5.966116222e-08
3086523890_fd9394af8b.jpg,1.886546972e-07
3040575300_0e4328d205.jpg,1.571775463e-07
3217056901_fe2c70377d.jpg,7.484479287e-08
143552829_72b6ba49d4.jpg,6.672310857e-08
3029472296_d429b1586c.jpg,6.775451168e-08
1490670858_e122df2560.jpg,8.86478629e-08
3118534315_cc03e5ddab.jpg,6.432262918e-08
2657484970_610e18144f.jpg,1.054524842e-07
3620492762_7f6a9b4746.jpg,8.376417603e-08
2887744223_029f2fd5fe.jpg,5.986889119e-08
3315726723_64c9b0a945.jpg,8.177350442e-08
2112921744_92bf706805.jpg,1.459963605e-07
42637987_866635edf6.jpg,8.312695133e-08
927420680_6cba7c040a.jpg,6.980271541e-08
3580741947_cc64a83648.jpg,8.674665598e-08
3549673305_4dfd44e04a.jpg,8.665274124e-08
3633396324_c4b24b1f51.jpg,8.000603695e-08
222369445_5b6af347dd.jpg,1.015005898e-07
1476002408_4256b7b2fa.jpg,1.025519938e-07
2469351714_d72becd21e.jpg,1.279839344e-07
3248352729_ab264b2222.jpg,8.28441592e-08
2004674713_2883e63c67.jpg,9.509875189e-08
3603301825_5817727be2.jpg,9.329525013e-08
2074146683_7c83167aa1.jpg,9.266331056e-08
218342358_1755a9cce1.jpg,1.00966297e-07
2973638173_0dc21fd443.jpg,8.022587179e-08
124195430_d14028660f.jpg,1.675085169e-07
3471066276_fb1e82e905.jpg,1.310037844e-07
241346885_f519ece460.jpg,7.863575536e-08
1439282131_3814d6ae04.jpg,1.521843048e-07
3174417550_d2e6100278.jpg,7.810830103e-08
55135290_9bed5c4ca3.jpg,8.469631242e-08
244867897_d00369a779.jpg,9.318218603e-08
2284239186_c827f4defa.jpg,8.925989606e-08
3661072592_2e693cd5a0.jpg,1.036366143e-07
421322723_3470543368.jpg,6.365424214e-08
3695064885_a6922f06b2.jpg,7.853931534e-08
2181846120_3744ca3942.jpg,1.107202609e-07
2591455200_2319651f2f.jpg,1.453527469e-07
3525841965_7814484515.jpg,1.181424687e-07
3621329299_6fb3f2935c.jpg,1.086361235e-07
1480712062_32a61ad4b7.jpg,1.607281926e-07
2310108346_e82d209ccd.jpg,1.195453708e-07
1359101233_16c2c150e3.jpg,1.295110775e-07
3327563443_870a33f748.jpg,8.529469006e-08
180094434_b0f244832d.jpg,8.998938552e-08
2448793019_5881c025f9.jpg,9.639152612e-08
2862676319_a9dab1309f.jpg,7.149632117e-08
3159995270_17334ccb5b.jpg,9.878150214e-08
3625957413_e475943aa3.jpg,1.177736092e-07
3626475209_f71cdd06bd.jpg,8.469231758e-08
3262647146_a53770a21d.jpg,9.417813177e-08
3649387275_75295baa28.jpg,8.16164777e-08
3305895920_100a67d148.jpg,6.627673917e-08
2855695119_4342aae0a3.jpg,7.002164165e-08
3566111626_9a35a7b2c0.jpg,7.980381766e-08
464116251_1ac4bc91f8.jpg,8.723980368e-08
3702436188_2c26192fd0.jpg,5.88008701e-08
2689358407_9932f1b20c.jpg,1.105219592e-07
1454678644_7e5a371301.jpg,9.431144666e-08
310715139_7f05468042.jpg,1.955861553e-07
2921198890_6f70dfbf4c.jpg,7.603027377e-08
578274277_652cae32ba.jpg,1.314230162e-07
484896012_7787d04f41.jpg,9.544944957e-08
3262849619_0bc4f88ef9.jpg,1.397114272e-07
2848266893_9693c66275.jpg,9.889929816e-08
207237775_fa0a15c6fe.jpg,9.291348949e-08
3016606751_0e8be20abd.jpg,9.544751558e-08
3588417747_b152a51c52.jpg,7.579004113e-08
3528902357_be2357a906.jpg,2.023297697e-07
539705321_99406e5820.jpg,9.786591873e-08
3066338314_2c3fb731d1.jpg,8.267224384e-08
2348924378_47e556d81a.jpg,1.162656347e-07
179009558_69be522c63.jpg,8.260947573e-08
2695085862_2ed62df354.jpg,1.126240687e-07
3516267455_ca17cc1323.jpg,1.677044658e-07
1215334959_b1970965f7.jpg,1.131678047e-07
3092200805_dd1f83ddbe.jpg,1.311529984e-07
541063517_35044c554a.jpg,8.671852032e-08
3604314527_5077cd9d43.jpg,6.749604572e-08
96978713_775d66a18d.jpg,1.018516869e-07
3255732353_fbc487aefc.jpg,7.463634467e-08
201682811_105241dee3.jpg,7.607498881e-08
2245618207_fa486ba2b7.jpg,9.457018665e-08
860928274_744d14f198.jpg,1.165371326e-07
3085357792_efcf297c71.jpg,1.060563777e-07
3297272270_285b8878b2.jpg,5.522745388e-08
3050650135_23f9d9d2f8.jpg,9.737940048e-08
2429272699_8a9699775e.jpg,9.418899128e-08
2765029348_667111fc30.jpg,1.129324189e-07
3358380484_b99b48f0c9.jpg,1.09838391e-07
3106883334_419f3fb16f.jpg,1.091385495e-07
160541986_d5be2ab4c1.jpg,1.033433685e-07
572618443_647483ca82.jpg,1.444874838e-07
3563668905_689ed479c5.jpg,9.763974701e-08
386656845_4e77c3e3da.jpg,8.648747383e-08
3433259846_800a6079f0.jpg,1.006337059e-07
3506607642_40037b3fbf.jpg,1.15948598e-07
3509575615_653cbf01fc.jpg,4.395498213e-08
615916000_5044047d71.jpg,9.524314547e-08
382701159_f98c1988cd.jpg,1.519416141e-07
957682378_46c3b07bcd.jpg,9.539713568e-08
3047264032_14393ecea8.jpg,6.264163157e-08
3474958471_9106beb07f.jpg,1.420521192e-07
3241487502_f4f0cc4a8a.jpg,1.067064764e-07
3535084928_858544f49a.jpg,1.327781031e-07
3541141771_67d305c873.jpg,9.417748118e-08
3465791729_5bf9bd8635.jpg,8.343772769e-08
2040941056_7f5fd50794.jpg,8.160748565e-08
3229282764_a4a515f4e2.jpg,1.35517241e-07
347186933_880caaf53b.jpg,5.525457297e-08
3552796830_2dd2aa9c2c.jpg,8.639680858e-08
398662202_97e5819b79.jpg,6.091144124e-08
396360611_941e5849a3.jpg,6.56140709e-08
3652572138_34d6b72999.jpg,1.669598494e-07
3150440350_b0f2a9e774.jpg,2.404984787e-07
3646927481_5e0af1efab.jpg,8.906052544e-08
2813992915_f732cf8539.jpg,6.667239618e-08
241031670_e60f59b8e4.jpg,8.528090298e-08
179829865_095b040377.jpg,9.875042517e-08
393810324_1c33760a95.jpg,1.102527059e-07
3547600292_6f8aac7f2e.jpg,1.157112928e-07
2512876666_9da03f9589.jpg,1.326805091e-07
3121482932_f77ca12c01.jpg,1.068760435e-07
390671130_09fdccd52f.jpg,9.03834876e-08
3524436870_7670df68e8.jpg,1.337997595e-07
2893515010_4a3d9dcc67.jpg,7.203553188e-08
2289212650_69de7a20b2.jpg,8.833453487e-08
2394267183_735d2dc868.jpg,8.403792119e-08
3578068665_87bdacef6a.jpg,8.666512236e-08
2460823604_7f6f786b1c.jpg,1.020467867e-07
2844846111_8c1cbfc75d.jpg,6.772089395e-08
217583047_5e93e1e119.jpg,1.624172506e-07
2195419145_36722e8d54.jpg,1.189272135e-07
2074764331_90a9962b52.jpg,1.174126342e-07
3019917636_4e0bb0acc4.jpg,7.923005452e-08
2561212119_1af8cb9b5d.jpg,1.335742087e-07
3333039854_461329aac2.jpg,1.023393363e-07
2895700779_fac1d9d278.jpg,1.404309421e-07
3218889785_86cb64014f.jpg,1.227566809e-07
2521062020_f8b983e4b2.jpg,9.019242294e-08
2043520315_4a2c782c90.jpg,1.227464152e-07
3220126881_b0a4f7cccb.jpg,1.986392242e-07
2942798367_022df04b49.jpg,8.345431063e-08
3718305988_fe2c91fd44.jpg,6.74523903e-08
365274901_576b0f8241.jpg,7.966756741e-08
3204686006_88f04547b9.jpg,1.376377658e-07
917574521_74fab68514.jpg,8.599971923e-08
2557922709_24d2a9655a.jpg,8.187405934e-08
3507670136_2e5f94accf.jpg,1.119096985e-07
1718184338_5968d88edb.jpg,1.091973739e-07
2510020918_b2ca0fb2aa.jpg,1.057824203e-07
3195188609_01afbe46e6.jpg,1.286313625e-07
498957941_f0eda42787.jpg,1.023834597e-07
3433982387_3fa993cf5a.jpg,8.361142184e-08
496971341_22782195f0.jpg,1.093824127e-07
3188319076_71724fcc07.jpg,1.579576621e-07
3500139659_b2a60b0141.jpg,9.22810173e-08
3683592946_262e9bfbfd.jpg,6.702507118e-08
405253184_5f611f3880.jpg,1.262420344e-07
3303648823_53cf750acd.jpg,9.57216924e-08
241347635_e691395c2f.jpg,8.855999934e-08
3143991972_7193381aeb.jpg,1.016058671e-07
3344798356_5cc41f7939.jpg,9.853797617e-08
3609999845_faf5d2fe74.jpg,7.512081936e-08
2684489465_32ba1d0344.jpg,1.165595459e-07
3017373346_3a34c3fe9d.jpg,6.972019631e-08
3354200211_35348e47d8.jpg,7.043326182e-08
469029994_349e138606.jpg,9.882346547e-08
842961005_692737888e.jpg,1.963153506e-07
3712742641_641282803e.jpg,1.205043862e-07
2097403787_77a154f5b9.jpg,8.800236515e-08
3203878596_cbb307ce3b.jpg,1.351839421e-07
2744600462_5804577296.jpg,5.08056794e-08
3670918456_68631d362a.jpg,8.431414564e-08
3565655045_8eb00b7423.jpg,9.244961579e-08
3324746155_71e14f60ce.jpg,1.295169581e-07
3570800810_978c993133.jpg,8.129053089e-08
775664534_3f6de7d413.jpg,1.14546842e-07
2367139509_1ee4530b28.jpg,7.11554023e-08
2702506716_17a7fb3ba4.jpg,9.476945953e-08
3319058642_885d756295.jpg,8.989368189e-08
3723690961_729dd5d617.jpg,7.00246396e-08
434433505_966e50e17d.jpg,7.895797625e-08
539751252_2bd88c456b.jpg,7.605694303e-08
3538686658_30afc75f02.jpg,8.947130363e-08
2226587791_66e29dd01d.jpg,1.162679459e-07
1659358133_95cd1027bd.jpg,6.566371093e-08
2662845514_8620aaee96.jpg,9.387626288e-08
3567604049_da9e1be4ba.jpg,9.835910393e-08
2461631708_decc5b8c87.jpg,6.792761265e-08
2102315758_a9148a842f.jpg,8.795857289e-08
241345656_861aacefde.jpg,9.203328341e-08
3016200560_5bf8a70797.jpg,8.041570677e-08
1394368714_3bc7c19969.jpg,6.702775222e-08
2470493181_2efbbf17bd.jpg,7.834450981e-08
2071309418_1d7580b0f0.jpg,1.024553335e-07
3687062281_e62f70baf3.jpg,1.015751451e-07
3178599352_c57fdebcd2.jpg,8.135773239e-08
1225443522_1633e7121f.jpg,7.248783732e-08
244443352_d7636e1253.jpg,1.315637523e-07
2991994607_06f24ec7a6.jpg,7.034103504e-08
2353088412_5e5804c6f5.jpg,9.098299565e-08
2866093652_aa717eb9ce.jpg,6.410162425e-08
1562478333_43d13e5427.jpg,7.749418434e-08
2073105823_6dacade004.jpg,1.028686034e-07
3603870481_1ebc696d91.jpg,1.052345051e-07
2588456052_8842b47005.jpg,1.133332972e-07
587604325_af5d6df679.jpg,1.229817417e-07
2689001252_e0016c89f0.jpg,9.265715692e-08
3358558292_6ab14193ed.jpg,1.086730171e-07
3393926562_66cc01b001.jpg,8.555150287e-08
2125216241_5b265a2fbc.jpg,6.939679586e-08
3451984463_37ac1ff7a8.jpg,9.54909403e-08
510510783_b2cf5d57bb.jpg,9.423000936e-08
2472720629_d9a6736356.jpg,1.105359914e-07
1361420539_e9599c60ae.jpg,6.825693951e-08
3184112120_6ddcd98016.jpg,5.684515697e-08
2680990587_eee6bd04fb.jpg,1.09887975e-07
143688283_a96ded20f1.jpg,5.815043986e-08
2187222896_c206d63396.jpg,1.076904377e-07
3639105305_bd9cb2d1db.jpg,1.066629679e-07
532999240_1409d073be.jpg,1.852399542e-07
3710353645_8fbfaa4175.jpg,8.983512712e-08
391106734_d374bc3080.jpg,8.405001596e-08
3308171165_20f93d2fba.jpg,7.344217573e-08
909808296_23c427022d.jpg,8.971894972e-08
114051287_dd85625a04.jpg,9.788630277e-08
3136043366_b3f8607a0e.jpg,7.722974256e-08
1799188614_b5189728ba.jpg,1.162687323e-07
899810584_61e1578d3f.jpg,1.067836826e-07
3654103642_075f8af4f4.jpg,2.005709167e-07
3187395715_f2940c2b72.jpg,8.722499129e-08
1280320287_b2a4b9b7bd.jpg,1.063805927e-07
3458211052_bb73084398.jpg,9.512536035e-08
1928319708_ccf1f4ee72.jpg,1.116091824e-07
3203742047_6a55065411.jpg,1.707220093e-07
1663751778_90501966f0.jpg,8.295590851e-08
2394922193_310166d6af.jpg,9.110236861e-08
2687229880_97cfd8148e.jpg,1.27490311e-07
2837640996_0183db8d93.jpg,6.578208525e-08
2578834476_118585730d.jpg,7.23118598e-08
2876993733_cb26107d18.jpg,1.094162735e-07
3435035138_af32890a4c.jpg,1.151512279e-07
2085255128_61224cc47f.jpg,9.07188992e-08
1511807116_41c3645e8c.jpg,9.226594505e-08
2856700531_312528eea4.jpg,1.003542439e-07
2938120171_970564e3d8.jpg,1.258986306e-07
2355880294_8f78a6fea6.jpg,8.740581772e-08
535830521_aa971319fc.jpg,9.32250157e-08
2699342860_5288e203ea.jpg,9.482846759e-08
3521374954_37371b49a4.jpg,1.101687277e-07
2969380952_9f1eb7f93b.jpg,9.928565044e-08
113678030_87a6a6e42e.jpg,1.313485769e-07
3154886184_ac842655b6.jpg,7.589898291e-08
2495931537_9b8d4474b6.jpg,1.291875462e-07
3223809913_ae15d14d9a.jpg,8.763626254e-08
1752454466_723790dbd6.jpg,9.070277253e-08
3587009091_37188fd07e.jpg,1.153651518e-07
733965014_1a0b2b5ee9.jpg,1.221059623e-07
3307563498_e2b4f19272.jpg,9.12094048e-08
2759596272_e0ce0a965a.jpg,8.457608308e-08
3578477508_b7d839da16.jpg,7.85869183e-08
3724113279_99b6e5bf41.jpg,6.155568423e-08
3516935867_78cf63c69c.jpg,6.763977847e-08
2745663684_650f84e1e6.jpg,8.665697409e-08
2286236765_2a63eeb550.jpg,7.595476479e-08
554526471_a31f8b74ef.jpg,1.071203969e-07
3420278866_1d17c12713.jpg,5.914244205e-08
771048251_602e5e8f45.jpg,1.682542554e-07
2735158990_56ff6bf9b0.jpg,9.639084197e-08
3443703471_14845d8850.jpg,8.706973462e-08
3538527033_df13112d51.jpg,5.535742369e-08
416960865_048fd3f294.jpg,1.080516901e-07
2683985894_167d267dcb.jpg,9.251646747e-08
3643074723_94d42b7a0c.jpg,8.739199973e-08
3242263536_a436f19257.jpg,9.963453486e-08
3181599388_68559cfc17.jpg,6.447011906e-08
1475046848_831245fc64.jpg,1.590930306e-07
3482314155_bd1e668b4e.jpg,5.582840562e-08
3265864834_e0229020dd.jpg,1.592345317e-07
3263141261_db3a4798b5.jpg,1.058627612e-07
127488876_f2d2a89588.jpg,9.685482512e-08
2873252292_ebf23f5f10.jpg,9.268365435e-08
440184957_267f3f3a2b.jpg,6.017682042e-08
2632366677_43dee456a5.jpg,1.114975464e-07
2423550887_ffc9bbcf71.jpg,1.073555998e-07
106490881_5a2dd9b7bd.jpg,1.451758509e-07
2824401212_8da8ab99d6.jpg,9.852922052e-08
3107513635_fe8a21f148.jpg,1.021784529e-07
2420696992_22e0dd467d.jpg,8.494815144e-08
2624044128_641b38c0cf.jpg,1.124781828e-07
3106857210_07a92577fc.jpg,1.331618622e-07
142802798_962a4ec5ce.jpg,9.495447867e-08
3133825703_359a0c414d.jpg,9.436867827e-08
260231029_966e2f1727.jpg,1.123431541e-07
3719461451_07de35af3a.jpg,1.548286455e-07
2752923489_d3bceebacb.jpg,6.057710398e-08
495340319_705f2e63d6.jpg,5.650602676e-08
3271385712_ffd34f2de5.jpg,9.790441772e-08
3656151153_b4ed5d94c4.jpg,1.09657418e-07
2875528143_94d9480fdd.jpg,9.059966082e-08
878758390_dd2cdc42f6.jpg,1.053136013e-07
557721978_dfde31bc02.jpg,8.534992584e-08
241346105_c1c860db0d.jpg,8.120166278e-08
146100443_906d87faa2.jpg,5.809664077e-08
511749704_3037806cb1.jpg,1.233100767e-07
3341077091_7ca0833373.jpg,1.083893662e-07
2932740428_b15384f389.jpg,1.781210495e-07
382151094_c7376cf22b.jpg,9.427054813e-08
2460159430_71ab1aacfa.jpg,1.126418803e-07
3193511842_82549c21fb.jpg,7.004262552e-08
397286183_745abbf40d.jpg,1.222733308e-07
241031254_0c6f30e3d1.jpg,6.47950965e-08
3042488474_0d2ec81eb8.jpg,7.92227977e-08
3348385580_10b53391f9.jpg,1.052716174e-07
3455920874_6fbec43194.jpg,7.64554114e-08
307301755_48919ef1b2.jpg,7.448262889e-08
3343116398_59a5341f7f.jpg,6.290233625e-08
2600883097_aca38cc146.jpg,1.371403783e-07
422763475_0bc814dac6.jpg,1.096272674e-07
543326592_70bd4d8602.jpg,5.243000914e-08
2525232298_cf42d415ab.jpg,5.013610231e-08
3665179773_dd217416fc.jpg,9.353974753e-08
3765374230_cb1bbee0cb.jpg,8.788966926e-08
799486353_f665d7b0f0.jpg,1.34746669e-07
664341930_bd5c8b60ea.jpg,9.899853056e-08
2971211296_2587c3924d.jpg,8.566836323e-08
3691729694_2b97f14c1e.jpg,9.537932337e-08
3294830188_e46bd9b93c.jpg,8.880783997e-08
3521201948_9049197f20.jpg,1.568406295e-07
2455528149_6c3477fd33.jpg,6.896618715e-08
3105623068_392b767a7b.jpg,1.322830894e-07
3439331800_e71e1d808f.jpg,9.276172939e-08
3313620862_0c65c645f5.jpg,4.292756566e-08
429174232_ddd4ff5e0b.jpg,7.34560008e-08
3089842255_359ccf5c40.jpg,8.917399651e-08
571130875_30051ac02d.jpg,7.426429869e-08
2528521798_fb689eba8d.jpg,1.045784566e-07
512634877_d7ad8c8329.jpg,1.57699619e-07
1119418776_58e4b93eac.jpg,1.133763996e-07
2414384480_096867d695.jpg,6.879307801e-08
3569979711_6507841268.jpg,1.34473546e-07
54501196_a9ac9d66f2.jpg,9.831292528e-08
3263395801_5e4cee2b9e.jpg,7.157308952e-08
241345811_46b5f157d4.jpg,1.250886119e-07
3626642428_3396568c3c.jpg,1.034761377e-07
3114944484_28b5bb9842.jpg,9.776430689e-08
2649705487_4605e879e9.jpg,7.224933326e-08
3110174991_a4b05f8a46.jpg,1.032669513e-07
2089122314_40d5739aef.jpg,1.793372867e-07
3441701164_6dbbdf1bce.jpg,7.914545668e-08
3694071771_ce760db4c7.jpg,5.349027557e-08
1304100320_c8990a1539.jpg,1.907539421e-07
2049051050_20359a434a.jpg,9.78558884e-08
2068403258_2669cf9763.jpg,1.148407241e-07
2920305300_a5b1b2329a.jpg,7.696061182e-08
2845691057_d4ab89d889.jpg,1.220344925e-07
3293751640_d81a6f3a0c.jpg,1.11460288e-07
3260214530_7179346407.jpg,1.145959543e-07
3125628091_25a31709df.jpg,8.418067213e-08
2846843520_b0e6211478.jpg,9.512908011e-08
3655326478_4472c5c630.jpg,7.949092394e-08
3396251819_1efa69310f.jpg,9.098648804e-08
3279524184_d5e2ffbaed.jpg,1.854722877e-07
146098876_0d99d7fb98.jpg,9.7571883e-08
3572346664_e1e6c77f11.jpg,1.023780715e-07
3580082200_ea10bf2f68.jpg,1.250149592e-07
861661418_8a37024ace.jpg,8.39705895e-08
2602258549_7401a3cdae.jpg,9.900841844e-08
2839532455_36a7dc4758.jpg,1.536344397e-07
2304444199_05386d2e9c.jpg,1.338195011e-07
2856080862_95d793fa9d.jpg,1.141592141e-07
548751378_c657401312.jpg,1.832979312e-07
1015584366_dfcec3c85a.jpg,1.005963831e-07
3416460533_d5819fbf69.jpg,1.015834308e-07
3168796547_0c14b368f9.jpg,6.471050969e-08
160805827_5e6646b753.jpg,1.208185648e-07
3672940355_47f30e2b28.jpg,1.001044254e-07
2788628994_61123c03d2.jpg,7.507086366e-08
436015762_8d0bae90c3.jpg,1.00155447e-07
1713248047_d03721456d.jpg,1.14152096e-07
104136873_5b5d41be75.jpg,1.181810776e-07
3027397797_4f1d305ced.jpg,9.102823587e-08
3242088278_43eea5d17e.jpg,1.299839949e-07
289616152_012a9f16c6.jpg,7.293036146e-08
3268175963_113d90d178.jpg,8.523697372e-08
3726168984_1fa2c8965b.jpg,1.299882436e-07
2090339522_d30d2436f9.jpg,1.195808917e-07
3693961165_9d6c333d5b.jpg,1.264512416e-07
2956895529_ec6275060e.jpg,6.198171736e-08
2934121315_4969eeda1b.jpg,1.173225963e-07
2450453051_f1d4a78ab4.jpg,5.445450807e-08
3047751696_78c2efe5e6.jpg,1.002914222e-07
3376439178_159e4126de.jpg,1.107246135e-07
2589308405_e208b5e745.jpg,6.292432632e-08
1579206585_5ca6a24db0.jpg,8.092391706e-08
2218743570_9d6614c51c.jpg,1.335592272e-07
1488937076_5baa73fc2a.jpg,1.055087564e-07
3636055584_65a60426f8.jpg,8.635006665e-08
2493974889_50ae29f1e1.jpg,6.589644256e-08
3615730936_23457575e9.jpg,5.820436988e-08
445148321_9f2f3ac711.jpg,1.807480417e-07
823675317_b5fbdb17b3.jpg,1.130644338e-07
2880874989_a33b632924.jpg,1.121344331e-07
3238951136_2a99f1a1a8.jpg,9.395488178e-08
3030823649_3b7b6c728d.jpg,1.313342726e-07
1115679311_245eff2f4b.jpg,1.496535903e-07
351876121_c7c0221928.jpg,1.308542903e-07
3373243733_9aba7740ed.jpg,9.37242025e-08
3638783842_af08dbb518.jpg,9.127216819e-08
2906802485_dfebf09173.jpg,7.384077207e-08
3724623861_2bb6c23641.jpg,7.253548985e-08
3264337159_e1680a35ba.jpg,4.373825931e-08
3747543364_bf5b548527.jpg,1.280312108e-07
1472882567_33dc14c8b6.jpg,7.462244201e-08
3375134059_7e9eb2ef01.jpg,1.300485265e-07
3247168324_c45eaf734d.jpg,6.663820741e-08
1461329041_c623b06e5b.jpg,6.777142563e-08
1115565519_d976d4b1f1.jpg,9.556423237e-08
1176580356_9810d877bf.jpg,6.889514668e-08
3331102049_bc65cf6198.jpg,1.234564499e-07
3321516504_5ee97771cb.jpg,1.184500864e-07
2813588204_69fe7deb14.jpg,9.584053483e-08
3458559770_12cf9f134e.jpg,7.755826387e-08
2648310638_d6c576b5e4.jpg,1.041182572e-07
2837799692_2f1c50722a.jpg,7.047189995e-08
2507312812_768b53b023.jpg,1.158224517e-07
3168354472_866fe70d36.jpg,9.491339136e-08
2460799229_ce45a1d940.jpg,5.54983723e-08
2339140905_9f625f140a.jpg,8.404292388e-08
2438085746_588dce8724.jpg,1.442683282e-07
3631023049_8a85bab19f.jpg,6.499717998e-08
1312020846_5abb4a9be2.jpg,9.681025643e-08
3676460610_8c52e8a355.jpg,1.217371574e-07
3103231330_db98b14501.jpg,7.393436401e-08
2904997007_23d4b94101.jpg,1.332197858e-07
1479028910_3dab3448c8.jpg,9.531816461e-08
2465691083_894fc48af6.jpg,8.806508722e-08
2780087302_6a77658cbf.jpg,6.508205512e-08
2823200990_7b02b7cc36.jpg,7.380575702e-08
3285214689_f0219e9671.jpg,3.979136165e-08
2986280913_13fb2d472e.jpg,1.520957045e-07
518251319_40e031e818.jpg,8.93600507e-08
3546474710_903c3c9fd3.jpg,9.612609458e-08
2520909293_9bb7f7364e.jpg,9.311981741e-08
2877503811_4e311253ec.jpg,7.165528881e-08
3572942419_16ebdc3d46.jpg,9.690517531e-08
2659554389_ed3d15093f.jpg,9.647443226e-08
3471463779_64084b686c.jpg,6.935442031e-08
482353373_03a9d5e8bc.jpg,6.349046115e-08
2749124446_d4432787b5.jpg,1.034417949e-07
374567836_3ae12ecffb.jpg,1.17962154e-07
2551632823_0cb7dd779b.jpg,4.458264421e-08
495055747_a75872762a.jpg,1.298893234e-07
2403376030_903521c371.jpg,8.955677347e-08
3675742996_02ccef16a3.jpg,9.56550366e-08
115684808_cb01227802.jpg,1.016824357e-07
309687244_4bdf3b591f.jpg,1.308146723e-07
3557324238_6ba58831d9.jpg,1.154750765e-07
1259936608_e3f0064f23.jpg,8.800605991e-08
492802403_ba5246cfea.jpg,1.046379591e-07
3482474257_a88bfe5c57.jpg,1.377375096e-07
254475194_3d8f4dfd53.jpg,7.7574627e-08
444481722_690d0cadcf.jpg,8.458481518e-08
482047956_9a29e9cee6.jpg,6.932848583e-08
2844963839_ff09cdb81f.jpg,6.778593288e-08
2196107384_361d73a170.jpg,1.396294875e-07
2219805677_7b7cc188c7.jpg,1.034475979e-07
3210359094_ee51285301.jpg,1.367172438e-07
3537400880_8f410d747d.jpg,8.156936727e-08
3344531479_03c69750e9.jpg,8.800479863e-08
3171035252_dba286ae5c.jpg,1.180132637e-07
2339106348_2df90aa6a9.jpg,1.076878418e-07
369047365_35476becc9.jpg,1.229350854e-07
3130970054_04a3865c43.jpg,6.175318884e-08
2410399168_1462c422d4.jpg,1.575903556e-07
2391812384_7429b5e567.jpg,9.041645334e-08
478750151_e0adb5030a.jpg,5.761440815e-08
2756591658_3ca6db1595.jpg,1.212124088e-07
2561319255_ce5ede291e.jpg,6.897473276e-08
2414390475_28a0107bb0.jpg,1.07420741e-07
3417231408_6ce951c011.jpg,9.681364921e-08
524105255_b346f288be.jpg,8.178812548e-08
3068407619_5207b26986.jpg,7.7160292e-08
3036382555_30b7312cf3.jpg,9.25427108e-08
240696675_7d05193aa0.jpg,1.155737522e-07
1088767354_2acee738cf.jpg,4.576420125e-08
3104690333_4314d979de.jpg,1.153206549e-07
3257107194_f235c8f7ab.jpg,7.763020234e-08
410042380_517ccee020.jpg,8.59323526e-08
3143155555_32b6d24f34.jpg,1.098132269e-07
2854291706_d4c31dbf56.jpg,8.773137571e-08
2943334864_6bab479a3e.jpg,6.785400222e-08
3465606652_f380a38050.jpg,1.063036186e-07
324355356_859988a710.jpg,1.620438863e-07
3436313241_6c73153fb6.jpg,1.219979702e-07
2776029171_5abdd5a22f.jpg,1.126161667e-07
3290105461_7590f23371.jpg,9.418940608e-08
2501742763_b2cb322087.jpg,7.952193553e-08
3442540072_b22ca2410f.jpg,1.342990259e-07
3426964258_67a0cee201.jpg,6.970551088e-08
2559638792_a803ff63d1.jpg,9.912888523e-08
3701878677_8f2c26227b.jpg,2.100830903e-07
3568605391_54ec367d88.jpg,7.342892129e-08
1540631615_8b42c1b160.jpg,1.22336637e-07
1055753357_4fa3d8d693.jpg,5.178835519e-08
3693297007_94512e861e.jpg,8.068483957e-08
3689355450_fd559b816d.jpg,1.005316348e-07
2799871904_3b3125518a.jpg,9.936999199e-08
3116769029_f5a76f04ba.jpg,8.092560488e-08
1342780478_bacc32344d.jpg,7.629750759e-08
3012513414_86180c44cb.jpg,7.934917919e-08
2502935765_a0ae1fa7be.jpg,6.358947216e-08
2734669176_c272b42597.jpg,7.332519661e-08
2290589734_b588471345.jpg,7.001283764e-08
2602679255_785b851b46.jpg,1.013086131e-07
421706022_1ddb6a7a78.jpg,1.076431859e-07
2644326817_8f45080b87.jpg,1.369621354e-07
2959737718_31203fddb5.jpg,8.832102482e-08
2465218087_fca77998c6.jpg,1.1921907e-07
1351764581_4d4fb1b40f.jpg,9.418836115e-08
2394003437_184a838aa9.jpg,8.203892913e-08
123889082_d3751e0350.jpg,9.436699238e-08
2766765386_4c0beb939d.jpg,1.084400451e-07
189740668_0b045f1ff2.jpg,9.294957398e-08
3126681108_f88128699c.jpg,8.761358871e-08
3090600019_8808fe7a9d.jpg,6.600407574e-08
2685139184_4ff45e0f76.jpg,8.883089542e-08
3401548798_3a93f2caa5.jpg,1.280375982e-07
3569126684_a68b29a57f.jpg,8.86812893e-08
2333816000_7105d0ffac.jpg,9.765785746e-08
2862931640_2501bd36c5.jpg,7.376519308e-08
2466171114_3fa51415a7.jpg,8.624284844e-08
2133650765_fc6e5f295e.jpg,1.102350539e-07
2391269207_d1d2615b1d.jpg,9.998726008e-08
3674521435_89ff681074.jpg,1.770783915e-07
270864951_1737ae5479.jpg,1.547542319e-07
542179694_e170e9e465.jpg,9.503537802e-08
2370221025_be4d9a4431.jpg,7.295569024e-08
862177617_c2c0581075.jpg,1.16531291e-07
3288173388_03bc2a844d.jpg,1.312878448e-07
229954612_a4438297ee.jpg,1.065945733e-07
3287904625_f68ca5cea7.jpg,8.576740006e-08
989851184_9ef368e520.jpg,1.21824911e-07
3093970461_825b0cac2f.jpg,1.387411691e-07
3076928208_5763e9eb8c.jpg,1.013857903e-07
2837908308_8bc25c6b02.jpg,7.653502843e-08
276699720_fe6718fd03.jpg,1.29897688e-07
3437654963_c4fdc17e8b.jpg,7.442768731e-08
2138487671_5b89104043.jpg,1.125592374e-07
3501206996_477be0f318.jpg,9.154467295e-08
3278777548_290b881018.jpg,8.714922311e-08
3344632789_af90d54746.jpg,5.876527457e-08
3068945309_ff0973e859.jpg,5.813250699e-08
3368819708_0bfa0808f8.jpg,1.049248992e-07
273248777_eaf0288ab3.jpg,6.066447868e-08
2192131110_8a40e7c028.jpg,1.008029852e-07
490044494_d2d546be8d.jpg,1.508001612e-07
3296584432_bef3c965a3.jpg,5.594678741e-08
2116316160_d5fa7abdc3.jpg,1.064971249e-07
3038760935_9a713510eb.jpg,8.512030303e-08
2741380826_cfe0ddf0a9.jpg,1.225183109e-07
1423126855_6cd2a3956c.jpg,1.503311328e-07
1084104085_3b06223afe.jpg,1.363950068e-07
3225226381_9fe306fb9e.jpg,1.616711171e-07
1296412797_85b6d2f8d6.jpg,9.125626679e-08
1813777902_07d1d4b00c.jpg,9.269761052e-08
1418266617_b32143275b.jpg,8.559619125e-08
363617160_6cb0c723be.jpg,7.749201954e-08
2698614194_b4e6e11dff.jpg,7.080410095e-08
1333888922_26f15c18c3.jpg,1.943186537e-07
3288839246_fdb00395ae.jpg,8.720774604e-08
3189941492_a3f4347b1a.jpg,8.094653756e-08
3310551665_15b79ef4ea.jpg,1.271589452e-07
2245348304_08bc5642f1.jpg,8.943344786e-08
3412822878_5d961492e5.jpg,8.212535267e-08
2922512807_d382528a93.jpg,8.456041778e-08
2851931813_eaf8ed7be3.jpg,1.060715861e-07
3227140905_1d7e30e4c4.jpg,9.590219612e-08
2436398074_8737f40869.jpg,8.476087385e-08
3525417522_7beb617f8b.jpg,1.005795308e-07
2439384468_58934deab6.jpg,1.514225657e-07
213216174_0632af65a2.jpg,8.213966018e-08
3215870337_c92a1a1b2f.jpg,7.572208941e-08
434792818_56375e203f.jpg,7.292276289e-08
2959500257_3621429a37.jpg,9.634168885e-08
3425662680_41c7c50e8d.jpg,1.332173164e-07
3259883609_6a1b46919e.jpg,1.076847048e-07
2867968184_908d87cf2c.jpg,9.507972794e-08
108898978_7713be88fc.jpg,1.11286348e-07
3640422448_a0f42e4559.jpg,5.392269228e-08
133905560_9d012b47f3.jpg,1.021819286e-07
2125626631_a4b63af97e.jpg,1.54623824e-07
3327487011_1372c425fb.jpg,8.118355035e-08
3069216757_c419b3898e.jpg,1.106672872e-07
2602085456_d1beebcb29.jpg,1.293973224e-07
519228867_2fd25e38d4.jpg,8.654897156e-08
1622619190_d0b51aff28.jpg,5.245165274e-08
3209564153_077ed4d246.jpg,6.623232431e-08
2272491304_cb7c7ed16f.jpg,8.502357019e-08
582899605_d96f9201f1.jpg,7.848471988e-08
1433397131_8634fa6664.jpg,7.519647992e-08
3472449219_eb927f05b8.jpg,1.116435239e-07
251056963_c8b67f0107.jpg,1.313648619e-07
3655964639_21e76383d0.jpg,7.391574122e-08
1763020597_d4cc8f0f8a.jpg,1.036312799e-07
3247341210_5d1e50df23.jpg,6.350308475e-08
2447972568_1e9b287691.jpg,9.969557965e-08
2939464283_fc1a834976.jpg,7.444723012e-08
3482237861_605b4f0fd9.jpg,8.822293499e-08
2710416789_555180e399.jpg,1.598700741e-07
3533394378_1513ec90db.jpg,5.49587983e-08
3453313865_1ebff5393c.jpg,9.202922126e-08
219301555_17883a51bd.jpg,1.116162034e-07
44129946_9eeb385d77.jpg,8.809600737e-08
3429581486_4556471d1a.jpg,9.917948723e-08
501320769_31eea7b7ea.jpg,1.695230032e-07
224026428_0165164ceb.jpg,1.206175801e-07
3541491057_61a49588d9.jpg,1.267099109e-07
3119696225_b289efaec8.jpg,1.351093742e-07
2078311270_f01c9eaf4c.jpg,1.01609672e-07
2286032269_8ba929709c.jpg,1.333037505e-07
2893238950_8a027be110.jpg,9.731972691e-08
2917843040_7c9caaaa8a.jpg,1.17577232e-07
3048597471_5697538daf.jpg,1.20399409e-07
2505465055_f1e6cf9b76.jpg,1.223368212e-07
3284955091_59317073f0.jpg,7.854836675e-08
871290666_4877e128c0.jpg,9.73870876e-08
2402462857_7684848704.jpg,9.333214699e-08
241345981_1ef4f8109c.jpg,1.112518438e-07
3258395783_2de3a4ba27.jpg,9.41562044e-08
3432656291_a6c7981f6e.jpg,6.229609472e-08
945509052_740bb19bc3.jpg,7.219910161e-08
2752926645_801a198ff6.jpg,5.947923395e-08
2584487952_f70e5aa9bf.jpg,1.60298059e-07
2356574282_5078f08b58.jpg,1.190136801e-07
2324779494_5e72d29171.jpg,9.937478281e-08
3099091086_f75f0ce09d.jpg,7.28709481e-08
515797344_4ae75cb9b1.jpg,6.253599761e-08
2094543127_46d2f1fedf.jpg,6.507727309e-08
2194806429_ca4c3770c1.jpg,1.461640204e-07
3220009216_10f088185e.jpg,8.263949801e-08
3333017828_b930b9d41b.jpg,7.642330192e-08
3387661249_33e5ba0bc5.jpg,1.220970139e-07
141755290_4b954529f3.jpg,5.73245667e-08
3150252702_828a570d46.jpg,1.300285386e-07
2269021076_cefc9af989.jpg,7.190775689e-08
486712504_36be449055.jpg,9.041435831e-08
3259225196_750c4ce0f9.jpg,1.127509829e-07
3409506817_775e38d219.jpg,7.46880607e-08
3632842482_482f29e712.jpg,1.13350122e-07
532396029_ce125bda3f.jpg,9.180867127e-08
3704431444_f337ec2b90.jpg,1.017523811e-07
3562169000_6aa7f1043d.jpg,1.124851158e-07
3441399292_60c83bd5db.jpg,1.07735939e-07
3243233886_235a80e8c7.jpg,6.654688387e-08
3005123298_d3017d5f5d.jpg,5.696000481e-08
437527058_189f2a7eef.jpg,8.783962452e-08
3582742297_1daa29968e.jpg,1.512007707e-07
3033741581_136889ac73.jpg,9.292751551e-08
296873864_4de75de261.jpg,8.044065102e-08
2379150102_157d718d1d.jpg,1.198477869e-07
3029715635_43ab414dfb.jpg,7.973899128e-08
3684680947_f1c460242f.jpg,1.73127112e-07
3044746136_8b89da5f40.jpg,8.520465366e-08
3532412342_e0a004b404.jpg,9.213010668e-08
2968693931_52d161b8e7.jpg,8.635520198e-08
2632111399_b3c1630f8e.jpg,7.928926203e-08
2676648667_cb055b4fc6.jpg,1.106202984e-07
525863257_053333e612.jpg,1.108884143e-07
3328495660_ed0e3f29cf.jpg,7.433647196e-08
3640417354_b0b3e4aec9.jpg,7.744948448e-08
3249278583_95cd8206da.jpg,1.159936351e-07
2341254813_c53a5ef27a.jpg,9.095173324e-08
2331510788_986809bbb4.jpg,1.094509519e-07
3161044966_27bf6f9dec.jpg,1.245663623e-07
3098336319_a7e5b061d0.jpg,8.046370455e-08
3236677456_75821e3583.jpg,9.636624367e-08
958326692_6210150354.jpg,7.851952774e-08
2755053974_5cc157512e.jpg,8.259834067e-08
2903469015_a1e7d969c2.jpg,9.535149822e-08
3490597800_8f94f7d353.jpg,8.683671534e-08
2472574160_8ce233f396.jpg,7.40477058e-08
2995461857_dd26188dcf.jpg,1.260641113e-07
2042009399_afad34e7c1.jpg,8.492462725e-08
3197791645_601908f26b.jpg,1.740471898e-07
2521938720_911ac092f7.jpg,9.063534468e-08
3184031654_34b5c4ffe1.jpg,1.029852112e-07
426065353_e9a604a01f.jpg,1.040903395e-07
3591461782_687e320042.jpg,6.030914213e-08
2251418114_2b0cd4c139.jpg,8.389338213e-08
1859726819_9a793b3b44.jpg,5.319729882e-08
430803349_a66c91f64e.jpg,9.705847592e-08
1977827746_4e13d7e19f.jpg,7.399226271e-08
2101457132_69c950bc45.jpg,1.428926392e-07
3666537170_c4ecda4be8.jpg,1.060924242e-07
2321466753_5606a10721.jpg,1.021621907e-07
3141613533_595723208d.jpg,9.483830904e-08
3542341321_faa2d2d48a.jpg,8.43539149e-08
948196883_e190a483b1.jpg,1.141621475e-07
384465575_31294122c0.jpg,1.114361003e-07
1312227131_771b5ed201.jpg,1.125919263e-07
1222322358_225067636e.jpg,8.318310859e-08
2641288004_30ce961211.jpg,6.717901619e-08
2851304910_b5721199bc.jpg,1.248461744e-07
495116214_f1df479fb0.jpg,9.437489473e-08
2978024878_a45b282bf4.jpg,8.91010123e-08
3527524436_a54aca78a9.jpg,1.156098766e-07
2944362789_aebbc22db4.jpg,8.140309979e-08
3090593241_93a975fe2b.jpg,7.978604586e-08
2521213787_ca9b5a1758.jpg,7.955323513e-08
2528547068_7d37479b9b.jpg,8.958594824e-08
1167908324_8caab45e15.jpg,1.02536792e-07
2275029674_6d4891c20e.jpg,1.000900888e-07
534669139_1a4f8ab9d5.jpg,9.05086626e-08
3388094307_5a83be64a5.jpg,8.395007764e-08
160566014_59528ff897.jpg,9.693452471e-08
2616561200_ea079f285a.jpg,1.45270604e-07
617038406_4092ee91dd.jpg,7.795154619e-08
3578372039_57473f473c.jpg,8.35159575e-08
3492180255_0bd48a18f8.jpg,8.258860519e-08
3032790880_d216197d55.jpg,8.872521185e-08
2667015110_1670324a33.jpg,9.259990501e-08
2426303900_0a8d52eb14.jpg,9.005330689e-08
3250695024_93e8ab7305.jpg,5.972529764e-08
3672057606_cb6393dbd9.jpg,9.658937595e-08
241346317_be3f07bd2e.jpg,6.318757882e-08
3400186336_37043a2f5b.jpg,8.809352408e-08
2180480870_dcaf5ac0df.jpg,9.777203869e-08
3085226474_62aba51179.jpg,7.843409998e-08
3683185795_704f445bf4.jpg,9.302237033e-08
3444982197_0ff15cc50b.jpg,1.109226878e-07
607339469_af851c4119.jpg,1.186931631e-07
3331009729_d3b14738e6.jpg,4.999402167e-08
503717911_fc43cb3cf9.jpg,1.05688505e-07
3097196395_ec06075389.jpg,9.67040162e-08
2261962622_e9318a95eb.jpg,8.894077591e-08
3216829599_366a43f05e.jpg,1.622918691e-07
1616016569_673de1d678.jpg,1.111423932e-07
2596876977_b61ee7ee78.jpg,1.131769163e-07
459778335_857d8ffebf.jpg,1.102541294e-07
3197482764_2f289cb726.jpg,1.505126878e-07
3497255828_f27e009aac.jpg,1.032696977e-07
2149968397_a7411729d1.jpg,1.569036027e-07
2595713720_30534e8de2.jpg,1.253899092e-07
2174206711_11cb712a8d.jpg,1.003400954e-07
2492258999_5764124bba.jpg,1.237960636e-07
944374205_fd3e69bfca.jpg,9.276364183e-08
2855667597_bf6ceaef8e.jpg,1.111616224e-07
2935649082_1ca60180c6.jpg,1.859777728e-07
3171250845_5ae0d2a8bc.jpg,9.416135534e-08
3120189281_1938460e85.jpg,8.820233687e-08
3487131146_9d3aca387a.jpg,1.485622983e-07
182493240_40410254b0.jpg,1.009675548e-07
102351840_323e3de834.jpg,2.04648372e-07
883040210_3c4a10f030.jpg,1.121099769e-07
1358089136_976e3d2e30.jpg,1.406222748e-07
2930622766_fa8f84deb1.jpg,7.638549181e-08
2643263887_a32ffb878f.jpg,9.46942347e-08
3374384485_751f719be4.jpg,7.36730893e-08
290650302_ade636da35.jpg,8.582075079e-08
2747714500_49476225c6.jpg,1.153539077e-07
758921886_55a351dd67.jpg,1.2341742e-07
311146855_0b65fdb169.jpg,6.122824707e-08
2490179961_e842fda5eb.jpg,6.707999162e-08
2064790732_219e52e19c.jpg,9.459085245e-08
3315250232_83e24a2d51.jpg,1.381652599e-07
3441104823_33cdae5a56.jpg,8.789863368e-08
2675685200_0913d84d9b.jpg,7.959584763e-08
2899622876_b673b04967.jpg,1.174340876e-07
2259336826_0cb294e1f7.jpg,4.722099723e-08
2742426734_291df6da08.jpg,1.183123945e-07
2697909987_128f11d1b7.jpg,6.231087509e-08
3239021459_a6b71bb400.jpg,1.601813765e-07
3204525212_d548c7fca7.jpg,5.216505011e-08
918886676_3323fb2a01.jpg,1.735191019e-07
560278886_df4bd2e212.jpg,8.933838848e-08
3649307685_60c1294d2a.jpg,1.288628921e-07
2045928594_92510c1c2a.jpg,1.398786536e-07
2933637854_984614e18b.jpg,8.36058653e-08
1650280501_29810b46e5.jpg,8.954831812e-08
300922408_05a4f9938c.jpg,1.816265122e-07
2798651021_2566f2a47e.jpg,8.496680734e-08
3460551728_63255cec18.jpg,1.078417175e-07
3440104178_6871a24e13.jpg,9.057201677e-08
3484906808_ee20714408.jpg,7.576904268e-08
410413536_11f1127c46.jpg,1.953823796e-07
400562847_e15aba0aac.jpg,5.475098495e-08
101669240_b2d3e7f17b.jpg,6.862882322e-08
2987195421_e830c59fb6.jpg,1.396318224e-07
3208188198_2b271d2a2e.jpg,1.813784885e-07
3208032657_27b9d6c4f3.jpg,9.729129632e-08
429851331_b248ca01cd.jpg,1.652874288e-07
458735196_176e7df6b3.jpg,1.377529179e-07
3275627207_0b41e44597.jpg,1.541725409e-07
2960759328_2d31e4af9b.jpg,1.180282501e-07
2206594874_5e0087c6b7.jpg,6.715828369e-08
1357689954_72588dfdc4.jpg,1.182722755e-07
2869491449_1041485a6b.jpg,8.255756086e-08
2574230252_f5a1382dd4.jpg,1.120337158e-07
2261550615_b6c25d987b.jpg,8.64494539e-08
2358554995_54ed3baa83.jpg,7.525941576e-08
264141937_585320617a.jpg,8.033805708e-08
2809793070_1a3387cd6e.jpg,7.293828309e-08
3338291921_fe7ae0c8f8.jpg,1.825599986e-07
2056377805_e9a9b3bcf0.jpg,6.819918031e-08
3105315670_5f86f73753.jpg,8.558770262e-08
1015118661_980735411b.jpg,1.02933028e-07
3047264346_e24601bfbf.jpg,8.787793233e-08
1311388430_4ab0cd1a1f.jpg,1.187450974e-07
1077546505_a4f6c4daa9.jpg,8.516857002e-08
2800990525_a1f8427272.jpg,1.180009222e-07
3482062809_3b694322c4.jpg,5.734860836e-08
2661294481_b86058b504.jpg,6.510236145e-08
2896640216_761a47f006.jpg,8.742189551e-08
3616525288_9c19223de6.jpg,9.766739576e-08
2497420371_74788d7ba1.jpg,8.671742827e-08
766346887_a9a9d0637a.jpg,1.377601817e-07
2061944672_0383e65c8a.jpg,1.003091475e-07
3015891201_2c1a9e5cd7.jpg,1.126544348e-07
2652522323_9218afd8c2.jpg,1.186047632e-07
2054869561_ff723e9eab.jpg,1.312012307e-07
2394763838_99d1435b85.jpg,1.941634642e-07
3439560988_f001f96fc9.jpg,1.367176359e-07
3320032226_63390d74a6.jpg,6.989888846e-08
3677954655_df4c0845aa.jpg,9.782145783e-08
2429212017_77fc107699.jpg,7.533716789e-08
241347760_d44c8d3a01.jpg,8.015081451e-08
241347823_6b25c3e58e.jpg,8.542729982e-08
2416964653_db3c2b6a0e.jpg,8.400924069e-08
3532782283_341f0381a3.jpg,1.204479407e-07
3600221224_945df01247.jpg,1.565294705e-07
3621647714_fc67ab2617.jpg,8.336789302e-08
2874876837_80d178ba9b.jpg,6.31682395e-08
448916362_17f3f1d0e1.jpg,1.228669287e-07
3052104757_d1cf646935.jpg,8.518728708e-08
2414352262_005ae90407.jpg,8.107930365e-08
2187904131_96ea83b9b5.jpg,1.257756908e-07
2649406158_ded6be38de.jpg,1.185719965e-07
2353102255_67d9d2e40a.jpg,1.046443642e-07
1501297480_8db52c15b0.jpg,1.345327919e-07
466956675_a2fb6bf901.jpg,1.115370789e-07
2737759676_4bc9be2daf.jpg,1.182116181e-07
2885387575_9127ea10f1.jpg,9.489823826e-08
510197538_0a11b94460.jpg,1.289165385e-07
3623650392_7b75d4de21.jpg,1.020954079e-07
3354474353_daf9e168cf.jpg,8.667319767e-08
2949353587_64c54e9589.jpg,1.773355075e-07
3522989916_f20319cc59.jpg,1.253135659e-07
2646116932_232573f030.jpg,7.886881504e-08
3028561714_83fb921067.jpg,1.124158139e-07
2439031566_2e0c0d3550.jpg,5.38709303e-08
3436074878_21515a6706.jpg,1.700621379e-07
875731481_a5a0a09934.jpg,8.395981039e-08
3716277216_c04002be81.jpg,6.420299591e-08
2259203920_6b93b721ce.jpg,2.42279042e-07
3329289652_e09b80e2f3.jpg,7.378329069e-08
3685328542_ab999b83bb.jpg,8.07838489e-08
3250076419_eb3de15063.jpg,1.239966038e-07
495341977_b27279f962.jpg,1.407541314e-07
3407357681_5aeaab5b59.jpg,1.908807943e-07
3066429707_842e50b8f7.jpg,7.958653968e-08
3392851587_a638ff25e2.jpg,9.633911645e-08
2730938963_c4ed3e2258.jpg,6.875906177e-08
269650644_059a84ece5.jpg,7.245462633e-08
3605676864_0fb491267e.jpg,1.153636977e-07
2183227136_8bb657846b.jpg,2.560531138e-07
237953705_cfe6999307.jpg,9.062487645e-08
2856252334_1b1a230e70.jpg,1.093623203e-07
3015368588_ef0a06076d.jpg,1.183297707e-07
2521938802_853224f378.jpg,9.033761518e-08
2759089516_cbb993cb92.jpg,6.824001268e-08
1807169176_7f5226bf5a.jpg,9.971368829e-08
457875937_982588d918.jpg,1.211013188e-07
3158680604_c1f99b3946.jpg,8.506129683e-08
530454257_66d58b49ee.jpg,6.883304814e-08
1263801010_5c74bf1715.jpg,1.020878688e-07
172097782_f0844ec317.jpg,9.940273263e-08
3426789838_8771f0ed56.jpg,1.307556686e-07
2220612655_030413b787.jpg,9.810962048e-08
2089426086_7acc98a3a8.jpg,1.262033736e-07
1306145560_1e37081b91.jpg,1.488585622e-07
3297323827_f582356478.jpg,9.450870413e-08
2306186887_0bd8ed3792.jpg,5.948310012e-08
3574930742_9081bd2426.jpg,6.6517298e-08
2995935078_beedfe463a.jpg,9.624388918e-08
2114739371_83aa8bdb0e.jpg,2.177311603e-07
2895403073_906768cafa.jpg,7.547796189e-08
3234375022_1464ea7f8a.jpg,7.480795283e-08
2561295656_4f21fba209.jpg,1.13541948e-07
2358561039_e215a8d6cd.jpg,1.389472454e-07
2123932281_1a4fd38455.jpg,7.745439922e-08
3227499174_07feb26337.jpg,7.293779849e-08
3457210101_3533edebc8.jpg,6.038623535e-08
3286222970_1fa445e38f.jpg,8.104729023e-08
293151893_ee7249eccb.jpg,9.123208208e-08
3371279606_c0d0cddab2.jpg,9.442992798e-08
1490213660_9ea45550cf.jpg,8.15233199e-08
3599392711_8264881de2.jpg,9.410592616e-08
111497985_38e9f88856.jpg,1.027859645e-07
2782850287_1408f7ec43.jpg,7.479813297e-08
825918657_d92f1761f4.jpg,1.301019386e-07
2095478050_736c4d2d28.jpg,7.12276321e-08
2782480767_064c95eff2.jpg,9.569919227e-08
1149179852_acad4d7300.jpg,8.536835017e-08
2441313372_6a1d59582b.jpg,1.024484267e-07
3724718895_bd03f4a4dc.jpg,7.721525732e-08
2704257993_d485058a5f.jpg,9.350328134e-08
3584930205_a3f58a4b7c.jpg,1.09077308e-07
2294598473_40637b5c04.jpg,1.483786201e-07
3242007318_01e82171aa.jpg,6.489320155e-08
3251234434_d01e25a50a.jpg,6.913513992e-08
3556571710_19cee6f5bd.jpg,8.391666857e-08
3578914491_36019ba703.jpg,1.084461711e-07
2876848241_63290edfb4.jpg,9.427752005e-08
452419961_6d42ab7000.jpg,9.166274571e-08
42637986_135a9786a6.jpg,5.938757891e-08
2760716468_b541e9fd0f.jpg,8.018976245e-08
2447035752_415f4bb152.jpg,8.671073371e-08
2473738924_eca928d12f.jpg,1.114280242e-07
1363924449_487f0733df.jpg,1.314280489e-07
3585487286_ef9a8d4c56.jpg,1.815096202e-07
3037558954_20115165e3.jpg,1.017007327e-07
3362049454_ea0c22e57b.jpg,8.268103804e-08
299178969_5ca1de8e40.jpg,1.509564669e-07
1104133405_c04a00707f.jpg,1.098561884e-07
3477683327_d9e6a2a64f.jpg,1.054808976e-07
282116218_7fd7583d6e.jpg,6.791671688e-08
3721082512_8277087f3f.jpg,7.251795248e-08
246055693_ccb69ac5c6.jpg,9.957364481e-08
3271061953_700b96520c.jpg,9.866922859e-08
2480820830_bdec1f5b76.jpg,1.179004288e-07
270809922_043e3bef06.jpg,8.57202265e-08
1419385780_1383ec7ba9.jpg,6.276658785e-08
897621891_efb1e00d1d.jpg,2.567385585e-07
2921578694_a46ae0d313.jpg,1.382822517e-07
2327088022_478dbd2c17.jpg,1.974735849e-07
3640407952_bb38fb9d55.jpg,7.806103639e-08
326028454_fb396167e6.jpg,1.08908946e-07
2867937005_91c092b157.jpg,1.291824703e-07
2546667441_bbe87a6285.jpg,1.434697073e-07
1775029934_e1e96038a8.jpg,1.144031198e-07
2121357310_f8235311da.jpg,1.162323805e-07
3665987581_5e6b0a65f2.jpg,1.066959801e-07
3429956016_3c7e3096c2.jpg,9.073448694e-08
3209350613_eb86579ee8.jpg,8.549407501e-08
1425013325_bff69bc9da.jpg,1.151695665e-07
319185571_56162796da.jpg,1.806234245e-07
3520936130_9e90872560.jpg,7.797344896e-08
2867026654_38be983b44.jpg,1.448209276e-07
3069786374_804e1123ac.jpg,6.143762152e-08
3726120436_740bda8416.jpg,1.03946216e-07
2337919839_df83827fa0.jpg,7.883595299e-08
2447289477_e888df561d.jpg,1.026527531e-07
3597715122_45878432ec.jpg,6.894078251e-08
3646453252_5ebbbaa6cc.jpg,1.164268143e-07
261883591_3f2bca823c.jpg,6.796003504e-08
3125041578_c1f2d73b6d.jpg,1.134159806e-07
3084001782_41a848df4e.jpg,1.030447383e-07
452363869_cad37e609f.jpg,1.682357008e-07
123997871_6a9ca987b1.jpg,8.948414674e-08
508958120_afe274f726.jpg,8.558883645e-08
109738763_90541ef30d.jpg,7.27848003e-08
888425986_e4b6c12324.jpg,5.887211595e-08
288025239_5e59ba9c3b.jpg,8.616504413e-08
3214381315_b54f5c9be4.jpg,1.318386791e-07
2070831281_dc04b3e15d.jpg,9.320655871e-08
3301811927_a2797339e5.jpg,6.971092506e-08
3484070900_3e76d7fd30.jpg,9.778419192e-08
2876994989_a4ebbd8491.jpg,8.99908268e-08
2080033499_6be742f483.jpg,8.800303231e-08
3269895626_7b253c82ed.jpg,1.22379678e-07
3319388517_5609ae9805.jpg,1.012214585e-07
2560278143_aa5110aa37.jpg,1.04982559e-07
3069937639_364fc11e99.jpg,8.822987943e-08
2448210587_9fe7ea5f42.jpg,7.484567008e-08
2444935470_7b0226b756.jpg,1.247060629e-07
3204081508_0e7f408097.jpg,7.691482293e-08
3220650628_4ed964e5b4.jpg,1.046886138e-07
2393924525_1bf45ca217.jpg,8.007435177e-08
3590753142_61993d39df.jpg,8.455495561e-08
3368865171_597d51cdd5.jpg,4.944470498e-08
472860064_a96a228796.jpg,1.23426524e-07
3587596696_9c5964c94d.jpg,6.833786554e-08
2041867793_552819a40b.jpg,6.627749866e-08
3094278545_febac56382.jpg,1.671293097e-07
333031366_a0828c540d.jpg,1.803610688e-07
3612538549_2828b45867.jpg,1.724217403e-07
154871781_ae77696b77.jpg,7.669058048e-08
3338217927_3c5cf3f7c6.jpg,1.457455123e-07
3362805914_72f60ee8cb.jpg,1.056787008e-07
442594271_2c3dd38483.jpg,1.412027987e-07
512026551_ba63ddbd31.jpg,1.468660944e-07
1801663973_5ad393caeb.jpg,9.793681321e-08
2744705147_acd767d3eb.jpg,9.990466363e-08
3344233740_c010378da7.jpg,8.032022346e-08
3690348036_a01f243fb0.jpg,6.86460391e-08
2363540508_9dd1ccf7c7.jpg,9.734692037e-08
812196663_0c969970b5.jpg,1.280578925e-07
297724467_e8918a6f90.jpg,1.17865463e-07
2926595608_69b22be8d4.jpg,6.490210637e-08
938162709_21443d352f.jpg,8.472150035e-08
241347114_6273736da8.jpg,1.055554016e-07
3404870997_7b0cd755de.jpg,7.847064832e-08
381976882_0063d16d88.jpg,6.413177907e-08
3710073758_ac2b217f29.jpg,5.345474635e-08
1478268555_7e301fc510.jpg,6.57944582e-08
3485486737_953f9d3be2.jpg,8.644806363e-08
531152619_6db02a7ed9.jpg,1.390910959e-07
1319634306_816f21677f.jpg,8.528422892e-08
2385744837_8780f6731a.jpg,9.990975874e-08
1387461595_2fe6925f73.jpg,1.253358407e-07
2314722788_6262c3aa40.jpg,1.252679166e-07
1213336750_2269b51397.jpg,1.317623502e-07
10815824_2997e03d76.jpg,1.072434612e-07
258476074_f28f4a1ae6.jpg,1.09027219e-07
3606355203_1260f43ec0.jpg,1.080942585e-07
343662720_39e4067cd1.jpg,5.698458248e-08
3484576025_a8c50942aa.jpg,1.172194125e-07
2593695271_4d9cc9bd6f.jpg,7.120026619e-08
3132832452_c354c6396c.jpg,9.558311431e-08
1808007704_ee8a93abb4.jpg,1.107417894e-07
697778778_b52090709d.jpg,7.231892435e-08
2486364531_b482d7f521.jpg,1.069674549e-07
892340814_bdd61e10a4.jpg,1.086534572e-07
293881927_ac62900fd4.jpg,7.782620486e-08
3128514681_a51b415c31.jpg,8.075232834e-08
2286270205_16038dec5a.jpg,1.23099825e-07
233327292_3bcbc3783f.jpg,1.140094337e-07
356929855_6bbf33d933.jpg,1.668953635e-07
3578981202_efef47e264.jpg,1.203622515e-07
2392460773_2aa01eb340.jpg,1.090637727e-07
2919459517_b8b858afa3.jpg,7.665509014e-08
3330019493_fd36fbc2ea.jpg,7.909656514e-08
2119302248_72493d458c.jpg,9.293374946e-08
2884651479_12e400ee58.jpg,1.53425815e-07
1016887272_03199f49c4.jpg,1.102214127e-07
3518687038_964c523958.jpg,6.514265181e-08
103106960_e8a41d64f8.jpg,8.951045338e-08
298920219_9a3f80acc5.jpg,1.425097767e-07
3301744710_b51280eb56.jpg,1.091617561e-07
3079341641_f65f6b0f8b.jpg,8.698099074e-08
2112661738_de71b60b88.jpg,7.739975425e-08
911795495_342bb15b97.jpg,1.814917971e-07
3185787277_b412d7f5b7.jpg,8.979213832e-08
847782643_57248bbdab.jpg,7.805322834e-08
2151300603_248a9fe715.jpg,9.290970392e-08
3576250302_14779632bd.jpg,1.231016991e-07
3222055946_45f7293bb2.jpg,9.201360625e-08
3220200084_3ea129336e.jpg,1.013083255e-07
2860035355_3fe7a5caa4.jpg,7.25222906e-08
2544246151_727427ee07.jpg,9.106508038e-08
3419634480_c390f62a6e.jpg,9.457874351e-08
2268115375_69884e958d.jpg,8.56078869e-08
3214885227_2be09e7cfb.jpg,1.564959748e-07
2410618963_fb78307d18.jpg,9.508671036e-08
3339751521_7a8768be27.jpg,1.346684981e-07
3547368652_0d85c665d3.jpg,6.63320895e-08
2956413620_d59de03a06.jpg,1.278648379e-07
3469585782_e708496552.jpg,1.05919623e-07
3399284917_721aefe2a7.jpg,9.362045643e-08
3043266735_904dda6ded.jpg,1.01307688e-07
487074671_66db20bf47.jpg,8.225286453e-08
3306212559_731ba9bd05.jpg,1.077193547e-07
3318564834_4ccea90497.jpg,7.511324033e-08
2358447641_10f1e9d21f.jpg,1.146003316e-07
2678798732_2998f9969c.jpg,5.381579361e-08
3388836914_c267cf3a59.jpg,8.036593607e-08
2222559267_6fd31e3941.jpg,8.608315118e-08
1388373425_3c72b56639.jpg,6.33502555e-08
2276499757_b44dc6f8ce.jpg,1.027802294e-07
309049466_1d7e7d5fc2.jpg,6.243982613e-08
2442243868_abe8f74fb4.jpg,1.57547099e-07
2833820456_143ea6ce47.jpg,7.746047332e-08
2728276857_3f83757ef2.jpg,8.997691587e-08
3090957866_f1b2b7f214.jpg,8.296199894e-08
1659358141_0433c9bf99.jpg,1.092114071e-07
3206999917_e682672cbc.jpg,8.133216682e-08
210839948_bbd5bfa3b6.jpg,9.561033257e-08
1526181215_c1a94325ae.jpg,1.048726328e-07
2856456013_335297f587.jpg,7.893578663e-08
2603125422_659391f961.jpg,9.51050284e-08
2453318633_550228acd4.jpg,1.013174544e-07
3456362961_d8f7e347a8.jpg,1.026912609e-07
2550011909_6b95f11330.jpg,6.804809408e-08
3102204862_f1d220230b.jpg,9.097393511e-08
1454841725_4b6e6199e2.jpg,8.941473426e-08
824923476_d85edce294.jpg,9.299843938e-08
2945036454_280fa5b29f.jpg,1.122185752e-07
2128119486_4407061c40.jpg,1.70697303e-07
506367606_7cca2bba9b.jpg,8.218712811e-08
3537474810_cf676b3259.jpg,8.853833164e-08
433810429_a4da0eac50.jpg,5.442486395e-08
973827791_467d83986e.jpg,1.177802629e-07
2519812011_f85c3b5cb5.jpg,8.910577611e-08
271177682_48da79ab33.jpg,1.028320705e-07
241347700_ef2451d256.jpg,1.534738513e-07
394563330_68b566368c.jpg,6.539755215e-08
3122579598_14841c038a.jpg,9.028378466e-08
3366904106_e996320d20.jpg,1.175228554e-07
2938875913_0ed920a6be.jpg,8.402719801e-08
3478877323_0a507a601b.jpg,7.069789601e-08
2892413015_5ecd9d972a.jpg,9.48735035e-08
3720366614_dfa8fe1088.jpg,1.259998165e-07
3612249030_e2829ffa31.jpg,1.790188704e-07
3738685861_8dfff28760.jpg,8.213445357e-08
3393152604_27bd1037f2.jpg,1.139664348e-07
145721498_a27d2db576.jpg,1.533727211e-07
3083016677_5782bc337c.jpg,5.249282891e-08
3139393607_f0a54ca46d.jpg,1.41673616e-07
3564148252_aa4cb36a32.jpg,7.583614396e-08
1931690777_897a7d8ab6.jpg,5.4609347e-08
3415578043_03d33e6efd.jpg,9.306358048e-08
2672588619_3849930e99.jpg,1.069687586e-07
3288174272_2daa06d360.jpg,8.661264709e-08
2500354186_0836309cc9.jpg,9.551642633e-08
2661294969_1388b4738c.jpg,5.826525686e-08
2830309113_c79d7be554.jpg,9.351133829e-08
492341908_1ef53be265.jpg,6.943445454e-08
1317292658_ba29330a0b.jpg,1.021389265e-07
317641829_ab2607a6c0.jpg,1.197950696e-07
3677613006_4689cb8e4e.jpg,9.069589524e-08
3430526230_234b3550f6.jpg,1.092520773e-07
3663307538_468739e4c3.jpg,1.114317672e-07
2540360421_f7c2401da8.jpg,1.228954805e-07
3590653633_495de5f288.jpg,9.659129538e-08
1295698260_e10c53c137.jpg,1.181035572e-07
270724499_107481c88f.jpg,1.754123158e-07
3174713468_e22fa7779e.jpg,7.668317713e-08
3437273677_47d4462974.jpg,9.313722717e-08
3201427741_3033f5b625.jpg,9.428508026e-08
3162442331_c9711857c6.jpg,1.359105934e-07
3454988449_1de1ef4f20.jpg,6.366228119e-08
3342309960_c694b2cce9.jpg,6.903702212e-08
2429729667_42effc165d.jpg,1.011131157e-07
2297471897_3419605c16.jpg,1.122233456e-07
697490420_67d8d2a859.jpg,1.091020169e-07
3476709230_6439305bf2.jpg,1.066524555e-07
2295447147_458cfea65a.jpg,1.458307375e-07
1469358746_2a879abaf3.jpg,7.234194186e-08
3616771728_2c16bf8d85.jpg,9.010890093e-08
3718892835_a3e74a3417.jpg,8.451038276e-08
3298233193_d2a550840d.jpg,1.208218484e-07
3497236690_a48bf7ac42.jpg,8.686106713e-08
2403078014_4b1d6f8bde.jpg,7.955356787e-08
2999735171_87ca43c225.jpg,6.793469599e-08
3616638478_641d02183d.jpg,6.931609707e-08
3413571342_b9855795e2.jpg,1.053336586e-07
508432819_3d055f395d.jpg,9.266398169e-08
2374652725_32f90fa15c.jpg,1.31282179e-07
241347300_7c84ecf764.jpg,8.774428771e-08
2931254547_e97c6d0d63.jpg,1.232812338e-07
244760289_f4467b2b67.jpg,1.318206112e-07
3541483943_9776baee7c.jpg,9.64677137e-08
3584603849_6cfd9af7dd.jpg,2.320595724e-07
2884092603_786b53a74b.jpg,7.968073294e-08
2255332561_3375897ff0.jpg,1.120331679e-07
3307147971_5b3abf61f9.jpg,8.910273046e-08
2953861572_d654d9b6f2.jpg,1.205590223e-07
3072172967_630e9c69d0.jpg,7.11305531e-08
1473618073_7db56a5237.jpg,7.724075924e-08
1354318519_2f9baed754.jpg,2.242043443e-07
3559781965_d4ec00e506.jpg,1.209789829e-07
3027399066_ca85495775.jpg,8.358440709e-08
429283612_37f6e7fb7f.jpg,1.079584802e-07
2029280005_a19609c81a.jpg,7.604082296e-08
2592711202_55f8c64495.jpg,8.306477239e-08
3263741906_6e4508d1c8.jpg,2.021502245e-07
3551281733_b43bf6f870.jpg,1.774785865e-07
493507605_48fe8e3739.jpg,7.628969418e-08
3535768334_a3924bcccd.jpg,1.382296427e-07
684375286_09cc1aa778.jpg,9.484269621e-08
2102732029_9ae520914d.jpg,1.184635069e-07
3426144752_28d63615ca.jpg,8.749460844e-08
346253487_687150ab04.jpg,9.742477289e-08
3454315016_f1e30d4676.jpg,9.555253418e-08
3550255426_4ab03c0d6e.jpg,9.127608446e-08
2236016316_f476cbbf06.jpg,1.015387306e-07
1675679141_36c9bc2969.jpg,1.337175647e-07
3139895886_5a6d495b13.jpg,1.329655014e-07
2265100168_175f8218af.jpg,9.992930098e-08
3523559027_a65619a34b.jpg,6.10954176e-08
421932359_edbf181f44.jpg,9.214857863e-08
3376942201_2c45d99237.jpg,1.335170565e-07
2458033289_f0616879df.jpg,7.31493866e-08
2709648336_15455e60b2.jpg,8.060294694e-08
2337809114_899ba61330.jpg,7.270555369e-08
3377344932_6dfce93248.jpg,8.675190831e-08
445655284_c29e6d7323.jpg,9.361291119e-08
3502993968_4ee36afb0e.jpg,7.976671294e-08
599366440_a238e805cf.jpg,1.046870711e-07
152029243_b3582c36fa.jpg,8.724115736e-08
2952751562_ff1c138286.jpg,5.798724368e-08
3336831820_5c5df4b033.jpg,1.308048525e-07
418616992_22090c6195.jpg,1.065852282e-07
3568225554_73cdb19576.jpg,8.991148592e-08
2545363449_1985903f82.jpg,1.137772756e-07
2176147758_9a8deba576.jpg,6.610063337e-08
3117562746_62f57a02b5.jpg,1.170730236e-07
1594038143_57f299aa8a.jpg,8.191906222e-08
2695001634_127fe2f0d7.jpg,8.67563718e-08
3082474922_9c3533eaf6.jpg,1.42208859e-07
3503623999_bbd5dcfb18.jpg,6.325291965e-08
1446933195_8fe9725d62.jpg,1.000958657e-07
3139389284_f01bd4c236.jpg,1.644011119e-07
848293676_98e73c52c1.jpg,1.570103041e-07
2924908529_0ecb3cdbaa.jpg,6.689856724e-08
3397228832_8ce5b1c26f.jpg,1.224474744e-07
2705947033_5999147842.jpg,8.228392121e-08
3533922605_a2b1e276f6.jpg,7.541226053e-08
3221815947_76c95b50b7.jpg,9.736123212e-08
3181701312_70a379ab6e.jpg,8.120171462e-08
415657941_454d370721.jpg,8.848435291e-08
412056525_191724b058.jpg,1.203632338e-07
2431832075_00aa1a4457.jpg,9.163726727e-08
3252457866_b86614064c.jpg,8.913721993e-08
3558370311_5734a15890.jpg,1.113665364e-07
537390477_7dd3407f96.jpg,1.790248946e-07
3526018344_450c517a72.jpg,1.240543264e-07
3138504165_c7ae396294.jpg,7.138249486e-08
1606988704_fe330878a3.jpg,9.681350373e-08
2430860418_fd0726f414.jpg,1.481927165e-07
2103568100_5d018c495b.jpg,8.718614984e-08
3068994801_b2bc079e67.jpg,7.461878779e-08
2630507245_bea4804288.jpg,1.052689918e-07
436009777_440c7679a1.jpg,4.133699596e-08
232874193_c691df882d.jpg,1.599968797e-07
525538142_7348f0bce7.jpg,1.346279593e-07
1465666502_de289b3b9c.jpg,8.215031834e-08
520491467_54cbc0a866.jpg,7.791521771e-08
542648687_adf13c406b.jpg,1.162758065e-07
3524914023_4e96edb09f.jpg,9.829176208e-08
2939007933_8a6ef2d073.jpg,1.007729652e-07
281419391_522557ce27.jpg,7.962821439e-08
549520317_af3d5c32eb.jpg,9.10789311e-08
3100251515_c68027cc22.jpg,8.82169131e-08
3397259310_1ed1a346b5.jpg,7.442250678e-08
2858439751_daa3a30ab8.jpg,7.818168499e-08
2422018883_336519b5c6.jpg,1.422727899e-07
2750867389_4b815f793a.jpg,7.747742664e-08
1598085252_f3219b6140.jpg,1.290414397e-07
2479553749_f7ac031940.jpg,7.449388639e-08
2522297487_57edf117f7.jpg,1.157024375e-07
3178005751_fca19815ac.jpg,7.914712243e-08
1453366750_6e8cf601bf.jpg,6.432621491e-08
3252588185_3210fe94be.jpg,1.321727731e-07
2115631346_9585a479b0.jpg,8.24534693e-08
2295894587_2fd8faf550.jpg,1.867491544e-07
3249014584_21dd9ddd9d.jpg,6.631503557e-08
3359089834_263e529c71.jpg,1.082523338e-07
3738789925_7d17dbdf25.jpg,8.379117843e-08
516998046_1175674fcd.jpg,1.198306448e-07
3697456750_460aea7252.jpg,6.113907027e-08
3447007090_08d997833a.jpg,7.917139708e-08
2225231022_1632d0a5aa.jpg,7.855481108e-08
3583321426_f373c52161.jpg,1.140331194e-07
3155361712_2cbf59c78e.jpg,7.690792503e-08
3099264059_21653e2536.jpg,8.155178468e-08
141139674_246c0f90a1.jpg,1.148657427e-07
3422458549_f3f3878dbf.jpg,6.41990085e-08
527968666_1fcddf81ab.jpg,1.103380779e-07
2339516180_12493e8ecf.jpg,7.474879384e-08
3280644151_3d89cb1e0e.jpg,9.376825293e-08
369802520_9825f2cd84.jpg,1.137406211e-07
533713007_bf9f3e25b4.jpg,6.196777354e-08
1579287915_4257c54451.jpg,8.322124677e-08
2121140070_a09644550b.jpg,1.242075966e-07
2359784186_36c9746d02.jpg,9.207701534e-08
2101128963_fdf8b2a0d7.jpg,9.031909731e-08
2647593678_1fa3bb516c.jpg,7.30515625e-08
2196846255_2c1635359a.jpg,9.333630477e-08
2869253972_aa72df6bf3.jpg,8.069512299e-08
3549277110_24d4064ccd.jpg,7.154275493e-08
2347921097_f2e35753c0.jpg,1.320588132e-07
2510560080_1439fe32f2.jpg,9.958065145e-08
2739332078_13d9acce59.jpg,9.333394776e-08
2423856014_8df0e7f656.jpg,6.790606074e-08
2998945968_86f236d1e8.jpg,7.159244637e-08
3348191949_b0b925e5f1.jpg,8.226478881e-08
2685788323_ceab14534a.jpg,1.295417089e-07
3544312930_3a0b8d70c1.jpg,1.23519422e-07
2136514643_93d8f75a77.jpg,5.716365595e-08
493621130_152bdd4e91.jpg,1.002907287e-07
2261169495_98254e2e66.jpg,8.408270102e-08
1424237335_b3be9920ba.jpg,9.180876879e-08
544122267_e9e0100bc5.jpg,6.480727634e-08
347543966_b2053ae78c.jpg,8.525543099e-08
3091962081_194f2f3bd4.jpg,7.576704498e-08
3673035152_da7ed916d9.jpg,1.225076456e-07
2525270674_4ab536e7ec.jpg,1.364407083e-07
2252264255_03fefc25af.jpg,1.066926395e-07
2902486045_6298eb22ef.jpg,1.333836758e-07
322050103_145f7233c6.jpg,8.340852211e-08
791338571_7f38510bf7.jpg,1.150699853e-07
3251906388_c09d44340e.jpg,1.21260695e-07
3148647065_2d6cd88cf6.jpg,1.284832759e-07
3524975665_7bec41578b.jpg,1.145339765e-07
3673484638_dce87295fe.jpg,1.037767226e-07
2837808847_5407af1986.jpg,1.402292002e-07
3380519003_9f91d5a7fb.jpg,9.377962495e-08
2891924845_92f69b0f18.jpg,8.359080578e-08
2773011586_6f4cd41e84.jpg,1.130321964e-07
172092464_d9eb4f4f2f.jpg,1.027856803e-07
3319489465_c65c91e4f2.jpg,1.043933937e-07
429205889_ff5a006311.jpg,1.003595017e-07
3203872773_6c30f64be3.jpg,1.145425232e-07
2551344688_17a12a6948.jpg,1.3943285e-07
217838128_1f0a84ddc1.jpg,1.132619377e-07
2662570182_350baa020f.jpg,8.15044595e-08
2649850541_59a6c7f01c.jpg,1.296318108e-07
3157744152_31ace8c9ed.jpg,7.010572311e-08
2642688531_8fb68b2147.jpg,8.652562286e-08
247652942_29ede19352.jpg,1.209906187e-07
2848977044_446a31d86e.jpg,6.124084468e-08
2847859796_4d9cb0d31f.jpg,1.022257577e-07
490390951_87395fcb1c.jpg,8.834297837e-08
3425414048_fa14d33067.jpg,9.573470559e-08
2774430374_fee1d793e7.jpg,1.378397847e-07
3212456649_40a3052682.jpg,6.002294582e-08
1220401002_3f44b1f3f7.jpg,1.104097107e-07
2540203582_9a9ac92a5d.jpg,8.097247443e-08
1918573100_d31cbb6b77.jpg,7.841267543e-08
3227111573_c82f7d68b1.jpg,1.033444413e-07
3480126681_52cea26bda.jpg,8.228915897e-08
3659686168_49c3abcee1.jpg,8.338752528e-08
2891617125_f939f604c7.jpg,1.127964277e-07
3358682439_be4b83544c.jpg,1.115656062e-07
2575647360_f5de38c751.jpg,9.78746112e-08
2752919987_8bfca604ab.jpg,5.231606636e-08
2672445419_251ce9419a.jpg,9.376720106e-08
299612419_b55fe32fea.jpg,8.082409758e-08
3328247381_a9f7fb4898.jpg,1.352491952e-07
2836360729_6500249fe6.jpg,4.014619312e-08
3660826540_481d25fbb0.jpg,8.739968446e-08
2378149488_648e5deeac.jpg,5.919965271e-08
267325341_1a96ef436e.jpg,7.775069325e-08
3682277595_55f8b16975.jpg,1.240252483e-07
399212516_d68046b277.jpg,6.635031122e-08
317383917_d8bfa350b6.jpg,1.117448103e-07
310260324_7f941814bc.jpg,8.624755628e-08
3737492755_bcfb800ed1.jpg,6.844561419e-08
3665996775_6d7d9a46f1.jpg,1.297599351e-07
3275711232_e261143664.jpg,1.36117308e-07
3733074526_82aa8d5f8d.jpg,8.943815138e-08
299676757_571ee47280.jpg,8.667929825e-08
2656749876_e32495bd8c.jpg,1.337700655e-07
624058168_f1c5e87e59.jpg,6.581090496e-08
287999021_998c2eeb91.jpg,1.009450863e-07
534875358_6ea30d3091.jpg,1.007298504e-07
341430859_4519802e8f.jpg,1.320084802e-07
1937104503_313d22a2d0.jpg,1.318529425e-07
2701271123_6761bc5f26.jpg,1.349359778e-07
143552697_af27e9acf5.jpg,1.427577335e-07
3019199755_a984bc21b1.jpg,7.559563717e-08
2009636597_e3f4fe19fb.jpg,6.161855933e-08
3229898555_16877f5180.jpg,1.170157757e-07
400851260_5911898657.jpg,2.350381944e-07
3156991513_3bf03333d8.jpg,7.006030925e-08
3472703856_568d9778b5.jpg,1.010719906e-07
1396703063_e8c3687afe.jpg,1.136889742e-07
1472230829_803818a383.jpg,1.135540644e-07
1685463722_55843b6d3c.jpg,1.269285731e-07
3248752274_96740ed073.jpg,9.53635772e-08
2256138896_3e24b0b28d.jpg,9.080065513e-08
3530504007_3272c57e21.jpg,9.279289389e-08
2875658507_c0d9ceae90.jpg,9.003200282e-08
3102363657_dc95fe6850.jpg,1.030946632e-07
2886411666_72d8b12ce4.jpg,9.646052792e-08
2766854400_640e2abe08.jpg,9.925807001e-08
276356412_dfa01c3c9e.jpg,9.806498536e-08
3257207516_9d2bc0ea04.jpg,7.449328404e-08
416106657_cab2a107a5.jpg,1.194605189e-07
3001612175_53567ffb58.jpg,7.755732881e-08
404850242_3a55a4c874.jpg,8.679419382e-08
1227655020_b11a1bb112.jpg,6.644889969e-08
2546959333_23b957988f.jpg,1.040672795e-07
244870123_dcb6e53643.jpg,9.81359278e-08
2896483502_6f807bae9e.jpg,1.488004245e-07
537532165_e4b7c0e61a.jpg,7.723110042e-08
530888330_a18343e38d.jpg,2.073506968e-07
975131015_9acd25db9c.jpg,1.046111779e-07
3293018193_e4e0c8db7c.jpg,1.069952437e-07
2616284322_b13e7c344e.jpg,7.888462114e-08
3477369101_8e0c61d8f4.jpg,8.873361707e-08
2172493537_128bc8b187.jpg,1.575734285e-07
3340857141_85d97a7466.jpg,8.097056675e-08
3023178539_836b50cd43.jpg,1.127224443e-07
3608752424_01a1cfd8a6.jpg,9.234926397e-08
2918880895_e61f74f2f0.jpg,1.151486799e-07
2657663775_bc98bf67ac.jpg,8.088317837e-08
1536774449_e16b1b6382.jpg,9.766013998e-08
1999444757_1b92efb590.jpg,1.034807257e-07
1387443857_602ab6f9bf.jpg,9.48759743e-08
2947274789_a1a35b33c3.jpg,1.137308166e-07
2286823363_7d554ea740.jpg,1.642858825e-07
3630332976_fdba22c50b.jpg,8.546068294e-08
2990977776_1ec51c9281.jpg,8.138474253e-08
3532761259_14026c1e96.jpg,9.966349335e-08
2219805467_370ee1b7aa.jpg,1.632861018e-07
3332248667_617606714b.jpg,6.954997353e-08
543363241_74d8246fab.jpg,9.321232927e-08
3115901702_f07aa0ef74.jpg,6.57421178e-08
3486154327_8be7c78569.jpg,9.071576512e-08
2171154778_8189169336.jpg,1.238870556e-07
3523874798_9ba2fa46e3.jpg,9.838409052e-08
2090997177_76d482b158.jpg,1.533154391e-07
2638369467_8fc251595b.jpg,1.011679643e-07
3582066525_e9d6377f56.jpg,1.553366134e-07
3671935691_57bdd0e778.jpg,8.348860962e-08
1406010299_5755339f08.jpg,8.761430805e-08
2424398046_1a55c71376.jpg,9.23846787e-08
3025495499_b15797b452.jpg,6.005435756e-08
2555535057_007501dae5.jpg,1.696442884e-07
2355819665_39021ff642.jpg,7.67715644e-08
3348208268_6d97d951eb.jpg,1.054618721e-07
551403320_dfdcf9fc3b.jpg,8.275007073e-08
2579268572_d78f8436cb.jpg,4.793247111e-08
2428751994_88a6808246.jpg,1.131772491e-07
745880539_cd3f948837.jpg,9.014738198e-08
2394824046_51cec8e5e7.jpg,6.947129173e-08
3164347907_2813f8ff0b.jpg,1.04298064e-07
2501595799_6316001e89.jpg,8.473194211e-08
1470061031_4cb59c12a8.jpg,1.139344537e-07
3649802021_8a689bc153.jpg,7.644613343e-08
3638577494_fe55f7b4cb.jpg,6.48982024e-08
2940594396_20c40947b0.jpg,8.642721222e-08
197924859_f6e39a7dfa.jpg,7.305553689e-08
2865703567_52de2444f2.jpg,5.998378982e-08
3758787457_1a903ee1e9.jpg,1.446916806e-07
2666078276_f7b3056997.jpg,1.06084088e-07
2737609659_efce872c24.jpg,7.955161101e-08
3131107810_7e9b96cddc.jpg,7.977106565e-08
2279945145_8815c59217.jpg,9.559660409e-08
241346434_0527ea1c07.jpg,1.092712444e-07
543940240_a54a3c7989.jpg,8.85564008e-08
309771854_952aabe3cc.jpg,1.200138538e-07
2676015068_690b0fb2cd.jpg,7.90753505e-08
3425127583_611200619a.jpg,7.957155467e-08
3122773470_b622205948.jpg,9.169503839e-08
3439128755_84409b8823.jpg,1.488252398e-07
2922222717_12195af92d.jpg,1.1249907e-07
361092202_3d70144ebd.jpg,1.825482435e-07
3692892751_f6574e2700.jpg,7.646953455e-08
439569646_c917f1bc78.jpg,1.248578902e-07
2856699493_65edef80a1.jpg,8.71283026e-08
197107117_4b438b1872.jpg,7.637854351e-08
95728660_d47de66544.jpg,1.117999843e-07
2215136723_960edfea49.jpg,9.47219719e-08
2657643451_b9ddb0b58f.jpg,8.765502356e-08
2815788792_d226215d10.jpg,1.356217537e-07
512991147_dc48e6839c.jpg,5.222642277e-08
332045444_583acaefc3.jpg,1.454731382e-07
3584406900_039f30b34c.jpg,9.296115175e-08
486300784_2cc7a770ff.jpg,1.499608079e-07
2773682293_3b712e47ff.jpg,6.583846978e-08
1355833561_9c43073eda.jpg,1.612442474e-07
1481062342_d9e34366c4.jpg,1.038505882e-07
688940111_325a74674a.jpg,1.109837581e-07
478754346_addb53893c.jpg,8.203433483e-08
2194286203_5dc620006a.jpg,1.027256692e-07
392976422_c8d0514bc3.jpg,1.495981889e-07
2103361407_4ed4fc46bf.jpg,1.081166979e-07
2525455265_f84ba72bd7.jpg,5.955408101e-08
2938316391_97382d14aa.jpg,1.255409662e-07
3659769138_d907fd9647.jpg,1.275318118e-07
3455405300_aa3069ecaa.jpg,8.708428095e-08
3646970605_d25c25340b.jpg,7.830248267e-08
3438858409_136345fa07.jpg,5.887126465e-08
887108308_2da97f15ef.jpg,7.814467857e-08
3025334206_76888792e5.jpg,7.336208437e-08
364213568_7f83e7d144.jpg,1.161266799e-07
3198237818_cb5eb302f0.jpg,8.828488936e-08
824782868_a8f532f3a6.jpg,1.136360109e-07
3256603992_67312b5a36.jpg,6.103474318e-08
2589156742_c46bc82137.jpg,9.55695598e-08
2846785268_904c5fcf9f.jpg,5.501491024e-08
3003612178_8230d65833.jpg,5.840442679e-08
619169586_0a13ee7c21.jpg,1.295692657e-07
2021671653_567395c7cf.jpg,9.912012603e-08
2043427251_83b746da8e.jpg,1.116334824e-07
3625519177_4c2bb9e7f0.jpg,1.137047335e-07
394463341_5311c53783.jpg,7.965217522e-08
3344526059_4a097af285.jpg,7.197717632e-08
2378127945_8dc9da82d7.jpg,1.493989096e-07
3690425778_3b390b3ea5.jpg,6.001233725e-08
3470129475_9e58b6742c.jpg,5.548176122e-08
1388346434_524d0b6dfa.jpg,9.554379109e-08
3334057289_68ece38a85.jpg,9.596614834e-08
2182050469_1edac0bc60.jpg,1.590277553e-07
2399219552_bbba0a9a59.jpg,9.2889922e-08
2866254827_9a8f592017.jpg,9.971376074e-08
3434452829_62cee280bc.jpg,4.424101877e-08
2467853482_17009933e8.jpg,1.243860269e-07
978580450_e862715aba.jpg,1.595732509e-07
3435648640_b2f68efb78.jpg,1.132240762e-07
3104909823_0f41dd8be6.jpg,1.442667201e-07
3336759846_5220e27deb.jpg,6.24179837e-08
491600485_26c52c8816.jpg,7.775957059e-08
3613005134_bb7f304da1.jpg,8.484353972e-08
1378557186_4bd1da6834.jpg,5.396661527e-08
551664516_78a5131dc4.jpg,7.657877832e-08
3725177385_62d5e13634.jpg,8.862009147e-08
765091078_a8a11c6f9e.jpg,1.224358413e-07
3046430047_d7b10123d0.jpg,6.445814964e-08
2483993827_243894a4f9.jpg,9.218987215e-08
2125454445_5c5c4bf906.jpg,5.96454502e-08
3219065971_702c4e8c34.jpg,8.28067134e-08
1965278563_8279e408de.jpg,9.25694352e-08
439049388_3dcee2d30b.jpg,1.056710369e-07
3207358897_bfa61fa3c6.jpg,7.735422059e-08
2090327868_9f99e2740d.jpg,8.001012551e-08
195962284_e57178054a.jpg,1.058185656e-07
2854207034_1f00555703.jpg,1.063646311e-07
2592019072_a6c0090da4.jpg,9.985677709e-08
483039719_75181b2726.jpg,9.026961838e-08
2613920405_e91e6ebd7a.jpg,8.639454269e-08
905355838_3a43fdfd4e.jpg,1.165117216e-07
3638459638_ec74e3ff89.jpg,1.03587312e-07
3381788544_2c50e139dd.jpg,8.999229161e-08
3252985078_c4ee2aca4e.jpg,5.400009388e-08
3563673070_71fa0903ed.jpg,8.042030397e-08
3708839890_ed448012cf.jpg,4.655203863e-08
2661567396_cbe4c2e5be.jpg,5.763407602e-08
3321063116_4e5deeac83.jpg,1.722480605e-07
1897025969_0c41688fa6.jpg,1.18174027e-07
516214924_c2a4364cb3.jpg,1.129326872e-07
3110649716_c17e14670e.jpg,8.630602214e-08
524310507_51220580de.jpg,5.18061137e-08
3474265683_43b1033d94.jpg,8.96309931e-08
2384401298_e389c01abc.jpg,7.864946717e-08
3705976184_53ae07e898.jpg,1.02461657e-07
2243904502_2d265fed80.jpg,1.031287979e-07
1122944218_8eb3607403.jpg,1.418211221e-07
95734035_84732a92c1.jpg,1.070968219e-07
1814391289_83a1eb71d3.jpg,7.491095588e-08
3342487512_fd33971dea.jpg,8.760607554e-08
1562392511_522a26063b.jpg,8.537709597e-08
86542183_5e312ae4d4.jpg,1.311572786e-07
3301021288_95935b7a74.jpg,9.063276041e-08
3245070961_8977fdd548.jpg,1.240901815e-07
3181322965_ce9da15271.jpg,1.004982007e-07
1561658940_a947f2446a.jpg,5.381041672e-08
2021602343_03023e1fd1.jpg,1.167446994e-07
2978735290_7464b12270.jpg,8.682280181e-08
3371266735_43150bce52.jpg,9.057716337e-08
1163282319_b729b24c46.jpg,1.223053359e-07
3115174046_9e96b9ce47.jpg,9.814952663e-08
3500342526_393c739e2f.jpg,8.867590469e-08
3357416302_fcfcdd7b86.jpg,7.460671706e-08
3081363964_d404eccae8.jpg,1.437333675e-07
2113530024_5bc6a90e42.jpg,5.852588367e-08
3191805046_77c334b506.jpg,1.501890364e-07
3443351431_7b4061df5c.jpg,1.085700986e-07
3484649669_7bfe62080b.jpg,7.476440177e-08
3487979741_5f244c0c4b.jpg,6.607844352e-08
3039214579_43ef79f931.jpg,9.716193965e-08
2449552677_ee78f01bae.jpg,7.198119359e-08
2527303359_6c3dc3f282.jpg,1.284759308e-07
3035785330_2fd5e32bb1.jpg,9.511963757e-08
3423509305_e399d005db.jpg,1.117547251e-07
578644583_da3ff18dd1.jpg,9.14554307e-08
3443853670_6c79fcfcb2.jpg,9.498371763e-08
3342272425_804316cb3d.jpg,8.92030301e-08
1429723917_6af585e4c0.jpg,1.19140046e-07
2934801096_230ae78d7e.jpg,6.221177936e-08
2567035103_3511020c8f.jpg,1.070695379e-07
427683329_95d510a087.jpg,1.331302509e-07
1425069308_488e5fcf9d.jpg,1.277531062e-07
2206600240_f65df56a09.jpg,9.149953264e-08
755326139_ee344ece7b.jpg,1.02847612e-07
418357172_bdddf71d32.jpg,8.300632589e-08
1676601498_7d59327523.jpg,1.233667482e-07
3322200641_c2e51ff37b.jpg,1.498516792e-07
2596619849_7b635dd310.jpg,7.986783331e-08
2380740486_8cd5d4601a.jpg,3.057863944e-07
439037721_cdf1fc7358.jpg,1.560587568e-07
447722389_4b51b7e13d.jpg,9.433061023e-08
3597354819_0069aaf16e.jpg,1.032125818e-07
2366421102_2d60d53a0e.jpg,7.627515517e-08
3374722123_6fe6fef449.jpg,4.692533593e-08
3728164558_52729baefa.jpg,1.025763134e-07
3425061393_d093edb8da.jpg,6.935670972e-08
3449170348_34dac4a380.jpg,9.000656228e-08
1787222774_d5c68cce53.jpg,8.57378764e-08
3616846215_d61881b60f.jpg,8.112552138e-08
2060031241_a3ae7a06bb.jpg,1.154769647e-07
3628698119_5566769777.jpg,7.379063328e-08
3315353266_70f0bbb1c3.jpg,1.078423365e-07
488590040_35a3e96c89.jpg,9.319069871e-08
3085973779_29f44fbdaa.jpg,9.517396738e-08
377872472_35805fc143.jpg,1.572407843e-07
463978865_c87c6ca84c.jpg,8.672950032e-08
3249891130_b241591e89.jpg,8.659285464e-08
2954584849_3c2899f319.jpg,4.998335408e-08
2308978137_bfe776d541.jpg,1.21116064e-07
3596959859_a7cb1e194b.jpg,9.101884745e-08
3647826834_dc63e21bd0.jpg,8.180764262e-08
2058124718_89822bc96e.jpg,1.236654727e-07
3356284586_21c6f155a5.jpg,1.121542631e-07
2629294578_853a08bb43.jpg,1.473718017e-07
2186139563_e60c1d4b8b.jpg,8.093501804e-08
2445654384_4ee3e486e1.jpg,7.086087265e-08
3351111378_b5d80783a1.jpg,7.540962428e-08
3585117340_73e96b6173.jpg,1.82258445e-07
2710280476_dcccb8745a.jpg,8.923111452e-08
3718964174_cb2dc1615e.jpg,1.252265142e-07
2754271176_4a2cda8c15.jpg,8.818804768e-08
3134586018_ae03ba20a0.jpg,1.243822083e-07
1626754053_81126b67b6.jpg,1.255510296e-07
3359530430_249f51972c.jpg,1.063396172e-07
3604384157_99241be16e.jpg,8.458856207e-08
2160266952_a2ab39191b.jpg,8.955561474e-08
3461049169_e068ae4f25.jpg,9.677682915e-08
2695085632_10c4e6ea78.jpg,9.110766968e-08
575636303_b0b8fd4eee.jpg,8.636517063e-08
3284899112_f11ab3cfe6.jpg,7.281356757e-08
1093737381_b313cd49ff.jpg,1.151638721e-07
3544483327_830349e7bc.jpg,6.11705266e-08
2992999413_018f48aabc.jpg,7.470578521e-08
1813266419_08bf66fe98.jpg,1.264413511e-07
424379231_23f1ade134.jpg,9.33482549e-08
3176278670_195eea071c.jpg,6.908880858e-08
2967630001_cdc5560c0b.jpg,1.236890041e-07
353180303_6a24179c50.jpg,8.9663343e-08
2875583266_4da13ae12d.jpg,7.342175519e-08
3679707139_1cc1e71237.jpg,1.361368983e-07
3565598162_56044bc2f7.jpg,7.249692017e-08
2882589788_cb0b407a8d.jpg,9.205674946e-08
3060969260_08f43e4f4f.jpg,9.348344148e-08
2922981282_203f04bf9b.jpg,9.249597006e-08
3336808362_c17837afd8.jpg,5.810198623e-08
312156254_ef31dca5ed.jpg,5.345913649e-08
3356748019_2251399314.jpg,7.092325962e-08
3576741633_671340544c.jpg,1.057124286e-07
3330654550_3efe9a71af.jpg,6.63801795e-08
3516285214_59823b341e.jpg,1.616242944e-07
2322601965_748d59dc57.jpg,9.513919371e-08
2346402952_e47d0065b6.jpg,8.372531617e-08
1732217138_aa0199ef87.jpg,8.607406701e-08
3189293145_35dea42679.jpg,1.071834205e-07
488408004_a1e26d4886.jpg,1.056448258e-07
497579819_f91b26f7d3.jpg,6.799471624e-08
3424934891_69f18da66e.jpg,8.241465249e-08
3053813297_7ce5f87710.jpg,9.813165883e-08
747921928_48eb02aab2.jpg,6.811398669e-08
3584534971_b44f82c4b9.jpg,1.164227294e-07
1773928579_5664a810dc.jpg,7.926278569e-08
2539933563_17ff0758c7.jpg,8.841702937e-08
3009035153_715e39b440.jpg,1.159838221e-07
3619416477_9d18580a14.jpg,1.322949449e-07
2568656919_6e49d2a82b.jpg,1.596435436e-07
2204777844_1bcf26bf84.jpg,1.086521261e-07
436608339_f1d1298770.jpg,1.312580781e-07
3669069522_555c97fbfb.jpg,8.676219902e-08
2584020755_14e2b3e8fc.jpg,8.152556062e-08
444845904_a4531c811a.jpg,9.273982117e-08
186348874_75b2cf1ec5.jpg,9.021912064e-08
2862481071_86c65d46fa.jpg,8.342803674e-08
3109704348_c6416244ce.jpg,7.264075278e-08
368212336_bc19b0bb72.jpg,8.254117164e-08
735787579_617b047319.jpg,1.130574934e-07
3304511635_113beaf458.jpg,8.802557438e-08
3519815055_304dc8e8d6.jpg,7.097406823e-08
1404832008_68e432665b.jpg,1.469055285e-07
1252787177_4b08625897.jpg,9.740880703e-08
3333675897_0043f992d3.jpg,1.208036255e-07
3176968956_d942a93513.jpg,1.008727879e-07
2519594430_551225e5bd.jpg,1.267988873e-07
403678611_73978faed7.jpg,9.589093266e-08
3458215674_2aa5e64643.jpg,1.013731588e-07
3355827928_c96c0c3e88.jpg,1.65707986e-07
3376435746_1593d9b243.jpg,1.345770217e-07
3265209567_b3b9c8e0fe.jpg,9.825120801e-08
418796494_bdb441de42.jpg,1.370913743e-07
3216762979_813c45a8ec.jpg,1.792560587e-07
3639967449_137f48b43d.jpg,6.889616606e-08
3335501468_628655d608.jpg,1.486702563e-07
766099402_cdda6964f0.jpg,5.39352244e-08
3195701071_81879257f5.jpg,8.267080777e-08
3498354674_b636c7992f.jpg,7.051188551e-08
405051459_3b3a3ba5b3.jpg,1.368315352e-07
3405759441_fb31c80240.jpg,1.086450208e-07
3492734013_e6b177ed99.jpg,7.027383692e-08
2224995194_518859d97d.jpg,8.665732921e-08
2269961438_cae7a9c725.jpg,1.234254178e-07
3293945284_6a04e477a9.jpg,1.0970412e-07
2057305043_952b8dc82c.jpg,1.241070677e-07
3256274183_4eab3b2322.jpg,7.043300475e-08
640409060_6af18fdd54.jpg,1.005173621e-07
2857609295_16aaa85293.jpg,1.075570773e-07
3479245321_6a5bc470f8.jpg,7.942522283e-08
3482787182_a5c6d4b386.jpg,7.366586106e-08
263854883_0f320c1562.jpg,9.988841228e-08
3084034954_fe5737197d.jpg,7.333686664e-08
2911107495_e3cec16a24.jpg,9.705841657e-08
2273105617_7c73d2d2d3.jpg,8.016752543e-08
2772084628_c0ae29d87a.jpg,6.389968344e-08
3663951804_868982f3f9.jpg,8.591930001e-08
437404867_209625774d.jpg,6.196659413e-08
3376014640_ff5b00769f.jpg,7.825231504e-08
771366843_a66304161b.jpg,5.282382122e-08
3084011028_d1e2c40d7d.jpg,1.113819463e-07
2157003092_eaeb977789.jpg,1.045571886e-07
3504940491_94c43792ed.jpg,5.736237199e-08
2993049054_611f900644.jpg,1.131672446e-07
2544182005_3aa1332bf9.jpg,5.925306071e-08
2924884899_f512c84332.jpg,7.755177422e-08
2090386465_b6ebb7df2c.jpg,5.387132364e-08
127450902_533ceeddfc.jpg,1.654845056e-07
3234401637_84e0d14414.jpg,1.264993864e-07
1429546659_44cb09cbe2.jpg,9.906667386e-08
2564663851_3a9832e4fc.jpg,8.895156069e-08
3554634863_5f6f616639.jpg,5.309847633e-08
2929006980_9f9f8f3d21.jpg,5.996727411e-08
3425835357_204e620a66.jpg,9.685210549e-08
2075493556_b763648389.jpg,6.521408798e-08
3556390715_65c6d1e88b.jpg,1.175533021e-07
3590654365_fd4819f48b.jpg,7.017357869e-08
265528702_8653eab9fa.jpg,1.123991711e-07
3551787566_b5ebbe2440.jpg,9.400446764e-08
2736902411_a0010f89ae.jpg,5.686094591e-08
3413669228_ec64efeb34.jpg,9.139016632e-08
3700346840_bb80d622f7.jpg,8.066444995e-08
3036641436_d6594fc45f.jpg,7.407002384e-08
2974501005_346f74e5d8.jpg,1.309613453e-07
2599444370_9e40103027.jpg,9.297756412e-08
3187096035_65dc416291.jpg,8.830386283e-08
2543679402_9359e1ee4e.jpg,9.61077014e-08
1245022983_fb329886dd.jpg,6.386473369e-08
3472066410_065b4f99d3.jpg,1.021241609e-07
3016741474_72b4355198.jpg,8.064690789e-08
1802092493_7b44fdb6b9.jpg,9.678689141e-08
2181724497_dbb7fcb0a9.jpg,1.451294279e-07
3539840291_1c3eed701d.jpg,6.750658117e-08
3264464625_c711cc40c6.jpg,1.549209718e-07
447733067_09cfac3286.jpg,7.333092833e-08
3201594926_cd2009eb13.jpg,8.99888436e-08
289599470_cc665e2dfb.jpg,7.630419765e-08
3656030945_fa003bd696.jpg,1.339501206e-07
979383193_0a542a059d.jpg,9.371727171e-08
3155400369_69e3d6d70f.jpg,6.929053197e-08
3043685748_130db75e3b.jpg,7.042584977e-08
2072574835_febf0c5fb9.jpg,9.103537985e-08
300314926_0b2e4b64f5.jpg,1.450214632e-07
3530087422_7eb2b2c289.jpg,7.363270492e-08
293327462_20dee0de56.jpg,1.051407438e-07
750196276_c3258c6f1b.jpg,1.194838173e-07
2619454551_c4bb726a85.jpg,8.839796198e-08
300148649_72f7f0399c.jpg,7.244019991e-08
894928353_002a3d5f06.jpg,5.388746966e-08
2917057791_3d68a055ca.jpg,6.833894787e-08
366713533_bd6d48cf02.jpg,5.715847158e-08
3398746625_5199beea71.jpg,1.073750906e-07
3191135894_2b4bdabb6d.jpg,1.875276041e-07
2973269132_252bfd0160.jpg,1.783071142e-07
3315616181_15dd137e27.jpg,7.63331638e-08
1251558317_4ef844b775.jpg,6.64101603e-08
1932314876_9cc46fd054.jpg,1.011448465e-07
366548880_3d3e914746.jpg,6.760487573e-08
3448855727_f16dea7b03.jpg,1.149680444e-07
3025315215_a5d367971a.jpg,1.061919469e-07
3017203816_5dc2a6b392.jpg,8.308376907e-08
2707933554_f6dc5e0e3c.jpg,1.146820962e-07
2516317118_10ae66b87a.jpg,1.325684728e-07
2426215757_e008a91fcb.jpg,1.159067753e-07
2806710650_e201acd913.jpg,1.547921883e-07
3319338707_892ae2a660.jpg,7.251204186e-08
3681651647_08eba60f89.jpg,8.572559919e-08
1461653394_8ab96aae63.jpg,1.210820154e-07
3216085740_699c2ce1ae.jpg,6.110437557e-08
3582914739_bef2828a06.jpg,8.607243445e-08
256958382_b9006bfc5b.jpg,1.076254879e-07
3466891862_9afde75568.jpg,1.709968569e-07
1022454332_6af2c1449a.jpg,1.254113639e-07
2375924666_fee50f1cba.jpg,1.164167987e-07
2975807155_5a8610c297.jpg,1.061810257e-07
2918653119_f535fc25c4.jpg,8.601993714e-08
3432586199_e50b0d6cb7.jpg,8.258440486e-08
3090386315_87ed417814.jpg,1.26172388e-07
2970461648_fe14ba0359.jpg,1.199158302e-07
3474985112_24ef46e82d.jpg,6.94626403e-08
2715155329_1ed1756000.jpg,9.058451992e-08
2981372647_2061278c60.jpg,1.097303726e-07
3199645963_a681fe04f8.jpg,6.568022879e-08
3361882891_6e610ffdbb.jpg,1.013298572e-07
370442541_60d93ecd13.jpg,7.311537616e-08
1482960952_95f2d419cb.jpg,9.67634792e-08
1198194316_543cc7b945.jpg,8.398159193e-08
2136992638_098d62a3c5.jpg,1.245158358e-07
2831672255_d779807c14.jpg,1.036576582e-07
3133403457_95dfe11da1.jpg,1.132892243e-07
2270483627_16fe41b063.jpg,9.908309158e-08
2830880811_d7f66dd2cf.jpg,8.849639349e-08
3028969146_26929ae0e8.jpg,1.020002542e-07
3435015880_eda46ff50f.jpg,1.715417638e-07
3210457502_c6030ce567.jpg,9.286995303e-08
3246804978_ea2c9e56f2.jpg,1.66491949e-07
544301311_5e7d69a517.jpg,8.605615208e-08
3405113041_4b72c24801.jpg,1.260740066e-07
3494345896_dd6b32cfa3.jpg,9.761363514e-08
3697153626_90fb177731.jpg,6.535500978e-08
2942094037_f6b36fd3db.jpg,7.513644577e-08
3688839836_ba5e4c24fc.jpg,8.925481599e-08
1234293791_6566284bcd.jpg,8.329116656e-08
2998024845_1529c11694.jpg,9.085986586e-08
3514179514_cbc3371b92.jpg,8.736269988e-08
2877637572_641cd29901.jpg,1.051486688e-07
3336211088_4c294a870b.jpg,8.501077275e-08
453756106_711c20471a.jpg,1.485868278e-07
3116039960_54d1d68145.jpg,9.849967881e-08
3634828052_3b6aeda7d6.jpg,1.083836521e-07
1384292980_4022a7520c.jpg,9.462691351e-08
2747640247_b54bfa6886.jpg,8.584236562e-08
2784625888_71a421e171.jpg,6.66974833e-08
2059616165_b7c99c1009.jpg,1.331666333e-07
2232518012_8cb0bbc43b.jpg,7.923288576e-08
3079787482_0757e9d167.jpg,1.798742535e-07
531197115_2be4d5034b.jpg,4.592984561e-08
2194797921_96af7a9467.jpg,1.261596355e-07
3211210739_3dea005fde.jpg,7.589001892e-08
229951087_4c20600c32.jpg,1.574987304e-07
3582814058_564776f26c.jpg,8.63256747e-08
241347547_902725b9f8.jpg,9.928205784e-08
265223843_9ef21e1872.jpg,1.667309712e-07
3576840040_9356b5b10a.jpg,4.497796575e-08
2170187328_65c2f11891.jpg,9.421337363e-08
374104006_7f32c8c5de.jpg,9.183679273e-08
3391209042_d2de8a8978.jpg,1.269596836e-07
3073579130_7c95d16a7f.jpg,6.894182053e-08
3153828367_5fc2c37c07.jpg,7.805328607e-08
2664102751_d5a737a566.jpg,1.494289372e-07
799431781_65dc312afc.jpg,9.450162088e-08
3403370354_5d266873b4.jpg,8.794051523e-08
2107838729_a527e434bd.jpg,1.169765004e-07
3458625738_297857369c.jpg,9.276910849e-08
2102724238_3cf921d7bb.jpg,7.594199534e-08
2606433181_f8f9d38579.jpg,1.832991075e-07
2062607137_dac194ad02.jpg,1.212099664e-07
3108544687_c7115823f5.jpg,1.027983216e-07
2870875612_2cbb9e4a3c.jpg,1.389143351e-07
2479652566_8f9fac8af5.jpg,9.136035013e-08
2508313118_524e93d48c.jpg,6.340717325e-08
2271468944_3264d29208.jpg,1.089328297e-07
2538477523_1da77eb11c.jpg,6.960653984e-08
2872806249_00bea3c4e7.jpg,5.618489914e-08
3506216254_04d119cac7.jpg,7.627878234e-08
1020651753_06077ec457.jpg,1.690653371e-07
3582920844_2742804f3d.jpg,9.745930845e-08
3726590391_bc6e729bb6.jpg,6.987777464e-08
1574401950_6bedc0d29b.jpg,5.36299822e-08
409327234_7b29eecb4e.jpg,1.111799244e-07
2540326842_bb26cec999.jpg,1.000424823e-07
3467073304_aefe553c4d.jpg,7.62355754e-08
522700240_d9af45e60d.jpg,1.033280648e-07
3595408539_a7d8aabc24.jpg,1.289047882e-07
3601803640_5f3cb05acf.jpg,8.273841974e-08
3397803103_8a46d716f4.jpg,1.16273376e-07
1440024115_129212c988.jpg,1.093927803e-07
1032122270_ea6f0beedb.jpg,1.463874836e-07
2581066814_179d28f306.jpg,4.701702854e-08
2406591500_403f145905.jpg,1.060661591e-07
2274992140_bb9e868bb8.jpg,7.7637579e-08
3475111806_f0d2927707.jpg,5.796409307e-08
3634032601_2236676cdd.jpg,6.32529808e-08
2250870111_8402d2319d.jpg,6.677166737e-08
1473250020_dc829a090f.jpg,8.534950478e-08
3130064588_6d1d3fa2dd.jpg,8.254525755e-08
1478606153_a7163bf899.jpg,7.803599539e-08
2302516347_26054442f9.jpg,7.223584272e-08
3461041826_0e24cdf597.jpg,8.182518942e-08
3259229498_2b5708c0c6.jpg,8.92391144e-08
3217893350_57be430d06.jpg,9.724641675e-08
2098418613_85a0c9afea.jpg,9.223939523e-08
160792599_6a7ec52516.jpg,8.916373731e-08
2100046085_69b59b6645.jpg,8.356400847e-08
2629334536_11f2d49e05.jpg,7.764071422e-08
407008823_bdd7fc6ed5.jpg,8.980485112e-08
509123893_07b8ea82a9.jpg,9.101224308e-08
326585030_e1dcca2562.jpg,1.031560101e-07
270816949_ffad112278.jpg,1.257067833e-07
3375070563_3c290a7991.jpg,1.241131714e-07
3613375729_d0b3c41556.jpg,6.383411847e-08
244399048_8332bb3270.jpg,2.384963783e-07
3165936115_cb4017d94e.jpg,7.985563464e-08
3031263767_2e3856130e.jpg,7.633113996e-08
3665569615_9a71c4b6e4.jpg,1.146275453e-07
661757041_61e131e913.jpg,9.538776799e-08
3442272060_f9155194c2.jpg,1.119195268e-07
3514184232_b336414040.jpg,6.080793955e-08
1187435567_18173c148b.jpg,1.083789371e-07
3147913471_322ea231d9.jpg,7.5337573e-08
1784309115_0ad6791146.jpg,2.753089899e-07
2714699748_c9270dd5aa.jpg,1.229017853e-07
3262301835_9f1a49b80a.jpg,9.68210377e-08
3331525712_af1dcc47f2.jpg,7.495605715e-08
2402744031_11f9f2f2b8.jpg,8.756775289e-08
3572144280_ea42bbd927.jpg,6.621958182e-08
2739331794_4ae78f69a0.jpg,8.282255843e-08
3245912109_fdeef6b456.jpg,9.565670196e-08
3518675890_2f65e23ff9.jpg,1.532464115e-07
3458379941_657182bb09.jpg,5.30816119e-08
2428086758_bce4733f7e.jpg,1.118626017e-07
1794818900_e0ffdd268e.jpg,9.837362549e-08
1386251841_5f384a0fea.jpg,5.713334515e-08
1121416483_c7902d0d49.jpg,1.295039429e-07
247097023_e656d5854d.jpg,1.038766049e-07
2431120202_b24fe2333a.jpg,9.069297898e-08
2909609550_070eea49b5.jpg,2.641427429e-07
2635908229_b9fc90d3fb.jpg,1.403772185e-07
3544803461_a418ca611e.jpg,8.783136755e-08
3214100656_80cda1b86b.jpg,5.728216426e-08
3703960010_1e4c922a25.jpg,8.448510067e-08
2317714088_bcd081f926.jpg,9.540503647e-08
3298175192_bbef524ddc.jpg,9.89142305e-08
3353950389_1153d5e452.jpg,1.044383619e-07
3705430840_e108de78bf.jpg,1.123104242e-07
3427023324_f1f6504bf4.jpg,8.481871906e-08
3084010872_cbc3ea8239.jpg,1.097852687e-07
2498897831_0bbb5d5b51.jpg,7.109867668e-08
3636418958_f038130bb2.jpg,5.995893586e-08
584484388_0eeb36d03d.jpg,1.019162352e-07
3666574371_317b008d2a.jpg,1.456943172e-07
3254645823_a7c072481c.jpg,1.319187068e-07
2687529141_edee32649e.jpg,5.888095309e-08
540604040_bec822c144.jpg,1.204946457e-07
3280052365_c4644bf0a5.jpg,9.792390518e-08
2295750198_6d152d7ceb.jpg,2.267216616e-07
530950375_eea665583f.jpg,7.085991685e-08
251958970_fa6b423f23.jpg,7.218005656e-08
1459250022_bf1eddad11.jpg,7.91531221e-08
2596514158_c516e57974.jpg,1.21115119e-07
3192311620_99bda27fbd.jpg,1.618263779e-07
244760301_5809214866.jpg,1.260568342e-07
2923475135_a6b6e13d26.jpg,8.609183219e-08
3177799416_5bd0382370.jpg,1.03549743e-07
2507182524_7e83c6de82.jpg,1.405945194e-07
2370481277_a3085614c9.jpg,5.863542573e-08
2141713971_e25eb12712.jpg,9.894846515e-08
2883907436_82bf4a36b8.jpg,9.127155723e-08
498444334_a680d318a1.jpg,9.297208118e-08
222759342_98294380fc.jpg,1.278401321e-07
3502343542_f9b46688e5.jpg,9.638783366e-08
2721656220_5f4cda8bc1.jpg,9.626512691e-08
424869823_7aec015d87.jpg,1.420257258e-07
3148811252_2fa9490a04.jpg,7.462461693e-08
3415287719_3c776f370e.jpg,1.081558031e-07
2444134813_20895c640c.jpg,7.257410389e-08
2260560631_09093be4c6.jpg,7.663920005e-08
3396153660_f729d9f9b9.jpg,1.07910387e-07
3432634159_1eb9a73306.jpg,4.999909817e-08
751737218_b89839a311.jpg,9.461819134e-08
3078229723_2aa52600de.jpg,1.026364483e-07
470887785_e0b1241d94.jpg,6.17696233e-08
3615239961_62b4dbc174.jpg,7.312733224e-08
3125158798_0743dae56e.jpg,8.04522324e-08
468608014_09fd20eb9b.jpg,1.128932896e-07
109738916_236dc456ac.jpg,7.030458553e-08
2852982055_8112d0964f.jpg,9.767501903e-08
2367317953_503317493e.jpg,5.382401458e-08
3206058778_7053ee6b52.jpg,7.652386466e-08
3667908724_65c7d112f2.jpg,1.236716441e-07
519061891_320061864e.jpg,9.038313706e-08
3271468462_701eb88d3b.jpg,8.909380273e-08
2199083344_3aa77f4879.jpg,1.099770203e-07
3621741935_54d243f25f.jpg,7.893408551e-08
2087317114_cf06df5aa5.jpg,9.80270255e-08
3238654429_d899e34287.jpg,1.40585731e-07
2268596214_ca532f5c63.jpg,7.669977883e-08
3564312955_716e86c48b.jpg,1.254641824e-07
1714316707_8bbaa2a2ba.jpg,5.282316164e-08
109260216_85b0be5378.jpg,1.312292183e-07
2872197070_4e97c3ccfa.jpg,1.418976345e-07
747242766_afdc9cb2ba.jpg,8.245083002e-08
191003287_2915c11d8e.jpg,1.085289514e-07
399246804_b4b5dc70e1.jpg,8.802168823e-08
3259222690_69737f2a6e.jpg,8.782404135e-08
2543017787_9720b4fa1c.jpg,8.502547706e-08
417577408_eb571658c1.jpg,3.511441105e-08
832128857_1390386ea6.jpg,1.147981641e-07
3443161359_65544fd732.jpg,1.499098993e-07
3322389758_394c990b6a.jpg,1.080596275e-07
269361490_a22ae818bf.jpg,8.051466946e-08
3421131122_2e4bde661e.jpg,1.147586801e-07
989754491_7e53fb4586.jpg,5.358371695e-08
3174726084_c108de0a64.jpg,1.073410437e-07
3745451546_fc8ec70cbd.jpg,1.337030349e-07
2374247382_023a86b9ca.jpg,9.925035929e-08
246231741_882b45c4e1.jpg,1.347350346e-07
2887798667_ce761d45e8.jpg,7.249284594e-08
425706089_f138118e12.jpg,6.333999261e-08
3320756943_9d004f9824.jpg,9.827120224e-08
255091930_aa2b5c0eb9.jpg,8.728041585e-08
2226534154_cbcab7ba32.jpg,8.37839654e-08
3694064560_467683205b.jpg,5.970767759e-08
3201666946_04fe837aff.jpg,1.019532214e-07
1799271536_6e69c8f1dc.jpg,9.666040889e-08
2426724282_237bca30b5.jpg,1.44941695e-07
526955751_f519d62b58.jpg,9.503688977e-08
3089742441_d42531c14f.jpg,6.958908877e-08
3520869880_2e8b7d7842.jpg,9.229453532e-08
3244747165_17028936e0.jpg,1.23373589e-07
2644430445_47c985a2ee.jpg,9.408033275e-08
3526150930_580908dab6.jpg,7.876456657e-08
3713882697_6dd30c7505.jpg,8.715129422e-08
3266306177_7994dc2865.jpg,9.928506669e-08
2883099128_0b056eed9e.jpg,1.373043365e-07
2812125355_5e11a76533.jpg,1.270535815e-07
3607489370_92683861f7.jpg,8.368584926e-08
2399551242_c62a46dd5f.jpg,8.061605154e-08
2199250692_a16b0c2ae1.jpg,8.481404799e-08
275002371_5b200e6a92.jpg,8.586754709e-08
3169777863_d745865784.jpg,9.368774701e-08
3604391853_b4809fcb8c.jpg,8.444184813e-08
3518443604_6da641f07d.jpg,1.285193485e-07
3045613316_4e88862836.jpg,4.869231628e-08
442220883_ff3d6e507f.jpg,1.473971787e-07
2193980605_4221c6474d.jpg,9.973057406e-08
302241178_a582c1b953.jpg,1.215246095e-07
514990193_2d2422af2c.jpg,9.114784752e-08
2065875490_a46b58c12b.jpg,6.925040928e-08
3061481868_d1e00b1f2e.jpg,9.451160562e-08
3157847991_463e006a28.jpg,7.480630073e-08
3497485793_e36c1d2779.jpg,1.152506928e-07
798343627_7492fe0c12.jpg,1.313221286e-07
2417745327_a2c2705043.jpg,1.105307467e-07
2815755985_0fa55544c0.jpg,1.31271312e-07
3593222804_c187808ac3.jpg,7.418267648e-08
2586911841_41b7a48c91.jpg,1.38115704e-07
498794783_cc2ac62b47.jpg,6.50550434e-08
1094462889_f9966dafa6.jpg,1.325633854e-07
225699652_53f6fb33cd.jpg,8.286847743e-08
1876536922_8fdf8d7028.jpg,1.424728021e-07
1144288288_e5c9558b6a.jpg,9.509179021e-08
1396064003_3fd949c9dd.jpg,7.540221362e-08
1904112245_549e47c8aa.jpg,7.013164389e-08
2860400846_2c1026a573.jpg,1.535932213e-07
2877424957_9beb1dc49a.jpg,1.075351321e-07
743571049_68080e8751.jpg,5.481954749e-08
689776124_07f560a920.jpg,1.160674235e-07
2209496328_2a34fd201d.jpg,8.944535695e-08
3229821595_77ace81c6b.jpg,1.369036622e-07
3098824948_23c31df031.jpg,9.546749752e-08
240583223_e26e17ee96.jpg,1.39870937e-07
3325578605_afa7f662ec.jpg,9.648989792e-08
2569643552_23696a9ba5.jpg,1.33878964e-07
2706766641_a9df81969d.jpg,1.246998126e-07
2280525192_81911f2b00.jpg,7.410276704e-08
1131155939_b4b457b05e.jpg,1.005313894e-07
319938879_daf0857f91.jpg,6.719016655e-08
3559429170_3183c404b9.jpg,6.546649749e-08
205682549_713aa6cd88.jpg,9.772646479e-08
1572532018_64c030c974.jpg,1.036293632e-07
390360326_26f5936189.jpg,1.578574148e-07
441212506_fcc321ac28.jpg,1.325363477e-07
1398873613_7e3174dd6c.jpg,8.360672839e-08
1989145280_3b54452188.jpg,1.421296598e-07
2831656774_36982aafdb.jpg,4.772535697e-08
539750844_02a07ec524.jpg,6.587409861e-08
3364026240_645d533fda.jpg,1.342243255e-07
283428775_a3665bee7c.jpg,7.084943028e-08
211295363_49010ca38d.jpg,1.115416728e-07
2911238432_33ec2d8cec.jpg,7.29322642e-08
2696951725_e0ae54f6da.jpg,7.118848417e-08
254901702_67ada9867c.jpg,8.303871094e-08
3582465732_78f77f34ae.jpg,1.010187465e-07
2446315531_7c9704eec0.jpg,1.720607626e-07
241346508_0b3907a95b.jpg,9.185104906e-08
3187924573_203223e6c0.jpg,1.014323241e-07
2301867590_98c0ecb0cb.jpg,1.014583667e-07
2855727603_e917ded363.jpg,9.921219231e-08
2573667207_a1bf49befc.jpg,1.235845652e-07
693785581_68bec8312a.jpg,1.122092477e-07
47871819_db55ac4699.jpg,9.263068763e-08
3565749152_7924d15b04.jpg,8.691560643e-08
3389321512_b11f499dab.jpg,8.529561179e-08
236476706_175081ce18.jpg,1.197166317e-07
3134385454_4f1d55333f.jpg,1.179366667e-07
3146355833_1b7fc80210.jpg,6.679502908e-08
3556485995_9cd40269e9.jpg,9.318803615e-08
3392019836_c7aeebca1c.jpg,5.914414066e-08
1895768965_43cd9d164f.jpg,9.418675841e-08
1075867198_27ca2e7efe.jpg,1.060409544e-07
3562001359_65c63aeda3.jpg,6.998608035e-08
3623331945_df0f51d7dd.jpg,1.529405815e-07
1370615506_2b96105ca3.jpg,7.522671327e-08
3041384194_04316bd416.jpg,6.859559105e-08
3243020805_2bafc36c45.jpg,6.805799767e-08
3170897628_3054087f8c.jpg,8.533573896e-08
3036033157_522a43a550.jpg,8.939920305e-08
3713922357_e0a013fb97.jpg,6.988335956e-08
3398745929_8cd3bbb8a8.jpg,9.52083332e-08
2773400732_5b65a25857.jpg,7.114891382e-08
476233374_e1396998ef.jpg,7.259116965e-08
314685044_da4390728e.jpg,1.044961511e-07
2607130765_97833d6ce1.jpg,5.434686012e-08
2533076864_d799996433.jpg,7.211907471e-08
3328397409_092de2bd32.jpg,7.177091225e-08
3225025519_c089c14559.jpg,7.467549972e-08
3542425197_2ef81c6051.jpg,1.393971834e-07
576075451_5e0f6facb3.jpg,1.283969669e-07
2051194177_fbeee211e3.jpg,1.45442191e-07
2609836649_b55831ed41.jpg,1.324809944e-07
539493423_9d7d1b77fa.jpg,8.832676455e-08
3546720729_38fff1bbd9.jpg,6.381126228e-08
3138399980_d6ab8b2272.jpg,7.459956232e-08
3686078365_9e655e238f.jpg,8.113148001e-08
300577375_26cc2773a1.jpg,1.2771725e-07
3417037373_67f7db2dd2.jpg,7.328187006e-08
3225478803_f7a9a41a1d.jpg,1.346297184e-07
1169307342_e7a4685a5c.jpg,1.685611721e-07
2127031632_77505e4218.jpg,8.496689736e-08
3260191163_6c1551eee8.jpg,1.833933545e-07
278608022_4175813019.jpg,1.422562697e-07
1287931016_fb015e2e10.jpg,1.445268853e-07
2937178897_ab3d1a941a.jpg,9.406976417e-08
2937461473_11bbace28c.jpg,7.013013863e-08
1386964743_9e80d96b05.jpg,1.208534712e-07
3052038928_9f53aa2084.jpg,8.199602794e-08
2814028429_561a215259.jpg,6.484013067e-08
3659090958_a56913ca68.jpg,1.126701344e-07
391723162_3bdeb7ea33.jpg,1.014464538e-07
3404408360_430f73b034.jpg,1.013714404e-07
3319405494_58dee86b21.jpg,1.228731278e-07
3291587911_81fc33300e.jpg,1.071302273e-07
2293424366_7b5fcd2398.jpg,1.010039996e-07
3206919175_e3a11b6874.jpg,8.81809143e-08
406642021_9ec852eccf.jpg,9.883208298e-08
3648081498_76ec091495.jpg,7.37845449e-08
2084103826_ffd76b1e3e.jpg,1.316937956e-07
3599124739_b7e60cf477.jpg,1.352809129e-07
1130401779_8c30182e3e.jpg,1.181676272e-07
3441511444_b031585b45.jpg,7.065112787e-08
3215847501_c723905ba4.jpg,1.143378877e-07
311619377_2ba3b36675.jpg,4.87335255e-08
801607443_f15956d1ce.jpg,1.105242348e-07
3690883532_d883f34617.jpg,1.239895139e-07
3517466790_17c7753a1a.jpg,1.046115201e-07
2768972186_92787cd523.jpg,1.276383021e-07
3527261343_efa07ea596.jpg,1.067902538e-07
2587846523_b177c9a3e3.jpg,1.277177377e-07
3350614753_5624e181b3.jpg,9.522944959e-08
542269487_5d77b363eb.jpg,1.097708302e-07
1287982439_6578006e22.jpg,1.511962091e-07
3262760716_1e9734f5ba.jpg,1.599614457e-07
2267923837_ae88678497.jpg,8.459202449e-08
3429391520_930b153f94.jpg,1.232427371e-07
3613424631_3ae537624f.jpg,6.67749445e-08
1082252566_8c79beef93.jpg,1.000640147e-07
3163323414_d1ce127aa6.jpg,9.971966019e-08
241346402_5c070a0c6d.jpg,1.504902353e-07
2612949583_f45b3afe33.jpg,9.378968855e-08
411011549_1298d2b4d2.jpg,1.01260475e-07
1557838421_a33f2a4911.jpg,1.014676518e-07
2444339090_bf7b3211f4.jpg,9.192352068e-08
482098572_e83153b300.jpg,8.416668463e-08
3726130458_07df79e969.jpg,1.029214049e-07
3417672954_46b75dea8d.jpg,9.187706171e-08
3376809186_4e26d880b7.jpg,7.68631183e-08
3227423095_5049951eab.jpg,8.1573704e-08
1298295313_db1f4c6522.jpg,1.109544823e-07
756004341_1a816df714.jpg,7.173909125e-08
3058439373_9276a4702a.jpg,8.656897034e-08
2287887341_663bfa15af.jpg,8.806754503e-08
1581822598_0ae23074f1.jpg,1.266343353e-07
3105929913_94a6882e25.jpg,1.178158638e-07
540873795_ae62ae6f60.jpg,1.433532133e-07
3461114418_c27b4043a2.jpg,8.31789038e-08
3399798295_a452963365.jpg,1.413826186e-07
3178489390_13a6ae7524.jpg,1.3540182e-07
3604496023_c1f546423e.jpg,7.846321687e-08
324208502_674488bcea.jpg,7.130866209e-08
426805536_d1d5e68c17.jpg,6.003786344e-08
246508774_1e9885f1b7.jpg,1.100105842e-07
1402640441_81978e32a9.jpg,1.119796102e-07
3124549928_10904a5a83.jpg,1.071327867e-07
3414734842_beb543f400.jpg,1.125448916e-07
1019077836_6fc9b15408.jpg,5.081400846e-08
3307077951_dd31f1971c.jpg,1.108405953e-07
2709275718_73fcf08c23.jpg,9.841051004e-08
3264397357_72f084cac1.jpg,1.222304653e-07
562588230_edb2c071c8.jpg,1.03684731e-07
3171066023_ec60ba30f3.jpg,8.268000498e-08
1670592963_39731a3dac.jpg,9.217133536e-08
1271210445_7f7ecf3791.jpg,6.68341227e-08
3728695560_00ec1ca492.jpg,1.147283262e-07
846085364_fc9d23df46.jpg,1.216620052e-07
3643684616_9d2be87a5a.jpg,5.540819439e-08
2192411521_9c7e488c5e.jpg,1.018816806e-07
2369840118_a1c4240ab7.jpg,1.131564776e-07
3244910944_612b8ce98f.jpg,1.056030677e-07
2850719435_221f15e951.jpg,5.103187638e-08
3544233095_4bca71df1d.jpg,1.713947863e-07
3217291172_10ef70af88.jpg,1.140911423e-07
3351360323_91bb341350.jpg,5.896050172e-08
2610447973_89227ff978.jpg,7.551980922e-08
1491192153_7c395991e5.jpg,7.697283798e-08
3502459991_fdec2da131.jpg,1.561433845e-07
1563731247_7f21d8bec0.jpg,9.51214597e-08
3653462288_bfe2360a64.jpg,8.650556792e-08
2960422620_81889a3764.jpg,8.020296e-08
2340206885_58754a799a.jpg,1.032355803e-07
1508269285_6c5723f67d.jpg,1.080662653e-07
2752329719_868545b7d2.jpg,1.155991563e-07
3070031806_3d587c2a66.jpg,1.338172019e-07
477254932_56b48d775d.jpg,9.698606795e-08
3595398879_13e33b8916.jpg,9.834433681e-08
3430100177_5864bf1e73.jpg,5.696500812e-08
524036004_6747cf909b.jpg,1.277703471e-07
2395967330_7e6ea404f6.jpg,1.070100375e-07
2127209046_94711c747b.jpg,1.226241923e-07
3197981073_3156963446.jpg,8.72954368e-08
2705793985_007cc703fb.jpg,1.223539493e-07
3183060123_ea3af6278b.jpg,6.808660949e-08
3307667255_26bede91eb.jpg,9.342499963e-08
2318502106_33f2e4b4fc.jpg,1.100700111e-07
1552065993_b4dcd2eadf.jpg,1.170426371e-07
3576536763_3c8c4f232e.jpg,1.095235231e-07
3652150541_8fb5a3a5d1.jpg,1.097863874e-07
2881441125_b580e3dd4b.jpg,5.850448479e-08
3058627443_1d57ff0a2c.jpg,1.260990945e-07
3416091866_a96003d652.jpg,9.600926601e-08
3347798761_5c5260b000.jpg,1.275788443e-07
3485657956_7481582565.jpg,1.055335373e-07
3668984985_b60ceb2ae9.jpg,7.505476177e-08
1814086703_33390d5fc7.jpg,5.913629268e-08
2747436384_9470c56cb9.jpg,1.695270931e-07
1248940539_46d33ed487.jpg,7.729102631e-08
3325974730_3ee192e4ff.jpg,1.231717662e-07
3516960094_87fb4889de.jpg,1.062660097e-07
3549006919_3604bc813e.jpg,1.21346325e-07
2197275664_fabcf3424b.jpg,9.80440575e-08
1499495021_d295ce577c.jpg,7.699289719e-08
2428275562_4bde2bc5ea.jpg,6.165287657e-08
3230101918_7d81cb0fc8.jpg,7.31702995e-08
3400385314_a5bc062e97.jpg,1.38420795e-07
2892989340_bb7e0e5548.jpg,1.529743397e-07
387974450_bcd205daac.jpg,1.483583819e-07
3703035378_c6034cac51.jpg,9.176518172e-08
3019609769_c7809177f6.jpg,6.964812297e-08
374828031_9d087da5cf.jpg,9.556357529e-08
2637904605_fc355816fc.jpg,9.372274716e-08
2469620360_6c620c6f35.jpg,7.040792122e-08
2127207912_9298824e66.jpg,1.124944164e-07
2876494009_9f96d7eaf2.jpg,8.467762547e-08
1287475186_2dee85f1a5.jpg,1.948697653e-07
3508637029_89f3bdd3a2.jpg,6.84359354e-08
3372340429_91c4f4af30.jpg,8.865261586e-08
172092461_a9a9762e13.jpg,8.953059342e-08
3502563726_30d1ce29c8.jpg,1.734357022e-07
3225037367_a71fa86319.jpg,7.991551334e-08
2190137367_746335f707.jpg,8.216432581e-08
3400041870_4e7732b40f.jpg,8.59527108e-08
373219198_149af371d9.jpg,7.22257218e-08
2798880731_4f51634374.jpg,7.245824088e-08
3587449716_3bf1552c36.jpg,7.803891327e-08
275401000_8829250eb3.jpg,8.103589629e-08
2752175795_c9def67895.jpg,5.517436424e-08
2529116152_4331dabf50.jpg,8.059340123e-08
2712787899_d85048eb6a.jpg,8.116167576e-08
3590294974_4ef98f013e.jpg,8.358211046e-08
2414710960_a4cde4af60.jpg,1.031004218e-07
2266142543_b2de18c081.jpg,1.76548909e-07
3116011063_f4071ccce6.jpg,2.023539412e-07
2942311160_a154104c62.jpg,1.22092704e-07
207731022_988f6afb35.jpg,1.151341914e-07
2554081584_233bdf289a.jpg,1.094995063e-07
1167662968_e466f1e80a.jpg,1.977445433e-07
2728486640_cc2a31d2b0.jpg,7.774778533e-08
3698607223_22fe09763a.jpg,9.449583886e-08
2415803492_56a673dc25.jpg,5.831068385e-08
2557129157_074a5a3128.jpg,1.108293942e-07
3145869775_85dfae43bd.jpg,4.164011874e-08
473988700_570422001b.jpg,7.850770979e-08
97731718_eb7ba71fd3.jpg,8.760678934e-08
3714551959_66ece78f27.jpg,8.707998884e-08
3681172959_6674c118d2.jpg,6.555988387e-08
2053441349_a98b5fc742.jpg,1.017492283e-07
2748729903_3c7c920c4d.jpg,7.826660833e-08
3247500085_c4f641aa84.jpg,9.359229719e-08
191003283_992257f835.jpg,1.090853967e-07
361183669_52be9662b9.jpg,7.94196624e-08
3289893683_d4cc3ce208.jpg,8.455980679e-08
3685372942_6ae935b34e.jpg,1.12479318e-07
3259222980_04fb62df97.jpg,8.108186013e-08
3583293892_c96af8cd98.jpg,1.04044727e-07
417966898_a04f9b5349.jpg,6.597559577e-08
315021440_122d56ebd7.jpg,1.505044081e-07
2672354635_3a03f76486.jpg,1.1605328e-07
2633722629_5eeb649c09.jpg,8.217070463e-08
3352697012_751b079bbb.jpg,6.967568034e-08
2708744743_e231f7fcf9.jpg,5.454261531e-08
756521713_5d3da56a54.jpg,1.30946808e-07
3455898176_f0e003ce58.jpg,7.56908678e-08
2968135512_51fbb56e3e.jpg,6.954734727e-08
532036676_e88b13e0a1.jpg,8.815312505e-08
3088572348_264c47f78c.jpg,8.700552841e-08
516394876_8b9b8021bc.jpg,7.561398977e-08
466956209_2ffcea3941.jpg,1.100572603e-07
451326127_2d95a2e1c2.jpg,1.092217746e-07
2449289139_08fc1092c1.jpg,9.961095874e-08
3131160589_dc73c209b7.jpg,1.168381582e-07
2656987333_80dcc82c05.jpg,7.85505218e-08
2543589122_ec3e55f434.jpg,8.036019927e-08
3324375078_9441f72898.jpg,9.988142631e-08
406248253_27b5eba25a.jpg,5.705288318e-08
3425887426_bf60b8afa3.jpg,7.389328192e-08
2774362575_7543b8bf19.jpg,1.051285194e-07
3155390408_8e1a81efb2.jpg,1.051851042e-07
1731546544_9fbf14617b.jpg,1.293672513e-07
2785115802_137fa30000.jpg,1.233631813e-07
95783195_e1ba3f57ca.jpg,8.998377559e-08
3593538248_dffa1a5ed4.jpg,8.193268684e-08
3209620285_edfc479392.jpg,1.123669469e-07
3204354161_caf89ec784.jpg,7.607187461e-08
3278811919_d5a3432af6.jpg,1.327096082e-07
3110018626_307a123b59.jpg,1.188605867e-07
2676649969_482caed129.jpg,8.299602065e-08
2595186208_9b16fa0ee3.jpg,9.166319965e-08
3422979565_e08cd77bfe.jpg,7.734892498e-08
3638631362_af29bbff01.jpg,6.790424873e-08
3473264983_67917a931f.jpg,7.8476486e-08
3703413486_3c682732a0.jpg,7.483082525e-08
498492764_fe276e505a.jpg,7.622408918e-08
732468337_a37075225e.jpg,1.036031485e-07
3399944164_ec24123945.jpg,1.340140172e-07
2786299623_a3c48bd318.jpg,8.21832016e-08
3554210976_fbd0ef33a3.jpg,7.460464958e-08
2733659177_d74a00995b.jpg,1.047058454e-07
3325497914_f9014d615b.jpg,1.01065076e-07
3259694057_fae7484b0a.jpg,1.080447876e-07
3115354165_44dbeec6c1.jpg,8.060669731e-08
1052358063_eae6744153.jpg,1.025787979e-07
792362827_5ab5281b99.jpg,8.33244062e-08
2670560883_7e7b563092.jpg,6.067621024e-08
3044745642_1d0784ff29.jpg,1.140956081e-07
3550253365_27d4c303cf.jpg,7.350844705e-08
1461667284_041c8a2475.jpg,5.788591082e-08
3365348059_9773165302.jpg,1.136461324e-07
733752482_ee01a419e5.jpg,1.503352068e-07
2587818583_4aa8e7b174.jpg,8.591602241e-08
698107542_3aa0ba78b4.jpg,9.936532463e-08
3522076584_7c603d2ac5.jpg,9.112123062e-08
3220151692_d398ef9779.jpg,7.902028652e-08
2574509968_e4692ae169.jpg,1.692039069e-07
476760133_c33d2bd83d.jpg,8.377012006e-08
3208999896_dab42dc40b.jpg,7.742204608e-08
2562166462_b43b141d40.jpg,9.710254207e-08
454686980_7517fe0c2e.jpg,7.635376053e-08
3192266178_f9bf5d3dba.jpg,1.028809025e-07
2285152690_3fb93f65f1.jpg,6.646266263e-08
3434526008_02359881a0.jpg,1.069756251e-07
2661138991_d55aa0e5dc.jpg,7.355729658e-08
2565703445_dd6899bc0e.jpg,1.392911416e-07
2522540026_6ee8ab4c6a.jpg,9.461944114e-08
707972553_36816e53a2.jpg,1.461677956e-07
2630806789_6835bbae95.jpg,1.326542857e-07
2363100645_c3423a0433.jpg,1.043231929e-07
783353797_fdf91bdf4c.jpg,7.050580396e-08
2732625904_4fbb653434.jpg,7.129875792e-08
2061144717_5b3a1864f0.jpg,1.06034589e-07
2823075967_be4c350e9e.jpg,1.401780595e-07
3399028417_50a621274c.jpg,8.224497057e-08
2701042060_92508ea8fa.jpg,1.109780199e-07
3088074124_481139dc92.jpg,9.766681593e-08
1350811702_2ce7cfd0c5.jpg,1.220116695e-07
2221818690_9003756d33.jpg,6.993457987e-08
2485467050_1d5e2696d4.jpg,1.562956615e-07
3561734666_344f260cce.jpg,1.19976256e-07
543102698_38e7e38bbc.jpg,6.024683336e-08
2637510448_4521cf6f29.jpg,1.676828018e-07
3033668641_5905f73990.jpg,1.498110519e-07
3239866450_3f8cfb0c83.jpg,1.059913147e-07
3393394134_0caac47e1c.jpg,1.25721176e-07
930126921_1b94605bdc.jpg,8.712617945e-08
3757598567_739b7da835.jpg,1.476823704e-07
2135502491_a15c6b5eae.jpg,8.154726944e-08
3195040792_a03954a19f.jpg,1.0224119e-07
3120953244_b00b152246.jpg,1.35693582e-07
536537638_f5ee42410b.jpg,6.696821018e-08
2985439112_8a3b77d5c9.jpg,9.715895214e-08
3041689520_c481bdb20e.jpg,1.125793207e-07
1443807993_aebfb2784a.jpg,1.233528824e-07
3445544288_68fdb25969.jpg,5.978976907e-08
412082368_371df946b3.jpg,7.424288399e-08
463786229_b54c9a3436.jpg,8.75216559e-08
3468346269_9d162aacfe.jpg,9.136609302e-08
2936590102_25036069a6.jpg,8.903057657e-08
3351357065_a6a9b3d485.jpg,6.808524579e-08
3425918361_3b890d9575.jpg,1.181346529e-07
3560977956_e08d2cd531.jpg,7.632111619e-08
2533642917_a5eace85e6.jpg,1.333432884e-07
3600403707_527aa0596e.jpg,8.94800537e-08
3649382413_58a4b1efe8.jpg,1.117938929e-07
456512643_0aac2fa9ce.jpg,4.607015447e-07
3533470072_87a5b595ba.jpg,7.460601785e-08
3125309108_1011486589.jpg,5.504353619e-08
3014015906_fdba461f36.jpg,6.665595675e-08
2659606300_bea3feaf8b.jpg,9.741985028e-08
3190677999_60bbd330fd.jpg,1.077083056e-07
2609900643_c07bcb0bae.jpg,1.265029466e-07
2098174172_e57d86ea03.jpg,7.771611571e-08
3207676216_48478bce97.jpg,8.872386009e-08
2079110798_ad1370a646.jpg,7.996358997e-08
3160531982_37f5636b8a.jpg,1.418653823e-07
3651476768_2bae721a6b.jpg,9.796625626e-08
1445123245_c7b9db0e0c.jpg,1.155728702e-07
2327240505_e73cc73246.jpg,1.171277187e-07
3645080830_1d9ee2f50a.jpg,1.110084547e-07
3640329164_20cb245fd5.jpg,1.374122764e-07
2475162978_2c51048dca.jpg,7.160314475e-08
3182121297_38c99b2769.jpg,6.613114974e-08
504904434_889f426c6e.jpg,8.091462558e-08
1287064529_aa4e4f3c31.jpg,1.076675851e-07
2922807898_b5a06d5c70.jpg,1.023352519e-07
166654939_80ea4ddbcc.jpg,9.827851755e-08
2325386353_1f1a05e1ce.jpg,1.335989232e-07
3479050296_65bcea69a0.jpg,6.110320575e-08
2836325261_a3bf5c59be.jpg,9.043628705e-08
3212625256_685bc4de99.jpg,1.020243502e-07
3250589803_3f440ba781.jpg,8.660663789e-08
3176131893_7181c733aa.jpg,8.815387527e-08
1424775129_ffea9c13ab.jpg,7.047117252e-08
285586547_c81f8905a1.jpg,6.212347678e-08
3506560025_8d0f4f9ac4.jpg,1.008137453e-07
3635577874_48ebaac734.jpg,9.201849484e-08
3391924827_53b31542ce.jpg,1.052948214e-07
950411653_20d0335946.jpg,6.263698754e-08
2623146491_b64698b875.jpg,6.552554425e-08
1500853305_0150615ce9.jpg,8.391775568e-08
3106782647_b078830a9e.jpg,1.402066174e-07
3520321387_710ab74cda.jpg,8.215921348e-08
3131632154_098f86f4cb.jpg,7.780331831e-08
109202756_b97fcdc62c.jpg,7.643934599e-08
3457364788_3514a52091.jpg,8.752840272e-08
3164423279_9b27cb6a06.jpg,1.378436794e-07
3155365418_43df5486f9.jpg,2.20452971e-07
3285180819_a9712fd2bc.jpg,5.45907204e-08
3163273640_8d3ef22eaf.jpg,7.269272952e-08
2713897716_c8cd610360.jpg,8.382062909e-08
1131340021_83f46b150a.jpg,7.292595395e-08
765298136_7805fbb079.jpg,1.107748499e-07
241346923_18bd84bea4.jpg,7.238440671e-08
2312731013_1a3a8e25c6.jpg,9.146106849e-08
3170856184_efabfd0297.jpg,6.654338725e-08
3177468217_56a9142e46.jpg,9.09477936e-08
2378356400_f6bde5d9b3.jpg,6.637562164e-08
2888658480_e922a3dec2.jpg,4.801852823e-08
2409597310_958f5d8aff.jpg,8.492728233e-08
3377570617_d2f2225a74.jpg,8.078784613e-08
2744330402_824240184c.jpg,1.093511547e-07
2369248869_0266760c4a.jpg,1.306495718e-07
3537218226_478d2e4f26.jpg,1.336636113e-07
3323419265_7fefaa9d5d.jpg,1.4415826e-07
2633201394_ee4a7666ed.jpg,1.290898493e-07
291952021_f111b0fb3d.jpg,1.074553792e-07
2064780645_8f28a1529f.jpg,5.928505729e-08
3500829879_a643818d84.jpg,6.477054286e-08
248994078_a9257f448b.jpg,1.064839192e-07
358559906_d5f3f584f4.jpg,1.435554759e-07
414568315_5adcfc23c0.jpg,1.191373885e-07
2959581023_54402c8d88.jpg,7.260657612e-08
1143882946_1898d2eeb9.jpg,9.053288056e-08
3360730513_211e1a4db6.jpg,5.755863935e-08
2111360187_d2505437b7.jpg,1.088603366e-07
870710405_51e507b31a.jpg,1.288871171e-07
1095590286_c654f7e5a9.jpg,8.408016244e-08
3408274796_0dc62225e9.jpg,1.053490639e-07
1110208841_5bb6806afe.jpg,8.848331279e-08
2326730558_75c20e5033.jpg,1.236176158e-07
3425756814_13909354d4.jpg,7.103466285e-08
2990563425_2f7246f458.jpg,1.131824071e-07
2540884723_03d60ef548.jpg,7.588881237e-08
3136404885_f4d8f1d15a.jpg,5.368417083e-08
1000268201_693b08cb0e.jpg,7.445735765e-08
3067885047_f69d90c35b.jpg,8.946513229e-08
3295024992_887a95c700.jpg,1.471829153e-07
2921793132_ef19f1dd44.jpg,8.766155951e-08
2273038287_3004a72a34.jpg,7.445616215e-08
3215695965_69fbeba3d5.jpg,6.998715944e-08
3054989420_3e755ca352.jpg,9.791814614e-08
3500136982_bf7a85531e.jpg,9.890689407e-08
2332540384_4cf26406a9.jpg,7.635936595e-08
3315033940_e91f87b7f2.jpg,1.020397631e-07
3593392955_a4125087f6.jpg,1.026899367e-07
3513362553_5fc5779e20.jpg,9.575460591e-08
2532294586_4cd76a837d.jpg,9.337098687e-08
265223847_636ba039c1.jpg,1.527826027e-07
111766423_4522d36e56.jpg,1.002981558e-07
3510218982_318f738b76.jpg,9.408441555e-08
3030223792_02b6f2be99.jpg,1.221483463e-07
1032460886_4a598ed535.jpg,9.975441377e-08
3671777903_6fbf643980.jpg,1.180370759e-07
3482668767_66004ce736.jpg,8.223163334e-08
1800601130_1c0f248d12.jpg,1.725320955e-07
2061927950_dafba5b8a3.jpg,1.00504574e-07
2763601657_09a52a063f.jpg,7.312741959e-08
2449446913_28fa5b7c75.jpg,8.460708716e-08
1403414927_5f80281505.jpg,7.739503363e-08
2447284966_d6bbdb4b6e.jpg,7.031169108e-08
3180806542_49b6de312d.jpg,9.575025318e-08
2873070704_2141a7a86a.jpg,9.424171014e-08
2548777800_d7b9cf1c2b.jpg,6.572858354e-08
2845246160_d0d1bbd6f0.jpg,6.643209812e-08
3269380710_9161b0bd00.jpg,1.231502709e-07
3234719720_5bb2fc5ffa.jpg,9.207896028e-08
3562816250_6e14d436b1.jpg,8.801256428e-08
3336374196_f6eaca542f.jpg,9.08968292e-08
2380464803_a64f05bfa9.jpg,9.201051945e-08
2981702521_2459f2c1c4.jpg,7.421205761e-08
2156726763_034ecd2e39.jpg,1.28746444e-07
2178064851_bb39652d28.jpg,1.156016778e-07
224702241_05af393148.jpg,8.871238531e-08
2795866891_7559fd8422.jpg,1.304556411e-07
2656890977_7a9f0e4138.jpg,1.984787399e-07
3426962078_13e87e10de.jpg,1.096354664e-07
3432550415_e7b77232de.jpg,7.920492468e-08
3145967309_b33abe4d84.jpg,9.347723362e-08
2867736861_43c9487a65.jpg,1.597108892e-07
112178718_87270d9b4d.jpg,1.2878758e-07
143680442_2f03f76944.jpg,1.132933428e-07
371364900_5167d4dd7f.jpg,9.418682909e-08
2452686995_621878f561.jpg,1.066081725e-07
3605061440_1d08c80a57.jpg,8.238940433e-08
687513087_413d4a3a3b.jpg,9.359201186e-08
2173312932_269f9786fc.jpg,1.134185034e-07
241346971_c100650320.jpg,9.051184399e-08
3288274849_07ff76ee93.jpg,8.086637945e-08
2690702549_cf81da8cf6.jpg,1.07297375e-07
482882719_165722082d.jpg,1.089556718e-07
3447155358_5b5b59b15e.jpg,7.606566919e-08
2252299132_14ca6e584b.jpg,7.154352378e-08
3643087589_627a0a9e01.jpg,1.127834675e-07
365584746_681f33fa46.jpg,8.036672503e-08
3670075789_92ea9a183a.jpg,7.15610077e-08
465859490_b077219424.jpg,1.235179708e-07
2176980976_7054c99621.jpg,1.24095896e-07
3258472448_75cfab5e6f.jpg,1.014930657e-07
3541474181_489f19fae7.jpg,1.649252197e-07
3350785999_462f333c44.jpg,6.696474218e-08
3369258147_03db257f0f.jpg,7.569671598e-08
3737711435_113ccd0a52.jpg,1.10798426e-07
661749711_6f408dad62.jpg,1.178807217e-07
3171347658_f0d5469c56.jpg,6.376460899e-08
2057306459_2f52ce648e.jpg,1.195971439e-07
2892467862_52a3c67418.jpg,1.336161306e-07
3295671644_0e10891b6d.jpg,7.771027274e-08
2075041394_0b3ea1822d.jpg,1.022801983e-07
2743709828_a795a75bfc.jpg,9.29533523e-08
241345721_3f3724a7fc.jpg,1.007452913e-07
3461583471_2b8b6b4d73.jpg,1.779752044e-07
2955985301_e4139bc772.jpg,1.094424216e-07
3350260112_fcb47ff6b2.jpg,9.499828481e-08
3651971126_309e6a5e22.jpg,1.101118427e-07
3677693858_62f2f3163f.jpg,5.444923664e-08
2999730677_0cfa1c146e.jpg,7.463456139e-08
526661994_21838fc72c.jpg,1.17247754e-07
2653552905_4301449235.jpg,9.549467128e-08
2282260240_55387258de.jpg,1.087167811e-07
3044536048_e615466e7f.jpg,1.327101726e-07
508261758_78fb8ae067.jpg,9.894042972e-08
3293753378_7a8ddb98b2.jpg,8.603597997e-08
2662816021_ac474e0fde.jpg,1.034665846e-07
3495349745_1b29a63571.jpg,8.211499887e-08
2769605231_dae8b30201.jpg,6.925230684e-08
501699433_f8df386cf9.jpg,2.080336696e-07
3506096155_13632955e8.jpg,7.931919057e-08
1383698008_8ac53ed7ec.jpg,1.440495642e-07
2836703077_fa9c736203.jpg,6.709935541e-08
2188688248_f57a28a5a7.jpg,1.089617943e-07
3250593457_9049a73b61.jpg,8.599640625e-08
2206960564_325ed0c7ae.jpg,1.486802308e-07
1362128028_8422d53dc4.jpg,8.313819637e-08
3509611207_7645b1d28d.jpg,7.531431355e-08
2905942129_2b4bf59bc0.jpg,7.534472315e-08
2999638340_75bc8b165d.jpg,1.065519461e-07
430964917_022995afb6.jpg,1.033479823e-07
2983555530_a89f1f5ed7.jpg,9.227913577e-08
387078972_514a38dc33.jpg,1.422495542e-07
3283897411_af9d0b497d.jpg,1.399057564e-07
190638179_be9da86589.jpg,1.082295322e-07
2714878018_1593c38d69.jpg,7.967206101e-08
2052202553_373dad145b.jpg,1.426997038e-07
745966757_6d16dfad8f.jpg,9.411232737e-08
2131762850_5293a288d9.jpg,1.389847196e-07
489134459_1b3f46fc03.jpg,1.117063494e-07
241347496_1a35fec8dc.jpg,8.933784727e-08
3473320907_3884a7203b.jpg,9.73286376e-08
2943023421_e297f05e11.jpg,1.149319655e-07
3429142249_d09a32e291.jpg,8.750546609e-08
359082432_c1fd5aa2d6.jpg,6.872670207e-08
2718049631_e7aa74cb9b.jpg,1.307607282e-07
3576312396_799c873f3e.jpg,1.339383413e-07
2082005167_a0d6a70020.jpg,8.309412592e-08
419116771_642800891d.jpg,9.742326375e-08
3431261634_c73360406a.jpg,1.045391382e-07
2936707421_8e629874b8.jpg,1.27076315e-07
448658518_eec0b648a6.jpg,7.345452466e-08
3249865395_dceaa59f54.jpg,8.692007324e-08
2180886307_5156460b2c.jpg,7.74956078e-08
3167379087_927ff05a35.jpg,8.918462417e-08
3191982761_88793192ed.jpg,7.378788761e-08
2553550034_5901aa9d6c.jpg,7.678546989e-08
2481367956_8577d2fa98.jpg,1.019021484e-07
3223055565_68973f5d20.jpg,6.234171754e-08
2392625002_83a5a0978f.jpg,9.411907977e-08
2904601886_39e9d317b1.jpg,9.060567258e-08
3582689770_e57ab56671.jpg,1.252119913e-07
340667199_ecae5f6029.jpg,4.61409821e-08
250406927_a5028a31d4.jpg,7.589431735e-08
2483792149_a9b4ffecec.jpg,1.125299677e-07
3108197858_441ff38565.jpg,7.535717479e-08
3421706363_a3e22a4908.jpg,9.299676903e-08
3457455611_94ee93929f.jpg,8.630124809e-08
233270519_d60d4518fa.jpg,1.164266146e-07
3079073247_97e88e2eb7.jpg,1.088654533e-07
3331900249_5872e90b25.jpg,1.474735163e-07
146577646_9e64b8c2dc.jpg,1.153710726e-07
2144846312_d4c738dc6c.jpg,1.140989123e-07
2449518585_113dc4a8e5.jpg,1.022147021e-07
2525666287_638ab5e784.jpg,7.679952327e-08
2561481438_447b852e4d.jpg,7.858327002e-08
3024172109_a10198e1dd.jpg,9.840239196e-08
1562478713_505ab6d924.jpg,7.393424184e-08
3004291289_c4892898ae.jpg,1.400620929e-07
3081734118_6f2090215c.jpg,9.74132631e-08
2137071442_1c9658c81a.jpg,5.087202595e-08
2079152458_40712c3b40.jpg,1.883437044e-07
2873837796_543e415e98.jpg,6.222503179e-08
1057210460_09c6f4c6c1.jpg,9.718164374e-08
2688902319_52ceaf4a2a.jpg,9.241306112e-08
2351479551_e8820a1ff3.jpg,7.255304135e-08
2563578471_9a4e4c2ecc.jpg,1.08290723e-07
2636514498_01fcc5f501.jpg,8.934078315e-08
2602866141_be9928408d.jpg,1.007862929e-07
2580215443_4e64afe3d5.jpg,6.852858958e-08
260520547_944f9f4c91.jpg,8.992292568e-08
3539817989_5353062a39.jpg,1.513110401e-07
3294964868_16f4f9fa9d.jpg,8.020310154e-08
3708743823_3e3e0554d1.jpg,9.250364619e-08
2431470169_0eeba7d602.jpg,8.198342413e-08
3088677667_4a8befb70e.jpg,6.502057851e-08
1683444418_815f660379.jpg,9.87346545e-08
985067019_705fe4a4cc.jpg,1.118243843e-07
3183519385_311555d5f5.jpg,1.431793293e-07
3723903586_e98d3d8ec7.jpg,9.447068356e-08
515335111_c4afd5b903.jpg,1.010541423e-07
3420284416_a90af1fb7a.jpg,6.948306962e-08
271660510_dd4ba34b35.jpg,9.729949632e-08
808245064_8a7971fc5b.jpg,9.080389662e-08
3364797223_1f0b2f98ed.jpg,5.786868919e-08
416992999_654a99a903.jpg,1.375645783e-07
3486831913_2b9390ebbc.jpg,1.036732848e-07
2354064281_10afa38206.jpg,9.939160349e-08
3453259666_9ecaa8bb4b.jpg,7.674525354e-08
1148238960_f8cacec2fc.jpg,6.820289573e-08
2934573544_7ffe92a2c9.jpg,9.095213282e-08
1260816604_570fc35836.jpg,9.131411808e-08
3648097366_706c8a57a1.jpg,8.527430149e-08
2517284816_9b8fd3c6b6.jpg,6.913289774e-08
171488318_fb26af58e2.jpg,7.213111765e-08
3487261028_30791528ec.jpg,9.938737087e-08
2868324804_5cc8030484.jpg,1.040713597e-07
3471841031_a949645ba8.jpg,7.102798703e-08
3546891929_f31a99cd0d.jpg,6.683158674e-08
3207654194_43d6bebd68.jpg,1.243932745e-07
3041645937_ff7591d134.jpg,8.550177814e-08
140430106_2978fda105.jpg,1.384275677e-07
461019788_bc0993dabd.jpg,1.2989764e-07
357191373_a1cb5696e8.jpg,6.623832304e-08
3627290893_561e176e80.jpg,6.032778368e-08
502884177_25939ac000.jpg,8.275395111e-08
2870426310_4d59795032.jpg,9.957219522e-08
1525153022_06c48dbe52.jpg,1.36858814e-07
1507563902_6ec8d5d822.jpg,7.091502736e-08
3533484468_0787830d49.jpg,1.115236654e-07
2913965136_2d00136697.jpg,1.01875581e-07
3508522093_51f6d77f45.jpg,9.446875406e-08
3329858093_0ec73f2190.jpg,1.623393668e-07
3132006797_04822b5866.jpg,8.650021658e-08
2282600972_c22d1e03c7.jpg,9.889048246e-08
3697003897_d8ac13be9a.jpg,8.380600577e-08
3051125715_db76cebd1e.jpg,8.987928646e-08
3416246113_1745559b6b.jpg,6.46158824e-08
3029043380_b28644ea5d.jpg,1.10111211e-07
3016521240_2ef20834b6.jpg,7.60928796e-08
221973402_ecb1cd51f1.jpg,9.957586409e-08
3481859121_3d3e566ec0.jpg,7.367255469e-08
751109943_2a7f8e117f.jpg,9.510930813e-08
2715035273_8fc8b1291c.jpg,1.041005723e-07
3367034082_31658a89bb.jpg,7.421510636e-08
2596475173_58f11fc583.jpg,1.465999535e-07
373394550_1b2296b8c4.jpg,9.962624413e-08
3576259024_9c05b163aa.jpg,1.060793437e-07
2353119813_685bace18e.jpg,1.073410671e-07
3354063643_1d8814eb13.jpg,1.641702141e-07
2178095150_436b035741.jpg,7.66960974e-08
3286193613_fc046e8016.jpg,1.248937474e-07
3286045254_696c6b15bd.jpg,5.913096253e-08
3211577298_14296db6fd.jpg,1.48594883e-07
3514194772_43ba471982.jpg,1.036192486e-07
3602838407_bf13e49243.jpg,1.107318342e-07
241345942_ea76966542.jpg,1.0460405e-07
2831217847_555b2f95ca.jpg,7.938067815e-08
1334892555_1beff092c3.jpg,1.300786825e-07
2711075591_f3ee53cfaa.jpg,2.504728633e-07
2898304260_a4099a193a.jpg,1.115165195e-07
3380072636_4cd59385fd.jpg,8.086409325e-08
241345522_c3c266a02a.jpg,7.446175556e-08
566384456_97da3c7bd6.jpg,8.954988879e-08
3283368342_b96d45210e.jpg,1.095742503e-07
426191845_1e979e9345.jpg,1.033031328e-07
2689491604_d8760f57b4.jpg,1.60218284e-07
2890731828_8a7032503a.jpg,1.588654699e-07
235065283_1f9a3c79db.jpg,1.363863246e-07
3472364264_dbde5a8d0a.jpg,8.34476364e-08
479807833_85eed6899c.jpg,6.245209108e-08
2346401538_f5e8da66fc.jpg,8.857641085e-08
3722572342_6904d11d52.jpg,9.918942428e-08
2891961886_b7a2f0b0fd.jpg,1.132004854e-07
2393298349_e659308218.jpg,1.220676637e-07
2289068031_fe26990183.jpg,1.043903253e-07
2090723611_318031cfa5.jpg,1.052279231e-07
112243673_fd68255217.jpg,1.121964802e-07
3410899419_4f8dca6f3f.jpg,7.86788157e-08
2715289538_d77c8d0a85.jpg,9.901193173e-08
3146937399_8c046b7b1a.jpg,9.436270757e-08
3091338773_9cf10467b4.jpg,1.272149549e-07
2698666984_13e17236ae.jpg,1.324291577e-07
2264316030_600e55748d.jpg,8.972250998e-08
2403544744_cba152f5c1.jpg,1.024424507e-07
522063319_33827f1627.jpg,6.197828718e-08
320093980_5388cb3733.jpg,1.398928763e-07
480200554_6155e9dfeb.jpg,5.744983152e-08
3502897880_8392d0e4de.jpg,8.214842434e-08
436393371_822ee70952.jpg,7.011948339e-08
3623302162_099f983d58.jpg,6.927103117e-08
3025546819_ce031d2fc3.jpg,1.639960313e-07
303795791_98ebc1d19a.jpg,8.951109474e-08
3213395965_2a823c6865.jpg,1.151487993e-07
3584829998_25e59fdef3.jpg,1.279373361e-07
539676201_c8f1f04952.jpg,1.621725439e-07
2891162278_fbf96be4f4.jpg,1.174699186e-07
3040033126_9f4b88261b.jpg,1.344722383e-07
2483993772_f64e9e4724.jpg,1.215039667e-07
2920516901_23d8571419.jpg,9.477162341e-08
2938747424_64e64784f0.jpg,1.661881693e-07
3481884992_45770ec698.jpg,1.36351559e-07
496380034_d22aeeedb3.jpg,1.140041654e-07
2886837407_a4510ab1ef.jpg,1.309510269e-07
2330843604_b8d75d6ac7.jpg,1.181349946e-07
1688699579_2f72328c7e.jpg,1.279302786e-07
