3043501068_be58ac47e1.jpg,-1.650227636e-09
3046916429_8e2570b613.jpg,-3.877777429e-10
2054308369_f9c6ec7815.jpg,5.143541744e-09
3173014908_b3e69594b6.jpg,-1.962111319e-09
167295035_336f5f5f27.jpg,4.658597444e-09
3215238223_29de2b35cb.jpg,-1.358725586e-08
3498482871_4e02f31c35.jpg,-6.71589177e-10
3176498130_52ab9460b2.jpg,3.525126276e-09
2760715910_87c7bdeb87.jpg,5.585721249e-09
2738255684_0324ed062d.jpg,1.850435055e-09
247617035_9f2e821534.jpg,3.247295827e-09
2831215155_07ba8f1805.jpg,-3.467466174e-09
871290646_307cddd4e7.jpg,8.336461918e-09
937559727_ae2613cee5.jpg,-3.122645898e-09
3371567346_b6522efdb8.jpg,-1.593486556e-09
2457052334_b5a1d99048.jpg,-8.975497174e-09
468911753_cc595f5da0.jpg,-2.65764791e-10
2371809188_b805497cba.jpg,-4.727998458e-09
2540751930_d71c7f5622.jpg,-3.50604328e-10
502115726_927dd684d3.jpg,-3.005479865e-09
3054997030_797096dd12.jpg,-7.679752575e-09
873633312_a756d8b381.jpg,-1.298712754e-09
2436160351_108924a65b.jpg,-2.567796158e-09
2706023395_ac9eba0e42.jpg,-1.346726516e-10
3326086533_23a0a54a8e.jpg,-3.040988043e-09
173020287_230bfc4ffc.jpg,-1.795614301e-09
50030244_02cd4de372.jpg,-2.150363648e-10
3183883750_b6acc40397.jpg,7.052139749e-10
2434006663_207a284cec.jpg,-3.505017591e-09
435827376_4384c3005a.jpg,2.534691318e-09
3503011427_a4ee547c77.jpg,-4.368084154e-10
2351762979_0941aecced.jpg,1.62185249e-09
3592968286_b63c81bcd2.jpg,6.700096159e-09
2862004252_53894bb28b.jpg,1.576534068e-09
1077931201_1e0bb83105.jpg,7.474703416e-09
2120383553_5825333a3f.jpg,9.515535935e-10
3399843227_3b9d2a8dbf.jpg,7.484661716e-09
241345533_99c731403a.jpg,2.1419143e-09
3710050559_f6f12760fe.jpg,5.357636846e-09
2635938723_11b85e6763.jpg,-9.15052597e-09
3496028495_431cfdc042.jpg,-2.262399995e-09
2991575785_bd4868e215.jpg,-2.410960551e-09
3562282690_cd2a95fe9e.jpg,3.900357768e-10
2676764246_c58205a365.jpg,-7.84595641e-10
3519942322_b37d088aae.jpg,1.378167109e-09
2839932205_3c9c27cd99.jpg,-3.341241966e-09
2115620856_4fa5025ac6.jpg,6.172166057e-10
2684322797_85406f571d.jpg,-3.767109796e-09
530661899_94655d7d0e.jpg,-2.562945426e-09
3610683688_bbe6d725ed.jpg,-6.178331413e-09
2186087673_c7a73da7ce.jpg,-8.596611925e-10
350176185_b8c5591e36.jpg,-7.982785144e-10
3649384501_f1e06c58c0.jpg,-4.976365913e-09
3243094580_ccd01679f5.jpg,-1.576392657e-09
3301854980_233cc2f896.jpg,3.512145811e-09
3465396606_5ba1574128.jpg,-1.019431333e-09
2502905671_c6039804ab.jpg,-2.497194073e-09
437917001_ae1106f34e.jpg,6.41001965e-09
3273163189_dece7babf4.jpg,-5.751088116e-09
3405100926_e96308ce89.jpg,-2.099297482e-09
2088532947_c628e44c4a.jpg,3.417419426e-09
3134585858_a8c3493ca5.jpg,1.369988798e-09
2242178517_2325b85e5f.jpg,2.294011198e-09
2885891981_6b02620ae9.jpg,-2.204254433e-09
618771382_459bb492e4.jpg,-3.138523291e-09
2642475077_69d19deb74.jpg,1.966382733e-09
197504190_fd1fc3d4b7.jpg,4.056110781e-09
479807465_cf42f39d00.jpg,2.429122476e-09
2622624460_207dbcc4cf.jpg,4.395426172e-09
3234890865_bb3c316968.jpg,6.021342869e-09
413737417_b0a8b445e9.jpg,5.002867219e-09
2116444946_1f5d1fe5d1.jpg,3.060741489e-09
1434005938_ad75c8598c.jpg,2.194754597e-09
2271890493_da441718ba.jpg,-1.020597945e-09
2441354291_b32e00e5a6.jpg,-1.086814285e-09
3583704941_611353857e.jpg,1.637460817e-09
2680619645_ab6645218d.jpg,2.015249317e-09
2504991916_dc61e59e49.jpg,-1.770852158e-09
2310126952_7dc86d88f6.jpg,-5.86353114e-10
576920249_df1bdc2068.jpg,9.882689165e-10
2628331789_c7f7d90e5d.jpg,-1.959532258e-09
2839038702_e168128665.jpg,2.185682823e-09
3067971348_69af5bb309.jpg,3.516821194e-09
2860202109_97b2b22652.jpg,6.3132454e-09
3245250964_9d3e37111e.jpg,6.03809376e-10
1806580620_a8fe0fb9f8.jpg,-1.423484346e-09
239807547_4923efc821.jpg,3.230028189e-09
1566117559_f5d98fbeb0.jpg,-2.55860254e-09
2759813381_73303113d9.jpg,1.051279994e-09
3000722396_1ae2e976c2.jpg,-1.601029006e-09
278007543_99f5a91a3e.jpg,7.399056721e-10
947664583_7c63172366.jpg,-2.430595903e-09
325576658_59f68bdbd6.jpg,-6.021785843e-09
2415265825_fbfe0c8556.jpg,5.235182439e-09
3364796213_b8948913b5.jpg,6.156487472e-09
2058091220_2087270068.jpg,2.667403424e-09
2295216243_0712928988.jpg,9.006070732e-09
506808265_fe84ada926.jpg,-1.625921332e-09
557601144_50b8c40393.jpg,3.127060661e-09
3613667665_1881c689ea.jpg,-2.739011435e-09
3603116579_4a28a932e2.jpg,-9.724538814e-10
1112212364_0c48235fc2.jpg,-7.064708069e-10
2855910826_d075845288.jpg,3.798068707e-09
2801851082_8c3c480c0f.jpg,2.391129242e-09
2861413434_f0e2a10179.jpg,-1.115944368e-08
3439243433_d5f3508612.jpg,-5.162525492e-09
3038045802_93f2cd5fbc.jpg,9.610278265e-09
412101267_7257e6d8c0.jpg,7.179540021e-09
3371887001_44ab0c2f17.jpg,7.554202854e-09
260392825_ea61660633.jpg,-7.260861779e-09
3688858505_e8afd1475d.jpg,3.08822672e-09
236144859_52f9e38885.jpg,-2.675084362e-09
3207775692_bb897d9afd.jpg,-1.584222176e-09
3193335577_9bdbaf9f70.jpg,-4.03637957e-09
543291644_64539956e9.jpg,-2.871987615e-09
1781227288_6811e734be.jpg,5.162781018e-09
2892995070_39f3c9a56e.jpg,-2.497819091e-09
2939371251_f923569a72.jpg,3.465776371e-09
2913972180_547783dd3d.jpg,1.569729548e-10
534655560_dc1c335b3f.jpg,-1.0421145e-08
3162289423_4ca8915d0c.jpg,-2.240458564e-09
3375549004_beee810e60.jpg,-2.946644171e-09
3680031186_c3c6698f9d.jpg,-9.096388449e-09
476759700_8911f087f8.jpg,1.390329499e-09
487894806_352d9b5e66.jpg,-3.850659457e-09
3157039116_d82da4e66b.jpg,2.279567038e-09
3264937930_9623496b64.jpg,2.114930069e-09
2565657591_6c1cdfc092.jpg,6.957669322e-09
3320154278_c67e01b8d1.jpg,1.959162813e-09
3557295488_600d387347.jpg,3.817131636e-09
3488512097_e500cb499f.jpg,4.924711663e-09
1436760519_8d6101a0ed.jpg,-2.310800005e-09
2425262733_afe0718276.jpg,-8.538272538e-09
278388986_78ba84eb8f.jpg,6.245361454e-09
3260975858_75d0612a69.jpg,5.860083652e-10
3702038926_966fdaa311.jpg,-4.194161076e-10
3449718979_e987c64e2d.jpg,-2.214747636e-09
2428094795_d3a8f46046.jpg,-5.600492464e-10
2479162876_a5ce3306af.jpg,2.185369874e-09
3256272547_5ae6c66293.jpg,2.54212718e-09
3621717946_d96f8a6012.jpg,-4.557247432e-09
260162669_c79a900afb.jpg,4.339673467e-10
3256043809_47258e0b3e.jpg,-4.416806349e-11
3721799573_2f470950e0.jpg,-1.000848332e-09
3310067561_b92017acab.jpg,-4.605896005e-09
2635400219_2e1a984fd3.jpg,6.956246589e-09
3004823335_9b82cbd8a7.jpg,-7.556166089e-10
3349955993_a04aea97d8.jpg,4.878985876e-09
3571193625_835da90c5e.jpg,-3.606224594e-09
2552949275_b8cdc450cc.jpg,-9.332505027e-09
72218201_e0e9c7d65b.jpg,3.953667858e-09
1142847777_2a0c1c2551.jpg,1.073802808e-08
105342180_4d4a40b47f.jpg,4.499005995e-09
3217240672_b99a682026.jpg,-4.617962672e-09
2272967004_1531726d71.jpg,-1.340422736e-09
3296124052_6f1d1c9f8d.jpg,8.591439159e-11
3651107058_d84d4c3c25.jpg,-2.793422497e-09
2434074318_e35a567220.jpg,-3.832920707e-10
96973080_783e375945.jpg,1.483587194e-09
2658009523_b49d611db8.jpg,2.739673428e-09
2612608861_92beaa3d0b.jpg,1.112040287e-09
1303727066_23d0f6ed43.jpg,1.050488834e-09
2214132302_80064fd79d.jpg,2.998862263e-09
2514581496_8f4102377e.jpg,1.771949618e-09
3326024473_4c16e4fbfc.jpg,1.09627327e-08
2882743431_c3e6cd1b5c.jpg,-3.33507784e-09
3541962817_78bcd3835b.jpg,-1.84347046e-09
2307118114_c258e3a47e.jpg,-3.737296401e-09
3583065748_7d149a865c.jpg,5.142053592e-09
3632197966_0c5061025f.jpg,1.483289719e-09
279901198_e7a88c855a.jpg,-5.549960588e-10
1827560917_c8d3c5627f.jpg,-5.372927669e-09
1923476156_e20976b32d.jpg,-2.344887222e-09
3462165890_c13ce13eff.jpg,5.420030426e-09
453473508_682c0a7189.jpg,-6.362859674e-09
3223709894_97824ba76f.jpg,5.912500311e-09
1394927474_0afdd82fc4.jpg,-2.085270579e-09
3474985008_0a827cd340.jpg,1.268262607e-09
581419370_30485f3580.jpg,1.005744433e-09
3538021517_b930dc76fc.jpg,3.005478447e-09
3436063693_15c8d377a2.jpg,1.187435723e-09
2528552898_9e49a7033f.jpg,2.175159164e-09
3664928753_7b0437fedf.jpg,3.518910674e-09
485312202_784508f2a9.jpg,2.590418229e-09
3634785801_4b23184a06.jpg,4.865460463e-09
2817847072_5eb3bc30ac.jpg,-3.220137943e-09
3280672302_2967177653.jpg,-7.262494882e-09
1881494074_1bebd93089.jpg,-5.482952893e-09
3323498985_fd9d2803fd.jpg,-2.443351073e-09
3348785391_c243faf6bb.jpg,-6.496397645e-09
3119887967_271a097464.jpg,1.705293714e-09
3301754574_465af5bf6d.jpg,-1.294920029e-09
3672109677_8caa992671.jpg,-4.108981791e-09
3670907052_c827593564.jpg,-2.908735363e-10
3595080592_5fd55570e5.jpg,-4.954415344e-09
3495453699_1c9faedf3c.jpg,6.313005488e-09
3550276904_19de3561c5.jpg,1.90569634e-09
2428797297_7fc3c862db.jpg,7.123615687e-09
421808539_57abee6d55.jpg,-8.004172834e-10
248174959_2522871152.jpg,1.7907646e-09
435054077_3506dbfcf4.jpg,2.06010564e-09
3640241166_b1ab7a8e7a.jpg,1.946072873e-09
2874984466_1aafec2c9f.jpg,3.929565635e-09
3287236038_8998e6b82f.jpg,6.529273814e-09
2453990033_df53f0d8c8.jpg,5.09171872e-09
2736508369_fd9ff0b42f.jpg,2.493900928e-09
3092370204_029b6bc10a.jpg,-2.221804322e-09
191003284_1025b0fb7d.jpg,2.480381192e-09
1466307489_cb8a74de09.jpg,-7.162417898e-10
2255685792_f70474c6db.jpg,-1.809080219e-09
2629402527_6dfc5c504b.jpg,-1.9566826e-09
2687539673_d54a8dc613.jpg,4.102330814e-09
124881487_36e668145d.jpg,-5.854096817e-09
2303016989_0deb96c8d9.jpg,2.266506751e-09
2838125339_3dd314e315.jpg,1.273452641e-09
316833109_6500b526dc.jpg,2.771547014e-09
3573436368_78f0ccdf01.jpg,8.717368532e-10
3088399255_1bd9a6aa04.jpg,-2.398299777e-09
250892549_1e06a06a78.jpg,-5.408331597e-09
3711611500_ea47b58b6f.jpg,-3.030962855e-09
1096395242_fc69f0ae5a.jpg,5.141718365e-09
3545586120_283d728a97.jpg,3.396906116e-09
1089181217_ee1167f7af.jpg,1.338569184e-09
3116985493_04b1dc3345.jpg,-6.170678516e-09
3706653103_e777a825e4.jpg,6.722617478e-09
380041023_0dfd712ef1.jpg,3.900188968e-09
3497224764_6e17544e0d.jpg,-3.849652386e-09
410422753_de506155fa.jpg,-2.121523063e-09
3006093003_c211737232.jpg,-1.258412068e-09
857914283_270d7d1c87.jpg,-4.569534931e-09
107318069_e9f2ef32de.jpg,3.903629196e-10
3175849727_bf30b892cb.jpg,7.940170569e-09
2641770481_c98465ff35.jpg,-2.156779141e-09
3437693401_202afef348.jpg,1.280230768e-09
3555231025_73fa54fa29.jpg,2.228406928e-09
2196316998_3b2d63f01f.jpg,-4.089970579e-09
245442617_407eba1e98.jpg,2.955774229e-09
3353400143_8b9543f7dc.jpg,9.527034217e-10
413231421_43833a11f5.jpg,3.629299592e-10
2200901777_f6c168bd32.jpg,5.763494606e-09
2493469969_11b6190615.jpg,1.272464413e-09
3756150099_50882fc029.jpg,-2.499445977e-09
3404978479_8a81843e17.jpg,3.736276972e-09
3268191118_ba25fabab6.jpg,4.110942227e-09
2603334363_cfa32c4482.jpg,1.508972958e-09
3181409177_edb09c2718.jpg,-1.473354014e-09
3656206975_09e6ce58bd.jpg,-1.107615829e-10
2940366012_1ef8ab334e.jpg,-6.158716091e-09
2318721455_80c6644441.jpg,8.061634093e-09
2976155358_b4dd4407cf.jpg,-8.000166538e-10
3518118675_5053b3f738.jpg,-4.535475143e-09
2894850774_2d530040a1.jpg,2.87553206e-09
900144365_03cd1899e3.jpg,1.502360158e-09
3300019891_8f404d94a1.jpg,3.311057069e-09
3457460673_800d7f7dd9.jpg,-2.393709656e-09
1428641354_f7453afbea.jpg,3.552847568e-09
2285741931_07159a21f2.jpg,4.817607385e-09
3666056567_661e25f54c.jpg,3.506842427e-09
2505988632_9541f15583.jpg,-1.87562706e-09
177302997_5b2d770a0a.jpg,-8.902574744e-10
1087168168_70280d024a.jpg,7.354465326e-09
1397295388_8a5b6b525d.jpg,-9.044419755e-09
2261257940_449b6e6c91.jpg,-2.3833618e-09
3566225740_375fc15dde.jpg,8.786824805e-09
3172283002_3c0fc624de.jpg,-1.831268537e-10
3324056835_84904fe2f8.jpg,-4.715873788e-09
1053804096_ad278b25f1.jpg,6.176283797e-10
2943079526_e9033a6556.jpg,1.446362683e-10
3647283075_3005333222.jpg,5.065833161e-09
2944836001_b38b516286.jpg,2.356482977e-09
3576060775_d9121519cc.jpg,1.107155993e-10
3399906919_bc8562b257.jpg,4.806058106e-10
2490863987_715383944a.jpg,2.864596028e-09
2256133102_e2c8314ecb.jpg,7.04467315e-09
3493000349_81c540e828.jpg,-7.464419873e-09
3530342993_a4a1f0e516.jpg,-1.145967259e-09
3182405529_7692256746.jpg,-5.203531814e-09
2797149878_bb8e27ecf9.jpg,-3.80652454e-10
470887795_8443ce53d0.jpg,5.590090128e-09
2081679622_6f1442367d.jpg,2.105317348e-09
2987096101_a41896187a.jpg,5.839012993e-09
3401333624_4b6af8c1d7.jpg,4.7026475e-09
2090545563_a4e66ec76b.jpg,-4.477644517e-09
445861800_75fc6a8c16.jpg,-6.114292271e-09
1423997242_ea2189ec5e.jpg,8.632485549e-10
380034515_4fbdfa6b26.jpg,1.773149843e-09
472535997_0dbf42b9f3.jpg,-7.07887775e-09
3162095736_cc41dd41ff.jpg,6.973970634e-10
1002674143_1b742ab4b8.jpg,-3.05467276e-10
3375991133_87d7c40925.jpg,-7.095862927e-09
1303550623_cb43ac044a.jpg,-7.730495947e-09
3437781040_82b06facb3.jpg,1.547915653e-09
539493431_744eb1abaa.jpg,2.106284154e-09
1211015912_9f3ee3a995.jpg,-2.433357985e-09
2655647656_ee450446ed.jpg,-1.218525985e-09
2792212974_23b1ef05fa.jpg,-7.139284679e-09
3595216998_0a19efebd0.jpg,7.23318407e-09
423066487_07757b2b49.jpg,5.654763987e-09
2823575468_15f6c345fc.jpg,2.276930925e-09
3263215700_e27f81f8b9.jpg,5.99723568e-09
2892395757_0a1b0eedd2.jpg,-3.652680277e-09
519059913_4906fe4050.jpg,-1.981439902e-09
2384550175_e421d3a871.jpg,-3.96012871e-09
3548191125_514f47e493.jpg,-1.495047865e-08
2822290399_97c809d43b.jpg,-2.845497332e-09
241345864_138471c9ea.jpg,2.776317309e-09
2466420387_86fe77c966.jpg,2.715220648e-09
229862312_1a0ba19dab.jpg,-6.632971866e-10
1573017288_4d481856e2.jpg,-2.32488504e-09
3355494822_61353a224d.jpg,-1.286377068e-09
2352414953_10f3cd0f1f.jpg,-1.283559668e-09
2751602672_ca5e1f6447.jpg,-2.391673576e-09
3518755601_cebf11e515.jpg,2.39202306e-09
3442622076_c3abe955e5.jpg,1.78209269e-09
2862509442_4f5dc96dca.jpg,-1.024956688e-09
1263126002_881ebd7ac9.jpg,-2.517917859e-09
3154528397_89112faf4b.jpg,2.07280518e-10
554774472_b5d165ff69.jpg,-4.948580881e-09
2460126267_0deea8b645.jpg,-9.551789367e-09
3504158556_1d410c8ff7.jpg,5.966038603e-09
2431723485_bc6b8e6418.jpg,4.717326992e-09
1473080948_bae2925dc8.jpg,-4.145309856e-09
3594822096_e1144b85d6.jpg,5.159135102e-10
3232470286_903a61ea16.jpg,3.618323903e-09
2599131872_65789d86d5.jpg,-2.789246769e-09
262570082_6364f58f33.jpg,-9.842423402e-09
2912476706_9a0dbd3a67.jpg,1.726726325e-09
3016726158_4d15b83b06.jpg,1.872465022e-09
2661489896_cc3425777e.jpg,2.912480928e-09
3404552106_f516df0f5b.jpg,5.186012991e-09
2204277704_f1c8c741ed.jpg,-3.10125177e-09
2050067751_22d2763fd2.jpg,5.965134122e-10
350443876_c9769f5734.jpg,-3.173425114e-09
2450299735_62c095f40e.jpg,2.583533171e-09
769260947_02bc973d76.jpg,-5.587085649e-09
2970067128_8842ab3603.jpg,5.058942999e-10
2342478660_faef1afea8.jpg,-5.871866501e-09
485245061_5a5de43e20.jpg,1.595117176e-09
3621649810_cca783b777.jpg,1.491400979e-09
3346918203_986dca6641.jpg,7.09116417e-11
3272002857_ace031f564.jpg,1.822139785e-09
3104400277_1524e4f758.jpg,-5.232292466e-09
2231847779_1148d1c919.jpg,-1.037675503e-10
3308488725_f91d9aba27.jpg,-5.172735767e-10
2712974062_6d5b6aa7f0.jpg,1.581979987e-09
2757803246_8aa3499d26.jpg,3.951493758e-09
3126773489_7ae425af17.jpg,6.164636179e-09
2960033435_c20cc7399a.jpg,4.823712141e-09
2502007071_82a8c639cf.jpg,-4.44031031e-09
3132619510_7dfc947d25.jpg,2.98015208e-09
3028095878_07341efc9c.jpg,-1.777056007e-09
247704641_d883902277.jpg,1.039262712e-09
3359551687_68f2f0212a.jpg,9.467521984e-10
824123145_59243e504e.jpg,3.27615026e-09
3285993030_87b0f1d202.jpg,-6.628363683e-10
1663454406_5e2cf8c5bb.jpg,-9.997067253e-09
2147199188_d2d70b88ec.jpg,-3.724714204e-09
236474697_0c73dd5d8b.jpg,-6.293834408e-09
3308018795_68a97a425c.jpg,-8.537013813e-10
275516348_cbccebc125.jpg,3.024181339e-09
3174228611_6cf9d2266b.jpg,3.36758093e-10
2420546021_4a59790da6.jpg,-3.329183569e-10
3009018821_ba47396e24.jpg,1.505079835e-09
2287023569_fd7a9c60b8.jpg,-3.619741263e-09
3519155763_045a6a55e2.jpg,7.352883154e-09
2309327462_82a24538d4.jpg,-1.818276268e-10
609681901_66809d2dc1.jpg,-7.742069424e-09
3344411431_6f4917bb2f.jpg,-3.367040271e-09
3726700898_c50494b8bd.jpg,5.053282755e-09
3603064161_a8f3b6455d.jpg,9.296771933e-10
415793623_6c1225ae27.jpg,7.886483749e-09
3225296260_2ee72b4917.jpg,-3.515575051e-09
2952320230_26601173be.jpg,8.144264132e-09
2400958566_4e09424046.jpg,2.908619931e-09
2286239223_d84ffc4e4a.jpg,8.827788023e-10
888517718_3d5b4b7b43.jpg,-1.873409485e-10
3259228898_cefd04580b.jpg,-2.283352775e-09
3374054694_fa56f29267.jpg,-2.203360392e-09
3317960829_78bbfafbb6.jpg,-2.229322755e-09
1332815795_8eea44375e.jpg,-1.207872694e-10
3106340185_80d0cb770a.jpg,-1.940612686e-09
1244140539_da4804d828.jpg,2.980814887e-09
2193223202_4d908c0450.jpg,-8.187674762e-09
69189650_6687da7280.jpg,3.153288903e-09
517102724_a0f3069156.jpg,2.053319551e-09
230016181_0c52b95304.jpg,1.569518561e-10
3217620013_8b17873273.jpg,-6.20503164e-10
3429351222_17ae744daf.jpg,4.656817303e-10
3454199170_ae26917dcd.jpg,-5.709706227e-09
3580375310_46ec3e476c.jpg,1.335946422e-09
3594029059_cee1f4c59a.jpg,-6.214084834e-10
2657484284_daa07a3a1b.jpg,4.594106481e-09
2869009633_ea3cafd437.jpg,-1.454745055e-09
3664297064_a4d45cbbbc.jpg,2.117963919e-09
3463523977_f2ed231585.jpg,9.141115156e-10
2745811124_12c4426b8b.jpg,-4.770781676e-09
2696636252_91ef1491ea.jpg,-7.785207991e-09
2579266054_1ec58aa92f.jpg,1.133105544e-09
279728508_6bd7281f3c.jpg,-1.746036664e-09
3619232550_0b1e1fd4e4.jpg,3.076686141e-09
3639428663_dae5e8146e.jpg,-6.808081957e-09
2808870080_4ea4f3327e.jpg,-2.25181621e-09
431018958_84b2beebff.jpg,-6.226643742e-09
3427852996_d383abd819.jpg,3.002360787e-09
1529044279_4922ead27c.jpg,-1.150112992e-08
2307807200_91fa29cba1.jpg,-7.70085884e-09
405534893_2d0f3b0147.jpg,-1.100496835e-09
2885111681_dc328ecfff.jpg,-5.743977386e-09
2921094201_2ed70a7963.jpg,-6.893057781e-10
772212710_f5fc22ed35.jpg,3.824299378e-10
2664103423_c539f61016.jpg,6.386456692e-09
315880837_90db309bab.jpg,-2.201528392e-09
2108799322_e25aa6e185.jpg,-6.621339852e-10
1956678973_223cb1b847.jpg,-1.236367053e-09
219730733_6a55382dd2.jpg,-3.449082934e-09
2914800692_0c512d27b8.jpg,8.927722399e-09
2248487956_2603f55ab9.jpg,3.806707089e-11
483841513_e660391880.jpg,-3.87099262e-09
1674612291_7154c5ab61.jpg,-7.353588987e-09
2288530008_4ebcee2174.jpg,-6.506836388e-09
3729525173_7f984ed776.jpg,7.276127983e-09
2257294002_0073263c54.jpg,9.529224677e-10
2914737181_0c8e052da8.jpg,-1.291161632e-08
539744890_85e63f5854.jpg,7.770859914e-09
3513265399_a32e8cfd18.jpg,-1.477356726e-10
1625306051_7099519baa.jpg,-7.025526733e-10
2642350864_099c0f2152.jpg,7.95302937e-10
756909515_a416161656.jpg,5.030173004e-09
2939197393_93dc64c4bb.jpg,3.809902782e-09
2070831523_5035d5537e.jpg,-1.604195333e-09
2986671935_0c60bbb3fa.jpg,-1.060575463e-09
156967462_72db9b722c.jpg,1.922388004e-09
1425919702_ddb761aeec.jpg,-5.45844505e-09
3048380686_732db55281.jpg,1.994380745e-09
3226541300_6c81711e8e.jpg,3.937260521e-09
482907079_22085ada04.jpg,2.299609738e-10
108899015_bf36131a57.jpg,-1.141182252e-10
2623939135_0cd02ffa5d.jpg,2.47489602e-09
3421177332_a05741cfa4.jpg,2.120376906e-09
3322443827_a04a94bb91.jpg,-1.072839144e-09
2597737483_6518a230e4.jpg,-5.099528964e-09
3067500667_0fce8f28d4.jpg,-1.596426865e-09
2521878609_146143708e.jpg,9.181311265e-09
1772859261_236c09b861.jpg,4.811538649e-10
2266901263_4324af1f03.jpg,2.284999428e-09
3351667632_00f586a30c.jpg,-1.425112679e-10
1305564994_00513f9a5b.jpg,3.080277956e-09
2196050115_e236d91f52.jpg,-1.917653855e-09
3014986976_0e7b858970.jpg,-2.551471929e-09
505955292_026f1489f2.jpg,-8.081421849e-09
670609997_5c7fdb3f0b.jpg,-1.120440642e-09
416650559_cd08d3cd96.jpg,-2.370373932e-09
3587781729_bd21ce7b11.jpg,-4.531020166e-09
3424927725_c4d1fcfac3.jpg,6.986395227e-10
3329777647_5e1fd503ac.jpg,1.52046113e-09
3084380974_268a0f9236.jpg,2.372581377e-09
2358898017_24496b80e8.jpg,3.456468814e-09
446286714_dcec7f339e.jpg,-3.335704711e-09
342872408_04a2832a1b.jpg,-4.780879164e-09
3613027188_1645ca1976.jpg,3.201730542e-09
3493255026_5fdaa52cbe.jpg,-2.805085441e-09
3474912569_7165dc1d06.jpg,-2.271302233e-09
3091916691_b1c96669c6.jpg,1.876053812e-10
2998861375_02817e0147.jpg,-4.923448887e-09
1248734482_3038218f3b.jpg,-9.229293031e-09
3514019869_7de4ece2a5.jpg,1.441660798e-09
2324917982_f3db8c11e9.jpg,-3.87537683e-09
2198511848_311d8a8c2f.jpg,-3.824615196e-09
3578841731_f775cab089.jpg,-1.799091536e-09
3427402225_234d712eeb.jpg,1.708419468e-09
3134644844_493eec6cdc.jpg,5.977678192e-09
2500567791_101d5ddee3.jpg,1.901852623e-09
976392326_082dafc3c5.jpg,-4.414287741e-09
3052196390_c59dd24ca8.jpg,3.256191035e-09
3035118753_69287079dc.jpg,-2.935682554e-09
2308256827_3c0a7d514d.jpg,3.247187147e-10
2097398349_ff178b3f1b.jpg,-2.357083568e-09
2933643390_1c6086684b.jpg,1.098479409e-10
132489044_3be606baf7.jpg,2.692841884e-09
2900274587_f2cbca4c58.jpg,-4.835956796e-09
2288315705_5f4c37d932.jpg,9.177907898e-10
2795352290_9209b214f3.jpg,-2.773258019e-09
1721637099_93e9ec2a2f.jpg,-5.979145526e-09
2744705574_519c171ca0.jpg,-2.906201184e-09
3127142756_bf0bfcb571.jpg,7.438708952e-09
125319704_49ead3463c.jpg,1.721979785e-09
3263497678_8bb688ca01.jpg,-3.507816667e-09
244774022_a12c07afdb.jpg,-2.68396031e-09
2102030040_2e8f4738f7.jpg,4.482499703e-09
523692399_d2e261a302.jpg,5.760614032e-09
3348811097_0e09baa26f.jpg,-5.701527953e-09
2966552760_e65b22cd26.jpg,-1.902781824e-09
2647062476_5ef31ba867.jpg,-2.440272626e-09
280706862_14c30d734a.jpg,6.385725897e-12
421153376_d1d325568f.jpg,1.529444498e-09
3699318394_6193f2c8e0.jpg,1.800253516e-09
664470170_6a1ad20c45.jpg,8.637172549e-10
2399114095_c3196ff456.jpg,6.270201278e-09
2660480624_45f88b3022.jpg,5.57698194e-09
1460352062_d64fb633e0.jpg,1.218263682e-09
2385146732_d1c67c790e.jpg,2.028343243e-09
3185645793_49de805194.jpg,3.321495894e-09
3384314832_dffc944152.jpg,8.504020319e-10
1449370354_380c4123c9.jpg,-1.352035162e-09
997338199_7343367d7f.jpg,-4.023027368e-09
2670637584_d96efb8afa.jpg,6.012159038e-09
3501936223_6122a13d27.jpg,-2.437378183e-09
3072114570_e1c0127529.jpg,4.116998439e-09
3461106572_920c8c0112.jpg,7.041866757e-09
804087017_330bcc8c56.jpg,2.42105455e-09
2559921948_06af25d566.jpg,-3.160751755e-10
2044063458_fcc76a7636.jpg,-1.268770803e-12
2901880865_3fd7b66a45.jpg,-3.714672823e-09
890734502_a5ae67beac.jpg,5.919290756e-09
1394396709_65040d97ab.jpg,-7.964288381e-10
3416339125_0860d3d1eb.jpg,5.155990848e-09
3628043835_9d9bd595a7.jpg,-3.6742325e-09
3665169936_01ae94c9fd.jpg,7.369061909e-09
2735558076_0d7bbc18fc.jpg,1.893214428e-09
3634400263_c6fcaa48e1.jpg,1.325843294e-08
3370085095_6abbb67c1d.jpg,5.944150338e-10
3675825945_96b2916959.jpg,-3.693232429e-09
3563924606_5914392cd8.jpg,-1.640191235e-09
199809190_e3f6bbe2bc.jpg,-1.906926785e-09
2557507575_b247f145bc.jpg,-4.984875124e-09
561940436_64d6fc125d.jpg,-1.059156455e-09
1917203130_fcaff8b10e.jpg,-1.102339085e-08
3272847211_9e8a4f8308.jpg,-6.63937212e-10
3533451027_b078e4631b.jpg,-1.558845818e-09
700884207_d3ec546494.jpg,2.427509071e-09
470887781_faae5dae83.jpg,-1.043529687e-09
1499581619_a5f65a882c.jpg,-4.953265643e-09
3407584080_c6abf71ae3.jpg,6.75622267e-10
3606909929_90a1a072b7.jpg,1.662519576e-09
3042483842_beb23828b9.jpg,8.800653234e-09
2623247254_3bfc795121.jpg,-6.959694775e-09
3396157719_6807d52a81.jpg,3.324528078e-09
3604384383_db6805d1b9.jpg,-3.20526802e-09
2313230479_13f87c6bf3.jpg,-1.606329314e-09
3500115252_9404c066a8.jpg,-4.145195732e-09
961611340_251081fcb8.jpg,1.154494804e-09
3699522388_2333f01f40.jpg,-2.40909257e-09
392467282_00bb22e201.jpg,8.41173821e-09
3485599424_94de8ede51.jpg,2.308479525e-10
489372715_ce52da796a.jpg,3.411010626e-09
2673148534_8daf0de833.jpg,-2.799037337e-09
3443030942_f409586258.jpg,-2.399614902e-09
1401961581_76921a75c5.jpg,-4.480529082e-09
1155138244_859fd6e079.jpg,-9.92805843e-10
219843860_332e5ca7d4.jpg,-2.137384065e-09
3700322513_50f0d45bfa.jpg,6.042239958e-10
109823394_83fcb735e1.jpg,7.550666839e-10
293879742_5fe0ffd894.jpg,-4.959923153e-09
3051754615_3d6494c2ae.jpg,7.189643972e-09
54723805_bcf7af3f16.jpg,2.146568703e-10
3436418401_b00ceb27c0.jpg,1.619189194e-09
3508051251_82422717b3.jpg,1.922337092e-09
534056823_0752303702.jpg,6.11642001e-09
3653484549_f316590b0f.jpg,3.547592497e-09
3597326009_3678a98a43.jpg,3.663504656e-09
491964988_414b556228.jpg,4.253263501e-09
2633082074_32c85f532c.jpg,2.539460745e-09
3721812313_6000566803.jpg,5.71724959e-09
2373234213_4ebe9c4ee5.jpg,-1.23194866e-09
315436114_6d386b8c36.jpg,-7.83564655e-09
241346471_c756a8f139.jpg,-5.927792336e-09
1095476286_87d4f8664e.jpg,4.437540559e-10
2883324329_24361e2d49.jpg,2.833732182e-09
1235681222_819231767a.jpg,5.717415907e-09
72964268_d532bb8ec7.jpg,1.275176937e-08
262642489_f5c6b9e65b.jpg,3.296267035e-09
3342822192_082f932ef2.jpg,9.00498028e-10
3475092236_cf45d383c7.jpg,-3.886994297e-09
3215896272_e9b4b547a9.jpg,-1.741665838e-09
2142232919_c857a09dd7.jpg,1.773675366e-09
2189181027_a445b13438.jpg,1.023852248e-08
3274879561_74997bbfff.jpg,3.789913017e-09
309430053_cc58bcc36a.jpg,-1.333910915e-09
241345596_91e0e2daf5.jpg,9.761957667e-10
3621623690_0095e330bc.jpg,2.922295579e-10
3741827382_71e93298d0.jpg,2.708398555e-09
2473737724_355599a263.jpg,-1.088503994e-08
3406116788_c8f62e32d1.jpg,1.940379996e-09
1324816249_86600a6759.jpg,-3.260381896e-09
3468694409_a51571d621.jpg,1.892305197e-09
3030962048_f71948226c.jpg,9.10933694e-09
2467850190_07a74d89b7.jpg,-5.764315599e-09
2319808437_bbbdc317c0.jpg,-1.547520219e-09
1295671216_cde1b9c9d1.jpg,6.798151395e-10
237277765_9e6fa5b99a.jpg,3.982732535e-09
181103691_fb2f956abd.jpg,3.449135134e-09
3640348910_fcd627ec66.jpg,-1.73768472e-09
2879241506_b421536330.jpg,3.220999085e-09
2504056718_25ded44ecb.jpg,6.601003854e-09
2618538137_44fffe10c4.jpg,9.090140521e-09
3425071001_e7c9809ef2.jpg,2.05985168e-09
3472540184_b0420b921a.jpg,-3.852764249e-09
1405221276_21634dcd58.jpg,-1.738204932e-09
2587106431_1cc0e719c6.jpg,-2.25728781e-09
2762702644_2aa3bf9680.jpg,1.923098453e-09
2808098783_c56b44befa.jpg,-1.087657072e-10
2257099774_37d0d3aa9a.jpg,6.316837066e-10
3141440149_00becbbb93.jpg,2.2448914e-09
3304484212_b950233c30.jpg,3.992808847e-09
3475581086_a533567561.jpg,-2.295955308e-09
979201222_75b6456d34.jpg,-2.224539078e-09
3581538034_783b7d0d09.jpg,-5.38974912e-09
2865564810_5c63328cd4.jpg,-4.199246543e-10
3691622437_f13644273c.jpg,2.619002351e-09
3412249548_00820fc4ca.jpg,-3.655166786e-09
131632409_4de0d4e710.jpg,3.569603435e-09
3251648670_9339943ba2.jpg,5.114976846e-09
3712923460_1b20ebb131.jpg,-6.535799398e-09
3189521080_133777bce5.jpg,5.919277012e-09
852469220_bc0fee3623.jpg,-1.402660181e-10
2115849046_2aa9fa8d13.jpg,-4.687573706e-09
1357724865_4faf4e1418.jpg,-1.764934016e-09
3492383096_5bbc08f0da.jpg,-2.886933641e-10
1808504612_3508f3c9bb.jpg,-3.362363196e-09
3725814794_30db172f67.jpg,1.941412263e-09
3493479159_609ebe1b35.jpg,6.198042408e-09
2362377137_9528692825.jpg,6.327154794e-09
319851847_7212423309.jpg,-2.352556848e-10
500446858_125702b296.jpg,5.233663388e-10
3155501473_510f9c9f6b.jpg,4.035052979e-09
408573233_1fff966798.jpg,-2.374676066e-09
470373679_98dceb19e7.jpg,4.442823566e-09
2867699650_e6ddb540de.jpg,2.181727899e-09
488356951_b3b77ad832.jpg,-2.63756275e-09
2944025729_5aecda30ee.jpg,1.313658952e-09
2638981862_6b23833f37.jpg,5.710307526e-09
689359034_4a64c24ca4.jpg,7.45207343e-09
3234115903_f4dfc8fc75.jpg,3.147512454e-09
3332467180_d72f9b067d.jpg,-4.35783195e-09
3365198533_539073002b.jpg,-2.297936255e-09
2419221084_01a14176b4.jpg,3.148574847e-10
1269470943_ba7fc49b4d.jpg,4.700310898e-09
2461990494_c5ece064cc.jpg,1.830218337e-09
1969573381_5ecfae4c80.jpg,-1.963598315e-09
2276120079_4f235470bc.jpg,1.35446975e-09
3399616238_77acf4ee12.jpg,3.043733259e-09
781387473_208ba152b3.jpg,1.825456041e-09
295729735_8360f2e64c.jpg,-5.941816247e-09
1412832223_99e8b4701a.jpg,-2.732819784e-09
673806038_0a3682a83f.jpg,-6.08216613e-09
2908466042_bf07cb52c7.jpg,1.944799281e-09
3726730085_2468ee9220.jpg,-6.147861582e-09
2368266191_87d77750f1.jpg,2.910546932e-09
751074141_feafc7b16c.jpg,-1.862784588e-10
3547000169_40191e02ca.jpg,-6.472135327e-09
3516653997_98ec551a67.jpg,4.036726849e-09
3562470436_6e193643ce.jpg,3.693063039e-09
3412450683_7da035f2de.jpg,-3.243789141e-09
1072153132_53d2bb1b60.jpg,-2.232091634e-09
3388330419_85d72f7cda.jpg,-4.107418306e-09
2372763106_ddea79d36e.jpg,-4.820910555e-11
3211437611_bd4af3730b.jpg,-1.378225571e-10
897406883_f09f673d94.jpg,6.615103296e-09
482882307_7dcb9eee11.jpg,5.710263718e-09
535123126_c06c1ab9bf.jpg,-7.346600213e-09
3419238351_ac18b440c0.jpg,-2.021799033e-09
3189251454_03b76c2e92.jpg,-7.03543114e-09
2967549094_d32422eb01.jpg,-4.827154781e-09
3123526484_02952e40fc.jpg,-3.758845436e-10
3242354561_54e5a34925.jpg,-2.951228651e-09
3555573680_41c1540a86.jpg,-8.976127244e-10
3542418447_7c337360d6.jpg,-4.028990716e-09
1432342377_3e41603f26.jpg,-2.568827339e-09
3581451227_618854cea4.jpg,-5.047692436e-10
2678612999_893ed671f8.jpg,6.375725803e-09
3614881872_ccf9739b0e.jpg,3.023791965e-09
2474092890_6c0781a8ed.jpg,-8.324570675e-09
3143765063_a7761b16d3.jpg,4.706602358e-10
3070011270_390e597783.jpg,-4.408921738e-09
285306009_f6ddabe687.jpg,4.20934659e-09
3671933270_d124e9a1a4.jpg,-1.781869943e-09
267015208_d80b3eb94d.jpg,2.347683105e-09
1597557856_30640e0b43.jpg,-6.186190455e-10
2538423833_d1f492d1fb.jpg,-3.202843699e-09
3534183988_3763593dfb.jpg,4.491626043e-10
3510695264_ef460fa6cc.jpg,4.91311085e-10
3249738122_decde6c117.jpg,-2.413187983e-09
3468275336_61936db92d.jpg,8.033687555e-09
2737233999_34d60dc5c3.jpg,5.518411095e-09
3338474677_7376e426c2.jpg,-3.829476718e-09
3223606402_bb2aa6db95.jpg,5.6110733e-09
2703155733_19ac6f97a8.jpg,-5.334743837e-09
811662356_f9a632b63c.jpg,5.591591832e-09
475778645_65b7343c47.jpg,-1.041342161e-08
244910177_7c4ec3f65b.jpg,1.085229777e-09
2052702658_da1204f6d1.jpg,-3.426237772e-09
524282699_71e678a6bd.jpg,-4.702001463e-10
255330891_86d65dfdbf.jpg,-1.844282835e-09
1679557684_50a206e4a9.jpg,-7.453094608e-09
3459858555_c3f0087a72.jpg,8.458287882e-09
2891240104_6755281868.jpg,-3.376039769e-09
3385956569_a849218e34.jpg,6.983699813e-09
2190227737_6e0bde2623.jpg,9.04459961e-09
3415589320_71a5bf64cf.jpg,4.79879028e-09
1402843760_d30f1dbf0f.jpg,-2.332069263e-09
795081510_53fd17d101.jpg,2.377356584e-09
1713248099_d860df4e10.jpg,-4.912817075e-09
2905975229_7c37156dbe.jpg,-1.24133226e-10
2757779501_c41c86a595.jpg,-3.521938443e-09
3183875944_b2be694e06.jpg,-2.138115867e-09
3516299821_8f0375d221.jpg,1.302447671e-09
3370308329_7f2de5bb58.jpg,-1.588291535e-09
2727051596_be65bfb3d3.jpg,-2.02831055e-09
3564543247_05cdbc31cf.jpg,-2.509889058e-09
3155451946_c0862c70cb.jpg,1.363524433e-08
688210930_85c5675d5b.jpg,4.178643897e-10
2716251485_d6113f4c8a.jpg,-1.783184294e-09
2282043629_91b7831352.jpg,2.375864059e-09
261737543_b8fdc24671.jpg,-2.644981832e-09
3195969533_98f5de0fab.jpg,-5.201534469e-09
3459156091_c1879ebe28.jpg,6.077602886e-09
2950637275_98f1e30cca.jpg,-2.456848347e-09
1030985833_b0902ea560.jpg,-2.547351477e-09
3072782873_3278f3b3a7.jpg,-4.550533537e-10
2564888404_b57f89d3c7.jpg,2.648452085e-09
3625049113_554d82c2a1.jpg,-6.006182847e-09
1541272333_1624b22546.jpg,-1.952459003e-09
3523474077_16e14bc54c.jpg,-5.011642084e-10
1298866571_b4c496b71c.jpg,-2.104261064e-10
1517340899_ee1c74a8f6.jpg,2.047054683e-11
300577374_bfccb0430b.jpg,-1.41628776e-08
468102269_135938e209.jpg,6.584242885e-09
3608567609_aae96d4a5e.jpg,3.888215253e-09
2980445969_a86f4e6a0e.jpg,-1.136809953e-09
3695517194_2a6b604cb2.jpg,5.588283065e-09
3563059800_c073081ce3.jpg,-7.913882652e-10
387830531_e89c192b92.jpg,-8.298541105e-10
2748435417_ea7bbcc17c.jpg,-1.276110597e-09
2752084369_52e7867da7.jpg,-2.976804049e-09
2868136205_3cf679208d.jpg,3.149249466e-09
3684562647_28dc325522.jpg,-4.265560407e-09
3412036192_d8cd12ed3f.jpg,-8.942441036e-09
1858963639_4588cd4be9.jpg,-1.955173634e-09
454691853_cc1e0fa6a1.jpg,-2.444664722e-09
2914206497_5e36ac6324.jpg,-4.455584076e-09
3225880532_c8d5d1d798.jpg,4.774507165e-09
3696246123_99d4d10140.jpg,-1.707977205e-09
3422219732_3d0be52cc3.jpg,8.14843151e-09
2938072630_d641b63e4d.jpg,1.969955956e-09
3255737244_1f8948fc07.jpg,3.445471649e-09
597543181_6a85ef4c17.jpg,-5.44829026e-09
3494394662_3edfd4a34c.jpg,3.80939499e-09
3579686259_b1fe6aefc9.jpg,-1.489367242e-09
517094985_4b9e926936.jpg,-1.805923916e-09
2106772874_381824648b.jpg,-4.336218508e-09
2466093839_33bbc8cbd9.jpg,4.119867636e-11
473220329_819a913bbb.jpg,2.136078215e-09
513116697_ad0f4dc800.jpg,5.147086976e-11
3173976185_8a50123050.jpg,4.839410334e-09
370713359_7560808550.jpg,5.472562379e-09
3597921737_3fd1d0665b.jpg,-2.149692202e-09
3128164023_ebe8da4c32.jpg,-4.749948942e-09
3214573346_d3a57f0328.jpg,-1.738596238e-09
1418503947_953d373632.jpg,5.507436517e-09
3235542079_2fcf4951a1.jpg,6.25473426e-09
2129430111_338a94f8fb.jpg,5.977940564e-09
2181117039_c4eea8036e.jpg,2.147256912e-09
2451988767_244bff98d1.jpg,3.578524057e-09
3163563871_cef3cf33ea.jpg,2.263790018e-09
3143574389_8a4048fbe2.jpg,3.039897096e-09
2896180326_88785fe078.jpg,-9.116235787e-09
1387785218_cee67735f5.jpg,-6.19801092e-09
3596131692_91b8a05606.jpg,-1.554277722e-09
2842609837_b3a0b383f7.jpg,-1.887494261e-09
3269661567_faf190885a.jpg,-2.975487706e-09
1075881101_d55c46bece.jpg,-1.679394962e-09
760180310_3c6bd4fd1f.jpg,1.607780759e-09
3497238310_2abde3965d.jpg,1.452804786e-10
3211556865_d1d9becf69.jpg,-1.685720113e-09
3326249355_e7a7c71f06.jpg,-4.273058648e-09
3433470650_a8b1c27173.jpg,2.139247598e-09
1289142574_2bd6a082dd.jpg,-1.083073699e-09
2309860995_c2e2a0feeb.jpg,-3.806987153e-09
2982928615_06db40f4cd.jpg,-1.732694659e-09
2360194369_d2fd03b337.jpg,-4.085945283e-10
3678098428_40c1b74cc2.jpg,1.559014821e-09
3076052114_233f42ae5b.jpg,-6.418951993e-09
1288909046_d2b2b62607.jpg,2.569457288e-09
475317104_1cdc1653b4.jpg,-7.075729961e-09
3547313700_39368b9a2f.jpg,4.399793932e-09
3477778668_81ff0a68e0.jpg,-5.006536684e-09
3208571574_6dc1a461c5.jpg,-2.234009216e-09
3487820317_3728e7569e.jpg,-1.5166441e-10
1248953128_24c9f8d924.jpg,2.555050694e-09
3538213870_9856a76b2a.jpg,-3.318916862e-09
457631171_12b1aee828.jpg,4.446537113e-09
2070798293_6b9405e04d.jpg,-2.910258553e-09
3164415865_612f9fd8bc.jpg,6.267613971e-09
2105756457_a100d8434e.jpg,1.338634864e-09
284441196_8ebb216d0d.jpg,-6.487818579e-09
3452982513_36f2bc81fa.jpg,-4.981227932e-09
2084157130_f288e492e4.jpg,7.945156148e-09
2455286250_fb6a66175a.jpg,3.199514867e-09
2618322793_5fb164d86a.jpg,5.370161523e-09
3439982121_0afc6d5973.jpg,3.974963385e-09
2549452277_873cb80d3e.jpg,3.932010116e-09
2095007523_591f255708.jpg,5.320182963e-10
2604305843_ebe3e8a328.jpg,-1.95817299e-09
2923497185_c64004ff2d.jpg,8.485861382e-10
3286017638_c688c83e3d.jpg,-7.498092383e-09
3091594712_2166604334.jpg,4.475721765e-10
2709683703_5385ea9ef4.jpg,-3.782179134e-09
3591170729_406fdb74e5.jpg,-1.658498806e-09
2682194299_92005b26c6.jpg,-2.817052951e-09
2870194345_0bcbac1aa5.jpg,-1.11035686e-09
1472653060_7427d2865a.jpg,3.13517075e-09
3445296377_1e5082b44b.jpg,2.006034639e-09
305749904_54a612fd1a.jpg,4.012651041e-10
248858242_1c33c54ada.jpg,-2.654888336e-10
3431194126_ca78f5fde6.jpg,6.996977697e-09
3246991821_750a3097e2.jpg,5.941101479e-09
2313822078_282dc07531.jpg,7.073546812e-09
3464708890_3cab754998.jpg,3.893438444e-09
2963672852_c28043bb2c.jpg,4.075169189e-09
2171576939_d1e72daab2.jpg,-6.336848742e-10
2419591925_1038c6c570.jpg,9.370114814e-10
2924259848_effb4dcb82.jpg,-5.615857233e-09
1141718391_24164bf1b1.jpg,-1.486447674e-09
389643437_9a9830a3ba.jpg,-3.419733021e-09
1075716537_62105738b4.jpg,-7.818585399e-09
509200598_171a1ab6c8.jpg,-2.699460781e-11
380527679_574749123d.jpg,4.483497387e-10
590445887_4d4fa43923.jpg,-2.316770712e-09
3198231851_6b1727482b.jpg,1.341955069e-09
69710411_2cf537f61f.jpg,1.047884833e-09
3540598210_972f0ff573.jpg,-4.102633308e-09
1924234308_c9ddcf206d.jpg,-3.10553744e-09
3096163135_584901a5ae.jpg,-1.268238977e-09
1745110280_0cbff5e273.jpg,2.542616605e-09
370614351_98b8a166b9.jpg,4.177550003e-09
3689727848_b53f931130.jpg,-2.220931744e-09
244910130_e1f823a28a.jpg,-1.109752274e-09
3542771548_fcb8fa0cba.jpg,-2.786579149e-09
3211453055_05cbfe37cd.jpg,-2.159361531e-09
2428959030_bdffc2812e.jpg,-6.688072254e-09
3540416139_c884f38351.jpg,-7.375755831e-09
1153704539_542f7aa3a5.jpg,-1.172593153e-10
3477315700_52a4d740a5.jpg,1.435738203e-09
3255482333_5bcee79f7e.jpg,-2.986438456e-09
2109370875_05241bdda7.jpg,1.065416575e-08
485921585_1974b1577a.jpg,9.225873919e-10
405961988_fcfe97f31e.jpg,-1.085374406e-09
3583903436_028b06c489.jpg,1.330782054e-09
3401437960_7da856e004.jpg,-1.406428661e-09
2087640654_1a84577a44.jpg,8.38382444e-10
241347391_4fcd4639f4.jpg,-3.999175728e-09
2445283938_ff477c7952.jpg,5.035811084e-09
467858872_f3431df682.jpg,1.258490366e-09
2716457668_187a6d2b1c.jpg,-5.030558895e-09
2894217628_f1a4153dca.jpg,-4.152681137e-09
3101378069_f8caa14c0a.jpg,-6.637563571e-09
3149804151_1cc8d10783.jpg,-1.022730006e-08
3143978284_ac086be9a3.jpg,3.395425634e-09
2746839158_4195210d27.jpg,-4.520370997e-09
3543600125_223747ef4c.jpg,-6.977729093e-09
3185662156_c877583c53.jpg,2.450980169e-10
3685373706_37f2ced9ff.jpg,-1.674013585e-10
1235580648_7eebaed9bc.jpg,1.608056932e-09
2369452202_8b0e8e25ca.jpg,1.014021739e-09
3127888173_9a9a8ac3bd.jpg,-6.881790493e-09
3259119085_21613b69df.jpg,2.000596542e-09
97105139_fae46fe8ef.jpg,8.915824249e-09
2282895743_f803f1cf01.jpg,-4.270765394e-09
3214151585_f2d0b00b41.jpg,1.381514988e-09
3226796100_08c49cfa5c.jpg,-2.009925576e-09
3199895624_4f01798c6f.jpg,-4.140683368e-10
3498327617_d2e3db3ee3.jpg,2.1404941e-09
3268443910_b36dbc1e5c.jpg,1.897952101e-09
2402793046_3385554e81.jpg,4.775708578e-09
2435166927_28b8130660.jpg,2.276326562e-09
3363750526_efcedc47a9.jpg,-1.501657459e-09
3439414478_8038ba9409.jpg,-7.671012467e-09
836768303_d748df5546.jpg,9.489527651e-10
3518608016_46453d8b18.jpg,4.411132277e-09
3053785363_50392f2c53.jpg,-4.8185625e-09
1193116658_c0161c35b5.jpg,-2.810249263e-09
412203580_2c7278909c.jpg,-1.011626307e-10
506882688_b37d549593.jpg,9.194833194e-10
269630255_c3ec75c792.jpg,-4.158163408e-10
2613209320_edf6a2b7e9.jpg,7.133533219e-09
3351596152_bf283f03d1.jpg,-2.237378641e-09
3515665835_22e6fb1193.jpg,-5.689653332e-09
3631671718_d712821757.jpg,-7.442686468e-11
524360969_472a7152f0.jpg,-2.062476384e-09
2860872588_f2c7b30e1a.jpg,1.576588982e-09
2930318834_8366811283.jpg,3.024070226e-10
411216802_aead9e67e3.jpg,1.607855034e-09
2389107995_ec756f3514.jpg,-2.622714144e-09
3546027589_253553252a.jpg,2.600887335e-09
2555521861_fc36fd3ab0.jpg,1.147461572e-08
2667783499_3a4f38f636.jpg,-5.20972262e-09
2926786902_815a99a154.jpg,-2.203566657e-09
3258394043_a0b6a94dce.jpg,-1.381352764e-09
408233586_f2c1be3ce1.jpg,3.984400323e-09
1415591512_a84644750c.jpg,5.125308217e-09
837893113_81854e94e3.jpg,4.914022286e-11
3356901257_83811a19eb.jpg,-9.626154515e-09
2815256108_fc1302117d.jpg,-1.267454667e-10
3526897578_3cf77da99b.jpg,3.641706065e-10
3151492269_28d8edaa68.jpg,-1.027652656e-08
1308617539_54e1a3dfbe.jpg,3.088044537e-09
2089350172_dc2cf9fcf6.jpg,-1.921125341e-09
528500099_7be78a0ca5.jpg,2.637268617e-09
2219959872_988e6d498e.jpg,-1.417966595e-08
1456393634_74022d9056.jpg,-2.087302172e-09
3336361161_c06cdd160e.jpg,-3.576758295e-09
2371749487_d80195a2e7.jpg,-6.614978996e-09
455611732_d65bf3e976.jpg,-5.740656614e-10
1975531316_8b00eeaaf7.jpg,2.439875514e-09
954987350_a0c608b467.jpg,-2.842446704e-10
96399948_b86c61bfe6.jpg,4.296248738e-09
3454621502_73af6742fb.jpg,5.533072991e-09
2601008162_f00eeb5c14.jpg,-6.25232182e-09
3424851862_0f51c42922.jpg,-4.894536148e-09
2729685399_56c0e104b1.jpg,6.839520417e-09
2101808682_0d66ef4a08.jpg,3.096406225e-09
2863349041_5eba6e3e21.jpg,1.048535836e-10
207584893_63e73c5c28.jpg,-3.301631966e-09
2460797929_66446c13db.jpg,-4.96085621e-09
1307635496_94442dc21a.jpg,4.583082047e-09
2521770311_3086ca90de.jpg,-2.751732607e-09
3679502342_7fe6ef8a36.jpg,4.603883706e-09
3349528565_0bc013b70a.jpg,2.656075633e-09
2682382530_f9f8fd1e89.jpg,4.47752491e-11
362316425_bda238b4de.jpg,-4.198390097e-09
3681414069_71ba164f71.jpg,5.359490847e-09
461505235_590102a5bf.jpg,-2.492350551e-09
2195887578_3ba2f29b48.jpg,-6.406362461e-09
3640109324_3ce89e4d1a.jpg,4.079959072e-09
2513260012_03d33305cf.jpg,-7.570433437e-10
895502702_5170ada2ee.jpg,-6.246013542e-09
556568556_bc5124dc8e.jpg,3.915628337e-09
2038662925_f4fa8c2534.jpg,-7.414065189e-10
1130369873_d80a1aa59c.jpg,-3.813340102e-09
2814037463_74de97da86.jpg,-1.069187775e-08
3091177347_58c85c1c3b.jpg,3.686720412e-09
2201192417_d934730fea.jpg,-3.079179081e-09
2394857899_76bfdf720b.jpg,1.64934645e-09
3158327361_6f1a518228.jpg,-3.243574737e-09
3420323191_d66e003264.jpg,-4.161332126e-09
3569329986_1f468729b2.jpg,5.475131094e-09
487487795_54705c406e.jpg,-9.354912717e-09
241347664_4a3e7e5be7.jpg,4.908889286e-09
307994435_592f933a6d.jpg,-6.239170558e-09
3504479370_ff2d89a043.jpg,-4.184739303e-09
2774581025_81a3074e2e.jpg,7.640360966e-10
2381583688_a6dd0a7279.jpg,6.340375393e-09
2560388887_55abc9083d.jpg,-3.228551894e-09
263233914_d25004e4cd.jpg,-3.12781274e-09
3236447445_eecafdf4f0.jpg,-1.627706679e-09
2252635585_b48b3485b0.jpg,-3.185064872e-10
2618866067_07cbc83dc5.jpg,1.072433022e-08
3126225245_96cd2c053f.jpg,-1.89286931e-09
326334188_8850b7bfd4.jpg,3.892958001e-09
3284887033_e2e48f1863.jpg,7.85269635e-10
2491343114_a3e35a2a3a.jpg,1.999971566e-09
2467803152_70eeca1334.jpg,1.641085575e-10
3228069008_edb2961fc4.jpg,-3.566809404e-10
2192026581_b782d1355a.jpg,-4.935449267e-10
3726019124_f302b3d48a.jpg,-1.673558718e-10
2588927489_f4da2f11ec.jpg,-2.972634184e-10
3637013_c675de7705.jpg,1.024538729e-09
3523920786_0eb63993fd.jpg,1.172490384e-09
1337792872_d01a390b33.jpg,-2.355578575e-09
2766630484_ce73f47031.jpg,1.996030839e-10
2396669903_5217a83641.jpg,3.209204201e-09
2183967273_d182e18cf6.jpg,3.041796745e-10
3706356018_28f62290e8.jpg,-2.339979879e-09
3265964840_5374ed9c53.jpg,4.790614812e-09
1355703632_5683a4b6fb.jpg,8.970243154e-10
3530502404_f8c3a3f61c.jpg,2.508819951e-09
3248408149_41a8dd90d3.jpg,1.234005318e-09
2473293833_78820d2eaa.jpg,-1.643479409e-09
2480664591_e6d22ed61c.jpg,-4.40643583e-09
3585598356_8ce815bbb9.jpg,-1.228897445e-09
2844641033_dab3715a99.jpg,3.152512248e-09
1785138090_76a56aaabc.jpg,-3.6333704e-09
3231237864_8cb1c6d863.jpg,5.047526108e-09
3639363462_bcdb21de29.jpg,-1.195967895e-09
1019604187_d087bf9a5f.jpg,9.040474603e-10
1515025681_999199cb79.jpg,-2.374134447e-09
2594902417_f65d8866a8.jpg,-3.264085832e-09
2866820467_ae699235a7.jpg,-5.567217438e-09
3219122000_bd6b4ae5ff.jpg,4.819050051e-09
3677927146_1696f0b075.jpg,5.466694491e-10
3033257301_e2c8a39b04.jpg,-4.291896712e-09
511844627_0ec78e01e9.jpg,-4.834915794e-09
3300679815_2c6c2301cb.jpg,-4.926861632e-09
356143774_ef3e93eede.jpg,1.164604903e-09
2328616978_fb21be2b87.jpg,-6.927465082e-09
2088460083_42ee8a595a.jpg,-4.031009655e-09
514073775_56796be990.jpg,-1.015580243e-09
1143373711_2e90b7b799.jpg,2.190001933e-09
1056249424_ef2a2e041c.jpg,-8.40133851e-09
1417031097_ab656bc4bd.jpg,7.939354668e-09
1356796100_b265479721.jpg,6.993267762e-09
286660725_ffdbdf3481.jpg,5.084064604e-09
539667015_fd0a3bea07.jpg,-1.207791162e-09
3330680118_4e541889c1.jpg,-2.133094796e-09
2677614492_792023b928.jpg,2.302133125e-09
557101732_32bbc47c12.jpg,9.730568947e-10
464251704_b0f0c4c87a.jpg,5.799318713e-09
2586028627_ddd054d8cc.jpg,6.643360465e-09
1244306891_8e78ae1620.jpg,-4.017012381e-09
1821238649_2fda79d6d7.jpg,3.518806347e-09
3505657604_8899161734.jpg,4.222993045e-09
3105691757_817083b0a6.jpg,1.193967921e-08
2562377955_8d670ccec6.jpg,-4.509944997e-09
1355450069_c0675b0706.jpg,-5.859434032e-09
3452341579_0147d2199b.jpg,-6.649360602e-09
3339586622_a7676b30e1.jpg,9.731919039e-09
2192802444_b14bb87b95.jpg,6.445846732e-10
2631300484_be8621d17b.jpg,3.507978865e-09
533483374_86c5d4c13e.jpg,-3.879862002e-09
210686241_b8e069fff3.jpg,4.447133059e-09
2890075175_4bd32b201a.jpg,3.839684646e-09
3182996527_70d9c323d5.jpg,3.455048736e-09
1313961775_824b87d155.jpg,3.408846059e-09
1417941060_2a0f7908bc.jpg,-3.52549207e-10
3173461705_b5cdeef1eb.jpg,4.960799635e-10
3339140382_2e49bc324a.jpg,8.87626032e-09
3050606344_af711c726c.jpg,4.891394249e-09
103195344_5d2dc613a3.jpg,1.020417468e-09
3172369593_eb4d787ffb.jpg,-5.059988746e-11
2930616480_7fd45ca79b.jpg,-1.594875703e-09
3482879314_d3387e95b1.jpg,1.3616961e-09
566446626_9793890f95.jpg,3.881577979e-09
3417662443_2eaea88977.jpg,4.453269313e-09
174466741_329a52b2fe.jpg,1.92729259e-09
2319175397_3e586cfaf8.jpg,-3.130844347e-09
3564436847_57825db87d.jpg,2.801134115e-09
3494105596_f05cb0d56f.jpg,-5.693232814e-10
2283966256_70317e1759.jpg,2.857732296e-09
429270993_294ba8e64c.jpg,-8.656435317e-11
540721368_12ac732c6c.jpg,-4.025344242e-09
312427606_defa0dfaa8.jpg,-1.290437249e-09
3404906655_bc51c69c1e.jpg,-4.014971919e-09
3217187564_0ffd89dec1.jpg,-1.361523773e-09
3383388869_a14552e551.jpg,-5.184504118e-09
523991446_65dbc5a4a5.jpg,-2.441224392e-09
2801146217_03a0b59ccb.jpg,2.287680745e-09
839295615_bb9baf2f95.jpg,-1.426141987e-11
2436081047_bca044c1d3.jpg,-7.296261172e-09
472396131_6e97068d93.jpg,-8.102040101e-10
3648160673_0c783236a6.jpg,-2.332656383e-09
407569668_19b3f8eaf6.jpg,3.262390996e-09
3607405494_0df89110a6.jpg,-1.054403702e-08
3666169738_a8c74cf745.jpg,-2.59483255e-09
3551447084_becc6a4666.jpg,-1.939625769e-10
2182488373_df73c7cc09.jpg,7.951892256e-10
2003663004_5b70920a98.jpg,3.928924375e-09
1797507760_384744fb34.jpg,2.150396648e-10
3372214646_cc2ceb182f.jpg,-2.716191093e-09
468930779_8008d90e10.jpg,-3.101788781e-09
3016178284_ec50a09e8c.jpg,1.624979893e-09
3077781040_bc27778609.jpg,4.474595377e-09
3306951622_93b82cac21.jpg,3.626583577e-09
1282392036_5a0328eb86.jpg,-7.470646148e-09
3459570613_3932816d3f.jpg,-1.85588151e-09
2414397449_2ac3b78e0d.jpg,5.817069901e-09
3536561454_e75993d903.jpg,9.393668762e-10
2191453879_11dfe2ba3a.jpg,2.417100328e-09
2274602044_b3d55df235.jpg,-3.645351704e-09
2272426567_9e9fb79db0.jpg,-4.408742042e-11
3312096605_f458757418.jpg,-4.487776635e-09
3225998968_ef786d86e0.jpg,1.670837691e-10
2746072388_b127f8259b.jpg,-1.824600904e-09
3722507770_0d6cb7420e.jpg,-4.2606279e-10
518144037_9a1754b2a6.jpg,-7.692119429e-09
1056359656_662cee0814.jpg,-1.952724381e-09
3177298173_78cea31d64.jpg,-5.850508596e-09
3654869593_c8599a8e20.jpg,2.303432776e-09
772403830_08b72c7da9.jpg,-2.664865946e-09
450596617_ed37ec0fe4.jpg,1.126520325e-08
1425485485_d7c97a5470.jpg,-2.472822503e-09
3088922727_4bdf2ccc94.jpg,3.036152807e-09
3558683579_8fb36b55a6.jpg,6.765885154e-09
3273091032_98f724b36b.jpg,-2.01407967e-09
1860543210_47e94cf652.jpg,-2.233344761e-09
3334953664_a669038795.jpg,-4.784388065e-11
2869765795_21a398cb24.jpg,-2.118095494e-09
3351370405_e417e38f52.jpg,1.020684189e-08
566794440_f9ec673a2f.jpg,6.22564615e-10
3392293702_ccb0599857.jpg,-1.043290767e-09
3567061016_62768dcce1.jpg,5.968369075e-10
3015898903_70bebb8903.jpg,4.744918181e-09
1469000260_5d473c8283.jpg,4.168804795e-10
2517082705_93bc9f73ec.jpg,-9.555499317e-09
3349194268_0ee555c9a2.jpg,-3.048579638e-09
435739506_2daf7f4887.jpg,-3.267301838e-09
319869052_08b000e4af.jpg,-4.378800729e-09
3208074567_ac44aeb3f3.jpg,-3.67735849e-10
2404488732_ca1bbdacc2.jpg,-2.727000468e-10
486917990_72bd4069af.jpg,2.328688817e-09
3009644534_992e9ea2a7.jpg,2.779282227e-09
310728631_155c3bbeea.jpg,-4.374662437e-10
2665461736_595c87f0a3.jpg,-4.615338025e-09
288177922_b889f2e1fe.jpg,-1.072683389e-09
2854959952_3991a385ab.jpg,1.304718166e-09
1837976956_3c45d0f9b8.jpg,1.652441525e-10
385835044_4aa11f6990.jpg,2.271942774e-09
3264650118_be7df266e7.jpg,4.20120955e-09
3649224118_abe73c672c.jpg,2.114165065e-09
2602083686_e8a1af69cf.jpg,1.912166205e-09
374176648_ba4b88c221.jpg,1.08990506e-09
428796930_476a3d6395.jpg,-2.932901961e-10
2088910854_c6f8d4f5f9.jpg,5.871650231e-09
459284240_5a4167bf92.jpg,4.932195218e-09
3394586927_eae7732b64.jpg,-5.544277168e-09
2502835694_4fe121bbea.jpg,3.527382203e-09
2842032768_9d9ce04385.jpg,-3.615820874e-09
2312747482_20a81b2230.jpg,-2.068644245e-09
3330333217_1a69497a74.jpg,6.203399001e-09
2064792226_97e41d8167.jpg,-9.414297897e-10
3614595423_f9e0ab4fb0.jpg,-3.729460875e-09
2540750172_070250ece5.jpg,-7.716810235e-09
2251747182_6b67a3ab8b.jpg,-2.334654727e-09
3631136463_53ff624b82.jpg,-1.85465324e-09
2497608431_8dfefc7a1a.jpg,-3.584297887e-09
1164131282_b30926f332.jpg,1.607201456e-09
2089442007_6fc798548c.jpg,3.90031243e-09
2045023435_181854c013.jpg,-4.613195622e-09
451081733_40218cec31.jpg,1.516469989e-09
3701226275_952547ba0f.jpg,-8.705435513e-09
3613242966_a1c63a0174.jpg,3.893861451e-09
437054333_5c2761b8cd.jpg,-5.518211183e-09
2198484810_50a893824a.jpg,-1.642651394e-09
166507476_9be5b9852a.jpg,-2.753933989e-09
3585495069_33cba06d0a.jpg,7.680533708e-09
33108590_d685bfe51c.jpg,-2.967305085e-09
3066491113_86569e15be.jpg,-2.215388841e-09
3091912922_0d6ebc8f6a.jpg,1.333093498e-09
2860667542_95abec3380.jpg,-1.675201145e-09
1363843090_9425d93064.jpg,5.080146321e-09
2690538407_7ca157be85.jpg,1.439800832e-08
3420469425_2980b4cd30.jpg,6.293071345e-09
2666205903_8d287669e1.jpg,-1.267261704e-09
1280147517_98767ca3b3.jpg,4.328504135e-09
55473406_1d2271c1f2.jpg,-4.025241228e-09
1797554350_20998753c0.jpg,-3.901754577e-09
3569667295_6e51db08ef.jpg,-1.636713909e-09
3457572788_e1fe4f6480.jpg,-3.126946629e-09
3409947123_a8d07edecf.jpg,-3.436067734e-09
181157221_e12410ef0b.jpg,-8.15744705e-10
3737539561_d1dc161040.jpg,1.801457693e-09
2114355355_9d7e2d8178.jpg,-1.067783084e-08
536721406_884ab8fece.jpg,-3.470006993e-09
1809758121_96026913bb.jpg,3.52559649e-09
2473689180_e9d8fd656a.jpg,-2.641804968e-09
2655183854_5852790214.jpg,-3.202615649e-09
3624676866_8f6d0efcc9.jpg,-3.094957059e-09
3551003620_0b02d76f65.jpg,-3.209895055e-09
3451523035_b61d79f6a8.jpg,4.842285013e-09
3072611047_109bf8b7c3.jpg,7.417043644e-10
3049649128_d83d847168.jpg,-9.195967746e-10
3155987659_b9ea318dd3.jpg,-2.58894838e-10
506343925_b30a235de6.jpg,4.068639856e-10
512031915_0dd03dcdf9.jpg,-1.379520935e-09
2686432878_0697dbc048.jpg,-2.139112474e-09
1680126311_b92a2e8e72.jpg,9.547173089e-10
2543247940_083f1b7969.jpg,6.820492059e-10
2696394827_7342ced36f.jpg,-7.848146789e-09
2899374885_f3b2b1a290.jpg,-6.16816426e-09
2611651553_61f859837e.jpg,-4.373140159e-09
3103264875_2a8d534abc.jpg,-1.518039461e-08
2255338013_566127590b.jpg,4.1985342e-09
2036407732_d5a0389bba.jpg,9.941616994e-10
1285067106_2adc307240.jpg,-1.283365122e-09
2687328779_b4356dab16.jpg,3.16235705e-10
3309082580_7228067ee0.jpg,-6.218374244e-09
2189995738_352607a63b.jpg,-5.339392986e-09
2857372127_d86639002c.jpg,2.522230677e-09
397451339_76a84bd310.jpg,4.546639227e-09
185057637_e8ada37343.jpg,-7.503921432e-10
3619381206_5bc8b406f9.jpg,5.210062097e-09
2738077433_10e6264b6f.jpg,2.233951407e-10
583087629_a09334e1fb.jpg,6.689830384e-09
2596100297_372bd0f739.jpg,-3.744878418e-09
2212472643_80238475b5.jpg,5.849064968e-09
3304556387_203b9d4db0.jpg,-2.108020003e-09
3189964753_a95536ced9.jpg,9.23906179e-10
2301379282_5fbcf230d1.jpg,-6.736821904e-09
434938585_fbf913dfb4.jpg,1.977088472e-09
1801063894_60bce29e19.jpg,-8.081081805e-10
2471447879_6554cefb16.jpg,-8.610406309e-10
2853811730_fbb8ab0878.jpg,1.635619797e-09
504385521_6e668691a3.jpg,1.044763346e-08
3221128704_d1205db79b.jpg,2.841552487e-09
2149982207_5345633bbf.jpg,-9.238753906e-10
241346794_4319f8af67.jpg,2.524971249e-10
109823397_e35154645f.jpg,-1.373733355e-09
3042380610_c5ea61eef8.jpg,7.009862496e-10
252802010_3d47bee500.jpg,-9.574711336e-09
1569687608_0e3b3ad044.jpg,-1.784624899e-09
562928217_21f967a807.jpg,-2.917071979e-09
3441531010_8eebbb507e.jpg,-1.17681796e-09
3707283973_5cdaa39340.jpg,-5.739035285e-10
2298283771_fb21a4217e.jpg,9.849925948e-10
3099694681_19a72c8bdc.jpg,-7.181566704e-09
19212715_20476497a3.jpg,2.841658503e-09
3699763582_f28c5130dd.jpg,-3.480946628e-09
745563422_f4fa7d9157.jpg,4.7458516e-10
1550772959_9ca9fa625f.jpg,5.539456648e-09
990890291_afc72be141.jpg,-1.667084198e-10
2481490320_7978c76271.jpg,1.595207263e-08
432167214_c17fcc1a2d.jpg,3.651440977e-09
835415474_7b7f2a9768.jpg,4.763318276e-09
2203449950_e51d0f9065.jpg,5.100244486e-09
2273871383_1ddb3562ea.jpg,6.128323018e-09
3091580843_178042c50b.jpg,2.218020402e-09
3676788491_01e9bc5f15.jpg,-5.899045453e-09
1003163366_44323f5815.jpg,8.126084047e-10
3196995975_3e38eabf01.jpg,7.499861011e-09
2663794355_e726ec7e05.jpg,1.161230974e-08
1056338697_4f7d7ce270.jpg,1.072886076e-09
2726301121_95a2fbd22b.jpg,9.68814677e-10
497122685_a51b29dc46.jpg,-3.323402498e-09
1819261140_6c022f4b1d.jpg,6.321174233e-09
3638318149_b60450bfbe.jpg,-3.828639357e-09
3222041930_f642f49d28.jpg,-2.710408267e-09
2832076014_ff08c92037.jpg,-8.009687992e-09
2663248626_f000f2661d.jpg,5.235935356e-09
365759754_6cf7068c9a.jpg,2.569857427e-10
3048821353_83d4c0cbb9.jpg,-5.783292232e-09
1346529555_e916816cfe.jpg,-2.010129349e-09
109260218_fca831f933.jpg,-1.982148034e-09
3644941648_012ec87848.jpg,1.963105971e-09
1095580424_76f0aa8a3e.jpg,4.643237551e-09
3486340101_ff01d8f3f9.jpg,2.512194414e-09
2561849813_ff9caa52ac.jpg,2.284823427e-09
3281078518_630a7a7f4f.jpg,-4.094442153e-09
1007129816_e794419615.jpg,1.785088953e-10
3293596075_973b0bfd08.jpg,3.061907023e-09
3256275785_9c3af57576.jpg,1.0018657e-10
2269795781_46a296aa21.jpg,-1.794072915e-09
3043908909_bb54d2c08e.jpg,-5.45043478e-09
3290465391_258429e2f9.jpg,-4.391972243e-09
2247138288_7355861203.jpg,-2.582559658e-10
3364861247_d590fa170d.jpg,-4.791727751e-09
2427558437_3e839056d7.jpg,-1.567152257e-09
2712352554_1cafd32812.jpg,-1.138274468e-09
367964525_b1528ac6e4.jpg,5.198523036e-09
3415646718_f9f4e23a66.jpg,9.500345912e-11
1067675215_7336a694d6.jpg,-4.084898715e-09
3271252073_0a1b9525fc.jpg,-1.617603647e-09
3708177171_529bb4ff1d.jpg,2.165514904e-09
404216567_75b50b5a36.jpg,-4.546724341e-09
3286620180_4b00e93e8e.jpg,2.650104801e-09
3726170067_094cc1b7e5.jpg,-3.758423196e-09
2915538325_59e11276dd.jpg,9.132401668e-10
2766325714_189bbff388.jpg,-3.583548054e-09
401079494_562454c4d6.jpg,1.827599395e-09
733964952_69f011a6c4.jpg,1.590048594e-10
3269087421_1d489abeae.jpg,4.457735581e-09
799199774_142b1c3bb2.jpg,5.010264226e-09
2573141440_28a762d537.jpg,5.054237446e-09
3150380412_7021e5444a.jpg,3.625974541e-09
2902269566_419d9f1d8e.jpg,-6.088929254e-09
2281768510_9cc5728c55.jpg,-1.55932972e-09
114949897_490ca7eaec.jpg,2.392507485e-09
3085667767_66041b202e.jpg,-9.571791764e-09
2635483351_bc1a8273aa.jpg,1.063220329e-08
503090187_8758ab5680.jpg,-1.042450738e-08
3520079657_b828d96d50.jpg,-1.315928185e-09
3005126574_49c28ffbee.jpg,2.730480189e-09
2151056407_c9c09b0a02.jpg,-1.892575016e-09
3222250187_ef610f267e.jpg,1.652894344e-09
318070878_92ead85868.jpg,-3.358919669e-10
3658733605_fbcf570843.jpg,-1.025892686e-09
2854234756_8c0e472f51.jpg,2.734365115e-09
282960970_574aa1ba49.jpg,1.258936657e-08
2209888959_d636b1be0b.jpg,-1.260974666e-08
2570365455_41cc9a7d2b.jpg,-3.919089238e-09
2607383384_d9ce9de793.jpg,1.109165299e-09
253762507_9c3356c2f6.jpg,-2.728935886e-09
3354330935_de75be9d2f.jpg,4.964743904e-09
3027009366_c8362521e8.jpg,-2.159122527e-09
2804851816_9aae9071ca.jpg,-5.566150431e-09
358607894_5abb1250d3.jpg,4.836666673e-09
294709836_87126898fb.jpg,-2.415019054e-09
3504275465_604ce2ef34.jpg,-7.264141666e-09
3084018061_df66d98325.jpg,-3.371888428e-09
3119887391_212f379797.jpg,-2.23358546e-09
2238019823_79318d1f11.jpg,3.357488752e-09
3365602213_dd3287a633.jpg,4.954068489e-09
3675685612_3987d91d92.jpg,9.817183211e-09
408627152_1feaa4b94e.jpg,-3.383363287e-09
752052256_243d111bf0.jpg,1.872710704e-09
241346215_037e18403a.jpg,-1.660499914e-09
3708748633_e7e3cf4e84.jpg,1.823105479e-09
2836808985_b26e4ca09e.jpg,-2.933291152e-09
1445754124_647168f211.jpg,-1.979747542e-09
2328104318_5a43ca170c.jpg,5.0188915e-09
3301438465_10121a2412.jpg,2.289613753e-09
3021780428_497542a072.jpg,3.946232291e-09
241347271_a39a5a0070.jpg,2.510046836e-09
489551372_b19a6ad0ed.jpg,-6.408708398e-11
2768662025_44001fe5d1.jpg,1.277418394e-09
2845845721_d0bc113ff7.jpg,4.383305181e-09
2086534745_1e4ab80078.jpg,1.825570571e-09
3335370208_460fc19bfa.jpg,-1.041042948e-09
2290330500_e7bdaa58e1.jpg,-1.90796536e-09
512045825_1be2083922.jpg,2.592984625e-09
509241560_00e5b20562.jpg,3.359815945e-09
3476237185_9389c536a3.jpg,1.944602022e-09
2694890967_7c7a89de16.jpg,-3.078969469e-09
576093768_e78f91c176.jpg,6.873728146e-09
1528205014_1323aa9dfd.jpg,4.548549707e-09
3424605029_53078d3505.jpg,-7.075729117e-09
3025549604_38b86198f5.jpg,1.257348856e-09
271770120_880e8d8e52.jpg,-2.007659965e-09
2810412010_f8b3bc1207.jpg,8.815943839e-09
527946505_a51ade1578.jpg,-2.494633119e-09
537479916_c033897fac.jpg,5.892544691e-09
2903617548_d3e38d7f88.jpg,2.905855148e-11
145721496_687af9bb18.jpg,3.971435757e-09
3627076769_3b71e73018.jpg,8.274916386e-09
3367758711_a8c09607ac.jpg,2.640057827e-09
2380765956_6313d8cae3.jpg,-2.860002305e-08
3258391809_38fc6211f7.jpg,-6.171169271e-09
3529314899_b4e533bb76.jpg,3.675787843e-09
2844018783_524b08e5aa.jpg,-5.283868077e-09
2496236371_61dec88113.jpg,6.869070817e-10
3078844565_16e9cdcea2.jpg,-2.169177317e-09
2466495935_623b144183.jpg,4.149080387e-09
2944193661_7b255af9cc.jpg,3.32143367e-09
2114126343_a0f74ff63b.jpg,-4.200753948e-09
3461677493_5bfb73038e.jpg,-4.216719789e-09
2792195540_af5fb95caa.jpg,-3.69797891e-09
1124448967_2221af8dc5.jpg,2.809389121e-09
3328535573_33c3cd5b59.jpg,1.36491583e-09
3203908917_53e53c03d1.jpg,2.521183662e-09
1527513023_3d8152b379.jpg,-2.507221338e-09
3353278454_2f3a4d0bbc.jpg,-6.673194063e-09
369244499_752f0c1018.jpg,-5.434933753e-09
2795287622_da187a3e86.jpg,1.998272117e-09
881725588_efabbcd96a.jpg,-1.483660622e-09
3631344685_ed0f3e091b.jpg,6.427513126e-09
3490044563_8eb551ef59.jpg,4.402065211e-09
2619267133_53a5904ef4.jpg,5.334766335e-09
616045808_0286d0574b.jpg,5.368109191e-09
2833560457_24aedf3bef.jpg,2.090621874e-09
522652105_a89f1cf260.jpg,-1.318603704e-09
766061382_6c7ff514c4.jpg,2.277143661e-09
2364394224_c17b09e035.jpg,-5.619427447e-10
2681215810_00b0642f7b.jpg,3.021218414e-09
1526325728_74eb4153d8.jpg,3.774535846e-10
2871962580_b85ce502ba.jpg,-5.98636256e-09
1224851143_33bcdd299c.jpg,2.296330893e-09
3520199925_ca18d0f41e.jpg,-6.70822961e-09
2350400382_ced2b6c91e.jpg,-1.304864397e-09
2826030193_4278ccb833.jpg,5.314097592e-10
2752043092_f48ebfeaa2.jpg,-3.292141737e-09
3305767464_d64a336f60.jpg,-7.319694111e-09
3159424456_f316bdc1d5.jpg,-4.900945665e-09
3186412658_2ab2ebd397.jpg,2.084448469e-09
2662537919_18a29fca8a.jpg,-5.573950712e-09
2832978253_8fcc72da3b.jpg,1.546911271e-10
186346360_541047336f.jpg,-8.685449175e-10
2789937754_5d1fa62e95.jpg,-1.344295526e-09
3150742439_b8a352e1e0.jpg,9.430231599e-09
1160034462_16b38174fe.jpg,4.585874231e-09
2986620935_e97763983d.jpg,4.385651729e-09
3527682660_c5e9fa644a.jpg,1.720498482e-09
2751567262_e089b33ed9.jpg,-2.271091082e-09
2169067981_cc19268f23.jpg,-3.590913963e-09
488196964_49159f11fd.jpg,7.917007097e-10
288880576_818b6ecfef.jpg,6.114140014e-09
2667549961_57e5e2c0a5.jpg,-3.942429703e-10
3540515072_8c951b738b.jpg,-3.72289108e-09
496555371_3e1ee0d97d.jpg,5.004987224e-09
3484820303_7be0e914b4.jpg,-2.819976929e-10
2490768374_45d94fc658.jpg,3.901205283e-09
2579460386_94c489028d.jpg,-3.152198235e-09
2927878881_90b42fc444.jpg,5.966124039e-10
1252396628_eb81d3905b.jpg,3.835709935e-09
2298097636_c5de0079de.jpg,2.589592265e-10
3596428453_8cfdec4869.jpg,5.060868373e-09
3423802527_94bd2b23b0.jpg,-1.064698117e-08
368393384_86defdcde8.jpg,1.104266696e-08
2471974379_a4a4d2b389.jpg,2.19801392e-09
2704379125_9c35650d16.jpg,-1.791324901e-11
1859941832_7faf6e5fa9.jpg,7.178073181e-09
415118186_64defc96f3.jpg,3.868596601e-09
3442844140_15aa45e9b8.jpg,5.003834408e-10
1119463452_69d4eecd08.jpg,-3.793857579e-10
343218198_1ca90e0734.jpg,-3.181180426e-09
3218481970_1fa627b3da.jpg,1.521432949e-10
3321956909_7b5ddf500f.jpg,1.156746081e-10
2390369143_6523253a73.jpg,-9.670749112e-09
2272823323_3b7291cd47.jpg,-5.211156204e-09
649596742_5ba84ce946.jpg,-6.506778078e-10
3697378565_7060d9281a.jpg,1.752873054e-09
3019667009_20db160195.jpg,4.529654999e-09
268654674_d29e00b3d0.jpg,-7.024110225e-09
2251992614_0c601fae2c.jpg,5.600316234e-09
262963190_a78b799e89.jpg,-1.05055963e-09
3627216820_4952bacbcb.jpg,-1.752097213e-09
872622575_ba1d3632cc.jpg,9.922925495e-10
2322327298_7948338390.jpg,3.506039762e-09
2039457436_fc30f5e1ce.jpg,-1.427626791e-09
2987328689_96a2d814f1.jpg,4.079019005e-09
2194495372_bdac7d9e71.jpg,4.341388313e-09
375392855_54d46ed5c8.jpg,6.719442773e-09
2766291711_4e13a2b594.jpg,5.648107273e-09
2746910139_77ba5be2c5.jpg,4.221471618e-09
3349307529_c1a516b9dc.jpg,-3.453210215e-09
3282434895_1c1efc1475.jpg,-9.404807374e-10
307327914_f98f576adb.jpg,-5.990320482e-10
1947351225_288d788983.jpg,6.651893034e-09
2481598514_05a65d1f72.jpg,-1.165560169e-09
1271960365_e54033f883.jpg,-1.116398289e-09
2245916742_73af13c733.jpg,-1.825517767e-09
3357937209_cf4a9512ac.jpg,7.27089363e-09
3474176841_cde2bee67c.jpg,-6.158757607e-10
3381584882_341ee3092f.jpg,1.636430598e-09
2460477085_088e25f857.jpg,2.221531514e-10
1141739219_2c47195e4c.jpg,2.213246953e-09
3145967019_1a83ebf712.jpg,-2.602750991e-09
3577235421_69e4efb8d1.jpg,-7.046721505e-09
1414820925_3504c394e1.jpg,-2.609743759e-10
3500505549_d848209837.jpg,-1.289279634e-09
2635164923_2a774f7854.jpg,-1.463011079e-09
2432061076_0955d52854.jpg,-3.802029043e-09
2384353160_f395e9a54b.jpg,1.750058683e-09
3613030730_0b28b079ba.jpg,7.527369773e-10
3196100539_102fe877b3.jpg,7.838742049e-10
2825540754_5e0c13e6b8.jpg,-3.882958431e-09
3407317539_68765a3375.jpg,3.777304154e-09
1402859872_0fc8cf8108.jpg,1.161688993e-09
2452334314_a7c443a787.jpg,-1.721494267e-09
1515883224_14e36a53c7.jpg,-6.707792119e-10
256283122_a4ef4a17cb.jpg,2.449341339e-09
2784408839_53a25a21eb.jpg,-1.65361969e-09
1427391496_ea512cbe7f.jpg,2.863781886e-09
3025513877_1a6160070d.jpg,4.901187955e-09
3282897060_8c584e2ce8.jpg,-2.975153349e-09
2272750492_91e8f67328.jpg,2.016941974e-09
3415311628_c220a65762.jpg,-5.577380358e-10
272156850_c4445a53f4.jpg,-3.966681053e-10
2451285022_59255e7fd9.jpg,3.357070331e-09
3075068274_2a28a5263b.jpg,-2.527373351e-09
2307451605_22e9c06530.jpg,-5.275717119e-09
2281075738_230892b241.jpg,-1.370342247e-08
3231575742_31732664cf.jpg,8.950225551e-09
2376694294_9a4ecc3b90.jpg,1.681043644e-09
441817653_fbdf83060b.jpg,-1.869582602e-09
3421789737_f625dd17ed.jpg,6.531424507e-10
2086513494_dbbcb583e7.jpg,-1.257029784e-09
3544573946_e03aebbfde.jpg,5.336818567e-09
1425069590_570cc7c2d8.jpg,3.020828171e-09
259314892_a42b8af664.jpg,1.08506876e-08
2518853257_02f30e282e.jpg,4.794687747e-10
260828892_7925d27865.jpg,-5.129068345e-09
3551170666_01df31412d.jpg,-3.358546007e-09
260850192_fd03ea26f1.jpg,-2.259243569e-09
3550459890_161f436c8d.jpg,-2.371615827e-09
3347701468_bb0001b035.jpg,7.925215372e-09
2993167197_e5d0a73530.jpg,2.115384697e-10
2544426580_317b1f1f73.jpg,-4.140285389e-09
3183195653_11b66acb34.jpg,-9.415521184e-09
3018847610_0bf4d7e43d.jpg,-5.107479389e-10
2755314937_1e974bf2b5.jpg,7.157229696e-10
512163695_51a108761d.jpg,-2.298839248e-09
2951092164_4940b9a517.jpg,-6.439103095e-09
3569755200_cef7ee2233.jpg,2.379498436e-09
1448511770_1a4a9c453b.jpg,-8.803770623e-10
505929313_7668f021ab.jpg,5.453716695e-09
3170551725_1276644eab.jpg,-3.224631732e-09
2650485780_29d89268d7.jpg,-2.991287728e-09
1130017585_1a219257ac.jpg,-9.519317976e-09
249394748_2e4acfbbb5.jpg,-5.833781628e-10
2728813605_cfc943e1ab.jpg,1.242402332e-09
724702877_f2a938766b.jpg,6.401952906e-09
3323528927_7b21081271.jpg,-2.577208479e-09
3099965396_2a0018cb9e.jpg,-2.244006404e-09
3660361818_e05367693f.jpg,6.153055286e-09
3339105374_cc41e0b7d7.jpg,2.01551978e-09
3595643050_d312e4b652.jpg,5.609422833e-09
3583516290_1c87a13770.jpg,2.258843079e-09
1294578091_2ad02fea91.jpg,1.939716313e-09
3523950181_414978964e.jpg,-2.547817865e-11
2934628301_41ea2e6cf9.jpg,-1.23116988e-09
2525716531_e6dedee421.jpg,-3.509548656e-09
94232465_a135df2711.jpg,-5.093917776e-09
2817230861_d27341dec0.jpg,1.451710729e-09
1187593464_ce862352c6.jpg,-3.49489038e-09
2465497494_43d74df57c.jpg,4.759878195e-09
3639684919_cb6fbf5638.jpg,-1.723835001e-09
3293642024_e136b74a55.jpg,-1.664599584e-09
162152393_52ecd33fc5.jpg,4.109724064e-09
2815745115_c8479d560c.jpg,-1.118525076e-08
516648762_0cff84ea97.jpg,2.908298532e-09
3355756569_b430a29c2a.jpg,1.660771296e-09
1564614124_0ee6799935.jpg,3.046056097e-09
2877159456_ea4a46b0d2.jpg,3.987139219e-09
3204712107_5a06a81002.jpg,-2.200320291e-09
2083778090_3aecaa11cc.jpg,2.923195467e-10
3501083764_cf592292a6.jpg,4.638003317e-09
3394070357_cb2a3243fc.jpg,6.142155851e-09
2066241589_b80e9f676c.jpg,7.05844015e-10
2911928620_06c3fa293e.jpg,-2.9718576e-09
481054596_cad8c02103.jpg,2.977936175e-09
953941506_5082c9160c.jpg,-2.12549317e-09
3517056462_483ee5a914.jpg,1.134897514e-08
3375014075_157388f8a9.jpg,-7.93778665e-10
3235076435_1eaa40bd0a.jpg,7.594947407e-10
2505056124_1276e8dbcb.jpg,-6.580016808e-09
3209523192_05a4cef844.jpg,-2.953356444e-09
2064417101_3b9d817f4a.jpg,-9.429847765e-10
2252123185_487f21e336.jpg,5.433172699e-09
3255017708_2b02bfcdcf.jpg,2.704288996e-09
3101796900_59c15e0edc.jpg,4.679702911e-09
2650568697_ffb79bf2ea.jpg,1.075867758e-09
1312954382_cf6d70d63a.jpg,-7.559731334e-09
3302804312_0272091cd5.jpg,7.75650839e-10
3317145805_071b15debb.jpg,5.743708903e-09
2497074804_b4f3e7fd90.jpg,-5.036210267e-09
2629445284_83390e83af.jpg,9.907626788e-10
3726629271_7639634703.jpg,-7.190965362e-09
3470303255_fbb41b8dd0.jpg,-4.600743533e-10
2953015871_cae796b6e7.jpg,2.428805182e-09
3352531708_a65dd694b1.jpg,-3.383520357e-09
2853205396_4fbe8d7a73.jpg,-5.545405804e-10
2789648482_1df61f224a.jpg,4.496696775e-09
2324979199_4193ef7537.jpg,4.328117393e-10
2565350330_c7f305e7f7.jpg,-1.244350495e-08
2675190069_d5c3b2c876.jpg,-1.812390015e-09
2030781555_b7ff7be28f.jpg,-1.180937377e-09
3445428367_25bafffe75.jpg,-2.247000872e-09
3710971182_cb01c97d15.jpg,6.959055438e-10
245895500_a4eb97af02.jpg,5.964526616e-10
3185371756_ff4e9fa8a6.jpg,-1.497693523e-09
3124964754_2e8a98fb09.jpg,1.018472838e-09
3111482098_11c0f4f309.jpg,8.74199121e-10
2571096893_694ce79768.jpg,-7.204330597e-09
3383545083_1d7c95b003.jpg,-3.278019906e-09
447111935_5af98563e3.jpg,5.01455036e-09
2304374703_555195d8d5.jpg,3.197673517e-09
3320209694_db579cb607.jpg,-2.180308441e-09
3299820401_c2589186c5.jpg,8.296405324e-09
2172526745_649f420569.jpg,2.150644895e-09
3717531382_e1e05e22c5.jpg,9.408973503e-09
444047125_66b249287c.jpg,1.365901899e-09
2228022180_9597b2a458.jpg,-2.389279401e-09
2432709509_2a4d0c833f.jpg,2.526134301e-09
2644916196_16f91dae54.jpg,1.478746566e-09
424506167_01f365726b.jpg,4.940950699e-09
3517362674_0f5296de19.jpg,-7.940986623e-10
525968880_82623392d1.jpg,3.352278014e-09
2949982320_c704b31626.jpg,2.737792516e-09
3476381830_3751dd9339.jpg,-3.507812383e-09
359173181_a75c950aeb.jpg,-6.24753948e-09
518789868_8895ef8792.jpg,3.896916913e-09
2735792721_b8fe85e803.jpg,-2.311382791e-09
2472678549_67068a1566.jpg,-2.761576344e-10
1303727828_d1052ee341.jpg,-4.671961719e-09
2501968935_02f2cd8079.jpg,3.049984832e-09
379006645_b9a2886b51.jpg,-9.024975397e-09
3423249426_02bedf9260.jpg,-1.976614934e-09
84713990_d3f3cef78b.jpg,1.084770267e-08
148512773_bae6901fd6.jpg,5.464727784e-10
3304712466_18cbdb85fe.jpg,3.676973602e-09
1801188148_a176954965.jpg,4.827700202e-09
2764732789_1392e962d0.jpg,-2.737876392e-09
1142283988_6b227c5231.jpg,-9.924395446e-09
3330102093_1d6e35e78d.jpg,1.065298967e-09
2094810449_f8df9dcdf7.jpg,4.616145389e-09
2851198725_37b6027625.jpg,7.984651705e-10
3451344589_6787bd06ef.jpg,1.076024148e-10
3007214949_a4b027f8a3.jpg,-3.451168927e-09
3499720588_c32590108e.jpg,2.560722193e-09
2423085253_6c19149855.jpg,-1.038568046e-09
488089932_c3a5fa4140.jpg,-4.744394642e-10
2976684095_ce7ccfd423.jpg,1.746056378e-09
2458862292_466a920ee2.jpg,3.13129631e-09
3419197575_aa5b84a9f0.jpg,-2.485607446e-09
146577645_91b570c0d0.jpg,6.836062433e-09
1067180831_a59dc64344.jpg,-3.993419237e-09
3242808166_8638150274.jpg,-7.04855281e-09
2126950128_74a4882658.jpg,1.648799018e-09
1467533293_a2656cc000.jpg,3.116440407e-09
1389264266_8170bc1c54.jpg,-6.307566728e-09
3393035454_2d2370ffd4.jpg,-2.057610863e-09
3512033659_7e8a0c2ffa.jpg,4.243454533e-10
3328646934_5cca4cebce.jpg,4.44400841e-09
3420260768_26a600b844.jpg,1.009925834e-09
3658016590_f761e72dc3.jpg,-2.16791528e-09
3681324243_b69fa90842.jpg,2.733150725e-09
3475552729_a3abd81ee6.jpg,-9.393675742e-09
3211029717_2affe6bbd5.jpg,-8.829643433e-09
3636632926_09f39f2629.jpg,5.702763864e-09
447800028_0242008fa3.jpg,1.275407808e-09
3248220732_0f173fc197.jpg,-6.051420215e-09
2695961935_a2a6338f26.jpg,-9.702738529e-11
2410153942_ba4a136358.jpg,7.822922525e-10
2444741900_5cb3ef3e1d.jpg,3.717969137e-09
3667318593_fa1816b346.jpg,-6.254505798e-09
3442978981_53bf1f45f3.jpg,-8.520094026e-09
339822505_be3ccbb71f.jpg,8.147725618e-10
2598979962_c01811cfca.jpg,-3.126906798e-09
444872454_9f51e07f88.jpg,9.157476616e-10
345684566_235e8dfcc1.jpg,-8.141513264e-10
241346146_f27759296d.jpg,-1.334602705e-09
537758332_8beb9cf522.jpg,-4.942086113e-09
241345639_1556a883b1.jpg,2.423832837e-09
2899501488_90d5da5474.jpg,2.753998374e-09
475313618_bdb2f72be5.jpg,5.014745794e-09
313051099_1bb87d6c56.jpg,-3.671964886e-09
3517127930_5dbddb45f6.jpg,-3.661535131e-10
3356369156_074750c6cc.jpg,-1.450318245e-09
290982269_79fc9f36dc.jpg,1.077592544e-09
1994416869_4dd769a806.jpg,1.078804584e-10
3287963317_186491ee78.jpg,-7.192984553e-10
3367851138_757d6bd2ef.jpg,1.105946684e-09
3046259614_614394e024.jpg,-7.765999472e-09
3325157569_8084ab3293.jpg,3.414347063e-10
3709030554_02301229ea.jpg,-3.193803394e-10
314940358_ec1958dc1d.jpg,-2.978901496e-10
632251903_b36701a5e9.jpg,6.503405192e-09
2622517932_57c52c376f.jpg,-1.306549972e-08
3497237366_366997495d.jpg,1.621018798e-09
3759230208_1c2a492b12.jpg,-3.429794456e-09
432248727_e7b623adbf.jpg,-4.901486255e-09
3064716525_b8418d4946.jpg,-5.181993169e-10
390986651_c801db91a0.jpg,-1.344305011e-10
195084264_72fb347b0f.jpg,-7.162878891e-10
2774554310_007e980a90.jpg,-3.650199814e-09
2542415282_9240e1b5fc.jpg,-1.620810773e-09
256439287_990ac4a761.jpg,3.833762968e-10
3614582606_16bd88dab2.jpg,-5.676837114e-09
2655196158_5c878a4af0.jpg,-1.953754662e-10
3715469645_6d1dc019b3.jpg,-3.098282084e-09
381275595_b429fd1639.jpg,9.66063927e-10
3349309109_4024a09a17.jpg,2.113608638e-09
381239475_044cbffa2b.jpg,-4.004446585e-10
3639617775_149001232a.jpg,5.820622502e-09
2647229826_e0e0c65ef1.jpg,9.237763534e-09
2762301555_48a0d0aa24.jpg,-3.998966985e-09
2957071266_1b40ec7d96.jpg,-3.758615364e-09
2884400562_e0851014fc.jpg,5.577765067e-09
529101401_ab1f6b1206.jpg,5.216052855e-09
2872743471_30e0d1a90a.jpg,1.204790521e-09
1285874746_486731a954.jpg,-8.679244348e-09
3030793171_55cd646eed.jpg,3.246672786e-09
3369354061_2bab79f91f.jpg,-4.952617229e-10
2901074943_041aba4607.jpg,-2.955511403e-09
219070971_ae43410b9e.jpg,1.090705049e-10
3175712926_5a470d0886.jpg,-3.753072413e-09
2508249781_36e9282423.jpg,-1.042585153e-09
3710176138_fbfe00bd35.jpg,-9.431372733e-09
3713177334_32f3245fd8.jpg,3.993027621e-09
3291255271_a185eba408.jpg,-1.562668841e-09
3524612244_64f00afec5.jpg,7.226035555e-09
2792409624_2731b1072c.jpg,-6.025937322e-09
2089555297_95cf001fa7.jpg,5.741981467e-09
496606439_9333831e73.jpg,-4.590921727e-09
2558312618_13d362df66.jpg,2.217946813e-09
3148286846_40ae914172.jpg,-2.990668412e-10
3523972229_d44e9ff6d7.jpg,3.38016614e-09
3318995586_c2bc50b92e.jpg,-1.826922326e-09
410453140_5401bf659a.jpg,2.985270706e-09
2932519416_11f23b6297.jpg,3.274098155e-10
3107889179_106d223345.jpg,-3.340250615e-09
3560081723_62da0035bd.jpg,3.787915076e-09
3208553539_2bf6c6d162.jpg,2.410658256e-09
3559425864_0462d7613f.jpg,-2.983608076e-09
3240014971_ee2ea8406f.jpg,-6.99828524e-09
640506101_ae1145b6d1.jpg,-5.582569413e-09
3555729342_cc7a3b67fd.jpg,4.230366598e-09
2836864045_9a093cfd65.jpg,1.954653568e-10
2743652730_d909c7ae82.jpg,3.251010495e-09
95734038_2ab5783da7.jpg,1.658685435e-09
540338917_57069687be.jpg,1.866827877e-09
2067833088_04e84e5bf2.jpg,-3.258722836e-09
1383840121_c092110917.jpg,-2.828631187e-09
3024022266_3528c16ed8.jpg,-1.004711953e-08
1682079482_9a72fa57fa.jpg,-5.912994005e-10
3444684583_6656e38088.jpg,-6.343767965e-09
241109594_3cb90fe2a3.jpg,1.034597746e-08
468871328_72990babd4.jpg,6.466288455e-09
3760400645_3ba51d27f9.jpg,-8.790249869e-10
3295452057_0c987f895f.jpg,3.556006521e-09
3042405316_ba3a01926b.jpg,-5.532190604e-09
2065309381_705b774f51.jpg,-1.148541182e-09
2384147448_c1869070d3.jpg,-7.205566376e-11
2529205842_bdcb49d65b.jpg,-3.035018062e-09
3415178926_909db9400b.jpg,4.220747319e-09
252846811_7b250935a7.jpg,3.758839597e-09
2450486758_a66fd296ea.jpg,-6.141059414e-10
3353036763_4cbeba03b2.jpg,1.233396752e-08
3667492609_97f88b373f.jpg,3.291365981e-09
3019473225_8e59b8ec4e.jpg,-2.314143717e-10
2911552402_5166bc173b.jpg,1.973125018e-10
3123351642_3794f2f601.jpg,-1.754215624e-09
263231469_e85c74f5fd.jpg,-7.112282704e-10
3386893620_5f0bb4e794.jpg,3.036605428e-09
3628994466_a12065d29b.jpg,-5.324204553e-09
2841449931_84a05850ec.jpg,-1.924949642e-09
2052953131_30834196fb.jpg,-3.325588508e-09
3130093622_362f32f2bb.jpg,-1.637587872e-09
256444892_efcb3bd824.jpg,-3.668820164e-09
3608400551_d6f7965308.jpg,-4.501422675e-10
2119660490_ce0d4d1f73.jpg,-5.334119797e-09
3665549027_d7fb05d157.jpg,1.263233107e-09
3442138291_3e75f4bdb8.jpg,-7.710527424e-09
292887910_f34ac101c8.jpg,-4.140126161e-09
3522000960_47415c3890.jpg,-7.834438527e-09
375384566_254c2362d4.jpg,4.597878724e-09
2303356248_65dd6aba6f.jpg,-6.153954497e-09
3483140026_e14f64fdf5.jpg,-6.118735587e-09
3716272233_7845ec5b3e.jpg,-1.76201329e-09
3556037801_3992ce6826.jpg,-9.169279498e-10
2616673985_fa4354cc53.jpg,-4.628664657e-09
337647771_3b819feaba.jpg,-5.301981123e-09
3589052481_059e5e2c37.jpg,1.912309421e-09
2990471798_73c50c76fb.jpg,-7.259168296e-10
3631986552_944ea208fc.jpg,-1.791820444e-09
2735979477_eef7c680f9.jpg,-6.398418423e-10
522486784_978021d537.jpg,-6.754501123e-10
2994107810_af56326389.jpg,5.093625021e-10
1479124077_17dcc0d5d7.jpg,-6.95150895e-09
1096097967_ac305887b4.jpg,4.195719313e-11
233242340_09963100a3.jpg,-2.137059991e-10
3591094476_b61acd63d6.jpg,1.560581795e-09
2925760802_50c1e84936.jpg,1.058211768e-09
289860281_94d699f36d.jpg,5.420511918e-10
2396691909_6b8c2f7c44.jpg,9.173304905e-09
515702827_be3c6ce857.jpg,-4.597584347e-09
2929506802_5432054d77.jpg,-3.132555863e-09
3498997518_c2b16f0a0e.jpg,-3.324881998e-10
3461437556_cc5e97f3ac.jpg,3.680135589e-09
58363928_6f7074608c.jpg,-1.607442979e-09
3320411267_df70b90501.jpg,2.33556595e-09
2308108566_2cba6bca53.jpg,-9.191080978e-10
2077346067_0a3a5aae65.jpg,1.081639713e-09
3337332770_5eda5cceb7.jpg,-3.768455487e-09
2666179615_f05a9d8331.jpg,4.004342775e-09
3506869953_802f463178.jpg,4.400758726e-09
3490736665_38710f4b91.jpg,4.784181873e-10
2453971388_76616b6a82.jpg,-4.419405351e-09
535399240_0714a6e950.jpg,-4.463219731e-09
3701291852_373ea46bb6.jpg,-1.619728411e-09
344841963_8b0fa9784c.jpg,-5.400854129e-09
1813597483_3f09d2a020.jpg,-3.688410764e-09
2777021428_0b2ac3e987.jpg,1.038755792e-09
1542033433_5453d4c466.jpg,-1.026747693e-08
215876547_fa584c5ec3.jpg,3.714536663e-09
2256218522_53b92bcbb2.jpg,-2.917301448e-09
3694555931_7807db2fb4.jpg,1.494182048e-09
485738889_c2a00876a6.jpg,-3.253921126e-09
3030079705_0dee8a3e89.jpg,5.918225302e-09
2946016853_ceca4f5a07.jpg,4.071432448e-10
3644142276_caed26029e.jpg,5.047813641e-09
3296150666_aae2f64348.jpg,-5.436080083e-09
2843695880_eeea6c67db.jpg,6.526319297e-09
2657301826_aab4c36e6c.jpg,5.966512577e-10
2531837969_6f28637811.jpg,6.409314864e-09
2407470303_6fd5e3600d.jpg,-1.045995157e-08
1434607942_da5432c28c.jpg,-8.780085455e-09
543007912_23fc735b99.jpg,1.498259747e-09
3054200086_657d4398e8.jpg,1.555340946e-09
2164363131_6930455d45.jpg,2.309425331e-10
3471117376_40585c3fd1.jpg,1.39315486e-09
374103966_2987706be1.jpg,1.805072471e-09
3229730008_63f8ca2de2.jpg,5.635777814e-09
2646046871_c3a5dbb971.jpg,-5.008309694e-09
390992102_67fa31b22f.jpg,-3.262505798e-09
3070713991_8696796937.jpg,-4.848910602e-09
2905948395_ca3e6b3c9a.jpg,3.025664429e-09
3477977145_4df89d69a1.jpg,-1.494644188e-09
3213992947_3f3f967a9f.jpg,-3.160825887e-10
531055369_936fd76a63.jpg,-4.924460013e-09
716597900_b72c58362c.jpg,-2.44873136e-09
3056530884_27766059bc.jpg,-2.40969157e-09
1316247213_1d2c726dd5.jpg,1.638394906e-09
1377668044_36398401dd.jpg,3.162785833e-09
3457856049_2de173e818.jpg,-3.91277115e-09
1509786421_f03158adfc.jpg,8.289681578e-09
3468130925_2b1489d19a.jpg,3.077091754e-09
399679638_d3036da331.jpg,-2.272708157e-09
3677329561_fa3e1fdcf9.jpg,-2.938023464e-09
3679341667_936769fd0c.jpg,3.887342241e-09
3534668485_6887629ff0.jpg,-5.529937013e-09
3446347599_0ecc49a9d5.jpg,1.033135541e-09
2277081067_d2b4c98bce.jpg,3.173446152e-09
2255342813_5b2ac6d633.jpg,4.30626867e-09
2520255786_b70a3ec032.jpg,1.966984618e-09
2318659263_c24005a5cb.jpg,-4.169961741e-09
2976537455_f3988c2d46.jpg,-3.872551333e-09
507758961_e63ca126cc.jpg,1.330611033e-09
2699733386_c346c87ea6.jpg,1.512219598e-09
2878578240_caf64c3b19.jpg,2.997778233e-09
1569562856_eedb5a0a1f.jpg,-1.489504605e-10
2257631407_1529b9db39.jpg,1.413159726e-09
3376972502_35e3e119cd.jpg,2.166692229e-09
3655773435_c234e94820.jpg,1.472946954e-09
3694219419_a7a83d4886.jpg,2.113395718e-09
3294209955_a1f1e2cc19.jpg,5.076386828e-09
3653764864_225958c9c1.jpg,-2.30355149e-10
2531531628_b4a5041680.jpg,-1.822015926e-09
2895966469_53e0b29295.jpg,5.456391138e-09
449352117_63c359c6e7.jpg,-5.602967165e-09
3518334317_bc40bae18d.jpg,-7.473681069e-09
3590647207_2d4ec3f52c.jpg,-1.114267865e-08
3247052319_da8aba1983.jpg,-2.158292368e-09
527272653_8a5bd818e5.jpg,9.678164652e-10
662606040_8cc8cd9f1b.jpg,6.271665174e-09
488416045_1c6d903fe0.jpg,-6.395595319e-09
3119875880_22f9129a1c.jpg,-5.74522323e-09
155221027_b23a4331b7.jpg,-1.508875338e-10
3527926597_45af299eee.jpg,-1.24581254e-09
3503471307_464a8f588c.jpg,-3.531647409e-09
241347441_d3dd9b129f.jpg,-3.383603232e-09
2140747429_62cfd89ae9.jpg,3.19356555e-09
3270083123_fcc1208053.jpg,-2.683486173e-09
3688797852_89ed3cb056.jpg,5.15846573e-09
2441815792_43565b1312.jpg,-3.225978425e-09
624742559_ff467d8ebc.jpg,7.262304498e-09
3677964239_6406ed096f.jpg,4.65186858e-11
2708176152_1634cb754d.jpg,-8.35883534e-10
2707835735_6537b27e8f.jpg,-1.99413881e-09
3169394115_2193158cee.jpg,-4.158096892e-10
2908859957_e96c33c1e0.jpg,2.898466739e-09
3437147889_4cf26dd525.jpg,8.130968308e-09
2255266906_8222af18b9.jpg,-8.109218288e-09
3395173129_f0ac0a1ed4.jpg,-5.159535557e-09
2414986483_004936f84b.jpg,6.720483037e-09
1926129518_4350f4f552.jpg,-3.672951438e-09
2509824208_247aca3ea3.jpg,4.822091586e-10
3116379964_86986750af.jpg,-4.027894963e-09
3611603026_9112b0c53f.jpg,-6.584521625e-09
1398606571_f543f7698a.jpg,1.094251217e-09
3514188115_f51932ae5d.jpg,3.830894941e-09
2701487024_e866eb4550.jpg,-4.64454053e-09
2296166785_292a4e9f4c.jpg,3.271781459e-09
2056042552_f59e338533.jpg,-1.037322153e-09
3353962769_ba48691bc6.jpg,-1.899248393e-09
2887103049_a867e74358.jpg,1.61814817e-09
3528251308_481a28283a.jpg,-4.467881741e-09
3715559023_70c41b31c7.jpg,9.889454624e-11
432490118_54a9c0e500.jpg,1.815314148e-09
2310233145_910cb5b4c8.jpg,-2.073142176e-09
535249787_0fcaa613a0.jpg,4.727984614e-09
2915183095_4ed4aa4f37.jpg,1.29514503e-09
3458434150_2b0d619244.jpg,9.13156078e-10
3298199743_d8dd8f94a0.jpg,5.461286931e-09
1479513774_70c94cf9d3.jpg,4.131943023e-09
2470519275_65725fd38d.jpg,-6.917931866e-09
3508882611_3947c0dbf5.jpg,-8.194954448e-09
3612485611_12dd7742f7.jpg,6.901319074e-10
1332208215_fa824f6659.jpg,3.813953013e-09
1474474514_b3eb492722.jpg,-5.867606442e-10
818340833_7b963c0ee3.jpg,1.061533407e-09
3463268965_f22884fc69.jpg,-9.056452218e-10
2623930900_b9df917b82.jpg,6.942950732e-10
2988439935_7cea05bc48.jpg,4.323843984e-09
3697379772_40d831392b.jpg,3.693974792e-09
2512682478_b67cc525c7.jpg,5.274719739e-09
3339263085_6db9fd0981.jpg,-5.562907464e-09
420355149_f2076770df.jpg,-5.186518007e-10
349889354_4b2889a9bd.jpg,4.370354847e-09
2651915425_7a58e862e9.jpg,6.477142508e-10
691770760_48ce80a674.jpg,7.978170404e-09
3334300164_e75e0479ae.jpg,-5.567206901e-10
3246190363_68d903bfcb.jpg,-5.796748875e-09
2095078658_c14ba89bc2.jpg,-4.430273366e-09
2282522980_45cfa8e0cf.jpg,-3.892855609e-09
2714674623_8cd05ac114.jpg,3.316926385e-09
880220939_0ef1c37f1f.jpg,-4.243683238e-10
407678652_1f475acd65.jpg,5.661200153e-09
440737340_5af34ca9cf.jpg,4.558975471e-09
3425069551_aba046a1b6.jpg,-5.07456274e-09
460350019_af60511a3b.jpg,1.01295159e-08
2807209904_389d81f33a.jpg,8.830370884e-09
537225246_dd0e2158a7.jpg,-4.482755212e-09
1812525037_528465037c.jpg,-5.65384815e-10
3159641529_c2c74f3eaf.jpg,6.143562239e-09
2898810636_84fb5c0b63.jpg,-5.742017372e-10
452345346_afe1248586.jpg,-7.886074883e-10
1277743944_f4e8c78403.jpg,-9.180963343e-10
3568065409_1c381aa854.jpg,3.795904195e-09
3278189732_f750cb26b7.jpg,1.984387432e-09
3040051410_6205682ba3.jpg,4.418442907e-09
2396025708_e4a72e2558.jpg,4.542014429e-10
2465441099_a1761a1757.jpg,-1.502537244e-09
3413806271_17b7e102aa.jpg,3.608215456e-09
501520507_c86f805ab8.jpg,2.341177467e-09
2206403470_8c25aa3cf8.jpg,2.232303897e-09
3048461682_e89f81b1c7.jpg,3.57654329e-09
2092419948_eea8001d0f.jpg,-9.633412749e-10
3143980056_7a64a94b58.jpg,-7.300282399e-09
391579205_c8373b5411.jpg,5.593704826e-09
432496659_f01464d9fb.jpg,2.355920024e-09
3148571800_c5515e6c3d.jpg,6.645897436e-09
3006926228_cf3c067b3e.jpg,-1.814028582e-09
3368569524_a9df2fc312.jpg,-9.624340316e-10
3673970325_4e025069e9.jpg,-8.215825761e-10
394161692_2576920777.jpg,-2.42513284e-09
2148916767_644ea6a7fa.jpg,-3.026529752e-09
3335097235_538f4777c3.jpg,-1.062091682e-08
2553188198_da1123a723.jpg,-4.086127385e-09
96985174_31d4c6f06d.jpg,2.612438775e-09
2982881046_45765ced2c.jpg,-6.261863425e-09
2966190737_ceb6eb4b53.jpg,3.266333588e-09
3601491447_a338875b51.jpg,-7.43317579e-09
2763044275_aa498eb88b.jpg,3.434549497e-09
3589368949_0866846949.jpg,-2.449828528e-10
3360930596_1e75164ce6.jpg,-1.03399985e-09
3004290523_d1319dfdb4.jpg,3.328997163e-09
2451114871_8617ae2f16.jpg,-4.503951102e-09
2194494220_bb2178832c.jpg,9.389605848e-09
1132772170_600610c5df.jpg,5.573708684e-09
2109911919_af45b93ef3.jpg,8.021369015e-10
3408130183_f038bdaa4f.jpg,-2.45130714e-09
2552438538_285a05b86c.jpg,-9.628517093e-10
3094317837_b31cbf969e.jpg,-5.622017295e-09
763577068_4b96ed768b.jpg,8.179584074e-09
1803631090_05e07cc159.jpg,1.846035396e-09
252504549_135b0db5a3.jpg,3.428907839e-09
1732436777_950bcdc9b8.jpg,-3.465178025e-09
244571201_0339d8e8d1.jpg,2.245850778e-09
2998185688_8d33e4ce38.jpg,2.200643772e-10
2446601467_a35841cb1d.jpg,5.102849414e-09
264859622_f3a00ab409.jpg,3.413081127e-10
2427490900_5b7a8874b9.jpg,3.309072532e-09
2613889835_6f50a3b83b.jpg,5.762222661e-09
2233426944_0959835ced.jpg,6.211213403e-09
485357535_b45ba5b6da.jpg,-2.529890986e-09
3443326696_fe0549c5be.jpg,-6.933595123e-10
2345984157_724823b1e4.jpg,8.897531358e-10
3270691950_88583c3524.jpg,5.047994006e-09
3413019648_e787f0cb88.jpg,-3.259277822e-09
3751594676_edfbfa0688.jpg,3.269629071e-09
3537806062_c50d814aba.jpg,-1.027140176e-09
3613585080_36629d8157.jpg,4.7642178e-10
2631625732_75b714e685.jpg,-5.511351989e-09
3541162969_68fa4a60df.jpg,1.771492123e-09
997722733_0cb5439472.jpg,-3.666527072e-09
3415809168_af9dabdba5.jpg,-8.282179018e-10
3661239105_973f8216c4.jpg,8.666434663e-09
3229519418_040f05ced1.jpg,-1.0917131e-09
753285176_f21a2b984d.jpg,6.517661637e-09
2303426046_09cfd7bc4e.jpg,5.521925334e-09
2867845624_22e4fe0a23.jpg,-4.952613805e-10
2752341621_54490b9b09.jpg,1.509083059e-08
2891185857_54942809cf.jpg,-3.24442577e-09
3341084434_db5e7d1fdc.jpg,3.05720449e-09
2162564553_96de62c7e6.jpg,2.090195285e-09
3172280520_e7655fb596.jpg,-2.825978203e-09
2797185895_4d9e1e9508.jpg,4.729222731e-09
965444691_fe7e85bf0e.jpg,4.28137538e-09
3057618932_3b80ae85de.jpg,2.723900857e-09
788126442_086334f0cf.jpg,-6.047267432e-10
334768700_51c439b9ee.jpg,-1.721797387e-09
3341961913_9a9b362f15.jpg,2.147797832e-09
3618932839_acd7d2c2ea.jpg,7.437318189e-10
3497234632_6ec740fc1e.jpg,4.838380587e-09
2541901399_0a57f4cc76.jpg,1.475864314e-08
3356938707_d95ba97430.jpg,3.311367843e-09
2471297228_b784ff61a2.jpg,-1.39787331e-09
3488087117_2719647989.jpg,1.742524072e-09
2186367337_0ce9ce2104.jpg,6.505286292e-09
3427540832_c882fded1d.jpg,-8.194598729e-09
2220175999_081aa9cce8.jpg,8.030168332e-09
2066271441_1f1f056c01.jpg,3.366507996e-10
2591603141_33d6397e0a.jpg,3.077535954e-09
118187095_d422383c81.jpg,-4.755399872e-09
1810651611_35aae644fb.jpg,4.189053693e-09
2170222061_e8bce4a32d.jpg,1.811889817e-09
1055623002_8195a43714.jpg,2.555268824e-09
3183195185_cd0ff994a1.jpg,5.92969888e-09
3136674757_57406c305c.jpg,1.370330597e-09
3070130228_67dcfee9ae.jpg,-1.262451722e-10
1398613231_18de248606.jpg,-8.460477017e-09
3430287726_94a1825bbf.jpg,2.310802966e-09
1286408831_05282582ed.jpg,4.370247184e-09
237547381_aa17c805e0.jpg,1.979541228e-09
3638374272_444f5e0457.jpg,5.545059889e-09
2315867011_fc5fc9fa6d.jpg,3.535038413e-09
2864634088_d087494dff.jpg,-5.720550848e-09
2695093520_5cfeb0729d.jpg,-5.471869698e-09
571507143_be346225b7.jpg,9.12401045e-09
3601569729_bf4bf82768.jpg,-2.169083497e-10
3725202807_12fbfdd207.jpg,-9.723164397e-10
2466171100_5e60cfcc11.jpg,-1.644940824e-09
1764955991_5e53a28c87.jpg,3.266929839e-09
3649916507_b88a3d2082.jpg,-1.468601892e-10
3432730942_4dc4685277.jpg,4.108735464e-10
782017931_75d92bb7a4.jpg,-1.782296649e-09
2211593099_4a4f1c85d2.jpg,-6.820053001e-09
2929272606_2a5923b38e.jpg,9.669969156e-10
3174453534_fcc927c647.jpg,-6.068637574e-10
383223174_7165a54c30.jpg,-7.921057385e-09
3339768802_8ab768558a.jpg,-6.920383361e-09
2511019188_ca71775f2d.jpg,-7.375831318e-09
3224904543_679fe05c41.jpg,-1.423855571e-09
2471493912_2d4746b834.jpg,5.750936764e-09
3029928396_99ac250788.jpg,3.86769609e-09
633456174_b768c1d6cd.jpg,-5.200155665e-10
3162045919_c2decbb69b.jpg,1.35791945e-09
390987167_2d5905b459.jpg,2.131563161e-09
3613264553_97b687f172.jpg,-7.989534195e-11
336460583_6c8ccb7188.jpg,-2.072922748e-09
441921713_1cafc7d7d2.jpg,2.026265517e-09
3507076266_8b17993fbb.jpg,-1.322901468e-09
967719295_3257695095.jpg,1.333507295e-09
214543992_ce6c0d9f9b.jpg,1.106068109e-09
2417341107_97dbab9c5e.jpg,2.460243958e-09
2275253272_00f941366e.jpg,-3.432044346e-09
3449114979_6cdc3e8da8.jpg,1.24643011e-09
1118557877_736f339752.jpg,-5.513974643e-09
642987597_03b21a1437.jpg,-4.338785387e-09
3077166963_fe172c709d.jpg,3.9562988e-09
2805873509_4f68afc4b4.jpg,4.481433636e-09
3729405438_6e79077ab2.jpg,-1.155181735e-08
431282339_0aa60dd78e.jpg,2.036332863e-09
1679565118_d36f0d6d52.jpg,-3.413009181e-09
2337757064_08c4033824.jpg,-1.900659278e-09
2950905787_f2017d3e49.jpg,-6.042109273e-10
3628017876_4ac27e687b.jpg,7.179588398e-09
3127629248_a955b5763b.jpg,-5.940439186e-09
3005124440_c096b310fb.jpg,1.347000146e-09
2780031669_a0345cfc26.jpg,3.017459675e-09
2894008505_a445ccaaff.jpg,-1.943737976e-09
3437034427_6df5e9fbf9.jpg,2.235604481e-09
3635911776_dbc2763f2c.jpg,4.961022104e-09
350588129_6aef7b7fe2.jpg,3.449139373e-09
2952141476_fc9a48a60a.jpg,2.737116408e-09
2381102729_12fc4d4c76.jpg,1.982849979e-09
481827288_a688be7913.jpg,-4.953716419e-09
2272489996_95b0a62d15.jpg,-2.552164501e-09
303607405_f36edf16c6.jpg,-1.253883144e-08
2476214153_99a3998509.jpg,1.001926997e-08
816084977_21c1811c9a.jpg,-5.099141943e-09
2752331711_cb18abba5a.jpg,-3.736958412e-09
2700147489_f1664f2b61.jpg,8.316793995e-09
143684568_3c59299bae.jpg,8.041375919e-10
3465000218_c94e54e208.jpg,-2.769781543e-09
3189002057_3ef61b803e.jpg,5.594798186e-09
3427233064_6af01bfc5c.jpg,3.134136906e-09
247706586_7e25c7adf8.jpg,2.88678505e-09
2260649048_ae45d17e68.jpg,1.378934371e-08
254527963_3f5824b0e8.jpg,-4.892296522e-09
443885436_6e927e6c58.jpg,-1.06288537e-09
2094323311_27d58b1513.jpg,-5.363863887e-09
757133580_ba974ef649.jpg,3.579197274e-10
2723477522_d89f5ac62b.jpg,8.047605303e-11
3259666643_ae49524c81.jpg,1.009127516e-09
3559374748_f18c7caa55.jpg,1.886201341e-09
2714703706_d21c5cb8df.jpg,2.364023171e-09
2759860913_f75b39d783.jpg,8.876972689e-10
2857473929_4f52662c30.jpg,3.490955216e-09
448252603_7d928c900e.jpg,8.307021267e-10
381514859_b40418d9c3.jpg,1.580581063e-09
262681159_e5fed3acf0.jpg,1.552489998e-09
3700554247_9824ae6f3a.jpg,-6.556024676e-09
3397310901_cbef5c06ef.jpg,-3.123011837e-09
186890601_8a6b0f1769.jpg,4.926299735e-09
150387174_24825cf871.jpg,-3.608526055e-10
3626998066_3ae11ee278.jpg,4.332534836e-09
3730011701_5352e02286.jpg,-6.355786428e-09
2902844125_4186bf3ab6.jpg,1.156260197e-09
2203286182_b453e9d176.jpg,2.192814548e-09
3552206648_123bf4ac82.jpg,2.949701475e-09
3042173467_14394234da.jpg,-6.449656361e-09
2276314067_7ee246f859.jpg,1.174071043e-09
3420064875_0349a75d69.jpg,-6.044983627e-09
393958545_48c17c66d1.jpg,5.659218239e-10
2716903793_fb7a3d8ba6.jpg,7.352591361e-10
3325910784_5ecb88310c.jpg,-3.075561854e-09
2934022873_3fdd69aee4.jpg,3.438724272e-09
78984436_ad96eaa802.jpg,-2.751378388e-09
3452127051_fa54a902b3.jpg,2.102100589e-09
856985136_649c0a3881.jpg,-7.116527286e-09
3091921457_83eee69591.jpg,-5.358811893e-09
541046380_513e295384.jpg,5.884839036e-09
3286761458_34af7e4499.jpg,2.229032481e-09
2085400856_ae09df33a7.jpg,2.054348837e-09
3229913073_e7857a5966.jpg,-2.707984827e-09
3707990914_843e8f15f1.jpg,8.818823243e-11
162743064_bb242faa31.jpg,2.491657593e-09
3532593368_be10432e92.jpg,-6.456874624e-11
1024138940_f1fefbdce1.jpg,-3.602393139e-09
866841633_05d273b96d.jpg,-2.710715785e-10
282131366_5f9a39c43c.jpg,-2.847996235e-09
2980348138_91cc6f6d0f.jpg,7.815969766e-09
3639547922_0b00fed5cd.jpg,3.425285901e-09
2302747917_aa0300eb68.jpg,2.463704097e-10
3027365101_3818be6e16.jpg,7.18622777e-09
58363930_0544844edd.jpg,1.869914268e-09
244368383_e90b6b2f20.jpg,-3.093692779e-09
405615014_03be7ef618.jpg,-2.064248392e-10
1302657647_46b36c0d66.jpg,-7.767456635e-09
3354883962_170d19bfe4.jpg,2.590582971e-09
3113769557_9edbb8275c.jpg,1.730530166e-09
3074842262_62b1b2168c.jpg,1.281238703e-09
2942133798_e57c862a90.jpg,3.104558847e-09
1420060020_7a6984e2ea.jpg,-7.096558926e-09
2924483864_cfdb900a13.jpg,-4.432798091e-09
306318683_5f1f875191.jpg,4.945237855e-09
3214237686_6566b8b52f.jpg,2.379224366e-09
3335885203_a3fe8e541f.jpg,-3.044833421e-09
1262583859_653f1469a9.jpg,-3.65480158e-09
3638783120_f600ceb19d.jpg,1.890331616e-09
1206506157_c7956accd5.jpg,1.046754892e-09
533602654_9edc74385d.jpg,-1.066121117e-09
2322593776_e6aaf69e80.jpg,-5.837199684e-10
3629664676_36bcefe6b7.jpg,-4.197250162e-10
318667317_108c402140.jpg,-1.17994034e-09
3560125106_691c292893.jpg,4.957571537e-09
1430154945_71bbaa094a.jpg,2.99440444e-09
241345770_9f8aa6723c.jpg,-4.010170489e-09
3692746368_ab7d97ab31.jpg,-1.000281882e-09
3315110972_1090d11728.jpg,2.665394557e-09
3112635165_2d614d7c1a.jpg,-1.010126579e-09
3621652774_fd9634bd5b.jpg,7.648950055e-10
2344898759_5674382bcd.jpg,-3.208551761e-09
2597308074_acacc12e1b.jpg,-1.81378296e-09
3189307452_aebc12380b.jpg,-1.33210876e-09
3004291093_35d6fd8548.jpg,-4.425559191e-09
3609645320_815c294b65.jpg,-2.864928732e-09
707941195_4386109029.jpg,-2.25538821e-09
462080147_ca088e6541.jpg,-2.235223026e-09
3245460937_2710a82709.jpg,-1.404548949e-09
3351667846_ac43118ae5.jpg,4.020974552e-09
3640870001_acbd1d5ceb.jpg,7.235287864e-09
426920445_d07d1fd0f7.jpg,-1.586301155e-09
2261346505_302c67951d.jpg,-4.345668948e-09
1048710776_bb5b0a5c7c.jpg,-1.802653851e-09
3643684044_a131168127.jpg,3.312100175e-09
2878272032_fda05ffac7.jpg,2.991064967e-09
3425846980_912943b4f9.jpg,-4.971215873e-09
2171891283_dedd9cf416.jpg,2.993845067e-09
3767841911_6678052eb6.jpg,-1.994358035e-09
308956341_642589e9cc.jpg,1.09118977e-08
3051384385_c5c850c1f8.jpg,2.794312837e-09
2863848437_f2592ab42d.jpg,3.347359815e-09
2878705136_609dfbf318.jpg,-1.484493288e-09
3210705660_2b14b7fb36.jpg,3.16735665e-09
1499554025_a8ffe0e479.jpg,1.542751872e-09
2248487950_c62d0c81a9.jpg,-1.690704335e-09
3003691049_f4363c2d5c.jpg,1.301649784e-09
3188044631_ca3a9cc737.jpg,-1.597018342e-09
3220140234_e072856e6c.jpg,2.073916701e-09
288508162_1727873924.jpg,-3.190602193e-09
252124738_796599e94b.jpg,7.752155816e-09
2717686269_80c4b5ac9e.jpg,6.033940067e-10
2448393373_80c011d301.jpg,8.497585157e-10
3516825206_5750824874.jpg,-3.320257688e-09
1341787777_4f1ebb1793.jpg,-1.070351919e-08
1346051107_9cdc14e070.jpg,-1.224186415e-08
2522809984_2e8a7df4fb.jpg,1.890975459e-09
1536597926_c2e1bc2379.jpg,7.105890739e-09
3544673666_ffc7483c96.jpg,-8.583074664e-10
2806632713_edd6f6c893.jpg,2.368530378e-09
933118213_b35b0b62a7.jpg,2.320891659e-09
300371487_daec5d11ab.jpg,-4.708172408e-09
3571675421_7e07ac07c5.jpg,3.179820678e-09
279550225_d64d56158a.jpg,3.836411565e-09
2979914158_5906470b8f.jpg,6.196287226e-09
3064383768_f6838f57da.jpg,-4.571795005e-10
462288558_b31a8a976f.jpg,8.855415287e-10
3525403875_7f95e0cbfe.jpg,6.206011599e-09
2161799386_27aa938421.jpg,7.183298862e-09
2444821454_22a346c996.jpg,5.406442667e-10
3613955682_3860e116cf.jpg,-5.362529643e-09
241046599_28b0ca7b9f.jpg,1.921770509e-09
2830755303_2b5444ab4c.jpg,-4.911241531e-09
2600867924_cd502fc911.jpg,-8.218514721e-09
2978236380_fb24c43f1e.jpg,4.028173095e-09
2635023078_6dae04758f.jpg,-4.972317303e-09
2224450291_4c133fabe8.jpg,2.924259362e-10
3335547029_74d620fa6c.jpg,-2.655345133e-10
3440724965_03d6ca5399.jpg,2.255718847e-09
2518508760_68d8df7365.jpg,-2.533297493e-09
3349258288_5300c40430.jpg,7.573225969e-10
1466307485_5e6743332e.jpg,2.54872839e-09
2474047296_fd9179d438.jpg,-5.807776322e-09
3478084305_9e1219c3b6.jpg,5.244468386e-10
3205214191_29b42b9b09.jpg,-2.754020473e-09
3415228562_4efa9c9b70.jpg,1.115656937e-09
272546805_536c719648.jpg,3.369878192e-09
512306469_1392697d32.jpg,2.686034632e-09
3668900592_a84b0c07db.jpg,-5.007260792e-09
337793983_ac5b2e848e.jpg,1.603350062e-09
2718024196_3ff660416a.jpg,5.41190598e-10
1350948838_fdebe4ff65.jpg,7.446290184e-10
2496370758_a3fbc49837.jpg,8.277134235e-09
3628059004_5c3529b120.jpg,4.404841864e-09
3205754736_32c29b5208.jpg,5.174083688e-10
970641406_9a20ee636a.jpg,-4.870524239e-10
2208067635_39a03834ca.jpg,1.110013809e-09
3432637363_3ba357e2da.jpg,-5.032822061e-09
2279496715_8ef3ee6edb.jpg,3.769122353e-09
1776981714_5b224d0f7a.jpg,-8.887303307e-11
3373946160_1c82d54442.jpg,-4.494315586e-09
3079917032_3cfacb2fd7.jpg,-7.472000084e-09
471402959_0b187560df.jpg,2.45086794e-09
2972929655_04233b5489.jpg,-8.839814587e-10
3103587323_7f093d5b90.jpg,4.832001262e-09
1089755335_0bfbfd30e6.jpg,-7.14250633e-09
2273591668_069dcb4641.jpg,2.387621699e-09
2338627102_6708a9b4fd.jpg,-6.530003475e-09
2863180332_372510aa49.jpg,2.545034859e-09
2832033116_1677ea1e2e.jpg,-8.000799458e-10
1925434818_2949a8f6d8.jpg,4.148601134e-09
2382411771_a16145f345.jpg,-6.380157136e-11
1347519824_e402241e4f.jpg,1.564158456e-09
3641022607_e7a5455d6c.jpg,9.599956235e-09
3181328245_7c04ce1691.jpg,-4.496624803e-09
3258396041_69717247f7.jpg,-4.373756198e-09
491564019_1ca68d16c1.jpg,-2.002404877e-09
262446581_06ef7d9445.jpg,2.467039865e-10
838074897_9d6270b3cd.jpg,-1.412898286e-09
1159574340_99ba8c3c59.jpg,5.912243167e-09
2443512473_6f5a22eb42.jpg,-1.828664509e-10
2075321027_c8fcbaf581.jpg,-6.242814306e-10
2076865206_53918c820c.jpg,2.820791119e-09
3601533527_6c2439113c.jpg,2.09567427e-09
3589156060_3ed8d6bbc3.jpg,-4.207523067e-09
3259757648_71edb4347b.jpg,4.232372895e-09
1352410176_af6b139734.jpg,-5.723551249e-09
3373481779_511937e09d.jpg,4.965932089e-09
2372572028_53b76104a9.jpg,-5.397147048e-09
1321723162_9d4c78b8af.jpg,-4.763364204e-10
500678178_26ce0f4417.jpg,-1.842094704e-10
3484019369_354e0b88c0.jpg,-3.357776967e-09
2321865325_79b0954a5d.jpg,4.554111019e-09
290019324_23582048d4.jpg,5.569185344e-09
2930580341_d36eec8e3c.jpg,1.709595104e-09
3292016893_24d14c8b4f.jpg,2.543825145e-09
3173928684_4ea0ee5114.jpg,-7.101152286e-09
3323988406_e3c8fce690.jpg,-7.512771169e-09
3612485097_b706d950ed.jpg,3.736264911e-09
2354456107_bf5c766a05.jpg,1.934712892e-09
166433861_70b66cd381.jpg,1.172372844e-09
1463638541_c02cfa04dc.jpg,3.710393381e-10
2616643090_4f2d2d1a44.jpg,7.993139165e-10
3702607829_2b8b3e65ab.jpg,-5.761912026e-09
3154813159_58a195236d.jpg,-6.822502935e-10
3289817083_4e78e1c05a.jpg,5.843317406e-09
2934379210_4e399e3cac.jpg,1.121867397e-09
2407091303_931c918490.jpg,-7.336565012e-09
2831313661_1a328acb70.jpg,-1.024642214e-09
3168841415_c0705a327a.jpg,-1.729250855e-09
3636247381_65ccf8f106.jpg,4.334589684e-09
2150564996_d173a506d7.jpg,-2.03731451e-09
2909081008_9a7bfc599a.jpg,-2.627978303e-10
1884065356_c6c34b4568.jpg,1.162455884e-09
2343525685_3eba3b6686.jpg,7.096831527e-09
2955099064_1815b00825.jpg,1.070998763e-09
3437315443_ba2263f92e.jpg,3.374181932e-09
3033612929_764d977bd5.jpg,-4.617558995e-09
3073535022_4af81f360c.jpg,-1.18356145e-09
3537520829_aab733e16c.jpg,9.047120423e-09
2832487464_2d30634e1e.jpg,9.683954208e-11
2241768909_3d96d48417.jpg,5.913707026e-09
439492931_a96d590e40.jpg,1.052374016e-09
3701544312_b2e4e9813d.jpg,-3.554560377e-09
972381743_5677b420ab.jpg,1.052381274e-08
632608471_a70461f123.jpg,2.478226773e-09
2583001715_1ce6f58942.jpg,4.60693364e-09
2737729252_b3fd9c05b1.jpg,-2.263808091e-09
3590739067_58baffb3a7.jpg,1.853388953e-09
3107558821_f3b205d4ed.jpg,-1.688726148e-09
2553024095_735bc46267.jpg,3.545892147e-09
2629346153_155ba73ae9.jpg,9.107022529e-10
3223302125_f8154417f4.jpg,-3.588659907e-09
2488795251_c108c77b13.jpg,-3.136305358e-09
44856031_0d82c2c7d1.jpg,-2.016432177e-09
2704934519_457dc38986.jpg,-1.734395816e-09
3070274658_fc39fd4f84.jpg,-3.30962002e-09
3262075846_5695021d84.jpg,-5.216348426e-09
1777816180_08d7e8063b.jpg,-8.148610387e-09
3084149186_4bc08b0752.jpg,3.223305456e-09
3109124656_626b596d5e.jpg,5.743990288e-09
3724150944_fc62e8d5e0.jpg,-3.584652573e-09
3104182973_5bb1c31275.jpg,1.463573253e-09
203114209_e4cd71a6b7.jpg,-3.009839232e-09
2315418282_80bd0bb1c0.jpg,-3.513456466e-09
3240094420_a9eea11d39.jpg,-6.316452789e-09
1517807181_ca6588f2a0.jpg,2.174255116e-09
95734036_bef6d1a871.jpg,-3.628450147e-09
3041170372_c4376cd497.jpg,3.328205829e-09
2890057168_c712f932e0.jpg,2.507257396e-09
2925737498_57585a7ed9.jpg,-2.924187672e-09
2565685680_c30972455d.jpg,2.288665847e-09
3042484940_0975a5e486.jpg,7.011010444e-10
2325258180_6217dd17eb.jpg,-3.600261193e-09
3541915243_956c1aa8ef.jpg,-4.540150882e-09
2922973230_5a769ef92a.jpg,-2.825025381e-09
1801874841_4c12055e2f.jpg,8.904384315e-10
2316097768_ef662f444b.jpg,2.09305882e-09
3676561090_9828a9f6d0.jpg,-3.070874957e-09
3591462960_86045906bd.jpg,-1.568313619e-09
2750832671_4b39f06acf.jpg,-6.356154856e-09
2000459828_3c9e109106.jpg,-9.584035035e-09
3569406219_f37ebf7b92.jpg,9.748263076e-10
2058472558_7dd5014abd.jpg,2.552632325e-09
2691966747_cfa154982b.jpg,-8.909639457e-09
469969326_4b84073286.jpg,6.344096684e-09
195962790_3380aea352.jpg,4.823113809e-09
2480832276_fa55480ecb.jpg,3.754643112e-09
2061397486_53a61e17c5.jpg,-4.419887973e-09
2676651833_3bb42bbb32.jpg,-2.937449973e-09
1478294229_7e1c822fea.jpg,4.591678984e-09
1392272228_cf104086e6.jpg,-9.853002288e-10
3153067758_53f003b1df.jpg,4.074922507e-09
497791037_93499238d8.jpg,1.08877069e-09
3399618896_9ef60cd32c.jpg,6.496095557e-10
2229179070_dc8ea8582e.jpg,6.272784747e-10
3316046339_8e504be038.jpg,-1.210897993e-09
3681056426_fbd6c0c92c.jpg,-2.222433567e-09
3006095077_1992b677f8.jpg,-2.093508865e-09
457945610_1a23b9ced0.jpg,6.587468698e-09
263216826_acf868049c.jpg,2.706985214e-09
778885185_3f6905370b.jpg,-1.228573978e-09
3692593096_fbaea67476.jpg,-7.544467021e-09
1045521051_108ebc19be.jpg,-5.672033904e-10
2220185725_45d4fa68d9.jpg,-1.104317598e-09
514222303_cb98584536.jpg,-9.990264775e-10
2913818905_8e4d9aa82a.jpg,-8.16950739e-10
3259992164_94600858b3.jpg,7.862090456e-09
278002800_3817135105.jpg,-6.419197024e-10
3296500180_0d7a6650dc.jpg,5.258466393e-09
3501781809_88429e3b83.jpg,4.557407576e-09
278496691_c1fd93e2d8.jpg,3.206043476e-09
3607969989_68cc411493.jpg,1.478924607e-09
3618504267_d7eaa495d0.jpg,3.50592424e-09
2462153092_e3f4d8f6a2.jpg,-5.092554877e-10
3164328039_2c56acf594.jpg,5.075689516e-10
3446762868_06e9d9d899.jpg,-4.370743198e-09
534313000_4ad39c7ee0.jpg,-3.813344336e-09
3476451861_5b9c9ce191.jpg,8.487379406e-09
1554713437_61b64527dd.jpg,3.640518976e-09
3726025663_e7d35d23f6.jpg,1.442720498e-09
952171414_2db16f846f.jpg,-8.356441426e-09
861608773_bdafd5c996.jpg,7.227315578e-09
3329169877_175cb16845.jpg,-4.499045779e-10
3624076529_9793655a21.jpg,-5.374431218e-10
3490874218_babb404b39.jpg,-9.914973972e-10
3480051754_18e5802558.jpg,3.853874183e-10
1523984678_edd68464da.jpg,-1.732183239e-09
2612488996_9450de0e54.jpg,-7.337806493e-09
1026685415_0431cbf574.jpg,-4.197875621e-10
99679241_adc853a5c0.jpg,-2.267378671e-09
3377117696_af91f13058.jpg,-2.25514638e-09
3203453897_6317aac6ff.jpg,-2.518658939e-09
3691800116_6a7b315e46.jpg,-2.158205224e-09
3677318686_b018862bb7.jpg,6.413599622e-09
2385871165_9438c9fe84.jpg,2.238327359e-09
720208977_f44c2bba5b.jpg,7.498033016e-10
3758175529_81941e7cc9.jpg,2.077400403e-09
3259002340_707ce96858.jpg,9.439234636e-09
3503544012_1771be9d3a.jpg,-5.573411932e-10
3320356356_1497e53f80.jpg,-2.151875287e-09
256085101_2c2617c5d0.jpg,7.440783323e-10
3717809376_f97611ab84.jpg,-9.593100247e-09
475816542_f5c2736815.jpg,-3.848010673e-09
3697359692_8a5cdbe4fe.jpg,-4.104706586e-10
397725001_e51f7c391c.jpg,-9.134510327e-10
3682428916_69ce66d375.jpg,7.246601671e-10
3154693053_cfcd05c226.jpg,-1.581564502e-09
3259992638_0612a40288.jpg,4.63458577e-09
3426933951_2302a941d8.jpg,5.084009331e-09
2753506871_dc38e7d153.jpg,-8.875399675e-09
2885912662_a3a2dfde45.jpg,-1.071418491e-09
3487378989_c051d2715b.jpg,-6.374380076e-10
3260088697_af9b6d2393.jpg,-3.641984529e-09
2191329761_3effd856c5.jpg,-5.119770427e-11
270263570_3160f360d3.jpg,2.368850179e-09
3501386648_e11e3f3152.jpg,1.002149628e-09
2622971954_59f192922d.jpg,4.242373324e-09
514222285_aa0c8d05b7.jpg,3.989786334e-09
774009278_8e75b7d498.jpg,-2.032862643e-10
3656225270_cdf89e3240.jpg,-4.227109905e-09
1001773457_577c3a7d70.jpg,-4.400017679e-09
2140305708_591d10b54d.jpg,-9.049634227e-09
2192333873_2a0cbe849d.jpg,-2.473449436e-09
1459032057_97e73ed6ab.jpg,-3.806219505e-09
2676937700_456134c7b5.jpg,-4.454651148e-09
1419286010_b59af3962a.jpg,4.196591975e-09
2591110592_ef5f54f91c.jpg,3.200726318e-09
3380364224_2626d9d354.jpg,-9.097046883e-09
2394919002_ed7527ff93.jpg,-5.365554506e-09
3635194562_4c1dfa120a.jpg,1.452370868e-09
3711826708_bba64fb1e1.jpg,2.247363396e-09
2833582518_074bef3ed6.jpg,3.786779456e-09
1151466868_3bc4d9580b.jpg,2.086494349e-09
3523819210_99782628fc.jpg,2.803730178e-09
1009434119_febe49276a.jpg,3.065758814e-09
3712008738_1e1fa728da.jpg,9.855429003e-10
247637795_fdf26a03cf.jpg,-6.842672694e-10
496110746_a93ca191ae.jpg,-4.417134739e-10
3159569570_dff24e7be9.jpg,1.12556467e-09
475980315_b8ecd50094.jpg,-2.787008111e-09
3205336477_037d4b6bd9.jpg,2.552529558e-09
3640661245_c8c419524d.jpg,2.16279504e-09
3614542901_29877fc342.jpg,-6.925186827e-10
2562347802_c049a2ba88.jpg,1.403442722e-08
842960985_91daf0d6ec.jpg,9.825431273e-09
611910909_4f8e43e070.jpg,1.004948893e-09
1204996216_71d7519d9a.jpg,2.630644966e-09
411863595_d77156687e.jpg,-3.336877505e-09
3112821789_1f7c3bbb99.jpg,-6.575161801e-09
515755283_8f890b3207.jpg,5.23607255e-09
3273325447_81c94000da.jpg,-3.517271121e-09
2339573065_91f1e3be60.jpg,1.522906337e-08
1417295167_5299df6db8.jpg,-1.40270605e-08
3637966641_1b108a35ba.jpg,-2.669890569e-09
2674784195_704f6b79d0.jpg,-5.11021402e-09
3568219100_dfbffddccd.jpg,2.559123437e-09
297169473_d3974e0275.jpg,-2.430491893e-09
2335428699_4eba9b6245.jpg,-1.089522889e-08
3224578187_749882c17f.jpg,2.411273318e-09
3520922312_e58a6cfd9c.jpg,8.412676244e-10
172097783_292c5413d8.jpg,-8.100466737e-10
2272548482_0b4aec5cdd.jpg,4.750001807e-10
3728015645_b43a60258b.jpg,-4.862692407e-09
2305437797_e6c3460190.jpg,1.624682496e-09
486720042_b785e7f88c.jpg,1.388087127e-09
241347803_afb04b12c4.jpg,2.670243657e-09
3247598959_5b2348444c.jpg,6.160175075e-09
3597210806_95b07bb968.jpg,1.882164995e-09
512550372_438849ce19.jpg,1.631171836e-09
3656104088_a0d1642fa9.jpg,-8.466559643e-10
2545192257_142fe9e2de.jpg,1.058416842e-09
610590753_cd69ce081a.jpg,5.950089655e-10
549887636_0ea5ae4739.jpg,-4.764156148e-09
2298946012_22de913532.jpg,9.076524066e-10
2387197355_237f6f41ee.jpg,-5.975973139e-09
3354489242_dd529ffa1f.jpg,-2.833230083e-09
199463720_329a802206.jpg,-1.063781979e-10
3086810882_94036f4475.jpg,-2.81058582e-09
2510029990_7014f907cb.jpg,-5.905359116e-09
3456251289_c4ae31d817.jpg,-2.051564222e-09
2330062180_355ccbceb5.jpg,-5.867894927e-09
2271755053_e1b1ec8442.jpg,-4.034626051e-09
2861100960_457ceda7fa.jpg,-2.906751922e-10
3294179574_4f67e67d6f.jpg,8.397632411e-09
181415975_2627aa6668.jpg,-1.395136663e-09
394136487_4fc531b33a.jpg,-1.017051136e-09
2646615552_3aeeb2473b.jpg,2.45244006e-10
424779662_568f9606d0.jpg,-2.988697746e-10
3332136681_9aecf101fd.jpg,1.27611642e-09
2472896179_245e7d142f.jpg,1.743371341e-09
278002875_d011ae9dc5.jpg,-5.065481005e-09
2222186636_85e03e0b75.jpg,-4.29803916e-09
3691670743_0ed111bcf3.jpg,-2.760897252e-12
317488612_70ac35493b.jpg,-3.381358216e-09
2620113705_a8fa89b8f6.jpg,9.334911853e-10
1389323170_d1c81d6b51.jpg,-3.600414513e-09
3456579559_b5c8927938.jpg,-1.009128662e-08
2800004913_c8394ba332.jpg,-7.812088778e-10
3009383694_e045c6169e.jpg,-2.004040718e-10
3582685410_05315a15b8.jpg,-1.936383265e-09
2760371526_63f3d01760.jpg,-5.044481968e-09
3484841598_e26ee96aab.jpg,6.755703668e-09
424416723_19c56cb365.jpg,1.587426894e-09
2135360514_7dcb9ed796.jpg,1.736502919e-09
3470951932_27ed74eb0b.jpg,1.251606855e-09
3410215754_5d5caeffaf.jpg,-1.034861567e-09
3718007650_e5930b4509.jpg,6.694550605e-09
3215108916_0473007b47.jpg,3.954454438e-09
2311690895_0d6efe11c8.jpg,1.3482854e-09
215214751_e913b6ff09.jpg,-2.586043191e-09
3122888809_9ae9b4b9b2.jpg,-3.90717403e-09
1936215201_d03a75cbba.jpg,4.666190747e-09
3270047169_2ed289a9af.jpg,8.579051291e-10
3060519665_4d6b9a51b2.jpg,7.66429985e-09
3090398639_68c0dfa9a5.jpg,-2.033591646e-09
1580671272_3e99d94305.jpg,-2.186982955e-09
241346709_23204cc2bc.jpg,1.419864309e-09
2109479807_eec8d72ca7.jpg,1.404348694e-09
2713554148_64cd465e71.jpg,4.392958068e-09
2831846986_5534425cfa.jpg,1.182492432e-09
2205328215_3ffc094cde.jpg,-1.327416132e-09
2789238858_14261dd25a.jpg,1.121197715e-09
2443229844_277cded27d.jpg,-1.473778109e-09
3019842612_8501c1791e.jpg,-1.98418715e-09
3352199368_b35f25793e.jpg,-6.341489646e-09
3082196097_2d15455b00.jpg,5.800471182e-09
322103537_184367bf88.jpg,-2.659507386e-10
3498423815_5b8fc097f4.jpg,-1.594521014e-09
2789350645_96a2535b4d.jpg,3.951899974e-09
3228960484_9aab98b91a.jpg,-2.112018122e-09
2512683710_991c9d466d.jpg,-1.024700296e-08
3687995245_624b54090d.jpg,-3.30883324e-09
2299427360_422a3fb8b0.jpg,-2.339933629e-09
136639119_6040b00946.jpg,1.176491082e-09
1975171469_84e425f61b.jpg,-1.271265171e-09
2271667421_7b21fc23b8.jpg,-4.851524333e-10
2176874361_2b4149010b.jpg,2.840006612e-09
3532587748_7e64bb223a.jpg,-2.792629884e-09
3403263046_3cc701a07a.jpg,-4.538162167e-09
3116731299_6139b25c18.jpg,4.466167992e-09
2165459064_5b81ff23eb.jpg,5.430334011e-10
254295381_d98fa049f4.jpg,-6.105608737e-10
3368207495_1e2dbd6d3f.jpg,-2.326706124e-09
2658360285_a0ec74ef48.jpg,2.742272521e-09
1426014905_da60d72957.jpg,2.255242958e-09
709373049_15b8b6457a.jpg,2.54169268e-09
1620397000_3883e3ecd3.jpg,-2.319014957e-09
2708582445_5e5999b956.jpg,-4.372852566e-09
1798215547_ef7ad95be8.jpg,4.32275541e-09
3143953179_1c08c023a5.jpg,2.369498641e-09
2419186511_f0ce5f9685.jpg,-2.743651995e-09
55470226_52ff517151.jpg,3.29323389e-11
160585932_fa6339f248.jpg,2.071327885e-09
3126795109_73920ed5dc.jpg,1.356181626e-11
241347243_c751557497.jpg,-1.02210711e-11
3530687486_6e6be53602.jpg,-3.335432424e-09
439916996_1ddb9dc8e7.jpg,6.130320078e-11
2354792215_eef2bdc753.jpg,4.679149139e-09
3543378438_47e2712486.jpg,5.402759371e-09
53043785_c468d6f931.jpg,7.701411824e-10
1321949151_77b77b4617.jpg,3.468881655e-09
2526585002_10987a63f3.jpg,1.098356609e-09
3346040664_5b584e6133.jpg,-3.890838412e-09
639120223_7db6bdb61f.jpg,9.172051065e-10
1084040636_97d9633581.jpg,5.905548709e-09
3553056438_4e611a7a2a.jpg,-3.008319135e-09
135235570_5698072cd4.jpg,1.279848452e-09
3254640083_eb34b8edfe.jpg,5.199652148e-09
3126724531_f483e1b92a.jpg,1.324890006e-09
3609032038_005c789f64.jpg,4.008831109e-09
3053916979_848d32261b.jpg,1.179626709e-10
3205839744_24504ba179.jpg,5.173696758e-09
86412576_c53392ef80.jpg,-4.392766862e-09
2472634822_7d5d2858c0.jpg,2.99525835e-09
272940778_a184dbea42.jpg,-1.237528944e-09
3182161610_4d349b257f.jpg,-4.77588758e-09
2661437618_ca7a15f3cb.jpg,-2.591250822e-09
2598012140_832863fcb9.jpg,1.050968234e-09
3724738804_f00748a137.jpg,1.493501799e-09
3425851292_de92a072ee.jpg,1.475840131e-09
2158247955_484f0a1f11.jpg,6.767775225e-10
2873188959_ff023defa9.jpg,-1.126287325e-08
3417102649_5c0b2f4b4d.jpg,6.161630161e-10
1501811302_5e723fc529.jpg,-9.843751763e-10
2201978994_c444e64810.jpg,-3.481125202e-09
3564157681_03a13b7112.jpg,2.162329469e-09
143688205_630813a466.jpg,1.401866593e-10
2708634088_a4686be24c.jpg,-7.789839836e-09
2249264723_d08655d9f2.jpg,-4.445007812e-09
3585123310_9a8e94bd2b.jpg,5.9544936e-10
3323952123_deb50b0629.jpg,-1.00786604e-09
488549693_a1f51d8c4a.jpg,-1.474507911e-09
3744832122_2f4febdff6.jpg,-9.388787915e-09
3335997221_254366c400.jpg,-3.02272749e-09
272283076_2d4aa1d5cf.jpg,6.148004938e-09
1460500597_866fa0c6f3.jpg,-4.230106962e-09
3176072448_b84c99cf7f.jpg,1.813175454e-09
2902661518_1513be3ea6.jpg,1.568162322e-11
143237785_93f81b3201.jpg,-3.14924707e-11
3355683198_715fb1a2ac.jpg,-1.628452853e-09
411175971_0fffd3b8c6.jpg,1.433174207e-09
2213113526_beeb4f9bdc.jpg,8.074535e-09
3276448136_0d9f5069c5.jpg,3.043065926e-09
3604928725_58147c87cd.jpg,-2.336260656e-09
1273001772_1585562051.jpg,-8.611008106e-09
169490297_b6ff13632a.jpg,-2.881035344e-10
2346189044_546ed84aa9.jpg,1.867907314e-09
2223382277_9efa58ec45.jpg,-7.845307734e-09
733172023_5810350af6.jpg,-1.338830376e-09
968081289_cdba83ce2e.jpg,3.258725124e-09
3477712686_8428614c75.jpg,-2.34339375e-09
3197247245_9c93b60b8a.jpg,3.263972332e-09
2541104331_a2d65cfa54.jpg,-5.188196104e-09
2836553263_b1a08c25ea.jpg,-5.975699562e-09
311196733_03966b4836.jpg,-2.179623963e-08
3157622277_9f59b4f62f.jpg,3.977582823e-09
537359971_6e28f5e66e.jpg,-3.309674027e-10
2788945468_74a9618cfa.jpg,-8.346891585e-10
3005872315_e6771763bd.jpg,3.118159583e-09
2928152792_b16c73434a.jpg,-1.385046351e-09
3459419203_cd7c68ce4d.jpg,3.790143622e-09
2939475047_84585ea45c.jpg,-3.556570255e-10
2567812221_30fb64f5e9.jpg,-3.008191718e-09
3535372414_4c51c86fc4.jpg,-1.253903923e-09
3120266797_47e7d91614.jpg,3.586176297e-09
3088322308_b0c940b3a3.jpg,-8.325521628e-09
416788726_5b4eb1466e.jpg,-1.477521171e-09
2578289278_01516d23a0.jpg,1.873187921e-09
70995350_75d0698839.jpg,9.561813142e-09
1191338263_a4fa073154.jpg,1.14311347e-09
3522749949_fb615cee47.jpg,-3.143476858e-09
3151365121_e2a685a666.jpg,1.296592811e-09
1523800748_a59e980eee.jpg,1.706351686e-09
3713324467_104d72f7db.jpg,-1.208553884e-09
2333584535_1eaf9baf3e.jpg,-4.686278954e-09
3627679667_0e3de9fc90.jpg,2.044022093e-09
2765747519_2b851e01d6.jpg,4.291182987e-09
1539166395_0cdc0accee.jpg,3.458780434e-09
3335773346_ac0d97efeb.jpg,5.173519111e-11
2894576909_99c85fd7a7.jpg,-3.791566635e-09
3220161734_77f42734b9.jpg,6.312324819e-09
2987775031_3f9ac69319.jpg,9.033723392e-09
2490687446_9d46fdf5a9.jpg,4.313644702e-09
3512127856_18a4c7aace.jpg,-3.346748422e-09
2935703360_4f794f7f09.jpg,-2.158745107e-09
384465370_9918873f9a.jpg,2.439845617e-09
3360994630_d4616c1b14.jpg,-3.839408834e-09
345284642_77dded0907.jpg,6.205073398e-09
2410040397_1a161a1146.jpg,1.75454094e-09
874665322_9ad05c4065.jpg,2.100546645e-09
3474330484_a01d8af624.jpg,4.704251256e-09
2418191216_82711d5c5c.jpg,9.300761089e-09
2460134050_06de9f5c4a.jpg,3.43508244e-09
111537222_07e56d5a30.jpg,3.023052817e-10
295433203_8185c13e08.jpg,2.625529633e-09
241347460_81d5d62bf6.jpg,-1.949850113e-09
3549583146_3e8bb2f7e9.jpg,-4.244950748e-09
251586160_a31b187a37.jpg,-4.582478345e-10
3194134352_bc1b2a25d7.jpg,1.234955859e-09
3155657768_b83a7831e5.jpg,-7.037620791e-10
2522467011_cc825d89ac.jpg,7.053750414e-09
759015118_4bd3617e60.jpg,6.192189605e-09
802594049_289e3c8420.jpg,-9.814410919e-09
3133044777_8cc930a4ec.jpg,-3.150739641e-10
2532262109_87429a2cae.jpg,-8.749175091e-09
2315807231_6948b3f3a5.jpg,-5.059127358e-09
1028205764_7e8df9a2ea.jpg,-3.590792021e-09
498748832_941faaaf40.jpg,2.511837887e-09
3326376344_3306bf439e.jpg,1.137953034e-08
2600170955_bf30c5d5c0.jpg,1.105453515e-09
506738508_327efdf9c3.jpg,2.52679222e-09
3725353555_75c346d7ec.jpg,5.651150907e-10
3529211822_1dabdb3a9c.jpg,-2.481375667e-09
3217909454_7baa0edbb2.jpg,7.115637322e-10
3523471597_87e0bf3b21.jpg,-2.508248565e-09
3374759363_d6f7a0df41.jpg,3.419866358e-09
2555638166_2f0847d57d.jpg,8.796066051e-10
2813033949_e19fa08805.jpg,2.401257268e-09
3713133789_f05e8daffd.jpg,-6.087562051e-09
3227594168_3351722aae.jpg,-5.819109429e-09
3535284878_f90f10236e.jpg,-1.51020222e-08
2986716822_e220754d32.jpg,1.024392537e-08
3547647914_4dd56a8c1b.jpg,8.835114838e-09
2822148499_eaa46c99d4.jpg,-2.082509871e-09
3107463441_7c68606450.jpg,-2.809614171e-09
2286235203_af3cd8f243.jpg,-8.752144595e-09
2265367960_7928c5642f.jpg,4.636243959e-09
3394654132_9a8659605c.jpg,-1.590624585e-11
2896668718_0c3cff910f.jpg,-2.557047202e-09
3223224391_be50bf4f43.jpg,-6.947971892e-10
2260369648_e21ae6494a.jpg,-2.328379307e-09
2918769188_565dd48060.jpg,-3.903509663e-09
2673564214_3a9598804f.jpg,4.983039017e-09
308307853_5a51fbdecc.jpg,1.436223467e-09
3561433412_3985208d53.jpg,6.420079355e-10
2623982903_58ec7c5026.jpg,3.524789062e-09
241347689_d0b1ac297d.jpg,-1.997291644e-09
1351315701_6580b51c41.jpg,-1.0320232e-09
3134341610_3c55e373a7.jpg,-8.35528128e-09
2218609886_892dcd6915.jpg,1.134987478e-09
2503629305_055e9ec4b1.jpg,8.433535384e-09
456299217_b2802efbc2.jpg,3.751002711e-09
3315323307_bd148a8964.jpg,-4.769473566e-09
3068735836_872fba3068.jpg,7.228115214e-09
3431487300_0123195f9b.jpg,-2.838292579e-09
3582048078_7bac2d8473.jpg,1.447701204e-10
2198494923_8159551be4.jpg,6.42090062e-09
3065468339_4955e90fd3.jpg,-1.083683971e-09
3647750811_395fbd397e.jpg,4.155315525e-09
3544793763_b38546a5e8.jpg,-1.430846533e-09
365128300_6966058139.jpg,-1.677724593e-09
3561130207_d1ed166daa.jpg,9.124312583e-09
1348891916_ebd4413033.jpg,1.6006464e-09
395461421_c586b136de.jpg,-2.941657956e-09
3187364311_4c2a87083b.jpg,2.346435666e-10
57422853_b5f6366081.jpg,7.209577855e-09
3139118874_599b30b116.jpg,-7.422150547e-10
3474999131_788cbf253f.jpg,2.185333494e-09
3496983524_b21ecdb0c7.jpg,-6.65307581e-09
2679926555_b11cf45595.jpg,3.397260736e-09
3344948183_5b89379585.jpg,3.249893805e-09
3155279929_d1cddbe7cf.jpg,-1.949286012e-09
2756765580_9e57e10f0d.jpg,-2.328125314e-09
3174156702_95a1cda2d9.jpg,9.232536311e-10
3477715432_79d82487bb.jpg,-9.577390967e-10
2178306830_6af49375b4.jpg,-3.099498311e-09
2107837987_ffecfc367a.jpg,-3.03925318e-09
3667822570_d39850e217.jpg,-2.040507647e-09
762947607_2001ee4c72.jpg,-1.612118296e-09
325005410_e1ff5041b5.jpg,-6.059182831e-09
2086532897_b8714f2237.jpg,6.627696611e-10
3386375153_20c56d0aae.jpg,-1.198803687e-09
458213442_12c59e61a0.jpg,-9.113294605e-10
2280354512_c0d035d53f.jpg,3.308825571e-09
109671650_f7bbc297fa.jpg,-3.650429945e-10
468141298_3154d717e1.jpg,-4.723342098e-10
2053733930_e245615ad4.jpg,-3.275018852e-09
2452238877_2340609c6e.jpg,7.40942411e-09
3568197730_a071d7595b.jpg,-8.678755036e-10
2573625591_70291c894a.jpg,6.621052643e-09
3673032164_6c6843de87.jpg,-1.029275847e-08
2910758605_73a3f5a5c2.jpg,1.419507618e-09
1022975728_75515238d8.jpg,3.402031445e-09
2222498879_9e82a100ab.jpg,2.220265603e-10
2319087586_919472310f.jpg,-5.677710735e-09
3406802138_ef77bbddd0.jpg,7.635024985e-09
3402081035_a54cfab1d9.jpg,2.456778335e-09
3279228339_71deaa3d9b.jpg,5.133119711e-09
2920969723_83918fe909.jpg,-3.561289908e-09
3171451305_f87b9e09ee.jpg,-1.965200821e-09
2909955251_4b326a46a7.jpg,1.865692103e-09
1413956047_c826f90c8b.jpg,1.533166406e-09
3016651969_746bd36e68.jpg,-7.560621805e-09
2594042571_2e4666507e.jpg,-3.462274269e-09
2866529477_7e0c053ebc.jpg,7.883199936e-10
2947452329_08f2d2a467.jpg,-3.929619974e-09
3478176372_7c510a0cef.jpg,5.627427367e-10
3454754632_977c1523be.jpg,-1.269309477e-10
3405720825_b6991005eb.jpg,-2.046951055e-09
2831314869_5025300133.jpg,-3.324698958e-09
2624457062_89efc497a8.jpg,2.614111733e-09
57417274_d55d34e93e.jpg,1.80802986e-09
3273969811_42e9fa8f63.jpg,-8.415802755e-09
2771424045_1fdf9617eb.jpg,2.975014123e-09
2086678529_b3301c2d71.jpg,3.742086728e-09
3589367895_5d3729e3ea.jpg,-6.064240263e-10
3698944019_825ef54f2f.jpg,2.13062402e-09
3396036947_0af6c3aab7.jpg,-1.096643997e-09
2254913901_569f568926.jpg,-5.913894524e-09
463875230_f19e83d6df.jpg,7.080212708e-09
3099504809_565e17e49d.jpg,-6.470944036e-09
2856923934_6eb8832c9a.jpg,-8.443945003e-09
3016759846_062663f8ab.jpg,-7.492504589e-09
3527715826_ea5b4e8de4.jpg,4.090343994e-09
247691240_3881777ab8.jpg,-5.173111711e-09
2542662402_d781dd7f7c.jpg,-1.680013555e-09
2861932486_52befd8592.jpg,-6.881617615e-09
2429978680_1e18a13835.jpg,-1.176120864e-09
2972864304_481aeffe50.jpg,-4.401903991e-09
661755629_602ea4cf09.jpg,3.595468567e-09
1778020185_1d44c04dae.jpg,3.933698168e-09
3716244806_97d5a1fb61.jpg,4.04511228e-09
3526805681_38461c0d5d.jpg,3.708678785e-09
566921157_07c18a41e2.jpg,5.957773088e-10
2761599088_8b39cc5f41.jpg,-1.238423318e-09
352981175_16ff5c07e4.jpg,1.752189631e-09
3518126579_e70e0cbb2b.jpg,1.838983728e-09
2504764590_cf017c2a6e.jpg,-7.402746265e-10
3632572264_577703b384.jpg,4.907321184e-10
380537190_11d6c0a412.jpg,-1.760210972e-09
3372022051_132b8e6233.jpg,2.933557002e-09
533979933_a95b03323b.jpg,-2.91132009e-09
2708686056_1b8f356264.jpg,7.450273174e-10
3410902181_b2a3c6eec9.jpg,-2.072933955e-09
3286198467_8880be127e.jpg,-2.793573611e-09
3528966521_2e871ff6a1.jpg,-1.316202923e-08
2886533440_dfa832f2fa.jpg,3.743560306e-09
3154709407_9b0778cbeb.jpg,-7.946659273e-10
2257798999_d9d1b9a45a.jpg,-6.329630993e-10
3378553508_e37e281d25.jpg,2.445626266e-09
3144705706_391d7b77c7.jpg,-3.961809036e-09
3363836972_c87b58c948.jpg,-8.507126346e-10
1258913059_07c613f7ff.jpg,6.990754483e-09
2244171992_a4beb04d8e.jpg,-5.241860728e-10
3262475923_f1f77fcd9f.jpg,1.363480661e-09
3242919570_39a05aa2ee.jpg,6.982427776e-10
1042020065_fb3d3ba5ba.jpg,-5.38383882e-09
2978271431_f6a7f19825.jpg,-8.726257646e-09
3430607596_7e4f74e3ff.jpg,7.618633357e-09
1501985304_8c50093004.jpg,1.584006767e-09
3287969199_08e775d896.jpg,-3.22593794e-09
3545652636_0746537307.jpg,-4.667304765e-09
1295669416_21cabf594d.jpg,1.275239349e-09
2992614450_b5a6692239.jpg,3.49313754e-09
3683644335_b70bed1d83.jpg,3.139887665e-09
3330007895_78303e8a40.jpg,-5.094977398e-09
537230454_1f09199476.jpg,-4.803662352e-09
3386060324_b98fdfa449.jpg,-4.447216793e-09
754852108_72f80d421f.jpg,6.741165638e-10
3482974845_db4f16befa.jpg,7.646837748e-09
3175434849_859f09fe07.jpg,-3.124199969e-09
2786245676_0a69543832.jpg,4.19739613e-09
2256320794_0286c31bfa.jpg,-5.151366464e-09
3545793128_af3af544dc.jpg,-7.457616095e-10
2899276965_a20b839cfd.jpg,4.388860307e-09
3122497129_d08f5729b8.jpg,4.647799074e-09
2591486448_48d5438343.jpg,-3.344367468e-09
3163281186_e2f43dfb5f.jpg,1.271788025e-09
341665272_80d4d61376.jpg,-4.135185779e-09
3517040752_debec03376.jpg,-1.912141448e-09
3210419174_d083a16f77.jpg,8.490281562e-10
719837187_3e7bf1d472.jpg,1.731631784e-09
2734219983_fe86a60bf9.jpg,1.273995308e-09
327621377_0bc3b7fd26.jpg,-1.905599124e-09
2046222127_a6f300e202.jpg,2.228345977e-09
2616508003_fa5ca5780d.jpg,2.843745763e-09
241347150_5ff37818c2.jpg,7.937618799e-09
1662261486_db967930de.jpg,-2.035336682e-10
256292144_b53aadae27.jpg,-1.972618709e-10
3267644370_f2728d6c7a.jpg,6.406757662e-09
3568505408_4e30def669.jpg,-4.59229953e-10
90011335_cfdf9674c2.jpg,-5.555858918e-09
3296715418_29542dcdc2.jpg,7.279128157e-10
381052465_722e00807b.jpg,3.871519554e-10
2652155912_8ba5426790.jpg,1.20854199e-09
3186863842_5832573c5e.jpg,-2.462659406e-09
236730743_0d4fd8de5a.jpg,8.573086939e-11
3168123064_d1983b8f92.jpg,3.766812514e-09
3187492926_8aa85f80c6.jpg,-1.618046795e-09
3688005475_d200165cf7.jpg,-2.888008298e-09
3577309234_c952c2af86.jpg,-1.386600541e-09
2930514856_784f17064a.jpg,-1.489750948e-09
232193739_ed5f348c7a.jpg,4.082943564e-09
3257277774_aba333a94c.jpg,1.171273359e-08
3759492488_592cd78ed1.jpg,3.013219981e-09
2110898123_07729c1461.jpg,4.075001736e-09
397815951_3b02090324.jpg,-3.56004801e-09
3057862887_135c61816a.jpg,-6.144751768e-10
2847615962_c330bded6e.jpg,-3.937579795e-09
1309330801_aeeb23f1ee.jpg,-1.533521154e-09
2294516804_11e255807a.jpg,-8.604683323e-09
513269597_c38308feaf.jpg,3.288044128e-09
3307978046_92fef4dfa9.jpg,2.328202327e-09
2405599120_ec5f32af6f.jpg,2.649626697e-09
3243588540_b418ac7eda.jpg,3.037811208e-09
3320680380_b0d38b3b4a.jpg,-3.214616604e-09
3204922011_185e48949a.jpg,-1.568929232e-09
3123463486_f5b36a3624.jpg,5.471370052e-09
2752230113_b5dab6f0f1.jpg,2.708641663e-09
3292277400_f95cdd13d1.jpg,3.57436829e-09
506478284_7cf8bdbe36.jpg,-9.259241192e-10
1982852140_56425fa7a2.jpg,-1.923485375e-09
1429814475_0b592b9995.jpg,4.907579899e-09
2339946012_06bd480ab8.jpg,2.652180344e-09
1131800850_89c7ffd477.jpg,1.342238354e-10
3425685827_03683e8e5a.jpg,-2.462868345e-10
2021613437_d99731f986.jpg,-8.493840458e-10
116409198_0fe0c94f3b.jpg,-3.375197802e-09
3207264553_8cd4dcde53.jpg,-5.943151252e-10
3165750962_e2e3843679.jpg,-3.595667235e-09
2984704498_29b53df5df.jpg,2.044215424e-09
2858759108_6e697c5f3e.jpg,-6.29497309e-09
3185695861_86152b2755.jpg,4.526573081e-09
245252561_4f20f1c89e.jpg,-8.382423107e-10
3034585889_388d6ffcc0.jpg,-2.890443411e-09
3565654691_22b97d3994.jpg,-1.693970834e-09
2187503678_fd743e0a00.jpg,2.381202268e-09
2420730259_86e7f8a815.jpg,-4.675358859e-09
441398149_297146e38d.jpg,9.762941835e-10
524698457_77ba13840a.jpg,1.497170285e-09
3417143124_6feb8290cc.jpg,1.737059139e-09
2098646162_e3b3bbf14c.jpg,4.985129193e-09
2687672606_275169c35d.jpg,-1.396899179e-08
3087095548_6df7c2a8ed.jpg,5.58838214e-09
3527590601_38d56abc29.jpg,-1.136397154e-09
1470132731_fa416b7504.jpg,-8.280220685e-09
3271084924_4778d556cc.jpg,3.024887903e-09
504765160_b4b083b293.jpg,4.580855853e-09
2800758232_d7fa598065.jpg,1.604607363e-09
3459362347_c412ef9901.jpg,7.810838132e-09
3198247669_7493af04a7.jpg,-2.436659843e-09
2694426634_118566f7ab.jpg,4.402711377e-09
2873522522_829ea62491.jpg,4.483083622e-10
300539993_eede2d6695.jpg,2.27812382e-10
3411595210_8e0893b266.jpg,-5.287760334e-09
3049770416_0fb1954315.jpg,-8.998108614e-10
3419916411_72934edcdb.jpg,-8.283187587e-10
3470008804_0ca36a7a09.jpg,1.95882221e-09
150582765_bad8dec237.jpg,-1.594264099e-09
252578659_9e404b6430.jpg,4.489366901e-09
2363006088_b3e3aa5c0b.jpg,-4.238166361e-09
2710698257_2e4ca8dd44.jpg,1.032768387e-08
451597318_4f370b1339.jpg,-7.128084081e-09
3560891822_7d4c1e3580.jpg,-1.150913198e-09
3572267708_9d8a81d4a4.jpg,3.077966226e-09
2439154641_bbf985aa57.jpg,2.591997858e-09
2660008870_b672a4c76a.jpg,5.276914856e-09
314904143_5a216a192b.jpg,-2.427621365e-09
2225241766_f1e7132e3e.jpg,-5.167895564e-09
95728664_06c43b90f1.jpg,-5.065295246e-09
2246717855_c0c08fe5d2.jpg,-3.051833185e-09
224766705_b77996527f.jpg,-2.734136909e-09
3601978895_9fec23ce0c.jpg,-7.980325837e-10
495054019_3dee8a02f5.jpg,-7.589093433e-10
2053777548_108e54c826.jpg,-2.870513346e-09
354642192_3b7666a2dd.jpg,-5.767082364e-09
1584315962_5b0b45d02d.jpg,4.388832094e-10
1597319381_1e80d9e39c.jpg,2.966253089e-09
2909875716_25c8652614.jpg,7.527078837e-09
2744690159_fe2c89e55b.jpg,-3.011277601e-10
129599450_cab4e77343.jpg,-2.726940516e-09
3258874419_23fec1bdc1.jpg,2.405301991e-09
2500826039_165e75b20c.jpg,-1.790798548e-09
538825260_a4a8784b75.jpg,-1.117938868e-09
3232030272_b2480a5fe7.jpg,-3.390750134e-09
403523132_73b9a1a4b3.jpg,3.508882608e-09
23445819_3a458716c1.jpg,3.560260106e-09
3701509233_a2275a4e57.jpg,2.055709534e-09
2719102611_fef453bf30.jpg,-4.035079661e-09
255091927_2eb643beb2.jpg,7.015691686e-10
3426724811_137855b4f7.jpg,-2.736894945e-09
3373069977_bc73e9e409.jpg,-2.698565718e-09
3534512991_f9fd66f165.jpg,3.521295497e-10
3387630781_f421a94d9d.jpg,5.096958591e-09
3389448506_7025e7cc12.jpg,-5.595911263e-10
2907244809_07ab2c6b6c.jpg,2.633734258e-09
3427301653_4ff0d6fd93.jpg,-3.461611697e-09
2073174497_18b779999c.jpg,4.717283442e-09
2136455112_202c093ba4.jpg,-4.864144778e-09
3672944692_8d24a44fc6.jpg,-1.19376475e-09
1255504166_f2437febcb.jpg,4.806178553e-09
236095031_5cb17dc54a.jpg,5.868495634e-09
3606942887_1159d92548.jpg,-6.830053706e-09
3696698390_989f1488e7.jpg,3.900012758e-09
427936315_0b8f7b8d23.jpg,-7.829460375e-09
2472250097_a3191a94b3.jpg,4.056797407e-09
2665904080_8a3b9639d5.jpg,-1.033575512e-10
3259160693_067ec7ebc3.jpg,1.136915876e-09
3222496967_45d468ee66.jpg,6.591788846e-10
2789688929_9424fceed1.jpg,-1.048000998e-09
1962729184_6996e128e7.jpg,1.196313262e-09
343073813_df822aceac.jpg,1.414347214e-09
3086790344_9487c58624.jpg,1.981690383e-09
2710563762_06d48329d7.jpg,1.175934791e-09
2271264741_aa8f73f87c.jpg,-5.464740343e-10
3283913180_7d4e43602d.jpg,-2.782448837e-10
3535304540_0247e8cf8c.jpg,5.906858914e-09
2949337912_beba55698b.jpg,-2.751629411e-08
2855594918_1d1e6a6061.jpg,-2.943435027e-09
3477672764_7f07657a26.jpg,-5.089604366e-09
3704995657_e2e114083d.jpg,-5.266939283e-09
2095435987_1b7591d214.jpg,5.964590511e-09
3401039304_424ffc7dbf.jpg,6.850832094e-09
2729655904_1dd01922fb.jpg,-9.336848601e-11
2515247156_c1b759fc33.jpg,4.32581703e-09
3671950830_b570bac1b9.jpg,-7.266848699e-10
3421129418_088af794f7.jpg,-1.228285456e-08
3403797144_53e49412ec.jpg,2.84922007e-09
3223973114_6c15538ce9.jpg,1.957257776e-09
2812590023_50182bc417.jpg,4.154471992e-09
2445442929_8c81d42460.jpg,4.163309074e-09
2204695848_3d1b140212.jpg,-1.067198138e-10
3724581378_41049da264.jpg,-2.366227444e-09
3458577912_67db47209d.jpg,4.097027965e-09
3384528359_e920154177.jpg,-8.671956197e-09
1463732130_a754441289.jpg,-2.110292844e-10
2775249812_f4db95e818.jpg,1.877042231e-09
3216926094_bc975e84b9.jpg,8.919059946e-09
3211289105_e0360a9c7f.jpg,-4.684732798e-09
2265096094_8cc34d669c.jpg,-1.885572765e-10
3217266166_4e0091860b.jpg,3.236668917e-09
469021173_aa31c07108.jpg,-9.659540994e-09
2707873672_15e6b5d54b.jpg,-1.461207591e-09
2148991939_3b9fd6c439.jpg,2.553623648e-09
3638908276_b1751d30ff.jpg,2.176591386e-09
3610687607_895fdc94bd.jpg,-7.302392587e-09
696663662_232edd58af.jpg,3.993734981e-09
3030824089_e5a840265e.jpg,3.157928642e-09
2707969386_94dde00ce4.jpg,-3.191301555e-09
3643684688_2f7157b23d.jpg,4.568729163e-09
3286111436_891ae7dab9.jpg,-3.47129336e-09
2991994415_504d1c0a03.jpg,2.913877089e-10
2921112724_5cb85d7413.jpg,-3.873863107e-09
248646530_03c6284759.jpg,1.457692214e-09
2017276266_566656c59d.jpg,2.884283232e-09
501650847_b0beba926c.jpg,2.599591847e-09
138718600_f430ebca17.jpg,-1.118652209e-09
3240351042_5d29c94b0e.jpg,1.079047441e-09
3286406057_a1668655af.jpg,-2.836324994e-09
241347611_cb265be138.jpg,-7.143776646e-09
3563871276_c8b2a00df5.jpg,3.500017504e-09
3399312265_9c74378692.jpg,3.533933679e-10
2291511815_ac083fddbd.jpg,2.948256611e-12
582788646_dc40748639.jpg,8.583945133e-10
1352398363_9cc8ffcce9.jpg,-1.53665921e-10
3394750987_a32ecc477e.jpg,-1.93809247e-09
2863027424_9c75105660.jpg,6.345798702e-09
2247889670_413db8094b.jpg,3.992983101e-10
3046286572_d2050ab0d9.jpg,1.842508735e-09
3730457171_e66dde8c91.jpg,5.809734218e-10
386160015_d4b31df68e.jpg,-3.938070872e-09
422756764_e7eaac76bf.jpg,7.26656814e-09
339350939_6643bfb270.jpg,-2.391223494e-10
2281006675_fde04e93dd.jpg,2.459771108e-09
3081182021_22cfa18dd4.jpg,9.097948868e-09
2822891602_ff61df2ece.jpg,8.71499397e-10
3277162496_dff7eeb59e.jpg,-1.079849235e-10
1389651420_8d95d8f6ed.jpg,1.654801477e-09
2205088706_d7e633e00d.jpg,4.411674164e-09
2637959357_dd64a03efa.jpg,-8.870542779e-09
3404012438_9baf8dcbaf.jpg,1.995156886e-09
1998457059_c9ac9a1e1a.jpg,5.899300922e-10
2864340145_d28b842faf.jpg,4.283394001e-10
3385246141_a263d1053e.jpg,-1.640842858e-09
2396100671_3a9d67f03d.jpg,1.434804448e-09
2374570771_c395fc224a.jpg,-6.943224451e-09
3662871327_b128d25f04.jpg,-3.380200067e-09
1952896009_cee8147c90.jpg,-2.013363466e-09
2537583012_4a358a6a8a.jpg,-8.854582294e-10
3131990048_369b081021.jpg,1.21767286e-08
514431934_9cf78f05a9.jpg,3.159291075e-09
340425915_490293058f.jpg,5.575988917e-09
3179952488_c1c812a03b.jpg,4.701394952e-09
2654943319_d17fee7800.jpg,-9.09737476e-10
2534424894_ccd091fcb5.jpg,1.249770679e-08
2621771656_09a620da6d.jpg,-5.050331893e-10
223299142_521aedf9e7.jpg,-6.826925533e-10
3225058391_a12d38d911.jpg,9.786245178e-10
3188036349_8e4e2d6ca8.jpg,-8.98816614e-10
2484190118_e89363c465.jpg,-3.352664761e-09
512101751_05a6d93e19.jpg,3.442760207e-09
1356543628_c13ebe38fb.jpg,-1.336297548e-09
207930963_af3a2f1784.jpg,-2.848679284e-09
3265162450_5b4e3c5f1b.jpg,-4.593271569e-10
1234817607_924893f6e1.jpg,3.181348341e-09
3362871440_6c0f27c480.jpg,-3.389314289e-09
3396043950_12783c5147.jpg,-2.623341859e-09
2636876892_9353521a1c.jpg,1.243563131e-09
460935487_75b2da7854.jpg,7.438565346e-09
636503038_17ca82b50f.jpg,-3.77565954e-09
3634281981_d9cf1d1a33.jpg,8.724339423e-09
2873065944_29c01782e2.jpg,-1.080858366e-09
492493570_c27237a396.jpg,4.068712724e-11
3438981089_2ef1a6353c.jpg,1.126386266e-08
3666324102_18ecdf8253.jpg,1.405152669e-09
3029463004_c2d2c8f404.jpg,3.721717476e-09
2976946039_fb9147908d.jpg,-2.7606798e-10
3178300150_d4605ff02c.jpg,-2.438313331e-09
1514957266_a19827c538.jpg,-1.981280905e-09
3413973568_6630e5cdac.jpg,-2.927154457e-09
3185409663_95f6b958d8.jpg,1.153963724e-09
498404951_527adba7b8.jpg,8.265053965e-09
359837950_9e22ffe6c2.jpg,-8.433369169e-10
3535056297_e16f014cb7.jpg,4.230102601e-09
3242718240_3358f2d6e6.jpg,-1.95888156e-09
3500399969_f54ce5848f.jpg,5.339921198e-09
2552723989_7bc93e0f7b.jpg,-4.554998993e-09
2824004868_1fc0a81173.jpg,-4.145143255e-09
3094568845_d0b56c5651.jpg,4.479675642e-09
3035949542_cb249790f5.jpg,1.069942194e-09
299572828_4b38b80d16.jpg,-3.058281454e-09
3552435734_04da83b905.jpg,2.277475476e-09
2089542487_b4c1ee7025.jpg,5.868129362e-09
1390268323_2c8204e91c.jpg,4.827749761e-09
3684518763_f3490b647a.jpg,-2.668626833e-09
2279980395_989d48ae72.jpg,-2.99689122e-09
2130203183_49bae96b96.jpg,1.493069163e-09
618292739_0fdc2ccab0.jpg,4.081623663e-09
3721881082_afe9fc734e.jpg,-5.560779357e-09
3333921867_6cc7d7c73d.jpg,-1.060602531e-08
3589267801_5a222e3a60.jpg,-5.94952658e-10
3527184455_1a9c074ff2.jpg,9.522757897e-09
3480379024_545e8ec818.jpg,-1.194283466e-08
2693425189_47740c22ed.jpg,5.172902857e-10
322791392_aa3b142f43.jpg,-8.286914464e-10
136644885_f7d2bbf546.jpg,1.985833504e-09
390992388_d74daee638.jpg,-2.332849082e-09
639865690_d66d480879.jpg,3.064166499e-09
2971478694_79e46ea7e5.jpg,4.87950032e-10
2244551043_21b8cca866.jpg,6.830156773e-09
2998504949_1022fec53b.jpg,4.639389934e-09
1247181182_35cabd76f3.jpg,-3.915180355e-09
2356664078_4b1e6e465d.jpg,3.973023755e-09
1368338041_6b4077ca98.jpg,4.416193929e-09
783994497_4f6885454d.jpg,-9.539320298e-10
3261666285_86fceb762d.jpg,2.409034936e-09
3484832904_08619300d9.jpg,8.033579477e-09
2229509318_be3fef006b.jpg,1.170161069e-08
1229756013_94663527d7.jpg,-2.140555219e-09
2448270671_5e0e391a80.jpg,4.427391386e-09
3415113018_7b95ddcd11.jpg,-1.547874786e-09
448590900_db83c42006.jpg,2.901473502e-09
228949397_9e63bfa775.jpg,-1.404621596e-10
3561537309_e271d57492.jpg,5.343039544e-10
3475005101_6f6e437459.jpg,1.028008393e-09
753578547_912d2b4048.jpg,-6.951873247e-10
3429194423_98e911a101.jpg,-5.681232644e-09
3529721084_4b405baf54.jpg,2.693733617e-09
694496803_f2a05869cf.jpg,3.485983788e-09
3228517564_74b00a923b.jpg,-1.89944706e-09
2218843713_cf28ea319e.jpg,-1.148711416e-09
2782433864_5a0c311d87.jpg,4.712619174e-09
2218519240_cac5aab53c.jpg,3.58767777e-10
3266261886_36e1323d2f.jpg,8.946224104e-09
2354829523_9542fc74ba.jpg,-1.350511006e-09
3650986674_3e101c606b.jpg,-7.873559405e-10
501684722_0f20c4e704.jpg,1.516164469e-09
3282634762_2650d0088a.jpg,5.989383596e-09
3279025792_23bfd21bcc.jpg,3.399987118e-09
3351586010_7ffaa90ea8.jpg,-1.761718647e-09
3562302012_0cbcd01ff9.jpg,-4.477881702e-10
3255620561_7644747791.jpg,-3.445338765e-09
3341782693_426bf7139b.jpg,2.060223075e-09
2084217208_7bd9bc85e5.jpg,2.832706715e-09
3159447439_c1496cbaea.jpg,-1.426107056e-10
2275372714_017c269742.jpg,-2.843395321e-09
367673290_f8799f3a85.jpg,9.494840219e-09
566397227_a469e9e415.jpg,4.388724057e-09
428483413_b9370baf72.jpg,-3.651833087e-09
708860480_1a956ae0f7.jpg,-1.126658073e-08
3423225860_16e26eef74.jpg,8.07024174e-10
2578395598_6982734d46.jpg,3.209428918e-09
2045109977_b00ec93491.jpg,4.342940329e-09
3512791890_eb065b460a.jpg,-1.191666169e-09
3564742915_5f940b95b4.jpg,-5.096432812e-09
3364258732_9942c557e5.jpg,-3.50552813e-09
222878446_32c6fc4bc9.jpg,2.099817829e-09
2992808092_5f677085b7.jpg,2.820115597e-10
1237985362_dbafc59280.jpg,8.751887319e-10
3169276423_6918dd4da1.jpg,2.526406884e-09
3680218298_582e6a2289.jpg,9.752369394e-09
521186251_e97d1f50f8.jpg,4.756033348e-09
2701603045_6cbdc4ce7c.jpg,3.171625699e-10
3173215794_6bdd1f72d4.jpg,-6.466768751e-09
2853743795_e90ebc669d.jpg,-6.386906666e-10
2607462776_78e639d891.jpg,-3.152266244e-09
2157173498_2eea42ee38.jpg,-3.04032505e-09
3638688673_176f99d7fd.jpg,-1.688138058e-09
3008370541_ce29ce49f0.jpg,-4.173019714e-09
2217728745_92b6779016.jpg,9.315514842e-09
369360998_ba56fb436f.jpg,5.581879428e-10
2882056260_4399dd4d7c.jpg,1.428306159e-09
1370773415_967b1ffde1.jpg,-3.078716072e-09
693164706_9624582e69.jpg,-7.573954279e-09
3449846784_278bc1ba92.jpg,-8.039035828e-09
3658427967_6e2e57458d.jpg,8.288619331e-09
3428038648_993a453f9e.jpg,4.665512571e-09
1579198375_84b18e003a.jpg,3.139746006e-09
2844747252_64567cf14a.jpg,-2.18744903e-08
2838619742_eed855d8a8.jpg,-2.310880201e-09
3741462565_cc35966b7a.jpg,-3.819967423e-09
3350671534_2a5d45a961.jpg,2.270905729e-09
3584561689_b6eb24dd70.jpg,-8.492404363e-09
2654514044_a70a6e2c21.jpg,1.490668065e-09
2526041608_a9775ab8d7.jpg,-5.812715062e-10
3677514746_26f5588150.jpg,1.662434279e-09
3122606953_a979dd3d33.jpg,7.594084766e-10
2839890871_4b7c7dbd96.jpg,3.736280618e-09
107582366_d86f2d3347.jpg,-4.426757583e-09
2977379863_2e8d7a104e.jpg,5.78982566e-09
170100272_d820db2199.jpg,2.738765531e-09
3165123595_8db9f918bf.jpg,-1.667928335e-09
1937262236_cbf5bfa101.jpg,-5.23105002e-09
3429351964_531de1bf16.jpg,4.005178636e-09
3103340819_46de7954a9.jpg,-2.375434957e-10
3612484827_0e479f9ee8.jpg,-7.314448784e-09
2435685480_a79d42e564.jpg,2.377985523e-09
862156271_3eacea90a8.jpg,5.738273099e-09
3229442620_fd47d01b59.jpg,2.040042609e-09
3511062827_cd87871c67.jpg,-4.360034918e-09
2807177340_bc85291df5.jpg,1.013679948e-08
3477681171_b1bb8b211d.jpg,-1.226188647e-09
2724485630_7d2452df00.jpg,-2.299081496e-09
2597873827_a5cb3e57ba.jpg,-3.014083663e-09
3564907603_14ccc655f1.jpg,-1.44167564e-09
3517023411_a8fbd15230.jpg,1.088700811e-09
2833431496_09d999db4d.jpg,1.212882663e-09
3109688427_d2e702456c.jpg,9.065806961e-10
3099923914_fd450f6d51.jpg,1.980920773e-09
93922153_8d831f7f01.jpg,-5.541266568e-09
2577972703_a22c5f2a87.jpg,-4.146546251e-09
2505360288_c972bd29c4.jpg,-4.971605334e-09
2085078076_b9db242d21.jpg,-2.479175146e-10
3254817653_632e840423.jpg,1.369921177e-09
2607099736_8681f601d9.jpg,-4.017206987e-09
3017220118_6a9212dfdb.jpg,-1.680742573e-09
3537920947_6c5a956f47.jpg,3.709042765e-09
1463732807_0cdf4f22c7.jpg,1.505082722e-09
2913207978_9e9624e249.jpg,2.017990671e-09
2596474836_79468f23a0.jpg,-1.114944376e-09
3329254388_27017bab30.jpg,1.231599674e-09
3498240367_cbd8c6efbf.jpg,-1.408573144e-09
3630102841_b4c3e00b2c.jpg,-3.093488806e-09
3349968447_b5d4a477b2.jpg,7.593591123e-09
2266061169_dfbf8f0595.jpg,-4.158889915e-10
2363419943_717e6b119d.jpg,-1.673898262e-09
241346352_c5a0ea43c6.jpg,5.394077157e-09
2890113532_ab2003d74e.jpg,6.783357413e-09
3450776690_38605c667d.jpg,4.556662971e-09
3515358125_9e1d796244.jpg,-1.198611262e-09
1299459550_1fd5594fa2.jpg,1.899928833e-09
268365231_a0acecdc45.jpg,-4.888742631e-09
481887827_f8975dabf1.jpg,2.982693839e-09
537559285_29be110134.jpg,4.084698269e-09
190965502_0b9ed331d9.jpg,-1.873601611e-09
3642220260_3aa8a52670.jpg,6.526249319e-09
1786425974_c7c5ad6aa1.jpg,-2.870912529e-09
448257345_ce149c2ea6.jpg,1.214476498e-09
3681575323_433d007650.jpg,-5.754027686e-09
1417882092_c94c251eb3.jpg,1.320615798e-09
487071033_27e460a1b9.jpg,4.150873922e-09
2555622234_3e531e4014.jpg,5.381259377e-09
130211457_be3f6b335d.jpg,-1.604641745e-09
278105206_df987b0ca0.jpg,-1.658181166e-09
2745441424_5659f6acc8.jpg,2.220025862e-09
3501313414_ae865b6fdf.jpg,-1.249022762e-10
3557316485_574a5f7a89.jpg,6.952052385e-09
246041128_bedb09ed74.jpg,-3.781294499e-09
3618908551_7fd2de5710.jpg,-6.364931739e-09
2647049174_0fb47cee2e.jpg,5.154829954e-09
2056930414_d2b0f1395a.jpg,3.045146135e-09
2354540393_a149722680.jpg,5.518244287e-09
211277478_7d43aaee09.jpg,-1.796576264e-09
539801139_7258ee437f.jpg,9.216920655e-09
2292406847_f366350600.jpg,-6.56353554e-09
210625425_fb1ef5d23b.jpg,-3.869614331e-10
1576185717_f841ddc3da.jpg,-6.459240432e-09
3431121650_056db85987.jpg,1.516762931e-09
1809796012_a2dac6c26b.jpg,6.142963329e-09
229978782_3c690f5a0e.jpg,1.15506074e-09
2911919938_6bb6587a36.jpg,2.933180027e-09
2076906555_c20dc082db.jpg,7.27613342e-11
3231751379_10ebf7150c.jpg,-1.94437021e-09
2858903676_6278f07ee3.jpg,7.043495344e-10
3613323772_d15cef66d1.jpg,-1.437783152e-09
2144050118_3e7d2e05b1.jpg,7.56519376e-09
2701895972_8605c4e038.jpg,9.27759671e-10
3208987435_780ae35ef0.jpg,2.396958309e-09
1235685934_be89b231fb.jpg,-3.856512532e-09
2384728877_48c85d58af.jpg,-3.853273656e-09
1418019748_51c7d59c11.jpg,1.651357946e-09
3143159297_6f2f663ea6.jpg,3.252861027e-09
321229104_3cbaf0f51c.jpg,-5.918782019e-10
3340575518_137ce2695f.jpg,1.666956767e-09
300274198_eefd8e057e.jpg,-5.231557114e-09
2099323664_bb20457f26.jpg,4.754391455e-09
3352791995_8db4979aca.jpg,2.21893289e-09
3379839396_0cd84b55f1.jpg,-3.900851016e-09
1432179046_8e3d75cf81.jpg,-5.983717001e-10
3532200762_b28c39d311.jpg,4.168490731e-09
2110692070_8aaaa1ae39.jpg,-3.443528835e-09
3347666612_659e6e2207.jpg,-2.608602434e-10
3472270112_0a7cb7b27c.jpg,4.057892319e-09
524031846_28b11bc0e5.jpg,8.84206848e-09
3341477531_4e37450f35.jpg,5.612540389e-09
3484842724_ef1124c87a.jpg,6.623246733e-10
491405109_798222cfd0.jpg,6.228826101e-10
3667157255_4e66d11dc2.jpg,3.467059392e-09
2299859649_07ca44a222.jpg,3.966691783e-09
3121521593_18f0ec14f7.jpg,4.716799371e-10
837919879_94e3dacd83.jpg,1.72520934e-09
3484625231_5b1a1a07b8.jpg,-2.048195344e-09
3030566410_393c36a6c5.jpg,5.713068323e-09
404702274_fa8b3fe378.jpg,-8.19921821e-10
3030294889_78b2ccbe51.jpg,1.213056924e-09
1547883892_e29b3db42e.jpg,-1.812386333e-09
1505686764_9e3bcd854a.jpg,-8.370714877e-09
2842849030_89548af61c.jpg,7.6056459e-10
3120648767_812c72eabe.jpg,2.594735222e-09
480505313_2dc686e5db.jpg,-1.551178157e-09
2092870249_90e3f1855b.jpg,-7.755876008e-09
2856524322_1d04452a21.jpg,1.670259652e-09
3571147934_d1c8af1d6e.jpg,-4.578089362e-09
3240558825_cd859d6230.jpg,6.453117306e-09
1379026456_153fd8b51b.jpg,-7.811374796e-09
3489774350_a94e6c7bfc.jpg,2.229351207e-10
3564007203_df2b8010f1.jpg,2.991881518e-09
239453674_0df7767208.jpg,-1.110524228e-09
3422394336_e465f60b7c.jpg,4.821268757e-09
3215081286_d55541aa6b.jpg,4.699862538e-09
255266148_7ba7df1a88.jpg,1.127483523e-09
3514297698_0512623955.jpg,-8.045697258e-09
3581818450_546c89ca38.jpg,2.472253573e-09
97406261_5eea044056.jpg,6.232158252e-09
3209966887_5b744bd050.jpg,-4.357613861e-09
2621415349_ef1a7e73be.jpg,9.341210075e-10
3072730593_b7322d2e05.jpg,-3.11733321e-09
255741044_1102982213.jpg,-5.966315659e-09
2602415701_7674eb19e4.jpg,-9.688315198e-10
3424424006_98f9d1921c.jpg,4.530504837e-09
3147758035_e8a70818cb.jpg,5.593582112e-09
3655074079_7df3812bc5.jpg,-3.043637507e-09
3359636318_39267812a0.jpg,-8.2483165e-10
3296226598_1c892c4351.jpg,2.19854148e-09
2247192427_5e106f24a9.jpg,-4.998446572e-10
2675397335_1dcdbd12f5.jpg,6.170126118e-09
3471571540_b4ab77f20d.jpg,9.267000115e-09
2162469360_ff777edc95.jpg,-4.142397101e-09
3627011534_485f667b10.jpg,-3.837551748e-09
2831723637_30d4456665.jpg,2.3008623e-09
3018304737_0a46fc5f1d.jpg,-5.355834921e-09
3166969425_b5ace2f9c2.jpg,-2.469950218e-09
3200120942_59cfbb3437.jpg,9.845497465e-09
1685990174_09c4fb7df8.jpg,-7.37985459e-09
2480850054_de3433b54a.jpg,-4.85364857e-10
3350786891_6d39b234e9.jpg,-4.566128303e-09
3724759125_2dc0e1f4a3.jpg,-5.683620999e-09
2396746868_0727e06983.jpg,-5.712275169e-09
3671851846_60c25269df.jpg,-4.375642024e-09
1348947380_14f0fc1237.jpg,-1.312576049e-09
1253275679_e955fb7304.jpg,-4.335192167e-09
3347500603_13670ee6bf.jpg,-3.528247894e-10
1410193619_13fff6c875.jpg,3.36385505e-09
3174196837_800689a2f3.jpg,-1.703625159e-09
1067790824_f3cc97239b.jpg,-3.170376555e-09
1468389504_c724bdcad0.jpg,9.47267206e-10
3309042087_ee96d94b8a.jpg,-1.005220837e-09
421316045_ae7a1eb4bc.jpg,-4.001765486e-09
483136916_16976f4902.jpg,-1.060681747e-09
3549464203_8ab9c6160b.jpg,-3.737682607e-09
3739833689_a0038545bd.jpg,-5.627003752e-11
3640443200_b8066f37f6.jpg,2.143540066e-09
3339558806_b4afdc8394.jpg,2.479323648e-09
3270273940_61ef506f05.jpg,-2.868142446e-10
427557693_1108566fd2.jpg,-6.22835568e-09
2883950737_3b67d24af4.jpg,3.082059309e-09
3222842866_cb85243ce4.jpg,9.301177664e-10
2518219912_f47214aa16.jpg,1.386564693e-09
2805101709_1c8916f63a.jpg,-3.071172886e-10
143688895_e837c3bc76.jpg,4.135609884e-09
241345844_69e1c22464.jpg,9.030360977e-09
223299137_b0e81ac145.jpg,4.266907887e-09
3237760601_5334f3f3b5.jpg,-4.087828656e-09
3092756650_557c5f2d03.jpg,7.434704079e-09
1287073593_f3d2a62455.jpg,-1.282732925e-09
3440160917_4524cfd9f6.jpg,7.634917055e-09
442918418_0f29c97fa9.jpg,1.446553762e-09
2874728371_ccd6db87f3.jpg,-9.275180954e-10
2603033456_3584d95116.jpg,3.21207556e-09
3468023754_8a07d4c56e.jpg,4.457854626e-09
3427614912_b147d083b2.jpg,-2.081394907e-10
3465473743_7da0c5d973.jpg,-2.437734753e-09
3247423890_163f00a2cb.jpg,-4.357382878e-09
2978409165_acc4f29a40.jpg,2.56732536e-09
2271955077_0020b4ee0d.jpg,1.572125829e-09
261490838_2f3ac98b12.jpg,2.266176151e-09
336551615_a01418bc53.jpg,4.058379873e-09
2804374083_311f98f5f2.jpg,1.62164339e-09
328916930_e4d4be1730.jpg,4.278842994e-09
1197800988_7fb0ca4888.jpg,4.757459043e-09
294353408_d459bdaa68.jpg,6.749683806e-09
310213587_778fe8fb5b.jpg,1.044930753e-08
3524519277_bd0c3e7382.jpg,2.500042111e-09
2102581664_5ea50f85c6.jpg,-3.971477642e-09
2813784259_d201044d71.jpg,1.671071483e-09
3080891382_edf83dde18.jpg,2.091378458e-09
1290894194_8a4ffdc7eb.jpg,-2.753496479e-09
3361990489_92244a58ef.jpg,-6.797427861e-09
377872672_d499aae449.jpg,1.359011772e-09
2097420505_439f63c863.jpg,-6.288202408e-09
3309578722_1765d7d1af.jpg,-3.928786382e-09
3271178748_630d269811.jpg,5.67455046e-10
3436259762_43709321ff.jpg,6.47393608e-10
3452411712_5b42d2a1b5.jpg,-2.787408322e-09
3526431764_056d2c61dc.jpg,2.876886087e-09
247618600_239eeac405.jpg,-1.97461458e-11
495033548_bd320405d8.jpg,-4.745759874e-09
1516714577_7d1c35a8d8.jpg,-9.167723777e-11
358875403_f357f03713.jpg,7.079905068e-10
3602676311_824b2c04ba.jpg,3.461585049e-09
119534510_d52b3781a3.jpg,-1.680537394e-10
2381613738_d8d2012e3c.jpg,-2.934082421e-10
3339319023_5dcc3ef81a.jpg,-1.541237343e-09
2417623030_afdc1024b5.jpg,-2.331788743e-09
3108732084_565b423162.jpg,-8.495861743e-09
3522025527_c10e6ebd26.jpg,4.392231765e-09
3342271377_446ffc34c0.jpg,-4.72800053e-09
2656688132_d93be870e0.jpg,-6.958936624e-10
476740978_45b65ebe0c.jpg,-1.729388994e-09
693450725_8ad72389e6.jpg,5.213974929e-09
242324909_06d5a6c44b.jpg,4.761140596e-09
3159092624_66af4e207e.jpg,1.865536884e-09
3622929632_26fb800000.jpg,3.212304761e-09
2629295654_59ea1472a1.jpg,-3.55424497e-09
518610439_b64ab21c02.jpg,-1.856870119e-09
127490019_7c5c08cb11.jpg,5.196751158e-10
371522748_dc557bcd6c.jpg,-2.934589019e-10
2590207488_ddd89037ba.jpg,1.181236929e-08
209605542_ca9cc52e7b.jpg,1.582269939e-09
3691592651_6e4e7f1da9.jpg,-3.112806793e-09
3710674892_857b8056f7.jpg,3.156771285e-09
3545779287_8f52e06909.jpg,-3.277912166e-09
2696060728_3043cfc38c.jpg,-7.597140295e-09
166321294_4a5e68535f.jpg,2.808504635e-09
3047144646_2252ff8e04.jpg,2.009064123e-09
3448490813_f9623e864d.jpg,3.908404594e-09
3425573919_409d9e15b2.jpg,-6.360138201e-09
2860041212_797afd6ccf.jpg,2.801368055e-09
241346580_b3c035d65c.jpg,-9.529641535e-10
3562903245_85071bb5f9.jpg,1.88350921e-09
3314900697_c5c5ae9af6.jpg,3.045678938e-09
467960888_6943257534.jpg,1.655790412e-09
3525453732_f74a38f111.jpg,-1.481577706e-09
911527312_f81ee36b97.jpg,-4.151477729e-10
3211581957_df2f7e2236.jpg,-6.848158586e-10
3532205154_5674b628ea.jpg,8.113018674e-09
3639704469_fe83e1c9b7.jpg,4.797347565e-09
3342855466_44038a8aa3.jpg,1.139758965e-09
3014546644_d53db746ec.jpg,7.630258048e-09
121971540_0a986ee176.jpg,-3.052747992e-09
2518094853_dfce24ce8c.jpg,1.659310211e-09
1874617189_e85d3f4326.jpg,-4.314796826e-09
3453544202_3855ab34b6.jpg,-4.869113834e-09
3109136206_f7d201b368.jpg,7.565821215e-10
2300229745_af7a20c959.jpg,4.285922737e-09
3638178504_be1ff246bd.jpg,3.790503674e-09
3586239953_da4fb3f775.jpg,-2.916147534e-09
533713001_2d36e93509.jpg,2.810275736e-09
49553964_cee950f3ba.jpg,4.561606782e-09
2053006423_6adf69ca67.jpg,-5.611992742e-10
3549997413_01388dece0.jpg,4.989271002e-09
3286822339_5535af6b93.jpg,-3.908272196e-09
621000329_84f48948eb.jpg,-6.543736804e-11
3534824784_7133119316.jpg,9.748567729e-10
374103776_0de490c1b0.jpg,-7.648063921e-09
2384626662_67cdd87694.jpg,-2.358271586e-09
3457045393_2bbbb4e941.jpg,1.42265804e-09
3139160252_75109e9e05.jpg,6.933885324e-09
128912885_8350d277a4.jpg,3.171756409e-11
3547499166_67fb4af4ea.jpg,-3.238155882e-09
2090387793_274ab4cf7d.jpg,-1.627742799e-09
1262454669_f1caafec2d.jpg,-1.968294362e-09
3558438174_d8f41438a4.jpg,8.129070535e-09
2445783904_e6c38a3a3d.jpg,-1.47629778e-09
2597958208_e03aa149c9.jpg,1.17345492e-09
241347214_5f19e7998c.jpg,-4.558139034e-09
3212085754_35fdc9ccaa.jpg,2.093678241e-10
357725852_6f55cb9abc.jpg,4.863582379e-09
516761840_842dabc908.jpg,-4.595416921e-09
3620343911_64a862904e.jpg,-5.294879932e-09
3592992234_6d3fe58a70.jpg,1.556792403e-09
3015863181_92ff43f4d8.jpg,-3.213599503e-09
2229177914_3308fe7d20.jpg,4.334616279e-09
3202255152_08973fa3d7.jpg,3.557599609e-09
3630991662_990f397f7c.jpg,2.477581756e-09
2963573792_dd51b5fbfb.jpg,-4.026485984e-09
2839807428_efe42423f2.jpg,-2.453347733e-09
397982550_cf9f5cdb74.jpg,1.217758907e-09
2140182410_8e2a06fbda.jpg,1.001854184e-08
2887171449_f54a2b9f39.jpg,1.175171312e-08
3244171699_ace4b5d999.jpg,-4.94956609e-09
2522230304_1581d52961.jpg,2.45993354e-09
2535746605_8124bf4e4f.jpg,6.38720181e-10
3710520638_866d542a80.jpg,8.444338672e-09
2579899436_5086a33c7a.jpg,-1.893946049e-09
3717845800_ab45e255b8.jpg,3.644168535e-10
3107059919_0594269f72.jpg,-1.261296252e-09
3402638444_dab914a3de.jpg,2.034913233e-09
3409326324_a704565e8f.jpg,-8.188153848e-09
1296770308_3db2022f5a.jpg,-9.669146168e-10
2550109269_bc4262bd27.jpg,-7.337961869e-09
3352871762_c9e88592d3.jpg,-4.827798129e-09
424307754_1e2f44d265.jpg,-2.1417999e-09
3103185190_eb8729c166.jpg,8.275492635e-09
1805990081_da9cefe3a5.jpg,3.321756073e-09
3720210639_18bb34e475.jpg,9.778067919e-11
2589241160_3832440850.jpg,-2.345057926e-09
1057251835_6ded4ada9c.jpg,-2.298924102e-09
3503624011_733d745d5a.jpg,1.861610506e-09
3514278386_de2343577e.jpg,3.033800541e-09
3636491114_ab34dac833.jpg,4.680418561e-09
1446053356_a924b4893f.jpg,4.975014651e-09
469617651_278e586e46.jpg,3.651339272e-09
2533010184_ef2fd71297.jpg,-5.629378531e-09
191592626_477ef5e026.jpg,-4.744433273e-09
3618525295_d32d634b2e.jpg,2.087044207e-09
583174725_6b522b621f.jpg,2.363519261e-09
278559394_b23af734b9.jpg,6.2047061e-10
2176364472_31fcd37531.jpg,-4.810980846e-10
697582336_601462e052.jpg,8.065326652e-10
2659183350_730951f740.jpg,-3.867554147e-09
398413603_166896900f.jpg,-3.156800156e-09
2423894412_d952d5d103.jpg,2.636523708e-09
279230262_e541f9b670.jpg,8.458892512e-09
2572101672_4d699c8713.jpg,4.904421753e-10
3107592525_0bcd00777e.jpg,-1.269667254e-10
2602279427_191773c9e2.jpg,-2.272415387e-09
2137789511_69a6c6afa8.jpg,-1.96087903e-10
2553619107_d382a820f9.jpg,-3.799950152e-09
257588281_39e1c9d929.jpg,6.201045925e-09
511282305_dbab4bf4be.jpg,4.646192465e-09
3264678536_46601d25f0.jpg,-1.573133073e-08
2894229082_ddc395f138.jpg,4.383210323e-09
536495604_b22bbc905a.jpg,4.089039005e-10
2599903773_0f724d8f63.jpg,2.333500389e-09
3036971334_78187a9570.jpg,-2.863190692e-09
1394599090_fe0ba238f0.jpg,-5.389594438e-09
460781612_6815c74d37.jpg,-5.227653853e-10
864290968_eccb46d5ab.jpg,-1.694556587e-09
294549892_babb130543.jpg,7.904541497e-09
2158267555_db1d94e468.jpg,4.075748214e-09
3672105509_53b13b2ed4.jpg,-4.448571126e-09
2472980433_210ec62874.jpg,-6.810306766e-10
1417637704_572b4d6557.jpg,2.770764305e-09
3594566537_55bd712fdb.jpg,2.522075637e-09
2344875609_8e172d682b.jpg,-2.557388278e-09
3368671163_0171259581.jpg,4.667541693e-09
3589895574_ee08207d26.jpg,7.08233032e-09
961189263_0990f3bcb5.jpg,2.098247949e-09
2881087519_ca0aa79b2b.jpg,-2.355568345e-09
2796801478_8ebd7e550b.jpg,6.530846282e-09
97577988_65e2eae14a.jpg,5.695774817e-09
3341489212_a879e1544a.jpg,1.232101411e-09
1456630952_dd4778a48f.jpg,-8.589493882e-09
2173677067_9d0732bcc2.jpg,5.625128876e-09
3019857541_3de3e24f54.jpg,2.201220943e-09
414773731_c3f5bf43d5.jpg,-2.657361088e-09
2924884815_63826aa60d.jpg,-6.113673015e-09
2214847438_4993210d4c.jpg,-3.11097541e-09
2629027962_9cc3b46527.jpg,1.531729904e-08
3717309680_e5105afa6d.jpg,5.803930112e-11
3488837187_0c7264a16c.jpg,2.643544545e-09
1689658980_0074d81d28.jpg,-1.470058183e-09
2848895544_6d06210e9d.jpg,4.516485956e-09
3591458156_f1a9a33918.jpg,2.49007937e-10
2587696611_db0378710f.jpg,3.25497981e-09
3676432043_0ca418b861.jpg,-1.490144325e-10
3672106148_56cfb5fc8d.jpg,-2.600533217e-10
3282121432_648dac8a29.jpg,4.88087922e-09
2426781076_e3f4d2685c.jpg,-4.259956098e-10
2916009941_34a0013803.jpg,1.296866768e-09
2923891109_ea0cc932ed.jpg,-1.639159544e-09
1287920676_d21a0b289b.jpg,6.117292388e-10
56494233_1824005879.jpg,2.682887731e-10
2853407781_c9fea8eef4.jpg,-1.88279338e-09
3610836023_3a972b10b0.jpg,1.119735968e-09
2225864432_48a24f49a4.jpg,3.703036385e-09
1408958345_68eea9a4e4.jpg,1.883562342e-09
3212465975_b657f40eed.jpg,-1.393837446e-08
2258951972_92763fddab.jpg,-4.918783344e-09
2755362721_368cbde668.jpg,-1.328010724e-10
2741051940_89fb6b2cee.jpg,5.909850868e-11
2950393735_9969c4ec59.jpg,3.290430637e-09
2463067409_78188c584c.jpg,3.174575105e-09
224369028_b1ac40d1fa.jpg,-8.606803524e-09
396179143_e1511336e1.jpg,-1.932018819e-09
2756636539_cc1eacbf4a.jpg,-1.135383308e-09
2325816912_b3bb41cdbb.jpg,-3.224917467e-10
2914331767_8574e7703d.jpg,-1.55168927e-09
1510669311_75330b4781.jpg,1.635191827e-09
323657582_b6b6d8f7bd.jpg,-1.050471267e-08
2877511986_c965ced502.jpg,-1.839974546e-09
3679405397_bb130ea3c2.jpg,1.547515713e-09
335588286_f67ed8c9f9.jpg,-7.354854769e-10
1174525839_7c1e6cfa86.jpg,7.65511643e-09
3587077732_0933f1677b.jpg,-3.224176213e-09
3646820231_2abc736840.jpg,1.151398806e-08
2504277798_936a09c74d.jpg,-7.540045688e-09
3364160101_c5e6c52b25.jpg,-3.553659607e-09
848180689_d67a1361ce.jpg,1.829488557e-10
3095225232_2e6e6dc92e.jpg,5.478150796e-09
2303951441_3c8080907a.jpg,3.07433714e-09
2559114800_17310f3015.jpg,-2.519770776e-09
3331190056_09f4ca9fd2.jpg,-2.321936455e-09
268704620_8a8cef4cb3.jpg,-3.974159596e-09
3249597269_935e0a375a.jpg,-8.892775393e-10
3301859683_2d5e4b40a3.jpg,1.968292097e-10
3393343330_b13df4d8ec.jpg,-4.951894491e-09
1433088025_bce2cb69f8.jpg,-3.059561654e-09
2533424347_cf2f84872b.jpg,-3.444194737e-09
2367816288_7c2d11d3c5.jpg,1.025805099e-10
3312779887_7682db7827.jpg,1.597260478e-09
3167365436_c379bda282.jpg,1.845095374e-09
3431101934_99a6c55914.jpg,-5.16714393e-09
1517721825_10176d0683.jpg,-8.625952575e-09
3662909101_21b9e59a3e.jpg,-3.739185146e-09
3251088971_f4471048e3.jpg,-2.416939291e-09
2066048248_f53f5ef5e2.jpg,4.745918295e-10
3329793486_afc16663cc.jpg,-4.215470458e-09
1884727806_d84f209868.jpg,4.358472363e-09
2837127816_24441e5f7c.jpg,-2.804324097e-09
2928835996_88b9f9503d.jpg,-8.741094911e-09
2423138514_950f79e432.jpg,-5.384995999e-09
3457784061_8f77f43a9c.jpg,-9.986457253e-10
2249141510_f534708374.jpg,-8.230585082e-10
3074265400_bf9e10621e.jpg,-1.102910708e-09
3695949492_27ca3892fd.jpg,-6.274669121e-09
3221036999_3f7b152d8a.jpg,1.734538653e-09
308014594_f1d5e75507.jpg,-5.309215679e-09
3172384527_b107385a20.jpg,1.12564955e-08
3446191973_1db572ed8a.jpg,-6.759772904e-09
3600909823_ce72c26e66.jpg,4.258701553e-09
2985679744_75a7102aab.jpg,-4.883308482e-09
2469498117_b4543e1460.jpg,-1.045683895e-09
2073756099_7e02c0110c.jpg,-4.935133647e-09
3429641260_2f035c1813.jpg,2.111937182e-09
2100909581_b7dde5b704.jpg,-5.109759052e-09
542317719_ed4dd95dc2.jpg,5.829334468e-09
446138054_d40c66d5f0.jpg,-1.898044885e-09
2694178830_116be6a6a9.jpg,-1.678442473e-10
1489286545_8df476fa26.jpg,4.911694375e-10
2377460540_8cfb62463a.jpg,-3.262729403e-09
2559503010_84f20b3bc9.jpg,1.907546195e-09
2409312675_7755a7b816.jpg,2.536354605e-09
2467821766_0510c9a2d1.jpg,3.287552802e-09
242559369_9ae90ed0b4.jpg,4.06814089e-09
1420060118_aed262d606.jpg,7.591403546e-09
3276895962_c053263d01.jpg,5.217063573e-09
2718027742_70a72f99ae.jpg,6.249649316e-09
2203615439_3c7cdc39dc.jpg,4.34917356e-09
3301822808_f2ccff86f4.jpg,2.820025632e-09
61209225_8512e1dad5.jpg,-3.187884586e-09
3247693965_845b3b4349.jpg,-3.082991392e-09
3606093421_eddd46c2c7.jpg,1.412084549e-10
2208631481_3e4a5675e1.jpg,-8.938095212e-09
3587941206_36769c3f1d.jpg,-3.736256882e-09
96420612_feb18fc6c6.jpg,-2.228644684e-09
2730994020_64ac1d18be.jpg,2.128636074e-09
1388970365_162edcceb4.jpg,-1.795271584e-09
3331797838_b3e33dbe17.jpg,-1.501252562e-08
1057089366_ca83da0877.jpg,-1.68741457e-09
3046429283_08de594901.jpg,7.001320377e-09
523985664_c866af4850.jpg,-8.375990029e-09
3561314880_ea9a7e245f.jpg,-2.232833231e-09
3613175012_bcd063e7c9.jpg,3.997059856e-09
2892992529_f3335d0a71.jpg,4.444880343e-09
1301140633_046e4e8010.jpg,-1.624902897e-09
2834752476_3177e617f1.jpg,1.175514402e-09
1189977786_4f5aaed773.jpg,1.948911027e-09
3640020134_367941f5ec.jpg,3.991695049e-09
1798209205_77dbf525b0.jpg,4.000308105e-09
3462454965_a481809cea.jpg,9.150002595e-09
3441145615_b4fcd9eea0.jpg,-5.879461039e-09
3640104986_5d8c9a9948.jpg,-1.067529856e-08
2766148353_70b2e8070f.jpg,7.661953694e-11
3707738261_777075e885.jpg,-1.924471907e-09
500308355_f0c19067c0.jpg,6.431110457e-09
421730441_6b2267fd31.jpg,-1.424476512e-10
2519483556_2b1632a18c.jpg,-1.570460227e-09
2421446839_fe7d46c177.jpg,-8.290574274e-09
2364774105_fbaf0c191f.jpg,1.238542742e-08
2432038587_5e4148e277.jpg,1.176770305e-08
3170110692_d1e0e66cee.jpg,-1.165099217e-09
3330675488_8692476a4a.jpg,-2.505913536e-09
2148013097_6a4f495bc5.jpg,4.482747979e-10
3558796959_fc4450be56.jpg,1.124403399e-08
2975118353_5af5a5df54.jpg,1.888232696e-09
532131603_c82d454c8a.jpg,4.868852473e-09
235074044_c1358888ed.jpg,2.40552087e-09
3430779304_43a2146f4b.jpg,-7.119917722e-10
1308472581_9961782889.jpg,-5.466248044e-09
136886677_6026c622eb.jpg,-1.324044085e-09
2826574228_c63009e473.jpg,-7.481765529e-09
2238759450_6475641bdb.jpg,-3.928773659e-09
2475300106_b8563111ba.jpg,-1.035510932e-09
1579798212_d30844b4c5.jpg,-4.889132921e-09
3085667865_fa001816be.jpg,1.182416317e-09
494921598_af73bda568.jpg,7.074592924e-09
3516521516_9950340b96.jpg,1.392600662e-09
2698119128_62b4741043.jpg,4.224998942e-09
2258662398_2797d0eca8.jpg,1.281910495e-09
3497106366_d1a256e723.jpg,-1.636305775e-09
2355093195_87fb7f82cb.jpg,-1.47242875e-09
2582390123_71120edb0c.jpg,1.481675705e-09
940973925_a2e6d7951c.jpg,-4.292446785e-10
561179890_af8e31cb2e.jpg,1.222387096e-09
1303335399_b3facd47ab.jpg,-1.038646637e-09
2831578193_3c997ae330.jpg,1.131569366e-10
2479180530_7ebba2d8bf.jpg,4.39960201e-09
3113322995_13781860f2.jpg,1.559000098e-09
1394620454_bf708cc501.jpg,-4.726396492e-09
635444010_bd81c89ab7.jpg,-5.774531046e-09
3543294190_0037c59607.jpg,-4.644619378e-09
531261613_f1a045cd75.jpg,2.513693554e-09
3186527735_6e9fe2cf88.jpg,2.902026994e-09
3127614086_9f1d3cf73d.jpg,-1.860508858e-10
3432495898_a5859f06b6.jpg,-6.21845052e-10
1184967930_9e29ce380d.jpg,-9.3319205e-09
3459492423_c881f12c9f.jpg,9.389793077e-09
2988244398_5da7012fce.jpg,-5.498022709e-09
391324644_d23fdf06cb.jpg,3.151166633e-09
3657503733_9888ccf05e.jpg,-4.236958484e-09
2511762757_bd0ab0a017.jpg,-3.440686301e-09
3038941104_17ee91fc03.jpg,-3.297466926e-09
534886684_a6c9f40fa1.jpg,5.239750587e-09
3647446816_bd4383c828.jpg,-7.102598647e-09
2888702775_0939a6680e.jpg,-9.483256626e-09
3143982558_9e2d44c155.jpg,2.827133055e-09
532914728_c5d8d56b0b.jpg,3.36076074e-09
241347356_8a515555fd.jpg,-5.425721673e-09
3361411074_83f27d2a1c.jpg,1.331726513e-09
3332202255_a30c522664.jpg,-1.802623163e-09
2393911878_68afe6e6c1.jpg,-5.16767769e-09
2998277360_9b4c0192f1.jpg,-6.353468961e-10
3571039224_b34fa2f94c.jpg,-1.630340393e-09
2715337869_e4fe36db50.jpg,-6.882308428e-09
3149919755_f9272b10b3.jpg,2.188994406e-09
2781296531_f6f0f6c0f5.jpg,-1.987283589e-09
485054073_fef8b80b4b.jpg,4.989750392e-10
3281580623_8c3ba0fdb2.jpg,7.614048204e-09
186890605_ddff5b694e.jpg,2.487995024e-09
3689975998_72f50b6d91.jpg,-2.330141971e-09
489865145_65ea6d1c14.jpg,9.909474789e-10
238512430_30dc12b683.jpg,2.440919376e-09
3135826945_f7c741e5b7.jpg,4.083479831e-09
1079274291_9aaf896cc1.jpg,5.11460332e-09
3619630328_2d0865b6f4.jpg,-1.845939035e-09
2896298341_92d718366a.jpg,-1.411848757e-09
3430782104_34da558eba.jpg,-5.041615338e-10
3171651115_e07b9d08f6.jpg,2.11609444e-09
3667404919_b273df57e4.jpg,-8.717396e-09
2268729848_d418451226.jpg,-5.930652655e-09
2355763034_9fb61a8165.jpg,-7.717094054e-10
3446586125_cafa0bfd67.jpg,-4.554325742e-09
1338523142_57fce8229b.jpg,-5.13529527e-09
2788652511_4f10060e07.jpg,-6.218135373e-09
2574194729_1f099647ee.jpg,-4.743738276e-09
2056041678_d6b5b39b26.jpg,9.704872511e-11
3582914905_f58db879ae.jpg,1.297697586e-09
2462702522_1b25654762.jpg,-1.498725343e-09
2067362863_59577f9d4d.jpg,5.293341756e-10
2433175169_da939372f2.jpg,-3.412658992e-09
2461616306_3ee7ac1b4b.jpg,5.66758837e-10
2410562803_56ec09f41c.jpg,4.282733975e-09
3214579977_fa9fb006a6.jpg,2.835828234e-09
1236951314_0308dc4138.jpg,-5.794074148e-10
136552115_6dc3e7231c.jpg,2.278459785e-09
3650111717_346804ec2f.jpg,1.486542796e-09
2169951750_495820a215.jpg,-8.303632027e-10
521658170_a837af87e9.jpg,-1.723332687e-09
425518464_a18b87c563.jpg,5.02072988e-09
3231880001_193a579b97.jpg,2.919114337e-10
380515798_c2abbf46b0.jpg,-3.40922345e-09
3257103624_e76f25ff9e.jpg,6.283287301e-09
161669933_3e7d8c7e2c.jpg,2.082655974e-09
3041348852_872c027c16.jpg,4.181510447e-11
3487015378_2e90a79f4b.jpg,-8.595714651e-09
3150315970_8f045c41a4.jpg,-3.602326648e-09
352382023_7605223d1c.jpg,-2.729618989e-09
2130986011_47cb05c8c9.jpg,-3.460214451e-09
1105959054_9c3a738096.jpg,4.61024029e-09
3547524138_4157f660b0.jpg,1.022001772e-09
3266406566_d64e57e65a.jpg,-2.111947115e-10
565605894_8f0bed0438.jpg,8.514955947e-09
3364151356_eecd07a23e.jpg,-6.781728658e-09
3258397351_1a70f1993d.jpg,-1.98092183e-09
2830869109_c4e403eae6.jpg,-3.638707915e-09
306315650_e064f5c677.jpg,2.797506015e-09
3111208043_dbe8e87fa1.jpg,6.160501708e-09
640053014_549d2f23d2.jpg,-3.469300963e-09
69710415_5c2bfb1058.jpg,-1.095573251e-09
3455757720_7aeba57056.jpg,1.071705497e-08
3294952558_96bb8c8cf3.jpg,-5.971832113e-09
2683963310_20dcd5e566.jpg,1.708916193e-10
3397633339_d1ae6d9a0e.jpg,2.309344581e-09
2816259113_461f8dedb0.jpg,-4.115433335e-09
3262793378_773b21ec19.jpg,-3.020781714e-09
2866686547_0a67eb899d.jpg,-2.98983156e-09
2404520067_87798dbaee.jpg,6.890906746e-09
2238166082_140f8b01b8.jpg,-5.005121722e-09
3339916063_63b960ed46.jpg,5.465829092e-09
3657209354_cde9bbd2c5.jpg,3.932513792e-09
405534993_5158644f98.jpg,2.424471376e-09
302983277_69a4e732e4.jpg,2.955969878e-09
2893476169_f38dd32051.jpg,1.007482862e-09
1655781989_b15ab4cbff.jpg,9.915276844e-10
1343426964_cde3fb54e8.jpg,3.059759645e-09
3545427060_c16a8b7dfd.jpg,-5.724770838e-10
2364096157_eb7970a69a.jpg,-4.551327192e-09
197142902_f05ff198c2.jpg,6.61721579e-10
2751466788_4fab701cc3.jpg,2.779517487e-09
404890608_33f138aefa.jpg,-5.463431868e-09
3106562372_e349a27764.jpg,-6.550607602e-09
292780636_72e1968949.jpg,-1.970257093e-09
2216695423_1362cb25f3.jpg,-2.884454448e-09
654130822_4aeb1f1273.jpg,1.904386041e-09
3416013671_98b5c75046.jpg,-6.483760621e-10
3443460885_46115463b4.jpg,3.169616715e-09
3506468593_7e41a6d9f1.jpg,-2.926974932e-09
3249125548_700d874380.jpg,-5.758491961e-09
2993388841_6746140656.jpg,-5.745830765e-10
2424111022_4e332b8aee.jpg,-6.618275359e-10
2962977152_9d6958fdd5.jpg,3.783744144e-09
477204750_d04d111cd4.jpg,-9.162311482e-09
2502856739_490db7a657.jpg,6.730842014e-09
535529555_583d89b7f2.jpg,-1.796854571e-10
242109387_e497277e07.jpg,-6.326413107e-09
2531942624_c3c072064e.jpg,5.834816233e-10
1439046601_cf110a75a7.jpg,-2.188579076e-09
3627676364_1dc9294ec5.jpg,-7.635160911e-10
3033210806_3ffc0a231a.jpg,-4.189131025e-09
542405691_0594b1ce72.jpg,-4.802983019e-09
317109978_cb557802e1.jpg,-2.999341392e-09
3532539748_795d16ef07.jpg,-1.89114243e-09
3599442049_e448c7c9b2.jpg,-9.05905342e-09
2999162229_80d17099b6.jpg,-1.263613202e-09
2695962887_a1647c567b.jpg,5.97768188e-09
219301553_d2fffe9e0c.jpg,2.888809982e-09
2521983429_33218366bd.jpg,1.719837639e-09
2642474867_4e6346f809.jpg,-2.58175625e-09
3533660418_f3a73a257c.jpg,-6.998129968e-09
2366643786_9c9a830db8.jpg,1.681249948e-09
3323661814_1e8e1ae88c.jpg,-9.090973782e-10
3262386960_14f5d857db.jpg,-1.056170733e-09
3362592729_893e26b806.jpg,-4.16431507e-10
3278581900_8ce75a5332.jpg,1.117440162e-09
3708172446_4034ddc5f6.jpg,3.544573501e-09
3319177177_130a72b8ae.jpg,-1.196717824e-12
2718376488_3c62f7642c.jpg,-1.609716148e-09
3420338549_bd78d35243.jpg,1.169040149e-09
2924870944_90ff9eca1a.jpg,-1.005045083e-09
2423292784_166ee54e0b.jpg,2.038300032e-10
2081615901_13092cac56.jpg,-7.815840131e-10
2595102568_347f6d4b07.jpg,5.87682625e-09
529198549_5cd9fedf3f.jpg,1.710385302e-09
3636543173_15f56515e5.jpg,2.124136155e-10
1335617803_4fbc03dab0.jpg,1.307959992e-09
479807115_3a484fb18b.jpg,-1.260423185e-08
3385593926_d3e9c21170.jpg,5.218761047e-10
375171241_0302ad8481.jpg,2.764225577e-09
2244613488_4d1f9edb33.jpg,9.292851938e-10
47870024_73a4481f7d.jpg,6.557996585e-10
3142055158_01b9e4caa4.jpg,-1.006398919e-09
3641456303_c50c33337b.jpg,5.475407885e-09
2828583747_8cfb7217af.jpg,-2.506604608e-09
3460458114_35037d4d4c.jpg,-7.296331235e-10
493109089_468e105233.jpg,-8.467371702e-10
3467941308_ae6989e29c.jpg,-8.152058206e-10
2906054175_e33af79522.jpg,3.916813816e-09
3106791484_13e18c33d8.jpg,-8.89449411e-10
2502782508_2c8211cd6b.jpg,-2.267954488e-09
3084711346_fda0f5a3e6.jpg,-4.171065104e-10
3421480658_b3518b6819.jpg,-6.164557279e-09
3654338683_13b2f95a9a.jpg,2.5985078e-09
2335634931_7e9e8c2959.jpg,5.051731761e-09
3611672054_45edd3e08f.jpg,-6.269322992e-09
241374292_11e3198daa.jpg,-1.127805359e-09
2587017287_888c811b5a.jpg,-5.475696092e-09
319847657_2c40e14113.jpg,-8.410303954e-09
3479423813_517e93a43a.jpg,-5.489086374e-09
3728256505_7f8db8270d.jpg,5.076870887e-09
502671104_b2114246c7.jpg,1.284785644e-09
3387542157_81bfd00072.jpg,6.577820718e-10
2839789830_89668775a4.jpg,-6.206758519e-10
3249062399_0dafe5e4f5.jpg,-9.125078716e-10
2441629086_52f68eb316.jpg,4.013829981e-09
2904129133_e6ae5a1ec6.jpg,-8.586943464e-09
2994205788_f8b3f2e840.jpg,1.52572655e-09
2612040125_0a93889f06.jpg,-1.864892747e-09
2897832422_0cbdb1421e.jpg,3.158707978e-09
3016708786_3591106cca.jpg,-3.036895034e-10
2810333931_47fd8dd340.jpg,1.280030487e-09
3467219837_7d62213dec.jpg,4.070536829e-09
3319723910_af5b5f1fae.jpg,-6.32975566e-09
3182570190_48214e54c7.jpg,-9.951955752e-09
1521623639_4bda3407cc.jpg,-6.318213012e-09
2540757246_5a849fbdcb.jpg,-2.859298478e-09
2297744130_f571f3a239.jpg,-2.228100906e-09
3275704430_a75828048f.jpg,2.084875422e-09
2291485126_b8d41a63f4.jpg,5.725744514e-09
481632457_7372f18275.jpg,-6.950452438e-09
2217328285_b1d55c17ca.jpg,-6.980920206e-09
3227148358_f152303584.jpg,3.318189657e-09
3440952969_608eb5e42b.jpg,2.728787513e-09
3006094603_c5b32d2758.jpg,3.23581103e-09
2888732432_7e907a3df1.jpg,-4.207699302e-09
3532098999_4e07a0a17e.jpg,-2.395609857e-09
3534046564_4f8546e364.jpg,1.752761461e-09
382090166_be2c2c63e1.jpg,3.937731169e-09
757046028_ff5999f91b.jpg,-8.363015431e-09
2393410666_b8c20fff61.jpg,-2.050934293e-09
3147217787_ed21cd4990.jpg,4.532020344e-09
3591457224_88281dd04f.jpg,-4.319643061e-09
3313232606_4ce7e16b87.jpg,-4.392282381e-09
3636796219_9916c0465a.jpg,6.298401627e-11
2878190821_6e4e03dc5f.jpg,-2.730949098e-09
3082934678_58534e9d2c.jpg,-8.006000652e-10
2376878930_dd3e7cc544.jpg,3.000725798e-09
3704698586_a42c25d0c1.jpg,3.008355985e-09
3401647850_685c03ffff.jpg,-6.34914538e-09
3203707977_cc9448fecb.jpg,-7.472605263e-09
267164457_2e8b4d30aa.jpg,-2.116233791e-09
124972799_de706b6d0b.jpg,2.712498508e-09
3431671749_e8e3a449ac.jpg,-6.237591821e-09
336551609_1385ab139e.jpg,-1.872313258e-09
3272071680_648a99f7d2.jpg,-3.782375953e-09
2711720095_0b98426d3c.jpg,1.4986996e-09
101654506_8eb26cfb60.jpg,8.488209985e-10
3467510271_0f57e52768.jpg,-3.094319576e-09
3271495320_bca47795fb.jpg,-2.029962884e-09
2100735137_05c6079537.jpg,-6.207034561e-09
1107471216_4336c9b328.jpg,3.096227616e-09
2888408966_376c195b3f.jpg,-1.463060579e-09
3087485737_cb09bc80b6.jpg,1.874422914e-09
3359587274_4a2b140b84.jpg,2.221918517e-09
2312746782_4528a5b818.jpg,-8.357022902e-09
314603661_51e05e0e24.jpg,-1.35159354e-09
3111897772_5211a37a02.jpg,-1.040954991e-09
2068960566_21e85ae0dc.jpg,-1.022289709e-09
3417788829_cfdbc34d2c.jpg,1.252973758e-09
3516312179_f520469038.jpg,-8.268817762e-09
3070485870_eab1a75c6f.jpg,-9.919059823e-10
3686924335_3c51e8834a.jpg,-1.162747348e-09
561417861_8e25d0c0e8.jpg,-1.63879326e-09
3628103548_2708abcda2.jpg,2.124781182e-09
2148695079_9ae6a9b1c7.jpg,-2.388428756e-09
2656039837_f46b29af92.jpg,-3.89620431e-12
1012212859_01547e3f17.jpg,5.110325901e-10
3503689049_63212220be.jpg,1.528984302e-09
3333826465_9c84c1b3c6.jpg,-1.533632587e-09
3349308309_92cff519f3.jpg,-3.766334652e-09
2568417021_afa68423e5.jpg,2.261058857e-09
3454355269_6185e29f95.jpg,1.158133058e-09
3013469764_30e84e9a0d.jpg,1.966185306e-09
2866974237_e3c1e267c0.jpg,4.126612408e-09
2061354254_faa5bd294b.jpg,8.143301842e-09
3535664885_c848c0faee.jpg,3.238972958e-09
2849194983_2968c72832.jpg,-4.494517931e-09
380590140_25b9889772.jpg,-6.058434768e-09
3433567526_00b5a70319.jpg,-5.730743672e-10
508929192_670910fdd2.jpg,8.289587757e-09
405970010_8cebaa77d3.jpg,1.553036917e-09
3375534917_62350bd06b.jpg,-7.911016724e-10
1770036088_08abe4f6e9.jpg,4.962467552e-09
3707077198_efd6aa808d.jpg,-2.166250833e-09
3451085951_e66f7f5d5c.jpg,6.239915542e-10
3358621566_12bac2e9d2.jpg,-3.060087225e-09
3436395540_63bc8f2fe0.jpg,6.483589734e-10
141140165_9002a04f19.jpg,5.522644987e-10
3106223494_52d4d2d75d.jpg,1.553235391e-09
3275537015_74e04c0f3e.jpg,1.180027243e-09
2453891449_fedb277908.jpg,1.49538043e-08
2931950813_93145c4746.jpg,-7.488790628e-09
3639845565_be547c38ba.jpg,-9.271148238e-09
3186073578_6e115f45f5.jpg,-4.873623747e-09
485566887_57eac33bd1.jpg,-6.191236662e-09
3532028205_9ddd7599f8.jpg,4.012380969e-09
3098714492_19939e3b19.jpg,-2.067959365e-09
2868575889_2c030aa8ae.jpg,1.662443175e-09
102455176_5f8ead62d5.jpg,-5.300206718e-09
3484365373_98d5304935.jpg,-2.035588912e-10
295258727_eaf75e0887.jpg,-9.086272797e-09
406901451_7eafd7568a.jpg,-2.898676117e-09
236095034_c983bdfbbf.jpg,-1.989975236e-09
2699426519_228719b1db.jpg,-5.449679204e-09
3356494271_6103d0b556.jpg,-1.201782397e-09
527288854_f26127b770.jpg,2.02987379e-09
3418504074_083f0bb68d.jpg,-3.027619128e-09
3062273350_fd66106f21.jpg,-9.629615583e-11
2602306033_2b3100d36b.jpg,-4.470643787e-10
3337461409_e4e317853d.jpg,-1.552966258e-09
3590593467_be497a6139.jpg,-3.079295626e-09
41999070_838089137e.jpg,-7.610880925e-09
2774705720_1cb85812dc.jpg,3.187419052e-09
2271671533_7538ccd556.jpg,-6.595289519e-09
308487515_7852928f90.jpg,1.982711361e-09
3666188047_e81e1d97a7.jpg,-2.751527811e-09
3382303178_69b6d1bdd2.jpg,-3.543368173e-09
3033686219_452b172ab0.jpg,2.127925889e-10
3486135177_772628d034.jpg,4.167583605e-09
271637337_0700f307cf.jpg,2.093545779e-09
1795151944_d69b82f942.jpg,3.135848192e-10
3289433994_4c67aab384.jpg,9.325214601e-09
2925242998_9e0db9b4a2.jpg,-8.876281051e-09
950273886_88c324e663.jpg,1.912740262e-09
3285298241_9b1ed98d19.jpg,2.549190307e-09
3157220149_cc3c8cc84d.jpg,-1.263816593e-09
3609027309_af75f773d9.jpg,-7.307536495e-09
299181827_8dc714101b.jpg,-9.174414805e-09
3606084228_6286a52875.jpg,-7.103109951e-10
862187579_9faf4a51e0.jpg,-2.675531111e-09
2609847254_0ec40c1cce.jpg,-3.049818314e-09
1253264731_e7c689eca5.jpg,-8.096065951e-09
1400424834_1c76e700c4.jpg,5.932054595e-09
2230067846_74046b89d3.jpg,-3.874350848e-09
3486324591_9f5eeb24b9.jpg,3.874185909e-10
3019986034_7453777274.jpg,-4.269524138e-09
2068465241_3bcabacfd7.jpg,-2.287887224e-09
2173061319_1f267765dc.jpg,6.977410541e-10
3730011219_588cdc7972.jpg,4.782321804e-10
2865376471_43c5e6b941.jpg,-4.221188427e-09
3004287781_c041c09c16.jpg,-3.372675535e-09
459814265_d48ba48978.jpg,5.3704063e-10
1510078253_96e9ec50e7.jpg,7.642692487e-10
384577800_fc325af410.jpg,3.409756646e-09
2124040721_bffc0a091a.jpg,8.347546196e-10
1303548017_47de590273.jpg,-2.527597811e-09
2647394564_4843800cff.jpg,1.64148758e-10
3677302645_8cd3fac70d.jpg,2.295324504e-09
1716445442_9cf3528342.jpg,1.050445292e-09
3530843182_35af2c821c.jpg,3.322356476e-09
1397887419_e798697b93.jpg,-9.177832483e-10
99171998_7cc800ceef.jpg,-2.175348677e-09
2458006588_754c4aa09c.jpg,-8.246156862e-10
3718076407_0b4588d7bc.jpg,6.009534596e-09
3567214106_6ece483f8b.jpg,-7.486292428e-09
3375843443_8d9b242aa5.jpg,-6.7703091e-09
532457586_bddfc5251d.jpg,6.168196085e-11
206087108_d4557d38ee.jpg,5.328384882e-09
494329594_6e751372a0.jpg,2.427900941e-09
2120469056_7a738413be.jpg,2.552537968e-09
2481003841_06086eafc2.jpg,-9.000882685e-10
2456907314_49bc4591c4.jpg,6.560969514e-09
3039675864_0b7961844d.jpg,1.448721155e-09
3727740053_3baa94ffcb.jpg,-2.517924804e-09
2278776373_fe499a93be.jpg,2.74315163e-09
3564738125_10400f69c0.jpg,-1.961675075e-09
3630641436_8f9ac5b9b2.jpg,-3.920217435e-09
3569420080_72fbe84751.jpg,-4.968218153e-09
378453580_21d688748e.jpg,-3.282714678e-09
2294688426_96c8614f1d.jpg,-4.982000737e-09
661546153_9d30db6984.jpg,5.263874498e-11
3711030008_3872d0b03f.jpg,5.642812025e-09
3149038044_c7c94688c6.jpg,-3.454185648e-09
2411824767_4eb1fae823.jpg,5.107000645e-10
637342973_89f6fac1f7.jpg,-1.425525821e-09
3003011417_79b49ff384.jpg,3.836636974e-09
2968216482_ede65b20a8.jpg,4.483325997e-09
963730324_0638534227.jpg,-1.191358032e-09
2273028514_d7b584f73d.jpg,-2.703118824e-10
3435233065_3411f2d29d.jpg,1.533963221e-09
3356700488_183566145b.jpg,-4.868503383e-10
3601508034_5a3bfc905e.jpg,6.228801832e-09
1368383637_614646cc4a.jpg,3.733928747e-09
1527297882_dededc7891.jpg,-4.737748221e-09
3314180199_2121e80368.jpg,7.432101747e-10
3273403495_fcd09c453e.jpg,-7.682444541e-09
121800200_bef08fae5f.jpg,1.011060467e-09
468918320_9c275b877f.jpg,-4.078838675e-09
2868668723_0741222b23.jpg,1.189225994e-09
3450874870_c4dcf58fb3.jpg,1.046272927e-08
2862469183_a4334b904a.jpg,-7.507289411e-09
514036362_5f2b9b7314.jpg,-5.078920554e-09
2201951969_0d7520d648.jpg,4.381996043e-09
3184206563_5435f2b494.jpg,1.887146231e-09
3192069971_83c5a90b4c.jpg,-1.000387034e-08
3051341320_1d0166e775.jpg,1.56352636e-09
2089539651_9e518ec7de.jpg,2.697191816e-09
2623560640_0445c9a138.jpg,-2.119831941e-09
2857558098_98e9249284.jpg,2.924823871e-09
1100214449_d10861e633.jpg,9.619575139e-10
2256231539_05c27179f1.jpg,-8.259099673e-09
1570723692_3a2b064d43.jpg,-5.845339268e-09
2640000969_b5404a5143.jpg,3.138570241e-09
537579448_a7f92cef58.jpg,3.730813645e-09
2949880800_ca9a1bb7e6.jpg,1.173818938e-09
3106026005_473a7b1c8c.jpg,-2.299606802e-09
3553374585_25b1bd6970.jpg,5.372794652e-09
942399470_6132d3e5d2.jpg,-3.226181203e-09
3638440337_6d5c19a8f0.jpg,-4.188722015e-10
1329832826_432538d331.jpg,3.425478667e-09
3597924257_d0da3c5fe6.jpg,3.027194851e-09
667626_18933d713e.jpg,-2.723984808e-09
3550763985_800cfee7e4.jpg,8.302831826e-09
3182258223_5b9c8a8c55.jpg,-3.030581009e-09
3356642567_f1d92cb81b.jpg,1.807224583e-09
3398788809_25c71ba018.jpg,-3.271428171e-09
3560771491_2a18b6241e.jpg,-1.195320615e-09
3006217970_90b42e6b27.jpg,5.39451444e-09
3425853460_bfcd0b41f6.jpg,-1.861589723e-09
3282925526_535ff9f2b2.jpg,1.226627351e-09
460973814_5eacd1ced4.jpg,8.049214996e-10
397601572_9587a39291.jpg,4.057273688e-09
2585141045_b496a7b7c4.jpg,3.131063738e-10
2827964381_408a310809.jpg,-3.142120049e-10
613030608_4355e007c7.jpg,-2.607047518e-09
2665586311_9a5f4e3fbe.jpg,6.627665304e-09
2937697444_2367ff0e28.jpg,1.466358755e-09
3561639055_5ac66ae92f.jpg,-6.163628041e-10
3141293960_74459f0a24.jpg,1.499378439e-09
3493844822_c315a11275.jpg,1.070379646e-09
3222702477_34d2d24f1f.jpg,1.325225977e-09
3265578645_4044a7049a.jpg,-7.893993958e-10
2600386812_8790879d9a.jpg,3.020521649e-09
2974587819_742fb7c338.jpg,-7.207260945e-09
1244485675_822e6efe60.jpg,2.248724231e-09
2549968784_39bfbe44f9.jpg,5.734210379e-09
2547785434_f227bd3680.jpg,2.047152252e-09
2968182121_b3b491df85.jpg,-1.398679279e-09
2977246776_b14be8290d.jpg,-5.17560917e-09
1160441615_fe6b3c5277.jpg,-6.125494614e-09
3616808182_fb4eaec778.jpg,-3.846980122e-09
2046778775_0dd7cac6ab.jpg,6.510141372e-09
226607225_44d696db6b.jpg,-5.466079028e-09
2766926202_4201bf2bf9.jpg,8.801310271e-10
3661659196_6ed90f96c0.jpg,1.212862021e-09
1580172290_e19067e0dd.jpg,-2.485401492e-09
1414779054_31946f9dfc.jpg,-2.393861723e-09
2884301336_dc8e974431.jpg,-2.816794579e-09
1956944011_c5661d3f22.jpg,-9.814321738e-09
2785108434_cd4a1c949c.jpg,6.225717127e-09
2865409854_afedf98860.jpg,-5.887457044e-10
2510197716_fddca0ac75.jpg,4.154938204e-09
3533775651_9d7e93dacf.jpg,2.483291192e-09
2410320522_d967f0b75c.jpg,-5.218644404e-09
95151149_5ca6747df6.jpg,-7.539016059e-09
2825668136_107223182c.jpg,1.753168781e-09
3517124784_4b4eb62a7a.jpg,-2.871434656e-09
1917265421_aeccf1ca38.jpg,-1.152082135e-09
3224560800_8fefd52510.jpg,-2.702968696e-09
267162122_c3437414ec.jpg,3.388774938e-09
760138567_762d9022d4.jpg,2.34351455e-09
2937942758_712be5c610.jpg,-5.019892435e-09
3240090389_97a8c5d386.jpg,6.610092393e-10
3056569684_c264c88d00.jpg,-2.053229305e-09
3216901052_269ace7b3c.jpg,-8.344655676e-10
396763804_3b7f1e12a8.jpg,-8.933037518e-10
3435653630_3b6cca2c40.jpg,-3.393815663e-09
2877088081_7ca408cb25.jpg,1.318770387e-09
3485425825_c2f3446e73.jpg,-1.343272331e-09
909191414_1cf5d85821.jpg,-6.306252489e-10
2245914678_1f82fc3d80.jpg,-1.80652861e-09
2490365757_b869282cb3.jpg,-2.777755671e-09
3534548254_7bee952a0e.jpg,-6.325772724e-10
3146630574_05d9ebbed1.jpg,3.761264055e-09
1138784872_69ade3f2ab.jpg,-1.515895414e-09
2092177624_13ab757e8b.jpg,-4.665582111e-09
782401952_5bc5d3413a.jpg,8.153393306e-10
3132760860_3e743a935d.jpg,-3.687443106e-09
2130851544_d36f4f2ea6.jpg,2.067378536e-09
2204550058_2707d92338.jpg,-2.231534863e-09
2576878141_87f25a10f0.jpg,2.127353456e-09
3732728142_86364a706e.jpg,-2.082630845e-09
313326614_b2adbe59e0.jpg,6.747609954e-09
3421547427_53411b6278.jpg,2.263483197e-09
3017521547_f5ef8848e3.jpg,3.780466741e-09
3213622536_31da7f6682.jpg,2.273766089e-09
2646540383_343e1ec9a4.jpg,8.486719701e-10
3057497487_57ecc60ff1.jpg,5.692847013e-09
3380643902_7e0670f80f.jpg,9.31528502e-09
2251447809_2de73afcdf.jpg,9.301688218e-10
505062117_a70b4e10ab.jpg,5.066730954e-09
2840344516_8e15fe2668.jpg,-6.213815716e-09
1232148178_4f45cc3284.jpg,-3.139190395e-09
1304961697_76b86b0c18.jpg,-1.366665313e-09
3154641421_d1b9b8c24c.jpg,-7.637855582e-09
1231229740_8dcbf80bfb.jpg,-5.571661285e-09
2797511323_bf20acab45.jpg,-7.013675055e-09
3256456935_664a7a5bba.jpg,-1.237153069e-09
374103842_17873ce505.jpg,8.48564674e-11
3281611946_f42deed2e1.jpg,-3.199495372e-09
2778290592_1910bb0431.jpg,7.354682028e-09
3338590946_f25b76cbc7.jpg,1.095364003e-09
3405011838_f81117c99f.jpg,-4.603643664e-10
3048211972_db71d104c2.jpg,-6.862617664e-10
494792770_2c5f767ac0.jpg,2.297071734e-09
3336682980_1082a66878.jpg,3.127763503e-09
3638992163_a085cc0c24.jpg,1.562189526e-10
3243591844_791cfa62eb.jpg,1.212439474e-09
3456862740_7550bcddc2.jpg,-5.466243161e-09
3674168459_6245f4f658.jpg,1.76507781e-09
1330645772_24f831ff8f.jpg,-1.926362973e-10
3632225464_612d7b4c0f.jpg,5.869353415e-09
3150659152_2ace03690b.jpg,-2.632352235e-09
3631474374_e40764d153.jpg,3.915372054e-10
300594071_3450444752.jpg,5.822310608e-09
2685752892_9d5cd7f274.jpg,-1.598395864e-09
2344699642_4fae2f4e07.jpg,-6.127318372e-09
2091171488_c8512fec76.jpg,4.322219414e-09
3259992722_4c5e895734.jpg,2.825604456e-09
505944126_f9a6ab8944.jpg,1.259815989e-09
3119913014_688d4997d7.jpg,-2.264384059e-09
1267711451_e2a754b4f8.jpg,-7.674114284e-09
1836335410_de8313a64e.jpg,3.608222113e-09
3106787167_e5f2312622.jpg,-3.515549519e-09
3272541970_ac0f1de274.jpg,6.257231846e-09
3497069793_2d4baf5b4b.jpg,-5.505310676e-09
2267682214_e1434d853b.jpg,-1.027783558e-08
2929405404_1dff5ab847.jpg,-9.053738784e-10
2601612082_4b9be27426.jpg,2.355869162e-10
446514680_ff5ca15ece.jpg,-4.764259271e-09
3268908792_c24529fe88.jpg,-1.511916133e-09
109823395_6fb423a90f.jpg,-1.433841915e-09
2787868417_810985234d.jpg,2.811918826e-09
241347204_007d83e252.jpg,-2.325330422e-10
541063419_a5f3672d59.jpg,4.135259834e-09
2562483332_eb791a3ce5.jpg,-7.112711287e-09
3021318991_fa28e3bca7.jpg,9.643518034e-09
2199200615_85e4c2a602.jpg,-1.5385627e-09
559102835_472ff702b5.jpg,-4.077537553e-09
1236964638_1808784a3c.jpg,-3.490879673e-09
3241965735_8742782a70.jpg,-8.155957849e-09
2426828433_ce894d1c54.jpg,2.370785355e-09
3033825101_44a4390f16.jpg,-4.475731256e-10
964197865_0133acaeb4.jpg,-3.962707141e-09
3000428313_8a1e65e20e.jpg,7.191737101e-09
3245504245_27931f5ec1.jpg,-1.272731756e-09
710878348_323082babd.jpg,1.518427746e-09
3668518431_43abb169eb.jpg,1.220649094e-09
3346711367_5e7b29e20f.jpg,-1.480001537e-09
2588625139_fdf6610218.jpg,-1.564898568e-09
974924582_10bed89b8d.jpg,4.070542843e-09
134724228_30408cd77f.jpg,-3.082670658e-10
466176275_f40d37851e.jpg,-2.024103871e-11
2909811789_ed8f3fd972.jpg,-2.382970744e-09
2332986053_864db84971.jpg,1.726128749e-10
2464259416_238ef13a2e.jpg,2.420718585e-09
3240048764_acce8af2a5.jpg,-6.302670734e-09
3135504530_0f4130d8f8.jpg,-1.376683935e-10
3705688385_47651205d3.jpg,4.308448622e-09
3027850131_a7772e0ba0.jpg,2.673779107e-09
2730819220_b58af1119a.jpg,-1.89939407e-09
304408047_98bab3ea64.jpg,-2.975081557e-09
3357708906_fb3a54dd78.jpg,2.899528321e-09
3490517179_76dbd690de.jpg,2.520633089e-09
3563461991_de05537878.jpg,3.917086343e-09
3244734844_c318c29c23.jpg,-2.159248931e-09
3154293126_e52bd07524.jpg,-2.102702948e-09
140526326_da07305c1c.jpg,-3.401541426e-09
3608663656_9192a21eeb.jpg,8.869084635e-09
3655155990_b0e201dd3c.jpg,-4.957075897e-10
861795382_5145ad433d.jpg,-1.748482202e-09
3380407617_07b53cbcce.jpg,3.221633609e-09
3325129757_7a1979ac11.jpg,-1.673115609e-09
2802337003_56e555cd30.jpg,4.099371269e-09
2095444126_201ff9f222.jpg,7.208113245e-10
280932151_ae14a67be5.jpg,5.953850581e-09
2800934095_b84a5009dd.jpg,3.791525644e-09
2534194182_ac53035cf4.jpg,-3.81961732e-09
2579572274_826598b14a.jpg,-5.288565463e-09
2826647354_650ff5eb03.jpg,-3.554618436e-10
3453284877_8866189055.jpg,-4.859286362e-09
3669564923_8fcb1a6eff.jpg,-4.142458476e-09
2289096282_4ef120f189.jpg,5.346174069e-10
3708266246_97a033fcc7.jpg,-5.631244604e-09
216172386_9ac5356dae.jpg,8.12654712e-09
3359563671_35b67898e7.jpg,4.766944688e-10
3232252882_05db7c2216.jpg,1.919611372e-09
3014773357_f66bd09290.jpg,7.393265171e-09
1980315248_82dbc34676.jpg,-1.376457261e-09
3343106500_27176fc544.jpg,-2.889055732e-09
3540241710_a4f49cde52.jpg,-1.944521571e-09
3317333893_9d0faa8d30.jpg,-5.562491455e-09
2937497894_e3664a9513.jpg,-5.936117306e-10
2911658792_6a6ef07e3a.jpg,7.260522294e-09
2470486377_c3a39ccb7b.jpg,-4.718151045e-09
2534502836_7a75305655.jpg,-4.030964501e-09
3612825666_54f5a2bc06.jpg,-5.563736988e-09
2623496164_68ffeb5067.jpg,7.468518753e-09
2228167286_7089ab236a.jpg,-2.076967277e-09
3128856481_86e5df4160.jpg,-3.899918682e-09
2404692474_37da774368.jpg,3.583045483e-09
472661386_723aae880b.jpg,-7.217781213e-10
3495490064_8db40a83af.jpg,-1.088705632e-09
2882893687_1d10d68f2b.jpg,1.51768186e-10
3677239603_95865a9073.jpg,4.497629808e-09
616177206_0e16c33f6b.jpg,-6.17559087e-09
2934837034_a8ca5b1f50.jpg,-5.507701668e-09
641893280_36fd6e886a.jpg,3.111058918e-09
2059842472_f4fb61ea08.jpg,4.288394841e-09
1468962616_5803b4397f.jpg,9.988405706e-11
2278766574_f71f1704a8.jpg,5.578708893e-09
3249891874_6a090ef097.jpg,3.820526534e-10
17273391_55cfc7d3d4.jpg,4.386353101e-09
3134387513_ceb75bea0a.jpg,-1.4190112e-10
2208055895_37cd8e1edf.jpg,2.838320067e-09
3346614841_698f9aa486.jpg,1.044586298e-09
2346772831_b2748ba1f0.jpg,-3.744569184e-09
2709359730_13bca100af.jpg,-7.208395159e-09
2069279767_fb32bfb2de.jpg,-2.154745207e-09
2330536645_2d36b516e1.jpg,8.753352722e-09
2751694538_fffa3d307d.jpg,2.345771284e-09
3009047603_28612247d2.jpg,-1.125924255e-10
3097171315_0ba7d283b1.jpg,-3.48653066e-09
2935986346_29df6cf692.jpg,3.047361757e-09
2552816307_c7c8e7f6b4.jpg,2.109598745e-10
2893374123_087f98d58a.jpg,-8.746352111e-10
3511890331_6163612bb9.jpg,5.27784055e-09
1177994172_10d143cb8d.jpg,2.047133566e-09
2881468095_d4ce8c0c52.jpg,-2.102871458e-09
263522013_d118d46b2d.jpg,-3.94283165e-09
2300920203_f29260b1db.jpg,3.351373853e-09
2374179071_af22170d62.jpg,1.92496111e-09
1433577867_39a1510c43.jpg,4.77230368e-09
110595925_f3395c8bd6.jpg,1.908099926e-09
2081446176_f97dc76951.jpg,3.559577616e-09
2759211664_d21393b668.jpg,1.025746732e-09
509778093_21236bb64d.jpg,2.13181744e-09
1771490732_0ab5f029ac.jpg,-1.350922875e-09
430173345_86388d8822.jpg,-4.127665368e-09
2873648844_8efc7d78f1.jpg,5.095388145e-09
3626689571_5817f99c0e.jpg,6.5335112e-09
3163477256_073605e06e.jpg,-5.57174841e-09
3198962089_e647d1b0cd.jpg,2.092005383e-09
2057160636_6e9cf3b5f0.jpg,-1.124623751e-10
3624327440_bef4f33f32.jpg,-3.462817173e-09
185972340_781d60ccfd.jpg,-3.327817914e-10
3393446245_37dd3f3b59.jpg,3.883895446e-10
3679407035_708774de34.jpg,-3.396365952e-11
2855417531_521bf47b50.jpg,-1.706298279e-09
109202801_c6381eef15.jpg,3.425695563e-09
309238565_2d5d8dc8bf.jpg,-7.826874751e-09
367925122_335ed279a8.jpg,7.59188037e-10
2594336381_a93772823b.jpg,-8.198841516e-09
3703107969_175da4b276.jpg,-4.112572286e-10
2616009069_82561da2e5.jpg,-3.428259953e-10
2081141788_38fa84ce3c.jpg,-3.231076896e-09
519167484_ee03e2a91e.jpg,1.186706893e-09
2768248810_06d543c080.jpg,-1.064767309e-09
58368365_03ed3e5bdf.jpg,-5.164836746e-09
3086507638_d8a2cd0ac3.jpg,1.155973114e-08
3239480519_22540b5016.jpg,-2.732101102e-09
2167644298_100ca79f54.jpg,3.96903585e-09
2956562716_5aa3f6ef38.jpg,2.30572212e-09
2088120475_d6318364f5.jpg,1.428799894e-09
544257613_d9a1fea3f7.jpg,1.140319992e-09
2076428547_738e0a132f.jpg,-5.711885527e-09
3647170476_0fd71a4c9f.jpg,-1.363626175e-09
2306674172_dc07c7f847.jpg,-4.487159938e-09
354999632_915ea81e53.jpg,-1.942534725e-09
138705546_be7a6845dd.jpg,-1.310058472e-09
3647693147_0d0434351b.jpg,-7.578548606e-09
2085557551_7a88d01d4e.jpg,-2.993831888e-09
2263655670_517890f5b7.jpg,1.085676406e-08
574274795_57e0834e7d.jpg,2.946854379e-10
3138433655_ea1d59e5b7.jpg,-2.584268941e-09
3677860841_3aa9d8036c.jpg,-3.269211118e-09
3544669026_1b5c0e6316.jpg,2.541880542e-09
3317073508_7e13565c1b.jpg,3.206414529e-09
3202360797_2084743e90.jpg,4.048348677e-09
3265527323_6431f00692.jpg,6.900050965e-10
478592803_f57cc9c461.jpg,-4.582779031e-09
1332722096_1e3de8ae70.jpg,7.252571968e-09
2650620212_0586016e0d.jpg,-3.783112511e-09
2973272684_4d63cbc241.jpg,3.965675942e-09
478208896_90e7187b64.jpg,-2.498982071e-10
2818735880_68b3dfe1f5.jpg,-3.226499174e-10
3138562460_44227a35cf.jpg,-1.952150233e-09
3228793611_8f260ea500.jpg,1.941518123e-09
2390778197_4d9d03d4b9.jpg,2.268126431e-09
319847643_df7c2a1d25.jpg,3.644781733e-09
2923825744_ca125353f0.jpg,3.420205945e-09
3109780402_dbae082dc5.jpg,-1.616992442e-09
1479857177_9d4a6f38fd.jpg,-3.097211115e-09
3549011001_26cace3646.jpg,-1.825084884e-09
493542985_c85ad29ebe.jpg,-1.672910748e-10
315125146_d9a8e60061.jpg,8.476117909e-09
3372251830_baa3665928.jpg,1.637138434e-09
2766726291_b83eb5d315.jpg,-3.036077748e-09
2676184321_858eff416b.jpg,9.9846462e-09
3553476195_fb3747d7c1.jpg,4.645657261e-10
2632381125_de32bdfdf6.jpg,-2.144582976e-10
3561543598_3c1b572f9b.jpg,1.057243771e-08
3565021218_d2bc1aa644.jpg,9.86598238e-10
2943384009_c8cf749181.jpg,-1.090743584e-08
3708244207_0d3a2b2f92.jpg,9.802541618e-11
2615811117_42b1838205.jpg,-6.354292306e-09
2959941749_fa99097463.jpg,-2.436473134e-09
3467282545_273a97b628.jpg,-5.736913605e-09
1131932671_c8d17751b3.jpg,-4.170987217e-09
269898095_d00ac7d7a4.jpg,-1.878495932e-09
3528105511_12ff45dc9c.jpg,-1.31699748e-09
140526327_3cb984de09.jpg,7.111884156e-09
2187720319_112d00f07d.jpg,4.328947936e-09
3652859271_908ae0ae89.jpg,-2.254725437e-09
1034276567_49bb87c51c.jpg,-2.003860671e-09
3573202338_f43dd22d28.jpg,7.311199617e-09
1479679558_d0a01bc62b.jpg,-5.934647908e-10
3605100550_01214a1224.jpg,4.204935322e-09
233361142_d9d5f0cae9.jpg,-3.463278339e-09
2965604928_435dc93bf7.jpg,-2.639064149e-09
2613021139_4b0dc3d4c8.jpg,-1.83114625e-10
3463922449_f6040a2931.jpg,6.525319367e-09
3057770908_3fd97f79f9.jpg,-2.184992857e-09
2293149170_38fb2257ea.jpg,4.508807008e-09
854333409_38bc1da9dc.jpg,-1.745799881e-11
1348957576_c4a78eb974.jpg,-4.375705414e-09
262439544_e71cd26b24.jpg,-3.628400615e-09
925491651_57df3a5b36.jpg,6.938146042e-09
2250555512_71670078f5.jpg,-1.698280685e-09
3485816074_363cab4bff.jpg,1.125538051e-08
3245266444_2e798096e6.jpg,-1.715147627e-09
2278110011_ba846e7795.jpg,5.964820795e-09
2640153227_57cf1a3d92.jpg,2.485494443e-09
3596459539_a47aa80612.jpg,-2.360961113e-09
2994179598_a45c2732b5.jpg,2.369090769e-09
1332823164_c70a5d930e.jpg,2.24696922e-09
241347067_e58d05dbdc.jpg,1.163660581e-10
3042381160_ffe2b16808.jpg,-5.904130037e-09
2348491126_30db0d46ef.jpg,-6.368419962e-09
2944952557_8484f0da8f.jpg,-3.321935951e-09
2584957647_4f9235c150.jpg,3.565904551e-09
2718495608_d8533e3ac5.jpg,-3.904883254e-10
608257195_6ec6f48e37.jpg,-1.769837365e-09
241345427_ece0d186c2.jpg,1.7894779e-09
3110614694_fecc23ca65.jpg,-1.353032414e-09
3382679230_baef3d1eaa.jpg,-1.391412588e-09
3051998298_38da5746fa.jpg,3.101787527e-09
3211199368_ca78387f72.jpg,9.76195971e-10
3274691778_94bb57bba3.jpg,-1.72791728e-10
3357194782_c261bb6cbf.jpg,-2.896610732e-09
2603792708_18a97bac97.jpg,-8.708966551e-09
489065557_0eb08889cd.jpg,-3.632277418e-09
2268601066_b018b124fd.jpg,-4.496829992e-09
3163068926_d28ed3ef53.jpg,8.088280727e-09
3697675767_97796334e4.jpg,-4.033547254e-09
2907073768_08fd7bdf60.jpg,9.073280451e-10
2346629210_8d6668d22d.jpg,-5.720817685e-11
3060594966_030658d318.jpg,-6.372862412e-09
2083434441_a93bc6306b.jpg,-1.469884606e-10
2677656448_6b7e7702af.jpg,-2.235502575e-09
460478198_83039f2593.jpg,-5.160913314e-09
452416075_60b2bb5832.jpg,-4.479668036e-09
3166578139_33500f7e8a.jpg,-8.758891998e-09
3319899418_4bcf1b00d8.jpg,2.665671574e-10
368954110_821ccf005c.jpg,-1.658050661e-09
843616798_5ab0ecb525.jpg,3.436115614e-09
1313693129_71d0b21c63.jpg,-2.8830048e-09
2077079696_03380d218b.jpg,2.552298318e-09
2477121456_1ac5c6d3e4.jpg,-2.441150631e-09
385186343_464f5fc186.jpg,1.186050319e-09
3184891327_8785194e3c.jpg,1.560705664e-09
934375844_dd149fed18.jpg,2.881602462e-09
746787916_ceb103069f.jpg,2.249816663e-09
2753531542_ace2c870b7.jpg,-1.21474953e-08
3036596725_541bbe0955.jpg,-7.883304343e-09
3531811969_49af4c22f0.jpg,-3.354815144e-09
3537452619_3bd79f24e0.jpg,4.971996151e-09
537628742_146f2c24f8.jpg,-9.865182179e-10
3584196366_a4b43d6644.jpg,2.864230963e-09
3520617304_e53d37f0af.jpg,-8.041932221e-09
460195978_fc522a4979.jpg,3.858355731e-09
2723929323_70b93a74ea.jpg,5.68202225e-09
1119015538_e8e796281e.jpg,-3.794335143e-09
3251460982_4578a568bb.jpg,3.48042979e-09
3384742888_85230c34d5.jpg,1.988959503e-09
2102360862_264452db8e.jpg,5.410553506e-09
433855742_c2a6fda763.jpg,1.222777219e-09
2834103050_512e5b330a.jpg,-2.877336988e-09
2542037086_58c833699c.jpg,1.031419443e-09
2775744946_1ab5d500a2.jpg,-1.7384806e-09
3139876823_859c7d7c23.jpg,6.026094068e-09
2477623312_58e8e8c8af.jpg,3.55167552e-09
3044359043_627488ddf0.jpg,-1.242170835e-08
1984936420_3f3102132b.jpg,-3.246712554e-09
3692836015_d11180727b.jpg,2.768379052e-09
2932498509_27cb0038ec.jpg,-4.506723805e-09
3556598205_86c180769d.jpg,-3.90828241e-09
189721896_1ffe76d89e.jpg,5.30315684e-09
3700004668_99c3e3f55b.jpg,5.416069637e-09
3690431163_1d81e19549.jpg,-1.531633239e-09
3372167201_f7f909d480.jpg,-1.499258085e-09
350529848_9569a3bcbc.jpg,6.505475422e-11
311267421_e204e643cf.jpg,-4.785882951e-09
3081330705_7a1732e12c.jpg,3.630120213e-09
3383037991_8f07784b81.jpg,-6.417795145e-09
3557148230_7fc843e5de.jpg,4.105333124e-09
358114269_96fdb5f7c3.jpg,-8.838578721e-10
272988646_1588bde6a8.jpg,-2.704168731e-09
1472053993_bed67a3ba7.jpg,1.933235463e-09
2422302286_385725e3cf.jpg,8.925645401e-10
2720985888_8f5920e8cf.jpg,-5.835720282e-09
3215315009_47577bf8f7.jpg,1.75207245e-09
3050976633_9c25cf6fa0.jpg,-5.511047413e-09
3323076458_3ce72a1dae.jpg,2.102519466e-09
3372215826_b3e6403b2e.jpg,8.299119017e-09
3547704737_57d42d5d9d.jpg,6.41524062e-09
1339596997_8ac29c1841.jpg,2.925343641e-09
3360876049_9047edeab9.jpg,1.287193069e-09
2698487246_e827404cac.jpg,1.199239661e-09
3381161854_af8b05243c.jpg,6.278977257e-09
2970183443_accd597e0a.jpg,-2.972388044e-10
1433142189_cda8652603.jpg,-5.293375843e-09
836828001_af98d16256.jpg,-3.119631154e-09
2991771557_d98fa0a69f.jpg,5.404705422e-09
468310111_d9396abcbd.jpg,-3.608633181e-09
3472485022_5d03e9852d.jpg,-1.996777385e-09
327415627_6313d32a64.jpg,-1.590853758e-09
3337046794_296bd2c7e0.jpg,7.154126424e-10
3710468717_c051d96a5f.jpg,1.008071729e-08
3343900764_2a4c0405f9.jpg,8.66225158e-10
2298077331_f9a1488067.jpg,-9.079626872e-12
3263946591_a1558b77d3.jpg,-9.499884519e-09
3251646144_d9f4ccca3f.jpg,-8.551396994e-10
811663364_4b350a62ce.jpg,3.20241022e-09
397547349_1fd14b95af.jpg,1.171091e-09
1998255400_0cd086908f.jpg,8.314944065e-10
537222436_ab406234ce.jpg,6.202645463e-09
284279868_2ca98e3dcd.jpg,-3.794597906e-09
3451345621_fe470d4cf8.jpg,-1.305082068e-08
3091382602_60b9b53ed1.jpg,-3.712645748e-09
98377566_e4674d1ebd.jpg,7.266360067e-09
2524084967_a5e011b73d.jpg,-4.652915561e-09
1402641725_5e027ecaa7.jpg,5.479012853e-09
3535879138_9281dc83d5.jpg,3.113788165e-09
536828916_b763b82949.jpg,2.846257988e-09
3560726559_4c4bed9f2d.jpg,5.557024818e-09
544576742_283b65fa0d.jpg,-2.112122134e-09
436013859_793d870b6f.jpg,-1.067077146e-09
1643915227_9f48068772.jpg,1.160690752e-09
506412121_67ecc7ec05.jpg,-7.514607016e-09
274313927_404d0e94ab.jpg,-9.030889224e-11
523249012_a0a25f487e.jpg,6.070258903e-09
1131804997_177c3c0640.jpg,-3.230871793e-09
2412390588_a89cab30f4.jpg,1.62121862e-09
2074244690_82e30ff44b.jpg,7.544287433e-09
2458269558_277012780d.jpg,3.33539015e-09
2975073156_7543ed326f.jpg,-4.746671385e-09
3026102616_3cf350af9e.jpg,-1.778544362e-09
3687222696_85bf6f78f7.jpg,-1.132370573e-08
3343311201_eeb1a39def.jpg,-1.042961386e-09
2524003134_580e74328b.jpg,1.82144886e-09
3251976937_20625dc2b8.jpg,5.094697539e-10
2978394277_4572967b97.jpg,-5.667009545e-09
2049646140_d0de01e3c4.jpg,5.839860896e-09
2899089320_3e7f6bbaca.jpg,1.709946636e-09
3086526292_f799d237c7.jpg,-1.206632609e-08
3455419642_894d03f153.jpg,2.330773351e-10
386470686_1ae9242878.jpg,6.757735043e-09
2805822564_6dee48e506.jpg,1.840387223e-09
3231596071_f0c522a639.jpg,-3.469368103e-09
2586532797_dcf22a5021.jpg,-3.543422705e-09
1468429623_f001988691.jpg,-8.299197501e-09
3454149297_01454a2554.jpg,-1.482219675e-09
2533414541_362bf043bb.jpg,-4.695371138e-10
2456615908_59cdac6605.jpg,-3.728731525e-09
3276475986_66cd9cc7e4.jpg,-3.062903261e-10
2665264979_df9c284bf8.jpg,1.906121296e-09
566794036_60f7acdf35.jpg,1.431979091e-09
2735290454_1bd8bc5eac.jpg,-8.713996038e-09
1428681303_04213524e3.jpg,1.720629788e-09
241347580_a1e20321d3.jpg,-5.799546425e-09
2933912528_52b05f84a1.jpg,-2.423461133e-09
326456451_effadbbe49.jpg,-3.830590784e-09
2405978603_6221b0c2e7.jpg,-7.942681653e-09
3126981064_1e803c3d7f.jpg,6.017614638e-11
405331006_4e94e07698.jpg,2.974060079e-09
1522787272_5a31497ef2.jpg,1.457761145e-09
475042270_719ebe6c48.jpg,-5.02038879e-09
3422146099_35ffc8680e.jpg,3.326342284e-09
330849796_c575c3108a.jpg,5.885063756e-09
449287870_f17fb825d7.jpg,-2.084394209e-09
3097776588_312932e438.jpg,-1.275149419e-09
2911245290_b2c79f328a.jpg,-2.223430883e-09
1957371533_62bc720bac.jpg,8.366817286e-10
3671262694_29fbeb9d95.jpg,6.253853979e-10
2495394666_2ef6c37519.jpg,9.254746021e-09
2887614578_ed7ba21775.jpg,5.96416101e-09
2557972410_6925fe695c.jpg,-2.166592561e-09
3126752627_dc2d6674da.jpg,1.357976004e-09
157139628_5dc483e2e4.jpg,-1.781522641e-09
3690159129_93ba49ea18.jpg,9.25429558e-09
2249480913_e1695e5c28.jpg,1.641889553e-09
3652584682_5b5c43e445.jpg,6.771601433e-10
3246773992_89bf86937b.jpg,6.382687406e-10
2987576188_f82304f394.jpg,5.230818867e-09
2393264648_a280744f97.jpg,-2.882761347e-08
2644920808_f5a214b744.jpg,-3.429223925e-09
3062173277_bfb5ef4c45.jpg,-4.253316726e-09
431410325_f4916b5460.jpg,-3.658781545e-09
103205630_682ca7285b.jpg,-8.023363003e-09
2337377811_8c81b40a64.jpg,1.434254631e-09
3259110412_9908c45144.jpg,-1.5179697e-09
2322334640_d4d22619ff.jpg,3.927476522e-09
3466353172_deb128bbb0.jpg,3.925297793e-09
3636126441_5617c89aaa.jpg,-1.654621293e-09
3406409018_03de95181e.jpg,7.840337585e-10
3226254560_2f8ac147ea.jpg,1.399584661e-10
3610189629_f46de92ab3.jpg,-9.792641146e-09
2242863004_3a9f82a31f.jpg,6.523058522e-09
2554570943_122da6438f.jpg,-3.845683248e-09
2333288869_8c01e4c859.jpg,-7.946098742e-09
3457315666_b943111dec.jpg,-1.88229435e-08
2955673642_4279b32097.jpg,-8.266338048e-09
1527333441_af65636a74.jpg,-3.547177491e-09
2180356743_b3a3c9a7f6.jpg,-1.113141695e-11
2198964806_c57b0534d3.jpg,3.373773855e-09
3515904775_f8acc5909e.jpg,4.293687271e-09
246094557_e174a5914f.jpg,-1.717518067e-09
427167162_2c99779444.jpg,3.352143143e-10
427082246_5bf1c3676f.jpg,-2.540203197e-09
339658315_fbb178c252.jpg,-3.471255324e-10
3411579899_0f8ed09142.jpg,-2.483374259e-09
3701249979_8bc757e171.jpg,3.537698596e-09
2764178773_d63b502812.jpg,-3.867228142e-09
401476986_73918145a3.jpg,4.467756741e-09
3631810528_7233c0f421.jpg,1.012381369e-09
2755952680_68a0a1fa42.jpg,6.4484871e-10
3606846822_28c40b933a.jpg,-2.244840696e-09
684255145_db3f8e3e46.jpg,2.534422763e-10
3113682377_14fc7b62b0.jpg,-1.028300786e-09
3334537556_a2cf4e9b9a.jpg,-2.750883683e-09
464506846_1734302b58.jpg,-2.879471431e-09
3156113206_53c2a7b5d8.jpg,-4.361800055e-10
2218334049_e649dbdb1a.jpg,2.619965027e-09
1087539207_9f77ab3aaf.jpg,3.385015757e-09
805682444_90ed9e1ef3.jpg,2.701896565e-10
3154152744_4e93ec8a62.jpg,1.7656402e-09
3641999223_942f8198cc.jpg,4.061445039e-09
2934325103_e9b8d7430f.jpg,-4.376908476e-09
3301935788_2bb7bbc515.jpg,3.235250841e-09
2929669711_b2d5a640f0.jpg,-3.324955706e-09
2478929971_9eb6c074b6.jpg,5.767107511e-09
1476241331_2f43b67aed.jpg,1.97457193e-09
2480021389_dda9fb2818.jpg,4.534410724e-09
2921430836_3b4d062238.jpg,2.723401474e-09
3245939062_8ffe1d2be5.jpg,9.568533847e-09
2489602993_896c1ea40a.jpg,5.642578553e-09
3134387321_3a253224c1.jpg,8.15196762e-09
1056873310_49c665eb22.jpg,-8.385771915e-10
862054277_34b5a6f401.jpg,-6.047663129e-10
3621177753_1718c30ea0.jpg,-3.15610149e-09
2097489021_ca1b9f5c3b.jpg,7.474429417e-11
3079786914_fe598b0e54.jpg,8.111907954e-11
3107368071_724613fc4f.jpg,-3.268577993e-09
1358892595_7a37c45788.jpg,4.087141053e-09
3018467501_a03d404413.jpg,2.615390751e-09
477768471_d7cd618fdb.jpg,7.193251332e-09
3275527950_41aca690a1.jpg,3.614466865e-09
2866696346_4dcccbd3a5.jpg,1.126285802e-09
2814406547_a237ef0122.jpg,3.485896404e-10
3593556797_46b49a02a8.jpg,-1.802312602e-09
3512033861_a357bb58b6.jpg,-6.209199947e-10
2196284168_76417efbec.jpg,3.840988715e-09
3218480482_66af7587c8.jpg,-1.81476253e-09
159712188_d530dd478c.jpg,1.034734056e-08
3348384389_73b6647017.jpg,-3.786008688e-09
701816897_221bbe761a.jpg,-1.235265193e-09
3119903318_d032141839.jpg,-1.343290461e-08
3711664623_ef87105ea7.jpg,-3.775010455e-10
3353328134_dd9ed0edab.jpg,-1.44008704e-09
3014080715_f4f0dbb56e.jpg,-2.08489146e-09
2731171552_4a808c7d5a.jpg,9.292874358e-10
3111502208_71e2a414f5.jpg,4.450221821e-10
1348113612_5bfc5f429e.jpg,1.400970737e-09
3306464579_1b16a0caf2.jpg,-1.642698711e-10
3648988742_888a16f600.jpg,-2.71425316e-09
2234702530_a265a4df22.jpg,7.36825004e-11
947969010_f1ea572e89.jpg,6.480117582e-09
305199420_89f6ddd778.jpg,-5.401757368e-09
2887750774_920eb171aa.jpg,3.313801627e-10
3039209547_81cc93fbec.jpg,-1.310963558e-08
405537503_f66ecc5073.jpg,1.525634224e-09
2473791980_805c819bd4.jpg,2.82977542e-09
480607352_65614ab348.jpg,2.156525994e-10
3314517351_69d70e62bd.jpg,-7.548225333e-09
241345446_2e47ae8ddc.jpg,5.257447562e-10
3330935489_9cb67ca36b.jpg,5.029057097e-09
482088914_e6ea4501e9.jpg,3.940891122e-09
1449692616_60507875fb.jpg,2.484954206e-09
3386953179_84c2d7922f.jpg,-5.198560723e-09
56489627_e1de43de34.jpg,4.854600179e-10
957230475_48f4285ffe.jpg,5.930117196e-10
134894450_dadea45d65.jpg,2.314065282e-09
278002947_3fd22a2cb6.jpg,1.085059157e-10
3421104520_6a71185b3c.jpg,2.496852216e-09
241346260_f50d57b517.jpg,-5.490871512e-09
3371533654_73a12a35a4.jpg,1.003493351e-09
1022454428_b6b660a67b.jpg,-4.466723465e-09
3652764505_87139e71f8.jpg,4.367370879e-10
2916586390_664f0139ea.jpg,-2.128971548e-10
181777261_84c48b31cb.jpg,-8.366686934e-10
3349451628_4249a21c8f.jpg,3.862006263e-09
3108378861_d2214d971e.jpg,6.788785872e-09
1348304997_afe60a61df.jpg,-7.047463744e-10
3268407162_6274e0f74f.jpg,1.114727719e-09
503794526_603a7954d3.jpg,-7.199239524e-11
2689163361_4939875be5.jpg,3.688229352e-09
956164675_9ee084364e.jpg,-7.44973617e-09
2063277300_f7ff476914.jpg,-6.442955661e-10
3028404926_2bd27e3e83.jpg,1.967682909e-09
393987665_91d28f0ed0.jpg,8.527012766e-10
2635905544_dbc65d0622.jpg,-5.50914558e-10
3170802797_3c851bb475.jpg,-2.961761736e-09
496129405_b9feeda1ab.jpg,-1.817217215e-09
464527562_a18f095225.jpg,-3.853741506e-10
1342766791_1e72f92455.jpg,-3.972641467e-10
264928854_d9e61f3a8e.jpg,-2.897585244e-09
333973142_abcd151002.jpg,-1.045841402e-09
3629492654_619d7b67ee.jpg,1.676215989e-09
1921398767_771743bf4e.jpg,-6.006837207e-10
242558556_12f4d1cabc.jpg,-4.57229229e-09
2439813616_c9ac54cc9f.jpg,6.479517501e-10
2144049642_070cf541b4.jpg,-6.16104814e-09
3375920709_ef7370fa09.jpg,-3.309258486e-09
2537119659_fa01dd5de5.jpg,-3.135770216e-09
3635177305_bfbe1fc348.jpg,-1.715326858e-09
3361210233_962d630ec5.jpg,-3.415088461e-09
3532192208_64b069d05d.jpg,-3.501061867e-09
516725192_c9cdd63878.jpg,-1.629143722e-09
2860372882_e0ef4131d4.jpg,3.988113939e-09
3632258003_6a0a69bf3a.jpg,9.275816959e-09
1311132744_5ffd03f831.jpg,-1.019058251e-09
2754898893_95239c1f19.jpg,2.22223769e-09
1452361926_6d8c535e32.jpg,4.656143935e-09
3487419819_e3f89444ce.jpg,1.882516534e-09
2824922268_3fafb64683.jpg,2.627269519e-09
3474985382_26e1560338.jpg,-2.718423646e-09
3381038951_225bb163af.jpg,-3.406140346e-09
2470588201_955132a946.jpg,6.421647426e-09
2975018306_0e8da316f5.jpg,-2.598550679e-09
2949762776_52ece64d28.jpg,2.733126161e-09
2482629385_f370b290d1.jpg,-2.455454064e-09
2993167183_2bda95fa3d.jpg,-1.512877847e-09
2328106090_b7c2725501.jpg,-5.298106166e-09
1322323208_c7ecb742c6.jpg,-6.698307835e-09
2578003921_e23b78e85f.jpg,2.377389851e-09
3321334180_8f764e0e0f.jpg,-3.398097878e-09
3373544964_c9f1253b7d.jpg,-8.938693962e-10
444881000_bba92e585c.jpg,1.573785618e-09
236518934_c62a133077.jpg,4.745223839e-09
3295418287_5d590dac43.jpg,-1.636434086e-09
3138746531_f6b816c126.jpg,3.216232477e-09
2971431335_e192613db4.jpg,-4.534301681e-09
3199460792_deef518c01.jpg,-1.638218204e-09
1082379191_ec1e53f996.jpg,7.030552314e-09
2921670682_6a77a6c3e9.jpg,2.758157325e-09
2393971707_bce01ae754.jpg,-6.864305075e-10
241345905_5826a72da1.jpg,-6.370062504e-09
3467843559_a457ce37b6.jpg,-9.962768234e-10
2561334141_0aacefa5e7.jpg,-2.249813688e-09
3662963630_8f097e38d4.jpg,-4.442165046e-09
3498417123_3eae6bbde6.jpg,2.187095503e-09
2156131463_5b53636cf0.jpg,4.730428532e-09
749840385_e004bf3b7c.jpg,6.040231938e-10
334737767_7f344eee16.jpg,-3.392772284e-09
640203018_c0e7175831.jpg,-4.622916377e-09
3323514651_3efdbd63ed.jpg,2.21314048e-09
1007320043_627395c3d8.jpg,2.15617244e-09
2185793891_5a5e903ca6.jpg,-2.08763383e-09
2692635048_16c279ff9e.jpg,-1.633136663e-09
2842439618_fb20fe2215.jpg,-2.468703943e-09
2308271254_27fb466eb4.jpg,2.157209595e-09
2326879311_555ebef188.jpg,-6.156323681e-09
2561341745_2d77d3ff7d.jpg,1.161387463e-09
2506892928_7e79bec613.jpg,-3.010366433e-10
1164765687_7aca07bbe7.jpg,-8.417622306e-09
3345025842_bc2082a509.jpg,3.034989523e-09
827941668_2e4ac6cb39.jpg,-6.187124878e-09
344078103_4b23931ce5.jpg,-8.86532134e-10
408748500_e8dc8c0c4f.jpg,-6.697838588e-10
2085403342_a17b0654fe.jpg,3.562556878e-09
2501942587_e59b91d1da.jpg,2.528968776e-09
3025438110_40af7e6a80.jpg,-1.435084298e-09
977856234_0d9caee7b2.jpg,1.919390633e-09
3118425885_f0cc035032.jpg,-1.183049947e-09
3694991841_141804da1f.jpg,3.739633486e-09
3165826902_6bf9c4bdb2.jpg,7.526319363e-10
3532194771_07faf20d76.jpg,-3.657026954e-09
3156406419_38fbd52007.jpg,-1.39138328e-09
2797188545_aeb26c54c0.jpg,-1.386240434e-09
3480052428_c034b98a08.jpg,9.902969918e-10
3207343907_995f7ac1d2.jpg,4.338008208e-09
3367053761_8ec5834bf3.jpg,2.488050587e-09
297285273_688e44c014.jpg,-1.988072595e-09
3326273086_e09e845185.jpg,2.692759277e-09
2534652796_c8a23288ab.jpg,3.108699558e-09
3549140234_e99b07c739.jpg,-1.885127753e-09
708945669_08e7ffb9a7.jpg,-3.2135563e-09
2885382946_f541ea5722.jpg,-1.680647657e-09
489773343_a8aecf7db3.jpg,4.318755263e-09
27782020_4dab210360.jpg,-4.164035704e-09
2537197415_af7c30dfc8.jpg,-3.382411223e-10
2608289957_044849f73e.jpg,3.423274582e-09
3284460070_6805990149.jpg,-1.731452822e-09
1818403842_553a2a392c.jpg,-5.390853269e-09
2437266971_b91a8f9a00.jpg,-3.594760904e-10
3427118504_93126c83e0.jpg,1.278148861e-09
3195147187_a073d59fa8.jpg,8.903251896e-10
1449625950_fc9a8d02d9.jpg,-5.254794448e-09
2165677531_e1d5e086f7.jpg,-3.754920646e-09
781118358_19087c9ec0.jpg,-5.450165449e-09
454709143_9c513f095c.jpg,1.46201118e-09
987907964_5a06a63609.jpg,9.768621115e-09
386655611_1329495f97.jpg,5.369609275e-10
859620561_de417cac1e.jpg,-2.084946096e-09
944788251_a0bcd4b960.jpg,3.047216716e-09
3004359992_f6b3617706.jpg,3.355912809e-09
3295680663_af21ea648b.jpg,7.891895629e-09
2541701582_0a651c380f.jpg,-8.474495652e-09
219843859_94b6d0a580.jpg,3.829062372e-10
242064301_a9d12f1754.jpg,-2.507690499e-09
246901891_4c4ea49c3a.jpg,-3.222547626e-09
446291803_2fd4641b99.jpg,-3.487466646e-09
3178371973_60c6b8f110.jpg,9.645181813e-09
388386075_9ac3a89ada.jpg,2.583352484e-09
374124237_51f62b6937.jpg,5.659969168e-09
2971298546_dd595cf297.jpg,4.513088292e-09
3187117682_986ffd6b67.jpg,3.808856247e-09
3134092148_151154139a.jpg,-5.945314362e-09
3542484764_77d8920ec9.jpg,-3.602308997e-09
1107246521_d16a476380.jpg,6.897630368e-09
3490186050_4cb4193d4d.jpg,-3.614879204e-09
2298661279_016d87ba2f.jpg,1.89883615e-09
3694093650_547259731e.jpg,2.164942397e-10
2615623392_ab2b9759ae.jpg,-5.381437269e-09
1428578577_82864facae.jpg,-2.067520315e-09
3093971101_543237971d.jpg,-7.11212311e-09
3280173193_98c2d6a223.jpg,5.511451467e-09
2284894733_b710b9b106.jpg,-2.773277582e-09
2947172114_b591f84163.jpg,-4.645306229e-09
742073622_1206be8f7f.jpg,-3.344516283e-09
3122938209_2b2c6c1fab.jpg,-3.048178288e-09
2698197294_ccd9327ef6.jpg,-2.98712215e-09
2934000107_d2ff15c814.jpg,4.908596938e-10
2819254573_9ecb5f4d5e.jpg,5.024579018e-09
3095137758_bdd1e613dd.jpg,3.183096e-09
3462396164_ba9849c14b.jpg,-3.102601804e-09
495014499_8fd065cfd9.jpg,-9.55726265e-09
2422482455_b98d9c2120.jpg,-6.99441967e-09
1240297429_c36ae0c58f.jpg,6.697132271e-09
820169182_f5e78d7d19.jpg,3.902186052e-09
2207244634_1db1a1890b.jpg,5.203724059e-09
3463034205_e541313038.jpg,-7.213157848e-09
1117972841_2b9261f95f.jpg,-4.182783424e-09
2908512223_7e27631ed4.jpg,1.159792531e-09
2097407245_c798e0dcaf.jpg,5.408254641e-09
3383491811_fd9d3a891d.jpg,2.193731681e-09
3549408779_4d453db080.jpg,-5.712411321e-09
3215117062_6e07a86352.jpg,7.566523227e-10
3173157541_70b16b4318.jpg,-3.116922471e-09
3632047678_f202609e50.jpg,-8.293313931e-10
2964438493_413667c04a.jpg,-1.208042137e-09
2769731772_18c44c18e2.jpg,-3.210604531e-09
3351493005_6e5030f596.jpg,1.415842477e-09
3727752439_907795603b.jpg,-2.327364514e-09
247778426_fd59734130.jpg,6.826081258e-09
1357753846_6185e26040.jpg,-7.870841683e-09
3382105769_b1a4e4c60d.jpg,3.772066349e-09
225909073_25c3c33a29.jpg,3.457331922e-10
3533145793_5d69f72e41.jpg,6.192174729e-09
2978810122_183e60ff2d.jpg,-7.102453807e-10
455856615_f6361d9253.jpg,7.43412177e-09
3286543624_7a327f79ae.jpg,-4.554879799e-09
2574084102_f2be3f73cb.jpg,-1.038664113e-09
3336065481_2c21e622c8.jpg,6.942662877e-09
3254662117_b2e7dede6e.jpg,-3.032922497e-09
1397923690_d3bf1f799e.jpg,-3.9405191e-09
3690107455_0fdb4ecee7.jpg,-6.205642425e-09
3334866049_f5933344aa.jpg,-3.20232169e-09
2319197581_94f807b204.jpg,2.480636238e-09
2787276494_82703f570a.jpg,-1.970256596e-10
2707244524_d57120d74a.jpg,1.622883999e-09
3217910740_d1d61c08ab.jpg,5.602993878e-10
3537201804_ce07aff237.jpg,6.166576423e-09
946051430_8db7e4ce09.jpg,6.007570532e-09
561179884_8b6b925ef9.jpg,-6.697867961e-09
2613993276_3c365cca12.jpg,-2.346937968e-09
300765528_8c8f709dda.jpg,1.483109315e-09
2244024374_54d7e88c2b.jpg,-2.924854178e-09
2527713011_b0ec25aa54.jpg,-2.830765785e-09
3343197133_9256848fa9.jpg,6.903564163e-10
3668259129_e073af1533.jpg,1.815924569e-09
3510219078_670b6b3157.jpg,-4.790550665e-09
3303787342_b258b377b6.jpg,-1.567942895e-09
3219210794_4324df188b.jpg,3.661480014e-09
3063544435_10516c6937.jpg,-5.549791428e-09
3100442775_6e2659b973.jpg,6.105082983e-09
3118505332_b0792489b5.jpg,-1.639555679e-11
3595412126_4020d4643b.jpg,2.778942224e-09
3457604528_302396c08c.jpg,1.460495636e-09
3585488964_1467945775.jpg,4.524114398e-09
2277299634_e14bdb7ff7.jpg,4.268587126e-09
3259231890_16fe167b31.jpg,6.928048509e-09
2826769554_85c90864c9.jpg,-2.757288225e-10
822836318_21544f0f78.jpg,-6.346924973e-09
3396817186_b299ee0531.jpg,-6.109542918e-09
3553225222_f5ebe44af1.jpg,1.293916426e-09
2424976964_98f58a0618.jpg,-8.504074418e-10
2165461920_1a4144eb2b.jpg,6.095340593e-09
2693539377_5442430f81.jpg,-1.028815767e-08
3400135828_0ac128b6eb.jpg,3.2969391e-10
2825483885_3f7c54db3e.jpg,-2.760873231e-09
2880051254_e0ca96b6be.jpg,-6.41124267e-10
3046431231_dc48851062.jpg,1.029789442e-09
263850317_5bb3a18a08.jpg,-2.705456722e-09
3687996569_99163a41c3.jpg,-8.459022859e-09
2578161080_e007c9177a.jpg,-1.921516793e-09
224702242_a62aaa6dff.jpg,2.044052507e-09
2884252132_5d8e776893.jpg,3.484799939e-09
3657016761_d553e514d9.jpg,-6.059317374e-09
2872963574_52ab5182cb.jpg,1.539999035e-09
2975253472_0f0c2dea70.jpg,-2.389735934e-09
3597146852_3d000a5d5f.jpg,-2.338150281e-09
428485639_a82635d6ee.jpg,5.446469085e-09
2210368267_0615754b48.jpg,1.297542029e-09
543264612_c53cc163b4.jpg,4.097882449e-09
3381392182_db2c42430e.jpg,6.197856555e-09
3673165148_67f217064f.jpg,5.673007717e-09
2790909995_8b7a03d9d1.jpg,1.123170548e-08
3599568766_9e96def0ef.jpg,-1.427279059e-09
3478591390_b526580644.jpg,2.988526961e-10
3222749441_3bdfe088e3.jpg,-2.200060381e-09
35506150_cbdb630f4f.jpg,-2.013550707e-09
3287549827_04dec6fb6e.jpg,1.049722946e-10
3186556417_b2d6921a20.jpg,9.1370797e-09
3148193539_de9dd48fc8.jpg,-1.928288355e-09
3494723363_eaa6bc563b.jpg,1.425697459e-09
348380010_33bb0599ef.jpg,3.654964572e-09
3559993787_c49644dcc5.jpg,5.78072815e-09
3299418821_21531b5b3c.jpg,-4.123923164e-09
494907021_321e82877a.jpg,2.50330162e-09
3362189985_fbae8f860a.jpg,1.063894741e-09
1572286502_64e5c4b920.jpg,7.258407839e-10
2344412916_9a5a9b1c82.jpg,3.199628316e-09
3182558164_488b819f14.jpg,1.474655096e-09
3558251719_3af5ae2d02.jpg,-9.585792262e-10
3461110860_37ef15af8e.jpg,-1.822279695e-10
425088533_a460dc4617.jpg,1.360343635e-09
2208310655_a3d83080c5.jpg,1.424888794e-10
3019923691_3b3c5a4766.jpg,2.942964973e-09
251792066_b5233b3d86.jpg,3.317825865e-10
2443380641_7b38d18f5b.jpg,-1.914522444e-09
210126070_0d43b300b9.jpg,5.106644437e-09
2888386138_578d21033a.jpg,1.987761221e-09
2100816230_ff866fb352.jpg,5.702047204e-09
180506881_de0f59770f.jpg,-7.243116454e-10
3244470342_c08f6bb17e.jpg,-3.456251564e-09
1808370027_2088394eb4.jpg,-6.344377156e-09
2984174290_a915748d77.jpg,3.951288504e-09
2565618804_8d7ed87389.jpg,7.678358144e-09
207275121_ee4dfa0bf2.jpg,2.805782972e-09
3294202771_e8ee78a439.jpg,4.412228157e-09
3515451715_ac5ac04efa.jpg,-2.506757099e-09
369186134_5eef374112.jpg,3.748295734e-09
3136688093_568b053bdf.jpg,-1.004690801e-08
3259991972_fce3ab18b2.jpg,8.170167291e-10
3273625566_2454f1556b.jpg,1.383002445e-09
2719101587_4ba70dee14.jpg,4.106775738e-09
300222673_573fd4044b.jpg,3.916046606e-09
3682038869_585075b5ff.jpg,-2.730121285e-09
525887861_4cc7a1beca.jpg,3.576515584e-09
3123770450_cedc16d162.jpg,8.607067932e-09
2899594400_61b4f6c114.jpg,4.030356275e-09
2192475933_d779bf42eb.jpg,1.113139648e-09
319870744_0e0138d205.jpg,7.82161501e-09
930748509_8ca5cf5c24.jpg,4.320360311e-09
3618115051_41b5a7706c.jpg,3.817836252e-09
267836606_bbea2267c8.jpg,3.40391283e-09
2954525375_9d5ca97341.jpg,4.802422293e-09
3241726740_6d256d61ec.jpg,1.248212461e-09
3360823754_90967276ec.jpg,-6.71636606e-10
3074617663_2f2634081d.jpg,2.810788764e-09
470887791_86d5a08a38.jpg,-7.140807963e-10
3261493263_381a4c5cc7.jpg,4.036270567e-11
534200447_b0f3ff02be.jpg,2.812622905e-10
488352274_9a22064cb3.jpg,2.506757675e-10
3677734351_63d60844cb.jpg,-5.239388255e-09
2528489543_546c1ca81f.jpg,-3.528610994e-09
3179336562_c3d0c0a3bd.jpg,4.886736627e-09
3152317129_177b4678b7.jpg,-5.562492425e-09
2273799395_5072a5736d.jpg,-3.795072848e-10
3260768565_2b725be090.jpg,-1.540811553e-10
2558911884_856dfc3951.jpg,1.057889814e-08
3166366760_e43cf66eda.jpg,1.512943129e-09
519754987_51861fea85.jpg,-3.292893904e-09
2340919359_f56787d307.jpg,-3.534090025e-09
3176277818_235486a3cd.jpg,-9.541752761e-09
2467856402_0490413d38.jpg,-2.729375056e-09
281754914_bc8119a0ed.jpg,-1.137479348e-10
3303797949_339bb969ba.jpg,-1.2448058e-08
3593220756_5c416c3ceb.jpg,-3.111219612e-09
3304030264_da3dd18c7b.jpg,6.308178145e-09
247619370_a01fb21dd3.jpg,-6.042884902e-10
3401902253_cd27e6d0fe.jpg,6.885947422e-09
3050114829_18bc5a6d7c.jpg,-1.096788195e-08
1129704496_4a61441f2c.jpg,-6.616090243e-09
2266144051_614b2d62b0.jpg,-2.060288453e-09
3712574653_e009f76d19.jpg,5.749118967e-09
502783522_3656f27014.jpg,-3.649372411e-09
2218907190_5f43bf5e4d.jpg,8.634795057e-10
3014169370_fc4059352e.jpg,-5.282908779e-10
2679851489_a58780291e.jpg,-3.954486377e-09
2768021570_46bc6325e3.jpg,1.205600294e-08
3064097919_e536ab9693.jpg,4.16219384e-09
1299459562_ed0e064aee.jpg,1.475546497e-09
2593406865_ab98490c1f.jpg,1.787042626e-09
2141065212_463a6997e1.jpg,3.001833054e-09
3453019315_cfd5c10dae.jpg,-4.639992008e-10
3462512074_2b4db1ffd6.jpg,-5.458052589e-10
3556792157_d09d42bef7.jpg,5.328912888e-09
2643309379_2cde08516c.jpg,3.512804631e-09
2696866120_254a0345bc.jpg,-3.153470451e-09
2706430695_3b5667741c.jpg,4.412853046e-11
3474406285_01f3d24b71.jpg,-1.368290272e-09
2695085448_a11833df95.jpg,3.101087736e-09
2562463210_d0dfd545ca.jpg,3.399085437e-09
3574244361_715ac347cd.jpg,-2.35068427e-09
485741580_ab523fa657.jpg,-7.730626224e-10
2480327661_fb69829f57.jpg,-4.142122193e-09
2300168895_a9b83e16fc.jpg,1.994001028e-09
3050264832_4215f2b398.jpg,3.253667329e-09
458004873_f084c47a88.jpg,5.651098741e-09
191003285_edd8d0cf58.jpg,6.374553137e-09
2288099178_41091aa00c.jpg,-4.125329114e-09
3274375509_4fe91a94c0.jpg,3.407903902e-09
3319586526_3994e9cd58.jpg,-1.213408011e-09
2393196444_8f4f540f5f.jpg,-2.6678413e-09
2838085973_42b6e9b5b1.jpg,-2.443853787e-09
2704362232_7d84503433.jpg,-3.110211696e-09
2045562030_654ddea5e5.jpg,1.906581921e-09
1332492622_8c66992b62.jpg,-7.744879697e-10
2367318629_b60cf4c4b3.jpg,-5.829562441e-09
2729147877_c3ec3445bf.jpg,-4.880481818e-10
481732592_b50194cb89.jpg,-7.107771888e-10
2772532341_c4597a94ed.jpg,2.743990846e-09
3017656907_c3b137e070.jpg,-6.944702628e-09
3486538055_bcf4d3dfda.jpg,4.114263401e-10
2234910971_80e0325918.jpg,3.568013816e-09
2991993027_36ac04e9a0.jpg,-6.230043984e-09
2832453252_a06f7826a8.jpg,3.149649224e-09
2527163162_d0fb802992.jpg,2.505810007e-09
2992658871_ac786d37a6.jpg,-1.054396899e-09
1248357227_2b4175fc39.jpg,6.800069867e-10
2055646179_169807fed4.jpg,3.807752163e-09
3482859574_3908de3427.jpg,-2.655596036e-09
2848571082_26454cb981.jpg,-5.181743644e-09
3428386573_670f5362f0.jpg,-8.750377203e-10
2873431806_86a56cdae8.jpg,-1.707481633e-09
2249865945_f432c8e5da.jpg,4.410306377e-09
514905846_b54d13946a.jpg,-1.555551159e-09
469259974_bb03c15c42.jpg,2.735123066e-10
2900048238_74bd69d87d.jpg,-3.068353823e-09
543603259_ef26d9c72d.jpg,-3.43819883e-09
2239938351_43c73c887c.jpg,7.095649046e-09
535309053_ec737abde8.jpg,4.532846024e-10
2034553054_b00c166895.jpg,3.212628426e-09
3406930103_4db7b4dde0.jpg,8.181546425e-09
2096771662_984441d20d.jpg,8.981933727e-09
2594459477_8ca0121a9a.jpg,7.378400693e-11
3117336911_a729f42869.jpg,4.640732581e-09
3351418768_596ef7fd6f.jpg,-3.032639891e-09
3619806638_7480883039.jpg,-1.77191758e-09
2603690144_7a28b1d13c.jpg,3.051589279e-09
3497502407_ec566442c9.jpg,6.215647657e-09
2159447283_fab8c272b0.jpg,1.361984158e-09
3235746553_a40416c00e.jpg,-3.172672195e-09
2188192752_09d9fc5431.jpg,3.333002373e-09
3491013009_572cf2c18a.jpg,-2.588110368e-11
3411393875_a9ff73c67a.jpg,-1.64801053e-09
3656906086_7034f69ab6.jpg,6.113642869e-09
2720215226_5a98ff2bd3.jpg,-2.177887459e-09
2343879696_59a82f496f.jpg,-1.606631168e-09
3283626303_8e23d4a842.jpg,-6.538292341e-11
3171188674_717eee0183.jpg,1.514389205e-09
3444974984_963fb441a0.jpg,-1.110527513e-09
3354414391_a3908bd4ff.jpg,2.276886014e-09
3609026563_9c66f2dc41.jpg,-6.082366228e-10
3397220683_4aca010f86.jpg,4.807773353e-09
2684323357_c7a6d05d05.jpg,4.756168839e-09
3139837262_fe5ee7ccd9.jpg,3.974702366e-10
3522349685_f046f0e250.jpg,6.477245915e-10
3326204251_2f9e446a2f.jpg,4.036198241e-09
2846037553_1a1de50709.jpg,-7.129940473e-09
3366571152_20afb88ac1.jpg,1.960378685e-09
3726076549_0efb38854b.jpg,5.569752534e-10
2201222219_8d656b0633.jpg,1.808217295e-09
224273695_0b517bd0eb.jpg,-1.607218783e-09
1679617928_a73c1769be.jpg,-6.980146127e-10
3259579174_30a8a27058.jpg,7.130957462e-09
3273489163_8209545810.jpg,-4.327817491e-09
2456030728_d3d147e774.jpg,-2.519864201e-09
3622216490_1314a58b66.jpg,2.97085793e-09
3002920707_5d2e6e6aac.jpg,-5.479618376e-11
444057017_f1e0fcaef7.jpg,1.741827135e-09
3490528249_6aae9b867b.jpg,-2.193973284e-09
1472249944_d887c3aeda.jpg,-1.874369838e-09
2714220101_c31db50b10.jpg,9.597385214e-10
3046190891_05c6ecd9b6.jpg,-8.407788668e-09
2604825598_593a825b5b.jpg,5.445013672e-09
3098707588_5096d20397.jpg,2.963484279e-10
307321761_606fc91673.jpg,1.230469786e-08
757332692_6866ae545c.jpg,3.571148848e-09
3609952704_3719ab0524.jpg,2.564381224e-09
2362481035_a7600875d0.jpg,-2.95950213e-09
2968885599_0672a5f016.jpg,-3.314947605e-09
3174431688_ae84778db0.jpg,-5.860213845e-09
1178705300_c224d9a4f1.jpg,-6.903258919e-09
2949014128_0d96196261.jpg,-2.193273851e-09
3139238055_2817a0c7d8.jpg,4.2374725e-11
3504881781_6a842e043b.jpg,1.156775451e-08
478209058_21e2c37c73.jpg,3.218055828e-10
2600442766_e750ec9a56.jpg,1.366796406e-08
3415003392_139c0f3586.jpg,4.30262118e-09
2285570521_05015cbf4b.jpg,-4.959501872e-10
652542470_60e858da64.jpg,1.480381616e-09
161905204_247c6ca6de.jpg,3.701010764e-10
3080056515_3013830309.jpg,-5.842131397e-09
345785626_9fa59f38ce.jpg,-1.066699453e-09
1765164972_92dac06fa9.jpg,-5.788165775e-09
3469711377_bc29d48737.jpg,5.335825556e-09
1659396176_ced00a549f.jpg,-5.583341588e-09
2461372011_ebbf513766.jpg,-1.852491597e-09
630476551_2ee7399f77.jpg,-5.521738887e-09
200771289_31902164a7.jpg,-4.652422763e-09
2312984882_bec7849e09.jpg,-4.632940461e-09
3653837067_94050699ec.jpg,-4.592683996e-09
1932161768_996eadac87.jpg,3.895545465e-09
1096165011_cc5eb16aa6.jpg,-1.06068036e-09
118309463_a532b75be9.jpg,3.318159857e-09
3366105287_49a4bf71c6.jpg,1.994371229e-09
2346523971_d3f1e12ce4.jpg,-2.282372318e-09
539761097_5c6c70425b.jpg,1.343716327e-09
2268109835_d6edbe1c2b.jpg,6.786716411e-09
3053743109_a2d780c0d2.jpg,6.225719661e-09
3055716848_b253324afc.jpg,-1.227601575e-10
3587092143_c63030ed6d.jpg,1.609204337e-09
3579842996_3a62ec1bc7.jpg,2.160436334e-09
327997381_55f90dc834.jpg,3.910485495e-09
214501174_6db1f4d69c.jpg,-6.040684262e-09
3562050678_4196a7fff3.jpg,-6.118706756e-11
2281054343_95d6d3b882.jpg,-1.459470114e-09
3046949818_245b05f507.jpg,-5.271453641e-09
923550133_ac9d7a2932.jpg,-6.645443131e-10
2508918369_2659db1cb6.jpg,-2.312882652e-11
3687996279_05b5a2a706.jpg,2.443582781e-09
391020801_aaaae1e42b.jpg,-5.410562834e-09
1262077938_8b9516c273.jpg,3.006304311e-09
3439382048_d2e23b2b4c.jpg,-9.963130046e-10
470903027_489cc507de.jpg,2.455676786e-09
3569284680_44fef444ef.jpg,3.539920852e-09
440190907_bf8b7ba8ef.jpg,-3.864123835e-10
482830610_13a0a6c924.jpg,-5.499327236e-09
428408242_b32faf2240.jpg,-1.380692459e-09
3071676551_a65741e372.jpg,-6.626229635e-09
458183774_afe65abf67.jpg,1.702350854e-09
3351704877_28dea303aa.jpg,-1.002731117e-09
3069037969_bb7319e0dc.jpg,3.371818061e-09
2385871317_44cde2f354.jpg,-3.104501186e-09
3604383863_5e387cb8e6.jpg,3.845523667e-09
234241682_51d9fabb27.jpg,-2.59904765e-09
2502354602_f4d6dcf42d.jpg,2.935255678e-09
36422830_55c844bc2d.jpg,2.01503157e-09
3065560742_f6e266ccd9.jpg,8.035907515e-09
2842865689_e37256d9ce.jpg,6.127377989e-09
872512911_ca383b40e4.jpg,8.775056883e-09
2252403744_148fc11f68.jpg,-9.904182972e-09
2073964624_52da3a0fc4.jpg,4.365545288e-09
3151860914_46e30cd5ea.jpg,9.55427822e-10
3124838157_7ef96745b7.jpg,3.915398927e-09
3371567529_606fa3452b.jpg,2.779370618e-09
3119076670_64b5340530.jpg,-2.841539071e-09
3674565156_14d3b41450.jpg,-3.641020039e-10
2205336881_d9ee4179d3.jpg,2.575425864e-09
1355945307_f9e01a9a05.jpg,4.513716686e-09
269986132_91b71e8aaa.jpg,-1.298759272e-09
3490867290_13bcd3a7f0.jpg,3.154659778e-09
2556392380_ee57514233.jpg,-2.398068794e-09
2335619125_2e2034f2c3.jpg,2.463738868e-10
12830823_87d2654e31.jpg,-4.194640823e-09
226531363_33ac01d931.jpg,-1.580027272e-09
2320125735_27fe729948.jpg,-8.38509038e-10
2267819545_446c5a3e18.jpg,-3.08500253e-09
294098577_c10f32bcfa.jpg,-3.776562289e-09
510531976_90bbee22a2.jpg,3.435777659e-09
528498076_43f0ef36b5.jpg,-3.187040619e-09
2301525531_edde12d673.jpg,-1.678534122e-09
1174629344_a2e1a2bdbf.jpg,3.59441449e-09
929679367_ff8c7df2ee.jpg,-3.814440707e-09
300550441_f44ec3701a.jpg,3.641246179e-09
3295391572_cbfde03a10.jpg,-2.005560975e-09
3042679440_010b2c596c.jpg,-9.549138214e-10
2496399593_a24954a5ca.jpg,-1.313932009e-09
2554531876_5d7f193992.jpg,2.958026654e-09
2626158969_ac09aeb88d.jpg,-4.815924417e-09
1468103286_96a6e07029.jpg,1.462120541e-09
3053415073_5b667230ed.jpg,1.415610035e-09
2994104606_bc2df6c1f4.jpg,2.5721215e-09
2120571547_05cd56de85.jpg,2.048204225e-11
2139519215_8ca16dd192.jpg,3.05337132e-09
2679565682_91ecd283ff.jpg,3.053564867e-09
2873445888_8764699246.jpg,7.717559209e-09
2882483779_73c171ac19.jpg,4.288868108e-09
3539767254_c598b8e6c7.jpg,7.681681889e-09
3089107423_81a24eaf18.jpg,-7.849686297e-09
111537217_082a4ba060.jpg,6.140192628e-10
2699125097_c6801d80ed.jpg,-3.932029993e-10
3175446111_681a89f873.jpg,1.814752004e-09
3574627719_790325430e.jpg,-2.675382128e-09
3163198309_bbfe504f0a.jpg,-3.983257119e-09
2419797375_553f867472.jpg,-2.512667319e-09
510791586_3913ade6a7.jpg,1.433261656e-10
360723732_23199af4bf.jpg,-1.102654028e-09
3137061312_eb5fdcf3fd.jpg,6.378750163e-11
2648165716_02e2e74fd6.jpg,-4.215173322e-09
3549614763_42f34f3d1e.jpg,-4.359664109e-09
3564385317_1bf5094068.jpg,5.955249606e-09
3598447435_f66cd10bd6.jpg,9.324779681e-09
2216568822_84c295c3b0.jpg,-3.366916991e-09
3400082864_9c737c1450.jpg,4.247925505e-09
2584412512_6767593f24.jpg,3.373352205e-09
3224227640_31865b3651.jpg,2.026050847e-10
443430496_3fea95a07d.jpg,2.653473422e-10
438639005_208bc59b0b.jpg,6.485093109e-10
330325191_63e11d9c93.jpg,-4.43578428e-09
106514190_bae200f463.jpg,4.700953978e-09
3396275223_ee080df8b5.jpg,-6.967243968e-09
3211316116_a2462e327d.jpg,1.860858629e-09
2215165918_2bf5b659dd.jpg,1.27010448e-10
141755292_7a0b3364cf.jpg,2.410394867e-09
3218861747_5c5c547b66.jpg,-4.771623813e-09
3041487045_b48ac7ed08.jpg,-2.760001308e-09
2991375936_bf4b0a7dc0.jpg,-3.997538884e-09
3241892328_4ebf8b21ce.jpg,-3.313477102e-09
3183777589_460a4f445b.jpg,7.070804666e-10
3047749814_621ed0786b.jpg,2.551807299e-09
3002448718_a478c64fb4.jpg,-4.207511535e-09
3673878924_506c9d767b.jpg,1.157126614e-08
3473534758_1ae3847781.jpg,4.100931545e-09
2514612680_b0d2d77099.jpg,-2.75073994e-09
1691573772_1adef8e40e.jpg,-5.092540358e-09
3225310099_d8e419ba56.jpg,-1.940660309e-09
3275065565_9e2a640fbc.jpg,-1.45108044e-09
418667611_b9995000f4.jpg,6.46303273e-09
3459871361_92d1ecda36.jpg,5.071437422e-09
3069282021_e05e1829f3.jpg,6.597139495e-10
3678100844_e3a9802471.jpg,-8.991113313e-09
1470536919_1f3fd6c65a.jpg,-4.615002156e-09
3335375223_b4da8df523.jpg,4.057512973e-09
3316725440_9ccd9b5417.jpg,-1.888567971e-09
2226440063_c085b30558.jpg,6.589922358e-11
1093716555_801aacef79.jpg,3.169694395e-09
3464871350_3f2d624a9c.jpg,2.131776586e-09
634891010_9fa189effb.jpg,1.030780632e-09
2079554580_f18d5c181b.jpg,-1.640049321e-09
2868776402_aef437e493.jpg,7.192074476e-09
1600208439_e94527b80f.jpg,9.599454182e-10
133189853_811de6ab2a.jpg,-4.371016862e-09
2474918824_88660c7757.jpg,-7.433498034e-09
2797438951_88a3ed7541.jpg,-2.643683406e-09
3613705104_46d854134e.jpg,4.809818883e-10
2980118787_2099de53ec.jpg,-8.754288459e-10
3319020762_d429d56a69.jpg,1.277179965e-10
3540416981_4e74f08cbb.jpg,6.733997883e-09
3429465163_fb8ac7ce7f.jpg,5.495712004e-10
2565237642_bdd46d7cef.jpg,2.445799721e-09
3365783912_e12c3510d8.jpg,2.041865031e-10
1042590306_95dea0916c.jpg,-2.862003206e-09
2925577165_b83d31a7f6.jpg,3.484940519e-10
3230132205_dccfafa5ee.jpg,-1.522438905e-09
462198798_89e2df0358.jpg,4.15778379e-10
2570559405_dc93007f76.jpg,-4.554031692e-09
2847514745_9a35493023.jpg,7.021616096e-09
3601843201_4809e66909.jpg,1.599601529e-09
1457762320_7fe121b285.jpg,3.65836735e-09
1095980313_3c94799968.jpg,-1.329813281e-09
300500054_56653bf217.jpg,-2.182878798e-09
2240539658_dea8db6e55.jpg,3.296078311e-09
3266399073_40820596d5.jpg,1.305890241e-09
3374223949_90776ba934.jpg,2.084391368e-09
3197917064_e679a44b8e.jpg,1.43188057e-09
3426966595_c8c4e1e872.jpg,-1.242510367e-09
3346289227_198fced308.jpg,7.003964841e-10
3094064787_aed1666fc9.jpg,7.859249856e-10
211981411_e88b8043c2.jpg,5.909708256e-09
3279988814_d3693dcb6c.jpg,-3.028075277e-09
3084011664_76d37c6559.jpg,-1.767898132e-09
2561751298_320eef38ec.jpg,6.22604614e-10
3595992258_6f192e6ae7.jpg,-4.679316669e-09
3044500219_778f9f2b71.jpg,-4.598236992e-09
1557451043_f5c91ff6f4.jpg,3.648553858e-09
465994762_1760e83c5d.jpg,1.044366437e-09
1207159468_425b902bfb.jpg,-2.450458122e-09
3376898612_41c91de476.jpg,-6.898570271e-10
2662890367_382eaf83bd.jpg,3.752902295e-09
3409740108_1505489537.jpg,-1.100342639e-09
1355935187_2c99648138.jpg,3.999100158e-09
140377584_12bdbdf2f8.jpg,-1.585098716e-09
3043904009_3b5e0412cd.jpg,-2.19124567e-09
1865794069_6e3a1e57bb.jpg,-6.26491742e-09
2314732154_83bc7f7314.jpg,-5.40757894e-09
2934359101_cdf57442dc.jpg,-7.473553205e-09
2744321686_8811d8428c.jpg,5.571867618e-09
2195620255_6693479734.jpg,4.029152887e-09
3411022255_210eefc375.jpg,-4.345322095e-09
2783620390_02c166c733.jpg,-1.740114678e-09
3431860810_44277cd360.jpg,-3.820038644e-09
2726262796_03bd63a155.jpg,1.084921634e-09
2120411340_104eb610b1.jpg,-3.093488736e-09
523327429_af093fc7cf.jpg,3.063825589e-09
872135364_8c1e47d163.jpg,-1.514117593e-09
1980882959_9a161f3469.jpg,8.76552633e-10
444803340_fdcaab86f9.jpg,-2.199793599e-10
3294717824_3bb7b5d1c8.jpg,-2.37563631e-10
1464120327_d90279ca3a.jpg,-1.619769309e-09
1167669558_87a8a467d6.jpg,-3.515540401e-09
3096918227_f9d26a7db2.jpg,-2.624379171e-09
2949497756_be8e58e6bd.jpg,1.439178525e-09
3608849440_e7d2bed29f.jpg,-2.320140127e-10
2199793371_343809ff70.jpg,3.554043287e-10
2951750234_a4741f708b.jpg,-9.743846284e-09
2884420269_225d27f242.jpg,2.039177408e-09
3447876218_4ccf42d7a0.jpg,-4.71942345e-09
3590557969_d0270d518b.jpg,2.353728051e-09
3373870185_f79163fa51.jpg,-7.847053948e-09
494221578_027f51cdf4.jpg,7.001309914e-09
2671602981_4edde92658.jpg,-8.144645702e-09
3293751136_b0ce285dc3.jpg,2.414187999e-10
3364715316_df8c20bac1.jpg,1.563580198e-09
3405942945_f4af2934a6.jpg,-2.736320629e-09
1991806812_065f747689.jpg,-2.928677909e-09
2926233397_71e617f3a3.jpg,-1.94974297e-09
3084731832_8e518e320d.jpg,-7.451710678e-09
2502079538_10ef2e976b.jpg,-3.260661726e-09
3111402233_6285bcba7a.jpg,-2.006009553e-09
3132903412_b4780d0ccf.jpg,-5.882724449e-09
241345323_f53eb5eec4.jpg,-6.204435711e-10
3277824093_299cbb3138.jpg,2.637541186e-09
3540155303_08225a4567.jpg,3.606798232e-09
823697339_aadbeef495.jpg,7.430304985e-10
58357057_dea882479e.jpg,2.655877981e-09
3335692531_dd4a995f91.jpg,6.738776441e-10
3253060519_55d98c208f.jpg,5.155313261e-09
3339747039_1a8455c210.jpg,1.109507195e-09
3534952095_975cca0056.jpg,-1.071477562e-09
2987121689_f9de6c479b.jpg,4.122599278e-09
2860040276_eac0aca4fc.jpg,5.39959889e-10
3326454455_960e5442e9.jpg,1.056065488e-09
3109268897_d43797fc6a.jpg,-3.490692941e-09
2752809449_632cd991b3.jpg,-5.824974082e-09
2398605966_1d0c9e6a20.jpg,-6.495190415e-09
3491607076_922ec561d9.jpg,4.450110475e-09
3398276602_c7d106c34f.jpg,-4.546591708e-09
656260720_a7db4ce48b.jpg,8.854154485e-10
316577571_27a0e0253e.jpg,8.563621954e-09
2709536455_2a6046e38a.jpg,-3.698085126e-09
3437107047_715c60e9c8.jpg,1.051310626e-09
3146232740_df3da0163b.jpg,-4.448252028e-10
3690189273_927d42ff43.jpg,-3.257348561e-09
143680966_0010ff8c60.jpg,-2.269739191e-09
2085726719_a57a75dbe5.jpg,2.732236759e-09
3415165462_e1cb536d08.jpg,-1.706239802e-09
1277185009_06478dd457.jpg,5.804042717e-09
136644343_0e2b423829.jpg,-5.579799294e-10
1835511273_790eaae6e6.jpg,-6.631341128e-09
2688102742_885e578a3f.jpg,2.285314061e-09
765929807_de381cc764.jpg,2.091951552e-09
3197891333_b1b0fd1702.jpg,-6.489065839e-10
393284934_d38e1cd6fe.jpg,9.884572731e-09
3442242092_e579538d82.jpg,-1.862088636e-09
3640743904_d14eea0a0b.jpg,1.559786104e-09
717673249_ac998cfbe6.jpg,1.407034963e-09
1466479163_439db855af.jpg,-7.622528925e-09
3626964430_cb5c7e5acc.jpg,4.716103076e-11
3244586044_205d5ae2ba.jpg,2.34176498e-09
3662406028_29b9e46a6f.jpg,-4.235932133e-10
3421928157_69a325366f.jpg,8.286901666e-09
2662262499_3cdf49cedd.jpg,-3.682935686e-09
3264350290_f50494e835.jpg,-2.991811957e-09
3257182199_5fda78d870.jpg,-4.982976591e-09
613900608_2e49415772.jpg,9.351670138e-10
3191027142_33e86636ca.jpg,-6.319986917e-10
3736786640_70df13be2c.jpg,-3.077769966e-09
3354075558_3b67eaa502.jpg,-1.68947366e-09
3613800013_5a54968ab0.jpg,-6.849984093e-09
3724487641_d2096f10e5.jpg,1.681866532e-09
3326588088_172d1b2584.jpg,3.794320821e-09
3169591322_d0b6d0cd04.jpg,-9.789375165e-09
2355578735_286af5b202.jpg,4.854580897e-10
3635991166_f95304af0a.jpg,-7.675763907e-09
247617754_4b1137de8c.jpg,-4.044023888e-09
2480668859_6f9b46be6a.jpg,6.769459935e-10
378170167_9b5119d918.jpg,1.224431481e-09
2780105274_52360c4cca.jpg,-9.240988957e-10
3308997740_91765ecdcc.jpg,5.727043913e-09
3650188378_cc8aea89f0.jpg,3.172731701e-09
2976350388_3984e3193d.jpg,-7.068508205e-10
3086523890_fd9394af8b.jpg,-3.281324546e-09
3040575300_0e4328d205.jpg,4.470231745e-09
3217056901_fe2c70377d.jpg,-6.953558315e-09
143552829_72b6ba49d4.jpg,3.042952904e-09
3029472296_d429b1586c.jpg,-8.613741956e-09
1490670858_e122df2560.jpg,6.8997044e-09
3118534315_cc03e5ddab.jpg,5.436291885e-10
2657484970_610e18144f.jpg,4.549705176e-09
3620492762_7f6a9b4746.jpg,-1.527638872e-09
2887744223_029f2fd5fe.jpg,-2.839148543e-09
3315726723_64c9b0a945.jpg,4.30945745e-10
2112921744_92bf706805.jpg,-1.249019665e-09
42637987_866635edf6.jpg,2.90803371e-09
927420680_6cba7c040a.jpg,-3.984964964e-10
3580741947_cc64a83648.jpg,-1.512298924e-11
3549673305_4dfd44e04a.jpg,2.386935932e-10
3633396324_c4b24b1f51.jpg,-4.753148538e-09
222369445_5b6af347dd.jpg,-3.55246386e-09
1476002408_4256b7b2fa.jpg,4.970724787e-09
2469351714_d72becd21e.jpg,-6.961840699e-09
3248352729_ab264b2222.jpg,2.915320768e-10
2004674713_2883e63c67.jpg,1.221128535e-09
3603301825_5817727be2.jpg,-4.098113577e-10
2074146683_7c83167aa1.jpg,1.269895276e-09
218342358_1755a9cce1.jpg,-1.775116407e-09
2973638173_0dc21fd443.jpg,-1.208369422e-09
124195430_d14028660f.jpg,-2.990314141e-09
3471066276_fb1e82e905.jpg,3.52457113e-09
241346885_f519ece460.jpg,4.862201243e-09
1439282131_3814d6ae04.jpg,3.670667049e-09
3174417550_d2e6100278.jpg,5.997062119e-09
55135290_9bed5c4ca3.jpg,1.055088911e-09
244867897_d00369a779.jpg,-9.655382576e-09
2284239186_c827f4defa.jpg,5.636367575e-09
3661072592_2e693cd5a0.jpg,6.500854032e-09
421322723_3470543368.jpg,2.508593512e-09
3695064885_a6922f06b2.jpg,1.987640775e-09
2181846120_3744ca3942.jpg,-3.138092426e-09
2591455200_2319651f2f.jpg,5.444711035e-09
3525841965_7814484515.jpg,-1.064366223e-09
3621329299_6fb3f2935c.jpg,-1.939239767e-10
1480712062_32a61ad4b7.jpg,5.650762098e-09
2310108346_e82d209ccd.jpg,7.103180988e-09
1359101233_16c2c150e3.jpg,3.798242509e-09
3327563443_870a33f748.jpg,-2.735655548e-09
180094434_b0f244832d.jpg,5.652229935e-09
2448793019_5881c025f9.jpg,-4.89223435e-10
2862676319_a9dab1309f.jpg,5.299153136e-09
3159995270_17334ccb5b.jpg,1.706454195e-10
3625957413_e475943aa3.jpg,-4.692901026e-09
3626475209_f71cdd06bd.jpg,2.136461599e-09
3262647146_a53770a21d.jpg,7.225501338e-09
3649387275_75295baa28.jpg,1.653630469e-09
3305895920_100a67d148.jpg,-3.56459888e-09
2855695119_4342aae0a3.jpg,1.249355601e-09
3566111626_9a35a7b2c0.jpg,5.513527333e-09
464116251_1ac4bc91f8.jpg,-1.290681835e-09
3702436188_2c26192fd0.jpg,-3.145988962e-09
2689358407_9932f1b20c.jpg,4.761115291e-09
1454678644_7e5a371301.jpg,-6.230943536e-10
310715139_7f05468042.jpg,1.788416429e-09
2921198890_6f70dfbf4c.jpg,6.360016084e-09
578274277_652cae32ba.jpg,3.341606064e-09
484896012_7787d04f41.jpg,3.254299016e-09
3262849619_0bc4f88ef9.jpg,-4.06876255e-09
2848266893_9693c66275.jpg,-6.578763557e-09
207237775_fa0a15c6fe.jpg,-4.157496602e-09
3016606751_0e8be20abd.jpg,-4.734374719e-09
3588417747_b152a51c52.jpg,1.001125136e-09
3528902357_be2357a906.jpg,1.094570916e-09
539705321_99406e5820.jpg,5.936562666e-09
3066338314_2c3fb731d1.jpg,4.247709419e-09
2348924378_47e556d81a.jpg,3.857871032e-09
179009558_69be522c63.jpg,4.758165475e-09
2695085862_2ed62df354.jpg,-3.281676925e-09
3516267455_ca17cc1323.jpg,-1.602965434e-09
1215334959_b1970965f7.jpg,-3.955942202e-09
3092200805_dd1f83ddbe.jpg,-9.019074809e-09
541063517_35044c554a.jpg,-4.610531056e-09
3604314527_5077cd9d43.jpg,6.286901303e-10
96978713_775d66a18d.jpg,1.240825824e-09
3255732353_fbc487aefc.jpg,-3.048534894e-09
201682811_105241dee3.jpg,8.77108796e-12
2245618207_fa486ba2b7.jpg,3.401735264e-09
860928274_744d14f198.jpg,4.675284828e-09
3085357792_efcf297c71.jpg,1.897267385e-09
3297272270_285b8878b2.jpg,1.074315371e-09
3050650135_23f9d9d2f8.jpg,-2.820907912e-09
2429272699_8a9699775e.jpg,2.869627513e-09
2765029348_667111fc30.jpg,-3.816354314e-09
3358380484_b99b48f0c9.jpg,-5.377205509e-09
3106883334_419f3fb16f.jpg,-4.323419657e-09
160541986_d5be2ab4c1.jpg,5.649252453e-09
572618443_647483ca82.jpg,4.675689642e-09
3563668905_689ed479c5.jpg,-3.989936019e-09
386656845_4e77c3e3da.jpg,1.306250392e-09
3433259846_800a6079f0.jpg,2.338781254e-09
3506607642_40037b3fbf.jpg,-1.174070346e-09
3509575615_653cbf01fc.jpg,-3.237984838e-09
615916000_5044047d71.jpg,5.445458195e-09
382701159_f98c1988cd.jpg,-8.970979354e-10
957682378_46c3b07bcd.jpg,-1.299696087e-09
3047264032_14393ecea8.jpg,-2.454786531e-09
3474958471_9106beb07f.jpg,-4.126685986e-09
3241487502_f4f0cc4a8a.jpg,-7.05365047e-09
3535084928_858544f49a.jpg,-5.123571496e-09
3541141771_67d305c873.jpg,-2.62327777e-09
3465791729_5bf9bd8635.jpg,2.523823105e-09
2040941056_7f5fd50794.jpg,-6.533620908e-09
3229282764_a4a515f4e2.jpg,-8.139380761e-10
347186933_880caaf53b.jpg,-2.257479592e-09
3552796830_2dd2aa9c2c.jpg,2.618437768e-09
398662202_97e5819b79.jpg,-4.75245547e-09
396360611_941e5849a3.jpg,7.722686307e-09
3652572138_34d6b72999.jpg,-2.248273547e-09
3150440350_b0f2a9e774.jpg,-1.631727598e-08
3646927481_5e0af1efab.jpg,2.136627138e-09
2813992915_f732cf8539.jpg,7.65596838e-09
241031670_e60f59b8e4.jpg,-5.689448809e-09
179829865_095b040377.jpg,-1.411579118e-09
393810324_1c33760a95.jpg,6.13151923e-09
3547600292_6f8aac7f2e.jpg,1.697315245e-09
2512876666_9da03f9589.jpg,-2.354149756e-09
3121482932_f77ca12c01.jpg,4.090703197e-11
390671130_09fdccd52f.jpg,-2.370229004e-09
3524436870_7670df68e8.jpg,-1.341236594e-09
2893515010_4a3d9dcc67.jpg,-2.433580753e-09
2289212650_69de7a20b2.jpg,-1.745059291e-09
2394267183_735d2dc868.jpg,2.205332163e-09
3578068665_87bdacef6a.jpg,-1.298594208e-09
2460823604_7f6f786b1c.jpg,-1.953628326e-09
2844846111_8c1cbfc75d.jpg,-8.179939131e-09
217583047_5e93e1e119.jpg,-4.047697347e-09
2195419145_36722e8d54.jpg,-4.883374652e-09
2074764331_90a9962b52.jpg,-2.417115671e-11
3019917636_4e0bb0acc4.jpg,3.133739734e-09
2561212119_1af8cb9b5d.jpg,5.75703296e-09
3333039854_461329aac2.jpg,3.860264643e-09
2895700779_fac1d9d278.jpg,1.322784117e-09
3218889785_86cb64014f.jpg,-4.278364806e-09
2521062020_f8b983e4b2.jpg,4.172860127e-09
2043520315_4a2c782c90.jpg,-4.668598492e-09
3220126881_b0a4f7cccb.jpg,-1.30200377e-09
2942798367_022df04b49.jpg,3.162385052e-09
3718305988_fe2c91fd44.jpg,1.329921887e-09
365274901_576b0f8241.jpg,2.560691552e-09
3204686006_88f04547b9.jpg,-4.943834334e-09
917574521_74fab68514.jpg,-2.579134464e-09
2557922709_24d2a9655a.jpg,-7.46412782e-10
3507670136_2e5f94accf.jpg,-5.551822048e-09
1718184338_5968d88edb.jpg,4.21956845e-09
2510020918_b2ca0fb2aa.jpg,-5.643710894e-09
3195188609_01afbe46e6.jpg,-1.525249778e-08
498957941_f0eda42787.jpg,-3.480152492e-09
3433982387_3fa993cf5a.jpg,-1.038681609e-09
496971341_22782195f0.jpg,-6.772152167e-09
3188319076_71724fcc07.jpg,6.06892035e-09
3500139659_b2a60b0141.jpg,1.429635873e-09
3683592946_262e9bfbfd.jpg,-9.821164281e-09
405253184_5f611f3880.jpg,-2.684722366e-09
3303648823_53cf750acd.jpg,-5.81012033e-09
241347635_e691395c2f.jpg,-2.325926869e-09
3143991972_7193381aeb.jpg,4.460292444e-09
3344798356_5cc41f7939.jpg,3.416897871e-09
3609999845_faf5d2fe74.jpg,3.721062258e-09
2684489465_32ba1d0344.jpg,4.831539547e-09
3017373346_3a34c3fe9d.jpg,-4.044322009e-09
3354200211_35348e47d8.jpg,1.25549971e-09
469029994_349e138606.jpg,2.310457945e-09
842961005_692737888e.jpg,5.033628678e-09
3712742641_641282803e.jpg,2.222842757e-09
2097403787_77a154f5b9.jpg,3.761231243e-10
3203878596_cbb307ce3b.jpg,-6.627664484e-10
2744600462_5804577296.jpg,7.482313328e-09
3670918456_68631d362a.jpg,-2.353469673e-09
3565655045_8eb00b7423.jpg,3.47914948e-09
3324746155_71e14f60ce.jpg,4.86922656e-09
3570800810_978c993133.jpg,4.727713823e-09
775664534_3f6de7d413.jpg,2.512010654e-09
2367139509_1ee4530b28.jpg,-2.652066472e-09
2702506716_17a7fb3ba4.jpg,1.776807876e-09
3319058642_885d756295.jpg,2.129004477e-09
3723690961_729dd5d617.jpg,1.023948656e-09
434433505_966e50e17d.jpg,8.884796134e-09
539751252_2bd88c456b.jpg,4.124721171e-09
3538686658_30afc75f02.jpg,2.24310327e-09
2226587791_66e29dd01d.jpg,-4.610245857e-09
1659358133_95cd1027bd.jpg,5.955980894e-09
2662845514_8620aaee96.jpg,7.622501944e-09
3567604049_da9e1be4ba.jpg,6.604002134e-09
2461631708_decc5b8c87.jpg,1.21149027e-09
2102315758_a9148a842f.jpg,-7.887286036e-09
241345656_861aacefde.jpg,5.518125302e-09
3016200560_5bf8a70797.jpg,-2.62535866e-09
1394368714_3bc7c19969.jpg,-3.740046254e-09
2470493181_2efbbf17bd.jpg,3.097624274e-09
2071309418_1d7580b0f0.jpg,-5.081982677e-09
3687062281_e62f70baf3.jpg,-5.857069813e-09
3178599352_c57fdebcd2.jpg,-8.051298469e-10
1225443522_1633e7121f.jpg,-1.779903771e-09
244443352_d7636e1253.jpg,2.662216745e-09
2991994607_06f24ec7a6.jpg,-7.172396287e-09
2353088412_5e5804c6f5.jpg,-7.988080766e-09
2866093652_aa717eb9ce.jpg,-2.220169811e-09
1562478333_43d13e5427.jpg,-4.677882094e-10
2073105823_6dacade004.jpg,-3.778460587e-09
3603870481_1ebc696d91.jpg,-4.141269729e-09
2588456052_8842b47005.jpg,4.5137591e-09
587604325_af5d6df679.jpg,2.338792696e-09
2689001252_e0016c89f0.jpg,8.299386917e-11
3358558292_6ab14193ed.jpg,1.360535252e-08
3393926562_66cc01b001.jpg,-1.402881065e-10
2125216241_5b265a2fbc.jpg,-2.749247892e-09
3451984463_37ac1ff7a8.jpg,-1.392459353e-09
510510783_b2cf5d57bb.jpg,1.203351509e-09
2472720629_d9a6736356.jpg,6.330230131e-09
1361420539_e9599c60ae.jpg,-4.591867763e-09
3184112120_6ddcd98016.jpg,-3.851848115e-09
2680990587_eee6bd04fb.jpg,-2.893893864e-09
143688283_a96ded20f1.jpg,1.448975063e-09
2187222896_c206d63396.jpg,5.120354698e-09
3639105305_bd9cb2d1db.jpg,-5.24409148e-09
532999240_1409d073be.jpg,-7.422211629e-09
3710353645_8fbfaa4175.jpg,1.10718371e-09
391106734_d374bc3080.jpg,2.164276538e-10
3308171165_20f93d2fba.jpg,-1.10298013e-09
909808296_23c427022d.jpg,-2.944981758e-10
114051287_dd85625a04.jpg,-3.39553067e-09
3136043366_b3f8607a0e.jpg,-5.003659411e-09
1799188614_b5189728ba.jpg,-1.90697992e-09
899810584_61e1578d3f.jpg,3.12351005e-09
3654103642_075f8af4f4.jpg,8.845834637e-09
3187395715_f2940c2b72.jpg,7.248414823e-10
1280320287_b2a4b9b7bd.jpg,-1.146521765e-09
3458211052_bb73084398.jpg,2.850045864e-10
1928319708_ccf1f4ee72.jpg,-1.197050399e-10
3203742047_6a55065411.jpg,8.365284992e-10
1663751778_90501966f0.jpg,1.739766172e-09
2394922193_310166d6af.jpg,-3.595085871e-09
2687229880_97cfd8148e.jpg,6.168204977e-09
2837640996_0183db8d93.jpg,-1.30439645e-10
2578834476_118585730d.jpg,-2.046419448e-09
2876993733_cb26107d18.jpg,-1.948738651e-09
3435035138_af32890a4c.jpg,1.120540541e-09
2085255128_61224cc47f.jpg,-2.349563405e-09
1511807116_41c3645e8c.jpg,4.789469669e-09
2856700531_312528eea4.jpg,6.667296163e-09
2938120171_970564e3d8.jpg,5.663926254e-09
2355880294_8f78a6fea6.jpg,4.698495601e-09
535830521_aa971319fc.jpg,5.220302941e-09
2699342860_5288e203ea.jpg,5.571529844e-09
3521374954_37371b49a4.jpg,6.879227257e-09
2969380952_9f1eb7f93b.jpg,-2.890885728e-09
113678030_87a6a6e42e.jpg,-7.828409192e-10
3154886184_ac842655b6.jpg,-2.645588521e-09
2495931537_9b8d4474b6.jpg,-3.257437698e-09
3223809913_ae15d14d9a.jpg,5.086781601e-09
1752454466_723790dbd6.jpg,-1.954922261e-09
3587009091_37188fd07e.jpg,-3.125789135e-10
733965014_1a0b2b5ee9.jpg,6.733740903e-09
3307563498_e2b4f19272.jpg,-1.148233108e-09
2759596272_e0ce0a965a.jpg,-8.219768606e-09
3578477508_b7d839da16.jpg,3.153616075e-09
3724113279_99b6e5bf41.jpg,-6.603546389e-10
3516935867_78cf63c69c.jpg,5.514330748e-09
2745663684_650f84e1e6.jpg,8.17220962e-10
2286236765_2a63eeb550.jpg,-2.528912284e-09
554526471_a31f8b74ef.jpg,6.46085371e-09
3420278866_1d17c12713.jpg,-3.113504392e-10
771048251_602e5e8f45.jpg,-1.616024733e-09
2735158990_56ff6bf9b0.jpg,-3.614989512e-09
3443703471_14845d8850.jpg,-2.431534718e-09
3538527033_df13112d51.jpg,2.391992027e-10
416960865_048fd3f294.jpg,-3.925745788e-09
2683985894_167d267dcb.jpg,5.891449341e-09
3643074723_94d42b7a0c.jpg,1.103430135e-09
3242263536_a436f19257.jpg,-2.194908347e-09
3181599388_68559cfc17.jpg,-4.135892868e-09
1475046848_831245fc64.jpg,-7.270308383e-09
3482314155_bd1e668b4e.jpg,2.780450764e-09
3265864834_e0229020dd.jpg,-3.796438495e-10
3263141261_db3a4798b5.jpg,-3.895264095e-09
127488876_f2d2a89588.jpg,-5.936016413e-10
2873252292_ebf23f5f10.jpg,1.893470627e-09
440184957_267f3f3a2b.jpg,1.603010887e-09
2632366677_43dee456a5.jpg,-2.603201365e-10
2423550887_ffc9bbcf71.jpg,1.572845174e-10
106490881_5a2dd9b7bd.jpg,5.546266354e-09
2824401212_8da8ab99d6.jpg,-1.907033141e-09
3107513635_fe8a21f148.jpg,-2.621863859e-09
2420696992_22e0dd467d.jpg,3.234489482e-09
2624044128_641b38c0cf.jpg,-2.271261839e-09
3106857210_07a92577fc.jpg,-3.610917955e-09
142802798_962a4ec5ce.jpg,2.858062124e-09
3133825703_359a0c414d.jpg,5.802420967e-09
260231029_966e2f1727.jpg,-3.934525252e-09
3719461451_07de35af3a.jpg,1.941840519e-09
2752923489_d3bceebacb.jpg,2.676674629e-09
495340319_705f2e63d6.jpg,-4.938030371e-10
3271385712_ffd34f2de5.jpg,1.210781031e-10
3656151153_b4ed5d94c4.jpg,-5.290936719e-09
2875528143_94d9480fdd.jpg,3.858271109e-09
878758390_dd2cdc42f6.jpg,6.68546456e-09
557721978_dfde31bc02.jpg,-2.695812988e-09
241346105_c1c860db0d.jpg,4.150396346e-09
146100443_906d87faa2.jpg,-7.238899921e-11
511749704_3037806cb1.jpg,1.101143039e-09
3341077091_7ca0833373.jpg,-4.350083051e-09
2932740428_b15384f389.jpg,-1.062108441e-09
382151094_c7376cf22b.jpg,-9.342637782e-09
2460159430_71ab1aacfa.jpg,4.274331729e-09
3193511842_82549c21fb.jpg,1.399041576e-09
397286183_745abbf40d.jpg,5.399729203e-09
241031254_0c6f30e3d1.jpg,-2.156627532e-09
3042488474_0d2ec81eb8.jpg,-5.877764899e-09
3348385580_10b53391f9.jpg,-3.562161975e-09
3455920874_6fbec43194.jpg,-1.437013528e-09
307301755_48919ef1b2.jpg,3.170468907e-09
3343116398_59a5341f7f.jpg,-4.916900908e-10
2600883097_aca38cc146.jpg,4.496308042e-10
422763475_0bc814dac6.jpg,5.160522932e-09
543326592_70bd4d8602.jpg,4.019546132e-09
2525232298_cf42d415ab.jpg,-2.606858246e-09
3665179773_dd217416fc.jpg,1.306719211e-08
3765374230_cb1bbee0cb.jpg,5.088251443e-11
799486353_f665d7b0f0.jpg,-6.217348417e-11
664341930_bd5c8b60ea.jpg,1.869515248e-09
2971211296_2587c3924d.jpg,1.112852856e-09
3691729694_2b97f14c1e.jpg,4.161194822e-09
3294830188_e46bd9b93c.jpg,-5.537137836e-09
3521201948_9049197f20.jpg,-5.559102168e-09
2455528149_6c3477fd33.jpg,-5.570876845e-10
3105623068_392b767a7b.jpg,4.213134021e-10
3439331800_e71e1d808f.jpg,-4.325173671e-09
3313620862_0c65c645f5.jpg,9.529450603e-10
429174232_ddd4ff5e0b.jpg,2.104439219e-09
3089842255_359ccf5c40.jpg,-4.580192571e-09
571130875_30051ac02d.jpg,4.871096787e-09
2528521798_fb689eba8d.jpg,-5.069576326e-09
512634877_d7ad8c8329.jpg,1.163087286e-08
1119418776_58e4b93eac.jpg,-2.794268886e-09
2414384480_096867d695.jpg,1.062732917e-09
3569979711_6507841268.jpg,1.682439728e-09
54501196_a9ac9d66f2.jpg,9.2015086e-10
3263395801_5e4cee2b9e.jpg,-2.204568936e-09
241345811_46b5f157d4.jpg,-1.33765905e-09
3626642428_3396568c3c.jpg,2.071585555e-10
3114944484_28b5bb9842.jpg,-6.668462182e-09
2649705487_4605e879e9.jpg,5.211316504e-09
3110174991_a4b05f8a46.jpg,-2.846190673e-09
2089122314_40d5739aef.jpg,-1.48668134e-09
3441701164_6dbbdf1bce.jpg,-2.676320515e-09
3694071771_ce760db4c7.jpg,3.439987617e-09
1304100320_c8990a1539.jpg,5.831463441e-09
2049051050_20359a434a.jpg,-6.478641829e-10
2068403258_2669cf9763.jpg,-2.992095974e-09
2920305300_a5b1b2329a.jpg,1.590286655e-09
2845691057_d4ab89d889.jpg,2.931361181e-09
3293751640_d81a6f3a0c.jpg,-2.540390713e-09
3260214530_7179346407.jpg,2.89698293e-09
3125628091_25a31709df.jpg,-5.505789042e-09
2846843520_b0e6211478.jpg,2.36798918e-09
3655326478_4472c5c630.jpg,-2.28130305e-09
3396251819_1efa69310f.jpg,-4.805451624e-10
3279524184_d5e2ffbaed.jpg,6.022944314e-09
146098876_0d99d7fb98.jpg,-4.267671839e-09
3572346664_e1e6c77f11.jpg,-9.924932051e-10
3580082200_ea10bf2f68.jpg,-8.193977662e-09
861661418_8a37024ace.jpg,-2.594197377e-09
2602258549_7401a3cdae.jpg,-9.861284587e-10
2839532455_36a7dc4758.jpg,-5.421592957e-10
2304444199_05386d2e9c.jpg,2.088296418e-09
2856080862_95d793fa9d.jpg,-3.642914225e-09
548751378_c657401312.jpg,-3.872258429e-10
1015584366_dfcec3c85a.jpg,3.960007368e-09
3416460533_d5819fbf69.jpg,-2.577337163e-09
3168796547_0c14b368f9.jpg,8.198244712e-09
160805827_5e6646b753.jpg,9.347437668e-09
3672940355_47f30e2b28.jpg,-1.845897806e-09
2788628994_61123c03d2.jpg,-5.608154865e-09
436015762_8d0bae90c3.jpg,6.295176395e-09
1713248047_d03721456d.jpg,-1.952049272e-09
104136873_5b5d41be75.jpg,2.757038413e-09
3027397797_4f1d305ced.jpg,-5.005805233e-10
3242088278_43eea5d17e.jpg,-5.311948478e-09
289616152_012a9f16c6.jpg,-3.921037776e-09
3268175963_113d90d178.jpg,9.708120274e-09
3726168984_1fa2c8965b.jpg,4.51894622e-09
2090339522_d30d2436f9.jpg,2.855124373e-10
3693961165_9d6c333d5b.jpg,-2.113959019e-09
2956895529_ec6275060e.jpg,2.584184265e-09
2934121315_4969eeda1b.jpg,1.153933129e-09
2450453051_f1d4a78ab4.jpg,1.149950548e-09
3047751696_78c2efe5e6.jpg,-2.474238367e-09
3376439178_159e4126de.jpg,-3.041017137e-10
2589308405_e208b5e745.jpg,-2.973057035e-10
1579206585_5ca6a24db0.jpg,9.382118317e-10
2218743570_9d6614c51c.jpg,6.893033734e-09
1488937076_5baa73fc2a.jpg,1.879026223e-09
3636055584_65a60426f8.jpg,8.032467649e-10
2493974889_50ae29f1e1.jpg,-7.637155609e-09
3615730936_23457575e9.jpg,-9.793648977e-10
445148321_9f2f3ac711.jpg,1.500746309e-09
823675317_b5fbdb17b3.jpg,1.21695722e-08
2880874989_a33b632924.jpg,3.616779302e-09
3238951136_2a99f1a1a8.jpg,-4.107168969e-09
3030823649_3b7b6c728d.jpg,-5.035137633e-10
1115679311_245eff2f4b.jpg,2.053232969e-09
351876121_c7c0221928.jpg,-1.255936054e-09
3373243733_9aba7740ed.jpg,-6.995742648e-09
3638783842_af08dbb518.jpg,3.126297691e-10
2906802485_dfebf09173.jpg,3.167058988e-09
3724623861_2bb6c23641.jpg,5.596370419e-09
3264337159_e1680a35ba.jpg,6.578396634e-10
3747543364_bf5b548527.jpg,-4.089178302e-09
1472882567_33dc14c8b6.jpg,-4.291587076e-09
3375134059_7e9eb2ef01.jpg,1.013384987e-09
3247168324_c45eaf734d.jpg,-2.50074363e-09
1461329041_c623b06e5b.jpg,3.556829877e-09
1115565519_d976d4b1f1.jpg,8.020883796e-10
1176580356_9810d877bf.jpg,-2.029887059e-09
3331102049_bc65cf6198.jpg,-2.003119497e-09
3321516504_5ee97771cb.jpg,1.052452626e-09
2813588204_69fe7deb14.jpg,-2.940414814e-10
3458559770_12cf9f134e.jpg,3.917177357e-09
2648310638_d6c576b5e4.jpg,-1.182953475e-08
2837799692_2f1c50722a.jpg,-6.848970959e-09
2507312812_768b53b023.jpg,7.149006153e-09
3168354472_866fe70d36.jpg,2.940453286e-09
2460799229_ce45a1d940.jpg,1.658534931e-09
2339140905_9f625f140a.jpg,2.360690787e-09
2438085746_588dce8724.jpg,-9.922926782e-10
3631023049_8a85bab19f.jpg,-2.482266443e-09
1312020846_5abb4a9be2.jpg,-4.521362847e-09
3676460610_8c52e8a355.jpg,1.493678341e-09
3103231330_db98b14501.jpg,4.432925056e-09
2904997007_23d4b94101.jpg,5.629487452e-09
1479028910_3dab3448c8.jpg,-3.432780454e-09
2465691083_894fc48af6.jpg,-3.824545126e-10
2780087302_6a77658cbf.jpg,2.467895271e-10
2823200990_7b02b7cc36.jpg,-6.077389828e-09
3285214689_f0219e9671.jpg,-5.8940165e-09
2986280913_13fb2d472e.jpg,1.059227326e-08
518251319_40e031e818.jpg,2.924728826e-09
3546474710_903c3c9fd3.jpg,-2.548565507e-09
2520909293_9bb7f7364e.jpg,-1.628441122e-09
2877503811_4e311253ec.jpg,-5.044400142e-10
3572942419_16ebdc3d46.jpg,-1.705531173e-09
2659554389_ed3d15093f.jpg,1.321421427e-09
3471463779_64084b686c.jpg,5.511401584e-10
482353373_03a9d5e8bc.jpg,4.06678253e-09
2749124446_d4432787b5.jpg,4.980934634e-09
374567836_3ae12ecffb.jpg,-5.795961568e-09
2551632823_0cb7dd779b.jpg,-2.956986419e-09
495055747_a75872762a.jpg,-7.77604658e-09
2403376030_903521c371.jpg,-7.224685648e-09
3675742996_02ccef16a3.jpg,-6.236726603e-09
115684808_cb01227802.jpg,3.652371339e-09
309687244_4bdf3b591f.jpg,6.563013286e-10
3557324238_6ba58831d9.jpg,-1.374489687e-09
1259936608_e3f0064f23.jpg,-1.859163753e-09
492802403_ba5246cfea.jpg,1.237745815e-09
3482474257_a88bfe5c57.jpg,-2.197148711e-09
254475194_3d8f4dfd53.jpg,-2.245662614e-09
444481722_690d0cadcf.jpg,-4.472475593e-09
482047956_9a29e9cee6.jpg,-1.077156793e-09
2844963839_ff09cdb81f.jpg,6.610485003e-11
2196107384_361d73a170.jpg,-2.275752025e-09
2219805677_7b7cc188c7.jpg,1.76055362e-09
3210359094_ee51285301.jpg,-1.554882066e-09
3537400880_8f410d747d.jpg,4.629806617e-10
3344531479_03c69750e9.jpg,-4.585358468e-10
3171035252_dba286ae5c.jpg,2.869245135e-09
2339106348_2df90aa6a9.jpg,-1.449565846e-09
369047365_35476becc9.jpg,-2.745868753e-09
3130970054_04a3865c43.jpg,-3.087751938e-09
2410399168_1462c422d4.jpg,-3.31857494e-09
2391812384_7429b5e567.jpg,-3.757012095e-11
478750151_e0adb5030a.jpg,-3.703314209e-09
2756591658_3ca6db1595.jpg,2.443581739e-09
2561319255_ce5ede291e.jpg,3.1336221e-09
2414390475_28a0107bb0.jpg,4.186126388e-09
3417231408_6ce951c011.jpg,-3.490147895e-09
524105255_b346f288be.jpg,-2.140128874e-09
3068407619_5207b26986.jpg,-2.519903221e-09
3036382555_30b7312cf3.jpg,7.894630176e-10
240696675_7d05193aa0.jpg,2.810319528e-09
1088767354_2acee738cf.jpg,3.47511512e-09
3104690333_4314d979de.jpg,-1.044196507e-09
3257107194_f235c8f7ab.jpg,-2.147973825e-10
410042380_517ccee020.jpg,2.87445687e-09
3143155555_32b6d24f34.jpg,3.25603163e-09
2854291706_d4c31dbf56.jpg,3.492136874e-09
2943334864_6bab479a3e.jpg,1.550868478e-08
3465606652_f380a38050.jpg,-2.98565836e-09
324355356_859988a710.jpg,3.870312509e-09
3436313241_6c73153fb6.jpg,4.967960419e-09
2776029171_5abdd5a22f.jpg,-7.14211486e-09
3290105461_7590f23371.jpg,-1.938237168e-09
2501742763_b2cb322087.jpg,8.42417782e-09
3442540072_b22ca2410f.jpg,3.210620419e-09
3426964258_67a0cee201.jpg,-2.104596125e-09
2559638792_a803ff63d1.jpg,6.973979624e-09
3701878677_8f2c26227b.jpg,5.166876696e-09
3568605391_54ec367d88.jpg,4.75254765e-10
1540631615_8b42c1b160.jpg,8.593140254e-11
1055753357_4fa3d8d693.jpg,-1.054801199e-09
3693297007_94512e861e.jpg,8.217370782e-10
3689355450_fd559b816d.jpg,-2.806390506e-09
2799871904_3b3125518a.jpg,5.82902922e-10
3116769029_f5a76f04ba.jpg,3.260156908e-09
1342780478_bacc32344d.jpg,4.597268124e-09
3012513414_86180c44cb.jpg,-4.776310511e-09
2502935765_a0ae1fa7be.jpg,-3.535082148e-09
2734669176_c272b42597.jpg,1.528061183e-09
2290589734_b588471345.jpg,2.612399659e-09
2602679255_785b851b46.jpg,-8.016872239e-11
421706022_1ddb6a7a78.jpg,-4.052707537e-09
2644326817_8f45080b87.jpg,-1.120914612e-09
2959737718_31203fddb5.jpg,1.063625238e-09
2465218087_fca77998c6.jpg,5.375609234e-10
1351764581_4d4fb1b40f.jpg,5.420922388e-09
2394003437_184a838aa9.jpg,-7.831847294e-10
123889082_d3751e0350.jpg,2.017761053e-09
2766765386_4c0beb939d.jpg,2.597032665e-09
189740668_0b045f1ff2.jpg,5.059829748e-09
3126681108_f88128699c.jpg,1.139144111e-08
3090600019_8808fe7a9d.jpg,-1.581355635e-09
2685139184_4ff45e0f76.jpg,-2.21817042e-09
3401548798_3a93f2caa5.jpg,-2.058121131e-09
3569126684_a68b29a57f.jpg,5.783697318e-09
2333816000_7105d0ffac.jpg,-4.96478888e-09
2862931640_2501bd36c5.jpg,-1.857597861e-09
2466171114_3fa51415a7.jpg,5.771833587e-09
2133650765_fc6e5f295e.jpg,-4.54545183e-09
2391269207_d1d2615b1d.jpg,4.294434341e-09
3674521435_89ff681074.jpg,4.677393235e-09
270864951_1737ae5479.jpg,4.148904798e-09
542179694_e170e9e465.jpg,4.584056332e-09
2370221025_be4d9a4431.jpg,5.035448513e-10
862177617_c2c0581075.jpg,-7.308095662e-09
3288173388_03bc2a844d.jpg,2.394631751e-09
229954612_a4438297ee.jpg,3.233838752e-09
3287904625_f68ca5cea7.jpg,8.302388729e-09
989851184_9ef368e520.jpg,-3.967836381e-09
3093970461_825b0cac2f.jpg,7.46840715e-10
3076928208_5763e9eb8c.jpg,-4.673242072e-09
2837908308_8bc25c6b02.jpg,8.254585366e-10
276699720_fe6718fd03.jpg,5.822865758e-09
3437654963_c4fdc17e8b.jpg,-1.047250605e-10
2138487671_5b89104043.jpg,-2.063103457e-09
3501206996_477be0f318.jpg,2.462929376e-09
3278777548_290b881018.jpg,6.02893453e-09
3344632789_af90d54746.jpg,8.267067885e-09
3068945309_ff0973e859.jpg,1.535517776e-09
3368819708_0bfa0808f8.jpg,-5.452741721e-09
273248777_eaf0288ab3.jpg,-6.437860131e-10
2192131110_8a40e7c028.jpg,1.806836835e-09
490044494_d2d546be8d.jpg,3.496509536e-09
3296584432_bef3c965a3.jpg,5.636835886e-09
2116316160_d5fa7abdc3.jpg,-3.9184307e-10
3038760935_9a713510eb.jpg,5.523001359e-09
2741380826_cfe0ddf0a9.jpg,-3.871263643e-09
1423126855_6cd2a3956c.jpg,1.764143232e-09
1084104085_3b06223afe.jpg,3.923392299e-09
3225226381_9fe306fb9e.jpg,-2.798589483e-09
1296412797_85b6d2f8d6.jpg,-1.021024968e-08
1813777902_07d1d4b00c.jpg,2.6130749e-09
1418266617_b32143275b.jpg,-2.695564411e-09
363617160_6cb0c723be.jpg,-7.428559409e-09
2698614194_b4e6e11dff.jpg,3.385893881e-09
1333888922_26f15c18c3.jpg,-5.055879874e-10
3288839246_fdb00395ae.jpg,-1.57677727e-09
3189941492_a3f4347b1a.jpg,-2.192451065e-09
3310551665_15b79ef4ea.jpg,5.41880488e-09
2245348304_08bc5642f1.jpg,1.382954142e-09
3412822878_5d961492e5.jpg,3.251460436e-09
2922512807_d382528a93.jpg,-6.055774015e-09
2851931813_eaf8ed7be3.jpg,2.182051282e-09
3227140905_1d7e30e4c4.jpg,1.328144805e-09
2436398074_8737f40869.jpg,-1.426312654e-09
3525417522_7beb617f8b.jpg,-6.062692802e-09
2439384468_58934deab6.jpg,5.779878381e-09
213216174_0632af65a2.jpg,-5.082672555e-10
3215870337_c92a1a1b2f.jpg,-5.086027005e-09
434792818_56375e203f.jpg,5.407603878e-10
2959500257_3621429a37.jpg,-4.060715902e-09
3425662680_41c7c50e8d.jpg,-3.288021372e-09
3259883609_6a1b46919e.jpg,-3.461473277e-09
2867968184_908d87cf2c.jpg,-2.672005448e-09
108898978_7713be88fc.jpg,-3.230300943e-09
3640422448_a0f42e4559.jpg,3.283940956e-09
133905560_9d012b47f3.jpg,-2.598581683e-09
2125626631_a4b63af97e.jpg,1.857512156e-09
3327487011_1372c425fb.jpg,1.598628809e-09
3069216757_c419b3898e.jpg,2.028701688e-09
2602085456_d1beebcb29.jpg,6.021888947e-09
519228867_2fd25e38d4.jpg,-1.624104409e-09
1622619190_d0b51aff28.jpg,4.538490622e-10
3209564153_077ed4d246.jpg,2.812067126e-10
2272491304_cb7c7ed16f.jpg,2.107691635e-09
582899605_d96f9201f1.jpg,-2.831970075e-09
1433397131_8634fa6664.jpg,5.594822268e-10
3472449219_eb927f05b8.jpg,2.516996157e-09
251056963_c8b67f0107.jpg,-2.564332945e-09
3655964639_21e76383d0.jpg,-1.149512297e-09
1763020597_d4cc8f0f8a.jpg,-2.632903412e-09
3247341210_5d1e50df23.jpg,7.204260199e-09
2447972568_1e9b287691.jpg,5.977823947e-10
2939464283_fc1a834976.jpg,-4.649465704e-09
3482237861_605b4f0fd9.jpg,-2.79459654e-10
2710416789_555180e399.jpg,-4.593637827e-09
3533394378_1513ec90db.jpg,-6.379177165e-09
3453313865_1ebff5393c.jpg,1.065429177e-08
219301555_17883a51bd.jpg,-5.53714108e-09
44129946_9eeb385d77.jpg,-1.701846992e-09
3429581486_4556471d1a.jpg,-5.031888716e-09
501320769_31eea7b7ea.jpg,-6.147242386e-09
224026428_0165164ceb.jpg,6.880531133e-09
3541491057_61a49588d9.jpg,-4.229399804e-10
3119696225_b289efaec8.jpg,-5.728254745e-09
2078311270_f01c9eaf4c.jpg,1.067894716e-08
2286032269_8ba929709c.jpg,-7.296943118e-09
2893238950_8a027be110.jpg,3.391662242e-09
2917843040_7c9caaaa8a.jpg,-3.252422376e-09
3048597471_5697538daf.jpg,6.627462196e-09
2505465055_f1e6cf9b76.jpg,1.678275256e-09
3284955091_59317073f0.jpg,3.565131217e-09
871290666_4877e128c0.jpg,-3.320350593e-09
2402462857_7684848704.jpg,-1.185406881e-09
241345981_1ef4f8109c.jpg,-4.935284457e-09
3258395783_2de3a4ba27.jpg,-4.752690901e-09
3432656291_a6c7981f6e.jpg,2.058318744e-09
945509052_740bb19bc3.jpg,-4.459101053e-09
2752926645_801a198ff6.jpg,-1.835472466e-09
2584487952_f70e5aa9bf.jpg,-1.540506795e-09
2356574282_5078f08b58.jpg,-1.314329043e-09
2324779494_5e72d29171.jpg,-1.728198578e-09
3099091086_f75f0ce09d.jpg,9.196941415e-09
515797344_4ae75cb9b1.jpg,8.537359715e-09
2094543127_46d2f1fedf.jpg,-4.435346774e-09
2194806429_ca4c3770c1.jpg,8.518312308e-09
3220009216_10f088185e.jpg,7.553853577e-10
3333017828_b930b9d41b.jpg,1.579946981e-09
3387661249_33e5ba0bc5.jpg,-7.95881262e-10
141755290_4b954529f3.jpg,-2.758218412e-09
3150252702_828a570d46.jpg,7.417249084e-09
2269021076_cefc9af989.jpg,-2.154202258e-09
486712504_36be449055.jpg,-3.659819719e-09
3259225196_750c4ce0f9.jpg,-2.954257303e-10
3409506817_775e38d219.jpg,-2.447137543e-09
3632842482_482f29e712.jpg,-2.188290717e-09
532396029_ce125bda3f.jpg,1.29267331e-09
3704431444_f337ec2b90.jpg,-4.016372728e-09
3562169000_6aa7f1043d.jpg,4.278014634e-09
3441399292_60c83bd5db.jpg,7.850228749e-10
3243233886_235a80e8c7.jpg,-2.651926035e-09
3005123298_d3017d5f5d.jpg,3.997501586e-09
437527058_189f2a7eef.jpg,-7.855328224e-09
3582742297_1daa29968e.jpg,-8.651775334e-09
3033741581_136889ac73.jpg,4.012070993e-09
296873864_4de75de261.jpg,-2.434993445e-09
2379150102_157d718d1d.jpg,-7.698755431e-09
3029715635_43ab414dfb.jpg,8.090040638e-09
3684680947_f1c460242f.jpg,-8.63226105e-10
3044746136_8b89da5f40.jpg,-2.443534859e-09
3532412342_e0a004b404.jpg,-3.442160158e-09
2968693931_52d161b8e7.jpg,-2.568490315e-09
2632111399_b3c1630f8e.jpg,1.003762405e-10
2676648667_cb055b4fc6.jpg,-5.257292074e-09
525863257_053333e612.jpg,-2.588777227e-09
3328495660_ed0e3f29cf.jpg,3.928469145e-09
3640417354_b0b3e4aec9.jpg,-3.060436018e-09
3249278583_95cd8206da.jpg,2.194970798e-09
2341254813_c53a5ef27a.jpg,5.054842459e-09
2331510788_986809bbb4.jpg,4.940292466e-09
3161044966_27bf6f9dec.jpg,-5.678955376e-10
3098336319_a7e5b061d0.jpg,-6.09192522e-09
3236677456_75821e3583.jpg,-7.146252e-09
958326692_6210150354.jpg,-5.117375047e-10
2755053974_5cc157512e.jpg,-6.588535483e-09
2903469015_a1e7d969c2.jpg,-2.414955173e-09
3490597800_8f94f7d353.jpg,2.534929322e-09
2472574160_8ce233f396.jpg,-4.651793368e-09
2995461857_dd26188dcf.jpg,-5.131934613e-09
2042009399_afad34e7c1.jpg,3.624164584e-09
3197791645_601908f26b.jpg,-7.243880861e-10
2521938720_911ac092f7.jpg,-2.548060111e-11
3184031654_34b5c4ffe1.jpg,2.899757436e-09
426065353_e9a604a01f.jpg,5.297786949e-09
3591461782_687e320042.jpg,5.737528273e-09
2251418114_2b0cd4c139.jpg,4.525549863e-09
1859726819_9a793b3b44.jpg,-4.505853503e-09
430803349_a66c91f64e.jpg,9.292095687e-09
1977827746_4e13d7e19f.jpg,-6.136567105e-10
2101457132_69c950bc45.jpg,1.686261177e-09
3666537170_c4ecda4be8.jpg,4.072999912e-10
2321466753_5606a10721.jpg,3.873832601e-09
3141613533_595723208d.jpg,8.553584992e-09
3542341321_faa2d2d48a.jpg,-5.097347475e-09
948196883_e190a483b1.jpg,5.835412772e-10
384465575_31294122c0.jpg,1.758603819e-09
1312227131_771b5ed201.jpg,1.843240375e-09
1222322358_225067636e.jpg,-3.386587954e-09
2641288004_30ce961211.jpg,-3.100294681e-09
2851304910_b5721199bc.jpg,-3.318724832e-10
495116214_f1df479fb0.jpg,5.961966367e-09
2978024878_a45b282bf4.jpg,7.877581048e-10
3527524436_a54aca78a9.jpg,-1.492421744e-09
2944362789_aebbc22db4.jpg,6.009759418e-09
3090593241_93a975fe2b.jpg,8.904251084e-10
2521213787_ca9b5a1758.jpg,6.825807407e-09
2528547068_7d37479b9b.jpg,1.235099974e-09
1167908324_8caab45e15.jpg,-7.148905019e-09
2275029674_6d4891c20e.jpg,3.034529147e-09
534669139_1a4f8ab9d5.jpg,2.061104471e-09
3388094307_5a83be64a5.jpg,2.906245131e-09
160566014_59528ff897.jpg,1.243235951e-09
2616561200_ea079f285a.jpg,-6.998423233e-10
617038406_4092ee91dd.jpg,-1.233218861e-10
3578372039_57473f473c.jpg,8.16658174e-10
3492180255_0bd48a18f8.jpg,2.687546896e-10
3032790880_d216197d55.jpg,4.776764641e-10
2667015110_1670324a33.jpg,1.278442621e-09
2426303900_0a8d52eb14.jpg,-3.465594629e-09
3250695024_93e8ab7305.jpg,1.889761964e-09
3672057606_cb6393dbd9.jpg,1.900696424e-09
241346317_be3f07bd2e.jpg,-1.153347141e-08
3400186336_37043a2f5b.jpg,4.558562276e-09
2180480870_dcaf5ac0df.jpg,-4.481629621e-09
3085226474_62aba51179.jpg,-1.097048069e-08
3683185795_704f445bf4.jpg,-2.909752187e-09
3444982197_0ff15cc50b.jpg,-1.676961497e-09
607339469_af851c4119.jpg,1.60997566e-09
3331009729_d3b14738e6.jpg,2.407147731e-09
503717911_fc43cb3cf9.jpg,-5.126866303e-09
3097196395_ec06075389.jpg,9.351502811e-09
2261962622_e9318a95eb.jpg,-5.704742518e-10
3216829599_366a43f05e.jpg,1.554773153e-09
1616016569_673de1d678.jpg,2.143883405e-09
2596876977_b61ee7ee78.jpg,-7.432026623e-09
459778335_857d8ffebf.jpg,2.99910292e-09
3197482764_2f289cb726.jpg,4.509314125e-09
3497255828_f27e009aac.jpg,-5.009196674e-09
2149968397_a7411729d1.jpg,-1.784122338e-09
2595713720_30534e8de2.jpg,-6.111450227e-09
2174206711_11cb712a8d.jpg,-4.462375651e-09
2492258999_5764124bba.jpg,2.109011668e-09
944374205_fd3e69bfca.jpg,-1.148883074e-09
2855667597_bf6ceaef8e.jpg,-5.766971495e-09
2935649082_1ca60180c6.jpg,2.565149515e-11
3171250845_5ae0d2a8bc.jpg,1.145849611e-08
3120189281_1938460e85.jpg,-8.298808349e-10
3487131146_9d3aca387a.jpg,-3.855970124e-10
182493240_40410254b0.jpg,-3.220849994e-09
102351840_323e3de834.jpg,6.183614806e-10
883040210_3c4a10f030.jpg,6.958320861e-09
1358089136_976e3d2e30.jpg,-4.190981195e-10
2930622766_fa8f84deb1.jpg,-3.909943196e-09
2643263887_a32ffb878f.jpg,-4.145445199e-09
3374384485_751f719be4.jpg,2.16485219e-09
290650302_ade636da35.jpg,6.036688553e-09
2747714500_49476225c6.jpg,-1.821514081e-09
758921886_55a351dd67.jpg,-2.548148419e-09
311146855_0b65fdb169.jpg,-7.787488333e-10
2490179961_e842fda5eb.jpg,-1.080373326e-08
2064790732_219e52e19c.jpg,5.222880215e-09
3315250232_83e24a2d51.jpg,-2.057809477e-09
3441104823_33cdae5a56.jpg,2.342014772e-09
2675685200_0913d84d9b.jpg,-3.232529651e-09
2899622876_b673b04967.jpg,8.367318939e-09
2259336826_0cb294e1f7.jpg,-2.949797288e-09
2742426734_291df6da08.jpg,7.911932865e-09
2697909987_128f11d1b7.jpg,1.408403178e-09
3239021459_a6b71bb400.jpg,-4.560651349e-09
3204525212_d548c7fca7.jpg,-1.896690682e-09
918886676_3323fb2a01.jpg,-8.040094464e-09
560278886_df4bd2e212.jpg,-7.975495351e-09
3649307685_60c1294d2a.jpg,-3.945260117e-09
2045928594_92510c1c2a.jpg,5.395614279e-09
2933637854_984614e18b.jpg,6.325782826e-09
1650280501_29810b46e5.jpg,2.938332528e-09
300922408_05a4f9938c.jpg,-1.737790547e-11
2798651021_2566f2a47e.jpg,1.077707566e-08
3460551728_63255cec18.jpg,2.618248132e-09
3440104178_6871a24e13.jpg,-2.728659636e-09
3484906808_ee20714408.jpg,4.918961601e-09
410413536_11f1127c46.jpg,3.196963115e-09
400562847_e15aba0aac.jpg,1.242751225e-09
101669240_b2d3e7f17b.jpg,-8.508640402e-10
2987195421_e830c59fb6.jpg,2.284906221e-09
3208188198_2b271d2a2e.jpg,-5.147839325e-09
3208032657_27b9d6c4f3.jpg,-5.097034862e-09
429851331_b248ca01cd.jpg,-4.021068687e-09
458735196_176e7df6b3.jpg,-1.644327964e-08
3275627207_0b41e44597.jpg,1.140783824e-09
2960759328_2d31e4af9b.jpg,-4.591309174e-09
2206594874_5e0087c6b7.jpg,4.904457e-10
1357689954_72588dfdc4.jpg,-6.907133448e-09
2869491449_1041485a6b.jpg,3.578320389e-09
2574230252_f5a1382dd4.jpg,4.185535495e-09
2261550615_b6c25d987b.jpg,3.045851276e-10
2358554995_54ed3baa83.jpg,-1.05843235e-09
264141937_585320617a.jpg,-4.631855353e-09
2809793070_1a3387cd6e.jpg,-2.428214059e-09
3338291921_fe7ae0c8f8.jpg,2.021729651e-09
2056377805_e9a9b3bcf0.jpg,-1.596035202e-09
3105315670_5f86f73753.jpg,1.276363736e-09
1015118661_980735411b.jpg,6.340727071e-09
3047264346_e24601bfbf.jpg,-1.986398866e-09
1311388430_4ab0cd1a1f.jpg,-3.992247192e-09
1077546505_a4f6c4daa9.jpg,8.962187834e-11
2800990525_a1f8427272.jpg,-1.991192726e-09
3482062809_3b694322c4.jpg,-1.333839057e-09
2661294481_b86058b504.jpg,1.319433644e-09
2896640216_761a47f006.jpg,-4.779646796e-10
3616525288_9c19223de6.jpg,9.13595769e-11
2497420371_74788d7ba1.jpg,-5.63525471e-09
766346887_a9a9d0637a.jpg,2.971741252e-09
2061944672_0383e65c8a.jpg,1.057264432e-08
3015891201_2c1a9e5cd7.jpg,3.312996733e-09
2652522323_9218afd8c2.jpg,-3.46756566e-09
2054869561_ff723e9eab.jpg,-6.528234801e-10
2394763838_99d1435b85.jpg,-9.434090467e-09
3439560988_f001f96fc9.jpg,3.382104725e-09
3320032226_63390d74a6.jpg,4.172802471e-10
3677954655_df4c0845aa.jpg,-4.953554062e-09
2429212017_77fc107699.jpg,-7.894336611e-10
241347760_d44c8d3a01.jpg,-4.470914881e-09
241347823_6b25c3e58e.jpg,-2.69376008e-09
2416964653_db3c2b6a0e.jpg,5.171282428e-09
3532782283_341f0381a3.jpg,-1.818047759e-09
3600221224_945df01247.jpg,-1.84673552e-09
3621647714_fc67ab2617.jpg,3.460189837e-09
2874876837_80d178ba9b.jpg,2.36625294e-09
448916362_17f3f1d0e1.jpg,-3.016468407e-09
3052104757_d1cf646935.jpg,7.187404387e-09
2414352262_005ae90407.jpg,4.663466118e-09
2187904131_96ea83b9b5.jpg,-5.961727983e-09
2649406158_ded6be38de.jpg,-3.986073341e-09
2353102255_67d9d2e40a.jpg,-6.636168962e-09
1501297480_8db52c15b0.jpg,-5.464984436e-10
466956675_a2fb6bf901.jpg,-6.977324984e-09
2737759676_4bc9be2daf.jpg,-4.637645843e-09
2885387575_9127ea10f1.jpg,4.927251383e-09
510197538_0a11b94460.jpg,-5.667911106e-10
3623650392_7b75d4de21.jpg,2.310694334e-09
3354474353_daf9e168cf.jpg,2.249279309e-09
2949353587_64c54e9589.jpg,4.087168481e-09
3522989916_f20319cc59.jpg,-6.428116174e-09
2646116932_232573f030.jpg,1.15973183e-09
3028561714_83fb921067.jpg,3.491643854e-09
2439031566_2e0c0d3550.jpg,-3.187136045e-09
3436074878_21515a6706.jpg,-6.366348275e-09
875731481_a5a0a09934.jpg,2.690278898e-09
3716277216_c04002be81.jpg,6.004631727e-10
2259203920_6b93b721ce.jpg,8.089647662e-09
3329289652_e09b80e2f3.jpg,-6.208443825e-09
3685328542_ab999b83bb.jpg,-3.827240674e-10
3250076419_eb3de15063.jpg,-4.600817057e-09
495341977_b27279f962.jpg,-2.905375875e-09
3407357681_5aeaab5b59.jpg,5.541217949e-10
3066429707_842e50b8f7.jpg,2.541853472e-09
3392851587_a638ff25e2.jpg,-5.775753239e-09
2730938963_c4ed3e2258.jpg,-2.791880791e-10
269650644_059a84ece5.jpg,-1.163284213e-08
3605676864_0fb491267e.jpg,-2.724841621e-10
2183227136_8bb657846b.jpg,-1.254234339e-10
237953705_cfe6999307.jpg,4.740969153e-09
2856252334_1b1a230e70.jpg,-1.833434894e-09
3015368588_ef0a06076d.jpg,-1.25034903e-08
2521938802_853224f378.jpg,2.837464584e-10
2759089516_cbb993cb92.jpg,2.522165106e-09
1807169176_7f5226bf5a.jpg,-2.270900302e-09
457875937_982588d918.jpg,-2.191504744e-09
3158680604_c1f99b3946.jpg,1.991237016e-09
530454257_66d58b49ee.jpg,3.245922086e-09
1263801010_5c74bf1715.jpg,9.298144553e-09
172097782_f0844ec317.jpg,1.240407927e-09
3426789838_8771f0ed56.jpg,3.367573271e-09
2220612655_030413b787.jpg,4.468358897e-09
2089426086_7acc98a3a8.jpg,6.367668433e-09
1306145560_1e37081b91.jpg,2.223376179e-09
3297323827_f582356478.jpg,-1.197517225e-09
2306186887_0bd8ed3792.jpg,-2.030783476e-10
3574930742_9081bd2426.jpg,2.190023573e-10
2995935078_beedfe463a.jpg,-4.636829824e-10
2114739371_83aa8bdb0e.jpg,3.170280703e-09
2895403073_906768cafa.jpg,-1.69600037e-09
3234375022_1464ea7f8a.jpg,1.022768829e-08
2561295656_4f21fba209.jpg,2.766814902e-09
2358561039_e215a8d6cd.jpg,3.87921311e-09
2123932281_1a4fd38455.jpg,-3.603510822e-09
3227499174_07feb26337.jpg,1.36446915e-09
3457210101_3533edebc8.jpg,-1.513241043e-10
3286222970_1fa445e38f.jpg,1.521284527e-09
293151893_ee7249eccb.jpg,-1.119761949e-12
3371279606_c0d0cddab2.jpg,2.458301742e-09
1490213660_9ea45550cf.jpg,-6.166642587e-10
3599392711_8264881de2.jpg,-4.145649481e-10
111497985_38e9f88856.jpg,-2.886681314e-09
2782850287_1408f7ec43.jpg,-4.367301616e-09
825918657_d92f1761f4.jpg,-6.852218806e-09
2095478050_736c4d2d28.jpg,8.740151414e-09
2782480767_064c95eff2.jpg,2.543397081e-10
1149179852_acad4d7300.jpg,-4.539797992e-09
2441313372_6a1d59582b.jpg,-5.586821652e-10
3724718895_bd03f4a4dc.jpg,1.505191595e-09
2704257993_d485058a5f.jpg,-3.500346055e-09
3584930205_a3f58a4b7c.jpg,-5.860649383e-09
2294598473_40637b5c04.jpg,-4.972703662e-09
3242007318_01e82171aa.jpg,-3.111763606e-09
3251234434_d01e25a50a.jpg,2.8239734e-09
3556571710_19cee6f5bd.jpg,-4.089520563e-09
3578914491_36019ba703.jpg,1.907256966e-09
2876848241_63290edfb4.jpg,5.772976155e-09
452419961_6d42ab7000.jpg,-6.073375388e-10
42637986_135a9786a6.jpg,3.392772446e-09
2760716468_b541e9fd0f.jpg,-1.941407626e-09
2447035752_415f4bb152.jpg,-4.016594443e-09
2473738924_eca928d12f.jpg,-1.087056142e-08
1363924449_487f0733df.jpg,-2.334425485e-09
3585487286_ef9a8d4c56.jpg,1.360134316e-09
3037558954_20115165e3.jpg,-1.743919738e-09
3362049454_ea0c22e57b.jpg,-6.59819295e-09
299178969_5ca1de8e40.jpg,-1.027588687e-09
1104133405_c04a00707f.jpg,-7.405471728e-10
3477683327_d9e6a2a64f.jpg,7.715955501e-09
282116218_7fd7583d6e.jpg,1.193920828e-09
3721082512_8277087f3f.jpg,-2.439240177e-10
246055693_ccb69ac5c6.jpg,-1.291463117e-09
3271061953_700b96520c.jpg,-8.039621695e-10
2480820830_bdec1f5b76.jpg,5.50174169e-10
270809922_043e3bef06.jpg,7.817845852e-10
1419385780_1383ec7ba9.jpg,-1.22640407e-09
897621891_efb1e00d1d.jpg,5.867553123e-09
2921578694_a46ae0d313.jpg,2.682108748e-09
2327088022_478dbd2c17.jpg,4.172989676e-09
3640407952_bb38fb9d55.jpg,7.333558258e-09
326028454_fb396167e6.jpg,3.815237866e-09
2867937005_91c092b157.jpg,-3.930744291e-09
2546667441_bbe87a6285.jpg,-5.293508827e-09
1775029934_e1e96038a8.jpg,-5.85080282e-09
2121357310_f8235311da.jpg,8.123458078e-09
3665987581_5e6b0a65f2.jpg,3.855562552e-09
3429956016_3c7e3096c2.jpg,1.217177377e-09
3209350613_eb86579ee8.jpg,-1.562664498e-09
1425013325_bff69bc9da.jpg,2.189167935e-09
319185571_56162796da.jpg,-3.743199071e-09
3520936130_9e90872560.jpg,2.067023114e-09
2867026654_38be983b44.jpg,-2.630607207e-09
3069786374_804e1123ac.jpg,-7.481835382e-09
3726120436_740bda8416.jpg,4.818714449e-09
2337919839_df83827fa0.jpg,-6.417243122e-10
2447289477_e888df561d.jpg,3.006794772e-09
3597715122_45878432ec.jpg,6.417422791e-09
3646453252_5ebbbaa6cc.jpg,2.694236563e-10
261883591_3f2bca823c.jpg,-2.700858663e-09
3125041578_c1f2d73b6d.jpg,3.005909796e-12
3084001782_41a848df4e.jpg,3.867021735e-09
452363869_cad37e609f.jpg,-5.041950781e-09
123997871_6a9ca987b1.jpg,3.23693694e-09
508958120_afe274f726.jpg,1.593910032e-09
109738763_90541ef30d.jpg,-3.103303718e-10
888425986_e4b6c12324.jpg,8.206119271e-10
288025239_5e59ba9c3b.jpg,-2.628916396e-09
3214381315_b54f5c9be4.jpg,8.738852681e-09
2070831281_dc04b3e15d.jpg,5.639017336e-09
3301811927_a2797339e5.jpg,8.93078977e-10
3484070900_3e76d7fd30.jpg,-3.558879705e-09
2876994989_a4ebbd8491.jpg,1.478067759e-09
2080033499_6be742f483.jpg,-9.161107386e-09
3269895626_7b253c82ed.jpg,-7.48835978e-09
3319388517_5609ae9805.jpg,-6.874891093e-09
2560278143_aa5110aa37.jpg,-5.894854381e-09
3069937639_364fc11e99.jpg,7.724611843e-10
2448210587_9fe7ea5f42.jpg,4.50408112e-09
2444935470_7b0226b756.jpg,1.847174605e-08
3204081508_0e7f408097.jpg,4.983825716e-09
3220650628_4ed964e5b4.jpg,2.749996333e-09
2393924525_1bf45ca217.jpg,-2.382582569e-09
3590753142_61993d39df.jpg,1.083637944e-09
3368865171_597d51cdd5.jpg,-4.420270917e-09
472860064_a96a228796.jpg,-7.645875985e-10
3587596696_9c5964c94d.jpg,-1.88739706e-09
2041867793_552819a40b.jpg,6.132304597e-09
3094278545_febac56382.jpg,-4.910274578e-09
333031366_a0828c540d.jpg,8.6280955e-10
3612538549_2828b45867.jpg,-2.794046727e-09
154871781_ae77696b77.jpg,3.534936838e-09
3338217927_3c5cf3f7c6.jpg,1.318195836e-09
3362805914_72f60ee8cb.jpg,1.940310962e-09
442594271_2c3dd38483.jpg,1.036806116e-09
512026551_ba63ddbd31.jpg,-5.860109978e-09
1801663973_5ad393caeb.jpg,2.315780099e-09
2744705147_acd767d3eb.jpg,5.622620683e-09
3344233740_c010378da7.jpg,-8.42752249e-10
3690348036_a01f243fb0.jpg,-3.317656193e-09
2363540508_9dd1ccf7c7.jpg,2.826361652e-09
812196663_0c969970b5.jpg,1.137317512e-09
297724467_e8918a6f90.jpg,-2.785535106e-09
2926595608_69b22be8d4.jpg,-1.029919197e-09
938162709_21443d352f.jpg,4.22608317e-09
241347114_6273736da8.jpg,3.012538005e-09
3404870997_7b0cd755de.jpg,-3.836243114e-09
381976882_0063d16d88.jpg,1.844175205e-09
3710073758_ac2b217f29.jpg,-2.966539276e-09
1478268555_7e301fc510.jpg,3.909779568e-09
3485486737_953f9d3be2.jpg,-2.033112287e-09
531152619_6db02a7ed9.jpg,2.729314332e-09
1319634306_816f21677f.jpg,1.954647274e-09
2385744837_8780f6731a.jpg,-4.372271512e-09
1387461595_2fe6925f73.jpg,-7.864919632e-09
2314722788_6262c3aa40.jpg,1.209482391e-09
1213336750_2269b51397.jpg,-7.268088241e-09
10815824_2997e03d76.jpg,-6.002925881e-09
258476074_f28f4a1ae6.jpg,4.856814426e-09
3606355203_1260f43ec0.jpg,-2.69716849e-09
343662720_39e4067cd1.jpg,5.953010266e-09
3484576025_a8c50942aa.jpg,5.68489847e-10
2593695271_4d9cc9bd6f.jpg,2.52951667e-09
3132832452_c354c6396c.jpg,6.173836064e-10
1808007704_ee8a93abb4.jpg,-6.137107327e-09
697778778_b52090709d.jpg,-5.331889237e-09
2486364531_b482d7f521.jpg,-8.069272716e-10
892340814_bdd61e10a4.jpg,-1.124775994e-09
293881927_ac62900fd4.jpg,-1.048139564e-09
3128514681_a51b415c31.jpg,-2.783247329e-09
2286270205_16038dec5a.jpg,5.971795921e-09
233327292_3bcbc3783f.jpg,9.392538171e-10
356929855_6bbf33d933.jpg,7.13004962e-09
3578981202_efef47e264.jpg,8.748739741e-12
2392460773_2aa01eb340.jpg,3.885507849e-09
2919459517_b8b858afa3.jpg,-2.150032474e-09
3330019493_fd36fbc2ea.jpg,4.768388421e-09
2119302248_72493d458c.jpg,4.125044047e-09
2884651479_12e400ee58.jpg,-4.215949885e-09
1016887272_03199f49c4.jpg,-1.90766056e-09
3518687038_964c523958.jpg,-3.545211876e-11
103106960_e8a41d64f8.jpg,-7.539980803e-09
298920219_9a3f80acc5.jpg,2.707023162e-09
3301744710_b51280eb56.jpg,7.385468627e-10
3079341641_f65f6b0f8b.jpg,2.503940356e-09
2112661738_de71b60b88.jpg,7.416576519e-09
911795495_342bb15b97.jpg,4.182017359e-09
3185787277_b412d7f5b7.jpg,-4.084875054e-09
847782643_57248bbdab.jpg,3.731341354e-09
2151300603_248a9fe715.jpg,2.566803775e-09
3576250302_14779632bd.jpg,5.925170377e-09
3222055946_45f7293bb2.jpg,4.624390807e-09
3220200084_3ea129336e.jpg,-2.424064088e-09
2860035355_3fe7a5caa4.jpg,5.043216766e-09
2544246151_727427ee07.jpg,2.01447235e-09
3419634480_c390f62a6e.jpg,6.539839232e-09
2268115375_69884e958d.jpg,-1.180949951e-09
3214885227_2be09e7cfb.jpg,2.622469169e-09
2410618963_fb78307d18.jpg,1.312626604e-09
3339751521_7a8768be27.jpg,-6.713721359e-09
3547368652_0d85c665d3.jpg,3.779205972e-09
2956413620_d59de03a06.jpg,4.892193827e-09
3469585782_e708496552.jpg,-1.343292763e-09
3399284917_721aefe2a7.jpg,-1.318878227e-09
3043266735_904dda6ded.jpg,-5.457450989e-09
487074671_66db20bf47.jpg,-4.437998119e-09
3306212559_731ba9bd05.jpg,5.707824894e-09
3318564834_4ccea90497.jpg,-5.876392333e-10
2358447641_10f1e9d21f.jpg,-9.610457511e-10
2678798732_2998f9969c.jpg,-4.815524053e-10
3388836914_c267cf3a59.jpg,3.369418625e-09
2222559267_6fd31e3941.jpg,-2.656498095e-09
1388373425_3c72b56639.jpg,-1.806145635e-09
2276499757_b44dc6f8ce.jpg,-4.888612151e-09
309049466_1d7e7d5fc2.jpg,3.217213859e-09
2442243868_abe8f74fb4.jpg,-6.938368659e-09
2833820456_143ea6ce47.jpg,-5.899452834e-10
2728276857_3f83757ef2.jpg,-3.587675289e-09
3090957866_f1b2b7f214.jpg,-9.439190394e-09
1659358141_0433c9bf99.jpg,1.811573649e-09
3206999917_e682672cbc.jpg,5.155724842e-10
210839948_bbd5bfa3b6.jpg,4.00282376e-09
1526181215_c1a94325ae.jpg,8.542836499e-10
2856456013_335297f587.jpg,-3.727921667e-09
2603125422_659391f961.jpg,5.552416709e-09
2453318633_550228acd4.jpg,-5.130687766e-09
3456362961_d8f7e347a8.jpg,4.179874461e-10
2550011909_6b95f11330.jpg,-3.372774423e-09
3102204862_f1d220230b.jpg,-1.359272492e-09
1454841725_4b6e6199e2.jpg,7.189996147e-09
824923476_d85edce294.jpg,4.002643879e-10
2945036454_280fa5b29f.jpg,4.828056874e-09
2128119486_4407061c40.jpg,1.3059759e-09
506367606_7cca2bba9b.jpg,-4.092920032e-09
3537474810_cf676b3259.jpg,5.259080572e-09
433810429_a4da0eac50.jpg,1.056214614e-09
973827791_467d83986e.jpg,1.257459985e-10
2519812011_f85c3b5cb5.jpg,-5.580687453e-09
271177682_48da79ab33.jpg,1.811249791e-09
241347700_ef2451d256.jpg,-1.603469951e-09
394563330_68b566368c.jpg,-4.609857481e-09
3122579598_14841c038a.jpg,-8.79356126e-09
3366904106_e996320d20.jpg,-1.305190289e-09
2938875913_0ed920a6be.jpg,1.242839832e-09
3478877323_0a507a601b.jpg,3.188806954e-09
2892413015_5ecd9d972a.jpg,6.030391999e-09
3720366614_dfa8fe1088.jpg,-1.193354626e-09
3612249030_e2829ffa31.jpg,-6.365708666e-09
3738685861_8dfff28760.jpg,9.725272998e-10
3393152604_27bd1037f2.jpg,-3.121261599e-09
145721498_a27d2db576.jpg,-1.353497929e-08
3083016677_5782bc337c.jpg,3.15068017e-09
3139393607_f0a54ca46d.jpg,-4.961090647e-09
3564148252_aa4cb36a32.jpg,8.123508934e-09
1931690777_897a7d8ab6.jpg,1.369400307e-10
3415578043_03d33e6efd.jpg,1.756944279e-10
2672588619_3849930e99.jpg,2.334517423e-09
3288174272_2daa06d360.jpg,8.997447278e-09
2500354186_0836309cc9.jpg,1.707007607e-09
2661294969_1388b4738c.jpg,-3.117311431e-09
2830309113_c79d7be554.jpg,-8.407864257e-10
492341908_1ef53be265.jpg,-5.606820097e-09
1317292658_ba29330a0b.jpg,1.11030918e-09
317641829_ab2607a6c0.jpg,3.789672015e-09
3677613006_4689cb8e4e.jpg,6.172194133e-09
3430526230_234b3550f6.jpg,-1.143618059e-09
3663307538_468739e4c3.jpg,-1.588273024e-09
2540360421_f7c2401da8.jpg,-3.835553755e-09
3590653633_495de5f288.jpg,5.814955608e-10
1295698260_e10c53c137.jpg,9.25890835e-09
270724499_107481c88f.jpg,4.689883123e-09
3174713468_e22fa7779e.jpg,-7.128469081e-10
3437273677_47d4462974.jpg,-9.214695743e-10
3201427741_3033f5b625.jpg,5.665409064e-09
3162442331_c9711857c6.jpg,-7.809413319e-09
3454988449_1de1ef4f20.jpg,1.760235954e-09
3342309960_c694b2cce9.jpg,-3.840622653e-09
2429729667_42effc165d.jpg,-2.975711227e-09
2297471897_3419605c16.jpg,-6.122395756e-09
697490420_67d8d2a859.jpg,1.943936648e-09
3476709230_6439305bf2.jpg,1.713331938e-09
2295447147_458cfea65a.jpg,-3.012420703e-09
1469358746_2a879abaf3.jpg,-6.52374912e-09
3616771728_2c16bf8d85.jpg,-2.183939102e-09
3718892835_a3e74a3417.jpg,-2.702554023e-09
3298233193_d2a550840d.jpg,1.214298832e-09
3497236690_a48bf7ac42.jpg,-9.510993254e-11
2403078014_4b1d6f8bde.jpg,9.332020324e-10
2999735171_87ca43c225.jpg,7.515821519e-09
3616638478_641d02183d.jpg,5.13917684e-09
3413571342_b9855795e2.jpg,1.913781514e-10
508432819_3d055f395d.jpg,-2.398092012e-09
2374652725_32f90fa15c.jpg,-3.016691898e-09
241347300_7c84ecf764.jpg,4.414604891e-09
2931254547_e97c6d0d63.jpg,4.62478727e-09
244760289_f4467b2b67.jpg,4.239652611e-09
3541483943_9776baee7c.jpg,-3.504444152e-09
3584603849_6cfd9af7dd.jpg,-2.381738091e-09
2884092603_786b53a74b.jpg,5.591523474e-09
2255332561_3375897ff0.jpg,-1.037913333e-08
3307147971_5b3abf61f9.jpg,-5.786323281e-09
2953861572_d654d9b6f2.jpg,-6.303284107e-10
3072172967_630e9c69d0.jpg,-4.152163808e-09
1473618073_7db56a5237.jpg,4.338198073e-09
1354318519_2f9baed754.jpg,1.947368853e-12
3559781965_d4ec00e506.jpg,-4.297650011e-09
3027399066_ca85495775.jpg,1.917991185e-09
429283612_37f6e7fb7f.jpg,-1.383791898e-09
2029280005_a19609c81a.jpg,7.643236412e-10
2592711202_55f8c64495.jpg,4.289803563e-09
3263741906_6e4508d1c8.jpg,-4.379763627e-09
3551281733_b43bf6f870.jpg,-4.535855528e-09
493507605_48fe8e3739.jpg,5.826149745e-10
3535768334_a3924bcccd.jpg,-6.32003201e-09
684375286_09cc1aa778.jpg,2.382068266e-09
2102732029_9ae520914d.jpg,6.864970091e-09
3426144752_28d63615ca.jpg,-1.011859567e-09
346253487_687150ab04.jpg,3.123831756e-09
3454315016_f1e30d4676.jpg,-1.708473998e-09
3550255426_4ab03c0d6e.jpg,4.609406438e-09
2236016316_f476cbbf06.jpg,-3.976417319e-10
1675679141_36c9bc2969.jpg,8.439839464e-09
3139895886_5a6d495b13.jpg,7.869340179e-09
2265100168_175f8218af.jpg,-5.744551878e-09
3523559027_a65619a34b.jpg,-5.739517695e-09
421932359_edbf181f44.jpg,1.274129973e-09
3376942201_2c45d99237.jpg,-1.436761238e-09
2458033289_f0616879df.jpg,-1.314997887e-09
2709648336_15455e60b2.jpg,8.060148127e-10
2337809114_899ba61330.jpg,2.473328066e-09
3377344932_6dfce93248.jpg,-9.396989435e-10
445655284_c29e6d7323.jpg,-3.047454227e-09
3502993968_4ee36afb0e.jpg,2.207673027e-09
599366440_a238e805cf.jpg,-1.654863854e-09
152029243_b3582c36fa.jpg,-3.881644018e-09
2952751562_ff1c138286.jpg,-4.917719375e-09
3336831820_5c5df4b033.jpg,5.373968967e-09
418616992_22090c6195.jpg,3.630529872e-09
3568225554_73cdb19576.jpg,-2.274185712e-09
2545363449_1985903f82.jpg,6.791304966e-10
2176147758_9a8deba576.jpg,-5.828243745e-09
3117562746_62f57a02b5.jpg,3.64102856e-09
1594038143_57f299aa8a.jpg,4.813174103e-09
2695001634_127fe2f0d7.jpg,-6.22735255e-11
3082474922_9c3533eaf6.jpg,1.154187141e-09
3503623999_bbd5dcfb18.jpg,-1.603881695e-09
1446933195_8fe9725d62.jpg,-2.560360659e-09
3139389284_f01bd4c236.jpg,5.635661322e-10
848293676_98e73c52c1.jpg,-2.255231809e-09
2924908529_0ecb3cdbaa.jpg,-2.966872951e-09
3397228832_8ce5b1c26f.jpg,2.407264419e-09
2705947033_5999147842.jpg,-1.092821938e-11
3533922605_a2b1e276f6.jpg,-4.92782507e-09
3221815947_76c95b50b7.jpg,1.828470766e-09
3181701312_70a379ab6e.jpg,-4.963455652e-09
415657941_454d370721.jpg,6.446184581e-09
412056525_191724b058.jpg,5.627574163e-09
2431832075_00aa1a4457.jpg,1.665813448e-09
3252457866_b86614064c.jpg,1.412123278e-11
3558370311_5734a15890.jpg,-1.621090334e-10
537390477_7dd3407f96.jpg,-4.589214541e-09
3526018344_450c517a72.jpg,-4.959666462e-10
3138504165_c7ae396294.jpg,2.518866372e-09
1606988704_fe330878a3.jpg,7.959440862e-09
2430860418_fd0726f414.jpg,-5.331477796e-09
2103568100_5d018c495b.jpg,2.778872168e-09
3068994801_b2bc079e67.jpg,2.786152578e-09
2630507245_bea4804288.jpg,-6.187314089e-09
436009777_440c7679a1.jpg,1.440992108e-09
232874193_c691df882d.jpg,3.846527891e-09
525538142_7348f0bce7.jpg,1.763520803e-09
1465666502_de289b3b9c.jpg,-7.350178735e-09
520491467_54cbc0a866.jpg,1.363149051e-09
542648687_adf13c406b.jpg,2.146791573e-09
3524914023_4e96edb09f.jpg,-5.606334159e-10
2939007933_8a6ef2d073.jpg,3.006617975e-09
281419391_522557ce27.jpg,5.534683146e-10
549520317_af3d5c32eb.jpg,-1.67763404e-09
3100251515_c68027cc22.jpg,8.096437321e-10
3397259310_1ed1a346b5.jpg,4.390721593e-09
2858439751_daa3a30ab8.jpg,-8.428257781e-09
2422018883_336519b5c6.jpg,-3.202716834e-09
2750867389_4b815f793a.jpg,4.614251852e-10
1598085252_f3219b6140.jpg,-6.398510336e-09
2479553749_f7ac031940.jpg,-3.524772229e-09
2522297487_57edf117f7.jpg,4.227018558e-09
3178005751_fca19815ac.jpg,4.206032599e-09
1453366750_6e8cf601bf.jpg,-2.152891561e-09
3252588185_3210fe94be.jpg,-6.424831882e-09
2115631346_9585a479b0.jpg,-3.305400237e-09
2295894587_2fd8faf550.jpg,-3.586616445e-10
3249014584_21dd9ddd9d.jpg,-1.189957625e-08
3359089834_263e529c71.jpg,1.287859418e-09
3738789925_7d17dbdf25.jpg,-4.046231207e-09
516998046_1175674fcd.jpg,-3.123381996e-09
3697456750_460aea7252.jpg,-5.718900027e-09
3447007090_08d997833a.jpg,-2.415529535e-09
2225231022_1632d0a5aa.jpg,-6.311457453e-09
3583321426_f373c52161.jpg,-4.467151683e-09
3155361712_2cbf59c78e.jpg,-1.80645364e-09
3099264059_21653e2536.jpg,-2.144781769e-09
141139674_246c0f90a1.jpg,-6.46984908e-10
3422458549_f3f3878dbf.jpg,-1.607648044e-09
527968666_1fcddf81ab.jpg,-1.05446027e-08
2339516180_12493e8ecf.jpg,3.004696769e-09
3280644151_3d89cb1e0e.jpg,-7.247853288e-10
369802520_9825f2cd84.jpg,-2.378530669e-10
533713007_bf9f3e25b4.jpg,9.945750657e-10
1579287915_4257c54451.jpg,1.074925537e-09
2121140070_a09644550b.jpg,2.062945141e-09
2359784186_36c9746d02.jpg,-1.637353408e-09
2101128963_fdf8b2a0d7.jpg,6.749730811e-10
2647593678_1fa3bb516c.jpg,8.346061336e-10
2196846255_2c1635359a.jpg,1.371071821e-09
2869253972_aa72df6bf3.jpg,-9.604161467e-10
3549277110_24d4064ccd.jpg,-8.437342302e-10
2347921097_f2e35753c0.jpg,-6.54829072e-09
2510560080_1439fe32f2.jpg,-5.112334862e-09
2739332078_13d9acce59.jpg,-4.790622758e-09
2423856014_8df0e7f656.jpg,-2.69357123e-09
2998945968_86f236d1e8.jpg,8.676526404e-10
3348191949_b0b925e5f1.jpg,1.626408046e-09
2685788323_ceab14534a.jpg,2.34791012e-09
3544312930_3a0b8d70c1.jpg,1.436513743e-09
2136514643_93d8f75a77.jpg,1.987466672e-09
493621130_152bdd4e91.jpg,-3.700891842e-09
2261169495_98254e2e66.jpg,-1.203989586e-09
1424237335_b3be9920ba.jpg,-2.507774747e-09
544122267_e9e0100bc5.jpg,2.059824872e-09
347543966_b2053ae78c.jpg,-1.40995358e-09
3091962081_194f2f3bd4.jpg,-7.67506393e-09
3673035152_da7ed916d9.jpg,-2.429167069e-10
2525270674_4ab536e7ec.jpg,5.453175503e-10
2252264255_03fefc25af.jpg,-1.984940332e-10
2902486045_6298eb22ef.jpg,2.369202545e-09
322050103_145f7233c6.jpg,5.663915189e-09
791338571_7f38510bf7.jpg,-9.741508047e-10
3251906388_c09d44340e.jpg,-1.824609999e-09
3148647065_2d6cd88cf6.jpg,-5.22180104e-09
3524975665_7bec41578b.jpg,-2.989006111e-09
3673484638_dce87295fe.jpg,4.335133441e-09
2837808847_5407af1986.jpg,8.023676186e-09
3380519003_9f91d5a7fb.jpg,-4.471643544e-10
2891924845_92f69b0f18.jpg,9.500851908e-09
2773011586_6f4cd41e84.jpg,-3.029380154e-09
172092464_d9eb4f4f2f.jpg,-1.349080285e-09
3319489465_c65c91e4f2.jpg,1.076739275e-09
429205889_ff5a006311.jpg,7.633925348e-09
3203872773_6c30f64be3.jpg,4.046966092e-10
2551344688_17a12a6948.jpg,9.242847573e-09
217838128_1f0a84ddc1.jpg,5.909758889e-09
2662570182_350baa020f.jpg,-3.279162135e-10
2649850541_59a6c7f01c.jpg,-3.744910382e-10
3157744152_31ace8c9ed.jpg,-1.708442351e-10
2642688531_8fb68b2147.jpg,2.398858089e-09
247652942_29ede19352.jpg,2.148425225e-09
2848977044_446a31d86e.jpg,-5.023710042e-10
2847859796_4d9cb0d31f.jpg,-4.843033759e-10
490390951_87395fcb1c.jpg,-5.226588818e-09
3425414048_fa14d33067.jpg,3.471660647e-09
2774430374_fee1d793e7.jpg,4.96702882e-09
3212456649_40a3052682.jpg,6.525019583e-10
1220401002_3f44b1f3f7.jpg,1.554825987e-09
2540203582_9a9ac92a5d.jpg,-2.43939664e-09
1918573100_d31cbb6b77.jpg,4.327294655e-09
3227111573_c82f7d68b1.jpg,-5.987267654e-09
3480126681_52cea26bda.jpg,-8.3827126e-10
3659686168_49c3abcee1.jpg,2.804806016e-09
2891617125_f939f604c7.jpg,5.305526277e-10
3358682439_be4b83544c.jpg,-9.176731465e-10
2575647360_f5de38c751.jpg,-4.006795058e-10
2752919987_8bfca604ab.jpg,1.404121473e-10
2672445419_251ce9419a.jpg,-1.518840724e-09
299612419_b55fe32fea.jpg,-6.813895368e-10
3328247381_a9f7fb4898.jpg,-4.294862472e-09
2836360729_6500249fe6.jpg,3.443832477e-09
3660826540_481d25fbb0.jpg,-1.053276893e-09
2378149488_648e5deeac.jpg,1.375196788e-09
267325341_1a96ef436e.jpg,8.918111957e-10
3682277595_55f8b16975.jpg,6.060826348e-09
399212516_d68046b277.jpg,-1.288973631e-09
317383917_d8bfa350b6.jpg,1.490431885e-08
310260324_7f941814bc.jpg,-6.570286844e-09
3737492755_bcfb800ed1.jpg,5.104801696e-09
3665996775_6d7d9a46f1.jpg,9.257658504e-09
3275711232_e261143664.jpg,-2.572381782e-09
3733074526_82aa8d5f8d.jpg,4.285599911e-09
299676757_571ee47280.jpg,3.63545202e-09
2656749876_e32495bd8c.jpg,9.778674479e-09
624058168_f1c5e87e59.jpg,1.727050189e-09
287999021_998c2eeb91.jpg,-2.455947029e-09
534875358_6ea30d3091.jpg,-3.060695214e-09
341430859_4519802e8f.jpg,5.765291704e-10
1937104503_313d22a2d0.jpg,-2.6730882e-09
2701271123_6761bc5f26.jpg,-9.354670498e-09
143552697_af27e9acf5.jpg,4.08705804e-10
3019199755_a984bc21b1.jpg,7.166757145e-09
2009636597_e3f4fe19fb.jpg,1.891867546e-10
3229898555_16877f5180.jpg,-2.440715527e-09
400851260_5911898657.jpg,3.623442886e-09
3156991513_3bf03333d8.jpg,-4.891437464e-10
3472703856_568d9778b5.jpg,-5.863773766e-09
1396703063_e8c3687afe.jpg,-2.489858254e-09
1472230829_803818a383.jpg,3.258479121e-09
1685463722_55843b6d3c.jpg,-2.299439946e-09
3248752274_96740ed073.jpg,6.380488737e-09
2256138896_3e24b0b28d.jpg,-4.645299751e-09
3530504007_3272c57e21.jpg,-2.570148118e-09
2875658507_c0d9ceae90.jpg,-4.228136893e-09
3102363657_dc95fe6850.jpg,3.958369545e-09
2886411666_72d8b12ce4.jpg,-3.997068556e-09
2766854400_640e2abe08.jpg,-3.201066331e-09
276356412_dfa01c3c9e.jpg,-4.461977407e-10
3257207516_9d2bc0ea04.jpg,5.695308593e-09
416106657_cab2a107a5.jpg,3.471364775e-09
3001612175_53567ffb58.jpg,3.623350004e-09
404850242_3a55a4c874.jpg,4.543369118e-09
1227655020_b11a1bb112.jpg,5.092058796e-09
2546959333_23b957988f.jpg,-2.452981385e-09
244870123_dcb6e53643.jpg,-1.623844502e-09
2896483502_6f807bae9e.jpg,-6.406154783e-10
537532165_e4b7c0e61a.jpg,1.38720259e-09
530888330_a18343e38d.jpg,-1.171567079e-08
975131015_9acd25db9c.jpg,-6.760803541e-09
3293018193_e4e0c8db7c.jpg,1.578196142e-09
2616284322_b13e7c344e.jpg,-1.891473665e-09
3477369101_8e0c61d8f4.jpg,3.779699255e-09
2172493537_128bc8b187.jpg,-2.091353358e-09
3340857141_85d97a7466.jpg,8.075998601e-09
3023178539_836b50cd43.jpg,6.531167519e-09
3608752424_01a1cfd8a6.jpg,7.491424912e-11
2918880895_e61f74f2f0.jpg,-5.363362882e-09
2657663775_bc98bf67ac.jpg,8.669323236e-09
1536774449_e16b1b6382.jpg,8.304143751e-10
1999444757_1b92efb590.jpg,-3.802279991e-09
1387443857_602ab6f9bf.jpg,1.646028592e-09
2947274789_a1a35b33c3.jpg,3.408801224e-09
2286823363_7d554ea740.jpg,7.339675598e-09
3630332976_fdba22c50b.jpg,6.174902903e-09
2990977776_1ec51c9281.jpg,3.584571202e-09
3532761259_14026c1e96.jpg,-2.573845938e-09
2219805467_370ee1b7aa.jpg,2.091089744e-10
3332248667_617606714b.jpg,2.28326113e-10
543363241_74d8246fab.jpg,1.472490587e-10
3115901702_f07aa0ef74.jpg,-1.097959486e-09
3486154327_8be7c78569.jpg,2.178141391e-09
2171154778_8189169336.jpg,-1.457064517e-09
3523874798_9ba2fa46e3.jpg,-6.288408482e-10
2090997177_76d482b158.jpg,-1.504151686e-09
2638369467_8fc251595b.jpg,-6.331760051e-09
3582066525_e9d6377f56.jpg,7.116303152e-10
3671935691_57bdd0e778.jpg,2.394383967e-09
1406010299_5755339f08.jpg,3.517305702e-09
2424398046_1a55c71376.jpg,-2.616038248e-09
3025495499_b15797b452.jpg,-3.813219083e-10
2555535057_007501dae5.jpg,2.706881679e-10
2355819665_39021ff642.jpg,1.044792681e-09
3348208268_6d97d951eb.jpg,6.945013269e-10
551403320_dfdcf9fc3b.jpg,-1.517397735e-09
2579268572_d78f8436cb.jpg,-3.427938119e-09
2428751994_88a6808246.jpg,2.938791997e-09
745880539_cd3f948837.jpg,2.056780928e-09
2394824046_51cec8e5e7.jpg,5.093136024e-10
3164347907_2813f8ff0b.jpg,3.653487693e-09
2501595799_6316001e89.jpg,1.361798864e-10
1470061031_4cb59c12a8.jpg,2.298160416e-09
3649802021_8a689bc153.jpg,1.236257044e-09
3638577494_fe55f7b4cb.jpg,-4.043505092e-09
2940594396_20c40947b0.jpg,-1.280643792e-09
197924859_f6e39a7dfa.jpg,-6.134064393e-10
2865703567_52de2444f2.jpg,8.641591566e-10
3758787457_1a903ee1e9.jpg,-7.140131423e-09
2666078276_f7b3056997.jpg,-8.618641985e-10
2737609659_efce872c24.jpg,-9.772590663e-10
3131107810_7e9b96cddc.jpg,-3.07715585e-09
2279945145_8815c59217.jpg,-5.648599821e-09
241346434_0527ea1c07.jpg,2.697861062e-09
543940240_a54a3c7989.jpg,4.491960179e-09
309771854_952aabe3cc.jpg,4.10598202e-09
2676015068_690b0fb2cd.jpg,1.474663001e-09
3425127583_611200619a.jpg,-2.6680524e-09
3122773470_b622205948.jpg,9.497926056e-10
3439128755_84409b8823.jpg,6.356675126e-09
2922222717_12195af92d.jpg,-3.772770918e-11
361092202_3d70144ebd.jpg,1.21171094e-08
3692892751_f6574e2700.jpg,-2.216154431e-09
439569646_c917f1bc78.jpg,1.819990661e-09
2856699493_65edef80a1.jpg,-7.443326892e-11
197107117_4b438b1872.jpg,4.664990056e-09
95728660_d47de66544.jpg,-1.352755258e-09
2215136723_960edfea49.jpg,7.707306401e-10
2657643451_b9ddb0b58f.jpg,-4.047744386e-09
2815788792_d226215d10.jpg,-1.835816922e-09
512991147_dc48e6839c.jpg,-3.731684819e-09
332045444_583acaefc3.jpg,2.708760353e-09
3584406900_039f30b34c.jpg,3.175530106e-09
486300784_2cc7a770ff.jpg,-1.337888846e-09
2773682293_3b712e47ff.jpg,-2.093240673e-09
1355833561_9c43073eda.jpg,-5.992514019e-09
1481062342_d9e34366c4.jpg,-3.537626766e-09
688940111_325a74674a.jpg,-1.047971214e-09
478754346_addb53893c.jpg,1.011565311e-08
2194286203_5dc620006a.jpg,-1.046297951e-09
392976422_c8d0514bc3.jpg,-4.664651643e-09
2103361407_4ed4fc46bf.jpg,3.458425091e-11
2525455265_f84ba72bd7.jpg,-2.762944022e-09
2938316391_97382d14aa.jpg,-4.795781317e-09
3659769138_d907fd9647.jpg,6.26925767e-11
3455405300_aa3069ecaa.jpg,9.724163606e-09
3646970605_d25c25340b.jpg,-3.253084593e-09
3438858409_136345fa07.jpg,-5.201920869e-09
887108308_2da97f15ef.jpg,3.082628304e-09
3025334206_76888792e5.jpg,-5.087823558e-09
364213568_7f83e7d144.jpg,5.888487827e-09
3198237818_cb5eb302f0.jpg,-4.695971461e-09
824782868_a8f532f3a6.jpg,-2.079119192e-09
3256603992_67312b5a36.jpg,9.689061772e-09
2589156742_c46bc82137.jpg,4.64513031e-09
2846785268_904c5fcf9f.jpg,-1.457447785e-09
3003612178_8230d65833.jpg,4.149532053e-09
619169586_0a13ee7c21.jpg,-6.109504546e-09
2021671653_567395c7cf.jpg,-4.101874071e-09
2043427251_83b746da8e.jpg,-1.174507468e-09
3625519177_4c2bb9e7f0.jpg,-4.391807493e-09
394463341_5311c53783.jpg,-4.246036926e-09
3344526059_4a097af285.jpg,8.916024684e-10
2378127945_8dc9da82d7.jpg,7.478219332e-09
3690425778_3b390b3ea5.jpg,7.093944349e-09
3470129475_9e58b6742c.jpg,3.442103128e-09
1388346434_524d0b6dfa.jpg,-1.09803644e-09
3334057289_68ece38a85.jpg,-5.216958886e-09
2182050469_1edac0bc60.jpg,2.719548092e-09
2399219552_bbba0a9a59.jpg,1.781325479e-09
2866254827_9a8f592017.jpg,-4.829541031e-09
3434452829_62cee280bc.jpg,-3.81231714e-09
2467853482_17009933e8.jpg,-1.196904701e-09
978580450_e862715aba.jpg,-2.506802156e-09
3435648640_b2f68efb78.jpg,-7.682540781e-10
3104909823_0f41dd8be6.jpg,2.537782028e-09
3336759846_5220e27deb.jpg,1.386863362e-09
491600485_26c52c8816.jpg,-2.28259667e-09
3613005134_bb7f304da1.jpg,-1.896606086e-09
1378557186_4bd1da6834.jpg,-4.121624657e-10
551664516_78a5131dc4.jpg,3.669526794e-09
3725177385_62d5e13634.jpg,-3.281500343e-10
765091078_a8a11c6f9e.jpg,-5.438334776e-09
3046430047_d7b10123d0.jpg,4.444348049e-09
2483993827_243894a4f9.jpg,-4.801855364e-09
2125454445_5c5c4bf906.jpg,-4.678238659e-09
3219065971_702c4e8c34.jpg,-3.150172719e-09
1965278563_8279e408de.jpg,4.777059818e-09
439049388_3dcee2d30b.jpg,2.10119016e-09
3207358897_bfa61fa3c6.jpg,-3.359397122e-09
2090327868_9f99e2740d.jpg,-9.004528303e-09
195962284_e57178054a.jpg,-1.321723109e-08
2854207034_1f00555703.jpg,-2.848580293e-09
2592019072_a6c0090da4.jpg,4.203375996e-11
483039719_75181b2726.jpg,2.555303205e-09
2613920405_e91e6ebd7a.jpg,5.361163858e-10
905355838_3a43fdfd4e.jpg,-8.825034398e-09
3638459638_ec74e3ff89.jpg,8.168001023e-09
3381788544_2c50e139dd.jpg,9.263795526e-10
3252985078_c4ee2aca4e.jpg,1.653451042e-09
3563673070_71fa0903ed.jpg,-4.510771928e-10
3708839890_ed448012cf.jpg,1.218325881e-09
2661567396_cbe4c2e5be.jpg,-3.236739505e-09
3321063116_4e5deeac83.jpg,2.041429785e-09
1897025969_0c41688fa6.jpg,5.44791106e-09
516214924_c2a4364cb3.jpg,-2.511886274e-09
3110649716_c17e14670e.jpg,3.377408546e-09
524310507_51220580de.jpg,3.930831171e-09
3474265683_43b1033d94.jpg,-3.210531984e-09
2384401298_e389c01abc.jpg,1.069156823e-09
3705976184_53ae07e898.jpg,2.108399078e-09
2243904502_2d265fed80.jpg,4.728793695e-10
1122944218_8eb3607403.jpg,2.051523831e-09
95734035_84732a92c1.jpg,8.981231057e-09
1814391289_83a1eb71d3.jpg,3.244578549e-11
3342487512_fd33971dea.jpg,-1.831769672e-09
1562392511_522a26063b.jpg,-2.883288433e-09
86542183_5e312ae4d4.jpg,-2.572262678e-09
3301021288_95935b7a74.jpg,-8.143959122e-10
3245070961_8977fdd548.jpg,1.530175683e-09
3181322965_ce9da15271.jpg,-3.463209741e-10
1561658940_a947f2446a.jpg,1.703873885e-09
2021602343_03023e1fd1.jpg,-1.061934938e-09
2978735290_7464b12270.jpg,-7.314633728e-09
3371266735_43150bce52.jpg,2.314239916e-09
1163282319_b729b24c46.jpg,-6.168054753e-09
3115174046_9e96b9ce47.jpg,-1.037454802e-09
3500342526_393c739e2f.jpg,-2.672943571e-10
3357416302_fcfcdd7b86.jpg,3.323315799e-10
3081363964_d404eccae8.jpg,-2.230427475e-10
2113530024_5bc6a90e42.jpg,3.653400287e-11
3191805046_77c334b506.jpg,1.561881554e-09
3443351431_7b4061df5c.jpg,4.231077561e-09
3484649669_7bfe62080b.jpg,2.60137955e-09
3487979741_5f244c0c4b.jpg,-4.555065994e-09
3039214579_43ef79f931.jpg,5.489350692e-09
2449552677_ee78f01bae.jpg,-6.664061535e-10
2527303359_6c3dc3f282.jpg,-2.011832931e-09
3035785330_2fd5e32bb1.jpg,-4.552515114e-09
3423509305_e399d005db.jpg,-2.779336627e-10
578644583_da3ff18dd1.jpg,4.131584286e-10
3443853670_6c79fcfcb2.jpg,-7.715018464e-09
3342272425_804316cb3d.jpg,7.725886262e-09
1429723917_6af585e4c0.jpg,3.847952052e-09
2934801096_230ae78d7e.jpg,4.042378448e-09
2567035103_3511020c8f.jpg,-5.818814446e-09
427683329_95d510a087.jpg,7.205355378e-10
1425069308_488e5fcf9d.jpg,5.968969502e-10
2206600240_f65df56a09.jpg,-3.347812206e-09
755326139_ee344ece7b.jpg,-2.024154287e-09
418357172_bdddf71d32.jpg,1.518913388e-09
1676601498_7d59327523.jpg,1.387665459e-09
3322200641_c2e51ff37b.jpg,2.254691786e-09
2596619849_7b635dd310.jpg,2.080485097e-09
2380740486_8cd5d4601a.jpg,-3.580526626e-09
439037721_cdf1fc7358.jpg,8.130712779e-09
447722389_4b51b7e13d.jpg,1.044735539e-09
3597354819_0069aaf16e.jpg,1.411424282e-09
2366421102_2d60d53a0e.jpg,4.811623447e-10
3374722123_6fe6fef449.jpg,4.604143396e-09
3728164558_52729baefa.jpg,-3.495087474e-09
3425061393_d093edb8da.jpg,-2.88571641e-09
3449170348_34dac4a380.jpg,3.466309648e-09
1787222774_d5c68cce53.jpg,3.885022306e-10
3616846215_d61881b60f.jpg,2.254537504e-09
2060031241_a3ae7a06bb.jpg,5.730916544e-09
3628698119_5566769777.jpg,6.162946079e-09
3315353266_70f0bbb1c3.jpg,1.582574462e-09
488590040_35a3e96c89.jpg,-8.834793802e-09
3085973779_29f44fbdaa.jpg,6.524233904e-09
377872472_35805fc143.jpg,1.283399532e-09
463978865_c87c6ca84c.jpg,-5.240778613e-09
3249891130_b241591e89.jpg,-4.198899402e-09
2954584849_3c2899f319.jpg,6.373466709e-09
2308978137_bfe776d541.jpg,3.852037841e-09
3596959859_a7cb1e194b.jpg,8.383053763e-10
3647826834_dc63e21bd0.jpg,3.205418375e-09
2058124718_89822bc96e.jpg,-6.133254149e-09
3356284586_21c6f155a5.jpg,8.085545382e-10
2629294578_853a08bb43.jpg,6.545446741e-09
2186139563_e60c1d4b8b.jpg,6.260902581e-09
2445654384_4ee3e486e1.jpg,-1.532465069e-09
3351111378_b5d80783a1.jpg,4.183881126e-09
3585117340_73e96b6173.jpg,-8.973589259e-10
2710280476_dcccb8745a.jpg,2.146135644e-09
3718964174_cb2dc1615e.jpg,1.086710472e-09
2754271176_4a2cda8c15.jpg,2.37943396e-09
3134586018_ae03ba20a0.jpg,2.851244418e-09
1626754053_81126b67b6.jpg,7.827166252e-09
3359530430_249f51972c.jpg,6.078295607e-09
3604384157_99241be16e.jpg,-4.446278943e-09
2160266952_a2ab39191b.jpg,3.499972263e-09
3461049169_e068ae4f25.jpg,-8.496059097e-10
2695085632_10c4e6ea78.jpg,-8.914176712e-10
575636303_b0b8fd4eee.jpg,-2.113000436e-09
3284899112_f11ab3cfe6.jpg,-4.100489734e-10
1093737381_b313cd49ff.jpg,-5.03509759e-09
3544483327_830349e7bc.jpg,-2.398974116e-09
2992999413_018f48aabc.jpg,-1.505749008e-09
1813266419_08bf66fe98.jpg,3.411970693e-09
424379231_23f1ade134.jpg,3.482855338e-09
3176278670_195eea071c.jpg,-1.467297616e-09
2967630001_cdc5560c0b.jpg,-1.805758063e-09
353180303_6a24179c50.jpg,6.732808921e-09
2875583266_4da13ae12d.jpg,4.11541568e-09
3679707139_1cc1e71237.jpg,-6.460168041e-10
3565598162_56044bc2f7.jpg,-8.199721007e-09
2882589788_cb0b407a8d.jpg,-3.196384582e-09
3060969260_08f43e4f4f.jpg,7.985827695e-09
2922981282_203f04bf9b.jpg,-4.345224573e-09
3336808362_c17837afd8.jpg,3.681958838e-10
312156254_ef31dca5ed.jpg,5.574063249e-10
3356748019_2251399314.jpg,6.766069331e-09
3576741633_671340544c.jpg,-5.026766624e-09
3330654550_3efe9a71af.jpg,3.684820323e-09
3516285214_59823b341e.jpg,-8.566108803e-09
2322601965_748d59dc57.jpg,3.477740874e-09
2346402952_e47d0065b6.jpg,2.991314145e-09
1732217138_aa0199ef87.jpg,-1.306271335e-09
3189293145_35dea42679.jpg,-2.969072988e-09
488408004_a1e26d4886.jpg,-2.582210411e-09
497579819_f91b26f7d3.jpg,-1.602397614e-09
3424934891_69f18da66e.jpg,-5.505753269e-09
3053813297_7ce5f87710.jpg,1.074640669e-08
747921928_48eb02aab2.jpg,-4.715905635e-09
3584534971_b44f82c4b9.jpg,-1.921714948e-09
1773928579_5664a810dc.jpg,-1.166531557e-09
2539933563_17ff0758c7.jpg,1.051458085e-09
3009035153_715e39b440.jpg,-1.138874377e-10
3619416477_9d18580a14.jpg,-3.231926687e-09
2568656919_6e49d2a82b.jpg,1.593289696e-09
2204777844_1bcf26bf84.jpg,-4.665867328e-09
436608339_f1d1298770.jpg,-1.53543722e-11
3669069522_555c97fbfb.jpg,4.864895949e-09
2584020755_14e2b3e8fc.jpg,-1.554343807e-09
444845904_a4531c811a.jpg,-2.104608513e-09
186348874_75b2cf1ec5.jpg,-8.444566865e-09
2862481071_86c65d46fa.jpg,-3.671108738e-09
3109704348_c6416244ce.jpg,-6.24233635e-09
368212336_bc19b0bb72.jpg,-5.734141242e-09
735787579_617b047319.jpg,1.084424662e-09
3304511635_113beaf458.jpg,1.43662842e-09
3519815055_304dc8e8d6.jpg,-4.963452957e-09
1404832008_68e432665b.jpg,-1.881301838e-09
1252787177_4b08625897.jpg,2.437154376e-09
3333675897_0043f992d3.jpg,5.294375211e-09
3176968956_d942a93513.jpg,1.565716907e-09
2519594430_551225e5bd.jpg,2.45191388e-09
403678611_73978faed7.jpg,3.526301732e-09
3458215674_2aa5e64643.jpg,-1.539003819e-09
3355827928_c96c0c3e88.jpg,2.315068482e-09
3376435746_1593d9b243.jpg,1.347384846e-09
3265209567_b3b9c8e0fe.jpg,-8.914530537e-09
418796494_bdb441de42.jpg,-2.96710386e-09
3216762979_813c45a8ec.jpg,2.717356026e-09
3639967449_137f48b43d.jpg,6.282311137e-09
3335501468_628655d608.jpg,-6.791373197e-09
766099402_cdda6964f0.jpg,4.901138255e-09
3195701071_81879257f5.jpg,2.903639151e-09
3498354674_b636c7992f.jpg,3.470997729e-09
405051459_3b3a3ba5b3.jpg,5.396605852e-09
3405759441_fb31c80240.jpg,-3.214272547e-09
3492734013_e6b177ed99.jpg,4.458082316e-09
2224995194_518859d97d.jpg,-1.282336983e-09
2269961438_cae7a9c725.jpg,5.532850148e-09
3293945284_6a04e477a9.jpg,4.326482294e-09
2057305043_952b8dc82c.jpg,2.909392842e-09
3256274183_4eab3b2322.jpg,-7.36680696e-09
640409060_6af18fdd54.jpg,3.072526691e-09
2857609295_16aaa85293.jpg,-3.236174997e-09
3479245321_6a5bc470f8.jpg,-4.530255569e-09
3482787182_a5c6d4b386.jpg,-6.053445498e-09
263854883_0f320c1562.jpg,-1.036380519e-09
3084034954_fe5737197d.jpg,-8.598286095e-11
2911107495_e3cec16a24.jpg,1.65182267e-09
2273105617_7c73d2d2d3.jpg,-1.14480338e-08
2772084628_c0ae29d87a.jpg,1.991024011e-09
3663951804_868982f3f9.jpg,-9.404758045e-09
437404867_209625774d.jpg,9.146468328e-10
3376014640_ff5b00769f.jpg,1.195911385e-09
771366843_a66304161b.jpg,2.073297896e-09
3084011028_d1e2c40d7d.jpg,5.406081298e-10
2157003092_eaeb977789.jpg,3.831504476e-09
3504940491_94c43792ed.jpg,3.534789992e-09
2993049054_611f900644.jpg,1.320839838e-08
2544182005_3aa1332bf9.jpg,-3.044912272e-09
2924884899_f512c84332.jpg,-6.48473044e-10
2090386465_b6ebb7df2c.jpg,-3.167535117e-10
127450902_533ceeddfc.jpg,-4.092136607e-09
3234401637_84e0d14414.jpg,1.788490109e-09
1429546659_44cb09cbe2.jpg,4.685535e-09
2564663851_3a9832e4fc.jpg,-2.356754793e-09
3554634863_5f6f616639.jpg,-5.143452448e-09
2929006980_9f9f8f3d21.jpg,3.594459178e-09
3425835357_204e620a66.jpg,-9.460055361e-10
2075493556_b763648389.jpg,3.099944028e-10
3556390715_65c6d1e88b.jpg,-2.423032786e-09
3590654365_fd4819f48b.jpg,-6.187875291e-10
265528702_8653eab9fa.jpg,-1.600546693e-09
3551787566_b5ebbe2440.jpg,7.173014216e-09
2736902411_a0010f89ae.jpg,-9.024197999e-10
3413669228_ec64efeb34.jpg,2.499289732e-09
3700346840_bb80d622f7.jpg,-3.503896363e-11
3036641436_d6594fc45f.jpg,-6.874605813e-09
2974501005_346f74e5d8.jpg,4.839971715e-09
2599444370_9e40103027.jpg,-1.652625383e-09
3187096035_65dc416291.jpg,3.237152839e-09
2543679402_9359e1ee4e.jpg,-8.480430283e-10
1245022983_fb329886dd.jpg,2.470249683e-11
3472066410_065b4f99d3.jpg,5.720288726e-10
3016741474_72b4355198.jpg,-1.638111832e-09
1802092493_7b44fdb6b9.jpg,9.202110467e-09
2181724497_dbb7fcb0a9.jpg,9.673041031e-09
3539840291_1c3eed701d.jpg,-5.900043873e-10
3264464625_c711cc40c6.jpg,-1.06219743e-09
447733067_09cfac3286.jpg,-1.496198914e-09
3201594926_cd2009eb13.jpg,-9.047001167e-10
289599470_cc665e2dfb.jpg,-9.48761948e-10
3656030945_fa003bd696.jpg,1.005895479e-09
979383193_0a542a059d.jpg,-9.196628438e-09
3155400369_69e3d6d70f.jpg,5.141385141e-09
3043685748_130db75e3b.jpg,-1.006615395e-09
2072574835_febf0c5fb9.jpg,-3.104973436e-09
300314926_0b2e4b64f5.jpg,-3.318091924e-09
3530087422_7eb2b2c289.jpg,1.196262629e-09
293327462_20dee0de56.jpg,-6.882299371e-09
750196276_c3258c6f1b.jpg,3.306513117e-10
2619454551_c4bb726a85.jpg,8.448913734e-10
300148649_72f7f0399c.jpg,2.862821256e-09
894928353_002a3d5f06.jpg,1.458705433e-09
2917057791_3d68a055ca.jpg,8.510620814e-09
366713533_bd6d48cf02.jpg,-4.728899333e-09
3398746625_5199beea71.jpg,-6.760603048e-09
3191135894_2b4bdabb6d.jpg,3.735320608e-09
2973269132_252bfd0160.jpg,1.340262743e-09
3315616181_15dd137e27.jpg,1.157164916e-09
1251558317_4ef844b775.jpg,2.633829037e-09
1932314876_9cc46fd054.jpg,-6.154680359e-09
366548880_3d3e914746.jpg,-3.469133115e-09
3448855727_f16dea7b03.jpg,1.120217783e-08
3025315215_a5d367971a.jpg,-1.506874969e-09
3017203816_5dc2a6b392.jpg,-6.335488043e-09
2707933554_f6dc5e0e3c.jpg,7.178543845e-09
2516317118_10ae66b87a.jpg,7.860879706e-09
2426215757_e008a91fcb.jpg,-4.478034261e-09
2806710650_e201acd913.jpg,7.188382981e-09
3319338707_892ae2a660.jpg,-2.058263643e-10
3681651647_08eba60f89.jpg,-2.088318447e-09
1461653394_8ab96aae63.jpg,-7.733631479e-09
3216085740_699c2ce1ae.jpg,-3.658310695e-10
3582914739_bef2828a06.jpg,-2.344126777e-09
256958382_b9006bfc5b.jpg,1.947357644e-10
3466891862_9afde75568.jpg,6.938848646e-09
1022454332_6af2c1449a.jpg,-9.2833904e-09
2375924666_fee50f1cba.jpg,-5.308161686e-09
2975807155_5a8610c297.jpg,6.503488095e-09
2918653119_f535fc25c4.jpg,-2.087012526e-09
3432586199_e50b0d6cb7.jpg,-4.328270483e-09
3090386315_87ed417814.jpg,-2.015176559e-09
2970461648_fe14ba0359.jpg,-1.218984863e-09
3474985112_24ef46e82d.jpg,-2.815988783e-09
2715155329_1ed1756000.jpg,-8.35661992e-10
2981372647_2061278c60.jpg,-6.878563841e-10
3199645963_a681fe04f8.jpg,3.285029246e-10
3361882891_6e610ffdbb.jpg,-4.817594934e-09
370442541_60d93ecd13.jpg,-5.199138821e-10
1482960952_95f2d419cb.jpg,4.693377422e-09
1198194316_543cc7b945.jpg,-5.663321346e-10
2136992638_098d62a3c5.jpg,2.604091703e-10
2831672255_d779807c14.jpg,-6.519846934e-09
3133403457_95dfe11da1.jpg,-4.564992437e-09
2270483627_16fe41b063.jpg,-9.561544706e-10
2830880811_d7f66dd2cf.jpg,3.205722368e-10
3028969146_26929ae0e8.jpg,4.230630559e-09
3435015880_eda46ff50f.jpg,-2.209585342e-09
3210457502_c6030ce567.jpg,-4.829409641e-09
3246804978_ea2c9e56f2.jpg,8.301876553e-09
544301311_5e7d69a517.jpg,3.741611226e-09
3405113041_4b72c24801.jpg,3.146767277e-09
3494345896_dd6b32cfa3.jpg,7.336915349e-09
3697153626_90fb177731.jpg,-2.672201509e-09
2942094037_f6b36fd3db.jpg,6.821230523e-09
3688839836_ba5e4c24fc.jpg,-5.020996954e-09
1234293791_6566284bcd.jpg,7.223328266e-10
2998024845_1529c11694.jpg,6.486556038e-10
3514179514_cbc3371b92.jpg,-1.443663597e-09
2877637572_641cd29901.jpg,9.704420898e-10
3336211088_4c294a870b.jpg,-2.131753061e-09
453756106_711c20471a.jpg,5.289083509e-09
3116039960_54d1d68145.jpg,5.639061108e-10
3634828052_3b6aeda7d6.jpg,3.588565478e-09
1384292980_4022a7520c.jpg,-2.647846493e-09
2747640247_b54bfa6886.jpg,1.257192097e-09
2784625888_71a421e171.jpg,-2.777240294e-09
2059616165_b7c99c1009.jpg,1.063304131e-09
2232518012_8cb0bbc43b.jpg,-5.931420679e-09
3079787482_0757e9d167.jpg,1.015445208e-09
531197115_2be4d5034b.jpg,3.696754785e-09
2194797921_96af7a9467.jpg,-1.857278913e-09
3211210739_3dea005fde.jpg,6.171759338e-09
229951087_4c20600c32.jpg,-4.070926022e-09
3582814058_564776f26c.jpg,1.378784149e-09
241347547_902725b9f8.jpg,-1.44362116e-09
265223843_9ef21e1872.jpg,-3.447308841e-09
3576840040_9356b5b10a.jpg,6.884813455e-10
2170187328_65c2f11891.jpg,-4.54796836e-09
374104006_7f32c8c5de.jpg,-2.322624701e-09
3391209042_d2de8a8978.jpg,3.550026202e-09
3073579130_7c95d16a7f.jpg,-6.845314907e-09
3153828367_5fc2c37c07.jpg,2.626085971e-09
2664102751_d5a737a566.jpg,-4.334701539e-10
799431781_65dc312afc.jpg,2.981653977e-09
3403370354_5d266873b4.jpg,3.819958355e-09
2107838729_a527e434bd.jpg,-1.754796155e-09
3458625738_297857369c.jpg,2.212882267e-10
2102724238_3cf921d7bb.jpg,6.42078054e-09
2606433181_f8f9d38579.jpg,1.535822023e-09
2062607137_dac194ad02.jpg,-2.847838213e-09
3108544687_c7115823f5.jpg,-1.855875946e-09
2870875612_2cbb9e4a3c.jpg,5.092691382e-09
2479652566_8f9fac8af5.jpg,-1.196628542e-09
2508313118_524e93d48c.jpg,6.882724461e-10
2271468944_3264d29208.jpg,-6.22789173e-09
2538477523_1da77eb11c.jpg,8.393989522e-09
2872806249_00bea3c4e7.jpg,-6.535911616e-10
3506216254_04d119cac7.jpg,-3.709930871e-11
1020651753_06077ec457.jpg,-2.121603785e-10
3582920844_2742804f3d.jpg,-6.192765213e-09
3726590391_bc6e729bb6.jpg,7.538055209e-09
1574401950_6bedc0d29b.jpg,5.155832387e-09
409327234_7b29eecb4e.jpg,3.771684685e-09
2540326842_bb26cec999.jpg,3.779127487e-09
3467073304_aefe553c4d.jpg,7.706990194e-09
522700240_d9af45e60d.jpg,-3.506225354e-09
3595408539_a7d8aabc24.jpg,-1.61364932e-10
3601803640_5f3cb05acf.jpg,-5.32480799e-09
3397803103_8a46d716f4.jpg,-2.641319545e-10
1440024115_129212c988.jpg,6.908053876e-09
1032122270_ea6f0beedb.jpg,-7.505973337e-10
2581066814_179d28f306.jpg,-5.574273381e-10
2406591500_403f145905.jpg,-7.419288334e-10
2274992140_bb9e868bb8.jpg,-5.063055644e-09
3475111806_f0d2927707.jpg,3.842771365e-09
3634032601_2236676cdd.jpg,3.650472431e-09
2250870111_8402d2319d.jpg,2.182350679e-09
1473250020_dc829a090f.jpg,5.012362577e-09
3130064588_6d1d3fa2dd.jpg,5.543771177e-09
1478606153_a7163bf899.jpg,4.534706055e-09
2302516347_26054442f9.jpg,2.411569088e-10
3461041826_0e24cdf597.jpg,-1.718381415e-09
3259229498_2b5708c0c6.jpg,1.819379724e-09
3217893350_57be430d06.jpg,-2.658954194e-10
2098418613_85a0c9afea.jpg,-4.408290491e-09
160792599_6a7ec52516.jpg,1.29874242e-08
2100046085_69b59b6645.jpg,-1.89234772e-09
2629334536_11f2d49e05.jpg,3.41991503e-09
407008823_bdd7fc6ed5.jpg,5.0857762e-09
509123893_07b8ea82a9.jpg,2.465899319e-09
326585030_e1dcca2562.jpg,-4.990666558e-10
270816949_ffad112278.jpg,7.960657001e-09
3375070563_3c290a7991.jpg,-2.365141903e-09
3613375729_d0b3c41556.jpg,-1.400020503e-09
244399048_8332bb3270.jpg,2.249685918e-09
3165936115_cb4017d94e.jpg,-2.014159862e-09
3031263767_2e3856130e.jpg,6.690374936e-10
3665569615_9a71c4b6e4.jpg,-9.066339808e-10
661757041_61e131e913.jpg,-2.138669415e-09
3442272060_f9155194c2.jpg,-2.0240098e-09
3514184232_b336414040.jpg,-1.481347246e-08
1187435567_18173c148b.jpg,4.45112434e-09
3147913471_322ea231d9.jpg,2.899595762e-09
1784309115_0ad6791146.jpg,-7.466804796e-09
2714699748_c9270dd5aa.jpg,4.961837138e-09
3262301835_9f1a49b80a.jpg,-3.649700029e-09
3331525712_af1dcc47f2.jpg,-6.647139845e-09
2402744031_11f9f2f2b8.jpg,-1.606136092e-09
3572144280_ea42bbd927.jpg,-8.496967321e-10
2739331794_4ae78f69a0.jpg,-4.112166388e-10
3245912109_fdeef6b456.jpg,6.067478001e-10
3518675890_2f65e23ff9.jpg,3.533682354e-10
3458379941_657182bb09.jpg,-1.554430903e-09
2428086758_bce4733f7e.jpg,4.519138373e-09
1794818900_e0ffdd268e.jpg,4.3310394e-10
1386251841_5f384a0fea.jpg,-7.475495279e-09
1121416483_c7902d0d49.jpg,7.032143751e-09
247097023_e656d5854d.jpg,-5.360444794e-09
2431120202_b24fe2333a.jpg,-7.232913459e-10
2909609550_070eea49b5.jpg,-9.834380702e-09
2635908229_b9fc90d3fb.jpg,-3.420967786e-10
3544803461_a418ca611e.jpg,-5.080340542e-09
3214100656_80cda1b86b.jpg,6.336581409e-09
3703960010_1e4c922a25.jpg,-2.30414977e-09
2317714088_bcd081f926.jpg,-2.470980839e-09
3298175192_bbef524ddc.jpg,6.740519431e-09
3353950389_1153d5e452.jpg,-2.34686113e-09
3705430840_e108de78bf.jpg,-4.043193604e-09
3427023324_f1f6504bf4.jpg,-4.276184153e-09
3084010872_cbc3ea8239.jpg,-3.396753859e-09
2498897831_0bbb5d5b51.jpg,-2.666007754e-10
3636418958_f038130bb2.jpg,3.238059918e-09
584484388_0eeb36d03d.jpg,3.045930785e-09
3666574371_317b008d2a.jpg,3.307720212e-09
3254645823_a7c072481c.jpg,-1.484822122e-09
2687529141_edee32649e.jpg,4.938758684e-09
540604040_bec822c144.jpg,-6.730749708e-09
3280052365_c4644bf0a5.jpg,-1.538801872e-09
2295750198_6d152d7ceb.jpg,-3.12403366e-09
530950375_eea665583f.jpg,-6.54143034e-09
251958970_fa6b423f23.jpg,2.863263134e-09
1459250022_bf1eddad11.jpg,-4.969974449e-09
2596514158_c516e57974.jpg,-7.76724652e-10
3192311620_99bda27fbd.jpg,-2.97569377e-10
244760301_5809214866.jpg,-6.456564491e-10
2923475135_a6b6e13d26.jpg,8.826159796e-10
3177799416_5bd0382370.jpg,-4.598574927e-10
2507182524_7e83c6de82.jpg,1.67718747e-09
2370481277_a3085614c9.jpg,-3.440299068e-09
2141713971_e25eb12712.jpg,-5.785371823e-09
2883907436_82bf4a36b8.jpg,4.943475576e-09
498444334_a680d318a1.jpg,3.635972144e-09
222759342_98294380fc.jpg,-2.739031933e-09
3502343542_f9b46688e5.jpg,-1.644433493e-09
2721656220_5f4cda8bc1.jpg,-1.190572243e-09
424869823_7aec015d87.jpg,-9.634571053e-09
3148811252_2fa9490a04.jpg,-2.511715022e-09
3415287719_3c776f370e.jpg,6.21596338e-10
2444134813_20895c640c.jpg,-5.907007218e-09
2260560631_09093be4c6.jpg,-1.044057005e-08
3396153660_f729d9f9b9.jpg,6.439600238e-09
3432634159_1eb9a73306.jpg,-1.215087498e-09
751737218_b89839a311.jpg,9.416802303e-10
3078229723_2aa52600de.jpg,1.086457962e-08
470887785_e0b1241d94.jpg,-3.978135787e-09
3615239961_62b4dbc174.jpg,1.668878004e-10
3125158798_0743dae56e.jpg,-6.189612313e-09
468608014_09fd20eb9b.jpg,-1.4251805e-09
109738916_236dc456ac.jpg,-9.270599161e-10
2852982055_8112d0964f.jpg,2.143722663e-09
2367317953_503317493e.jpg,3.981420543e-09
3206058778_7053ee6b52.jpg,-9.844192055e-10
3667908724_65c7d112f2.jpg,3.440331319e-09
519061891_320061864e.jpg,-3.584482901e-09
3271468462_701eb88d3b.jpg,3.525568397e-09
2199083344_3aa77f4879.jpg,-4.50992869e-09
3621741935_54d243f25f.jpg,1.75943922e-09
2087317114_cf06df5aa5.jpg,7.293362395e-09
3238654429_d899e34287.jpg,-4.323108771e-09
2268596214_ca532f5c63.jpg,-1.958643164e-09
3564312955_716e86c48b.jpg,-4.870090238e-09
1714316707_8bbaa2a2ba.jpg,2.451459937e-10
109260216_85b0be5378.jpg,-3.756597698e-09
2872197070_4e97c3ccfa.jpg,-4.004083018e-09
747242766_afdc9cb2ba.jpg,-3.214089964e-09
191003287_2915c11d8e.jpg,-3.208553087e-09
399246804_b4b5dc70e1.jpg,4.097339716e-09
3259222690_69737f2a6e.jpg,-3.981963276e-09
2543017787_9720b4fa1c.jpg,-1.572564692e-09
417577408_eb571658c1.jpg,-7.367493432e-09
832128857_1390386ea6.jpg,8.829687609e-09
3443161359_65544fd732.jpg,-2.570160323e-09
3322389758_394c990b6a.jpg,1.958597756e-09
269361490_a22ae818bf.jpg,-4.087978831e-09
3421131122_2e4bde661e.jpg,5.462263626e-09
989754491_7e53fb4586.jpg,-5.509752695e-09
3174726084_c108de0a64.jpg,6.123662239e-09
3745451546_fc8ec70cbd.jpg,-4.945092932e-09
2374247382_023a86b9ca.jpg,-4.241628582e-09
246231741_882b45c4e1.jpg,-6.125461649e-09
2887798667_ce761d45e8.jpg,2.146037267e-10
425706089_f138118e12.jpg,1.303030598e-09
3320756943_9d004f9824.jpg,8.780169069e-09
255091930_aa2b5c0eb9.jpg,-3.314254459e-09
2226534154_cbcab7ba32.jpg,1.289038872e-10
3694064560_467683205b.jpg,2.326889721e-09
3201666946_04fe837aff.jpg,-6.124345773e-09
1799271536_6e69c8f1dc.jpg,-1.790279128e-09
2426724282_237bca30b5.jpg,-5.102304225e-09
526955751_f519d62b58.jpg,3.733530328e-09
3089742441_d42531c14f.jpg,2.107403522e-11
3520869880_2e8b7d7842.jpg,-1.392370281e-09
3244747165_17028936e0.jpg,7.245126666e-11
2644430445_47c985a2ee.jpg,1.988791501e-09
3526150930_580908dab6.jpg,4.869836459e-09
3713882697_6dd30c7505.jpg,-1.301287212e-09
3266306177_7994dc2865.jpg,-1.816643714e-10
2883099128_0b056eed9e.jpg,-1.872403203e-09
2812125355_5e11a76533.jpg,-2.779327009e-09
3607489370_92683861f7.jpg,2.029404401e-09
2399551242_c62a46dd5f.jpg,6.004591838e-09
2199250692_a16b0c2ae1.jpg,1.295921498e-09
275002371_5b200e6a92.jpg,-2.297182636e-09
3169777863_d745865784.jpg,8.314701936e-09
3604391853_b4809fcb8c.jpg,-2.24209652e-09
3518443604_6da641f07d.jpg,-1.27411242e-09
3045613316_4e88862836.jpg,-7.075530012e-09
442220883_ff3d6e507f.jpg,-2.395374574e-09
2193980605_4221c6474d.jpg,-3.859603762e-09
302241178_a582c1b953.jpg,-2.359937258e-09
514990193_2d2422af2c.jpg,-2.273552788e-09
2065875490_a46b58c12b.jpg,-3.078096356e-09
3061481868_d1e00b1f2e.jpg,1.172681752e-08
3157847991_463e006a28.jpg,-1.456153699e-09
3497485793_e36c1d2779.jpg,-2.604533633e-09
798343627_7492fe0c12.jpg,5.433883143e-09
2417745327_a2c2705043.jpg,6.416706637e-09
2815755985_0fa55544c0.jpg,3.660226777e-09
3593222804_c187808ac3.jpg,6.742380278e-09
2586911841_41b7a48c91.jpg,-5.394203788e-09
498794783_cc2ac62b47.jpg,-1.180914515e-10
1094462889_f9966dafa6.jpg,-3.423374293e-09
225699652_53f6fb33cd.jpg,-1.086779162e-09
1876536922_8fdf8d7028.jpg,-2.445660575e-09
1144288288_e5c9558b6a.jpg,-4.485843463e-09
1396064003_3fd949c9dd.jpg,1.274101759e-09
1904112245_549e47c8aa.jpg,1.916534769e-09
2860400846_2c1026a573.jpg,-2.808011517e-09
2877424957_9beb1dc49a.jpg,-9.135022966e-10
743571049_68080e8751.jpg,-1.198304504e-09
689776124_07f560a920.jpg,-8.185786016e-10
2209496328_2a34fd201d.jpg,-2.810850663e-09
3229821595_77ace81c6b.jpg,1.225070103e-08
3098824948_23c31df031.jpg,-9.751861353e-10
240583223_e26e17ee96.jpg,4.144058642e-09
3325578605_afa7f662ec.jpg,-8.71825837e-10
2569643552_23696a9ba5.jpg,-1.051728355e-08
2706766641_a9df81969d.jpg,-1.286318031e-09
2280525192_81911f2b00.jpg,7.312428904e-09
1131155939_b4b457b05e.jpg,2.674684699e-09
319938879_daf0857f91.jpg,-2.494537238e-09
3559429170_3183c404b9.jpg,-7.412949775e-09
205682549_713aa6cd88.jpg,4.168564332e-11
1572532018_64c030c974.jpg,-5.417957428e-09
390360326_26f5936189.jpg,-9.578299222e-09
441212506_fcc321ac28.jpg,-6.279768712e-10
1398873613_7e3174dd6c.jpg,-5.008006347e-09
1989145280_3b54452188.jpg,-4.975369686e-10
2831656774_36982aafdb.jpg,9.266969923e-10
539750844_02a07ec524.jpg,1.060810615e-09
3364026240_645d533fda.jpg,4.159207425e-10
283428775_a3665bee7c.jpg,-1.845180985e-09
211295363_49010ca38d.jpg,-3.120204512e-09
2911238432_33ec2d8cec.jpg,-4.032087776e-09
2696951725_e0ae54f6da.jpg,1.898163312e-09
254901702_67ada9867c.jpg,-2.255894559e-09
3582465732_78f77f34ae.jpg,-1.097651171e-09
2446315531_7c9704eec0.jpg,1.29818339e-09
241346508_0b3907a95b.jpg,-2.249336415e-09
3187924573_203223e6c0.jpg,3.161899124e-09
2301867590_98c0ecb0cb.jpg,6.298158956e-09
2855727603_e917ded363.jpg,-5.911145343e-09
2573667207_a1bf49befc.jpg,-4.003801744e-10
693785581_68bec8312a.jpg,2.558198725e-09
47871819_db55ac4699.jpg,3.726788372e-10
3565749152_7924d15b04.jpg,8.779975217e-10
3389321512_b11f499dab.jpg,4.164128502e-11
236476706_175081ce18.jpg,-2.104392715e-09
3134385454_4f1d55333f.jpg,4.129799991e-10
3146355833_1b7fc80210.jpg,1.547049795e-09
3556485995_9cd40269e9.jpg,2.981828392e-09
3392019836_c7aeebca1c.jpg,-1.379336925e-09
1895768965_43cd9d164f.jpg,6.165031454e-09
1075867198_27ca2e7efe.jpg,9.564139142e-10
3562001359_65c63aeda3.jpg,-1.382975881e-09
3623331945_df0f51d7dd.jpg,3.874560567e-09
1370615506_2b96105ca3.jpg,4.555737469e-09
3041384194_04316bd416.jpg,-4.791898777e-10
3243020805_2bafc36c45.jpg,4.269197202e-09
3170897628_3054087f8c.jpg,-5.145605506e-09
3036033157_522a43a550.jpg,-3.110676623e-09
3713922357_e0a013fb97.jpg,-7.06151748e-09
3398745929_8cd3bbb8a8.jpg,6.476681846e-09
2773400732_5b65a25857.jpg,1.438554248e-10
476233374_e1396998ef.jpg,1.16346521e-09
314685044_da4390728e.jpg,7.5120724e-09
2607130765_97833d6ce1.jpg,2.451435287e-09
2533076864_d799996433.jpg,-2.22051066e-09
3328397409_092de2bd32.jpg,3.451639929e-09
3225025519_c089c14559.jpg,-7.062050234e-09
3542425197_2ef81c6051.jpg,-5.603106101e-09
576075451_5e0f6facb3.jpg,-6.42245209e-09
2051194177_fbeee211e3.jpg,1.129148942e-08
2609836649_b55831ed41.jpg,1.087807686e-09
539493423_9d7d1b77fa.jpg,8.323545165e-09
3546720729_38fff1bbd9.jpg,-4.748268351e-09
3138399980_d6ab8b2272.jpg,2.529203066e-09
3686078365_9e655e238f.jpg,4.96927572e-09
300577375_26cc2773a1.jpg,1.175768848e-08
3417037373_67f7db2dd2.jpg,-1.622214366e-09
3225478803_f7a9a41a1d.jpg,-3.78599931e-09
1169307342_e7a4685a5c.jpg,6.963626419e-09
2127031632_77505e4218.jpg,2.650590284e-09
3260191163_6c1551eee8.jpg,9.375211792e-09
278608022_4175813019.jpg,2.550579573e-10
1287931016_fb015e2e10.jpg,-6.768776716e-09
2937178897_ab3d1a941a.jpg,-3.095695715e-09
2937461473_11bbace28c.jpg,-5.492020962e-09
1386964743_9e80d96b05.jpg,-1.81033249e-09
3052038928_9f53aa2084.jpg,3.371053104e-09
2814028429_561a215259.jpg,-3.109833536e-09
3659090958_a56913ca68.jpg,-1.844798554e-09
391723162_3bdeb7ea33.jpg,2.092851043e-09
3404408360_430f73b034.jpg,7.444144298e-09
3319405494_58dee86b21.jpg,2.755552737e-10
3291587911_81fc33300e.jpg,2.394465762e-09
2293424366_7b5fcd2398.jpg,1.349152513e-09
3206919175_e3a11b6874.jpg,-7.499440024e-10
406642021_9ec852eccf.jpg,3.795968833e-09
3648081498_76ec091495.jpg,2.918741092e-09
2084103826_ffd76b1e3e.jpg,1.382825486e-09
3599124739_b7e60cf477.jpg,4.406837754e-10
1130401779_8c30182e3e.jpg,5.133902705e-09
3441511444_b031585b45.jpg,3.377552305e-09
3215847501_c723905ba4.jpg,-1.462716303e-09
311619377_2ba3b36675.jpg,-2.462847711e-09
801607443_f15956d1ce.jpg,-2.840572396e-09
3690883532_d883f34617.jpg,-4.442941329e-09
3517466790_17c7753a1a.jpg,-1.568541957e-09
2768972186_92787cd523.jpg,9.089378985e-10
3527261343_efa07ea596.jpg,2.576858131e-09
2587846523_b177c9a3e3.jpg,-1.822200262e-09
3350614753_5624e181b3.jpg,-7.02203849e-10
542269487_5d77b363eb.jpg,1.319469164e-09
1287982439_6578006e22.jpg,7.07907474e-09
3262760716_1e9734f5ba.jpg,1.26153089e-08
2267923837_ae88678497.jpg,2.776351629e-09
3429391520_930b153f94.jpg,1.944964516e-09
3613424631_3ae537624f.jpg,6.793489377e-09
1082252566_8c79beef93.jpg,-1.121832786e-09
3163323414_d1ce127aa6.jpg,2.846442669e-10
241346402_5c070a0c6d.jpg,-1.245180396e-09
2612949583_f45b3afe33.jpg,-1.706177708e-09
411011549_1298d2b4d2.jpg,-1.846829844e-09
1557838421_a33f2a4911.jpg,-2.423071959e-09
2444339090_bf7b3211f4.jpg,-1.309488577e-10
482098572_e83153b300.jpg,-5.521191466e-09
3726130458_07df79e969.jpg,5.131427204e-09
3417672954_46b75dea8d.jpg,-2.796115314e-09
3376809186_4e26d880b7.jpg,1.102060625e-08
3227423095_5049951eab.jpg,2.014544999e-09
1298295313_db1f4c6522.jpg,4.701763231e-10
756004341_1a816df714.jpg,-7.749976555e-09
3058439373_9276a4702a.jpg,-6.051919376e-09
2287887341_663bfa15af.jpg,-9.432029248e-11
1581822598_0ae23074f1.jpg,8.273951164e-09
3105929913_94a6882e25.jpg,1.49754475e-10
540873795_ae62ae6f60.jpg,-5.184176222e-09
3461114418_c27b4043a2.jpg,3.410055878e-09
3399798295_a452963365.jpg,-4.93751452e-10
3178489390_13a6ae7524.jpg,1.439312036e-09
3604496023_c1f546423e.jpg,-3.92693548e-09
324208502_674488bcea.jpg,1.875030069e-09
426805536_d1d5e68c17.jpg,7.016742993e-10
246508774_1e9885f1b7.jpg,-2.077897578e-09
1402640441_81978e32a9.jpg,-2.464689044e-09
3124549928_10904a5a83.jpg,-4.501743349e-09
3414734842_beb543f400.jpg,3.738966302e-09
1019077836_6fc9b15408.jpg,1.707486186e-09
3307077951_dd31f1971c.jpg,-5.400541955e-11
2709275718_73fcf08c23.jpg,5.611808329e-09
3264397357_72f084cac1.jpg,-5.256540097e-09
562588230_edb2c071c8.jpg,1.103230585e-09
3171066023_ec60ba30f3.jpg,-8.408440202e-09
1670592963_39731a3dac.jpg,-1.63831718e-09
1271210445_7f7ecf3791.jpg,3.111632632e-09
3728695560_00ec1ca492.jpg,1.428459981e-09
846085364_fc9d23df46.jpg,-9.857192707e-10
3643684616_9d2be87a5a.jpg,-6.233147758e-10
2192411521_9c7e488c5e.jpg,-8.705136696e-10
2369840118_a1c4240ab7.jpg,1.061637541e-09
3244910944_612b8ce98f.jpg,-7.9510716e-09
2850719435_221f15e951.jpg,-1.498012051e-10
3544233095_4bca71df1d.jpg,1.469933338e-09
3217291172_10ef70af88.jpg,1.913369648e-09
3351360323_91bb341350.jpg,1.805388892e-09
2610447973_89227ff978.jpg,2.352449436e-09
1491192153_7c395991e5.jpg,2.362692838e-09
3502459991_fdec2da131.jpg,-1.435094243e-09
1563731247_7f21d8bec0.jpg,-7.39091348e-09
3653462288_bfe2360a64.jpg,5.216500359e-09
2960422620_81889a3764.jpg,9.616988718e-11
2340206885_58754a799a.jpg,6.848556161e-10
1508269285_6c5723f67d.jpg,3.280095629e-09
2752329719_868545b7d2.jpg,3.209474435e-10
3070031806_3d587c2a66.jpg,6.1374612e-09
477254932_56b48d775d.jpg,4.789396244e-09
3595398879_13e33b8916.jpg,5.844205945e-11
3430100177_5864bf1e73.jpg,7.95374516e-10
524036004_6747cf909b.jpg,-7.576077882e-10
2395967330_7e6ea404f6.jpg,-1.034175992e-10
2127209046_94711c747b.jpg,-9.873462645e-09
3197981073_3156963446.jpg,8.958074701e-09
2705793985_007cc703fb.jpg,-3.002219857e-11
3183060123_ea3af6278b.jpg,5.813115481e-09
3307667255_26bede91eb.jpg,6.084609391e-09
2318502106_33f2e4b4fc.jpg,-2.203835e-09
1552065993_b4dcd2eadf.jpg,5.811557506e-09
3576536763_3c8c4f232e.jpg,-1.652563887e-09
3652150541_8fb5a3a5d1.jpg,-2.969790496e-09
2881441125_b580e3dd4b.jpg,3.522321809e-09
3058627443_1d57ff0a2c.jpg,-1.171519534e-09
3416091866_a96003d652.jpg,-1.767435603e-10
3347798761_5c5260b000.jpg,-4.644871069e-09
3485657956_7481582565.jpg,-4.562487607e-09
3668984985_b60ceb2ae9.jpg,-2.230063063e-09
1814086703_33390d5fc7.jpg,2.199871422e-10
2747436384_9470c56cb9.jpg,-1.210488034e-08
1248940539_46d33ed487.jpg,3.045885755e-09
3325974730_3ee192e4ff.jpg,-6.552586131e-09
3516960094_87fb4889de.jpg,-4.549899351e-09
3549006919_3604bc813e.jpg,4.091261113e-09
2197275664_fabcf3424b.jpg,1.859677867e-09
1499495021_d295ce577c.jpg,1.868276716e-09
2428275562_4bde2bc5ea.jpg,-2.51289739e-09
3230101918_7d81cb0fc8.jpg,8.223224044e-10
3400385314_a5bc062e97.jpg,4.577377952e-10
2892989340_bb7e0e5548.jpg,2.026877237e-09
387974450_bcd205daac.jpg,8.767206429e-10
3703035378_c6034cac51.jpg,-2.827627544e-09
3019609769_c7809177f6.jpg,-4.765927299e-09
374828031_9d087da5cf.jpg,-3.828218516e-09
2637904605_fc355816fc.jpg,-2.527044842e-09
2469620360_6c620c6f35.jpg,1.631744196e-09
2127207912_9298824e66.jpg,-3.376846334e-09
2876494009_9f96d7eaf2.jpg,2.211126516e-09
1287475186_2dee85f1a5.jpg,4.467889455e-09
3508637029_89f3bdd3a2.jpg,-2.701978961e-10
3372340429_91c4f4af30.jpg,2.092504513e-09
172092461_a9a9762e13.jpg,2.538695361e-09
3502563726_30d1ce29c8.jpg,-8.387704184e-10
3225037367_a71fa86319.jpg,-1.974302951e-11
2190137367_746335f707.jpg,-8.313306246e-09
3400041870_4e7732b40f.jpg,1.060714941e-09
373219198_149af371d9.jpg,1.678373846e-09
2798880731_4f51634374.jpg,-4.114397426e-09
3587449716_3bf1552c36.jpg,9.890884644e-09
275401000_8829250eb3.jpg,-1.330786719e-09
2752175795_c9def67895.jpg,-5.984286427e-09
2529116152_4331dabf50.jpg,-4.637984406e-09
2712787899_d85048eb6a.jpg,1.114209886e-08
3590294974_4ef98f013e.jpg,-7.170761276e-09
2414710960_a4cde4af60.jpg,2.637440598e-09
2266142543_b2de18c081.jpg,8.444045465e-09
3116011063_f4071ccce6.jpg,-1.449201518e-09
2942311160_a154104c62.jpg,-1.510669359e-09
207731022_988f6afb35.jpg,-3.966618638e-09
2554081584_233bdf289a.jpg,-1.532031933e-10
1167662968_e466f1e80a.jpg,4.422402229e-09
2728486640_cc2a31d2b0.jpg,4.790536522e-09
3698607223_22fe09763a.jpg,-1.065812341e-09
2415803492_56a673dc25.jpg,-6.605665613e-09
2557129157_074a5a3128.jpg,-1.82558733e-10
3145869775_85dfae43bd.jpg,-2.969498633e-09
473988700_570422001b.jpg,-4.943335789e-09
97731718_eb7ba71fd3.jpg,-2.697173635e-09
3714551959_66ece78f27.jpg,-1.031195275e-09
3681172959_6674c118d2.jpg,2.409149683e-09
2053441349_a98b5fc742.jpg,-5.18787567e-09
2748729903_3c7c920c4d.jpg,2.08623955e-09
3247500085_c4f641aa84.jpg,1.356117754e-09
191003283_992257f835.jpg,-1.506569789e-09
361183669_52be9662b9.jpg,5.979017338e-09
3289893683_d4cc3ce208.jpg,2.083051707e-09
3685372942_6ae935b34e.jpg,1.354672842e-09
3259222980_04fb62df97.jpg,-2.95691536e-09
3583293892_c96af8cd98.jpg,2.049720562e-09
417966898_a04f9b5349.jpg,6.915741215e-10
315021440_122d56ebd7.jpg,2.954050537e-09
2672354635_3a03f76486.jpg,1.889745995e-09
2633722629_5eeb649c09.jpg,5.338462764e-09
3352697012_751b079bbb.jpg,3.355713447e-09
2708744743_e231f7fcf9.jpg,3.141387526e-09
756521713_5d3da56a54.jpg,-4.12711713e-09
3455898176_f0e003ce58.jpg,5.560286872e-09
2968135512_51fbb56e3e.jpg,1.918805706e-09
532036676_e88b13e0a1.jpg,4.082727624e-09
3088572348_264c47f78c.jpg,-6.291287046e-09
516394876_8b9b8021bc.jpg,8.682862289e-10
466956209_2ffcea3941.jpg,3.103062e-09
451326127_2d95a2e1c2.jpg,-1.138850674e-09
2449289139_08fc1092c1.jpg,-5.832300467e-09
3131160589_dc73c209b7.jpg,2.75803079e-09
2656987333_80dcc82c05.jpg,-5.03110617e-10
2543589122_ec3e55f434.jpg,7.974545052e-10
3324375078_9441f72898.jpg,-4.569623926e-10
406248253_27b5eba25a.jpg,3.249352563e-09
3425887426_bf60b8afa3.jpg,-9.593939101e-10
2774362575_7543b8bf19.jpg,1.301553941e-09
3155390408_8e1a81efb2.jpg,-5.163716959e-09
1731546544_9fbf14617b.jpg,7.686682161e-09
2785115802_137fa30000.jpg,-2.996770097e-09
95783195_e1ba3f57ca.jpg,1.142930643e-10
3593538248_dffa1a5ed4.jpg,9.40387031e-09
3209620285_edfc479392.jpg,-6.911490126e-09
3204354161_caf89ec784.jpg,9.413092027e-11
3278811919_d5a3432af6.jpg,9.284691567e-10
3110018626_307a123b59.jpg,-4.291729148e-09
2676649969_482caed129.jpg,3.299019304e-09
2595186208_9b16fa0ee3.jpg,5.271605605e-10
3422979565_e08cd77bfe.jpg,-1.720531302e-09
3638631362_af29bbff01.jpg,2.779525959e-11
3473264983_67917a931f.jpg,1.59457067e-09
3703413486_3c682732a0.jpg,3.382899132e-09
498492764_fe276e505a.jpg,7.115097924e-09
732468337_a37075225e.jpg,-1.131414222e-09
3399944164_ec24123945.jpg,1.139853031e-09
2786299623_a3c48bd318.jpg,-6.792941152e-10
3554210976_fbd0ef33a3.jpg,-6.840301759e-09
2733659177_d74a00995b.jpg,-4.316011158e-09
3325497914_f9014d615b.jpg,-3.220866152e-09
3259694057_fae7484b0a.jpg,-7.619340875e-09
3115354165_44dbeec6c1.jpg,-8.900958993e-09
1052358063_eae6744153.jpg,-2.551481901e-09
792362827_5ab5281b99.jpg,-1.36061905e-09
2670560883_7e7b563092.jpg,-1.291983677e-09
3044745642_1d0784ff29.jpg,-1.55880784e-09
3550253365_27d4c303cf.jpg,6.960480345e-09
1461667284_041c8a2475.jpg,6.966933066e-09
3365348059_9773165302.jpg,3.787979696e-09
733752482_ee01a419e5.jpg,1.305470239e-09
2587818583_4aa8e7b174.jpg,-1.236894396e-09
698107542_3aa0ba78b4.jpg,3.019951612e-09
3522076584_7c603d2ac5.jpg,8.93771349e-09
3220151692_d398ef9779.jpg,-3.024351835e-10
2574509968_e4692ae169.jpg,9.879454181e-10
476760133_c33d2bd83d.jpg,-5.628813416e-09
3208999896_dab42dc40b.jpg,1.552881238e-09
2562166462_b43b141d40.jpg,4.492509695e-09
454686980_7517fe0c2e.jpg,3.684740016e-09
3192266178_f9bf5d3dba.jpg,5.399827962e-09
2285152690_3fb93f65f1.jpg,3.232588931e-09
3434526008_02359881a0.jpg,3.948710036e-10
2661138991_d55aa0e5dc.jpg,-4.555635233e-09
2565703445_dd6899bc0e.jpg,2.129401017e-09
2522540026_6ee8ab4c6a.jpg,5.469069075e-09
707972553_36816e53a2.jpg,1.636169639e-09
2630806789_6835bbae95.jpg,-1.863460625e-09
2363100645_c3423a0433.jpg,7.143154933e-09
783353797_fdf91bdf4c.jpg,-2.737382925e-10
2732625904_4fbb653434.jpg,1.835743607e-09
2061144717_5b3a1864f0.jpg,-9.618825049e-09
2823075967_be4c350e9e.jpg,-4.477582392e-09
3399028417_50a621274c.jpg,-6.886085125e-09
2701042060_92508ea8fa.jpg,-4.175511024e-09
3088074124_481139dc92.jpg,1.1192729e-09
1350811702_2ce7cfd0c5.jpg,-4.071153007e-09
2221818690_9003756d33.jpg,3.463537629e-09
2485467050_1d5e2696d4.jpg,5.397853303e-09
3561734666_344f260cce.jpg,-1.129097065e-10
543102698_38e7e38bbc.jpg,-7.745257555e-10
2637510448_4521cf6f29.jpg,-3.744522692e-09
3033668641_5905f73990.jpg,-1.153303345e-09
3239866450_3f8cfb0c83.jpg,-4.227313557e-09
3393394134_0caac47e1c.jpg,5.027189348e-09
930126921_1b94605bdc.jpg,1.73145786e-09
3757598567_739b7da835.jpg,-1.339289819e-09
2135502491_a15c6b5eae.jpg,-3.298694025e-09
3195040792_a03954a19f.jpg,1.436509424e-10
3120953244_b00b152246.jpg,-2.04378065e-09
536537638_f5ee42410b.jpg,-3.010036921e-10
2985439112_8a3b77d5c9.jpg,9.906487862e-10
3041689520_c481bdb20e.jpg,-1.320023182e-08
1443807993_aebfb2784a.jpg,5.749909618e-09
3445544288_68fdb25969.jpg,3.598299252e-09
412082368_371df946b3.jpg,2.292386694e-09
463786229_b54c9a3436.jpg,-2.666475684e-09
3468346269_9d162aacfe.jpg,-2.809471835e-09
2936590102_25036069a6.jpg,-1.281995748e-09
3351357065_a6a9b3d485.jpg,-5.25158511e-09
3425918361_3b890d9575.jpg,1.41094749e-09
3560977956_e08d2cd531.jpg,-4.308091171e-09
2533642917_a5eace85e6.jpg,7.023298632e-09
3600403707_527aa0596e.jpg,1.284919308e-09
3649382413_58a4b1efe8.jpg,3.761147713e-09
456512643_0aac2fa9ce.jpg,2.113903387e-08
3533470072_87a5b595ba.jpg,-8.388655685e-11
3125309108_1011486589.jpg,-7.285132633e-09
3014015906_fdba461f36.jpg,-4.529541567e-09
2659606300_bea3feaf8b.jpg,2.874718216e-09
3190677999_60bbd330fd.jpg,1.162678896e-10
2609900643_c07bcb0bae.jpg,1.45683399e-09
2098174172_e57d86ea03.jpg,-2.198900328e-09
3207676216_48478bce97.jpg,5.122936683e-09
2079110798_ad1370a646.jpg,1.129032025e-09
3160531982_37f5636b8a.jpg,-7.008343477e-09
3651476768_2bae721a6b.jpg,3.507661586e-09
1445123245_c7b9db0e0c.jpg,-4.594236061e-09
2327240505_e73cc73246.jpg,5.98559165e-09
3645080830_1d9ee2f50a.jpg,-4.69354355e-09
3640329164_20cb245fd5.jpg,2.464698337e-09
2475162978_2c51048dca.jpg,1.668237944e-09
3182121297_38c99b2769.jpg,1.679909863e-09
504904434_889f426c6e.jpg,-2.198165393e-09
1287064529_aa4e4f3c31.jpg,-3.282909583e-09
2922807898_b5a06d5c70.jpg,-7.757214966e-10
166654939_80ea4ddbcc.jpg,4.153401644e-09
2325386353_1f1a05e1ce.jpg,-9.139012165e-10
3479050296_65bcea69a0.jpg,3.146827851e-09
2836325261_a3bf5c59be.jpg,-8.561752981e-09
3212625256_685bc4de99.jpg,-2.116250343e-09
3250589803_3f440ba781.jpg,3.621112188e-09
3176131893_7181c733aa.jpg,4.26415114e-09
1424775129_ffea9c13ab.jpg,-1.058768416e-09
285586547_c81f8905a1.jpg,8.255693763e-10
3506560025_8d0f4f9ac4.jpg,4.380512676e-09
3635577874_48ebaac734.jpg,-3.087112277e-09
3391924827_53b31542ce.jpg,-2.5924996e-09
950411653_20d0335946.jpg,-6.6916357e-09
2623146491_b64698b875.jpg,2.510821326e-09
1500853305_0150615ce9.jpg,-1.244095204e-09
3106782647_b078830a9e.jpg,1.489187291e-09
3520321387_710ab74cda.jpg,-4.872520667e-09
3131632154_098f86f4cb.jpg,-4.03355912e-09
109202756_b97fcdc62c.jpg,-2.82323952e-09
3457364788_3514a52091.jpg,1.540295312e-09
3164423279_9b27cb6a06.jpg,-6.612071599e-09
3155365418_43df5486f9.jpg,3.770626081e-09
3285180819_a9712fd2bc.jpg,2.526933437e-09
3163273640_8d3ef22eaf.jpg,-4.104093468e-09
2713897716_c8cd610360.jpg,4.772548796e-09
1131340021_83f46b150a.jpg,-9.140047122e-10
765298136_7805fbb079.jpg,-8.832820257e-09
241346923_18bd84bea4.jpg,-4.883668348e-09
2312731013_1a3a8e25c6.jpg,4.604188328e-09
3170856184_efabfd0297.jpg,-8.352528601e-10
3177468217_56a9142e46.jpg,-6.484863971e-10
2378356400_f6bde5d9b3.jpg,-2.152015579e-09
2888658480_e922a3dec2.jpg,-2.236339449e-10
2409597310_958f5d8aff.jpg,6.302887835e-09
3377570617_d2f2225a74.jpg,5.520882802e-09
2744330402_824240184c.jpg,-1.229223341e-10
2369248869_0266760c4a.jpg,1.954406584e-09
3537218226_478d2e4f26.jpg,-2.458477149e-09
3323419265_7fefaa9d5d.jpg,5.747969044e-10
2633201394_ee4a7666ed.jpg,6.377303841e-09
291952021_f111b0fb3d.jpg,-1.674643431e-09
2064780645_8f28a1529f.jpg,1.072053241e-09
3500829879_a643818d84.jpg,6.561741593e-10
248994078_a9257f448b.jpg,-1.984228629e-09
358559906_d5f3f584f4.jpg,6.020723371e-10
414568315_5adcfc23c0.jpg,-3.940226273e-09
2959581023_54402c8d88.jpg,-6.672393799e-09
1143882946_1898d2eeb9.jpg,5.807321054e-09
3360730513_211e1a4db6.jpg,-4.416864293e-09
2111360187_d2505437b7.jpg,-5.718683932e-11
870710405_51e507b31a.jpg,-6.22852817e-09
1095590286_c654f7e5a9.jpg,6.685637992e-10
3408274796_0dc62225e9.jpg,5.713753958e-09
1110208841_5bb6806afe.jpg,1.263273537e-09
2326730558_75c20e5033.jpg,-6.883917957e-11
3425756814_13909354d4.jpg,-1.359687224e-09
2990563425_2f7246f458.jpg,-3.487246257e-09
2540884723_03d60ef548.jpg,-4.030635681e-10
3136404885_f4d8f1d15a.jpg,-5.748873334e-10
1000268201_693b08cb0e.jpg,1.153008526e-09
3067885047_f69d90c35b.jpg,-6.246513116e-09
3295024992_887a95c700.jpg,6.740347951e-09
2921793132_ef19f1dd44.jpg,4.885269899e-09
2273038287_3004a72a34.jpg,1.352171105e-10
3215695965_69fbeba3d5.jpg,-8.500820678e-09
3054989420_3e755ca352.jpg,4.007341037e-11
3500136982_bf7a85531e.jpg,3.794602771e-09
2332540384_4cf26406a9.jpg,-1.488946664e-09
3315033940_e91f87b7f2.jpg,-2.057388241e-10
3593392955_a4125087f6.jpg,-3.404070747e-09
3513362553_5fc5779e20.jpg,4.286608593e-09
2532294586_4cd76a837d.jpg,-5.463943388e-09
265223847_636ba039c1.jpg,3.443934748e-09
111766423_4522d36e56.jpg,3.110848634e-09
3510218982_318f738b76.jpg,1.025131811e-08
3030223792_02b6f2be99.jpg,5.211205855e-09
1032460886_4a598ed535.jpg,-2.58844975e-09
3671777903_6fbf643980.jpg,-5.123763956e-09
3482668767_66004ce736.jpg,1.226538759e-09
1800601130_1c0f248d12.jpg,-5.177194833e-09
2061927950_dafba5b8a3.jpg,-1.140185837e-09
2763601657_09a52a063f.jpg,-3.332250112e-10
2449446913_28fa5b7c75.jpg,5.954158852e-09
1403414927_5f80281505.jpg,8.711578363e-09
2447284966_d6bbdb4b6e.jpg,-7.217668515e-09
3180806542_49b6de312d.jpg,-5.564916228e-09
2873070704_2141a7a86a.jpg,-1.296611024e-09
2548777800_d7b9cf1c2b.jpg,-2.522535833e-10
2845246160_d0d1bbd6f0.jpg,-5.452875377e-09
3269380710_9161b0bd00.jpg,3.295405587e-09
3234719720_5bb2fc5ffa.jpg,8.394350922e-09
3562816250_6e14d436b1.jpg,-2.772604271e-09
3336374196_f6eaca542f.jpg,5.002885752e-09
2380464803_a64f05bfa9.jpg,1.489516624e-09
2981702521_2459f2c1c4.jpg,5.395903508e-09
2156726763_034ecd2e39.jpg,-1.994827657e-09
2178064851_bb39652d28.jpg,2.940483693e-09
224702241_05af393148.jpg,-3.021705115e-10
2795866891_7559fd8422.jpg,-1.979756327e-09
2656890977_7a9f0e4138.jpg,-4.05286678e-09
3426962078_13e87e10de.jpg,-1.081130059e-09
3432550415_e7b77232de.jpg,4.027933991e-09
3145967309_b33abe4d84.jpg,-1.211664606e-09
2867736861_43c9487a65.jpg,8.514407039e-10
112178718_87270d9b4d.jpg,-7.915025856e-09
143680442_2f03f76944.jpg,-7.588809425e-09
371364900_5167d4dd7f.jpg,7.965945188e-10
2452686995_621878f561.jpg,-1.979350353e-09
3605061440_1d08c80a57.jpg,-5.297940069e-10
687513087_413d4a3a3b.jpg,2.433204577e-09
2173312932_269f9786fc.jpg,-8.970810688e-10
241346971_c100650320.jpg,-3.538511617e-10
3288274849_07ff76ee93.jpg,-8.197909383e-09
2690702549_cf81da8cf6.jpg,-6.111578744e-09
482882719_165722082d.jpg,-4.08730806e-09
3447155358_5b5b59b15e.jpg,9.234184099e-10
2252299132_14ca6e584b.jpg,-1.558378084e-09
3643087589_627a0a9e01.jpg,-4.001037136e-09
365584746_681f33fa46.jpg,3.930101186e-09
3670075789_92ea9a183a.jpg,-1.627533667e-09
465859490_b077219424.jpg,-4.166667137e-09
2176980976_7054c99621.jpg,6.792383816e-09
3258472448_75cfab5e6f.jpg,-1.185871884e-09
3541474181_489f19fae7.jpg,3.955331263e-09
3350785999_462f333c44.jpg,-5.361084586e-09
3369258147_03db257f0f.jpg,-1.520931098e-09
3737711435_113ccd0a52.jpg,1.968838516e-09
661749711_6f408dad62.jpg,2.995789108e-10
3171347658_f0d5469c56.jpg,2.33880642e-09
2057306459_2f52ce648e.jpg,6.33737555e-09
2892467862_52a3c67418.jpg,1.025043586e-08
3295671644_0e10891b6d.jpg,5.068978111e-09
2075041394_0b3ea1822d.jpg,3.317676031e-09
2743709828_a795a75bfc.jpg,8.484683465e-09
241345721_3f3724a7fc.jpg,1.293653397e-09
3461583471_2b8b6b4d73.jpg,-2.472319209e-09
2955985301_e4139bc772.jpg,-3.656293371e-09
3350260112_fcb47ff6b2.jpg,5.780650194e-10
3651971126_309e6a5e22.jpg,1.436247599e-09
3677693858_62f2f3163f.jpg,-8.475440438e-11
2999730677_0cfa1c146e.jpg,8.993974743e-09
526661994_21838fc72c.jpg,7.95581961e-09
2653552905_4301449235.jpg,2.519724239e-10
2282260240_55387258de.jpg,1.067450199e-09
3044536048_e615466e7f.jpg,1.26426827e-09
508261758_78fb8ae067.jpg,-6.370562446e-09
3293753378_7a8ddb98b2.jpg,1.714224067e-09
2662816021_ac474e0fde.jpg,1.215587543e-09
3495349745_1b29a63571.jpg,6.38483141e-09
2769605231_dae8b30201.jpg,5.926615567e-09
501699433_f8df386cf9.jpg,-2.003021865e-09
3506096155_13632955e8.jpg,-1.45990734e-09
1383698008_8ac53ed7ec.jpg,-5.216148521e-09
2836703077_fa9c736203.jpg,7.66903609e-09
2188688248_f57a28a5a7.jpg,6.919207268e-09
3250593457_9049a73b61.jpg,5.239890237e-09
2206960564_325ed0c7ae.jpg,-6.585794591e-09
1362128028_8422d53dc4.jpg,1.402995975e-09
3509611207_7645b1d28d.jpg,-7.640784504e-10
2905942129_2b4bf59bc0.jpg,-1.609223683e-08
2999638340_75bc8b165d.jpg,8.879649718e-09
430964917_022995afb6.jpg,-4.106620915e-09
2983555530_a89f1f5ed7.jpg,8.684492778e-10
387078972_514a38dc33.jpg,3.264077265e-09
3283897411_af9d0b497d.jpg,3.212395082e-09
190638179_be9da86589.jpg,6.740452776e-09
2714878018_1593c38d69.jpg,-5.437327484e-09
2052202553_373dad145b.jpg,-1.47823559e-08
745966757_6d16dfad8f.jpg,-1.130234001e-09
2131762850_5293a288d9.jpg,5.029508891e-10
489134459_1b3f46fc03.jpg,-1.747445463e-09
241347496_1a35fec8dc.jpg,9.641906078e-09
3473320907_3884a7203b.jpg,-4.73530182e-09
2943023421_e297f05e11.jpg,-4.988550493e-09
3429142249_d09a32e291.jpg,1.11749374e-09
359082432_c1fd5aa2d6.jpg,-4.893917523e-09
2718049631_e7aa74cb9b.jpg,2.951733968e-10
3576312396_799c873f3e.jpg,3.353473159e-09
2082005167_a0d6a70020.jpg,1.634296736e-09
419116771_642800891d.jpg,-9.815202635e-10
3431261634_c73360406a.jpg,-2.311546376e-09
2936707421_8e629874b8.jpg,-2.181183144e-09
448658518_eec0b648a6.jpg,-5.02551823e-10
3249865395_dceaa59f54.jpg,-3.241902875e-09
2180886307_5156460b2c.jpg,7.821408487e-10
3167379087_927ff05a35.jpg,4.958467851e-09
3191982761_88793192ed.jpg,-2.508165663e-09
2553550034_5901aa9d6c.jpg,-5.126213272e-09
2481367956_8577d2fa98.jpg,-1.792326242e-09
3223055565_68973f5d20.jpg,4.903088553e-09
2392625002_83a5a0978f.jpg,4.604084844e-09
2904601886_39e9d317b1.jpg,-1.27029014e-09
3582689770_e57ab56671.jpg,-2.221173809e-09
340667199_ecae5f6029.jpg,9.982335103e-10
250406927_a5028a31d4.jpg,-2.982636632e-09
2483792149_a9b4ffecec.jpg,6.883173204e-09
3108197858_441ff38565.jpg,-8.110644251e-10
3421706363_a3e22a4908.jpg,-4.609839496e-09
3457455611_94ee93929f.jpg,5.47587876e-09
233270519_d60d4518fa.jpg,-2.308923308e-09
3079073247_97e88e2eb7.jpg,4.463089554e-09
3331900249_5872e90b25.jpg,-3.048163647e-09
146577646_9e64b8c2dc.jpg,1.247069914e-09
2144846312_d4c738dc6c.jpg,-2.612626323e-09
2449518585_113dc4a8e5.jpg,3.24948539e-09
2525666287_638ab5e784.jpg,-5.072081894e-09
2561481438_447b852e4d.jpg,1.896573581e-09
3024172109_a10198e1dd.jpg,-8.167229862e-09
1562478713_505ab6d924.jpg,7.187171469e-09
3004291289_c4892898ae.jpg,7.729810106e-09
3081734118_6f2090215c.jpg,3.051221933e-09
2137071442_1c9658c81a.jpg,2.985879324e-09
2079152458_40712c3b40.jpg,-5.205964683e-09
2873837796_543e415e98.jpg,4.031629562e-09
1057210460_09c6f4c6c1.jpg,-8.367792462e-10
2688902319_52ceaf4a2a.jpg,-6.565003808e-11
2351479551_e8820a1ff3.jpg,6.563565616e-10
2563578471_9a4e4c2ecc.jpg,9.513293244e-09
2636514498_01fcc5f501.jpg,-9.92801117e-11
2602866141_be9928408d.jpg,-8.369850253e-09
2580215443_4e64afe3d5.jpg,-9.762486088e-09
260520547_944f9f4c91.jpg,1.938743419e-10
3539817989_5353062a39.jpg,-2.721836292e-09
3294964868_16f4f9fa9d.jpg,-4.786827957e-09
3708743823_3e3e0554d1.jpg,1.409633486e-09
2431470169_0eeba7d602.jpg,-5.597575048e-09
3088677667_4a8befb70e.jpg,1.359094889e-09
1683444418_815f660379.jpg,-8.119060363e-09
985067019_705fe4a4cc.jpg,-4.609470811e-09
3183519385_311555d5f5.jpg,-3.224722978e-09
3723903586_e98d3d8ec7.jpg,-9.48726955e-10
515335111_c4afd5b903.jpg,5.324568748e-11
3420284416_a90af1fb7a.jpg,7.415231727e-09
271660510_dd4ba34b35.jpg,-1.592101223e-09
808245064_8a7971fc5b.jpg,-3.796569927e-09
3364797223_1f0b2f98ed.jpg,1.947041579e-09
416992999_654a99a903.jpg,-1.247035387e-09
3486831913_2b9390ebbc.jpg,1.098441517e-08
2354064281_10afa38206.jpg,-5.379657695e-09
3453259666_9ecaa8bb4b.jpg,-1.593985446e-09
1148238960_f8cacec2fc.jpg,3.604300462e-09
2934573544_7ffe92a2c9.jpg,-4.067900596e-09
1260816604_570fc35836.jpg,1.544997596e-09
3648097366_706c8a57a1.jpg,-2.736814656e-09
2517284816_9b8fd3c6b6.jpg,1.84809412e-09
171488318_fb26af58e2.jpg,-1.033257637e-10
3487261028_30791528ec.jpg,-8.832090814e-10
2868324804_5cc8030484.jpg,5.585196712e-09
3471841031_a949645ba8.jpg,-2.397352508e-09
3546891929_f31a99cd0d.jpg,1.299232964e-09
3207654194_43d6bebd68.jpg,-2.633136531e-09
3041645937_ff7591d134.jpg,1.290508235e-09
140430106_2978fda105.jpg,6.030815439e-09
461019788_bc0993dabd.jpg,5.752381809e-09
357191373_a1cb5696e8.jpg,3.518999291e-09
3627290893_561e176e80.jpg,-3.153563841e-09
502884177_25939ac000.jpg,-1.499787098e-09
2870426310_4d59795032.jpg,1.994979097e-10
1525153022_06c48dbe52.jpg,-1.67436835e-09
1507563902_6ec8d5d822.jpg,2.816144013e-10
3533484468_0787830d49.jpg,-5.310401588e-10
2913965136_2d00136697.jpg,-4.567505025e-09
3508522093_51f6d77f45.jpg,3.665635855e-09
3329858093_0ec73f2190.jpg,6.942829219e-09
3132006797_04822b5866.jpg,4.80573063e-10
2282600972_c22d1e03c7.jpg,3.2036067e-09
3697003897_d8ac13be9a.jpg,-6.597098668e-09
3051125715_db76cebd1e.jpg,-1.611875829e-09
3416246113_1745559b6b.jpg,-3.784930196e-09
3029043380_b28644ea5d.jpg,-5.575225214e-09
3016521240_2ef20834b6.jpg,4.993992548e-09
221973402_ecb1cd51f1.jpg,-1.645058647e-09
3481859121_3d3e566ec0.jpg,-5.400374255e-09
751109943_2a7f8e117f.jpg,-3.617263906e-09
2715035273_8fc8b1291c.jpg,3.567554901e-09
3367034082_31658a89bb.jpg,1.437604975e-09
2596475173_58f11fc583.jpg,2.747004417e-09
373394550_1b2296b8c4.jpg,6.718397866e-09
3576259024_9c05b163aa.jpg,5.552886445e-09
2353119813_685bace18e.jpg,1.98125595e-09
3354063643_1d8814eb13.jpg,1.574253357e-09
2178095150_436b035741.jpg,7.151415946e-09
3286193613_fc046e8016.jpg,1.512096184e-09
3286045254_696c6b15bd.jpg,1.111233318e-10
3211577298_14296db6fd.jpg,9.733418343e-09
3514194772_43ba471982.jpg,-3.084187019e-09
3602838407_bf13e49243.jpg,6.642007336e-09
241345942_ea76966542.jpg,-3.392332349e-09
2831217847_555b2f95ca.jpg,5.519379628e-09
1334892555_1beff092c3.jpg,4.835379964e-09
2711075591_f3ee53cfaa.jpg,4.627645357e-09
2898304260_a4099a193a.jpg,1.725545401e-09
3380072636_4cd59385fd.jpg,3.884596109e-09
241345522_c3c266a02a.jpg,6.430312488e-09
566384456_97da3c7bd6.jpg,4.815843514e-09
3283368342_b96d45210e.jpg,-2.776272142e-09
426191845_1e979e9345.jpg,5.718283821e-09
2689491604_d8760f57b4.jpg,-1.95989964e-09
2890731828_8a7032503a.jpg,3.743853821e-09
235065283_1f9a3c79db.jpg,-1.604638179e-09
3472364264_dbde5a8d0a.jpg,-2.939285297e-09
479807833_85eed6899c.jpg,-4.381807511e-10
2346401538_f5e8da66fc.jpg,4.482805303e-09
3722572342_6904d11d52.jpg,-4.618128757e-09
2891961886_b7a2f0b0fd.jpg,-5.087954801e-09
2393298349_e659308218.jpg,-4.777371471e-09
2289068031_fe26990183.jpg,2.587782535e-09
2090723611_318031cfa5.jpg,9.003512738e-09
112243673_fd68255217.jpg,2.575689859e-09
3410899419_4f8dca6f3f.jpg,4.779107786e-09
2715289538_d77c8d0a85.jpg,2.052747045e-09
3146937399_8c046b7b1a.jpg,2.112994015e-09
3091338773_9cf10467b4.jpg,-1.386353988e-08
2698666984_13e17236ae.jpg,7.02040747e-09
2264316030_600e55748d.jpg,1.905034507e-09
2403544744_cba152f5c1.jpg,3.726132871e-09
522063319_33827f1627.jpg,9.488727378e-09
320093980_5388cb3733.jpg,-1.014423749e-09
480200554_6155e9dfeb.jpg,-3.709292705e-09
3502897880_8392d0e4de.jpg,5.837396182e-10
436393371_822ee70952.jpg,3.081425581e-09
3623302162_099f983d58.jpg,3.803654373e-09
3025546819_ce031d2fc3.jpg,-5.711010384e-09
303795791_98ebc1d19a.jpg,1.167666897e-10
3213395965_2a823c6865.jpg,-2.045485708e-09
3584829998_25e59fdef3.jpg,-1.738663543e-09
539676201_c8f1f04952.jpg,-8.115409889e-09
2891162278_fbf96be4f4.jpg,-5.598021094e-09
3040033126_9f4b88261b.jpg,-5.954701838e-09
2483993772_f64e9e4724.jpg,3.064692483e-09
2920516901_23d8571419.jpg,1.339331313e-09
2938747424_64e64784f0.jpg,-1.489833328e-09
3481884992_45770ec698.jpg,2.3773282e-09
496380034_d22aeeedb3.jpg,-1.109051703e-09
2886837407_a4510ab1ef.jpg,-1.675673334e-09
2330843604_b8d75d6ac7.jpg,-9.088208016e-10
1688699579_2f72328c7e.jpg,-3.207027678e-09
