3043501068_be58ac47e1.jpg,1.701136973e-06
3046916429_8e2570b613.jpg,1.531028653e-06
2054308369_f9c6ec7815.jpg,2.556574574e-06
3173014908_b3e69594b6.jpg,2.615897765e-06
167295035_336f5f5f27.jpg,2.200266225e-06
3215238223_29de2b35cb.jpg,1.211253612e-06
3498482871_4e02f31c35.jpg,1.02310883e-06
3176498130_52ab9460b2.jpg,1.06917923e-06
2760715910_87c7bdeb87.jpg,2.147059926e-06
2738255684_0324ed062d.jpg,1.242657167e-06
247617035_9f2e821534.jpg,1.752087473e-06
2831215155_07ba8f1805.jpg,1.992836602e-06
871290646_307cddd4e7.jpg,1.569131203e-06
937559727_ae2613cee5.jpg,9.823341836e-07
3371567346_b6522efdb8.jpg,1.3971046e-06
2457052334_b5a1d99048.jpg,1.682472939e-06
468911753_cc595f5da0.jpg,1.331291413e-06
2371809188_b805497cba.jpg,1.970751929e-06
2540751930_d71c7f5622.jpg,1.105821915e-06
502115726_927dd684d3.jpg,1.527387379e-06
3054997030_797096dd12.jpg,1.241793954e-06
873633312_a756d8b381.jpg,1.515112725e-06
2436160351_108924a65b.jpg,2.014836016e-06
2706023395_ac9eba0e42.jpg,1.209011094e-06
3326086533_23a0a54a8e.jpg,1.66581811e-06
173020287_230bfc4ffc.jpg,1.325668781e-06
50030244_02cd4de372.jpg,8.858796276e-07
3183883750_b6acc40397.jpg,1.704636193e-06
2434006663_207a284cec.jpg,1.265877081e-06
435827376_4384c3005a.jpg,1.217151483e-06
3503011427_a4ee547c77.jpg,1.150530656e-06
2351762979_0941aecced.jpg,1.031328807e-06
3592968286_b63c81bcd2.jpg,1.663140252e-06
2862004252_53894bb28b.jpg,6.311725699e-07
1077931201_1e0bb83105.jpg,1.890635987e-06
2120383553_5825333a3f.jpg,1.61483922e-06
3399843227_3b9d2a8dbf.jpg,1.772930769e-06
241345533_99c731403a.jpg,2.201362598e-06
3710050559_f6f12760fe.jpg,1.265577074e-06
2635938723_11b85e6763.jpg,2.231525605e-06
3496028495_431cfdc042.jpg,1.742458013e-06
2991575785_bd4868e215.jpg,1.531057435e-06
3562282690_cd2a95fe9e.jpg,1.651841513e-06
2676764246_c58205a365.jpg,1.349170666e-06
3519942322_b37d088aae.jpg,2.366526813e-06
2839932205_3c9c27cd99.jpg,1.288068575e-06
2115620856_4fa5025ac6.jpg,1.151016334e-06
2684322797_85406f571d.jpg,1.917906742e-06
530661899_94655d7d0e.jpg,1.826971854e-06
3610683688_bbe6d725ed.jpg,9.118312845e-07
2186087673_c7a73da7ce.jpg,1.593183081e-06
350176185_b8c5591e36.jpg,1.066898342e-06
3649384501_f1e06c58c0.jpg,1.182795424e-06
3243094580_ccd01679f5.jpg,1.292106548e-06
3301854980_233cc2f896.jpg,1.158909952e-06
3465396606_5ba1574128.jpg,1.346528234e-06
2502905671_c6039804ab.jpg,1.63705964e-06
437917001_ae1106f34e.jpg,1.765752654e-06
3273163189_dece7babf4.jpg,2.744785638e-06
3405100926_e96308ce89.jpg,1.338374464e-06
2088532947_c628e44c4a.jpg,1.605295653e-06
3134585858_a8c3493ca5.jpg,1.417853704e-06
2242178517_2325b85e5f.jpg,1.235099586e-06
2885891981_6b02620ae9.jpg,7.844499577e-07
618771382_459bb492e4.jpg,8.096478392e-07
2642475077_69d19deb74.jpg,2.293821876e-06
197504190_fd1fc3d4b7.jpg,9.275627454e-07
479807465_cf42f39d00.jpg,1.334619079e-06
2622624460_207dbcc4cf.jpg,1.439594941e-06
3234890865_bb3c316968.jpg,1.47974804e-06
413737417_b0a8b445e9.jpg,1.419522013e-06
2116444946_1f5d1fe5d1.jpg,1.233526316e-06
1434005938_ad75c8598c.jpg,1.362581352e-06
2271890493_da441718ba.jpg,1.007545207e-06
2441354291_b32e00e5a6.jpg,1.742588476e-06
3583704941_611353857e.jpg,1.722911293e-06
2680619645_ab6645218d.jpg,7.306611505e-07
2504991916_dc61e59e49.jpg,1.676853731e-06
2310126952_7dc86d88f6.jpg,2.471828117e-06
576920249_df1bdc2068.jpg,1.425050476e-06
2628331789_c7f7d90e5d.jpg,1.31572909e-06
2839038702_e168128665.jpg,1.998371166e-06
3067971348_69af5bb309.jpg,1.723751753e-06
2860202109_97b2b22652.jpg,1.962703564e-06
3245250964_9d3e37111e.jpg,1.304338396e-06
1806580620_a8fe0fb9f8.jpg,1.165244301e-06
239807547_4923efc821.jpg,1.069546555e-06
1566117559_f5d98fbeb0.jpg,2.006849895e-06
2759813381_73303113d9.jpg,6.952369923e-07
3000722396_1ae2e976c2.jpg,1.032939576e-06
278007543_99f5a91a3e.jpg,1.588909901e-06
947664583_7c63172366.jpg,1.205386194e-06
325576658_59f68bdbd6.jpg,1.541103408e-06
2415265825_fbfe0c8556.jpg,1.716721701e-06
3364796213_b8948913b5.jpg,8.844851194e-07
2058091220_2087270068.jpg,1.611939784e-06
2295216243_0712928988.jpg,1.18414322e-06
506808265_fe84ada926.jpg,1.203846384e-06
557601144_50b8c40393.jpg,1.154165481e-06
3613667665_1881c689ea.jpg,1.719807398e-06
3603116579_4a28a932e2.jpg,1.058220274e-06
1112212364_0c48235fc2.jpg,1.623014134e-06
2855910826_d075845288.jpg,1.336931497e-06
2801851082_8c3c480c0f.jpg,1.470837097e-06
2861413434_f0e2a10179.jpg,2.209447934e-06
3439243433_d5f3508612.jpg,2.182960601e-06
3038045802_93f2cd5fbc.jpg,1.36287002e-06
412101267_7257e6d8c0.jpg,1.800221807e-06
3371887001_44ab0c2f17.jpg,7.230000671e-07
260392825_ea61660633.jpg,1.17493844e-06
3688858505_e8afd1475d.jpg,1.515238559e-06
236144859_52f9e38885.jpg,2.325335246e-06
3207775692_bb897d9afd.jpg,1.519337425e-06
3193335577_9bdbaf9f70.jpg,1.463035826e-06
543291644_64539956e9.jpg,2.137671859e-06
1781227288_6811e734be.jpg,1.090679027e-06
2892995070_39f3c9a56e.jpg,1.901276669e-06
2939371251_f923569a72.jpg,1.098924539e-06
2913972180_547783dd3d.jpg,7.910134021e-07
534655560_dc1c335b3f.jpg,1.811499676e-06
3162289423_4ca8915d0c.jpg,1.672848289e-06
3375549004_beee810e60.jpg,1.393865842e-06
3680031186_c3c6698f9d.jpg,1.565770524e-06
476759700_8911f087f8.jpg,1.378241583e-06
487894806_352d9b5e66.jpg,2.564611502e-06
3157039116_d82da4e66b.jpg,1.277980442e-06
3264937930_9623496b64.jpg,1.096950347e-06
2565657591_6c1cdfc092.jpg,2.009454657e-06
3320154278_c67e01b8d1.jpg,8.984940023e-07
3557295488_600d387347.jpg,1.711768578e-06
3488512097_e500cb499f.jpg,1.610113823e-06
1436760519_8d6101a0ed.jpg,1.763640476e-06
2425262733_afe0718276.jpg,8.410550988e-07
278388986_78ba84eb8f.jpg,1.569792873e-06
3260975858_75d0612a69.jpg,1.618956489e-06
3702038926_966fdaa311.jpg,1.288961817e-06
3449718979_e987c64e2d.jpg,6.701537876e-07
2428094795_d3a8f46046.jpg,1.906138026e-06
2479162876_a5ce3306af.jpg,1.004883354e-06
3256272547_5ae6c66293.jpg,1.861193079e-06
3621717946_d96f8a6012.jpg,1.341264225e-06
260162669_c79a900afb.jpg,1.288770501e-06
3256043809_47258e0b3e.jpg,2.245731004e-06
3721799573_2f470950e0.jpg,1.826204753e-06
3310067561_b92017acab.jpg,1.619197392e-06
2635400219_2e1a984fd3.jpg,1.359391948e-06
3004823335_9b82cbd8a7.jpg,9.694954656e-07
3349955993_a04aea97d8.jpg,1.230811745e-06
3571193625_835da90c5e.jpg,1.914086451e-06
2552949275_b8cdc450cc.jpg,1.494092837e-06
72218201_e0e9c7d65b.jpg,1.60486466e-06
1142847777_2a0c1c2551.jpg,1.490167622e-06
105342180_4d4a40b47f.jpg,1.302807161e-06
3217240672_b99a682026.jpg,9.593288311e-07
2272967004_1531726d71.jpg,2.403056893e-06
3296124052_6f1d1c9f8d.jpg,1.700979886e-06
3651107058_d84d4c3c25.jpg,1.006509898e-06
2434074318_e35a567220.jpg,1.340932085e-06
96973080_783e375945.jpg,1.037911888e-06
2658009523_b49d611db8.jpg,1.423866063e-06
2612608861_92beaa3d0b.jpg,1.176890365e-06
1303727066_23d0f6ed43.jpg,1.834251208e-06
2214132302_80064fd79d.jpg,2.177195441e-06
2514581496_8f4102377e.jpg,1.394251878e-06
3326024473_4c16e4fbfc.jpg,2.049755744e-06
2882743431_c3e6cd1b5c.jpg,1.517106032e-06
3541962817_78bcd3835b.jpg,6.792565507e-07
2307118114_c258e3a47e.jpg,1.888645239e-06
3583065748_7d149a865c.jpg,1.773373981e-06
3632197966_0c5061025f.jpg,8.90216404e-07
279901198_e7a88c855a.jpg,1.352390739e-06
1827560917_c8d3c5627f.jpg,1.50770765e-06
1923476156_e20976b32d.jpg,2.011774546e-06
3462165890_c13ce13eff.jpg,9.618067582e-07
453473508_682c0a7189.jpg,1.326174534e-06
3223709894_97824ba76f.jpg,1.12292382e-06
1394927474_0afdd82fc4.jpg,1.781646939e-06
3474985008_0a827cd340.jpg,1.262932273e-06
581419370_30485f3580.jpg,6.952741917e-07
3538021517_b930dc76fc.jpg,1.689467552e-06
3436063693_15c8d377a2.jpg,9.173837829e-07
2528552898_9e49a7033f.jpg,1.193971066e-06
3664928753_7b0437fedf.jpg,1.286923695e-06
485312202_784508f2a9.jpg,1.559850334e-06
3634785801_4b23184a06.jpg,8.956237817e-07
2817847072_5eb3bc30ac.jpg,1.798521349e-06
3280672302_2967177653.jpg,1.055158255e-06
1881494074_1bebd93089.jpg,1.638448983e-06
3323498985_fd9d2803fd.jpg,1.391200627e-06
3348785391_c243faf6bb.jpg,8.520260059e-07
3119887967_271a097464.jpg,1.628932725e-06
3301754574_465af5bf6d.jpg,1.681859805e-06
3672109677_8caa992671.jpg,7.586655919e-07
3670907052_c827593564.jpg,9.547621639e-07
3595080592_5fd55570e5.jpg,1.087834795e-06
3495453699_1c9faedf3c.jpg,1.045688216e-06
3550276904_19de3561c5.jpg,1.49806348e-06
2428797297_7fc3c862db.jpg,1.786637848e-06
421808539_57abee6d55.jpg,2.193003703e-06
248174959_2522871152.jpg,1.515269449e-06
435054077_3506dbfcf4.jpg,1.25344545e-06
3640241166_b1ab7a8e7a.jpg,1.741158103e-06
2874984466_1aafec2c9f.jpg,1.667199079e-06
3287236038_8998e6b82f.jpg,1.837597127e-06
2453990033_df53f0d8c8.jpg,1.049296098e-06
2736508369_fd9ff0b42f.jpg,1.331822085e-06
3092370204_029b6bc10a.jpg,1.381085333e-06
191003284_1025b0fb7d.jpg,1.667190651e-06
1466307489_cb8a74de09.jpg,8.65142712e-07
2255685792_f70474c6db.jpg,1.201584288e-06
2629402527_6dfc5c504b.jpg,1.694760854e-06
2687539673_d54a8dc613.jpg,6.727073683e-07
124881487_36e668145d.jpg,1.474568377e-06
2303016989_0deb96c8d9.jpg,2.148282634e-06
2838125339_3dd314e315.jpg,8.586947688e-07
316833109_6500b526dc.jpg,1.47399909e-06
3573436368_78f0ccdf01.jpg,1.954439319e-06
3088399255_1bd9a6aa04.jpg,1.444159401e-06
250892549_1e06a06a78.jpg,1.094204389e-06
3711611500_ea47b58b6f.jpg,1.300762229e-06
1096395242_fc69f0ae5a.jpg,1.612550699e-06
3545586120_283d728a97.jpg,1.269246485e-06
1089181217_ee1167f7af.jpg,1.14526114e-06
3116985493_04b1dc3345.jpg,1.276284314e-06
3706653103_e777a825e4.jpg,1.18136976e-06
380041023_0dfd712ef1.jpg,9.410489595e-07
3497224764_6e17544e0d.jpg,1.928795806e-06
410422753_de506155fa.jpg,1.406625304e-06
3006093003_c211737232.jpg,8.31122475e-07
857914283_270d7d1c87.jpg,2.07108301e-06
107318069_e9f2ef32de.jpg,2.057544486e-06
3175849727_bf30b892cb.jpg,2.314310608e-06
2641770481_c98465ff35.jpg,1.730401312e-06
3437693401_202afef348.jpg,2.09557123e-06
3555231025_73fa54fa29.jpg,2.017128705e-06
2196316998_3b2d63f01f.jpg,1.355830873e-06
245442617_407eba1e98.jpg,1.447951683e-06
3353400143_8b9543f7dc.jpg,1.429121751e-06
413231421_43833a11f5.jpg,7.583050542e-07
2200901777_f6c168bd32.jpg,1.93707227e-06
2493469969_11b6190615.jpg,1.155042529e-06
3756150099_50882fc029.jpg,1.850247967e-06
3404978479_8a81843e17.jpg,2.170897558e-06
3268191118_ba25fabab6.jpg,1.760466057e-06
2603334363_cfa32c4482.jpg,1.141951241e-06
3181409177_edb09c2718.jpg,2.105715615e-06
3656206975_09e6ce58bd.jpg,1.463076785e-06
2940366012_1ef8ab334e.jpg,1.114849927e-06
2318721455_80c6644441.jpg,1.360651306e-06
2976155358_b4dd4407cf.jpg,7.240444064e-07
3518118675_5053b3f738.jpg,1.279058843e-06
2894850774_2d530040a1.jpg,1.760504073e-06
900144365_03cd1899e3.jpg,8.993639551e-07
3300019891_8f404d94a1.jpg,9.023351975e-07
3457460673_800d7f7dd9.jpg,2.067664341e-06
1428641354_f7453afbea.jpg,1.278230421e-06
2285741931_07159a21f2.jpg,2.559116093e-06
3666056567_661e25f54c.jpg,1.178490955e-06
2505988632_9541f15583.jpg,8.636716342e-07
177302997_5b2d770a0a.jpg,1.439713959e-06
1087168168_70280d024a.jpg,1.11701611e-06
1397295388_8a5b6b525d.jpg,1.264002226e-06
2261257940_449b6e6c91.jpg,9.526645989e-07
3566225740_375fc15dde.jpg,1.303856093e-06
3172283002_3c0fc624de.jpg,1.855172504e-06
3324056835_84904fe2f8.jpg,2.033228006e-06
1053804096_ad278b25f1.jpg,1.966639949e-06
2943079526_e9033a6556.jpg,1.723071734e-06
3647283075_3005333222.jpg,7.410348531e-07
2944836001_b38b516286.jpg,2.233093741e-06
3576060775_d9121519cc.jpg,8.904662448e-07
3399906919_bc8562b257.jpg,2.287123873e-06
2490863987_715383944a.jpg,1.358879383e-06
2256133102_e2c8314ecb.jpg,1.265896085e-06
3493000349_81c540e828.jpg,1.4556441e-06
3530342993_a4a1f0e516.jpg,9.099458341e-07
3182405529_7692256746.jpg,2.053016331e-06
2797149878_bb8e27ecf9.jpg,1.900744173e-06
470887795_8443ce53d0.jpg,1.038422202e-06
2081679622_6f1442367d.jpg,1.829695672e-06
2987096101_a41896187a.jpg,1.571521219e-06
3401333624_4b6af8c1d7.jpg,1.133479345e-06
2090545563_a4e66ec76b.jpg,1.19621807e-06
445861800_75fc6a8c16.jpg,1.213981426e-06
1423997242_ea2189ec5e.jpg,1.397835939e-06
380034515_4fbdfa6b26.jpg,1.098002092e-06
472535997_0dbf42b9f3.jpg,1.768151267e-06
3162095736_cc41dd41ff.jpg,9.683434177e-07
1002674143_1b742ab4b8.jpg,1.047298468e-06
3375991133_87d7c40925.jpg,1.313838095e-06
1303550623_cb43ac044a.jpg,7.952055774e-07
3437781040_82b06facb3.jpg,1.233548388e-06
539493431_744eb1abaa.jpg,1.108577452e-06
1211015912_9f3ee3a995.jpg,1.23042739e-06
2655647656_ee450446ed.jpg,1.740108565e-06
2792212974_23b1ef05fa.jpg,1.285147016e-06
3595216998_0a19efebd0.jpg,1.975376244e-06
423066487_07757b2b49.jpg,1.477567441e-06
2823575468_15f6c345fc.jpg,2.2448061e-06
3263215700_e27f81f8b9.jpg,1.894135688e-06
2892395757_0a1b0eedd2.jpg,1.184479343e-06
519059913_4906fe4050.jpg,1.518948606e-06
2384550175_e421d3a871.jpg,1.179890515e-06
3548191125_514f47e493.jpg,1.755577025e-06
2822290399_97c809d43b.jpg,1.352804963e-06
241345864_138471c9ea.jpg,2.179925708e-06
2466420387_86fe77c966.jpg,1.460994089e-06
229862312_1a0ba19dab.jpg,8.436422473e-07
1573017288_4d481856e2.jpg,1.36896571e-06
3355494822_61353a224d.jpg,1.951882851e-06
2352414953_10f3cd0f1f.jpg,2.074803349e-06
2751602672_ca5e1f6447.jpg,1.007412566e-06
3518755601_cebf11e515.jpg,1.750423247e-06
3442622076_c3abe955e5.jpg,1.962104544e-06
2862509442_4f5dc96dca.jpg,1.678196112e-06
1263126002_881ebd7ac9.jpg,1.115172337e-06
3154528397_89112faf4b.jpg,1.37788595e-06
554774472_b5d165ff69.jpg,9.0775789e-07
2460126267_0deea8b645.jpg,9.825799898e-07
3504158556_1d410c8ff7.jpg,1.052389535e-06
2431723485_bc6b8e6418.jpg,1.694177262e-06
1473080948_bae2925dc8.jpg,1.044575143e-06
3594822096_e1144b85d6.jpg,1.296605658e-06
3232470286_903a61ea16.jpg,1.100433615e-06
2599131872_65789d86d5.jpg,1.895728547e-06
262570082_6364f58f33.jpg,1.732092043e-06
2912476706_9a0dbd3a67.jpg,1.652076788e-06
3016726158_4d15b83b06.jpg,1.7643227e-06
2661489896_cc3425777e.jpg,1.556456867e-06
3404552106_f516df0f5b.jpg,1.13161297e-06
2204277704_f1c8c741ed.jpg,1.984458694e-06
2050067751_22d2763fd2.jpg,1.969875454e-06
350443876_c9769f5734.jpg,1.683570438e-06
2450299735_62c095f40e.jpg,1.255057661e-06
769260947_02bc973d76.jpg,2.156007818e-06
2970067128_8842ab3603.jpg,9.663454825e-07
2342478660_faef1afea8.jpg,1.516601496e-06
485245061_5a5de43e20.jpg,1.539816009e-06
3621649810_cca783b777.jpg,1.640932449e-06
3346918203_986dca6641.jpg,1.338981811e-06
3272002857_ace031f564.jpg,2.019936169e-06
3104400277_1524e4f758.jpg,1.015511202e-06
2231847779_1148d1c919.jpg,1.242699967e-06
3308488725_f91d9aba27.jpg,1.714136908e-06
2712974062_6d5b6aa7f0.jpg,1.10674936e-06
2757803246_8aa3499d26.jpg,1.024362148e-06
3126773489_7ae425af17.jpg,8.696094387e-07
2960033435_c20cc7399a.jpg,1.220240344e-06
2502007071_82a8c639cf.jpg,1.163164363e-06
3132619510_7dfc947d25.jpg,2.076191056e-06
3028095878_07341efc9c.jpg,1.932876104e-06
247704641_d883902277.jpg,1.01779557e-06
3359551687_68f2f0212a.jpg,1.501200057e-06
824123145_59243e504e.jpg,1.47797109e-06
3285993030_87b0f1d202.jpg,1.598004813e-06
1663454406_5e2cf8c5bb.jpg,8.745652315e-07
2147199188_d2d70b88ec.jpg,8.679686361e-07
236474697_0c73dd5d8b.jpg,1.840167213e-06
3308018795_68a97a425c.jpg,1.527422923e-06
275516348_cbccebc125.jpg,2.009573114e-06
3174228611_6cf9d2266b.jpg,1.731967791e-06
2420546021_4a59790da6.jpg,1.191348913e-06
3009018821_ba47396e24.jpg,6.929642037e-07
2287023569_fd7a9c60b8.jpg,1.269578309e-06
3519155763_045a6a55e2.jpg,1.821526549e-06
2309327462_82a24538d4.jpg,1.223256278e-06
609681901_66809d2dc1.jpg,1.124385137e-06
3344411431_6f4917bb2f.jpg,1.6661359e-06
3726700898_c50494b8bd.jpg,1.091674704e-06
3603064161_a8f3b6455d.jpg,1.713644342e-06
415793623_6c1225ae27.jpg,1.415211096e-06
3225296260_2ee72b4917.jpg,1.592262051e-06
2952320230_26601173be.jpg,1.874754786e-06
2400958566_4e09424046.jpg,1.35174938e-06
2286239223_d84ffc4e4a.jpg,1.191745883e-06
888517718_3d5b4b7b43.jpg,1.489490802e-06
3259228898_cefd04580b.jpg,1.663225673e-06
3374054694_fa56f29267.jpg,1.109133086e-06
3317960829_78bbfafbb6.jpg,1.114038308e-06
1332815795_8eea44375e.jpg,1.585784703e-06
3106340185_80d0cb770a.jpg,1.41229535e-06
1244140539_da4804d828.jpg,1.546762577e-06
2193223202_4d908c0450.jpg,9.459825955e-07
69189650_6687da7280.jpg,2.013937958e-06
517102724_a0f3069156.jpg,1.628952667e-06
230016181_0c52b95304.jpg,1.772766071e-06
3217620013_8b17873273.jpg,1.020353234e-06
3429351222_17ae744daf.jpg,1.107958299e-06
3454199170_ae26917dcd.jpg,1.199228896e-06
3580375310_46ec3e476c.jpg,1.979412308e-06
3594029059_cee1f4c59a.jpg,2.153495549e-06
2657484284_daa07a3a1b.jpg,7.93844956e-07
2869009633_ea3cafd437.jpg,1.205598256e-06
3664297064_a4d45cbbbc.jpg,1.031524287e-06
3463523977_f2ed231585.jpg,1.163531611e-06
2745811124_12c4426b8b.jpg,1.859669248e-06
2696636252_91ef1491ea.jpg,1.094754783e-06
2579266054_1ec58aa92f.jpg,9.087734186e-07
279728508_6bd7281f3c.jpg,7.252738577e-07
3619232550_0b1e1fd4e4.jpg,1.360842576e-06
3639428663_dae5e8146e.jpg,1.034486595e-06
2808870080_4ea4f3327e.jpg,8.530617191e-07
431018958_84b2beebff.jpg,1.146875118e-06
3427852996_d383abd819.jpg,1.20818955e-06
1529044279_4922ead27c.jpg,7.631101258e-07
2307807200_91fa29cba1.jpg,1.884272245e-06
405534893_2d0f3b0147.jpg,1.354186196e-06
2885111681_dc328ecfff.jpg,1.042571608e-06
2921094201_2ed70a7963.jpg,1.987763092e-06
772212710_f5fc22ed35.jpg,8.172793653e-07
2664103423_c539f61016.jpg,2.060819769e-06
315880837_90db309bab.jpg,2.160440047e-06
2108799322_e25aa6e185.jpg,1.681963201e-06
1956678973_223cb1b847.jpg,1.158176348e-06
219730733_6a55382dd2.jpg,9.601293052e-07
2914800692_0c512d27b8.jpg,1.517318369e-06
2248487956_2603f55ab9.jpg,1.77441955e-06
483841513_e660391880.jpg,3.807163054e-07
1674612291_7154c5ab61.jpg,1.097416318e-06
2288530008_4ebcee2174.jpg,1.408590939e-06
3729525173_7f984ed776.jpg,8.79477246e-07
2257294002_0073263c54.jpg,1.921552613e-06
2914737181_0c8e052da8.jpg,3.625986799e-06
539744890_85e63f5854.jpg,2.422604181e-06
3513265399_a32e8cfd18.jpg,1.012335381e-06
1625306051_7099519baa.jpg,1.759947114e-06
2642350864_099c0f2152.jpg,1.636662066e-06
756909515_a416161656.jpg,1.252631968e-06
2939197393_93dc64c4bb.jpg,1.610841118e-06
2070831523_5035d5537e.jpg,2.055914286e-06
2986671935_0c60bbb3fa.jpg,7.356508609e-07
156967462_72db9b722c.jpg,9.847361282e-07
1425919702_ddb761aeec.jpg,1.029150993e-06
3048380686_732db55281.jpg,1.140925962e-06
3226541300_6c81711e8e.jpg,1.125957898e-06
482907079_22085ada04.jpg,6.214851018e-07
108899015_bf36131a57.jpg,1.77271943e-06
2623939135_0cd02ffa5d.jpg,1.33123276e-06
3421177332_a05741cfa4.jpg,2.107558671e-06
3322443827_a04a94bb91.jpg,2.777210763e-06
2597737483_6518a230e4.jpg,1.402014428e-06
3067500667_0fce8f28d4.jpg,1.855670302e-06
2521878609_146143708e.jpg,1.827564343e-06
1772859261_236c09b861.jpg,1.292661477e-06
2266901263_4324af1f03.jpg,1.53615008e-06
3351667632_00f586a30c.jpg,1.257914396e-06
1305564994_00513f9a5b.jpg,1.821120034e-06
2196050115_e236d91f52.jpg,1.610318107e-06
3014986976_0e7b858970.jpg,1.099469481e-06
505955292_026f1489f2.jpg,7.894813939e-07
670609997_5c7fdb3f0b.jpg,1.107441123e-06
416650559_cd08d3cd96.jpg,1.782333114e-06
3587781729_bd21ce7b11.jpg,9.536129104e-07
3424927725_c4d1fcfac3.jpg,9.959186547e-07
3329777647_5e1fd503ac.jpg,1.424549962e-06
3084380974_268a0f9236.jpg,1.045564806e-06
2358898017_24496b80e8.jpg,1.908596613e-06
446286714_dcec7f339e.jpg,8.662659524e-07
342872408_04a2832a1b.jpg,1.561756179e-06
3613027188_1645ca1976.jpg,1.403859934e-06
3493255026_5fdaa52cbe.jpg,1.423132799e-06
3474912569_7165dc1d06.jpg,8.777335171e-07
3091916691_b1c96669c6.jpg,1.899348749e-06
2998861375_02817e0147.jpg,1.779198292e-06
1248734482_3038218f3b.jpg,1.679849218e-06
3514019869_7de4ece2a5.jpg,1.425504462e-06
2324917982_f3db8c11e9.jpg,1.756167716e-06
2198511848_311d8a8c2f.jpg,1.737334571e-06
3578841731_f775cab089.jpg,1.544314717e-06
3427402225_234d712eeb.jpg,1.611019754e-06
3134644844_493eec6cdc.jpg,1.50742019e-06
2500567791_101d5ddee3.jpg,1.175946552e-06
976392326_082dafc3c5.jpg,1.742867799e-06
3052196390_c59dd24ca8.jpg,9.574846546e-07
3035118753_69287079dc.jpg,2.300236121e-06
2308256827_3c0a7d514d.jpg,9.967021839e-07
2097398349_ff178b3f1b.jpg,1.305309137e-06
2933643390_1c6086684b.jpg,1.300281153e-06
132489044_3be606baf7.jpg,1.510825005e-06
2900274587_f2cbca4c58.jpg,1.733877451e-06
2288315705_5f4c37d932.jpg,1.341916066e-06
2795352290_9209b214f3.jpg,1.374604088e-06
1721637099_93e9ec2a2f.jpg,1.957431782e-06
2744705574_519c171ca0.jpg,8.412005502e-07
3127142756_bf0bfcb571.jpg,7.334822647e-07
125319704_49ead3463c.jpg,1.186553862e-06
3263497678_8bb688ca01.jpg,1.507547298e-06
244774022_a12c07afdb.jpg,1.823328857e-06
2102030040_2e8f4738f7.jpg,1.595313065e-06
523692399_d2e261a302.jpg,2.077676825e-06
3348811097_0e09baa26f.jpg,2.313064949e-06
2966552760_e65b22cd26.jpg,1.770451598e-06
2647062476_5ef31ba867.jpg,1.60140858e-06
280706862_14c30d734a.jpg,1.276019326e-06
421153376_d1d325568f.jpg,1.925526048e-06
3699318394_6193f2c8e0.jpg,1.685670524e-06
664470170_6a1ad20c45.jpg,1.561717837e-06
2399114095_c3196ff456.jpg,1.879712702e-06
2660480624_45f88b3022.jpg,1.258274642e-06
1460352062_d64fb633e0.jpg,5.487698447e-07
2385146732_d1c67c790e.jpg,9.217144111e-07
3185645793_49de805194.jpg,1.232624262e-06
3384314832_dffc944152.jpg,1.22563804e-06
1449370354_380c4123c9.jpg,1.214950834e-06
997338199_7343367d7f.jpg,1.029730306e-06
2670637584_d96efb8afa.jpg,1.427606003e-06
3501936223_6122a13d27.jpg,2.539088893e-06
3072114570_e1c0127529.jpg,1.837402055e-06
3461106572_920c8c0112.jpg,1.699876587e-06
804087017_330bcc8c56.jpg,9.944844623e-07
2559921948_06af25d566.jpg,1.804000454e-06
2044063458_fcc76a7636.jpg,7.947476269e-07
2901880865_3fd7b66a45.jpg,1.904025407e-06
890734502_a5ae67beac.jpg,1.83077881e-06
1394396709_65040d97ab.jpg,1.83351758e-06
3416339125_0860d3d1eb.jpg,1.713530635e-06
3628043835_9d9bd595a7.jpg,1.695482753e-06
3665169936_01ae94c9fd.jpg,1.871949383e-06
2735558076_0d7bbc18fc.jpg,1.365779116e-06
3634400263_c6fcaa48e1.jpg,1.608668405e-06
3370085095_6abbb67c1d.jpg,1.354621125e-06
3675825945_96b2916959.jpg,1.867181338e-06
3563924606_5914392cd8.jpg,1.623985047e-06
199809190_e3f6bbe2bc.jpg,1.714383224e-06
2557507575_b247f145bc.jpg,1.058251048e-06
561940436_64d6fc125d.jpg,1.054399668e-06
1917203130_fcaff8b10e.jpg,1.102628793e-06
3272847211_9e8a4f8308.jpg,1.56161706e-06
3533451027_b078e4631b.jpg,1.749202255e-06
700884207_d3ec546494.jpg,2.224834854e-06
470887781_faae5dae83.jpg,8.909379846e-07
1499581619_a5f65a882c.jpg,1.137497084e-06
3407584080_c6abf71ae3.jpg,2.099965684e-06
3606909929_90a1a072b7.jpg,1.535939684e-06
3042483842_beb23828b9.jpg,1.166103124e-06
2623247254_3bfc795121.jpg,1.708511226e-06
3396157719_6807d52a81.jpg,1.522766368e-06
3604384383_db6805d1b9.jpg,1.449337956e-06
2313230479_13f87c6bf3.jpg,2.175981958e-06
3500115252_9404c066a8.jpg,2.354533587e-06
961611340_251081fcb8.jpg,2.14981781e-06
3699522388_2333f01f40.jpg,1.343717041e-06
392467282_00bb22e201.jpg,1.764104132e-06
3485599424_94de8ede51.jpg,1.182925884e-06
489372715_ce52da796a.jpg,1.717059318e-06
2673148534_8daf0de833.jpg,1.180331243e-06
3443030942_f409586258.jpg,1.125828995e-06
1401961581_76921a75c5.jpg,1.692497417e-06
1155138244_859fd6e079.jpg,1.12975272e-06
219843860_332e5ca7d4.jpg,1.448987454e-06
3700322513_50f0d45bfa.jpg,2.307078066e-06
109823394_83fcb735e1.jpg,9.428769397e-07
293879742_5fe0ffd894.jpg,1.250207884e-06
3051754615_3d6494c2ae.jpg,1.377524109e-06
54723805_bcf7af3f16.jpg,1.764025134e-06
3436418401_b00ceb27c0.jpg,2.073417646e-06
3508051251_82422717b3.jpg,8.031867273e-07
534056823_0752303702.jpg,1.556653171e-06
3653484549_f316590b0f.jpg,1.357404822e-06
3597326009_3678a98a43.jpg,1.326649459e-06
491964988_414b556228.jpg,6.852411346e-07
2633082074_32c85f532c.jpg,8.636455378e-07
3721812313_6000566803.jpg,1.509479321e-06
2373234213_4ebe9c4ee5.jpg,1.55488523e-06
315436114_6d386b8c36.jpg,2.065995797e-06
241346471_c756a8f139.jpg,1.949687877e-06
1095476286_87d4f8664e.jpg,1.789650446e-06
2883324329_24361e2d49.jpg,9.487239135e-07
1235681222_819231767a.jpg,1.691070373e-06
72964268_d532bb8ec7.jpg,1.681480423e-06
262642489_f5c6b9e65b.jpg,8.643712739e-07
3342822192_082f932ef2.jpg,1.133438667e-06
3475092236_cf45d383c7.jpg,1.377622457e-06
3215896272_e9b4b547a9.jpg,1.946750853e-06
2142232919_c857a09dd7.jpg,6.730196772e-07
2189181027_a445b13438.jpg,1.945026079e-06
3274879561_74997bbfff.jpg,1.697159695e-06
309430053_cc58bcc36a.jpg,1.837075265e-06
241345596_91e0e2daf5.jpg,1.60693021e-06
3621623690_0095e330bc.jpg,7.745898773e-07
3741827382_71e93298d0.jpg,1.567986118e-06
2473737724_355599a263.jpg,1.605640278e-06
3406116788_c8f62e32d1.jpg,1.854429186e-06
1324816249_86600a6759.jpg,1.545978843e-06
3468694409_a51571d621.jpg,1.332686847e-06
3030962048_f71948226c.jpg,1.039370341e-06
2467850190_07a74d89b7.jpg,1.237465257e-06
2319808437_bbbdc317c0.jpg,1.033409427e-06
1295671216_cde1b9c9d1.jpg,2.751946411e-06
237277765_9e6fa5b99a.jpg,4.796922143e-07
181103691_fb2f956abd.jpg,1.389343319e-06
3640348910_fcd627ec66.jpg,1.140016271e-06
2879241506_b421536330.jpg,1.257547273e-06
2504056718_25ded44ecb.jpg,1.49141951e-06
2618538137_44fffe10c4.jpg,1.15791293e-06
3425071001_e7c9809ef2.jpg,1.130518581e-06
3472540184_b0420b921a.jpg,1.779886643e-06
1405221276_21634dcd58.jpg,4.78872911e-07
2587106431_1cc0e719c6.jpg,2.077543259e-06
2762702644_2aa3bf9680.jpg,1.296664405e-06
2808098783_c56b44befa.jpg,2.049831078e-06
2257099774_37d0d3aa9a.jpg,1.249471011e-06
3141440149_00becbbb93.jpg,1.650970499e-06
3304484212_b950233c30.jpg,1.794137429e-06
3475581086_a533567561.jpg,2.378883447e-06
979201222_75b6456d34.jpg,8.961523423e-07
3581538034_783b7d0d09.jpg,1.705644747e-06
2865564810_5c63328cd4.jpg,7.850589675e-07
3691622437_f13644273c.jpg,1.569850308e-06
3412249548_00820fc4ca.jpg,1.943486208e-06
131632409_4de0d4e710.jpg,1.490436721e-06
3251648670_9339943ba2.jpg,6.957894156e-07
3712923460_1b20ebb131.jpg,1.201175377e-06
3189521080_133777bce5.jpg,1.231786754e-06
852469220_bc0fee3623.jpg,1.455240544e-06
2115849046_2aa9fa8d13.jpg,2.554933653e-06
1357724865_4faf4e1418.jpg,7.055576472e-07
3492383096_5bbc08f0da.jpg,2.011989859e-06
1808504612_3508f3c9bb.jpg,6.646832598e-07
3725814794_30db172f67.jpg,1.124048074e-06
3493479159_609ebe1b35.jpg,1.515549745e-06
2362377137_9528692825.jpg,1.047585354e-06
319851847_7212423309.jpg,1.564518848e-06
500446858_125702b296.jpg,1.616304431e-06
3155501473_510f9c9f6b.jpg,1.778593066e-06
408573233_1fff966798.jpg,8.97280162e-07
470373679_98dceb19e7.jpg,9.871122267e-07
2867699650_e6ddb540de.jpg,1.976011275e-06
488356951_b3b77ad832.jpg,1.197952146e-06
2944025729_5aecda30ee.jpg,1.041044703e-06
2638981862_6b23833f37.jpg,1.531393012e-06
689359034_4a64c24ca4.jpg,1.404925371e-06
3234115903_f4dfc8fc75.jpg,1.500773218e-06
3332467180_d72f9b067d.jpg,1.627011717e-06
3365198533_539073002b.jpg,1.039517373e-06
2419221084_01a14176b4.jpg,1.655104028e-06
1269470943_ba7fc49b4d.jpg,5.801692769e-07
2461990494_c5ece064cc.jpg,1.743402055e-06
1969573381_5ecfae4c80.jpg,1.923706896e-06
2276120079_4f235470bc.jpg,1.188697929e-06
3399616238_77acf4ee12.jpg,1.804275774e-06
781387473_208ba152b3.jpg,1.627885484e-06
295729735_8360f2e64c.jpg,1.248816528e-06
1412832223_99e8b4701a.jpg,1.77386601e-06
673806038_0a3682a83f.jpg,1.723492418e-06
2908466042_bf07cb52c7.jpg,1.401271535e-06
3726730085_2468ee9220.jpg,2.47674935e-06
2368266191_87d77750f1.jpg,1.097993129e-06
751074141_feafc7b16c.jpg,8.647127908e-07
3547000169_40191e02ca.jpg,8.103778717e-07
3516653997_98ec551a67.jpg,1.477446921e-06
3562470436_6e193643ce.jpg,1.894675417e-06
3412450683_7da035f2de.jpg,1.281183787e-06
1072153132_53d2bb1b60.jpg,1.690310328e-06
3388330419_85d72f7cda.jpg,2.028659774e-06
2372763106_ddea79d36e.jpg,1.599330495e-06
3211437611_bd4af3730b.jpg,9.767684861e-07
897406883_f09f673d94.jpg,1.553760389e-06
482882307_7dcb9eee11.jpg,1.419534817e-06
535123126_c06c1ab9bf.jpg,7.580460477e-07
3419238351_ac18b440c0.jpg,1.416015431e-06
3189251454_03b76c2e92.jpg,2.471034359e-06
2967549094_d32422eb01.jpg,8.963272163e-07
3123526484_02952e40fc.jpg,1.927317682e-06
3242354561_54e5a34925.jpg,2.311358172e-06
3555573680_41c1540a86.jpg,1.392428577e-06
3542418447_7c337360d6.jpg,1.286173504e-06
1432342377_3e41603f26.jpg,1.046631845e-06
3581451227_618854cea4.jpg,1.334169868e-06
2678612999_893ed671f8.jpg,1.401317257e-06
3614881872_ccf9739b0e.jpg,1.341319478e-06
2474092890_6c0781a8ed.jpg,2.159964512e-06
3143765063_a7761b16d3.jpg,1.220869861e-06
3070011270_390e597783.jpg,2.356211662e-06
285306009_f6ddabe687.jpg,8.236911487e-07
3671933270_d124e9a1a4.jpg,1.531947063e-06
267015208_d80b3eb94d.jpg,1.16322507e-06
1597557856_30640e0b43.jpg,1.598563718e-06
2538423833_d1f492d1fb.jpg,1.321934764e-06
3534183988_3763593dfb.jpg,1.994365625e-06
3510695264_ef460fa6cc.jpg,1.438345076e-06
3249738122_decde6c117.jpg,1.289180481e-06
3468275336_61936db92d.jpg,2.211039001e-06
2737233999_34d60dc5c3.jpg,8.943190755e-07
3338474677_7376e426c2.jpg,1.043039219e-06
3223606402_bb2aa6db95.jpg,1.307284748e-06
2703155733_19ac6f97a8.jpg,1.262102352e-06
811662356_f9a632b63c.jpg,2.10247203e-06
475778645_65b7343c47.jpg,1.407604154e-06
244910177_7c4ec3f65b.jpg,9.87648823e-07
2052702658_da1204f6d1.jpg,2.431127713e-06
524282699_71e678a6bd.jpg,9.695878521e-07
255330891_86d65dfdbf.jpg,1.249191688e-06
1679557684_50a206e4a9.jpg,9.436124228e-07
3459858555_c3f0087a72.jpg,1.574855634e-06
2891240104_6755281868.jpg,1.165166174e-06
3385956569_a849218e34.jpg,1.750747436e-06
2190227737_6e0bde2623.jpg,1.234774209e-06
3415589320_71a5bf64cf.jpg,1.079857772e-06
1402843760_d30f1dbf0f.jpg,1.509110503e-06
795081510_53fd17d101.jpg,1.608769381e-06
1713248099_d860df4e10.jpg,1.019041736e-06
2905975229_7c37156dbe.jpg,1.718367935e-06
2757779501_c41c86a595.jpg,9.250591475e-07
3183875944_b2be694e06.jpg,1.425759925e-06
3516299821_8f0375d221.jpg,1.090016022e-06
3370308329_7f2de5bb58.jpg,1.666551763e-06
2727051596_be65bfb3d3.jpg,1.402266059e-06
3564543247_05cdbc31cf.jpg,9.449215723e-07
3155451946_c0862c70cb.jpg,1.207229374e-06
688210930_85c5675d5b.jpg,1.266554824e-06
2716251485_d6113f4c8a.jpg,9.089357243e-07
2282043629_91b7831352.jpg,1.132400576e-06
261737543_b8fdc24671.jpg,1.562067542e-06
3195969533_98f5de0fab.jpg,1.547551184e-06
3459156091_c1879ebe28.jpg,1.135126405e-06
2950637275_98f1e30cca.jpg,1.853348189e-06
1030985833_b0902ea560.jpg,9.674753392e-07
3072782873_3278f3b3a7.jpg,1.155016347e-06
2564888404_b57f89d3c7.jpg,1.082115883e-06
3625049113_554d82c2a1.jpg,1.56196401e-06
1541272333_1624b22546.jpg,2.55676131e-06
3523474077_16e14bc54c.jpg,1.555010763e-06
1298866571_b4c496b71c.jpg,1.088588557e-06
1517340899_ee1c74a8f6.jpg,1.475344314e-06
300577374_bfccb0430b.jpg,2.715113646e-06
468102269_135938e209.jpg,1.319627845e-06
3608567609_aae96d4a5e.jpg,1.036788287e-06
2980445969_a86f4e6a0e.jpg,1.491648646e-06
3695517194_2a6b604cb2.jpg,1.468828083e-06
3563059800_c073081ce3.jpg,1.859268118e-06
387830531_e89c192b92.jpg,1.283053678e-06
2748435417_ea7bbcc17c.jpg,1.021383844e-06
2752084369_52e7867da7.jpg,1.501267787e-06
2868136205_3cf679208d.jpg,1.769382927e-06
3684562647_28dc325522.jpg,1.291396424e-06
3412036192_d8cd12ed3f.jpg,1.850375354e-06
1858963639_4588cd4be9.jpg,9.716705894e-07
454691853_cc1e0fa6a1.jpg,1.205245132e-06
2914206497_5e36ac6324.jpg,1.610336854e-06
3225880532_c8d5d1d798.jpg,1.789661889e-06
3696246123_99d4d10140.jpg,2.11727047e-06
3422219732_3d0be52cc3.jpg,1.311110607e-06
2938072630_d641b63e4d.jpg,2.252124144e-06
3255737244_1f8948fc07.jpg,1.751395751e-06
597543181_6a85ef4c17.jpg,2.325577867e-06
3494394662_3edfd4a34c.jpg,1.728823224e-06
3579686259_b1fe6aefc9.jpg,8.657074119e-07
517094985_4b9e926936.jpg,1.627342485e-06
2106772874_381824648b.jpg,1.241306472e-06
2466093839_33bbc8cbd9.jpg,1.984836995e-06
473220329_819a913bbb.jpg,1.532441461e-06
513116697_ad0f4dc800.jpg,1.202307941e-06
3173976185_8a50123050.jpg,2.328345689e-06
370713359_7560808550.jpg,1.197070279e-06
3597921737_3fd1d0665b.jpg,9.205855824e-07
3128164023_ebe8da4c32.jpg,2.216173977e-06
3214573346_d3a57f0328.jpg,1.760698701e-06
1418503947_953d373632.jpg,1.213216442e-06
3235542079_2fcf4951a1.jpg,9.715547846e-07
2129430111_338a94f8fb.jpg,9.755880533e-07
2181117039_c4eea8036e.jpg,1.592937306e-06
2451988767_244bff98d1.jpg,9.613426831e-07
3163563871_cef3cf33ea.jpg,1.6617856e-06
3143574389_8a4048fbe2.jpg,1.571030305e-06
2896180326_88785fe078.jpg,7.075218648e-07
1387785218_cee67735f5.jpg,1.135195879e-06
3596131692_91b8a05606.jpg,1.398155591e-06
2842609837_b3a0b383f7.jpg,1.428814461e-06
3269661567_faf190885a.jpg,1.49147381e-06
1075881101_d55c46bece.jpg,1.103898687e-06
760180310_3c6bd4fd1f.jpg,1.90059762e-06
3497238310_2abde3965d.jpg,1.604301394e-06
3211556865_d1d9becf69.jpg,1.32715313e-06
3326249355_e7a7c71f06.jpg,1.473362065e-06
3433470650_a8b1c27173.jpg,8.967168615e-07
1289142574_2bd6a082dd.jpg,1.442274763e-06
2309860995_c2e2a0feeb.jpg,1.701653553e-06
2982928615_06db40f4cd.jpg,2.412289471e-06
2360194369_d2fd03b337.jpg,1.484075517e-06
3678098428_40c1b74cc2.jpg,1.746572729e-06
3076052114_233f42ae5b.jpg,1.012990455e-06
1288909046_d2b2b62607.jpg,1.469736348e-06
475317104_1cdc1653b4.jpg,1.691859323e-06
3547313700_39368b9a2f.jpg,2.197864465e-06
3477778668_81ff0a68e0.jpg,1.203205545e-06
3208571574_6dc1a461c5.jpg,1.312117449e-06
3487820317_3728e7569e.jpg,1.110226953e-06
1248953128_24c9f8d924.jpg,1.553479247e-06
3538213870_9856a76b2a.jpg,1.732689396e-06
457631171_12b1aee828.jpg,1.146986654e-06
2070798293_6b9405e04d.jpg,1.733699753e-06
3164415865_612f9fd8bc.jpg,1.900655347e-06
2105756457_a100d8434e.jpg,1.728178855e-06
284441196_8ebb216d0d.jpg,2.254483952e-06
3452982513_36f2bc81fa.jpg,1.829991732e-06
2084157130_f288e492e4.jpg,1.523729804e-06
2455286250_fb6a66175a.jpg,1.280589791e-06
2618322793_5fb164d86a.jpg,1.559837627e-06
3439982121_0afc6d5973.jpg,2.179670155e-06
2549452277_873cb80d3e.jpg,2.451598313e-06
2095007523_591f255708.jpg,2.306501483e-06
2604305843_ebe3e8a328.jpg,1.839932561e-06
2923497185_c64004ff2d.jpg,1.558784822e-06
3286017638_c688c83e3d.jpg,1.391378522e-06
3091594712_2166604334.jpg,1.743757144e-06
2709683703_5385ea9ef4.jpg,9.360429974e-07
3591170729_406fdb74e5.jpg,2.341172669e-06
2682194299_92005b26c6.jpg,1.389274931e-06
2870194345_0bcbac1aa5.jpg,1.011913228e-06
1472653060_7427d2865a.jpg,1.145997837e-06
3445296377_1e5082b44b.jpg,8.44781847e-07
305749904_54a612fd1a.jpg,1.731237517e-06
248858242_1c33c54ada.jpg,1.463329786e-06
3431194126_ca78f5fde6.jpg,8.278977902e-07
3246991821_750a3097e2.jpg,1.347071626e-06
2313822078_282dc07531.jpg,1.479096457e-06
3464708890_3cab754998.jpg,1.434167418e-06
2963672852_c28043bb2c.jpg,1.052790552e-06
2171576939_d1e72daab2.jpg,1.255581259e-06
2419591925_1038c6c570.jpg,2.183983152e-06
2924259848_effb4dcb82.jpg,1.082559573e-06
1141718391_24164bf1b1.jpg,7.526748634e-07
389643437_9a9830a3ba.jpg,1.404807534e-06
1075716537_62105738b4.jpg,2.349924494e-06
509200598_171a1ab6c8.jpg,9.058441125e-07
380527679_574749123d.jpg,1.286646738e-06
590445887_4d4fa43923.jpg,1.868301612e-06
3198231851_6b1727482b.jpg,1.037154448e-06
69710411_2cf537f61f.jpg,1.206418094e-06
3540598210_972f0ff573.jpg,1.975172343e-06
1924234308_c9ddcf206d.jpg,9.119507542e-07
3096163135_584901a5ae.jpg,1.241803794e-06
1745110280_0cbff5e273.jpg,1.15079475e-06
370614351_98b8a166b9.jpg,1.463373526e-06
3689727848_b53f931130.jpg,1.441085643e-06
244910130_e1f823a28a.jpg,1.462097854e-06
3542771548_fcb8fa0cba.jpg,6.330059257e-07
3211453055_05cbfe37cd.jpg,1.562051303e-06
2428959030_bdffc2812e.jpg,1.24833245e-06
3540416139_c884f38351.jpg,1.292832372e-06
1153704539_542f7aa3a5.jpg,9.178308144e-07
3477315700_52a4d740a5.jpg,1.623463836e-06
3255482333_5bcee79f7e.jpg,2.163911581e-06
2109370875_05241bdda7.jpg,1.894756764e-06
485921585_1974b1577a.jpg,7.761645057e-07
405961988_fcfe97f31e.jpg,1.334929508e-06
3583903436_028b06c489.jpg,1.483840374e-06
3401437960_7da856e004.jpg,1.377836337e-06
2087640654_1a84577a44.jpg,9.587019367e-07
241347391_4fcd4639f4.jpg,1.976905719e-06
2445283938_ff477c7952.jpg,1.766500424e-06
467858872_f3431df682.jpg,1.870943218e-06
2716457668_187a6d2b1c.jpg,1.945225081e-06
2894217628_f1a4153dca.jpg,1.26117391e-06
3101378069_f8caa14c0a.jpg,1.440456043e-06
3149804151_1cc8d10783.jpg,1.128952385e-06
3143978284_ac086be9a3.jpg,1.721407933e-06
2746839158_4195210d27.jpg,9.955840945e-07
3543600125_223747ef4c.jpg,1.439209663e-06
3185662156_c877583c53.jpg,2.052431304e-06
3685373706_37f2ced9ff.jpg,1.89528655e-06
1235580648_7eebaed9bc.jpg,1.156651841e-06
2369452202_8b0e8e25ca.jpg,1.90401009e-06
3127888173_9a9a8ac3bd.jpg,1.131335167e-06
3259119085_21613b69df.jpg,1.947085073e-06
97105139_fae46fe8ef.jpg,1.81414114e-06
2282895743_f803f1cf01.jpg,2.698863751e-06
3214151585_f2d0b00b41.jpg,1.540458897e-06
3226796100_08c49cfa5c.jpg,8.010340709e-07
3199895624_4f01798c6f.jpg,1.417183043e-06
3498327617_d2e3db3ee3.jpg,1.605975519e-06
3268443910_b36dbc1e5c.jpg,1.581828429e-06
2402793046_3385554e81.jpg,1.364421572e-06
2435166927_28b8130660.jpg,1.426732153e-06
3363750526_efcedc47a9.jpg,1.915583473e-06
3439414478_8038ba9409.jpg,1.958413574e-06
836768303_d748df5546.jpg,8.866175476e-07
3518608016_46453d8b18.jpg,1.292707996e-06
3053785363_50392f2c53.jpg,1.702344869e-06
1193116658_c0161c35b5.jpg,8.313402579e-07
412203580_2c7278909c.jpg,1.072676222e-06
506882688_b37d549593.jpg,1.889134609e-06
269630255_c3ec75c792.jpg,9.219693651e-07
2613209320_edf6a2b7e9.jpg,1.658172522e-06
3351596152_bf283f03d1.jpg,1.836591543e-06
3515665835_22e6fb1193.jpg,1.450102707e-06
3631671718_d712821757.jpg,1.363722872e-06
524360969_472a7152f0.jpg,1.330544302e-06
2860872588_f2c7b30e1a.jpg,2.112431785e-06
2930318834_8366811283.jpg,1.665229613e-06
411216802_aead9e67e3.jpg,8.272014379e-07
2389107995_ec756f3514.jpg,1.062146384e-06
3546027589_253553252a.jpg,1.452744321e-06
2555521861_fc36fd3ab0.jpg,1.237226323e-06
2667783499_3a4f38f636.jpg,1.477130883e-06
2926786902_815a99a154.jpg,1.482710255e-06
3258394043_a0b6a94dce.jpg,1.049027238e-06
408233586_f2c1be3ce1.jpg,1.401050729e-06
1415591512_a84644750c.jpg,2.03598521e-06
837893113_81854e94e3.jpg,1.294030694e-06
3356901257_83811a19eb.jpg,2.023410158e-06
2815256108_fc1302117d.jpg,1.194696999e-06
3526897578_3cf77da99b.jpg,2.210947074e-06
3151492269_28d8edaa68.jpg,2.918211963e-06
1308617539_54e1a3dfbe.jpg,1.793414753e-06
2089350172_dc2cf9fcf6.jpg,1.352329288e-06
528500099_7be78a0ca5.jpg,1.951350262e-06
2219959872_988e6d498e.jpg,1.589678034e-06
1456393634_74022d9056.jpg,1.643598948e-06
3336361161_c06cdd160e.jpg,1.575133605e-06
2371749487_d80195a2e7.jpg,1.34382855e-06
455611732_d65bf3e976.jpg,1.949478546e-06
1975531316_8b00eeaaf7.jpg,1.694154141e-06
954987350_a0c608b467.jpg,1.92346387e-06
96399948_b86c61bfe6.jpg,1.555567135e-06
3454621502_73af6742fb.jpg,1.367624588e-06
2601008162_f00eeb5c14.jpg,2.206954422e-06
3424851862_0f51c42922.jpg,1.10069577e-06
2729685399_56c0e104b1.jpg,1.716613801e-06
2101808682_0d66ef4a08.jpg,1.984234314e-06
2863349041_5eba6e3e21.jpg,2.509161457e-06
207584893_63e73c5c28.jpg,2.057729444e-06
2460797929_66446c13db.jpg,1.175757936e-06
1307635496_94442dc21a.jpg,1.053140248e-06
2521770311_3086ca90de.jpg,2.462968939e-06
3679502342_7fe6ef8a36.jpg,1.764570765e-06
3349528565_0bc013b70a.jpg,1.339327212e-06
2682382530_f9f8fd1e89.jpg,8.472368772e-07
362316425_bda238b4de.jpg,1.898335307e-06
3681414069_71ba164f71.jpg,1.500206612e-06
461505235_590102a5bf.jpg,1.527284621e-06
2195887578_3ba2f29b48.jpg,1.5825791e-06
3640109324_3ce89e4d1a.jpg,1.568914731e-06
2513260012_03d33305cf.jpg,1.249691112e-06
895502702_5170ada2ee.jpg,1.123370626e-06
556568556_bc5124dc8e.jpg,1.260085611e-06
2038662925_f4fa8c2534.jpg,1.352986308e-06
1130369873_d80a1aa59c.jpg,1.690584612e-06
2814037463_74de97da86.jpg,1.709362932e-06
3091177347_58c85c1c3b.jpg,1.550956902e-06
2201192417_d934730fea.jpg,1.864058021e-06
2394857899_76bfdf720b.jpg,1.060010542e-06
3158327361_6f1a518228.jpg,1.08142713e-06
3420323191_d66e003264.jpg,1.657881714e-06
3569329986_1f468729b2.jpg,1.642671163e-06
487487795_54705c406e.jpg,1.376467464e-06
241347664_4a3e7e5be7.jpg,2.248345404e-06
307994435_592f933a6d.jpg,1.694109549e-06
3504479370_ff2d89a043.jpg,9.56673199e-07
2774581025_81a3074e2e.jpg,1.847689375e-06
2381583688_a6dd0a7279.jpg,1.73898753e-06
2560388887_55abc9083d.jpg,1.760300552e-06
263233914_d25004e4cd.jpg,1.971477674e-06
3236447445_eecafdf4f0.jpg,2.086012103e-06
2252635585_b48b3485b0.jpg,7.654119843e-07
2618866067_07cbc83dc5.jpg,1.833187641e-06
3126225245_96cd2c053f.jpg,1.646063894e-06
326334188_8850b7bfd4.jpg,1.69918873e-06
3284887033_e2e48f1863.jpg,1.041088566e-06
2491343114_a3e35a2a3a.jpg,2.136266573e-06
2467803152_70eeca1334.jpg,8.093842437e-07
3228069008_edb2961fc4.jpg,1.947386131e-06
2192026581_b782d1355a.jpg,1.077059487e-06
3726019124_f302b3d48a.jpg,1.203406902e-06
2588927489_f4da2f11ec.jpg,9.555568579e-07
3637013_c675de7705.jpg,9.482982368e-07
3523920786_0eb63993fd.jpg,1.450172305e-06
1337792872_d01a390b33.jpg,9.15632294e-07
2766630484_ce73f47031.jpg,1.232044905e-06
2396669903_5217a83641.jpg,1.510746628e-06
2183967273_d182e18cf6.jpg,1.403245927e-06
3706356018_28f62290e8.jpg,9.30281068e-07
3265964840_5374ed9c53.jpg,1.322573403e-06
1355703632_5683a4b6fb.jpg,1.771909615e-06
3530502404_f8c3a3f61c.jpg,5.429226662e-07
3248408149_41a8dd90d3.jpg,1.171740532e-06
2473293833_78820d2eaa.jpg,1.080097367e-06
2480664591_e6d22ed61c.jpg,1.975336638e-06
3585598356_8ce815bbb9.jpg,9.04429595e-07
2844641033_dab3715a99.jpg,1.348271688e-06
1785138090_76a56aaabc.jpg,2.572335398e-06
3231237864_8cb1c6d863.jpg,9.318707133e-07
3639363462_bcdb21de29.jpg,1.710693976e-06
1019604187_d087bf9a5f.jpg,1.781522236e-06
1515025681_999199cb79.jpg,1.542262339e-06
2594902417_f65d8866a8.jpg,1.193694141e-06
2866820467_ae699235a7.jpg,8.400626319e-07
3219122000_bd6b4ae5ff.jpg,2.535318768e-06
3677927146_1696f0b075.jpg,1.517190881e-06
3033257301_e2c8a39b04.jpg,1.548953724e-06
511844627_0ec78e01e9.jpg,1.524149792e-06
3300679815_2c6c2301cb.jpg,7.465206489e-07
356143774_ef3e93eede.jpg,1.740694328e-06
2328616978_fb21be2b87.jpg,1.342467881e-06
2088460083_42ee8a595a.jpg,2.043862367e-06
514073775_56796be990.jpg,1.152472312e-06
1143373711_2e90b7b799.jpg,1.491764809e-06
1056249424_ef2a2e041c.jpg,1.091515763e-06
1417031097_ab656bc4bd.jpg,1.357921313e-06
1356796100_b265479721.jpg,2.301133099e-06
286660725_ffdbdf3481.jpg,1.69103582e-06
539667015_fd0a3bea07.jpg,5.390197051e-07
3330680118_4e541889c1.jpg,1.067310906e-06
2677614492_792023b928.jpg,1.825716534e-06
557101732_32bbc47c12.jpg,1.118803912e-06
464251704_b0f0c4c87a.jpg,1.303822555e-06
2586028627_ddd054d8cc.jpg,1.161763831e-06
1244306891_8e78ae1620.jpg,1.67012479e-06
1821238649_2fda79d6d7.jpg,1.203843397e-06
3505657604_8899161734.jpg,2.083763397e-06
3105691757_817083b0a6.jpg,1.69334088e-06
2562377955_8d670ccec6.jpg,1.564747804e-06
1355450069_c0675b0706.jpg,1.408244052e-06
3452341579_0147d2199b.jpg,1.441135085e-06
3339586622_a7676b30e1.jpg,1.427666724e-06
2192802444_b14bb87b95.jpg,8.614412064e-07
2631300484_be8621d17b.jpg,1.022359038e-06
533483374_86c5d4c13e.jpg,1.663851447e-06
210686241_b8e069fff3.jpg,2.28786881e-06
2890075175_4bd32b201a.jpg,9.130075068e-07
3182996527_70d9c323d5.jpg,1.278485146e-06
1313961775_824b87d155.jpg,1.689075322e-06
1417941060_2a0f7908bc.jpg,1.040255905e-06
3173461705_b5cdeef1eb.jpg,9.242185363e-07
3339140382_2e49bc324a.jpg,2.333878291e-06
3050606344_af711c726c.jpg,1.271105604e-06
103195344_5d2dc613a3.jpg,1.425175727e-06
3172369593_eb4d787ffb.jpg,1.401599758e-06
2930616480_7fd45ca79b.jpg,9.099766847e-07
3482879314_d3387e95b1.jpg,1.344184569e-06
566446626_9793890f95.jpg,1.195715005e-06
3417662443_2eaea88977.jpg,6.500388875e-07
174466741_329a52b2fe.jpg,1.48320084e-06
2319175397_3e586cfaf8.jpg,2.378584498e-06
3564436847_57825db87d.jpg,1.632865504e-06
3494105596_f05cb0d56f.jpg,9.130254314e-07
2283966256_70317e1759.jpg,1.076094741e-06
429270993_294ba8e64c.jpg,1.427901527e-06
540721368_12ac732c6c.jpg,1.408545177e-06
312427606_defa0dfaa8.jpg,1.945567611e-06
3404906655_bc51c69c1e.jpg,2.121505734e-06
3217187564_0ffd89dec1.jpg,1.558208493e-06
3383388869_a14552e551.jpg,2.034482111e-06
523991446_65dbc5a4a5.jpg,2.176264476e-06
2801146217_03a0b59ccb.jpg,1.692978598e-06
839295615_bb9baf2f95.jpg,1.39257394e-06
2436081047_bca044c1d3.jpg,1.209854467e-06
472396131_6e97068d93.jpg,1.369970948e-06
3648160673_0c783236a6.jpg,1.878602094e-06
407569668_19b3f8eaf6.jpg,1.178454349e-06
3607405494_0df89110a6.jpg,1.936486835e-06
3666169738_a8c74cf745.jpg,2.13427443e-06
3551447084_becc6a4666.jpg,1.166645844e-06
2182488373_df73c7cc09.jpg,1.270618542e-06
2003663004_5b70920a98.jpg,9.999174105e-07
1797507760_384744fb34.jpg,1.358413826e-06
3372214646_cc2ceb182f.jpg,1.784373693e-06
468930779_8008d90e10.jpg,1.123956233e-06
3016178284_ec50a09e8c.jpg,1.410518275e-06
3077781040_bc27778609.jpg,2.069971971e-06
3306951622_93b82cac21.jpg,1.76839801e-06
1282392036_5a0328eb86.jpg,1.156399971e-06
3459570613_3932816d3f.jpg,1.269533927e-06
2414397449_2ac3b78e0d.jpg,2.140229478e-06
3536561454_e75993d903.jpg,1.15045999e-06
2191453879_11dfe2ba3a.jpg,1.669277048e-06
2274602044_b3d55df235.jpg,1.664685038e-06
2272426567_9e9fb79db0.jpg,1.382613588e-06
3312096605_f458757418.jpg,2.201265392e-06
3225998968_ef786d86e0.jpg,1.883127857e-06
2746072388_b127f8259b.jpg,2.036117069e-06
3722507770_0d6cb7420e.jpg,1.787855391e-06
518144037_9a1754b2a6.jpg,1.130581432e-06
1056359656_662cee0814.jpg,1.056695084e-06
3177298173_78cea31d64.jpg,2.173309613e-06
3654869593_c8599a8e20.jpg,1.471924305e-06
772403830_08b72c7da9.jpg,2.474992548e-06
450596617_ed37ec0fe4.jpg,1.316383742e-06
1425485485_d7c97a5470.jpg,2.026831502e-06
3088922727_4bdf2ccc94.jpg,1.200270282e-06
3558683579_8fb36b55a6.jpg,1.390930778e-06
3273091032_98f724b36b.jpg,8.81068031e-07
1860543210_47e94cf652.jpg,1.482909088e-06
3334953664_a669038795.jpg,1.152123641e-06
2869765795_21a398cb24.jpg,1.821289114e-06
3351370405_e417e38f52.jpg,1.418412894e-06
566794440_f9ec673a2f.jpg,1.187808335e-06
3392293702_ccb0599857.jpg,1.726534521e-06
3567061016_62768dcce1.jpg,1.377611082e-06
3015898903_70bebb8903.jpg,1.623186782e-06
1469000260_5d473c8283.jpg,1.136560444e-06
2517082705_93bc9f73ec.jpg,1.164704184e-06
3349194268_0ee555c9a2.jpg,1.394947934e-06
435739506_2daf7f4887.jpg,1.129755821e-06
319869052_08b000e4af.jpg,1.902836772e-06
3208074567_ac44aeb3f3.jpg,1.44994489e-06
2404488732_ca1bbdacc2.jpg,1.28727949e-06
486917990_72bd4069af.jpg,1.588826835e-06
3009644534_992e9ea2a7.jpg,1.280334343e-06
310728631_155c3bbeea.jpg,1.106516552e-06
2665461736_595c87f0a3.jpg,1.448161741e-06
288177922_b889f2e1fe.jpg,7.694590827e-07
2854959952_3991a385ab.jpg,1.894751549e-06
1837976956_3c45d0f9b8.jpg,1.256909665e-06
385835044_4aa11f6990.jpg,1.438917952e-06
3264650118_be7df266e7.jpg,9.010721436e-07
3649224118_abe73c672c.jpg,1.249037257e-06
2602083686_e8a1af69cf.jpg,9.05420721e-07
374176648_ba4b88c221.jpg,1.202309369e-06
428796930_476a3d6395.jpg,5.874920426e-07
2088910854_c6f8d4f5f9.jpg,1.896599883e-06
459284240_5a4167bf92.jpg,1.150689785e-06
3394586927_eae7732b64.jpg,1.30103363e-06
2502835694_4fe121bbea.jpg,1.498740807e-06
2842032768_9d9ce04385.jpg,1.501742586e-06
2312747482_20a81b2230.jpg,1.257102199e-06
3330333217_1a69497a74.jpg,1.649385244e-06
2064792226_97e41d8167.jpg,1.626465116e-06
3614595423_f9e0ab4fb0.jpg,1.211226154e-06
2540750172_070250ece5.jpg,1.555453968e-06
2251747182_6b67a3ab8b.jpg,2.054428457e-06
3631136463_53ff624b82.jpg,7.167071981e-07
2497608431_8dfefc7a1a.jpg,7.036495111e-07
1164131282_b30926f332.jpg,1.798702503e-06
2089442007_6fc798548c.jpg,1.655306809e-06
2045023435_181854c013.jpg,6.735295411e-07
451081733_40218cec31.jpg,1.14863938e-06
3701226275_952547ba0f.jpg,1.65597776e-06
3613242966_a1c63a0174.jpg,1.564419921e-06
437054333_5c2761b8cd.jpg,5.281054583e-07
2198484810_50a893824a.jpg,8.492192169e-07
166507476_9be5b9852a.jpg,1.202700277e-06
3585495069_33cba06d0a.jpg,2.046090365e-06
33108590_d685bfe51c.jpg,1.632273768e-06
3066491113_86569e15be.jpg,1.290664626e-06
3091912922_0d6ebc8f6a.jpg,1.935108003e-06
2860667542_95abec3380.jpg,1.391111367e-06
1363843090_9425d93064.jpg,9.087407905e-07
2690538407_7ca157be85.jpg,2.124649374e-06
3420469425_2980b4cd30.jpg,1.233927041e-06
2666205903_8d287669e1.jpg,2.102418551e-06
1280147517_98767ca3b3.jpg,1.629416965e-06
55473406_1d2271c1f2.jpg,2.084829651e-06
1797554350_20998753c0.jpg,1.754525976e-06
3569667295_6e51db08ef.jpg,1.414182599e-06
3457572788_e1fe4f6480.jpg,1.658911089e-06
3409947123_a8d07edecf.jpg,1.172652238e-06
181157221_e12410ef0b.jpg,1.107259238e-06
3737539561_d1dc161040.jpg,6.312815959e-07
2114355355_9d7e2d8178.jpg,1.61292741e-06
536721406_884ab8fece.jpg,7.866155929e-07
1809758121_96026913bb.jpg,1.261748196e-06
2473689180_e9d8fd656a.jpg,1.463851206e-06
2655183854_5852790214.jpg,1.066489535e-06
3624676866_8f6d0efcc9.jpg,1.075300231e-06
3551003620_0b02d76f65.jpg,1.983366366e-06
3451523035_b61d79f6a8.jpg,1.885372444e-06
3072611047_109bf8b7c3.jpg,1.091124747e-06
3049649128_d83d847168.jpg,1.34961109e-06
3155987659_b9ea318dd3.jpg,9.382777812e-07
506343925_b30a235de6.jpg,1.504615949e-06
512031915_0dd03dcdf9.jpg,1.942199434e-06
2686432878_0697dbc048.jpg,1.600558321e-06
1680126311_b92a2e8e72.jpg,2.161855074e-06
2543247940_083f1b7969.jpg,1.368658535e-06
2696394827_7342ced36f.jpg,1.640751182e-06
2899374885_f3b2b1a290.jpg,2.148503836e-06
2611651553_61f859837e.jpg,1.069225115e-06
3103264875_2a8d534abc.jpg,3.424846164e-06
2255338013_566127590b.jpg,1.421935281e-06
2036407732_d5a0389bba.jpg,1.427925531e-06
1285067106_2adc307240.jpg,2.093881675e-06
2687328779_b4356dab16.jpg,1.822448786e-06
3309082580_7228067ee0.jpg,1.383061549e-06
2189995738_352607a63b.jpg,9.584940595e-07
2857372127_d86639002c.jpg,1.77517134e-06
397451339_76a84bd310.jpg,1.024722644e-06
185057637_e8ada37343.jpg,7.309488916e-07
3619381206_5bc8b406f9.jpg,1.490032687e-06
2738077433_10e6264b6f.jpg,1.361293457e-06
583087629_a09334e1fb.jpg,1.622762969e-06
2596100297_372bd0f739.jpg,1.848735885e-06
2212472643_80238475b5.jpg,1.775311735e-06
3304556387_203b9d4db0.jpg,7.268091657e-07
3189964753_a95536ced9.jpg,8.694698191e-07
2301379282_5fbcf230d1.jpg,1.700715126e-06
434938585_fbf913dfb4.jpg,1.438320593e-06
1801063894_60bce29e19.jpg,1.45043403e-06
2471447879_6554cefb16.jpg,1.659175353e-06
2853811730_fbb8ab0878.jpg,1.375961051e-06
504385521_6e668691a3.jpg,1.63930475e-06
3221128704_d1205db79b.jpg,1.657136121e-06
2149982207_5345633bbf.jpg,1.594067841e-06
241346794_4319f8af67.jpg,1.912222788e-06
109823397_e35154645f.jpg,1.086474332e-06
3042380610_c5ea61eef8.jpg,1.119759414e-06
252802010_3d47bee500.jpg,1.853834431e-06
1569687608_0e3b3ad044.jpg,1.934660657e-06
562928217_21f967a807.jpg,7.94046335e-07
3441531010_8eebbb507e.jpg,1.324822371e-06
3707283973_5cdaa39340.jpg,1.034626318e-06
2298283771_fb21a4217e.jpg,1.611231765e-06
3099694681_19a72c8bdc.jpg,1.212052126e-06
19212715_20476497a3.jpg,2.188066648e-06
3699763582_f28c5130dd.jpg,1.400986806e-06
745563422_f4fa7d9157.jpg,2.035206519e-06
1550772959_9ca9fa625f.jpg,9.589779408e-07
990890291_afc72be141.jpg,1.263950156e-06
2481490320_7978c76271.jpg,2.308478146e-06
432167214_c17fcc1a2d.jpg,1.419689605e-06
835415474_7b7f2a9768.jpg,1.437797827e-06
2203449950_e51d0f9065.jpg,1.156590793e-06
2273871383_1ddb3562ea.jpg,2.000379345e-06
3091580843_178042c50b.jpg,8.174163236e-07
3676788491_01e9bc5f15.jpg,1.345485975e-06
1003163366_44323f5815.jpg,1.272206492e-06
3196995975_3e38eabf01.jpg,1.803461512e-06
2663794355_e726ec7e05.jpg,1.238670414e-06
1056338697_4f7d7ce270.jpg,2.187057725e-06
2726301121_95a2fbd22b.jpg,1.860924555e-06
497122685_a51b29dc46.jpg,1.29127978e-06
1819261140_6c022f4b1d.jpg,1.147722296e-06
3638318149_b60450bfbe.jpg,1.491719087e-06
3222041930_f642f49d28.jpg,1.552107304e-06
2832076014_ff08c92037.jpg,1.580041484e-06
2663248626_f000f2661d.jpg,1.973491026e-06
365759754_6cf7068c9a.jpg,5.494396772e-07
3048821353_83d4c0cbb9.jpg,8.744621378e-07
1346529555_e916816cfe.jpg,1.641208941e-06
109260218_fca831f933.jpg,1.561258143e-06
3644941648_012ec87848.jpg,2.110235048e-06
1095580424_76f0aa8a3e.jpg,1.277065598e-06
3486340101_ff01d8f3f9.jpg,1.329926985e-06
2561849813_ff9caa52ac.jpg,1.363320052e-06
3281078518_630a7a7f4f.jpg,1.701157053e-06
1007129816_e794419615.jpg,1.279123246e-06
3293596075_973b0bfd08.jpg,1.709006632e-06
3256275785_9c3af57576.jpg,1.652001895e-06
2269795781_46a296aa21.jpg,1.579236534e-06
3043908909_bb54d2c08e.jpg,1.06726115e-06
3290465391_258429e2f9.jpg,8.77166121e-07
2247138288_7355861203.jpg,6.775766959e-07
3364861247_d590fa170d.jpg,1.486537327e-06
2427558437_3e839056d7.jpg,1.100697755e-06
2712352554_1cafd32812.jpg,1.22886113e-06
367964525_b1528ac6e4.jpg,1.715740409e-06
3415646718_f9f4e23a66.jpg,7.302595872e-07
1067675215_7336a694d6.jpg,1.468013797e-06
3271252073_0a1b9525fc.jpg,1.394372091e-06
3708177171_529bb4ff1d.jpg,7.968699601e-07
404216567_75b50b5a36.jpg,1.444028057e-06
3286620180_4b00e93e8e.jpg,1.072434552e-06
3726170067_094cc1b7e5.jpg,1.539304457e-06
2915538325_59e11276dd.jpg,1.788125761e-06
2766325714_189bbff388.jpg,2.004043321e-06
401079494_562454c4d6.jpg,1.167196875e-06
733964952_69f011a6c4.jpg,1.17687388e-06
3269087421_1d489abeae.jpg,1.19181931e-06
799199774_142b1c3bb2.jpg,1.445908123e-06
2573141440_28a762d537.jpg,2.106941487e-06
3150380412_7021e5444a.jpg,1.610842033e-06
2902269566_419d9f1d8e.jpg,1.641988639e-06
2281768510_9cc5728c55.jpg,1.822793066e-06
114949897_490ca7eaec.jpg,1.235438324e-06
3085667767_66041b202e.jpg,1.407932153e-06
2635483351_bc1a8273aa.jpg,1.368447386e-06
503090187_8758ab5680.jpg,1.828304981e-06
3520079657_b828d96d50.jpg,1.496288647e-06
3005126574_49c28ffbee.jpg,1.336744316e-06
2151056407_c9c09b0a02.jpg,8.816930787e-07
3222250187_ef610f267e.jpg,2.162365566e-06
318070878_92ead85868.jpg,6.867215327e-07
3658733605_fbcf570843.jpg,1.474983683e-06
2854234756_8c0e472f51.jpg,1.316321283e-06
282960970_574aa1ba49.jpg,2.481774262e-06
2209888959_d636b1be0b.jpg,2.437474114e-06
2570365455_41cc9a7d2b.jpg,1.535258447e-06
2607383384_d9ce9de793.jpg,1.852094588e-06
253762507_9c3356c2f6.jpg,1.842895351e-06
3354330935_de75be9d2f.jpg,1.8379708e-06
3027009366_c8362521e8.jpg,1.356163435e-06
2804851816_9aae9071ca.jpg,1.124617734e-06
358607894_5abb1250d3.jpg,1.448139881e-06
294709836_87126898fb.jpg,1.356378321e-06
3504275465_604ce2ef34.jpg,1.219877384e-06
3084018061_df66d98325.jpg,1.946664525e-06
3119887391_212f379797.jpg,1.940825252e-06
2238019823_79318d1f11.jpg,1.842963501e-06
3365602213_dd3287a633.jpg,1.288583505e-06
3675685612_3987d91d92.jpg,1.524858234e-06
408627152_1feaa4b94e.jpg,1.395510818e-06
752052256_243d111bf0.jpg,9.326886894e-07
241346215_037e18403a.jpg,2.086288618e-06
3708748633_e7e3cf4e84.jpg,1.682551352e-06
2836808985_b26e4ca09e.jpg,1.316367081e-06
1445754124_647168f211.jpg,1.244924904e-06
2328104318_5a43ca170c.jpg,1.405681572e-06
3301438465_10121a2412.jpg,1.22205778e-06
3021780428_497542a072.jpg,1.890390987e-06
241347271_a39a5a0070.jpg,2.204539039e-06
489551372_b19a6ad0ed.jpg,1.03860705e-06
2768662025_44001fe5d1.jpg,1.626083722e-06
2845845721_d0bc113ff7.jpg,1.857298783e-06
2086534745_1e4ab80078.jpg,1.535274973e-06
3335370208_460fc19bfa.jpg,1.009161822e-06
2290330500_e7bdaa58e1.jpg,1.676034504e-06
512045825_1be2083922.jpg,1.56384763e-06
509241560_00e5b20562.jpg,1.240545474e-06
3476237185_9389c536a3.jpg,1.3609057e-06
2694890967_7c7a89de16.jpg,7.441075744e-07
576093768_e78f91c176.jpg,1.767593939e-06
1528205014_1323aa9dfd.jpg,1.244165974e-06
3424605029_53078d3505.jpg,1.442544943e-06
3025549604_38b86198f5.jpg,9.076539184e-07
271770120_880e8d8e52.jpg,1.294401365e-06
2810412010_f8b3bc1207.jpg,9.44089236e-07
527946505_a51ade1578.jpg,8.687542833e-07
537479916_c033897fac.jpg,1.30294347e-06
2903617548_d3e38d7f88.jpg,2.28344528e-06
145721496_687af9bb18.jpg,1.893353991e-06
3627076769_3b71e73018.jpg,1.997015617e-06
3367758711_a8c09607ac.jpg,1.447258921e-06
2380765956_6313d8cae3.jpg,3.92423082e-06
3258391809_38fc6211f7.jpg,1.592692103e-06
3529314899_b4e533bb76.jpg,1.288622562e-06
2844018783_524b08e5aa.jpg,1.369508794e-06
2496236371_61dec88113.jpg,1.688688296e-06
3078844565_16e9cdcea2.jpg,1.517931086e-06
2466495935_623b144183.jpg,1.709976372e-06
2944193661_7b255af9cc.jpg,2.286074171e-06
2114126343_a0f74ff63b.jpg,1.42286427e-06
3461677493_5bfb73038e.jpg,1.832637204e-06
2792195540_af5fb95caa.jpg,1.998461564e-06
1124448967_2221af8dc5.jpg,1.383669714e-06
3328535573_33c3cd5b59.jpg,9.319780591e-07
3203908917_53e53c03d1.jpg,1.632953212e-06
1527513023_3d8152b379.jpg,8.670850252e-07
3353278454_2f3a4d0bbc.jpg,1.382909803e-06
369244499_752f0c1018.jpg,1.445469176e-06
2795287622_da187a3e86.jpg,7.902200328e-07
881725588_efabbcd96a.jpg,1.114113598e-06
3631344685_ed0f3e091b.jpg,1.551021511e-06
3490044563_8eb551ef59.jpg,1.440477658e-06
2619267133_53a5904ef4.jpg,1.575572719e-06
616045808_0286d0574b.jpg,9.200571362e-07
2833560457_24aedf3bef.jpg,1.856868142e-06
522652105_a89f1cf260.jpg,1.942789136e-06
766061382_6c7ff514c4.jpg,1.209176746e-06
2364394224_c17b09e035.jpg,4.292903354e-07
2681215810_00b0642f7b.jpg,7.967736326e-07
1526325728_74eb4153d8.jpg,2.126366218e-06
2871962580_b85ce502ba.jpg,1.54220552e-06
1224851143_33bcdd299c.jpg,1.871401022e-06
3520199925_ca18d0f41e.jpg,1.342409716e-06
2350400382_ced2b6c91e.jpg,1.428441496e-06
2826030193_4278ccb833.jpg,1.706710377e-06
2752043092_f48ebfeaa2.jpg,1.792111661e-06
3305767464_d64a336f60.jpg,9.929261024e-07
3159424456_f316bdc1d5.jpg,1.564130616e-06
3186412658_2ab2ebd397.jpg,1.3885804e-06
2662537919_18a29fca8a.jpg,1.331015125e-06
2832978253_8fcc72da3b.jpg,1.431731409e-06
186346360_541047336f.jpg,1.099925907e-06
2789937754_5d1fa62e95.jpg,1.577937742e-06
3150742439_b8a352e1e0.jpg,1.374735287e-06
1160034462_16b38174fe.jpg,1.458702708e-06
2986620935_e97763983d.jpg,6.270318397e-07
3527682660_c5e9fa644a.jpg,1.272602162e-06
2751567262_e089b33ed9.jpg,1.599687514e-06
2169067981_cc19268f23.jpg,1.464418024e-06
488196964_49159f11fd.jpg,9.966115971e-07
288880576_818b6ecfef.jpg,1.514228838e-06
2667549961_57e5e2c0a5.jpg,1.986824865e-06
3540515072_8c951b738b.jpg,1.690694525e-06
496555371_3e1ee0d97d.jpg,1.422127746e-06
3484820303_7be0e914b4.jpg,1.014550345e-06
2490768374_45d94fc658.jpg,2.013145906e-06
2579460386_94c489028d.jpg,1.519398412e-06
2927878881_90b42fc444.jpg,2.075104163e-06
1252396628_eb81d3905b.jpg,1.70946855e-06
2298097636_c5de0079de.jpg,1.808841314e-06
3596428453_8cfdec4869.jpg,1.60578035e-06
3423802527_94bd2b23b0.jpg,1.177036194e-06
368393384_86defdcde8.jpg,1.405557693e-06
2471974379_a4a4d2b389.jpg,1.13295538e-06
2704379125_9c35650d16.jpg,1.621842775e-06
1859941832_7faf6e5fa9.jpg,1.943547325e-06
415118186_64defc96f3.jpg,8.133136088e-07
3442844140_15aa45e9b8.jpg,2.104961417e-06
1119463452_69d4eecd08.jpg,1.186703132e-06
343218198_1ca90e0734.jpg,2.418266255e-06
3218481970_1fa627b3da.jpg,1.037475879e-06
3321956909_7b5ddf500f.jpg,2.380530973e-06
2390369143_6523253a73.jpg,2.001394653e-06
2272823323_3b7291cd47.jpg,1.4696882e-06
649596742_5ba84ce946.jpg,1.978241256e-06
3697378565_7060d9281a.jpg,1.015927279e-06
3019667009_20db160195.jpg,1.572227404e-06
268654674_d29e00b3d0.jpg,9.464491823e-07
2251992614_0c601fae2c.jpg,1.152415094e-06
262963190_a78b799e89.jpg,1.376988204e-06
3627216820_4952bacbcb.jpg,1.526229892e-06
872622575_ba1d3632cc.jpg,1.307124602e-06
2322327298_7948338390.jpg,1.355325345e-06
2039457436_fc30f5e1ce.jpg,1.604002564e-06
2987328689_96a2d814f1.jpg,1.928090774e-06
2194495372_bdac7d9e71.jpg,1.09355059e-06
375392855_54d46ed5c8.jpg,1.913208631e-06
2766291711_4e13a2b594.jpg,3.476661089e-06
2746910139_77ba5be2c5.jpg,1.471877769e-06
3349307529_c1a516b9dc.jpg,1.861623236e-06
3282434895_1c1efc1475.jpg,2.550308237e-06
307327914_f98f576adb.jpg,1.659553033e-06
1947351225_288d788983.jpg,1.38591253e-06
2481598514_05a65d1f72.jpg,1.17729978e-06
1271960365_e54033f883.jpg,1.611887595e-06
2245916742_73af13c733.jpg,1.506520094e-06
3357937209_cf4a9512ac.jpg,2.146682446e-06
3474176841_cde2bee67c.jpg,1.254918349e-06
3381584882_341ee3092f.jpg,2.05112749e-06
2460477085_088e25f857.jpg,1.272313665e-06
1141739219_2c47195e4c.jpg,6.4496916e-07
3145967019_1a83ebf712.jpg,9.42938184e-07
3577235421_69e4efb8d1.jpg,6.971200173e-07
1414820925_3504c394e1.jpg,2.079282374e-06
3500505549_d848209837.jpg,9.106375068e-07
2635164923_2a774f7854.jpg,2.025217015e-06
2432061076_0955d52854.jpg,1.520535212e-06
2384353160_f395e9a54b.jpg,2.377622569e-06
3613030730_0b28b079ba.jpg,2.089951743e-06
3196100539_102fe877b3.jpg,1.058634217e-06
2825540754_5e0c13e6b8.jpg,2.356402762e-06
3407317539_68765a3375.jpg,9.40668982e-07
1402859872_0fc8cf8108.jpg,2.160939674e-06
2452334314_a7c443a787.jpg,9.43079935e-07
1515883224_14e36a53c7.jpg,1.622654033e-06
256283122_a4ef4a17cb.jpg,1.716712807e-06
2784408839_53a25a21eb.jpg,1.050034439e-06
1427391496_ea512cbe7f.jpg,1.563953466e-06
3025513877_1a6160070d.jpg,6.864423362e-07
3282897060_8c584e2ce8.jpg,1.804981807e-06
2272750492_91e8f67328.jpg,1.621440702e-06
3415311628_c220a65762.jpg,9.949342045e-07
272156850_c4445a53f4.jpg,8.004288872e-07
2451285022_59255e7fd9.jpg,1.372534939e-06
3075068274_2a28a5263b.jpg,7.65433967e-07
2307451605_22e9c06530.jpg,1.28031489e-06
2281075738_230892b241.jpg,1.360087265e-06
3231575742_31732664cf.jpg,1.324668351e-06
2376694294_9a4ecc3b90.jpg,1.598618612e-06
441817653_fbdf83060b.jpg,1.52759291e-06
3421789737_f625dd17ed.jpg,1.682516871e-06
2086513494_dbbcb583e7.jpg,2.058259673e-06
3544573946_e03aebbfde.jpg,1.824990611e-06
1425069590_570cc7c2d8.jpg,1.170769158e-06
259314892_a42b8af664.jpg,1.06076246e-06
2518853257_02f30e282e.jpg,1.614288134e-06
260828892_7925d27865.jpg,1.586529183e-06
3551170666_01df31412d.jpg,2.381057788e-06
260850192_fd03ea26f1.jpg,9.383775042e-07
3550459890_161f436c8d.jpg,1.197117088e-06
3347701468_bb0001b035.jpg,1.61851813e-06
2993167197_e5d0a73530.jpg,1.424693585e-06
2544426580_317b1f1f73.jpg,1.443478805e-06
3183195653_11b66acb34.jpg,1.106380914e-06
3018847610_0bf4d7e43d.jpg,1.510448055e-06
2755314937_1e974bf2b5.jpg,1.481399088e-06
512163695_51a108761d.jpg,1.365226194e-06
2951092164_4940b9a517.jpg,1.457338624e-06
3569755200_cef7ee2233.jpg,1.699960748e-06
1448511770_1a4a9c453b.jpg,1.344025768e-06
505929313_7668f021ab.jpg,2.010299207e-06
3170551725_1276644eab.jpg,1.358997993e-06
2650485780_29d89268d7.jpg,1.581968587e-06
1130017585_1a219257ac.jpg,1.180810998e-06
249394748_2e4acfbbb5.jpg,1.471736582e-06
2728813605_cfc943e1ab.jpg,1.331590821e-06
724702877_f2a938766b.jpg,2.278355885e-06
3323528927_7b21081271.jpg,1.95542036e-06
3099965396_2a0018cb9e.jpg,1.379635705e-06
3660361818_e05367693f.jpg,1.29662782e-06
3339105374_cc41e0b7d7.jpg,1.604085681e-06
3595643050_d312e4b652.jpg,1.660869128e-06
3583516290_1c87a13770.jpg,1.084578515e-06
1294578091_2ad02fea91.jpg,1.6454499e-06
3523950181_414978964e.jpg,1.118965342e-06
2934628301_41ea2e6cf9.jpg,1.49788012e-06
2525716531_e6dedee421.jpg,1.147552977e-06
94232465_a135df2711.jpg,2.296349612e-06
2817230861_d27341dec0.jpg,1.324738858e-06
1187593464_ce862352c6.jpg,1.873958105e-06
2465497494_43d74df57c.jpg,1.268981183e-06
3639684919_cb6fbf5638.jpg,1.935918275e-06
3293642024_e136b74a55.jpg,1.126692232e-06
162152393_52ecd33fc5.jpg,1.47332841e-06
2815745115_c8479d560c.jpg,1.36963934e-06
516648762_0cff84ea97.jpg,2.135126619e-06
3355756569_b430a29c2a.jpg,2.104186411e-06
1564614124_0ee6799935.jpg,1.699839223e-06
2877159456_ea4a46b0d2.jpg,1.24705457e-06
3204712107_5a06a81002.jpg,9.109158456e-07
2083778090_3aecaa11cc.jpg,1.780355789e-06
3501083764_cf592292a6.jpg,1.452358663e-06
3394070357_cb2a3243fc.jpg,1.404475431e-06
2066241589_b80e9f676c.jpg,1.345825487e-06
2911928620_06c3fa293e.jpg,1.362531469e-06
481054596_cad8c02103.jpg,9.776352153e-07
953941506_5082c9160c.jpg,2.006675431e-06
3517056462_483ee5a914.jpg,1.15032793e-06
3375014075_157388f8a9.jpg,1.020679875e-06
3235076435_1eaa40bd0a.jpg,1.13279335e-06
2505056124_1276e8dbcb.jpg,2.096747669e-06
3209523192_05a4cef844.jpg,1.8336444e-06
2064417101_3b9d817f4a.jpg,1.512175621e-06
2252123185_487f21e336.jpg,9.548953416e-07
3255017708_2b02bfcdcf.jpg,1.681626331e-06
3101796900_59c15e0edc.jpg,1.872520225e-06
2650568697_ffb79bf2ea.jpg,1.379534471e-06
1312954382_cf6d70d63a.jpg,1.84456752e-06
3302804312_0272091cd5.jpg,1.262478915e-06
3317145805_071b15debb.jpg,1.128202706e-06
2497074804_b4f3e7fd90.jpg,1.032661416e-06
2629445284_83390e83af.jpg,1.049130531e-06
3726629271_7639634703.jpg,1.084938585e-06
3470303255_fbb41b8dd0.jpg,2.079325643e-06
2953015871_cae796b6e7.jpg,1.212241e-06
3352531708_a65dd694b1.jpg,1.211709563e-06
2853205396_4fbe8d7a73.jpg,1.685626147e-06
2789648482_1df61f224a.jpg,8.033023416e-07
2324979199_4193ef7537.jpg,2.031848673e-06
2565350330_c7f305e7f7.jpg,1.157343635e-06
2675190069_d5c3b2c876.jpg,1.352902171e-06
2030781555_b7ff7be28f.jpg,1.016814684e-06
3445428367_25bafffe75.jpg,1.854804222e-06
3710971182_cb01c97d15.jpg,1.405088718e-06
245895500_a4eb97af02.jpg,1.830448216e-06
3185371756_ff4e9fa8a6.jpg,1.546801606e-06
3124964754_2e8a98fb09.jpg,9.755000007e-07
3111482098_11c0f4f309.jpg,9.936089248e-07
2571096893_694ce79768.jpg,1.132436739e-06
3383545083_1d7c95b003.jpg,1.648086636e-06
447111935_5af98563e3.jpg,6.593228582e-07
2304374703_555195d8d5.jpg,2.135349437e-06
3320209694_db579cb607.jpg,1.580408029e-06
3299820401_c2589186c5.jpg,1.182557525e-06
2172526745_649f420569.jpg,1.344595252e-06
3717531382_e1e05e22c5.jpg,1.403562182e-06
444047125_66b249287c.jpg,1.483988307e-06
2228022180_9597b2a458.jpg,1.443844447e-06
2432709509_2a4d0c833f.jpg,2.118642369e-06
2644916196_16f91dae54.jpg,2.333405601e-06
424506167_01f365726b.jpg,7.497888634e-07
3517362674_0f5296de19.jpg,1.625807249e-06
525968880_82623392d1.jpg,1.832705191e-06
2949982320_c704b31626.jpg,1.466188816e-06
3476381830_3751dd9339.jpg,1.116024771e-06
359173181_a75c950aeb.jpg,1.056207101e-06
518789868_8895ef8792.jpg,1.925278139e-06
2735792721_b8fe85e803.jpg,1.707921646e-06
2472678549_67068a1566.jpg,2.059032376e-06
1303727828_d1052ee341.jpg,1.382378741e-06
2501968935_02f2cd8079.jpg,9.356217643e-07
379006645_b9a2886b51.jpg,1.84374967e-06
3423249426_02bedf9260.jpg,8.572090958e-07
84713990_d3f3cef78b.jpg,1.252668169e-06
148512773_bae6901fd6.jpg,1.119389073e-06
3304712466_18cbdb85fe.jpg,9.136497478e-07
1801188148_a176954965.jpg,1.042622267e-06
2764732789_1392e962d0.jpg,1.67412829e-06
1142283988_6b227c5231.jpg,1.420412998e-06
3330102093_1d6e35e78d.jpg,2.04463428e-06
2094810449_f8df9dcdf7.jpg,1.634869688e-06
2851198725_37b6027625.jpg,1.268516303e-06
3451344589_6787bd06ef.jpg,1.005841983e-06
3007214949_a4b027f8a3.jpg,1.186624405e-06
3499720588_c32590108e.jpg,1.196286297e-06
2423085253_6c19149855.jpg,1.322552105e-06
488089932_c3a5fa4140.jpg,1.921778221e-06
2976684095_ce7ccfd423.jpg,1.993238046e-06
2458862292_466a920ee2.jpg,1.65924234e-06
3419197575_aa5b84a9f0.jpg,1.25937307e-06
146577645_91b570c0d0.jpg,1.054778778e-06
1067180831_a59dc64344.jpg,8.445543809e-07
3242808166_8638150274.jpg,8.435439653e-07
2126950128_74a4882658.jpg,1.542158545e-06
1467533293_a2656cc000.jpg,1.125233299e-06
1389264266_8170bc1c54.jpg,1.073222828e-06
3393035454_2d2370ffd4.jpg,1.088111731e-06
3512033659_7e8a0c2ffa.jpg,1.320500329e-06
3328646934_5cca4cebce.jpg,1.448918025e-06
3420260768_26a600b844.jpg,1.330690466e-06
3658016590_f761e72dc3.jpg,1.275822675e-06
3681324243_b69fa90842.jpg,1.786101692e-06
3475552729_a3abd81ee6.jpg,2.112558452e-06
3211029717_2affe6bbd5.jpg,3.28983172e-06
3636632926_09f39f2629.jpg,1.086872004e-06
447800028_0242008fa3.jpg,1.736227101e-06
3248220732_0f173fc197.jpg,1.787394105e-06
2695961935_a2a6338f26.jpg,1.2124808e-06
2410153942_ba4a136358.jpg,9.186521947e-07
2444741900_5cb3ef3e1d.jpg,1.157805499e-06
3667318593_fa1816b346.jpg,6.172174986e-07
3442978981_53bf1f45f3.jpg,1.924811976e-06
339822505_be3ccbb71f.jpg,1.032484203e-06
2598979962_c01811cfca.jpg,1.847178716e-06
444872454_9f51e07f88.jpg,1.477355702e-06
345684566_235e8dfcc1.jpg,9.180284556e-07
241346146_f27759296d.jpg,2.283580958e-06
537758332_8beb9cf522.jpg,1.650821683e-06
241345639_1556a883b1.jpg,1.942124753e-06
2899501488_90d5da5474.jpg,1.448295343e-06
475313618_bdb2f72be5.jpg,1.823763925e-06
313051099_1bb87d6c56.jpg,1.081395124e-06
3517127930_5dbddb45f6.jpg,9.663944626e-07
3356369156_074750c6cc.jpg,1.828347501e-06
290982269_79fc9f36dc.jpg,1.541103663e-06
1994416869_4dd769a806.jpg,1.974398056e-06
3287963317_186491ee78.jpg,1.771020611e-06
3367851138_757d6bd2ef.jpg,9.836666619e-07
3046259614_614394e024.jpg,1.618437299e-06
3325157569_8084ab3293.jpg,1.45340264e-06
3709030554_02301229ea.jpg,1.330358413e-06
314940358_ec1958dc1d.jpg,1.986483047e-06
632251903_b36701a5e9.jpg,1.133798185e-06
2622517932_57c52c376f.jpg,1.934568552e-06
3497237366_366997495d.jpg,1.738930188e-06
3759230208_1c2a492b12.jpg,1.382007171e-06
432248727_e7b623adbf.jpg,1.599321403e-06
3064716525_b8418d4946.jpg,1.765034096e-06
390986651_c801db91a0.jpg,1.364750284e-06
195084264_72fb347b0f.jpg,1.3167424e-06
2774554310_007e980a90.jpg,2.630978589e-06
2542415282_9240e1b5fc.jpg,1.355433251e-06
256439287_990ac4a761.jpg,1.137877887e-06
3614582606_16bd88dab2.jpg,1.658311643e-06
2655196158_5c878a4af0.jpg,2.257284913e-06
3715469645_6d1dc019b3.jpg,7.190837817e-07
381275595_b429fd1639.jpg,1.99919047e-06
3349309109_4024a09a17.jpg,1.257841919e-06
381239475_044cbffa2b.jpg,1.360460639e-06
3639617775_149001232a.jpg,1.603599447e-06
2647229826_e0e0c65ef1.jpg,1.223729934e-06
2762301555_48a0d0aa24.jpg,1.700762051e-06
2957071266_1b40ec7d96.jpg,8.911738212e-07
2884400562_e0851014fc.jpg,1.009516484e-06
529101401_ab1f6b1206.jpg,2.24082815e-06
2872743471_30e0d1a90a.jpg,1.983425831e-06
1285874746_486731a954.jpg,2.158012772e-06
3030793171_55cd646eed.jpg,1.385326035e-06
3369354061_2bab79f91f.jpg,1.710668359e-06
2901074943_041aba4607.jpg,1.564490382e-06
219070971_ae43410b9e.jpg,1.331213743e-06
3175712926_5a470d0886.jpg,2.234801535e-06
2508249781_36e9282423.jpg,8.052735513e-07
3710176138_fbfe00bd35.jpg,9.024780039e-07
3713177334_32f3245fd8.jpg,2.002131579e-06
3291255271_a185eba408.jpg,9.232878076e-07
3524612244_64f00afec5.jpg,1.338128095e-06
2792409624_2731b1072c.jpg,2.221860236e-06
2089555297_95cf001fa7.jpg,1.637560097e-06
496606439_9333831e73.jpg,1.675286557e-06
2558312618_13d362df66.jpg,2.016809227e-06
3148286846_40ae914172.jpg,1.582053256e-06
3523972229_d44e9ff6d7.jpg,1.617924027e-06
3318995586_c2bc50b92e.jpg,8.946733715e-07
410453140_5401bf659a.jpg,1.35307745e-06
2932519416_11f23b6297.jpg,1.954797012e-06
3107889179_106d223345.jpg,1.272035144e-06
3560081723_62da0035bd.jpg,1.682317573e-06
3208553539_2bf6c6d162.jpg,6.466757031e-07
3559425864_0462d7613f.jpg,1.809868813e-06
3240014971_ee2ea8406f.jpg,1.331598879e-06
640506101_ae1145b6d1.jpg,6.899554432e-07
3555729342_cc7a3b67fd.jpg,2.205358323e-06
2836864045_9a093cfd65.jpg,1.830950923e-06
2743652730_d909c7ae82.jpg,1.891407839e-06
95734038_2ab5783da7.jpg,8.157932345e-07
540338917_57069687be.jpg,1.222319482e-06
2067833088_04e84e5bf2.jpg,1.030786783e-06
1383840121_c092110917.jpg,1.168874278e-06
3024022266_3528c16ed8.jpg,8.532277407e-07
1682079482_9a72fa57fa.jpg,2.184188325e-06
3444684583_6656e38088.jpg,1.821100425e-06
241109594_3cb90fe2a3.jpg,1.929070076e-06
468871328_72990babd4.jpg,1.341544989e-06
3760400645_3ba51d27f9.jpg,9.924732523e-07
3295452057_0c987f895f.jpg,1.07194625e-06
3042405316_ba3a01926b.jpg,1.137453971e-06
2065309381_705b774f51.jpg,1.584493878e-06
2384147448_c1869070d3.jpg,7.094682681e-07
2529205842_bdcb49d65b.jpg,2.43013053e-06
3415178926_909db9400b.jpg,1.878414221e-06
252846811_7b250935a7.jpg,8.695859985e-07
2450486758_a66fd296ea.jpg,9.489831215e-07
3353036763_4cbeba03b2.jpg,1.740794573e-06
3667492609_97f88b373f.jpg,2.359123473e-06
3019473225_8e59b8ec4e.jpg,1.74253679e-06
2911552402_5166bc173b.jpg,1.516019874e-06
3123351642_3794f2f601.jpg,1.443281137e-06
263231469_e85c74f5fd.jpg,1.726870971e-06
3386893620_5f0bb4e794.jpg,8.121226693e-07
3628994466_a12065d29b.jpg,1.42481651e-06
2841449931_84a05850ec.jpg,1.368559115e-06
2052953131_30834196fb.jpg,2.040213527e-06
3130093622_362f32f2bb.jpg,2.406983572e-06
256444892_efcb3bd824.jpg,9.740837835e-07
3608400551_d6f7965308.jpg,1.155483321e-06
2119660490_ce0d4d1f73.jpg,2.442647074e-06
3665549027_d7fb05d157.jpg,1.851084744e-06
3442138291_3e75f4bdb8.jpg,1.263518187e-06
292887910_f34ac101c8.jpg,2.14390383e-06
3522000960_47415c3890.jpg,1.498138449e-06
375384566_254c2362d4.jpg,9.923515644e-07
2303356248_65dd6aba6f.jpg,1.307421065e-06
3483140026_e14f64fdf5.jpg,2.258640565e-06
3716272233_7845ec5b3e.jpg,2.281407005e-06
3556037801_3992ce6826.jpg,9.007093418e-07
2616673985_fa4354cc53.jpg,1.072077582e-06
337647771_3b819feaba.jpg,8.968305261e-07
3589052481_059e5e2c37.jpg,1.900221439e-06
2990471798_73c50c76fb.jpg,7.734138545e-07
3631986552_944ea208fc.jpg,1.779321635e-06
2735979477_eef7c680f9.jpg,1.609150221e-06
522486784_978021d537.jpg,1.394681205e-06
2994107810_af56326389.jpg,1.370558766e-06
1479124077_17dcc0d5d7.jpg,1.062078713e-06
1096097967_ac305887b4.jpg,1.305546808e-06
233242340_09963100a3.jpg,1.45842973e-06
3591094476_b61acd63d6.jpg,1.447703526e-06
2925760802_50c1e84936.jpg,1.294438181e-06
289860281_94d699f36d.jpg,1.54155964e-06
2396691909_6b8c2f7c44.jpg,2.247997948e-06
515702827_be3c6ce857.jpg,1.67603182e-06
2929506802_5432054d77.jpg,9.774517953e-07
3498997518_c2b16f0a0e.jpg,1.104188111e-06
3461437556_cc5e97f3ac.jpg,2.48063321e-06
58363928_6f7074608c.jpg,1.214599985e-06
3320411267_df70b90501.jpg,1.17328699e-06
2308108566_2cba6bca53.jpg,1.134843716e-06
2077346067_0a3a5aae65.jpg,9.815756743e-07
3337332770_5eda5cceb7.jpg,1.582655901e-06
2666179615_f05a9d8331.jpg,1.880533287e-06
3506869953_802f463178.jpg,1.666338095e-06
3490736665_38710f4b91.jpg,1.452140288e-06
2453971388_76616b6a82.jpg,1.214634648e-06
535399240_0714a6e950.jpg,1.836173094e-06
3701291852_373ea46bb6.jpg,2.178548555e-06
344841963_8b0fa9784c.jpg,1.021277851e-06
1813597483_3f09d2a020.jpg,9.94524025e-07
2777021428_0b2ac3e987.jpg,1.591993055e-06
1542033433_5453d4c466.jpg,1.873382449e-06
215876547_fa584c5ec3.jpg,1.59643896e-06
2256218522_53b92bcbb2.jpg,1.460603008e-06
3694555931_7807db2fb4.jpg,8.985774759e-07
485738889_c2a00876a6.jpg,1.779015652e-06
3030079705_0dee8a3e89.jpg,4.248128829e-06
2946016853_ceca4f5a07.jpg,1.196805649e-06
3644142276_caed26029e.jpg,1.241653618e-06
3296150666_aae2f64348.jpg,1.093832242e-06
2843695880_eeea6c67db.jpg,1.775215746e-06
2657301826_aab4c36e6c.jpg,1.690623026e-06
2531837969_6f28637811.jpg,2.173766159e-06
2407470303_6fd5e3600d.jpg,1.964816779e-06
1434607942_da5432c28c.jpg,1.735512575e-06
543007912_23fc735b99.jpg,1.64610017e-06
3054200086_657d4398e8.jpg,1.394731951e-06
2164363131_6930455d45.jpg,1.847229929e-06
3471117376_40585c3fd1.jpg,1.257081481e-06
374103966_2987706be1.jpg,1.563261985e-06
3229730008_63f8ca2de2.jpg,8.733833727e-07
2646046871_c3a5dbb971.jpg,1.470836042e-06
390992102_67fa31b22f.jpg,1.287347044e-06
3070713991_8696796937.jpg,7.311990427e-07
2905948395_ca3e6b3c9a.jpg,1.731363482e-06
3477977145_4df89d69a1.jpg,1.82338366e-06
3213992947_3f3f967a9f.jpg,1.401198456e-06
531055369_936fd76a63.jpg,1.427604823e-06
716597900_b72c58362c.jpg,1.814530159e-06
3056530884_27766059bc.jpg,1.50995461e-06
1316247213_1d2c726dd5.jpg,1.360724309e-06
1377668044_36398401dd.jpg,1.430852659e-06
3457856049_2de173e818.jpg,1.334787727e-06
1509786421_f03158adfc.jpg,2.458967526e-06
3468130925_2b1489d19a.jpg,1.098811269e-06
399679638_d3036da331.jpg,1.739073717e-06
3677329561_fa3e1fdcf9.jpg,1.220253474e-06
3679341667_936769fd0c.jpg,1.085586283e-06
3534668485_6887629ff0.jpg,1.732572658e-06
3446347599_0ecc49a9d5.jpg,1.806177807e-06
2277081067_d2b4c98bce.jpg,2.046027164e-06
2255342813_5b2ac6d633.jpg,1.055654599e-06
2520255786_b70a3ec032.jpg,8.38760356e-07
2318659263_c24005a5cb.jpg,2.602256462e-06
2976537455_f3988c2d46.jpg,1.201186879e-06
507758961_e63ca126cc.jpg,2.083217374e-06
2699733386_c346c87ea6.jpg,1.480830966e-06
2878578240_caf64c3b19.jpg,9.716804481e-07
1569562856_eedb5a0a1f.jpg,1.276337366e-06
2257631407_1529b9db39.jpg,1.027240425e-06
3376972502_35e3e119cd.jpg,1.240539685e-06
3655773435_c234e94820.jpg,1.989580938e-06
3694219419_a7a83d4886.jpg,1.219031957e-06
3294209955_a1f1e2cc19.jpg,1.648347453e-06
3653764864_225958c9c1.jpg,9.498036879e-07
2531531628_b4a5041680.jpg,1.269839777e-06
2895966469_53e0b29295.jpg,1.695002115e-06
449352117_63c359c6e7.jpg,8.54237665e-07
3518334317_bc40bae18d.jpg,1.548816783e-06
3590647207_2d4ec3f52c.jpg,1.066558092e-06
3247052319_da8aba1983.jpg,1.356367141e-06
527272653_8a5bd818e5.jpg,1.767267753e-06
662606040_8cc8cd9f1b.jpg,1.09507336e-06
488416045_1c6d903fe0.jpg,1.231148627e-06
3119875880_22f9129a1c.jpg,1.599223568e-06
155221027_b23a4331b7.jpg,1.748992609e-06
3527926597_45af299eee.jpg,1.722364548e-06
3503471307_464a8f588c.jpg,1.592740529e-06
241347441_d3dd9b129f.jpg,2.133477473e-06
2140747429_62cfd89ae9.jpg,1.062574145e-06
3270083123_fcc1208053.jpg,2.6417408e-06
3688797852_89ed3cb056.jpg,1.609134557e-06
2441815792_43565b1312.jpg,1.214855021e-06
624742559_ff467d8ebc.jpg,1.408410704e-06
3677964239_6406ed096f.jpg,8.114089718e-07
2708176152_1634cb754d.jpg,1.046100301e-06
2707835735_6537b27e8f.jpg,1.559194504e-06
3169394115_2193158cee.jpg,1.432608726e-06
2908859957_e96c33c1e0.jpg,1.460751534e-06
3437147889_4cf26dd525.jpg,1.649808489e-06
2255266906_8222af18b9.jpg,7.204570442e-07
3395173129_f0ac0a1ed4.jpg,1.334647895e-06
2414986483_004936f84b.jpg,9.225292926e-07
1926129518_4350f4f552.jpg,6.422189485e-07
2509824208_247aca3ea3.jpg,2.313419521e-06
3116379964_86986750af.jpg,1.878967346e-06
3611603026_9112b0c53f.jpg,1.86789612e-06
1398606571_f543f7698a.jpg,1.279764456e-06
3514188115_f51932ae5d.jpg,8.376719818e-07
2701487024_e866eb4550.jpg,1.849748413e-06
2296166785_292a4e9f4c.jpg,1.588821124e-06
2056042552_f59e338533.jpg,2.037208408e-06
3353962769_ba48691bc6.jpg,1.47854877e-06
2887103049_a867e74358.jpg,1.060509533e-06
3528251308_481a28283a.jpg,1.980364788e-06
3715559023_70c41b31c7.jpg,9.577671404e-07
432490118_54a9c0e500.jpg,1.64114674e-06
2310233145_910cb5b4c8.jpg,8.285843823e-07
535249787_0fcaa613a0.jpg,1.545381768e-06
2915183095_4ed4aa4f37.jpg,8.414502206e-07
3458434150_2b0d619244.jpg,1.096949703e-06
3298199743_d8dd8f94a0.jpg,1.678292886e-06
1479513774_70c94cf9d3.jpg,1.91715581e-06
2470519275_65725fd38d.jpg,1.042766989e-06
3508882611_3947c0dbf5.jpg,1.142238867e-06
3612485611_12dd7742f7.jpg,1.487473141e-06
1332208215_fa824f6659.jpg,1.779611105e-06
1474474514_b3eb492722.jpg,1.239993468e-06
818340833_7b963c0ee3.jpg,1.28987595e-06
3463268965_f22884fc69.jpg,1.534659023e-06
2623930900_b9df917b82.jpg,1.67013754e-06
2988439935_7cea05bc48.jpg,1.594958131e-06
3697379772_40d831392b.jpg,7.438650432e-07
2512682478_b67cc525c7.jpg,1.212490694e-06
3339263085_6db9fd0981.jpg,1.341780703e-06
420355149_f2076770df.jpg,1.377482543e-06
349889354_4b2889a9bd.jpg,2.398515939e-06
2651915425_7a58e862e9.jpg,1.644700517e-06
691770760_48ce80a674.jpg,7.427710247e-07
3334300164_e75e0479ae.jpg,1.956312116e-06
3246190363_68d903bfcb.jpg,1.771533369e-06
2095078658_c14ba89bc2.jpg,2.228553242e-06
2282522980_45cfa8e0cf.jpg,1.419009924e-06
2714674623_8cd05ac114.jpg,1.692613943e-06
880220939_0ef1c37f1f.jpg,9.590214835e-07
407678652_1f475acd65.jpg,1.136920211e-06
440737340_5af34ca9cf.jpg,9.169786096e-07
3425069551_aba046a1b6.jpg,1.265291246e-06
460350019_af60511a3b.jpg,1.079426924e-06
2807209904_389d81f33a.jpg,1.26858275e-06
537225246_dd0e2158a7.jpg,1.623477053e-06
1812525037_528465037c.jpg,6.623795151e-07
3159641529_c2c74f3eaf.jpg,2.418562064e-06
2898810636_84fb5c0b63.jpg,1.479434187e-06
452345346_afe1248586.jpg,1.085538346e-06
1277743944_f4e8c78403.jpg,2.368952355e-06
3568065409_1c381aa854.jpg,1.758123877e-06
3278189732_f750cb26b7.jpg,1.837955437e-06
3040051410_6205682ba3.jpg,1.453822584e-06
2396025708_e4a72e2558.jpg,1.389104042e-06
2465441099_a1761a1757.jpg,1.421018265e-06
3413806271_17b7e102aa.jpg,2.161854216e-06
501520507_c86f805ab8.jpg,1.287461645e-06
2206403470_8c25aa3cf8.jpg,1.429980614e-06
3048461682_e89f81b1c7.jpg,9.945485867e-07
2092419948_eea8001d0f.jpg,1.575479181e-06
3143980056_7a64a94b58.jpg,1.936350716e-06
391579205_c8373b5411.jpg,1.410044464e-06
432496659_f01464d9fb.jpg,1.5687798e-06
3148571800_c5515e6c3d.jpg,1.824209774e-06
3006926228_cf3c067b3e.jpg,6.580565093e-07
3368569524_a9df2fc312.jpg,1.889505363e-06
3673970325_4e025069e9.jpg,2.031742059e-06
394161692_2576920777.jpg,9.854662052e-07
2148916767_644ea6a7fa.jpg,1.766273217e-06
3335097235_538f4777c3.jpg,1.270406064e-06
2553188198_da1123a723.jpg,1.655913475e-06
96985174_31d4c6f06d.jpg,1.10678955e-06
2982881046_45765ced2c.jpg,1.23326108e-06
2966190737_ceb6eb4b53.jpg,1.915182693e-06
3601491447_a338875b51.jpg,9.075453927e-07
2763044275_aa498eb88b.jpg,1.127065391e-06
3589368949_0866846949.jpg,1.046442255e-06
3360930596_1e75164ce6.jpg,2.110290219e-06
3004290523_d1319dfdb4.jpg,9.331060381e-07
2451114871_8617ae2f16.jpg,1.852721191e-06
2194494220_bb2178832c.jpg,1.52631927e-06
1132772170_600610c5df.jpg,1.883400516e-06
2109911919_af45b93ef3.jpg,1.066031531e-06
3408130183_f038bdaa4f.jpg,1.274148057e-06
2552438538_285a05b86c.jpg,1.459845774e-06
3094317837_b31cbf969e.jpg,2.2096197e-06
763577068_4b96ed768b.jpg,1.016842806e-06
1803631090_05e07cc159.jpg,1.444828216e-06
252504549_135b0db5a3.jpg,1.649639792e-06
1732436777_950bcdc9b8.jpg,2.355134593e-06
244571201_0339d8e8d1.jpg,1.258270937e-06
2998185688_8d33e4ce38.jpg,1.203905184e-06
2446601467_a35841cb1d.jpg,2.506144401e-06
264859622_f3a00ab409.jpg,1.334286439e-06
2427490900_5b7a8874b9.jpg,1.14273843e-06
2613889835_6f50a3b83b.jpg,1.215189474e-06
2233426944_0959835ced.jpg,7.653245757e-07
485357535_b45ba5b6da.jpg,1.243215692e-06
3443326696_fe0549c5be.jpg,1.800811913e-06
2345984157_724823b1e4.jpg,8.693994541e-07
3270691950_88583c3524.jpg,1.556780626e-06
3413019648_e787f0cb88.jpg,1.203721771e-06
3751594676_edfbfa0688.jpg,2.303980541e-06
3537806062_c50d814aba.jpg,1.692668431e-06
3613585080_36629d8157.jpg,1.774764533e-06
2631625732_75b714e685.jpg,1.708027726e-06
3541162969_68fa4a60df.jpg,2.021218806e-06
997722733_0cb5439472.jpg,2.06800968e-06
3415809168_af9dabdba5.jpg,1.477208523e-06
3661239105_973f8216c4.jpg,1.401271196e-06
3229519418_040f05ced1.jpg,2.019138542e-06
753285176_f21a2b984d.jpg,1.87059565e-06
2303426046_09cfd7bc4e.jpg,1.574804819e-06
2867845624_22e4fe0a23.jpg,1.491617509e-06
2752341621_54490b9b09.jpg,2.153750239e-06
2891185857_54942809cf.jpg,1.107270281e-06
3341084434_db5e7d1fdc.jpg,1.657328218e-06
2162564553_96de62c7e6.jpg,1.097593402e-06
3172280520_e7655fb596.jpg,1.892020148e-06
2797185895_4d9e1e9508.jpg,7.69301919e-07
965444691_fe7e85bf0e.jpg,2.205140139e-06
3057618932_3b80ae85de.jpg,1.299852676e-06
788126442_086334f0cf.jpg,2.165324371e-06
334768700_51c439b9ee.jpg,8.832088856e-07
3341961913_9a9b362f15.jpg,1.158876551e-06
3618932839_acd7d2c2ea.jpg,2.060355437e-06
3497234632_6ec740fc1e.jpg,1.491655118e-06
2541901399_0a57f4cc76.jpg,1.473829025e-06
3356938707_d95ba97430.jpg,1.522917168e-06
2471297228_b784ff61a2.jpg,1.220001032e-06
3488087117_2719647989.jpg,2.17474266e-06
2186367337_0ce9ce2104.jpg,1.73981896e-06
3427540832_c882fded1d.jpg,1.305776545e-06
2220175999_081aa9cce8.jpg,2.070721923e-06
2066271441_1f1f056c01.jpg,1.694771038e-06
2591603141_33d6397e0a.jpg,1.811122647e-06
118187095_d422383c81.jpg,1.081996594e-06
1810651611_35aae644fb.jpg,8.82227256e-07
2170222061_e8bce4a32d.jpg,1.409068642e-06
1055623002_8195a43714.jpg,2.299066184e-06
3183195185_cd0ff994a1.jpg,1.055538605e-06
3136674757_57406c305c.jpg,1.237387706e-06
3070130228_67dcfee9ae.jpg,1.1530568e-06
1398613231_18de248606.jpg,1.312123166e-06
3430287726_94a1825bbf.jpg,1.850129663e-06
1286408831_05282582ed.jpg,1.469340743e-06
237547381_aa17c805e0.jpg,8.254955561e-07
3638374272_444f5e0457.jpg,1.153245798e-06
2315867011_fc5fc9fa6d.jpg,2.26591654e-06
2864634088_d087494dff.jpg,8.537722714e-07
2695093520_5cfeb0729d.jpg,1.661748127e-06
571507143_be346225b7.jpg,9.315821302e-07
3601569729_bf4bf82768.jpg,1.384182525e-06
3725202807_12fbfdd207.jpg,1.606660132e-06
2466171100_5e60cfcc11.jpg,8.625686671e-07
1764955991_5e53a28c87.jpg,1.206499597e-06
3649916507_b88a3d2082.jpg,1.147617705e-06
3432730942_4dc4685277.jpg,1.24850736e-06
782017931_75d92bb7a4.jpg,1.370912244e-06
2211593099_4a4f1c85d2.jpg,1.412258101e-06
2929272606_2a5923b38e.jpg,2.008469059e-06
3174453534_fcc927c647.jpg,1.534818599e-06
383223174_7165a54c30.jpg,1.376629998e-06
3339768802_8ab768558a.jpg,2.123784363e-06
2511019188_ca71775f2d.jpg,1.640304683e-06
3224904543_679fe05c41.jpg,1.048733772e-06
2471493912_2d4746b834.jpg,1.291180522e-06
3029928396_99ac250788.jpg,1.435312099e-06
633456174_b768c1d6cd.jpg,1.462459097e-06
3162045919_c2decbb69b.jpg,1.668993185e-06
390987167_2d5905b459.jpg,1.695536593e-06
3613264553_97b687f172.jpg,2.162291612e-06
336460583_6c8ccb7188.jpg,1.297243349e-06
441921713_1cafc7d7d2.jpg,1.378005452e-06
3507076266_8b17993fbb.jpg,1.45197e-06
967719295_3257695095.jpg,1.266023713e-06
214543992_ce6c0d9f9b.jpg,7.176160276e-07
2417341107_97dbab9c5e.jpg,2.196324667e-06
2275253272_00f941366e.jpg,1.354851488e-06
3449114979_6cdc3e8da8.jpg,1.813383245e-06
1118557877_736f339752.jpg,2.14279389e-06
642987597_03b21a1437.jpg,9.273478265e-07
3077166963_fe172c709d.jpg,1.412459184e-06
2805873509_4f68afc4b4.jpg,1.675246485e-06
3729405438_6e79077ab2.jpg,1.43645794e-06
431282339_0aa60dd78e.jpg,1.389862745e-06
1679565118_d36f0d6d52.jpg,9.645205786e-07
2337757064_08c4033824.jpg,1.806030761e-06
2950905787_f2017d3e49.jpg,1.295168421e-06
3628017876_4ac27e687b.jpg,1.534868589e-06
3127629248_a955b5763b.jpg,7.136148358e-07
3005124440_c096b310fb.jpg,7.691220975e-07
2780031669_a0345cfc26.jpg,1.580322228e-06
2894008505_a445ccaaff.jpg,1.701231412e-06
3437034427_6df5e9fbf9.jpg,2.122093116e-06
3635911776_dbc2763f2c.jpg,1.52529866e-06
350588129_6aef7b7fe2.jpg,1.601921911e-06
2952141476_fc9a48a60a.jpg,1.298184854e-06
2381102729_12fc4d4c76.jpg,1.126759752e-06
481827288_a688be7913.jpg,1.499240921e-06
2272489996_95b0a62d15.jpg,1.364704258e-06
303607405_f36edf16c6.jpg,1.532629172e-06
2476214153_99a3998509.jpg,1.057715621e-06
816084977_21c1811c9a.jpg,1.487999201e-06
2752331711_cb18abba5a.jpg,1.600835676e-06
2700147489_f1664f2b61.jpg,1.174173469e-06
143684568_3c59299bae.jpg,1.035751417e-06
3465000218_c94e54e208.jpg,1.830242056e-06
3189002057_3ef61b803e.jpg,1.605258858e-06
3427233064_6af01bfc5c.jpg,1.056595019e-06
247706586_7e25c7adf8.jpg,1.232646348e-06
2260649048_ae45d17e68.jpg,1.565088606e-06
254527963_3f5824b0e8.jpg,2.069145618e-06
443885436_6e927e6c58.jpg,2.016569426e-06
2094323311_27d58b1513.jpg,2.176466377e-06
757133580_ba974ef649.jpg,1.554591318e-06
2723477522_d89f5ac62b.jpg,1.730603426e-06
3259666643_ae49524c81.jpg,1.661501153e-06
3559374748_f18c7caa55.jpg,1.301638597e-06
2714703706_d21c5cb8df.jpg,2.137531271e-06
2759860913_f75b39d783.jpg,1.374919484e-06
2857473929_4f52662c30.jpg,9.499068084e-07
448252603_7d928c900e.jpg,1.013989333e-06
381514859_b40418d9c3.jpg,2.334932993e-06
262681159_e5fed3acf0.jpg,1.453518161e-06
3700554247_9824ae6f3a.jpg,1.197867496e-06
3397310901_cbef5c06ef.jpg,1.405572275e-06
186890601_8a6b0f1769.jpg,1.430037017e-06
150387174_24825cf871.jpg,1.196623263e-06
3626998066_3ae11ee278.jpg,1.785069056e-06
3730011701_5352e02286.jpg,1.642647017e-06
2902844125_4186bf3ab6.jpg,1.501673188e-06
2203286182_b453e9d176.jpg,2.408192024e-06
3552206648_123bf4ac82.jpg,1.262410781e-06
3042173467_14394234da.jpg,1.402114696e-06
2276314067_7ee246f859.jpg,8.261901863e-07
3420064875_0349a75d69.jpg,2.104972883e-06
393958545_48c17c66d1.jpg,1.274667831e-06
2716903793_fb7a3d8ba6.jpg,9.399036581e-07
3325910784_5ecb88310c.jpg,1.716068806e-06
2934022873_3fdd69aee4.jpg,1.11431854e-06
78984436_ad96eaa802.jpg,1.91030087e-06
3452127051_fa54a902b3.jpg,1.022433128e-06
856985136_649c0a3881.jpg,1.555720118e-06
3091921457_83eee69591.jpg,2.128702468e-06
541046380_513e295384.jpg,1.412699023e-06
3286761458_34af7e4499.jpg,1.582421872e-06
2085400856_ae09df33a7.jpg,1.546065035e-06
3229913073_e7857a5966.jpg,1.621054651e-06
3707990914_843e8f15f1.jpg,1.582383383e-06
162743064_bb242faa31.jpg,1.864331097e-06
3532593368_be10432e92.jpg,1.759831792e-06
1024138940_f1fefbdce1.jpg,2.014347275e-06
866841633_05d273b96d.jpg,2.387681961e-06
282131366_5f9a39c43c.jpg,1.645534622e-06
2980348138_91cc6f6d0f.jpg,1.159547941e-06
3639547922_0b00fed5cd.jpg,1.540948824e-06
2302747917_aa0300eb68.jpg,2.181281438e-06
3027365101_3818be6e16.jpg,8.0432243e-07
58363930_0544844edd.jpg,1.183796343e-06
244368383_e90b6b2f20.jpg,1.200459504e-06
405615014_03be7ef618.jpg,1.371013637e-06
1302657647_46b36c0d66.jpg,1.474422311e-06
3354883962_170d19bfe4.jpg,2.120859545e-06
3113769557_9edbb8275c.jpg,1.3511444e-06
3074842262_62b1b2168c.jpg,6.93942737e-07
2942133798_e57c862a90.jpg,2.236981591e-06
1420060020_7a6984e2ea.jpg,2.344488279e-06
2924483864_cfdb900a13.jpg,1.758295912e-06
306318683_5f1f875191.jpg,1.638325609e-06
3214237686_6566b8b52f.jpg,2.015619168e-06
3335885203_a3fe8e541f.jpg,1.447174014e-06
1262583859_653f1469a9.jpg,1.662979489e-06
3638783120_f600ceb19d.jpg,1.674133872e-06
1206506157_c7956accd5.jpg,1.581369829e-06
533602654_9edc74385d.jpg,1.696046973e-06
2322593776_e6aaf69e80.jpg,1.987371604e-06
3629664676_36bcefe6b7.jpg,7.798026593e-07
318667317_108c402140.jpg,1.654553063e-06
3560125106_691c292893.jpg,9.665920276e-07
1430154945_71bbaa094a.jpg,1.793066917e-06
241345770_9f8aa6723c.jpg,2.029390668e-06
3692746368_ab7d97ab31.jpg,1.366258799e-06
3315110972_1090d11728.jpg,1.476610743e-06
3112635165_2d614d7c1a.jpg,8.785662636e-07
3621652774_fd9634bd5b.jpg,1.888381677e-06
2344898759_5674382bcd.jpg,1.594544596e-06
2597308074_acacc12e1b.jpg,1.899913341e-06
3189307452_aebc12380b.jpg,8.726639995e-07
3004291093_35d6fd8548.jpg,1.115874384e-06
3609645320_815c294b65.jpg,1.16170957e-06
707941195_4386109029.jpg,1.968875847e-06
462080147_ca088e6541.jpg,2.171322289e-06
3245460937_2710a82709.jpg,1.518888927e-06
3351667846_ac43118ae5.jpg,1.179025511e-06
3640870001_acbd1d5ceb.jpg,7.617955191e-07
426920445_d07d1fd0f7.jpg,2.387191321e-06
2261346505_302c67951d.jpg,1.246828922e-06
1048710776_bb5b0a5c7c.jpg,1.953063055e-06
3643684044_a131168127.jpg,8.604727947e-07
2878272032_fda05ffac7.jpg,1.259881797e-06
3425846980_912943b4f9.jpg,1.368846609e-06
2171891283_dedd9cf416.jpg,1.066613325e-06
3767841911_6678052eb6.jpg,1.568138599e-06
308956341_642589e9cc.jpg,1.180439183e-06
3051384385_c5c850c1f8.jpg,1.880609483e-06
2863848437_f2592ab42d.jpg,1.037639163e-06
2878705136_609dfbf318.jpg,9.171356268e-07
3210705660_2b14b7fb36.jpg,9.449816286e-07
1499554025_a8ffe0e479.jpg,1.6241981e-06
2248487950_c62d0c81a9.jpg,8.827825743e-07
3003691049_f4363c2d5c.jpg,1.526711849e-06
3188044631_ca3a9cc737.jpg,8.921951454e-07
3220140234_e072856e6c.jpg,1.57082925e-06
288508162_1727873924.jpg,1.852642009e-06
252124738_796599e94b.jpg,1.157720015e-06
2717686269_80c4b5ac9e.jpg,1.833552886e-06
2448393373_80c011d301.jpg,1.560853859e-06
3516825206_5750824874.jpg,1.210194915e-06
1341787777_4f1ebb1793.jpg,1.841242718e-06
1346051107_9cdc14e070.jpg,1.715603446e-06
2522809984_2e8a7df4fb.jpg,1.782355879e-06
1536597926_c2e1bc2379.jpg,9.335193881e-07
3544673666_ffc7483c96.jpg,1.437673477e-06
2806632713_edd6f6c893.jpg,1.407052694e-06
933118213_b35b0b62a7.jpg,2.190025319e-06
300371487_daec5d11ab.jpg,1.636347904e-06
3571675421_7e07ac07c5.jpg,1.824512196e-06
279550225_d64d56158a.jpg,1.794025959e-06
2979914158_5906470b8f.jpg,1.919795312e-06
3064383768_f6838f57da.jpg,1.605919931e-06
462288558_b31a8a976f.jpg,2.170537696e-06
3525403875_7f95e0cbfe.jpg,9.583505925e-07
2161799386_27aa938421.jpg,1.851249846e-06
2444821454_22a346c996.jpg,1.967095748e-06
3613955682_3860e116cf.jpg,7.329988241e-07
241046599_28b0ca7b9f.jpg,1.281995398e-06
2830755303_2b5444ab4c.jpg,1.21077399e-06
2600867924_cd502fc911.jpg,1.709066786e-06
2978236380_fb24c43f1e.jpg,1.243253321e-06
2635023078_6dae04758f.jpg,1.384305158e-06
2224450291_4c133fabe8.jpg,1.710597212e-06
3335547029_74d620fa6c.jpg,9.350851616e-07
3440724965_03d6ca5399.jpg,2.048791894e-06
2518508760_68d8df7365.jpg,1.550246101e-06
3349258288_5300c40430.jpg,1.684783762e-06
1466307485_5e6743332e.jpg,9.41620411e-07
2474047296_fd9179d438.jpg,1.495790625e-06
3478084305_9e1219c3b6.jpg,1.225157216e-06
3205214191_29b42b9b09.jpg,1.755416129e-06
3415228562_4efa9c9b70.jpg,1.13689855e-06
272546805_536c719648.jpg,1.684917749e-06
512306469_1392697d32.jpg,2.531303756e-06
3668900592_a84b0c07db.jpg,1.968911968e-06
337793983_ac5b2e848e.jpg,7.777903318e-07
2718024196_3ff660416a.jpg,9.23001729e-07
1350948838_fdebe4ff65.jpg,2.198489986e-06
2496370758_a3fbc49837.jpg,1.433697723e-06
3628059004_5c3529b120.jpg,1.376957226e-06
3205754736_32c29b5208.jpg,8.330688682e-07
970641406_9a20ee636a.jpg,8.344784575e-07
2208067635_39a03834ca.jpg,1.052779463e-06
3432637363_3ba357e2da.jpg,1.100060756e-06
2279496715_8ef3ee6edb.jpg,1.462058783e-06
1776981714_5b224d0f7a.jpg,2.016695527e-06
3373946160_1c82d54442.jpg,1.427994176e-06
3079917032_3cfacb2fd7.jpg,1.74251701e-06
471402959_0b187560df.jpg,1.76738651e-06
2972929655_04233b5489.jpg,1.477516503e-06
3103587323_7f093d5b90.jpg,1.353688507e-06
1089755335_0bfbfd30e6.jpg,1.90362487e-06
2273591668_069dcb4641.jpg,1.027025099e-06
2338627102_6708a9b4fd.jpg,2.140716361e-06
2863180332_372510aa49.jpg,1.48014029e-06
2832033116_1677ea1e2e.jpg,2.087609722e-06
1925434818_2949a8f6d8.jpg,1.190521276e-06
2382411771_a16145f345.jpg,1.873771709e-06
1347519824_e402241e4f.jpg,1.241913144e-06
3641022607_e7a5455d6c.jpg,1.18762966e-06
3181328245_7c04ce1691.jpg,1.682514599e-06
3258396041_69717247f7.jpg,1.949766996e-06
491564019_1ca68d16c1.jpg,1.716561558e-06
262446581_06ef7d9445.jpg,9.046251336e-07
838074897_9d6270b3cd.jpg,9.136787139e-07
1159574340_99ba8c3c59.jpg,1.684021603e-06
2443512473_6f5a22eb42.jpg,1.201220515e-06
2075321027_c8fcbaf581.jpg,2.125600531e-06
2076865206_53918c820c.jpg,1.674812014e-06
3601533527_6c2439113c.jpg,2.361973639e-06
3589156060_3ed8d6bbc3.jpg,1.186824776e-06
3259757648_71edb4347b.jpg,1.732712321e-06
1352410176_af6b139734.jpg,1.911833766e-06
3373481779_511937e09d.jpg,1.242179771e-06
2372572028_53b76104a9.jpg,1.232190509e-06
1321723162_9d4c78b8af.jpg,2.127411555e-06
500678178_26ce0f4417.jpg,7.083336731e-07
3484019369_354e0b88c0.jpg,1.516536137e-06
2321865325_79b0954a5d.jpg,7.828997116e-07
290019324_23582048d4.jpg,1.093292888e-06
2930580341_d36eec8e3c.jpg,1.226622185e-06
3292016893_24d14c8b4f.jpg,1.389057594e-06
3173928684_4ea0ee5114.jpg,1.414691965e-06
3323988406_e3c8fce690.jpg,1.73766697e-06
3612485097_b706d950ed.jpg,1.614943624e-06
2354456107_bf5c766a05.jpg,9.917629092e-07
166433861_70b66cd381.jpg,1.931218519e-06
1463638541_c02cfa04dc.jpg,1.456429033e-06
2616643090_4f2d2d1a44.jpg,1.716800643e-06
3702607829_2b8b3e65ab.jpg,1.231663701e-06
3154813159_58a195236d.jpg,1.180706769e-06
3289817083_4e78e1c05a.jpg,1.301500422e-06
2934379210_4e399e3cac.jpg,1.341893622e-06
2407091303_931c918490.jpg,9.817781438e-07
2831313661_1a328acb70.jpg,1.197851235e-06
3168841415_c0705a327a.jpg,2.318145488e-06
3636247381_65ccf8f106.jpg,1.56476818e-06
2150564996_d173a506d7.jpg,8.634462636e-07
2909081008_9a7bfc599a.jpg,2.502938723e-06
1884065356_c6c34b4568.jpg,1.708809138e-06
2343525685_3eba3b6686.jpg,1.357319124e-06
2955099064_1815b00825.jpg,1.606204491e-06
3437315443_ba2263f92e.jpg,1.926375088e-06
3033612929_764d977bd5.jpg,1.417586349e-06
3073535022_4af81f360c.jpg,1.373815113e-06
3537520829_aab733e16c.jpg,2.091535925e-06
2832487464_2d30634e1e.jpg,1.747140433e-06
2241768909_3d96d48417.jpg,1.405454348e-06
439492931_a96d590e40.jpg,8.571980128e-07
3701544312_b2e4e9813d.jpg,1.177063959e-06
972381743_5677b420ab.jpg,1.520437652e-06
632608471_a70461f123.jpg,8.877204976e-07
2583001715_1ce6f58942.jpg,1.536496378e-06
2737729252_b3fd9c05b1.jpg,1.314297812e-06
3590739067_58baffb3a7.jpg,1.037936426e-06
3107558821_f3b205d4ed.jpg,1.559348925e-06
2553024095_735bc46267.jpg,1.086414016e-06
2629346153_155ba73ae9.jpg,1.996010296e-06
3223302125_f8154417f4.jpg,1.648949842e-06
2488795251_c108c77b13.jpg,1.811408046e-06
44856031_0d82c2c7d1.jpg,1.007835102e-06
2704934519_457dc38986.jpg,1.396604493e-06
3070274658_fc39fd4f84.jpg,1.015181694e-06
3262075846_5695021d84.jpg,1.161063223e-06
1777816180_08d7e8063b.jpg,1.463788256e-06
3084149186_4bc08b0752.jpg,1.340323899e-06
3109124656_626b596d5e.jpg,2.135816437e-06
3724150944_fc62e8d5e0.jpg,7.157523335e-07
3104182973_5bb1c31275.jpg,8.298595781e-07
203114209_e4cd71a6b7.jpg,1.617957153e-06
2315418282_80bd0bb1c0.jpg,1.710053849e-06
3240094420_a9eea11d39.jpg,1.336751591e-06
1517807181_ca6588f2a0.jpg,1.316954509e-06
95734036_bef6d1a871.jpg,1.127600153e-06
3041170372_c4376cd497.jpg,1.42044357e-06
2890057168_c712f932e0.jpg,1.357278912e-06
2925737498_57585a7ed9.jpg,1.083315119e-06
2565685680_c30972455d.jpg,1.448149202e-06
3042484940_0975a5e486.jpg,1.516755343e-06
2325258180_6217dd17eb.jpg,1.327926181e-06
3541915243_956c1aa8ef.jpg,1.880321236e-06
2922973230_5a769ef92a.jpg,1.578475699e-06
1801874841_4c12055e2f.jpg,1.671498102e-06
2316097768_ef662f444b.jpg,1.042171126e-06
3676561090_9828a9f6d0.jpg,1.457593384e-06
3591462960_86045906bd.jpg,1.164132787e-06
2750832671_4b39f06acf.jpg,1.417436837e-06
2000459828_3c9e109106.jpg,1.142920554e-06
3569406219_f37ebf7b92.jpg,1.61619033e-06
2058472558_7dd5014abd.jpg,1.487007454e-06
2691966747_cfa154982b.jpg,9.505091549e-07
469969326_4b84073286.jpg,1.402182238e-06
195962790_3380aea352.jpg,1.880153455e-06
2480832276_fa55480ecb.jpg,7.308649454e-07
2061397486_53a61e17c5.jpg,1.120727656e-06
2676651833_3bb42bbb32.jpg,1.939040825e-06
1478294229_7e1c822fea.jpg,1.572374747e-06
1392272228_cf104086e6.jpg,2.305929072e-06
3153067758_53f003b1df.jpg,1.212989667e-06
497791037_93499238d8.jpg,6.965667873e-07
3399618896_9ef60cd32c.jpg,1.524375249e-06
2229179070_dc8ea8582e.jpg,6.358888243e-07
3316046339_8e504be038.jpg,8.417511173e-07
3681056426_fbd6c0c92c.jpg,1.209817937e-06
3006095077_1992b677f8.jpg,1.000901795e-06
457945610_1a23b9ced0.jpg,2.044998711e-06
263216826_acf868049c.jpg,1.351435657e-06
778885185_3f6905370b.jpg,1.965596858e-06
3692593096_fbaea67476.jpg,2.252559765e-06
1045521051_108ebc19be.jpg,9.288941784e-07
2220185725_45d4fa68d9.jpg,8.415617907e-07
514222303_cb98584536.jpg,8.596939213e-07
2913818905_8e4d9aa82a.jpg,2.788134346e-06
3259992164_94600858b3.jpg,1.343068427e-06
278002800_3817135105.jpg,1.445822913e-06
3296500180_0d7a6650dc.jpg,1.094231731e-06
3501781809_88429e3b83.jpg,1.689279756e-06
278496691_c1fd93e2d8.jpg,1.259318215e-06
3607969989_68cc411493.jpg,1.064834867e-06
3618504267_d7eaa495d0.jpg,1.152332298e-06
2462153092_e3f4d8f6a2.jpg,2.207572975e-06
3164328039_2c56acf594.jpg,1.28830891e-06
3446762868_06e9d9d899.jpg,1.465323063e-06
534313000_4ad39c7ee0.jpg,1.387848465e-06
3476451861_5b9c9ce191.jpg,9.068580217e-07
1554713437_61b64527dd.jpg,1.045483083e-06
3726025663_e7d35d23f6.jpg,9.956645886e-07
952171414_2db16f846f.jpg,1.446295864e-06
861608773_bdafd5c996.jpg,1.63328598e-06
3329169877_175cb16845.jpg,8.768111078e-07
3624076529_9793655a21.jpg,1.361327902e-06
3490874218_babb404b39.jpg,1.252788834e-06
3480051754_18e5802558.jpg,1.014869619e-06
1523984678_edd68464da.jpg,9.412743781e-07
2612488996_9450de0e54.jpg,1.126720234e-06
1026685415_0431cbf574.jpg,1.135673929e-06
99679241_adc853a5c0.jpg,1.565812631e-06
3377117696_af91f13058.jpg,1.894993305e-06
3203453897_6317aac6ff.jpg,1.503920045e-06
3691800116_6a7b315e46.jpg,1.523124158e-06
3677318686_b018862bb7.jpg,1.394075713e-06
2385871165_9438c9fe84.jpg,2.356428976e-06
720208977_f44c2bba5b.jpg,1.472917962e-06
3758175529_81941e7cc9.jpg,5.645083727e-07
3259002340_707ce96858.jpg,1.295141546e-06
3503544012_1771be9d3a.jpg,1.242498828e-06
3320356356_1497e53f80.jpg,1.403812417e-06
256085101_2c2617c5d0.jpg,1.987272838e-06
3717809376_f97611ab84.jpg,1.013296587e-06
475816542_f5c2736815.jpg,1.032533785e-06
3697359692_8a5cdbe4fe.jpg,1.529446265e-06
397725001_e51f7c391c.jpg,1.032866172e-06
3682428916_69ce66d375.jpg,2.030700382e-06
3154693053_cfcd05c226.jpg,1.349366462e-06
3259992638_0612a40288.jpg,1.26115112e-06
3426933951_2302a941d8.jpg,1.407225628e-06
2753506871_dc38e7d153.jpg,1.971401439e-06
2885912662_a3a2dfde45.jpg,1.357365095e-06
3487378989_c051d2715b.jpg,7.67346889e-07
3260088697_af9b6d2393.jpg,1.3014395e-06
2191329761_3effd856c5.jpg,1.55235943e-06
270263570_3160f360d3.jpg,1.105106514e-06
3501386648_e11e3f3152.jpg,1.139210035e-06
2622971954_59f192922d.jpg,1.782686294e-06
514222285_aa0c8d05b7.jpg,1.868238464e-06
774009278_8e75b7d498.jpg,1.194914841e-06
3656225270_cdf89e3240.jpg,1.354758171e-06
1001773457_577c3a7d70.jpg,1.31744741e-06
2140305708_591d10b54d.jpg,2.259522188e-06
2192333873_2a0cbe849d.jpg,1.395352972e-06
1459032057_97e73ed6ab.jpg,1.888859273e-06
2676937700_456134c7b5.jpg,1.061410191e-06
1419286010_b59af3962a.jpg,1.457846606e-06
2591110592_ef5f54f91c.jpg,1.287257758e-06
3380364224_2626d9d354.jpg,2.263514479e-06
2394919002_ed7527ff93.jpg,1.112167316e-06
3635194562_4c1dfa120a.jpg,1.484466351e-06
3711826708_bba64fb1e1.jpg,9.601685218e-07
2833582518_074bef3ed6.jpg,1.384688222e-06
1151466868_3bc4d9580b.jpg,1.35760387e-06
3523819210_99782628fc.jpg,1.314581498e-06
1009434119_febe49276a.jpg,1.106134628e-06
3712008738_1e1fa728da.jpg,1.324690951e-06
247637795_fdf26a03cf.jpg,2.38586184e-06
496110746_a93ca191ae.jpg,2.311689734e-06
3159569570_dff24e7be9.jpg,1.21709503e-06
475980315_b8ecd50094.jpg,2.081075141e-06
3205336477_037d4b6bd9.jpg,1.816759781e-06
3640661245_c8c419524d.jpg,1.33226313e-06
3614542901_29877fc342.jpg,1.013319129e-06
2562347802_c049a2ba88.jpg,2.94294128e-06
842960985_91daf0d6ec.jpg,2.264198865e-06
611910909_4f8e43e070.jpg,1.331280307e-06
1204996216_71d7519d9a.jpg,1.245257212e-06
411863595_d77156687e.jpg,1.603980195e-06
3112821789_1f7c3bbb99.jpg,9.158214662e-07
515755283_8f890b3207.jpg,1.300967796e-06
3273325447_81c94000da.jpg,8.614597053e-07
2339573065_91f1e3be60.jpg,2.756655442e-06
1417295167_5299df6db8.jpg,1.932433946e-06
3637966641_1b108a35ba.jpg,1.70359244e-06
2674784195_704f6b79d0.jpg,9.725638123e-07
3568219100_dfbffddccd.jpg,1.090738603e-06
297169473_d3974e0275.jpg,1.389619395e-06
2335428699_4eba9b6245.jpg,1.116349928e-06
3224578187_749882c17f.jpg,1.382775791e-06
3520922312_e58a6cfd9c.jpg,1.204944541e-06
172097783_292c5413d8.jpg,1.000469295e-06
2272548482_0b4aec5cdd.jpg,2.377295869e-06
3728015645_b43a60258b.jpg,1.201307464e-06
2305437797_e6c3460190.jpg,1.93102082e-06
486720042_b785e7f88c.jpg,1.469604774e-06
241347803_afb04b12c4.jpg,2.094507956e-06
3247598959_5b2348444c.jpg,1.265958257e-06
3597210806_95b07bb968.jpg,1.326406291e-06
512550372_438849ce19.jpg,1.070748566e-06
3656104088_a0d1642fa9.jpg,1.784576873e-06
2545192257_142fe9e2de.jpg,1.811000248e-06
610590753_cd69ce081a.jpg,5.706573589e-07
549887636_0ea5ae4739.jpg,1.410914491e-06
2298946012_22de913532.jpg,1.279847998e-06
2387197355_237f6f41ee.jpg,2.054815842e-06
3354489242_dd529ffa1f.jpg,1.041845592e-06
199463720_329a802206.jpg,9.881918132e-07
3086810882_94036f4475.jpg,1.203429105e-06
2510029990_7014f907cb.jpg,1.044780236e-06
3456251289_c4ae31d817.jpg,1.082472706e-06
2330062180_355ccbceb5.jpg,1.668685445e-06
2271755053_e1b1ec8442.jpg,2.389608742e-06
2861100960_457ceda7fa.jpg,1.925958713e-06
3294179574_4f67e67d6f.jpg,1.038896303e-06
181415975_2627aa6668.jpg,1.682141403e-06
394136487_4fc531b33a.jpg,1.718688576e-06
2646615552_3aeeb2473b.jpg,1.469622901e-06
424779662_568f9606d0.jpg,1.115735591e-06
3332136681_9aecf101fd.jpg,1.364419659e-06
2472896179_245e7d142f.jpg,1.270015087e-06
278002875_d011ae9dc5.jpg,9.340060639e-07
2222186636_85e03e0b75.jpg,7.863551032e-07
3691670743_0ed111bcf3.jpg,1.329039441e-06
317488612_70ac35493b.jpg,2.100138402e-06
2620113705_a8fa89b8f6.jpg,7.437574446e-07
1389323170_d1c81d6b51.jpg,1.116907556e-06
3456579559_b5c8927938.jpg,1.64617237e-06
2800004913_c8394ba332.jpg,1.918493971e-06
3009383694_e045c6169e.jpg,1.321892763e-06
3582685410_05315a15b8.jpg,1.252560332e-06
2760371526_63f3d01760.jpg,1.393682952e-06
3484841598_e26ee96aab.jpg,1.061292358e-06
424416723_19c56cb365.jpg,1.943371271e-06
2135360514_7dcb9ed796.jpg,1.775672446e-06
3470951932_27ed74eb0b.jpg,1.971206679e-06
3410215754_5d5caeffaf.jpg,1.498447537e-06
3718007650_e5930b4509.jpg,8.506448748e-07
3215108916_0473007b47.jpg,1.109854887e-06
2311690895_0d6efe11c8.jpg,1.790611496e-06
215214751_e913b6ff09.jpg,2.010415708e-06
3122888809_9ae9b4b9b2.jpg,1.346058214e-06
1936215201_d03a75cbba.jpg,1.654006922e-06
3270047169_2ed289a9af.jpg,1.568494742e-06
3060519665_4d6b9a51b2.jpg,1.501664509e-06
3090398639_68c0dfa9a5.jpg,1.148481304e-06
1580671272_3e99d94305.jpg,8.996299385e-07
241346709_23204cc2bc.jpg,2.261877271e-06
2109479807_eec8d72ca7.jpg,1.051851932e-06
2713554148_64cd465e71.jpg,1.574687485e-06
2831846986_5534425cfa.jpg,1.40063764e-06
2205328215_3ffc094cde.jpg,1.294290601e-06
2789238858_14261dd25a.jpg,1.720915395e-06
2443229844_277cded27d.jpg,2.022421148e-06
3019842612_8501c1791e.jpg,9.876278338e-07
3352199368_b35f25793e.jpg,1.297536796e-06
3082196097_2d15455b00.jpg,9.049457213e-07
322103537_184367bf88.jpg,1.342791436e-06
3498423815_5b8fc097f4.jpg,1.153080092e-06
2789350645_96a2535b4d.jpg,1.102987392e-06
3228960484_9aab98b91a.jpg,5.720084051e-07
2512683710_991c9d466d.jpg,1.785241031e-06
3687995245_624b54090d.jpg,1.828720393e-06
2299427360_422a3fb8b0.jpg,1.453384508e-06
136639119_6040b00946.jpg,9.477933387e-07
1975171469_84e425f61b.jpg,9.508305454e-07
2271667421_7b21fc23b8.jpg,1.167849568e-06
2176874361_2b4149010b.jpg,1.54481678e-06
3532587748_7e64bb223a.jpg,1.803367023e-06
3403263046_3cc701a07a.jpg,2.028108264e-06
3116731299_6139b25c18.jpg,1.153589619e-06
2165459064_5b81ff23eb.jpg,2.188191281e-06
254295381_d98fa049f4.jpg,1.302617395e-06
3368207495_1e2dbd6d3f.jpg,1.803553027e-06
2658360285_a0ec74ef48.jpg,1.189727597e-06
1426014905_da60d72957.jpg,1.973191172e-06
709373049_15b8b6457a.jpg,5.712099811e-07
1620397000_3883e3ecd3.jpg,1.678401109e-06
2708582445_5e5999b956.jpg,1.216816789e-06
1798215547_ef7ad95be8.jpg,2.326399714e-06
3143953179_1c08c023a5.jpg,1.107761131e-06
2419186511_f0ce5f9685.jpg,2.601081396e-06
55470226_52ff517151.jpg,1.592350199e-06
160585932_fa6339f248.jpg,9.465805555e-07
3126795109_73920ed5dc.jpg,1.165731109e-06
241347243_c751557497.jpg,2.063984084e-06
3530687486_6e6be53602.jpg,1.330850732e-06
439916996_1ddb9dc8e7.jpg,6.239067492e-07
2354792215_eef2bdc753.jpg,1.680060642e-06
3543378438_47e2712486.jpg,1.39988037e-06
53043785_c468d6f931.jpg,1.916838962e-06
1321949151_77b77b4617.jpg,1.220443595e-06
2526585002_10987a63f3.jpg,1.207522108e-06
3346040664_5b584e6133.jpg,1.327926576e-06
639120223_7db6bdb61f.jpg,1.235351958e-06
1084040636_97d9633581.jpg,1.971179662e-06
3553056438_4e611a7a2a.jpg,2.528177553e-06
135235570_5698072cd4.jpg,1.647954465e-06
3254640083_eb34b8edfe.jpg,2.172055124e-06
3126724531_f483e1b92a.jpg,1.423294659e-06
3609032038_005c789f64.jpg,1.113758879e-06
3053916979_848d32261b.jpg,2.134452078e-06
3205839744_24504ba179.jpg,1.454057213e-06
86412576_c53392ef80.jpg,9.936284973e-07
2472634822_7d5d2858c0.jpg,1.084145375e-06
272940778_a184dbea42.jpg,1.438419403e-06
3182161610_4d349b257f.jpg,1.62544661e-06
2661437618_ca7a15f3cb.jpg,2.504117176e-06
2598012140_832863fcb9.jpg,1.859203117e-06
3724738804_f00748a137.jpg,1.098605716e-06
3425851292_de92a072ee.jpg,1.00612327e-06
2158247955_484f0a1f11.jpg,1.658237733e-06
2873188959_ff023defa9.jpg,2.027925073e-06
3417102649_5c0b2f4b4d.jpg,1.869510159e-06
1501811302_5e723fc529.jpg,1.266310584e-06
2201978994_c444e64810.jpg,1.0476064e-06
3564157681_03a13b7112.jpg,1.553694506e-06
143688205_630813a466.jpg,1.070559295e-06
2708634088_a4686be24c.jpg,1.778373091e-06
2249264723_d08655d9f2.jpg,2.344169861e-06
3585123310_9a8e94bd2b.jpg,1.699238533e-06
3323952123_deb50b0629.jpg,1.102445271e-06
488549693_a1f51d8c4a.jpg,1.549274508e-06
3744832122_2f4febdff6.jpg,1.427777175e-06
3335997221_254366c400.jpg,2.066893051e-06
272283076_2d4aa1d5cf.jpg,1.486600253e-06
1460500597_866fa0c6f3.jpg,1.37604245e-06
3176072448_b84c99cf7f.jpg,2.249268285e-06
2902661518_1513be3ea6.jpg,1.859321237e-06
143237785_93f81b3201.jpg,1.489091751e-06
3355683198_715fb1a2ac.jpg,1.04681208e-06
411175971_0fffd3b8c6.jpg,1.963685519e-06
2213113526_beeb4f9bdc.jpg,1.181233415e-06
3276448136_0d9f5069c5.jpg,1.583021144e-06
3604928725_58147c87cd.jpg,2.035981623e-06
1273001772_1585562051.jpg,1.361197273e-06
169490297_b6ff13632a.jpg,1.348317202e-06
2346189044_546ed84aa9.jpg,1.746626744e-06
2223382277_9efa58ec45.jpg,1.305325093e-06
733172023_5810350af6.jpg,1.069045515e-06
968081289_cdba83ce2e.jpg,1.368646643e-06
3477712686_8428614c75.jpg,1.674906803e-06
3197247245_9c93b60b8a.jpg,1.024236285e-06
2541104331_a2d65cfa54.jpg,1.320068485e-06
2836553263_b1a08c25ea.jpg,1.282764189e-06
311196733_03966b4836.jpg,2.445629334e-06
3157622277_9f59b4f62f.jpg,1.573743898e-06
537359971_6e28f5e66e.jpg,1.164822912e-06
2788945468_74a9618cfa.jpg,8.752364819e-07
3005872315_e6771763bd.jpg,2.440419601e-06
2928152792_b16c73434a.jpg,1.121356973e-06
3459419203_cd7c68ce4d.jpg,1.240354388e-06
2939475047_84585ea45c.jpg,1.562800196e-06
2567812221_30fb64f5e9.jpg,1.467001809e-06
3535372414_4c51c86fc4.jpg,5.801386464e-07
3120266797_47e7d91614.jpg,1.206453806e-06
3088322308_b0c940b3a3.jpg,2.008532196e-06
416788726_5b4eb1466e.jpg,9.687027328e-07
2578289278_01516d23a0.jpg,1.204735537e-06
70995350_75d0698839.jpg,1.948358661e-06
1191338263_a4fa073154.jpg,1.14860365e-06
3522749949_fb615cee47.jpg,1.448634724e-06
3151365121_e2a685a666.jpg,1.651351778e-06
1523800748_a59e980eee.jpg,1.905026391e-06
3713324467_104d72f7db.jpg,8.65497634e-07
2333584535_1eaf9baf3e.jpg,1.440472169e-06
3627679667_0e3de9fc90.jpg,2.359811283e-06
2765747519_2b851e01d6.jpg,1.889830515e-06
1539166395_0cdc0accee.jpg,1.682517124e-06
3335773346_ac0d97efeb.jpg,9.829795025e-07
2894576909_99c85fd7a7.jpg,1.509556372e-06
3220161734_77f42734b9.jpg,1.405688284e-06
2987775031_3f9ac69319.jpg,1.278881189e-06
2490687446_9d46fdf5a9.jpg,1.531570877e-06
3512127856_18a4c7aace.jpg,2.084748726e-06
2935703360_4f794f7f09.jpg,9.063050703e-07
384465370_9918873f9a.jpg,1.4814347e-06
3360994630_d4616c1b14.jpg,1.730826299e-06
345284642_77dded0907.jpg,1.405725458e-06
2410040397_1a161a1146.jpg,1.445028864e-06
874665322_9ad05c4065.jpg,9.951186849e-07
3474330484_a01d8af624.jpg,1.898330073e-06
2418191216_82711d5c5c.jpg,1.983035599e-06
2460134050_06de9f5c4a.jpg,1.312480414e-06
111537222_07e56d5a30.jpg,1.630065893e-06
295433203_8185c13e08.jpg,1.142914666e-06
241347460_81d5d62bf6.jpg,2.27313183e-06
3549583146_3e8bb2f7e9.jpg,1.758314637e-06
251586160_a31b187a37.jpg,1.297683487e-06
3194134352_bc1b2a25d7.jpg,1.982526326e-06
3155657768_b83a7831e5.jpg,1.364322325e-06
2522467011_cc825d89ac.jpg,9.422526903e-07
759015118_4bd3617e60.jpg,2.012636566e-06
802594049_289e3c8420.jpg,1.658039636e-06
3133044777_8cc930a4ec.jpg,1.019689078e-06
2532262109_87429a2cae.jpg,1.2823684e-06
2315807231_6948b3f3a5.jpg,1.932967511e-06
1028205764_7e8df9a2ea.jpg,1.406140904e-06
498748832_941faaaf40.jpg,1.591491212e-06
3326376344_3306bf439e.jpg,1.403838214e-06
2600170955_bf30c5d5c0.jpg,1.31914492e-06
506738508_327efdf9c3.jpg,1.541683164e-06
3725353555_75c346d7ec.jpg,1.379601496e-06
3529211822_1dabdb3a9c.jpg,1.789038196e-06
3217909454_7baa0edbb2.jpg,1.748366465e-06
3523471597_87e0bf3b21.jpg,1.176013873e-06
3374759363_d6f7a0df41.jpg,1.408582414e-06
2555638166_2f0847d57d.jpg,1.370710014e-06
2813033949_e19fa08805.jpg,1.960778375e-06
3713133789_f05e8daffd.jpg,6.565588762e-07
3227594168_3351722aae.jpg,1.244236859e-06
3535284878_f90f10236e.jpg,1.545135373e-06
2986716822_e220754d32.jpg,1.747346807e-06
3547647914_4dd56a8c1b.jpg,1.260080521e-06
2822148499_eaa46c99d4.jpg,2.056406002e-06
3107463441_7c68606450.jpg,9.421568866e-07
2286235203_af3cd8f243.jpg,1.983077188e-06
2265367960_7928c5642f.jpg,1.729344357e-06
3394654132_9a8659605c.jpg,1.735158449e-06
2896668718_0c3cff910f.jpg,1.182184498e-06
3223224391_be50bf4f43.jpg,1.900156945e-06
2260369648_e21ae6494a.jpg,1.196317871e-06
2918769188_565dd48060.jpg,2.022526641e-06
2673564214_3a9598804f.jpg,1.00143695e-06
308307853_5a51fbdecc.jpg,2.246819004e-06
3561433412_3985208d53.jpg,1.72279429e-06
2623982903_58ec7c5026.jpg,1.527274163e-06
241347689_d0b1ac297d.jpg,2.257608448e-06
1351315701_6580b51c41.jpg,1.636257041e-06
3134341610_3c55e373a7.jpg,1.143271355e-06
2218609886_892dcd6915.jpg,2.414152505e-06
2503629305_055e9ec4b1.jpg,2.57066964e-06
456299217_b2802efbc2.jpg,1.069604458e-06
3315323307_bd148a8964.jpg,8.574996659e-07
3068735836_872fba3068.jpg,1.376943679e-06
3431487300_0123195f9b.jpg,1.583059338e-06
3582048078_7bac2d8473.jpg,1.773174148e-06
2198494923_8159551be4.jpg,1.733721278e-06
3065468339_4955e90fd3.jpg,7.244790158e-07
3647750811_395fbd397e.jpg,2.404472906e-06
3544793763_b38546a5e8.jpg,1.024746405e-06
365128300_6966058139.jpg,1.18429835e-06
3561130207_d1ed166daa.jpg,1.887022111e-06
1348891916_ebd4413033.jpg,1.751414185e-06
395461421_c586b136de.jpg,2.582239074e-06
3187364311_4c2a87083b.jpg,1.103513876e-06
57422853_b5f6366081.jpg,1.379124375e-06
3139118874_599b30b116.jpg,8.637112056e-07
3474999131_788cbf253f.jpg,1.471316873e-06
3496983524_b21ecdb0c7.jpg,1.704213e-06
2679926555_b11cf45595.jpg,1.730960084e-06
3344948183_5b89379585.jpg,2.064091225e-06
3155279929_d1cddbe7cf.jpg,1.357114444e-06
2756765580_9e57e10f0d.jpg,7.52056448e-07
3174156702_95a1cda2d9.jpg,7.79637619e-07
3477715432_79d82487bb.jpg,1.487791886e-06
2178306830_6af49375b4.jpg,1.637390167e-06
2107837987_ffecfc367a.jpg,8.962591351e-07
3667822570_d39850e217.jpg,1.027702869e-06
762947607_2001ee4c72.jpg,1.087626737e-06
325005410_e1ff5041b5.jpg,1.564223966e-06
2086532897_b8714f2237.jpg,2.194858865e-06
3386375153_20c56d0aae.jpg,1.577404734e-06
458213442_12c59e61a0.jpg,2.035104591e-06
2280354512_c0d035d53f.jpg,1.802883887e-06
109671650_f7bbc297fa.jpg,1.113985489e-06
468141298_3154d717e1.jpg,1.051480423e-06
2053733930_e245615ad4.jpg,1.459527055e-06
2452238877_2340609c6e.jpg,2.169315411e-06
3568197730_a071d7595b.jpg,7.722824741e-07
2573625591_70291c894a.jpg,1.059135286e-06
3673032164_6c6843de87.jpg,1.80785613e-06
2910758605_73a3f5a5c2.jpg,1.041879857e-06
1022975728_75515238d8.jpg,2.133593838e-06
2222498879_9e82a100ab.jpg,1.156668525e-06
2319087586_919472310f.jpg,1.957117834e-06
3406802138_ef77bbddd0.jpg,1.263570248e-06
3402081035_a54cfab1d9.jpg,1.569215884e-06
3279228339_71deaa3d9b.jpg,1.278660724e-06
2920969723_83918fe909.jpg,1.061323478e-06
3171451305_f87b9e09ee.jpg,1.56059324e-06
2909955251_4b326a46a7.jpg,1.328597214e-06
1413956047_c826f90c8b.jpg,1.758224243e-06
3016651969_746bd36e68.jpg,1.127069558e-06
2594042571_2e4666507e.jpg,1.464616958e-06
2866529477_7e0c053ebc.jpg,1.502475602e-06
2947452329_08f2d2a467.jpg,1.9766458e-06
3478176372_7c510a0cef.jpg,9.901044702e-07
3454754632_977c1523be.jpg,1.395618845e-06
3405720825_b6991005eb.jpg,1.369255638e-06
2831314869_5025300133.jpg,9.906153458e-07
2624457062_89efc497a8.jpg,9.117677722e-07
57417274_d55d34e93e.jpg,9.934944705e-07
3273969811_42e9fa8f63.jpg,1.499000257e-06
2771424045_1fdf9617eb.jpg,1.775161425e-06
2086678529_b3301c2d71.jpg,1.760925625e-06
3589367895_5d3729e3ea.jpg,9.338914933e-07
3698944019_825ef54f2f.jpg,1.764121373e-06
3396036947_0af6c3aab7.jpg,2.087046e-06
2254913901_569f568926.jpg,1.68478628e-06
463875230_f19e83d6df.jpg,1.065466925e-06
3099504809_565e17e49d.jpg,1.4525911e-06
2856923934_6eb8832c9a.jpg,2.04663681e-06
3016759846_062663f8ab.jpg,1.402819844e-06
3527715826_ea5b4e8de4.jpg,1.137132997e-06
247691240_3881777ab8.jpg,1.600520898e-06
2542662402_d781dd7f7c.jpg,2.263739755e-06
2861932486_52befd8592.jpg,1.147318202e-06
2429978680_1e18a13835.jpg,1.698858877e-06
2972864304_481aeffe50.jpg,7.525958323e-07
661755629_602ea4cf09.jpg,1.372248707e-06
1778020185_1d44c04dae.jpg,1.621713478e-06
3716244806_97d5a1fb61.jpg,8.5529587e-07
3526805681_38461c0d5d.jpg,1.280878731e-06
566921157_07c18a41e2.jpg,1.148326971e-06
2761599088_8b39cc5f41.jpg,2.385616093e-06
352981175_16ff5c07e4.jpg,1.508318403e-06
3518126579_e70e0cbb2b.jpg,1.669794874e-06
2504764590_cf017c2a6e.jpg,1.490706865e-06
3632572264_577703b384.jpg,1.175063422e-06
380537190_11d6c0a412.jpg,1.180010702e-06
3372022051_132b8e6233.jpg,2.007491788e-06
533979933_a95b03323b.jpg,2.003141407e-06
2708686056_1b8f356264.jpg,1.888591211e-06
3410902181_b2a3c6eec9.jpg,1.357976286e-06
3286198467_8880be127e.jpg,1.919210974e-06
3528966521_2e871ff6a1.jpg,1.463584696e-06
2886533440_dfa832f2fa.jpg,2.281062032e-06
3154709407_9b0778cbeb.jpg,1.450829878e-06
2257798999_d9d1b9a45a.jpg,1.060209618e-06
3378553508_e37e281d25.jpg,1.517453592e-06
3144705706_391d7b77c7.jpg,6.713334248e-07
3363836972_c87b58c948.jpg,1.920675807e-06
1258913059_07c613f7ff.jpg,1.509042738e-06
2244171992_a4beb04d8e.jpg,9.079436134e-07
3262475923_f1f77fcd9f.jpg,8.003979132e-07
3242919570_39a05aa2ee.jpg,1.629566104e-06
1042020065_fb3d3ba5ba.jpg,1.551488506e-06
2978271431_f6a7f19825.jpg,2.033670137e-06
3430607596_7e4f74e3ff.jpg,1.62658695e-06
1501985304_8c50093004.jpg,1.752534202e-06
3287969199_08e775d896.jpg,1.520555564e-06
3545652636_0746537307.jpg,1.266374516e-06
1295669416_21cabf594d.jpg,1.119644328e-06
2992614450_b5a6692239.jpg,1.653446182e-06
3683644335_b70bed1d83.jpg,2.442950248e-06
3330007895_78303e8a40.jpg,2.2493431e-06
537230454_1f09199476.jpg,1.385954509e-06
3386060324_b98fdfa449.jpg,1.262531644e-06
754852108_72f80d421f.jpg,1.753428481e-06
3482974845_db4f16befa.jpg,2.335947431e-06
3175434849_859f09fe07.jpg,1.242187423e-06
2786245676_0a69543832.jpg,1.245976259e-06
2256320794_0286c31bfa.jpg,1.912685944e-06
3545793128_af3af544dc.jpg,1.001136099e-06
2899276965_a20b839cfd.jpg,1.360049329e-06
3122497129_d08f5729b8.jpg,1.857676017e-06
2591486448_48d5438343.jpg,1.31641661e-06
3163281186_e2f43dfb5f.jpg,1.341930549e-06
341665272_80d4d61376.jpg,1.555970273e-06
3517040752_debec03376.jpg,1.087842058e-06
3210419174_d083a16f77.jpg,1.697051177e-06
719837187_3e7bf1d472.jpg,1.634518124e-06
2734219983_fe86a60bf9.jpg,1.864296863e-06
327621377_0bc3b7fd26.jpg,1.177044173e-06
2046222127_a6f300e202.jpg,2.161216819e-06
2616508003_fa5ca5780d.jpg,1.613474259e-06
241347150_5ff37818c2.jpg,1.951638674e-06
1662261486_db967930de.jpg,1.550710925e-06
256292144_b53aadae27.jpg,2.07855527e-06
3267644370_f2728d6c7a.jpg,2.045288417e-06
3568505408_4e30def669.jpg,1.181044914e-06
90011335_cfdf9674c2.jpg,1.612826539e-06
3296715418_29542dcdc2.jpg,1.574812932e-06
381052465_722e00807b.jpg,1.107231594e-06
2652155912_8ba5426790.jpg,1.323657336e-06
3186863842_5832573c5e.jpg,1.719877419e-06
236730743_0d4fd8de5a.jpg,1.603406148e-06
3168123064_d1983b8f92.jpg,1.548059756e-06
3187492926_8aa85f80c6.jpg,2.257281817e-06
3688005475_d200165cf7.jpg,2.120209285e-06
3577309234_c952c2af86.jpg,1.574299057e-06
2930514856_784f17064a.jpg,1.670642614e-06
232193739_ed5f348c7a.jpg,1.459807869e-06
3257277774_aba333a94c.jpg,2.190065948e-06
3759492488_592cd78ed1.jpg,1.169925477e-06
2110898123_07729c1461.jpg,2.134611871e-06
397815951_3b02090324.jpg,1.819850766e-06
3057862887_135c61816a.jpg,1.141837492e-06
2847615962_c330bded6e.jpg,1.9607147e-06
1309330801_aeeb23f1ee.jpg,1.331909287e-06
2294516804_11e255807a.jpg,2.023496367e-06
513269597_c38308feaf.jpg,1.154164211e-06
3307978046_92fef4dfa9.jpg,1.084078946e-06
2405599120_ec5f32af6f.jpg,1.647720567e-06
3243588540_b418ac7eda.jpg,1.137565651e-06
3320680380_b0d38b3b4a.jpg,1.471939807e-06
3204922011_185e48949a.jpg,2.315384276e-06
3123463486_f5b36a3624.jpg,1.417725165e-06
2752230113_b5dab6f0f1.jpg,1.19582845e-06
3292277400_f95cdd13d1.jpg,1.077061497e-06
506478284_7cf8bdbe36.jpg,1.670972534e-06
1982852140_56425fa7a2.jpg,1.615515202e-06
1429814475_0b592b9995.jpg,1.344777618e-06
2339946012_06bd480ab8.jpg,1.29861878e-06
1131800850_89c7ffd477.jpg,1.577410086e-06
3425685827_03683e8e5a.jpg,7.263824987e-07
2021613437_d99731f986.jpg,1.872724843e-06
116409198_0fe0c94f3b.jpg,1.72762731e-06
3207264553_8cd4dcde53.jpg,1.33280412e-06
3165750962_e2e3843679.jpg,1.167492833e-06
2984704498_29b53df5df.jpg,1.123443452e-06
2858759108_6e697c5f3e.jpg,1.793452734e-06
3185695861_86152b2755.jpg,8.672466425e-07
245252561_4f20f1c89e.jpg,2.338204107e-06
3034585889_388d6ffcc0.jpg,1.559405712e-06
3565654691_22b97d3994.jpg,1.305451248e-06
2187503678_fd743e0a00.jpg,1.671301929e-06
2420730259_86e7f8a815.jpg,1.892327881e-06
441398149_297146e38d.jpg,1.078198343e-06
524698457_77ba13840a.jpg,1.414726828e-06
3417143124_6feb8290cc.jpg,1.285107836e-06
2098646162_e3b3bbf14c.jpg,1.47921543e-06
2687672606_275169c35d.jpg,1.429431492e-06
3087095548_6df7c2a8ed.jpg,1.040924977e-06
3527590601_38d56abc29.jpg,2.00993384e-06
1470132731_fa416b7504.jpg,1.273878878e-06
3271084924_4778d556cc.jpg,1.369818396e-06
504765160_b4b083b293.jpg,1.424565232e-06
2800758232_d7fa598065.jpg,2.496706002e-06
3459362347_c412ef9901.jpg,1.769089853e-06
3198247669_7493af04a7.jpg,1.35164792e-06
2694426634_118566f7ab.jpg,1.860967371e-06
2873522522_829ea62491.jpg,1.194474905e-06
300539993_eede2d6695.jpg,1.404111751e-06
3411595210_8e0893b266.jpg,1.089772974e-06
3049770416_0fb1954315.jpg,1.469028907e-06
3419916411_72934edcdb.jpg,8.252728898e-07
3470008804_0ca36a7a09.jpg,1.664379683e-06
150582765_bad8dec237.jpg,8.947626592e-07
252578659_9e404b6430.jpg,1.78386806e-06
2363006088_b3e3aa5c0b.jpg,1.02810696e-06
2710698257_2e4ca8dd44.jpg,1.3556705e-06
451597318_4f370b1339.jpg,8.712443066e-07
3560891822_7d4c1e3580.jpg,1.437393901e-06
3572267708_9d8a81d4a4.jpg,8.949901157e-07
2439154641_bbf985aa57.jpg,2.279377841e-06
2660008870_b672a4c76a.jpg,2.102444168e-06
314904143_5a216a192b.jpg,1.122076817e-06
2225241766_f1e7132e3e.jpg,9.712474587e-07
95728664_06c43b90f1.jpg,1.636339908e-06
2246717855_c0c08fe5d2.jpg,1.766074649e-06
224766705_b77996527f.jpg,9.655602403e-07
3601978895_9fec23ce0c.jpg,1.176510341e-06
495054019_3dee8a02f5.jpg,1.303103056e-06
2053777548_108e54c826.jpg,1.432520238e-06
354642192_3b7666a2dd.jpg,9.243877078e-07
1584315962_5b0b45d02d.jpg,1.768012739e-06
1597319381_1e80d9e39c.jpg,1.798449101e-06
2909875716_25c8652614.jpg,1.051885329e-06
2744690159_fe2c89e55b.jpg,9.095225805e-07
129599450_cab4e77343.jpg,9.292595312e-07
3258874419_23fec1bdc1.jpg,1.860955404e-06
2500826039_165e75b20c.jpg,1.303066729e-06
538825260_a4a8784b75.jpg,1.286408523e-06
3232030272_b2480a5fe7.jpg,2.048100084e-06
403523132_73b9a1a4b3.jpg,1.210395767e-06
23445819_3a458716c1.jpg,2.000499043e-06
3701509233_a2275a4e57.jpg,1.368262793e-06
2719102611_fef453bf30.jpg,1.400860696e-06
255091927_2eb643beb2.jpg,1.191073377e-06
3426724811_137855b4f7.jpg,1.476126027e-06
3373069977_bc73e9e409.jpg,1.619334903e-06
3534512991_f9fd66f165.jpg,2.045852384e-06
3387630781_f421a94d9d.jpg,1.979522976e-06
3389448506_7025e7cc12.jpg,1.363251155e-06
2907244809_07ab2c6b6c.jpg,1.78911049e-06
3427301653_4ff0d6fd93.jpg,1.843933902e-06
2073174497_18b779999c.jpg,1.267966661e-06
2136455112_202c093ba4.jpg,1.803768651e-06
3672944692_8d24a44fc6.jpg,1.123252595e-06
1255504166_f2437febcb.jpg,1.428815597e-06
236095031_5cb17dc54a.jpg,1.755943871e-06
3606942887_1159d92548.jpg,1.405790863e-06
3696698390_989f1488e7.jpg,6.025192254e-07
427936315_0b8f7b8d23.jpg,1.788352571e-06
2472250097_a3191a94b3.jpg,2.011579384e-06
2665904080_8a3b9639d5.jpg,2.076846197e-06
3259160693_067ec7ebc3.jpg,1.284750289e-06
3222496967_45d468ee66.jpg,1.716185587e-06
2789688929_9424fceed1.jpg,7.374210593e-07
1962729184_6996e128e7.jpg,1.258892057e-06
343073813_df822aceac.jpg,1.209281123e-06
3086790344_9487c58624.jpg,1.562297341e-06
2710563762_06d48329d7.jpg,1.176956444e-06
2271264741_aa8f73f87c.jpg,8.705296489e-07
3283913180_7d4e43602d.jpg,1.075594041e-06
3535304540_0247e8cf8c.jpg,2.316603358e-06
2949337912_beba55698b.jpg,4.0474615e-06
2855594918_1d1e6a6061.jpg,1.984090608e-06
3477672764_7f07657a26.jpg,1.598680984e-06
3704995657_e2e114083d.jpg,1.379984479e-06
2095435987_1b7591d214.jpg,1.490074068e-06
3401039304_424ffc7dbf.jpg,1.561997109e-06
2729655904_1dd01922fb.jpg,1.172809775e-06
2515247156_c1b759fc33.jpg,1.326589365e-06
3671950830_b570bac1b9.jpg,1.866657828e-06
3421129418_088af794f7.jpg,2.236568919e-06
3403797144_53e49412ec.jpg,1.470467732e-06
3223973114_6c15538ce9.jpg,1.565729921e-06
2812590023_50182bc417.jpg,1.92595123e-06
2445442929_8c81d42460.jpg,1.409892419e-06
2204695848_3d1b140212.jpg,1.452940547e-06
3724581378_41049da264.jpg,1.815396439e-06
3458577912_67db47209d.jpg,1.744145603e-06
3384528359_e920154177.jpg,1.495036822e-06
1463732130_a754441289.jpg,5.174976414e-07
2775249812_f4db95e818.jpg,1.706442898e-06
3216926094_bc975e84b9.jpg,2.417102984e-06
3211289105_e0360a9c7f.jpg,1.445717026e-06
2265096094_8cc34d669c.jpg,1.215714876e-06
3217266166_4e0091860b.jpg,1.15621065e-06
469021173_aa31c07108.jpg,8.234812142e-07
2707873672_15e6b5d54b.jpg,8.187183199e-07
2148991939_3b9fd6c439.jpg,1.220929779e-06
3638908276_b1751d30ff.jpg,9.239941462e-07
3610687607_895fdc94bd.jpg,1.563263968e-06
696663662_232edd58af.jpg,1.911695837e-06
3030824089_e5a840265e.jpg,1.581017925e-06
2707969386_94dde00ce4.jpg,1.596945619e-06
3643684688_2f7157b23d.jpg,1.11232339e-06
3286111436_891ae7dab9.jpg,1.131315932e-06
2991994415_504d1c0a03.jpg,1.226177987e-06
2921112724_5cb85d7413.jpg,1.014138849e-06
248646530_03c6284759.jpg,1.65974228e-06
2017276266_566656c59d.jpg,9.979538824e-07
501650847_b0beba926c.jpg,1.478594869e-06
138718600_f430ebca17.jpg,9.677054127e-07
3240351042_5d29c94b0e.jpg,1.326003718e-06
3286406057_a1668655af.jpg,1.334945251e-06
241347611_cb265be138.jpg,2.398496632e-06
3563871276_c8b2a00df5.jpg,1.125936495e-06
3399312265_9c74378692.jpg,1.757833204e-06
2291511815_ac083fddbd.jpg,2.022973943e-06
582788646_dc40748639.jpg,1.599039176e-06
1352398363_9cc8ffcce9.jpg,1.850051849e-06
3394750987_a32ecc477e.jpg,3.671639972e-07
2863027424_9c75105660.jpg,9.27906227e-07
2247889670_413db8094b.jpg,1.379240418e-06
3046286572_d2050ab0d9.jpg,9.836579242e-07
3730457171_e66dde8c91.jpg,1.297645157e-06
386160015_d4b31df68e.jpg,1.29949253e-06
422756764_e7eaac76bf.jpg,2.233749324e-06
339350939_6643bfb270.jpg,2.082479367e-06
2281006675_fde04e93dd.jpg,1.743317293e-06
3081182021_22cfa18dd4.jpg,1.336752104e-06
2822891602_ff61df2ece.jpg,1.378441721e-06
3277162496_dff7eeb59e.jpg,9.528212062e-07
1389651420_8d95d8f6ed.jpg,1.308745317e-06
2205088706_d7e633e00d.jpg,1.257699878e-06
2637959357_dd64a03efa.jpg,1.629262675e-06
3404012438_9baf8dcbaf.jpg,1.391939191e-06
1998457059_c9ac9a1e1a.jpg,1.470068926e-06
2864340145_d28b842faf.jpg,1.799676039e-06
3385246141_a263d1053e.jpg,9.272008655e-07
2396100671_3a9d67f03d.jpg,1.865017837e-06
2374570771_c395fc224a.jpg,1.733544472e-06
3662871327_b128d25f04.jpg,1.704555433e-06
1952896009_cee8147c90.jpg,1.675309065e-06
2537583012_4a358a6a8a.jpg,1.210767727e-06
3131990048_369b081021.jpg,1.219914652e-06
514431934_9cf78f05a9.jpg,8.720514768e-07
340425915_490293058f.jpg,1.780422486e-06
3179952488_c1c812a03b.jpg,1.17979851e-06
2654943319_d17fee7800.jpg,1.404337633e-06
2534424894_ccd091fcb5.jpg,1.133626658e-06
2621771656_09a620da6d.jpg,1.160055745e-06
223299142_521aedf9e7.jpg,1.608741917e-06
3225058391_a12d38d911.jpg,1.518690764e-06
3188036349_8e4e2d6ca8.jpg,1.322641226e-06
2484190118_e89363c465.jpg,1.635930589e-06
512101751_05a6d93e19.jpg,1.684083144e-06
1356543628_c13ebe38fb.jpg,1.31953882e-06
207930963_af3a2f1784.jpg,1.423847166e-06
3265162450_5b4e3c5f1b.jpg,1.404387909e-06
1234817607_924893f6e1.jpg,1.990804681e-06
3362871440_6c0f27c480.jpg,1.315674026e-06
3396043950_12783c5147.jpg,1.645386732e-06
2636876892_9353521a1c.jpg,8.492194429e-07
460935487_75b2da7854.jpg,1.175225391e-06
636503038_17ca82b50f.jpg,1.93889491e-06
3634281981_d9cf1d1a33.jpg,1.360094422e-06
2873065944_29c01782e2.jpg,1.408987806e-06
492493570_c27237a396.jpg,1.619658992e-06
3438981089_2ef1a6353c.jpg,1.901706737e-06
3666324102_18ecdf8253.jpg,1.364068096e-06
3029463004_c2d2c8f404.jpg,1.859597593e-06
2976946039_fb9147908d.jpg,2.339730037e-06
3178300150_d4605ff02c.jpg,1.323073432e-06
1514957266_a19827c538.jpg,9.872836872e-07
3413973568_6630e5cdac.jpg,1.81129269e-06
3185409663_95f6b958d8.jpg,2.210670177e-06
498404951_527adba7b8.jpg,2.112516206e-06
359837950_9e22ffe6c2.jpg,9.408908021e-07
3535056297_e16f014cb7.jpg,1.562793169e-06
3242718240_3358f2d6e6.jpg,1.246120807e-06
3500399969_f54ce5848f.jpg,1.412231426e-06
2552723989_7bc93e0f7b.jpg,1.326281866e-06
2824004868_1fc0a81173.jpg,1.311997115e-06
3094568845_d0b56c5651.jpg,1.313104896e-06
3035949542_cb249790f5.jpg,1.342765303e-06
299572828_4b38b80d16.jpg,1.230564917e-06
3552435734_04da83b905.jpg,1.942943448e-06
2089542487_b4c1ee7025.jpg,1.006698702e-06
1390268323_2c8204e91c.jpg,1.750310142e-06
3684518763_f3490b647a.jpg,1.269883002e-06
2279980395_989d48ae72.jpg,1.949601856e-06
2130203183_49bae96b96.jpg,2.103029348e-06
618292739_0fdc2ccab0.jpg,1.047341996e-06
3721881082_afe9fc734e.jpg,1.226093307e-06
3333921867_6cc7d7c73d.jpg,1.281189554e-06
3589267801_5a222e3a60.jpg,1.200598239e-06
3527184455_1a9c074ff2.jpg,1.17728371e-06
3480379024_545e8ec818.jpg,1.681702758e-06
2693425189_47740c22ed.jpg,1.255408529e-06
322791392_aa3b142f43.jpg,1.790041885e-06
136644885_f7d2bbf546.jpg,1.121453642e-06
390992388_d74daee638.jpg,1.21726136e-06
639865690_d66d480879.jpg,1.704259537e-06
2971478694_79e46ea7e5.jpg,1.096843909e-06
2244551043_21b8cca866.jpg,1.559703544e-06
2998504949_1022fec53b.jpg,1.185933152e-06
1247181182_35cabd76f3.jpg,1.075633823e-06
2356664078_4b1e6e465d.jpg,8.400743557e-07
1368338041_6b4077ca98.jpg,1.948838925e-06
783994497_4f6885454d.jpg,1.17051215e-06
3261666285_86fceb762d.jpg,2.202301e-06
3484832904_08619300d9.jpg,8.370780059e-07
2229509318_be3fef006b.jpg,1.564349188e-06
1229756013_94663527d7.jpg,1.33649422e-06
2448270671_5e0e391a80.jpg,1.829665863e-06
3415113018_7b95ddcd11.jpg,1.505924632e-06
448590900_db83c42006.jpg,1.33587608e-06
228949397_9e63bfa775.jpg,7.838821119e-07
3561537309_e271d57492.jpg,1.632429365e-06
3475005101_6f6e437459.jpg,1.278282294e-06
753578547_912d2b4048.jpg,1.08375966e-06
3429194423_98e911a101.jpg,1.227732558e-06
3529721084_4b405baf54.jpg,8.267734519e-07
694496803_f2a05869cf.jpg,9.539969089e-07
3228517564_74b00a923b.jpg,1.299958519e-06
2218843713_cf28ea319e.jpg,1.430426116e-06
2782433864_5a0c311d87.jpg,1.555390998e-06
2218519240_cac5aab53c.jpg,1.204432053e-06
3266261886_36e1323d2f.jpg,1.864547142e-06
2354829523_9542fc74ba.jpg,2.19752143e-06
3650986674_3e101c606b.jpg,1.134939311e-06
501684722_0f20c4e704.jpg,1.511108744e-06
3282634762_2650d0088a.jpg,1.611936303e-06
3279025792_23bfd21bcc.jpg,1.256144211e-06
3351586010_7ffaa90ea8.jpg,1.650334542e-06
3562302012_0cbcd01ff9.jpg,1.335914171e-06
3255620561_7644747791.jpg,9.21069434e-07
3341782693_426bf7139b.jpg,1.747055194e-06
2084217208_7bd9bc85e5.jpg,2.144802954e-06
3159447439_c1496cbaea.jpg,1.837047843e-06
2275372714_017c269742.jpg,1.234490464e-06
367673290_f8799f3a85.jpg,8.555623306e-07
566397227_a469e9e415.jpg,1.146755294e-06
428483413_b9370baf72.jpg,5.94612607e-07
708860480_1a956ae0f7.jpg,1.88980245e-06
3423225860_16e26eef74.jpg,1.14026753e-06
2578395598_6982734d46.jpg,2.007535626e-06
2045109977_b00ec93491.jpg,1.743042771e-06
3512791890_eb065b460a.jpg,1.794780398e-06
3564742915_5f940b95b4.jpg,1.047430958e-06
3364258732_9942c557e5.jpg,1.408188666e-06
222878446_32c6fc4bc9.jpg,1.352657882e-06
2992808092_5f677085b7.jpg,1.245323068e-06
1237985362_dbafc59280.jpg,1.876254718e-06
3169276423_6918dd4da1.jpg,1.649832327e-06
3680218298_582e6a2289.jpg,2.003886586e-06
521186251_e97d1f50f8.jpg,1.099214082e-06
2701603045_6cbdc4ce7c.jpg,1.173841597e-06
3173215794_6bdd1f72d4.jpg,1.508181831e-06
2853743795_e90ebc669d.jpg,1.496894756e-06
2607462776_78e639d891.jpg,7.273610785e-07
2157173498_2eea42ee38.jpg,1.64261627e-06
3638688673_176f99d7fd.jpg,6.851168915e-07
3008370541_ce29ce49f0.jpg,1.899301554e-06
2217728745_92b6779016.jpg,1.080048621e-06
369360998_ba56fb436f.jpg,1.260073934e-06
2882056260_4399dd4d7c.jpg,1.23057303e-06
1370773415_967b1ffde1.jpg,1.086898985e-06
693164706_9624582e69.jpg,1.530647257e-06
3449846784_278bc1ba92.jpg,1.210890809e-06
3658427967_6e2e57458d.jpg,2.012452193e-06
3428038648_993a453f9e.jpg,5.579751114e-07
1579198375_84b18e003a.jpg,1.443735369e-06
2844747252_64567cf14a.jpg,3.394590506e-06
2838619742_eed855d8a8.jpg,1.179877031e-06
3741462565_cc35966b7a.jpg,2.203292299e-06
3350671534_2a5d45a961.jpg,1.843027146e-06
3584561689_b6eb24dd70.jpg,1.652243783e-06
2654514044_a70a6e2c21.jpg,1.457384862e-06
2526041608_a9775ab8d7.jpg,1.130841102e-06
3677514746_26f5588150.jpg,9.098883396e-07
3122606953_a979dd3d33.jpg,2.097545531e-06
2839890871_4b7c7dbd96.jpg,1.303605425e-06
107582366_d86f2d3347.jpg,1.116872176e-06
2977379863_2e8d7a104e.jpg,1.377721779e-06
170100272_d820db2199.jpg,6.762031873e-07
3165123595_8db9f918bf.jpg,1.316837075e-06
1937262236_cbf5bfa101.jpg,2.067263836e-06
3429351964_531de1bf16.jpg,1.081225514e-06
3103340819_46de7954a9.jpg,1.54344384e-06
3612484827_0e479f9ee8.jpg,1.859863511e-06
2435685480_a79d42e564.jpg,1.39003917e-06
862156271_3eacea90a8.jpg,1.815068734e-06
3229442620_fd47d01b59.jpg,3.468951635e-06
3511062827_cd87871c67.jpg,2.318114305e-06
2807177340_bc85291df5.jpg,1.111025339e-06
3477681171_b1bb8b211d.jpg,2.167419013e-06
2724485630_7d2452df00.jpg,1.531714688e-06
2597873827_a5cb3e57ba.jpg,1.927511015e-06
3564907603_14ccc655f1.jpg,1.77972224e-06
3517023411_a8fbd15230.jpg,7.831134137e-07
2833431496_09d999db4d.jpg,1.367215492e-06
3109688427_d2e702456c.jpg,9.394531558e-07
3099923914_fd450f6d51.jpg,1.143277818e-06
93922153_8d831f7f01.jpg,1.479838007e-06
2577972703_a22c5f2a87.jpg,9.814978693e-07
2505360288_c972bd29c4.jpg,9.18079634e-07
2085078076_b9db242d21.jpg,1.89755643e-06
3254817653_632e840423.jpg,1.090303523e-06
2607099736_8681f601d9.jpg,1.294798899e-06
3017220118_6a9212dfdb.jpg,1.384282117e-06
3537920947_6c5a956f47.jpg,1.026331276e-06
1463732807_0cdf4f22c7.jpg,1.217030239e-06
2913207978_9e9624e249.jpg,2.220145683e-06
2596474836_79468f23a0.jpg,1.10638949e-06
3329254388_27017bab30.jpg,1.763561207e-06
3498240367_cbd8c6efbf.jpg,1.426537612e-06
3630102841_b4c3e00b2c.jpg,2.324320662e-06
3349968447_b5d4a477b2.jpg,2.224134812e-06
2266061169_dfbf8f0595.jpg,1.302542266e-06
2363419943_717e6b119d.jpg,1.42606527e-06
241346352_c5a0ea43c6.jpg,2.068189774e-06
2890113532_ab2003d74e.jpg,1.132880324e-06
3450776690_38605c667d.jpg,2.26841775e-06
3515358125_9e1d796244.jpg,1.365647446e-06
1299459550_1fd5594fa2.jpg,1.70667866e-06
268365231_a0acecdc45.jpg,6.179486453e-07
481887827_f8975dabf1.jpg,1.217269969e-06
537559285_29be110134.jpg,1.480438267e-06
190965502_0b9ed331d9.jpg,9.522698288e-07
3642220260_3aa8a52670.jpg,1.135360015e-06
1786425974_c7c5ad6aa1.jpg,1.298519356e-06
448257345_ce149c2ea6.jpg,1.689164313e-06
3681575323_433d007650.jpg,1.686978605e-06
1417882092_c94c251eb3.jpg,1.852660659e-06
487071033_27e460a1b9.jpg,8.065274031e-07
2555622234_3e531e4014.jpg,1.73429542e-06
130211457_be3f6b335d.jpg,1.185865953e-06
278105206_df987b0ca0.jpg,1.743814878e-06
2745441424_5659f6acc8.jpg,1.908141342e-06
3501313414_ae865b6fdf.jpg,9.620138286e-07
3557316485_574a5f7a89.jpg,1.946643645e-06
246041128_bedb09ed74.jpg,2.126178884e-06
3618908551_7fd2de5710.jpg,1.692726332e-06
2647049174_0fb47cee2e.jpg,2.231464505e-06
2056930414_d2b0f1395a.jpg,1.629895238e-06
2354540393_a149722680.jpg,2.048102239e-06
211277478_7d43aaee09.jpg,7.777282248e-07
539801139_7258ee437f.jpg,1.498430481e-06
2292406847_f366350600.jpg,1.369424474e-06
210625425_fb1ef5d23b.jpg,1.005776257e-06
1576185717_f841ddc3da.jpg,1.174796054e-06
3431121650_056db85987.jpg,6.984267864e-07
1809796012_a2dac6c26b.jpg,1.250007685e-06
229978782_3c690f5a0e.jpg,1.818544006e-06
2911919938_6bb6587a36.jpg,1.843827837e-06
2076906555_c20dc082db.jpg,1.863418792e-06
3231751379_10ebf7150c.jpg,1.432144175e-06
2858903676_6278f07ee3.jpg,9.135625393e-07
3613323772_d15cef66d1.jpg,1.50885884e-06
2144050118_3e7d2e05b1.jpg,1.071618776e-06
2701895972_8605c4e038.jpg,1.123670077e-06
3208987435_780ae35ef0.jpg,2.050264702e-06
1235685934_be89b231fb.jpg,1.98068848e-06
2384728877_48c85d58af.jpg,1.004295168e-06
1418019748_51c7d59c11.jpg,2.162439241e-06
3143159297_6f2f663ea6.jpg,1.681579544e-06
321229104_3cbaf0f51c.jpg,1.952691694e-06
3340575518_137ce2695f.jpg,1.550097601e-06
300274198_eefd8e057e.jpg,1.431573159e-06
2099323664_bb20457f26.jpg,1.79566879e-06
3352791995_8db4979aca.jpg,1.241688036e-06
3379839396_0cd84b55f1.jpg,1.687079192e-06
1432179046_8e3d75cf81.jpg,1.873523279e-06
3532200762_b28c39d311.jpg,9.904763937e-07
2110692070_8aaaa1ae39.jpg,2.087324503e-06
3347666612_659e6e2207.jpg,9.940454179e-07
3472270112_0a7cb7b27c.jpg,1.454912333e-06
524031846_28b11bc0e5.jpg,2.213653706e-06
3341477531_4e37450f35.jpg,1.042365191e-06
3484842724_ef1124c87a.jpg,1.060817053e-06
491405109_798222cfd0.jpg,2.292153897e-06
3667157255_4e66d11dc2.jpg,1.407327015e-06
2299859649_07ca44a222.jpg,2.069605209e-06
3121521593_18f0ec14f7.jpg,1.364904345e-06
837919879_94e3dacd83.jpg,1.481042764e-06
3484625231_5b1a1a07b8.jpg,1.441556485e-06
3030566410_393c36a6c5.jpg,1.490399798e-06
404702274_fa8b3fe378.jpg,1.388763201e-06
3030294889_78b2ccbe51.jpg,7.628424999e-07
1547883892_e29b3db42e.jpg,4.820680926e-07
1505686764_9e3bcd854a.jpg,8.443882885e-07
2842849030_89548af61c.jpg,1.676641634e-06
3120648767_812c72eabe.jpg,1.521403013e-06
480505313_2dc686e5db.jpg,1.105536258e-06
2092870249_90e3f1855b.jpg,1.096795165e-06
2856524322_1d04452a21.jpg,7.244001075e-07
3571147934_d1c8af1d6e.jpg,1.387006975e-06
3240558825_cd859d6230.jpg,8.483049496e-07
1379026456_153fd8b51b.jpg,1.936507066e-06
3489774350_a94e6c7bfc.jpg,1.721387159e-06
3564007203_df2b8010f1.jpg,1.071905091e-06
239453674_0df7767208.jpg,2.085451048e-06
3422394336_e465f60b7c.jpg,9.819488697e-07
3215081286_d55541aa6b.jpg,9.947576226e-07
255266148_7ba7df1a88.jpg,5.296857575e-07
3514297698_0512623955.jpg,1.679301157e-06
3581818450_546c89ca38.jpg,1.41472377e-06
97406261_5eea044056.jpg,1.933195611e-06
3209966887_5b744bd050.jpg,1.338444298e-06
2621415349_ef1a7e73be.jpg,2.323267701e-06
3072730593_b7322d2e05.jpg,1.651356519e-06
255741044_1102982213.jpg,1.186639641e-06
2602415701_7674eb19e4.jpg,1.097904982e-06
3424424006_98f9d1921c.jpg,1.618273981e-06
3147758035_e8a70818cb.jpg,1.367566548e-06
3655074079_7df3812bc5.jpg,1.646060204e-06
3359636318_39267812a0.jpg,7.697442156e-07
3296226598_1c892c4351.jpg,2.244125624e-06
2247192427_5e106f24a9.jpg,1.622722765e-06
2675397335_1dcdbd12f5.jpg,1.164114414e-06
3471571540_b4ab77f20d.jpg,2.042720828e-06
2162469360_ff777edc95.jpg,2.169883363e-06
3627011534_485f667b10.jpg,1.269087196e-06
2831723637_30d4456665.jpg,1.071304264e-06
3018304737_0a46fc5f1d.jpg,1.583522519e-06
3166969425_b5ace2f9c2.jpg,1.194938895e-06
3200120942_59cfbb3437.jpg,1.906001245e-06
1685990174_09c4fb7df8.jpg,2.064755618e-06
2480850054_de3433b54a.jpg,1.426872897e-06
3350786891_6d39b234e9.jpg,1.266730958e-06
3724759125_2dc0e1f4a3.jpg,1.184422543e-06
2396746868_0727e06983.jpg,1.010999585e-06
3671851846_60c25269df.jpg,1.056807753e-06
1348947380_14f0fc1237.jpg,1.101138773e-06
1253275679_e955fb7304.jpg,1.993220818e-06
3347500603_13670ee6bf.jpg,1.64265799e-06
1410193619_13fff6c875.jpg,1.346584535e-06
3174196837_800689a2f3.jpg,1.001602252e-06
1067790824_f3cc97239b.jpg,1.996505579e-06
1468389504_c724bdcad0.jpg,1.33860006e-06
3309042087_ee96d94b8a.jpg,1.086196316e-06
421316045_ae7a1eb4bc.jpg,2.265133569e-06
483136916_16976f4902.jpg,1.410530093e-06
3549464203_8ab9c6160b.jpg,1.041170639e-06
3739833689_a0038545bd.jpg,1.206032219e-06
3640443200_b8066f37f6.jpg,1.630711197e-06
3339558806_b4afdc8394.jpg,8.928796234e-07
3270273940_61ef506f05.jpg,1.381294011e-06
427557693_1108566fd2.jpg,9.246700638e-07
2883950737_3b67d24af4.jpg,1.625544874e-06
3222842866_cb85243ce4.jpg,2.117623965e-06
2518219912_f47214aa16.jpg,1.416377737e-06
2805101709_1c8916f63a.jpg,1.204844613e-06
143688895_e837c3bc76.jpg,8.127127363e-07
241345844_69e1c22464.jpg,2.090201836e-06
223299137_b0e81ac145.jpg,1.537409046e-06
3237760601_5334f3f3b5.jpg,2.433341182e-06
3092756650_557c5f2d03.jpg,2.832554956e-06
1287073593_f3d2a62455.jpg,2.016270758e-06
3440160917_4524cfd9f6.jpg,7.101721385e-07
442918418_0f29c97fa9.jpg,1.130650229e-06
2874728371_ccd6db87f3.jpg,1.479112614e-06
2603033456_3584d95116.jpg,1.700686478e-06
3468023754_8a07d4c56e.jpg,1.364440875e-06
3427614912_b147d083b2.jpg,9.944022667e-07
3465473743_7da0c5d973.jpg,1.36046708e-06
3247423890_163f00a2cb.jpg,1.678503027e-06
2978409165_acc4f29a40.jpg,1.01683536e-06
2271955077_0020b4ee0d.jpg,2.449152518e-06
261490838_2f3ac98b12.jpg,2.002432888e-06
336551615_a01418bc53.jpg,1.887862586e-06
2804374083_311f98f5f2.jpg,1.197928596e-06
328916930_e4d4be1730.jpg,1.641402986e-06
1197800988_7fb0ca4888.jpg,1.008480267e-06
294353408_d459bdaa68.jpg,1.559034538e-06
310213587_778fe8fb5b.jpg,1.614428092e-06
3524519277_bd0c3e7382.jpg,1.495173001e-06
2102581664_5ea50f85c6.jpg,2.147702371e-06
2813784259_d201044d71.jpg,1.714868904e-06
3080891382_edf83dde18.jpg,1.190728714e-06
1290894194_8a4ffdc7eb.jpg,1.331179889e-06
3361990489_92244a58ef.jpg,6.62448582e-07
377872672_d499aae449.jpg,1.09809671e-06
2097420505_439f63c863.jpg,1.685391638e-06
3309578722_1765d7d1af.jpg,1.225410367e-06
3271178748_630d269811.jpg,1.344671497e-06
3436259762_43709321ff.jpg,1.186381643e-06
3452411712_5b42d2a1b5.jpg,9.576897826e-07
3526431764_056d2c61dc.jpg,1.456493372e-06
247618600_239eeac405.jpg,1.605829325e-06
495033548_bd320405d8.jpg,1.286846088e-06
1516714577_7d1c35a8d8.jpg,1.75177323e-06
358875403_f357f03713.jpg,2.138786896e-06
3602676311_824b2c04ba.jpg,1.747370856e-06
119534510_d52b3781a3.jpg,1.906770764e-06
2381613738_d8d2012e3c.jpg,1.160270107e-06
3339319023_5dcc3ef81a.jpg,1.000648803e-06
2417623030_afdc1024b5.jpg,1.217595737e-06
3108732084_565b423162.jpg,8.49214919e-07
3522025527_c10e6ebd26.jpg,1.731647652e-06
3342271377_446ffc34c0.jpg,6.315200249e-07
2656688132_d93be870e0.jpg,5.758098638e-07
476740978_45b65ebe0c.jpg,1.075050719e-06
693450725_8ad72389e6.jpg,1.461693086e-06
242324909_06d5a6c44b.jpg,1.55461548e-06
3159092624_66af4e207e.jpg,1.288970076e-06
3622929632_26fb800000.jpg,9.235172745e-07
2629295654_59ea1472a1.jpg,2.058619483e-06
518610439_b64ab21c02.jpg,1.772734393e-06
127490019_7c5c08cb11.jpg,1.125088493e-06
371522748_dc557bcd6c.jpg,9.955485803e-07
2590207488_ddd89037ba.jpg,2.193645552e-06
209605542_ca9cc52e7b.jpg,1.183969778e-06
3691592651_6e4e7f1da9.jpg,1.500662984e-06
3710674892_857b8056f7.jpg,2.281643426e-06
3545779287_8f52e06909.jpg,1.078108548e-06
2696060728_3043cfc38c.jpg,1.433096203e-06
166321294_4a5e68535f.jpg,1.685372451e-06
3047144646_2252ff8e04.jpg,1.436792029e-06
3448490813_f9623e864d.jpg,1.47076799e-06
3425573919_409d9e15b2.jpg,8.229205168e-07
2860041212_797afd6ccf.jpg,1.797827651e-06
241346580_b3c035d65c.jpg,2.018291538e-06
3562903245_85071bb5f9.jpg,5.809840703e-07
3314900697_c5c5ae9af6.jpg,1.289728613e-06
467960888_6943257534.jpg,2.280848742e-06
3525453732_f74a38f111.jpg,1.394672706e-06
911527312_f81ee36b97.jpg,2.042287819e-06
3211581957_df2f7e2236.jpg,1.75001987e-06
3532205154_5674b628ea.jpg,2.035575463e-06
3639704469_fe83e1c9b7.jpg,1.908299895e-06
3342855466_44038a8aa3.jpg,1.218959845e-06
3014546644_d53db746ec.jpg,8.565521235e-07
121971540_0a986ee176.jpg,1.415185742e-06
2518094853_dfce24ce8c.jpg,1.764089745e-06
1874617189_e85d3f4326.jpg,1.715813645e-06
3453544202_3855ab34b6.jpg,1.483267471e-06
3109136206_f7d201b368.jpg,1.201335302e-06
2300229745_af7a20c959.jpg,1.197272409e-06
3638178504_be1ff246bd.jpg,7.769534304e-07
3586239953_da4fb3f775.jpg,1.194079117e-06
533713001_2d36e93509.jpg,8.557054575e-07
49553964_cee950f3ba.jpg,1.677728446e-06
2053006423_6adf69ca67.jpg,1.386187694e-06
3549997413_01388dece0.jpg,1.812380008e-06
3286822339_5535af6b93.jpg,1.121336925e-06
621000329_84f48948eb.jpg,1.858733677e-06
3534824784_7133119316.jpg,1.891369472e-06
374103776_0de490c1b0.jpg,1.412522354e-06
2384626662_67cdd87694.jpg,1.559085427e-06
3457045393_2bbbb4e941.jpg,1.010923517e-06
3139160252_75109e9e05.jpg,1.450251856e-06
128912885_8350d277a4.jpg,8.030915486e-07
3547499166_67fb4af4ea.jpg,1.589992194e-06
2090387793_274ab4cf7d.jpg,1.844982693e-06
1262454669_f1caafec2d.jpg,1.632795991e-06
3558438174_d8f41438a4.jpg,1.002196996e-06
2445783904_e6c38a3a3d.jpg,1.50085632e-06
2597958208_e03aa149c9.jpg,1.539913905e-06
241347214_5f19e7998c.jpg,1.858290084e-06
3212085754_35fdc9ccaa.jpg,1.059871422e-06
357725852_6f55cb9abc.jpg,1.129771387e-06
516761840_842dabc908.jpg,1.252620312e-06
3620343911_64a862904e.jpg,1.888004526e-06
3592992234_6d3fe58a70.jpg,1.589751675e-06
3015863181_92ff43f4d8.jpg,1.04840736e-06
2229177914_3308fe7d20.jpg,2.249854304e-06
3202255152_08973fa3d7.jpg,1.970392438e-06
3630991662_990f397f7c.jpg,2.045157471e-06
2963573792_dd51b5fbfb.jpg,1.09571186e-06
2839807428_efe42423f2.jpg,1.419404277e-06
397982550_cf9f5cdb74.jpg,1.459183848e-06
2140182410_8e2a06fbda.jpg,1.667209574e-06
2887171449_f54a2b9f39.jpg,7.751304234e-07
3244171699_ace4b5d999.jpg,1.192977434e-06
2522230304_1581d52961.jpg,1.645541522e-06
2535746605_8124bf4e4f.jpg,2.097552477e-06
3710520638_866d542a80.jpg,1.283270888e-06
2579899436_5086a33c7a.jpg,1.903584332e-06
3717845800_ab45e255b8.jpg,1.52535039e-06
3107059919_0594269f72.jpg,1.822378725e-06
3402638444_dab914a3de.jpg,1.531520697e-06
3409326324_a704565e8f.jpg,2.288290278e-06
1296770308_3db2022f5a.jpg,1.044323572e-06
2550109269_bc4262bd27.jpg,2.578442278e-06
3352871762_c9e88592d3.jpg,1.678567195e-06
424307754_1e2f44d265.jpg,1.887277861e-06
3103185190_eb8729c166.jpg,1.484941558e-06
1805990081_da9cefe3a5.jpg,1.418597927e-06
3720210639_18bb34e475.jpg,1.71397865e-06
2589241160_3832440850.jpg,9.675233771e-07
1057251835_6ded4ada9c.jpg,1.184020358e-06
3503624011_733d745d5a.jpg,1.835368139e-06
3514278386_de2343577e.jpg,1.077861951e-06
3636491114_ab34dac833.jpg,6.891544799e-07
1446053356_a924b4893f.jpg,1.08720073e-06
469617651_278e586e46.jpg,1.546394488e-06
2533010184_ef2fd71297.jpg,2.25656987e-06
191592626_477ef5e026.jpg,1.083738941e-06
3618525295_d32d634b2e.jpg,1.066124912e-06
583174725_6b522b621f.jpg,1.528417893e-06
278559394_b23af734b9.jpg,1.4698479e-06
2176364472_31fcd37531.jpg,3.281009408e-06
697582336_601462e052.jpg,1.460713072e-06
2659183350_730951f740.jpg,1.098089092e-06
398413603_166896900f.jpg,1.757605541e-06
2423894412_d952d5d103.jpg,1.080586304e-06
279230262_e541f9b670.jpg,1.616516089e-06
2572101672_4d699c8713.jpg,9.928796671e-07
3107592525_0bcd00777e.jpg,1.413516752e-06
2602279427_191773c9e2.jpg,1.623697965e-06
2137789511_69a6c6afa8.jpg,1.990665874e-06
2553619107_d382a820f9.jpg,1.127546659e-06
257588281_39e1c9d929.jpg,1.011784544e-06
511282305_dbab4bf4be.jpg,1.0218496e-06
3264678536_46601d25f0.jpg,1.682088598e-06
2894229082_ddc395f138.jpg,2.383098553e-06
536495604_b22bbc905a.jpg,1.703714598e-06
2599903773_0f724d8f63.jpg,1.007577666e-06
3036971334_78187a9570.jpg,8.256842605e-07
1394599090_fe0ba238f0.jpg,1.634766897e-06
460781612_6815c74d37.jpg,1.766988521e-06
864290968_eccb46d5ab.jpg,1.356824411e-06
294549892_babb130543.jpg,1.260914132e-06
2158267555_db1d94e468.jpg,1.521438409e-06
3672105509_53b13b2ed4.jpg,1.567190215e-06
2472980433_210ec62874.jpg,1.16938657e-06
1417637704_572b4d6557.jpg,1.774018973e-06
3594566537_55bd712fdb.jpg,1.971475417e-06
2344875609_8e172d682b.jpg,2.249625921e-06
3368671163_0171259581.jpg,1.566731692e-06
3589895574_ee08207d26.jpg,1.549651713e-06
961189263_0990f3bcb5.jpg,1.506566554e-06
2881087519_ca0aa79b2b.jpg,1.192787511e-06
2796801478_8ebd7e550b.jpg,1.368573348e-06
97577988_65e2eae14a.jpg,1.515812739e-06
3341489212_a879e1544a.jpg,8.937655338e-07
1456630952_dd4778a48f.jpg,1.429462092e-06
2173677067_9d0732bcc2.jpg,8.599824468e-07
3019857541_3de3e24f54.jpg,1.457673746e-06
414773731_c3f5bf43d5.jpg,1.296147289e-06
2924884815_63826aa60d.jpg,1.351857778e-06
2214847438_4993210d4c.jpg,1.935984705e-06
2629027962_9cc3b46527.jpg,5.033827211e-06
3717309680_e5105afa6d.jpg,1.210223149e-06
3488837187_0c7264a16c.jpg,2.581529859e-06
1689658980_0074d81d28.jpg,1.317969116e-06
2848895544_6d06210e9d.jpg,1.03398133e-06
3591458156_f1a9a33918.jpg,1.666413337e-06
2587696611_db0378710f.jpg,1.887836797e-06
3676432043_0ca418b861.jpg,2.257643435e-06
3672106148_56cfb5fc8d.jpg,1.387497149e-06
3282121432_648dac8a29.jpg,1.344860011e-06
2426781076_e3f4d2685c.jpg,2.197584885e-06
2916009941_34a0013803.jpg,1.668444671e-06
2923891109_ea0cc932ed.jpg,9.036781648e-07
1287920676_d21a0b289b.jpg,2.058557172e-06
56494233_1824005879.jpg,1.372801452e-06
2853407781_c9fea8eef4.jpg,2.083506712e-06
3610836023_3a972b10b0.jpg,1.278847524e-06
2225864432_48a24f49a4.jpg,1.382323577e-06
1408958345_68eea9a4e4.jpg,1.967189085e-06
3212465975_b657f40eed.jpg,1.586709177e-06
2258951972_92763fddab.jpg,1.765125239e-06
2755362721_368cbde668.jpg,1.254856873e-06
2741051940_89fb6b2cee.jpg,1.87371206e-06
2950393735_9969c4ec59.jpg,1.590537519e-06
2463067409_78188c584c.jpg,8.825900933e-07
224369028_b1ac40d1fa.jpg,1.013812131e-06
396179143_e1511336e1.jpg,1.992357257e-06
2756636539_cc1eacbf4a.jpg,1.171388958e-06
2325816912_b3bb41cdbb.jpg,2.189757703e-06
2914331767_8574e7703d.jpg,1.996432105e-06
1510669311_75330b4781.jpg,1.299763449e-06
323657582_b6b6d8f7bd.jpg,1.945207558e-06
2877511986_c965ced502.jpg,1.695644476e-06
3679405397_bb130ea3c2.jpg,1.761829094e-06
335588286_f67ed8c9f9.jpg,1.427072352e-06
1174525839_7c1e6cfa86.jpg,2.054397529e-06
3587077732_0933f1677b.jpg,1.510404361e-06
3646820231_2abc736840.jpg,3.087980219e-06
2504277798_936a09c74d.jpg,2.071722799e-06
3364160101_c5e6c52b25.jpg,1.349180674e-06
848180689_d67a1361ce.jpg,1.236939388e-06
3095225232_2e6e6dc92e.jpg,1.480142754e-06
2303951441_3c8080907a.jpg,1.10553517e-06
2559114800_17310f3015.jpg,1.341610959e-06
3331190056_09f4ca9fd2.jpg,1.396379928e-06
268704620_8a8cef4cb3.jpg,1.227049031e-06
3249597269_935e0a375a.jpg,2.831887692e-06
3301859683_2d5e4b40a3.jpg,2.381911631e-06
3393343330_b13df4d8ec.jpg,1.068268902e-06
1433088025_bce2cb69f8.jpg,1.877784992e-06
2533424347_cf2f84872b.jpg,1.477879073e-06
2367816288_7c2d11d3c5.jpg,1.787484576e-06
3312779887_7682db7827.jpg,7.663338077e-07
3167365436_c379bda282.jpg,1.948492641e-06
3431101934_99a6c55914.jpg,8.725988399e-07
1517721825_10176d0683.jpg,1.764841479e-06
3662909101_21b9e59a3e.jpg,2.351419439e-06
3251088971_f4471048e3.jpg,1.037544383e-06
2066048248_f53f5ef5e2.jpg,1.257855304e-06
3329793486_afc16663cc.jpg,1.637184289e-06
1884727806_d84f209868.jpg,1.95572897e-06
2837127816_24441e5f7c.jpg,1.511940127e-06
2928835996_88b9f9503d.jpg,1.041220386e-06
2423138514_950f79e432.jpg,1.905696762e-06
3457784061_8f77f43a9c.jpg,1.111856412e-06
2249141510_f534708374.jpg,7.504092438e-07
3074265400_bf9e10621e.jpg,1.471505307e-06
3695949492_27ca3892fd.jpg,1.772239231e-06
3221036999_3f7b152d8a.jpg,2.034457095e-06
308014594_f1d5e75507.jpg,1.232772518e-06
3172384527_b107385a20.jpg,1.258869874e-06
3446191973_1db572ed8a.jpg,9.343922138e-07
3600909823_ce72c26e66.jpg,9.959501994e-07
2985679744_75a7102aab.jpg,1.294310138e-06
2469498117_b4543e1460.jpg,1.780158875e-06
2073756099_7e02c0110c.jpg,1.756196633e-06
3429641260_2f035c1813.jpg,9.408921337e-07
2100909581_b7dde5b704.jpg,1.231090528e-06
542317719_ed4dd95dc2.jpg,2.334201957e-06
446138054_d40c66d5f0.jpg,1.421080122e-06
2694178830_116be6a6a9.jpg,1.84100169e-06
1489286545_8df476fa26.jpg,2.054083134e-06
2377460540_8cfb62463a.jpg,1.47016044e-06
2559503010_84f20b3bc9.jpg,1.396365426e-06
2409312675_7755a7b816.jpg,8.657101309e-07
2467821766_0510c9a2d1.jpg,7.716690617e-07
242559369_9ae90ed0b4.jpg,2.077490173e-06
1420060118_aed262d606.jpg,1.45966151e-06
3276895962_c053263d01.jpg,1.872989668e-06
2718027742_70a72f99ae.jpg,1.220855438e-06
2203615439_3c7cdc39dc.jpg,1.083191589e-06
3301822808_f2ccff86f4.jpg,8.012145876e-07
61209225_8512e1dad5.jpg,1.195245058e-06
3247693965_845b3b4349.jpg,1.871041801e-06
3606093421_eddd46c2c7.jpg,2.516008717e-06
2208631481_3e4a5675e1.jpg,2.833313244e-06
3587941206_36769c3f1d.jpg,1.2112495e-06
96420612_feb18fc6c6.jpg,2.241383987e-06
2730994020_64ac1d18be.jpg,1.347887371e-06
1388970365_162edcceb4.jpg,8.982210399e-07
3331797838_b3e33dbe17.jpg,1.755389777e-06
1057089366_ca83da0877.jpg,9.844696997e-07
3046429283_08de594901.jpg,2.505252612e-06
523985664_c866af4850.jpg,1.77876068e-06
3561314880_ea9a7e245f.jpg,1.060142012e-06
3613175012_bcd063e7c9.jpg,1.35245153e-06
2892992529_f3335d0a71.jpg,1.293042319e-06
1301140633_046e4e8010.jpg,1.726617801e-06
2834752476_3177e617f1.jpg,2.152090208e-06
1189977786_4f5aaed773.jpg,1.312798289e-06
3640020134_367941f5ec.jpg,2.14800297e-06
1798209205_77dbf525b0.jpg,1.622396323e-06
3462454965_a481809cea.jpg,1.108662829e-06
3441145615_b4fcd9eea0.jpg,1.650269301e-06
3640104986_5d8c9a9948.jpg,1.016109292e-06
2766148353_70b2e8070f.jpg,1.425342668e-06
3707738261_777075e885.jpg,1.808467639e-06
500308355_f0c19067c0.jpg,1.178860164e-06
421730441_6b2267fd31.jpg,1.264203759e-06
2519483556_2b1632a18c.jpg,1.296169366e-06
2421446839_fe7d46c177.jpg,1.615311996e-06
2364774105_fbaf0c191f.jpg,1.157450161e-06
2432038587_5e4148e277.jpg,9.176962933e-07
3170110692_d1e0e66cee.jpg,1.620016954e-06
3330675488_8692476a4a.jpg,1.105656879e-06
2148013097_6a4f495bc5.jpg,1.489372585e-06
3558796959_fc4450be56.jpg,1.567649909e-06
2975118353_5af5a5df54.jpg,2.048958198e-06
532131603_c82d454c8a.jpg,1.48303673e-06
235074044_c1358888ed.jpg,1.304764096e-06
3430779304_43a2146f4b.jpg,1.993210688e-06
1308472581_9961782889.jpg,1.649698741e-06
136886677_6026c622eb.jpg,9.460356352e-07
2826574228_c63009e473.jpg,1.304522724e-06
2238759450_6475641bdb.jpg,1.571923673e-06
2475300106_b8563111ba.jpg,1.471411205e-06
1579798212_d30844b4c5.jpg,1.6316734e-06
3085667865_fa001816be.jpg,1.380178093e-06
494921598_af73bda568.jpg,2.080568157e-06
3516521516_9950340b96.jpg,9.24080444e-07
2698119128_62b4741043.jpg,1.733872255e-06
2258662398_2797d0eca8.jpg,2.016471171e-06
3497106366_d1a256e723.jpg,1.599781233e-06
2355093195_87fb7f82cb.jpg,1.369821668e-06
2582390123_71120edb0c.jpg,1.083627223e-06
940973925_a2e6d7951c.jpg,1.03678128e-06
561179890_af8e31cb2e.jpg,8.981335814e-07
1303335399_b3facd47ab.jpg,1.513741296e-06
2831578193_3c997ae330.jpg,1.730606533e-06
2479180530_7ebba2d8bf.jpg,1.913407332e-06
3113322995_13781860f2.jpg,1.840234393e-06
1394620454_bf708cc501.jpg,1.619896731e-06
635444010_bd81c89ab7.jpg,8.9940585e-07
3543294190_0037c59607.jpg,1.549394829e-06
531261613_f1a045cd75.jpg,1.163154932e-06
3186527735_6e9fe2cf88.jpg,8.772013761e-07
3127614086_9f1d3cf73d.jpg,9.71795791e-07
3432495898_a5859f06b6.jpg,1.017456974e-06
1184967930_9e29ce380d.jpg,1.090917019e-06
3459492423_c881f12c9f.jpg,1.100944033e-06
2988244398_5da7012fce.jpg,1.785319543e-06
391324644_d23fdf06cb.jpg,1.482668776e-06
3657503733_9888ccf05e.jpg,9.998976268e-07
2511762757_bd0ab0a017.jpg,8.772126874e-07
3038941104_17ee91fc03.jpg,9.927282473e-07
534886684_a6c9f40fa1.jpg,1.395212763e-06
3647446816_bd4383c828.jpg,1.299536575e-06
2888702775_0939a6680e.jpg,1.198745685e-06
3143982558_9e2d44c155.jpg,1.546500007e-06
532914728_c5d8d56b0b.jpg,2.176844554e-06
241347356_8a515555fd.jpg,1.194579256e-06
3361411074_83f27d2a1c.jpg,2.177591045e-06
3332202255_a30c522664.jpg,1.761546794e-06
2393911878_68afe6e6c1.jpg,1.215358114e-06
2998277360_9b4c0192f1.jpg,1.916974296e-06
3571039224_b34fa2f94c.jpg,1.766842583e-06
2715337869_e4fe36db50.jpg,2.11068964e-06
3149919755_f9272b10b3.jpg,1.573710964e-06
2781296531_f6f0f6c0f5.jpg,1.996069713e-06
485054073_fef8b80b4b.jpg,1.51702229e-06
3281580623_8c3ba0fdb2.jpg,1.810513599e-06
186890605_ddff5b694e.jpg,1.359308972e-06
3689975998_72f50b6d91.jpg,9.4693772e-07
489865145_65ea6d1c14.jpg,6.992148714e-07
238512430_30dc12b683.jpg,1.846931064e-06
3135826945_f7c741e5b7.jpg,2.14112263e-06
1079274291_9aaf896cc1.jpg,2.039293769e-06
3619630328_2d0865b6f4.jpg,1.528966983e-06
2896298341_92d718366a.jpg,2.186587728e-06
3430782104_34da558eba.jpg,2.11196801e-06
3171651115_e07b9d08f6.jpg,1.383972917e-06
3667404919_b273df57e4.jpg,9.718636124e-07
2268729848_d418451226.jpg,1.38611037e-06
2355763034_9fb61a8165.jpg,1.29610428e-06
3446586125_cafa0bfd67.jpg,1.754746076e-06
1338523142_57fce8229b.jpg,1.067384376e-06
2788652511_4f10060e07.jpg,1.142924221e-06
2574194729_1f099647ee.jpg,1.377177185e-06
2056041678_d6b5b39b26.jpg,1.153197951e-06
3582914905_f58db879ae.jpg,1.051649519e-06
2462702522_1b25654762.jpg,2.023879717e-06
2067362863_59577f9d4d.jpg,9.536445752e-07
2433175169_da939372f2.jpg,1.603598837e-06
2461616306_3ee7ac1b4b.jpg,1.367353281e-06
2410562803_56ec09f41c.jpg,1.317409413e-06
3214579977_fa9fb006a6.jpg,2.050027703e-06
1236951314_0308dc4138.jpg,7.481685143e-07
136552115_6dc3e7231c.jpg,1.005924486e-06
3650111717_346804ec2f.jpg,1.430645616e-06
2169951750_495820a215.jpg,1.534988953e-06
521658170_a837af87e9.jpg,1.454438638e-06
425518464_a18b87c563.jpg,1.208214696e-06
3231880001_193a579b97.jpg,2.031916252e-06
380515798_c2abbf46b0.jpg,1.00436269e-06
3257103624_e76f25ff9e.jpg,1.028957738e-06
161669933_3e7d8c7e2c.jpg,1.988207391e-06
3041348852_872c027c16.jpg,1.118126083e-06
3487015378_2e90a79f4b.jpg,1.244177637e-06
3150315970_8f045c41a4.jpg,2.165217312e-06
352382023_7605223d1c.jpg,1.569345162e-06
2130986011_47cb05c8c9.jpg,1.953989545e-06
1105959054_9c3a738096.jpg,1.611142312e-06
3547524138_4157f660b0.jpg,8.522908381e-07
3266406566_d64e57e65a.jpg,1.382091654e-06
565605894_8f0bed0438.jpg,1.645708e-06
3364151356_eecd07a23e.jpg,1.34258109e-06
3258397351_1a70f1993d.jpg,1.623501963e-06
2830869109_c4e403eae6.jpg,9.314952717e-07
306315650_e064f5c677.jpg,1.183649572e-06
3111208043_dbe8e87fa1.jpg,2.12146316e-06
640053014_549d2f23d2.jpg,1.731926071e-06
69710415_5c2bfb1058.jpg,2.026986777e-06
3455757720_7aeba57056.jpg,1.019042785e-06
3294952558_96bb8c8cf3.jpg,1.321258897e-06
2683963310_20dcd5e566.jpg,1.649363829e-06
3397633339_d1ae6d9a0e.jpg,1.217338255e-06
2816259113_461f8dedb0.jpg,1.652409151e-06
3262793378_773b21ec19.jpg,6.758874622e-07
2866686547_0a67eb899d.jpg,1.866784218e-06
2404520067_87798dbaee.jpg,1.080194496e-06
2238166082_140f8b01b8.jpg,1.956045971e-06
3339916063_63b960ed46.jpg,1.414897611e-06
3657209354_cde9bbd2c5.jpg,2.220746613e-06
405534993_5158644f98.jpg,1.270329297e-06
302983277_69a4e732e4.jpg,1.139159888e-06
2893476169_f38dd32051.jpg,1.014510291e-06
1655781989_b15ab4cbff.jpg,1.305790709e-06
1343426964_cde3fb54e8.jpg,1.975338719e-06
3545427060_c16a8b7dfd.jpg,1.320189898e-06
2364096157_eb7970a69a.jpg,1.854425466e-06
197142902_f05ff198c2.jpg,1.295247999e-06
2751466788_4fab701cc3.jpg,1.109841925e-06
404890608_33f138aefa.jpg,1.283182429e-06
3106562372_e349a27764.jpg,1.877871014e-06
292780636_72e1968949.jpg,1.461495714e-06
2216695423_1362cb25f3.jpg,1.904268646e-06
654130822_4aeb1f1273.jpg,1.714068472e-06
3416013671_98b5c75046.jpg,1.054993014e-06
3443460885_46115463b4.jpg,1.045395334e-06
3506468593_7e41a6d9f1.jpg,1.026098567e-06
3249125548_700d874380.jpg,1.372966466e-06
2993388841_6746140656.jpg,1.790975595e-06
2424111022_4e332b8aee.jpg,8.633575549e-07
2962977152_9d6958fdd5.jpg,1.466674468e-06
477204750_d04d111cd4.jpg,1.318251521e-06
2502856739_490db7a657.jpg,1.956604672e-06
535529555_583d89b7f2.jpg,1.934827049e-06
242109387_e497277e07.jpg,1.474946803e-06
2531942624_c3c072064e.jpg,1.877199004e-06
1439046601_cf110a75a7.jpg,1.257274631e-06
3627676364_1dc9294ec5.jpg,1.654241464e-06
3033210806_3ffc0a231a.jpg,2.224465367e-06
542405691_0594b1ce72.jpg,1.876817117e-06
317109978_cb557802e1.jpg,8.170593279e-07
3532539748_795d16ef07.jpg,1.044985999e-06
3599442049_e448c7c9b2.jpg,1.727083198e-06
2999162229_80d17099b6.jpg,1.983146445e-06
2695962887_a1647c567b.jpg,1.53658047e-06
219301553_d2fffe9e0c.jpg,1.078036889e-06
2521983429_33218366bd.jpg,8.132741242e-07
2642474867_4e6346f809.jpg,1.655935082e-06
3533660418_f3a73a257c.jpg,2.15186155e-06
2366643786_9c9a830db8.jpg,1.44904325e-06
3323661814_1e8e1ae88c.jpg,2.132986223e-06
3262386960_14f5d857db.jpg,1.177768222e-06
3362592729_893e26b806.jpg,1.945741759e-06
3278581900_8ce75a5332.jpg,1.556806694e-06
3708172446_4034ddc5f6.jpg,1.311530747e-06
3319177177_130a72b8ae.jpg,1.062661759e-06
2718376488_3c62f7642c.jpg,1.565398789e-06
3420338549_bd78d35243.jpg,1.325444687e-06
2924870944_90ff9eca1a.jpg,1.763740919e-06
2423292784_166ee54e0b.jpg,1.770632545e-06
2081615901_13092cac56.jpg,1.047236976e-06
2595102568_347f6d4b07.jpg,1.848288719e-06
529198549_5cd9fedf3f.jpg,1.626021986e-06
3636543173_15f56515e5.jpg,1.446939842e-06
1335617803_4fbc03dab0.jpg,9.8419672e-07
479807115_3a484fb18b.jpg,1.081027612e-06
3385593926_d3e9c21170.jpg,1.380931625e-06
375171241_0302ad8481.jpg,1.207619113e-06
2244613488_4d1f9edb33.jpg,2.091156214e-06
47870024_73a4481f7d.jpg,1.301065646e-06
3142055158_01b9e4caa4.jpg,1.333794538e-06
3641456303_c50c33337b.jpg,1.274261163e-06
2828583747_8cfb7217af.jpg,1.100623686e-06
3460458114_35037d4d4c.jpg,1.686841471e-06
493109089_468e105233.jpg,1.856897591e-06
3467941308_ae6989e29c.jpg,1.277139442e-06
2906054175_e33af79522.jpg,1.762380403e-06
3106791484_13e18c33d8.jpg,1.859131086e-06
2502782508_2c8211cd6b.jpg,1.187536114e-06
3084711346_fda0f5a3e6.jpg,1.95183268e-06
3421480658_b3518b6819.jpg,1.982832325e-06
3654338683_13b2f95a9a.jpg,1.297964953e-06
2335634931_7e9e8c2959.jpg,4.275144915e-06
3611672054_45edd3e08f.jpg,2.399803311e-06
241374292_11e3198daa.jpg,1.100261442e-06
2587017287_888c811b5a.jpg,1.639196121e-06
319847657_2c40e14113.jpg,2.312054745e-06
3479423813_517e93a43a.jpg,1.683627351e-06
3728256505_7f8db8270d.jpg,1.159835733e-06
502671104_b2114246c7.jpg,2.113980012e-06
3387542157_81bfd00072.jpg,1.839240967e-06
2839789830_89668775a4.jpg,1.598396837e-06
3249062399_0dafe5e4f5.jpg,1.238183721e-06
2441629086_52f68eb316.jpg,1.353182695e-06
2904129133_e6ae5a1ec6.jpg,1.356349319e-06
2994205788_f8b3f2e840.jpg,1.107967124e-06
2612040125_0a93889f06.jpg,1.103686599e-06
2897832422_0cbdb1421e.jpg,1.868182956e-06
3016708786_3591106cca.jpg,1.275516906e-06
2810333931_47fd8dd340.jpg,1.020473553e-06
3467219837_7d62213dec.jpg,1.955433556e-06
3319723910_af5b5f1fae.jpg,1.760088615e-06
3182570190_48214e54c7.jpg,1.88282611e-06
1521623639_4bda3407cc.jpg,1.624734474e-06
2540757246_5a849fbdcb.jpg,1.363348307e-06
2297744130_f571f3a239.jpg,1.501431094e-06
3275704430_a75828048f.jpg,2.101499716e-06
2291485126_b8d41a63f4.jpg,1.505401774e-06
481632457_7372f18275.jpg,1.542528502e-06
2217328285_b1d55c17ca.jpg,9.39384887e-07
3227148358_f152303584.jpg,1.279526397e-06
3440952969_608eb5e42b.jpg,1.102826529e-06
3006094603_c5b32d2758.jpg,1.22957058e-06
2888732432_7e907a3df1.jpg,9.464423303e-07
3532098999_4e07a0a17e.jpg,2.192055622e-06
3534046564_4f8546e364.jpg,1.771121574e-06
382090166_be2c2c63e1.jpg,1.417035511e-06
757046028_ff5999f91b.jpg,1.446899781e-06
2393410666_b8c20fff61.jpg,2.317892948e-06
3147217787_ed21cd4990.jpg,1.139167072e-06
3591457224_88281dd04f.jpg,1.580174957e-06
3313232606_4ce7e16b87.jpg,1.228760033e-06
3636796219_9916c0465a.jpg,2.22500487e-06
2878190821_6e4e03dc5f.jpg,1.433524669e-06
3082934678_58534e9d2c.jpg,1.314622716e-06
2376878930_dd3e7cc544.jpg,1.996820734e-06
3704698586_a42c25d0c1.jpg,1.4512804e-06
3401647850_685c03ffff.jpg,1.044317531e-06
3203707977_cc9448fecb.jpg,1.327351061e-06
267164457_2e8b4d30aa.jpg,1.663654208e-06
124972799_de706b6d0b.jpg,1.765049934e-06
3431671749_e8e3a449ac.jpg,1.987278796e-06
336551609_1385ab139e.jpg,1.433044527e-06
3272071680_648a99f7d2.jpg,1.291031995e-06
2711720095_0b98426d3c.jpg,1.307639962e-06
101654506_8eb26cfb60.jpg,1.528132934e-06
3467510271_0f57e52768.jpg,1.75351639e-06
3271495320_bca47795fb.jpg,1.213352353e-06
2100735137_05c6079537.jpg,1.210030937e-06
1107471216_4336c9b328.jpg,1.752171888e-06
2888408966_376c195b3f.jpg,1.338539467e-06
3087485737_cb09bc80b6.jpg,1.799077157e-06
3359587274_4a2b140b84.jpg,2.035219595e-06
2312746782_4528a5b818.jpg,1.317510411e-06
314603661_51e05e0e24.jpg,1.287319051e-06
3111897772_5211a37a02.jpg,1.830935706e-06
2068960566_21e85ae0dc.jpg,1.355531264e-06
3417788829_cfdbc34d2c.jpg,1.417092017e-06
3516312179_f520469038.jpg,1.075016596e-06
3070485870_eab1a75c6f.jpg,2.134614723e-06
3686924335_3c51e8834a.jpg,1.087613547e-06
561417861_8e25d0c0e8.jpg,1.416480107e-06
3628103548_2708abcda2.jpg,1.405722389e-06
2148695079_9ae6a9b1c7.jpg,2.273600945e-06
2656039837_f46b29af92.jpg,1.448966965e-06
1012212859_01547e3f17.jpg,1.874404635e-06
3503689049_63212220be.jpg,1.934209364e-06
3333826465_9c84c1b3c6.jpg,8.660623687e-07
3349308309_92cff519f3.jpg,8.394034907e-07
2568417021_afa68423e5.jpg,1.403679987e-06
3454355269_6185e29f95.jpg,1.125023618e-06
3013469764_30e84e9a0d.jpg,1.336118063e-06
2866974237_e3c1e267c0.jpg,1.535771192e-06
2061354254_faa5bd294b.jpg,1.620059929e-06
3535664885_c848c0faee.jpg,1.119735886e-06
2849194983_2968c72832.jpg,1.478789708e-06
380590140_25b9889772.jpg,9.440927593e-07
3433567526_00b5a70319.jpg,1.315935723e-06
508929192_670910fdd2.jpg,1.018600086e-06
405970010_8cebaa77d3.jpg,1.562496858e-06
3375534917_62350bd06b.jpg,1.656808141e-06
1770036088_08abe4f6e9.jpg,1.759851541e-06
3707077198_efd6aa808d.jpg,1.562183982e-06
3451085951_e66f7f5d5c.jpg,1.22116869e-06
3358621566_12bac2e9d2.jpg,8.600390306e-07
3436395540_63bc8f2fe0.jpg,1.680045847e-06
141140165_9002a04f19.jpg,1.731959635e-06
3106223494_52d4d2d75d.jpg,1.309667886e-06
3275537015_74e04c0f3e.jpg,1.389225909e-06
2453891449_fedb277908.jpg,3.874290444e-06
2931950813_93145c4746.jpg,1.662689609e-06
3639845565_be547c38ba.jpg,1.153189788e-06
3186073578_6e115f45f5.jpg,1.878200873e-06
485566887_57eac33bd1.jpg,1.750623674e-06
3532028205_9ddd7599f8.jpg,1.405838768e-06
3098714492_19939e3b19.jpg,1.458975894e-06
2868575889_2c030aa8ae.jpg,1.059320596e-06
102455176_5f8ead62d5.jpg,2.143479199e-06
3484365373_98d5304935.jpg,1.710216889e-06
295258727_eaf75e0887.jpg,1.910945436e-06
406901451_7eafd7568a.jpg,1.816916598e-06
236095034_c983bdfbbf.jpg,1.43184923e-06
2699426519_228719b1db.jpg,1.87726057e-06
3356494271_6103d0b556.jpg,1.240391893e-06
527288854_f26127b770.jpg,1.41941505e-06
3418504074_083f0bb68d.jpg,1.70421866e-06
3062273350_fd66106f21.jpg,1.652988752e-06
2602306033_2b3100d36b.jpg,1.354421014e-06
3337461409_e4e317853d.jpg,2.067753803e-06
3590593467_be497a6139.jpg,3.186577778e-06
41999070_838089137e.jpg,1.001346151e-06
2774705720_1cb85812dc.jpg,5.541327314e-07
2271671533_7538ccd556.jpg,1.784884302e-06
308487515_7852928f90.jpg,2.006595312e-06
3666188047_e81e1d97a7.jpg,1.637885883e-06
3382303178_69b6d1bdd2.jpg,1.375704463e-06
3033686219_452b172ab0.jpg,1.562344628e-06
3486135177_772628d034.jpg,6.411475718e-07
271637337_0700f307cf.jpg,1.764582772e-06
1795151944_d69b82f942.jpg,2.024850666e-06
3289433994_4c67aab384.jpg,1.436046681e-06
2925242998_9e0db9b4a2.jpg,1.301896944e-06
950273886_88c324e663.jpg,1.510286359e-06
3285298241_9b1ed98d19.jpg,1.480413569e-06
3157220149_cc3c8cc84d.jpg,9.618177517e-07
3609027309_af75f773d9.jpg,1.384450853e-06
299181827_8dc714101b.jpg,1.545708209e-06
3606084228_6286a52875.jpg,1.05161084e-06
862187579_9faf4a51e0.jpg,2.221479643e-06
2609847254_0ec40c1cce.jpg,1.430648335e-06
1253264731_e7c689eca5.jpg,2.05298249e-06
1400424834_1c76e700c4.jpg,1.246784455e-06
2230067846_74046b89d3.jpg,1.685493348e-06
3486324591_9f5eeb24b9.jpg,1.586285083e-06
3019986034_7453777274.jpg,8.929951502e-07
2068465241_3bcabacfd7.jpg,2.071352882e-06
2173061319_1f267765dc.jpg,2.109088971e-06
3730011219_588cdc7972.jpg,1.801253795e-06
2865376471_43c5e6b941.jpg,1.726074028e-06
3004287781_c041c09c16.jpg,1.0932948e-06
459814265_d48ba48978.jpg,1.053919955e-06
1510078253_96e9ec50e7.jpg,1.305620177e-06
384577800_fc325af410.jpg,1.929975815e-06
2124040721_bffc0a091a.jpg,1.800020343e-06
1303548017_47de590273.jpg,7.079676642e-07
2647394564_4843800cff.jpg,2.096097762e-06
3677302645_8cd3fac70d.jpg,9.499185085e-07
1716445442_9cf3528342.jpg,8.989961928e-07
3530843182_35af2c821c.jpg,1.726633116e-06
1397887419_e798697b93.jpg,1.353700909e-06
99171998_7cc800ceef.jpg,1.312826767e-06
2458006588_754c4aa09c.jpg,1.286331232e-06
3718076407_0b4588d7bc.jpg,1.201594483e-06
3567214106_6ece483f8b.jpg,1.209918877e-06
3375843443_8d9b242aa5.jpg,1.304569295e-06
532457586_bddfc5251d.jpg,1.664621865e-06
206087108_d4557d38ee.jpg,1.698836277e-06
494329594_6e751372a0.jpg,1.288112076e-06
2120469056_7a738413be.jpg,1.278600363e-06
2481003841_06086eafc2.jpg,1.430600935e-06
2456907314_49bc4591c4.jpg,1.602792948e-06
3039675864_0b7961844d.jpg,1.010085352e-06
3727740053_3baa94ffcb.jpg,1.080837469e-06
2278776373_fe499a93be.jpg,1.127273616e-06
3564738125_10400f69c0.jpg,1.888551251e-06
3630641436_8f9ac5b9b2.jpg,1.879983558e-06
3569420080_72fbe84751.jpg,1.2500685e-06
378453580_21d688748e.jpg,6.90809928e-07
2294688426_96c8614f1d.jpg,1.8271977e-06
661546153_9d30db6984.jpg,1.725076086e-06
3711030008_3872d0b03f.jpg,1.435408821e-06
3149038044_c7c94688c6.jpg,1.22700127e-06
2411824767_4eb1fae823.jpg,1.44729352e-06
637342973_89f6fac1f7.jpg,1.856276841e-06
3003011417_79b49ff384.jpg,1.168143587e-06
2968216482_ede65b20a8.jpg,1.7159819e-06
963730324_0638534227.jpg,1.318417383e-06
2273028514_d7b584f73d.jpg,1.495863205e-06
3435233065_3411f2d29d.jpg,8.276977681e-07
3356700488_183566145b.jpg,1.463359011e-06
3601508034_5a3bfc905e.jpg,1.539940774e-06
1368383637_614646cc4a.jpg,1.604960077e-06
1527297882_dededc7891.jpg,1.753492212e-06
3314180199_2121e80368.jpg,1.676143353e-06
3273403495_fcd09c453e.jpg,2.211954739e-06
121800200_bef08fae5f.jpg,1.132381946e-06
468918320_9c275b877f.jpg,1.45770266e-06
2868668723_0741222b23.jpg,1.008752662e-06
3450874870_c4dcf58fb3.jpg,1.130149183e-06
2862469183_a4334b904a.jpg,1.246962489e-06
514036362_5f2b9b7314.jpg,2.025820919e-06
2201951969_0d7520d648.jpg,2.35168602e-06
3184206563_5435f2b494.jpg,1.345408649e-06
3192069971_83c5a90b4c.jpg,1.731970958e-06
3051341320_1d0166e775.jpg,1.24579916e-06
2089539651_9e518ec7de.jpg,1.128430422e-06
2623560640_0445c9a138.jpg,1.002801341e-06
2857558098_98e9249284.jpg,1.005127069e-06
1100214449_d10861e633.jpg,8.467721693e-07
2256231539_05c27179f1.jpg,1.955166528e-06
1570723692_3a2b064d43.jpg,9.349015171e-07
2640000969_b5404a5143.jpg,1.179127206e-06
537579448_a7f92cef58.jpg,1.365297089e-06
2949880800_ca9a1bb7e6.jpg,1.241359151e-06
3106026005_473a7b1c8c.jpg,1.687311655e-06
3553374585_25b1bd6970.jpg,1.121412445e-06
942399470_6132d3e5d2.jpg,1.292714366e-06
3638440337_6d5c19a8f0.jpg,2.199002237e-06
1329832826_432538d331.jpg,1.453843237e-06
3597924257_d0da3c5fe6.jpg,1.233407975e-06
667626_18933d713e.jpg,1.0754869e-06
3550763985_800cfee7e4.jpg,1.948869732e-06
3182258223_5b9c8a8c55.jpg,1.31813832e-06
3356642567_f1d92cb81b.jpg,1.166079329e-06
3398788809_25c71ba018.jpg,1.593574327e-06
3560771491_2a18b6241e.jpg,1.054739682e-06
3006217970_90b42e6b27.jpg,1.794054926e-06
3425853460_bfcd0b41f6.jpg,1.413237943e-06
3282925526_535ff9f2b2.jpg,1.897929006e-06
460973814_5eacd1ced4.jpg,1.116117278e-06
397601572_9587a39291.jpg,1.64699657e-06
2585141045_b496a7b7c4.jpg,1.73733934e-06
2827964381_408a310809.jpg,9.676253872e-07
613030608_4355e007c7.jpg,1.941117775e-06
2665586311_9a5f4e3fbe.jpg,1.432665409e-06
2937697444_2367ff0e28.jpg,6.965075697e-07
3561639055_5ac66ae92f.jpg,8.540729681e-07
3141293960_74459f0a24.jpg,1.374696496e-06
3493844822_c315a11275.jpg,1.95131292e-06
3222702477_34d2d24f1f.jpg,1.200874773e-06
3265578645_4044a7049a.jpg,1.420169588e-06
2600386812_8790879d9a.jpg,1.141811468e-06
2974587819_742fb7c338.jpg,1.169338771e-06
1244485675_822e6efe60.jpg,1.600100031e-06
2549968784_39bfbe44f9.jpg,1.896917306e-06
2547785434_f227bd3680.jpg,1.227366187e-06
2968182121_b3b491df85.jpg,1.878538717e-06
2977246776_b14be8290d.jpg,1.207416509e-06
1160441615_fe6b3c5277.jpg,7.188376663e-07
3616808182_fb4eaec778.jpg,1.313136462e-06
2046778775_0dd7cac6ab.jpg,1.462131328e-06
226607225_44d696db6b.jpg,1.146883628e-06
2766926202_4201bf2bf9.jpg,6.649525889e-07
3661659196_6ed90f96c0.jpg,1.707071272e-06
1580172290_e19067e0dd.jpg,1.416076756e-06
1414779054_31946f9dfc.jpg,1.234140541e-06
2884301336_dc8e974431.jpg,1.14554508e-06
1956944011_c5661d3f22.jpg,9.2143578e-07
2785108434_cd4a1c949c.jpg,2.147685336e-06
2865409854_afedf98860.jpg,1.236326825e-06
2510197716_fddca0ac75.jpg,1.465684855e-06
3533775651_9d7e93dacf.jpg,9.253552539e-07
2410320522_d967f0b75c.jpg,1.866720648e-06
95151149_5ca6747df6.jpg,1.669875413e-06
2825668136_107223182c.jpg,1.108036208e-06
3517124784_4b4eb62a7a.jpg,1.093158016e-06
1917265421_aeccf1ca38.jpg,9.675875398e-07
3224560800_8fefd52510.jpg,8.833949182e-07
267162122_c3437414ec.jpg,2.353318365e-06
760138567_762d9022d4.jpg,1.367438211e-06
2937942758_712be5c610.jpg,1.121409296e-06
3240090389_97a8c5d386.jpg,1.354585485e-06
3056569684_c264c88d00.jpg,1.55265744e-06
3216901052_269ace7b3c.jpg,1.267360704e-06
396763804_3b7f1e12a8.jpg,1.4504559e-06
3435653630_3b6cca2c40.jpg,9.094899381e-07
2877088081_7ca408cb25.jpg,1.596416016e-06
3485425825_c2f3446e73.jpg,1.046953572e-06
909191414_1cf5d85821.jpg,1.341615962e-06
2245914678_1f82fc3d80.jpg,8.783855092e-07
2490365757_b869282cb3.jpg,1.152704026e-06
3534548254_7bee952a0e.jpg,1.895628295e-06
3146630574_05d9ebbed1.jpg,2.194405011e-06
1138784872_69ade3f2ab.jpg,1.727168492e-06
2092177624_13ab757e8b.jpg,1.42318995e-06
782401952_5bc5d3413a.jpg,1.130924635e-06
3132760860_3e743a935d.jpg,1.734155321e-06
2130851544_d36f4f2ea6.jpg,9.993920771e-07
2204550058_2707d92338.jpg,2.48297024e-06
2576878141_87f25a10f0.jpg,1.357268513e-06
3732728142_86364a706e.jpg,2.371942386e-06
313326614_b2adbe59e0.jpg,2.184448685e-06
3421547427_53411b6278.jpg,1.35586168e-06
3017521547_f5ef8848e3.jpg,1.347274096e-06
3213622536_31da7f6682.jpg,1.406374762e-06
2646540383_343e1ec9a4.jpg,1.459642639e-06
3057497487_57ecc60ff1.jpg,1.021439499e-06
3380643902_7e0670f80f.jpg,3.26709769e-06
2251447809_2de73afcdf.jpg,8.568057507e-07
505062117_a70b4e10ab.jpg,1.200552069e-06
2840344516_8e15fe2668.jpg,2.028664558e-06
1232148178_4f45cc3284.jpg,1.117486207e-06
1304961697_76b86b0c18.jpg,1.107544067e-06
3154641421_d1b9b8c24c.jpg,1.029550479e-06
1231229740_8dcbf80bfb.jpg,1.248135785e-06
2797511323_bf20acab45.jpg,1.255879121e-06
3256456935_664a7a5bba.jpg,1.281332249e-06
374103842_17873ce505.jpg,1.5656174e-06
3281611946_f42deed2e1.jpg,1.344436091e-06
2778290592_1910bb0431.jpg,1.344718648e-06
3338590946_f25b76cbc7.jpg,9.258548805e-07
3405011838_f81117c99f.jpg,7.077590065e-07
3048211972_db71d104c2.jpg,1.367479792e-06
494792770_2c5f767ac0.jpg,1.138970677e-06
3336682980_1082a66878.jpg,1.827942696e-06
3638992163_a085cc0c24.jpg,1.534019442e-06
3243591844_791cfa62eb.jpg,1.193795185e-06
3456862740_7550bcddc2.jpg,1.360474041e-06
3674168459_6245f4f658.jpg,9.680553493e-07
1330645772_24f831ff8f.jpg,2.035690382e-06
3632225464_612d7b4c0f.jpg,1.743235397e-06
3150659152_2ace03690b.jpg,6.58768553e-07
3631474374_e40764d153.jpg,1.528344074e-06
300594071_3450444752.jpg,2.061396434e-06
2685752892_9d5cd7f274.jpg,1.43071223e-06
2344699642_4fae2f4e07.jpg,1.61989679e-06
2091171488_c8512fec76.jpg,1.493062969e-06
3259992722_4c5e895734.jpg,2.015542962e-06
505944126_f9a6ab8944.jpg,1.123108104e-06
3119913014_688d4997d7.jpg,1.900041343e-06
1267711451_e2a754b4f8.jpg,1.120792207e-06
1836335410_de8313a64e.jpg,1.298460206e-06
3106787167_e5f2312622.jpg,1.937168722e-06
3272541970_ac0f1de274.jpg,1.307996068e-06
3497069793_2d4baf5b4b.jpg,1.925207613e-06
2267682214_e1434d853b.jpg,1.443466171e-06
2929405404_1dff5ab847.jpg,1.292094621e-06
2601612082_4b9be27426.jpg,1.151533061e-06
446514680_ff5ca15ece.jpg,1.362651937e-06
3268908792_c24529fe88.jpg,1.802068618e-06
109823395_6fb423a90f.jpg,1.550539613e-06
2787868417_810985234d.jpg,1.043860682e-06
241347204_007d83e252.jpg,1.387749855e-06
541063419_a5f3672d59.jpg,1.165663963e-06
2562483332_eb791a3ce5.jpg,7.355235648e-07
3021318991_fa28e3bca7.jpg,3.131013979e-06
2199200615_85e4c2a602.jpg,1.829736687e-06
559102835_472ff702b5.jpg,8.984835343e-07
1236964638_1808784a3c.jpg,1.818181806e-06
3241965735_8742782a70.jpg,1.311175098e-06
2426828433_ce894d1c54.jpg,1.440454254e-06
3033825101_44a4390f16.jpg,1.241529227e-06
964197865_0133acaeb4.jpg,2.257646274e-06
3000428313_8a1e65e20e.jpg,1.25388792e-06
3245504245_27931f5ec1.jpg,1.505322867e-06
710878348_323082babd.jpg,1.770733099e-06
3668518431_43abb169eb.jpg,1.743048927e-06
3346711367_5e7b29e20f.jpg,1.503410032e-06
2588625139_fdf6610218.jpg,1.245861541e-06
974924582_10bed89b8d.jpg,1.500250024e-06
134724228_30408cd77f.jpg,9.468742051e-07
466176275_f40d37851e.jpg,8.362716679e-07
2909811789_ed8f3fd972.jpg,1.171851405e-06
2332986053_864db84971.jpg,1.869062065e-06
2464259416_238ef13a2e.jpg,1.179689622e-06
3240048764_acce8af2a5.jpg,9.830063871e-07
3135504530_0f4130d8f8.jpg,1.522618456e-06
3705688385_47651205d3.jpg,9.058492424e-07
3027850131_a7772e0ba0.jpg,1.520041265e-06
2730819220_b58af1119a.jpg,1.584368952e-06
304408047_98bab3ea64.jpg,1.291006091e-06
3357708906_fb3a54dd78.jpg,1.566126768e-06
3490517179_76dbd690de.jpg,1.58285999e-06
3563461991_de05537878.jpg,1.788115977e-06
3244734844_c318c29c23.jpg,2.037936533e-06
3154293126_e52bd07524.jpg,1.465461008e-06
140526326_da07305c1c.jpg,1.122096901e-06
3608663656_9192a21eeb.jpg,1.479443972e-06
3655155990_b0e201dd3c.jpg,1.044797577e-06
861795382_5145ad433d.jpg,1.052593829e-06
3380407617_07b53cbcce.jpg,1.992960102e-06
3325129757_7a1979ac11.jpg,2.05353007e-06
2802337003_56e555cd30.jpg,7.848591055e-07
2095444126_201ff9f222.jpg,1.681094662e-06
280932151_ae14a67be5.jpg,2.036333375e-06
2800934095_b84a5009dd.jpg,9.053775687e-07
2534194182_ac53035cf4.jpg,1.159485976e-06
2579572274_826598b14a.jpg,1.33029073e-06
2826647354_650ff5eb03.jpg,1.392757366e-06
3453284877_8866189055.jpg,1.767665539e-06
3669564923_8fcb1a6eff.jpg,1.087208225e-06
2289096282_4ef120f189.jpg,7.087263232e-07
3708266246_97a033fcc7.jpg,2.139286098e-06
216172386_9ac5356dae.jpg,1.552767262e-06
3359563671_35b67898e7.jpg,1.972068842e-06
3232252882_05db7c2216.jpg,1.444286e-06
3014773357_f66bd09290.jpg,3.930032143e-06
1980315248_82dbc34676.jpg,9.222802142e-07
3343106500_27176fc544.jpg,9.227513647e-07
3540241710_a4f49cde52.jpg,1.836620588e-06
3317333893_9d0faa8d30.jpg,1.46773716e-06
2937497894_e3664a9513.jpg,6.832762731e-07
2911658792_6a6ef07e3a.jpg,5.661497436e-07
2470486377_c3a39ccb7b.jpg,1.256489455e-06
2534502836_7a75305655.jpg,1.702552868e-06
3612825666_54f5a2bc06.jpg,1.424419756e-06
2623496164_68ffeb5067.jpg,1.321761922e-06
2228167286_7089ab236a.jpg,1.564103365e-06
3128856481_86e5df4160.jpg,1.843826843e-06
2404692474_37da774368.jpg,1.957310533e-06
472661386_723aae880b.jpg,1.339429587e-06
3495490064_8db40a83af.jpg,1.136317111e-06
2882893687_1d10d68f2b.jpg,9.85635299e-07
3677239603_95865a9073.jpg,1.761451631e-06
616177206_0e16c33f6b.jpg,1.366345511e-06
2934837034_a8ca5b1f50.jpg,2.164368536e-06
641893280_36fd6e886a.jpg,1.740804773e-06
2059842472_f4fb61ea08.jpg,1.860811082e-06
1468962616_5803b4397f.jpg,1.953520125e-06
2278766574_f71f1704a8.jpg,1.092084873e-06
3249891874_6a090ef097.jpg,1.236016327e-06
17273391_55cfc7d3d4.jpg,9.537064129e-07
3134387513_ceb75bea0a.jpg,1.12277202e-06
2208055895_37cd8e1edf.jpg,1.791514923e-06
3346614841_698f9aa486.jpg,1.816303921e-06
2346772831_b2748ba1f0.jpg,1.198299553e-06
2709359730_13bca100af.jpg,1.861744927e-06
2069279767_fb32bfb2de.jpg,1.529572717e-06
2330536645_2d36b516e1.jpg,1.539403764e-06
2751694538_fffa3d307d.jpg,1.751759435e-06
3009047603_28612247d2.jpg,1.465319335e-06
3097171315_0ba7d283b1.jpg,1.267394953e-06
2935986346_29df6cf692.jpg,1.106978044e-06
2552816307_c7c8e7f6b4.jpg,1.837143144e-06
2893374123_087f98d58a.jpg,1.45550889e-06
3511890331_6163612bb9.jpg,1.251911649e-06
1177994172_10d143cb8d.jpg,1.357668365e-06
2881468095_d4ce8c0c52.jpg,1.132462932e-06
263522013_d118d46b2d.jpg,5.357627287e-07
2300920203_f29260b1db.jpg,1.881738801e-06
2374179071_af22170d62.jpg,1.277402404e-06
1433577867_39a1510c43.jpg,1.888591075e-06
110595925_f3395c8bd6.jpg,1.532997627e-06
2081446176_f97dc76951.jpg,1.567101035e-06
2759211664_d21393b668.jpg,1.199459117e-06
509778093_21236bb64d.jpg,1.13862505e-06
1771490732_0ab5f029ac.jpg,2.223749274e-06
430173345_86388d8822.jpg,1.327099164e-06
2873648844_8efc7d78f1.jpg,1.495532441e-06
3626689571_5817f99c0e.jpg,1.708965091e-06
3163477256_073605e06e.jpg,1.560783751e-06
3198962089_e647d1b0cd.jpg,1.165568662e-06
2057160636_6e9cf3b5f0.jpg,3.226421413e-06
3624327440_bef4f33f32.jpg,2.206473162e-06
185972340_781d60ccfd.jpg,7.489695242e-07
3393446245_37dd3f3b59.jpg,6.314203507e-07
3679407035_708774de34.jpg,1.850868825e-06
2855417531_521bf47b50.jpg,1.645172975e-06
109202801_c6381eef15.jpg,1.326976807e-06
309238565_2d5d8dc8bf.jpg,1.029008205e-06
367925122_335ed279a8.jpg,1.668369081e-06
2594336381_a93772823b.jpg,5.786378273e-07
3703107969_175da4b276.jpg,1.815394243e-06
2616009069_82561da2e5.jpg,1.196071393e-06
2081141788_38fa84ce3c.jpg,8.73041819e-07
519167484_ee03e2a91e.jpg,1.762170265e-06
2768248810_06d543c080.jpg,1.409790656e-06
58368365_03ed3e5bdf.jpg,2.005094188e-06
3086507638_d8a2cd0ac3.jpg,1.43400376e-06
3239480519_22540b5016.jpg,1.70963843e-06
2167644298_100ca79f54.jpg,1.816036379e-06
2956562716_5aa3f6ef38.jpg,8.91971791e-07
2088120475_d6318364f5.jpg,2.092831968e-06
544257613_d9a1fea3f7.jpg,2.397738918e-06
2076428547_738e0a132f.jpg,1.391868238e-06
3647170476_0fd71a4c9f.jpg,1.242415086e-06
2306674172_dc07c7f847.jpg,1.539304258e-06
354999632_915ea81e53.jpg,2.034526793e-06
138705546_be7a6845dd.jpg,1.06044048e-06
3647693147_0d0434351b.jpg,1.475873759e-06
2085557551_7a88d01d4e.jpg,1.748222511e-06
2263655670_517890f5b7.jpg,1.33638808e-06
574274795_57e0834e7d.jpg,2.621286848e-06
3138433655_ea1d59e5b7.jpg,2.115572247e-06
3677860841_3aa9d8036c.jpg,1.1201116e-06
3544669026_1b5c0e6316.jpg,1.366244181e-06
3317073508_7e13565c1b.jpg,1.378794834e-06
3202360797_2084743e90.jpg,1.735380799e-06
3265527323_6431f00692.jpg,1.73637668e-06
478592803_f57cc9c461.jpg,1.731684886e-06
1332722096_1e3de8ae70.jpg,1.973595358e-06
2650620212_0586016e0d.jpg,1.861721524e-06
2973272684_4d63cbc241.jpg,1.489775584e-06
478208896_90e7187b64.jpg,7.911578949e-07
2818735880_68b3dfe1f5.jpg,1.030729941e-06
3138562460_44227a35cf.jpg,1.399967571e-06
3228793611_8f260ea500.jpg,1.927278284e-06
2390778197_4d9d03d4b9.jpg,1.252788284e-06
319847643_df7c2a1d25.jpg,2.257024103e-06
2923825744_ca125353f0.jpg,2.158151732e-06
3109780402_dbae082dc5.jpg,1.352696851e-06
1479857177_9d4a6f38fd.jpg,2.051657675e-06
3549011001_26cace3646.jpg,1.22460928e-06
493542985_c85ad29ebe.jpg,7.925661411e-07
315125146_d9a8e60061.jpg,1.763022196e-06
3372251830_baa3665928.jpg,1.876013515e-06
2766726291_b83eb5d315.jpg,1.58209484e-06
2676184321_858eff416b.jpg,1.968674859e-06
3553476195_fb3747d7c1.jpg,2.409693617e-06
2632381125_de32bdfdf6.jpg,1.653060509e-06
3561543598_3c1b572f9b.jpg,1.259242096e-06
3565021218_d2bc1aa644.jpg,1.618733118e-06
2943384009_c8cf749181.jpg,9.848639379e-07
3708244207_0d3a2b2f92.jpg,1.635983151e-06
2615811117_42b1838205.jpg,1.662298403e-06
2959941749_fa99097463.jpg,1.391006474e-06
3467282545_273a97b628.jpg,1.737115675e-06
1131932671_c8d17751b3.jpg,2.233995062e-06
269898095_d00ac7d7a4.jpg,9.137256303e-07
3528105511_12ff45dc9c.jpg,1.98717806e-06
140526327_3cb984de09.jpg,1.495449096e-06
2187720319_112d00f07d.jpg,1.09695233e-06
3652859271_908ae0ae89.jpg,1.590974172e-06
1034276567_49bb87c51c.jpg,2.176948771e-06
3573202338_f43dd22d28.jpg,1.677349899e-06
1479679558_d0a01bc62b.jpg,8.21769578e-07
3605100550_01214a1224.jpg,1.106729454e-06
233361142_d9d5f0cae9.jpg,1.293604824e-06
2965604928_435dc93bf7.jpg,1.089177246e-06
2613021139_4b0dc3d4c8.jpg,2.348032719e-06
3463922449_f6040a2931.jpg,2.35830871e-06
3057770908_3fd97f79f9.jpg,1.354999657e-06
2293149170_38fb2257ea.jpg,1.353599184e-06
854333409_38bc1da9dc.jpg,7.116152445e-07
1348957576_c4a78eb974.jpg,1.231559146e-06
262439544_e71cd26b24.jpg,6.599118039e-07
925491651_57df3a5b36.jpg,1.990969134e-06
2250555512_71670078f5.jpg,2.824741481e-06
3485816074_363cab4bff.jpg,1.220877845e-06
3245266444_2e798096e6.jpg,2.166550753e-06
2278110011_ba846e7795.jpg,1.021323354e-06
2640153227_57cf1a3d92.jpg,1.144287429e-06
3596459539_a47aa80612.jpg,1.510632338e-06
2994179598_a45c2732b5.jpg,1.43934352e-06
1332823164_c70a5d930e.jpg,1.268192301e-06
241347067_e58d05dbdc.jpg,1.96038438e-06
3042381160_ffe2b16808.jpg,1.17009041e-06
2348491126_30db0d46ef.jpg,1.920478142e-06
2944952557_8484f0da8f.jpg,1.023186854e-06
2584957647_4f9235c150.jpg,2.333494507e-06
2718495608_d8533e3ac5.jpg,1.59160524e-06
608257195_6ec6f48e37.jpg,9.697508607e-07
241345427_ece0d186c2.jpg,2.091937995e-06
3110614694_fecc23ca65.jpg,2.202661446e-06
3382679230_baef3d1eaa.jpg,1.547502684e-06
3051998298_38da5746fa.jpg,1.605835393e-06
3211199368_ca78387f72.jpg,1.314059064e-06
3274691778_94bb57bba3.jpg,1.152277257e-06
3357194782_c261bb6cbf.jpg,1.788400677e-06
2603792708_18a97bac97.jpg,1.759403187e-06
489065557_0eb08889cd.jpg,9.574718001e-07
2268601066_b018b124fd.jpg,1.338722082e-06
3163068926_d28ed3ef53.jpg,1.740427144e-06
3697675767_97796334e4.jpg,1.166251389e-06
2907073768_08fd7bdf60.jpg,7.416774232e-07
2346629210_8d6668d22d.jpg,1.621854557e-06
3060594966_030658d318.jpg,1.463954729e-06
2083434441_a93bc6306b.jpg,1.52943018e-06
2677656448_6b7e7702af.jpg,2.00096206e-06
460478198_83039f2593.jpg,8.508817886e-07
452416075_60b2bb5832.jpg,1.773661867e-06
3166578139_33500f7e8a.jpg,1.632089398e-06
3319899418_4bcf1b00d8.jpg,1.978447175e-06
368954110_821ccf005c.jpg,7.087166127e-07
843616798_5ab0ecb525.jpg,1.769207594e-06
1313693129_71d0b21c63.jpg,1.123456019e-06
2077079696_03380d218b.jpg,1.721096842e-06
2477121456_1ac5c6d3e4.jpg,1.676902535e-06
385186343_464f5fc186.jpg,2.293879296e-06
3184891327_8785194e3c.jpg,9.362002885e-07
934375844_dd149fed18.jpg,2.15260522e-06
746787916_ceb103069f.jpg,1.463629608e-06
2753531542_ace2c870b7.jpg,1.109770649e-06
3036596725_541bbe0955.jpg,2.186950883e-06
3531811969_49af4c22f0.jpg,1.551592086e-06
3537452619_3bd79f24e0.jpg,1.427478885e-06
537628742_146f2c24f8.jpg,1.704668893e-06
3584196366_a4b43d6644.jpg,1.53454323e-06
3520617304_e53d37f0af.jpg,1.676203715e-06
460195978_fc522a4979.jpg,1.498760727e-06
2723929323_70b93a74ea.jpg,1.944942321e-06
1119015538_e8e796281e.jpg,1.348590008e-06
3251460982_4578a568bb.jpg,1.745170176e-06
3384742888_85230c34d5.jpg,1.304110177e-06
2102360862_264452db8e.jpg,1.820911275e-06
433855742_c2a6fda763.jpg,1.056924025e-06
2834103050_512e5b330a.jpg,8.634103617e-07
2542037086_58c833699c.jpg,9.694702771e-07
2775744946_1ab5d500a2.jpg,1.698494954e-06
3139876823_859c7d7c23.jpg,1.329060738e-06
2477623312_58e8e8c8af.jpg,1.392432563e-06
3044359043_627488ddf0.jpg,1.435792169e-06
1984936420_3f3102132b.jpg,1.381808434e-06
3692836015_d11180727b.jpg,1.320253558e-06
2932498509_27cb0038ec.jpg,1.344127696e-06
3556598205_86c180769d.jpg,1.579276792e-06
189721896_1ffe76d89e.jpg,1.381948613e-06
3700004668_99c3e3f55b.jpg,1.579079681e-06
3690431163_1d81e19549.jpg,1.228339884e-06
3372167201_f7f909d480.jpg,1.084414924e-06
350529848_9569a3bcbc.jpg,1.909839119e-06
311267421_e204e643cf.jpg,1.031314742e-06
3081330705_7a1732e12c.jpg,1.235109268e-06
3383037991_8f07784b81.jpg,1.625257524e-06
3557148230_7fc843e5de.jpg,1.227517603e-06
358114269_96fdb5f7c3.jpg,2.058358366e-06
272988646_1588bde6a8.jpg,1.473231027e-06
1472053993_bed67a3ba7.jpg,1.803114724e-06
2422302286_385725e3cf.jpg,1.915649259e-06
2720985888_8f5920e8cf.jpg,2.25363674e-06
3215315009_47577bf8f7.jpg,1.142884172e-06
3050976633_9c25cf6fa0.jpg,1.685910893e-06
3323076458_3ce72a1dae.jpg,1.579554459e-06
3372215826_b3e6403b2e.jpg,2.294327466e-06
3547704737_57d42d5d9d.jpg,1.549069585e-06
1339596997_8ac29c1841.jpg,1.027675002e-06
3360876049_9047edeab9.jpg,1.052080691e-06
2698487246_e827404cac.jpg,1.604687306e-06
3381161854_af8b05243c.jpg,1.56750207e-06
2970183443_accd597e0a.jpg,1.489444832e-06
1433142189_cda8652603.jpg,1.974912815e-06
836828001_af98d16256.jpg,1.54520475e-06
2991771557_d98fa0a69f.jpg,1.395433671e-06
468310111_d9396abcbd.jpg,1.181174239e-06
3472485022_5d03e9852d.jpg,1.190414792e-06
327415627_6313d32a64.jpg,1.135104746e-06
3337046794_296bd2c7e0.jpg,7.62896516e-07
3710468717_c051d96a5f.jpg,1.021567091e-06
3343900764_2a4c0405f9.jpg,6.58328192e-07
2298077331_f9a1488067.jpg,1.079620497e-06
3263946591_a1558b77d3.jpg,8.315811013e-07
3251646144_d9f4ccca3f.jpg,4.854888434e-07
811663364_4b350a62ce.jpg,1.583804499e-06
397547349_1fd14b95af.jpg,1.158577264e-06
1998255400_0cd086908f.jpg,2.044604e-06
537222436_ab406234ce.jpg,1.905953547e-06
284279868_2ca98e3dcd.jpg,8.767941797e-07
3451345621_fe470d4cf8.jpg,8.31765319e-07
3091382602_60b9b53ed1.jpg,1.74722067e-06
98377566_e4674d1ebd.jpg,7.720926487e-07
2524084967_a5e011b73d.jpg,2.0027101e-06
1402641725_5e027ecaa7.jpg,1.809140268e-06
3535879138_9281dc83d5.jpg,9.078496402e-07
536828916_b763b82949.jpg,1.646948643e-06
3560726559_4c4bed9f2d.jpg,1.617184018e-06
544576742_283b65fa0d.jpg,1.31112205e-06
436013859_793d870b6f.jpg,7.903797359e-07
1643915227_9f48068772.jpg,8.520517186e-07
506412121_67ecc7ec05.jpg,3.528764104e-06
274313927_404d0e94ab.jpg,7.684877136e-07
523249012_a0a25f487e.jpg,8.831408951e-07
1131804997_177c3c0640.jpg,1.33610858e-06
2412390588_a89cab30f4.jpg,1.309901048e-06
2074244690_82e30ff44b.jpg,1.644843843e-06
2458269558_277012780d.jpg,1.748916034e-06
2975073156_7543ed326f.jpg,1.999387989e-06
3026102616_3cf350af9e.jpg,1.792583181e-06
3687222696_85bf6f78f7.jpg,1.333304852e-06
3343311201_eeb1a39def.jpg,1.201984882e-06
2524003134_580e74328b.jpg,1.964171068e-06
3251976937_20625dc2b8.jpg,2.077237017e-06
2978394277_4572967b97.jpg,1.226251558e-06
2049646140_d0de01e3c4.jpg,1.397021019e-06
2899089320_3e7f6bbaca.jpg,1.917885001e-06
3086526292_f799d237c7.jpg,8.72926915e-07
3455419642_894d03f153.jpg,1.691332455e-06
386470686_1ae9242878.jpg,8.025353258e-07
2805822564_6dee48e506.jpg,1.945475878e-06
3231596071_f0c522a639.jpg,1.707485865e-06
2586532797_dcf22a5021.jpg,1.052419275e-06
1468429623_f001988691.jpg,1.413037704e-06
3454149297_01454a2554.jpg,1.865124247e-06
2533414541_362bf043bb.jpg,1.269640316e-06
2456615908_59cdac6605.jpg,1.072785217e-06
3276475986_66cd9cc7e4.jpg,1.183512824e-06
2665264979_df9c284bf8.jpg,8.277226767e-07
566794036_60f7acdf35.jpg,1.301661686e-06
2735290454_1bd8bc5eac.jpg,2.03046333e-06
1428681303_04213524e3.jpg,1.354321863e-06
241347580_a1e20321d3.jpg,2.011274685e-06
2933912528_52b05f84a1.jpg,9.907367092e-07
326456451_effadbbe49.jpg,2.041104179e-06
2405978603_6221b0c2e7.jpg,2.119986287e-06
3126981064_1e803c3d7f.jpg,1.184347367e-06
405331006_4e94e07698.jpg,5.607051231e-07
1522787272_5a31497ef2.jpg,1.716583975e-06
475042270_719ebe6c48.jpg,1.232749126e-06
3422146099_35ffc8680e.jpg,2.212723732e-06
330849796_c575c3108a.jpg,1.603605628e-06
449287870_f17fb825d7.jpg,9.869992313e-07
3097776588_312932e438.jpg,2.279967976e-06
2911245290_b2c79f328a.jpg,1.426602738e-06
1957371533_62bc720bac.jpg,1.406706307e-06
3671262694_29fbeb9d95.jpg,1.086007679e-06
2495394666_2ef6c37519.jpg,8.551766909e-07
2887614578_ed7ba21775.jpg,1.273298082e-06
2557972410_6925fe695c.jpg,1.186205238e-06
3126752627_dc2d6674da.jpg,7.922678799e-07
157139628_5dc483e2e4.jpg,1.786839739e-06
3690159129_93ba49ea18.jpg,1.753010102e-06
2249480913_e1695e5c28.jpg,1.560153851e-06
3652584682_5b5c43e445.jpg,1.41317706e-06
3246773992_89bf86937b.jpg,1.194317853e-06
2987576188_f82304f394.jpg,1.118876401e-06
2393264648_a280744f97.jpg,3.415114046e-06
2644920808_f5a214b744.jpg,2.25075504e-06
3062173277_bfb5ef4c45.jpg,9.684565628e-07
431410325_f4916b5460.jpg,1.855823414e-06
103205630_682ca7285b.jpg,3.904678755e-06
2337377811_8c81b40a64.jpg,1.132560068e-06
3259110412_9908c45144.jpg,9.402148477e-07
2322334640_d4d22619ff.jpg,1.218364843e-06
3466353172_deb128bbb0.jpg,2.136861761e-06
3636126441_5617c89aaa.jpg,1.088235749e-06
3406409018_03de95181e.jpg,9.43607675e-07
3226254560_2f8ac147ea.jpg,1.590162791e-06
3610189629_f46de92ab3.jpg,1.745618254e-06
2242863004_3a9f82a31f.jpg,1.000279004e-06
2554570943_122da6438f.jpg,1.726434919e-06
2333288869_8c01e4c859.jpg,1.364184135e-06
3457315666_b943111dec.jpg,4.628693969e-06
2955673642_4279b32097.jpg,1.182284796e-06
1527333441_af65636a74.jpg,1.477778052e-06
2180356743_b3a3c9a7f6.jpg,1.772352528e-06
2198964806_c57b0534d3.jpg,4.790814953e-07
3515904775_f8acc5909e.jpg,1.592523532e-06
246094557_e174a5914f.jpg,1.483645303e-06
427167162_2c99779444.jpg,1.916736906e-06
427082246_5bf1c3676f.jpg,8.551532739e-07
339658315_fbb178c252.jpg,1.089699672e-06
3411579899_0f8ed09142.jpg,1.313461324e-06
3701249979_8bc757e171.jpg,1.655657392e-06
2764178773_d63b502812.jpg,1.176866309e-06
401476986_73918145a3.jpg,2.389863292e-06
3631810528_7233c0f421.jpg,1.187231655e-06
2755952680_68a0a1fa42.jpg,1.756980575e-06
3606846822_28c40b933a.jpg,1.881275064e-06
684255145_db3f8e3e46.jpg,2.434001848e-06
3113682377_14fc7b62b0.jpg,1.16432404e-06
3334537556_a2cf4e9b9a.jpg,1.043297091e-06
464506846_1734302b58.jpg,1.241489407e-06
3156113206_53c2a7b5d8.jpg,5.027458944e-07
2218334049_e649dbdb1a.jpg,1.168794048e-06
1087539207_9f77ab3aaf.jpg,1.356920576e-06
805682444_90ed9e1ef3.jpg,7.420278046e-07
3154152744_4e93ec8a62.jpg,1.395906181e-06
3641999223_942f8198cc.jpg,1.236360781e-06
2934325103_e9b8d7430f.jpg,1.116115429e-06
3301935788_2bb7bbc515.jpg,1.85705873e-06
2929669711_b2d5a640f0.jpg,1.61665137e-06
2478929971_9eb6c074b6.jpg,7.339244444e-07
1476241331_2f43b67aed.jpg,9.402199224e-07
2480021389_dda9fb2818.jpg,1.796246395e-06
2921430836_3b4d062238.jpg,1.773918571e-06
3245939062_8ffe1d2be5.jpg,1.425699434e-06
2489602993_896c1ea40a.jpg,1.805010504e-06
3134387321_3a253224c1.jpg,1.156662267e-06
1056873310_49c665eb22.jpg,7.015222157e-07
862054277_34b5a6f401.jpg,1.715743741e-06
3621177753_1718c30ea0.jpg,1.17568672e-06
2097489021_ca1b9f5c3b.jpg,1.984392994e-06
3079786914_fe598b0e54.jpg,1.888478274e-06
3107368071_724613fc4f.jpg,1.366585063e-06
1358892595_7a37c45788.jpg,1.759379244e-06
3018467501_a03d404413.jpg,1.595550635e-06
477768471_d7cd618fdb.jpg,2.126477277e-06
3275527950_41aca690a1.jpg,1.715395998e-06
2866696346_4dcccbd3a5.jpg,2.18133665e-06
2814406547_a237ef0122.jpg,1.236739628e-06
3593556797_46b49a02a8.jpg,2.076268122e-06
3512033861_a357bb58b6.jpg,1.163804941e-06
2196284168_76417efbec.jpg,2.401999253e-06
3218480482_66af7587c8.jpg,1.052536189e-06
159712188_d530dd478c.jpg,1.013882017e-06
3348384389_73b6647017.jpg,2.170929181e-06
701816897_221bbe761a.jpg,1.669657005e-06
3119903318_d032141839.jpg,1.87524473e-06
3711664623_ef87105ea7.jpg,1.400473978e-06
3353328134_dd9ed0edab.jpg,9.027112939e-07
3014080715_f4f0dbb56e.jpg,1.255178318e-06
2731171552_4a808c7d5a.jpg,1.587014606e-06
3111502208_71e2a414f5.jpg,7.213818481e-07
1348113612_5bfc5f429e.jpg,1.38050823e-06
3306464579_1b16a0caf2.jpg,1.808297381e-06
3648988742_888a16f600.jpg,1.869106631e-06
2234702530_a265a4df22.jpg,1.943419938e-06
947969010_f1ea572e89.jpg,1.43140294e-06
305199420_89f6ddd778.jpg,1.343475119e-06
2887750774_920eb171aa.jpg,1.529967344e-06
3039209547_81cc93fbec.jpg,3.318230237e-06
405537503_f66ecc5073.jpg,1.303742335e-06
2473791980_805c819bd4.jpg,1.35821497e-06
480607352_65614ab348.jpg,1.631653771e-06
3314517351_69d70e62bd.jpg,1.183444939e-06
241345446_2e47ae8ddc.jpg,2.475088001e-06
3330935489_9cb67ca36b.jpg,6.596591622e-07
482088914_e6ea4501e9.jpg,1.177070325e-06
1449692616_60507875fb.jpg,1.485628292e-06
3386953179_84c2d7922f.jpg,1.485725746e-06
56489627_e1de43de34.jpg,1.017928528e-06
957230475_48f4285ffe.jpg,1.863296856e-06
134894450_dadea45d65.jpg,7.794602117e-07
278002947_3fd22a2cb6.jpg,7.386583642e-07
3421104520_6a71185b3c.jpg,1.512905804e-06
241346260_f50d57b517.jpg,1.836431011e-06
3371533654_73a12a35a4.jpg,1.616817815e-06
1022454428_b6b660a67b.jpg,1.578182958e-06
3652764505_87139e71f8.jpg,1.55467124e-06
2916586390_664f0139ea.jpg,1.447984674e-06
181777261_84c48b31cb.jpg,1.586423648e-06
3349451628_4249a21c8f.jpg,7.767709611e-07
3108378861_d2214d971e.jpg,1.296746839e-06
1348304997_afe60a61df.jpg,8.03664815e-07
3268407162_6274e0f74f.jpg,1.160990372e-06
503794526_603a7954d3.jpg,5.437931397e-07
2689163361_4939875be5.jpg,1.007602169e-06
956164675_9ee084364e.jpg,1.712016262e-06
2063277300_f7ff476914.jpg,1.253490132e-06
3028404926_2bd27e3e83.jpg,1.702463601e-06
393987665_91d28f0ed0.jpg,1.135390487e-06
2635905544_dbc65d0622.jpg,1.12170993e-06
3170802797_3c851bb475.jpg,1.522961514e-06
496129405_b9feeda1ab.jpg,1.217956759e-06
464527562_a18f095225.jpg,1.296956057e-06
1342766791_1e72f92455.jpg,1.674070819e-06
264928854_d9e61f3a8e.jpg,7.110562996e-07
333973142_abcd151002.jpg,1.046565613e-06
3629492654_619d7b67ee.jpg,7.055409666e-07
1921398767_771743bf4e.jpg,1.286740527e-06
242558556_12f4d1cabc.jpg,2.467991823e-06
2439813616_c9ac54cc9f.jpg,1.28072916e-06
2144049642_070cf541b4.jpg,1.137542247e-06
3375920709_ef7370fa09.jpg,2.272455877e-06
2537119659_fa01dd5de5.jpg,1.349560072e-06
3635177305_bfbe1fc348.jpg,1.384240191e-06
3361210233_962d630ec5.jpg,1.229528532e-06
3532192208_64b069d05d.jpg,2.242775567e-06
516725192_c9cdd63878.jpg,2.366856011e-06
2860372882_e0ef4131d4.jpg,2.071760239e-06
3632258003_6a0a69bf3a.jpg,1.168253423e-06
1311132744_5ffd03f831.jpg,2.354816283e-06
2754898893_95239c1f19.jpg,1.453848253e-06
1452361926_6d8c535e32.jpg,1.768417543e-06
3487419819_e3f89444ce.jpg,1.974771485e-06
2824922268_3fafb64683.jpg,9.856799304e-07
3474985382_26e1560338.jpg,1.437315473e-06
3381038951_225bb163af.jpg,1.657717141e-06
2470588201_955132a946.jpg,2.250179157e-06
2975018306_0e8da316f5.jpg,2.009457625e-06
2949762776_52ece64d28.jpg,1.669174827e-06
2482629385_f370b290d1.jpg,1.03909477e-06
2993167183_2bda95fa3d.jpg,1.406660304e-06
2328106090_b7c2725501.jpg,1.621843997e-06
1322323208_c7ecb742c6.jpg,1.899949157e-06
2578003921_e23b78e85f.jpg,7.198535028e-07
3321334180_8f764e0e0f.jpg,1.375678619e-06
3373544964_c9f1253b7d.jpg,1.212734889e-06
444881000_bba92e585c.jpg,1.468509299e-06
236518934_c62a133077.jpg,1.758417843e-06
3295418287_5d590dac43.jpg,1.271746103e-06
3138746531_f6b816c126.jpg,1.161807687e-06
2971431335_e192613db4.jpg,2.081518943e-06
3199460792_deef518c01.jpg,1.984633475e-06
1082379191_ec1e53f996.jpg,1.748871077e-06
2921670682_6a77a6c3e9.jpg,1.164368877e-06
2393971707_bce01ae754.jpg,1.429276737e-06
241345905_5826a72da1.jpg,2.197254985e-06
3467843559_a457ce37b6.jpg,1.129854322e-06
2561334141_0aacefa5e7.jpg,2.129026373e-06
3662963630_8f097e38d4.jpg,1.844782397e-06
3498417123_3eae6bbde6.jpg,1.107817329e-06
2156131463_5b53636cf0.jpg,1.901617006e-06
749840385_e004bf3b7c.jpg,2.312567045e-06
334737767_7f344eee16.jpg,2.227120059e-06
640203018_c0e7175831.jpg,1.231377224e-06
3323514651_3efdbd63ed.jpg,1.149667667e-06
1007320043_627395c3d8.jpg,1.277225159e-06
2185793891_5a5e903ca6.jpg,2.188994568e-06
2692635048_16c279ff9e.jpg,5.847834611e-07
2842439618_fb20fe2215.jpg,1.86345967e-06
2308271254_27fb466eb4.jpg,1.336619328e-06
2326879311_555ebef188.jpg,1.673718766e-06
2561341745_2d77d3ff7d.jpg,1.773140465e-06
2506892928_7e79bec613.jpg,6.620579861e-07
1164765687_7aca07bbe7.jpg,1.584951296e-06
3345025842_bc2082a509.jpg,1.243552279e-06
827941668_2e4ac6cb39.jpg,1.161425712e-06
344078103_4b23931ce5.jpg,1.581219437e-06
408748500_e8dc8c0c4f.jpg,1.686342268e-06
2085403342_a17b0654fe.jpg,8.484341464e-07
2501942587_e59b91d1da.jpg,1.082905028e-06
3025438110_40af7e6a80.jpg,1.052953876e-06
977856234_0d9caee7b2.jpg,1.863101822e-06
3118425885_f0cc035032.jpg,1.619610547e-06
3694991841_141804da1f.jpg,9.668955648e-07
3165826902_6bf9c4bdb2.jpg,1.381376473e-06
3532194771_07faf20d76.jpg,2.024628616e-06
3156406419_38fbd52007.jpg,2.33144957e-06
2797188545_aeb26c54c0.jpg,8.416717663e-07
3480052428_c034b98a08.jpg,1.45414983e-06
3207343907_995f7ac1d2.jpg,1.088428034e-06
3367053761_8ec5834bf3.jpg,1.601081325e-06
297285273_688e44c014.jpg,1.042882164e-06
3326273086_e09e845185.jpg,9.044860216e-07
2534652796_c8a23288ab.jpg,1.059249416e-06
3549140234_e99b07c739.jpg,1.931088476e-06
708945669_08e7ffb9a7.jpg,8.180614914e-07
2885382946_f541ea5722.jpg,1.412271407e-06
489773343_a8aecf7db3.jpg,1.862665452e-06
27782020_4dab210360.jpg,1.07417295e-06
2537197415_af7c30dfc8.jpg,1.587768882e-06
2608289957_044849f73e.jpg,1.400030186e-06
3284460070_6805990149.jpg,1.070436955e-06
1818403842_553a2a392c.jpg,1.960110545e-06
2437266971_b91a8f9a00.jpg,7.637872217e-07
3427118504_93126c83e0.jpg,1.467726831e-06
3195147187_a073d59fa8.jpg,2.127388646e-06
1449625950_fc9a8d02d9.jpg,6.080786609e-07
2165677531_e1d5e086f7.jpg,1.207816893e-06
781118358_19087c9ec0.jpg,1.547169902e-06
454709143_9c513f095c.jpg,9.524462761e-07
987907964_5a06a63609.jpg,1.704653427e-06
386655611_1329495f97.jpg,9.611317704e-07
859620561_de417cac1e.jpg,1.667372111e-06
944788251_a0bcd4b960.jpg,1.020785293e-06
3004359992_f6b3617706.jpg,2.101848756e-06
3295680663_af21ea648b.jpg,1.539649927e-06
2541701582_0a651c380f.jpg,1.245837329e-06
219843859_94b6d0a580.jpg,1.542515564e-06
242064301_a9d12f1754.jpg,1.630180458e-06
246901891_4c4ea49c3a.jpg,1.253059921e-06
446291803_2fd4641b99.jpg,1.105856597e-06
3178371973_60c6b8f110.jpg,1.768453554e-06
388386075_9ac3a89ada.jpg,2.066920221e-06
374124237_51f62b6937.jpg,1.955754456e-06
2971298546_dd595cf297.jpg,1.173555175e-06
3187117682_986ffd6b67.jpg,1.898164181e-06
3134092148_151154139a.jpg,1.840263405e-06
3542484764_77d8920ec9.jpg,1.302654014e-06
1107246521_d16a476380.jpg,1.234403235e-06
3490186050_4cb4193d4d.jpg,2.048948972e-06
2298661279_016d87ba2f.jpg,1.451040921e-06
3694093650_547259731e.jpg,1.273384377e-06
2615623392_ab2b9759ae.jpg,1.814028658e-06
1428578577_82864facae.jpg,2.017558058e-06
3093971101_543237971d.jpg,1.808731418e-06
3280173193_98c2d6a223.jpg,1.537718513e-06
2284894733_b710b9b106.jpg,1.151198193e-06
2947172114_b591f84163.jpg,7.560489062e-07
742073622_1206be8f7f.jpg,1.071438765e-06
3122938209_2b2c6c1fab.jpg,1.347426729e-06
2698197294_ccd9327ef6.jpg,1.244172525e-06
2934000107_d2ff15c814.jpg,1.843070531e-06
2819254573_9ecb5f4d5e.jpg,1.411064936e-06
3095137758_bdd1e613dd.jpg,1.326811612e-06
3462396164_ba9849c14b.jpg,1.122671261e-06
495014499_8fd065cfd9.jpg,1.093989961e-06
2422482455_b98d9c2120.jpg,1.340849558e-06
1240297429_c36ae0c58f.jpg,3.172734873e-06
820169182_f5e78d7d19.jpg,2.207714715e-06
2207244634_1db1a1890b.jpg,2.012030432e-06
3463034205_e541313038.jpg,1.01975625e-06
1117972841_2b9261f95f.jpg,1.33920907e-06
2908512223_7e27631ed4.jpg,1.261977458e-06
2097407245_c798e0dcaf.jpg,1.046997881e-06
3383491811_fd9d3a891d.jpg,2.221207401e-06
3549408779_4d453db080.jpg,1.539343578e-06
3215117062_6e07a86352.jpg,1.573345623e-06
3173157541_70b16b4318.jpg,1.674640688e-06
3632047678_f202609e50.jpg,1.627969126e-06
2964438493_413667c04a.jpg,1.185560659e-06
2769731772_18c44c18e2.jpg,1.118302695e-06
3351493005_6e5030f596.jpg,1.403660962e-06
3727752439_907795603b.jpg,1.582282694e-06
247778426_fd59734130.jpg,1.96164136e-06
1357753846_6185e26040.jpg,1.609636748e-06
3382105769_b1a4e4c60d.jpg,1.18144267e-06
225909073_25c3c33a29.jpg,1.753086092e-06
3533145793_5d69f72e41.jpg,8.768399219e-07
2978810122_183e60ff2d.jpg,1.990544759e-06
455856615_f6361d9253.jpg,1.406382555e-06
3286543624_7a327f79ae.jpg,2.103942799e-06
2574084102_f2be3f73cb.jpg,2.358220776e-06
3336065481_2c21e622c8.jpg,7.235249413e-07
3254662117_b2e7dede6e.jpg,2.32331853e-06
1397923690_d3bf1f799e.jpg,1.562510876e-06
3690107455_0fdb4ecee7.jpg,1.63391611e-06
3334866049_f5933344aa.jpg,1.52158434e-06
2319197581_94f807b204.jpg,1.365345627e-06
2787276494_82703f570a.jpg,9.763956914e-07
2707244524_d57120d74a.jpg,9.291966441e-07
3217910740_d1d61c08ab.jpg,2.01571803e-06
3537201804_ce07aff237.jpg,1.235907314e-06
946051430_8db7e4ce09.jpg,1.411271056e-06
561179884_8b6b925ef9.jpg,9.347693741e-07
2613993276_3c365cca12.jpg,2.140412228e-06
300765528_8c8f709dda.jpg,1.789320048e-06
2244024374_54d7e88c2b.jpg,1.677116792e-06
2527713011_b0ec25aa54.jpg,1.488082267e-06
3343197133_9256848fa9.jpg,2.05556169e-06
3668259129_e073af1533.jpg,1.84210456e-06
3510219078_670b6b3157.jpg,2.270066528e-06
3303787342_b258b377b6.jpg,1.226745738e-06
3219210794_4324df188b.jpg,1.154988128e-06
3063544435_10516c6937.jpg,1.279822673e-06
3100442775_6e2659b973.jpg,1.538916708e-06
3118505332_b0792489b5.jpg,2.126344863e-06
3595412126_4020d4643b.jpg,1.556757353e-06
3457604528_302396c08c.jpg,1.140099571e-06
3585488964_1467945775.jpg,1.759297847e-06
2277299634_e14bdb7ff7.jpg,2.259791444e-06
3259231890_16fe167b31.jpg,1.611472472e-06
2826769554_85c90864c9.jpg,1.40510704e-06
822836318_21544f0f78.jpg,2.006538388e-06
3396817186_b299ee0531.jpg,9.918502381e-07
3553225222_f5ebe44af1.jpg,1.799088536e-06
2424976964_98f58a0618.jpg,1.575617888e-06
2165461920_1a4144eb2b.jpg,1.705998331e-06
2693539377_5442430f81.jpg,1.505846819e-06
3400135828_0ac128b6eb.jpg,1.844499722e-06
2825483885_3f7c54db3e.jpg,1.529452919e-06
2880051254_e0ca96b6be.jpg,1.034364505e-06
3046431231_dc48851062.jpg,1.106464318e-06
263850317_5bb3a18a08.jpg,2.306959325e-06
3687996569_99163a41c3.jpg,1.270056097e-06
2578161080_e007c9177a.jpg,9.623854929e-07
224702242_a62aaa6dff.jpg,9.91023455e-07
2884252132_5d8e776893.jpg,1.893609735e-06
3657016761_d553e514d9.jpg,1.297114136e-06
2872963574_52ab5182cb.jpg,1.68139699e-06
2975253472_0f0c2dea70.jpg,1.568723761e-06
3597146852_3d000a5d5f.jpg,9.060887026e-07
428485639_a82635d6ee.jpg,1.187653113e-06
2210368267_0615754b48.jpg,1.823820135e-06
543264612_c53cc163b4.jpg,1.941474508e-06
3381392182_db2c42430e.jpg,9.758928687e-07
3673165148_67f217064f.jpg,2.335179617e-06
2790909995_8b7a03d9d1.jpg,2.271683149e-06
3599568766_9e96def0ef.jpg,1.797309872e-06
3478591390_b526580644.jpg,2.288979068e-06
3222749441_3bdfe088e3.jpg,1.487387837e-06
35506150_cbdb630f4f.jpg,1.602162108e-06
3287549827_04dec6fb6e.jpg,8.306132376e-07
3186556417_b2d6921a20.jpg,1.26386935e-06
3148193539_de9dd48fc8.jpg,1.297633477e-06
3494723363_eaa6bc563b.jpg,1.785579803e-06
348380010_33bb0599ef.jpg,7.486069508e-07
3559993787_c49644dcc5.jpg,1.113681671e-06
3299418821_21531b5b3c.jpg,1.742231421e-06
494907021_321e82877a.jpg,1.565224311e-06
3362189985_fbae8f860a.jpg,1.643490146e-06
1572286502_64e5c4b920.jpg,1.140691758e-06
2344412916_9a5a9b1c82.jpg,9.878573232e-07
3182558164_488b819f14.jpg,1.428993247e-06
3558251719_3af5ae2d02.jpg,1.04560208e-06
3461110860_37ef15af8e.jpg,1.601277075e-06
425088533_a460dc4617.jpg,7.177418703e-07
2208310655_a3d83080c5.jpg,1.398646245e-06
3019923691_3b3c5a4766.jpg,1.974304051e-06
251792066_b5233b3d86.jpg,1.377401764e-06
2443380641_7b38d18f5b.jpg,1.329413778e-06
210126070_0d43b300b9.jpg,9.802986307e-07
2888386138_578d21033a.jpg,1.522416516e-06
2100816230_ff866fb352.jpg,2.404280758e-06
180506881_de0f59770f.jpg,2.662330467e-06
3244470342_c08f6bb17e.jpg,8.841890206e-07
1808370027_2088394eb4.jpg,1.432813047e-06
2984174290_a915748d77.jpg,1.634500134e-06
2565618804_8d7ed87389.jpg,1.402004278e-06
207275121_ee4dfa0bf2.jpg,1.649300666e-06
3294202771_e8ee78a439.jpg,1.631893324e-06
3515451715_ac5ac04efa.jpg,5.613253888e-07
369186134_5eef374112.jpg,1.82522306e-06
3136688093_568b053bdf.jpg,2.198704224e-06
3259991972_fce3ab18b2.jpg,1.109471406e-06
3273625566_2454f1556b.jpg,1.688357646e-06
2719101587_4ba70dee14.jpg,1.483889888e-06
300222673_573fd4044b.jpg,1.179077077e-06
3682038869_585075b5ff.jpg,1.372777369e-06
525887861_4cc7a1beca.jpg,1.84438471e-06
3123770450_cedc16d162.jpg,1.988266688e-06
2899594400_61b4f6c114.jpg,1.165031213e-06
2192475933_d779bf42eb.jpg,1.747182953e-06
319870744_0e0138d205.jpg,1.341481803e-06
930748509_8ca5cf5c24.jpg,1.524231319e-06
3618115051_41b5a7706c.jpg,9.571176645e-07
267836606_bbea2267c8.jpg,1.259958953e-06
2954525375_9d5ca97341.jpg,1.214935439e-06
3241726740_6d256d61ec.jpg,1.809569158e-06
3360823754_90967276ec.jpg,1.043335339e-06
3074617663_2f2634081d.jpg,8.130534652e-07
470887791_86d5a08a38.jpg,1.493663918e-06
3261493263_381a4c5cc7.jpg,1.229171629e-06
534200447_b0f3ff02be.jpg,1.203712678e-06
488352274_9a22064cb3.jpg,1.612796605e-06
3677734351_63d60844cb.jpg,1.262075986e-06
2528489543_546c1ca81f.jpg,1.282790565e-06
3179336562_c3d0c0a3bd.jpg,5.049807377e-07
3152317129_177b4678b7.jpg,1.809090266e-06
2273799395_5072a5736d.jpg,7.730930453e-07
3260768565_2b725be090.jpg,2.101267693e-06
2558911884_856dfc3951.jpg,1.536618694e-06
3166366760_e43cf66eda.jpg,1.510758381e-06
519754987_51861fea85.jpg,1.700460425e-06
2340919359_f56787d307.jpg,1.831340798e-06
3176277818_235486a3cd.jpg,1.096570309e-06
2467856402_0490413d38.jpg,1.680479549e-06
281754914_bc8119a0ed.jpg,6.53411374e-07
3303797949_339bb969ba.jpg,2.040279678e-06
3593220756_5c416c3ceb.jpg,7.330670067e-07
3304030264_da3dd18c7b.jpg,1.010568337e-06
247619370_a01fb21dd3.jpg,2.022876082e-06
3401902253_cd27e6d0fe.jpg,1.658661592e-06
3050114829_18bc5a6d7c.jpg,5.366099262e-06
1129704496_4a61441f2c.jpg,1.52152219e-06
2266144051_614b2d62b0.jpg,1.585068367e-06
3712574653_e009f76d19.jpg,1.844171241e-06
502783522_3656f27014.jpg,1.124998332e-06
2218907190_5f43bf5e4d.jpg,7.628821899e-07
3014169370_fc4059352e.jpg,7.62169825e-07
2679851489_a58780291e.jpg,1.246470652e-06
2768021570_46bc6325e3.jpg,1.682557345e-06
3064097919_e536ab9693.jpg,1.098684925e-06
1299459562_ed0e064aee.jpg,1.189350988e-06
2593406865_ab98490c1f.jpg,2.058322702e-06
2141065212_463a6997e1.jpg,1.31028486e-06
3453019315_cfd5c10dae.jpg,9.424161404e-07
3462512074_2b4db1ffd6.jpg,1.554172472e-06
3556792157_d09d42bef7.jpg,1.686402791e-06
2643309379_2cde08516c.jpg,1.816553651e-06
2696866120_254a0345bc.jpg,6.601764166e-07
2706430695_3b5667741c.jpg,1.13079959e-06
3474406285_01f3d24b71.jpg,1.399914464e-06
2695085448_a11833df95.jpg,9.470677128e-07
2562463210_d0dfd545ca.jpg,9.523655674e-07
3574244361_715ac347cd.jpg,2.238932128e-06
485741580_ab523fa657.jpg,1.168070702e-06
2480327661_fb69829f57.jpg,2.060892198e-06
2300168895_a9b83e16fc.jpg,1.215466839e-06
3050264832_4215f2b398.jpg,7.551811266e-07
458004873_f084c47a88.jpg,1.313443904e-06
191003285_edd8d0cf58.jpg,1.969785356e-06
2288099178_41091aa00c.jpg,1.3796332e-06
3274375509_4fe91a94c0.jpg,1.941008188e-06
3319586526_3994e9cd58.jpg,1.209362562e-06
2393196444_8f4f540f5f.jpg,1.124847789e-06
2838085973_42b6e9b5b1.jpg,1.480148721e-06
2704362232_7d84503433.jpg,2.001892516e-06
2045562030_654ddea5e5.jpg,1.897184273e-06
1332492622_8c66992b62.jpg,6.811892633e-07
2367318629_b60cf4c4b3.jpg,1.56889009e-06
2729147877_c3ec3445bf.jpg,1.365271398e-06
481732592_b50194cb89.jpg,1.13096044e-06
2772532341_c4597a94ed.jpg,1.185271396e-06
3017656907_c3b137e070.jpg,1.846691207e-06
3486538055_bcf4d3dfda.jpg,1.066306579e-06
2234910971_80e0325918.jpg,1.869317127e-06
2991993027_36ac04e9a0.jpg,1.49774136e-06
2832453252_a06f7826a8.jpg,1.25674965e-06
2527163162_d0fb802992.jpg,9.472802332e-07
2992658871_ac786d37a6.jpg,8.532128791e-07
1248357227_2b4175fc39.jpg,1.692201027e-06
2055646179_169807fed4.jpg,1.513509894e-06
3482859574_3908de3427.jpg,8.027645246e-07
2848571082_26454cb981.jpg,9.997801563e-07
3428386573_670f5362f0.jpg,1.683408482e-06
2873431806_86a56cdae8.jpg,1.360207251e-06
2249865945_f432c8e5da.jpg,1.857405462e-06
514905846_b54d13946a.jpg,1.166828008e-06
469259974_bb03c15c42.jpg,1.904379794e-06
2900048238_74bd69d87d.jpg,1.442948148e-06
543603259_ef26d9c72d.jpg,7.322574747e-07
2239938351_43c73c887c.jpg,1.218647069e-06
535309053_ec737abde8.jpg,9.226915507e-07
2034553054_b00c166895.jpg,1.207471792e-06
3406930103_4db7b4dde0.jpg,1.825095795e-06
2096771662_984441d20d.jpg,1.63859604e-06
2594459477_8ca0121a9a.jpg,1.308001731e-06
3117336911_a729f42869.jpg,9.823757188e-07
3351418768_596ef7fd6f.jpg,1.573271539e-06
3619806638_7480883039.jpg,1.881084671e-06
2603690144_7a28b1d13c.jpg,1.142825479e-06
3497502407_ec566442c9.jpg,8.35791989e-07
2159447283_fab8c272b0.jpg,2.062772686e-06
3235746553_a40416c00e.jpg,2.052397497e-06
2188192752_09d9fc5431.jpg,1.31384335e-06
3491013009_572cf2c18a.jpg,1.871167998e-06
3411393875_a9ff73c67a.jpg,1.129103877e-06
3656906086_7034f69ab6.jpg,2.087264763e-06
2720215226_5a98ff2bd3.jpg,2.804289509e-06
2343879696_59a82f496f.jpg,9.207359099e-07
3283626303_8e23d4a842.jpg,1.636297925e-06
3171188674_717eee0183.jpg,1.270740592e-06
3444974984_963fb441a0.jpg,9.82296822e-07
3354414391_a3908bd4ff.jpg,1.648048071e-06
3609026563_9c66f2dc41.jpg,1.813913545e-06
3397220683_4aca010f86.jpg,2.290202232e-06
2684323357_c7a6d05d05.jpg,1.42975967e-06
3139837262_fe5ee7ccd9.jpg,1.845942699e-06
3522349685_f046f0e250.jpg,2.159852016e-06
3326204251_2f9e446a2f.jpg,1.108266128e-06
2846037553_1a1de50709.jpg,1.449111377e-06
3366571152_20afb88ac1.jpg,9.593091326e-07
3726076549_0efb38854b.jpg,1.042816932e-06
2201222219_8d656b0633.jpg,1.256897729e-06
224273695_0b517bd0eb.jpg,1.420256741e-06
1679617928_a73c1769be.jpg,1.915644651e-06
3259579174_30a8a27058.jpg,1.59619435e-06
3273489163_8209545810.jpg,1.465556108e-06
2456030728_d3d147e774.jpg,1.965450931e-06
3622216490_1314a58b66.jpg,1.021633668e-06
3002920707_5d2e6e6aac.jpg,1.442513792e-06
444057017_f1e0fcaef7.jpg,1.500099885e-06
3490528249_6aae9b867b.jpg,2.10191513e-06
1472249944_d887c3aeda.jpg,7.609939923e-07
2714220101_c31db50b10.jpg,2.672533598e-06
3046190891_05c6ecd9b6.jpg,1.708926936e-06
2604825598_593a825b5b.jpg,1.169419906e-06
3098707588_5096d20397.jpg,1.832971544e-06
307321761_606fc91673.jpg,9.846883723e-07
757332692_6866ae545c.jpg,2.29480373e-06
3609952704_3719ab0524.jpg,1.387030694e-06
2362481035_a7600875d0.jpg,1.727467943e-06
2968885599_0672a5f016.jpg,1.443292079e-06
3174431688_ae84778db0.jpg,5.578367723e-07
1178705300_c224d9a4f1.jpg,1.80300021e-06
2949014128_0d96196261.jpg,9.342844942e-07
3139238055_2817a0c7d8.jpg,1.577931358e-06
3504881781_6a842e043b.jpg,2.025235275e-06
478209058_21e2c37c73.jpg,7.823148513e-07
2600442766_e750ec9a56.jpg,1.603518896e-06
3415003392_139c0f3586.jpg,1.189796415e-06
2285570521_05015cbf4b.jpg,1.267057688e-06
652542470_60e858da64.jpg,1.816837192e-06
161905204_247c6ca6de.jpg,1.312365124e-06
3080056515_3013830309.jpg,1.282744187e-06
345785626_9fa59f38ce.jpg,1.792869604e-06
1765164972_92dac06fa9.jpg,1.692314624e-06
3469711377_bc29d48737.jpg,1.391382763e-06
1659396176_ced00a549f.jpg,2.152892132e-06
2461372011_ebbf513766.jpg,1.420298543e-06
630476551_2ee7399f77.jpg,2.140301558e-06
200771289_31902164a7.jpg,1.590146896e-06
2312984882_bec7849e09.jpg,1.611255369e-06
3653837067_94050699ec.jpg,1.071756768e-06
1932161768_996eadac87.jpg,1.246734811e-06
1096165011_cc5eb16aa6.jpg,1.614485492e-06
118309463_a532b75be9.jpg,1.877930228e-06
3366105287_49a4bf71c6.jpg,1.433035205e-06
2346523971_d3f1e12ce4.jpg,1.066644516e-06
539761097_5c6c70425b.jpg,1.113962004e-06
2268109835_d6edbe1c2b.jpg,1.822255279e-06
3053743109_a2d780c0d2.jpg,1.106535237e-06
3055716848_b253324afc.jpg,1.135070041e-06
3587092143_c63030ed6d.jpg,1.254306074e-06
3579842996_3a62ec1bc7.jpg,1.192035566e-06
327997381_55f90dc834.jpg,1.453258555e-06
214501174_6db1f4d69c.jpg,1.156293356e-06
3562050678_4196a7fff3.jpg,1.117028171e-06
2281054343_95d6d3b882.jpg,2.099165421e-06
3046949818_245b05f507.jpg,1.720490645e-06
923550133_ac9d7a2932.jpg,8.136765923e-07
2508918369_2659db1cb6.jpg,1.853859547e-06
3687996279_05b5a2a706.jpg,1.911435146e-06
391020801_aaaae1e42b.jpg,1.973729878e-06
1262077938_8b9516c273.jpg,1.015437414e-06
3439382048_d2e23b2b4c.jpg,1.112501859e-06
470903027_489cc507de.jpg,1.639991035e-06
3569284680_44fef444ef.jpg,2.580829747e-06
440190907_bf8b7ba8ef.jpg,1.206659721e-06
482830610_13a0a6c924.jpg,2.025263855e-06
428408242_b32faf2240.jpg,1.651164097e-06
3071676551_a65741e372.jpg,1.374675769e-06
458183774_afe65abf67.jpg,1.188505486e-06
3351704877_28dea303aa.jpg,1.342353827e-06
3069037969_bb7319e0dc.jpg,1.637495053e-06
2385871317_44cde2f354.jpg,2.228536104e-06
3604383863_5e387cb8e6.jpg,1.434078834e-06
234241682_51d9fabb27.jpg,2.373380835e-06
2502354602_f4d6dcf42d.jpg,2.038288592e-06
36422830_55c844bc2d.jpg,8.246112971e-07
3065560742_f6e266ccd9.jpg,1.164512022e-06
2842865689_e37256d9ce.jpg,1.410518739e-06
872512911_ca383b40e4.jpg,1.496503795e-06
2252403744_148fc11f68.jpg,1.817799055e-06
2073964624_52da3a0fc4.jpg,2.210386898e-06
3151860914_46e30cd5ea.jpg,1.152535717e-06
3124838157_7ef96745b7.jpg,1.417024165e-06
3371567529_606fa3452b.jpg,1.783017962e-06
3119076670_64b5340530.jpg,1.84475967e-06
3674565156_14d3b41450.jpg,1.81238621e-06
2205336881_d9ee4179d3.jpg,1.791069286e-06
1355945307_f9e01a9a05.jpg,1.731672694e-06
269986132_91b71e8aaa.jpg,1.527759307e-06
3490867290_13bcd3a7f0.jpg,9.684803119e-07
2556392380_ee57514233.jpg,1.576099467e-06
2335619125_2e2034f2c3.jpg,1.816751004e-06
12830823_87d2654e31.jpg,1.612062366e-06
226531363_33ac01d931.jpg,1.457877492e-06
2320125735_27fe729948.jpg,1.048661876e-06
2267819545_446c5a3e18.jpg,2.304703944e-06
294098577_c10f32bcfa.jpg,1.2297504e-06
510531976_90bbee22a2.jpg,8.387106739e-07
528498076_43f0ef36b5.jpg,2.170724023e-06
2301525531_edde12d673.jpg,1.230995274e-06
1174629344_a2e1a2bdbf.jpg,8.546166447e-07
929679367_ff8c7df2ee.jpg,1.331345896e-06
300550441_f44ec3701a.jpg,2.254189881e-06
3295391572_cbfde03a10.jpg,1.960424184e-06
3042679440_010b2c596c.jpg,1.342272312e-06
2496399593_a24954a5ca.jpg,1.718641968e-06
2554531876_5d7f193992.jpg,1.516559212e-06
2626158969_ac09aeb88d.jpg,1.595128783e-06
1468103286_96a6e07029.jpg,1.553786893e-06
3053415073_5b667230ed.jpg,8.153608771e-07
2994104606_bc2df6c1f4.jpg,5.849292428e-07
2120571547_05cd56de85.jpg,1.621463406e-06
2139519215_8ca16dd192.jpg,1.565005422e-06
2679565682_91ecd283ff.jpg,1.517488301e-06
2873445888_8764699246.jpg,1.41500629e-06
2882483779_73c171ac19.jpg,1.531366839e-06
3539767254_c598b8e6c7.jpg,1.501127391e-06
3089107423_81a24eaf18.jpg,1.139170001e-06
111537217_082a4ba060.jpg,1.050329373e-06
2699125097_c6801d80ed.jpg,1.639822304e-06
3175446111_681a89f873.jpg,1.080168049e-06
3574627719_790325430e.jpg,6.989328435e-07
3163198309_bbfe504f0a.jpg,1.704721529e-06
2419797375_553f867472.jpg,1.727176757e-06
510791586_3913ade6a7.jpg,9.035621875e-07
360723732_23199af4bf.jpg,1.679602722e-06
3137061312_eb5fdcf3fd.jpg,1.976421398e-06
2648165716_02e2e74fd6.jpg,1.870280575e-06
3549614763_42f34f3d1e.jpg,1.524147253e-06
3564385317_1bf5094068.jpg,1.404505858e-06
3598447435_f66cd10bd6.jpg,1.499942447e-06
2216568822_84c295c3b0.jpg,1.661561661e-06
3400082864_9c737c1450.jpg,1.434293129e-06
2584412512_6767593f24.jpg,1.877474548e-06
3224227640_31865b3651.jpg,2.02732182e-06
443430496_3fea95a07d.jpg,2.027026544e-06
438639005_208bc59b0b.jpg,1.870473344e-06
330325191_63e11d9c93.jpg,2.450489876e-06
106514190_bae200f463.jpg,1.650711126e-06
3396275223_ee080df8b5.jpg,1.647031095e-06
3211316116_a2462e327d.jpg,2.006653437e-06
2215165918_2bf5b659dd.jpg,2.127838544e-06
141755292_7a0b3364cf.jpg,1.544937991e-06
3218861747_5c5c547b66.jpg,1.335334797e-06
3041487045_b48ac7ed08.jpg,2.416632404e-06
2991375936_bf4b0a7dc0.jpg,2.000768379e-06
3241892328_4ebf8b21ce.jpg,1.932092163e-06
3183777589_460a4f445b.jpg,1.267704684e-06
3047749814_621ed0786b.jpg,9.086516877e-07
3002448718_a478c64fb4.jpg,1.009612675e-06
3673878924_506c9d767b.jpg,1.67390439e-06
3473534758_1ae3847781.jpg,2.030470605e-06
2514612680_b0d2d77099.jpg,1.588796582e-06
1691573772_1adef8e40e.jpg,1.730996521e-06
3225310099_d8e419ba56.jpg,2.787365908e-06
3275065565_9e2a640fbc.jpg,1.9349298e-06
418667611_b9995000f4.jpg,1.18717009e-06
3459871361_92d1ecda36.jpg,1.210577553e-06
3069282021_e05e1829f3.jpg,1.415093731e-06
3678100844_e3a9802471.jpg,1.564826926e-06
1470536919_1f3fd6c65a.jpg,8.114818537e-07
3335375223_b4da8df523.jpg,1.501187397e-06
3316725440_9ccd9b5417.jpg,1.722129811e-06
2226440063_c085b30558.jpg,1.232718653e-06
1093716555_801aacef79.jpg,1.156350042e-06
3464871350_3f2d624a9c.jpg,1.185872138e-06
634891010_9fa189effb.jpg,6.899703507e-07
2079554580_f18d5c181b.jpg,9.657138642e-07
2868776402_aef437e493.jpg,1.297380207e-06
1600208439_e94527b80f.jpg,1.529737045e-06
133189853_811de6ab2a.jpg,1.98905831e-06
2474918824_88660c7757.jpg,1.770824437e-06
2797438951_88a3ed7541.jpg,1.759788648e-06
3613705104_46d854134e.jpg,1.249615288e-06
2980118787_2099de53ec.jpg,1.438417308e-06
3319020762_d429d56a69.jpg,1.481747543e-06
3540416981_4e74f08cbb.jpg,1.599858712e-06
3429465163_fb8ac7ce7f.jpg,1.077039852e-06
2565237642_bdd46d7cef.jpg,9.301279393e-07
3365783912_e12c3510d8.jpg,1.2404526e-06
1042590306_95dea0916c.jpg,1.584347233e-06
2925577165_b83d31a7f6.jpg,9.385088096e-07
3230132205_dccfafa5ee.jpg,2.071971235e-06
462198798_89e2df0358.jpg,1.291147071e-06
2570559405_dc93007f76.jpg,1.170486812e-06
2847514745_9a35493023.jpg,1.479727557e-06
3601843201_4809e66909.jpg,1.300233045e-06
1457762320_7fe121b285.jpg,9.764179604e-07
1095980313_3c94799968.jpg,1.055750851e-06
300500054_56653bf217.jpg,3.006554607e-06
2240539658_dea8db6e55.jpg,1.804559645e-06
3266399073_40820596d5.jpg,1.325056935e-06
3374223949_90776ba934.jpg,1.391648082e-06
3197917064_e679a44b8e.jpg,1.781277308e-06
3426966595_c8c4e1e872.jpg,1.578633044e-06
3346289227_198fced308.jpg,8.693705374e-07
3094064787_aed1666fc9.jpg,2.156446135e-06
211981411_e88b8043c2.jpg,5.993036819e-07
3279988814_d3693dcb6c.jpg,1.533708578e-06
3084011664_76d37c6559.jpg,1.65083533e-06
2561751298_320eef38ec.jpg,1.380543244e-06
3595992258_6f192e6ae7.jpg,1.179660849e-06
3044500219_778f9f2b71.jpg,1.43553416e-06
1557451043_f5c91ff6f4.jpg,1.613574146e-06
465994762_1760e83c5d.jpg,1.100777694e-06
1207159468_425b902bfb.jpg,1.32783931e-06
3376898612_41c91de476.jpg,1.12458512e-06
2662890367_382eaf83bd.jpg,7.521286713e-07
3409740108_1505489537.jpg,1.647323126e-06
1355935187_2c99648138.jpg,1.541985941e-06
140377584_12bdbdf2f8.jpg,1.060858464e-06
3043904009_3b5e0412cd.jpg,1.957226209e-06
1865794069_6e3a1e57bb.jpg,7.852300259e-07
2314732154_83bc7f7314.jpg,8.632412958e-07
2934359101_cdf57442dc.jpg,1.580323235e-06
2744321686_8811d8428c.jpg,1.644888574e-06
2195620255_6693479734.jpg,1.39828866e-06
3411022255_210eefc375.jpg,1.605852352e-06
2783620390_02c166c733.jpg,1.454808433e-06
3431860810_44277cd360.jpg,1.447842865e-06
2726262796_03bd63a155.jpg,1.671473753e-06
2120411340_104eb610b1.jpg,1.180892445e-06
523327429_af093fc7cf.jpg,1.616766231e-06
872135364_8c1e47d163.jpg,5.00657118e-07
1980882959_9a161f3469.jpg,2.014237484e-06
444803340_fdcaab86f9.jpg,1.436819578e-06
3294717824_3bb7b5d1c8.jpg,1.589428744e-06
1464120327_d90279ca3a.jpg,1.935041604e-06
1167669558_87a8a467d6.jpg,2.205451704e-06
3096918227_f9d26a7db2.jpg,2.237576105e-06
2949497756_be8e58e6bd.jpg,1.068135005e-06
3608849440_e7d2bed29f.jpg,1.301707128e-06
2199793371_343809ff70.jpg,1.369564895e-06
2951750234_a4741f708b.jpg,1.593806738e-06
2884420269_225d27f242.jpg,1.484668063e-06
3447876218_4ccf42d7a0.jpg,1.590833592e-06
3590557969_d0270d518b.jpg,1.181370322e-06
3373870185_f79163fa51.jpg,2.034113647e-06
494221578_027f51cdf4.jpg,1.246576043e-06
2671602981_4edde92658.jpg,2.053965303e-06
3293751136_b0ce285dc3.jpg,1.428271584e-06
3364715316_df8c20bac1.jpg,1.423641746e-06
3405942945_f4af2934a6.jpg,1.397201303e-06
1991806812_065f747689.jpg,1.760357306e-06
2926233397_71e617f3a3.jpg,1.099659918e-06
3084731832_8e518e320d.jpg,8.757725966e-07
2502079538_10ef2e976b.jpg,1.197688416e-06
3111402233_6285bcba7a.jpg,1.764090952e-06
3132903412_b4780d0ccf.jpg,1.585943732e-06
241345323_f53eb5eec4.jpg,1.978666539e-06
3277824093_299cbb3138.jpg,1.190174165e-06
3540155303_08225a4567.jpg,1.559853769e-06
823697339_aadbeef495.jpg,1.352468266e-06
58357057_dea882479e.jpg,1.816470218e-06
3335692531_dd4a995f91.jpg,1.548203114e-06
3253060519_55d98c208f.jpg,1.352896911e-06
3339747039_1a8455c210.jpg,1.08243018e-06
3534952095_975cca0056.jpg,1.689687905e-06
2987121689_f9de6c479b.jpg,1.374817808e-06
2860040276_eac0aca4fc.jpg,1.515883658e-06
3326454455_960e5442e9.jpg,1.721207899e-06
3109268897_d43797fc6a.jpg,1.170122785e-06
2752809449_632cd991b3.jpg,2.123489811e-06
2398605966_1d0c9e6a20.jpg,2.410102877e-06
3491607076_922ec561d9.jpg,8.389055668e-07
3398276602_c7d106c34f.jpg,1.868877886e-06
656260720_a7db4ce48b.jpg,1.216012225e-06
316577571_27a0e0253e.jpg,1.429962e-06
2709536455_2a6046e38a.jpg,2.297452025e-06
3437107047_715c60e9c8.jpg,1.399739343e-06
3146232740_df3da0163b.jpg,1.806830445e-06
3690189273_927d42ff43.jpg,1.691677985e-06
143680966_0010ff8c60.jpg,1.275288856e-06
2085726719_a57a75dbe5.jpg,1.439310051e-06
3415165462_e1cb536d08.jpg,1.480978897e-06
1277185009_06478dd457.jpg,1.938263619e-06
136644343_0e2b423829.jpg,1.266448352e-06
1835511273_790eaae6e6.jpg,1.481878466e-06
2688102742_885e578a3f.jpg,1.120847956e-06
765929807_de381cc764.jpg,1.027306975e-06
3197891333_b1b0fd1702.jpg,1.179240918e-06
393284934_d38e1cd6fe.jpg,3.67415208e-06
3442242092_e579538d82.jpg,9.685657747e-07
3640743904_d14eea0a0b.jpg,1.113033352e-06
717673249_ac998cfbe6.jpg,2.087858583e-06
1466479163_439db855af.jpg,1.753467624e-06
3626964430_cb5c7e5acc.jpg,1.243171893e-06
3244586044_205d5ae2ba.jpg,1.707212509e-06
3662406028_29b9e46a6f.jpg,1.880181917e-06
3421928157_69a325366f.jpg,1.243881639e-06
2662262499_3cdf49cedd.jpg,1.836532757e-06
3264350290_f50494e835.jpg,9.613456575e-07
3257182199_5fda78d870.jpg,2.230285356e-06
613900608_2e49415772.jpg,1.039477067e-06
3191027142_33e86636ca.jpg,8.695511292e-07
3736786640_70df13be2c.jpg,1.550854134e-06
3354075558_3b67eaa502.jpg,1.069752292e-06
3613800013_5a54968ab0.jpg,2.303741057e-06
3724487641_d2096f10e5.jpg,1.688381422e-06
3326588088_172d1b2584.jpg,1.063983792e-06
3169591322_d0b6d0cd04.jpg,1.507306028e-06
2355578735_286af5b202.jpg,7.85005243e-07
3635991166_f95304af0a.jpg,1.336739102e-06
247617754_4b1137de8c.jpg,2.375087004e-06
2480668859_6f9b46be6a.jpg,1.266126986e-06
378170167_9b5119d918.jpg,1.019584553e-06
2780105274_52360c4cca.jpg,9.766643588e-07
3308997740_91765ecdcc.jpg,1.979441236e-06
3650188378_cc8aea89f0.jpg,1.690682708e-06
2976350388_3984e3193d.jpg,1.231835826e-06
3086523890_fd9394af8b.jpg,1.810266466e-06
3040575300_0e4328d205.jpg,1.734942357e-06
3217056901_fe2c70377d.jpg,1.150128919e-06
143552829_72b6ba49d4.jpg,6.574620136e-07
3029472296_d429b1586c.jpg,9.715541308e-07
1490670858_e122df2560.jpg,1.232081507e-06
3118534315_cc03e5ddab.jpg,1.198962167e-06
2657484970_610e18144f.jpg,1.033750844e-06
3620492762_7f6a9b4746.jpg,1.146064555e-06
2887744223_029f2fd5fe.jpg,1.166222757e-06
3315726723_64c9b0a945.jpg,1.475022457e-06
2112921744_92bf706805.jpg,1.12638605e-06
42637987_866635edf6.jpg,1.023400918e-06
927420680_6cba7c040a.jpg,8.810013866e-07
3580741947_cc64a83648.jpg,1.398045164e-06
3549673305_4dfd44e04a.jpg,1.656921137e-06
3633396324_c4b24b1f51.jpg,1.675707393e-06
222369445_5b6af347dd.jpg,1.601897996e-06
1476002408_4256b7b2fa.jpg,1.757717662e-06
2469351714_d72becd21e.jpg,1.708373989e-06
3248352729_ab264b2222.jpg,1.643817956e-06
2004674713_2883e63c67.jpg,9.027801187e-07
3603301825_5817727be2.jpg,1.351659169e-06
2074146683_7c83167aa1.jpg,1.478557905e-06
218342358_1755a9cce1.jpg,1.881781946e-06
2973638173_0dc21fd443.jpg,1.157599615e-06
124195430_d14028660f.jpg,2.320749153e-06
3471066276_fb1e82e905.jpg,1.326110693e-06
241346885_f519ece460.jpg,2.04174382e-06
1439282131_3814d6ae04.jpg,1.674049887e-06
3174417550_d2e6100278.jpg,1.431130278e-06
55135290_9bed5c4ca3.jpg,1.097208941e-06
244867897_d00369a779.jpg,1.465328461e-06
2284239186_c827f4defa.jpg,1.502647397e-06
3661072592_2e693cd5a0.jpg,1.423746969e-06
421322723_3470543368.jpg,1.351868336e-06
3695064885_a6922f06b2.jpg,1.355698559e-06
2181846120_3744ca3942.jpg,1.758555905e-06
2591455200_2319651f2f.jpg,1.963291828e-06
3525841965_7814484515.jpg,1.887069658e-06
3621329299_6fb3f2935c.jpg,1.533909704e-06
1480712062_32a61ad4b7.jpg,2.040449215e-06
2310108346_e82d209ccd.jpg,1.470920034e-06
1359101233_16c2c150e3.jpg,1.80628957e-06
3327563443_870a33f748.jpg,1.233928515e-06
180094434_b0f244832d.jpg,1.339418142e-06
2448793019_5881c025f9.jpg,1.663800254e-06
2862676319_a9dab1309f.jpg,1.47470351e-06
3159995270_17334ccb5b.jpg,2.405371999e-06
3625957413_e475943aa3.jpg,1.68101532e-06
3626475209_f71cdd06bd.jpg,1.644902203e-06
3262647146_a53770a21d.jpg,1.538767319e-06
3649387275_75295baa28.jpg,1.279714465e-06
3305895920_100a67d148.jpg,1.062934562e-06
2855695119_4342aae0a3.jpg,8.5410249e-07
3566111626_9a35a7b2c0.jpg,1.339586857e-06
464116251_1ac4bc91f8.jpg,9.38644744e-07
3702436188_2c26192fd0.jpg,9.746746243e-07
2689358407_9932f1b20c.jpg,1.61162675e-06
1454678644_7e5a371301.jpg,1.22845021e-06
310715139_7f05468042.jpg,2.336128144e-06
2921198890_6f70dfbf4c.jpg,1.941678869e-06
578274277_652cae32ba.jpg,2.350960134e-06
484896012_7787d04f41.jpg,1.142693118e-06
3262849619_0bc4f88ef9.jpg,1.85203031e-06
2848266893_9693c66275.jpg,1.710240365e-06
207237775_fa0a15c6fe.jpg,1.134958007e-06
3016606751_0e8be20abd.jpg,1.178984207e-06
3588417747_b152a51c52.jpg,1.194253936e-06
3528902357_be2357a906.jpg,2.263293106e-06
539705321_99406e5820.jpg,1.01616616e-06
3066338314_2c3fb731d1.jpg,1.476546074e-06
2348924378_47e556d81a.jpg,1.739084722e-06
179009558_69be522c63.jpg,1.02330072e-06
2695085862_2ed62df354.jpg,1.729600955e-06
3516267455_ca17cc1323.jpg,2.467667343e-06
1215334959_b1970965f7.jpg,1.454781869e-06
3092200805_dd1f83ddbe.jpg,1.691811797e-06
541063517_35044c554a.jpg,1.182071148e-06
3604314527_5077cd9d43.jpg,1.380179928e-06
96978713_775d66a18d.jpg,1.370037151e-06
3255732353_fbc487aefc.jpg,8.158707793e-07
201682811_105241dee3.jpg,7.450166253e-07
2245618207_fa486ba2b7.jpg,2.394614344e-06
860928274_744d14f198.jpg,1.995892824e-06
3085357792_efcf297c71.jpg,1.123563589e-06
3297272270_285b8878b2.jpg,7.815732882e-07
3050650135_23f9d9d2f8.jpg,1.355148328e-06
2429272699_8a9699775e.jpg,1.398494735e-06
2765029348_667111fc30.jpg,1.51333662e-06
3358380484_b99b48f0c9.jpg,1.144637332e-06
3106883334_419f3fb16f.jpg,1.674965854e-06
160541986_d5be2ab4c1.jpg,1.932723635e-06
572618443_647483ca82.jpg,1.791019586e-06
3563668905_689ed479c5.jpg,1.657748511e-06
386656845_4e77c3e3da.jpg,1.35042223e-06
3433259846_800a6079f0.jpg,1.68065235e-06
3506607642_40037b3fbf.jpg,1.637323233e-06
3509575615_653cbf01fc.jpg,8.082618263e-07
615916000_5044047d71.jpg,1.024840988e-06
382701159_f98c1988cd.jpg,1.878908471e-06
957682378_46c3b07bcd.jpg,9.25876961e-07
3047264032_14393ecea8.jpg,8.054619499e-07
3474958471_9106beb07f.jpg,1.860174736e-06
3241487502_f4f0cc4a8a.jpg,1.414746243e-06
3535084928_858544f49a.jpg,2.004126546e-06
3541141771_67d305c873.jpg,1.422514609e-06
3465791729_5bf9bd8635.jpg,1.097616999e-06
2040941056_7f5fd50794.jpg,1.413259122e-06
3229282764_a4a515f4e2.jpg,2.470323141e-06
347186933_880caaf53b.jpg,8.724572961e-07
3552796830_2dd2aa9c2c.jpg,1.931336425e-06
398662202_97e5819b79.jpg,1.311633593e-06
396360611_941e5849a3.jpg,1.097666633e-06
3652572138_34d6b72999.jpg,2.540321427e-06
3150440350_b0f2a9e774.jpg,4.815617742e-06
3646927481_5e0af1efab.jpg,1.384426957e-06
2813992915_f732cf8539.jpg,9.295754052e-07
241031670_e60f59b8e4.jpg,1.164982516e-06
179829865_095b040377.jpg,1.406495068e-06
393810324_1c33760a95.jpg,9.149626887e-07
3547600292_6f8aac7f2e.jpg,1.23538965e-06
2512876666_9da03f9589.jpg,1.527164669e-06
3121482932_f77ca12c01.jpg,1.557084803e-06
390671130_09fdccd52f.jpg,1.365919848e-06
3524436870_7670df68e8.jpg,1.135573933e-06
2893515010_4a3d9dcc67.jpg,1.290286694e-06
2289212650_69de7a20b2.jpg,1.378656709e-06
2394267183_735d2dc868.jpg,1.263342663e-06
3578068665_87bdacef6a.jpg,1.338072775e-06
2460823604_7f6f786b1c.jpg,1.590527419e-06
2844846111_8c1cbfc75d.jpg,9.914682382e-07
217583047_5e93e1e119.jpg,2.039351071e-06
2195419145_36722e8d54.jpg,2.115429662e-06
2074764331_90a9962b52.jpg,1.902452525e-06
3019917636_4e0bb0acc4.jpg,1.304210449e-06
2561212119_1af8cb9b5d.jpg,1.894444378e-06
3333039854_461329aac2.jpg,1.658688419e-06
2895700779_fac1d9d278.jpg,2.048207378e-06
3218889785_86cb64014f.jpg,1.781071181e-06
2521062020_f8b983e4b2.jpg,1.36378588e-06
2043520315_4a2c782c90.jpg,1.538392716e-06
3220126881_b0a4f7cccb.jpg,2.459344992e-06
2942798367_022df04b49.jpg,1.847460213e-06
3718305988_fe2c91fd44.jpg,8.750622828e-07
365274901_576b0f8241.jpg,1.576971609e-06
3204686006_88f04547b9.jpg,1.711163193e-06
917574521_74fab68514.jpg,1.976777397e-06
2557922709_24d2a9655a.jpg,1.478846573e-06
3507670136_2e5f94accf.jpg,1.315590501e-06
1718184338_5968d88edb.jpg,1.278530823e-06
2510020918_b2ca0fb2aa.jpg,2.058452313e-06
3195188609_01afbe46e6.jpg,2.576149596e-06
498957941_f0eda42787.jpg,2.119329369e-06
3433982387_3fa993cf5a.jpg,1.390951303e-06
496971341_22782195f0.jpg,1.887645896e-06
3188319076_71724fcc07.jpg,1.861088595e-06
3500139659_b2a60b0141.jpg,1.269149862e-06
3683592946_262e9bfbfd.jpg,8.832303253e-07
405253184_5f611f3880.jpg,2.226940679e-06
3303648823_53cf750acd.jpg,1.566915059e-06
241347635_e691395c2f.jpg,2.323753142e-06
3143991972_7193381aeb.jpg,1.650589591e-06
3344798356_5cc41f7939.jpg,1.465735506e-06
3609999845_faf5d2fe74.jpg,9.05436945e-07
2684489465_32ba1d0344.jpg,1.816408667e-06
3017373346_3a34c3fe9d.jpg,1.148265422e-06
3354200211_35348e47d8.jpg,1.201774451e-06
469029994_349e138606.jpg,9.191174316e-07
842961005_692737888e.jpg,2.390266173e-06
3712742641_641282803e.jpg,1.515271813e-06
2097403787_77a154f5b9.jpg,1.074809873e-06
3203878596_cbb307ce3b.jpg,2.1339426e-06
2744600462_5804577296.jpg,1.168987188e-06
3670918456_68631d362a.jpg,1.474494699e-06
3565655045_8eb00b7423.jpg,9.644046018e-07
3324746155_71e14f60ce.jpg,2.124728091e-06
3570800810_978c993133.jpg,1.045065055e-06
775664534_3f6de7d413.jpg,1.124462862e-06
2367139509_1ee4530b28.jpg,7.057213333e-07
2702506716_17a7fb3ba4.jpg,1.562770948e-06
3319058642_885d756295.jpg,1.468251358e-06
3723690961_729dd5d617.jpg,1.090862514e-06
434433505_966e50e17d.jpg,1.372165476e-06
539751252_2bd88c456b.jpg,1.20636258e-06
3538686658_30afc75f02.jpg,1.228579133e-06
2226587791_66e29dd01d.jpg,2.118058548e-06
1659358133_95cd1027bd.jpg,9.08240898e-07
2662845514_8620aaee96.jpg,1.996654983e-06
3567604049_da9e1be4ba.jpg,2.102655197e-06
2461631708_decc5b8c87.jpg,1.2816426e-06
2102315758_a9148a842f.jpg,1.083281047e-06
241345656_861aacefde.jpg,2.335130918e-06
3016200560_5bf8a70797.jpg,1.232686372e-06
1394368714_3bc7c19969.jpg,1.05049427e-06
2470493181_2efbbf17bd.jpg,1.036107451e-06
2071309418_1d7580b0f0.jpg,1.086865186e-06
3687062281_e62f70baf3.jpg,1.512262517e-06
3178599352_c57fdebcd2.jpg,1.38889649e-06
1225443522_1633e7121f.jpg,9.36140288e-07
244443352_d7636e1253.jpg,2.011561962e-06
2991994607_06f24ec7a6.jpg,1.400000594e-06
2353088412_5e5804c6f5.jpg,1.73901688e-06
2866093652_aa717eb9ce.jpg,1.006661464e-06
1562478333_43d13e5427.jpg,8.774099364e-07
2073105823_6dacade004.jpg,1.350228656e-06
3603870481_1ebc696d91.jpg,1.385800709e-06
2588456052_8842b47005.jpg,1.85091789e-06
587604325_af5d6df679.jpg,1.841349641e-06
2689001252_e0016c89f0.jpg,1.365696949e-06
3358558292_6ab14193ed.jpg,2.033920546e-06
3393926562_66cc01b001.jpg,1.442477873e-06
2125216241_5b265a2fbc.jpg,1.000326459e-06
3451984463_37ac1ff7a8.jpg,1.651220083e-06
510510783_b2cf5d57bb.jpg,1.043946682e-06
2472720629_d9a6736356.jpg,1.451485754e-06
1361420539_e9599c60ae.jpg,9.754760201e-07
3184112120_6ddcd98016.jpg,7.7806285e-07
2680990587_eee6bd04fb.jpg,1.963453139e-06
143688283_a96ded20f1.jpg,5.868403123e-07
2187222896_c206d63396.jpg,2.025636809e-06
3639105305_bd9cb2d1db.jpg,1.29911813e-06
532999240_1409d073be.jpg,1.783653818e-06
3710353645_8fbfaa4175.jpg,1.652939005e-06
391106734_d374bc3080.jpg,1.423188295e-06
3308171165_20f93d2fba.jpg,1.586689353e-06
909808296_23c427022d.jpg,1.05658212e-06
114051287_dd85625a04.jpg,2.163519043e-06
3136043366_b3f8607a0e.jpg,1.164777776e-06
1799188614_b5189728ba.jpg,1.546808425e-06
899810584_61e1578d3f.jpg,1.116823915e-06
3654103642_075f8af4f4.jpg,3.510424314e-06
3187395715_f2940c2b72.jpg,1.329445105e-06
1280320287_b2a4b9b7bd.jpg,1.724246057e-06
3458211052_bb73084398.jpg,1.422869633e-06
1928319708_ccf1f4ee72.jpg,1.722416219e-06
3203742047_6a55065411.jpg,1.883651581e-06
1663751778_90501966f0.jpg,9.185796709e-07
2394922193_310166d6af.jpg,1.621260218e-06
2687229880_97cfd8148e.jpg,2.297121125e-06
2837640996_0183db8d93.jpg,1.193505462e-06
2578834476_118585730d.jpg,7.737733569e-07
2876993733_cb26107d18.jpg,1.589960836e-06
3435035138_af32890a4c.jpg,1.729524082e-06
2085255128_61224cc47f.jpg,1.071497139e-06
1511807116_41c3645e8c.jpg,1.152698745e-06
2856700531_312528eea4.jpg,2.303904415e-06
2938120171_970564e3d8.jpg,1.542150293e-06
2355880294_8f78a6fea6.jpg,9.278583027e-07
535830521_aa971319fc.jpg,1.562371475e-06
2699342860_5288e203ea.jpg,2.001591403e-06
3521374954_37371b49a4.jpg,1.672014949e-06
2969380952_9f1eb7f93b.jpg,1.260524972e-06
113678030_87a6a6e42e.jpg,1.901980831e-06
3154886184_ac842655b6.jpg,1.008364262e-06
2495931537_9b8d4474b6.jpg,2.484795966e-06
3223809913_ae15d14d9a.jpg,1.401407833e-06
1752454466_723790dbd6.jpg,1.290986429e-06
3587009091_37188fd07e.jpg,1.447393646e-06
733965014_1a0b2b5ee9.jpg,1.175642448e-06
3307563498_e2b4f19272.jpg,1.180954038e-06
2759596272_e0ce0a965a.jpg,1.455949087e-06
3578477508_b7d839da16.jpg,1.372947172e-06
3724113279_99b6e5bf41.jpg,7.161625429e-07
3516935867_78cf63c69c.jpg,1.241433433e-06
2745663684_650f84e1e6.jpg,1.584623675e-06
2286236765_2a63eeb550.jpg,1.463151822e-06
554526471_a31f8b74ef.jpg,1.53663235e-06
3420278866_1d17c12713.jpg,1.042219746e-06
771048251_602e5e8f45.jpg,2.458394858e-06
2735158990_56ff6bf9b0.jpg,1.100845982e-06
3443703471_14845d8850.jpg,1.168800389e-06
3538527033_df13112d51.jpg,8.724019764e-07
416960865_048fd3f294.jpg,2.034633853e-06
2683985894_167d267dcb.jpg,1.453544885e-06
3643074723_94d42b7a0c.jpg,1.524008383e-06
3242263536_a436f19257.jpg,1.592900209e-06
3181599388_68559cfc17.jpg,1.16745972e-06
1475046848_831245fc64.jpg,1.830081536e-06
3482314155_bd1e668b4e.jpg,1.037192998e-06
3265864834_e0229020dd.jpg,2.270897015e-06
3263141261_db3a4798b5.jpg,1.92419717e-06
127488876_f2d2a89588.jpg,1.111261084e-06
2873252292_ebf23f5f10.jpg,1.056073063e-06
440184957_267f3f3a2b.jpg,9.034995641e-07
2632366677_43dee456a5.jpg,1.290028504e-06
2423550887_ffc9bbcf71.jpg,1.448373399e-06
106490881_5a2dd9b7bd.jpg,2.319488595e-06
2824401212_8da8ab99d6.jpg,1.05420136e-06
3107513635_fe8a21f148.jpg,1.5530973e-06
2420696992_22e0dd467d.jpg,1.428112357e-06
2624044128_641b38c0cf.jpg,1.464323567e-06
3106857210_07a92577fc.jpg,2.244201703e-06
142802798_962a4ec5ce.jpg,1.176861467e-06
3133825703_359a0c414d.jpg,1.517540171e-06
260231029_966e2f1727.jpg,1.939519412e-06
3719461451_07de35af3a.jpg,2.318615609e-06
2752923489_d3bceebacb.jpg,8.938372726e-07
495340319_705f2e63d6.jpg,1.080734013e-06
3271385712_ffd34f2de5.jpg,1.892823823e-06
3656151153_b4ed5d94c4.jpg,1.10514398e-06
2875528143_94d9480fdd.jpg,1.675787994e-06
878758390_dd2cdc42f6.jpg,1.622040599e-06
557721978_dfde31bc02.jpg,1.138986711e-06
241346105_c1c860db0d.jpg,1.670565545e-06
146100443_906d87faa2.jpg,1.075176167e-06
511749704_3037806cb1.jpg,1.954498926e-06
3341077091_7ca0833373.jpg,1.776237902e-06
2932740428_b15384f389.jpg,2.25506255e-06
382151094_c7376cf22b.jpg,1.76983803e-06
2460159430_71ab1aacfa.jpg,2.09058838e-06
3193511842_82549c21fb.jpg,8.836539066e-07
397286183_745abbf40d.jpg,2.072200155e-06
241031254_0c6f30e3d1.jpg,5.82139479e-07
3042488474_0d2ec81eb8.jpg,1.2967939e-06
3348385580_10b53391f9.jpg,1.385830196e-06
3455920874_6fbec43194.jpg,1.528108774e-06
307301755_48919ef1b2.jpg,1.133177203e-06
3343116398_59a5341f7f.jpg,1.097593364e-06
2600883097_aca38cc146.jpg,1.812665741e-06
422763475_0bc814dac6.jpg,2.163847536e-06
543326592_70bd4d8602.jpg,7.797724824e-07
2525232298_cf42d415ab.jpg,7.039358239e-07
3665179773_dd217416fc.jpg,1.605385388e-06
3765374230_cb1bbee0cb.jpg,1.013868018e-06
799486353_f665d7b0f0.jpg,1.942611118e-06
664341930_bd5c8b60ea.jpg,1.790964826e-06
2971211296_2587c3924d.jpg,1.450861794e-06
3691729694_2b97f14c1e.jpg,1.715282389e-06
3294830188_e46bd9b93c.jpg,1.909507284e-06
3521201948_9049197f20.jpg,2.514604687e-06
2455528149_6c3477fd33.jpg,1.198848985e-06
3105623068_392b767a7b.jpg,1.526074893e-06
3439331800_e71e1d808f.jpg,1.704831561e-06
3313620862_0c65c645f5.jpg,7.608059967e-07
429174232_ddd4ff5e0b.jpg,1.021407124e-06
3089842255_359ccf5c40.jpg,8.304673857e-07
571130875_30051ac02d.jpg,9.077439494e-07
2528521798_fb689eba8d.jpg,1.230886358e-06
512634877_d7ad8c8329.jpg,2.275466003e-06
1119418776_58e4b93eac.jpg,1.137863788e-06
2414384480_096867d695.jpg,1.31576872e-06
3569979711_6507841268.jpg,2.057453191e-06
54501196_a9ac9d66f2.jpg,1.329857112e-06
3263395801_5e4cee2b9e.jpg,8.367218522e-07
241345811_46b5f157d4.jpg,2.357894506e-06
3626642428_3396568c3c.jpg,1.30009764e-06
3114944484_28b5bb9842.jpg,2.039283745e-06
2649705487_4605e879e9.jpg,1.074301754e-06
3110174991_a4b05f8a46.jpg,1.684258911e-06
2089122314_40d5739aef.jpg,2.035867619e-06
3441701164_6dbbdf1bce.jpg,1.180103823e-06
3694071771_ce760db4c7.jpg,1.350255596e-06
1304100320_c8990a1539.jpg,1.791346369e-06
2049051050_20359a434a.jpg,1.205320316e-06
2068403258_2669cf9763.jpg,1.438835259e-06
2920305300_a5b1b2329a.jpg,1.516937307e-06
2845691057_d4ab89d889.jpg,2.506205751e-06
3293751640_d81a6f3a0c.jpg,2.077928564e-06
3260214530_7179346407.jpg,1.588637434e-06
3125628091_25a31709df.jpg,1.797795001e-06
2846843520_b0e6211478.jpg,9.491871971e-07
3655326478_4472c5c630.jpg,1.367432291e-06
3396251819_1efa69310f.jpg,1.683660435e-06
3279524184_d5e2ffbaed.jpg,1.731213899e-06
146098876_0d99d7fb98.jpg,1.264135472e-06
3572346664_e1e6c77f11.jpg,1.935124597e-06
3580082200_ea10bf2f68.jpg,1.976651416e-06
861661418_8a37024ace.jpg,8.465239843e-07
2602258549_7401a3cdae.jpg,1.45425426e-06
2839532455_36a7dc4758.jpg,2.29954089e-06
2304444199_05386d2e9c.jpg,1.983587623e-06
2856080862_95d793fa9d.jpg,1.464314035e-06
548751378_c657401312.jpg,2.135413132e-06
1015584366_dfcec3c85a.jpg,1.777139815e-06
3416460533_d5819fbf69.jpg,1.452973281e-06
3168796547_0c14b368f9.jpg,9.633108541e-07
160805827_5e6646b753.jpg,1.762656055e-06
3672940355_47f30e2b28.jpg,1.412401086e-06
2788628994_61123c03d2.jpg,8.263623081e-07
436015762_8d0bae90c3.jpg,1.492450047e-06
1713248047_d03721456d.jpg,1.305879224e-06
104136873_5b5d41be75.jpg,1.161704275e-06
3027397797_4f1d305ced.jpg,1.690518909e-06
3242088278_43eea5d17e.jpg,1.290252377e-06
289616152_012a9f16c6.jpg,1.362340371e-06
3268175963_113d90d178.jpg,1.37863983e-06
3726168984_1fa2c8965b.jpg,1.469441801e-06
2090339522_d30d2436f9.jpg,1.550883394e-06
3693961165_9d6c333d5b.jpg,1.385418702e-06
2956895529_ec6275060e.jpg,9.864109133e-07
2934121315_4969eeda1b.jpg,1.394577723e-06
2450453051_f1d4a78ab4.jpg,9.311239013e-07
3047751696_78c2efe5e6.jpg,1.88023202e-06
3376439178_159e4126de.jpg,1.584062379e-06
2589308405_e208b5e745.jpg,5.455247092e-07
1579206585_5ca6a24db0.jpg,1.181480145e-06
2218743570_9d6614c51c.jpg,1.931400321e-06
1488937076_5baa73fc2a.jpg,1.172391804e-06
3636055584_65a60426f8.jpg,1.185431862e-06
2493974889_50ae29f1e1.jpg,7.102082426e-07
3615730936_23457575e9.jpg,9.616223109e-07
445148321_9f2f3ac711.jpg,1.850995907e-06
823675317_b5fbdb17b3.jpg,2.461528878e-06
2880874989_a33b632924.jpg,1.606483729e-06
3238951136_2a99f1a1a8.jpg,9.125747519e-07
3030823649_3b7b6c728d.jpg,2.062421116e-06
1115679311_245eff2f4b.jpg,1.921919941e-06
351876121_c7c0221928.jpg,1.866242726e-06
3373243733_9aba7740ed.jpg,9.028488516e-07
3638783842_af08dbb518.jpg,1.077024127e-06
2906802485_dfebf09173.jpg,7.720277182e-07
3724623861_2bb6c23641.jpg,1.246694845e-06
3264337159_e1680a35ba.jpg,5.160672504e-07
3747543364_bf5b548527.jpg,1.935391346e-06
1472882567_33dc14c8b6.jpg,1.388329433e-06
3375134059_7e9eb2ef01.jpg,1.965529725e-06
3247168324_c45eaf734d.jpg,1.184896359e-06
1461329041_c623b06e5b.jpg,9.423000475e-07
1115565519_d976d4b1f1.jpg,1.519248808e-06
1176580356_9810d877bf.jpg,6.697040522e-07
3331102049_bc65cf6198.jpg,1.719549895e-06
3321516504_5ee97771cb.jpg,1.877062643e-06
2813588204_69fe7deb14.jpg,1.63304597e-06
3458559770_12cf9f134e.jpg,1.214670274e-06
2648310638_d6c576b5e4.jpg,1.472832688e-06
2837799692_2f1c50722a.jpg,1.360654751e-06
2507312812_768b53b023.jpg,2.23714358e-06
3168354472_866fe70d36.jpg,1.205674265e-06
2460799229_ce45a1d940.jpg,9.591863764e-07
2339140905_9f625f140a.jpg,1.543056827e-06
2438085746_588dce8724.jpg,1.74248017e-06
3631023049_8a85bab19f.jpg,1.089459392e-06
1312020846_5abb4a9be2.jpg,1.493633486e-06
3676460610_8c52e8a355.jpg,1.146994492e-06
3103231330_db98b14501.jpg,1.371928573e-06
2904997007_23d4b94101.jpg,2.192678395e-06
1479028910_3dab3448c8.jpg,1.745492636e-06
2465691083_894fc48af6.jpg,9.705380784e-07
2780087302_6a77658cbf.jpg,9.712063619e-07
2823200990_7b02b7cc36.jpg,1.242786957e-06
3285214689_f0219e9671.jpg,6.808841539e-07
2986280913_13fb2d472e.jpg,1.850242459e-06
518251319_40e031e818.jpg,1.124303131e-06
3546474710_903c3c9fd3.jpg,1.410961014e-06
2520909293_9bb7f7364e.jpg,1.414319391e-06
2877503811_4e311253ec.jpg,1.303522994e-06
3572942419_16ebdc3d46.jpg,1.225895942e-06
2659554389_ed3d15093f.jpg,1.814102075e-06
3471463779_64084b686c.jpg,1.095416728e-06
482353373_03a9d5e8bc.jpg,1.960857771e-06
2749124446_d4432787b5.jpg,1.233496338e-06
374567836_3ae12ecffb.jpg,1.95903778e-06
2551632823_0cb7dd779b.jpg,1.153735065e-06
495055747_a75872762a.jpg,2.379959273e-06
2403376030_903521c371.jpg,1.678375753e-06
3675742996_02ccef16a3.jpg,1.859014158e-06
115684808_cb01227802.jpg,1.7579752e-06
309687244_4bdf3b591f.jpg,1.383471515e-06
3557324238_6ba58831d9.jpg,1.716627056e-06
1259936608_e3f0064f23.jpg,9.48178866e-07
492802403_ba5246cfea.jpg,1.225579017e-06
3482474257_a88bfe5c57.jpg,2.166393153e-06
254475194_3d8f4dfd53.jpg,8.837686134e-07
444481722_690d0cadcf.jpg,1.240055512e-06
482047956_9a29e9cee6.jpg,1.257252365e-06
2844963839_ff09cdb81f.jpg,1.139579644e-06
2196107384_361d73a170.jpg,1.759631808e-06
2219805677_7b7cc188c7.jpg,1.498265299e-06
3210359094_ee51285301.jpg,1.688259452e-06
3537400880_8f410d747d.jpg,1.182667248e-06
3344531479_03c69750e9.jpg,1.592368904e-06
3171035252_dba286ae5c.jpg,1.640324461e-06
2339106348_2df90aa6a9.jpg,2.0639736e-06
369047365_35476becc9.jpg,1.131451335e-06
3130970054_04a3865c43.jpg,1.141420771e-06
2410399168_1462c422d4.jpg,2.248466026e-06
2391812384_7429b5e567.jpg,9.145548755e-07
478750151_e0adb5030a.jpg,5.862532386e-07
2756591658_3ca6db1595.jpg,1.971044055e-06
2561319255_ce5ede291e.jpg,7.844695491e-07
2414390475_28a0107bb0.jpg,1.848468702e-06
3417231408_6ce951c011.jpg,1.668978617e-06
524105255_b346f288be.jpg,1.523000588e-06
3068407619_5207b26986.jpg,1.291050672e-06
3036382555_30b7312cf3.jpg,1.384097148e-06
240696675_7d05193aa0.jpg,9.781366315e-07
1088767354_2acee738cf.jpg,1.014856872e-06
3104690333_4314d979de.jpg,1.529731395e-06
3257107194_f235c8f7ab.jpg,1.0512655e-06
410042380_517ccee020.jpg,1.400994999e-06
3143155555_32b6d24f34.jpg,1.469334787e-06
2854291706_d4c31dbf56.jpg,1.386171084e-06
2943334864_6bab479a3e.jpg,1.468594845e-06
3465606652_f380a38050.jpg,9.706482438e-07
324355356_859988a710.jpg,1.704594826e-06
3436313241_6c73153fb6.jpg,1.630927978e-06
2776029171_5abdd5a22f.jpg,1.522694355e-06
3290105461_7590f23371.jpg,1.786772945e-06
2501742763_b2cb322087.jpg,1.072349988e-06
3442540072_b22ca2410f.jpg,1.722471293e-06
3426964258_67a0cee201.jpg,1.385927578e-06
2559638792_a803ff63d1.jpg,1.006767263e-06
3701878677_8f2c26227b.jpg,2.499375076e-06
3568605391_54ec367d88.jpg,1.302585014e-06
1540631615_8b42c1b160.jpg,1.492310877e-06
1055753357_4fa3d8d693.jpg,1.267621801e-06
3693297007_94512e861e.jpg,1.57629611e-06
3689355450_fd559b816d.jpg,1.249181196e-06
2799871904_3b3125518a.jpg,1.48237275e-06
3116769029_f5a76f04ba.jpg,1.737848738e-06
1342780478_bacc32344d.jpg,1.352339019e-06
3012513414_86180c44cb.jpg,1.515022089e-06
2502935765_a0ae1fa7be.jpg,8.168812431e-07
2734669176_c272b42597.jpg,1.366027064e-06
2290589734_b588471345.jpg,1.497465622e-06
2602679255_785b851b46.jpg,1.756692682e-06
421706022_1ddb6a7a78.jpg,1.551488913e-06
2644326817_8f45080b87.jpg,2.128309596e-06
2959737718_31203fddb5.jpg,1.746634964e-06
2465218087_fca77998c6.jpg,1.507795705e-06
1351764581_4d4fb1b40f.jpg,1.539885112e-06
2394003437_184a838aa9.jpg,1.279873497e-06
123889082_d3751e0350.jpg,1.436293956e-06
2766765386_4c0beb939d.jpg,1.437187809e-06
189740668_0b045f1ff2.jpg,1.076144186e-06
3126681108_f88128699c.jpg,1.388387507e-06
3090600019_8808fe7a9d.jpg,1.162356736e-06
2685139184_4ff45e0f76.jpg,1.258331326e-06
3401548798_3a93f2caa5.jpg,1.846187536e-06
3569126684_a68b29a57f.jpg,1.032280679e-06
2333816000_7105d0ffac.jpg,1.360075479e-06
2862931640_2501bd36c5.jpg,1.597075695e-06
2466171114_3fa51415a7.jpg,7.391930138e-07
2133650765_fc6e5f295e.jpg,1.4290109e-06
2391269207_d1d2615b1d.jpg,1.778896468e-06
3674521435_89ff681074.jpg,2.27144312e-06
270864951_1737ae5479.jpg,1.905829023e-06
542179694_e170e9e465.jpg,1.159316128e-06
2370221025_be4d9a4431.jpg,1.107074407e-06
862177617_c2c0581075.jpg,1.861014854e-06
3288173388_03bc2a844d.jpg,1.858832186e-06
229954612_a4438297ee.jpg,1.316799637e-06
3287904625_f68ca5cea7.jpg,1.19097689e-06
989851184_9ef368e520.jpg,2.020131197e-06
3093970461_825b0cac2f.jpg,2.066426181e-06
3076928208_5763e9eb8c.jpg,1.486145813e-06
2837908308_8bc25c6b02.jpg,9.790435383e-07
276699720_fe6718fd03.jpg,1.436486815e-06
3437654963_c4fdc17e8b.jpg,8.194760928e-07
2138487671_5b89104043.jpg,1.861379649e-06
3501206996_477be0f318.jpg,8.264156836e-07
3278777548_290b881018.jpg,1.302481504e-06
3344632789_af90d54746.jpg,8.598355838e-07
3068945309_ff0973e859.jpg,9.124956336e-07
3368819708_0bfa0808f8.jpg,1.718854222e-06
273248777_eaf0288ab3.jpg,8.524959616e-07
2192131110_8a40e7c028.jpg,1.903107819e-06
490044494_d2d546be8d.jpg,1.834240394e-06
3296584432_bef3c965a3.jpg,6.335496853e-07
2116316160_d5fa7abdc3.jpg,1.421316809e-06
3038760935_9a713510eb.jpg,1.971728737e-06
2741380826_cfe0ddf0a9.jpg,1.69563962e-06
1423126855_6cd2a3956c.jpg,1.862847067e-06
1084104085_3b06223afe.jpg,2.078142719e-06
3225226381_9fe306fb9e.jpg,2.537468622e-06
1296412797_85b6d2f8d6.jpg,1.945164569e-06
1813777902_07d1d4b00c.jpg,1.466626384e-06
1418266617_b32143275b.jpg,1.103662763e-06
363617160_6cb0c723be.jpg,1.298870729e-06
2698614194_b4e6e11dff.jpg,1.54070308e-06
1333888922_26f15c18c3.jpg,1.846566038e-06
3288839246_fdb00395ae.jpg,9.479346743e-07
3189941492_a3f4347b1a.jpg,1.411721648e-06
3310551665_15b79ef4ea.jpg,2.17210689e-06
2245348304_08bc5642f1.jpg,1.608913174e-06
3412822878_5d961492e5.jpg,1.216322394e-06
2922512807_d382528a93.jpg,1.567954562e-06
2851931813_eaf8ed7be3.jpg,1.367760392e-06
3227140905_1d7e30e4c4.jpg,1.581458305e-06
2436398074_8737f40869.jpg,6.615905818e-07
3525417522_7beb617f8b.jpg,1.485128833e-06
2439384468_58934deab6.jpg,2.340899113e-06
213216174_0632af65a2.jpg,1.338055037e-06
3215870337_c92a1a1b2f.jpg,1.194400941e-06
434792818_56375e203f.jpg,1.029023758e-06
2959500257_3621429a37.jpg,9.288496638e-07
3425662680_41c7c50e8d.jpg,2.173183116e-06
3259883609_6a1b46919e.jpg,1.285118449e-06
2867968184_908d87cf2c.jpg,1.29338902e-06
108898978_7713be88fc.jpg,1.447732898e-06
3640422448_a0f42e4559.jpg,6.48901817e-07
133905560_9d012b47f3.jpg,1.247348898e-06
2125626631_a4b63af97e.jpg,1.954810377e-06
3327487011_1372c425fb.jpg,1.267238946e-06
3069216757_c419b3898e.jpg,1.828256374e-06
2602085456_d1beebcb29.jpg,1.743200157e-06
519228867_2fd25e38d4.jpg,1.435137359e-06
1622619190_d0b51aff28.jpg,8.789092777e-07
3209564153_077ed4d246.jpg,1.262926359e-06
2272491304_cb7c7ed16f.jpg,1.272567802e-06
582899605_d96f9201f1.jpg,1.068895841e-06
1433397131_8634fa6664.jpg,1.802066853e-06
3472449219_eb927f05b8.jpg,1.098947512e-06
251056963_c8b67f0107.jpg,2.254432102e-06
3655964639_21e76383d0.jpg,1.072929238e-06
1763020597_d4cc8f0f8a.jpg,1.508620912e-06
3247341210_5d1e50df23.jpg,8.851473414e-07
2447972568_1e9b287691.jpg,1.755956154e-06
2939464283_fc1a834976.jpg,9.035585444e-07
3482237861_605b4f0fd9.jpg,1.055414208e-06
2710416789_555180e399.jpg,1.707421848e-06
3533394378_1513ec90db.jpg,1.349626621e-06
3453313865_1ebff5393c.jpg,1.235927995e-06
219301555_17883a51bd.jpg,1.544901615e-06
44129946_9eeb385d77.jpg,9.148227971e-07
3429581486_4556471d1a.jpg,1.332677739e-06
501320769_31eea7b7ea.jpg,2.204830646e-06
224026428_0165164ceb.jpg,1.763653786e-06
3541491057_61a49588d9.jpg,1.561245356e-06
3119696225_b289efaec8.jpg,1.924437011e-06
2078311270_f01c9eaf4c.jpg,2.147924071e-06
2286032269_8ba929709c.jpg,1.851168864e-06
2893238950_8a027be110.jpg,1.340157561e-06
2917843040_7c9caaaa8a.jpg,1.527482312e-06
3048597471_5697538daf.jpg,2.13322407e-06
2505465055_f1e6cf9b76.jpg,1.456225733e-06
3284955091_59317073f0.jpg,1.007047685e-06
871290666_4877e128c0.jpg,9.687601776e-07
2402462857_7684848704.jpg,9.588784964e-07
241345981_1ef4f8109c.jpg,2.152028581e-06
3258395783_2de3a4ba27.jpg,1.803960161e-06
3432656291_a6c7981f6e.jpg,9.172989297e-07
945509052_740bb19bc3.jpg,1.269661448e-06
2752926645_801a198ff6.jpg,8.520164696e-07
2584487952_f70e5aa9bf.jpg,2.414075339e-06
2356574282_5078f08b58.jpg,1.611639061e-06
2324779494_5e72d29171.jpg,1.581930109e-06
3099091086_f75f0ce09d.jpg,1.053064067e-06
515797344_4ae75cb9b1.jpg,9.675908382e-07
2094543127_46d2f1fedf.jpg,8.582496389e-07
2194806429_ca4c3770c1.jpg,1.977966372e-06
3220009216_10f088185e.jpg,9.349319097e-07
3333017828_b930b9d41b.jpg,1.251210039e-06
3387661249_33e5ba0bc5.jpg,1.45870677e-06
141755290_4b954529f3.jpg,1.127794094e-06
3150252702_828a570d46.jpg,1.420054954e-06
2269021076_cefc9af989.jpg,1.412411603e-06
486712504_36be449055.jpg,1.892931134e-06
3259225196_750c4ce0f9.jpg,2.159951544e-06
3409506817_775e38d219.jpg,9.305799844e-07
3632842482_482f29e712.jpg,1.181595345e-06
532396029_ce125bda3f.jpg,9.711173709e-07
3704431444_f337ec2b90.jpg,1.66028256e-06
3562169000_6aa7f1043d.jpg,1.56614554e-06
3441399292_60c83bd5db.jpg,2.174937516e-06
3243233886_235a80e8c7.jpg,1.364983484e-06
3005123298_d3017d5f5d.jpg,9.739232238e-07
437527058_189f2a7eef.jpg,1.521264486e-06
3582742297_1daa29968e.jpg,1.920689982e-06
3033741581_136889ac73.jpg,1.176550697e-06
296873864_4de75de261.jpg,1.126984971e-06
2379150102_157d718d1d.jpg,1.658389299e-06
3029715635_43ab414dfb.jpg,6.544584751e-07
3684680947_f1c460242f.jpg,1.974390434e-06
3044746136_8b89da5f40.jpg,1.392404354e-06
3532412342_e0a004b404.jpg,1.580018556e-06
2968693931_52d161b8e7.jpg,1.164243682e-06
2632111399_b3c1630f8e.jpg,1.133616519e-06
2676648667_cb055b4fc6.jpg,1.758860016e-06
525863257_053333e612.jpg,1.027960497e-06
3328495660_ed0e3f29cf.jpg,1.278081864e-06
3640417354_b0b3e4aec9.jpg,1.021733589e-06
3249278583_95cd8206da.jpg,2.077366274e-06
2341254813_c53a5ef27a.jpg,2.237359338e-06
2331510788_986809bbb4.jpg,1.511243195e-06
3161044966_27bf6f9dec.jpg,2.111592027e-06
3098336319_a7e5b061d0.jpg,1.569821519e-06
3236677456_75821e3583.jpg,1.850495888e-06
958326692_6210150354.jpg,8.196836419e-07
2755053974_5cc157512e.jpg,1.264238306e-06
2903469015_a1e7d969c2.jpg,1.914402418e-06
3490597800_8f94f7d353.jpg,1.287301212e-06
2472574160_8ce233f396.jpg,1.154409753e-06
2995461857_dd26188dcf.jpg,1.893752856e-06
2042009399_afad34e7c1.jpg,1.4000084e-06
3197791645_601908f26b.jpg,1.994579004e-06
2521938720_911ac092f7.jpg,1.569042394e-06
3184031654_34b5c4ffe1.jpg,2.156386914e-06
426065353_e9a604a01f.jpg,1.560275335e-06
3591461782_687e320042.jpg,1.075685624e-06
2251418114_2b0cd4c139.jpg,1.473690306e-06
1859726819_9a793b3b44.jpg,6.929545212e-07
430803349_a66c91f64e.jpg,1.534672256e-06
1977827746_4e13d7e19f.jpg,1.305419791e-06
2101457132_69c950bc45.jpg,1.955523307e-06
3666537170_c4ecda4be8.jpg,1.546434541e-06
2321466753_5606a10721.jpg,1.990440038e-06
3141613533_595723208d.jpg,1.121333805e-06
3542341321_faa2d2d48a.jpg,9.375977116e-07
948196883_e190a483b1.jpg,1.919281184e-06
384465575_31294122c0.jpg,1.405631526e-06
1312227131_771b5ed201.jpg,1.2752408e-06
1222322358_225067636e.jpg,1.544955479e-06
2641288004_30ce961211.jpg,1.44487203e-06
2851304910_b5721199bc.jpg,1.521460542e-06
495116214_f1df479fb0.jpg,1.281201111e-06
2978024878_a45b282bf4.jpg,1.384902073e-06
3527524436_a54aca78a9.jpg,1.849030624e-06
2944362789_aebbc22db4.jpg,7.726734483e-07
3090593241_93a975fe2b.jpg,1.240076105e-06
2521213787_ca9b5a1758.jpg,1.669261242e-06
2528547068_7d37479b9b.jpg,1.34785425e-06
1167908324_8caab45e15.jpg,1.44413953e-06
2275029674_6d4891c20e.jpg,1.394077267e-06
534669139_1a4f8ab9d5.jpg,1.492161635e-06
3388094307_5a83be64a5.jpg,1.530662384e-06
160566014_59528ff897.jpg,1.478861189e-06
2616561200_ea079f285a.jpg,1.690141257e-06
617038406_4092ee91dd.jpg,1.195992392e-06
3578372039_57473f473c.jpg,1.133230538e-06
3492180255_0bd48a18f8.jpg,1.47778185e-06
3032790880_d216197d55.jpg,1.639763743e-06
2667015110_1670324a33.jpg,1.902396473e-06
2426303900_0a8d52eb14.jpg,1.206478809e-06
3250695024_93e8ab7305.jpg,1.151871198e-06
3672057606_cb6393dbd9.jpg,1.807963236e-06
241346317_be3f07bd2e.jpg,1.191854539e-06
3400186336_37043a2f5b.jpg,1.493571513e-06
2180480870_dcaf5ac0df.jpg,1.249624175e-06
3085226474_62aba51179.jpg,1.31914969e-06
3683185795_704f445bf4.jpg,1.192733532e-06
3444982197_0ff15cc50b.jpg,1.451196938e-06
607339469_af851c4119.jpg,1.411359519e-06
3331009729_d3b14738e6.jpg,5.665190906e-07
503717911_fc43cb3cf9.jpg,1.441364953e-06
3097196395_ec06075389.jpg,1.436676556e-06
2261962622_e9318a95eb.jpg,1.330367018e-06
3216829599_366a43f05e.jpg,1.997372614e-06
1616016569_673de1d678.jpg,1.620777568e-06
2596876977_b61ee7ee78.jpg,1.832050571e-06
459778335_857d8ffebf.jpg,1.742913367e-06
3197482764_2f289cb726.jpg,2.055879503e-06
3497255828_f27e009aac.jpg,1.6422502e-06
2149968397_a7411729d1.jpg,1.907329363e-06
2595713720_30534e8de2.jpg,1.506826223e-06
2174206711_11cb712a8d.jpg,1.588622146e-06
2492258999_5764124bba.jpg,1.455557558e-06
944374205_fd3e69bfca.jpg,1.082457647e-06
2855667597_bf6ceaef8e.jpg,2.003546474e-06
2935649082_1ca60180c6.jpg,2.111116594e-06
3171250845_5ae0d2a8bc.jpg,2.024730822e-06
3120189281_1938460e85.jpg,1.487259522e-06
3487131146_9d3aca387a.jpg,1.707207044e-06
182493240_40410254b0.jpg,1.414460308e-06
102351840_323e3de834.jpg,3.937333668e-06
883040210_3c4a10f030.jpg,1.509556723e-06
1358089136_976e3d2e30.jpg,1.561335772e-06
2930622766_fa8f84deb1.jpg,1.468150597e-06
2643263887_a32ffb878f.jpg,1.658047424e-06
3374384485_751f719be4.jpg,7.467636869e-07
290650302_ade636da35.jpg,1.762836827e-06
2747714500_49476225c6.jpg,1.778568479e-06
758921886_55a351dd67.jpg,1.525982682e-06
311146855_0b65fdb169.jpg,8.755993114e-07
2490179961_e842fda5eb.jpg,1.423400168e-06
2064790732_219e52e19c.jpg,1.854457601e-06
3315250232_83e24a2d51.jpg,1.269569062e-06
3441104823_33cdae5a56.jpg,1.526477929e-06
2675685200_0913d84d9b.jpg,1.086584876e-06
2899622876_b673b04967.jpg,2.034593406e-06
2259336826_0cb294e1f7.jpg,8.885239797e-07
2742426734_291df6da08.jpg,1.552300224e-06
2697909987_128f11d1b7.jpg,1.222459219e-06
3239021459_a6b71bb400.jpg,1.840817916e-06
3204525212_d548c7fca7.jpg,8.602387329e-07
918886676_3323fb2a01.jpg,1.958187925e-06
560278886_df4bd2e212.jpg,1.543293055e-06
3649307685_60c1294d2a.jpg,2.441398853e-06
2045928594_92510c1c2a.jpg,1.931601646e-06
2933637854_984614e18b.jpg,1.612552411e-06
1650280501_29810b46e5.jpg,1.488205958e-06
300922408_05a4f9938c.jpg,2.041333377e-06
2798651021_2566f2a47e.jpg,1.142494472e-06
3460551728_63255cec18.jpg,1.37196876e-06
3440104178_6871a24e13.jpg,1.304597968e-06
3484906808_ee20714408.jpg,1.300631353e-06
410413536_11f1127c46.jpg,1.881821275e-06
400562847_e15aba0aac.jpg,6.785225716e-07
101669240_b2d3e7f17b.jpg,1.111498865e-06
2987195421_e830c59fb6.jpg,1.79875574e-06
3208188198_2b271d2a2e.jpg,2.040385772e-06
3208032657_27b9d6c4f3.jpg,1.594089526e-06
429851331_b248ca01cd.jpg,2.052818125e-06
458735196_176e7df6b3.jpg,2.37071368e-06
3275627207_0b41e44597.jpg,2.354622041e-06
2960759328_2d31e4af9b.jpg,2.104254497e-06
2206594874_5e0087c6b7.jpg,1.027997865e-06
1357689954_72588dfdc4.jpg,1.908331128e-06
2869491449_1041485a6b.jpg,1.262736485e-06
2574230252_f5a1382dd4.jpg,1.359795081e-06
2261550615_b6c25d987b.jpg,1.506991274e-06
2358554995_54ed3baa83.jpg,1.696833557e-06
264141937_585320617a.jpg,1.022727588e-06
2809793070_1a3387cd6e.jpg,1.113688302e-06
3338291921_fe7ae0c8f8.jpg,2.50030591e-06
2056377805_e9a9b3bcf0.jpg,1.401632079e-06
3105315670_5f86f73753.jpg,1.060717217e-06
1015118661_980735411b.jpg,1.737603962e-06
3047264346_e24601bfbf.jpg,1.256820907e-06
1311388430_4ab0cd1a1f.jpg,1.931853445e-06
1077546505_a4f6c4daa9.jpg,1.630811408e-06
2800990525_a1f8427272.jpg,2.195628973e-06
3482062809_3b694322c4.jpg,1.004136569e-06
2661294481_b86058b504.jpg,8.865721509e-07
2896640216_761a47f006.jpg,1.194730849e-06
3616525288_9c19223de6.jpg,1.707834726e-06
2497420371_74788d7ba1.jpg,1.146508701e-06
766346887_a9a9d0637a.jpg,1.734120262e-06
2061944672_0383e65c8a.jpg,1.474963941e-06
3015891201_2c1a9e5cd7.jpg,1.529262282e-06
2652522323_9218afd8c2.jpg,1.812934007e-06
2054869561_ff723e9eab.jpg,2.24385444e-06
2394763838_99d1435b85.jpg,2.765326402e-06
3439560988_f001f96fc9.jpg,1.513979777e-06
3320032226_63390d74a6.jpg,1.488044721e-06
3677954655_df4c0845aa.jpg,1.279869105e-06
2429212017_77fc107699.jpg,9.297334946e-07
241347760_d44c8d3a01.jpg,2.134856982e-06
241347823_6b25c3e58e.jpg,2.132713397e-06
2416964653_db3c2b6a0e.jpg,1.338803981e-06
3532782283_341f0381a3.jpg,1.598422026e-06
3600221224_945df01247.jpg,1.640277226e-06
3621647714_fc67ab2617.jpg,9.790107155e-07
2874876837_80d178ba9b.jpg,1.129265107e-06
448916362_17f3f1d0e1.jpg,2.330809492e-06
3052104757_d1cf646935.jpg,1.203824287e-06
2414352262_005ae90407.jpg,1.058451257e-06
2187904131_96ea83b9b5.jpg,1.820706585e-06
2649406158_ded6be38de.jpg,1.965252188e-06
2353102255_67d9d2e40a.jpg,1.384602682e-06
1501297480_8db52c15b0.jpg,2.08521927e-06
466956675_a2fb6bf901.jpg,1.004151655e-06
2737759676_4bc9be2daf.jpg,1.901578341e-06
2885387575_9127ea10f1.jpg,1.132882968e-06
510197538_0a11b94460.jpg,2.146885727e-06
3623650392_7b75d4de21.jpg,1.11632776e-06
3354474353_daf9e168cf.jpg,1.49854767e-06
2949353587_64c54e9589.jpg,2.535670304e-06
3522989916_f20319cc59.jpg,1.153063378e-06
2646116932_232573f030.jpg,1.075083762e-06
3028561714_83fb921067.jpg,2.149665539e-06
2439031566_2e0c0d3550.jpg,7.692620455e-07
3436074878_21515a6706.jpg,2.316070561e-06
875731481_a5a0a09934.jpg,1.147134173e-06
3716277216_c04002be81.jpg,1.015949185e-06
2259203920_6b93b721ce.jpg,4.046800248e-06
3329289652_e09b80e2f3.jpg,1.274298309e-06
3685328542_ab999b83bb.jpg,1.298811424e-06
3250076419_eb3de15063.jpg,1.826543029e-06
495341977_b27279f962.jpg,1.820052333e-06
3407357681_5aeaab5b59.jpg,2.000073191e-06
3066429707_842e50b8f7.jpg,1.048212338e-06
3392851587_a638ff25e2.jpg,1.681609971e-06
2730938963_c4ed3e2258.jpg,9.179622144e-07
269650644_059a84ece5.jpg,1.185815795e-06
3605676864_0fb491267e.jpg,2.000387287e-06
2183227136_8bb657846b.jpg,2.229376876e-06
237953705_cfe6999307.jpg,1.32237221e-06
2856252334_1b1a230e70.jpg,8.676261023e-07
3015368588_ef0a06076d.jpg,1.557431766e-06
2521938802_853224f378.jpg,1.774858149e-06
2759089516_cbb993cb92.jpg,1.093383995e-06
1807169176_7f5226bf5a.jpg,1.316211945e-06
457875937_982588d918.jpg,1.741611161e-06
3158680604_c1f99b3946.jpg,1.434858246e-06
530454257_66d58b49ee.jpg,1.126212546e-06
1263801010_5c74bf1715.jpg,1.327838611e-06
172097782_f0844ec317.jpg,1.349501744e-06
3426789838_8771f0ed56.jpg,1.597360375e-06
2220612655_030413b787.jpg,1.116640278e-06
2089426086_7acc98a3a8.jpg,1.681810969e-06
1306145560_1e37081b91.jpg,1.713243488e-06
3297323827_f582356478.jpg,1.14523735e-06
2306186887_0bd8ed3792.jpg,6.541746914e-07
3574930742_9081bd2426.jpg,1.76187561e-06
2995935078_beedfe463a.jpg,1.693814626e-06
2114739371_83aa8bdb0e.jpg,2.744789366e-06
2895403073_906768cafa.jpg,1.370694911e-06
3234375022_1464ea7f8a.jpg,1.21570612e-06
2561295656_4f21fba209.jpg,2.34120216e-06
2358561039_e215a8d6cd.jpg,2.075205872e-06
2123932281_1a4fd38455.jpg,9.821494207e-07
3227499174_07feb26337.jpg,1.235691193e-06
3457210101_3533edebc8.jpg,1.240705735e-06
3286222970_1fa445e38f.jpg,1.430780311e-06
293151893_ee7249eccb.jpg,1.052830818e-06
3371279606_c0d0cddab2.jpg,1.631895232e-06
1490213660_9ea45550cf.jpg,1.19230629e-06
3599392711_8264881de2.jpg,1.365970847e-06
111497985_38e9f88856.jpg,1.239960321e-06
2782850287_1408f7ec43.jpg,1.286704639e-06
825918657_d92f1761f4.jpg,1.917331437e-06
2095478050_736c4d2d28.jpg,1.174955635e-06
2782480767_064c95eff2.jpg,1.415082101e-06
1149179852_acad4d7300.jpg,1.210835995e-06
2441313372_6a1d59582b.jpg,1.732236423e-06
3724718895_bd03f4a4dc.jpg,8.344308692e-07
2704257993_d485058a5f.jpg,1.27500806e-06
3584930205_a3f58a4b7c.jpg,1.978913635e-06
2294598473_40637b5c04.jpg,1.92092542e-06
3242007318_01e82171aa.jpg,7.914094652e-07
3251234434_d01e25a50a.jpg,1.279758442e-06
3556571710_19cee6f5bd.jpg,1.084420337e-06
3578914491_36019ba703.jpg,1.429566383e-06
2876848241_63290edfb4.jpg,1.484792238e-06
452419961_6d42ab7000.jpg,1.538035899e-06
42637986_135a9786a6.jpg,6.138962522e-07
2760716468_b541e9fd0f.jpg,9.991353396e-07
2447035752_415f4bb152.jpg,1.243747233e-06
2473738924_eca928d12f.jpg,1.898785736e-06
1363924449_487f0733df.jpg,2.158032101e-06
3585487286_ef9a8d4c56.jpg,2.411576656e-06
3037558954_20115165e3.jpg,1.434090657e-06
3362049454_ea0c22e57b.jpg,1.154465536e-06
299178969_5ca1de8e40.jpg,2.219498361e-06
1104133405_c04a00707f.jpg,1.658466597e-06
3477683327_d9e6a2a64f.jpg,1.767289396e-06
282116218_7fd7583d6e.jpg,8.689144056e-07
3721082512_8277087f3f.jpg,1.048899098e-06
246055693_ccb69ac5c6.jpg,1.467071225e-06
3271061953_700b96520c.jpg,1.353219878e-06
2480820830_bdec1f5b76.jpg,1.645297629e-06
270809922_043e3bef06.jpg,1.271221434e-06
1419385780_1383ec7ba9.jpg,1.198779249e-06
897621891_efb1e00d1d.jpg,2.379353477e-06
2921578694_a46ae0d313.jpg,2.179478695e-06
2327088022_478dbd2c17.jpg,2.442591914e-06
3640407952_bb38fb9d55.jpg,1.167942596e-06
326028454_fb396167e6.jpg,1.990537873e-06
2867937005_91c092b157.jpg,1.375201612e-06
2546667441_bbe87a6285.jpg,1.891551118e-06
1775029934_e1e96038a8.jpg,1.408070051e-06
2121357310_f8235311da.jpg,1.805743395e-06
3665987581_5e6b0a65f2.jpg,1.632353686e-06
3429956016_3c7e3096c2.jpg,1.636897973e-06
3209350613_eb86579ee8.jpg,1.079305024e-06
1425013325_bff69bc9da.jpg,1.440577578e-06
319185571_56162796da.jpg,2.179874469e-06
3520936130_9e90872560.jpg,1.077962433e-06
2867026654_38be983b44.jpg,1.615811094e-06
3069786374_804e1123ac.jpg,1.173203061e-06
3726120436_740bda8416.jpg,1.48017854e-06
2337919839_df83827fa0.jpg,1.042647116e-06
2447289477_e888df561d.jpg,1.767368747e-06
3597715122_45878432ec.jpg,1.21023701e-06
3646453252_5ebbbaa6cc.jpg,2.04452175e-06
261883591_3f2bca823c.jpg,1.083752326e-06
3125041578_c1f2d73b6d.jpg,2.034243846e-06
3084001782_41a848df4e.jpg,1.605378109e-06
452363869_cad37e609f.jpg,1.856485387e-06
123997871_6a9ca987b1.jpg,1.93039665e-06
508958120_afe274f726.jpg,1.258642306e-06
109738763_90541ef30d.jpg,7.489427041e-07
888425986_e4b6c12324.jpg,8.097676402e-07
288025239_5e59ba9c3b.jpg,1.64164182e-06
3214381315_b54f5c9be4.jpg,2.938116885e-06
2070831281_dc04b3e15d.jpg,1.749995205e-06
3301811927_a2797339e5.jpg,1.28384449e-06
3484070900_3e76d7fd30.jpg,1.514146833e-06
2876994989_a4ebbd8491.jpg,1.565074138e-06
2080033499_6be742f483.jpg,1.743436355e-06
3269895626_7b253c82ed.jpg,1.38682937e-06
3319388517_5609ae9805.jpg,1.723577223e-06
2560278143_aa5110aa37.jpg,1.138234762e-06
3069937639_364fc11e99.jpg,8.721719778e-07
2448210587_9fe7ea5f42.jpg,9.323424277e-07
2444935470_7b0226b756.jpg,1.262946501e-06
3204081508_0e7f408097.jpg,1.133922107e-06
3220650628_4ed964e5b4.jpg,1.412789934e-06
2393924525_1bf45ca217.jpg,1.588096707e-06
3590753142_61993d39df.jpg,1.257396402e-06
3368865171_597d51cdd5.jpg,8.129987913e-07
472860064_a96a228796.jpg,1.805070665e-06
3587596696_9c5964c94d.jpg,1.436578913e-06
2041867793_552819a40b.jpg,1.022722832e-06
3094278545_febac56382.jpg,2.133651773e-06
333031366_a0828c540d.jpg,2.145019302e-06
3612538549_2828b45867.jpg,2.354423215e-06
154871781_ae77696b77.jpg,1.029852172e-06
3338217927_3c5cf3f7c6.jpg,2.551406634e-06
3362805914_72f60ee8cb.jpg,8.527546553e-07
442594271_2c3dd38483.jpg,1.810197388e-06
512026551_ba63ddbd31.jpg,1.840029496e-06
1801663973_5ad393caeb.jpg,1.23384671e-06
2744705147_acd767d3eb.jpg,1.066834802e-06
3344233740_c010378da7.jpg,1.097344883e-06
3690348036_a01f243fb0.jpg,7.902687326e-07
2363540508_9dd1ccf7c7.jpg,1.820979228e-06
812196663_0c969970b5.jpg,1.911434408e-06
297724467_e8918a6f90.jpg,1.458979125e-06
2926595608_69b22be8d4.jpg,1.194814939e-06
938162709_21443d352f.jpg,9.139614817e-07
241347114_6273736da8.jpg,2.021146095e-06
3404870997_7b0cd755de.jpg,1.287734643e-06
381976882_0063d16d88.jpg,9.141736635e-07
3710073758_ac2b217f29.jpg,6.667094679e-07
1478268555_7e301fc510.jpg,8.941457143e-07
3485486737_953f9d3be2.jpg,1.305412814e-06
531152619_6db02a7ed9.jpg,1.588593067e-06
1319634306_816f21677f.jpg,8.173745104e-07
2385744837_8780f6731a.jpg,1.723611938e-06
1387461595_2fe6925f73.jpg,1.757957719e-06
2314722788_6262c3aa40.jpg,1.043303625e-06
1213336750_2269b51397.jpg,1.717027397e-06
10815824_2997e03d76.jpg,1.527401085e-06
258476074_f28f4a1ae6.jpg,1.352240981e-06
3606355203_1260f43ec0.jpg,1.823817759e-06
343662720_39e4067cd1.jpg,8.51043031e-07
3484576025_a8c50942aa.jpg,1.58752101e-06
2593695271_4d9cc9bd6f.jpg,1.074077695e-06
3132832452_c354c6396c.jpg,1.414668196e-06
1808007704_ee8a93abb4.jpg,1.441215085e-06
697778778_b52090709d.jpg,8.551433648e-07
2486364531_b482d7f521.jpg,1.210541365e-06
892340814_bdd61e10a4.jpg,1.333590719e-06
293881927_ac62900fd4.jpg,7.71247273e-07
3128514681_a51b415c31.jpg,9.140167155e-07
2286270205_16038dec5a.jpg,1.935262601e-06
233327292_3bcbc3783f.jpg,1.33068711e-06
356929855_6bbf33d933.jpg,2.288693234e-06
3578981202_efef47e264.jpg,1.866597073e-06
2392460773_2aa01eb340.jpg,2.010003178e-06
2919459517_b8b858afa3.jpg,1.503098548e-06
3330019493_fd36fbc2ea.jpg,1.061437497e-06
2119302248_72493d458c.jpg,1.941775941e-06
2884651479_12e400ee58.jpg,2.121208456e-06
1016887272_03199f49c4.jpg,1.484687469e-06
3518687038_964c523958.jpg,1.240640563e-06
103106960_e8a41d64f8.jpg,1.314866608e-06
298920219_9a3f80acc5.jpg,1.860254418e-06
3301744710_b51280eb56.jpg,1.543808367e-06
3079341641_f65f6b0f8b.jpg,1.727429238e-06
2112661738_de71b60b88.jpg,7.875846252e-07
911795495_342bb15b97.jpg,2.575938264e-06
3185787277_b412d7f5b7.jpg,1.426225094e-06
847782643_57248bbdab.jpg,5.899006518e-07
2151300603_248a9fe715.jpg,1.740699507e-06
3576250302_14779632bd.jpg,1.65677077e-06
3222055946_45f7293bb2.jpg,1.930295239e-06
3220200084_3ea129336e.jpg,1.903688116e-06
2860035355_3fe7a5caa4.jpg,1.585779943e-06
2544246151_727427ee07.jpg,1.354653753e-06
3419634480_c390f62a6e.jpg,9.949738946e-07
2268115375_69884e958d.jpg,8.490261417e-07
3214885227_2be09e7cfb.jpg,1.34290051e-06
2410618963_fb78307d18.jpg,1.270965585e-06
3339751521_7a8768be27.jpg,1.718860968e-06
3547368652_0d85c665d3.jpg,1.014953274e-06
2956413620_d59de03a06.jpg,1.919677052e-06
3469585782_e708496552.jpg,1.569421137e-06
3399284917_721aefe2a7.jpg,1.515999593e-06
3043266735_904dda6ded.jpg,2.021549847e-06
487074671_66db20bf47.jpg,1.563532443e-06
3306212559_731ba9bd05.jpg,1.879230952e-06
3318564834_4ccea90497.jpg,1.311641239e-06
2358447641_10f1e9d21f.jpg,2.02991022e-06
2678798732_2998f9969c.jpg,8.675819146e-07
3388836914_c267cf3a59.jpg,1.61361761e-06
2222559267_6fd31e3941.jpg,1.22446343e-06
1388373425_3c72b56639.jpg,1.165211622e-06
2276499757_b44dc6f8ce.jpg,9.956403983e-07
309049466_1d7e7d5fc2.jpg,1.119919811e-06
2442243868_abe8f74fb4.jpg,2.106692765e-06
2833820456_143ea6ce47.jpg,1.164251122e-06
2728276857_3f83757ef2.jpg,1.507929229e-06
3090957866_f1b2b7f214.jpg,1.345962996e-06
1659358141_0433c9bf99.jpg,1.438468659e-06
3206999917_e682672cbc.jpg,1.189987287e-06
210839948_bbd5bfa3b6.jpg,1.412301182e-06
1526181215_c1a94325ae.jpg,1.277063027e-06
2856456013_335297f587.jpg,1.115122007e-06
2603125422_659391f961.jpg,1.313464557e-06
2453318633_550228acd4.jpg,1.306186354e-06
3456362961_d8f7e347a8.jpg,1.124659679e-06
2550011909_6b95f11330.jpg,6.356814063e-07
3102204862_f1d220230b.jpg,1.857712783e-06
1454841725_4b6e6199e2.jpg,1.683356023e-06
824923476_d85edce294.jpg,1.519616621e-06
2945036454_280fa5b29f.jpg,1.719784058e-06
2128119486_4407061c40.jpg,2.454155338e-06
506367606_7cca2bba9b.jpg,1.291551963e-06
3537474810_cf676b3259.jpg,1.849712919e-06
433810429_a4da0eac50.jpg,9.019911902e-07
973827791_467d83986e.jpg,1.196022218e-06
2519812011_f85c3b5cb5.jpg,1.12036531e-06
271177682_48da79ab33.jpg,1.154770445e-06
241347700_ef2451d256.jpg,2.59578406e-06
394563330_68b566368c.jpg,1.140641729e-06
3122579598_14841c038a.jpg,7.476590379e-07
3366904106_e996320d20.jpg,1.876511435e-06
2938875913_0ed920a6be.jpg,1.673028706e-06
3478877323_0a507a601b.jpg,1.185175136e-06
2892413015_5ecd9d972a.jpg,9.140735932e-07
3720366614_dfa8fe1088.jpg,1.921576471e-06
3612249030_e2829ffa31.jpg,2.460445981e-06
3738685861_8dfff28760.jpg,1.278181184e-06
3393152604_27bd1037f2.jpg,1.433452047e-06
145721498_a27d2db576.jpg,1.492351884e-06
3083016677_5782bc337c.jpg,8.467081536e-07
3139393607_f0a54ca46d.jpg,1.805882637e-06
3564148252_aa4cb36a32.jpg,1.494493768e-06
1931690777_897a7d8ab6.jpg,6.944770032e-07
3415578043_03d33e6efd.jpg,1.343738172e-06
2672588619_3849930e99.jpg,1.745674091e-06
3288174272_2daa06d360.jpg,1.431721326e-06
2500354186_0836309cc9.jpg,8.334074892e-07
2661294969_1388b4738c.jpg,1.019476444e-06
2830309113_c79d7be554.jpg,1.688132622e-06
492341908_1ef53be265.jpg,1.02844711e-06
1317292658_ba29330a0b.jpg,1.625692497e-06
317641829_ab2607a6c0.jpg,1.568701827e-06
3677613006_4689cb8e4e.jpg,1.487293982e-06
3430526230_234b3550f6.jpg,1.119412011e-06
3663307538_468739e4c3.jpg,1.992253325e-06
2540360421_f7c2401da8.jpg,1.823030725e-06
3590653633_495de5f288.jpg,1.254560395e-06
1295698260_e10c53c137.jpg,1.979529065e-06
270724499_107481c88f.jpg,1.712164159e-06
3174713468_e22fa7779e.jpg,1.038238482e-06
3437273677_47d4462974.jpg,1.814523079e-06
3201427741_3033f5b625.jpg,1.140987201e-06
3162442331_c9711857c6.jpg,1.423646559e-06
3454988449_1de1ef4f20.jpg,9.422991609e-07
3342309960_c694b2cce9.jpg,1.115269142e-06
2429729667_42effc165d.jpg,1.394991943e-06
2297471897_3419605c16.jpg,1.043226841e-06
697490420_67d8d2a859.jpg,1.922776253e-06
3476709230_6439305bf2.jpg,1.392462047e-06
2295447147_458cfea65a.jpg,1.916570247e-06
1469358746_2a879abaf3.jpg,1.188897606e-06
3616771728_2c16bf8d85.jpg,1.815538117e-06
3718892835_a3e74a3417.jpg,1.040805896e-06
3298233193_d2a550840d.jpg,1.321835473e-06
3497236690_a48bf7ac42.jpg,1.734999487e-06
2403078014_4b1d6f8bde.jpg,1.32503343e-06
2999735171_87ca43c225.jpg,9.860328854e-07
3616638478_641d02183d.jpg,9.938143579e-07
3413571342_b9855795e2.jpg,1.70672423e-06
508432819_3d055f395d.jpg,8.820147749e-07
2374652725_32f90fa15c.jpg,1.907818189e-06
241347300_7c84ecf764.jpg,1.822118068e-06
2931254547_e97c6d0d63.jpg,1.698502283e-06
244760289_f4467b2b67.jpg,1.865119897e-06
3541483943_9776baee7c.jpg,2.151647391e-06
3584603849_6cfd9af7dd.jpg,2.50695192e-06
2884092603_786b53a74b.jpg,1.551803919e-06
2255332561_3375897ff0.jpg,1.446134074e-06
3307147971_5b3abf61f9.jpg,8.857901128e-07
2953861572_d654d9b6f2.jpg,2.367331679e-06
3072172967_630e9c69d0.jpg,1.047851236e-06
1473618073_7db56a5237.jpg,1.390731615e-06
1354318519_2f9baed754.jpg,2.233405636e-06
3559781965_d4ec00e506.jpg,1.31829311e-06
3027399066_ca85495775.jpg,1.542624649e-06
429283612_37f6e7fb7f.jpg,1.97355693e-06
2029280005_a19609c81a.jpg,1.021527384e-06
2592711202_55f8c64495.jpg,1.184071693e-06
3263741906_6e4508d1c8.jpg,2.282830419e-06
3551281733_b43bf6f870.jpg,2.206439504e-06
493507605_48fe8e3739.jpg,7.101089445e-07
3535768334_a3924bcccd.jpg,1.871348282e-06
684375286_09cc1aa778.jpg,8.099518603e-07
2102732029_9ae520914d.jpg,2.116071673e-06
3426144752_28d63615ca.jpg,1.806023442e-06
346253487_687150ab04.jpg,1.594876512e-06
3454315016_f1e30d4676.jpg,1.314332571e-06
3550255426_4ab03c0d6e.jpg,1.138590412e-06
2236016316_f476cbbf06.jpg,2.307707798e-06
1675679141_36c9bc2969.jpg,1.354775456e-06
3139895886_5a6d495b13.jpg,1.925830099e-06
2265100168_175f8218af.jpg,1.916817979e-06
3523559027_a65619a34b.jpg,1.06919041e-06
421932359_edbf181f44.jpg,1.193995771e-06
3376942201_2c45d99237.jpg,2.066890008e-06
2458033289_f0616879df.jpg,1.554176614e-06
2709648336_15455e60b2.jpg,1.375247041e-06
2337809114_899ba61330.jpg,1.396378341e-06
3377344932_6dfce93248.jpg,1.560262447e-06
445655284_c29e6d7323.jpg,1.155679175e-06
3502993968_4ee36afb0e.jpg,1.775292915e-06
599366440_a238e805cf.jpg,1.258008352e-06
152029243_b3582c36fa.jpg,9.836185465e-07
2952751562_ff1c138286.jpg,1.768721471e-06
3336831820_5c5df4b033.jpg,2.069687727e-06
418616992_22090c6195.jpg,1.673340926e-06
3568225554_73cdb19576.jpg,1.097050255e-06
2545363449_1985903f82.jpg,1.691021844e-06
2176147758_9a8deba576.jpg,1.327185453e-06
3117562746_62f57a02b5.jpg,1.459737559e-06
1594038143_57f299aa8a.jpg,1.274446884e-06
2695001634_127fe2f0d7.jpg,1.302951455e-06
3082474922_9c3533eaf6.jpg,1.727598107e-06
3503623999_bbd5dcfb18.jpg,1.226212038e-06
1446933195_8fe9725d62.jpg,1.282700683e-06
3139389284_f01bd4c236.jpg,2.056668296e-06
848293676_98e73c52c1.jpg,2.320731604e-06
2924908529_0ecb3cdbaa.jpg,1.219085913e-06
3397228832_8ce5b1c26f.jpg,1.847992797e-06
2705947033_5999147842.jpg,1.092188421e-06
3533922605_a2b1e276f6.jpg,1.010668772e-06
3221815947_76c95b50b7.jpg,1.379815804e-06
3181701312_70a379ab6e.jpg,1.617987339e-06
415657941_454d370721.jpg,9.66314006e-07
412056525_191724b058.jpg,2.278350496e-06
2431832075_00aa1a4457.jpg,1.436288027e-06
3252457866_b86614064c.jpg,1.134268191e-06
3558370311_5734a15890.jpg,1.689733646e-06
537390477_7dd3407f96.jpg,2.071422117e-06
3526018344_450c517a72.jpg,1.63016956e-06
3138504165_c7ae396294.jpg,1.064752671e-06
1606988704_fe330878a3.jpg,1.435168424e-06
2430860418_fd0726f414.jpg,2.4946412e-06
2103568100_5d018c495b.jpg,1.084494412e-06
3068994801_b2bc079e67.jpg,8.904548066e-07
2630507245_bea4804288.jpg,1.852190639e-06
436009777_440c7679a1.jpg,5.65918512e-07
232874193_c691df882d.jpg,2.051218048e-06
525538142_7348f0bce7.jpg,2.061724341e-06
1465666502_de289b3b9c.jpg,1.292933174e-06
520491467_54cbc0a866.jpg,1.008186338e-06
542648687_adf13c406b.jpg,1.818929657e-06
3524914023_4e96edb09f.jpg,1.464689727e-06
2939007933_8a6ef2d073.jpg,2.021129866e-06
281419391_522557ce27.jpg,1.670703855e-06
549520317_af3d5c32eb.jpg,1.896821157e-06
3100251515_c68027cc22.jpg,1.005641508e-06
3397259310_1ed1a346b5.jpg,1.127042514e-06
2858439751_daa3a30ab8.jpg,1.274584386e-06
2422018883_336519b5c6.jpg,2.228174652e-06
2750867389_4b815f793a.jpg,1.738851616e-06
1598085252_f3219b6140.jpg,1.174373908e-06
2479553749_f7ac031940.jpg,9.255124929e-07
2522297487_57edf117f7.jpg,1.720383429e-06
3178005751_fca19815ac.jpg,1.213529343e-06
1453366750_6e8cf601bf.jpg,1.22659533e-06
3252588185_3210fe94be.jpg,1.551467677e-06
2115631346_9585a479b0.jpg,1.392291451e-06
2295894587_2fd8faf550.jpg,2.40531547e-06
3249014584_21dd9ddd9d.jpg,1.022348339e-06
3359089834_263e529c71.jpg,1.638889798e-06
3738789925_7d17dbdf25.jpg,1.729003325e-06
516998046_1175674fcd.jpg,1.493644023e-06
3697456750_460aea7252.jpg,1.041169664e-06
3447007090_08d997833a.jpg,1.199002117e-06
2225231022_1632d0a5aa.jpg,1.463112668e-06
3583321426_f373c52161.jpg,1.469469662e-06
3155361712_2cbf59c78e.jpg,1.325703118e-06
3099264059_21653e2536.jpg,9.053562236e-07
141139674_246c0f90a1.jpg,2.09642244e-06
3422458549_f3f3878dbf.jpg,1.538422097e-06
527968666_1fcddf81ab.jpg,1.16974176e-06
2339516180_12493e8ecf.jpg,1.240766017e-06
3280644151_3d89cb1e0e.jpg,1.501518728e-06
369802520_9825f2cd84.jpg,1.01330365e-06
533713007_bf9f3e25b4.jpg,1.032760819e-06
1579287915_4257c54451.jpg,1.03020452e-06
2121140070_a09644550b.jpg,1.432157549e-06
2359784186_36c9746d02.jpg,1.306391364e-06
2101128963_fdf8b2a0d7.jpg,9.594734636e-07
2647593678_1fa3bb516c.jpg,9.971228081e-07
2196846255_2c1635359a.jpg,1.230558015e-06
2869253972_aa72df6bf3.jpg,1.520404484e-06
3549277110_24d4064ccd.jpg,1.204137093e-06
2347921097_f2e35753c0.jpg,1.958693766e-06
2510560080_1439fe32f2.jpg,1.975888891e-06
2739332078_13d9acce59.jpg,1.684572267e-06
2423856014_8df0e7f656.jpg,9.963638756e-07
2998945968_86f236d1e8.jpg,1.20688321e-06
3348191949_b0b925e5f1.jpg,1.422833816e-06
2685788323_ceab14534a.jpg,2.154658344e-06
3544312930_3a0b8d70c1.jpg,2.215653682e-06
2136514643_93d8f75a77.jpg,1.204353414e-06
493621130_152bdd4e91.jpg,1.805631511e-06
2261169495_98254e2e66.jpg,1.168321795e-06
1424237335_b3be9920ba.jpg,1.118354284e-06
544122267_e9e0100bc5.jpg,1.177938546e-06
347543966_b2053ae78c.jpg,1.220107852e-06
3091962081_194f2f3bd4.jpg,1.249095549e-06
3673035152_da7ed916d9.jpg,2.232685571e-06
2525270674_4ab536e7ec.jpg,1.862524006e-06
2252264255_03fefc25af.jpg,1.763705679e-06
2902486045_6298eb22ef.jpg,1.373211814e-06
322050103_145f7233c6.jpg,1.331655225e-06
791338571_7f38510bf7.jpg,1.290971787e-06
3251906388_c09d44340e.jpg,1.870737676e-06
3148647065_2d6cd88cf6.jpg,2.123133573e-06
3524975665_7bec41578b.jpg,1.733668237e-06
3673484638_dce87295fe.jpg,1.51699176e-06
2837808847_5407af1986.jpg,1.612899955e-06
3380519003_9f91d5a7fb.jpg,1.529298112e-06
2891924845_92f69b0f18.jpg,2.101000946e-06
2773011586_6f4cd41e84.jpg,1.679638288e-06
172092464_d9eb4f4f2f.jpg,1.768731409e-06
3319489465_c65c91e4f2.jpg,1.524498827e-06
429205889_ff5a006311.jpg,1.422625765e-06
3203872773_6c30f64be3.jpg,2.022395818e-06
2551344688_17a12a6948.jpg,2.216406591e-06
217838128_1f0a84ddc1.jpg,1.632114321e-06
2662570182_350baa020f.jpg,1.502962203e-06
2649850541_59a6c7f01c.jpg,1.131804555e-06
3157744152_31ace8c9ed.jpg,9.954313211e-07
2642688531_8fb68b2147.jpg,1.238452118e-06
247652942_29ede19352.jpg,1.765093841e-06
2848977044_446a31d86e.jpg,1.10558774e-06
2847859796_4d9cb0d31f.jpg,1.332954582e-06
490390951_87395fcb1c.jpg,1.018172565e-06
3425414048_fa14d33067.jpg,1.323680064e-06
2774430374_fee1d793e7.jpg,2.059982062e-06
3212456649_40a3052682.jpg,7.937828912e-07
1220401002_3f44b1f3f7.jpg,1.830857545e-06
2540203582_9a9ac92a5d.jpg,1.338299621e-06
1918573100_d31cbb6b77.jpg,1.817423995e-06
3227111573_c82f7d68b1.jpg,1.381269268e-06
3480126681_52cea26bda.jpg,9.849826943e-07
3659686168_49c3abcee1.jpg,1.42934178e-06
2891617125_f939f604c7.jpg,1.629622392e-06
3358682439_be4b83544c.jpg,1.584658333e-06
2575647360_f5de38c751.jpg,1.508591067e-06
2752919987_8bfca604ab.jpg,8.680215297e-07
2672445419_251ce9419a.jpg,1.613456324e-06
299612419_b55fe32fea.jpg,1.376584847e-06
3328247381_a9f7fb4898.jpg,2.070322874e-06
2836360729_6500249fe6.jpg,5.224761752e-07
3660826540_481d25fbb0.jpg,1.503307e-06
2378149488_648e5deeac.jpg,8.317699231e-07
267325341_1a96ef436e.jpg,1.341993738e-06
3682277595_55f8b16975.jpg,1.550054169e-06
399212516_d68046b277.jpg,1.325415412e-06
317383917_d8bfa350b6.jpg,1.835929993e-06
310260324_7f941814bc.jpg,1.595156177e-06
3737492755_bcfb800ed1.jpg,1.262736377e-06
3665996775_6d7d9a46f1.jpg,1.742037461e-06
3275711232_e261143664.jpg,1.958753041e-06
3733074526_82aa8d5f8d.jpg,1.858616648e-06
299676757_571ee47280.jpg,1.165588162e-06
2656749876_e32495bd8c.jpg,2.210940098e-06
624058168_f1c5e87e59.jpg,1.088556664e-06
287999021_998c2eeb91.jpg,1.224441376e-06
534875358_6ea30d3091.jpg,1.530849798e-06
341430859_4519802e8f.jpg,1.821884293e-06
1937104503_313d22a2d0.jpg,1.311259194e-06
2701271123_6761bc5f26.jpg,1.866135043e-06
143552697_af27e9acf5.jpg,1.622170717e-06
3019199755_a984bc21b1.jpg,1.210859464e-06
2009636597_e3f4fe19fb.jpg,1.051941092e-06
3229898555_16877f5180.jpg,1.792729096e-06
400851260_5911898657.jpg,2.299574456e-06
3156991513_3bf03333d8.jpg,8.523485935e-07
3472703856_568d9778b5.jpg,1.660925762e-06
1396703063_e8c3687afe.jpg,2.173264648e-06
1472230829_803818a383.jpg,1.503234622e-06
1685463722_55843b6d3c.jpg,1.675518087e-06
3248752274_96740ed073.jpg,1.949609578e-06
2256138896_3e24b0b28d.jpg,1.279195183e-06
3530504007_3272c57e21.jpg,1.630416034e-06
2875658507_c0d9ceae90.jpg,1.681404273e-06
3102363657_dc95fe6850.jpg,1.610877641e-06
2886411666_72d8b12ce4.jpg,1.192771524e-06
2766854400_640e2abe08.jpg,1.70032537e-06
276356412_dfa01c3c9e.jpg,8.965251964e-07
3257207516_9d2bc0ea04.jpg,1.393596209e-06
416106657_cab2a107a5.jpg,1.685495956e-06
3001612175_53567ffb58.jpg,1.044822964e-06
404850242_3a55a4c874.jpg,1.769046968e-06
1227655020_b11a1bb112.jpg,9.240986257e-07
2546959333_23b957988f.jpg,1.489999063e-06
244870123_dcb6e53643.jpg,1.554611109e-06
2896483502_6f807bae9e.jpg,1.712970306e-06
537532165_e4b7c0e61a.jpg,1.337757481e-06
530888330_a18343e38d.jpg,1.964775439e-06
975131015_9acd25db9c.jpg,1.957915291e-06
3293018193_e4e0c8db7c.jpg,1.548148341e-06
2616284322_b13e7c344e.jpg,1.600330865e-06
3477369101_8e0c61d8f4.jpg,1.04127924e-06
2172493537_128bc8b187.jpg,1.809382677e-06
3340857141_85d97a7466.jpg,7.146282013e-07
3023178539_836b50cd43.jpg,1.876428955e-06
3608752424_01a1cfd8a6.jpg,9.121078886e-07
2918880895_e61f74f2f0.jpg,2.174095595e-06
2657663775_bc98bf67ac.jpg,1.371560745e-06
1536774449_e16b1b6382.jpg,1.410625374e-06
1999444757_1b92efb590.jpg,1.858366684e-06
1387443857_602ab6f9bf.jpg,1.374182906e-06
2947274789_a1a35b33c3.jpg,2.09466258e-06
2286823363_7d554ea740.jpg,2.3308262e-06
3630332976_fdba22c50b.jpg,1.648444086e-06
2990977776_1ec51c9281.jpg,1.034433298e-06
3532761259_14026c1e96.jpg,1.68772275e-06
2219805467_370ee1b7aa.jpg,2.36540127e-06
3332248667_617606714b.jpg,1.493080558e-06
543363241_74d8246fab.jpg,1.602432983e-06
3115901702_f07aa0ef74.jpg,1.240782958e-06
3486154327_8be7c78569.jpg,8.492043665e-07
2171154778_8189169336.jpg,1.812125104e-06
3523874798_9ba2fa46e3.jpg,1.700475383e-06
2090997177_76d482b158.jpg,2.148979133e-06
2638369467_8fc251595b.jpg,1.868756224e-06
3582066525_e9d6377f56.jpg,1.962353467e-06
3671935691_57bdd0e778.jpg,1.301115463e-06
1406010299_5755339f08.jpg,1.73114877e-06
2424398046_1a55c71376.jpg,1.60815763e-06
3025495499_b15797b452.jpg,1.108573893e-06
2555535057_007501dae5.jpg,1.879889426e-06
2355819665_39021ff642.jpg,1.054405351e-06
3348208268_6d97d951eb.jpg,1.563615936e-06
551403320_dfdcf9fc3b.jpg,1.013033097e-06
2579268572_d78f8436cb.jpg,7.754832742e-07
2428751994_88a6808246.jpg,1.697582984e-06
745880539_cd3f948837.jpg,1.436747475e-06
2394824046_51cec8e5e7.jpg,1.513174733e-06
3164347907_2813f8ff0b.jpg,1.745411185e-06
2501595799_6316001e89.jpg,1.264551755e-06
1470061031_4cb59c12a8.jpg,1.434441122e-06
3649802021_8a689bc153.jpg,7.360545569e-07
3638577494_fe55f7b4cb.jpg,7.552573813e-07
2940594396_20c40947b0.jpg,1.758877171e-06
197924859_f6e39a7dfa.jpg,8.975609352e-07
2865703567_52de2444f2.jpg,1.289471429e-06
3758787457_1a903ee1e9.jpg,1.527268385e-06
2666078276_f7b3056997.jpg,1.811040764e-06
2737609659_efce872c24.jpg,1.025545224e-06
3131107810_7e9b96cddc.jpg,1.418088013e-06
2279945145_8815c59217.jpg,1.302238592e-06
241346434_0527ea1c07.jpg,2.351652059e-06
543940240_a54a3c7989.jpg,1.376042046e-06
309771854_952aabe3cc.jpg,1.738274216e-06
2676015068_690b0fb2cd.jpg,1.012938496e-06
3425127583_611200619a.jpg,1.296030265e-06
3122773470_b622205948.jpg,1.049440066e-06
3439128755_84409b8823.jpg,1.759176299e-06
2922222717_12195af92d.jpg,1.812206683e-06
361092202_3d70144ebd.jpg,2.254623666e-06
3692892751_f6574e2700.jpg,1.449578577e-06
439569646_c917f1bc78.jpg,1.566243557e-06
2856699493_65edef80a1.jpg,2.077676576e-06
197107117_4b438b1872.jpg,1.033604492e-06
95728660_d47de66544.jpg,1.77006309e-06
2215136723_960edfea49.jpg,1.579923281e-06
2657643451_b9ddb0b58f.jpg,8.49770213e-07
2815788792_d226215d10.jpg,2.103523785e-06
512991147_dc48e6839c.jpg,1.014960452e-06
332045444_583acaefc3.jpg,1.704684777e-06
3584406900_039f30b34c.jpg,1.413442455e-06
486300784_2cc7a770ff.jpg,1.886325011e-06
2773682293_3b712e47ff.jpg,9.093576887e-07
1355833561_9c43073eda.jpg,2.076113431e-06
1481062342_d9e34366c4.jpg,1.333451414e-06
688940111_325a74674a.jpg,2.238745841e-06
478754346_addb53893c.jpg,1.319479304e-06
2194286203_5dc620006a.jpg,9.935570927e-07
392976422_c8d0514bc3.jpg,1.250802504e-06
2103361407_4ed4fc46bf.jpg,1.840057417e-06
2525455265_f84ba72bd7.jpg,1.270131421e-06
2938316391_97382d14aa.jpg,2.019240374e-06
3659769138_d907fd9647.jpg,1.696006513e-06
3455405300_aa3069ecaa.jpg,1.37660959e-06
3646970605_d25c25340b.jpg,9.29936002e-07
3438858409_136345fa07.jpg,1.021598229e-06
887108308_2da97f15ef.jpg,1.01498001e-06
3025334206_76888792e5.jpg,8.303457926e-07
364213568_7f83e7d144.jpg,1.588745999e-06
3198237818_cb5eb302f0.jpg,1.86560608e-06
824782868_a8f532f3a6.jpg,1.482638018e-06
3256603992_67312b5a36.jpg,5.517355522e-07
2589156742_c46bc82137.jpg,2.112861967e-06
2846785268_904c5fcf9f.jpg,1.039070733e-06
3003612178_8230d65833.jpg,8.173000094e-07
619169586_0a13ee7c21.jpg,1.827239116e-06
2021671653_567395c7cf.jpg,1.912158142e-06
2043427251_83b746da8e.jpg,1.605439679e-06
3625519177_4c2bb9e7f0.jpg,1.293761251e-06
394463341_5311c53783.jpg,1.048687144e-06
3344526059_4a097af285.jpg,1.475277887e-06
2378127945_8dc9da82d7.jpg,1.828098703e-06
3690425778_3b390b3ea5.jpg,1.172709517e-06
3470129475_9e58b6742c.jpg,6.375223548e-07
1388346434_524d0b6dfa.jpg,1.17490368e-06
3334057289_68ece38a85.jpg,1.028135074e-06
2182050469_1edac0bc60.jpg,1.779513875e-06
2399219552_bbba0a9a59.jpg,1.268282714e-06
2866254827_9a8f592017.jpg,1.800120989e-06
3434452829_62cee280bc.jpg,9.143426911e-07
2467853482_17009933e8.jpg,1.96690639e-06
978580450_e862715aba.jpg,2.219221702e-06
3435648640_b2f68efb78.jpg,1.331756393e-06
3104909823_0f41dd8be6.jpg,2.26206382e-06
3336759846_5220e27deb.jpg,1.091799269e-06
491600485_26c52c8816.jpg,6.630558929e-07
3613005134_bb7f304da1.jpg,1.345633502e-06
1378557186_4bd1da6834.jpg,7.544010731e-07
551664516_78a5131dc4.jpg,1.360784834e-06
3725177385_62d5e13634.jpg,1.260086459e-06
765091078_a8a11c6f9e.jpg,1.43583886e-06
3046430047_d7b10123d0.jpg,7.155189415e-07
2483993827_243894a4f9.jpg,1.855308578e-06
2125454445_5c5c4bf906.jpg,5.842237825e-07
3219065971_702c4e8c34.jpg,1.310773475e-06
1965278563_8279e408de.jpg,1.406592181e-06
439049388_3dcee2d30b.jpg,1.576739859e-06
3207358897_bfa61fa3c6.jpg,1.069576891e-06
2090327868_9f99e2740d.jpg,1.323963391e-06
195962284_e57178054a.jpg,1.299265669e-06
2854207034_1f00555703.jpg,1.201126755e-06
2592019072_a6c0090da4.jpg,1.293477221e-06
483039719_75181b2726.jpg,1.921697256e-06
2613920405_e91e6ebd7a.jpg,1.034999836e-06
905355838_3a43fdfd4e.jpg,1.939937262e-06
3638459638_ec74e3ff89.jpg,1.311979375e-06
3381788544_2c50e139dd.jpg,2.119338274e-06
3252985078_c4ee2aca4e.jpg,8.606030147e-07
3563673070_71fa0903ed.jpg,1.233190928e-06
3708839890_ed448012cf.jpg,6.814183513e-07
2661567396_cbe4c2e5be.jpg,1.381974294e-06
3321063116_4e5deeac83.jpg,2.273659133e-06
1897025969_0c41688fa6.jpg,1.531199347e-06
516214924_c2a4364cb3.jpg,1.855860155e-06
3110649716_c17e14670e.jpg,1.660441115e-06
524310507_51220580de.jpg,8.968006952e-07
3474265683_43b1033d94.jpg,1.448738575e-06
2384401298_e389c01abc.jpg,8.669626463e-07
3705976184_53ae07e898.jpg,1.213716444e-06
2243904502_2d265fed80.jpg,1.423793485e-06
1122944218_8eb3607403.jpg,1.96021075e-06
95734035_84732a92c1.jpg,1.741737854e-06
1814391289_83a1eb71d3.jpg,1.793106346e-06
3342487512_fd33971dea.jpg,1.871058616e-06
1562392511_522a26063b.jpg,1.359617513e-06
86542183_5e312ae4d4.jpg,2.009723553e-06
3301021288_95935b7a74.jpg,1.625408156e-06
3245070961_8977fdd548.jpg,2.042273127e-06
3181322965_ce9da15271.jpg,1.084686175e-06
1561658940_a947f2446a.jpg,5.089732059e-07
2021602343_03023e1fd1.jpg,1.891666239e-06
2978735290_7464b12270.jpg,9.487458409e-07
3371266735_43150bce52.jpg,1.036202378e-06
1163282319_b729b24c46.jpg,1.881799247e-06
3115174046_9e96b9ce47.jpg,1.896724246e-06
3500342526_393c739e2f.jpg,8.734461587e-07
3357416302_fcfcdd7b86.jpg,1.186348908e-06
3081363964_d404eccae8.jpg,1.820870905e-06
2113530024_5bc6a90e42.jpg,7.993089168e-07
3191805046_77c334b506.jpg,1.923386023e-06
3443351431_7b4061df5c.jpg,2.1409865e-06
3484649669_7bfe62080b.jpg,1.139318884e-06
3487979741_5f244c0c4b.jpg,9.431632628e-07
3039214579_43ef79f931.jpg,1.325016694e-06
2449552677_ee78f01bae.jpg,1.103149601e-06
2527303359_6c3dc3f282.jpg,1.690306881e-06
3035785330_2fd5e32bb1.jpg,1.551018982e-06
3423509305_e399d005db.jpg,1.707397903e-06
578644583_da3ff18dd1.jpg,1.761830128e-06
3443853670_6c79fcfcb2.jpg,1.20251239e-06
3342272425_804316cb3d.jpg,1.323443738e-06
1429723917_6af585e4c0.jpg,2.159381822e-06
2934801096_230ae78d7e.jpg,7.502645418e-07
2567035103_3511020c8f.jpg,1.020563616e-06
427683329_95d510a087.jpg,1.839757275e-06
1425069308_488e5fcf9d.jpg,2.111527647e-06
2206600240_f65df56a09.jpg,1.555782084e-06
755326139_ee344ece7b.jpg,1.619622038e-06
418357172_bdddf71d32.jpg,1.498780874e-06
1676601498_7d59327523.jpg,1.5611056e-06
3322200641_c2e51ff37b.jpg,1.862865984e-06
2596619849_7b635dd310.jpg,1.056876429e-06
2380740486_8cd5d4601a.jpg,3.611133677e-06
439037721_cdf1fc7358.jpg,1.959460611e-06
447722389_4b51b7e13d.jpg,1.314951215e-06
3597354819_0069aaf16e.jpg,1.263568079e-06
2366421102_2d60d53a0e.jpg,9.718306542e-07
3374722123_6fe6fef449.jpg,7.805063414e-07
3728164558_52729baefa.jpg,1.688954635e-06
3425061393_d093edb8da.jpg,1.327839005e-06
3449170348_34dac4a380.jpg,1.662122635e-06
1787222774_d5c68cce53.jpg,1.744167802e-06
3616846215_d61881b60f.jpg,1.167035906e-06
2060031241_a3ae7a06bb.jpg,1.983629504e-06
3628698119_5566769777.jpg,1.030076021e-06
3315353266_70f0bbb1c3.jpg,1.574640703e-06
488590040_35a3e96c89.jpg,1.577902337e-06
3085973779_29f44fbdaa.jpg,1.653099943e-06
377872472_35805fc143.jpg,1.719513411e-06
463978865_c87c6ca84c.jpg,1.652210313e-06
3249891130_b241591e89.jpg,1.578453005e-06
2954584849_3c2899f319.jpg,1.092272791e-06
2308978137_bfe776d541.jpg,1.787600766e-06
3596959859_a7cb1e194b.jpg,1.291390044e-06
3647826834_dc63e21bd0.jpg,1.139531872e-06
2058124718_89822bc96e.jpg,2.321018938e-06
3356284586_21c6f155a5.jpg,2.027405554e-06
2629294578_853a08bb43.jpg,2.197380945e-06
2186139563_e60c1d4b8b.jpg,1.323171481e-06
2445654384_4ee3e486e1.jpg,1.452984562e-06
3351111378_b5d80783a1.jpg,1.248490953e-06
3585117340_73e96b6173.jpg,2.505111823e-06
2710280476_dcccb8745a.jpg,1.416856336e-06
3718964174_cb2dc1615e.jpg,2.05740626e-06
2754271176_4a2cda8c15.jpg,1.196362523e-06
3134586018_ae03ba20a0.jpg,1.847494223e-06
1626754053_81126b67b6.jpg,1.675437784e-06
3359530430_249f51972c.jpg,1.901561606e-06
3604384157_99241be16e.jpg,1.817310387e-06
2160266952_a2ab39191b.jpg,1.626852455e-06
3461049169_e068ae4f25.jpg,1.68491042e-06
2695085632_10c4e6ea78.jpg,1.303373562e-06
575636303_b0b8fd4eee.jpg,9.817971947e-07
3284899112_f11ab3cfe6.jpg,1.212256993e-06
1093737381_b313cd49ff.jpg,1.489623153e-06
3544483327_830349e7bc.jpg,1.159924169e-06
2992999413_018f48aabc.jpg,9.578699978e-07
1813266419_08bf66fe98.jpg,2.36682121e-06
424379231_23f1ade134.jpg,2.120585295e-06
3176278670_195eea071c.jpg,1.400679526e-06
2967630001_cdc5560c0b.jpg,1.526787022e-06
353180303_6a24179c50.jpg,1.959010275e-06
2875583266_4da13ae12d.jpg,1.332141383e-06
3679707139_1cc1e71237.jpg,1.771544085e-06
3565598162_56044bc2f7.jpg,1.192980185e-06
2882589788_cb0b407a8d.jpg,1.938505349e-06
3060969260_08f43e4f4f.jpg,1.980659343e-06
2922981282_203f04bf9b.jpg,1.749069729e-06
3336808362_c17837afd8.jpg,1.112926017e-06
312156254_ef31dca5ed.jpg,8.987344459e-07
3356748019_2251399314.jpg,1.143717998e-06
3576741633_671340544c.jpg,1.411423409e-06
3330654550_3efe9a71af.jpg,1.238594774e-06
3516285214_59823b341e.jpg,2.124697092e-06
2322601965_748d59dc57.jpg,7.505134763e-07
2346402952_e47d0065b6.jpg,1.648314109e-06
1732217138_aa0199ef87.jpg,1.738024927e-06
3189293145_35dea42679.jpg,1.163191899e-06
488408004_a1e26d4886.jpg,1.345131976e-06
497579819_f91b26f7d3.jpg,1.057528172e-06
3424934891_69f18da66e.jpg,1.289941226e-06
3053813297_7ce5f87710.jpg,9.248638079e-07
747921928_48eb02aab2.jpg,1.112455562e-06
3584534971_b44f82c4b9.jpg,2.12561542e-06
1773928579_5664a810dc.jpg,1.45315321e-06
2539933563_17ff0758c7.jpg,1.489887529e-06
3009035153_715e39b440.jpg,1.866250342e-06
3619416477_9d18580a14.jpg,1.51893295e-06
2568656919_6e49d2a82b.jpg,1.637463297e-06
2204777844_1bcf26bf84.jpg,2.016486574e-06
436608339_f1d1298770.jpg,1.889600424e-06
3669069522_555c97fbfb.jpg,1.188469309e-06
2584020755_14e2b3e8fc.jpg,1.538128313e-06
444845904_a4531c811a.jpg,1.169115711e-06
186348874_75b2cf1ec5.jpg,8.785558782e-07
2862481071_86c65d46fa.jpg,1.136599899e-06
3109704348_c6416244ce.jpg,1.271017374e-06
368212336_bc19b0bb72.jpg,9.685538216e-07
735787579_617b047319.jpg,1.855281954e-06
3304511635_113beaf458.jpg,1.498307797e-06
3519815055_304dc8e8d6.jpg,7.995579022e-07
1404832008_68e432665b.jpg,1.444633089e-06
1252787177_4b08625897.jpg,1.845178954e-06
3333675897_0043f992d3.jpg,2.114918801e-06
3176968956_d942a93513.jpg,1.365920899e-06
2519594430_551225e5bd.jpg,1.062380786e-06
403678611_73978faed7.jpg,1.860663461e-06
3458215674_2aa5e64643.jpg,1.37140446e-06
3355827928_c96c0c3e88.jpg,2.002007027e-06
3376435746_1593d9b243.jpg,1.626876429e-06
3265209567_b3b9c8e0fe.jpg,1.274752546e-06
418796494_bdb441de42.jpg,2.395735388e-06
3216762979_813c45a8ec.jpg,2.023784591e-06
3639967449_137f48b43d.jpg,1.216837387e-06
3335501468_628655d608.jpg,2.214585038e-06
766099402_cdda6964f0.jpg,8.710943799e-07
3195701071_81879257f5.jpg,1.057246778e-06
3498354674_b636c7992f.jpg,8.892620607e-07
405051459_3b3a3ba5b3.jpg,2.004957932e-06
3405759441_fb31c80240.jpg,1.443458956e-06
3492734013_e6b177ed99.jpg,1.102103524e-06
2224995194_518859d97d.jpg,8.985723568e-07
2269961438_cae7a9c725.jpg,2.006941156e-06
3293945284_6a04e477a9.jpg,1.715944598e-06
2057305043_952b8dc82c.jpg,1.499736055e-06
3256274183_4eab3b2322.jpg,1.012485715e-06
640409060_6af18fdd54.jpg,1.558860629e-06
2857609295_16aaa85293.jpg,2.267842684e-06
3479245321_6a5bc470f8.jpg,1.043174952e-06
3482787182_a5c6d4b386.jpg,1.4533754e-06
263854883_0f320c1562.jpg,1.38319462e-06
3084034954_fe5737197d.jpg,9.891939912e-07
2911107495_e3cec16a24.jpg,1.648313896e-06
2273105617_7c73d2d2d3.jpg,1.604053085e-06
2772084628_c0ae29d87a.jpg,8.41794029e-07
3663951804_868982f3f9.jpg,1.91719107e-06
437404867_209625774d.jpg,1.061931916e-06
3376014640_ff5b00769f.jpg,1.240753533e-06
771366843_a66304161b.jpg,7.418604119e-07
3084011028_d1e2c40d7d.jpg,1.804929941e-06
2157003092_eaeb977789.jpg,1.421595569e-06
3504940491_94c43792ed.jpg,1.071524251e-06
2993049054_611f900644.jpg,2.0702372e-06
2544182005_3aa1332bf9.jpg,9.095739274e-07
2924884899_f512c84332.jpg,1.551430121e-06
2090386465_b6ebb7df2c.jpg,1.228493897e-06
127450902_533ceeddfc.jpg,1.937212284e-06
3234401637_84e0d14414.jpg,1.617251275e-06
1429546659_44cb09cbe2.jpg,1.402576702e-06
2564663851_3a9832e4fc.jpg,1.407436649e-06
3554634863_5f6f616639.jpg,9.687107803e-07
2929006980_9f9f8f3d21.jpg,7.408838999e-07
3425835357_204e620a66.jpg,1.943481141e-06
2075493556_b763648389.jpg,1.5098035e-06
3556390715_65c6d1e88b.jpg,2.218954566e-06
3590654365_fd4819f48b.jpg,1.353048475e-06
265528702_8653eab9fa.jpg,1.677656642e-06
3551787566_b5ebbe2440.jpg,1.014445451e-06
2736902411_a0010f89ae.jpg,9.635152476e-07
3413669228_ec64efeb34.jpg,1.362080921e-06
3700346840_bb80d622f7.jpg,1.233566967e-06
3036641436_d6594fc45f.jpg,1.123237463e-06
2974501005_346f74e5d8.jpg,2.216758702e-06
2599444370_9e40103027.jpg,1.02228185e-06
3187096035_65dc416291.jpg,1.729203622e-06
2543679402_9359e1ee4e.jpg,1.808628163e-06
1245022983_fb329886dd.jpg,1.317562375e-06
3472066410_065b4f99d3.jpg,1.559027701e-06
3016741474_72b4355198.jpg,1.357292273e-06
1802092493_7b44fdb6b9.jpg,1.084120541e-06
2181724497_dbb7fcb0a9.jpg,2.26313232e-06
3539840291_1c3eed701d.jpg,1.439514675e-06
3264464625_c711cc40c6.jpg,1.811043271e-06
447733067_09cfac3286.jpg,1.388452632e-06
3201594926_cd2009eb13.jpg,1.618566803e-06
289599470_cc665e2dfb.jpg,1.591173996e-06
3656030945_fa003bd696.jpg,2.240960102e-06
979383193_0a542a059d.jpg,1.443030017e-06
3155400369_69e3d6d70f.jpg,9.776951628e-07
3043685748_130db75e3b.jpg,1.434942171e-06
2072574835_febf0c5fb9.jpg,1.687385639e-06
300314926_0b2e4b64f5.jpg,1.220726247e-06
3530087422_7eb2b2c289.jpg,1.539797451e-06
293327462_20dee0de56.jpg,1.272741908e-06
750196276_c3258c6f1b.jpg,1.822834273e-06
2619454551_c4bb726a85.jpg,7.419434786e-07
300148649_72f7f0399c.jpg,1.3289785e-06
894928353_002a3d5f06.jpg,1.179696945e-06
2917057791_3d68a055ca.jpg,9.553770839e-07
366713533_bd6d48cf02.jpg,1.034652434e-06
3398746625_5199beea71.jpg,1.923939796e-06
3191135894_2b4bdabb6d.jpg,2.481754406e-06
2973269132_252bfd0160.jpg,2.265430376e-06
3315616181_15dd137e27.jpg,1.468719215e-06
1251558317_4ef844b775.jpg,1.042985553e-06
1932314876_9cc46fd054.jpg,1.081637929e-06
366548880_3d3e914746.jpg,8.438361619e-07
3448855727_f16dea7b03.jpg,1.632503599e-06
3025315215_a5d367971a.jpg,1.847209374e-06
3017203816_5dc2a6b392.jpg,1.350241853e-06
2707933554_f6dc5e0e3c.jpg,2.218274713e-06
2516317118_10ae66b87a.jpg,2.334501557e-06
2426215757_e008a91fcb.jpg,1.55672241e-06
2806710650_e201acd913.jpg,2.118909337e-06
3319338707_892ae2a660.jpg,8.472287678e-07
3681651647_08eba60f89.jpg,1.744175884e-06
1461653394_8ab96aae63.jpg,2.2011611e-06
3216085740_699c2ce1ae.jpg,1.06931892e-06
3582914739_bef2828a06.jpg,1.722608397e-06
256958382_b9006bfc5b.jpg,1.515664214e-06
3466891862_9afde75568.jpg,1.947156246e-06
1022454332_6af2c1449a.jpg,1.361147753e-06
2375924666_fee50f1cba.jpg,1.969671752e-06
2975807155_5a8610c297.jpg,1.584683313e-06
2918653119_f535fc25c4.jpg,1.304565427e-06
3432586199_e50b0d6cb7.jpg,1.763544903e-06
3090386315_87ed417814.jpg,2.03369419e-06
2970461648_fe14ba0359.jpg,1.600530888e-06
3474985112_24ef46e82d.jpg,1.203553424e-06
2715155329_1ed1756000.jpg,1.611912651e-06
2981372647_2061278c60.jpg,1.112268939e-06
3199645963_a681fe04f8.jpg,1.051880574e-06
3361882891_6e610ffdbb.jpg,1.900004825e-06
370442541_60d93ecd13.jpg,1.005009009e-06
1482960952_95f2d419cb.jpg,1.919401144e-06
1198194316_543cc7b945.jpg,1.279337361e-06
2136992638_098d62a3c5.jpg,2.232112258e-06
2831672255_d779807c14.jpg,1.930424159e-06
3133403457_95dfe11da1.jpg,1.216442975e-06
2270483627_16fe41b063.jpg,1.077596927e-06
2830880811_d7f66dd2cf.jpg,1.038912638e-06
3028969146_26929ae0e8.jpg,9.444489685e-07
3435015880_eda46ff50f.jpg,1.742610126e-06
3210457502_c6030ce567.jpg,1.442829012e-06
3246804978_ea2c9e56f2.jpg,1.941936293e-06
544301311_5e7d69a517.jpg,1.677237185e-06
3405113041_4b72c24801.jpg,1.503242743e-06
3494345896_dd6b32cfa3.jpg,1.641984627e-06
3697153626_90fb177731.jpg,1.141913942e-06
2942094037_f6b36fd3db.jpg,1.520836903e-06
3688839836_ba5e4c24fc.jpg,1.686162536e-06
1234293791_6566284bcd.jpg,1.239212168e-06
2998024845_1529c11694.jpg,1.785814511e-06
3514179514_cbc3371b92.jpg,8.650389117e-07
2877637572_641cd29901.jpg,8.401836386e-07
3336211088_4c294a870b.jpg,1.070481961e-06
453756106_711c20471a.jpg,1.441899377e-06
3116039960_54d1d68145.jpg,2.222621523e-06
3634828052_3b6aeda7d6.jpg,1.499721743e-06
1384292980_4022a7520c.jpg,1.213336022e-06
2747640247_b54bfa6886.jpg,1.296321667e-06
2784625888_71a421e171.jpg,5.664851893e-07
2059616165_b7c99c1009.jpg,1.594370524e-06
2232518012_8cb0bbc43b.jpg,1.434338579e-06
3079787482_0757e9d167.jpg,2.035758676e-06
531197115_2be4d5034b.jpg,7.085196558e-07
2194797921_96af7a9467.jpg,2.193491138e-06
3211210739_3dea005fde.jpg,1.845042453e-06
229951087_4c20600c32.jpg,1.834036955e-06
3582814058_564776f26c.jpg,1.227794882e-06
241347547_902725b9f8.jpg,2.081040242e-06
265223843_9ef21e1872.jpg,2.360906141e-06
3576840040_9356b5b10a.jpg,8.032176148e-07
2170187328_65c2f11891.jpg,1.248418624e-06
374104006_7f32c8c5de.jpg,1.391768528e-06
3391209042_d2de8a8978.jpg,2.013241397e-06
3073579130_7c95d16a7f.jpg,1.13150928e-06
3153828367_5fc2c37c07.jpg,1.552472607e-06
2664102751_d5a737a566.jpg,1.879405475e-06
799431781_65dc312afc.jpg,1.588084673e-06
3403370354_5d266873b4.jpg,1.139000651e-06
2107838729_a527e434bd.jpg,1.711611147e-06
3458625738_297857369c.jpg,1.873136369e-06
2102724238_3cf921d7bb.jpg,1.481904117e-06
2606433181_f8f9d38579.jpg,1.780335113e-06
2062607137_dac194ad02.jpg,1.0348886e-06
3108544687_c7115823f5.jpg,1.254242606e-06
2870875612_2cbb9e4a3c.jpg,2.204305514e-06
2479652566_8f9fac8af5.jpg,1.634473029e-06
2508313118_524e93d48c.jpg,1.097652877e-06
2271468944_3264d29208.jpg,1.34554126e-06
2538477523_1da77eb11c.jpg,8.333463025e-07
2872806249_00bea3c4e7.jpg,9.389486593e-07
3506216254_04d119cac7.jpg,1.610425538e-06
1020651753_06077ec457.jpg,1.740649294e-06
3582920844_2742804f3d.jpg,1.044039163e-06
3726590391_bc6e729bb6.jpg,1.417074743e-06
1574401950_6bedc0d29b.jpg,8.062314129e-07
409327234_7b29eecb4e.jpg,1.493946939e-06
2540326842_bb26cec999.jpg,1.400348118e-06
3467073304_aefe553c4d.jpg,1.511836846e-06
522700240_d9af45e60d.jpg,2.267128475e-06
3595408539_a7d8aabc24.jpg,2.032040549e-06
3601803640_5f3cb05acf.jpg,1.671066763e-06
3397803103_8a46d716f4.jpg,1.798978935e-06
1440024115_129212c988.jpg,1.99447984e-06
1032122270_ea6f0beedb.jpg,1.849882951e-06
2581066814_179d28f306.jpg,8.85242826e-07
2406591500_403f145905.jpg,1.25708654e-06
2274992140_bb9e868bb8.jpg,1.371215485e-06
3475111806_f0d2927707.jpg,1.090344296e-06
3634032601_2236676cdd.jpg,1.098442083e-06
2250870111_8402d2319d.jpg,8.568148372e-07
1473250020_dc829a090f.jpg,8.908331518e-07
3130064588_6d1d3fa2dd.jpg,1.538153047e-06
1478606153_a7163bf899.jpg,8.832335262e-07
2302516347_26054442f9.jpg,1.196761539e-06
3461041826_0e24cdf597.jpg,8.213913036e-07
3259229498_2b5708c0c6.jpg,1.326870465e-06
3217893350_57be430d06.jpg,1.319266781e-06
2098418613_85a0c9afea.jpg,1.109347545e-06
160792599_6a7ec52516.jpg,1.505666137e-06
2100046085_69b59b6645.jpg,1.290867066e-06
2629334536_11f2d49e05.jpg,8.996133173e-07
407008823_bdd7fc6ed5.jpg,1.29969332e-06
509123893_07b8ea82a9.jpg,9.682279717e-07
326585030_e1dcca2562.jpg,1.481160436e-06
270816949_ffad112278.jpg,1.391444363e-06
3375070563_3c290a7991.jpg,1.977346867e-06
3613375729_d0b3c41556.jpg,1.15399793e-06
244399048_8332bb3270.jpg,2.255181318e-06
3165936115_cb4017d94e.jpg,1.063404368e-06
3031263767_2e3856130e.jpg,7.965856187e-07
3665569615_9a71c4b6e4.jpg,1.673105137e-06
661757041_61e131e913.jpg,9.885943083e-07
3442272060_f9155194c2.jpg,1.145651174e-06
3514184232_b336414040.jpg,7.320138648e-07
1187435567_18173c148b.jpg,1.568484405e-06
3147913471_322ea231d9.jpg,1.356828283e-06
1784309115_0ad6791146.jpg,2.569020289e-06
2714699748_c9270dd5aa.jpg,1.770431432e-06
3262301835_9f1a49b80a.jpg,1.565507266e-06
3331525712_af1dcc47f2.jpg,1.463203218e-06
2402744031_11f9f2f2b8.jpg,1.409940829e-06
3572144280_ea42bbd927.jpg,1.040713671e-06
2739331794_4ae78f69a0.jpg,1.481038126e-06
3245912109_fdeef6b456.jpg,1.339273923e-06
3518675890_2f65e23ff9.jpg,1.653306964e-06
3458379941_657182bb09.jpg,9.165550933e-07
2428086758_bce4733f7e.jpg,1.168235578e-06
1794818900_e0ffdd268e.jpg,1.718244744e-06
1386251841_5f384a0fea.jpg,8.053186342e-07
1121416483_c7902d0d49.jpg,1.598374954e-06
247097023_e656d5854d.jpg,2.085904137e-06
2431120202_b24fe2333a.jpg,1.30073688e-06
2909609550_070eea49b5.jpg,3.935938794e-06
2635908229_b9fc90d3fb.jpg,1.905095507e-06
3544803461_a418ca611e.jpg,1.318666123e-06
3214100656_80cda1b86b.jpg,7.955133329e-07
3703960010_1e4c922a25.jpg,1.383371402e-06
2317714088_bcd081f926.jpg,1.742649405e-06
3298175192_bbef524ddc.jpg,1.778567389e-06
3353950389_1153d5e452.jpg,1.633443611e-06
3705430840_e108de78bf.jpg,1.668536446e-06
3427023324_f1f6504bf4.jpg,1.242341208e-06
3084010872_cbc3ea8239.jpg,1.802449945e-06
2498897831_0bbb5d5b51.jpg,1.038801034e-06
3636418958_f038130bb2.jpg,1.08256873e-06
584484388_0eeb36d03d.jpg,1.048127381e-06
3666574371_317b008d2a.jpg,1.680485247e-06
3254645823_a7c072481c.jpg,2.134043413e-06
2687529141_edee32649e.jpg,9.820687227e-07
540604040_bec822c144.jpg,1.862047373e-06
3280052365_c4644bf0a5.jpg,1.577978784e-06
2295750198_6d152d7ceb.jpg,3.074099324e-06
530950375_eea665583f.jpg,1.197141148e-06
251958970_fa6b423f23.jpg,1.261169243e-06
1459250022_bf1eddad11.jpg,1.214354958e-06
2596514158_c516e57974.jpg,1.832040083e-06
3192311620_99bda27fbd.jpg,2.399871807e-06
244760301_5809214866.jpg,1.504781757e-06
2923475135_a6b6e13d26.jpg,1.96112472e-06
3177799416_5bd0382370.jpg,1.135994412e-06
2507182524_7e83c6de82.jpg,1.655625867e-06
2370481277_a3085614c9.jpg,9.486331973e-07
2141713971_e25eb12712.jpg,2.061281391e-06
2883907436_82bf4a36b8.jpg,1.8656779e-06
498444334_a680d318a1.jpg,1.371459668e-06
222759342_98294380fc.jpg,1.506058688e-06
3502343542_f9b46688e5.jpg,9.065417365e-07
2721656220_5f4cda8bc1.jpg,1.554278328e-06
424869823_7aec015d87.jpg,1.897211903e-06
3148811252_2fa9490a04.jpg,1.394546612e-06
3415287719_3c776f370e.jpg,1.700887995e-06
2444134813_20895c640c.jpg,1.486794849e-06
2260560631_09093be4c6.jpg,1.382663063e-06
3396153660_f729d9f9b9.jpg,1.783855304e-06
3432634159_1eb9a73306.jpg,9.547645531e-07
751737218_b89839a311.jpg,1.291274987e-06
3078229723_2aa52600de.jpg,1.472081294e-06
470887785_e0b1241d94.jpg,1.355598895e-06
3615239961_62b4dbc174.jpg,1.156268838e-06
3125158798_0743dae56e.jpg,1.365972743e-06
468608014_09fd20eb9b.jpg,1.913787305e-06
109738916_236dc456ac.jpg,1.112867171e-06
2852982055_8112d0964f.jpg,1.153845123e-06
2367317953_503317493e.jpg,9.27509939e-07
3206058778_7053ee6b52.jpg,1.225632802e-06
3667908724_65c7d112f2.jpg,1.684031756e-06
519061891_320061864e.jpg,1.323306202e-06
3271468462_701eb88d3b.jpg,1.04733974e-06
2199083344_3aa77f4879.jpg,1.939689002e-06
3621741935_54d243f25f.jpg,1.381824818e-06
2087317114_cf06df5aa5.jpg,1.972998326e-06
3238654429_d899e34287.jpg,1.907687825e-06
2268596214_ca532f5c63.jpg,1.651606724e-06
3564312955_716e86c48b.jpg,1.876799649e-06
1714316707_8bbaa2a2ba.jpg,5.871294065e-07
109260216_85b0be5378.jpg,1.293789034e-06
2872197070_4e97c3ccfa.jpg,2.418982804e-06
747242766_afdc9cb2ba.jpg,9.9359808e-07
191003287_2915c11d8e.jpg,1.841467729e-06
399246804_b4b5dc70e1.jpg,1.963914577e-06
3259222690_69737f2a6e.jpg,1.606162295e-06
2543017787_9720b4fa1c.jpg,1.666090516e-06
417577408_eb571658c1.jpg,6.470929815e-07
832128857_1390386ea6.jpg,1.557433056e-06
3443161359_65544fd732.jpg,2.009789257e-06
3322389758_394c990b6a.jpg,1.140697668e-06
269361490_a22ae818bf.jpg,1.228675808e-06
3421131122_2e4bde661e.jpg,1.40079308e-06
989754491_7e53fb4586.jpg,8.43816537e-07
3174726084_c108de0a64.jpg,2.1604767e-06
3745451546_fc8ec70cbd.jpg,1.546369462e-06
2374247382_023a86b9ca.jpg,1.820114384e-06
246231741_882b45c4e1.jpg,1.252049154e-06
2887798667_ce761d45e8.jpg,8.569303227e-07
425706089_f138118e12.jpg,1.30219115e-06
3320756943_9d004f9824.jpg,1.306066797e-06
255091930_aa2b5c0eb9.jpg,1.322966936e-06
2226534154_cbcab7ba32.jpg,9.967432772e-07
3694064560_467683205b.jpg,1.244998495e-06
3201666946_04fe837aff.jpg,1.614807602e-06
1799271536_6e69c8f1dc.jpg,1.285860993e-06
2426724282_237bca30b5.jpg,2.278480102e-06
526955751_f519d62b58.jpg,1.604092139e-06
3089742441_d42531c14f.jpg,1.061309318e-06
3520869880_2e8b7d7842.jpg,1.399175332e-06
3244747165_17028936e0.jpg,2.063234067e-06
2644430445_47c985a2ee.jpg,1.267737077e-06
3526150930_580908dab6.jpg,1.23127117e-06
3713882697_6dd30c7505.jpg,1.392885048e-06
3266306177_7994dc2865.jpg,1.748119925e-06
2883099128_0b056eed9e.jpg,2.058415287e-06
2812125355_5e11a76533.jpg,2.30986216e-06
3607489370_92683861f7.jpg,1.40907791e-06
2399551242_c62a46dd5f.jpg,8.745082902e-07
2199250692_a16b0c2ae1.jpg,1.216058516e-06
275002371_5b200e6a92.jpg,8.091911316e-07
3169777863_d745865784.jpg,1.954619994e-06
3604391853_b4809fcb8c.jpg,1.138898986e-06
3518443604_6da641f07d.jpg,1.700479159e-06
3045613316_4e88862836.jpg,6.908071262e-07
442220883_ff3d6e507f.jpg,2.294845875e-06
2193980605_4221c6474d.jpg,1.858034252e-06
302241178_a582c1b953.jpg,1.872996345e-06
514990193_2d2422af2c.jpg,1.092232514e-06
2065875490_a46b58c12b.jpg,9.273294612e-07
3061481868_d1e00b1f2e.jpg,1.864366492e-06
3157847991_463e006a28.jpg,1.543783608e-06
3497485793_e36c1d2779.jpg,1.661957482e-06
798343627_7492fe0c12.jpg,2.168075848e-06
2417745327_a2c2705043.jpg,1.623030303e-06
2815755985_0fa55544c0.jpg,1.645544513e-06
3593222804_c187808ac3.jpg,7.334293481e-07
2586911841_41b7a48c91.jpg,1.638329547e-06
498794783_cc2ac62b47.jpg,1.051635895e-06
1094462889_f9966dafa6.jpg,1.955480671e-06
225699652_53f6fb33cd.jpg,7.939249393e-07
1876536922_8fdf8d7028.jpg,1.707490824e-06
1144288288_e5c9558b6a.jpg,1.467121684e-06
1396064003_3fd949c9dd.jpg,1.187222394e-06
1904112245_549e47c8aa.jpg,9.214232057e-07
2860400846_2c1026a573.jpg,2.257902143e-06
2877424957_9beb1dc49a.jpg,1.424073911e-06
743571049_68080e8751.jpg,9.714072481e-07
689776124_07f560a920.jpg,1.755991423e-06
2209496328_2a34fd201d.jpg,1.325479126e-06
3229821595_77ace81c6b.jpg,2.45711276e-06
3098824948_23c31df031.jpg,1.52062886e-06
240583223_e26e17ee96.jpg,1.477448669e-06
3325578605_afa7f662ec.jpg,1.511566985e-06
2569643552_23696a9ba5.jpg,1.809585558e-06
2706766641_a9df81969d.jpg,1.571576404e-06
2280525192_81911f2b00.jpg,6.654748514e-07
1131155939_b4b457b05e.jpg,1.705795647e-06
319938879_daf0857f91.jpg,1.350461284e-06
3559429170_3183c404b9.jpg,1.451661184e-06
205682549_713aa6cd88.jpg,1.269975183e-06
1572532018_64c030c974.jpg,1.813749662e-06
390360326_26f5936189.jpg,3.317913137e-06
441212506_fcc321ac28.jpg,1.079517383e-06
1398873613_7e3174dd6c.jpg,1.284145519e-06
1989145280_3b54452188.jpg,2.118595659e-06
2831656774_36982aafdb.jpg,1.384617386e-06
539750844_02a07ec524.jpg,1.241771394e-06
3364026240_645d533fda.jpg,1.847091023e-06
283428775_a3665bee7c.jpg,6.44131204e-07
211295363_49010ca38d.jpg,1.40312606e-06
2911238432_33ec2d8cec.jpg,7.742309718e-07
2696951725_e0ae54f6da.jpg,1.075321349e-06
254901702_67ada9867c.jpg,1.010352e-06
3582465732_78f77f34ae.jpg,1.849391719e-06
2446315531_7c9704eec0.jpg,1.789331805e-06
241346508_0b3907a95b.jpg,1.989708308e-06
3187924573_203223e6c0.jpg,1.274671243e-06
2301867590_98c0ecb0cb.jpg,2.113091768e-06
2855727603_e917ded363.jpg,1.196811212e-06
2573667207_a1bf49befc.jpg,1.120948402e-06
693785581_68bec8312a.jpg,2.062810759e-06
47871819_db55ac4699.jpg,1.226138125e-06
3565749152_7924d15b04.jpg,1.147855894e-06
3389321512_b11f499dab.jpg,1.437786449e-06
236476706_175081ce18.jpg,1.57950331e-06
3134385454_4f1d55333f.jpg,1.579674683e-06
3146355833_1b7fc80210.jpg,9.605437527e-07
3556485995_9cd40269e9.jpg,1.488970509e-06
3392019836_c7aeebca1c.jpg,1.170442598e-06
1895768965_43cd9d164f.jpg,1.61896645e-06
1075867198_27ca2e7efe.jpg,1.717850585e-06
3562001359_65c63aeda3.jpg,1.149054352e-06
3623331945_df0f51d7dd.jpg,1.729269278e-06
1370615506_2b96105ca3.jpg,1.136070264e-06
3041384194_04316bd416.jpg,1.514197235e-06
3243020805_2bafc36c45.jpg,1.679998097e-06
3170897628_3054087f8c.jpg,9.391768739e-07
3036033157_522a43a550.jpg,1.053656706e-06
3713922357_e0a013fb97.jpg,9.219450965e-07
3398745929_8cd3bbb8a8.jpg,1.107909665e-06
2773400732_5b65a25857.jpg,1.496509477e-06
476233374_e1396998ef.jpg,7.421740276e-07
314685044_da4390728e.jpg,1.653315681e-06
2607130765_97833d6ce1.jpg,1.003197371e-06
2533076864_d799996433.jpg,9.267101235e-07
3328397409_092de2bd32.jpg,9.946118814e-07
3225025519_c089c14559.jpg,1.234103517e-06
3542425197_2ef81c6051.jpg,1.31376971e-06
576075451_5e0f6facb3.jpg,1.808339736e-06
2051194177_fbeee211e3.jpg,1.795421895e-06
2609836649_b55831ed41.jpg,1.588967862e-06
539493423_9d7d1b77fa.jpg,1.136806646e-06
3546720729_38fff1bbd9.jpg,1.111736552e-06
3138399980_d6ab8b2272.jpg,1.520457204e-06
3686078365_9e655e238f.jpg,1.863892604e-06
300577375_26cc2773a1.jpg,2.588122181e-06
3417037373_67f7db2dd2.jpg,1.001338409e-06
3225478803_f7a9a41a1d.jpg,1.686972536e-06
1169307342_e7a4685a5c.jpg,2.09111328e-06
2127031632_77505e4218.jpg,1.25853654e-06
3260191163_6c1551eee8.jpg,2.075733437e-06
278608022_4175813019.jpg,1.72009942e-06
1287931016_fb015e2e10.jpg,2.512776465e-06
2937178897_ab3d1a941a.jpg,1.248589913e-06
2937461473_11bbace28c.jpg,1.139988355e-06
1386964743_9e80d96b05.jpg,1.127907752e-06
3052038928_9f53aa2084.jpg,1.891398901e-06
2814028429_561a215259.jpg,1.005079445e-06
3659090958_a56913ca68.jpg,2.473450579e-06
391723162_3bdeb7ea33.jpg,1.890377779e-06
3404408360_430f73b034.jpg,1.443304881e-06
3319405494_58dee86b21.jpg,1.897775882e-06
3291587911_81fc33300e.jpg,2.002667539e-06
2293424366_7b5fcd2398.jpg,2.089660366e-06
3206919175_e3a11b6874.jpg,1.573839513e-06
406642021_9ec852eccf.jpg,1.144267355e-06
3648081498_76ec091495.jpg,9.392149977e-07
2084103826_ffd76b1e3e.jpg,1.775068221e-06
3599124739_b7e60cf477.jpg,1.926221056e-06
1130401779_8c30182e3e.jpg,1.174572219e-06
3441511444_b031585b45.jpg,1.319035805e-06
3215847501_c723905ba4.jpg,1.868183204e-06
311619377_2ba3b36675.jpg,8.690970091e-07
801607443_f15956d1ce.jpg,1.362555362e-06
3690883532_d883f34617.jpg,1.614424382e-06
3517466790_17c7753a1a.jpg,1.42243949e-06
2768972186_92787cd523.jpg,1.32755584e-06
3527261343_efa07ea596.jpg,1.651083367e-06
2587846523_b177c9a3e3.jpg,1.469668366e-06
3350614753_5624e181b3.jpg,1.651325819e-06
542269487_5d77b363eb.jpg,1.488797179e-06
1287982439_6578006e22.jpg,1.650030616e-06
3262760716_1e9734f5ba.jpg,2.853458299e-06
2267923837_ae88678497.jpg,1.179055026e-06
3429391520_930b153f94.jpg,1.431408605e-06
3613424631_3ae537624f.jpg,9.137502009e-07
1082252566_8c79beef93.jpg,1.473852898e-06
3163323414_d1ce127aa6.jpg,1.769551323e-06
241346402_5c070a0c6d.jpg,2.531748295e-06
2612949583_f45b3afe33.jpg,1.275634311e-06
411011549_1298d2b4d2.jpg,1.097349275e-06
1557838421_a33f2a4911.jpg,1.497950076e-06
2444339090_bf7b3211f4.jpg,1.66909743e-06
482098572_e83153b300.jpg,1.021292017e-06
3726130458_07df79e969.jpg,1.81888755e-06
3417672954_46b75dea8d.jpg,1.712968634e-06
3376809186_4e26d880b7.jpg,1.141918925e-06
3227423095_5049951eab.jpg,1.127774442e-06
1298295313_db1f4c6522.jpg,1.621761922e-06
756004341_1a816df714.jpg,1.144516027e-06
3058439373_9276a4702a.jpg,1.253349708e-06
2287887341_663bfa15af.jpg,1.373673363e-06
1581822598_0ae23074f1.jpg,2.03444125e-06
3105929913_94a6882e25.jpg,2.114769553e-06
540873795_ae62ae6f60.jpg,2.145304075e-06
3461114418_c27b4043a2.jpg,1.360242212e-06
3399798295_a452963365.jpg,2.035576583e-06
3178489390_13a6ae7524.jpg,1.783392897e-06
3604496023_c1f546423e.jpg,1.018748021e-06
324208502_674488bcea.jpg,1.529488675e-06
426805536_d1d5e68c17.jpg,1.090801659e-06
246508774_1e9885f1b7.jpg,1.187584738e-06
1402640441_81978e32a9.jpg,1.670379908e-06
3124549928_10904a5a83.jpg,2.284822641e-06
3414734842_beb543f400.jpg,1.367785328e-06
1019077836_6fc9b15408.jpg,7.179181405e-07
3307077951_dd31f1971c.jpg,1.440244761e-06
2709275718_73fcf08c23.jpg,2.127277194e-06
3264397357_72f084cac1.jpg,1.526341151e-06
562588230_edb2c071c8.jpg,1.025608933e-06
3171066023_ec60ba30f3.jpg,1.240455875e-06
1670592963_39731a3dac.jpg,1.23494279e-06
1271210445_7f7ecf3791.jpg,7.555864822e-07
3728695560_00ec1ca492.jpg,1.929117419e-06
846085364_fc9d23df46.jpg,2.044399881e-06
3643684616_9d2be87a5a.jpg,7.941199823e-07
2192411521_9c7e488c5e.jpg,1.843401766e-06
2369840118_a1c4240ab7.jpg,1.804562098e-06
3244910944_612b8ce98f.jpg,1.777504117e-06
2850719435_221f15e951.jpg,5.857490091e-07
3544233095_4bca71df1d.jpg,1.830366703e-06
3217291172_10ef70af88.jpg,1.732162003e-06
3351360323_91bb341350.jpg,1.031483404e-06
2610447973_89227ff978.jpg,9.539782909e-07
1491192153_7c395991e5.jpg,1.199291546e-06
3502459991_fdec2da131.jpg,2.196098368e-06
1563731247_7f21d8bec0.jpg,1.285250548e-06
3653462288_bfe2360a64.jpg,1.625047284e-06
2960422620_81889a3764.jpg,1.526785448e-06
2340206885_58754a799a.jpg,1.430647267e-06
1508269285_6c5723f67d.jpg,1.607567319e-06
2752329719_868545b7d2.jpg,1.549169279e-06
3070031806_3d587c2a66.jpg,2.161514214e-06
477254932_56b48d775d.jpg,1.190344598e-06
3595398879_13e33b8916.jpg,1.803371175e-06
3430100177_5864bf1e73.jpg,1.074680162e-06
524036004_6747cf909b.jpg,2.08697086e-06
2395967330_7e6ea404f6.jpg,1.883982486e-06
2127209046_94711c747b.jpg,1.514050581e-06
3197981073_3156963446.jpg,1.210621895e-06
2705793985_007cc703fb.jpg,1.285903421e-06
3183060123_ea3af6278b.jpg,9.566631924e-07
3307667255_26bede91eb.jpg,1.045591345e-06
2318502106_33f2e4b4fc.jpg,2.043090727e-06
1552065993_b4dcd2eadf.jpg,1.571107938e-06
3576536763_3c8c4f232e.jpg,1.890295344e-06
3652150541_8fb5a3a5d1.jpg,1.997303314e-06
2881441125_b580e3dd4b.jpg,9.403639997e-07
3058627443_1d57ff0a2c.jpg,1.2588588e-06
3416091866_a96003d652.jpg,1.421811213e-06
3347798761_5c5260b000.jpg,1.406792503e-06
3485657956_7481582565.jpg,1.435357131e-06
3668984985_b60ceb2ae9.jpg,9.800589606e-07
1814086703_33390d5fc7.jpg,7.874260284e-07
2747436384_9470c56cb9.jpg,1.574536013e-06
1248940539_46d33ed487.jpg,1.051423753e-06
3325974730_3ee192e4ff.jpg,2.303585878e-06
3516960094_87fb4889de.jpg,1.416391595e-06
3549006919_3604bc813e.jpg,1.622310716e-06
2197275664_fabcf3424b.jpg,2.004845036e-06
1499495021_d295ce577c.jpg,1.064408417e-06
2428275562_4bde2bc5ea.jpg,9.656677827e-07
3230101918_7d81cb0fc8.jpg,1.349241713e-06
3400385314_a5bc062e97.jpg,1.839292196e-06
2892989340_bb7e0e5548.jpg,1.534515226e-06
387974450_bcd205daac.jpg,1.843731851e-06
3703035378_c6034cac51.jpg,1.836615261e-06
3019609769_c7809177f6.jpg,9.422114957e-07
374828031_9d087da5cf.jpg,1.115699853e-06
2637904605_fc355816fc.jpg,1.137507684e-06
2469620360_6c620c6f35.jpg,1.132917255e-06
2127207912_9298824e66.jpg,1.557148584e-06
2876494009_9f96d7eaf2.jpg,1.610691228e-06
1287475186_2dee85f1a5.jpg,2.375986122e-06
3508637029_89f3bdd3a2.jpg,1.210706888e-06
3372340429_91c4f4af30.jpg,1.680856755e-06
172092461_a9a9762e13.jpg,1.388245348e-06
3502563726_30d1ce29c8.jpg,2.379861335e-06
3225037367_a71fa86319.jpg,1.164238495e-06
2190137367_746335f707.jpg,1.219467908e-06
3400041870_4e7732b40f.jpg,1.602821964e-06
373219198_149af371d9.jpg,7.3205431e-07
2798880731_4f51634374.jpg,1.057112832e-06
3587449716_3bf1552c36.jpg,1.072750429e-06
275401000_8829250eb3.jpg,1.654065363e-06
2752175795_c9def67895.jpg,1.149374961e-06
2529116152_4331dabf50.jpg,1.672243081e-06
2712787899_d85048eb6a.jpg,1.461893319e-06
3590294974_4ef98f013e.jpg,1.294620357e-06
2414710960_a4cde4af60.jpg,1.634609872e-06
2266142543_b2de18c081.jpg,2.34825866e-06
3116011063_f4071ccce6.jpg,2.129104337e-06
2942311160_a154104c62.jpg,1.855149824e-06
207731022_988f6afb35.jpg,1.74689954e-06
2554081584_233bdf289a.jpg,1.765016329e-06
1167662968_e466f1e80a.jpg,2.30038355e-06
2728486640_cc2a31d2b0.jpg,1.411378537e-06
3698607223_22fe09763a.jpg,1.400074283e-06
2415803492_56a673dc25.jpg,1.024473007e-06
2557129157_074a5a3128.jpg,1.770378357e-06
3145869775_85dfae43bd.jpg,8.24460697e-07
473988700_570422001b.jpg,7.662142527e-07
97731718_eb7ba71fd3.jpg,1.684494354e-06
3714551959_66ece78f27.jpg,1.298639255e-06
3681172959_6674c118d2.jpg,1.399212056e-06
2053441349_a98b5fc742.jpg,1.549309253e-06
2748729903_3c7c920c4d.jpg,6.66505349e-07
3247500085_c4f641aa84.jpg,1.158476991e-06
191003283_992257f835.jpg,1.551333496e-06
361183669_52be9662b9.jpg,1.374711153e-06
3289893683_d4cc3ce208.jpg,1.434231612e-06
3685372942_6ae935b34e.jpg,2.195842406e-06
3259222980_04fb62df97.jpg,1.26650051e-06
3583293892_c96af8cd98.jpg,1.596363827e-06
417966898_a04f9b5349.jpg,8.672132458e-07
315021440_122d56ebd7.jpg,1.267963406e-06
2672354635_3a03f76486.jpg,1.212411595e-06
2633722629_5eeb649c09.jpg,1.310945212e-06
3352697012_751b079bbb.jpg,1.095825778e-06
2708744743_e231f7fcf9.jpg,9.8231825e-07
756521713_5d3da56a54.jpg,1.78585158e-06
3455898176_f0e003ce58.jpg,1.345942847e-06
2968135512_51fbb56e3e.jpg,1.276733821e-06
532036676_e88b13e0a1.jpg,1.396921407e-06
3088572348_264c47f78c.jpg,1.046300607e-06
516394876_8b9b8021bc.jpg,1.077632602e-06
466956209_2ffcea3941.jpg,1.001144641e-06
451326127_2d95a2e1c2.jpg,1.160720109e-06
2449289139_08fc1092c1.jpg,1.046618787e-06
3131160589_dc73c209b7.jpg,1.275115166e-06
2656987333_80dcc82c05.jpg,8.847969492e-07
2543589122_ec3e55f434.jpg,1.096677881e-06
3324375078_9441f72898.jpg,1.695468564e-06
406248253_27b5eba25a.jpg,1.127745114e-06
3425887426_bf60b8afa3.jpg,1.422549622e-06
2774362575_7543b8bf19.jpg,1.59836256e-06
3155390408_8e1a81efb2.jpg,1.175768618e-06
1731546544_9fbf14617b.jpg,1.032091772e-06
2785115802_137fa30000.jpg,1.858496914e-06
95783195_e1ba3f57ca.jpg,1.166064566e-06
3593538248_dffa1a5ed4.jpg,1.205625663e-06
3209620285_edfc479392.jpg,1.290533783e-06
3204354161_caf89ec784.jpg,1.428681568e-06
3278811919_d5a3432af6.jpg,1.634509623e-06
3110018626_307a123b59.jpg,8.286567372e-07
2676649969_482caed129.jpg,1.716871064e-06
2595186208_9b16fa0ee3.jpg,1.307491711e-06
3422979565_e08cd77bfe.jpg,1.255324215e-06
3638631362_af29bbff01.jpg,1.078359959e-06
3473264983_67917a931f.jpg,1.068484862e-06
3703413486_3c682732a0.jpg,1.687614544e-06
498492764_fe276e505a.jpg,1.325231308e-06
732468337_a37075225e.jpg,1.330623792e-06
3399944164_ec24123945.jpg,1.947613777e-06
2786299623_a3c48bd318.jpg,1.353761306e-06
3554210976_fbd0ef33a3.jpg,1.313860843e-06
2733659177_d74a00995b.jpg,1.354631516e-06
3325497914_f9014d615b.jpg,1.6821474e-06
3259694057_fae7484b0a.jpg,1.49536588e-06
3115354165_44dbeec6c1.jpg,1.827059168e-06
1052358063_eae6744153.jpg,1.616708539e-06
792362827_5ab5281b99.jpg,1.051949669e-06
2670560883_7e7b563092.jpg,9.632524436e-07
3044745642_1d0784ff29.jpg,1.548481134e-06
3550253365_27d4c303cf.jpg,1.066391776e-06
1461667284_041c8a2475.jpg,1.142238799e-06
3365348059_9773165302.jpg,1.703070796e-06
733752482_ee01a419e5.jpg,2.301377872e-06
2587818583_4aa8e7b174.jpg,1.725717499e-06
698107542_3aa0ba78b4.jpg,1.634964869e-06
3522076584_7c603d2ac5.jpg,2.145089806e-06
3220151692_d398ef9779.jpg,1.297008814e-06
2574509968_e4692ae169.jpg,1.907377829e-06
476760133_c33d2bd83d.jpg,8.125742091e-07
3208999896_dab42dc40b.jpg,1.306994548e-06
2562166462_b43b141d40.jpg,1.076844695e-06
454686980_7517fe0c2e.jpg,1.52520372e-06
3192266178_f9bf5d3dba.jpg,1.258476077e-06
2285152690_3fb93f65f1.jpg,1.051395179e-06
3434526008_02359881a0.jpg,1.779941376e-06
2661138991_d55aa0e5dc.jpg,1.37863469e-06
2565703445_dd6899bc0e.jpg,1.479679474e-06
2522540026_6ee8ab4c6a.jpg,1.331977241e-06
707972553_36816e53a2.jpg,1.896083722e-06
2630806789_6835bbae95.jpg,1.555933788e-06
2363100645_c3423a0433.jpg,1.802394974e-06
783353797_fdf91bdf4c.jpg,1.396194406e-06
2732625904_4fbb653434.jpg,1.65011737e-06
2061144717_5b3a1864f0.jpg,1.492379555e-06
2823075967_be4c350e9e.jpg,1.656585464e-06
3399028417_50a621274c.jpg,1.102734436e-06
2701042060_92508ea8fa.jpg,1.743921525e-06
3088074124_481139dc92.jpg,1.523803373e-06
1350811702_2ce7cfd0c5.jpg,2.081395314e-06
2221818690_9003756d33.jpg,1.272142082e-06
2485467050_1d5e2696d4.jpg,1.727060877e-06
3561734666_344f260cce.jpg,1.214786573e-06
543102698_38e7e38bbc.jpg,6.715724319e-07
2637510448_4521cf6f29.jpg,2.13560204e-06
3033668641_5905f73990.jpg,1.598361734e-06
3239866450_3f8cfb0c83.jpg,1.266981872e-06
3393394134_0caac47e1c.jpg,1.331153803e-06
930126921_1b94605bdc.jpg,1.901682309e-06
3757598567_739b7da835.jpg,2.461201389e-06
2135502491_a15c6b5eae.jpg,1.416505801e-06
3195040792_a03954a19f.jpg,1.741586253e-06
3120953244_b00b152246.jpg,1.786182563e-06
536537638_f5ee42410b.jpg,9.661034537e-07
2985439112_8a3b77d5c9.jpg,1.596708877e-06
3041689520_c481bdb20e.jpg,1.517580626e-06
1443807993_aebfb2784a.jpg,1.975504416e-06
3445544288_68fdb25969.jpg,8.289648977e-07
412082368_371df946b3.jpg,1.094480156e-06
463786229_b54c9a3436.jpg,1.893606942e-06
3468346269_9d162aacfe.jpg,1.236130313e-06
2936590102_25036069a6.jpg,1.747931558e-06
3351357065_a6a9b3d485.jpg,1.217316064e-06
3425918361_3b890d9575.jpg,2.062850361e-06
3560977956_e08d2cd531.jpg,1.334496616e-06
2533642917_a5eace85e6.jpg,2.007757829e-06
3600403707_527aa0596e.jpg,9.888100554e-07
3649382413_58a4b1efe8.jpg,2.251898607e-06
456512643_0aac2fa9ce.jpg,5.310093241e-06
3533470072_87a5b595ba.jpg,1.659715751e-06
3125309108_1011486589.jpg,8.856412674e-07
3014015906_fdba461f36.jpg,6.367587323e-07
2659606300_bea3feaf8b.jpg,1.186064972e-06
3190677999_60bbd330fd.jpg,1.559790625e-06
2609900643_c07bcb0bae.jpg,2.429855976e-06
2098174172_e57d86ea03.jpg,8.227679919e-07
3207676216_48478bce97.jpg,1.484339449e-06
2079110798_ad1370a646.jpg,1.853623138e-06
3160531982_37f5636b8a.jpg,2.131856347e-06
3651476768_2bae721a6b.jpg,1.479634335e-06
1445123245_c7b9db0e0c.jpg,1.471571238e-06
2327240505_e73cc73246.jpg,1.749362884e-06
3645080830_1d9ee2f50a.jpg,1.913411853e-06
3640329164_20cb245fd5.jpg,1.769758783e-06
2475162978_2c51048dca.jpg,1.245761644e-06
3182121297_38c99b2769.jpg,1.18606603e-06
504904434_889f426c6e.jpg,1.316810051e-06
1287064529_aa4e4f3c31.jpg,1.716553493e-06
2922807898_b5a06d5c70.jpg,1.77518628e-06
166654939_80ea4ddbcc.jpg,1.705198691e-06
2325386353_1f1a05e1ce.jpg,2.153108823e-06
3479050296_65bcea69a0.jpg,7.62004907e-07
2836325261_a3bf5c59be.jpg,1.619436934e-06
3212625256_685bc4de99.jpg,1.317833105e-06
3250589803_3f440ba781.jpg,1.787654071e-06
3176131893_7181c733aa.jpg,1.008496856e-06
1424775129_ffea9c13ab.jpg,7.061441891e-07
285586547_c81f8905a1.jpg,1.300327613e-06
3506560025_8d0f4f9ac4.jpg,1.828580852e-06
3635577874_48ebaac734.jpg,1.441799375e-06
3391924827_53b31542ce.jpg,1.667302027e-06
950411653_20d0335946.jpg,9.566035193e-07
2623146491_b64698b875.jpg,1.053121826e-06
1500853305_0150615ce9.jpg,8.223223543e-07
3106782647_b078830a9e.jpg,2.249710493e-06
3520321387_710ab74cda.jpg,1.463029458e-06
3131632154_098f86f4cb.jpg,1.34285104e-06
109202756_b97fcdc62c.jpg,9.90840663e-07
3457364788_3514a52091.jpg,1.508757947e-06
3164423279_9b27cb6a06.jpg,2.349161956e-06
3155365418_43df5486f9.jpg,3.478243783e-06
3285180819_a9712fd2bc.jpg,9.737851274e-07
3163273640_8d3ef22eaf.jpg,9.724406312e-07
2713897716_c8cd610360.jpg,8.240590263e-07
1131340021_83f46b150a.jpg,8.380588168e-07
765298136_7805fbb079.jpg,1.680699706e-06
241346923_18bd84bea4.jpg,1.663850641e-06
2312731013_1a3a8e25c6.jpg,1.394070346e-06
3170856184_efabfd0297.jpg,1.343137598e-06
3177468217_56a9142e46.jpg,1.21735342e-06
2378356400_f6bde5d9b3.jpg,8.473450613e-07
2888658480_e922a3dec2.jpg,6.432882096e-07
2409597310_958f5d8aff.jpg,1.400487584e-06
3377570617_d2f2225a74.jpg,1.111257266e-06
2744330402_824240184c.jpg,1.314851323e-06
2369248869_0266760c4a.jpg,1.637338099e-06
3537218226_478d2e4f26.jpg,1.355635273e-06
3323419265_7fefaa9d5d.jpg,2.459766874e-06
2633201394_ee4a7666ed.jpg,1.99023917e-06
291952021_f111b0fb3d.jpg,1.55174217e-06
2064780645_8f28a1529f.jpg,1.221199285e-06
3500829879_a643818d84.jpg,1.080071556e-06
248994078_a9257f448b.jpg,9.744005831e-07
358559906_d5f3f584f4.jpg,1.726696481e-06
414568315_5adcfc23c0.jpg,2.078619669e-06
2959581023_54402c8d88.jpg,8.228386593e-07
1143882946_1898d2eeb9.jpg,1.794599286e-06
3360730513_211e1a4db6.jpg,1.004365602e-06
2111360187_d2505437b7.jpg,1.446441063e-06
870710405_51e507b31a.jpg,2.090942885e-06
1095590286_c654f7e5a9.jpg,1.061774659e-06
3408274796_0dc62225e9.jpg,1.129060826e-06
1110208841_5bb6806afe.jpg,1.844812438e-06
2326730558_75c20e5033.jpg,1.726949435e-06
3425756814_13909354d4.jpg,1.415443366e-06
2990563425_2f7246f458.jpg,1.454339698e-06
2540884723_03d60ef548.jpg,1.235175838e-06
3136404885_f4d8f1d15a.jpg,1.076413173e-06
1000268201_693b08cb0e.jpg,1.05988276e-06
3067885047_f69d90c35b.jpg,9.565139912e-07
3295024992_887a95c700.jpg,1.927090945e-06
2921793132_ef19f1dd44.jpg,1.543426385e-06
2273038287_3004a72a34.jpg,5.360453695e-07
3215695965_69fbeba3d5.jpg,9.224570175e-07
3054989420_3e755ca352.jpg,1.242466484e-06
3500136982_bf7a85531e.jpg,1.295988212e-06
2332540384_4cf26406a9.jpg,1.482714453e-06
3315033940_e91f87b7f2.jpg,1.336984777e-06
3593392955_a4125087f6.jpg,1.243690997e-06
3513362553_5fc5779e20.jpg,9.69473441e-07
2532294586_4cd76a837d.jpg,1.699016891e-06
265223847_636ba039c1.jpg,2.454518258e-06
111766423_4522d36e56.jpg,1.614535581e-06
3510218982_318f738b76.jpg,2.364373833e-06
3030223792_02b6f2be99.jpg,1.917606313e-06
1032460886_4a598ed535.jpg,1.566229553e-06
3671777903_6fbf643980.jpg,1.721721062e-06
3482668767_66004ce736.jpg,1.639227191e-06
1800601130_1c0f248d12.jpg,1.988164424e-06
2061927950_dafba5b8a3.jpg,2.093638962e-06
2763601657_09a52a063f.jpg,1.010294692e-06
2449446913_28fa5b7c75.jpg,1.199534887e-06
1403414927_5f80281505.jpg,8.739643925e-07
2447284966_d6bbdb4b6e.jpg,1.122778863e-06
3180806542_49b6de312d.jpg,2.14369713e-06
2873070704_2141a7a86a.jpg,9.609331153e-07
2548777800_d7b9cf1c2b.jpg,1.225396884e-06
2845246160_d0d1bbd6f0.jpg,9.761114707e-07
3269380710_9161b0bd00.jpg,2.175478191e-06
3234719720_5bb2fc5ffa.jpg,1.521792826e-06
3562816250_6e14d436b1.jpg,1.38288284e-06
3336374196_f6eaca542f.jpg,1.629057351e-06
2380464803_a64f05bfa9.jpg,1.837018974e-06
2981702521_2459f2c1c4.jpg,1.284567277e-06
2156726763_034ecd2e39.jpg,1.503691299e-06
2178064851_bb39652d28.jpg,1.083009669e-06
224702241_05af393148.jpg,1.091694725e-06
2795866891_7559fd8422.jpg,1.246373178e-06
2656890977_7a9f0e4138.jpg,2.512504732e-06
3426962078_13e87e10de.jpg,2.061399026e-06
3432550415_e7b77232de.jpg,1.288088701e-06
3145967309_b33abe4d84.jpg,1.727579456e-06
2867736861_43c9487a65.jpg,1.541663953e-06
112178718_87270d9b4d.jpg,2.60349972e-06
143680442_2f03f76944.jpg,1.338133711e-06
371364900_5167d4dd7f.jpg,1.420092206e-06
2452686995_621878f561.jpg,8.672159191e-07
3605061440_1d08c80a57.jpg,9.16727786e-07
687513087_413d4a3a3b.jpg,1.682000607e-06
2173312932_269f9786fc.jpg,1.783677382e-06
241346971_c100650320.jpg,1.923355966e-06
3288274849_07ff76ee93.jpg,1.411235162e-06
2690702549_cf81da8cf6.jpg,1.293545879e-06
482882719_165722082d.jpg,1.423906126e-06
3447155358_5b5b59b15e.jpg,1.216031056e-06
2252299132_14ca6e584b.jpg,1.115907966e-06
3643087589_627a0a9e01.jpg,1.065211448e-06
365584746_681f33fa46.jpg,1.231893429e-06
3670075789_92ea9a183a.jpg,7.023148087e-07
465859490_b077219424.jpg,2.360589303e-06
2176980976_7054c99621.jpg,1.553461968e-06
3258472448_75cfab5e6f.jpg,1.673822639e-06
3541474181_489f19fae7.jpg,2.061181677e-06
3350785999_462f333c44.jpg,1.154241823e-06
3369258147_03db257f0f.jpg,1.369592337e-06
3737711435_113ccd0a52.jpg,1.361304719e-06
661749711_6f408dad62.jpg,9.760377732e-07
3171347658_f0d5469c56.jpg,1.121639908e-06
2057306459_2f52ce648e.jpg,1.163906004e-06
2892467862_52a3c67418.jpg,1.65902463e-06
3295671644_0e10891b6d.jpg,7.957203027e-07
2075041394_0b3ea1822d.jpg,1.482659192e-06
2743709828_a795a75bfc.jpg,1.072330069e-06
241345721_3f3724a7fc.jpg,2.086428538e-06
3461583471_2b8b6b4d73.jpg,2.312045803e-06
2955985301_e4139bc772.jpg,1.513610076e-06
3350260112_fcb47ff6b2.jpg,1.480160124e-06
3651971126_309e6a5e22.jpg,1.510819571e-06
3677693858_62f2f3163f.jpg,6.5125898e-07
2999730677_0cfa1c146e.jpg,7.526967531e-07
526661994_21838fc72c.jpg,2.123327679e-06
2653552905_4301449235.jpg,1.216265348e-06
2282260240_55387258de.jpg,1.609577514e-06
3044536048_e615466e7f.jpg,2.487594842e-06
508261758_78fb8ae067.jpg,1.372646847e-06
3293753378_7a8ddb98b2.jpg,1.559820142e-06
2662816021_ac474e0fde.jpg,1.791679937e-06
3495349745_1b29a63571.jpg,1.174006268e-06
2769605231_dae8b30201.jpg,1.936461204e-06
501699433_f8df386cf9.jpg,2.46305501e-06
3506096155_13632955e8.jpg,1.26113201e-06
1383698008_8ac53ed7ec.jpg,2.005256917e-06
2836703077_fa9c736203.jpg,1.016540146e-06
2188688248_f57a28a5a7.jpg,1.457823607e-06
3250593457_9049a73b61.jpg,2.086786132e-06
2206960564_325ed0c7ae.jpg,2.481093432e-06
1362128028_8422d53dc4.jpg,7.246436816e-07
3509611207_7645b1d28d.jpg,1.054753494e-06
2905942129_2b4bf59bc0.jpg,1.101472923e-06
2999638340_75bc8b165d.jpg,1.955342826e-06
430964917_022995afb6.jpg,1.267518011e-06
2983555530_a89f1f5ed7.jpg,1.57103751e-06
387078972_514a38dc33.jpg,2.061566656e-06
3283897411_af9d0b497d.jpg,2.239584402e-06
190638179_be9da86589.jpg,1.732468676e-06
2714878018_1593c38d69.jpg,1.088743902e-06
2052202553_373dad145b.jpg,1.483878576e-06
745966757_6d16dfad8f.jpg,9.253068453e-07
2131762850_5293a288d9.jpg,2.113913203e-06
489134459_1b3f46fc03.jpg,1.524357415e-06
241347496_1a35fec8dc.jpg,2.208461922e-06
3473320907_3884a7203b.jpg,1.651027566e-06
2943023421_e297f05e11.jpg,1.144220668e-06
3429142249_d09a32e291.jpg,1.577587655e-06
359082432_c1fd5aa2d6.jpg,7.786152964e-07
2718049631_e7aa74cb9b.jpg,1.306663642e-06
3576312396_799c873f3e.jpg,1.629128917e-06
2082005167_a0d6a70020.jpg,8.386453399e-07
419116771_642800891d.jpg,1.41160235e-06
3431261634_c73360406a.jpg,9.675868964e-07
2936707421_8e629874b8.jpg,1.610780057e-06
448658518_eec0b648a6.jpg,9.122990626e-07
3249865395_dceaa59f54.jpg,1.480123784e-06
2180886307_5156460b2c.jpg,9.225985347e-07
3167379087_927ff05a35.jpg,8.62947962e-07
3191982761_88793192ed.jpg,1.001986997e-06
2553550034_5901aa9d6c.jpg,9.779492162e-07
2481367956_8577d2fa98.jpg,1.558088153e-06
3223055565_68973f5d20.jpg,1.1269355e-06
2392625002_83a5a0978f.jpg,1.597651061e-06
2904601886_39e9d317b1.jpg,1.06950718e-06
3582689770_e57ab56671.jpg,2.365098364e-06
340667199_ecae5f6029.jpg,7.277090465e-07
250406927_a5028a31d4.jpg,7.793240661e-07
2483792149_a9b4ffecec.jpg,1.350287452e-06
3108197858_441ff38565.jpg,1.292250966e-06
3421706363_a3e22a4908.jpg,1.01011315e-06
3457455611_94ee93929f.jpg,1.508182164e-06
233270519_d60d4518fa.jpg,1.744569191e-06
3079073247_97e88e2eb7.jpg,1.831845666e-06
3331900249_5872e90b25.jpg,1.83102257e-06
146577646_9e64b8c2dc.jpg,1.258720528e-06
2144846312_d4c738dc6c.jpg,1.77888296e-06
2449518585_113dc4a8e5.jpg,1.999996923e-06
2525666287_638ab5e784.jpg,1.371409493e-06
2561481438_447b852e4d.jpg,1.093412289e-06
3024172109_a10198e1dd.jpg,1.669199658e-06
1562478713_505ab6d924.jpg,8.35255789e-07
3004291289_c4892898ae.jpg,1.519752804e-06
3081734118_6f2090215c.jpg,9.342591648e-07
2137071442_1c9658c81a.jpg,7.045350228e-07
2079152458_40712c3b40.jpg,2.467316556e-06
2873837796_543e415e98.jpg,1.061102929e-06
1057210460_09c6f4c6c1.jpg,1.641993715e-06
2688902319_52ceaf4a2a.jpg,9.898481628e-07
2351479551_e8820a1ff3.jpg,1.410185215e-06
2563578471_9a4e4c2ecc.jpg,1.756901735e-06
2636514498_01fcc5f501.jpg,1.350587894e-06
2602866141_be9928408d.jpg,1.243713533e-06
2580215443_4e64afe3d5.jpg,1.225210255e-06
260520547_944f9f4c91.jpg,1.300884362e-06
3539817989_5353062a39.jpg,1.721398457e-06
3294964868_16f4f9fa9d.jpg,1.032652816e-06
3708743823_3e3e0554d1.jpg,1.875342445e-06
2431470169_0eeba7d602.jpg,9.585314709e-07
3088677667_4a8befb70e.jpg,1.437762206e-06
1683444418_815f660379.jpg,1.409882086e-06
985067019_705fe4a4cc.jpg,2.353595032e-06
3183519385_311555d5f5.jpg,1.556571096e-06
3723903586_e98d3d8ec7.jpg,1.903828498e-06
515335111_c4afd5b903.jpg,1.616690522e-06
3420284416_a90af1fb7a.jpg,1.37416405e-06
271660510_dd4ba34b35.jpg,1.766173461e-06
808245064_8a7971fc5b.jpg,1.626278895e-06
3364797223_1f0b2f98ed.jpg,8.116187478e-07
416992999_654a99a903.jpg,1.545498843e-06
3486831913_2b9390ebbc.jpg,1.434436288e-06
2354064281_10afa38206.jpg,1.072796635e-06
3453259666_9ecaa8bb4b.jpg,1.354711367e-06
1148238960_f8cacec2fc.jpg,9.653819342e-07
2934573544_7ffe92a2c9.jpg,1.481103427e-06
1260816604_570fc35836.jpg,1.280955989e-06
3648097366_706c8a57a1.jpg,1.002494732e-06
2517284816_9b8fd3c6b6.jpg,1.269278988e-06
171488318_fb26af58e2.jpg,7.723758264e-07
3487261028_30791528ec.jpg,1.009134119e-06
2868324804_5cc8030484.jpg,1.705563901e-06
3471841031_a949645ba8.jpg,7.762722752e-07
3546891929_f31a99cd0d.jpg,1.061177509e-06
3207654194_43d6bebd68.jpg,1.230214657e-06
3041645937_ff7591d134.jpg,1.210576831e-06
140430106_2978fda105.jpg,1.798356389e-06
461019788_bc0993dabd.jpg,1.70832477e-06
357191373_a1cb5696e8.jpg,7.635758784e-07
3627290893_561e176e80.jpg,1.068817879e-06
502884177_25939ac000.jpg,1.283874683e-06
2870426310_4d59795032.jpg,1.029159635e-06
1525153022_06c48dbe52.jpg,2.074910451e-06
1507563902_6ec8d5d822.jpg,1.04311017e-06
3533484468_0787830d49.jpg,1.7676141e-06
2913965136_2d00136697.jpg,1.177683271e-06
3508522093_51f6d77f45.jpg,1.417084655e-06
3329858093_0ec73f2190.jpg,2.486158875e-06
3132006797_04822b5866.jpg,1.507813063e-06
2282600972_c22d1e03c7.jpg,1.871481932e-06
3697003897_d8ac13be9a.jpg,1.447402519e-06
3051125715_db76cebd1e.jpg,1.551486996e-06
3416246113_1745559b6b.jpg,1.29280499e-06
3029043380_b28644ea5d.jpg,1.833313267e-06
3016521240_2ef20834b6.jpg,1.379755735e-06
221973402_ecb1cd51f1.jpg,1.219765309e-06
3481859121_3d3e566ec0.jpg,1.37155631e-06
751109943_2a7f8e117f.jpg,2.008989027e-06
2715035273_8fc8b1291c.jpg,1.761314063e-06
3367034082_31658a89bb.jpg,1.307077575e-06
2596475173_58f11fc583.jpg,1.625614722e-06
373394550_1b2296b8c4.jpg,2.064178915e-06
3576259024_9c05b163aa.jpg,1.742766042e-06
2353119813_685bace18e.jpg,1.392242911e-06
3354063643_1d8814eb13.jpg,2.219667208e-06
2178095150_436b035741.jpg,1.659200249e-06
3286193613_fc046e8016.jpg,1.932250428e-06
3286045254_696c6b15bd.jpg,1.12505549e-06
3211577298_14296db6fd.jpg,1.89564203e-06
3514194772_43ba471982.jpg,1.51808803e-06
3602838407_bf13e49243.jpg,1.963580349e-06
241345942_ea76966542.jpg,2.222487943e-06
2831217847_555b2f95ca.jpg,7.929611715e-07
1334892555_1beff092c3.jpg,1.823451562e-06
2711075591_f3ee53cfaa.jpg,1.97206519e-06
2898304260_a4099a193a.jpg,1.536669177e-06
3380072636_4cd59385fd.jpg,1.162837305e-06
241345522_c3c266a02a.jpg,1.677595555e-06
566384456_97da3c7bd6.jpg,1.748060966e-06
3283368342_b96d45210e.jpg,1.195830124e-06
426191845_1e979e9345.jpg,1.178848199e-06
2689491604_d8760f57b4.jpg,2.257537297e-06
2890731828_8a7032503a.jpg,2.203361265e-06
235065283_1f9a3c79db.jpg,2.032792172e-06
3472364264_dbde5a8d0a.jpg,1.131386748e-06
479807833_85eed6899c.jpg,6.924120855e-07
2346401538_f5e8da66fc.jpg,1.518159504e-06
3722572342_6904d11d52.jpg,1.915091206e-06
2891961886_b7a2f0b0fd.jpg,1.662394631e-06
2393298349_e659308218.jpg,1.123692567e-06
2289068031_fe26990183.jpg,1.553277419e-06
2090723611_318031cfa5.jpg,1.047874724e-06
112243673_fd68255217.jpg,1.021351516e-06
3410899419_4f8dca6f3f.jpg,1.311799655e-06
2715289538_d77c8d0a85.jpg,1.793120453e-06
3146937399_8c046b7b1a.jpg,1.573115301e-06
3091338773_9cf10467b4.jpg,1.258538189e-06
2698666984_13e17236ae.jpg,1.524031715e-06
2264316030_600e55748d.jpg,1.400264984e-06
2403544744_cba152f5c1.jpg,1.680834614e-06
522063319_33827f1627.jpg,1.117745182e-06
320093980_5388cb3733.jpg,2.058633742e-06
480200554_6155e9dfeb.jpg,9.357681619e-07
3502897880_8392d0e4de.jpg,1.618425752e-06
436393371_822ee70952.jpg,1.181862643e-06
3623302162_099f983d58.jpg,6.932065721e-07
3025546819_ce031d2fc3.jpg,1.967464812e-06
303795791_98ebc1d19a.jpg,1.463083922e-06
3213395965_2a823c6865.jpg,2.239863319e-06
3584829998_25e59fdef3.jpg,1.6698649e-06
539676201_c8f1f04952.jpg,1.76097814e-06
2891162278_fbf96be4f4.jpg,1.172169427e-06
3040033126_9f4b88261b.jpg,1.637974686e-06
2483993772_f64e9e4724.jpg,1.358910351e-06
2920516901_23d8571419.jpg,1.705100342e-06
2938747424_64e64784f0.jpg,1.844660821e-06
3481884992_45770ec698.jpg,1.722748407e-06
496380034_d22aeeedb3.jpg,1.57941493e-06
2886837407_a4510ab1ef.jpg,2.207957939e-06
2330843604_b8d75d6ac7.jpg,1.672234787e-06
1688699579_2f72328c7e.jpg,1.918046047e-06
