3043501068_be58ac47e1.jpg,-7.271967583e-10
3046916429_8e2570b613.jpg,8.99448508e-10
2054308369_f9c6ec7815.jpg,1.104913277e-08
3173014908_b3e69594b6.jpg,-3.182565762e-09
167295035_336f5f5f27.jpg,-7.392086799e-09
3215238223_29de2b35cb.jpg,-2.701952527e-09
3498482871_4e02f31c35.jpg,-2.789387543e-09
3176498130_52ab9460b2.jpg,-1.89765771e-09
2760715910_87c7bdeb87.jpg,2.357439734e-09
2738255684_0324ed062d.jpg,-2.721405006e-09
247617035_9f2e821534.jpg,-1.9636406e-09
2831215155_07ba8f1805.jpg,-3.333810409e-09
871290646_307cddd4e7.jpg,2.348673069e-09
937559727_ae2613cee5.jpg,-5.704138638e-09
3371567346_b6522efdb8.jpg,1.118391762e-09
2457052334_b5a1d99048.jpg,2.592442837e-09
468911753_cc595f5da0.jpg,1.201726636e-09
2371809188_b805497cba.jpg,-4.577182157e-09
2540751930_d71c7f5622.jpg,6.682150854e-10
502115726_927dd684d3.jpg,-1.372854185e-09
3054997030_797096dd12.jpg,2.404873428e-09
873633312_a756d8b381.jpg,-3.909467389e-10
2436160351_108924a65b.jpg,-2.477209573e-09
2706023395_ac9eba0e42.jpg,-1.344519842e-09
3326086533_23a0a54a8e.jpg,-4.31180364e-09
173020287_230bfc4ffc.jpg,-2.873031748e-09
50030244_02cd4de372.jpg,-1.364236143e-08
3183883750_b6acc40397.jpg,1.528028101e-09
2434006663_207a284cec.jpg,-3.192356263e-10
435827376_4384c3005a.jpg,2.226511014e-09
3503011427_a4ee547c77.jpg,-5.182086842e-09
2351762979_0941aecced.jpg,-3.766544499e-09
3592968286_b63c81bcd2.jpg,3.382593139e-09
2862004252_53894bb28b.jpg,-1.276353832e-09
1077931201_1e0bb83105.jpg,-5.554811881e-10
2120383553_5825333a3f.jpg,1.03733867e-09
3399843227_3b9d2a8dbf.jpg,2.899728626e-09
241345533_99c731403a.jpg,-3.31778054e-09
3710050559_f6f12760fe.jpg,5.516976234e-09
2635938723_11b85e6763.jpg,-1.798614138e-09
3496028495_431cfdc042.jpg,3.821957972e-09
2991575785_bd4868e215.jpg,-1.553137684e-09
3562282690_cd2a95fe9e.jpg,-3.032313636e-09
2676764246_c58205a365.jpg,6.788605963e-09
3519942322_b37d088aae.jpg,3.112427937e-09
2839932205_3c9c27cd99.jpg,4.475058913e-09
2115620856_4fa5025ac6.jpg,-2.431242012e-09
2684322797_85406f571d.jpg,-3.001688776e-09
530661899_94655d7d0e.jpg,-8.546632832e-09
3610683688_bbe6d725ed.jpg,1.071116261e-09
2186087673_c7a73da7ce.jpg,-5.08445657e-09
350176185_b8c5591e36.jpg,8.270325359e-10
3649384501_f1e06c58c0.jpg,-2.309367888e-09
3243094580_ccd01679f5.jpg,-1.003646999e-09
3301854980_233cc2f896.jpg,8.876836974e-09
3465396606_5ba1574128.jpg,-9.595384358e-11
2502905671_c6039804ab.jpg,-3.18441514e-09
437917001_ae1106f34e.jpg,5.731182873e-09
3273163189_dece7babf4.jpg,2.861815874e-09
3405100926_e96308ce89.jpg,1.252036578e-09
2088532947_c628e44c4a.jpg,-2.40878548e-09
3134585858_a8c3493ca5.jpg,-3.916231728e-10
2242178517_2325b85e5f.jpg,7.736074168e-10
2885891981_6b02620ae9.jpg,3.233612504e-09
618771382_459bb492e4.jpg,-4.508528887e-10
2642475077_69d19deb74.jpg,-1.210826514e-09
197504190_fd1fc3d4b7.jpg,-3.903554498e-09
479807465_cf42f39d00.jpg,5.515185197e-09
2622624460_207dbcc4cf.jpg,1.761152151e-09
3234890865_bb3c316968.jpg,-5.932153308e-10
413737417_b0a8b445e9.jpg,-5.359484984e-09
2116444946_1f5d1fe5d1.jpg,4.287680854e-10
1434005938_ad75c8598c.jpg,1.698250104e-09
2271890493_da441718ba.jpg,5.14110469e-09
2441354291_b32e00e5a6.jpg,-1.358346878e-09
3583704941_611353857e.jpg,4.041319313e-09
2680619645_ab6645218d.jpg,5.528201225e-09
2504991916_dc61e59e49.jpg,6.171202213e-09
2310126952_7dc86d88f6.jpg,-8.229342507e-09
576920249_df1bdc2068.jpg,2.561405363e-09
2628331789_c7f7d90e5d.jpg,-2.852404457e-09
2839038702_e168128665.jpg,2.924560022e-09
3067971348_69af5bb309.jpg,5.612939615e-09
2860202109_97b2b22652.jpg,2.268219719e-09
3245250964_9d3e37111e.jpg,1.043497508e-08
1806580620_a8fe0fb9f8.jpg,-1.754659439e-09
239807547_4923efc821.jpg,1.672908248e-09
1566117559_f5d98fbeb0.jpg,3.743216631e-09
2759813381_73303113d9.jpg,-4.728792564e-09
3000722396_1ae2e976c2.jpg,6.435539947e-09
278007543_99f5a91a3e.jpg,-1.312365318e-09
947664583_7c63172366.jpg,-1.28704215e-09
325576658_59f68bdbd6.jpg,2.91424751e-09
2415265825_fbfe0c8556.jpg,5.038017045e-09
3364796213_b8948913b5.jpg,3.545886915e-10
2058091220_2087270068.jpg,-2.523415342e-09
2295216243_0712928988.jpg,3.380104682e-09
506808265_fe84ada926.jpg,-4.039179942e-09
557601144_50b8c40393.jpg,-4.551364811e-09
3613667665_1881c689ea.jpg,7.387809398e-12
3603116579_4a28a932e2.jpg,1.672278009e-09
1112212364_0c48235fc2.jpg,-2.676173485e-10
2855910826_d075845288.jpg,8.268555013e-10
2801851082_8c3c480c0f.jpg,3.208389888e-09
2861413434_f0e2a10179.jpg,-5.579455893e-10
3439243433_d5f3508612.jpg,-4.072193448e-09
3038045802_93f2cd5fbc.jpg,2.275492413e-09
412101267_7257e6d8c0.jpg,-6.059858264e-09
3371887001_44ab0c2f17.jpg,-3.296924972e-09
260392825_ea61660633.jpg,-1.539295526e-09
3688858505_e8afd1475d.jpg,-4.343311105e-09
236144859_52f9e38885.jpg,-2.15491168e-09
3207775692_bb897d9afd.jpg,-5.998373989e-10
3193335577_9bdbaf9f70.jpg,-4.266679898e-09
543291644_64539956e9.jpg,-6.33402367e-10
1781227288_6811e734be.jpg,-1.450641531e-10
2892995070_39f3c9a56e.jpg,-7.995658964e-09
2939371251_f923569a72.jpg,1.690228137e-09
2913972180_547783dd3d.jpg,4.118827593e-09
534655560_dc1c335b3f.jpg,-8.459565375e-10
3162289423_4ca8915d0c.jpg,-3.510745815e-09
3375549004_beee810e60.jpg,-5.196968701e-09
3680031186_c3c6698f9d.jpg,7.317368886e-09
476759700_8911f087f8.jpg,3.156279002e-09
487894806_352d9b5e66.jpg,4.020329982e-09
3157039116_d82da4e66b.jpg,8.709433619e-09
3264937930_9623496b64.jpg,-4.02668139e-09
2565657591_6c1cdfc092.jpg,4.615146639e-10
3320154278_c67e01b8d1.jpg,7.237392978e-09
3557295488_600d387347.jpg,8.573580691e-09
3488512097_e500cb499f.jpg,8.476107569e-10
1436760519_8d6101a0ed.jpg,5.022722127e-09
2425262733_afe0718276.jpg,3.278467616e-09
278388986_78ba84eb8f.jpg,-3.496586401e-09
3260975858_75d0612a69.jpg,3.914918278e-09
3702038926_966fdaa311.jpg,5.333521213e-11
3449718979_e987c64e2d.jpg,-4.90082283e-10
2428094795_d3a8f46046.jpg,-4.034921841e-10
2479162876_a5ce3306af.jpg,-3.336165784e-09
3256272547_5ae6c66293.jpg,-2.375342788e-09
3621717946_d96f8a6012.jpg,8.306103853e-09
260162669_c79a900afb.jpg,-1.99725986e-10
3256043809_47258e0b3e.jpg,1.894025852e-09
3721799573_2f470950e0.jpg,-1.043758376e-09
3310067561_b92017acab.jpg,-4.126349299e-09
2635400219_2e1a984fd3.jpg,5.004770477e-09
3004823335_9b82cbd8a7.jpg,1.49475001e-09
3349955993_a04aea97d8.jpg,-7.264023893e-10
3571193625_835da90c5e.jpg,1.291037589e-09
2552949275_b8cdc450cc.jpg,2.080622458e-09
72218201_e0e9c7d65b.jpg,-2.390728448e-09
1142847777_2a0c1c2551.jpg,-1.648663369e-09
105342180_4d4a40b47f.jpg,-8.59093995e-09
3217240672_b99a682026.jpg,1.310710701e-09
2272967004_1531726d71.jpg,1.322104047e-08
3296124052_6f1d1c9f8d.jpg,2.727964628e-09
3651107058_d84d4c3c25.jpg,-3.206610973e-09
2434074318_e35a567220.jpg,1.538332101e-09
96973080_783e375945.jpg,-8.823122977e-09
2658009523_b49d611db8.jpg,-3.147501235e-09
2612608861_92beaa3d0b.jpg,3.042697375e-09
1303727066_23d0f6ed43.jpg,8.478322768e-09
2214132302_80064fd79d.jpg,3.252541767e-09
2514581496_8f4102377e.jpg,-4.995145049e-09
3326024473_4c16e4fbfc.jpg,8.437444345e-09
2882743431_c3e6cd1b5c.jpg,1.990247597e-09
3541962817_78bcd3835b.jpg,-1.970345343e-09
2307118114_c258e3a47e.jpg,-3.617975041e-09
3583065748_7d149a865c.jpg,-5.553616637e-09
3632197966_0c5061025f.jpg,-1.795895197e-09
279901198_e7a88c855a.jpg,2.413639381e-10
1827560917_c8d3c5627f.jpg,-2.318934253e-10
1923476156_e20976b32d.jpg,-9.61386536e-09
3462165890_c13ce13eff.jpg,4.121633086e-09
453473508_682c0a7189.jpg,-1.163717159e-08
3223709894_97824ba76f.jpg,-1.679760988e-09
1394927474_0afdd82fc4.jpg,-2.289614153e-09
3474985008_0a827cd340.jpg,-2.271717002e-09
581419370_30485f3580.jpg,-1.033970318e-08
3538021517_b930dc76fc.jpg,4.39773097e-09
3436063693_15c8d377a2.jpg,9.621021367e-10
2528552898_9e49a7033f.jpg,4.223763029e-09
3664928753_7b0437fedf.jpg,1.487243217e-08
485312202_784508f2a9.jpg,-5.544515969e-09
3634785801_4b23184a06.jpg,-4.438077587e-09
2817847072_5eb3bc30ac.jpg,-5.722137267e-09
3280672302_2967177653.jpg,-4.039947029e-09
1881494074_1bebd93089.jpg,-5.022841373e-09
3323498985_fd9d2803fd.jpg,-1.366007772e-09
3348785391_c243faf6bb.jpg,-7.318299793e-09
3119887967_271a097464.jpg,6.243353372e-09
3301754574_465af5bf6d.jpg,-1.692536767e-09
3672109677_8caa992671.jpg,-6.790804632e-10
3670907052_c827593564.jpg,-5.700718337e-10
3595080592_5fd55570e5.jpg,2.892249684e-09
3495453699_1c9faedf3c.jpg,-1.485933047e-11
3550276904_19de3561c5.jpg,2.999505825e-09
2428797297_7fc3c862db.jpg,-7.839090039e-09
421808539_57abee6d55.jpg,1.014356336e-10
248174959_2522871152.jpg,-1.645920184e-09
435054077_3506dbfcf4.jpg,2.591330714e-09
3640241166_b1ab7a8e7a.jpg,-3.186136751e-09
2874984466_1aafec2c9f.jpg,-4.578428951e-09
3287236038_8998e6b82f.jpg,9.866070824e-10
2453990033_df53f0d8c8.jpg,-1.079126373e-09
2736508369_fd9ff0b42f.jpg,-3.332542248e-10
3092370204_029b6bc10a.jpg,-3.486910976e-09
191003284_1025b0fb7d.jpg,8.822283222e-09
1466307489_cb8a74de09.jpg,-1.189686731e-09
2255685792_f70474c6db.jpg,-5.254226575e-09
2629402527_6dfc5c504b.jpg,5.206181278e-09
2687539673_d54a8dc613.jpg,-4.750916311e-09
124881487_36e668145d.jpg,-3.964168599e-09
2303016989_0deb96c8d9.jpg,3.301401811e-09
2838125339_3dd314e315.jpg,-1.833857824e-09
316833109_6500b526dc.jpg,3.134515668e-10
3573436368_78f0ccdf01.jpg,-4.117072614e-09
3088399255_1bd9a6aa04.jpg,-7.984451365e-09
250892549_1e06a06a78.jpg,6.071994475e-09
3711611500_ea47b58b6f.jpg,2.114161801e-09
1096395242_fc69f0ae5a.jpg,1.578180897e-09
3545586120_283d728a97.jpg,-3.730447008e-09
1089181217_ee1167f7af.jpg,2.423006449e-09
3116985493_04b1dc3345.jpg,-1.806984602e-09
3706653103_e777a825e4.jpg,-4.339306373e-10
380041023_0dfd712ef1.jpg,3.963060688e-09
3497224764_6e17544e0d.jpg,3.517645481e-10
410422753_de506155fa.jpg,2.73852765e-09
3006093003_c211737232.jpg,4.366842766e-09
857914283_270d7d1c87.jpg,-9.343461629e-09
107318069_e9f2ef32de.jpg,-2.682824796e-09
3175849727_bf30b892cb.jpg,-9.301864628e-09
2641770481_c98465ff35.jpg,-9.232796087e-10
3437693401_202afef348.jpg,4.291946693e-09
3555231025_73fa54fa29.jpg,-7.887930031e-10
2196316998_3b2d63f01f.jpg,3.944999215e-09
245442617_407eba1e98.jpg,-4.196456623e-09
3353400143_8b9543f7dc.jpg,-1.367221821e-08
413231421_43833a11f5.jpg,-1.683768623e-09
2200901777_f6c168bd32.jpg,1.801514012e-09
2493469969_11b6190615.jpg,-2.123833848e-09
3756150099_50882fc029.jpg,-7.061160126e-09
3404978479_8a81843e17.jpg,-2.135335492e-09
3268191118_ba25fabab6.jpg,6.188703648e-09
2603334363_cfa32c4482.jpg,2.989072959e-10
3181409177_edb09c2718.jpg,3.349407412e-09
3656206975_09e6ce58bd.jpg,7.410997202e-09
2940366012_1ef8ab334e.jpg,-2.082462723e-09
2318721455_80c6644441.jpg,1.059963486e-09
2976155358_b4dd4407cf.jpg,-2.628674505e-09
3518118675_5053b3f738.jpg,-1.140171627e-08
2894850774_2d530040a1.jpg,-5.057692845e-09
900144365_03cd1899e3.jpg,-3.198453858e-09
3300019891_8f404d94a1.jpg,3.674993525e-09
3457460673_800d7f7dd9.jpg,3.091428414e-09
1428641354_f7453afbea.jpg,1.899082642e-09
2285741931_07159a21f2.jpg,6.131252662e-09
3666056567_661e25f54c.jpg,-1.441443568e-09
2505988632_9541f15583.jpg,6.738212686e-10
177302997_5b2d770a0a.jpg,-6.840412196e-09
1087168168_70280d024a.jpg,8.902665792e-10
1397295388_8a5b6b525d.jpg,-1.094167168e-09
2261257940_449b6e6c91.jpg,-3.329393077e-09
3566225740_375fc15dde.jpg,1.096274634e-08
3172283002_3c0fc624de.jpg,-1.217878159e-09
3324056835_84904fe2f8.jpg,-1.123922358e-08
1053804096_ad278b25f1.jpg,5.309300349e-09
2943079526_e9033a6556.jpg,1.642739951e-09
3647283075_3005333222.jpg,3.701858813e-09
2944836001_b38b516286.jpg,1.194606772e-08
3576060775_d9121519cc.jpg,2.220237163e-09
3399906919_bc8562b257.jpg,-1.311871501e-08
2490863987_715383944a.jpg,3.469948375e-09
2256133102_e2c8314ecb.jpg,-4.600139416e-09
3493000349_81c540e828.jpg,1.121320765e-08
3530342993_a4a1f0e516.jpg,-1.893403229e-10
3182405529_7692256746.jpg,-4.42985876e-09
2797149878_bb8e27ecf9.jpg,-7.256475675e-09
470887795_8443ce53d0.jpg,-1.404175079e-10
2081679622_6f1442367d.jpg,5.544383869e-09
2987096101_a41896187a.jpg,-2.309644148e-09
3401333624_4b6af8c1d7.jpg,2.72537767e-09
2090545563_a4e66ec76b.jpg,-4.440931858e-09
445861800_75fc6a8c16.jpg,-6.795333811e-09
1423997242_ea2189ec5e.jpg,6.758566041e-09
380034515_4fbdfa6b26.jpg,1.737129121e-09
472535997_0dbf42b9f3.jpg,5.457941709e-09
3162095736_cc41dd41ff.jpg,-1.266494665e-09
1002674143_1b742ab4b8.jpg,-1.574971956e-09
3375991133_87d7c40925.jpg,-1.731485283e-09
1303550623_cb43ac044a.jpg,-2.83912779e-10
3437781040_82b06facb3.jpg,2.348244185e-09
539493431_744eb1abaa.jpg,2.713248023e-09
1211015912_9f3ee3a995.jpg,-6.376667214e-09
2655647656_ee450446ed.jpg,6.01087191e-10
2792212974_23b1ef05fa.jpg,3.981658218e-09
3595216998_0a19efebd0.jpg,6.310580284e-09
423066487_07757b2b49.jpg,5.776444904e-10
2823575468_15f6c345fc.jpg,-1.220310054e-09
3263215700_e27f81f8b9.jpg,4.026020944e-09
2892395757_0a1b0eedd2.jpg,8.268610341e-10
519059913_4906fe4050.jpg,-1.489123381e-09
2384550175_e421d3a871.jpg,-5.064350028e-09
3548191125_514f47e493.jpg,1.192140738e-09
2822290399_97c809d43b.jpg,-8.873922487e-09
241345864_138471c9ea.jpg,-4.980039887e-09
2466420387_86fe77c966.jpg,6.85631359e-09
229862312_1a0ba19dab.jpg,-2.908720383e-09
1573017288_4d481856e2.jpg,-1.067985776e-09
3355494822_61353a224d.jpg,-3.596155688e-09
2352414953_10f3cd0f1f.jpg,-1.842480715e-09
2751602672_ca5e1f6447.jpg,-5.853304187e-09
3518755601_cebf11e515.jpg,7.699185969e-09
3442622076_c3abe955e5.jpg,-3.754278215e-09
2862509442_4f5dc96dca.jpg,2.740261718e-09
1263126002_881ebd7ac9.jpg,-1.079413843e-09
3154528397_89112faf4b.jpg,3.123302486e-09
554774472_b5d165ff69.jpg,1.440065124e-09
2460126267_0deea8b645.jpg,9.476272822e-10
3504158556_1d410c8ff7.jpg,8.183467879e-10
2431723485_bc6b8e6418.jpg,4.883918261e-09
1473080948_bae2925dc8.jpg,-3.407715206e-09
3594822096_e1144b85d6.jpg,-2.217427704e-09
3232470286_903a61ea16.jpg,4.537656074e-09
2599131872_65789d86d5.jpg,2.220181338e-09
262570082_6364f58f33.jpg,8.175919929e-11
2912476706_9a0dbd3a67.jpg,-9.291771297e-09
3016726158_4d15b83b06.jpg,3.23837579e-09
2661489896_cc3425777e.jpg,3.268308816e-09
3404552106_f516df0f5b.jpg,6.559963041e-09
2204277704_f1c8c741ed.jpg,-8.594427513e-09
2050067751_22d2763fd2.jpg,4.293835264e-09
350443876_c9769f5734.jpg,1.596544871e-09
2450299735_62c095f40e.jpg,2.232006559e-10
769260947_02bc973d76.jpg,-1.683256021e-09
2970067128_8842ab3603.jpg,-1.559800917e-09
2342478660_faef1afea8.jpg,1.383683091e-09
485245061_5a5de43e20.jpg,-6.564334661e-09
3621649810_cca783b777.jpg,2.304849003e-10
3346918203_986dca6641.jpg,6.797839466e-09
3272002857_ace031f564.jpg,1.52668382e-09
3104400277_1524e4f758.jpg,2.835869801e-09
2231847779_1148d1c919.jpg,-1.467238046e-09
3308488725_f91d9aba27.jpg,4.826886272e-09
2712974062_6d5b6aa7f0.jpg,-4.704404232e-09
2757803246_8aa3499d26.jpg,2.304582498e-09
3126773489_7ae425af17.jpg,2.541363046e-10
2960033435_c20cc7399a.jpg,3.214242203e-09
2502007071_82a8c639cf.jpg,1.634985421e-09
3132619510_7dfc947d25.jpg,5.242595248e-10
3028095878_07341efc9c.jpg,3.456334069e-09
247704641_d883902277.jpg,-7.322301371e-10
3359551687_68f2f0212a.jpg,5.636762075e-09
824123145_59243e504e.jpg,-4.767122778e-09
3285993030_87b0f1d202.jpg,-9.464807992e-10
1663454406_5e2cf8c5bb.jpg,-2.199756241e-09
2147199188_d2d70b88ec.jpg,6.408572542e-10
236474697_0c73dd5d8b.jpg,9.955019639e-09
3308018795_68a97a425c.jpg,-2.806583733e-09
275516348_cbccebc125.jpg,-4.718677774e-10
3174228611_6cf9d2266b.jpg,5.619055891e-09
2420546021_4a59790da6.jpg,4.924394988e-09
3009018821_ba47396e24.jpg,-1.883910499e-09
2287023569_fd7a9c60b8.jpg,4.093577702e-09
3519155763_045a6a55e2.jpg,6.877652485e-10
2309327462_82a24538d4.jpg,-3.917509321e-11
609681901_66809d2dc1.jpg,-1.628639813e-09
3344411431_6f4917bb2f.jpg,-1.94808763e-09
3726700898_c50494b8bd.jpg,3.068974893e-09
3603064161_a8f3b6455d.jpg,1.789014166e-09
415793623_6c1225ae27.jpg,-3.437953252e-10
3225296260_2ee72b4917.jpg,2.264199575e-09
2952320230_26601173be.jpg,-1.544531202e-11
2400958566_4e09424046.jpg,-2.393970651e-09
2286239223_d84ffc4e4a.jpg,8.416285584e-10
888517718_3d5b4b7b43.jpg,5.037433806e-09
3259228898_cefd04580b.jpg,-3.985795098e-10
3374054694_fa56f29267.jpg,2.989483093e-09
3317960829_78bbfafbb6.jpg,1.289298922e-09
1332815795_8eea44375e.jpg,-2.65001439e-09
3106340185_80d0cb770a.jpg,-2.730856812e-09
1244140539_da4804d828.jpg,1.316660265e-09
2193223202_4d908c0450.jpg,-1.252784616e-09
69189650_6687da7280.jpg,-2.011983381e-09
517102724_a0f3069156.jpg,5.503635783e-09
230016181_0c52b95304.jpg,-8.833071957e-10
3217620013_8b17873273.jpg,4.987190996e-09
3429351222_17ae744daf.jpg,2.231956681e-09
3454199170_ae26917dcd.jpg,2.309898867e-09
3580375310_46ec3e476c.jpg,-1.439342926e-09
3594029059_cee1f4c59a.jpg,5.150867773e-09
2657484284_daa07a3a1b.jpg,-3.849825501e-09
2869009633_ea3cafd437.jpg,1.619414096e-09
3664297064_a4d45cbbbc.jpg,1.302482616e-09
3463523977_f2ed231585.jpg,-7.874239325e-10
2745811124_12c4426b8b.jpg,-6.80432145e-09
2696636252_91ef1491ea.jpg,-4.414644119e-10
2579266054_1ec58aa92f.jpg,3.841429591e-09
279728508_6bd7281f3c.jpg,-5.523992469e-10
3619232550_0b1e1fd4e4.jpg,-4.984966272e-10
3639428663_dae5e8146e.jpg,-1.620946173e-09
2808870080_4ea4f3327e.jpg,2.5091703e-09
431018958_84b2beebff.jpg,-8.053892379e-10
3427852996_d383abd819.jpg,3.307931508e-10
1529044279_4922ead27c.jpg,-1.519571153e-09
2307807200_91fa29cba1.jpg,3.768852366e-09
405534893_2d0f3b0147.jpg,-4.19167764e-09
2885111681_dc328ecfff.jpg,-4.645107057e-10
2921094201_2ed70a7963.jpg,9.433547836e-10
772212710_f5fc22ed35.jpg,1.49605878e-09
2664103423_c539f61016.jpg,-8.341262566e-09
315880837_90db309bab.jpg,-2.391968591e-09
2108799322_e25aa6e185.jpg,3.733947624e-09
1956678973_223cb1b847.jpg,-5.008230037e-09
219730733_6a55382dd2.jpg,-5.540195818e-09
2914800692_0c512d27b8.jpg,1.03986601e-09
2248487956_2603f55ab9.jpg,3.717890968e-09
483841513_e660391880.jpg,5.02821382e-11
1674612291_7154c5ab61.jpg,-4.264748561e-10
2288530008_4ebcee2174.jpg,-6.227898335e-09
3729525173_7f984ed776.jpg,-2.379481221e-09
2257294002_0073263c54.jpg,-3.675594454e-09
2914737181_0c8e052da8.jpg,3.36472256e-09
539744890_85e63f5854.jpg,-9.897333777e-09
3513265399_a32e8cfd18.jpg,-1.242658132e-09
1625306051_7099519baa.jpg,4.512472836e-09
2642350864_099c0f2152.jpg,-4.880586223e-09
756909515_a416161656.jpg,2.020519555e-09
2939197393_93dc64c4bb.jpg,-4.409603615e-09
2070831523_5035d5537e.jpg,2.037523045e-09
2986671935_0c60bbb3fa.jpg,-6.325169935e-09
156967462_72db9b722c.jpg,3.763276869e-09
1425919702_ddb761aeec.jpg,-3.999006014e-10
3048380686_732db55281.jpg,1.181116109e-09
3226541300_6c81711e8e.jpg,-3.896757127e-09
482907079_22085ada04.jpg,-4.101274425e-09
108899015_bf36131a57.jpg,-1.785941716e-09
2623939135_0cd02ffa5d.jpg,-3.391065614e-09
3421177332_a05741cfa4.jpg,7.743457201e-09
3322443827_a04a94bb91.jpg,-2.917397422e-09
2597737483_6518a230e4.jpg,1.011401411e-10
3067500667_0fce8f28d4.jpg,8.275985148e-09
2521878609_146143708e.jpg,-1.104385725e-09
1772859261_236c09b861.jpg,4.463120447e-10
2266901263_4324af1f03.jpg,7.053907768e-09
3351667632_00f586a30c.jpg,7.498447258e-09
1305564994_00513f9a5b.jpg,-1.481405735e-11
2196050115_e236d91f52.jpg,-1.1937394e-08
3014986976_0e7b858970.jpg,6.461892854e-09
505955292_026f1489f2.jpg,-2.464105371e-09
670609997_5c7fdb3f0b.jpg,-5.634717004e-09
416650559_cd08d3cd96.jpg,3.215428243e-09
3587781729_bd21ce7b11.jpg,1.032394281e-08
3424927725_c4d1fcfac3.jpg,1.132198148e-09
3329777647_5e1fd503ac.jpg,-8.25313317e-10
3084380974_268a0f9236.jpg,-9.625025143e-10
2358898017_24496b80e8.jpg,1.005459747e-09
446286714_dcec7f339e.jpg,6.347395142e-09
342872408_04a2832a1b.jpg,8.702298358e-10
3613027188_1645ca1976.jpg,3.455931475e-09
3493255026_5fdaa52cbe.jpg,6.743904613e-10
3474912569_7165dc1d06.jpg,-3.647055058e-09
3091916691_b1c96669c6.jpg,4.054664129e-09
2998861375_02817e0147.jpg,-7.397475747e-10
1248734482_3038218f3b.jpg,8.008690246e-09
3514019869_7de4ece2a5.jpg,-1.706907459e-09
2324917982_f3db8c11e9.jpg,5.34492141e-09
2198511848_311d8a8c2f.jpg,3.818014641e-09
3578841731_f775cab089.jpg,7.096672277e-09
3427402225_234d712eeb.jpg,3.178433415e-09
3134644844_493eec6cdc.jpg,-8.192427347e-09
2500567791_101d5ddee3.jpg,2.844723489e-09
976392326_082dafc3c5.jpg,-3.327778063e-09
3052196390_c59dd24ca8.jpg,1.551166748e-09
3035118753_69287079dc.jpg,1.098100029e-09
2308256827_3c0a7d514d.jpg,-6.646156838e-09
2097398349_ff178b3f1b.jpg,7.007567663e-09
2933643390_1c6086684b.jpg,6.829701428e-10
132489044_3be606baf7.jpg,2.652215406e-09
2900274587_f2cbca4c58.jpg,-6.746131082e-09
2288315705_5f4c37d932.jpg,5.926726425e-09
2795352290_9209b214f3.jpg,3.606686846e-09
1721637099_93e9ec2a2f.jpg,-8.596972099e-10
2744705574_519c171ca0.jpg,5.245430433e-09
3127142756_bf0bfcb571.jpg,-6.018703075e-09
125319704_49ead3463c.jpg,-2.662940053e-09
3263497678_8bb688ca01.jpg,1.178869107e-09
244774022_a12c07afdb.jpg,-3.01496669e-09
2102030040_2e8f4738f7.jpg,-7.447899182e-09
523692399_d2e261a302.jpg,-7.396057682e-09
3348811097_0e09baa26f.jpg,-4.47089495e-09
2966552760_e65b22cd26.jpg,3.859471609e-09
2647062476_5ef31ba867.jpg,-6.026603799e-10
280706862_14c30d734a.jpg,-6.474948336e-09
421153376_d1d325568f.jpg,3.18153979e-09
3699318394_6193f2c8e0.jpg,5.238216789e-09
664470170_6a1ad20c45.jpg,-2.897099224e-09
2399114095_c3196ff456.jpg,-1.017830731e-08
2660480624_45f88b3022.jpg,-4.518680115e-10
1460352062_d64fb633e0.jpg,-1.176937493e-09
2385146732_d1c67c790e.jpg,2.788594765e-09
3185645793_49de805194.jpg,4.982823451e-09
3384314832_dffc944152.jpg,3.370704245e-09
1449370354_380c4123c9.jpg,5.004116132e-11
997338199_7343367d7f.jpg,-1.338750242e-09
2670637584_d96efb8afa.jpg,2.749050432e-09
3501936223_6122a13d27.jpg,-7.349606791e-09
3072114570_e1c0127529.jpg,1.913019485e-09
3461106572_920c8c0112.jpg,5.625192069e-09
804087017_330bcc8c56.jpg,-9.615551592e-09
2559921948_06af25d566.jpg,1.369488612e-09
2044063458_fcc76a7636.jpg,8.505417226e-10
2901880865_3fd7b66a45.jpg,-1.089281759e-08
890734502_a5ae67beac.jpg,2.385352221e-10
1394396709_65040d97ab.jpg,-2.141570004e-10
3416339125_0860d3d1eb.jpg,-3.731905799e-09
3628043835_9d9bd595a7.jpg,-8.449508454e-10
3665169936_01ae94c9fd.jpg,6.546729722e-10
2735558076_0d7bbc18fc.jpg,9.785773535e-09
3634400263_c6fcaa48e1.jpg,1.690884684e-09
3370085095_6abbb67c1d.jpg,7.390570448e-09
3675825945_96b2916959.jpg,2.06247847e-09
3563924606_5914392cd8.jpg,-1.092091161e-09
199809190_e3f6bbe2bc.jpg,2.838055544e-09
2557507575_b247f145bc.jpg,4.859435708e-09
561940436_64d6fc125d.jpg,-6.545918649e-09
1917203130_fcaff8b10e.jpg,7.745320037e-10
3272847211_9e8a4f8308.jpg,-1.097697261e-09
3533451027_b078e4631b.jpg,-9.740860315e-10
700884207_d3ec546494.jpg,1.975702441e-09
470887781_faae5dae83.jpg,2.546085044e-09
1499581619_a5f65a882c.jpg,-3.996686784e-09
3407584080_c6abf71ae3.jpg,-3.270048886e-11
3606909929_90a1a072b7.jpg,2.112285125e-09
3042483842_beb23828b9.jpg,-2.074966222e-09
2623247254_3bfc795121.jpg,-1.894858864e-09
3396157719_6807d52a81.jpg,1.977062491e-09
3604384383_db6805d1b9.jpg,8.186208029e-10
2313230479_13f87c6bf3.jpg,-7.17118623e-10
3500115252_9404c066a8.jpg,-2.070191426e-09
961611340_251081fcb8.jpg,-9.966284788e-11
3699522388_2333f01f40.jpg,-4.447505888e-09
392467282_00bb22e201.jpg,-6.70702659e-09
3485599424_94de8ede51.jpg,4.037070783e-09
489372715_ce52da796a.jpg,6.558980982e-10
2673148534_8daf0de833.jpg,-5.005790183e-09
3443030942_f409586258.jpg,-7.813261867e-09
1401961581_76921a75c5.jpg,5.902149495e-09
1155138244_859fd6e079.jpg,6.619153362e-09
219843860_332e5ca7d4.jpg,-1.001274495e-09
3700322513_50f0d45bfa.jpg,-2.996185048e-09
109823394_83fcb735e1.jpg,5.342813749e-09
293879742_5fe0ffd894.jpg,1.66178625e-09
3051754615_3d6494c2ae.jpg,3.272177279e-09
54723805_bcf7af3f16.jpg,-2.211238007e-09
3436418401_b00ceb27c0.jpg,-4.869327235e-09
3508051251_82422717b3.jpg,2.916371714e-09
534056823_0752303702.jpg,3.440107305e-09
3653484549_f316590b0f.jpg,-3.465943024e-09
3597326009_3678a98a43.jpg,-2.685654147e-09
491964988_414b556228.jpg,-3.108227706e-09
2633082074_32c85f532c.jpg,1.908373849e-09
3721812313_6000566803.jpg,-1.197187198e-10
2373234213_4ebe9c4ee5.jpg,-4.022898318e-09
315436114_6d386b8c36.jpg,1.576280434e-10
241346471_c756a8f139.jpg,-3.183375003e-09
1095476286_87d4f8664e.jpg,-5.768778925e-09
2883324329_24361e2d49.jpg,-1.952936843e-09
1235681222_819231767a.jpg,-5.471809102e-09
72964268_d532bb8ec7.jpg,1.549026742e-09
262642489_f5c6b9e65b.jpg,-3.881870165e-09
3342822192_082f932ef2.jpg,8.056656247e-11
3475092236_cf45d383c7.jpg,1.202600144e-09
3215896272_e9b4b547a9.jpg,1.325826336e-08
2142232919_c857a09dd7.jpg,1.735059931e-09
2189181027_a445b13438.jpg,-1.480774464e-10
3274879561_74997bbfff.jpg,-7.915587627e-09
309430053_cc58bcc36a.jpg,8.405947313e-10
241345596_91e0e2daf5.jpg,-8.440041028e-10
3621623690_0095e330bc.jpg,-8.367805182e-09
3741827382_71e93298d0.jpg,-5.545719032e-09
2473737724_355599a263.jpg,3.903424649e-09
3406116788_c8f62e32d1.jpg,1.751216869e-10
1324816249_86600a6759.jpg,-3.353018636e-09
3468694409_a51571d621.jpg,3.007126425e-09
3030962048_f71948226c.jpg,3.084460346e-09
2467850190_07a74d89b7.jpg,1.974725981e-09
2319808437_bbbdc317c0.jpg,1.571619006e-10
1295671216_cde1b9c9d1.jpg,2.287332315e-08
237277765_9e6fa5b99a.jpg,3.860821756e-09
181103691_fb2f956abd.jpg,2.361361243e-09
3640348910_fcd627ec66.jpg,2.63843421e-09
2879241506_b421536330.jpg,-3.488938608e-10
2504056718_25ded44ecb.jpg,-1.580737011e-09
2618538137_44fffe10c4.jpg,4.129298255e-09
3425071001_e7c9809ef2.jpg,-5.326684634e-11
3472540184_b0420b921a.jpg,7.810141669e-09
1405221276_21634dcd58.jpg,1.399002701e-09
2587106431_1cc0e719c6.jpg,2.284579873e-09
2762702644_2aa3bf9680.jpg,-8.289012444e-09
2808098783_c56b44befa.jpg,-4.185735118e-09
2257099774_37d0d3aa9a.jpg,-1.073827951e-09
3141440149_00becbbb93.jpg,-8.943252719e-10
3304484212_b950233c30.jpg,-1.235174746e-09
3475581086_a533567561.jpg,-1.169375869e-09
979201222_75b6456d34.jpg,3.593936104e-09
3581538034_783b7d0d09.jpg,3.059022311e-09
2865564810_5c63328cd4.jpg,-3.278843927e-10
3691622437_f13644273c.jpg,8.743432126e-10
3412249548_00820fc4ca.jpg,-1.16853923e-08
131632409_4de0d4e710.jpg,3.759707251e-10
3251648670_9339943ba2.jpg,-3.476209703e-09
3712923460_1b20ebb131.jpg,-4.048716743e-09
3189521080_133777bce5.jpg,3.268226164e-09
852469220_bc0fee3623.jpg,-9.20185315e-09
2115849046_2aa9fa8d13.jpg,3.060064723e-09
1357724865_4faf4e1418.jpg,-2.038275507e-09
3492383096_5bbc08f0da.jpg,-4.92044978e-09
1808504612_3508f3c9bb.jpg,2.920082888e-09
3725814794_30db172f67.jpg,-4.730020975e-09
3493479159_609ebe1b35.jpg,1.501752057e-09
2362377137_9528692825.jpg,-9.136448871e-09
319851847_7212423309.jpg,-3.363699283e-09
500446858_125702b296.jpg,-1.761496441e-09
3155501473_510f9c9f6b.jpg,2.372176682e-09
408573233_1fff966798.jpg,1.430456271e-09
470373679_98dceb19e7.jpg,4.822108671e-09
2867699650_e6ddb540de.jpg,-3.79327778e-09
488356951_b3b77ad832.jpg,-8.670553666e-10
2944025729_5aecda30ee.jpg,3.864089574e-09
2638981862_6b23833f37.jpg,9.572707016e-10
689359034_4a64c24ca4.jpg,-4.240931835e-09
3234115903_f4dfc8fc75.jpg,7.629231684e-10
3332467180_d72f9b067d.jpg,-1.009452347e-09
3365198533_539073002b.jpg,3.04543027e-09
2419221084_01a14176b4.jpg,-1.764624179e-09
1269470943_ba7fc49b4d.jpg,-7.177950885e-09
2461990494_c5ece064cc.jpg,-1.264957232e-09
1969573381_5ecfae4c80.jpg,1.853447233e-09
2276120079_4f235470bc.jpg,2.160317967e-09
3399616238_77acf4ee12.jpg,-1.726277402e-09
781387473_208ba152b3.jpg,-8.527169386e-10
295729735_8360f2e64c.jpg,2.428367122e-09
1412832223_99e8b4701a.jpg,8.072452561e-09
673806038_0a3682a83f.jpg,5.774380819e-09
2908466042_bf07cb52c7.jpg,1.324977346e-09
3726730085_2468ee9220.jpg,-1.14179093e-09
2368266191_87d77750f1.jpg,-9.7701953e-09
751074141_feafc7b16c.jpg,-2.563341743e-10
3547000169_40191e02ca.jpg,3.445360232e-09
3516653997_98ec551a67.jpg,-5.033735994e-10
3562470436_6e193643ce.jpg,1.976033286e-09
3412450683_7da035f2de.jpg,9.354159678e-11
1072153132_53d2bb1b60.jpg,5.937247683e-10
3388330419_85d72f7cda.jpg,4.715834768e-09
2372763106_ddea79d36e.jpg,-5.196100622e-09
3211437611_bd4af3730b.jpg,1.888433429e-09
897406883_f09f673d94.jpg,-4.781115853e-09
482882307_7dcb9eee11.jpg,2.251711451e-09
535123126_c06c1ab9bf.jpg,-2.817203552e-09
3419238351_ac18b440c0.jpg,1.945468122e-09
3189251454_03b76c2e92.jpg,-6.395602601e-09
2967549094_d32422eb01.jpg,1.317295317e-09
3123526484_02952e40fc.jpg,7.230007145e-09
3242354561_54e5a34925.jpg,-1.765680221e-09
3555573680_41c1540a86.jpg,-1.921105337e-11
3542418447_7c337360d6.jpg,3.928394388e-10
1432342377_3e41603f26.jpg,-1.498434635e-09
3581451227_618854cea4.jpg,4.432707193e-09
2678612999_893ed671f8.jpg,-4.785767803e-09
3614881872_ccf9739b0e.jpg,-5.510906127e-09
2474092890_6c0781a8ed.jpg,4.04987942e-10
3143765063_a7761b16d3.jpg,-1.278196972e-10
3070011270_390e597783.jpg,-1.561476291e-09
285306009_f6ddabe687.jpg,2.657448236e-09
3671933270_d124e9a1a4.jpg,-2.938588911e-09
267015208_d80b3eb94d.jpg,1.200056131e-09
1597557856_30640e0b43.jpg,-7.161449631e-09
2538423833_d1f492d1fb.jpg,1.080809565e-09
3534183988_3763593dfb.jpg,-6.462429266e-10
3510695264_ef460fa6cc.jpg,-5.888534308e-09
3249738122_decde6c117.jpg,1.772980466e-09
3468275336_61936db92d.jpg,-1.174180054e-09
2737233999_34d60dc5c3.jpg,4.659781407e-09
3338474677_7376e426c2.jpg,2.635780306e-10
3223606402_bb2aa6db95.jpg,-2.368024372e-09
2703155733_19ac6f97a8.jpg,1.205163344e-10
811662356_f9a632b63c.jpg,-7.094369421e-09
475778645_65b7343c47.jpg,-1.644187124e-09
244910177_7c4ec3f65b.jpg,1.476213421e-09
2052702658_da1204f6d1.jpg,-1.985327781e-09
524282699_71e678a6bd.jpg,-2.706127392e-09
255330891_86d65dfdbf.jpg,4.174308839e-09
1679557684_50a206e4a9.jpg,-2.225184756e-09
3459858555_c3f0087a72.jpg,6.49049743e-09
2891240104_6755281868.jpg,-2.940542776e-10
3385956569_a849218e34.jpg,3.749729728e-09
2190227737_6e0bde2623.jpg,-7.290101583e-09
3415589320_71a5bf64cf.jpg,-8.303305815e-10
1402843760_d30f1dbf0f.jpg,-1.570371778e-10
795081510_53fd17d101.jpg,1.135609397e-09
1713248099_d860df4e10.jpg,1.198222227e-08
2905975229_7c37156dbe.jpg,-7.225849375e-09
2757779501_c41c86a595.jpg,-2.190310926e-10
3183875944_b2be694e06.jpg,-8.604036703e-10
3516299821_8f0375d221.jpg,-7.21724248e-09
3370308329_7f2de5bb58.jpg,-1.496341775e-09
2727051596_be65bfb3d3.jpg,-3.688849087e-09
3564543247_05cdbc31cf.jpg,2.282082246e-09
3155451946_c0862c70cb.jpg,2.235684269e-09
688210930_85c5675d5b.jpg,7.691995842e-10
2716251485_d6113f4c8a.jpg,-2.565764373e-09
2282043629_91b7831352.jpg,-6.226306137e-09
261737543_b8fdc24671.jpg,-3.271085287e-09
3195969533_98f5de0fab.jpg,1.485644496e-09
3459156091_c1879ebe28.jpg,4.901171673e-09
2950637275_98f1e30cca.jpg,2.803223375e-11
1030985833_b0902ea560.jpg,-9.161524257e-09
3072782873_3278f3b3a7.jpg,-9.454303575e-11
2564888404_b57f89d3c7.jpg,5.938613905e-09
3625049113_554d82c2a1.jpg,5.449911194e-09
1541272333_1624b22546.jpg,9.871458259e-10
3523474077_16e14bc54c.jpg,5.996472493e-09
1298866571_b4c496b71c.jpg,1.362816523e-09
1517340899_ee1c74a8f6.jpg,-2.157021748e-11
300577374_bfccb0430b.jpg,2.909971209e-09
468102269_135938e209.jpg,4.468880662e-09
3608567609_aae96d4a5e.jpg,-1.159072768e-10
2980445969_a86f4e6a0e.jpg,3.15114159e-09
3695517194_2a6b604cb2.jpg,-3.875629414e-09
3563059800_c073081ce3.jpg,4.668536563e-09
387830531_e89c192b92.jpg,3.802753525e-09
2748435417_ea7bbcc17c.jpg,-1.161607511e-09
2752084369_52e7867da7.jpg,-8.978982025e-09
2868136205_3cf679208d.jpg,5.449132713e-09
3684562647_28dc325522.jpg,6.573795607e-09
3412036192_d8cd12ed3f.jpg,9.312458579e-09
1858963639_4588cd4be9.jpg,6.155981349e-09
454691853_cc1e0fa6a1.jpg,1.103270584e-10
2914206497_5e36ac6324.jpg,2.934304887e-10
3225880532_c8d5d1d798.jpg,-1.32465794e-09
3696246123_99d4d10140.jpg,-1.825103932e-09
3422219732_3d0be52cc3.jpg,2.551576077e-09
2938072630_d641b63e4d.jpg,6.538485474e-09
3255737244_1f8948fc07.jpg,-3.449213893e-09
597543181_6a85ef4c17.jpg,-8.688136812e-09
3494394662_3edfd4a34c.jpg,-5.125139025e-09
3579686259_b1fe6aefc9.jpg,4.133221495e-09
517094985_4b9e926936.jpg,4.778955321e-09
2106772874_381824648b.jpg,4.27610481e-09
2466093839_33bbc8cbd9.jpg,-4.316611457e-09
473220329_819a913bbb.jpg,-1.021755846e-09
513116697_ad0f4dc800.jpg,4.147136425e-09
3173976185_8a50123050.jpg,-4.914398011e-09
370713359_7560808550.jpg,-3.891468066e-09
3597921737_3fd1d0665b.jpg,-4.791008713e-10
3128164023_ebe8da4c32.jpg,-6.28130112e-09
3214573346_d3a57f0328.jpg,-4.618669155e-10
1418503947_953d373632.jpg,-3.828181982e-09
3235542079_2fcf4951a1.jpg,-7.811952894e-09
2129430111_338a94f8fb.jpg,-7.675162203e-09
2181117039_c4eea8036e.jpg,-1.062485966e-09
2451988767_244bff98d1.jpg,2.664729095e-09
3163563871_cef3cf33ea.jpg,-4.335244268e-09
3143574389_8a4048fbe2.jpg,-5.844829447e-09
2896180326_88785fe078.jpg,-3.964645717e-10
1387785218_cee67735f5.jpg,1.116500737e-09
3596131692_91b8a05606.jpg,2.635290309e-10
2842609837_b3a0b383f7.jpg,7.88582776e-09
3269661567_faf190885a.jpg,-6.845444342e-09
1075881101_d55c46bece.jpg,5.143653387e-10
760180310_3c6bd4fd1f.jpg,-8.457161186e-10
3497238310_2abde3965d.jpg,1.007927636e-08
3211556865_d1d9becf69.jpg,2.222618668e-09
3326249355_e7a7c71f06.jpg,-2.144083496e-09
3433470650_a8b1c27173.jpg,1.275520291e-09
1289142574_2bd6a082dd.jpg,5.94810368e-09
2309860995_c2e2a0feeb.jpg,6.030879396e-09
2982928615_06db40f4cd.jpg,-6.834087766e-09
2360194369_d2fd03b337.jpg,2.674808286e-09
3678098428_40c1b74cc2.jpg,-1.695199184e-09
3076052114_233f42ae5b.jpg,-7.02344198e-09
1288909046_d2b2b62607.jpg,-3.948479179e-09
475317104_1cdc1653b4.jpg,8.567572139e-09
3547313700_39368b9a2f.jpg,-3.062370034e-09
3477778668_81ff0a68e0.jpg,2.322339125e-09
3208571574_6dc1a461c5.jpg,-1.810344627e-09
3487820317_3728e7569e.jpg,-1.8719294e-09
1248953128_24c9f8d924.jpg,9.699489223e-10
3538213870_9856a76b2a.jpg,-7.024147093e-10
457631171_12b1aee828.jpg,-4.122442792e-09
2070798293_6b9405e04d.jpg,-7.424042933e-10
3164415865_612f9fd8bc.jpg,2.429654859e-09
2105756457_a100d8434e.jpg,-5.421694153e-09
284441196_8ebb216d0d.jpg,-1.313219988e-09
3452982513_36f2bc81fa.jpg,-2.753824762e-09
2084157130_f288e492e4.jpg,-4.641794441e-09
2455286250_fb6a66175a.jpg,-2.299347406e-10
2618322793_5fb164d86a.jpg,9.591692611e-10
3439982121_0afc6d5973.jpg,-8.211726824e-09
2549452277_873cb80d3e.jpg,1.599101587e-09
2095007523_591f255708.jpg,-5.449867383e-09
2604305843_ebe3e8a328.jpg,2.148718877e-09
2923497185_c64004ff2d.jpg,2.229210339e-09
3286017638_c688c83e3d.jpg,-2.282462545e-09
3091594712_2166604334.jpg,-3.385798472e-09
2709683703_5385ea9ef4.jpg,-2.323055005e-09
3591170729_406fdb74e5.jpg,-5.106099474e-09
2682194299_92005b26c6.jpg,-6.554905928e-09
2870194345_0bcbac1aa5.jpg,1.455954264e-09
1472653060_7427d2865a.jpg,-4.495213547e-09
3445296377_1e5082b44b.jpg,7.172313105e-09
305749904_54a612fd1a.jpg,-6.861703061e-09
248858242_1c33c54ada.jpg,6.09827362e-09
3431194126_ca78f5fde6.jpg,4.228504428e-09
3246991821_750a3097e2.jpg,-5.096409907e-10
2313822078_282dc07531.jpg,4.388454075e-09
3464708890_3cab754998.jpg,-1.783138895e-09
2963672852_c28043bb2c.jpg,1.380597022e-09
2171576939_d1e72daab2.jpg,1.387431822e-09
2419591925_1038c6c570.jpg,-2.264640237e-10
2924259848_effb4dcb82.jpg,8.604207995e-10
1141718391_24164bf1b1.jpg,-2.178017251e-09
389643437_9a9830a3ba.jpg,-2.852039612e-09
1075716537_62105738b4.jpg,5.371707409e-09
509200598_171a1ab6c8.jpg,4.231904091e-09
380527679_574749123d.jpg,3.327183886e-09
590445887_4d4fa43923.jpg,-1.935206187e-10
3198231851_6b1727482b.jpg,5.013935459e-10
69710411_2cf537f61f.jpg,6.259958219e-09
3540598210_972f0ff573.jpg,1.897850524e-09
1924234308_c9ddcf206d.jpg,-4.588819644e-09
3096163135_584901a5ae.jpg,-1.35787867e-09
1745110280_0cbff5e273.jpg,7.221487787e-09
370614351_98b8a166b9.jpg,3.327132874e-09
3689727848_b53f931130.jpg,-5.378228956e-09
244910130_e1f823a28a.jpg,-1.363097785e-09
3542771548_fcb8fa0cba.jpg,1.104056966e-09
3211453055_05cbfe37cd.jpg,7.061236561e-09
2428959030_bdffc2812e.jpg,3.805914317e-09
3540416139_c884f38351.jpg,2.358265995e-09
1153704539_542f7aa3a5.jpg,-5.989840129e-10
3477315700_52a4d740a5.jpg,9.001427673e-09
3255482333_5bcee79f7e.jpg,-1.987125977e-09
2109370875_05241bdda7.jpg,-9.547116614e-09
485921585_1974b1577a.jpg,-1.988565835e-09
405961988_fcfe97f31e.jpg,-8.55061285e-11
3583903436_028b06c489.jpg,1.444384972e-09
3401437960_7da856e004.jpg,-4.065423355e-09
2087640654_1a84577a44.jpg,3.203949249e-09
241347391_4fcd4639f4.jpg,8.155670537e-11
2445283938_ff477c7952.jpg,-3.715830718e-09
467858872_f3431df682.jpg,3.842961339e-09
2716457668_187a6d2b1c.jpg,-4.519678946e-10
2894217628_f1a4153dca.jpg,8.490304939e-10
3101378069_f8caa14c0a.jpg,7.101875262e-09
3149804151_1cc8d10783.jpg,-2.205479959e-09
3143978284_ac086be9a3.jpg,-1.230438163e-09
2746839158_4195210d27.jpg,-7.891368675e-09
3543600125_223747ef4c.jpg,-5.13490703e-09
3185662156_c877583c53.jpg,-2.646878832e-09
3685373706_37f2ced9ff.jpg,2.709575572e-09
1235580648_7eebaed9bc.jpg,-6.9280247e-10
2369452202_8b0e8e25ca.jpg,1.681693644e-10
3127888173_9a9a8ac3bd.jpg,6.230990043e-09
3259119085_21613b69df.jpg,-1.650389114e-09
97105139_fae46fe8ef.jpg,-4.352659398e-09
2282895743_f803f1cf01.jpg,1.231093596e-09
3214151585_f2d0b00b41.jpg,9.541854526e-10
3226796100_08c49cfa5c.jpg,-6.122662262e-10
3199895624_4f01798c6f.jpg,-3.078476125e-09
3498327617_d2e3db3ee3.jpg,1.094478779e-09
3268443910_b36dbc1e5c.jpg,-3.545578871e-09
2402793046_3385554e81.jpg,-4.656382557e-09
2435166927_28b8130660.jpg,4.429155728e-09
3363750526_efcedc47a9.jpg,-1.240416566e-09
3439414478_8038ba9409.jpg,-1.025895475e-08
836768303_d748df5546.jpg,-1.071339009e-09
3518608016_46453d8b18.jpg,4.974500898e-10
3053785363_50392f2c53.jpg,1.904368487e-08
1193116658_c0161c35b5.jpg,4.497409208e-09
412203580_2c7278909c.jpg,2.019824758e-09
506882688_b37d549593.jpg,-4.437551943e-09
269630255_c3ec75c792.jpg,-6.433469202e-09
2613209320_edf6a2b7e9.jpg,-4.476734643e-09
3351596152_bf283f03d1.jpg,-3.690248577e-10
3515665835_22e6fb1193.jpg,-2.471478907e-10
3631671718_d712821757.jpg,2.03936722e-10
524360969_472a7152f0.jpg,-3.803449555e-10
2860872588_f2c7b30e1a.jpg,9.595214858e-09
2930318834_8366811283.jpg,-2.316235581e-09
411216802_aead9e67e3.jpg,-9.132256428e-10
2389107995_ec756f3514.jpg,-6.227290703e-09
3546027589_253553252a.jpg,3.348625682e-10
2555521861_fc36fd3ab0.jpg,4.896725481e-10
2667783499_3a4f38f636.jpg,3.190352117e-09
2926786902_815a99a154.jpg,-4.311053961e-09
3258394043_a0b6a94dce.jpg,3.141243576e-09
408233586_f2c1be3ce1.jpg,6.794839117e-09
1415591512_a84644750c.jpg,-3.527782863e-09
837893113_81854e94e3.jpg,2.071803606e-09
3356901257_83811a19eb.jpg,5.104210711e-10
2815256108_fc1302117d.jpg,-3.602772023e-09
3526897578_3cf77da99b.jpg,-1.515107079e-09
3151492269_28d8edaa68.jpg,-1.022926357e-08
1308617539_54e1a3dfbe.jpg,2.27351479e-09
2089350172_dc2cf9fcf6.jpg,2.489430939e-09
528500099_7be78a0ca5.jpg,6.71822266e-09
2219959872_988e6d498e.jpg,-1.51293477e-09
1456393634_74022d9056.jpg,4.43311124e-09
3336361161_c06cdd160e.jpg,-2.691962385e-10
2371749487_d80195a2e7.jpg,1.195320689e-09
455611732_d65bf3e976.jpg,-8.385282842e-10
1975531316_8b00eeaaf7.jpg,-1.482150078e-09
954987350_a0c608b467.jpg,9.316930465e-09
96399948_b86c61bfe6.jpg,6.27424587e-10
3454621502_73af6742fb.jpg,-6.722480081e-09
2601008162_f00eeb5c14.jpg,5.207177172e-09
3424851862_0f51c42922.jpg,6.411344245e-10
2729685399_56c0e104b1.jpg,6.040215109e-10
2101808682_0d66ef4a08.jpg,-2.499253013e-09
2863349041_5eba6e3e21.jpg,3.553828567e-09
207584893_63e73c5c28.jpg,-3.903581315e-09
2460797929_66446c13db.jpg,2.588963239e-09
1307635496_94442dc21a.jpg,2.371666895e-09
2521770311_3086ca90de.jpg,-1.432523999e-09
3679502342_7fe6ef8a36.jpg,-7.050118226e-10
3349528565_0bc013b70a.jpg,-6.858454029e-09
2682382530_f9f8fd1e89.jpg,-5.906212833e-09
362316425_bda238b4de.jpg,6.718464065e-10
3681414069_71ba164f71.jpg,-1.583274199e-09
461505235_590102a5bf.jpg,-3.005548864e-09
2195887578_3ba2f29b48.jpg,-1.777957891e-09
3640109324_3ce89e4d1a.jpg,-3.329167271e-09
2513260012_03d33305cf.jpg,-1.334370478e-09
895502702_5170ada2ee.jpg,-2.411580688e-09
556568556_bc5124dc8e.jpg,-4.102684002e-09
2038662925_f4fa8c2534.jpg,-3.710219766e-09
1130369873_d80a1aa59c.jpg,2.418246828e-09
2814037463_74de97da86.jpg,7.315593084e-09
3091177347_58c85c1c3b.jpg,1.597552508e-09
2201192417_d934730fea.jpg,6.659754683e-09
2394857899_76bfdf720b.jpg,1.125183823e-10
3158327361_6f1a518228.jpg,4.946781441e-09
3420323191_d66e003264.jpg,-3.852469815e-09
3569329986_1f468729b2.jpg,2.717615098e-09
487487795_54705c406e.jpg,-9.064407079e-09
241347664_4a3e7e5be7.jpg,-2.748245695e-09
307994435_592f933a6d.jpg,1.839597184e-09
3504479370_ff2d89a043.jpg,-4.082874034e-10
2774581025_81a3074e2e.jpg,-2.982734091e-09
2381583688_a6dd0a7279.jpg,4.742779467e-09
2560388887_55abc9083d.jpg,-3.6067835e-09
263233914_d25004e4cd.jpg,-2.171608514e-09
3236447445_eecafdf4f0.jpg,9.537875583e-10
2252635585_b48b3485b0.jpg,5.199952938e-10
2618866067_07cbc83dc5.jpg,2.560346009e-09
3126225245_96cd2c053f.jpg,-1.911780171e-09
326334188_8850b7bfd4.jpg,1.62194089e-09
3284887033_e2e48f1863.jpg,-2.922137611e-09
2491343114_a3e35a2a3a.jpg,-2.303831056e-09
2467803152_70eeca1334.jpg,-4.251606268e-09
3228069008_edb2961fc4.jpg,-7.132151316e-09
2192026581_b782d1355a.jpg,4.068749504e-09
3726019124_f302b3d48a.jpg,8.755435763e-09
2588927489_f4da2f11ec.jpg,-4.595206331e-09
3637013_c675de7705.jpg,-1.727609911e-09
3523920786_0eb63993fd.jpg,-4.90415321e-09
1337792872_d01a390b33.jpg,-9.061137431e-10
2766630484_ce73f47031.jpg,-3.266974661e-09
2396669903_5217a83641.jpg,5.654749365e-09
2183967273_d182e18cf6.jpg,5.301943702e-09
3706356018_28f62290e8.jpg,-4.733091266e-09
3265964840_5374ed9c53.jpg,6.406563835e-09
1355703632_5683a4b6fb.jpg,4.052429077e-09
3530502404_f8c3a3f61c.jpg,6.090740155e-09
3248408149_41a8dd90d3.jpg,-2.03975108e-09
2473293833_78820d2eaa.jpg,1.668662192e-09
2480664591_e6d22ed61c.jpg,6.459496155e-09
3585598356_8ce815bbb9.jpg,-2.434413629e-09
2844641033_dab3715a99.jpg,2.595290897e-09
1785138090_76a56aaabc.jpg,7.76456181e-10
3231237864_8cb1c6d863.jpg,4.427313009e-10
3639363462_bcdb21de29.jpg,-3.555199055e-09
1019604187_d087bf9a5f.jpg,-2.584190656e-09
1515025681_999199cb79.jpg,2.021244942e-09
2594902417_f65d8866a8.jpg,3.415314045e-09
2866820467_ae699235a7.jpg,-2.171675607e-09
3219122000_bd6b4ae5ff.jpg,-8.426404586e-09
3677927146_1696f0b075.jpg,-5.147682937e-10
3033257301_e2c8a39b04.jpg,-4.929549413e-09
511844627_0ec78e01e9.jpg,-6.873029363e-10
3300679815_2c6c2301cb.jpg,1.229622003e-09
356143774_ef3e93eede.jpg,-5.874439802e-09
2328616978_fb21be2b87.jpg,-4.979125085e-09
2088460083_42ee8a595a.jpg,-1.184108932e-09
514073775_56796be990.jpg,-1.29559e-09
1143373711_2e90b7b799.jpg,-3.602210434e-09
1056249424_ef2a2e041c.jpg,2.073835804e-09
1417031097_ab656bc4bd.jpg,2.371401942e-09
1356796100_b265479721.jpg,3.303699247e-09
286660725_ffdbdf3481.jpg,-1.342939575e-09
539667015_fd0a3bea07.jpg,-1.670155144e-09
3330680118_4e541889c1.jpg,-9.962990677e-10
2677614492_792023b928.jpg,7.326578759e-10
557101732_32bbc47c12.jpg,-6.343535399e-10
464251704_b0f0c4c87a.jpg,-7.721545291e-10
2586028627_ddd054d8cc.jpg,6.341596132e-09
1244306891_8e78ae1620.jpg,-2.418579054e-09
1821238649_2fda79d6d7.jpg,-1.198694559e-09
3505657604_8899161734.jpg,-3.459086872e-09
3105691757_817083b0a6.jpg,4.471668199e-09
2562377955_8d670ccec6.jpg,1.238251051e-09
1355450069_c0675b0706.jpg,9.238523646e-09
3452341579_0147d2199b.jpg,6.698750778e-09
3339586622_a7676b30e1.jpg,1.909394241e-10
2192802444_b14bb87b95.jpg,-9.492115942e-09
2631300484_be8621d17b.jpg,-1.237983065e-09
533483374_86c5d4c13e.jpg,-8.290133777e-09
210686241_b8e069fff3.jpg,6.702129873e-10
2890075175_4bd32b201a.jpg,2.201017625e-09
3182996527_70d9c323d5.jpg,4.843327617e-10
1313961775_824b87d155.jpg,-2.198971371e-09
1417941060_2a0f7908bc.jpg,4.064130545e-09
3173461705_b5cdeef1eb.jpg,1.455404554e-09
3339140382_2e49bc324a.jpg,-2.698961044e-09
3050606344_af711c726c.jpg,1.171181236e-09
103195344_5d2dc613a3.jpg,1.055875242e-08
3172369593_eb4d787ffb.jpg,5.541496421e-09
2930616480_7fd45ca79b.jpg,4.164413298e-09
3482879314_d3387e95b1.jpg,-7.436305765e-10
566446626_9793890f95.jpg,1.337174999e-09
3417662443_2eaea88977.jpg,-6.316285204e-09
174466741_329a52b2fe.jpg,-1.318275078e-09
2319175397_3e586cfaf8.jpg,1.797349219e-09
3564436847_57825db87d.jpg,8.042388828e-09
3494105596_f05cb0d56f.jpg,-3.703734958e-09
2283966256_70317e1759.jpg,-5.014393077e-09
429270993_294ba8e64c.jpg,-4.482431781e-09
540721368_12ac732c6c.jpg,-6.279745451e-09
312427606_defa0dfaa8.jpg,1.18966895e-09
3404906655_bc51c69c1e.jpg,2.828011712e-09
3217187564_0ffd89dec1.jpg,-4.101303319e-09
3383388869_a14552e551.jpg,-4.241149865e-09
523991446_65dbc5a4a5.jpg,-7.016280877e-09
2801146217_03a0b59ccb.jpg,6.155019415e-10
839295615_bb9baf2f95.jpg,-5.929368139e-09
2436081047_bca044c1d3.jpg,-1.282130336e-09
472396131_6e97068d93.jpg,-2.314403159e-10
3648160673_0c783236a6.jpg,3.445635735e-09
407569668_19b3f8eaf6.jpg,8.628076002e-10
3607405494_0df89110a6.jpg,9.55776119e-10
3666169738_a8c74cf745.jpg,-7.752468388e-09
3551447084_becc6a4666.jpg,4.221785518e-09
2182488373_df73c7cc09.jpg,-1.159787676e-09
2003663004_5b70920a98.jpg,6.108361031e-10
1797507760_384744fb34.jpg,5.683094788e-09
3372214646_cc2ceb182f.jpg,-2.960657088e-09
468930779_8008d90e10.jpg,-6.227938547e-11
3016178284_ec50a09e8c.jpg,1.195898267e-09
3077781040_bc27778609.jpg,-7.866685995e-09
3306951622_93b82cac21.jpg,-1.370318226e-08
1282392036_5a0328eb86.jpg,-3.028860689e-09
3459570613_3932816d3f.jpg,1.968610847e-09
2414397449_2ac3b78e0d.jpg,2.052840028e-09
3536561454_e75993d903.jpg,-2.287474692e-09
2191453879_11dfe2ba3a.jpg,-7.768794223e-09
2274602044_b3d55df235.jpg,-1.623297891e-09
2272426567_9e9fb79db0.jpg,2.399509229e-09
3312096605_f458757418.jpg,5.539634011e-09
3225998968_ef786d86e0.jpg,5.490490147e-09
2746072388_b127f8259b.jpg,4.57016371e-09
3722507770_0d6cb7420e.jpg,-9.074400701e-10
518144037_9a1754b2a6.jpg,3.384462289e-09
1056359656_662cee0814.jpg,1.720565783e-09
3177298173_78cea31d64.jpg,-5.697880205e-10
3654869593_c8599a8e20.jpg,-3.050887778e-09
772403830_08b72c7da9.jpg,-1.729307123e-09
450596617_ed37ec0fe4.jpg,6.991158997e-09
1425485485_d7c97a5470.jpg,2.776655943e-09
3088922727_4bdf2ccc94.jpg,1.584759292e-09
3558683579_8fb36b55a6.jpg,3.743076454e-09
3273091032_98f724b36b.jpg,-7.585397666e-09
1860543210_47e94cf652.jpg,1.501403748e-09
3334953664_a669038795.jpg,3.525099687e-09
2869765795_21a398cb24.jpg,-5.11082816e-09
3351370405_e417e38f52.jpg,-2.674661857e-09
566794440_f9ec673a2f.jpg,-4.27965689e-09
3392293702_ccb0599857.jpg,-5.545124322e-09
3567061016_62768dcce1.jpg,-1.332391877e-09
3015898903_70bebb8903.jpg,3.062517885e-09
1469000260_5d473c8283.jpg,8.404707595e-10
2517082705_93bc9f73ec.jpg,4.666421083e-09
3349194268_0ee555c9a2.jpg,3.030041266e-10
435739506_2daf7f4887.jpg,5.289896981e-09
319869052_08b000e4af.jpg,-1.015890936e-08
3208074567_ac44aeb3f3.jpg,-1.509377104e-09
2404488732_ca1bbdacc2.jpg,-3.640135685e-09
486917990_72bd4069af.jpg,-4.714530973e-09
3009644534_992e9ea2a7.jpg,-2.699057498e-09
310728631_155c3bbeea.jpg,3.636413604e-09
2665461736_595c87f0a3.jpg,3.438783361e-09
288177922_b889f2e1fe.jpg,-7.18187806e-09
2854959952_3991a385ab.jpg,-1.620728599e-09
1837976956_3c45d0f9b8.jpg,-1.600168738e-09
385835044_4aa11f6990.jpg,-1.486747933e-10
3264650118_be7df266e7.jpg,4.109779088e-10
3649224118_abe73c672c.jpg,-4.977372886e-10
2602083686_e8a1af69cf.jpg,-8.349795142e-09
374176648_ba4b88c221.jpg,1.554853536e-09
428796930_476a3d6395.jpg,5.098829715e-09
2088910854_c6f8d4f5f9.jpg,5.894834639e-09
459284240_5a4167bf92.jpg,1.682385462e-09
3394586927_eae7732b64.jpg,-5.901527661e-09
2502835694_4fe121bbea.jpg,-1.145031609e-09
2842032768_9d9ce04385.jpg,3.110649656e-09
2312747482_20a81b2230.jpg,-3.081737701e-09
3330333217_1a69497a74.jpg,-1.957811429e-09
2064792226_97e41d8167.jpg,-3.215092112e-10
3614595423_f9e0ab4fb0.jpg,-2.726948228e-09
2540750172_070250ece5.jpg,1.943792597e-10
2251747182_6b67a3ab8b.jpg,4.757248043e-09
3631136463_53ff624b82.jpg,2.158286261e-10
2497608431_8dfefc7a1a.jpg,-1.78135943e-09
1164131282_b30926f332.jpg,-2.276173087e-09
2089442007_6fc798548c.jpg,5.156411372e-09
2045023435_181854c013.jpg,-5.089327156e-09
451081733_40218cec31.jpg,3.025196374e-09
3701226275_952547ba0f.jpg,2.464223954e-09
3613242966_a1c63a0174.jpg,-2.031559583e-09
437054333_5c2761b8cd.jpg,7.060092462e-10
2198484810_50a893824a.jpg,-1.102064927e-08
166507476_9be5b9852a.jpg,-3.359888604e-09
3585495069_33cba06d0a.jpg,-3.115591913e-09
33108590_d685bfe51c.jpg,9.463333873e-10
3066491113_86569e15be.jpg,-3.382574488e-09
3091912922_0d6ebc8f6a.jpg,3.369747496e-09
2860667542_95abec3380.jpg,5.684067041e-09
1363843090_9425d93064.jpg,1.364754138e-09
2690538407_7ca157be85.jpg,-2.497864129e-09
3420469425_2980b4cd30.jpg,-3.32196847e-09
2666205903_8d287669e1.jpg,-1.780931179e-09
1280147517_98767ca3b3.jpg,-3.557400356e-10
55473406_1d2271c1f2.jpg,7.605785437e-09
1797554350_20998753c0.jpg,5.241871743e-09
3569667295_6e51db08ef.jpg,6.803804824e-10
3457572788_e1fe4f6480.jpg,1.530566055e-09
3409947123_a8d07edecf.jpg,2.678682828e-09
181157221_e12410ef0b.jpg,3.277235098e-10
3737539561_d1dc161040.jpg,-3.943639293e-10
2114355355_9d7e2d8178.jpg,-7.094671466e-09
536721406_884ab8fece.jpg,2.240115036e-09
1809758121_96026913bb.jpg,-7.443803487e-09
2473689180_e9d8fd656a.jpg,6.952299058e-09
2655183854_5852790214.jpg,3.403376432e-09
3624676866_8f6d0efcc9.jpg,1.356101082e-09
3551003620_0b02d76f65.jpg,1.178331529e-11
3451523035_b61d79f6a8.jpg,-3.91906572e-09
3072611047_109bf8b7c3.jpg,1.360446633e-09
3049649128_d83d847168.jpg,-3.022322169e-10
3155987659_b9ea318dd3.jpg,-2.102962681e-09
506343925_b30a235de6.jpg,1.686236484e-09
512031915_0dd03dcdf9.jpg,-1.313043504e-09
2686432878_0697dbc048.jpg,1.762172409e-10
1680126311_b92a2e8e72.jpg,7.218335965e-09
2543247940_083f1b7969.jpg,2.445118896e-09
2696394827_7342ced36f.jpg,6.232764406e-09
2899374885_f3b2b1a290.jpg,-6.005496662e-09
2611651553_61f859837e.jpg,1.608122001e-09
3103264875_2a8d534abc.jpg,-1.618351053e-08
2255338013_566127590b.jpg,-2.38919047e-10
2036407732_d5a0389bba.jpg,2.916683933e-09
1285067106_2adc307240.jpg,6.354292223e-09
2687328779_b4356dab16.jpg,-2.81006707e-09
3309082580_7228067ee0.jpg,7.098633986e-09
2189995738_352607a63b.jpg,7.968113122e-09
2857372127_d86639002c.jpg,-5.619843512e-09
397451339_76a84bd310.jpg,-5.903585634e-10
185057637_e8ada37343.jpg,-2.91535962e-09
3619381206_5bc8b406f9.jpg,9.489324527e-10
2738077433_10e6264b6f.jpg,-1.944677855e-09
583087629_a09334e1fb.jpg,1.42020904e-09
2596100297_372bd0f739.jpg,-5.359947595e-09
2212472643_80238475b5.jpg,1.106862427e-09
3304556387_203b9d4db0.jpg,4.383242189e-10
3189964753_a95536ced9.jpg,1.783943747e-09
2301379282_5fbcf230d1.jpg,3.953982389e-09
434938585_fbf913dfb4.jpg,3.097375641e-10
1801063894_60bce29e19.jpg,-1.846354958e-09
2471447879_6554cefb16.jpg,-6.68933962e-09
2853811730_fbb8ab0878.jpg,3.324550297e-09
504385521_6e668691a3.jpg,3.253247687e-09
3221128704_d1205db79b.jpg,-3.153618582e-09
2149982207_5345633bbf.jpg,-6.355277385e-09
241346794_4319f8af67.jpg,-5.531884839e-09
109823397_e35154645f.jpg,2.963017923e-09
3042380610_c5ea61eef8.jpg,3.306772792e-09
252802010_3d47bee500.jpg,-8.188274451e-10
1569687608_0e3b3ad044.jpg,2.517106229e-09
562928217_21f967a807.jpg,-3.274650646e-09
3441531010_8eebbb507e.jpg,3.576257634e-09
3707283973_5cdaa39340.jpg,2.012390124e-09
2298283771_fb21a4217e.jpg,-8.040227275e-09
3099694681_19a72c8bdc.jpg,2.821701956e-09
19212715_20476497a3.jpg,6.215035639e-10
3699763582_f28c5130dd.jpg,4.868909834e-09
745563422_f4fa7d9157.jpg,-7.780530893e-09
1550772959_9ca9fa625f.jpg,-5.760361345e-09
990890291_afc72be141.jpg,3.863748937e-09
2481490320_7978c76271.jpg,1.606282906e-08
432167214_c17fcc1a2d.jpg,5.637128316e-10
835415474_7b7f2a9768.jpg,-6.188224697e-09
2203449950_e51d0f9065.jpg,-1.266646401e-09
2273871383_1ddb3562ea.jpg,2.274164195e-09
3091580843_178042c50b.jpg,3.717328288e-09
3676788491_01e9bc5f15.jpg,2.421836238e-09
1003163366_44323f5815.jpg,-2.900961707e-09
3196995975_3e38eabf01.jpg,5.34696681e-09
2663794355_e726ec7e05.jpg,-6.464402927e-09
1056338697_4f7d7ce270.jpg,1.901581331e-09
2726301121_95a2fbd22b.jpg,3.451231738e-09
497122685_a51b29dc46.jpg,-2.48784995e-09
1819261140_6c022f4b1d.jpg,4.299550983e-09
3638318149_b60450bfbe.jpg,-8.084227581e-09
3222041930_f642f49d28.jpg,3.39499191e-10
2832076014_ff08c92037.jpg,-4.848335553e-09
2663248626_f000f2661d.jpg,3.046574238e-09
365759754_6cf7068c9a.jpg,-9.760073578e-10
3048821353_83d4c0cbb9.jpg,6.992582375e-09
1346529555_e916816cfe.jpg,-8.16350691e-10
109260218_fca831f933.jpg,-3.073875379e-10
3644941648_012ec87848.jpg,1.168581689e-08
1095580424_76f0aa8a3e.jpg,-1.56957929e-09
3486340101_ff01d8f3f9.jpg,-4.029935377e-09
2561849813_ff9caa52ac.jpg,5.199482748e-09
3281078518_630a7a7f4f.jpg,2.70815512e-09
1007129816_e794419615.jpg,2.049457537e-09
3293596075_973b0bfd08.jpg,-1.794081575e-10
3256275785_9c3af57576.jpg,8.4095299e-09
2269795781_46a296aa21.jpg,2.439351361e-09
3043908909_bb54d2c08e.jpg,-1.652735055e-09
3290465391_258429e2f9.jpg,-8.426116184e-09
2247138288_7355861203.jpg,-1.350887664e-09
3364861247_d590fa170d.jpg,-8.550154888e-09
2427558437_3e839056d7.jpg,2.636353193e-09
2712352554_1cafd32812.jpg,5.34037077e-09
367964525_b1528ac6e4.jpg,4.434216549e-09
3415646718_f9f4e23a66.jpg,2.636639499e-09
1067675215_7336a694d6.jpg,3.91519815e-09
3271252073_0a1b9525fc.jpg,-5.175305705e-09
3708177171_529bb4ff1d.jpg,4.570777368e-09
404216567_75b50b5a36.jpg,-7.823505244e-09
3286620180_4b00e93e8e.jpg,-2.329683986e-09
3726170067_094cc1b7e5.jpg,4.408880656e-09
2915538325_59e11276dd.jpg,-6.27569322e-09
2766325714_189bbff388.jpg,2.248329553e-09
401079494_562454c4d6.jpg,-9.423048095e-09
733964952_69f011a6c4.jpg,8.487784249e-10
3269087421_1d489abeae.jpg,-9.343939986e-10
799199774_142b1c3bb2.jpg,-5.539084989e-10
2573141440_28a762d537.jpg,2.602078294e-10
3150380412_7021e5444a.jpg,1.752257307e-10
2902269566_419d9f1d8e.jpg,5.439131436e-09
2281768510_9cc5728c55.jpg,2.810492966e-09
114949897_490ca7eaec.jpg,1.266680016e-09
3085667767_66041b202e.jpg,-5.581297984e-09
2635483351_bc1a8273aa.jpg,-3.673894374e-09
503090187_8758ab5680.jpg,-1.469390717e-09
3520079657_b828d96d50.jpg,2.588831936e-09
3005126574_49c28ffbee.jpg,-7.811928645e-09
2151056407_c9c09b0a02.jpg,-3.301037629e-09
3222250187_ef610f267e.jpg,2.538756322e-09
318070878_92ead85868.jpg,-2.112506187e-09
3658733605_fbcf570843.jpg,-2.205962189e-09
2854234756_8c0e472f51.jpg,-1.1162852e-08
282960970_574aa1ba49.jpg,3.197498424e-09
2209888959_d636b1be0b.jpg,5.278826488e-09
2570365455_41cc9a7d2b.jpg,-3.705717832e-09
2607383384_d9ce9de793.jpg,8.763574903e-09
253762507_9c3356c2f6.jpg,7.40807939e-10
3354330935_de75be9d2f.jpg,-5.717263378e-09
3027009366_c8362521e8.jpg,2.923992195e-09
2804851816_9aae9071ca.jpg,6.086514607e-09
358607894_5abb1250d3.jpg,-5.862134093e-09
294709836_87126898fb.jpg,2.941073661e-09
3504275465_604ce2ef34.jpg,-5.748993077e-09
3084018061_df66d98325.jpg,-3.66599187e-09
3119887391_212f379797.jpg,-3.823826929e-09
2238019823_79318d1f11.jpg,3.303350322e-09
3365602213_dd3287a633.jpg,-2.519156535e-09
3675685612_3987d91d92.jpg,-7.344662066e-09
408627152_1feaa4b94e.jpg,3.346430008e-09
752052256_243d111bf0.jpg,-1.868034146e-09
241346215_037e18403a.jpg,6.499905687e-09
3708748633_e7e3cf4e84.jpg,-4.29703811e-09
2836808985_b26e4ca09e.jpg,-2.308738964e-09
1445754124_647168f211.jpg,2.224053121e-09
2328104318_5a43ca170c.jpg,7.229226855e-09
3301438465_10121a2412.jpg,-3.988913677e-09
3021780428_497542a072.jpg,1.812460061e-09
241347271_a39a5a0070.jpg,-4.889514958e-09
489551372_b19a6ad0ed.jpg,-4.023058393e-09
2768662025_44001fe5d1.jpg,-2.025992872e-09
2845845721_d0bc113ff7.jpg,4.471059341e-09
2086534745_1e4ab80078.jpg,-3.611411198e-10
3335370208_460fc19bfa.jpg,-8.2679862e-09
2290330500_e7bdaa58e1.jpg,-4.08733523e-09
512045825_1be2083922.jpg,9.431445256e-10
509241560_00e5b20562.jpg,-2.97596424e-09
3476237185_9389c536a3.jpg,-2.261887757e-09
2694890967_7c7a89de16.jpg,4.429908038e-09
576093768_e78f91c176.jpg,5.695562897e-09
1528205014_1323aa9dfd.jpg,1.956025549e-09
3424605029_53078d3505.jpg,-4.853100453e-09
3025549604_38b86198f5.jpg,-1.850538384e-09
271770120_880e8d8e52.jpg,1.827338177e-09
2810412010_f8b3bc1207.jpg,3.941884232e-09
527946505_a51ade1578.jpg,-3.100060785e-09
537479916_c033897fac.jpg,1.794798831e-09
2903617548_d3e38d7f88.jpg,1.367533451e-09
145721496_687af9bb18.jpg,-3.286447e-09
3627076769_3b71e73018.jpg,-4.680418353e-09
3367758711_a8c09607ac.jpg,-2.606613545e-09
2380765956_6313d8cae3.jpg,-2.451470822e-08
3258391809_38fc6211f7.jpg,6.200688299e-09
3529314899_b4e533bb76.jpg,-2.06224652e-09
2844018783_524b08e5aa.jpg,-6.456331576e-10
2496236371_61dec88113.jpg,-7.359470744e-09
3078844565_16e9cdcea2.jpg,-3.420630447e-09
2466495935_623b144183.jpg,4.95864198e-09
2944193661_7b255af9cc.jpg,1.070292477e-08
2114126343_a0f74ff63b.jpg,-1.985864163e-09
3461677493_5bfb73038e.jpg,3.316187456e-09
2792195540_af5fb95caa.jpg,6.466411317e-09
1124448967_2221af8dc5.jpg,2.445216785e-09
3328535573_33c3cd5b59.jpg,-4.548775369e-10
3203908917_53e53c03d1.jpg,1.826257218e-09
1527513023_3d8152b379.jpg,4.746635294e-09
3353278454_2f3a4d0bbc.jpg,2.004100516e-09
369244499_752f0c1018.jpg,-1.52777978e-09
2795287622_da187a3e86.jpg,-4.433035898e-09
881725588_efabbcd96a.jpg,-4.672164668e-09
3631344685_ed0f3e091b.jpg,-1.614816592e-09
3490044563_8eb551ef59.jpg,6.058056065e-09
2619267133_53a5904ef4.jpg,5.422827375e-09
616045808_0286d0574b.jpg,-2.503006183e-09
2833560457_24aedf3bef.jpg,-5.971615929e-09
522652105_a89f1cf260.jpg,3.249855113e-09
766061382_6c7ff514c4.jpg,2.628433674e-09
2364394224_c17b09e035.jpg,4.572870866e-09
2681215810_00b0642f7b.jpg,3.617503268e-09
1526325728_74eb4153d8.jpg,-4.895619e-09
2871962580_b85ce502ba.jpg,3.198921937e-09
1224851143_33bcdd299c.jpg,-3.725185208e-09
3520199925_ca18d0f41e.jpg,6.082859913e-09
2350400382_ced2b6c91e.jpg,-4.331477926e-09
2826030193_4278ccb833.jpg,-1.808381482e-10
2752043092_f48ebfeaa2.jpg,-3.452321645e-09
3305767464_d64a336f60.jpg,4.555751852e-09
3159424456_f316bdc1d5.jpg,2.056757208e-09
3186412658_2ab2ebd397.jpg,-4.082200449e-09
2662537919_18a29fca8a.jpg,-1.002486285e-08
2832978253_8fcc72da3b.jpg,-1.063689027e-09
186346360_541047336f.jpg,-4.918442995e-09
2789937754_5d1fa62e95.jpg,-2.844004988e-09
3150742439_b8a352e1e0.jpg,-2.410627004e-09
1160034462_16b38174fe.jpg,1.563453857e-09
2986620935_e97763983d.jpg,5.375182507e-09
3527682660_c5e9fa644a.jpg,5.744835424e-09
2751567262_e089b33ed9.jpg,-3.637141322e-09
2169067981_cc19268f23.jpg,-4.501324299e-09
488196964_49159f11fd.jpg,2.722951742e-09
288880576_818b6ecfef.jpg,-4.894208333e-09
2667549961_57e5e2c0a5.jpg,2.755844478e-09
3540515072_8c951b738b.jpg,2.808730573e-11
496555371_3e1ee0d97d.jpg,-3.221578113e-09
3484820303_7be0e914b4.jpg,-1.162853333e-09
2490768374_45d94fc658.jpg,1.37476768e-09
2579460386_94c489028d.jpg,-6.314839939e-09
2927878881_90b42fc444.jpg,3.283938917e-10
1252396628_eb81d3905b.jpg,-5.957362631e-09
2298097636_c5de0079de.jpg,-2.804668274e-09
3596428453_8cfdec4869.jpg,3.435401588e-09
3423802527_94bd2b23b0.jpg,-6.166886309e-09
368393384_86defdcde8.jpg,1.204717282e-08
2471974379_a4a4d2b389.jpg,-5.170491395e-09
2704379125_9c35650d16.jpg,2.344855776e-09
1859941832_7faf6e5fa9.jpg,-5.242239442e-09
415118186_64defc96f3.jpg,-2.39992957e-09
3442844140_15aa45e9b8.jpg,-2.601139648e-10
1119463452_69d4eecd08.jpg,-3.509592868e-09
343218198_1ca90e0734.jpg,1.049125984e-08
3218481970_1fa627b3da.jpg,-5.512600093e-09
3321956909_7b5ddf500f.jpg,-2.498861473e-09
2390369143_6523253a73.jpg,1.886840524e-10
2272823323_3b7291cd47.jpg,-5.781401513e-09
649596742_5ba84ce946.jpg,-3.550063238e-09
3697378565_7060d9281a.jpg,3.315649811e-09
3019667009_20db160195.jpg,-3.541967783e-09
268654674_d29e00b3d0.jpg,7.185451789e-09
2251992614_0c601fae2c.jpg,-6.915295843e-09
262963190_a78b799e89.jpg,-1.23782022e-09
3627216820_4952bacbcb.jpg,3.037437252e-09
872622575_ba1d3632cc.jpg,4.077348469e-10
2322327298_7948338390.jpg,-5.953126391e-10
2039457436_fc30f5e1ce.jpg,1.33765275e-09
2987328689_96a2d814f1.jpg,-1.334328694e-09
2194495372_bdac7d9e71.jpg,7.342720399e-11
375392855_54d46ed5c8.jpg,-3.542571004e-09
2766291711_4e13a2b594.jpg,-9.148263652e-09
2746910139_77ba5be2c5.jpg,7.743431751e-09
3349307529_c1a516b9dc.jpg,6.285173351e-09
3282434895_1c1efc1475.jpg,9.635805556e-09
307327914_f98f576adb.jpg,5.847448928e-10
1947351225_288d788983.jpg,1.45664835e-09
2481598514_05a65d1f72.jpg,4.512176381e-09
1271960365_e54033f883.jpg,5.303066154e-09
2245916742_73af13c733.jpg,-2.813866343e-09
3357937209_cf4a9512ac.jpg,-2.741016291e-09
3474176841_cde2bee67c.jpg,9.119908325e-10
3381584882_341ee3092f.jpg,-5.72064124e-09
2460477085_088e25f857.jpg,4.639492159e-10
1141739219_2c47195e4c.jpg,-3.996580963e-09
3145967019_1a83ebf712.jpg,-1.75344132e-09
3577235421_69e4efb8d1.jpg,6.861444837e-09
1414820925_3504c394e1.jpg,-1.917766856e-09
3500505549_d848209837.jpg,7.350386603e-11
2635164923_2a774f7854.jpg,4.784266302e-09
2432061076_0955d52854.jpg,-2.569828112e-10
2384353160_f395e9a54b.jpg,-7.565863889e-09
3613030730_0b28b079ba.jpg,2.140009414e-09
3196100539_102fe877b3.jpg,7.903525581e-10
2825540754_5e0c13e6b8.jpg,6.554686662e-09
3407317539_68765a3375.jpg,-2.711621086e-09
1402859872_0fc8cf8108.jpg,3.868084305e-09
2452334314_a7c443a787.jpg,2.121918386e-10
1515883224_14e36a53c7.jpg,-4.218443812e-09
256283122_a4ef4a17cb.jpg,-6.59424903e-11
2784408839_53a25a21eb.jpg,3.052548594e-09
1427391496_ea512cbe7f.jpg,-2.703538256e-10
3025513877_1a6160070d.jpg,6.099150783e-10
3282897060_8c584e2ce8.jpg,3.352413341e-09
2272750492_91e8f67328.jpg,-2.127191779e-09
3415311628_c220a65762.jpg,6.224284129e-09
272156850_c4445a53f4.jpg,3.018988287e-09
2451285022_59255e7fd9.jpg,2.838664295e-10
3075068274_2a28a5263b.jpg,3.835285624e-09
2307451605_22e9c06530.jpg,-2.97029447e-09
2281075738_230892b241.jpg,4.411324254e-09
3231575742_31732664cf.jpg,-2.046964664e-09
2376694294_9a4ecc3b90.jpg,-9.357119653e-09
441817653_fbdf83060b.jpg,5.065288126e-09
3421789737_f625dd17ed.jpg,2.884105534e-09
2086513494_dbbcb583e7.jpg,1.156645199e-09
3544573946_e03aebbfde.jpg,6.901970342e-09
1425069590_570cc7c2d8.jpg,1.234298297e-09
259314892_a42b8af664.jpg,-2.383563397e-09
2518853257_02f30e282e.jpg,3.958622097e-10
260828892_7925d27865.jpg,-3.83865682e-10
3551170666_01df31412d.jpg,1.279427048e-09
260850192_fd03ea26f1.jpg,-1.731539223e-09
3550459890_161f436c8d.jpg,-6.520165181e-09
3347701468_bb0001b035.jpg,4.823605772e-09
2993167197_e5d0a73530.jpg,-2.734637145e-09
2544426580_317b1f1f73.jpg,2.170570486e-09
3183195653_11b66acb34.jpg,1.889610318e-09
3018847610_0bf4d7e43d.jpg,-1.574309257e-09
2755314937_1e974bf2b5.jpg,-4.914678444e-09
512163695_51a108761d.jpg,9.079269306e-10
2951092164_4940b9a517.jpg,4.398439682e-10
3569755200_cef7ee2233.jpg,4.155369451e-09
1448511770_1a4a9c453b.jpg,4.361423009e-09
505929313_7668f021ab.jpg,-4.112331526e-09
3170551725_1276644eab.jpg,-2.53159077e-09
2650485780_29d89268d7.jpg,-5.276201598e-09
1130017585_1a219257ac.jpg,3.367112924e-09
249394748_2e4acfbbb5.jpg,4.589167992e-09
2728813605_cfc943e1ab.jpg,-4.538166114e-09
724702877_f2a938766b.jpg,4.099607172e-09
3323528927_7b21081271.jpg,7.747941298e-09
3099965396_2a0018cb9e.jpg,-1.730126067e-09
3660361818_e05367693f.jpg,-3.138808579e-09
3339105374_cc41e0b7d7.jpg,3.631233551e-09
3595643050_d312e4b652.jpg,-6.245175233e-09
3583516290_1c87a13770.jpg,-3.168773508e-09
1294578091_2ad02fea91.jpg,7.189724774e-09
3523950181_414978964e.jpg,-1.324000848e-09
2934628301_41ea2e6cf9.jpg,-1.750327116e-09
2525716531_e6dedee421.jpg,-2.334960077e-09
94232465_a135df2711.jpg,-1.958581934e-10
2817230861_d27341dec0.jpg,-1.932823408e-09
1187593464_ce862352c6.jpg,1.967230144e-09
2465497494_43d74df57c.jpg,2.374411488e-09
3639684919_cb6fbf5638.jpg,1.225932974e-10
3293642024_e136b74a55.jpg,1.882733564e-09
162152393_52ecd33fc5.jpg,-3.511720842e-09
2815745115_c8479d560c.jpg,-4.663062272e-09
516648762_0cff84ea97.jpg,-4.13639404e-09
3355756569_b430a29c2a.jpg,4.503151772e-09
1564614124_0ee6799935.jpg,-8.495033393e-10
2877159456_ea4a46b0d2.jpg,-3.577611142e-10
3204712107_5a06a81002.jpg,-4.476715777e-09
2083778090_3aecaa11cc.jpg,5.058430316e-09
3501083764_cf592292a6.jpg,-3.031531628e-09
3394070357_cb2a3243fc.jpg,-7.685120983e-09
2066241589_b80e9f676c.jpg,-8.479786452e-09
2911928620_06c3fa293e.jpg,3.661709773e-09
481054596_cad8c02103.jpg,5.064471898e-10
953941506_5082c9160c.jpg,-6.068133414e-09
3517056462_483ee5a914.jpg,1.357654268e-10
3375014075_157388f8a9.jpg,-3.874218682e-09
3235076435_1eaa40bd0a.jpg,-6.021902468e-10
2505056124_1276e8dbcb.jpg,-2.445279054e-09
3209523192_05a4cef844.jpg,-4.283612138e-09
2064417101_3b9d817f4a.jpg,4.179619503e-09
2252123185_487f21e336.jpg,-5.298483404e-09
3255017708_2b02bfcdcf.jpg,1.183872062e-09
3101796900_59c15e0edc.jpg,4.149157063e-09
2650568697_ffb79bf2ea.jpg,2.093603148e-09
1312954382_cf6d70d63a.jpg,4.640521616e-09
3302804312_0272091cd5.jpg,-1.840761179e-09
3317145805_071b15debb.jpg,4.116895664e-09
2497074804_b4f3e7fd90.jpg,-4.113289616e-09
2629445284_83390e83af.jpg,1.254793273e-09
3726629271_7639634703.jpg,-8.749798943e-09
3470303255_fbb41b8dd0.jpg,-7.840826223e-10
2953015871_cae796b6e7.jpg,1.960915099e-09
3352531708_a65dd694b1.jpg,9.145332509e-09
2853205396_4fbe8d7a73.jpg,9.096108474e-10
2789648482_1df61f224a.jpg,-3.978374555e-09
2324979199_4193ef7537.jpg,-6.352070976e-09
2565350330_c7f305e7f7.jpg,-6.915530852e-09
2675190069_d5c3b2c876.jpg,3.661061129e-09
2030781555_b7ff7be28f.jpg,1.268593106e-09
3445428367_25bafffe75.jpg,-2.317581777e-09
3710971182_cb01c97d15.jpg,3.410191443e-09
245895500_a4eb97af02.jpg,4.875646948e-09
3185371756_ff4e9fa8a6.jpg,5.787297826e-09
3124964754_2e8a98fb09.jpg,1.914126546e-09
3111482098_11c0f4f309.jpg,-2.282813667e-09
2571096893_694ce79768.jpg,-8.761232937e-10
3383545083_1d7c95b003.jpg,1.037593266e-08
447111935_5af98563e3.jpg,-4.905432892e-09
2304374703_555195d8d5.jpg,2.679753475e-09
3320209694_db579cb607.jpg,-1.462750746e-09
3299820401_c2589186c5.jpg,-1.86345769e-09
2172526745_649f420569.jpg,-1.169059316e-10
3717531382_e1e05e22c5.jpg,5.994171273e-10
444047125_66b249287c.jpg,-3.64136308e-09
2228022180_9597b2a458.jpg,9.347643094e-09
2432709509_2a4d0c833f.jpg,-7.799348135e-09
2644916196_16f91dae54.jpg,8.560984856e-09
424506167_01f365726b.jpg,-3.219361235e-09
3517362674_0f5296de19.jpg,-6.836697809e-10
525968880_82623392d1.jpg,-5.043317635e-09
2949982320_c704b31626.jpg,2.645645713e-09
3476381830_3751dd9339.jpg,-1.218615535e-09
359173181_a75c950aeb.jpg,4.792896737e-09
518789868_8895ef8792.jpg,1.927682599e-09
2735792721_b8fe85e803.jpg,1.019350305e-08
2472678549_67068a1566.jpg,2.49209935e-09
1303727828_d1052ee341.jpg,6.07156784e-09
2501968935_02f2cd8079.jpg,1.74433497e-09
379006645_b9a2886b51.jpg,-1.867551668e-09
3423249426_02bedf9260.jpg,-6.362358485e-09
84713990_d3f3cef78b.jpg,5.29558175e-09
148512773_bae6901fd6.jpg,1.748513915e-09
3304712466_18cbdb85fe.jpg,2.976775711e-09
1801188148_a176954965.jpg,4.633812954e-09
2764732789_1392e962d0.jpg,-6.828223868e-09
1142283988_6b227c5231.jpg,-4.498415427e-09
3330102093_1d6e35e78d.jpg,-2.802098952e-09
2094810449_f8df9dcdf7.jpg,4.564587691e-09
2851198725_37b6027625.jpg,9.371069637e-11
3451344589_6787bd06ef.jpg,-2.398563428e-09
3007214949_a4b027f8a3.jpg,9.962989411e-10
3499720588_c32590108e.jpg,5.866492009e-09
2423085253_6c19149855.jpg,-4.244420637e-09
488089932_c3a5fa4140.jpg,-7.991918411e-09
2976684095_ce7ccfd423.jpg,4.513057873e-09
2458862292_466a920ee2.jpg,-8.138190918e-10
3419197575_aa5b84a9f0.jpg,3.54650996e-09
146577645_91b570c0d0.jpg,4.929158731e-09
1067180831_a59dc64344.jpg,2.747348287e-09
3242808166_8638150274.jpg,-6.199177873e-11
2126950128_74a4882658.jpg,-1.000949021e-09
1467533293_a2656cc000.jpg,-2.552707608e-09
1389264266_8170bc1c54.jpg,-2.864579965e-09
3393035454_2d2370ffd4.jpg,1.350793947e-09
3512033659_7e8a0c2ffa.jpg,-8.739879877e-10
3328646934_5cca4cebce.jpg,3.797910847e-09
3420260768_26a600b844.jpg,3.766359499e-10
3658016590_f761e72dc3.jpg,-5.001741526e-09
3681324243_b69fa90842.jpg,9.206179514e-09
3475552729_a3abd81ee6.jpg,5.822195575e-09
3211029717_2affe6bbd5.jpg,4.424528164e-09
3636632926_09f39f2629.jpg,7.120146612e-09
447800028_0242008fa3.jpg,-3.87181297e-09
3248220732_0f173fc197.jpg,-3.187956165e-09
2695961935_a2a6338f26.jpg,1.839182104e-10
2410153942_ba4a136358.jpg,1.308477063e-09
2444741900_5cb3ef3e1d.jpg,5.634298818e-09
3667318593_fa1816b346.jpg,-5.100840968e-10
3442978981_53bf1f45f3.jpg,-2.620476494e-09
339822505_be3ccbb71f.jpg,7.064656227e-09
2598979962_c01811cfca.jpg,-4.836518007e-09
444872454_9f51e07f88.jpg,3.860767136e-09
345684566_235e8dfcc1.jpg,-1.79712663e-09
241346146_f27759296d.jpg,-8.772413682e-10
537758332_8beb9cf522.jpg,-1.897232726e-09
241345639_1556a883b1.jpg,2.888577443e-09
2899501488_90d5da5474.jpg,2.004546655e-09
475313618_bdb2f72be5.jpg,-4.370373833e-09
313051099_1bb87d6c56.jpg,5.458555675e-09
3517127930_5dbddb45f6.jpg,2.806002038e-09
3356369156_074750c6cc.jpg,2.955226352e-09
290982269_79fc9f36dc.jpg,-1.512651169e-09
1994416869_4dd769a806.jpg,-6.659630269e-09
3287963317_186491ee78.jpg,-4.916003861e-09
3367851138_757d6bd2ef.jpg,-5.258182949e-09
3046259614_614394e024.jpg,-2.754645904e-09
3325157569_8084ab3293.jpg,-2.320553745e-09
3709030554_02301229ea.jpg,2.192003637e-09
314940358_ec1958dc1d.jpg,4.344773212e-09
632251903_b36701a5e9.jpg,-3.390410618e-12
2622517932_57c52c376f.jpg,2.921380619e-09
3497237366_366997495d.jpg,-1.845753344e-09
3759230208_1c2a492b12.jpg,-1.101961092e-09
432248727_e7b623adbf.jpg,-2.661866501e-09
3064716525_b8418d4946.jpg,-1.693578643e-09
390986651_c801db91a0.jpg,-3.712142856e-09
195084264_72fb347b0f.jpg,-7.253378454e-09
2774554310_007e980a90.jpg,5.965544921e-09
2542415282_9240e1b5fc.jpg,6.085458897e-09
256439287_990ac4a761.jpg,2.937057878e-09
3614582606_16bd88dab2.jpg,3.701658703e-10
2655196158_5c878a4af0.jpg,5.437829924e-09
3715469645_6d1dc019b3.jpg,2.483093758e-09
381275595_b429fd1639.jpg,-6.974444508e-10
3349309109_4024a09a17.jpg,1.450777754e-09
381239475_044cbffa2b.jpg,4.578031324e-09
3639617775_149001232a.jpg,-4.067716934e-09
2647229826_e0e0c65ef1.jpg,2.642912578e-09
2762301555_48a0d0aa24.jpg,-6.15692467e-09
2957071266_1b40ec7d96.jpg,5.812187151e-10
2884400562_e0851014fc.jpg,6.610800025e-09
529101401_ab1f6b1206.jpg,-3.285269196e-09
2872743471_30e0d1a90a.jpg,-5.595684811e-09
1285874746_486731a954.jpg,1.839660142e-09
3030793171_55cd646eed.jpg,1.034572149e-09
3369354061_2bab79f91f.jpg,2.986145899e-10
2901074943_041aba4607.jpg,-2.738138991e-09
219070971_ae43410b9e.jpg,-3.040679654e-09
3175712926_5a470d0886.jpg,-6.132216275e-09
2508249781_36e9282423.jpg,3.504332815e-09
3710176138_fbfe00bd35.jpg,9.060961672e-09
3713177334_32f3245fd8.jpg,-1.30551444e-08
3291255271_a185eba408.jpg,2.296783829e-09
3524612244_64f00afec5.jpg,-6.923330143e-11
2792409624_2731b1072c.jpg,1.515205082e-09
2089555297_95cf001fa7.jpg,-3.97030994e-09
496606439_9333831e73.jpg,-9.316135023e-10
2558312618_13d362df66.jpg,2.016506493e-09
3148286846_40ae914172.jpg,-2.763739359e-09
3523972229_d44e9ff6d7.jpg,5.963009887e-09
3318995586_c2bc50b92e.jpg,-3.483056359e-09
410453140_5401bf659a.jpg,-3.52887906e-09
2932519416_11f23b6297.jpg,1.288061487e-09
3107889179_106d223345.jpg,-1.225501941e-09
3560081723_62da0035bd.jpg,-8.064783227e-09
3208553539_2bf6c6d162.jpg,1.586471045e-09
3559425864_0462d7613f.jpg,-2.030198925e-09
3240014971_ee2ea8406f.jpg,2.075497713e-10
640506101_ae1145b6d1.jpg,-5.809030659e-09
3555729342_cc7a3b67fd.jpg,-3.421490028e-09
2836864045_9a093cfd65.jpg,7.334408689e-09
2743652730_d909c7ae82.jpg,9.0741981e-11
95734038_2ab5783da7.jpg,-5.049147026e-09
540338917_57069687be.jpg,-1.235780872e-09
2067833088_04e84e5bf2.jpg,-1.828876366e-09
1383840121_c092110917.jpg,2.11291077e-09
3024022266_3528c16ed8.jpg,-1.301669455e-09
1682079482_9a72fa57fa.jpg,-3.451726379e-09
3444684583_6656e38088.jpg,-5.868243812e-09
241109594_3cb90fe2a3.jpg,-7.189522001e-09
468871328_72990babd4.jpg,4.061279089e-09
3760400645_3ba51d27f9.jpg,-3.614941003e-09
3295452057_0c987f895f.jpg,4.426121466e-09
3042405316_ba3a01926b.jpg,7.3170837e-09
2065309381_705b774f51.jpg,8.243200093e-10
2384147448_c1869070d3.jpg,-3.427143484e-10
2529205842_bdcb49d65b.jpg,3.4284554e-09
3415178926_909db9400b.jpg,-2.769505888e-09
252846811_7b250935a7.jpg,6.540203687e-09
2450486758_a66fd296ea.jpg,-7.003029705e-09
3353036763_4cbeba03b2.jpg,7.973820813e-10
3667492609_97f88b373f.jpg,6.742824657e-09
3019473225_8e59b8ec4e.jpg,-2.252964753e-09
2911552402_5166bc173b.jpg,-2.952286191e-09
3123351642_3794f2f601.jpg,-5.484026286e-09
263231469_e85c74f5fd.jpg,-4.578670435e-09
3386893620_5f0bb4e794.jpg,-9.118207241e-10
3628994466_a12065d29b.jpg,-5.57477181e-09
2841449931_84a05850ec.jpg,-3.110217564e-09
2052953131_30834196fb.jpg,1.092170562e-09
3130093622_362f32f2bb.jpg,-6.001011313e-09
256444892_efcb3bd824.jpg,5.998806759e-09
3608400551_d6f7965308.jpg,3.425564358e-09
2119660490_ce0d4d1f73.jpg,-7.652576208e-09
3665549027_d7fb05d157.jpg,-5.122891718e-10
3442138291_3e75f4bdb8.jpg,2.740750875e-10
292887910_f34ac101c8.jpg,-5.295222027e-09
3522000960_47415c3890.jpg,3.942738302e-09
375384566_254c2362d4.jpg,-5.514022891e-10
2303356248_65dd6aba6f.jpg,-8.350225489e-09
3483140026_e14f64fdf5.jpg,3.871913015e-09
3716272233_7845ec5b3e.jpg,-3.395550497e-09
3556037801_3992ce6826.jpg,-1.740592654e-09
2616673985_fa4354cc53.jpg,-3.026392084e-09
337647771_3b819feaba.jpg,2.747792319e-09
3589052481_059e5e2c37.jpg,-4.172143334e-09
2990471798_73c50c76fb.jpg,2.060967057e-09
3631986552_944ea208fc.jpg,2.810577976e-09
2735979477_eef7c680f9.jpg,-3.762737223e-09
522486784_978021d537.jpg,3.476676663e-09
2994107810_af56326389.jpg,-8.8978923e-10
1479124077_17dcc0d5d7.jpg,2.731100874e-09
1096097967_ac305887b4.jpg,4.97085769e-09
233242340_09963100a3.jpg,2.383812371e-09
3591094476_b61acd63d6.jpg,2.43645909e-09
2925760802_50c1e84936.jpg,1.992058476e-09
289860281_94d699f36d.jpg,2.113245536e-09
2396691909_6b8c2f7c44.jpg,-1.869119528e-09
515702827_be3c6ce857.jpg,1.5816576e-09
2929506802_5432054d77.jpg,-3.883271672e-09
3498997518_c2b16f0a0e.jpg,-5.916720907e-09
3461437556_cc5e97f3ac.jpg,6.280884404e-09
58363928_6f7074608c.jpg,8.12227165e-10
3320411267_df70b90501.jpg,-4.055993219e-09
2308108566_2cba6bca53.jpg,-1.680956466e-09
2077346067_0a3a5aae65.jpg,5.405990506e-09
3337332770_5eda5cceb7.jpg,1.482910791e-09
2666179615_f05a9d8331.jpg,-3.185530011e-09
3506869953_802f463178.jpg,4.47614358e-09
3490736665_38710f4b91.jpg,-2.663601299e-09
2453971388_76616b6a82.jpg,5.048465682e-09
535399240_0714a6e950.jpg,-4.214512809e-09
3701291852_373ea46bb6.jpg,1.012377779e-08
344841963_8b0fa9784c.jpg,-7.258812184e-09
1813597483_3f09d2a020.jpg,-1.914379386e-10
2777021428_0b2ac3e987.jpg,5.831646253e-09
1542033433_5453d4c466.jpg,-2.239598361e-09
215876547_fa584c5ec3.jpg,3.034178694e-09
2256218522_53b92bcbb2.jpg,-5.938321788e-09
3694555931_7807db2fb4.jpg,3.27869112e-09
485738889_c2a00876a6.jpg,2.755630786e-09
3030079705_0dee8a3e89.jpg,5.861786881e-09
2946016853_ceca4f5a07.jpg,-9.895947196e-10
3644142276_caed26029e.jpg,9.390942044e-10
3296150666_aae2f64348.jpg,-4.625921844e-09
2843695880_eeea6c67db.jpg,-2.301827263e-09
2657301826_aab4c36e6c.jpg,1.90028234e-10
2531837969_6f28637811.jpg,7.390792088e-09
2407470303_6fd5e3600d.jpg,1.15249075e-08
1434607942_da5432c28c.jpg,3.182911997e-09
543007912_23fc735b99.jpg,-1.320970781e-09
3054200086_657d4398e8.jpg,3.006675554e-09
2164363131_6930455d45.jpg,1.558245111e-11
3471117376_40585c3fd1.jpg,2.246470611e-10
374103966_2987706be1.jpg,3.388929157e-09
3229730008_63f8ca2de2.jpg,-5.826722794e-09
2646046871_c3a5dbb971.jpg,2.240002017e-09
390992102_67fa31b22f.jpg,8.06689897e-09
3070713991_8696796937.jpg,-3.876957784e-10
2905948395_ca3e6b3c9a.jpg,-1.107214634e-09
3477977145_4df89d69a1.jpg,5.457149265e-09
3213992947_3f3f967a9f.jpg,-1.806798441e-09
531055369_936fd76a63.jpg,-4.309311566e-09
716597900_b72c58362c.jpg,7.151100886e-09
3056530884_27766059bc.jpg,7.622846934e-09
1316247213_1d2c726dd5.jpg,-1.054350214e-08
1377668044_36398401dd.jpg,3.939434751e-10
3457856049_2de173e818.jpg,1.616079052e-09
1509786421_f03158adfc.jpg,-4.462522454e-09
3468130925_2b1489d19a.jpg,-9.463797616e-10
399679638_d3036da331.jpg,-1.214575464e-11
3677329561_fa3e1fdcf9.jpg,-3.161683859e-09
3679341667_936769fd0c.jpg,4.602071061e-10
3534668485_6887629ff0.jpg,1.23308956e-09
3446347599_0ecc49a9d5.jpg,-1.123324594e-09
2277081067_d2b4c98bce.jpg,-3.144287604e-10
2255342813_5b2ac6d633.jpg,-9.318279149e-10
2520255786_b70a3ec032.jpg,1.913992594e-09
2318659263_c24005a5cb.jpg,-6.909046953e-09
2976537455_f3988c2d46.jpg,3.508338002e-09
507758961_e63ca126cc.jpg,1.503642049e-09
2699733386_c346c87ea6.jpg,6.636191934e-10
2878578240_caf64c3b19.jpg,8.586909025e-10
1569562856_eedb5a0a1f.jpg,-1.050880506e-09
2257631407_1529b9db39.jpg,9.929690715e-10
3376972502_35e3e119cd.jpg,2.190286337e-09
3655773435_c234e94820.jpg,6.621893963e-10
3694219419_a7a83d4886.jpg,4.21068871e-10
3294209955_a1f1e2cc19.jpg,4.509946734e-09
3653764864_225958c9c1.jpg,-7.54940722e-10
2531531628_b4a5041680.jpg,-2.525633378e-09
2895966469_53e0b29295.jpg,1.761024331e-09
449352117_63c359c6e7.jpg,3.980276422e-10
3518334317_bc40bae18d.jpg,-2.358962343e-09
3590647207_2d4ec3f52c.jpg,2.556183666e-09
3247052319_da8aba1983.jpg,-5.850793483e-09
527272653_8a5bd818e5.jpg,-4.304886174e-09
662606040_8cc8cd9f1b.jpg,-4.270529226e-09
488416045_1c6d903fe0.jpg,1.014745606e-08
3119875880_22f9129a1c.jpg,2.763596958e-09
155221027_b23a4331b7.jpg,-1.091661461e-09
3527926597_45af299eee.jpg,-2.813071884e-09
3503471307_464a8f588c.jpg,7.288809572e-09
241347441_d3dd9b129f.jpg,1.309149352e-09
2140747429_62cfd89ae9.jpg,5.675716896e-09
3270083123_fcc1208053.jpg,-9.0341766e-09
3688797852_89ed3cb056.jpg,1.114677922e-09
2441815792_43565b1312.jpg,6.702027972e-11
624742559_ff467d8ebc.jpg,2.493212673e-09
3677964239_6406ed096f.jpg,-2.482148078e-09
2708176152_1634cb754d.jpg,-1.956780347e-09
2707835735_6537b27e8f.jpg,2.153457193e-09
3169394115_2193158cee.jpg,-3.741868754e-09
2908859957_e96c33c1e0.jpg,1.368394186e-09
3437147889_4cf26dd525.jpg,-2.975999126e-09
2255266906_8222af18b9.jpg,2.202148413e-09
3395173129_f0ac0a1ed4.jpg,-1.741999781e-09
2414986483_004936f84b.jpg,1.876799973e-09
1926129518_4350f4f552.jpg,-2.253355499e-09
2509824208_247aca3ea3.jpg,-5.703586055e-09
3116379964_86986750af.jpg,5.618913311e-09
3611603026_9112b0c53f.jpg,-2.617632219e-09
1398606571_f543f7698a.jpg,-3.075394909e-09
3514188115_f51932ae5d.jpg,-3.719594418e-09
2701487024_e866eb4550.jpg,-1.759366088e-09
2296166785_292a4e9f4c.jpg,3.037186392e-09
2056042552_f59e338533.jpg,-1.408466054e-09
3353962769_ba48691bc6.jpg,-4.803859122e-09
2887103049_a867e74358.jpg,3.631076373e-09
3528251308_481a28283a.jpg,4.01165874e-10
3715559023_70c41b31c7.jpg,2.750490276e-09
432490118_54a9c0e500.jpg,-5.848670544e-09
2310233145_910cb5b4c8.jpg,4.330903372e-09
535249787_0fcaa613a0.jpg,-4.914758307e-09
2915183095_4ed4aa4f37.jpg,7.957341301e-11
3458434150_2b0d619244.jpg,4.183886783e-09
3298199743_d8dd8f94a0.jpg,-1.524624163e-09
1479513774_70c94cf9d3.jpg,-5.824867542e-10
2470519275_65725fd38d.jpg,3.391871448e-09
3508882611_3947c0dbf5.jpg,3.075035261e-09
3612485611_12dd7742f7.jpg,1.017027988e-09
1332208215_fa824f6659.jpg,-2.3937236e-09
1474474514_b3eb492722.jpg,1.32283118e-10
818340833_7b963c0ee3.jpg,-2.587324942e-09
3463268965_f22884fc69.jpg,-1.658705708e-10
2623930900_b9df917b82.jpg,-3.754553372e-09
2988439935_7cea05bc48.jpg,-2.446431679e-09
3697379772_40d831392b.jpg,4.154805497e-09
2512682478_b67cc525c7.jpg,-1.626495391e-09
3339263085_6db9fd0981.jpg,-2.493496619e-09
420355149_f2076770df.jpg,3.396159319e-09
349889354_4b2889a9bd.jpg,4.267610745e-10
2651915425_7a58e862e9.jpg,-1.895893775e-09
691770760_48ce80a674.jpg,5.43529908e-09
3334300164_e75e0479ae.jpg,3.684477199e-10
3246190363_68d903bfcb.jpg,-4.379858139e-09
2095078658_c14ba89bc2.jpg,2.305263547e-09
2282522980_45cfa8e0cf.jpg,2.843434975e-09
2714674623_8cd05ac114.jpg,-8.594877545e-09
880220939_0ef1c37f1f.jpg,3.484633631e-09
407678652_1f475acd65.jpg,-6.018538806e-09
440737340_5af34ca9cf.jpg,6.648613311e-09
3425069551_aba046a1b6.jpg,4.198529837e-09
460350019_af60511a3b.jpg,2.899384237e-09
2807209904_389d81f33a.jpg,3.346012065e-09
537225246_dd0e2158a7.jpg,1.343945954e-10
1812525037_528465037c.jpg,4.877811098e-09
3159641529_c2c74f3eaf.jpg,1.46121192e-09
2898810636_84fb5c0b63.jpg,1.522483055e-09
452345346_afe1248586.jpg,2.119035559e-10
1277743944_f4e8c78403.jpg,-5.96653834e-10
3568065409_1c381aa854.jpg,3.27751929e-09
3278189732_f750cb26b7.jpg,-2.821152543e-09
3040051410_6205682ba3.jpg,-9.535214509e-10
2396025708_e4a72e2558.jpg,1.078136589e-09
2465441099_a1761a1757.jpg,1.287645208e-09
3413806271_17b7e102aa.jpg,6.459685759e-09
501520507_c86f805ab8.jpg,-3.476972618e-09
2206403470_8c25aa3cf8.jpg,-1.330411764e-09
3048461682_e89f81b1c7.jpg,1.66180947e-09
2092419948_eea8001d0f.jpg,6.300821701e-09
3143980056_7a64a94b58.jpg,5.160421826e-10
391579205_c8373b5411.jpg,1.759336642e-09
432496659_f01464d9fb.jpg,1.496014399e-09
3148571800_c5515e6c3d.jpg,-2.446257501e-09
3006926228_cf3c067b3e.jpg,-1.703500341e-09
3368569524_a9df2fc312.jpg,6.178068482e-10
3673970325_4e025069e9.jpg,2.860426831e-09
394161692_2576920777.jpg,-4.477312144e-09
2148916767_644ea6a7fa.jpg,3.382688229e-10
3335097235_538f4777c3.jpg,-7.826064861e-09
2553188198_da1123a723.jpg,2.183540169e-09
96985174_31d4c6f06d.jpg,3.374122359e-09
2982881046_45765ced2c.jpg,-1.643630529e-09
2966190737_ceb6eb4b53.jpg,1.207546915e-09
3601491447_a338875b51.jpg,7.569643384e-11
2763044275_aa498eb88b.jpg,-2.201673599e-09
3589368949_0866846949.jpg,-2.486799438e-10
3360930596_1e75164ce6.jpg,-4.935969927e-09
3004290523_d1319dfdb4.jpg,-5.584261799e-11
2451114871_8617ae2f16.jpg,-2.011611615e-10
2194494220_bb2178832c.jpg,-3.352153572e-09
1132772170_600610c5df.jpg,-5.115813154e-09
2109911919_af45b93ef3.jpg,-1.78071755e-09
3408130183_f038bdaa4f.jpg,-4.665310068e-09
2552438538_285a05b86c.jpg,1.355467121e-09
3094317837_b31cbf969e.jpg,5.605295878e-10
763577068_4b96ed768b.jpg,9.210830307e-10
1803631090_05e07cc159.jpg,3.179974225e-09
252504549_135b0db5a3.jpg,-3.847818765e-09
1732436777_950bcdc9b8.jpg,-7.981016872e-09
244571201_0339d8e8d1.jpg,-4.928622974e-09
2998185688_8d33e4ce38.jpg,4.238714969e-09
2446601467_a35841cb1d.jpg,1.219692936e-09
264859622_f3a00ab409.jpg,1.215320773e-09
2427490900_5b7a8874b9.jpg,4.486246503e-09
2613889835_6f50a3b83b.jpg,-3.949709771e-09
2233426944_0959835ced.jpg,3.977827057e-09
485357535_b45ba5b6da.jpg,-6.028631823e-10
3443326696_fe0549c5be.jpg,-1.949956037e-09
2345984157_724823b1e4.jpg,6.870528399e-10
3270691950_88583c3524.jpg,-4.615573561e-09
3413019648_e787f0cb88.jpg,-1.849722203e-09
3751594676_edfbfa0688.jpg,1.180739641e-09
3537806062_c50d814aba.jpg,2.039509456e-09
3613585080_36629d8157.jpg,-4.843179041e-09
2631625732_75b714e685.jpg,2.314802813e-09
3541162969_68fa4a60df.jpg,7.795291333e-10
997722733_0cb5439472.jpg,2.944844504e-09
3415809168_af9dabdba5.jpg,-6.101526105e-09
3661239105_973f8216c4.jpg,1.069209995e-08
3229519418_040f05ced1.jpg,-9.365140301e-09
753285176_f21a2b984d.jpg,-2.669208621e-09
2303426046_09cfd7bc4e.jpg,-7.606394272e-09
2867845624_22e4fe0a23.jpg,9.766464272e-13
2752341621_54490b9b09.jpg,1.042391083e-08
2891185857_54942809cf.jpg,-2.904704176e-09
3341084434_db5e7d1fdc.jpg,8.720141707e-10
2162564553_96de62c7e6.jpg,-1.016506827e-09
3172280520_e7655fb596.jpg,-6.017026332e-10
2797185895_4d9e1e9508.jpg,1.164681647e-08
965444691_fe7e85bf0e.jpg,1.910969574e-09
3057618932_3b80ae85de.jpg,-1.056146716e-09
788126442_086334f0cf.jpg,1.075183089e-09
334768700_51c439b9ee.jpg,1.541654702e-09
3341961913_9a9b362f15.jpg,3.696150927e-09
3618932839_acd7d2c2ea.jpg,-4.200619601e-09
3497234632_6ec740fc1e.jpg,3.078093301e-09
2541901399_0a57f4cc76.jpg,-4.479420545e-09
3356938707_d95ba97430.jpg,-6.82001143e-09
2471297228_b784ff61a2.jpg,-4.322103964e-09
3488087117_2719647989.jpg,-1.191198244e-09
2186367337_0ce9ce2104.jpg,-1.422285181e-09
3427540832_c882fded1d.jpg,3.02328566e-10
2220175999_081aa9cce8.jpg,-7.149837911e-09
2066271441_1f1f056c01.jpg,-8.243177394e-09
2591603141_33d6397e0a.jpg,2.31608141e-09
118187095_d422383c81.jpg,-2.860590353e-10
1810651611_35aae644fb.jpg,4.055958173e-09
2170222061_e8bce4a32d.jpg,2.021916915e-09
1055623002_8195a43714.jpg,1.007104326e-09
3183195185_cd0ff994a1.jpg,-5.782697386e-09
3136674757_57406c305c.jpg,2.731709573e-11
3070130228_67dcfee9ae.jpg,-2.8612975e-09
1398613231_18de248606.jpg,-4.066537426e-09
3430287726_94a1825bbf.jpg,2.876888811e-09
1286408831_05282582ed.jpg,2.740434979e-09
237547381_aa17c805e0.jpg,1.30162116e-09
3638374272_444f5e0457.jpg,3.128568122e-09
2315867011_fc5fc9fa6d.jpg,-5.197233602e-09
2864634088_d087494dff.jpg,-2.945155503e-09
2695093520_5cfeb0729d.jpg,4.580814356e-09
571507143_be346225b7.jpg,-2.728565851e-09
3601569729_bf4bf82768.jpg,4.935154609e-10
3725202807_12fbfdd207.jpg,4.358967107e-09
2466171100_5e60cfcc11.jpg,-3.453807829e-09
1764955991_5e53a28c87.jpg,-2.066202618e-09
3649916507_b88a3d2082.jpg,3.416172696e-10
3432730942_4dc4685277.jpg,-2.136713586e-10
782017931_75d92bb7a4.jpg,9.868241994e-09
2211593099_4a4f1c85d2.jpg,-2.823265227e-09
2929272606_2a5923b38e.jpg,-1.050047163e-09
3174453534_fcc927c647.jpg,3.240713382e-09
383223174_7165a54c30.jpg,-6.539573902e-10
3339768802_8ab768558a.jpg,-1.008439113e-09
2511019188_ca71775f2d.jpg,-1.015984659e-08
3224904543_679fe05c41.jpg,5.309366713e-10
2471493912_2d4746b834.jpg,2.09097364e-09
3029928396_99ac250788.jpg,-6.573163624e-10
633456174_b768c1d6cd.jpg,-2.166603349e-09
3162045919_c2decbb69b.jpg,5.0951661e-09
390987167_2d5905b459.jpg,5.757360153e-09
3613264553_97b687f172.jpg,2.050005507e-09
336460583_6c8ccb7188.jpg,3.460522881e-09
441921713_1cafc7d7d2.jpg,-8.592205057e-09
3507076266_8b17993fbb.jpg,-3.927965981e-09
967719295_3257695095.jpg,-5.005287734e-10
214543992_ce6c0d9f9b.jpg,-1.548001652e-09
2417341107_97dbab9c5e.jpg,-5.164107983e-10
2275253272_00f941366e.jpg,2.619789238e-09
3449114979_6cdc3e8da8.jpg,9.378824672e-09
1118557877_736f339752.jpg,5.500486183e-09
642987597_03b21a1437.jpg,5.710238387e-09
3077166963_fe172c709d.jpg,7.0201703e-10
2805873509_4f68afc4b4.jpg,-3.015311135e-09
3729405438_6e79077ab2.jpg,-5.37585967e-09
431282339_0aa60dd78e.jpg,-1.866371743e-09
1679565118_d36f0d6d52.jpg,-8.251330832e-10
2337757064_08c4033824.jpg,9.373525713e-10
2950905787_f2017d3e49.jpg,1.742023526e-09
3628017876_4ac27e687b.jpg,-4.699399353e-09
3127629248_a955b5763b.jpg,4.918827964e-09
3005124440_c096b310fb.jpg,-1.222798413e-09
2780031669_a0345cfc26.jpg,1.630795675e-09
2894008505_a445ccaaff.jpg,-5.69035077e-10
3437034427_6df5e9fbf9.jpg,-4.23427236e-09
3635911776_dbc2763f2c.jpg,8.716409079e-09
350588129_6aef7b7fe2.jpg,3.809770324e-09
2952141476_fc9a48a60a.jpg,1.754364123e-09
2381102729_12fc4d4c76.jpg,-7.470464078e-09
481827288_a688be7913.jpg,2.90566456e-09
2272489996_95b0a62d15.jpg,2.20289502e-10
303607405_f36edf16c6.jpg,7.029180852e-09
2476214153_99a3998509.jpg,2.436816655e-10
816084977_21c1811c9a.jpg,4.971924221e-09
2752331711_cb18abba5a.jpg,3.022832447e-09
2700147489_f1664f2b61.jpg,-4.726977045e-09
143684568_3c59299bae.jpg,9.192683753e-10
3465000218_c94e54e208.jpg,1.96602596e-10
3189002057_3ef61b803e.jpg,2.214133682e-09
3427233064_6af01bfc5c.jpg,1.519516445e-09
247706586_7e25c7adf8.jpg,2.977810473e-09
2260649048_ae45d17e68.jpg,3.513440891e-10
254527963_3f5824b0e8.jpg,8.267179164e-09
443885436_6e927e6c58.jpg,2.325688121e-09
2094323311_27d58b1513.jpg,-3.273312406e-10
757133580_ba974ef649.jpg,-2.069262232e-09
2723477522_d89f5ac62b.jpg,3.180607886e-09
3259666643_ae49524c81.jpg,-4.499417776e-09
3559374748_f18c7caa55.jpg,-7.499808051e-09
2714703706_d21c5cb8df.jpg,1.29606376e-09
2759860913_f75b39d783.jpg,-4.764392712e-11
2857473929_4f52662c30.jpg,2.501732994e-09
448252603_7d928c900e.jpg,-3.018504967e-09
381514859_b40418d9c3.jpg,5.024422537e-09
262681159_e5fed3acf0.jpg,3.718969745e-09
3700554247_9824ae6f3a.jpg,6.886116605e-09
3397310901_cbef5c06ef.jpg,-2.456292987e-09
186890601_8a6b0f1769.jpg,-3.555667969e-10
150387174_24825cf871.jpg,-3.954566714e-09
3626998066_3ae11ee278.jpg,-4.190567488e-11
3730011701_5352e02286.jpg,3.323792623e-10
2902844125_4186bf3ab6.jpg,8.351433857e-09
2203286182_b453e9d176.jpg,1.957340194e-09
3552206648_123bf4ac82.jpg,3.041283475e-09
3042173467_14394234da.jpg,4.097982229e-09
2276314067_7ee246f859.jpg,-2.855037924e-10
3420064875_0349a75d69.jpg,7.434792475e-09
393958545_48c17c66d1.jpg,2.597820669e-10
2716903793_fb7a3d8ba6.jpg,1.164527836e-08
3325910784_5ecb88310c.jpg,5.610750927e-10
2934022873_3fdd69aee4.jpg,-2.934450964e-09
78984436_ad96eaa802.jpg,-3.168394563e-09
3452127051_fa54a902b3.jpg,-4.671521939e-09
856985136_649c0a3881.jpg,-8.56571903e-10
3091921457_83eee69591.jpg,9.181743952e-09
541046380_513e295384.jpg,-2.915932148e-09
3286761458_34af7e4499.jpg,2.870749785e-09
2085400856_ae09df33a7.jpg,2.423462099e-09
3229913073_e7857a5966.jpg,-3.56754422e-09
3707990914_843e8f15f1.jpg,8.026141933e-10
162743064_bb242faa31.jpg,4.463563449e-09
3532593368_be10432e92.jpg,-9.177753984e-10
1024138940_f1fefbdce1.jpg,1.341251007e-09
866841633_05d273b96d.jpg,1.182327741e-08
282131366_5f9a39c43c.jpg,4.344129474e-09
2980348138_91cc6f6d0f.jpg,5.086657671e-09
3639547922_0b00fed5cd.jpg,8.438770923e-09
2302747917_aa0300eb68.jpg,5.662700803e-10
3027365101_3818be6e16.jpg,3.781206627e-09
58363930_0544844edd.jpg,2.129343351e-09
244368383_e90b6b2f20.jpg,2.953657644e-09
405615014_03be7ef618.jpg,1.804631554e-10
1302657647_46b36c0d66.jpg,1.461472878e-09
3354883962_170d19bfe4.jpg,-1.124454062e-08
3113769557_9edbb8275c.jpg,3.724607271e-11
3074842262_62b1b2168c.jpg,1.191187298e-09
2942133798_e57c862a90.jpg,2.293791173e-09
1420060020_7a6984e2ea.jpg,-7.855567525e-09
2924483864_cfdb900a13.jpg,-4.326581039e-09
306318683_5f1f875191.jpg,2.648956476e-09
3214237686_6566b8b52f.jpg,7.391921756e-10
3335885203_a3fe8e541f.jpg,-7.175825142e-10
1262583859_653f1469a9.jpg,-3.210392622e-10
3638783120_f600ceb19d.jpg,3.31212081e-09
1206506157_c7956accd5.jpg,-4.784846129e-09
533602654_9edc74385d.jpg,-6.522747276e-09
2322593776_e6aaf69e80.jpg,2.887875685e-10
3629664676_36bcefe6b7.jpg,5.648079385e-09
318667317_108c402140.jpg,-1.15051774e-09
3560125106_691c292893.jpg,-3.095319364e-09
1430154945_71bbaa094a.jpg,1.436477038e-08
241345770_9f8aa6723c.jpg,1.685316312e-09
3692746368_ab7d97ab31.jpg,-6.286050414e-09
3315110972_1090d11728.jpg,4.182567313e-09
3112635165_2d614d7c1a.jpg,5.844150399e-09
3621652774_fd9634bd5b.jpg,-2.913916552e-09
2344898759_5674382bcd.jpg,1.737949348e-09
2597308074_acacc12e1b.jpg,-2.528246207e-09
3189307452_aebc12380b.jpg,1.406964752e-09
3004291093_35d6fd8548.jpg,-1.813432282e-10
3609645320_815c294b65.jpg,7.582564345e-09
707941195_4386109029.jpg,-4.633516379e-10
462080147_ca088e6541.jpg,4.839299993e-10
3245460937_2710a82709.jpg,2.923903544e-09
3351667846_ac43118ae5.jpg,-2.463189928e-09
3640870001_acbd1d5ceb.jpg,-2.943661228e-09
426920445_d07d1fd0f7.jpg,6.084649366e-09
2261346505_302c67951d.jpg,5.583476542e-09
1048710776_bb5b0a5c7c.jpg,-1.425077465e-09
3643684044_a131168127.jpg,6.712813309e-11
2878272032_fda05ffac7.jpg,-2.550551727e-09
3425846980_912943b4f9.jpg,7.220979949e-10
2171891283_dedd9cf416.jpg,-2.644539254e-09
3767841911_6678052eb6.jpg,4.58942554e-11
308956341_642589e9cc.jpg,7.035659933e-09
3051384385_c5c850c1f8.jpg,2.649259296e-09
2863848437_f2592ab42d.jpg,3.103454889e-09
2878705136_609dfbf318.jpg,5.689778893e-09
3210705660_2b14b7fb36.jpg,1.446690349e-09
1499554025_a8ffe0e479.jpg,2.892420344e-09
2248487950_c62d0c81a9.jpg,-2.102247258e-09
3003691049_f4363c2d5c.jpg,-1.589310029e-09
3188044631_ca3a9cc737.jpg,-4.058266271e-09
3220140234_e072856e6c.jpg,-2.22100655e-09
288508162_1727873924.jpg,-2.454831442e-09
252124738_796599e94b.jpg,-2.486326165e-09
2717686269_80c4b5ac9e.jpg,-1.297629244e-09
2448393373_80c011d301.jpg,-2.6006394e-09
3516825206_5750824874.jpg,-1.776483766e-09
1341787777_4f1ebb1793.jpg,7.464611233e-09
1346051107_9cdc14e070.jpg,-1.501168534e-09
2522809984_2e8a7df4fb.jpg,-5.447381912e-09
1536597926_c2e1bc2379.jpg,1.680177967e-09
3544673666_ffc7483c96.jpg,5.255295386e-09
2806632713_edd6f6c893.jpg,3.578703056e-09
933118213_b35b0b62a7.jpg,8.864399699e-09
300371487_daec5d11ab.jpg,1.77871529e-09
3571675421_7e07ac07c5.jpg,5.387367348e-09
279550225_d64d56158a.jpg,-5.760430821e-09
2979914158_5906470b8f.jpg,-1.232066584e-09
3064383768_f6838f57da.jpg,-5.045324924e-09
462288558_b31a8a976f.jpg,6.803550821e-11
3525403875_7f95e0cbfe.jpg,-2.04184415e-09
2161799386_27aa938421.jpg,-2.669507011e-09
2444821454_22a346c996.jpg,1.722104979e-09
3613955682_3860e116cf.jpg,3.466351012e-09
241046599_28b0ca7b9f.jpg,-2.356480032e-09
2830755303_2b5444ab4c.jpg,-3.152077857e-09
2600867924_cd502fc911.jpg,-2.31798803e-09
2978236380_fb24c43f1e.jpg,-2.839496485e-09
2635023078_6dae04758f.jpg,4.762951e-09
2224450291_4c133fabe8.jpg,1.172926721e-08
3335547029_74d620fa6c.jpg,-1.617840025e-09
3440724965_03d6ca5399.jpg,-3.941936051e-09
2518508760_68d8df7365.jpg,9.54883708e-12
3349258288_5300c40430.jpg,4.499810627e-11
1466307485_5e6743332e.jpg,-3.329153355e-09
2474047296_fd9179d438.jpg,-3.39053648e-09
3478084305_9e1219c3b6.jpg,-7.540302418e-09
3205214191_29b42b9b09.jpg,-5.597312069e-09
3415228562_4efa9c9b70.jpg,3.654695951e-09
272546805_536c719648.jpg,8.516378607e-10
512306469_1392697d32.jpg,-1.467219915e-09
3668900592_a84b0c07db.jpg,-1.435299411e-09
337793983_ac5b2e848e.jpg,2.429856251e-09
2718024196_3ff660416a.jpg,-5.407359716e-09
1350948838_fdebe4ff65.jpg,-6.626586827e-09
2496370758_a3fbc49837.jpg,1.320895895e-09
3628059004_5c3529b120.jpg,7.39893033e-10
3205754736_32c29b5208.jpg,2.199442386e-09
970641406_9a20ee636a.jpg,-1.234395264e-09
2208067635_39a03834ca.jpg,4.113226511e-09
3432637363_3ba357e2da.jpg,2.457823598e-09
2279496715_8ef3ee6edb.jpg,-1.232503354e-10
1776981714_5b224d0f7a.jpg,1.023370125e-08
3373946160_1c82d54442.jpg,6.231516549e-09
3079917032_3cfacb2fd7.jpg,3.120916528e-10
471402959_0b187560df.jpg,3.308514295e-09
2972929655_04233b5489.jpg,5.492712508e-10
3103587323_7f093d5b90.jpg,2.059829801e-09
1089755335_0bfbfd30e6.jpg,1.03354634e-09
2273591668_069dcb4641.jpg,4.180718687e-09
2338627102_6708a9b4fd.jpg,-5.678405168e-09
2863180332_372510aa49.jpg,-1.705452258e-09
2832033116_1677ea1e2e.jpg,5.252519368e-09
1925434818_2949a8f6d8.jpg,4.320083178e-09
2382411771_a16145f345.jpg,-9.846136885e-10
1347519824_e402241e4f.jpg,-3.994764822e-09
3641022607_e7a5455d6c.jpg,4.879702586e-09
3181328245_7c04ce1691.jpg,-2.787647466e-09
3258396041_69717247f7.jpg,-3.218375521e-09
491564019_1ca68d16c1.jpg,-2.953622841e-09
262446581_06ef7d9445.jpg,-6.248460212e-09
838074897_9d6270b3cd.jpg,-2.139019399e-09
1159574340_99ba8c3c59.jpg,-3.026580537e-09
2443512473_6f5a22eb42.jpg,1.892249921e-09
2075321027_c8fcbaf581.jpg,2.998630002e-09
2076865206_53918c820c.jpg,-5.978443183e-11
3601533527_6c2439113c.jpg,4.454009253e-09
3589156060_3ed8d6bbc3.jpg,-2.230520419e-09
3259757648_71edb4347b.jpg,-5.111571711e-10
1352410176_af6b139734.jpg,2.634311945e-09
3373481779_511937e09d.jpg,-2.491056454e-09
2372572028_53b76104a9.jpg,3.359995804e-09
1321723162_9d4c78b8af.jpg,2.164363754e-09
500678178_26ce0f4417.jpg,7.676233651e-10
3484019369_354e0b88c0.jpg,-2.168342361e-09
2321865325_79b0954a5d.jpg,-1.794493241e-09
290019324_23582048d4.jpg,-6.943270068e-10
2930580341_d36eec8e3c.jpg,-2.05111286e-09
3292016893_24d14c8b4f.jpg,1.199062442e-09
3173928684_4ea0ee5114.jpg,5.752661302e-10
3323988406_e3c8fce690.jpg,-7.297595188e-09
3612485097_b706d950ed.jpg,2.031253297e-09
2354456107_bf5c766a05.jpg,-1.456863131e-11
166433861_70b66cd381.jpg,-1.11416658e-09
1463638541_c02cfa04dc.jpg,6.374320601e-09
2616643090_4f2d2d1a44.jpg,1.233805374e-09
3702607829_2b8b3e65ab.jpg,-1.094090149e-08
3154813159_58a195236d.jpg,-7.0062642e-09
3289817083_4e78e1c05a.jpg,1.621785133e-09
2934379210_4e399e3cac.jpg,-1.0344206e-09
2407091303_931c918490.jpg,-1.917835198e-09
2831313661_1a328acb70.jpg,-4.170007381e-10
3168841415_c0705a327a.jpg,1.576592621e-09
3636247381_65ccf8f106.jpg,7.652524404e-09
2150564996_d173a506d7.jpg,-4.37703804e-10
2909081008_9a7bfc599a.jpg,-6.377337971e-10
1884065356_c6c34b4568.jpg,9.241852633e-10
2343525685_3eba3b6686.jpg,2.5915098e-09
2955099064_1815b00825.jpg,4.760771603e-09
3437315443_ba2263f92e.jpg,1.967200267e-10
3033612929_764d977bd5.jpg,6.607732073e-09
3073535022_4af81f360c.jpg,3.69964192e-09
3537520829_aab733e16c.jpg,-9.540825258e-09
2832487464_2d30634e1e.jpg,-5.651603211e-10
2241768909_3d96d48417.jpg,3.358807074e-10
439492931_a96d590e40.jpg,-3.086460662e-09
3701544312_b2e4e9813d.jpg,1.025681868e-09
972381743_5677b420ab.jpg,1.445175192e-09
632608471_a70461f123.jpg,-2.348766942e-09
2583001715_1ce6f58942.jpg,7.784524813e-09
2737729252_b3fd9c05b1.jpg,-1.34870666e-08
3590739067_58baffb3a7.jpg,-1.391963932e-10
3107558821_f3b205d4ed.jpg,-2.046427613e-09
2553024095_735bc46267.jpg,-4.607616232e-09
2629346153_155ba73ae9.jpg,-1.23679399e-09
3223302125_f8154417f4.jpg,-5.094672273e-10
2488795251_c108c77b13.jpg,5.75855078e-10
44856031_0d82c2c7d1.jpg,-2.848454232e-10
2704934519_457dc38986.jpg,-4.315499939e-09
3070274658_fc39fd4f84.jpg,2.466118985e-09
3262075846_5695021d84.jpg,4.332385502e-09
1777816180_08d7e8063b.jpg,6.516353747e-09
3084149186_4bc08b0752.jpg,-5.68459749e-09
3109124656_626b596d5e.jpg,-1.07791654e-08
3724150944_fc62e8d5e0.jpg,-5.312797683e-10
3104182973_5bb1c31275.jpg,-5.498320079e-10
203114209_e4cd71a6b7.jpg,-5.532024389e-09
2315418282_80bd0bb1c0.jpg,-4.267489742e-09
3240094420_a9eea11d39.jpg,6.060486922e-09
1517807181_ca6588f2a0.jpg,-9.466505927e-09
95734036_bef6d1a871.jpg,-2.798119e-09
3041170372_c4376cd497.jpg,-1.798987819e-09
2890057168_c712f932e0.jpg,-8.301961139e-09
2925737498_57585a7ed9.jpg,4.283777041e-09
2565685680_c30972455d.jpg,-2.247646193e-09
3042484940_0975a5e486.jpg,-5.936790678e-09
2325258180_6217dd17eb.jpg,2.687906712e-09
3541915243_956c1aa8ef.jpg,3.796414727e-10
2922973230_5a769ef92a.jpg,9.875251137e-09
1801874841_4c12055e2f.jpg,4.126699125e-10
2316097768_ef662f444b.jpg,-3.164456897e-10
3676561090_9828a9f6d0.jpg,-1.579596047e-09
3591462960_86045906bd.jpg,-7.159205126e-09
2750832671_4b39f06acf.jpg,7.713983553e-09
2000459828_3c9e109106.jpg,5.051303393e-09
3569406219_f37ebf7b92.jpg,3.676041255e-09
2058472558_7dd5014abd.jpg,-1.068082084e-08
2691966747_cfa154982b.jpg,-1.185771425e-10
469969326_4b84073286.jpg,2.607624801e-09
195962790_3380aea352.jpg,-9.214621459e-09
2480832276_fa55480ecb.jpg,6.083088417e-09
2061397486_53a61e17c5.jpg,-1.270564817e-09
2676651833_3bb42bbb32.jpg,2.294186444e-09
1478294229_7e1c822fea.jpg,-1.682504501e-09
1392272228_cf104086e6.jpg,-1.839228743e-09
3153067758_53f003b1df.jpg,6.386661587e-09
497791037_93499238d8.jpg,4.262257272e-10
3399618896_9ef60cd32c.jpg,7.682010111e-10
2229179070_dc8ea8582e.jpg,-9.870483928e-10
3316046339_8e504be038.jpg,1.483730995e-09
3681056426_fbd6c0c92c.jpg,-7.856409237e-10
3006095077_1992b677f8.jpg,2.800644986e-09
457945610_1a23b9ced0.jpg,5.967118447e-09
263216826_acf868049c.jpg,-2.154560816e-09
778885185_3f6905370b.jpg,7.881768367e-09
3692593096_fbaea67476.jpg,-4.293115522e-09
1045521051_108ebc19be.jpg,-1.4376107e-09
2220185725_45d4fa68d9.jpg,4.610559078e-10
514222303_cb98584536.jpg,-1.781443696e-09
2913818905_8e4d9aa82a.jpg,-1.688489247e-09
3259992164_94600858b3.jpg,2.165533743e-09
278002800_3817135105.jpg,2.625835861e-10
3296500180_0d7a6650dc.jpg,4.174502179e-09
3501781809_88429e3b83.jpg,1.106715174e-09
278496691_c1fd93e2d8.jpg,-1.812342968e-09
3607969989_68cc411493.jpg,-3.053967965e-09
3618504267_d7eaa495d0.jpg,8.072315702e-09
2462153092_e3f4d8f6a2.jpg,2.949435351e-09
3164328039_2c56acf594.jpg,-3.800187462e-09
3446762868_06e9d9d899.jpg,-2.006753824e-09
534313000_4ad39c7ee0.jpg,-3.897556532e-09
3476451861_5b9c9ce191.jpg,-1.834664276e-09
1554713437_61b64527dd.jpg,-3.076418673e-10
3726025663_e7d35d23f6.jpg,-4.029592889e-09
952171414_2db16f846f.jpg,-3.11432558e-09
861608773_bdafd5c996.jpg,-2.652404467e-10
3329169877_175cb16845.jpg,9.810925986e-10
3624076529_9793655a21.jpg,-4.188933954e-09
3490874218_babb404b39.jpg,-1.826544458e-09
3480051754_18e5802558.jpg,1.783713219e-09
1523984678_edd68464da.jpg,-5.621500968e-09
2612488996_9450de0e54.jpg,8.270725551e-10
1026685415_0431cbf574.jpg,-1.39567274e-09
99679241_adc853a5c0.jpg,1.629964617e-09
3377117696_af91f13058.jpg,-8.311754568e-09
3203453897_6317aac6ff.jpg,4.039147917e-09
3691800116_6a7b315e46.jpg,1.678270984e-09
3677318686_b018862bb7.jpg,-1.418066678e-09
2385871165_9438c9fe84.jpg,-7.845170574e-10
720208977_f44c2bba5b.jpg,-2.311957356e-09
3758175529_81941e7cc9.jpg,1.425934011e-09
3259002340_707ce96858.jpg,2.787824933e-09
3503544012_1771be9d3a.jpg,4.63750971e-09
3320356356_1497e53f80.jpg,1.487285714e-09
256085101_2c2617c5d0.jpg,-5.535432926e-09
3717809376_f97611ab84.jpg,-2.004239258e-09
475816542_f5c2736815.jpg,-2.639064781e-09
3697359692_8a5cdbe4fe.jpg,-3.130026666e-09
397725001_e51f7c391c.jpg,2.295146939e-09
3682428916_69ce66d375.jpg,3.641536018e-09
3154693053_cfcd05c226.jpg,4.101313309e-09
3259992638_0612a40288.jpg,2.168809475e-09
3426933951_2302a941d8.jpg,9.273984239e-10
2753506871_dc38e7d153.jpg,-4.729011813e-09
2885912662_a3a2dfde45.jpg,4.671038284e-09
3487378989_c051d2715b.jpg,4.39106075e-09
3260088697_af9b6d2393.jpg,9.337764431e-10
2191329761_3effd856c5.jpg,-5.260826902e-09
270263570_3160f360d3.jpg,-2.344901103e-09
3501386648_e11e3f3152.jpg,4.168514264e-09
2622971954_59f192922d.jpg,1.238905502e-09
514222285_aa0c8d05b7.jpg,-1.267639915e-09
774009278_8e75b7d498.jpg,-1.948695437e-09
3656225270_cdf89e3240.jpg,1.378071259e-09
1001773457_577c3a7d70.jpg,-5.582651477e-09
2140305708_591d10b54d.jpg,3.900167258e-09
2192333873_2a0cbe849d.jpg,-3.477630526e-09
1459032057_97e73ed6ab.jpg,3.663164622e-10
2676937700_456134c7b5.jpg,1.917430523e-09
1419286010_b59af3962a.jpg,4.165774988e-09
2591110592_ef5f54f91c.jpg,6.646472797e-09
3380364224_2626d9d354.jpg,-3.558303409e-09
2394919002_ed7527ff93.jpg,3.336077349e-09
3635194562_4c1dfa120a.jpg,4.522319638e-10
3711826708_bba64fb1e1.jpg,9.838786698e-09
2833582518_074bef3ed6.jpg,6.312269189e-09
1151466868_3bc4d9580b.jpg,-4.775853597e-09
3523819210_99782628fc.jpg,-5.908704e-09
1009434119_febe49276a.jpg,-5.453717445e-09
3712008738_1e1fa728da.jpg,1.365332891e-10
247637795_fdf26a03cf.jpg,-1.630082444e-10
496110746_a93ca191ae.jpg,-8.608993751e-09
3159569570_dff24e7be9.jpg,7.036635538e-09
475980315_b8ecd50094.jpg,-3.643882773e-09
3205336477_037d4b6bd9.jpg,2.700107766e-09
3640661245_c8c419524d.jpg,-5.433907077e-09
3614542901_29877fc342.jpg,-8.16108986e-10
2562347802_c049a2ba88.jpg,-5.901466958e-10
842960985_91daf0d6ec.jpg,1.773906075e-08
611910909_4f8e43e070.jpg,-5.159811422e-09
1204996216_71d7519d9a.jpg,1.717076996e-09
411863595_d77156687e.jpg,-9.475729003e-09
3112821789_1f7c3bbb99.jpg,1.537974014e-09
515755283_8f890b3207.jpg,1.844662909e-09
3273325447_81c94000da.jpg,-2.846334127e-09
2339573065_91f1e3be60.jpg,7.233559963e-10
1417295167_5299df6db8.jpg,-1.013072346e-10
3637966641_1b108a35ba.jpg,5.421290278e-09
2674784195_704f6b79d0.jpg,6.306882796e-10
3568219100_dfbffddccd.jpg,-1.469317189e-09
297169473_d3974e0275.jpg,-1.184418946e-08
2335428699_4eba9b6245.jpg,-1.568473326e-09
3224578187_749882c17f.jpg,-5.841919879e-09
3520922312_e58a6cfd9c.jpg,1.956289166e-09
172097783_292c5413d8.jpg,-1.501891281e-09
2272548482_0b4aec5cdd.jpg,2.128233833e-09
3728015645_b43a60258b.jpg,1.923883235e-09
2305437797_e6c3460190.jpg,3.282351062e-09
486720042_b785e7f88c.jpg,8.327944216e-10
241347803_afb04b12c4.jpg,-4.414901435e-09
3247598959_5b2348444c.jpg,3.297991355e-09
3597210806_95b07bb968.jpg,4.577400103e-09
512550372_438849ce19.jpg,4.385508862e-09
3656104088_a0d1642fa9.jpg,-1.772325578e-09
2545192257_142fe9e2de.jpg,2.811356146e-09
610590753_cd69ce081a.jpg,1.166642021e-09
549887636_0ea5ae4739.jpg,2.320693231e-09
2298946012_22de913532.jpg,3.904464365e-09
2387197355_237f6f41ee.jpg,-2.00833575e-09
3354489242_dd529ffa1f.jpg,2.089013971e-09
199463720_329a802206.jpg,3.783280098e-10
3086810882_94036f4475.jpg,-1.750414048e-09
2510029990_7014f907cb.jpg,4.23113949e-09
3456251289_c4ae31d817.jpg,-6.978092389e-09
2330062180_355ccbceb5.jpg,2.479332283e-09
2271755053_e1b1ec8442.jpg,3.351540094e-09
2861100960_457ceda7fa.jpg,-5.103423098e-09
3294179574_4f67e67d6f.jpg,5.172167621e-09
181415975_2627aa6668.jpg,3.587068264e-09
394136487_4fc531b33a.jpg,1.424100559e-09
2646615552_3aeeb2473b.jpg,6.34782341e-10
424779662_568f9606d0.jpg,2.112443794e-09
3332136681_9aecf101fd.jpg,4.244281277e-09
2472896179_245e7d142f.jpg,-7.900742262e-09
278002875_d011ae9dc5.jpg,-1.118525867e-09
2222186636_85e03e0b75.jpg,2.748179271e-09
3691670743_0ed111bcf3.jpg,6.841156273e-09
317488612_70ac35493b.jpg,4.333364544e-09
2620113705_a8fa89b8f6.jpg,-3.703695522e-09
1389323170_d1c81d6b51.jpg,-1.393331203e-09
3456579559_b5c8927938.jpg,-2.193466032e-09
2800004913_c8394ba332.jpg,-1.130506372e-08
3009383694_e045c6169e.jpg,8.509527734e-10
3582685410_05315a15b8.jpg,-6.359705482e-09
2760371526_63f3d01760.jpg,8.298868769e-10
3484841598_e26ee96aab.jpg,-1.514513176e-09
424416723_19c56cb365.jpg,-5.549120434e-09
2135360514_7dcb9ed796.jpg,3.679747837e-09
3470951932_27ed74eb0b.jpg,6.642996803e-09
3410215754_5d5caeffaf.jpg,-1.209719997e-09
3718007650_e5930b4509.jpg,-3.735402357e-09
3215108916_0473007b47.jpg,-9.952079259e-10
2311690895_0d6efe11c8.jpg,5.940883391e-09
215214751_e913b6ff09.jpg,5.497894577e-09
3122888809_9ae9b4b9b2.jpg,8.046152879e-09
1936215201_d03a75cbba.jpg,5.708089239e-09
3270047169_2ed289a9af.jpg,6.800963198e-10
3060519665_4d6b9a51b2.jpg,8.528391763e-09
3090398639_68c0dfa9a5.jpg,4.726302975e-09
1580671272_3e99d94305.jpg,4.523321673e-09
241346709_23204cc2bc.jpg,4.001198637e-09
2109479807_eec8d72ca7.jpg,1.437760484e-09
2713554148_64cd465e71.jpg,-5.4524299e-09
2831846986_5534425cfa.jpg,-1.324208626e-10
2205328215_3ffc094cde.jpg,3.872309509e-09
2789238858_14261dd25a.jpg,1.454083053e-09
2443229844_277cded27d.jpg,-2.839308964e-09
3019842612_8501c1791e.jpg,-1.643071163e-10
3352199368_b35f25793e.jpg,-1.801026378e-09
3082196097_2d15455b00.jpg,1.640676444e-09
322103537_184367bf88.jpg,5.926035871e-09
3498423815_5b8fc097f4.jpg,6.106552928e-09
2789350645_96a2535b4d.jpg,-2.911863793e-09
3228960484_9aab98b91a.jpg,2.049866282e-09
2512683710_991c9d466d.jpg,-1.000084769e-09
3687995245_624b54090d.jpg,-1.839249199e-10
2299427360_422a3fb8b0.jpg,-1.303566663e-09
136639119_6040b00946.jpg,-5.708961232e-09
1975171469_84e425f61b.jpg,-1.273753546e-10
2271667421_7b21fc23b8.jpg,2.184137537e-09
2176874361_2b4149010b.jpg,-1.882861395e-09
3532587748_7e64bb223a.jpg,-6.154985446e-10
3403263046_3cc701a07a.jpg,4.287194962e-09
3116731299_6139b25c18.jpg,-1.421540737e-10
2165459064_5b81ff23eb.jpg,2.781691092e-09
254295381_d98fa049f4.jpg,4.031872617e-10
3368207495_1e2dbd6d3f.jpg,-2.455224614e-09
2658360285_a0ec74ef48.jpg,-1.053176761e-10
1426014905_da60d72957.jpg,1.862874031e-09
709373049_15b8b6457a.jpg,2.682005218e-09
1620397000_3883e3ecd3.jpg,-3.241052664e-09
2708582445_5e5999b956.jpg,3.245320983e-09
1798215547_ef7ad95be8.jpg,-8.283055804e-09
3143953179_1c08c023a5.jpg,8.138252719e-09
2419186511_f0ce5f9685.jpg,-1.699678643e-09
55470226_52ff517151.jpg,-1.894564979e-09
160585932_fa6339f248.jpg,5.760955772e-09
3126795109_73920ed5dc.jpg,-2.345362545e-09
241347243_c751557497.jpg,4.986474339e-09
3530687486_6e6be53602.jpg,3.335588436e-09
439916996_1ddb9dc8e7.jpg,9.270988376e-10
2354792215_eef2bdc753.jpg,8.084790597e-09
3543378438_47e2712486.jpg,-4.99933079e-10
53043785_c468d6f931.jpg,2.999970522e-09
1321949151_77b77b4617.jpg,-1.775681945e-09
2526585002_10987a63f3.jpg,-3.971131282e-10
3346040664_5b584e6133.jpg,-6.226447028e-09
639120223_7db6bdb61f.jpg,-1.956731382e-09
1084040636_97d9633581.jpg,-6.087478667e-09
3553056438_4e611a7a2a.jpg,-1.80183346e-08
135235570_5698072cd4.jpg,1.598670951e-09
3254640083_eb34b8edfe.jpg,-1.937781332e-09
3126724531_f483e1b92a.jpg,-4.467658751e-09
3609032038_005c789f64.jpg,-6.980657593e-10
3053916979_848d32261b.jpg,2.68964052e-09
3205839744_24504ba179.jpg,-8.376867059e-09
86412576_c53392ef80.jpg,-5.110148607e-10
2472634822_7d5d2858c0.jpg,2.770110946e-09
272940778_a184dbea42.jpg,5.681842138e-10
3182161610_4d349b257f.jpg,-1.91587756e-09
2661437618_ca7a15f3cb.jpg,-8.917553896e-10
2598012140_832863fcb9.jpg,-1.24968827e-09
3724738804_f00748a137.jpg,2.045109449e-09
3425851292_de92a072ee.jpg,3.701642135e-10
2158247955_484f0a1f11.jpg,3.55486784e-09
2873188959_ff023defa9.jpg,-8.83758516e-10
3417102649_5c0b2f4b4d.jpg,-2.583233593e-09
1501811302_5e723fc529.jpg,2.475128314e-09
2201978994_c444e64810.jpg,2.800936928e-09
3564157681_03a13b7112.jpg,-7.683281204e-09
143688205_630813a466.jpg,3.635310028e-10
2708634088_a4686be24c.jpg,1.045186123e-08
2249264723_d08655d9f2.jpg,-7.32042271e-10
3585123310_9a8e94bd2b.jpg,-3.021916236e-09
3323952123_deb50b0629.jpg,2.326042637e-09
488549693_a1f51d8c4a.jpg,2.85423135e-09
3744832122_2f4febdff6.jpg,7.757084962e-09
3335997221_254366c400.jpg,1.887419874e-09
272283076_2d4aa1d5cf.jpg,-7.855977005e-09
1460500597_866fa0c6f3.jpg,2.971304203e-09
3176072448_b84c99cf7f.jpg,-5.08845497e-09
2902661518_1513be3ea6.jpg,5.688248305e-10
143237785_93f81b3201.jpg,-4.181725913e-09
3355683198_715fb1a2ac.jpg,-3.953994903e-09
411175971_0fffd3b8c6.jpg,5.193555072e-09
2213113526_beeb4f9bdc.jpg,4.19311509e-09
3276448136_0d9f5069c5.jpg,9.375313904e-09
3604928725_58147c87cd.jpg,4.745376277e-09
1273001772_1585562051.jpg,-3.544149451e-09
169490297_b6ff13632a.jpg,1.018827059e-09
2346189044_546ed84aa9.jpg,-3.34928968e-09
2223382277_9efa58ec45.jpg,-3.105814882e-09
733172023_5810350af6.jpg,-3.674856215e-09
968081289_cdba83ce2e.jpg,-4.373481338e-09
3477712686_8428614c75.jpg,-3.789315256e-10
3197247245_9c93b60b8a.jpg,4.216842683e-09
2541104331_a2d65cfa54.jpg,-2.898483215e-09
2836553263_b1a08c25ea.jpg,3.571347035e-09
311196733_03966b4836.jpg,3.154133901e-09
3157622277_9f59b4f62f.jpg,1.659920701e-09
537359971_6e28f5e66e.jpg,-9.006181717e-10
2788945468_74a9618cfa.jpg,-9.45301405e-10
3005872315_e6771763bd.jpg,-4.289183291e-09
2928152792_b16c73434a.jpg,5.069476542e-09
3459419203_cd7c68ce4d.jpg,-3.33993905e-09
2939475047_84585ea45c.jpg,2.145066187e-09
2567812221_30fb64f5e9.jpg,6.141026416e-10
3535372414_4c51c86fc4.jpg,-1.482460733e-09
3120266797_47e7d91614.jpg,4.202611765e-09
3088322308_b0c940b3a3.jpg,-1.130568682e-09
416788726_5b4eb1466e.jpg,-9.508299468e-11
2578289278_01516d23a0.jpg,3.002585638e-09
70995350_75d0698839.jpg,8.611426881e-10
1191338263_a4fa073154.jpg,-9.473539594e-10
3522749949_fb615cee47.jpg,-4.797708558e-09
3151365121_e2a685a666.jpg,-2.398889111e-09
1523800748_a59e980eee.jpg,4.035128235e-09
3713324467_104d72f7db.jpg,-5.748505407e-09
2333584535_1eaf9baf3e.jpg,3.404118519e-09
3627679667_0e3de9fc90.jpg,-8.979886244e-09
2765747519_2b851e01d6.jpg,-1.275291676e-10
1539166395_0cdc0accee.jpg,-3.325271664e-09
3335773346_ac0d97efeb.jpg,3.243207972e-09
2894576909_99c85fd7a7.jpg,-2.864300658e-09
3220161734_77f42734b9.jpg,4.580416065e-09
2987775031_3f9ac69319.jpg,1.868478812e-09
2490687446_9d46fdf5a9.jpg,1.161154653e-09
3512127856_18a4c7aace.jpg,1.524764975e-09
2935703360_4f794f7f09.jpg,3.032685731e-09
384465370_9918873f9a.jpg,3.357300286e-09
3360994630_d4616c1b14.jpg,-8.304041585e-10
345284642_77dded0907.jpg,-3.108100108e-09
2410040397_1a161a1146.jpg,-1.215999165e-09
874665322_9ad05c4065.jpg,1.821414597e-09
3474330484_a01d8af624.jpg,9.754982184e-10
2418191216_82711d5c5c.jpg,-5.717429996e-09
2460134050_06de9f5c4a.jpg,7.684493635e-09
111537222_07e56d5a30.jpg,1.345256021e-10
295433203_8185c13e08.jpg,1.637012893e-09
241347460_81d5d62bf6.jpg,5.127490176e-10
3549583146_3e8bb2f7e9.jpg,2.001349146e-09
251586160_a31b187a37.jpg,3.740196219e-09
3194134352_bc1b2a25d7.jpg,2.206095346e-09
3155657768_b83a7831e5.jpg,4.173583453e-09
2522467011_cc825d89ac.jpg,4.538550779e-09
759015118_4bd3617e60.jpg,1.532350521e-09
802594049_289e3c8420.jpg,-3.378515555e-09
3133044777_8cc930a4ec.jpg,3.275674029e-09
2532262109_87429a2cae.jpg,-2.901946124e-09
2315807231_6948b3f3a5.jpg,-3.26923649e-09
1028205764_7e8df9a2ea.jpg,5.239413075e-09
498748832_941faaaf40.jpg,4.270311593e-10
3326376344_3306bf439e.jpg,-6.974702375e-09
2600170955_bf30c5d5c0.jpg,-4.686005704e-10
506738508_327efdf9c3.jpg,-9.019008751e-11
3725353555_75c346d7ec.jpg,2.350027513e-09
3529211822_1dabdb3a9c.jpg,3.345666843e-10
3217909454_7baa0edbb2.jpg,1.001690536e-08
3523471597_87e0bf3b21.jpg,4.314700777e-09
3374759363_d6f7a0df41.jpg,5.058878685e-11
2555638166_2f0847d57d.jpg,5.766898502e-09
2813033949_e19fa08805.jpg,1.935779383e-09
3713133789_f05e8daffd.jpg,-1.65314574e-09
3227594168_3351722aae.jpg,6.450319635e-09
3535284878_f90f10236e.jpg,-2.60403431e-09
2986716822_e220754d32.jpg,4.529059528e-09
3547647914_4dd56a8c1b.jpg,2.586918101e-09
2822148499_eaa46c99d4.jpg,1.100762844e-09
3107463441_7c68606450.jpg,-3.813018505e-09
2286235203_af3cd8f243.jpg,1.394873268e-09
2265367960_7928c5642f.jpg,-8.790855211e-10
3394654132_9a8659605c.jpg,1.71363271e-09
2896668718_0c3cff910f.jpg,1.371628395e-09
3223224391_be50bf4f43.jpg,5.088828409e-09
2260369648_e21ae6494a.jpg,2.239497804e-09
2918769188_565dd48060.jpg,-8.22101261e-09
2673564214_3a9598804f.jpg,2.930048359e-09
308307853_5a51fbdecc.jpg,2.735769407e-09
3561433412_3985208d53.jpg,-1.991454969e-09
2623982903_58ec7c5026.jpg,-3.251986822e-09
241347689_d0b1ac297d.jpg,-3.270017353e-09
1351315701_6580b51c41.jpg,2.003899765e-09
3134341610_3c55e373a7.jpg,-3.039706127e-09
2218609886_892dcd6915.jpg,-3.893346979e-09
2503629305_055e9ec4b1.jpg,-1.156550767e-08
456299217_b2802efbc2.jpg,-3.898031559e-09
3315323307_bd148a8964.jpg,1.009324662e-09
3068735836_872fba3068.jpg,3.9050376e-09
3431487300_0123195f9b.jpg,-5.616911097e-09
3582048078_7bac2d8473.jpg,-8.673397085e-10
2198494923_8159551be4.jpg,2.563367696e-09
3065468339_4955e90fd3.jpg,-1.996830022e-09
3647750811_395fbd397e.jpg,2.187973279e-09
3544793763_b38546a5e8.jpg,-4.778766162e-09
365128300_6966058139.jpg,-2.907924594e-09
3561130207_d1ed166daa.jpg,7.503783766e-09
1348891916_ebd4413033.jpg,5.421650536e-09
395461421_c586b136de.jpg,3.954313229e-09
3187364311_4c2a87083b.jpg,3.564697536e-09
57422853_b5f6366081.jpg,-1.478440611e-09
3139118874_599b30b116.jpg,-5.413708877e-09
3474999131_788cbf253f.jpg,7.256927229e-10
3496983524_b21ecdb0c7.jpg,3.528307459e-09
2679926555_b11cf45595.jpg,-6.933370879e-09
3344948183_5b89379585.jpg,-3.281207694e-10
3155279929_d1cddbe7cf.jpg,-1.451715891e-09
2756765580_9e57e10f0d.jpg,-9.26335601e-10
3174156702_95a1cda2d9.jpg,-4.279497332e-09
3477715432_79d82487bb.jpg,1.286927334e-09
2178306830_6af49375b4.jpg,7.897193579e-10
2107837987_ffecfc367a.jpg,4.892868925e-10
3667822570_d39850e217.jpg,1.64715915e-09
762947607_2001ee4c72.jpg,1.14557427e-08
325005410_e1ff5041b5.jpg,1.187464624e-08
2086532897_b8714f2237.jpg,-5.617956289e-10
3386375153_20c56d0aae.jpg,7.435417462e-11
458213442_12c59e61a0.jpg,3.979522372e-09
2280354512_c0d035d53f.jpg,4.075787912e-09
109671650_f7bbc297fa.jpg,-4.999648293e-09
468141298_3154d717e1.jpg,-4.115509827e-09
2053733930_e245615ad4.jpg,-3.087484793e-09
2452238877_2340609c6e.jpg,8.997297232e-09
3568197730_a071d7595b.jpg,1.96761203e-09
2573625591_70291c894a.jpg,-7.23042296e-09
3673032164_6c6843de87.jpg,1.502696981e-09
2910758605_73a3f5a5c2.jpg,-8.903680617e-10
1022975728_75515238d8.jpg,-1.218893061e-08
2222498879_9e82a100ab.jpg,1.091912367e-09
2319087586_919472310f.jpg,6.624580039e-11
3406802138_ef77bbddd0.jpg,-7.770091887e-10
3402081035_a54cfab1d9.jpg,-4.132219138e-10
3279228339_71deaa3d9b.jpg,1.449521194e-09
2920969723_83918fe909.jpg,8.183129699e-09
3171451305_f87b9e09ee.jpg,-5.619606943e-09
2909955251_4b326a46a7.jpg,2.166934881e-09
1413956047_c826f90c8b.jpg,-3.999222e-10
3016651969_746bd36e68.jpg,-5.141160953e-09
2594042571_2e4666507e.jpg,-9.770470292e-09
2866529477_7e0c053ebc.jpg,5.729323813e-09
2947452329_08f2d2a467.jpg,-1.461068275e-09
3478176372_7c510a0cef.jpg,-1.95030732e-09
3454754632_977c1523be.jpg,-7.493642335e-10
3405720825_b6991005eb.jpg,-1.793767062e-10
2831314869_5025300133.jpg,2.042473966e-09
2624457062_89efc497a8.jpg,1.155429391e-09
57417274_d55d34e93e.jpg,5.053511726e-09
3273969811_42e9fa8f63.jpg,6.337123052e-09
2771424045_1fdf9617eb.jpg,1.870552361e-09
2086678529_b3301c2d71.jpg,1.393379081e-09
3589367895_5d3729e3ea.jpg,-2.234230678e-10
3698944019_825ef54f2f.jpg,-2.580939371e-09
3396036947_0af6c3aab7.jpg,-4.55100842e-09
2254913901_569f568926.jpg,-6.284421798e-09
463875230_f19e83d6df.jpg,5.238210458e-10
3099504809_565e17e49d.jpg,-2.545714458e-09
2856923934_6eb8832c9a.jpg,-6.036364588e-09
3016759846_062663f8ab.jpg,-4.878130499e-09
3527715826_ea5b4e8de4.jpg,-1.109189394e-09
247691240_3881777ab8.jpg,-9.874923252e-10
2542662402_d781dd7f7c.jpg,-2.979207704e-09
2861932486_52befd8592.jpg,-1.150061687e-09
2429978680_1e18a13835.jpg,-4.059375017e-09
2972864304_481aeffe50.jpg,-7.888320326e-10
661755629_602ea4cf09.jpg,-5.234449424e-09
1778020185_1d44c04dae.jpg,3.465213184e-09
3716244806_97d5a1fb61.jpg,4.051020089e-09
3526805681_38461c0d5d.jpg,3.675494852e-09
566921157_07c18a41e2.jpg,-1.373386034e-09
2761599088_8b39cc5f41.jpg,-2.11014264e-10
352981175_16ff5c07e4.jpg,6.222693431e-09
3518126579_e70e0cbb2b.jpg,1.505655576e-09
2504764590_cf017c2a6e.jpg,-1.027299064e-09
3632572264_577703b384.jpg,-6.45709162e-09
380537190_11d6c0a412.jpg,3.365645991e-09
3372022051_132b8e6233.jpg,6.816382916e-09
533979933_a95b03323b.jpg,3.155859383e-09
2708686056_1b8f356264.jpg,3.572931975e-09
3410902181_b2a3c6eec9.jpg,4.287506525e-09
3286198467_8880be127e.jpg,-7.240143717e-10
3528966521_2e871ff6a1.jpg,-2.327434117e-09
2886533440_dfa832f2fa.jpg,7.662912264e-09
3154709407_9b0778cbeb.jpg,-3.696206002e-10
2257798999_d9d1b9a45a.jpg,-1.786093174e-09
3378553508_e37e281d25.jpg,-6.149946042e-09
3144705706_391d7b77c7.jpg,5.379019999e-10
3363836972_c87b58c948.jpg,-1.857316654e-09
1258913059_07c613f7ff.jpg,-4.211991381e-09
2244171992_a4beb04d8e.jpg,3.546402728e-09
3262475923_f1f77fcd9f.jpg,-5.06336361e-09
3242919570_39a05aa2ee.jpg,-4.474304454e-09
1042020065_fb3d3ba5ba.jpg,-6.258826892e-09
2978271431_f6a7f19825.jpg,-4.294103319e-09
3430607596_7e4f74e3ff.jpg,-7.981338639e-09
1501985304_8c50093004.jpg,1.999977741e-09
3287969199_08e775d896.jpg,3.325188653e-10
3545652636_0746537307.jpg,4.284087681e-09
1295669416_21cabf594d.jpg,7.592959041e-09
2992614450_b5a6692239.jpg,-2.301792628e-09
3683644335_b70bed1d83.jpg,1.51638385e-08
3330007895_78303e8a40.jpg,4.23362898e-09
537230454_1f09199476.jpg,3.287889793e-09
3386060324_b98fdfa449.jpg,-2.710634676e-10
754852108_72f80d421f.jpg,-1.752810888e-09
3482974845_db4f16befa.jpg,2.868578154e-09
3175434849_859f09fe07.jpg,-6.91762392e-09
2786245676_0a69543832.jpg,7.7354221e-10
2256320794_0286c31bfa.jpg,-3.482750524e-09
3545793128_af3af544dc.jpg,-3.422487781e-09
2899276965_a20b839cfd.jpg,2.365764531e-09
3122497129_d08f5729b8.jpg,-3.816702204e-09
2591486448_48d5438343.jpg,2.224940583e-10
3163281186_e2f43dfb5f.jpg,1.499171018e-09
341665272_80d4d61376.jpg,-2.318288497e-09
3517040752_debec03376.jpg,2.801584282e-09
3210419174_d083a16f77.jpg,7.673205593e-10
719837187_3e7bf1d472.jpg,-1.327524247e-09
2734219983_fe86a60bf9.jpg,-1.044745052e-09
327621377_0bc3b7fd26.jpg,-1.562793035e-09
2046222127_a6f300e202.jpg,4.006721453e-09
2616508003_fa5ca5780d.jpg,1.128722372e-09
241347150_5ff37818c2.jpg,1.646024273e-10
1662261486_db967930de.jpg,-4.213506626e-09
256292144_b53aadae27.jpg,-6.012723599e-09
3267644370_f2728d6c7a.jpg,6.125138833e-10
3568505408_4e30def669.jpg,1.437164637e-09
90011335_cfdf9674c2.jpg,7.342191677e-09
3296715418_29542dcdc2.jpg,-4.968402151e-09
381052465_722e00807b.jpg,7.692027012e-09
2652155912_8ba5426790.jpg,7.030697126e-09
3186863842_5832573c5e.jpg,4.98223289e-09
236730743_0d4fd8de5a.jpg,1.502271323e-09
3168123064_d1983b8f92.jpg,2.09174001e-10
3187492926_8aa85f80c6.jpg,-3.818637498e-09
3688005475_d200165cf7.jpg,-6.722141677e-10
3577309234_c952c2af86.jpg,-8.900468233e-09
2930514856_784f17064a.jpg,3.713690965e-09
232193739_ed5f348c7a.jpg,-4.031217294e-09
3257277774_aba333a94c.jpg,6.224557466e-09
3759492488_592cd78ed1.jpg,-5.794949404e-09
2110898123_07729c1461.jpg,-2.278005757e-09
397815951_3b02090324.jpg,2.090736883e-09
3057862887_135c61816a.jpg,-1.105055684e-08
2847615962_c330bded6e.jpg,2.632863611e-09
1309330801_aeeb23f1ee.jpg,-8.562047641e-09
2294516804_11e255807a.jpg,-2.245344495e-09
513269597_c38308feaf.jpg,4.365478982e-09
3307978046_92fef4dfa9.jpg,1.435465164e-09
2405599120_ec5f32af6f.jpg,-4.946460964e-09
3243588540_b418ac7eda.jpg,-2.482838379e-09
3320680380_b0d38b3b4a.jpg,-6.119933634e-09
3204922011_185e48949a.jpg,-1.556053984e-10
3123463486_f5b36a3624.jpg,6.201145842e-09
2752230113_b5dab6f0f1.jpg,1.965092891e-09
3292277400_f95cdd13d1.jpg,-5.456899297e-10
506478284_7cf8bdbe36.jpg,-3.903528327e-09
1982852140_56425fa7a2.jpg,8.882584122e-09
1429814475_0b592b9995.jpg,2.413098409e-09
2339946012_06bd480ab8.jpg,-1.308032168e-09
1131800850_89c7ffd477.jpg,-4.053096873e-10
3425685827_03683e8e5a.jpg,-1.460650975e-09
2021613437_d99731f986.jpg,3.932708966e-09
116409198_0fe0c94f3b.jpg,-3.516607955e-09
3207264553_8cd4dcde53.jpg,-4.323042568e-09
3165750962_e2e3843679.jpg,-2.084008132e-09
2984704498_29b53df5df.jpg,3.168473285e-09
2858759108_6e697c5f3e.jpg,-5.550537143e-09
3185695861_86152b2755.jpg,7.319163969e-09
245252561_4f20f1c89e.jpg,5.94291345e-09
3034585889_388d6ffcc0.jpg,-3.623932215e-09
3565654691_22b97d3994.jpg,2.692696993e-09
2187503678_fd743e0a00.jpg,-6.356165696e-09
2420730259_86e7f8a815.jpg,9.66711326e-10
441398149_297146e38d.jpg,1.736537456e-09
524698457_77ba13840a.jpg,-2.995464568e-10
3417143124_6feb8290cc.jpg,1.489295322e-09
2098646162_e3b3bbf14c.jpg,-4.996749983e-09
2687672606_275169c35d.jpg,-7.854785172e-10
3087095548_6df7c2a8ed.jpg,7.181781681e-10
3527590601_38d56abc29.jpg,-5.105934588e-09
1470132731_fa416b7504.jpg,1.094468471e-08
3271084924_4778d556cc.jpg,-2.90460624e-11
504765160_b4b083b293.jpg,-5.227362789e-10
2800758232_d7fa598065.jpg,-5.78298921e-09
3459362347_c412ef9901.jpg,3.322904532e-09
3198247669_7493af04a7.jpg,2.4341566e-09
2694426634_118566f7ab.jpg,-2.215668985e-09
2873522522_829ea62491.jpg,6.202888751e-10
300539993_eede2d6695.jpg,4.018053032e-09
3411595210_8e0893b266.jpg,-2.730070283e-09
3049770416_0fb1954315.jpg,5.505242798e-09
3419916411_72934edcdb.jpg,5.637111352e-10
3470008804_0ca36a7a09.jpg,1.650893724e-09
150582765_bad8dec237.jpg,-2.002177769e-09
252578659_9e404b6430.jpg,7.335313841e-09
2363006088_b3e3aa5c0b.jpg,-9.225440063e-09
2710698257_2e4ca8dd44.jpg,1.037803689e-08
451597318_4f370b1339.jpg,-4.723041696e-09
3560891822_7d4c1e3580.jpg,2.013118619e-09
3572267708_9d8a81d4a4.jpg,3.460244879e-09
2439154641_bbf985aa57.jpg,1.42411758e-09
2660008870_b672a4c76a.jpg,-9.602814322e-10
314904143_5a216a192b.jpg,5.832484493e-09
2225241766_f1e7132e3e.jpg,-2.772060896e-09
95728664_06c43b90f1.jpg,1.367182962e-10
2246717855_c0c08fe5d2.jpg,6.024389337e-09
224766705_b77996527f.jpg,6.447650105e-12
3601978895_9fec23ce0c.jpg,-2.734770092e-09
495054019_3dee8a02f5.jpg,-5.929980418e-10
2053777548_108e54c826.jpg,6.724908636e-09
354642192_3b7666a2dd.jpg,-1.243364534e-09
1584315962_5b0b45d02d.jpg,7.565603889e-10
1597319381_1e80d9e39c.jpg,-1.184362782e-09
2909875716_25c8652614.jpg,-5.606069268e-10
2744690159_fe2c89e55b.jpg,-5.655057001e-09
129599450_cab4e77343.jpg,-4.275248932e-09
3258874419_23fec1bdc1.jpg,2.492365524e-09
2500826039_165e75b20c.jpg,-1.45274359e-09
538825260_a4a8784b75.jpg,3.963345588e-09
3232030272_b2480a5fe7.jpg,4.019433117e-09
403523132_73b9a1a4b3.jpg,-5.18107799e-09
23445819_3a458716c1.jpg,6.912067712e-09
3701509233_a2275a4e57.jpg,-3.011051339e-09
2719102611_fef453bf30.jpg,7.029003799e-09
255091927_2eb643beb2.jpg,1.609823635e-09
3426724811_137855b4f7.jpg,-3.453099514e-09
3373069977_bc73e9e409.jpg,-4.038399252e-09
3534512991_f9fd66f165.jpg,-6.154879442e-10
3387630781_f421a94d9d.jpg,-2.786860697e-09
3389448506_7025e7cc12.jpg,-3.613973726e-09
2907244809_07ab2c6b6c.jpg,2.471645916e-09
3427301653_4ff0d6fd93.jpg,3.96896231e-09
2073174497_18b779999c.jpg,8.69688456e-09
2136455112_202c093ba4.jpg,3.418958066e-09
3672944692_8d24a44fc6.jpg,-1.38737389e-08
1255504166_f2437febcb.jpg,2.546426885e-09
236095031_5cb17dc54a.jpg,2.495757762e-09
3606942887_1159d92548.jpg,-9.168628274e-09
3696698390_989f1488e7.jpg,1.870169975e-09
427936315_0b8f7b8d23.jpg,2.701845216e-09
2472250097_a3191a94b3.jpg,-3.191516257e-09
2665904080_8a3b9639d5.jpg,5.390556042e-09
3259160693_067ec7ebc3.jpg,-2.604612359e-09
3222496967_45d468ee66.jpg,-1.53197844e-10
2789688929_9424fceed1.jpg,-7.812055134e-09
1962729184_6996e128e7.jpg,-3.713073837e-09
343073813_df822aceac.jpg,-3.17048474e-10
3086790344_9487c58624.jpg,-3.142150684e-09
2710563762_06d48329d7.jpg,-2.751893921e-09
2271264741_aa8f73f87c.jpg,-6.453356088e-09
3283913180_7d4e43602d.jpg,6.444270026e-09
3535304540_0247e8cf8c.jpg,4.186971965e-09
2949337912_beba55698b.jpg,1.573685402e-08
2855594918_1d1e6a6061.jpg,-1.179680099e-09
3477672764_7f07657a26.jpg,2.356009454e-10
3704995657_e2e114083d.jpg,-9.010240114e-10
2095435987_1b7591d214.jpg,-5.429860936e-09
3401039304_424ffc7dbf.jpg,-3.695440734e-09
2729655904_1dd01922fb.jpg,4.055108736e-09
2515247156_c1b759fc33.jpg,-7.707557761e-10
3671950830_b570bac1b9.jpg,-1.214523887e-08
3421129418_088af794f7.jpg,1.734237307e-09
3403797144_53e49412ec.jpg,1.363046752e-10
3223973114_6c15538ce9.jpg,-4.816698932e-09
2812590023_50182bc417.jpg,-7.650501848e-10
2445442929_8c81d42460.jpg,-3.239627689e-09
2204695848_3d1b140212.jpg,-1.093460056e-10
3724581378_41049da264.jpg,4.198072609e-09
3458577912_67db47209d.jpg,-2.230693027e-09
3384528359_e920154177.jpg,5.538390331e-09
1463732130_a754441289.jpg,-4.536570977e-09
2775249812_f4db95e818.jpg,1.279387783e-09
3216926094_bc975e84b9.jpg,-5.671666014e-09
3211289105_e0360a9c7f.jpg,-4.286843228e-09
2265096094_8cc34d669c.jpg,1.101882418e-09
3217266166_4e0091860b.jpg,-4.219589176e-09
469021173_aa31c07108.jpg,6.61278736e-09
2707873672_15e6b5d54b.jpg,3.340761154e-09
2148991939_3b9fd6c439.jpg,4.425402904e-10
3638908276_b1751d30ff.jpg,4.367577487e-09
3610687607_895fdc94bd.jpg,3.336608841e-09
696663662_232edd58af.jpg,-4.916047971e-10
3030824089_e5a840265e.jpg,-3.127853176e-09
2707969386_94dde00ce4.jpg,-1.94459968e-09
3643684688_2f7157b23d.jpg,-8.677987995e-10
3286111436_891ae7dab9.jpg,-3.252109621e-09
2991994415_504d1c0a03.jpg,-2.763974435e-10
2921112724_5cb85d7413.jpg,-1.297040011e-09
248646530_03c6284759.jpg,1.115733717e-09
2017276266_566656c59d.jpg,5.739443799e-10
501650847_b0beba926c.jpg,4.00429953e-09
138718600_f430ebca17.jpg,2.682837152e-09
3240351042_5d29c94b0e.jpg,3.99923946e-09
3286406057_a1668655af.jpg,2.177537285e-09
241347611_cb265be138.jpg,6.607008991e-10
3563871276_c8b2a00df5.jpg,5.861895201e-09
3399312265_9c74378692.jpg,2.549684013e-09
2291511815_ac083fddbd.jpg,-2.275404719e-09
582788646_dc40748639.jpg,1.047893574e-09
1352398363_9cc8ffcce9.jpg,1.115806149e-09
3394750987_a32ecc477e.jpg,3.590521094e-09
2863027424_9c75105660.jpg,6.119754413e-09
2247889670_413db8094b.jpg,-3.464232847e-09
3046286572_d2050ab0d9.jpg,4.366667815e-10
3730457171_e66dde8c91.jpg,3.191325097e-09
386160015_d4b31df68e.jpg,-9.242120712e-10
422756764_e7eaac76bf.jpg,-5.250251193e-09
339350939_6643bfb270.jpg,-4.613820551e-09
2281006675_fde04e93dd.jpg,-6.020385846e-09
3081182021_22cfa18dd4.jpg,-3.959623453e-09
2822891602_ff61df2ece.jpg,-1.779452851e-09
3277162496_dff7eeb59e.jpg,1.586168823e-09
1389651420_8d95d8f6ed.jpg,-4.459573188e-09
2205088706_d7e633e00d.jpg,2.061090444e-10
2637959357_dd64a03efa.jpg,-8.852271896e-10
3404012438_9baf8dcbaf.jpg,-4.464771289e-09
1998457059_c9ac9a1e1a.jpg,2.045256854e-09
2864340145_d28b842faf.jpg,5.947964032e-09
3385246141_a263d1053e.jpg,8.254023768e-09
2396100671_3a9d67f03d.jpg,-6.268071759e-09
2374570771_c395fc224a.jpg,2.420190575e-09
3662871327_b128d25f04.jpg,1.388861043e-09
1952896009_cee8147c90.jpg,-2.450190367e-09
2537583012_4a358a6a8a.jpg,-1.400191164e-09
3131990048_369b081021.jpg,-6.641824518e-10
514431934_9cf78f05a9.jpg,7.099826876e-09
340425915_490293058f.jpg,3.872033276e-09
3179952488_c1c812a03b.jpg,-2.309844377e-09
2654943319_d17fee7800.jpg,4.277519926e-09
2534424894_ccd091fcb5.jpg,3.724971786e-10
2621771656_09a620da6d.jpg,-5.271349243e-10
223299142_521aedf9e7.jpg,1.676393303e-09
3225058391_a12d38d911.jpg,-2.203601094e-09
3188036349_8e4e2d6ca8.jpg,-3.95546551e-10
2484190118_e89363c465.jpg,-6.117738072e-09
512101751_05a6d93e19.jpg,-6.614524527e-09
1356543628_c13ebe38fb.jpg,5.354000498e-09
207930963_af3a2f1784.jpg,-6.705144842e-10
3265162450_5b4e3c5f1b.jpg,-1.878285018e-09
1234817607_924893f6e1.jpg,-6.154621981e-09
3362871440_6c0f27c480.jpg,-4.642318907e-09
3396043950_12783c5147.jpg,-5.753502966e-09
2636876892_9353521a1c.jpg,4.909531609e-10
460935487_75b2da7854.jpg,2.604513451e-09
636503038_17ca82b50f.jpg,1.735689123e-09
3634281981_d9cf1d1a33.jpg,-4.360824153e-09
2873065944_29c01782e2.jpg,2.86648258e-09
492493570_c27237a396.jpg,-4.269198855e-09
3438981089_2ef1a6353c.jpg,-1.392586705e-10
3666324102_18ecdf8253.jpg,-6.910227618e-10
3029463004_c2d2c8f404.jpg,4.445826809e-09
2976946039_fb9147908d.jpg,9.072902546e-09
3178300150_d4605ff02c.jpg,2.951935564e-09
1514957266_a19827c538.jpg,3.694564268e-09
3413973568_6630e5cdac.jpg,-8.30478319e-09
3185409663_95f6b958d8.jpg,-3.64605107e-09
498404951_527adba7b8.jpg,-6.210620488e-09
359837950_9e22ffe6c2.jpg,4.018671578e-09
3535056297_e16f014cb7.jpg,-2.027379164e-09
3242718240_3358f2d6e6.jpg,-4.520188805e-09
3500399969_f54ce5848f.jpg,-7.532132941e-11
2552723989_7bc93e0f7b.jpg,3.466608252e-09
2824004868_1fc0a81173.jpg,-8.024610475e-09
3094568845_d0b56c5651.jpg,-6.340250965e-09
3035949542_cb249790f5.jpg,-2.216866739e-09
299572828_4b38b80d16.jpg,1.560166358e-09
3552435734_04da83b905.jpg,-3.52363713e-09
2089542487_b4c1ee7025.jpg,-1.020121192e-09
1390268323_2c8204e91c.jpg,-4.366212551e-09
3684518763_f3490b647a.jpg,-5.144088132e-10
2279980395_989d48ae72.jpg,-2.981370777e-09
2130203183_49bae96b96.jpg,3.018426826e-09
618292739_0fdc2ccab0.jpg,1.026276918e-09
3721881082_afe9fc734e.jpg,2.148880572e-09
3333921867_6cc7d7c73d.jpg,-8.08395599e-10
3589267801_5a222e3a60.jpg,-4.910488126e-09
3527184455_1a9c074ff2.jpg,1.577316942e-10
3480379024_545e8ec818.jpg,3.888569868e-09
2693425189_47740c22ed.jpg,-3.696142954e-09
322791392_aa3b142f43.jpg,7.810287117e-09
136644885_f7d2bbf546.jpg,4.30448131e-09
390992388_d74daee638.jpg,-1.651823504e-09
639865690_d66d480879.jpg,3.14067249e-09
2971478694_79e46ea7e5.jpg,2.17272182e-10
2244551043_21b8cca866.jpg,8.936221538e-09
2998504949_1022fec53b.jpg,-4.433278195e-10
1247181182_35cabd76f3.jpg,1.126514721e-09
2356664078_4b1e6e465d.jpg,-2.089343191e-09
1368338041_6b4077ca98.jpg,-3.439192202e-09
783994497_4f6885454d.jpg,-3.297224901e-11
3261666285_86fceb762d.jpg,7.701080522e-10
3484832904_08619300d9.jpg,-1.386901907e-09
2229509318_be3fef006b.jpg,3.023872738e-09
1229756013_94663527d7.jpg,1.310111638e-09
2448270671_5e0e391a80.jpg,-1.55477145e-09
3415113018_7b95ddcd11.jpg,7.111174199e-10
448590900_db83c42006.jpg,1.664713367e-09
228949397_9e63bfa775.jpg,1.917422725e-09
3561537309_e271d57492.jpg,1.062013071e-10
3475005101_6f6e437459.jpg,-3.114392334e-09
753578547_912d2b4048.jpg,-1.541700721e-09
3429194423_98e911a101.jpg,-7.322313387e-10
3529721084_4b405baf54.jpg,2.955017378e-09
694496803_f2a05869cf.jpg,4.569833372e-09
3228517564_74b00a923b.jpg,6.084417118e-10
2218843713_cf28ea319e.jpg,-5.546728985e-09
2782433864_5a0c311d87.jpg,-3.268819799e-10
2218519240_cac5aab53c.jpg,3.415348055e-09
3266261886_36e1323d2f.jpg,-3.622842396e-09
2354829523_9542fc74ba.jpg,6.790851431e-09
3650986674_3e101c606b.jpg,4.503600496e-09
501684722_0f20c4e704.jpg,-3.800884384e-09
3282634762_2650d0088a.jpg,-5.728996987e-10
3279025792_23bfd21bcc.jpg,-1.464229242e-09
3351586010_7ffaa90ea8.jpg,2.016200157e-09
3562302012_0cbcd01ff9.jpg,-3.008941298e-09
3255620561_7644747791.jpg,-9.809587621e-09
3341782693_426bf7139b.jpg,4.934136871e-09
2084217208_7bd9bc85e5.jpg,-2.367758122e-09
3159447439_c1496cbaea.jpg,-2.572257087e-09
2275372714_017c269742.jpg,-1.697389421e-09
367673290_f8799f3a85.jpg,-7.610458768e-10
566397227_a469e9e415.jpg,2.553961889e-10
428483413_b9370baf72.jpg,1.903683405e-09
708860480_1a956ae0f7.jpg,-4.01955271e-09
3423225860_16e26eef74.jpg,-4.873864952e-10
2578395598_6982734d46.jpg,6.507355054e-10
2045109977_b00ec93491.jpg,-9.279396712e-09
3512791890_eb065b460a.jpg,5.768185473e-09
3564742915_5f940b95b4.jpg,1.011378851e-09
3364258732_9942c557e5.jpg,-8.677800916e-10
222878446_32c6fc4bc9.jpg,-1.444509037e-09
2992808092_5f677085b7.jpg,3.155614593e-09
1237985362_dbafc59280.jpg,-2.10551022e-09
3169276423_6918dd4da1.jpg,-1.696560411e-09
3680218298_582e6a2289.jpg,-1.780166908e-09
521186251_e97d1f50f8.jpg,1.335145586e-09
2701603045_6cbdc4ce7c.jpg,-6.238199891e-09
3173215794_6bdd1f72d4.jpg,-9.772548217e-09
2853743795_e90ebc669d.jpg,-2.401954882e-10
2607462776_78e639d891.jpg,1.914679122e-09
2157173498_2eea42ee38.jpg,2.360995115e-09
3638688673_176f99d7fd.jpg,-1.838759131e-09
3008370541_ce29ce49f0.jpg,-2.677020487e-09
2217728745_92b6779016.jpg,-3.923948911e-10
369360998_ba56fb436f.jpg,2.607931554e-09
2882056260_4399dd4d7c.jpg,1.019817224e-08
1370773415_967b1ffde1.jpg,-1.97125818e-09
693164706_9624582e69.jpg,-3.897488391e-09
3449846784_278bc1ba92.jpg,-1.442332844e-08
3658427967_6e2e57458d.jpg,-2.732963682e-09
3428038648_993a453f9e.jpg,3.79648144e-10
1579198375_84b18e003a.jpg,-7.171588039e-09
2844747252_64567cf14a.jpg,1.793634595e-10
2838619742_eed855d8a8.jpg,3.093046237e-09
3741462565_cc35966b7a.jpg,-4.443708916e-10
3350671534_2a5d45a961.jpg,1.110371723e-10
3584561689_b6eb24dd70.jpg,-6.739194763e-09
2654514044_a70a6e2c21.jpg,4.356970877e-09
2526041608_a9775ab8d7.jpg,-1.36917756e-09
3677514746_26f5588150.jpg,1.420366525e-09
3122606953_a979dd3d33.jpg,5.21198249e-10
2839890871_4b7c7dbd96.jpg,-3.970294879e-09
107582366_d86f2d3347.jpg,-3.11370916e-09
2977379863_2e8d7a104e.jpg,-3.223080453e-09
170100272_d820db2199.jpg,1.069602853e-09
3165123595_8db9f918bf.jpg,3.058408486e-09
1937262236_cbf5bfa101.jpg,7.021577081e-09
3429351964_531de1bf16.jpg,3.14003709e-09
3103340819_46de7954a9.jpg,8.348860085e-10
3612484827_0e479f9ee8.jpg,-2.708838931e-10
2435685480_a79d42e564.jpg,6.972073529e-09
862156271_3eacea90a8.jpg,1.11567052e-09
3229442620_fd47d01b59.jpg,1.354142216e-08
3511062827_cd87871c67.jpg,-1.162304213e-08
2807177340_bc85291df5.jpg,5.004425908e-09
3477681171_b1bb8b211d.jpg,-4.501708533e-09
2724485630_7d2452df00.jpg,-3.788998442e-10
2597873827_a5cb3e57ba.jpg,5.382366045e-09
3564907603_14ccc655f1.jpg,1.405442883e-09
3517023411_a8fbd15230.jpg,-1.214781894e-09
2833431496_09d999db4d.jpg,-2.989591357e-09
3109688427_d2e702456c.jpg,-1.232965747e-09
3099923914_fd450f6d51.jpg,4.796475159e-09
93922153_8d831f7f01.jpg,-1.269240055e-09
2577972703_a22c5f2a87.jpg,2.119936578e-09
2505360288_c972bd29c4.jpg,2.627241637e-09
2085078076_b9db242d21.jpg,-2.922512183e-09
3254817653_632e840423.jpg,-5.317682294e-10
2607099736_8681f601d9.jpg,-3.712512967e-09
3017220118_6a9212dfdb.jpg,9.11781589e-10
3537920947_6c5a956f47.jpg,2.203744875e-09
1463732807_0cdf4f22c7.jpg,5.291194704e-09
2913207978_9e9624e249.jpg,5.632303385e-09
2596474836_79468f23a0.jpg,-4.73296718e-09
3329254388_27017bab30.jpg,-4.066669954e-09
3498240367_cbd8c6efbf.jpg,-1.661929202e-09
3630102841_b4c3e00b2c.jpg,9.629201813e-12
3349968447_b5d4a477b2.jpg,-3.551556739e-10
2266061169_dfbf8f0595.jpg,-7.632062475e-10
2363419943_717e6b119d.jpg,8.979351773e-10
241346352_c5a0ea43c6.jpg,1.712271543e-09
2890113532_ab2003d74e.jpg,9.578110512e-10
3450776690_38605c667d.jpg,3.201537797e-09
3515358125_9e1d796244.jpg,-3.598883263e-09
1299459550_1fd5594fa2.jpg,-5.409589558e-09
268365231_a0acecdc45.jpg,-3.951530961e-09
481887827_f8975dabf1.jpg,3.254894496e-09
537559285_29be110134.jpg,4.212629465e-09
190965502_0b9ed331d9.jpg,2.901731041e-09
3642220260_3aa8a52670.jpg,2.315951102e-09
1786425974_c7c5ad6aa1.jpg,-6.736186086e-10
448257345_ce149c2ea6.jpg,4.716008051e-11
3681575323_433d007650.jpg,-9.923650088e-10
1417882092_c94c251eb3.jpg,3.518087573e-09
487071033_27e460a1b9.jpg,9.678407176e-10
2555622234_3e531e4014.jpg,3.974590348e-09
130211457_be3f6b335d.jpg,-2.648696576e-09
278105206_df987b0ca0.jpg,-1.795030892e-09
2745441424_5659f6acc8.jpg,3.653679951e-09
3501313414_ae865b6fdf.jpg,3.562150286e-09
3557316485_574a5f7a89.jpg,4.029262779e-09
246041128_bedb09ed74.jpg,1.716114483e-09
3618908551_7fd2de5710.jpg,-8.015654403e-10
2647049174_0fb47cee2e.jpg,5.780768486e-09
2056930414_d2b0f1395a.jpg,1.922211674e-09
2354540393_a149722680.jpg,-2.604145602e-09
211277478_7d43aaee09.jpg,-7.955385179e-09
539801139_7258ee437f.jpg,1.776326286e-09
2292406847_f366350600.jpg,2.564990723e-09
210625425_fb1ef5d23b.jpg,3.683431298e-09
1576185717_f841ddc3da.jpg,6.433239389e-10
3431121650_056db85987.jpg,9.547232903e-10
1809796012_a2dac6c26b.jpg,2.420110355e-09
229978782_3c690f5a0e.jpg,1.846799067e-09
2911919938_6bb6587a36.jpg,-1.762192184e-09
2076906555_c20dc082db.jpg,-8.841139037e-09
3231751379_10ebf7150c.jpg,5.757977326e-09
2858903676_6278f07ee3.jpg,7.963454186e-09
3613323772_d15cef66d1.jpg,-2.622875392e-09
2144050118_3e7d2e05b1.jpg,8.737134282e-10
2701895972_8605c4e038.jpg,6.193564401e-09
3208987435_780ae35ef0.jpg,1.287624848e-09
1235685934_be89b231fb.jpg,-1.222234206e-09
2384728877_48c85d58af.jpg,2.775737338e-09
1418019748_51c7d59c11.jpg,-6.536059951e-09
3143159297_6f2f663ea6.jpg,-1.909013246e-09
321229104_3cbaf0f51c.jpg,-4.709119138e-09
3340575518_137ce2695f.jpg,2.097018751e-09
300274198_eefd8e057e.jpg,1.935871557e-09
2099323664_bb20457f26.jpg,-9.515523261e-09
3352791995_8db4979aca.jpg,-2.174161567e-09
3379839396_0cd84b55f1.jpg,-9.866036634e-10
1432179046_8e3d75cf81.jpg,7.452173503e-09
3532200762_b28c39d311.jpg,4.904787963e-09
2110692070_8aaaa1ae39.jpg,-6.317507257e-10
3347666612_659e6e2207.jpg,4.00401882e-09
3472270112_0a7cb7b27c.jpg,1.253639958e-09
524031846_28b11bc0e5.jpg,-3.121246991e-09
3341477531_4e37450f35.jpg,8.080252756e-09
3484842724_ef1124c87a.jpg,2.103176864e-09
491405109_798222cfd0.jpg,-6.709442649e-10
3667157255_4e66d11dc2.jpg,-2.560582805e-10
2299859649_07ca44a222.jpg,-7.904200251e-09
3121521593_18f0ec14f7.jpg,-2.970070029e-09
837919879_94e3dacd83.jpg,-3.734537062e-09
3484625231_5b1a1a07b8.jpg,-7.935082006e-09
3030566410_393c36a6c5.jpg,3.521630363e-09
404702274_fa8b3fe378.jpg,-2.667088021e-09
3030294889_78b2ccbe51.jpg,-4.579206976e-10
1547883892_e29b3db42e.jpg,-1.467963146e-09
1505686764_9e3bcd854a.jpg,-1.558370027e-09
2842849030_89548af61c.jpg,-1.956260167e-09
3120648767_812c72eabe.jpg,2.532628772e-09
480505313_2dc686e5db.jpg,1.6349131e-09
2092870249_90e3f1855b.jpg,-4.076398201e-09
2856524322_1d04452a21.jpg,-4.558256249e-09
3571147934_d1c8af1d6e.jpg,5.262529443e-09
3240558825_cd859d6230.jpg,8.048703146e-09
1379026456_153fd8b51b.jpg,-1.460847218e-09
3489774350_a94e6c7bfc.jpg,-2.621287838e-09
3564007203_df2b8010f1.jpg,-8.100615981e-09
239453674_0df7767208.jpg,1.598027849e-09
3422394336_e465f60b7c.jpg,6.857363196e-09
3215081286_d55541aa6b.jpg,1.206295365e-09
255266148_7ba7df1a88.jpg,-1.733825695e-09
3514297698_0512623955.jpg,8.405328709e-10
3581818450_546c89ca38.jpg,-4.082400539e-10
97406261_5eea044056.jpg,-1.803820097e-09
3209966887_5b744bd050.jpg,-2.686708148e-09
2621415349_ef1a7e73be.jpg,1.129238338e-08
3072730593_b7322d2e05.jpg,1.069570097e-09
255741044_1102982213.jpg,5.142870385e-09
2602415701_7674eb19e4.jpg,3.523444866e-09
3424424006_98f9d1921c.jpg,5.918967263e-10
3147758035_e8a70818cb.jpg,-4.644744073e-10
3655074079_7df3812bc5.jpg,1.102666049e-09
3359636318_39267812a0.jpg,1.018005033e-08
3296226598_1c892c4351.jpg,-4.958972922e-09
2247192427_5e106f24a9.jpg,1.938739462e-09
2675397335_1dcdbd12f5.jpg,-2.758506052e-09
3471571540_b4ab77f20d.jpg,-5.680520607e-10
2162469360_ff777edc95.jpg,6.82978551e-10
3627011534_485f667b10.jpg,-3.346508874e-09
2831723637_30d4456665.jpg,-5.370118138e-09
3018304737_0a46fc5f1d.jpg,-3.671144293e-09
3166969425_b5ace2f9c2.jpg,-5.681649196e-09
3200120942_59cfbb3437.jpg,-2.152631952e-09
1685990174_09c4fb7df8.jpg,-5.952969451e-09
2480850054_de3433b54a.jpg,4.320175104e-09
3350786891_6d39b234e9.jpg,3.645448678e-10
3724759125_2dc0e1f4a3.jpg,-5.419206119e-09
2396746868_0727e06983.jpg,-2.47527135e-09
3671851846_60c25269df.jpg,-1.302574106e-09
1348947380_14f0fc1237.jpg,1.441607785e-09
1253275679_e955fb7304.jpg,-3.664704039e-09
3347500603_13670ee6bf.jpg,1.791680304e-09
1410193619_13fff6c875.jpg,2.688156709e-10
3174196837_800689a2f3.jpg,-1.578012945e-09
1067790824_f3cc97239b.jpg,-6.783636854e-10
1468389504_c724bdcad0.jpg,2.405706608e-09
3309042087_ee96d94b8a.jpg,6.533673888e-10
421316045_ae7a1eb4bc.jpg,4.466509116e-09
483136916_16976f4902.jpg,-6.948546224e-09
3549464203_8ab9c6160b.jpg,-4.756068705e-10
3739833689_a0038545bd.jpg,1.425212139e-09
3640443200_b8066f37f6.jpg,1.154490584e-09
3339558806_b4afdc8394.jpg,5.211461438e-09
3270273940_61ef506f05.jpg,-4.476283813e-09
427557693_1108566fd2.jpg,1.856881311e-09
2883950737_3b67d24af4.jpg,-4.75491269e-09
3222842866_cb85243ce4.jpg,7.378356117e-09
2518219912_f47214aa16.jpg,-9.397870504e-11
2805101709_1c8916f63a.jpg,-1.920734976e-09
143688895_e837c3bc76.jpg,1.348249528e-09
241345844_69e1c22464.jpg,-1.007171285e-09
223299137_b0e81ac145.jpg,2.492274365e-09
3237760601_5334f3f3b5.jpg,-1.04836308e-09
3092756650_557c5f2d03.jpg,-9.148210997e-09
1287073593_f3d2a62455.jpg,-8.15407786e-09
3440160917_4524cfd9f6.jpg,2.421897502e-09
442918418_0f29c97fa9.jpg,3.265012494e-09
2874728371_ccd6db87f3.jpg,2.571671508e-09
2603033456_3584d95116.jpg,6.339519116e-09
3468023754_8a07d4c56e.jpg,4.849991997e-09
3427614912_b147d083b2.jpg,6.054678081e-10
3465473743_7da0c5d973.jpg,-4.865853811e-10
3247423890_163f00a2cb.jpg,2.233462598e-09
2978409165_acc4f29a40.jpg,1.189294281e-10
2271955077_0020b4ee0d.jpg,-3.464247852e-10
261490838_2f3ac98b12.jpg,-1.284660368e-09
336551615_a01418bc53.jpg,-1.653080526e-09
2804374083_311f98f5f2.jpg,6.30197299e-09
328916930_e4d4be1730.jpg,-5.92390713e-09
1197800988_7fb0ca4888.jpg,-3.909458133e-10
294353408_d459bdaa68.jpg,-1.186156966e-09
310213587_778fe8fb5b.jpg,3.933059772e-09
3524519277_bd0c3e7382.jpg,-2.820974015e-09
2102581664_5ea50f85c6.jpg,-1.270281188e-09
2813784259_d201044d71.jpg,1.205889295e-10
3080891382_edf83dde18.jpg,8.192437265e-11
1290894194_8a4ffdc7eb.jpg,3.820601709e-09
3361990489_92244a58ef.jpg,-7.921165153e-09
377872672_d499aae449.jpg,-2.516150364e-09
2097420505_439f63c863.jpg,1.331328631e-09
3309578722_1765d7d1af.jpg,4.050584713e-09
3271178748_630d269811.jpg,1.423661659e-08
3436259762_43709321ff.jpg,-3.966880854e-09
3452411712_5b42d2a1b5.jpg,-1.257347019e-10
3526431764_056d2c61dc.jpg,-8.17307766e-11
247618600_239eeac405.jpg,-2.50336801e-09
495033548_bd320405d8.jpg,-9.929341367e-10
1516714577_7d1c35a8d8.jpg,-4.256617276e-09
358875403_f357f03713.jpg,-3.440698111e-09
3602676311_824b2c04ba.jpg,-3.442388094e-09
119534510_d52b3781a3.jpg,4.814891185e-09
2381613738_d8d2012e3c.jpg,1.199291224e-10
3339319023_5dcc3ef81a.jpg,2.545972099e-09
2417623030_afdc1024b5.jpg,4.551720279e-09
3108732084_565b423162.jpg,1.376699546e-09
3522025527_c10e6ebd26.jpg,3.376073216e-10
3342271377_446ffc34c0.jpg,-5.28883419e-09
2656688132_d93be870e0.jpg,1.072976632e-09
476740978_45b65ebe0c.jpg,6.693838178e-09
693450725_8ad72389e6.jpg,-8.04276364e-09
242324909_06d5a6c44b.jpg,4.081219857e-09
3159092624_66af4e207e.jpg,8.563752949e-10
3622929632_26fb800000.jpg,-3.499282703e-09
2629295654_59ea1472a1.jpg,-4.67533177e-09
518610439_b64ab21c02.jpg,2.738857665e-09
127490019_7c5c08cb11.jpg,7.978702871e-10
371522748_dc557bcd6c.jpg,1.164192845e-09
2590207488_ddd89037ba.jpg,4.732282866e-09
209605542_ca9cc52e7b.jpg,-3.889911874e-09
3691592651_6e4e7f1da9.jpg,4.280028175e-09
3710674892_857b8056f7.jpg,-5.13416423e-09
3545779287_8f52e06909.jpg,3.856138935e-09
2696060728_3043cfc38c.jpg,-1.196722676e-09
166321294_4a5e68535f.jpg,-3.334177172e-09
3047144646_2252ff8e04.jpg,2.80368683e-09
3448490813_f9623e864d.jpg,5.147958219e-09
3425573919_409d9e15b2.jpg,-3.054841446e-09
2860041212_797afd6ccf.jpg,2.548060043e-09
241346580_b3c035d65c.jpg,-3.152897371e-09
3562903245_85071bb5f9.jpg,2.811804461e-09
3314900697_c5c5ae9af6.jpg,-7.314396799e-09
467960888_6943257534.jpg,3.727885151e-09
3525453732_f74a38f111.jpg,-1.25922522e-09
911527312_f81ee36b97.jpg,1.898678164e-09
3211581957_df2f7e2236.jpg,3.659068831e-09
3532205154_5674b628ea.jpg,9.917291532e-09
3639704469_fe83e1c9b7.jpg,-6.500375035e-09
3342855466_44038a8aa3.jpg,5.720438586e-10
3014546644_d53db746ec.jpg,1.980059543e-09
121971540_0a986ee176.jpg,-6.159048373e-09
2518094853_dfce24ce8c.jpg,1.045176997e-09
1874617189_e85d3f4326.jpg,-4.946099793e-09
3453544202_3855ab34b6.jpg,2.87253878e-09
3109136206_f7d201b368.jpg,2.607248504e-09
2300229745_af7a20c959.jpg,1.548712145e-09
3638178504_be1ff246bd.jpg,-2.296543491e-09
3586239953_da4fb3f775.jpg,2.187067733e-09
533713001_2d36e93509.jpg,1.330061329e-10
49553964_cee950f3ba.jpg,1.724206039e-09
2053006423_6adf69ca67.jpg,1.081397128e-09
3549997413_01388dece0.jpg,4.758552532e-09
3286822339_5535af6b93.jpg,-1.981914242e-09
621000329_84f48948eb.jpg,4.016231681e-09
3534824784_7133119316.jpg,-4.725149248e-09
374103776_0de490c1b0.jpg,2.581137939e-09
2384626662_67cdd87694.jpg,5.323177622e-09
3457045393_2bbbb4e941.jpg,2.898351163e-09
3139160252_75109e9e05.jpg,1.454412225e-09
128912885_8350d277a4.jpg,-3.586707189e-10
3547499166_67fb4af4ea.jpg,-3.037610745e-10
2090387793_274ab4cf7d.jpg,-3.311190029e-09
1262454669_f1caafec2d.jpg,-2.23818356e-09
3558438174_d8f41438a4.jpg,-6.474779485e-10
2445783904_e6c38a3a3d.jpg,3.521714398e-09
2597958208_e03aa149c9.jpg,6.576627264e-09
241347214_5f19e7998c.jpg,5.847356459e-10
3212085754_35fdc9ccaa.jpg,-1.198686112e-09
357725852_6f55cb9abc.jpg,-3.899965872e-09
516761840_842dabc908.jpg,-1.66249262e-09
3620343911_64a862904e.jpg,7.74622513e-10
3592992234_6d3fe58a70.jpg,1.090145506e-09
3015863181_92ff43f4d8.jpg,2.067271416e-09
2229177914_3308fe7d20.jpg,2.010297783e-09
3202255152_08973fa3d7.jpg,4.564530784e-09
3630991662_990f397f7c.jpg,-1.202283321e-09
2963573792_dd51b5fbfb.jpg,4.180536032e-09
2839807428_efe42423f2.jpg,-1.145101797e-09
397982550_cf9f5cdb74.jpg,-7.391201955e-09
2140182410_8e2a06fbda.jpg,3.689661562e-09
2887171449_f54a2b9f39.jpg,2.133324183e-09
3244171699_ace4b5d999.jpg,3.060731869e-09
2522230304_1581d52961.jpg,8.567326418e-10
2535746605_8124bf4e4f.jpg,3.354834912e-09
3710520638_866d542a80.jpg,-5.771935299e-10
2579899436_5086a33c7a.jpg,-6.48913353e-09
3717845800_ab45e255b8.jpg,-9.50057691e-09
3107059919_0594269f72.jpg,-6.432060759e-10
3402638444_dab914a3de.jpg,-1.666922048e-09
3409326324_a704565e8f.jpg,1.057451751e-09
1296770308_3db2022f5a.jpg,-2.675240931e-09
2550109269_bc4262bd27.jpg,-2.853838889e-09
3352871762_c9e88592d3.jpg,1.316160507e-09
424307754_1e2f44d265.jpg,-4.475195802e-09
3103185190_eb8729c166.jpg,-1.468988712e-09
1805990081_da9cefe3a5.jpg,-2.506822973e-09
3720210639_18bb34e475.jpg,4.694760242e-09
2589241160_3832440850.jpg,-4.261528517e-09
1057251835_6ded4ada9c.jpg,3.54405361e-10
3503624011_733d745d5a.jpg,2.162870384e-09
3514278386_de2343577e.jpg,1.960397467e-09
3636491114_ab34dac833.jpg,-1.797995503e-09
1446053356_a924b4893f.jpg,4.618482687e-09
469617651_278e586e46.jpg,2.834667127e-09
2533010184_ef2fd71297.jpg,2.786168676e-09
191592626_477ef5e026.jpg,1.369813539e-09
3618525295_d32d634b2e.jpg,-5.280715414e-09
583174725_6b522b621f.jpg,2.770359179e-09
278559394_b23af734b9.jpg,-1.560078994e-10
2176364472_31fcd37531.jpg,1.76472742e-08
697582336_601462e052.jpg,1.439892211e-09
2659183350_730951f740.jpg,-1.692822728e-09
398413603_166896900f.jpg,-2.433510721e-09
2423894412_d952d5d103.jpg,5.55566352e-10
279230262_e541f9b670.jpg,-4.678150942e-09
2572101672_4d699c8713.jpg,4.696905696e-09
3107592525_0bcd00777e.jpg,8.986654688e-09
2602279427_191773c9e2.jpg,1.933958758e-09
2137789511_69a6c6afa8.jpg,9.477150649e-10
2553619107_d382a820f9.jpg,-7.238120782e-09
257588281_39e1c9d929.jpg,1.988979303e-09
511282305_dbab4bf4be.jpg,-1.090738862e-11
3264678536_46601d25f0.jpg,1.140822344e-08
2894229082_ddc395f138.jpg,3.224753718e-09
536495604_b22bbc905a.jpg,-5.272335801e-09
2599903773_0f724d8f63.jpg,1.801185089e-09
3036971334_78187a9570.jpg,-2.011765507e-09
1394599090_fe0ba238f0.jpg,-2.658950716e-09
460781612_6815c74d37.jpg,-4.743566783e-09
864290968_eccb46d5ab.jpg,2.502105871e-09
294549892_babb130543.jpg,-6.369888036e-09
2158267555_db1d94e468.jpg,-1.649617486e-09
3672105509_53b13b2ed4.jpg,-5.883140196e-09
2472980433_210ec62874.jpg,4.94055356e-11
1417637704_572b4d6557.jpg,4.684972565e-09
3594566537_55bd712fdb.jpg,2.929818153e-09
2344875609_8e172d682b.jpg,-2.535124762e-10
3368671163_0171259581.jpg,-1.255158265e-09
3589895574_ee08207d26.jpg,-8.459536563e-09
961189263_0990f3bcb5.jpg,3.434310736e-09
2881087519_ca0aa79b2b.jpg,4.429592248e-09
2796801478_8ebd7e550b.jpg,4.720482009e-09
97577988_65e2eae14a.jpg,-4.821551601e-10
3341489212_a879e1544a.jpg,9.297736697e-09
1456630952_dd4778a48f.jpg,1.587455433e-09
2173677067_9d0732bcc2.jpg,-5.748047772e-09
3019857541_3de3e24f54.jpg,-8.338334794e-09
414773731_c3f5bf43d5.jpg,4.935250168e-09
2924884815_63826aa60d.jpg,6.281990705e-09
2214847438_4993210d4c.jpg,2.844586547e-09
2629027962_9cc3b46527.jpg,-1.880978573e-08
3717309680_e5105afa6d.jpg,6.673478257e-09
3488837187_0c7264a16c.jpg,3.949863181e-09
1689658980_0074d81d28.jpg,2.779704574e-09
2848895544_6d06210e9d.jpg,3.604167992e-09
3591458156_f1a9a33918.jpg,-3.125997975e-09
2587696611_db0378710f.jpg,-3.396082205e-09
3676432043_0ca418b861.jpg,-4.441947377e-09
3672106148_56cfb5fc8d.jpg,4.300503431e-10
3282121432_648dac8a29.jpg,-6.839168508e-10
2426781076_e3f4d2685c.jpg,1.242526847e-09
2916009941_34a0013803.jpg,-1.40897574e-09
2923891109_ea0cc932ed.jpg,-4.763240244e-09
1287920676_d21a0b289b.jpg,4.957341333e-10
56494233_1824005879.jpg,-1.084687081e-09
2853407781_c9fea8eef4.jpg,5.596579861e-09
3610836023_3a972b10b0.jpg,5.337068106e-09
2225864432_48a24f49a4.jpg,-3.44721709e-09
1408958345_68eea9a4e4.jpg,-7.104772241e-09
3212465975_b657f40eed.jpg,-4.545152817e-09
2258951972_92763fddab.jpg,-8.183122159e-09
2755362721_368cbde668.jpg,-2.713269692e-09
2741051940_89fb6b2cee.jpg,-1.031912431e-09
2950393735_9969c4ec59.jpg,-5.095677338e-09
2463067409_78188c584c.jpg,-3.828652343e-10
224369028_b1ac40d1fa.jpg,-5.951511809e-09
396179143_e1511336e1.jpg,6.883303916e-09
2756636539_cc1eacbf4a.jpg,5.249632057e-10
2325816912_b3bb41cdbb.jpg,2.44621024e-09
2914331767_8574e7703d.jpg,1.085273645e-09
1510669311_75330b4781.jpg,-4.244303043e-09
323657582_b6b6d8f7bd.jpg,-3.147987695e-09
2877511986_c965ced502.jpg,4.636689487e-09
3679405397_bb130ea3c2.jpg,-2.45772802e-10
335588286_f67ed8c9f9.jpg,-9.72261453e-10
1174525839_7c1e6cfa86.jpg,-6.329820066e-09
3587077732_0933f1677b.jpg,-7.539670478e-09
3646820231_2abc736840.jpg,-6.34354575e-09
2504277798_936a09c74d.jpg,-1.391536509e-09
3364160101_c5e6c52b25.jpg,-1.199477571e-09
848180689_d67a1361ce.jpg,-9.109307006e-10
3095225232_2e6e6dc92e.jpg,-7.072545823e-09
2303951441_3c8080907a.jpg,-2.049431079e-09
2559114800_17310f3015.jpg,2.233712039e-09
3331190056_09f4ca9fd2.jpg,3.715518834e-09
268704620_8a8cef4cb3.jpg,3.694753606e-09
3249597269_935e0a375a.jpg,-3.53241602e-09
3301859683_2d5e4b40a3.jpg,-1.129217491e-08
3393343330_b13df4d8ec.jpg,-4.503554442e-09
1433088025_bce2cb69f8.jpg,3.053658452e-09
2533424347_cf2f84872b.jpg,1.068822384e-09
2367816288_7c2d11d3c5.jpg,-2.417941067e-09
3312779887_7682db7827.jpg,-1.037603118e-08
3167365436_c379bda282.jpg,-1.143019505e-09
3431101934_99a6c55914.jpg,-2.73841126e-09
1517721825_10176d0683.jpg,-1.307417213e-09
3662909101_21b9e59a3e.jpg,4.388248181e-09
3251088971_f4471048e3.jpg,-1.70571932e-09
2066048248_f53f5ef5e2.jpg,6.35968858e-09
3329793486_afc16663cc.jpg,-1.884294051e-09
1884727806_d84f209868.jpg,2.730550373e-10
2837127816_24441e5f7c.jpg,-9.189490714e-09
2928835996_88b9f9503d.jpg,-5.533102728e-09
2423138514_950f79e432.jpg,4.97614465e-09
3457784061_8f77f43a9c.jpg,2.337717045e-09
2249141510_f534708374.jpg,5.430838531e-09
3074265400_bf9e10621e.jpg,1.353944814e-09
3695949492_27ca3892fd.jpg,-1.965451347e-09
3221036999_3f7b152d8a.jpg,-8.763892021e-10
308014594_f1d5e75507.jpg,1.729460526e-09
3172384527_b107385a20.jpg,3.393851273e-09
3446191973_1db572ed8a.jpg,6.052494245e-09
3600909823_ce72c26e66.jpg,1.660235945e-10
2985679744_75a7102aab.jpg,-4.314868647e-09
2469498117_b4543e1460.jpg,-1.034301797e-10
2073756099_7e02c0110c.jpg,-4.937947881e-09
3429641260_2f035c1813.jpg,2.411785673e-09
2100909581_b7dde5b704.jpg,1.358368606e-09
542317719_ed4dd95dc2.jpg,-3.294231181e-10
446138054_d40c66d5f0.jpg,-6.662432607e-10
2694178830_116be6a6a9.jpg,3.051021915e-09
1489286545_8df476fa26.jpg,4.688009353e-09
2377460540_8cfb62463a.jpg,-4.301864407e-09
2559503010_84f20b3bc9.jpg,3.158615763e-09
2409312675_7755a7b816.jpg,-1.307735967e-09
2467821766_0510c9a2d1.jpg,-9.809026324e-10
242559369_9ae90ed0b4.jpg,8.596904829e-09
1420060118_aed262d606.jpg,5.240139153e-10
3276895962_c053263d01.jpg,-7.948786613e-10
2718027742_70a72f99ae.jpg,-3.49208974e-09
2203615439_3c7cdc39dc.jpg,8.138410953e-10
3301822808_f2ccff86f4.jpg,3.099418964e-09
61209225_8512e1dad5.jpg,-1.267102022e-09
3247693965_845b3b4349.jpg,-3.749025789e-09
3606093421_eddd46c2c7.jpg,-7.665287906e-09
2208631481_3e4a5675e1.jpg,1.204954815e-08
3587941206_36769c3f1d.jpg,1.767456401e-10
96420612_feb18fc6c6.jpg,3.668142582e-10
2730994020_64ac1d18be.jpg,-1.157520094e-08
1388970365_162edcceb4.jpg,5.287358421e-09
3331797838_b3e33dbe17.jpg,3.802096283e-10
1057089366_ca83da0877.jpg,2.677561923e-09
3046429283_08de594901.jpg,1.239781385e-08
523985664_c866af4850.jpg,-8.711194114e-09
3561314880_ea9a7e245f.jpg,4.810374585e-09
3613175012_bcd063e7c9.jpg,2.944222926e-09
2892992529_f3335d0a71.jpg,4.711672293e-09
1301140633_046e4e8010.jpg,-9.527077498e-10
2834752476_3177e617f1.jpg,6.294409258e-10
1189977786_4f5aaed773.jpg,5.156826607e-09
3640020134_367941f5ec.jpg,-2.129420624e-09
1798209205_77dbf525b0.jpg,3.759228464e-09
3462454965_a481809cea.jpg,-4.966685553e-09
3441145615_b4fcd9eea0.jpg,-4.318498462e-09
3640104986_5d8c9a9948.jpg,-1.246089099e-08
2766148353_70b2e8070f.jpg,1.012695384e-09
3707738261_777075e885.jpg,-2.380797299e-09
500308355_f0c19067c0.jpg,5.691527821e-10
421730441_6b2267fd31.jpg,-8.626316549e-09
2519483556_2b1632a18c.jpg,3.748905867e-09
2421446839_fe7d46c177.jpg,-5.156070429e-10
2364774105_fbaf0c191f.jpg,5.034152596e-09
2432038587_5e4148e277.jpg,7.904644951e-10
3170110692_d1e0e66cee.jpg,5.453887082e-09
3330675488_8692476a4a.jpg,1.403308749e-09
2148013097_6a4f495bc5.jpg,-2.577232346e-09
3558796959_fc4450be56.jpg,-4.088107496e-09
2975118353_5af5a5df54.jpg,1.627999513e-09
532131603_c82d454c8a.jpg,-8.080819481e-09
235074044_c1358888ed.jpg,-4.430185031e-10
3430779304_43a2146f4b.jpg,2.670465242e-09
1308472581_9961782889.jpg,-1.012976436e-09
136886677_6026c622eb.jpg,-7.706414476e-10
2826574228_c63009e473.jpg,1.782803521e-09
2238759450_6475641bdb.jpg,-1.59829454e-09
2475300106_b8563111ba.jpg,-3.956444297e-09
1579798212_d30844b4c5.jpg,3.710925526e-09
3085667865_fa001816be.jpg,-6.127040815e-09
494921598_af73bda568.jpg,-5.826517322e-09
3516521516_9950340b96.jpg,5.275119823e-10
2698119128_62b4741043.jpg,-1.476244597e-09
2258662398_2797d0eca8.jpg,4.317360288e-09
3497106366_d1a256e723.jpg,1.924625175e-09
2355093195_87fb7f82cb.jpg,5.379421972e-10
2582390123_71120edb0c.jpg,-5.068666472e-10
940973925_a2e6d7951c.jpg,-1.28821307e-09
561179890_af8e31cb2e.jpg,-1.591046538e-09
1303335399_b3facd47ab.jpg,8.377733071e-10
2831578193_3c997ae330.jpg,-4.585828229e-09
2479180530_7ebba2d8bf.jpg,2.957345137e-09
3113322995_13781860f2.jpg,-3.681584832e-09
1394620454_bf708cc501.jpg,2.225386493e-09
635444010_bd81c89ab7.jpg,1.533889761e-09
3543294190_0037c59607.jpg,7.843790761e-09
531261613_f1a045cd75.jpg,4.204395445e-09
3186527735_6e9fe2cf88.jpg,-4.85463462e-09
3127614086_9f1d3cf73d.jpg,-5.95445999e-09
3432495898_a5859f06b6.jpg,2.938240194e-09
1184967930_9e29ce380d.jpg,2.856772325e-09
3459492423_c881f12c9f.jpg,-7.915156296e-09
2988244398_5da7012fce.jpg,-2.159649362e-09
391324644_d23fdf06cb.jpg,-6.42969276e-10
3657503733_9888ccf05e.jpg,9.586444207e-11
2511762757_bd0ab0a017.jpg,5.393415747e-10
3038941104_17ee91fc03.jpg,1.261558834e-09
534886684_a6c9f40fa1.jpg,2.012025113e-09
3647446816_bd4383c828.jpg,7.236212846e-09
2888702775_0939a6680e.jpg,1.529721813e-09
3143982558_9e2d44c155.jpg,4.99919625e-09
532914728_c5d8d56b0b.jpg,-9.006032364e-09
241347356_8a515555fd.jpg,5.765413775e-09
3361411074_83f27d2a1c.jpg,-2.137176572e-10
3332202255_a30c522664.jpg,-2.421994301e-09
2393911878_68afe6e6c1.jpg,2.69378981e-09
2998277360_9b4c0192f1.jpg,-4.544468221e-09
3571039224_b34fa2f94c.jpg,6.945452816e-09
2715337869_e4fe36db50.jpg,1.067992335e-09
3149919755_f9272b10b3.jpg,-1.340114672e-09
2781296531_f6f0f6c0f5.jpg,4.816393958e-09
485054073_fef8b80b4b.jpg,3.625141053e-09
3281580623_8c3ba0fdb2.jpg,-4.399347204e-09
186890605_ddff5b694e.jpg,4.559097859e-09
3689975998_72f50b6d91.jpg,5.534764248e-09
489865145_65ea6d1c14.jpg,-1.820808393e-09
238512430_30dc12b683.jpg,7.685955469e-09
3135826945_f7c741e5b7.jpg,-2.346582397e-09
1079274291_9aaf896cc1.jpg,7.165679478e-09
3619630328_2d0865b6f4.jpg,4.668464183e-10
2896298341_92d718366a.jpg,6.79870805e-09
3430782104_34da558eba.jpg,2.891205061e-09
3171651115_e07b9d08f6.jpg,9.77240776e-09
3667404919_b273df57e4.jpg,2.769670986e-09
2268729848_d418451226.jpg,3.918016281e-10
2355763034_9fb61a8165.jpg,-4.243408358e-09
3446586125_cafa0bfd67.jpg,3.234826052e-09
1338523142_57fce8229b.jpg,9.718818951e-10
2788652511_4f10060e07.jpg,-2.034298052e-09
2574194729_1f099647ee.jpg,-7.121793654e-10
2056041678_d6b5b39b26.jpg,-1.404300358e-09
3582914905_f58db879ae.jpg,-1.852714473e-09
2462702522_1b25654762.jpg,-8.360510685e-09
2067362863_59577f9d4d.jpg,1.352343507e-09
2433175169_da939372f2.jpg,1.790468896e-09
2461616306_3ee7ac1b4b.jpg,-5.015949077e-11
2410562803_56ec09f41c.jpg,-5.017572396e-09
3214579977_fa9fb006a6.jpg,3.345336513e-09
1236951314_0308dc4138.jpg,4.795815129e-09
136552115_6dc3e7231c.jpg,-3.290215245e-09
3650111717_346804ec2f.jpg,-3.672482614e-11
2169951750_495820a215.jpg,-3.06912163e-09
521658170_a837af87e9.jpg,2.658012085e-09
425518464_a18b87c563.jpg,1.25262397e-11
3231880001_193a579b97.jpg,-1.646491075e-09
380515798_c2abbf46b0.jpg,6.516665338e-09
3257103624_e76f25ff9e.jpg,4.351975125e-09
161669933_3e7d8c7e2c.jpg,3.638765064e-09
3041348852_872c027c16.jpg,-3.737744859e-09
3487015378_2e90a79f4b.jpg,-6.084699319e-10
3150315970_8f045c41a4.jpg,1.949023688e-09
352382023_7605223d1c.jpg,-2.529177372e-09
2130986011_47cb05c8c9.jpg,1.348780748e-09
1105959054_9c3a738096.jpg,-8.537833504e-10
3547524138_4157f660b0.jpg,-3.531255775e-09
3266406566_d64e57e65a.jpg,1.289491031e-09
565605894_8f0bed0438.jpg,-2.841351603e-09
3364151356_eecd07a23e.jpg,-5.299994856e-09
3258397351_1a70f1993d.jpg,4.511815871e-09
2830869109_c4e403eae6.jpg,4.424765899e-09
306315650_e064f5c677.jpg,-1.929932444e-09
3111208043_dbe8e87fa1.jpg,-3.895553295e-09
640053014_549d2f23d2.jpg,-9.358385187e-10
69710415_5c2bfb1058.jpg,-1.34949926e-09
3455757720_7aeba57056.jpg,9.750852465e-10
3294952558_96bb8c8cf3.jpg,8.493523246e-09
2683963310_20dcd5e566.jpg,4.126755579e-10
3397633339_d1ae6d9a0e.jpg,-1.527055489e-09
2816259113_461f8dedb0.jpg,-6.155519505e-10
3262793378_773b21ec19.jpg,2.499235861e-09
2866686547_0a67eb899d.jpg,-1.195619262e-09
2404520067_87798dbaee.jpg,-1.244474338e-08
2238166082_140f8b01b8.jpg,4.069460967e-09
3339916063_63b960ed46.jpg,-4.944499714e-09
3657209354_cde9bbd2c5.jpg,-1.223484563e-09
405534993_5158644f98.jpg,1.360150986e-10
302983277_69a4e732e4.jpg,1.239950836e-09
2893476169_f38dd32051.jpg,2.363469766e-09
1655781989_b15ab4cbff.jpg,6.504599113e-10
1343426964_cde3fb54e8.jpg,1.710068735e-09
3545427060_c16a8b7dfd.jpg,2.922834034e-09
2364096157_eb7970a69a.jpg,-1.071527231e-09
197142902_f05ff198c2.jpg,3.202987892e-09
2751466788_4fab701cc3.jpg,-1.189540288e-09
404890608_33f138aefa.jpg,2.450033839e-09
3106562372_e349a27764.jpg,1.804790378e-09
292780636_72e1968949.jpg,1.24378533e-09
2216695423_1362cb25f3.jpg,-6.657998732e-10
654130822_4aeb1f1273.jpg,-1.219030535e-09
3416013671_98b5c75046.jpg,1.820506503e-09
3443460885_46115463b4.jpg,1.028369244e-08
3506468593_7e41a6d9f1.jpg,1.978544147e-09
3249125548_700d874380.jpg,-1.82283829e-09
2993388841_6746140656.jpg,-1.548078449e-10
2424111022_4e332b8aee.jpg,4.451768956e-10
2962977152_9d6958fdd5.jpg,-3.368355013e-09
477204750_d04d111cd4.jpg,-2.855643467e-09
2502856739_490db7a657.jpg,6.014635696e-10
535529555_583d89b7f2.jpg,-7.695815055e-09
242109387_e497277e07.jpg,4.187633074e-09
2531942624_c3c072064e.jpg,4.471035201e-09
1439046601_cf110a75a7.jpg,1.022841625e-09
3627676364_1dc9294ec5.jpg,-1.702753874e-09
3033210806_3ffc0a231a.jpg,-1.12346633e-08
542405691_0594b1ce72.jpg,5.679662746e-10
317109978_cb557802e1.jpg,4.703651467e-09
3532539748_795d16ef07.jpg,-2.579735844e-09
3599442049_e448c7c9b2.jpg,3.110217721e-11
2999162229_80d17099b6.jpg,-6.831731055e-10
2695962887_a1647c567b.jpg,7.038130861e-09
219301553_d2fffe9e0c.jpg,4.696615739e-09
2521983429_33218366bd.jpg,1.221411866e-09
2642474867_4e6346f809.jpg,-9.065014561e-11
3533660418_f3a73a257c.jpg,-1.047420426e-08
2366643786_9c9a830db8.jpg,-8.253665285e-10
3323661814_1e8e1ae88c.jpg,-4.275820612e-09
3262386960_14f5d857db.jpg,4.439665318e-09
3362592729_893e26b806.jpg,1.968572183e-09
3278581900_8ce75a5332.jpg,-2.455035977e-09
3708172446_4034ddc5f6.jpg,-2.111966262e-09
3319177177_130a72b8ae.jpg,-4.38060375e-09
2718376488_3c62f7642c.jpg,4.27163503e-09
3420338549_bd78d35243.jpg,1.783765411e-09
2924870944_90ff9eca1a.jpg,3.883317279e-09
2423292784_166ee54e0b.jpg,7.996541077e-09
2081615901_13092cac56.jpg,7.935477126e-09
2595102568_347f6d4b07.jpg,-2.049219455e-10
529198549_5cd9fedf3f.jpg,1.617217703e-09
3636543173_15f56515e5.jpg,-2.617250845e-09
1335617803_4fbc03dab0.jpg,-6.500448883e-09
479807115_3a484fb18b.jpg,3.310539289e-11
3385593926_d3e9c21170.jpg,-5.486567449e-09
375171241_0302ad8481.jpg,9.742455722e-10
2244613488_4d1f9edb33.jpg,2.39741406e-09
47870024_73a4481f7d.jpg,-6.618905248e-09
3142055158_01b9e4caa4.jpg,-1.786429697e-10
3641456303_c50c33337b.jpg,2.214065435e-09
2828583747_8cfb7217af.jpg,-1.26764959e-09
3460458114_35037d4d4c.jpg,1.947128966e-09
493109089_468e105233.jpg,1.279921425e-09
3467941308_ae6989e29c.jpg,7.579987052e-11
2906054175_e33af79522.jpg,-2.498455736e-09
3106791484_13e18c33d8.jpg,-1.384919282e-09
2502782508_2c8211cd6b.jpg,7.43919998e-10
3084711346_fda0f5a3e6.jpg,7.88218189e-09
3421480658_b3518b6819.jpg,-2.88292039e-09
3654338683_13b2f95a9a.jpg,4.886102687e-09
2335634931_7e9e8c2959.jpg,6.405260896e-09
3611672054_45edd3e08f.jpg,-4.130088421e-09
241374292_11e3198daa.jpg,-4.621149719e-10
2587017287_888c811b5a.jpg,-2.571770338e-09
319847657_2c40e14113.jpg,2.592865433e-09
3479423813_517e93a43a.jpg,3.864700944e-09
3728256505_7f8db8270d.jpg,4.49634985e-10
502671104_b2114246c7.jpg,-1.595862651e-09
3387542157_81bfd00072.jpg,-2.971027557e-09
2839789830_89668775a4.jpg,3.836430733e-09
3249062399_0dafe5e4f5.jpg,-4.324293099e-09
2441629086_52f68eb316.jpg,6.751755468e-09
2904129133_e6ae5a1ec6.jpg,1.887852967e-09
2994205788_f8b3f2e840.jpg,2.550839995e-09
2612040125_0a93889f06.jpg,-3.714294222e-10
2897832422_0cbdb1421e.jpg,-2.061928326e-09
3016708786_3591106cca.jpg,3.093793973e-09
2810333931_47fd8dd340.jpg,-1.225330083e-09
3467219837_7d62213dec.jpg,4.318131167e-09
3319723910_af5b5f1fae.jpg,3.584767826e-09
3182570190_48214e54c7.jpg,-3.659676458e-09
1521623639_4bda3407cc.jpg,2.676177348e-09
2540757246_5a849fbdcb.jpg,-3.826650384e-09
2297744130_f571f3a239.jpg,4.773425221e-09
3275704430_a75828048f.jpg,-8.256204182e-09
2291485126_b8d41a63f4.jpg,5.976327839e-10
481632457_7372f18275.jpg,8.928283147e-10
2217328285_b1d55c17ca.jpg,-3.281294509e-10
3227148358_f152303584.jpg,4.984517484e-09
3440952969_608eb5e42b.jpg,5.238941667e-09
3006094603_c5b32d2758.jpg,-6.308388526e-09
2888732432_7e907a3df1.jpg,-6.000958938e-10
3532098999_4e07a0a17e.jpg,-1.515429822e-09
3534046564_4f8546e364.jpg,-8.694235235e-09
382090166_be2c2c63e1.jpg,-5.132043867e-09
757046028_ff5999f91b.jpg,2.253095404e-09
2393410666_b8c20fff61.jpg,3.114659641e-09
3147217787_ed21cd4990.jpg,-1.812952197e-09
3591457224_88281dd04f.jpg,3.350776477e-09
3313232606_4ce7e16b87.jpg,1.37044434e-09
3636796219_9916c0465a.jpg,1.972468636e-09
2878190821_6e4e03dc5f.jpg,4.410726131e-09
3082934678_58534e9d2c.jpg,1.186514735e-09
2376878930_dd3e7cc544.jpg,6.066340918e-10
3704698586_a42c25d0c1.jpg,2.95754051e-09
3401647850_685c03ffff.jpg,-6.765279998e-10
3203707977_cc9448fecb.jpg,3.830474131e-09
267164457_2e8b4d30aa.jpg,-8.701736909e-10
124972799_de706b6d0b.jpg,-1.084406317e-09
3431671749_e8e3a449ac.jpg,-6.299996288e-09
336551609_1385ab139e.jpg,-1.450022759e-09
3272071680_648a99f7d2.jpg,-8.911947253e-09
2711720095_0b98426d3c.jpg,-6.610260258e-10
101654506_8eb26cfb60.jpg,-3.993195032e-09
3467510271_0f57e52768.jpg,1.474450968e-09
3271495320_bca47795fb.jpg,2.376788312e-09
2100735137_05c6079537.jpg,-3.16691225e-09
1107471216_4336c9b328.jpg,-1.009945142e-08
2888408966_376c195b3f.jpg,-1.342946592e-09
3087485737_cb09bc80b6.jpg,-8.360180521e-09
3359587274_4a2b140b84.jpg,-1.926353958e-09
2312746782_4528a5b818.jpg,1.917724599e-09
314603661_51e05e0e24.jpg,-3.131671048e-09
3111897772_5211a37a02.jpg,-4.142601816e-09
2068960566_21e85ae0dc.jpg,4.181165909e-09
3417788829_cfdbc34d2c.jpg,-8.48535471e-10
3516312179_f520469038.jpg,2.820153523e-09
3070485870_eab1a75c6f.jpg,3.599395002e-09
3686924335_3c51e8834a.jpg,9.602447624e-10
561417861_8e25d0c0e8.jpg,3.375251009e-09
3628103548_2708abcda2.jpg,1.686486877e-09
2148695079_9ae6a9b1c7.jpg,2.947060005e-09
2656039837_f46b29af92.jpg,4.126696311e-09
1012212859_01547e3f17.jpg,1.361341502e-08
3503689049_63212220be.jpg,2.99634233e-09
3333826465_9c84c1b3c6.jpg,-4.249784521e-10
3349308309_92cff519f3.jpg,2.029019775e-09
2568417021_afa68423e5.jpg,7.238406179e-10
3454355269_6185e29f95.jpg,-4.515043489e-09
3013469764_30e84e9a0d.jpg,2.913389425e-09
2866974237_e3c1e267c0.jpg,-4.398632021e-09
2061354254_faa5bd294b.jpg,2.73956543e-09
3535664885_c848c0faee.jpg,4.970217333e-09
2849194983_2968c72832.jpg,1.758875287e-09
380590140_25b9889772.jpg,8.017792726e-09
3433567526_00b5a70319.jpg,1.900147095e-09
508929192_670910fdd2.jpg,1.898352074e-09
405970010_8cebaa77d3.jpg,4.157422804e-09
3375534917_62350bd06b.jpg,-3.300001613e-09
1770036088_08abe4f6e9.jpg,4.140937525e-09
3707077198_efd6aa808d.jpg,7.66906185e-11
3451085951_e66f7f5d5c.jpg,-4.357832049e-09
3358621566_12bac2e9d2.jpg,1.629193401e-09
3436395540_63bc8f2fe0.jpg,4.948868524e-09
141140165_9002a04f19.jpg,4.751961894e-09
3106223494_52d4d2d75d.jpg,-5.906403793e-09
3275537015_74e04c0f3e.jpg,4.259158271e-10
2453891449_fedb277908.jpg,1.28010944e-09
2931950813_93145c4746.jpg,-7.390831261e-09
3639845565_be547c38ba.jpg,-2.401172129e-09
3186073578_6e115f45f5.jpg,-3.382876039e-09
485566887_57eac33bd1.jpg,-2.159329924e-09
3532028205_9ddd7599f8.jpg,-2.794238606e-09
3098714492_19939e3b19.jpg,2.762031645e-09
2868575889_2c030aa8ae.jpg,-3.551319019e-09
102455176_5f8ead62d5.jpg,-7.978267632e-10
3484365373_98d5304935.jpg,3.24383051e-09
295258727_eaf75e0887.jpg,3.82277486e-10
406901451_7eafd7568a.jpg,1.568539006e-08
236095034_c983bdfbbf.jpg,1.492543739e-09
2699426519_228719b1db.jpg,-1.511660801e-09
3356494271_6103d0b556.jpg,8.720159026e-09
527288854_f26127b770.jpg,-4.362068959e-09
3418504074_083f0bb68d.jpg,-7.742027891e-09
3062273350_fd66106f21.jpg,-2.907971702e-11
2602306033_2b3100d36b.jpg,3.874822117e-09
3337461409_e4e317853d.jpg,-4.384163188e-09
3590593467_be497a6139.jpg,-2.20288894e-09
41999070_838089137e.jpg,-6.83412218e-09
2774705720_1cb85812dc.jpg,3.073648579e-09
2271671533_7538ccd556.jpg,-5.389583117e-09
308487515_7852928f90.jpg,-7.644545501e-09
3666188047_e81e1d97a7.jpg,-2.44937798e-10
3382303178_69b6d1bdd2.jpg,-3.262709141e-09
3033686219_452b172ab0.jpg,2.874186843e-09
3486135177_772628d034.jpg,-1.393369453e-09
271637337_0700f307cf.jpg,2.640742711e-09
1795151944_d69b82f942.jpg,-3.807186508e-09
3289433994_4c67aab384.jpg,4.612661035e-10
2925242998_9e0db9b4a2.jpg,8.949225888e-10
950273886_88c324e663.jpg,2.211476152e-11
3285298241_9b1ed98d19.jpg,5.879190894e-10
3157220149_cc3c8cc84d.jpg,-1.956893998e-09
3609027309_af75f773d9.jpg,1.666293888e-09
299181827_8dc714101b.jpg,3.894951964e-10
3606084228_6286a52875.jpg,-6.587312711e-09
862187579_9faf4a51e0.jpg,1.233899387e-09
2609847254_0ec40c1cce.jpg,1.73893172e-09
1253264731_e7c689eca5.jpg,5.463426203e-09
1400424834_1c76e700c4.jpg,-2.687797595e-09
2230067846_74046b89d3.jpg,4.630006518e-09
3486324591_9f5eeb24b9.jpg,1.788602722e-09
3019986034_7453777274.jpg,-5.928181021e-09
2068465241_3bcabacfd7.jpg,2.364988664e-09
2173061319_1f267765dc.jpg,4.027387413e-09
3730011219_588cdc7972.jpg,-3.546492867e-09
2865376471_43c5e6b941.jpg,-5.230713284e-09
3004287781_c041c09c16.jpg,-4.275774422e-10
459814265_d48ba48978.jpg,-2.649072012e-09
1510078253_96e9ec50e7.jpg,-1.2816452e-09
384577800_fc325af410.jpg,-3.681805741e-09
2124040721_bffc0a091a.jpg,-3.415323778e-09
1303548017_47de590273.jpg,-8.538937627e-10
2647394564_4843800cff.jpg,7.505362762e-09
3677302645_8cd3fac70d.jpg,-9.237583817e-10
1716445442_9cf3528342.jpg,-2.883515095e-09
3530843182_35af2c821c.jpg,-5.910409405e-09
1397887419_e798697b93.jpg,-1.293710569e-09
99171998_7cc800ceef.jpg,1.117859921e-10
2458006588_754c4aa09c.jpg,5.41765315e-09
3718076407_0b4588d7bc.jpg,3.104278936e-09
3567214106_6ece483f8b.jpg,-3.143764898e-09
3375843443_8d9b242aa5.jpg,8.658273716e-09
532457586_bddfc5251d.jpg,5.045344794e-10
206087108_d4557d38ee.jpg,2.406504042e-09
494329594_6e751372a0.jpg,-1.955238753e-09
2120469056_7a738413be.jpg,-7.288693685e-09
2481003841_06086eafc2.jpg,1.425352631e-09
2456907314_49bc4591c4.jpg,-5.672444694e-10
3039675864_0b7961844d.jpg,-5.238471978e-09
3727740053_3baa94ffcb.jpg,-1.648500391e-09
2278776373_fe499a93be.jpg,2.651451975e-09
3564738125_10400f69c0.jpg,2.214804787e-09
3630641436_8f9ac5b9b2.jpg,-3.083487015e-09
3569420080_72fbe84751.jpg,-5.752223454e-10
378453580_21d688748e.jpg,-1.007034191e-09
2294688426_96c8614f1d.jpg,3.340060198e-09
661546153_9d30db6984.jpg,2.016166499e-10
3711030008_3872d0b03f.jpg,1.173744163e-09
3149038044_c7c94688c6.jpg,-4.488283968e-10
2411824767_4eb1fae823.jpg,6.253456182e-09
637342973_89f6fac1f7.jpg,-2.386604684e-09
3003011417_79b49ff384.jpg,1.952366466e-09
2968216482_ede65b20a8.jpg,-3.665950241e-09
963730324_0638534227.jpg,-3.104392771e-09
2273028514_d7b584f73d.jpg,1.401662238e-09
3435233065_3411f2d29d.jpg,2.591674695e-09
3356700488_183566145b.jpg,4.530780712e-09
3601508034_5a3bfc905e.jpg,5.020895761e-09
1368383637_614646cc4a.jpg,-4.17146732e-09
1527297882_dededc7891.jpg,-4.602533886e-11
3314180199_2121e80368.jpg,-1.088260372e-09
3273403495_fcd09c453e.jpg,5.664436211e-09
121800200_bef08fae5f.jpg,-3.645759331e-10
468918320_9c275b877f.jpg,-3.923079229e-09
2868668723_0741222b23.jpg,-4.110276724e-09
3450874870_c4dcf58fb3.jpg,4.258508348e-09
2862469183_a4334b904a.jpg,-5.032788152e-09
514036362_5f2b9b7314.jpg,-4.387055106e-09
2201951969_0d7520d648.jpg,-5.559916838e-09
3184206563_5435f2b494.jpg,1.94363317e-09
3192069971_83c5a90b4c.jpg,7.815278015e-09
3051341320_1d0166e775.jpg,1.107355196e-10
2089539651_9e518ec7de.jpg,-4.559470787e-09
2623560640_0445c9a138.jpg,3.424337467e-09
2857558098_98e9249284.jpg,-6.130190213e-09
1100214449_d10861e633.jpg,9.050363798e-10
2256231539_05c27179f1.jpg,1.137827175e-09
1570723692_3a2b064d43.jpg,2.2562913e-09
2640000969_b5404a5143.jpg,4.857263721e-10
537579448_a7f92cef58.jpg,4.253156499e-09
2949880800_ca9a1bb7e6.jpg,4.579264886e-09
3106026005_473a7b1c8c.jpg,-2.43106764e-09
3553374585_25b1bd6970.jpg,-4.092639219e-09
942399470_6132d3e5d2.jpg,5.719967276e-09
3638440337_6d5c19a8f0.jpg,-3.006255465e-09
1329832826_432538d331.jpg,-1.803148006e-09
3597924257_d0da3c5fe6.jpg,-5.312571838e-09
667626_18933d713e.jpg,-1.949747855e-09
3550763985_800cfee7e4.jpg,-1.460744469e-08
3182258223_5b9c8a8c55.jpg,-2.490047476e-09
3356642567_f1d92cb81b.jpg,-1.847460519e-09
3398788809_25c71ba018.jpg,2.638361976e-09
3560771491_2a18b6241e.jpg,6.091902078e-09
3006217970_90b42e6b27.jpg,-6.331265296e-09
3425853460_bfcd0b41f6.jpg,-5.105420138e-10
3282925526_535ff9f2b2.jpg,7.599155859e-09
460973814_5eacd1ced4.jpg,3.132125874e-09
397601572_9587a39291.jpg,5.981191205e-09
2585141045_b496a7b7c4.jpg,6.372497414e-09
2827964381_408a310809.jpg,5.281545711e-09
613030608_4355e007c7.jpg,-3.222454313e-09
2665586311_9a5f4e3fbe.jpg,-6.549337153e-09
2937697444_2367ff0e28.jpg,1.893784458e-09
3561639055_5ac66ae92f.jpg,5.336307047e-09
3141293960_74459f0a24.jpg,-1.053255163e-09
3493844822_c315a11275.jpg,1.183392129e-09
3222702477_34d2d24f1f.jpg,1.161479349e-09
3265578645_4044a7049a.jpg,2.90219431e-09
2600386812_8790879d9a.jpg,-1.390706493e-10
2974587819_742fb7c338.jpg,5.619858285e-10
1244485675_822e6efe60.jpg,-4.141424481e-09
2549968784_39bfbe44f9.jpg,-9.588556777e-09
2547785434_f227bd3680.jpg,-1.898239067e-10
2968182121_b3b491df85.jpg,3.875175438e-10
2977246776_b14be8290d.jpg,-1.819745047e-09
1160441615_fe6b3c5277.jpg,3.324931936e-09
3616808182_fb4eaec778.jpg,-3.077240795e-09
2046778775_0dd7cac6ab.jpg,-5.213969078e-09
226607225_44d696db6b.jpg,4.460530175e-09
2766926202_4201bf2bf9.jpg,4.853115214e-09
3661659196_6ed90f96c0.jpg,3.820906601e-09
1580172290_e19067e0dd.jpg,-3.669681001e-09
1414779054_31946f9dfc.jpg,-1.713403263e-09
2884301336_dc8e974431.jpg,-3.215505968e-09
1956944011_c5661d3f22.jpg,3.928878956e-09
2785108434_cd4a1c949c.jpg,-7.462709019e-09
2865409854_afedf98860.jpg,8.04616059e-10
2510197716_fddca0ac75.jpg,-1.349726943e-09
3533775651_9d7e93dacf.jpg,-5.710021042e-09
2410320522_d967f0b75c.jpg,-1.130828626e-08
95151149_5ca6747df6.jpg,5.318083358e-09
2825668136_107223182c.jpg,6.460876392e-09
3517124784_4b4eb62a7a.jpg,-5.572895258e-09
1917265421_aeccf1ca38.jpg,-4.304579343e-10
3224560800_8fefd52510.jpg,-3.238985624e-09
267162122_c3437414ec.jpg,-3.837700563e-09
760138567_762d9022d4.jpg,-4.948905397e-09
2937942758_712be5c610.jpg,-9.076323813e-09
3240090389_97a8c5d386.jpg,-6.596688908e-10
3056569684_c264c88d00.jpg,2.846535363e-09
3216901052_269ace7b3c.jpg,-6.367489554e-09
396763804_3b7f1e12a8.jpg,5.159766393e-09
3435653630_3b6cca2c40.jpg,-8.462339594e-09
2877088081_7ca408cb25.jpg,-4.003915831e-11
3485425825_c2f3446e73.jpg,1.827364917e-09
909191414_1cf5d85821.jpg,-8.498745143e-10
2245914678_1f82fc3d80.jpg,-4.74881744e-09
2490365757_b869282cb3.jpg,6.688287305e-11
3534548254_7bee952a0e.jpg,-4.852775339e-09
3146630574_05d9ebbed1.jpg,-1.582688593e-09
1138784872_69ade3f2ab.jpg,-1.610849978e-09
2092177624_13ab757e8b.jpg,4.241599771e-09
782401952_5bc5d3413a.jpg,-2.634828496e-09
3132760860_3e743a935d.jpg,7.430264559e-10
2130851544_d36f4f2ea6.jpg,1.256271834e-09
2204550058_2707d92338.jpg,-6.904402304e-09
2576878141_87f25a10f0.jpg,2.277010901e-09
3732728142_86364a706e.jpg,2.063080912e-09
313326614_b2adbe59e0.jpg,1.819848115e-09
3421547427_53411b6278.jpg,3.292937762e-09
3017521547_f5ef8848e3.jpg,-4.523913741e-10
3213622536_31da7f6682.jpg,5.123798213e-09
2646540383_343e1ec9a4.jpg,1.15582188e-09
3057497487_57ecc60ff1.jpg,2.650339893e-09
3380643902_7e0670f80f.jpg,4.190256e-09
2251447809_2de73afcdf.jpg,4.516159334e-09
505062117_a70b4e10ab.jpg,1.819687626e-09
2840344516_8e15fe2668.jpg,7.515268681e-09
1232148178_4f45cc3284.jpg,1.414698084e-09
1304961697_76b86b0c18.jpg,-2.893439297e-09
3154641421_d1b9b8c24c.jpg,3.130574972e-09
1231229740_8dcbf80bfb.jpg,-3.100909911e-09
2797511323_bf20acab45.jpg,-4.385718449e-09
3256456935_664a7a5bba.jpg,-5.735349019e-09
374103842_17873ce505.jpg,5.836553347e-09
3281611946_f42deed2e1.jpg,-1.155163597e-09
2778290592_1910bb0431.jpg,6.117548013e-09
3338590946_f25b76cbc7.jpg,1.262904167e-09
3405011838_f81117c99f.jpg,-3.608957875e-09
3048211972_db71d104c2.jpg,-2.441658282e-09
494792770_2c5f767ac0.jpg,-3.601254719e-09
3336682980_1082a66878.jpg,1.229718979e-09
3638992163_a085cc0c24.jpg,-4.149457413e-10
3243591844_791cfa62eb.jpg,-1.506797159e-09
3456862740_7550bcddc2.jpg,4.885102404e-09
3674168459_6245f4f658.jpg,1.137241978e-08
1330645772_24f831ff8f.jpg,5.292278064e-09
3632225464_612d7b4c0f.jpg,6.833658037e-09
3150659152_2ace03690b.jpg,-1.056787206e-09
3631474374_e40764d153.jpg,-1.783236674e-09
300594071_3450444752.jpg,-1.484123317e-10
2685752892_9d5cd7f274.jpg,2.974542222e-09
2344699642_4fae2f4e07.jpg,5.04449326e-09
2091171488_c8512fec76.jpg,-4.127914105e-09
3259992722_4c5e895734.jpg,-3.354878874e-10
505944126_f9a6ab8944.jpg,3.294213625e-09
3119913014_688d4997d7.jpg,-3.404501879e-09
1267711451_e2a754b4f8.jpg,-5.756613636e-09
1836335410_de8313a64e.jpg,-9.225177405e-10
3106787167_e5f2312622.jpg,3.284899409e-09
3272541970_ac0f1de274.jpg,3.310928378e-09
3497069793_2d4baf5b4b.jpg,-3.6665607e-09
2267682214_e1434d853b.jpg,-2.69888911e-09
2929405404_1dff5ab847.jpg,9.682659101e-10
2601612082_4b9be27426.jpg,-3.756093972e-09
446514680_ff5ca15ece.jpg,4.949223108e-09
3268908792_c24529fe88.jpg,7.557665633e-10
109823395_6fb423a90f.jpg,5.283444271e-09
2787868417_810985234d.jpg,-2.875416024e-09
241347204_007d83e252.jpg,-5.364868266e-10
541063419_a5f3672d59.jpg,1.938862589e-09
2562483332_eb791a3ce5.jpg,-1.104125155e-09
3021318991_fa28e3bca7.jpg,1.741766121e-08
2199200615_85e4c2a602.jpg,-1.558751438e-10
559102835_472ff702b5.jpg,4.142136883e-09
1236964638_1808784a3c.jpg,2.287330173e-09
3241965735_8742782a70.jpg,3.476574502e-09
2426828433_ce894d1c54.jpg,-8.800599529e-09
3033825101_44a4390f16.jpg,4.485880588e-09
964197865_0133acaeb4.jpg,4.386879242e-09
3000428313_8a1e65e20e.jpg,3.013413341e-10
3245504245_27931f5ec1.jpg,3.872460852e-09
710878348_323082babd.jpg,5.167283364e-09
3668518431_43abb169eb.jpg,1.670361545e-09
3346711367_5e7b29e20f.jpg,4.861677211e-09
2588625139_fdf6610218.jpg,-6.144095997e-09
974924582_10bed89b8d.jpg,5.075152044e-09
134724228_30408cd77f.jpg,-4.617451955e-09
466176275_f40d37851e.jpg,8.803877378e-10
2909811789_ed8f3fd972.jpg,5.609343797e-09
2332986053_864db84971.jpg,5.504639709e-09
2464259416_238ef13a2e.jpg,-2.579932379e-10
3240048764_acce8af2a5.jpg,3.870469141e-09
3135504530_0f4130d8f8.jpg,3.814674632e-10
3705688385_47651205d3.jpg,4.004063688e-09
3027850131_a7772e0ba0.jpg,2.750944313e-09
2730819220_b58af1119a.jpg,-4.863158189e-09
304408047_98bab3ea64.jpg,-1.518682091e-09
3357708906_fb3a54dd78.jpg,4.183876273e-09
3490517179_76dbd690de.jpg,6.438659349e-09
3563461991_de05537878.jpg,-2.482679906e-09
3244734844_c318c29c23.jpg,-3.767620113e-09
3154293126_e52bd07524.jpg,6.722329848e-10
140526326_da07305c1c.jpg,-9.36241192e-10
3608663656_9192a21eeb.jpg,-3.412234842e-09
3655155990_b0e201dd3c.jpg,2.559318564e-10
861795382_5145ad433d.jpg,-2.898450877e-09
3380407617_07b53cbcce.jpg,2.985390792e-09
3325129757_7a1979ac11.jpg,-3.234504151e-09
2802337003_56e555cd30.jpg,4.828012054e-10
2095444126_201ff9f222.jpg,6.352425322e-09
280932151_ae14a67be5.jpg,-1.201655756e-09
2800934095_b84a5009dd.jpg,-1.411167803e-09
2534194182_ac53035cf4.jpg,5.148431511e-09
2579572274_826598b14a.jpg,-1.343914135e-09
2826647354_650ff5eb03.jpg,-9.343402936e-10
3453284877_8866189055.jpg,6.404809718e-11
3669564923_8fcb1a6eff.jpg,-8.065633417e-09
2289096282_4ef120f189.jpg,-5.894902595e-10
3708266246_97a033fcc7.jpg,-2.307076641e-09
216172386_9ac5356dae.jpg,-7.421917372e-09
3359563671_35b67898e7.jpg,8.021591114e-09
3232252882_05db7c2216.jpg,4.786622857e-10
3014773357_f66bd09290.jpg,1.601818033e-08
1980315248_82dbc34676.jpg,-2.937856293e-09
3343106500_27176fc544.jpg,-2.268710498e-09
3540241710_a4f49cde52.jpg,1.786469484e-09
3317333893_9d0faa8d30.jpg,-2.095715389e-09
2937497894_e3664a9513.jpg,-2.617512996e-09
2911658792_6a6ef07e3a.jpg,5.971701732e-10
2470486377_c3a39ccb7b.jpg,-3.742026004e-10
2534502836_7a75305655.jpg,1.331233399e-09
3612825666_54f5a2bc06.jpg,-4.439770453e-09
2623496164_68ffeb5067.jpg,1.780615816e-09
2228167286_7089ab236a.jpg,-1.000844586e-09
3128856481_86e5df4160.jpg,2.604950115e-11
2404692474_37da774368.jpg,-3.083792181e-09
472661386_723aae880b.jpg,2.340911299e-09
3495490064_8db40a83af.jpg,1.975504654e-09
2882893687_1d10d68f2b.jpg,1.169379309e-09
3677239603_95865a9073.jpg,6.439958512e-09
616177206_0e16c33f6b.jpg,2.088962281e-09
2934837034_a8ca5b1f50.jpg,4.98569704e-09
641893280_36fd6e886a.jpg,-2.533201095e-09
2059842472_f4fb61ea08.jpg,-4.914073007e-09
1468962616_5803b4397f.jpg,-2.536875769e-09
2278766574_f71f1704a8.jpg,9.590470122e-10
3249891874_6a090ef097.jpg,1.119122504e-09
17273391_55cfc7d3d4.jpg,-1.33915107e-09
3134387513_ceb75bea0a.jpg,-1.073991131e-09
2208055895_37cd8e1edf.jpg,1.712295617e-09
3346614841_698f9aa486.jpg,2.573553383e-09
2346772831_b2748ba1f0.jpg,3.378811235e-09
2709359730_13bca100af.jpg,-1.587395438e-09
2069279767_fb32bfb2de.jpg,2.065079187e-09
2330536645_2d36b516e1.jpg,-3.067498594e-10
2751694538_fffa3d307d.jpg,-6.074245754e-09
3009047603_28612247d2.jpg,2.720203067e-09
3097171315_0ba7d283b1.jpg,1.595770434e-10
2935986346_29df6cf692.jpg,8.302152933e-09
2552816307_c7c8e7f6b4.jpg,-2.61091668e-09
2893374123_087f98d58a.jpg,7.120258281e-09
3511890331_6163612bb9.jpg,-6.146415534e-09
1177994172_10d143cb8d.jpg,3.106375386e-09
2881468095_d4ce8c0c52.jpg,1.393821912e-09
263522013_d118d46b2d.jpg,-9.488956374e-10
2300920203_f29260b1db.jpg,3.610896208e-09
2374179071_af22170d62.jpg,-9.319249064e-09
1433577867_39a1510c43.jpg,-8.12310231e-10
110595925_f3395c8bd6.jpg,-1.1014835e-09
2081446176_f97dc76951.jpg,-3.484642578e-09
2759211664_d21393b668.jpg,3.996974507e-09
509778093_21236bb64d.jpg,5.666322919e-09
1771490732_0ab5f029ac.jpg,-2.721940675e-09
430173345_86388d8822.jpg,-1.733396929e-10
2873648844_8efc7d78f1.jpg,-3.342412745e-09
3626689571_5817f99c0e.jpg,3.051951654e-09
3163477256_073605e06e.jpg,4.726393929e-09
3198962089_e647d1b0cd.jpg,4.865221821e-09
2057160636_6e9cf3b5f0.jpg,-2.696450891e-09
3624327440_bef4f33f32.jpg,3.572295894e-09
185972340_781d60ccfd.jpg,-1.624740731e-09
3393446245_37dd3f3b59.jpg,2.791814176e-09
3679407035_708774de34.jpg,-3.883117366e-09
2855417531_521bf47b50.jpg,5.967193708e-09
109202801_c6381eef15.jpg,-1.099896298e-09
309238565_2d5d8dc8bf.jpg,6.02901495e-11
367925122_335ed279a8.jpg,7.360282544e-10
2594336381_a93772823b.jpg,-3.798425538e-09
3703107969_175da4b276.jpg,4.799943661e-09
2616009069_82561da2e5.jpg,3.485261531e-09
2081141788_38fa84ce3c.jpg,2.397979348e-09
519167484_ee03e2a91e.jpg,-2.54995326e-09
2768248810_06d543c080.jpg,-2.832845864e-09
58368365_03ed3e5bdf.jpg,2.711930565e-09
3086507638_d8a2cd0ac3.jpg,1.113128507e-09
3239480519_22540b5016.jpg,1.781268838e-09
2167644298_100ca79f54.jpg,2.157607909e-09
2956562716_5aa3f6ef38.jpg,1.46047623e-09
2088120475_d6318364f5.jpg,2.114111013e-09
544257613_d9a1fea3f7.jpg,-1.068921035e-08
2076428547_738e0a132f.jpg,3.423070128e-09
3647170476_0fd71a4c9f.jpg,-2.048164171e-09
2306674172_dc07c7f847.jpg,-4.822337784e-09
354999632_915ea81e53.jpg,3.741317162e-09
138705546_be7a6845dd.jpg,-7.037770788e-09
3647693147_0d0434351b.jpg,3.546427452e-09
2085557551_7a88d01d4e.jpg,7.497615249e-09
2263655670_517890f5b7.jpg,5.238309355e-09
574274795_57e0834e7d.jpg,-6.710532013e-09
3138433655_ea1d59e5b7.jpg,3.923894215e-09
3677860841_3aa9d8036c.jpg,1.847440853e-09
3544669026_1b5c0e6316.jpg,3.977363975e-10
3317073508_7e13565c1b.jpg,-1.304657027e-09
3202360797_2084743e90.jpg,4.939528438e-09
3265527323_6431f00692.jpg,-3.391155637e-10
478592803_f57cc9c461.jpg,-1.142276179e-08
1332722096_1e3de8ae70.jpg,-5.516991818e-09
2650620212_0586016e0d.jpg,2.418601038e-09
2973272684_4d63cbc241.jpg,7.246763861e-09
478208896_90e7187b64.jpg,2.696923878e-09
2818735880_68b3dfe1f5.jpg,-1.75537686e-09
3138562460_44227a35cf.jpg,-6.454721864e-09
3228793611_8f260ea500.jpg,-1.304113314e-09
2390778197_4d9d03d4b9.jpg,4.981851914e-09
319847643_df7c2a1d25.jpg,-4.507472415e-09
2923825744_ca125353f0.jpg,-3.767938856e-09
3109780402_dbae082dc5.jpg,-5.503981446e-10
1479857177_9d4a6f38fd.jpg,4.425975494e-10
3549011001_26cace3646.jpg,-4.353799856e-09
493542985_c85ad29ebe.jpg,4.957441482e-09
315125146_d9a8e60061.jpg,-8.088158279e-09
3372251830_baa3665928.jpg,-6.714855105e-09
2766726291_b83eb5d315.jpg,9.865395614e-10
2676184321_858eff416b.jpg,-1.408192625e-08
3553476195_fb3747d7c1.jpg,-3.835632124e-09
2632381125_de32bdfdf6.jpg,-8.494903816e-09
3561543598_3c1b572f9b.jpg,-4.564302582e-09
3565021218_d2bc1aa644.jpg,9.925630433e-10
2943384009_c8cf749181.jpg,2.69615587e-09
3708244207_0d3a2b2f92.jpg,2.064957559e-09
2615811117_42b1838205.jpg,4.478592002e-09
2959941749_fa99097463.jpg,1.061604931e-09
3467282545_273a97b628.jpg,5.681216961e-09
1131932671_c8d17751b3.jpg,2.211578564e-09
269898095_d00ac7d7a4.jpg,-3.994342106e-09
3528105511_12ff45dc9c.jpg,-4.218774308e-10
140526327_3cb984de09.jpg,2.997340403e-09
2187720319_112d00f07d.jpg,-7.243981511e-09
3652859271_908ae0ae89.jpg,-8.544387224e-10
1034276567_49bb87c51c.jpg,-1.912138297e-09
3573202338_f43dd22d28.jpg,7.568080633e-09
1479679558_d0a01bc62b.jpg,-1.82462363e-11
3605100550_01214a1224.jpg,6.676151666e-09
233361142_d9d5f0cae9.jpg,2.341667967e-09
2965604928_435dc93bf7.jpg,5.344004102e-09
2613021139_4b0dc3d4c8.jpg,-5.407948725e-09
3463922449_f6040a2931.jpg,-1.628823845e-09
3057770908_3fd97f79f9.jpg,-9.81489676e-09
2293149170_38fb2257ea.jpg,6.164932497e-09
854333409_38bc1da9dc.jpg,9.564228236e-09
1348957576_c4a78eb974.jpg,-2.013889862e-09
262439544_e71cd26b24.jpg,4.589793288e-10
925491651_57df3a5b36.jpg,6.882697093e-10
2250555512_71670078f5.jpg,5.493351831e-10
3485816074_363cab4bff.jpg,-4.666477824e-10
3245266444_2e798096e6.jpg,-1.402234004e-09
2278110011_ba846e7795.jpg,4.509021805e-09
2640153227_57cf1a3d92.jpg,2.335555155e-09
3596459539_a47aa80612.jpg,2.636841563e-09
2994179598_a45c2732b5.jpg,3.216495628e-09
1332823164_c70a5d930e.jpg,-6.312891029e-09
241347067_e58d05dbdc.jpg,-2.830348863e-09
3042381160_ffe2b16808.jpg,2.960288423e-09
2348491126_30db0d46ef.jpg,-9.231141595e-09
2944952557_8484f0da8f.jpg,-1.830342912e-09
2584957647_4f9235c150.jpg,-3.346276366e-09
2718495608_d8533e3ac5.jpg,-3.930636659e-09
608257195_6ec6f48e37.jpg,-1.822931627e-10
241345427_ece0d186c2.jpg,7.075473467e-09
3110614694_fecc23ca65.jpg,-5.342119824e-09
3382679230_baef3d1eaa.jpg,-2.95025282e-10
3051998298_38da5746fa.jpg,3.726136856e-09
3211199368_ca78387f72.jpg,-2.045243567e-09
3274691778_94bb57bba3.jpg,5.014267793e-10
3357194782_c261bb6cbf.jpg,1.927627631e-09
2603792708_18a97bac97.jpg,-2.696260758e-09
489065557_0eb08889cd.jpg,-3.27132873e-09
2268601066_b018b124fd.jpg,-2.975860057e-09
3163068926_d28ed3ef53.jpg,-3.698437024e-09
3697675767_97796334e4.jpg,-1.616319647e-09
2907073768_08fd7bdf60.jpg,1.250619003e-10
2346629210_8d6668d22d.jpg,-6.462776076e-09
3060594966_030658d318.jpg,-4.168650123e-09
2083434441_a93bc6306b.jpg,1.673682149e-09
2677656448_6b7e7702af.jpg,2.811598512e-09
460478198_83039f2593.jpg,-8.460305867e-10
452416075_60b2bb5832.jpg,-2.496094794e-09
3166578139_33500f7e8a.jpg,-8.66951487e-09
3319899418_4bcf1b00d8.jpg,-4.641314948e-09
368954110_821ccf005c.jpg,7.620378924e-09
843616798_5ab0ecb525.jpg,-4.310995534e-09
1313693129_71d0b21c63.jpg,-4.637036656e-09
2077079696_03380d218b.jpg,3.77074419e-09
2477121456_1ac5c6d3e4.jpg,1.343356253e-10
385186343_464f5fc186.jpg,6.857743321e-09
3184891327_8785194e3c.jpg,3.99438841e-09
934375844_dd149fed18.jpg,-3.650047242e-10
746787916_ceb103069f.jpg,-2.288136723e-09
2753531542_ace2c870b7.jpg,2.737866598e-09
3036596725_541bbe0955.jpg,5.211646042e-09
3531811969_49af4c22f0.jpg,4.189539757e-09
3537452619_3bd79f24e0.jpg,2.366622956e-09
537628742_146f2c24f8.jpg,-4.015416612e-10
3584196366_a4b43d6644.jpg,-5.184965565e-10
3520617304_e53d37f0af.jpg,3.678786914e-09
460195978_fc522a4979.jpg,1.904282353e-10
2723929323_70b93a74ea.jpg,3.48577324e-09
1119015538_e8e796281e.jpg,6.871175999e-09
3251460982_4578a568bb.jpg,-8.904029708e-10
3384742888_85230c34d5.jpg,-6.285384075e-10
2102360862_264452db8e.jpg,-5.299520862e-09
433855742_c2a6fda763.jpg,3.560184335e-09
2834103050_512e5b330a.jpg,5.185731243e-09
2542037086_58c833699c.jpg,-3.09092535e-09
2775744946_1ab5d500a2.jpg,-1.365369417e-10
3139876823_859c7d7c23.jpg,5.069960701e-09
2477623312_58e8e8c8af.jpg,2.36194925e-09
3044359043_627488ddf0.jpg,-1.637388605e-09
1984936420_3f3102132b.jpg,3.884336413e-09
3692836015_d11180727b.jpg,-2.912339375e-10
2932498509_27cb0038ec.jpg,-3.943862421e-09
3556598205_86c180769d.jpg,-8.64248721e-10
189721896_1ffe76d89e.jpg,8.771618841e-10
3700004668_99c3e3f55b.jpg,-3.019194561e-09
3690431163_1d81e19549.jpg,-2.19956591e-10
3372167201_f7f909d480.jpg,-3.986224518e-09
350529848_9569a3bcbc.jpg,2.51102832e-09
311267421_e204e643cf.jpg,8.604794764e-10
3081330705_7a1732e12c.jpg,8.064002691e-10
3383037991_8f07784b81.jpg,2.947582745e-09
3557148230_7fc843e5de.jpg,1.921550427e-09
358114269_96fdb5f7c3.jpg,-2.370227293e-09
272988646_1588bde6a8.jpg,2.223627772e-09
1472053993_bed67a3ba7.jpg,3.653404993e-09
2422302286_385725e3cf.jpg,6.425457508e-09
2720985888_8f5920e8cf.jpg,-5.371421274e-09
3215315009_47577bf8f7.jpg,3.732852881e-09
3050976633_9c25cf6fa0.jpg,-3.032689711e-09
3323076458_3ce72a1dae.jpg,-3.331242343e-09
3372215826_b3e6403b2e.jpg,-3.506852706e-09
3547704737_57d42d5d9d.jpg,5.733747073e-09
1339596997_8ac29c1841.jpg,6.596937257e-09
3360876049_9047edeab9.jpg,2.939627456e-09
2698487246_e827404cac.jpg,-3.766542874e-09
3381161854_af8b05243c.jpg,5.086922393e-09
2970183443_accd597e0a.jpg,1.714698073e-09
1433142189_cda8652603.jpg,8.384744608e-10
836828001_af98d16256.jpg,-2.11354273e-09
2991771557_d98fa0a69f.jpg,-6.213908433e-09
468310111_d9396abcbd.jpg,2.7602792e-09
3472485022_5d03e9852d.jpg,4.939001775e-10
327415627_6313d32a64.jpg,2.107160418e-09
3337046794_296bd2c7e0.jpg,1.934792191e-09
3710468717_c051d96a5f.jpg,-5.250407015e-09
3343900764_2a4c0405f9.jpg,-8.127094262e-10
2298077331_f9a1488067.jpg,7.578730732e-11
3263946591_a1558b77d3.jpg,1.45497002e-09
3251646144_d9f4ccca3f.jpg,-2.055339308e-09
811663364_4b350a62ce.jpg,-7.437470967e-09
397547349_1fd14b95af.jpg,-2.861338901e-09
1998255400_0cd086908f.jpg,3.569611142e-09
537222436_ab406234ce.jpg,9.782211219e-10
284279868_2ca98e3dcd.jpg,2.727637266e-09
3451345621_fe470d4cf8.jpg,-1.523590323e-09
3091382602_60b9b53ed1.jpg,-1.06771883e-09
98377566_e4674d1ebd.jpg,1.981142739e-09
2524084967_a5e011b73d.jpg,-1.589281098e-09
1402641725_5e027ecaa7.jpg,7.914134694e-09
3535879138_9281dc83d5.jpg,-2.328511593e-09
536828916_b763b82949.jpg,2.959584728e-09
3560726559_4c4bed9f2d.jpg,5.333947575e-09
544576742_283b65fa0d.jpg,1.59320177e-09
436013859_793d870b6f.jpg,1.076790328e-08
1643915227_9f48068772.jpg,-1.720692851e-09
506412121_67ecc7ec05.jpg,2.80843302e-09
274313927_404d0e94ab.jpg,7.754060215e-10
523249012_a0a25f487e.jpg,-4.415740955e-10
1131804997_177c3c0640.jpg,-1.644665654e-09
2412390588_a89cab30f4.jpg,3.034722104e-09
2074244690_82e30ff44b.jpg,-6.112617994e-09
2458269558_277012780d.jpg,-1.628698648e-09
2975073156_7543ed326f.jpg,-3.393616599e-09
3026102616_3cf350af9e.jpg,3.88539854e-09
3687222696_85bf6f78f7.jpg,-6.63734132e-09
3343311201_eeb1a39def.jpg,-1.004660576e-09
2524003134_580e74328b.jpg,-3.66884717e-10
3251976937_20625dc2b8.jpg,-4.317966199e-09
2978394277_4572967b97.jpg,5.682462807e-09
2049646140_d0de01e3c4.jpg,-3.273554718e-09
2899089320_3e7f6bbaca.jpg,3.069977548e-09
3086526292_f799d237c7.jpg,-6.119589838e-09
3455419642_894d03f153.jpg,-1.112778127e-09
386470686_1ae9242878.jpg,-2.071356268e-09
2805822564_6dee48e506.jpg,4.124062915e-09
3231596071_f0c522a639.jpg,-5.167027493e-09
2586532797_dcf22a5021.jpg,-8.900972542e-09
1468429623_f001988691.jpg,-1.054634849e-09
3454149297_01454a2554.jpg,-1.711926081e-09
2533414541_362bf043bb.jpg,2.742078898e-09
2456615908_59cdac6605.jpg,3.783820276e-09
3276475986_66cd9cc7e4.jpg,-3.513377212e-10
2665264979_df9c284bf8.jpg,-3.050042891e-09
566794036_60f7acdf35.jpg,-4.203275254e-09
2735290454_1bd8bc5eac.jpg,-7.020377565e-12
1428681303_04213524e3.jpg,3.928485022e-09
241347580_a1e20321d3.jpg,-3.825238148e-09
2933912528_52b05f84a1.jpg,-7.420707612e-09
326456451_effadbbe49.jpg,-6.870253097e-12
2405978603_6221b0c2e7.jpg,4.33918951e-09
3126981064_1e803c3d7f.jpg,3.249446145e-10
405331006_4e94e07698.jpg,2.936835121e-09
1522787272_5a31497ef2.jpg,-3.496481633e-09
475042270_719ebe6c48.jpg,-3.227352162e-09
3422146099_35ffc8680e.jpg,-3.287794187e-09
330849796_c575c3108a.jpg,4.042492586e-09
449287870_f17fb825d7.jpg,-3.607417848e-09
3097776588_312932e438.jpg,7.251326941e-09
2911245290_b2c79f328a.jpg,-2.600899161e-09
1957371533_62bc720bac.jpg,2.519999633e-09
3671262694_29fbeb9d95.jpg,-4.740902583e-10
2495394666_2ef6c37519.jpg,-1.672349093e-08
2887614578_ed7ba21775.jpg,7.733607206e-09
2557972410_6925fe695c.jpg,4.642211237e-09
3126752627_dc2d6674da.jpg,-9.333376329e-10
157139628_5dc483e2e4.jpg,-1.983561209e-09
3690159129_93ba49ea18.jpg,6.983990177e-09
2249480913_e1695e5c28.jpg,-8.893967985e-10
3652584682_5b5c43e445.jpg,4.541912853e-09
3246773992_89bf86937b.jpg,-5.173069893e-09
2987576188_f82304f394.jpg,3.571027947e-09
2393264648_a280744f97.jpg,-1.525033595e-08
2644920808_f5a214b744.jpg,-4.566777425e-09
3062173277_bfb5ef4c45.jpg,-5.538377985e-09
431410325_f4916b5460.jpg,-2.259381885e-09
103205630_682ca7285b.jpg,-2.934245825e-08
2337377811_8c81b40a64.jpg,-4.437320288e-09
3259110412_9908c45144.jpg,6.08413929e-09
2322334640_d4d22619ff.jpg,3.640671799e-09
3466353172_deb128bbb0.jpg,1.800358159e-09
3636126441_5617c89aaa.jpg,-2.083117616e-09
3406409018_03de95181e.jpg,-2.509870157e-09
3226254560_2f8ac147ea.jpg,5.423051441e-09
3610189629_f46de92ab3.jpg,1.21819314e-08
2242863004_3a9f82a31f.jpg,1.184893092e-09
2554570943_122da6438f.jpg,1.877688822e-09
2333288869_8c01e4c859.jpg,-5.004590804e-09
3457315666_b943111dec.jpg,1.139614796e-08
2955673642_4279b32097.jpg,2.724138161e-09
1527333441_af65636a74.jpg,-5.123533734e-09
2180356743_b3a3c9a7f6.jpg,-1.928629243e-10
2198964806_c57b0534d3.jpg,-1.225059803e-11
3515904775_f8acc5909e.jpg,4.636123063e-09
246094557_e174a5914f.jpg,2.183340586e-09
427167162_2c99779444.jpg,-1.534068729e-09
427082246_5bf1c3676f.jpg,-4.378300135e-10
339658315_fbb178c252.jpg,2.569317981e-09
3411579899_0f8ed09142.jpg,3.175576323e-09
3701249979_8bc757e171.jpg,-3.883660248e-09
2764178773_d63b502812.jpg,1.324696368e-09
401476986_73918145a3.jpg,-1.09939511e-11
3631810528_7233c0f421.jpg,6.242878356e-09
2755952680_68a0a1fa42.jpg,-3.129671639e-09
3606846822_28c40b933a.jpg,-5.989764629e-09
684255145_db3f8e3e46.jpg,7.28809239e-09
3113682377_14fc7b62b0.jpg,1.848698207e-09
3334537556_a2cf4e9b9a.jpg,-6.468733479e-09
464506846_1734302b58.jpg,3.70876204e-10
3156113206_53c2a7b5d8.jpg,-3.476102664e-10
2218334049_e649dbdb1a.jpg,-1.157504594e-10
1087539207_9f77ab3aaf.jpg,-2.259658739e-09
805682444_90ed9e1ef3.jpg,-2.32377562e-09
3154152744_4e93ec8a62.jpg,1.328382056e-08
3641999223_942f8198cc.jpg,6.247050445e-09
2934325103_e9b8d7430f.jpg,-4.29200438e-09
3301935788_2bb7bbc515.jpg,-9.243894391e-09
2929669711_b2d5a640f0.jpg,-6.616342464e-09
2478929971_9eb6c074b6.jpg,7.509836987e-09
1476241331_2f43b67aed.jpg,-7.855104954e-10
2480021389_dda9fb2818.jpg,-2.783310068e-09
2921430836_3b4d062238.jpg,3.786551592e-09
3245939062_8ffe1d2be5.jpg,-2.529062533e-09
2489602993_896c1ea40a.jpg,-1.829245042e-09
3134387321_3a253224c1.jpg,2.166521461e-09
1056873310_49c665eb22.jpg,-2.501673392e-09
862054277_34b5a6f401.jpg,8.570969553e-11
3621177753_1718c30ea0.jpg,2.097788811e-10
2097489021_ca1b9f5c3b.jpg,-1.06227386e-09
3079786914_fe598b0e54.jpg,-7.242850025e-10
3107368071_724613fc4f.jpg,-8.317932886e-10
1358892595_7a37c45788.jpg,3.841235095e-09
3018467501_a03d404413.jpg,-6.593289646e-09
477768471_d7cd618fdb.jpg,7.761183943e-11
3275527950_41aca690a1.jpg,-2.442133376e-09
2866696346_4dcccbd3a5.jpg,4.378839515e-09
2814406547_a237ef0122.jpg,2.928227423e-10
3593556797_46b49a02a8.jpg,4.143068868e-09
3512033861_a357bb58b6.jpg,2.222817644e-09
2196284168_76417efbec.jpg,-2.729152009e-09
3218480482_66af7587c8.jpg,7.168535872e-09
159712188_d530dd478c.jpg,-2.871015422e-10
3348384389_73b6647017.jpg,-6.495757189e-09
701816897_221bbe761a.jpg,-3.85620187e-09
3119903318_d032141839.jpg,-5.301002528e-09
3711664623_ef87105ea7.jpg,9.552816666e-09
3353328134_dd9ed0edab.jpg,-2.88798119e-09
3014080715_f4f0dbb56e.jpg,1.298989497e-09
2731171552_4a808c7d5a.jpg,3.791191452e-09
3111502208_71e2a414f5.jpg,-7.866904916e-10
1348113612_5bfc5f429e.jpg,2.921264026e-09
3306464579_1b16a0caf2.jpg,3.572289935e-09
3648988742_888a16f600.jpg,3.257891884e-09
2234702530_a265a4df22.jpg,1.179044835e-09
947969010_f1ea572e89.jpg,-4.531595179e-09
305199420_89f6ddd778.jpg,3.103912901e-10
2887750774_920eb171aa.jpg,1.79732983e-09
3039209547_81cc93fbec.jpg,-1.00674735e-08
405537503_f66ecc5073.jpg,-2.953039143e-09
2473791980_805c819bd4.jpg,-2.928853396e-09
480607352_65614ab348.jpg,-9.902881096e-10
3314517351_69d70e62bd.jpg,6.679556681e-09
241345446_2e47ae8ddc.jpg,-7.057584274e-09
3330935489_9cb67ca36b.jpg,-7.549306497e-09
482088914_e6ea4501e9.jpg,1.167081375e-09
1449692616_60507875fb.jpg,-4.163336737e-09
3386953179_84c2d7922f.jpg,-8.170147875e-10
56489627_e1de43de34.jpg,1.355262362e-09
957230475_48f4285ffe.jpg,1.010229188e-09
134894450_dadea45d65.jpg,-4.131061888e-09
278002947_3fd22a2cb6.jpg,-5.374607126e-09
3421104520_6a71185b3c.jpg,3.581687334e-09
241346260_f50d57b517.jpg,9.426415364e-09
3371533654_73a12a35a4.jpg,-8.23744822e-09
1022454428_b6b660a67b.jpg,2.1273283e-09
3652764505_87139e71f8.jpg,-1.135139555e-09
2916586390_664f0139ea.jpg,-6.257353152e-10
181777261_84c48b31cb.jpg,4.569415189e-09
3349451628_4249a21c8f.jpg,-7.684983389e-09
3108378861_d2214d971e.jpg,-1.370569533e-09
1348304997_afe60a61df.jpg,-2.189283322e-09
3268407162_6274e0f74f.jpg,9.978014642e-10
503794526_603a7954d3.jpg,2.564077305e-09
2689163361_4939875be5.jpg,4.919999761e-09
956164675_9ee084364e.jpg,4.045013828e-10
2063277300_f7ff476914.jpg,-4.726959037e-10
3028404926_2bd27e3e83.jpg,-4.284321071e-09
393987665_91d28f0ed0.jpg,1.46283755e-09
2635905544_dbc65d0622.jpg,-2.207271184e-09
3170802797_3c851bb475.jpg,5.00575059e-09
496129405_b9feeda1ab.jpg,-1.975325012e-09
464527562_a18f095225.jpg,8.30648461e-10
1342766791_1e72f92455.jpg,-6.747557421e-09
264928854_d9e61f3a8e.jpg,-1.954472942e-09
333973142_abcd151002.jpg,3.726039037e-09
3629492654_619d7b67ee.jpg,4.216396399e-10
1921398767_771743bf4e.jpg,-5.204994212e-09
242558556_12f4d1cabc.jpg,-5.808229724e-09
2439813616_c9ac54cc9f.jpg,3.184751335e-09
2144049642_070cf541b4.jpg,4.865306245e-10
3375920709_ef7370fa09.jpg,2.711333254e-09
2537119659_fa01dd5de5.jpg,-1.810607729e-09
3635177305_bfbe1fc348.jpg,-6.044972693e-09
3361210233_962d630ec5.jpg,-5.467304205e-09
3532192208_64b069d05d.jpg,-1.805254302e-09
516725192_c9cdd63878.jpg,3.711585462e-09
2860372882_e0ef4131d4.jpg,8.84850304e-09
3632258003_6a0a69bf3a.jpg,3.18645213e-09
1311132744_5ffd03f831.jpg,-6.513828044e-09
2754898893_95239c1f19.jpg,-3.949427797e-09
1452361926_6d8c535e32.jpg,8.991086803e-09
3487419819_e3f89444ce.jpg,-4.040656792e-10
2824922268_3fafb64683.jpg,3.75159436e-09
3474985382_26e1560338.jpg,4.203621291e-10
3381038951_225bb163af.jpg,5.321316905e-09
2470588201_955132a946.jpg,1.717564324e-09
2975018306_0e8da316f5.jpg,-2.004076515e-09
2949762776_52ece64d28.jpg,-8.200798391e-09
2482629385_f370b290d1.jpg,-3.728130256e-09
2993167183_2bda95fa3d.jpg,1.87530057e-09
2328106090_b7c2725501.jpg,-4.352174031e-10
1322323208_c7ecb742c6.jpg,-2.313423544e-09
2578003921_e23b78e85f.jpg,-9.068121491e-09
3321334180_8f764e0e0f.jpg,2.508417389e-09
3373544964_c9f1253b7d.jpg,3.494052105e-09
444881000_bba92e585c.jpg,1.076451007e-08
236518934_c62a133077.jpg,3.857120011e-09
3295418287_5d590dac43.jpg,4.095423999e-09
3138746531_f6b816c126.jpg,3.775046997e-09
2971431335_e192613db4.jpg,3.357327631e-09
3199460792_deef518c01.jpg,-7.081933801e-10
1082379191_ec1e53f996.jpg,-3.726938067e-09
2921670682_6a77a6c3e9.jpg,-2.92098247e-09
2393971707_bce01ae754.jpg,5.156384914e-09
241345905_5826a72da1.jpg,5.544529555e-09
3467843559_a457ce37b6.jpg,5.434700395e-09
2561334141_0aacefa5e7.jpg,7.663214474e-10
3662963630_8f097e38d4.jpg,1.941858222e-09
3498417123_3eae6bbde6.jpg,-2.855498779e-09
2156131463_5b53636cf0.jpg,-4.65727524e-09
749840385_e004bf3b7c.jpg,4.490887296e-09
334737767_7f344eee16.jpg,-1.881462196e-11
640203018_c0e7175831.jpg,-3.362729153e-09
3323514651_3efdbd63ed.jpg,4.697426351e-10
1007320043_627395c3d8.jpg,4.624080788e-09
2185793891_5a5e903ca6.jpg,2.624686513e-09
2692635048_16c279ff9e.jpg,2.325347875e-09
2842439618_fb20fe2215.jpg,7.162207346e-10
2308271254_27fb466eb4.jpg,5.465679038e-09
2326879311_555ebef188.jpg,2.789887144e-09
2561341745_2d77d3ff7d.jpg,5.435639797e-09
2506892928_7e79bec613.jpg,-2.587796203e-09
1164765687_7aca07bbe7.jpg,-5.973263135e-09
3345025842_bc2082a509.jpg,3.786043893e-09
827941668_2e4ac6cb39.jpg,2.584461313e-09
344078103_4b23931ce5.jpg,-8.703432132e-09
408748500_e8dc8c0c4f.jpg,-3.994613858e-09
2085403342_a17b0654fe.jpg,-3.452048248e-09
2501942587_e59b91d1da.jpg,5.967979029e-09
3025438110_40af7e6a80.jpg,4.106193107e-09
977856234_0d9caee7b2.jpg,-3.906609989e-09
3118425885_f0cc035032.jpg,4.930668228e-09
3694991841_141804da1f.jpg,-6.855925676e-09
3165826902_6bf9c4bdb2.jpg,3.816481806e-09
3532194771_07faf20d76.jpg,-3.016866556e-09
3156406419_38fbd52007.jpg,3.763086688e-09
2797188545_aeb26c54c0.jpg,-5.515576036e-09
3480052428_c034b98a08.jpg,-1.425521005e-09
3207343907_995f7ac1d2.jpg,-3.47219458e-09
3367053761_8ec5834bf3.jpg,-1.607722502e-09
297285273_688e44c014.jpg,4.469531274e-09
3326273086_e09e845185.jpg,1.959533262e-09
2534652796_c8a23288ab.jpg,-2.970721059e-09
3549140234_e99b07c739.jpg,-3.498118103e-09
708945669_08e7ffb9a7.jpg,-5.136785787e-10
2885382946_f541ea5722.jpg,1.004308771e-09
489773343_a8aecf7db3.jpg,1.980550357e-09
27782020_4dab210360.jpg,-2.72002757e-09
2537197415_af7c30dfc8.jpg,-5.993289086e-10
2608289957_044849f73e.jpg,-6.013314028e-10
3284460070_6805990149.jpg,2.92551136e-09
1818403842_553a2a392c.jpg,-1.923501665e-09
2437266971_b91a8f9a00.jpg,-8.605249548e-10
3427118504_93126c83e0.jpg,5.074975603e-09
3195147187_a073d59fa8.jpg,-2.555319891e-09
1449625950_fc9a8d02d9.jpg,-1.692719433e-09
2165677531_e1d5e086f7.jpg,-5.03597028e-09
781118358_19087c9ec0.jpg,-4.233650949e-09
454709143_9c513f095c.jpg,7.894671013e-09
987907964_5a06a63609.jpg,3.391853376e-09
386655611_1329495f97.jpg,-7.380915618e-10
859620561_de417cac1e.jpg,3.337215197e-09
944788251_a0bcd4b960.jpg,-2.92718507e-09
3004359992_f6b3617706.jpg,1.223280124e-08
3295680663_af21ea648b.jpg,-2.801246233e-09
2541701582_0a651c380f.jpg,1.021825694e-08
219843859_94b6d0a580.jpg,3.490037851e-09
242064301_a9d12f1754.jpg,6.786389071e-10
246901891_4c4ea49c3a.jpg,-4.565345007e-09
446291803_2fd4641b99.jpg,-5.316965849e-09
3178371973_60c6b8f110.jpg,5.95850675e-10
388386075_9ac3a89ada.jpg,-4.7908522e-09
374124237_51f62b6937.jpg,-2.83231787e-09
2971298546_dd595cf297.jpg,-6.475438874e-09
3187117682_986ffd6b67.jpg,-2.703896229e-09
3134092148_151154139a.jpg,-6.607966692e-09
3542484764_77d8920ec9.jpg,-6.821516433e-09
1107246521_d16a476380.jpg,8.15012692e-09
3490186050_4cb4193d4d.jpg,2.906163224e-09
2298661279_016d87ba2f.jpg,-4.489519734e-10
3694093650_547259731e.jpg,-5.420990388e-09
2615623392_ab2b9759ae.jpg,3.981402875e-09
1428578577_82864facae.jpg,5.575905315e-10
3093971101_543237971d.jpg,-6.189251258e-10
3280173193_98c2d6a223.jpg,-1.5907106e-09
2284894733_b710b9b106.jpg,-4.253009909e-09
2947172114_b591f84163.jpg,-1.019514388e-10
742073622_1206be8f7f.jpg,-7.165300648e-09
3122938209_2b2c6c1fab.jpg,-6.334818988e-10
2698197294_ccd9327ef6.jpg,-6.063854312e-09
2934000107_d2ff15c814.jpg,7.920757712e-09
2819254573_9ecb5f4d5e.jpg,7.649774477e-10
3095137758_bdd1e613dd.jpg,-7.538666009e-11
3462396164_ba9849c14b.jpg,-2.923097972e-09
495014499_8fd065cfd9.jpg,-8.957619416e-10
2422482455_b98d9c2120.jpg,-1.621894549e-09
1240297429_c36ae0c58f.jpg,-1.080546885e-08
820169182_f5e78d7d19.jpg,-2.662263782e-09
2207244634_1db1a1890b.jpg,1.027296269e-09
3463034205_e541313038.jpg,1.615205545e-09
1117972841_2b9261f95f.jpg,-6.716605597e-11
2908512223_7e27631ed4.jpg,7.660018689e-09
2097407245_c798e0dcaf.jpg,7.1827592e-10
3383491811_fd9d3a891d.jpg,-5.649843015e-09
3549408779_4d453db080.jpg,-1.930595265e-09
3215117062_6e07a86352.jpg,-7.079808647e-09
3173157541_70b16b4318.jpg,-3.549642543e-09
3632047678_f202609e50.jpg,-1.386822032e-09
2964438493_413667c04a.jpg,3.70567278e-09
2769731772_18c44c18e2.jpg,-4.089777456e-09
3351493005_6e5030f596.jpg,3.224204452e-09
3727752439_907795603b.jpg,-6.556163569e-09
247778426_fd59734130.jpg,-1.907233211e-09
1357753846_6185e26040.jpg,6.556514786e-09
3382105769_b1a4e4c60d.jpg,1.811580491e-09
225909073_25c3c33a29.jpg,3.402522261e-09
3533145793_5d69f72e41.jpg,-5.634534282e-10
2978810122_183e60ff2d.jpg,4.19065787e-09
455856615_f6361d9253.jpg,-3.277226749e-10
3286543624_7a327f79ae.jpg,-2.387169351e-09
2574084102_f2be3f73cb.jpg,6.65362944e-09
3336065481_2c21e622c8.jpg,-5.759172692e-09
3254662117_b2e7dede6e.jpg,1.086613428e-09
1397923690_d3bf1f799e.jpg,1.512583267e-09
3690107455_0fdb4ecee7.jpg,-2.763659144e-09
3334866049_f5933344aa.jpg,-7.508304005e-09
2319197581_94f807b204.jpg,-4.681174251e-10
2787276494_82703f570a.jpg,2.58872736e-09
2707244524_d57120d74a.jpg,-1.413509722e-10
3217910740_d1d61c08ab.jpg,-1.360748978e-09
3537201804_ce07aff237.jpg,-1.841949835e-09
946051430_8db7e4ce09.jpg,-1.273277213e-09
561179884_8b6b925ef9.jpg,-1.398175536e-09
2613993276_3c365cca12.jpg,-7.428936735e-09
300765528_8c8f709dda.jpg,1.077669317e-09
2244024374_54d7e88c2b.jpg,-1.202826618e-09
2527713011_b0ec25aa54.jpg,-2.915509521e-09
3343197133_9256848fa9.jpg,4.946332384e-09
3668259129_e073af1533.jpg,-3.988015347e-09
3510219078_670b6b3157.jpg,1.039515516e-10
3303787342_b258b377b6.jpg,2.424702719e-09
3219210794_4324df188b.jpg,1.00123471e-09
3063544435_10516c6937.jpg,2.152728432e-09
3100442775_6e2659b973.jpg,1.68343473e-10
3118505332_b0792489b5.jpg,3.367418174e-10
3595412126_4020d4643b.jpg,-5.269904328e-09
3457604528_302396c08c.jpg,8.144998965e-10
3585488964_1467945775.jpg,2.588470143e-09
2277299634_e14bdb7ff7.jpg,-2.196877477e-09
3259231890_16fe167b31.jpg,-1.481043067e-09
2826769554_85c90864c9.jpg,4.236595096e-09
822836318_21544f0f78.jpg,-4.16167181e-09
3396817186_b299ee0531.jpg,4.620700502e-09
3553225222_f5ebe44af1.jpg,-2.049937959e-09
2424976964_98f58a0618.jpg,-4.256788058e-10
2165461920_1a4144eb2b.jpg,-2.903461588e-09
2693539377_5442430f81.jpg,4.075112156e-09
3400135828_0ac128b6eb.jpg,2.336222238e-09
2825483885_3f7c54db3e.jpg,2.063402929e-09
2880051254_e0ca96b6be.jpg,-3.433827046e-09
3046431231_dc48851062.jpg,-5.08251223e-09
263850317_5bb3a18a08.jpg,4.242421513e-09
3687996569_99163a41c3.jpg,4.500811764e-09
2578161080_e007c9177a.jpg,7.363035326e-09
224702242_a62aaa6dff.jpg,6.184193046e-10
2884252132_5d8e776893.jpg,8.649307549e-09
3657016761_d553e514d9.jpg,-1.619111056e-09
2872963574_52ab5182cb.jpg,-5.652008925e-09
2975253472_0f0c2dea70.jpg,-2.740896285e-10
3597146852_3d000a5d5f.jpg,4.235497611e-09
428485639_a82635d6ee.jpg,-4.529157427e-09
2210368267_0615754b48.jpg,2.904285329e-10
543264612_c53cc163b4.jpg,-7.326629012e-09
3381392182_db2c42430e.jpg,3.94203647e-09
3673165148_67f217064f.jpg,-4.357119545e-09
2790909995_8b7a03d9d1.jpg,-2.765751654e-09
3599568766_9e96def0ef.jpg,-2.234770814e-09
3478591390_b526580644.jpg,-1.577974764e-09
3222749441_3bdfe088e3.jpg,-5.193754363e-09
35506150_cbdb630f4f.jpg,5.367967438e-09
3287549827_04dec6fb6e.jpg,4.679126593e-11
3186556417_b2d6921a20.jpg,1.367510268e-09
3148193539_de9dd48fc8.jpg,3.626275661e-09
3494723363_eaa6bc563b.jpg,-6.238247358e-09
348380010_33bb0599ef.jpg,-2.123354539e-09
3559993787_c49644dcc5.jpg,7.006771481e-09
3299418821_21531b5b3c.jpg,7.282490088e-09
494907021_321e82877a.jpg,-4.423854812e-10
3362189985_fbae8f860a.jpg,2.066251341e-09
1572286502_64e5c4b920.jpg,-7.177770934e-10
2344412916_9a5a9b1c82.jpg,-2.613304482e-11
3182558164_488b819f14.jpg,-7.716296395e-09
3558251719_3af5ae2d02.jpg,2.301445184e-09
3461110860_37ef15af8e.jpg,-5.954603577e-09
425088533_a460dc4617.jpg,1.550870013e-09
2208310655_a3d83080c5.jpg,8.467261015e-09
3019923691_3b3c5a4766.jpg,1.294262523e-08
251792066_b5233b3d86.jpg,-9.461291667e-11
2443380641_7b38d18f5b.jpg,2.956979197e-09
210126070_0d43b300b9.jpg,-1.6347106e-09
2888386138_578d21033a.jpg,-1.815234004e-09
2100816230_ff866fb352.jpg,8.196144635e-09
180506881_de0f59770f.jpg,1.221160897e-08
3244470342_c08f6bb17e.jpg,-7.948925803e-10
1808370027_2088394eb4.jpg,4.092206198e-09
2984174290_a915748d77.jpg,3.576654677e-09
2565618804_8d7ed87389.jpg,-2.896879461e-10
207275121_ee4dfa0bf2.jpg,-2.160021136e-09
3294202771_e8ee78a439.jpg,-5.566253696e-09
3515451715_ac5ac04efa.jpg,-2.238206159e-09
369186134_5eef374112.jpg,3.43095954e-09
3136688093_568b053bdf.jpg,2.873225032e-09
3259991972_fce3ab18b2.jpg,1.646317114e-09
3273625566_2454f1556b.jpg,1.937416659e-10
2719101587_4ba70dee14.jpg,1.628956967e-09
300222673_573fd4044b.jpg,5.656853415e-09
3682038869_585075b5ff.jpg,-3.115185645e-09
525887861_4cc7a1beca.jpg,-3.31478275e-09
3123770450_cedc16d162.jpg,-7.587001807e-09
2899594400_61b4f6c114.jpg,-2.366685002e-09
2192475933_d779bf42eb.jpg,-4.058695769e-09
319870744_0e0138d205.jpg,-7.948112741e-10
930748509_8ca5cf5c24.jpg,7.389149845e-10
3618115051_41b5a7706c.jpg,-9.547947709e-11
267836606_bbea2267c8.jpg,3.098554025e-09
2954525375_9d5ca97341.jpg,-7.664069947e-09
3241726740_6d256d61ec.jpg,-2.477216436e-09
3360823754_90967276ec.jpg,-7.993110582e-09
3074617663_2f2634081d.jpg,8.047807735e-10
470887791_86d5a08a38.jpg,-4.890743361e-09
3261493263_381a4c5cc7.jpg,1.747359897e-10
534200447_b0f3ff02be.jpg,-6.908324414e-10
488352274_9a22064cb3.jpg,-3.933136359e-09
3677734351_63d60844cb.jpg,-8.945994932e-09
2528489543_546c1ca81f.jpg,6.081758433e-09
3179336562_c3d0c0a3bd.jpg,5.23360874e-11
3152317129_177b4678b7.jpg,-5.973875062e-09
2273799395_5072a5736d.jpg,4.753399709e-09
3260768565_2b725be090.jpg,-3.773829215e-09
2558911884_856dfc3951.jpg,1.702105652e-09
3166366760_e43cf66eda.jpg,1.685577078e-09
519754987_51861fea85.jpg,-3.597043929e-09
2340919359_f56787d307.jpg,-6.609318803e-10
3176277818_235486a3cd.jpg,3.947772283e-09
2467856402_0490413d38.jpg,-7.16891187e-09
281754914_bc8119a0ed.jpg,-5.542632674e-09
3303797949_339bb969ba.jpg,3.370056636e-09
3593220756_5c416c3ceb.jpg,-4.626437474e-09
3304030264_da3dd18c7b.jpg,4.514693856e-09
247619370_a01fb21dd3.jpg,9.69035629e-09
3401902253_cd27e6d0fe.jpg,-6.06542497e-10
3050114829_18bc5a6d7c.jpg,2.170990096e-09
1129704496_4a61441f2c.jpg,-1.766593197e-09
2266144051_614b2d62b0.jpg,1.502735031e-09
3712574653_e009f76d19.jpg,9.843220492e-10
502783522_3656f27014.jpg,-2.432218085e-09
2218907190_5f43bf5e4d.jpg,-3.630601295e-09
3014169370_fc4059352e.jpg,-7.608509974e-09
2679851489_a58780291e.jpg,7.261414848e-09
2768021570_46bc6325e3.jpg,-1.1506364e-08
3064097919_e536ab9693.jpg,-3.981062289e-09
1299459562_ed0e064aee.jpg,5.234421139e-09
2593406865_ab98490c1f.jpg,-4.036562785e-10
2141065212_463a6997e1.jpg,-1.042193601e-09
3453019315_cfd5c10dae.jpg,-2.706417491e-09
3462512074_2b4db1ffd6.jpg,-5.770272269e-09
3556792157_d09d42bef7.jpg,1.294024717e-09
2643309379_2cde08516c.jpg,7.939037033e-09
2696866120_254a0345bc.jpg,-2.110216125e-09
2706430695_3b5667741c.jpg,3.355358706e-09
3474406285_01f3d24b71.jpg,1.024087459e-09
2695085448_a11833df95.jpg,5.040631459e-09
2562463210_d0dfd545ca.jpg,-3.708848953e-09
3574244361_715ac347cd.jpg,4.782792021e-09
485741580_ab523fa657.jpg,-2.834122382e-09
2480327661_fb69829f57.jpg,7.655911161e-11
2300168895_a9b83e16fc.jpg,1.724947764e-09
3050264832_4215f2b398.jpg,3.025436387e-10
458004873_f084c47a88.jpg,-1.521761023e-10
191003285_edd8d0cf58.jpg,-4.886878007e-09
2288099178_41091aa00c.jpg,-6.464003102e-09
3274375509_4fe91a94c0.jpg,-7.839986754e-09
3319586526_3994e9cd58.jpg,6.046203402e-09
2393196444_8f4f540f5f.jpg,1.457665387e-09
2838085973_42b6e9b5b1.jpg,-1.832656841e-09
2704362232_7d84503433.jpg,-7.631276287e-09
2045562030_654ddea5e5.jpg,1.0095697e-08
1332492622_8c66992b62.jpg,-4.018363634e-09
2367318629_b60cf4c4b3.jpg,1.042025382e-08
2729147877_c3ec3445bf.jpg,-2.496927056e-09
481732592_b50194cb89.jpg,-8.975905014e-10
2772532341_c4597a94ed.jpg,3.982302771e-09
3017656907_c3b137e070.jpg,-4.203874021e-10
3486538055_bcf4d3dfda.jpg,-1.946202805e-09
2234910971_80e0325918.jpg,-2.311106986e-09
2991993027_36ac04e9a0.jpg,8.49160727e-09
2832453252_a06f7826a8.jpg,-2.461886531e-09
2527163162_d0fb802992.jpg,-3.516939319e-09
2992658871_ac786d37a6.jpg,1.250876685e-09
1248357227_2b4175fc39.jpg,5.274550226e-09
2055646179_169807fed4.jpg,1.79048106e-09
3482859574_3908de3427.jpg,-4.933299107e-09
2848571082_26454cb981.jpg,-1.60314548e-09
3428386573_670f5362f0.jpg,-6.519713231e-10
2873431806_86a56cdae8.jpg,2.837507599e-09
2249865945_f432c8e5da.jpg,-2.242901372e-09
514905846_b54d13946a.jpg,-2.930734316e-09
469259974_bb03c15c42.jpg,-7.671228389e-09
2900048238_74bd69d87d.jpg,-1.46977224e-09
543603259_ef26d9c72d.jpg,-5.448315176e-10
2239938351_43c73c887c.jpg,-1.032531126e-09
535309053_ec737abde8.jpg,-6.336260805e-09
2034553054_b00c166895.jpg,4.747636811e-09
3406930103_4db7b4dde0.jpg,-1.495641445e-09
2096771662_984441d20d.jpg,-2.203379481e-09
2594459477_8ca0121a9a.jpg,-8.811709402e-09
3117336911_a729f42869.jpg,6.21849126e-09
3351418768_596ef7fd6f.jpg,8.594825784e-10
3619806638_7480883039.jpg,-2.369985351e-09
2603690144_7a28b1d13c.jpg,-6.120532333e-09
3497502407_ec566442c9.jpg,4.386278117e-09
2159447283_fab8c272b0.jpg,-4.228886965e-09
3235746553_a40416c00e.jpg,-5.178541156e-09
2188192752_09d9fc5431.jpg,-1.986870967e-09
3491013009_572cf2c18a.jpg,5.30955066e-10
3411393875_a9ff73c67a.jpg,1.552766729e-09
3656906086_7034f69ab6.jpg,-2.235524553e-09
2720215226_5a98ff2bd3.jpg,-1.217172861e-09
2343879696_59a82f496f.jpg,2.448070522e-09
3283626303_8e23d4a842.jpg,-1.747964973e-09
3171188674_717eee0183.jpg,-4.906159374e-09
3444974984_963fb441a0.jpg,-4.128412147e-10
3354414391_a3908bd4ff.jpg,2.032989499e-09
3609026563_9c66f2dc41.jpg,4.521583146e-09
3397220683_4aca010f86.jpg,-2.908563733e-09
2684323357_c7a6d05d05.jpg,4.429700105e-09
3139837262_fe5ee7ccd9.jpg,6.673255673e-10
3522349685_f046f0e250.jpg,1.750830021e-09
3326204251_2f9e446a2f.jpg,-9.050456645e-09
2846037553_1a1de50709.jpg,8.707869124e-09
3366571152_20afb88ac1.jpg,-3.54100153e-09
3726076549_0efb38854b.jpg,-8.745842871e-09
2201222219_8d656b0633.jpg,-1.831056682e-09
224273695_0b517bd0eb.jpg,-4.594286847e-09
1679617928_a73c1769be.jpg,-1.042042521e-09
3259579174_30a8a27058.jpg,-1.047319825e-09
3273489163_8209545810.jpg,-8.356915269e-10
2456030728_d3d147e774.jpg,-3.51941898e-09
3622216490_1314a58b66.jpg,-1.467669641e-09
3002920707_5d2e6e6aac.jpg,-9.079945627e-09
444057017_f1e0fcaef7.jpg,-1.27906644e-09
3490528249_6aae9b867b.jpg,4.636500925e-09
1472249944_d887c3aeda.jpg,2.452435372e-09
2714220101_c31db50b10.jpg,1.849805968e-09
3046190891_05c6ecd9b6.jpg,-1.503944275e-09
2604825598_593a825b5b.jpg,-2.504994786e-09
3098707588_5096d20397.jpg,-7.83759124e-10
307321761_606fc91673.jpg,-1.619325046e-09
757332692_6866ae545c.jpg,-4.834663168e-09
3609952704_3719ab0524.jpg,-2.639310971e-09
2362481035_a7600875d0.jpg,-9.741891843e-09
2968885599_0672a5f016.jpg,-5.369763496e-09
3174431688_ae84778db0.jpg,-3.473715108e-09
1178705300_c224d9a4f1.jpg,-7.657213316e-09
2949014128_0d96196261.jpg,7.933033076e-10
3139238055_2817a0c7d8.jpg,-7.39469271e-11
3504881781_6a842e043b.jpg,6.137326228e-09
478209058_21e2c37c73.jpg,4.586022834e-09
2600442766_e750ec9a56.jpg,-1.044207438e-08
3415003392_139c0f3586.jpg,-3.754906311e-09
2285570521_05015cbf4b.jpg,-9.842951768e-12
652542470_60e858da64.jpg,-4.408613299e-09
161905204_247c6ca6de.jpg,1.206281368e-08
3080056515_3013830309.jpg,-2.775601472e-09
345785626_9fa59f38ce.jpg,1.35743691e-09
1765164972_92dac06fa9.jpg,5.091772014e-10
3469711377_bc29d48737.jpg,-3.73435972e-09
1659396176_ced00a549f.jpg,-2.25540775e-09
2461372011_ebbf513766.jpg,3.460638007e-09
630476551_2ee7399f77.jpg,-6.828872164e-10
200771289_31902164a7.jpg,-2.010303018e-09
2312984882_bec7849e09.jpg,-3.456205721e-09
3653837067_94050699ec.jpg,6.790112008e-09
1932161768_996eadac87.jpg,-1.32936046e-08
1096165011_cc5eb16aa6.jpg,-5.2685997e-09
118309463_a532b75be9.jpg,-7.759881782e-09
3366105287_49a4bf71c6.jpg,-8.098265401e-09
2346523971_d3f1e12ce4.jpg,9.063636269e-10
539761097_5c6c70425b.jpg,-1.071751049e-09
2268109835_d6edbe1c2b.jpg,1.353615867e-09
3053743109_a2d780c0d2.jpg,-5.068582549e-09
3055716848_b253324afc.jpg,-5.00314174e-11
3587092143_c63030ed6d.jpg,5.695918387e-10
3579842996_3a62ec1bc7.jpg,2.261489656e-09
327997381_55f90dc834.jpg,-5.911322549e-09
214501174_6db1f4d69c.jpg,-6.540731056e-09
3562050678_4196a7fff3.jpg,3.791241568e-09
2281054343_95d6d3b882.jpg,-1.499966665e-09
3046949818_245b05f507.jpg,-4.587074785e-10
923550133_ac9d7a2932.jpg,1.552129825e-09
2508918369_2659db1cb6.jpg,-1.708965041e-09
3687996279_05b5a2a706.jpg,1.615640283e-10
391020801_aaaae1e42b.jpg,-4.297092305e-09
1262077938_8b9516c273.jpg,5.947201507e-09
3439382048_d2e23b2b4c.jpg,-4.896359069e-09
470903027_489cc507de.jpg,3.530777636e-09
3569284680_44fef444ef.jpg,-1.559477531e-09
440190907_bf8b7ba8ef.jpg,-5.045542967e-09
482830610_13a0a6c924.jpg,-4.287383978e-10
428408242_b32faf2240.jpg,2.603457717e-09
3071676551_a65741e372.jpg,7.037946307e-09
458183774_afe65abf67.jpg,-2.963174339e-09
3351704877_28dea303aa.jpg,-4.02949807e-09
3069037969_bb7319e0dc.jpg,8.763372255e-10
2385871317_44cde2f354.jpg,-6.196514692e-09
3604383863_5e387cb8e6.jpg,3.710151914e-09
234241682_51d9fabb27.jpg,6.664898413e-09
2502354602_f4d6dcf42d.jpg,-3.428142902e-09
36422830_55c844bc2d.jpg,3.791593262e-09
3065560742_f6e266ccd9.jpg,-4.242864569e-09
2842865689_e37256d9ce.jpg,1.015790676e-08
872512911_ca383b40e4.jpg,4.043550273e-09
2252403744_148fc11f68.jpg,1.618761057e-09
2073964624_52da3a0fc4.jpg,-1.136614827e-09
3151860914_46e30cd5ea.jpg,-4.409156088e-12
3124838157_7ef96745b7.jpg,2.284928715e-09
3371567529_606fa3452b.jpg,7.164322792e-10
3119076670_64b5340530.jpg,4.024241723e-09
3674565156_14d3b41450.jpg,1.393759337e-08
2205336881_d9ee4179d3.jpg,-2.0966424e-09
1355945307_f9e01a9a05.jpg,8.706275421e-10
269986132_91b71e8aaa.jpg,3.4334472e-09
3490867290_13bcd3a7f0.jpg,-1.14686105e-09
2556392380_ee57514233.jpg,-8.288929626e-10
2335619125_2e2034f2c3.jpg,-1.510544823e-09
12830823_87d2654e31.jpg,3.212462147e-09
226531363_33ac01d931.jpg,-2.187150796e-09
2320125735_27fe729948.jpg,4.304644708e-09
2267819545_446c5a3e18.jpg,-8.91514741e-11
294098577_c10f32bcfa.jpg,-6.440545619e-09
510531976_90bbee22a2.jpg,-1.188462467e-09
528498076_43f0ef36b5.jpg,-4.571778081e-09
2301525531_edde12d673.jpg,-8.064434866e-09
1174629344_a2e1a2bdbf.jpg,-5.391065809e-09
929679367_ff8c7df2ee.jpg,-6.734960927e-09
300550441_f44ec3701a.jpg,7.321356021e-09
3295391572_cbfde03a10.jpg,5.356247708e-09
3042679440_010b2c596c.jpg,4.638682279e-09
2496399593_a24954a5ca.jpg,-5.983376245e-09
2554531876_5d7f193992.jpg,-7.626162039e-10
2626158969_ac09aeb88d.jpg,-2.29596461e-09
1468103286_96a6e07029.jpg,-1.056460692e-09
3053415073_5b667230ed.jpg,2.635390355e-09
2994104606_bc2df6c1f4.jpg,-4.964619301e-12
2120571547_05cd56de85.jpg,-9.311520357e-10
2139519215_8ca16dd192.jpg,2.326038329e-09
2679565682_91ecd283ff.jpg,1.052830615e-09
2873445888_8764699246.jpg,5.370206587e-10
2882483779_73c171ac19.jpg,-6.460243824e-09
3539767254_c598b8e6c7.jpg,-4.60454414e-09
3089107423_81a24eaf18.jpg,-7.67151611e-10
111537217_082a4ba060.jpg,-2.447080988e-09
2699125097_c6801d80ed.jpg,8.638462565e-10
3175446111_681a89f873.jpg,9.312860241e-10
3574627719_790325430e.jpg,-8.569803281e-10
3163198309_bbfe504f0a.jpg,3.028941831e-09
2419797375_553f867472.jpg,-6.449714577e-09
510791586_3913ade6a7.jpg,3.073159933e-09
360723732_23199af4bf.jpg,-1.913530952e-09
3137061312_eb5fdcf3fd.jpg,4.022738144e-09
2648165716_02e2e74fd6.jpg,-2.314973571e-09
3549614763_42f34f3d1e.jpg,7.001247181e-09
3564385317_1bf5094068.jpg,-5.768076629e-09
3598447435_f66cd10bd6.jpg,1.710935581e-09
2216568822_84c295c3b0.jpg,-3.562156555e-09
3400082864_9c737c1450.jpg,1.695937288e-09
2584412512_6767593f24.jpg,-5.273530029e-09
3224227640_31865b3651.jpg,8.08824418e-09
443430496_3fea95a07d.jpg,4.031569141e-09
438639005_208bc59b0b.jpg,-4.257195907e-10
330325191_63e11d9c93.jpg,1.131158601e-09
106514190_bae200f463.jpg,1.60843009e-09
3396275223_ee080df8b5.jpg,5.24040825e-09
3211316116_a2462e327d.jpg,-7.16696779e-11
2215165918_2bf5b659dd.jpg,-2.19998368e-09
141755292_7a0b3364cf.jpg,-5.720822643e-09
3218861747_5c5c547b66.jpg,-2.999650371e-09
3041487045_b48ac7ed08.jpg,-8.588608524e-09
2991375936_bf4b0a7dc0.jpg,-2.440455677e-09
3241892328_4ebf8b21ce.jpg,3.514717676e-09
3183777589_460a4f445b.jpg,3.542998638e-09
3047749814_621ed0786b.jpg,-7.02108123e-10
3002448718_a478c64fb4.jpg,-1.680617526e-09
3673878924_506c9d767b.jpg,-6.249300087e-10
3473534758_1ae3847781.jpg,-6.212882186e-09
2514612680_b0d2d77099.jpg,-5.871698183e-10
1691573772_1adef8e40e.jpg,5.948842798e-10
3225310099_d8e419ba56.jpg,4.35232204e-09
3275065565_9e2a640fbc.jpg,1.968056998e-09
418667611_b9995000f4.jpg,2.218124387e-09
3459871361_92d1ecda36.jpg,4.906671912e-09
3069282021_e05e1829f3.jpg,9.002877138e-09
3678100844_e3a9802471.jpg,5.901261421e-11
1470536919_1f3fd6c65a.jpg,5.266017453e-09
3335375223_b4da8df523.jpg,1.926596841e-09
3316725440_9ccd9b5417.jpg,2.665366239e-09
2226440063_c085b30558.jpg,2.820186372e-09
1093716555_801aacef79.jpg,4.582906483e-09
3464871350_3f2d624a9c.jpg,3.056543015e-09
634891010_9fa189effb.jpg,-8.777644771e-09
2079554580_f18d5c181b.jpg,-2.974183523e-09
2868776402_aef437e493.jpg,5.590218565e-09
1600208439_e94527b80f.jpg,-1.844893481e-09
133189853_811de6ab2a.jpg,1.548087234e-09
2474918824_88660c7757.jpg,4.072839109e-09
2797438951_88a3ed7541.jpg,-7.166269122e-09
3613705104_46d854134e.jpg,-1.156096104e-09
2980118787_2099de53ec.jpg,-1.430295968e-09
3319020762_d429d56a69.jpg,2.045374198e-09
3540416981_4e74f08cbb.jpg,1.050505116e-09
3429465163_fb8ac7ce7f.jpg,1.232063775e-09
2565237642_bdd46d7cef.jpg,1.043741617e-08
3365783912_e12c3510d8.jpg,-3.589686611e-09
1042590306_95dea0916c.jpg,-3.301957947e-10
2925577165_b83d31a7f6.jpg,-7.512629206e-10
3230132205_dccfafa5ee.jpg,-9.132239239e-10
462198798_89e2df0358.jpg,2.680100174e-09
2570559405_dc93007f76.jpg,-1.499587658e-09
2847514745_9a35493023.jpg,-8.251422612e-10
3601843201_4809e66909.jpg,1.234018368e-09
1457762320_7fe121b285.jpg,-4.281272627e-09
1095980313_3c94799968.jpg,-1.191332697e-09
300500054_56653bf217.jpg,3.679560125e-09
2240539658_dea8db6e55.jpg,-4.634173727e-09
3266399073_40820596d5.jpg,2.161445754e-09
3374223949_90776ba934.jpg,-1.215642958e-09
3197917064_e679a44b8e.jpg,7.220273631e-10
3426966595_c8c4e1e872.jpg,1.817876352e-09
3346289227_198fced308.jpg,-2.059550872e-09
3094064787_aed1666fc9.jpg,3.783824986e-09
211981411_e88b8043c2.jpg,2.649258385e-09
3279988814_d3693dcb6c.jpg,-2.864060933e-09
3084011664_76d37c6559.jpg,1.915416189e-10
2561751298_320eef38ec.jpg,5.428054575e-09
3595992258_6f192e6ae7.jpg,5.969168713e-09
3044500219_778f9f2b71.jpg,4.868791274e-09
1557451043_f5c91ff6f4.jpg,2.425620552e-09
465994762_1760e83c5d.jpg,7.340955707e-09
1207159468_425b902bfb.jpg,7.023595662e-10
3376898612_41c91de476.jpg,-2.406210423e-09
2662890367_382eaf83bd.jpg,4.33538789e-09
3409740108_1505489537.jpg,-1.277320013e-09
1355935187_2c99648138.jpg,4.629531196e-09
140377584_12bdbdf2f8.jpg,-8.61072074e-10
3043904009_3b5e0412cd.jpg,-5.509405431e-09
1865794069_6e3a1e57bb.jpg,1.000399695e-09
2314732154_83bc7f7314.jpg,-8.84406353e-09
2934359101_cdf57442dc.jpg,3.923816019e-09
2744321686_8811d8428c.jpg,-2.79627533e-09
2195620255_6693479734.jpg,-4.063447265e-09
3411022255_210eefc375.jpg,-3.411121583e-09
2783620390_02c166c733.jpg,-5.323753984e-09
3431860810_44277cd360.jpg,2.116679661e-09
2726262796_03bd63a155.jpg,2.404887669e-09
2120411340_104eb610b1.jpg,-8.408762365e-09
523327429_af093fc7cf.jpg,-2.320610946e-09
872135364_8c1e47d163.jpg,2.56699103e-09
1980882959_9a161f3469.jpg,1.285104857e-09
444803340_fdcaab86f9.jpg,-2.31557564e-10
3294717824_3bb7b5d1c8.jpg,-3.838205138e-09
1464120327_d90279ca3a.jpg,1.362172645e-09
1167669558_87a8a467d6.jpg,4.13084416e-10
3096918227_f9d26a7db2.jpg,1.360825961e-10
2949497756_be8e58e6bd.jpg,1.615370813e-09
3608849440_e7d2bed29f.jpg,-5.12407283e-09
2199793371_343809ff70.jpg,-7.039319767e-09
2951750234_a4741f708b.jpg,-6.719435454e-09
2884420269_225d27f242.jpg,-5.216977165e-09
3447876218_4ccf42d7a0.jpg,2.976908689e-09
3590557969_d0270d518b.jpg,6.408167382e-09
3373870185_f79163fa51.jpg,1.460017814e-09
494221578_027f51cdf4.jpg,-4.991918643e-09
2671602981_4edde92658.jpg,-4.482511836e-11
3293751136_b0ce285dc3.jpg,1.093652559e-09
3364715316_df8c20bac1.jpg,1.970894678e-09
3405942945_f4af2934a6.jpg,7.063350152e-10
1991806812_065f747689.jpg,1.378327676e-10
2926233397_71e617f3a3.jpg,3.299975087e-09
3084731832_8e518e320d.jpg,-2.387179135e-09
2502079538_10ef2e976b.jpg,-6.745225289e-09
3111402233_6285bcba7a.jpg,2.778392293e-09
3132903412_b4780d0ccf.jpg,5.41254071e-10
241345323_f53eb5eec4.jpg,2.979122862e-09
3277824093_299cbb3138.jpg,4.073498137e-09
3540155303_08225a4567.jpg,1.248564837e-10
823697339_aadbeef495.jpg,-1.545040445e-09
58357057_dea882479e.jpg,-1.394614767e-09
3335692531_dd4a995f91.jpg,-1.06034842e-10
3253060519_55d98c208f.jpg,2.046659836e-09
3339747039_1a8455c210.jpg,-6.26643133e-09
3534952095_975cca0056.jpg,1.298859198e-08
2987121689_f9de6c479b.jpg,2.914552705e-09
2860040276_eac0aca4fc.jpg,7.523961518e-11
3326454455_960e5442e9.jpg,4.355227314e-09
3109268897_d43797fc6a.jpg,-3.966742933e-09
2752809449_632cd991b3.jpg,3.63247044e-09
2398605966_1d0c9e6a20.jpg,-9.968775611e-09
3491607076_922ec561d9.jpg,-2.881564928e-09
3398276602_c7d106c34f.jpg,4.259158478e-09
656260720_a7db4ce48b.jpg,-2.220694057e-09
316577571_27a0e0253e.jpg,5.45264007e-09
2709536455_2a6046e38a.jpg,2.61980354e-09
3437107047_715c60e9c8.jpg,-3.898883683e-09
3146232740_df3da0163b.jpg,-1.960094591e-09
3690189273_927d42ff43.jpg,2.148057774e-09
143680966_0010ff8c60.jpg,-2.071381084e-09
2085726719_a57a75dbe5.jpg,-4.676610908e-10
3415165462_e1cb536d08.jpg,-1.44091127e-09
1277185009_06478dd457.jpg,4.963647196e-11
136644343_0e2b423829.jpg,-3.146086119e-09
1835511273_790eaae6e6.jpg,-2.150309169e-09
2688102742_885e578a3f.jpg,-2.75379085e-09
765929807_de381cc764.jpg,-3.596290175e-09
3197891333_b1b0fd1702.jpg,7.233147203e-12
393284934_d38e1cd6fe.jpg,1.339765832e-10
3442242092_e579538d82.jpg,-2.628576493e-09
3640743904_d14eea0a0b.jpg,2.697694245e-09
717673249_ac998cfbe6.jpg,7.123579564e-09
1466479163_439db855af.jpg,-1.301673957e-09
3626964430_cb5c7e5acc.jpg,-2.417268189e-09
3244586044_205d5ae2ba.jpg,-4.932870534e-12
3662406028_29b9e46a6f.jpg,-5.795190533e-09
3421928157_69a325366f.jpg,4.969961323e-09
2662262499_3cdf49cedd.jpg,6.688693684e-09
3264350290_f50494e835.jpg,4.083446474e-09
3257182199_5fda78d870.jpg,5.515433389e-09
613900608_2e49415772.jpg,2.894806425e-09
3191027142_33e86636ca.jpg,-4.619224259e-10
3736786640_70df13be2c.jpg,2.532310607e-09
3354075558_3b67eaa502.jpg,3.067636407e-09
3613800013_5a54968ab0.jpg,-6.276701027e-09
3724487641_d2096f10e5.jpg,-2.046949317e-10
3326588088_172d1b2584.jpg,-4.352795359e-09
3169591322_d0b6d0cd04.jpg,-2.37392055e-09
2355578735_286af5b202.jpg,4.502503448e-10
3635991166_f95304af0a.jpg,-1.236869531e-09
247617754_4b1137de8c.jpg,-1.514450934e-09
2480668859_6f9b46be6a.jpg,8.065804375e-09
378170167_9b5119d918.jpg,5.966993544e-11
2780105274_52360c4cca.jpg,-4.312124905e-09
3308997740_91765ecdcc.jpg,-4.720705557e-09
3650188378_cc8aea89f0.jpg,-7.377591668e-09
2976350388_3984e3193d.jpg,-1.057026475e-09
3086523890_fd9394af8b.jpg,4.785639436e-09
3040575300_0e4328d205.jpg,1.426936379e-09
3217056901_fe2c70377d.jpg,3.289748056e-10
143552829_72b6ba49d4.jpg,5.43397444e-11
3029472296_d429b1586c.jpg,3.350333708e-09
1490670858_e122df2560.jpg,-1.24386711e-10
3118534315_cc03e5ddab.jpg,1.149361051e-09
2657484970_610e18144f.jpg,-1.210439434e-09
3620492762_7f6a9b4746.jpg,-4.117495886e-09
2887744223_029f2fd5fe.jpg,-1.801165857e-09
3315726723_64c9b0a945.jpg,1.065190504e-09
2112921744_92bf706805.jpg,-5.480916633e-09
42637987_866635edf6.jpg,-1.223602371e-08
927420680_6cba7c040a.jpg,-1.560639435e-09
3580741947_cc64a83648.jpg,-1.007551814e-09
3549673305_4dfd44e04a.jpg,4.083410676e-09
3633396324_c4b24b1f51.jpg,6.423101143e-09
222369445_5b6af347dd.jpg,-2.938214365e-09
1476002408_4256b7b2fa.jpg,-4.524749255e-09
2469351714_d72becd21e.jpg,1.168400266e-09
3248352729_ab264b2222.jpg,5.213501559e-09
2004674713_2883e63c67.jpg,7.379834031e-09
3603301825_5817727be2.jpg,-1.034548086e-09
2074146683_7c83167aa1.jpg,-5.431058569e-09
218342358_1755a9cce1.jpg,-5.868331053e-09
2973638173_0dc21fd443.jpg,-1.466366431e-09
124195430_d14028660f.jpg,3.685003387e-11
3471066276_fb1e82e905.jpg,-1.066426045e-08
241346885_f519ece460.jpg,2.002847918e-09
1439282131_3814d6ae04.jpg,-3.880693904e-09
3174417550_d2e6100278.jpg,7.765134483e-09
55135290_9bed5c4ca3.jpg,7.939285062e-10
244867897_d00369a779.jpg,6.47034851e-10
2284239186_c827f4defa.jpg,6.736664025e-09
3661072592_2e693cd5a0.jpg,7.094229203e-09
421322723_3470543368.jpg,5.580925707e-10
3695064885_a6922f06b2.jpg,-3.906313452e-10
2181846120_3744ca3942.jpg,2.876882887e-10
2591455200_2319651f2f.jpg,-4.833401077e-09
3525841965_7814484515.jpg,-3.997112902e-09
3621329299_6fb3f2935c.jpg,1.153547265e-09
1480712062_32a61ad4b7.jpg,-1.334578597e-09
2310108346_e82d209ccd.jpg,-8.810332788e-09
1359101233_16c2c150e3.jpg,3.465377737e-09
3327563443_870a33f748.jpg,3.618450536e-09
180094434_b0f244832d.jpg,5.183887455e-10
2448793019_5881c025f9.jpg,1.539595111e-09
2862676319_a9dab1309f.jpg,-3.389206028e-09
3159995270_17334ccb5b.jpg,-1.024903001e-09
3625957413_e475943aa3.jpg,1.365248389e-08
3626475209_f71cdd06bd.jpg,-1.541349064e-10
3262647146_a53770a21d.jpg,2.283681124e-09
3649387275_75295baa28.jpg,1.712828338e-09
3305895920_100a67d148.jpg,-9.019176582e-09
2855695119_4342aae0a3.jpg,2.225511069e-09
3566111626_9a35a7b2c0.jpg,-9.458322845e-09
464116251_1ac4bc91f8.jpg,2.453184948e-09
3702436188_2c26192fd0.jpg,-5.935016291e-10
2689358407_9932f1b20c.jpg,3.991311102e-09
1454678644_7e5a371301.jpg,-1.105600309e-09
310715139_7f05468042.jpg,1.70816884e-09
2921198890_6f70dfbf4c.jpg,3.21596053e-09
578274277_652cae32ba.jpg,1.434594266e-09
484896012_7787d04f41.jpg,8.3070125e-11
3262849619_0bc4f88ef9.jpg,1.241992968e-09
2848266893_9693c66275.jpg,-2.550535656e-10
207237775_fa0a15c6fe.jpg,4.751719825e-09
3016606751_0e8be20abd.jpg,6.882857375e-09
3588417747_b152a51c52.jpg,7.757029363e-10
3528902357_be2357a906.jpg,9.880207976e-09
539705321_99406e5820.jpg,5.928199163e-09
3066338314_2c3fb731d1.jpg,-2.816716929e-09
2348924378_47e556d81a.jpg,3.946037434e-09
179009558_69be522c63.jpg,3.971537557e-10
2695085862_2ed62df354.jpg,-8.41191966e-09
3516267455_ca17cc1323.jpg,-1.153615676e-08
1215334959_b1970965f7.jpg,1.67824655e-09
3092200805_dd1f83ddbe.jpg,4.772094738e-09
541063517_35044c554a.jpg,-2.905681537e-09
3604314527_5077cd9d43.jpg,-2.0036654e-10
96978713_775d66a18d.jpg,-3.4044889e-09
3255732353_fbc487aefc.jpg,-9.13440054e-09
201682811_105241dee3.jpg,2.881167112e-09
2245618207_fa486ba2b7.jpg,-3.102431299e-09
860928274_744d14f198.jpg,4.866267278e-11
3085357792_efcf297c71.jpg,-1.717342877e-09
3297272270_285b8878b2.jpg,1.212804294e-09
3050650135_23f9d9d2f8.jpg,-1.391222709e-09
2429272699_8a9699775e.jpg,1.347509432e-09
2765029348_667111fc30.jpg,-7.029202884e-09
3358380484_b99b48f0c9.jpg,8.646920298e-10
3106883334_419f3fb16f.jpg,2.194471855e-11
160541986_d5be2ab4c1.jpg,4.85844054e-10
572618443_647483ca82.jpg,-3.966619639e-09
3563668905_689ed479c5.jpg,-1.086090608e-08
386656845_4e77c3e3da.jpg,-4.20622115e-09
3433259846_800a6079f0.jpg,2.788220155e-09
3506607642_40037b3fbf.jpg,1.113229676e-09
3509575615_653cbf01fc.jpg,2.171634714e-09
615916000_5044047d71.jpg,2.305041495e-09
382701159_f98c1988cd.jpg,4.124516342e-09
957682378_46c3b07bcd.jpg,-3.435517303e-09
3047264032_14393ecea8.jpg,4.200227833e-09
3474958471_9106beb07f.jpg,1.911378298e-09
3241487502_f4f0cc4a8a.jpg,4.158960081e-09
3535084928_858544f49a.jpg,5.618882173e-09
3541141771_67d305c873.jpg,4.03592853e-10
3465791729_5bf9bd8635.jpg,-1.869821895e-09
2040941056_7f5fd50794.jpg,1.512259799e-09
3229282764_a4a515f4e2.jpg,-2.126767917e-09
347186933_880caaf53b.jpg,3.80360509e-10
3552796830_2dd2aa9c2c.jpg,8.95659359e-10
398662202_97e5819b79.jpg,-1.474974001e-09
396360611_941e5849a3.jpg,-1.616654705e-09
3652572138_34d6b72999.jpg,-4.30927744e-09
3150440350_b0f2a9e774.jpg,-2.354309163e-08
3646927481_5e0af1efab.jpg,1.912714221e-09
2813992915_f732cf8539.jpg,-1.01938477e-08
241031670_e60f59b8e4.jpg,6.806342683e-11
179829865_095b040377.jpg,1.199571757e-10
393810324_1c33760a95.jpg,-1.147257393e-09
3547600292_6f8aac7f2e.jpg,1.802307573e-09
2512876666_9da03f9589.jpg,-1.008605373e-09
3121482932_f77ca12c01.jpg,-3.028279991e-09
390671130_09fdccd52f.jpg,-2.054491021e-09
3524436870_7670df68e8.jpg,8.981415046e-10
2893515010_4a3d9dcc67.jpg,-2.633221222e-09
2289212650_69de7a20b2.jpg,-5.763723681e-11
2394267183_735d2dc868.jpg,-3.27548868e-09
3578068665_87bdacef6a.jpg,-3.623583234e-09
2460823604_7f6f786b1c.jpg,-3.645058578e-09
2844846111_8c1cbfc75d.jpg,3.479376119e-09
217583047_5e93e1e119.jpg,9.31993602e-10
2195419145_36722e8d54.jpg,4.063151755e-10
2074764331_90a9962b52.jpg,-7.439089065e-09
3019917636_4e0bb0acc4.jpg,-3.261047579e-09
2561212119_1af8cb9b5d.jpg,2.740713014e-09
3333039854_461329aac2.jpg,2.674554104e-09
2895700779_fac1d9d278.jpg,1.771274263e-09
3218889785_86cb64014f.jpg,-3.235079848e-09
2521062020_f8b983e4b2.jpg,-1.765173789e-09
2043520315_4a2c782c90.jpg,1.887789825e-09
3220126881_b0a4f7cccb.jpg,-2.126417609e-09
2942798367_022df04b49.jpg,2.523771452e-09
3718305988_fe2c91fd44.jpg,-5.877106007e-09
365274901_576b0f8241.jpg,-4.319602346e-09
3204686006_88f04547b9.jpg,3.328040915e-11
917574521_74fab68514.jpg,-4.048354936e-10
2557922709_24d2a9655a.jpg,1.516963751e-09
3507670136_2e5f94accf.jpg,-2.072410645e-09
1718184338_5968d88edb.jpg,7.406961287e-09
2510020918_b2ca0fb2aa.jpg,-8.183165682e-09
3195188609_01afbe46e6.jpg,-5.619058506e-09
498957941_f0eda42787.jpg,2.245916056e-09
3433982387_3fa993cf5a.jpg,1.440362935e-09
496971341_22782195f0.jpg,-1.020516959e-09
3188319076_71724fcc07.jpg,4.254488224e-09
3500139659_b2a60b0141.jpg,-9.072126031e-10
3683592946_262e9bfbfd.jpg,5.658809828e-10
405253184_5f611f3880.jpg,8.64987955e-10
3303648823_53cf750acd.jpg,2.747417157e-09
241347635_e691395c2f.jpg,5.506074498e-09
3143991972_7193381aeb.jpg,2.087878776e-10
3344798356_5cc41f7939.jpg,-3.123593731e-09
3609999845_faf5d2fe74.jpg,-9.653649589e-09
2684489465_32ba1d0344.jpg,2.14557516e-09
3017373346_3a34c3fe9d.jpg,4.809288383e-10
3354200211_35348e47d8.jpg,-6.993768858e-10
469029994_349e138606.jpg,6.193244431e-09
842961005_692737888e.jpg,-8.440187758e-09
3712742641_641282803e.jpg,-3.5238962e-09
2097403787_77a154f5b9.jpg,-4.513424437e-10
3203878596_cbb307ce3b.jpg,1.730882905e-09
2744600462_5804577296.jpg,-2.886160759e-09
3670918456_68631d362a.jpg,7.421112642e-09
3565655045_8eb00b7423.jpg,-1.192795775e-09
3324746155_71e14f60ce.jpg,-7.748371625e-09
3570800810_978c993133.jpg,2.336652921e-10
775664534_3f6de7d413.jpg,-4.510933601e-09
2367139509_1ee4530b28.jpg,2.079313657e-09
2702506716_17a7fb3ba4.jpg,-1.85789188e-09
3319058642_885d756295.jpg,-8.274454395e-10
3723690961_729dd5d617.jpg,3.907034594e-09
434433505_966e50e17d.jpg,1.745755394e-09
539751252_2bd88c456b.jpg,-4.271535241e-09
3538686658_30afc75f02.jpg,1.536070797e-09
2226587791_66e29dd01d.jpg,-2.860137008e-09
1659358133_95cd1027bd.jpg,-8.560509869e-10
2662845514_8620aaee96.jpg,1.791033358e-09
3567604049_da9e1be4ba.jpg,3.080565443e-11
2461631708_decc5b8c87.jpg,-3.66585189e-09
2102315758_a9148a842f.jpg,4.525900761e-09
241345656_861aacefde.jpg,-4.137631627e-09
3016200560_5bf8a70797.jpg,-2.543128356e-09
1394368714_3bc7c19969.jpg,-2.208203881e-09
2470493181_2efbbf17bd.jpg,2.309586859e-09
2071309418_1d7580b0f0.jpg,-1.093724503e-09
3687062281_e62f70baf3.jpg,-6.07746324e-11
3178599352_c57fdebcd2.jpg,-3.21107102e-09
1225443522_1633e7121f.jpg,-1.143502509e-09
244443352_d7636e1253.jpg,3.78894107e-09
2991994607_06f24ec7a6.jpg,-4.003396298e-10
2353088412_5e5804c6f5.jpg,-3.484555513e-09
2866093652_aa717eb9ce.jpg,1.335470361e-09
1562478333_43d13e5427.jpg,5.0395517e-10
2073105823_6dacade004.jpg,-4.896178469e-09
3603870481_1ebc696d91.jpg,4.325873381e-10
2588456052_8842b47005.jpg,-6.241698249e-09
587604325_af5d6df679.jpg,2.020236769e-09
2689001252_e0016c89f0.jpg,5.828561331e-09
3358558292_6ab14193ed.jpg,-4.536515377e-09
3393926562_66cc01b001.jpg,-2.827634968e-09
2125216241_5b265a2fbc.jpg,-2.13277078e-10
3451984463_37ac1ff7a8.jpg,3.531092022e-09
510510783_b2cf5d57bb.jpg,9.367321222e-10
2472720629_d9a6736356.jpg,6.150463508e-09
1361420539_e9599c60ae.jpg,1.168622734e-09
3184112120_6ddcd98016.jpg,1.252337628e-09
2680990587_eee6bd04fb.jpg,8.251707013e-09
143688283_a96ded20f1.jpg,-2.578800997e-09
2187222896_c206d63396.jpg,-7.227057862e-10
3639105305_bd9cb2d1db.jpg,-7.964537426e-09
532999240_1409d073be.jpg,3.078710854e-09
3710353645_8fbfaa4175.jpg,-6.488952919e-09
391106734_d374bc3080.jpg,3.67864964e-09
3308171165_20f93d2fba.jpg,-5.257773559e-09
909808296_23c427022d.jpg,8.217447412e-09
114051287_dd85625a04.jpg,6.40624791e-09
3136043366_b3f8607a0e.jpg,-4.079218892e-09
1799188614_b5189728ba.jpg,3.198882003e-09
899810584_61e1578d3f.jpg,-1.626187204e-09
3654103642_075f8af4f4.jpg,2.31137078e-08
3187395715_f2940c2b72.jpg,-3.084628622e-09
1280320287_b2a4b9b7bd.jpg,-2.991373686e-09
3458211052_bb73084398.jpg,-3.034867036e-09
1928319708_ccf1f4ee72.jpg,2.965880252e-09
3203742047_6a55065411.jpg,-4.478952616e-10
1663751778_90501966f0.jpg,-3.914773861e-10
2394922193_310166d6af.jpg,2.169666252e-09
2687229880_97cfd8148e.jpg,1.33832098e-09
2837640996_0183db8d93.jpg,-1.070142507e-09
2578834476_118585730d.jpg,-1.46939937e-09
2876993733_cb26107d18.jpg,3.927915039e-09
3435035138_af32890a4c.jpg,5.707063982e-09
2085255128_61224cc47f.jpg,2.654239548e-09
1511807116_41c3645e8c.jpg,2.864102439e-10
2856700531_312528eea4.jpg,-2.218054019e-09
2938120171_970564e3d8.jpg,3.101993722e-09
2355880294_8f78a6fea6.jpg,-4.502471121e-09
535830521_aa971319fc.jpg,-8.95513014e-09
2699342860_5288e203ea.jpg,5.805116987e-09
3521374954_37371b49a4.jpg,2.907601883e-09
2969380952_9f1eb7f93b.jpg,3.830800074e-10
113678030_87a6a6e42e.jpg,-1.439046269e-09
3154886184_ac842655b6.jpg,3.364449058e-09
2495931537_9b8d4474b6.jpg,-1.437108145e-08
3223809913_ae15d14d9a.jpg,-4.672069646e-10
1752454466_723790dbd6.jpg,4.648783911e-09
3587009091_37188fd07e.jpg,6.089821696e-10
733965014_1a0b2b5ee9.jpg,5.28988718e-09
3307563498_e2b4f19272.jpg,1.87506105e-09
2759596272_e0ce0a965a.jpg,8.737273652e-13
3578477508_b7d839da16.jpg,-2.579297004e-09
3724113279_99b6e5bf41.jpg,-2.840874762e-09
3516935867_78cf63c69c.jpg,1.652752369e-09
2745663684_650f84e1e6.jpg,-1.097576119e-09
2286236765_2a63eeb550.jpg,2.12528165e-09
554526471_a31f8b74ef.jpg,1.464161532e-09
3420278866_1d17c12713.jpg,-3.876511014e-09
771048251_602e5e8f45.jpg,-6.936768615e-11
2735158990_56ff6bf9b0.jpg,3.72372527e-09
3443703471_14845d8850.jpg,5.552437036e-10
3538527033_df13112d51.jpg,7.677674399e-10
416960865_048fd3f294.jpg,-5.845267399e-09
2683985894_167d267dcb.jpg,7.592619079e-10
3643074723_94d42b7a0c.jpg,-1.373736436e-09
3242263536_a436f19257.jpg,2.954834948e-09
3181599388_68559cfc17.jpg,3.040116625e-09
1475046848_831245fc64.jpg,9.241629873e-10
3482314155_bd1e668b4e.jpg,-3.283213399e-09
3265864834_e0229020dd.jpg,-2.41238587e-10
3263141261_db3a4798b5.jpg,9.509219627e-09
127488876_f2d2a89588.jpg,4.089305699e-10
2873252292_ebf23f5f10.jpg,6.297118817e-09
440184957_267f3f3a2b.jpg,4.560105379e-09
2632366677_43dee456a5.jpg,4.057677403e-09
2423550887_ffc9bbcf71.jpg,-4.716071373e-09
106490881_5a2dd9b7bd.jpg,-6.476756095e-09
2824401212_8da8ab99d6.jpg,-4.753085022e-09
3107513635_fe8a21f148.jpg,-9.537616533e-09
2420696992_22e0dd467d.jpg,2.069513686e-09
2624044128_641b38c0cf.jpg,9.373181262e-09
3106857210_07a92577fc.jpg,1.180438672e-09
142802798_962a4ec5ce.jpg,2.304718753e-09
3133825703_359a0c414d.jpg,-2.835186568e-09
260231029_966e2f1727.jpg,1.799259993e-09
3719461451_07de35af3a.jpg,8.502829776e-09
2752923489_d3bceebacb.jpg,-6.837416465e-09
495340319_705f2e63d6.jpg,-1.867444267e-09
3271385712_ffd34f2de5.jpg,5.490791701e-09
3656151153_b4ed5d94c4.jpg,-7.521336526e-09
2875528143_94d9480fdd.jpg,-4.350152408e-09
878758390_dd2cdc42f6.jpg,4.352625781e-09
557721978_dfde31bc02.jpg,-6.7800749e-09
241346105_c1c860db0d.jpg,-3.083032794e-09
146100443_906d87faa2.jpg,-9.958498414e-10
511749704_3037806cb1.jpg,1.371465694e-10
3341077091_7ca0833373.jpg,-4.213355402e-09
2932740428_b15384f389.jpg,3.2101999e-09
382151094_c7376cf22b.jpg,5.885285837e-10
2460159430_71ab1aacfa.jpg,3.633026326e-09
3193511842_82549c21fb.jpg,5.721465282e-09
397286183_745abbf40d.jpg,-6.51240206e-10
241031254_0c6f30e3d1.jpg,4.933724141e-09
3042488474_0d2ec81eb8.jpg,-3.185170806e-09
3348385580_10b53391f9.jpg,-7.297434094e-09
3455920874_6fbec43194.jpg,-2.09075327e-09
307301755_48919ef1b2.jpg,1.496384961e-09
3343116398_59a5341f7f.jpg,4.035857481e-09
2600883097_aca38cc146.jpg,-3.816519198e-10
422763475_0bc814dac6.jpg,-9.559887196e-09
543326592_70bd4d8602.jpg,-5.85342828e-09
2525232298_cf42d415ab.jpg,-4.292225675e-09
3665179773_dd217416fc.jpg,5.085270161e-09
3765374230_cb1bbee0cb.jpg,-3.177838274e-09
799486353_f665d7b0f0.jpg,-4.571481954e-09
664341930_bd5c8b60ea.jpg,-4.656999456e-09
2971211296_2587c3924d.jpg,-8.464169862e-10
3691729694_2b97f14c1e.jpg,4.224604141e-09
3294830188_e46bd9b93c.jpg,-1.178450534e-08
3521201948_9049197f20.jpg,-4.977213542e-09
2455528149_6c3477fd33.jpg,-8.702558809e-10
3105623068_392b767a7b.jpg,1.89605831e-10
3439331800_e71e1d808f.jpg,6.184905579e-09
3313620862_0c65c645f5.jpg,2.777022064e-09
429174232_ddd4ff5e0b.jpg,-4.65144283e-10
3089842255_359ccf5c40.jpg,-1.257935624e-09
571130875_30051ac02d.jpg,4.537118083e-09
2528521798_fb689eba8d.jpg,2.630792125e-09
512634877_d7ad8c8329.jpg,-5.414099234e-09
1119418776_58e4b93eac.jpg,-6.145795418e-09
2414384480_096867d695.jpg,-1.903838304e-09
3569979711_6507841268.jpg,-5.795688062e-10
54501196_a9ac9d66f2.jpg,-8.35985368e-10
3263395801_5e4cee2b9e.jpg,1.660213411e-09
241345811_46b5f157d4.jpg,6.013275378e-09
3626642428_3396568c3c.jpg,-6.167113021e-09
3114944484_28b5bb9842.jpg,-3.613117933e-09
2649705487_4605e879e9.jpg,-1.291338176e-09
3110174991_a4b05f8a46.jpg,1.513753491e-09
2089122314_40d5739aef.jpg,4.965348886e-09
3441701164_6dbbdf1bce.jpg,-1.070003532e-08
3694071771_ce760db4c7.jpg,-2.877535069e-09
1304100320_c8990a1539.jpg,6.079662222e-09
2049051050_20359a434a.jpg,8.860224487e-10
2068403258_2669cf9763.jpg,-8.597212357e-09
2920305300_a5b1b2329a.jpg,1.606242455e-10
2845691057_d4ab89d889.jpg,-5.325276133e-09
3293751640_d81a6f3a0c.jpg,8.34294338e-10
3260214530_7179346407.jpg,-1.165169822e-09
3125628091_25a31709df.jpg,-6.302992954e-10
2846843520_b0e6211478.jpg,-8.666885008e-10
3655326478_4472c5c630.jpg,2.493666914e-09
3396251819_1efa69310f.jpg,-5.744607297e-09
3279524184_d5e2ffbaed.jpg,5.329309839e-09
146098876_0d99d7fb98.jpg,-5.323468356e-09
3572346664_e1e6c77f11.jpg,-4.04356006e-09
3580082200_ea10bf2f68.jpg,-1.959744954e-09
861661418_8a37024ace.jpg,-6.8507394e-09
2602258549_7401a3cdae.jpg,8.673983432e-09
2839532455_36a7dc4758.jpg,-5.005754215e-09
2304444199_05386d2e9c.jpg,-6.241512004e-09
2856080862_95d793fa9d.jpg,9.97678301e-09
548751378_c657401312.jpg,3.632516522e-09
1015584366_dfcec3c85a.jpg,-1.118692737e-09
3416460533_d5819fbf69.jpg,1.365225111e-09
3168796547_0c14b368f9.jpg,-5.5160806e-10
160805827_5e6646b753.jpg,-5.156311317e-09
3672940355_47f30e2b28.jpg,1.979133671e-09
2788628994_61123c03d2.jpg,-5.383728807e-10
436015762_8d0bae90c3.jpg,-3.685372057e-10
1713248047_d03721456d.jpg,8.08226214e-10
104136873_5b5d41be75.jpg,3.364296122e-09
3027397797_4f1d305ced.jpg,3.496163258e-10
3242088278_43eea5d17e.jpg,-7.220742244e-09
289616152_012a9f16c6.jpg,6.501890267e-09
3268175963_113d90d178.jpg,2.767171641e-09
3726168984_1fa2c8965b.jpg,2.417301732e-10
2090339522_d30d2436f9.jpg,-2.329740649e-09
3693961165_9d6c333d5b.jpg,8.175591408e-09
2956895529_ec6275060e.jpg,1.770151839e-09
2934121315_4969eeda1b.jpg,5.228070009e-10
2450453051_f1d4a78ab4.jpg,-3.385215303e-09
3047751696_78c2efe5e6.jpg,1.280309103e-09
3376439178_159e4126de.jpg,4.526323685e-10
2589308405_e208b5e745.jpg,-3.241794377e-09
1579206585_5ca6a24db0.jpg,2.273707667e-09
2218743570_9d6614c51c.jpg,-8.082804827e-10
1488937076_5baa73fc2a.jpg,-1.518804311e-09
3636055584_65a60426f8.jpg,-6.314451193e-09
2493974889_50ae29f1e1.jpg,9.600898869e-09
3615730936_23457575e9.jpg,-6.727522817e-10
445148321_9f2f3ac711.jpg,3.144829626e-09
823675317_b5fbdb17b3.jpg,3.220645553e-09
2880874989_a33b632924.jpg,2.436225458e-09
3238951136_2a99f1a1a8.jpg,4.748483388e-10
3030823649_3b7b6c728d.jpg,5.254378854e-09
1115679311_245eff2f4b.jpg,-3.899275115e-10
351876121_c7c0221928.jpg,-9.996330619e-09
3373243733_9aba7740ed.jpg,-4.220497344e-09
3638783842_af08dbb518.jpg,5.705007565e-10
2906802485_dfebf09173.jpg,-5.879612008e-09
3724623861_2bb6c23641.jpg,3.419430752e-10
3264337159_e1680a35ba.jpg,4.602605454e-10
3747543364_bf5b548527.jpg,-4.881551209e-09
1472882567_33dc14c8b6.jpg,5.377385484e-09
3375134059_7e9eb2ef01.jpg,-2.374716102e-09
3247168324_c45eaf734d.jpg,6.543314754e-09
1461329041_c623b06e5b.jpg,7.317661491e-09
1115565519_d976d4b1f1.jpg,-3.296050032e-09
1176580356_9810d877bf.jpg,-2.571719023e-10
3331102049_bc65cf6198.jpg,1.850635141e-09
3321516504_5ee97771cb.jpg,9.736998599e-10
2813588204_69fe7deb14.jpg,-3.118352919e-09
3458559770_12cf9f134e.jpg,-5.405915972e-09
2648310638_d6c576b5e4.jpg,6.761068162e-10
2837799692_2f1c50722a.jpg,-4.060193155e-10
2507312812_768b53b023.jpg,-3.844092123e-09
3168354472_866fe70d36.jpg,5.857299012e-10
2460799229_ce45a1d940.jpg,6.050223238e-09
2339140905_9f625f140a.jpg,-4.5930845e-09
2438085746_588dce8724.jpg,8.104563642e-09
3631023049_8a85bab19f.jpg,7.581226387e-10
1312020846_5abb4a9be2.jpg,-5.419725725e-10
3676460610_8c52e8a355.jpg,-4.922426778e-10
3103231330_db98b14501.jpg,3.271860373e-09
2904997007_23d4b94101.jpg,6.863502722e-09
1479028910_3dab3448c8.jpg,4.392270421e-10
2465691083_894fc48af6.jpg,-3.635256766e-10
2780087302_6a77658cbf.jpg,1.008894863e-08
2823200990_7b02b7cc36.jpg,-2.50352482e-09
3285214689_f0219e9671.jpg,7.479293111e-09
2986280913_13fb2d472e.jpg,-1.111079966e-09
518251319_40e031e818.jpg,-4.546238623e-09
3546474710_903c3c9fd3.jpg,-7.401408949e-09
2520909293_9bb7f7364e.jpg,-2.413460407e-09
2877503811_4e311253ec.jpg,5.016735098e-09
3572942419_16ebdc3d46.jpg,2.201267123e-09
2659554389_ed3d15093f.jpg,-2.027155774e-09
3471463779_64084b686c.jpg,3.442202056e-10
482353373_03a9d5e8bc.jpg,2.118272975e-09
2749124446_d4432787b5.jpg,7.731620315e-09
374567836_3ae12ecffb.jpg,1.258779749e-09
2551632823_0cb7dd779b.jpg,5.682367248e-10
495055747_a75872762a.jpg,-1.612652677e-09
2403376030_903521c371.jpg,-6.068162171e-09
3675742996_02ccef16a3.jpg,-1.023659454e-08
115684808_cb01227802.jpg,1.736008249e-09
309687244_4bdf3b591f.jpg,-9.535558751e-09
3557324238_6ba58831d9.jpg,-3.502230179e-09
1259936608_e3f0064f23.jpg,4.85244742e-09
492802403_ba5246cfea.jpg,7.388187692e-09
3482474257_a88bfe5c57.jpg,2.311595306e-09
254475194_3d8f4dfd53.jpg,3.611833322e-10
444481722_690d0cadcf.jpg,-6.001228211e-09
482047956_9a29e9cee6.jpg,2.878963425e-09
2844963839_ff09cdb81f.jpg,5.66373182e-09
2196107384_361d73a170.jpg,6.333489887e-09
2219805677_7b7cc188c7.jpg,-4.10095493e-10
3210359094_ee51285301.jpg,1.250220532e-09
3537400880_8f410d747d.jpg,1.720233483e-09
3344531479_03c69750e9.jpg,-4.663936699e-10
3171035252_dba286ae5c.jpg,1.047568657e-09
2339106348_2df90aa6a9.jpg,2.036932303e-09
369047365_35476becc9.jpg,-2.787386309e-09
3130970054_04a3865c43.jpg,-7.697703329e-09
2410399168_1462c422d4.jpg,2.247551012e-09
2391812384_7429b5e567.jpg,-2.418443429e-09
478750151_e0adb5030a.jpg,-4.940443042e-11
2756591658_3ca6db1595.jpg,2.936617645e-09
2561319255_ce5ede291e.jpg,-1.658411982e-09
2414390475_28a0107bb0.jpg,3.490817827e-09
3417231408_6ce951c011.jpg,-1.525921252e-09
524105255_b346f288be.jpg,5.380552741e-09
3068407619_5207b26986.jpg,1.464915548e-09
3036382555_30b7312cf3.jpg,6.319294322e-09
240696675_7d05193aa0.jpg,2.280631153e-09
1088767354_2acee738cf.jpg,-2.780352361e-09
3104690333_4314d979de.jpg,-6.405589388e-09
3257107194_f235c8f7ab.jpg,-4.454638976e-10
410042380_517ccee020.jpg,-7.156559658e-09
3143155555_32b6d24f34.jpg,-4.967747172e-09
2854291706_d4c31dbf56.jpg,1.41120657e-09
2943334864_6bab479a3e.jpg,-7.111481259e-09
3465606652_f380a38050.jpg,1.36692616e-09
324355356_859988a710.jpg,-2.90825637e-09
3436313241_6c73153fb6.jpg,4.932422756e-09
2776029171_5abdd5a22f.jpg,-8.790000883e-09
3290105461_7590f23371.jpg,2.756384361e-09
2501742763_b2cb322087.jpg,-1.055856174e-09
3442540072_b22ca2410f.jpg,9.788427108e-10
3426964258_67a0cee201.jpg,-4.800715326e-09
2559638792_a803ff63d1.jpg,3.371676002e-09
3701878677_8f2c26227b.jpg,-5.645091e-09
3568605391_54ec367d88.jpg,4.874938215e-09
1540631615_8b42c1b160.jpg,1.508238432e-09
1055753357_4fa3d8d693.jpg,1.503685555e-10
3693297007_94512e861e.jpg,1.643511219e-09
3689355450_fd559b816d.jpg,2.741999647e-09
2799871904_3b3125518a.jpg,-7.915691771e-11
3116769029_f5a76f04ba.jpg,-2.827673911e-09
1342780478_bacc32344d.jpg,4.977889067e-09
3012513414_86180c44cb.jpg,1.030000684e-10
2502935765_a0ae1fa7be.jpg,8.078835468e-09
2734669176_c272b42597.jpg,-3.401867389e-10
2290589734_b588471345.jpg,-4.850646936e-10
2602679255_785b851b46.jpg,1.866181986e-09
421706022_1ddb6a7a78.jpg,-5.54381184e-09
2644326817_8f45080b87.jpg,-7.239663018e-09
2959737718_31203fddb5.jpg,2.331016628e-09
2465218087_fca77998c6.jpg,4.536335249e-09
1351764581_4d4fb1b40f.jpg,-3.673430606e-09
2394003437_184a838aa9.jpg,-3.23800021e-10
123889082_d3751e0350.jpg,-3.546449032e-11
2766765386_4c0beb939d.jpg,3.370387023e-09
189740668_0b045f1ff2.jpg,-3.005081024e-10
3126681108_f88128699c.jpg,3.891403535e-10
3090600019_8808fe7a9d.jpg,-4.376162355e-09
2685139184_4ff45e0f76.jpg,1.490730874e-09
3401548798_3a93f2caa5.jpg,-2.046131885e-09
3569126684_a68b29a57f.jpg,-4.298854113e-09
2333816000_7105d0ffac.jpg,2.537950344e-09
2862931640_2501bd36c5.jpg,-4.028635181e-09
2466171114_3fa51415a7.jpg,3.908712209e-09
2133650765_fc6e5f295e.jpg,4.688739462e-09
2391269207_d1d2615b1d.jpg,2.71306317e-09
3674521435_89ff681074.jpg,-8.825005754e-09
270864951_1737ae5479.jpg,-1.700462586e-09
542179694_e170e9e465.jpg,-4.360285418e-09
2370221025_be4d9a4431.jpg,1.065944299e-09
862177617_c2c0581075.jpg,-5.343979506e-09
3288173388_03bc2a844d.jpg,5.873642895e-09
229954612_a4438297ee.jpg,-7.206046449e-09
3287904625_f68ca5cea7.jpg,-7.301679992e-10
989851184_9ef368e520.jpg,-6.208393081e-10
3093970461_825b0cac2f.jpg,6.815392302e-09
3076928208_5763e9eb8c.jpg,3.982266099e-09
2837908308_8bc25c6b02.jpg,-6.00047495e-10
276699720_fe6718fd03.jpg,-2.880121096e-09
3437654963_c4fdc17e8b.jpg,7.383470784e-10
2138487671_5b89104043.jpg,-1.5188162e-09
3501206996_477be0f318.jpg,-6.054688772e-09
3278777548_290b881018.jpg,-3.688048674e-10
3344632789_af90d54746.jpg,-2.838858337e-09
3068945309_ff0973e859.jpg,-8.819411226e-10
3368819708_0bfa0808f8.jpg,3.89748624e-09
273248777_eaf0288ab3.jpg,8.472250815e-10
2192131110_8a40e7c028.jpg,5.392685053e-09
490044494_d2d546be8d.jpg,-6.84393019e-09
3296584432_bef3c965a3.jpg,2.876861822e-09
2116316160_d5fa7abdc3.jpg,-3.466089835e-10
3038760935_9a713510eb.jpg,7.801622143e-09
2741380826_cfe0ddf0a9.jpg,1.768593017e-09
1423126855_6cd2a3956c.jpg,5.070246053e-09
1084104085_3b06223afe.jpg,-3.688643181e-09
3225226381_9fe306fb9e.jpg,1.119877662e-08
1296412797_85b6d2f8d6.jpg,1.222278989e-09
1813777902_07d1d4b00c.jpg,2.693371142e-10
1418266617_b32143275b.jpg,1.094715386e-08
363617160_6cb0c723be.jpg,1.953096879e-09
2698614194_b4e6e11dff.jpg,3.460276666e-09
1333888922_26f15c18c3.jpg,-3.572476113e-09
3288839246_fdb00395ae.jpg,2.594842575e-09
3189941492_a3f4347b1a.jpg,1.120986867e-09
3310551665_15b79ef4ea.jpg,-7.502957676e-10
2245348304_08bc5642f1.jpg,1.380949345e-09
3412822878_5d961492e5.jpg,-3.458033169e-09
2922512807_d382528a93.jpg,-1.34900136e-09
2851931813_eaf8ed7be3.jpg,-1.122524828e-08
3227140905_1d7e30e4c4.jpg,-1.992863553e-09
2436398074_8737f40869.jpg,7.128246347e-10
3525417522_7beb617f8b.jpg,5.732075751e-09
2439384468_58934deab6.jpg,6.275804055e-09
213216174_0632af65a2.jpg,-4.181852517e-09
3215870337_c92a1a1b2f.jpg,6.143474659e-09
434792818_56375e203f.jpg,-5.279578972e-09
2959500257_3621429a37.jpg,9.313672028e-10
3425662680_41c7c50e8d.jpg,1.759948012e-10
3259883609_6a1b46919e.jpg,5.908628149e-09
2867968184_908d87cf2c.jpg,2.700559796e-10
108898978_7713be88fc.jpg,2.757853056e-09
3640422448_a0f42e4559.jpg,1.442309438e-09
133905560_9d012b47f3.jpg,1.053815243e-09
2125626631_a4b63af97e.jpg,1.989460716e-09
3327487011_1372c425fb.jpg,9.570014998e-09
3069216757_c419b3898e.jpg,-3.767752344e-10
2602085456_d1beebcb29.jpg,-3.508938542e-09
519228867_2fd25e38d4.jpg,-1.376833667e-09
1622619190_d0b51aff28.jpg,-2.199989293e-10
3209564153_077ed4d246.jpg,5.357758103e-10
2272491304_cb7c7ed16f.jpg,3.035733829e-09
582899605_d96f9201f1.jpg,7.293966767e-10
1433397131_8634fa6664.jpg,-3.883555447e-09
3472449219_eb927f05b8.jpg,-2.234755583e-09
251056963_c8b67f0107.jpg,-7.174401601e-09
3655964639_21e76383d0.jpg,-2.801378626e-09
1763020597_d4cc8f0f8a.jpg,-5.984857139e-09
3247341210_5d1e50df23.jpg,-3.538231795e-09
2447972568_1e9b287691.jpg,-3.216598842e-09
2939464283_fc1a834976.jpg,-6.43372661e-09
3482237861_605b4f0fd9.jpg,6.447375689e-10
2710416789_555180e399.jpg,-5.119167051e-09
3533394378_1513ec90db.jpg,-1.962386255e-09
3453313865_1ebff5393c.jpg,-5.258789107e-09
219301555_17883a51bd.jpg,-3.250583132e-10
44129946_9eeb385d77.jpg,-2.605654836e-09
3429581486_4556471d1a.jpg,5.097553009e-09
501320769_31eea7b7ea.jpg,-2.243920825e-10
224026428_0165164ceb.jpg,-5.016714931e-09
3541491057_61a49588d9.jpg,-6.150787217e-09
3119696225_b289efaec8.jpg,-4.876277862e-09
2078311270_f01c9eaf4c.jpg,2.262042989e-09
2286032269_8ba929709c.jpg,-5.743649531e-09
2893238950_8a027be110.jpg,1.432264956e-09
2917843040_7c9caaaa8a.jpg,3.161561732e-09
3048597471_5697538daf.jpg,-6.664256677e-09
2505465055_f1e6cf9b76.jpg,-9.28825937e-11
3284955091_59317073f0.jpg,2.218192844e-09
871290666_4877e128c0.jpg,2.5472946e-09
2402462857_7684848704.jpg,-1.64860209e-09
241345981_1ef4f8109c.jpg,3.719169941e-09
3258395783_2de3a4ba27.jpg,3.005601643e-09
3432656291_a6c7981f6e.jpg,-3.917310841e-09
945509052_740bb19bc3.jpg,-3.22762289e-09
2752926645_801a198ff6.jpg,2.046377738e-09
2584487952_f70e5aa9bf.jpg,3.004914719e-09
2356574282_5078f08b58.jpg,-1.58111682e-10
2324779494_5e72d29171.jpg,6.511112845e-10
3099091086_f75f0ce09d.jpg,7.337164244e-09
515797344_4ae75cb9b1.jpg,1.719961691e-09
2094543127_46d2f1fedf.jpg,6.17636593e-09
2194806429_ca4c3770c1.jpg,-1.194568172e-09
3220009216_10f088185e.jpg,4.312664842e-09
3333017828_b930b9d41b.jpg,-9.603895968e-10
3387661249_33e5ba0bc5.jpg,6.467251811e-09
141755290_4b954529f3.jpg,6.428082131e-10
3150252702_828a570d46.jpg,1.152897049e-09
2269021076_cefc9af989.jpg,2.043073481e-10
486712504_36be449055.jpg,-4.441825474e-10
3259225196_750c4ce0f9.jpg,-6.513917924e-10
3409506817_775e38d219.jpg,-1.143051691e-08
3632842482_482f29e712.jpg,-1.688715905e-09
532396029_ce125bda3f.jpg,1.147394145e-09
3704431444_f337ec2b90.jpg,4.414857409e-09
3562169000_6aa7f1043d.jpg,1.877671327e-09
3441399292_60c83bd5db.jpg,5.025433809e-09
3243233886_235a80e8c7.jpg,1.376274057e-09
3005123298_d3017d5f5d.jpg,-1.054765531e-11
437527058_189f2a7eef.jpg,9.425779971e-10
3582742297_1daa29968e.jpg,3.210680942e-09
3033741581_136889ac73.jpg,2.145921524e-09
296873864_4de75de261.jpg,-1.678848536e-10
2379150102_157d718d1d.jpg,-3.163869922e-10
3029715635_43ab414dfb.jpg,-1.54183578e-09
3684680947_f1c460242f.jpg,-2.72948176e-09
3044746136_8b89da5f40.jpg,4.514019443e-10
3532412342_e0a004b404.jpg,1.042366156e-08
2968693931_52d161b8e7.jpg,-3.036978178e-09
2632111399_b3c1630f8e.jpg,2.564326671e-09
2676648667_cb055b4fc6.jpg,-2.020311084e-09
525863257_053333e612.jpg,4.618912528e-09
3328495660_ed0e3f29cf.jpg,2.96441267e-09
3640417354_b0b3e4aec9.jpg,-1.534572049e-09
3249278583_95cd8206da.jpg,-7.498928532e-09
2341254813_c53a5ef27a.jpg,7.830666897e-09
2331510788_986809bbb4.jpg,-4.2986122e-09
3161044966_27bf6f9dec.jpg,4.220632014e-09
3098336319_a7e5b061d0.jpg,1.196818857e-09
3236677456_75821e3583.jpg,2.087454364e-09
958326692_6210150354.jpg,-5.754633256e-09
2755053974_5cc157512e.jpg,-6.072729937e-09
2903469015_a1e7d969c2.jpg,1.288173478e-09
3490597800_8f94f7d353.jpg,-1.286703333e-09
2472574160_8ce233f396.jpg,-6.229079786e-09
2995461857_dd26188dcf.jpg,5.283722432e-09
2042009399_afad34e7c1.jpg,1.52026221e-09
3197791645_601908f26b.jpg,1.825061988e-08
2521938720_911ac092f7.jpg,3.658664088e-10
3184031654_34b5c4ffe1.jpg,-1.958745059e-09
426065353_e9a604a01f.jpg,4.851362088e-10
3591461782_687e320042.jpg,8.533391674e-09
2251418114_2b0cd4c139.jpg,5.318743273e-10
1859726819_9a793b3b44.jpg,-1.895310095e-09
430803349_a66c91f64e.jpg,3.821212714e-09
1977827746_4e13d7e19f.jpg,7.13318384e-10
2101457132_69c950bc45.jpg,4.665091439e-09
3666537170_c4ecda4be8.jpg,2.085056318e-09
2321466753_5606a10721.jpg,4.212352505e-09
3141613533_595723208d.jpg,-6.384489649e-09
3542341321_faa2d2d48a.jpg,3.377798283e-09
948196883_e190a483b1.jpg,2.855196509e-10
384465575_31294122c0.jpg,-2.824233009e-09
1312227131_771b5ed201.jpg,1.238315646e-09
1222322358_225067636e.jpg,4.300433666e-09
2641288004_30ce961211.jpg,-5.597832516e-10
2851304910_b5721199bc.jpg,1.594665136e-09
495116214_f1df479fb0.jpg,-8.353876072e-10
2978024878_a45b282bf4.jpg,7.098365624e-09
3527524436_a54aca78a9.jpg,-3.556587583e-09
2944362789_aebbc22db4.jpg,-6.345070191e-09
3090593241_93a975fe2b.jpg,4.380838133e-09
2521213787_ca9b5a1758.jpg,-3.62723691e-10
2528547068_7d37479b9b.jpg,-8.839838741e-10
1167908324_8caab45e15.jpg,4.18067086e-09
2275029674_6d4891c20e.jpg,-1.833147571e-09
534669139_1a4f8ab9d5.jpg,1.634409828e-09
3388094307_5a83be64a5.jpg,-1.572342259e-09
160566014_59528ff897.jpg,5.860915434e-09
2616561200_ea079f285a.jpg,9.825507782e-10
617038406_4092ee91dd.jpg,4.630963461e-10
3578372039_57473f473c.jpg,3.143740475e-10
3492180255_0bd48a18f8.jpg,1.055107154e-09
3032790880_d216197d55.jpg,9.160140623e-09
2667015110_1670324a33.jpg,2.399369058e-09
2426303900_0a8d52eb14.jpg,1.036964788e-11
3250695024_93e8ab7305.jpg,2.90998153e-09
3672057606_cb6393dbd9.jpg,-3.448264394e-09
241346317_be3f07bd2e.jpg,-3.888782118e-11
3400186336_37043a2f5b.jpg,3.791171074e-09
2180480870_dcaf5ac0df.jpg,3.553785071e-09
3085226474_62aba51179.jpg,-4.467785231e-09
3683185795_704f445bf4.jpg,7.91840901e-10
3444982197_0ff15cc50b.jpg,3.218098909e-09
607339469_af851c4119.jpg,5.151625605e-10
3331009729_d3b14738e6.jpg,8.799017575e-10
503717911_fc43cb3cf9.jpg,4.989658327e-09
3097196395_ec06075389.jpg,1.035944579e-08
2261962622_e9318a95eb.jpg,2.834055413e-09
3216829599_366a43f05e.jpg,2.0627782e-09
1616016569_673de1d678.jpg,1.825943088e-09
2596876977_b61ee7ee78.jpg,-4.903252864e-10
459778335_857d8ffebf.jpg,-1.413511164e-09
3197482764_2f289cb726.jpg,3.081267519e-09
3497255828_f27e009aac.jpg,-2.934987428e-09
2149968397_a7411729d1.jpg,-4.916082931e-09
2595713720_30534e8de2.jpg,1.78713286e-10
2174206711_11cb712a8d.jpg,-4.238410456e-09
2492258999_5764124bba.jpg,4.324338142e-09
944374205_fd3e69bfca.jpg,-3.177478035e-10
2855667597_bf6ceaef8e.jpg,4.323383738e-09
2935649082_1ca60180c6.jpg,-2.954508984e-09
3171250845_5ae0d2a8bc.jpg,-6.42871784e-09
3120189281_1938460e85.jpg,-2.014207497e-09
3487131146_9d3aca387a.jpg,-6.127453934e-09
182493240_40410254b0.jpg,-4.637252198e-09
102351840_323e3de834.jpg,1.864053746e-10
883040210_3c4a10f030.jpg,6.988178778e-10
1358089136_976e3d2e30.jpg,1.977929186e-09
2930622766_fa8f84deb1.jpg,1.794949456e-09
2643263887_a32ffb878f.jpg,3.097373199e-10
3374384485_751f719be4.jpg,3.305476981e-09
290650302_ade636da35.jpg,-8.761008815e-11
2747714500_49476225c6.jpg,2.926354802e-09
758921886_55a351dd67.jpg,3.935028579e-09
311146855_0b65fdb169.jpg,-1.583174445e-09
2490179961_e842fda5eb.jpg,3.46937977e-09
2064790732_219e52e19c.jpg,-7.960618759e-10
3315250232_83e24a2d51.jpg,1.33292797e-09
3441104823_33cdae5a56.jpg,-7.552170165e-10
2675685200_0913d84d9b.jpg,-1.086010216e-09
2899622876_b673b04967.jpg,4.384918741e-09
2259336826_0cb294e1f7.jpg,4.309932356e-09
2742426734_291df6da08.jpg,1.822419604e-10
2697909987_128f11d1b7.jpg,-1.385959049e-09
3239021459_a6b71bb400.jpg,8.617257778e-10
3204525212_d548c7fca7.jpg,2.300484131e-09
918886676_3323fb2a01.jpg,-1.074759919e-09
560278886_df4bd2e212.jpg,-3.451741735e-09
3649307685_60c1294d2a.jpg,6.945657598e-09
2045928594_92510c1c2a.jpg,-3.071399186e-09
2933637854_984614e18b.jpg,-2.040175531e-09
1650280501_29810b46e5.jpg,-2.085230815e-09
300922408_05a4f9938c.jpg,9.168352456e-09
2798651021_2566f2a47e.jpg,-2.745412466e-09
3460551728_63255cec18.jpg,7.789920899e-09
3440104178_6871a24e13.jpg,8.081458227e-10
3484906808_ee20714408.jpg,1.136609267e-09
410413536_11f1127c46.jpg,-3.871976646e-09
400562847_e15aba0aac.jpg,-2.488562384e-09
101669240_b2d3e7f17b.jpg,-1.291431339e-09
2987195421_e830c59fb6.jpg,-1.403057496e-09
3208188198_2b271d2a2e.jpg,-6.886239096e-09
3208032657_27b9d6c4f3.jpg,-9.461336848e-09
429851331_b248ca01cd.jpg,-5.345162088e-09
458735196_176e7df6b3.jpg,-3.158427046e-09
3275627207_0b41e44597.jpg,-4.290281434e-09
2960759328_2d31e4af9b.jpg,3.492868694e-09
2206594874_5e0087c6b7.jpg,2.169619249e-09
1357689954_72588dfdc4.jpg,6.616820707e-10
2869491449_1041485a6b.jpg,7.768315661e-10
2574230252_f5a1382dd4.jpg,-2.931875079e-09
2261550615_b6c25d987b.jpg,-2.191598213e-09
2358554995_54ed3baa83.jpg,-2.607245335e-09
264141937_585320617a.jpg,3.776905062e-09
2809793070_1a3387cd6e.jpg,-3.60120389e-09
3338291921_fe7ae0c8f8.jpg,-3.315350224e-09
2056377805_e9a9b3bcf0.jpg,1.052038175e-09
3105315670_5f86f73753.jpg,3.188118126e-09
1015118661_980735411b.jpg,-9.418809756e-12
3047264346_e24601bfbf.jpg,-4.927664342e-09
1311388430_4ab0cd1a1f.jpg,1.171151206e-08
1077546505_a4f6c4daa9.jpg,4.349829907e-09
2800990525_a1f8427272.jpg,3.353991737e-09
3482062809_3b694322c4.jpg,-2.167202407e-09
2661294481_b86058b504.jpg,-1.674930859e-09
2896640216_761a47f006.jpg,-5.91703617e-10
3616525288_9c19223de6.jpg,-3.992782385e-09
2497420371_74788d7ba1.jpg,4.136094313e-09
766346887_a9a9d0637a.jpg,5.479885899e-09
2061944672_0383e65c8a.jpg,-5.443943619e-09
3015891201_2c1a9e5cd7.jpg,8.37125173e-10
2652522323_9218afd8c2.jpg,-8.709109671e-09
2054869561_ff723e9eab.jpg,9.430659589e-09
2394763838_99d1435b85.jpg,-1.2777033e-08
3439560988_f001f96fc9.jpg,-5.087023057e-09
3320032226_63390d74a6.jpg,1.423309792e-09
3677954655_df4c0845aa.jpg,-5.809693849e-09
2429212017_77fc107699.jpg,4.867890061e-09
241347760_d44c8d3a01.jpg,2.148929802e-09
241347823_6b25c3e58e.jpg,-8.905646066e-09
2416964653_db3c2b6a0e.jpg,-1.677213561e-09
3532782283_341f0381a3.jpg,6.985344641e-09
3600221224_945df01247.jpg,6.000119933e-09
3621647714_fc67ab2617.jpg,2.966049511e-09
2874876837_80d178ba9b.jpg,3.655949138e-09
448916362_17f3f1d0e1.jpg,2.211683261e-09
3052104757_d1cf646935.jpg,-4.008398953e-10
2414352262_005ae90407.jpg,-8.599290047e-09
2187904131_96ea83b9b5.jpg,-2.811243912e-10
2649406158_ded6be38de.jpg,7.265659537e-09
2353102255_67d9d2e40a.jpg,2.123417815e-09
1501297480_8db52c15b0.jpg,1.488824073e-09
466956675_a2fb6bf901.jpg,-8.963668437e-09
2737759676_4bc9be2daf.jpg,9.946830392e-09
2885387575_9127ea10f1.jpg,4.514879029e-09
510197538_0a11b94460.jpg,-8.788217779e-09
3623650392_7b75d4de21.jpg,-3.800560905e-09
3354474353_daf9e168cf.jpg,2.656973757e-09
2949353587_64c54e9589.jpg,1.319950923e-08
3522989916_f20319cc59.jpg,9.412062439e-09
2646116932_232573f030.jpg,4.665414008e-09
3028561714_83fb921067.jpg,4.479632467e-09
2439031566_2e0c0d3550.jpg,8.623679664e-10
3436074878_21515a6706.jpg,-1.903865967e-09
875731481_a5a0a09934.jpg,3.274739685e-09
3716277216_c04002be81.jpg,4.32193846e-11
2259203920_6b93b721ce.jpg,-3.865704071e-09
3329289652_e09b80e2f3.jpg,1.747329511e-09
3685328542_ab999b83bb.jpg,-1.599329593e-09
3250076419_eb3de15063.jpg,-1.362124286e-09
495341977_b27279f962.jpg,8.73725246e-09
3407357681_5aeaab5b59.jpg,2.472821751e-09
3066429707_842e50b8f7.jpg,3.978766432e-09
3392851587_a638ff25e2.jpg,-3.438039049e-09
2730938963_c4ed3e2258.jpg,-2.392903948e-09
269650644_059a84ece5.jpg,-4.477337214e-09
3605676864_0fb491267e.jpg,-5.650928968e-09
2183227136_8bb657846b.jpg,1.345010119e-10
237953705_cfe6999307.jpg,-2.523446476e-09
2856252334_1b1a230e70.jpg,1.871328912e-09
3015368588_ef0a06076d.jpg,4.309411658e-09
2521938802_853224f378.jpg,-2.938939792e-09
2759089516_cbb993cb92.jpg,-1.742704947e-09
1807169176_7f5226bf5a.jpg,-9.780044718e-09
457875937_982588d918.jpg,9.021008567e-10
3158680604_c1f99b3946.jpg,2.962791676e-09
530454257_66d58b49ee.jpg,-1.215172273e-09
1263801010_5c74bf1715.jpg,4.305175627e-09
172097782_f0844ec317.jpg,-3.222432184e-10
3426789838_8771f0ed56.jpg,2.425493249e-09
2220612655_030413b787.jpg,1.174659839e-09
2089426086_7acc98a3a8.jpg,5.537648529e-09
1306145560_1e37081b91.jpg,-6.164921321e-09
3297323827_f582356478.jpg,1.984189673e-09
2306186887_0bd8ed3792.jpg,2.484002779e-09
3574930742_9081bd2426.jpg,-9.672314909e-09
2995935078_beedfe463a.jpg,-2.194642345e-09
2114739371_83aa8bdb0e.jpg,2.317689817e-09
2895403073_906768cafa.jpg,4.790524243e-10
3234375022_1464ea7f8a.jpg,-6.206084937e-09
2561295656_4f21fba209.jpg,-2.060258198e-09
2358561039_e215a8d6cd.jpg,-1.301330627e-09
2123932281_1a4fd38455.jpg,-5.283666767e-10
3227499174_07feb26337.jpg,1.044811407e-10
3457210101_3533edebc8.jpg,3.100741809e-09
3286222970_1fa445e38f.jpg,-4.290521887e-09
293151893_ee7249eccb.jpg,8.502188422e-10
3371279606_c0d0cddab2.jpg,6.153205114e-09
1490213660_9ea45550cf.jpg,-1.305670605e-09
3599392711_8264881de2.jpg,5.863159065e-10
111497985_38e9f88856.jpg,-5.690633638e-09
2782850287_1408f7ec43.jpg,-3.450300437e-09
825918657_d92f1761f4.jpg,-2.942132885e-09
2095478050_736c4d2d28.jpg,3.97139833e-09
2782480767_064c95eff2.jpg,6.910066915e-09
1149179852_acad4d7300.jpg,5.399994849e-09
2441313372_6a1d59582b.jpg,-6.247228327e-09
3724718895_bd03f4a4dc.jpg,-9.523101957e-10
2704257993_d485058a5f.jpg,-3.239622227e-09
3584930205_a3f58a4b7c.jpg,-2.109327241e-09
2294598473_40637b5c04.jpg,8.727899702e-10
3242007318_01e82171aa.jpg,1.684322782e-09
3251234434_d01e25a50a.jpg,-2.011381396e-09
3556571710_19cee6f5bd.jpg,3.660854727e-09
3578914491_36019ba703.jpg,1.22752575e-09
2876848241_63290edfb4.jpg,-6.504656197e-10
452419961_6d42ab7000.jpg,1.623762749e-09
42637986_135a9786a6.jpg,-2.373440678e-09
2760716468_b541e9fd0f.jpg,7.047664769e-11
2447035752_415f4bb152.jpg,3.17474255e-09
2473738924_eca928d12f.jpg,8.466639337e-10
1363924449_487f0733df.jpg,-4.120710609e-09
3585487286_ef9a8d4c56.jpg,-3.374136318e-09
3037558954_20115165e3.jpg,4.655314882e-09
3362049454_ea0c22e57b.jpg,-4.904360139e-10
299178969_5ca1de8e40.jpg,1.255832278e-09
1104133405_c04a00707f.jpg,5.508585185e-09
3477683327_d9e6a2a64f.jpg,2.362266446e-09
282116218_7fd7583d6e.jpg,-3.603909946e-10
3721082512_8277087f3f.jpg,-8.636280683e-09
246055693_ccb69ac5c6.jpg,5.743112244e-09
3271061953_700b96520c.jpg,2.551530311e-09
2480820830_bdec1f5b76.jpg,-6.444952143e-09
270809922_043e3bef06.jpg,1.569884327e-09
1419385780_1383ec7ba9.jpg,-1.33193388e-09
897621891_efb1e00d1d.jpg,1.696624133e-09
2921578694_a46ae0d313.jpg,6.913359773e-09
2327088022_478dbd2c17.jpg,-4.075539633e-09
3640407952_bb38fb9d55.jpg,-1.030972448e-09
326028454_fb396167e6.jpg,8.660436493e-09
2867937005_91c092b157.jpg,-2.085572328e-10
2546667441_bbe87a6285.jpg,8.464320165e-09
1775029934_e1e96038a8.jpg,8.445157411e-09
2121357310_f8235311da.jpg,3.487637165e-09
3665987581_5e6b0a65f2.jpg,2.054164263e-10
3429956016_3c7e3096c2.jpg,-1.067546565e-09
3209350613_eb86579ee8.jpg,-6.687790827e-09
1425013325_bff69bc9da.jpg,4.483648176e-09
319185571_56162796da.jpg,-2.51373788e-09
3520936130_9e90872560.jpg,-3.279132113e-09
2867026654_38be983b44.jpg,2.156595024e-09
3069786374_804e1123ac.jpg,1.310843872e-09
3726120436_740bda8416.jpg,4.910885109e-09
2337919839_df83827fa0.jpg,-1.939768661e-09
2447289477_e888df561d.jpg,-2.59403845e-09
3597715122_45878432ec.jpg,7.835029003e-09
3646453252_5ebbbaa6cc.jpg,5.128367264e-09
261883591_3f2bca823c.jpg,2.134847023e-09
3125041578_c1f2d73b6d.jpg,1.073692676e-09
3084001782_41a848df4e.jpg,-3.151107259e-09
452363869_cad37e609f.jpg,-4.120499975e-10
123997871_6a9ca987b1.jpg,-1.849696085e-09
508958120_afe274f726.jpg,-2.194136919e-09
109738763_90541ef30d.jpg,-3.06256403e-09
888425986_e4b6c12324.jpg,5.385121912e-09
288025239_5e59ba9c3b.jpg,5.792517156e-09
3214381315_b54f5c9be4.jpg,2.781479806e-08
2070831281_dc04b3e15d.jpg,2.018415421e-09
3301811927_a2797339e5.jpg,-2.261227434e-09
3484070900_3e76d7fd30.jpg,8.583273928e-09
2876994989_a4ebbd8491.jpg,-1.351419837e-09
2080033499_6be742f483.jpg,-4.071959207e-09
3269895626_7b253c82ed.jpg,1.021806999e-09
3319388517_5609ae9805.jpg,6.323167228e-09
2560278143_aa5110aa37.jpg,-2.065976728e-09
3069937639_364fc11e99.jpg,2.976418151e-09
2448210587_9fe7ea5f42.jpg,4.219625281e-11
2444935470_7b0226b756.jpg,1.67987557e-10
3204081508_0e7f408097.jpg,-1.165559903e-09
3220650628_4ed964e5b4.jpg,1.015560258e-09
2393924525_1bf45ca217.jpg,-2.318189674e-09
3590753142_61993d39df.jpg,1.826897757e-09
3368865171_597d51cdd5.jpg,1.233542716e-09
472860064_a96a228796.jpg,3.124853036e-09
3587596696_9c5964c94d.jpg,6.337017394e-10
2041867793_552819a40b.jpg,6.480192774e-09
3094278545_febac56382.jpg,3.469262676e-09
333031366_a0828c540d.jpg,2.557098573e-09
3612538549_2828b45867.jpg,1.654353941e-09
154871781_ae77696b77.jpg,3.708365111e-09
3338217927_3c5cf3f7c6.jpg,6.400397748e-09
3362805914_72f60ee8cb.jpg,5.692611026e-09
442594271_2c3dd38483.jpg,1.792811134e-09
512026551_ba63ddbd31.jpg,-6.918546758e-09
1801663973_5ad393caeb.jpg,4.771792417e-10
2744705147_acd767d3eb.jpg,-2.940745422e-09
3344233740_c010378da7.jpg,5.547689517e-09
3690348036_a01f243fb0.jpg,9.463831729e-09
2363540508_9dd1ccf7c7.jpg,2.060671263e-09
812196663_0c969970b5.jpg,4.943715116e-09
297724467_e8918a6f90.jpg,7.183840113e-09
2926595608_69b22be8d4.jpg,-1.78085965e-09
938162709_21443d352f.jpg,2.568510868e-09
241347114_6273736da8.jpg,-1.175608141e-09
3404870997_7b0cd755de.jpg,7.115210526e-10
381976882_0063d16d88.jpg,3.99710568e-09
3710073758_ac2b217f29.jpg,7.534708567e-09
1478268555_7e301fc510.jpg,2.295489511e-09
3485486737_953f9d3be2.jpg,-5.839067282e-09
531152619_6db02a7ed9.jpg,3.870317461e-09
1319634306_816f21677f.jpg,8.929788306e-10
2385744837_8780f6731a.jpg,-4.085478572e-09
1387461595_2fe6925f73.jpg,1.173115463e-08
2314722788_6262c3aa40.jpg,3.792429127e-09
1213336750_2269b51397.jpg,-5.792608326e-09
10815824_2997e03d76.jpg,-2.454972592e-10
258476074_f28f4a1ae6.jpg,8.183304001e-09
3606355203_1260f43ec0.jpg,3.90887594e-09
343662720_39e4067cd1.jpg,3.460553095e-09
3484576025_a8c50942aa.jpg,3.71099751e-09
2593695271_4d9cc9bd6f.jpg,-7.756481956e-09
3132832452_c354c6396c.jpg,-9.524256864e-10
1808007704_ee8a93abb4.jpg,3.70115568e-11
697778778_b52090709d.jpg,-1.237775526e-09
2486364531_b482d7f521.jpg,-5.557238727e-09
892340814_bdd61e10a4.jpg,6.330623407e-09
293881927_ac62900fd4.jpg,2.844511233e-09
3128514681_a51b415c31.jpg,2.284693664e-09
2286270205_16038dec5a.jpg,2.119379799e-09
233327292_3bcbc3783f.jpg,-6.722128704e-09
356929855_6bbf33d933.jpg,-4.572194748e-10
3578981202_efef47e264.jpg,-2.992330682e-10
2392460773_2aa01eb340.jpg,-4.691875214e-09
2919459517_b8b858afa3.jpg,-3.235017563e-10
3330019493_fd36fbc2ea.jpg,2.731767053e-09
2119302248_72493d458c.jpg,-3.797973057e-09
2884651479_12e400ee58.jpg,1.478677944e-08
1016887272_03199f49c4.jpg,-1.62559713e-09
3518687038_964c523958.jpg,-1.813280425e-09
103106960_e8a41d64f8.jpg,7.213834101e-10
298920219_9a3f80acc5.jpg,4.309074181e-09
3301744710_b51280eb56.jpg,2.237769459e-09
3079341641_f65f6b0f8b.jpg,-2.853653665e-09
2112661738_de71b60b88.jpg,2.710836644e-09
911795495_342bb15b97.jpg,-1.754746659e-09
3185787277_b412d7f5b7.jpg,-7.863120657e-09
847782643_57248bbdab.jpg,7.368847609e-11
2151300603_248a9fe715.jpg,-4.253990052e-09
3576250302_14779632bd.jpg,-5.127853324e-09
3222055946_45f7293bb2.jpg,4.269006625e-09
3220200084_3ea129336e.jpg,-1.941870416e-09
2860035355_3fe7a5caa4.jpg,2.266118105e-11
2544246151_727427ee07.jpg,4.241088954e-09
3419634480_c390f62a6e.jpg,1.022016902e-09
2268115375_69884e958d.jpg,3.825319665e-10
3214885227_2be09e7cfb.jpg,-7.734498647e-10
2410618963_fb78307d18.jpg,2.17229235e-09
3339751521_7a8768be27.jpg,9.740493936e-10
3547368652_0d85c665d3.jpg,-2.432580432e-09
2956413620_d59de03a06.jpg,-2.671503919e-09
3469585782_e708496552.jpg,-5.241277866e-09
3399284917_721aefe2a7.jpg,-7.840793864e-09
3043266735_904dda6ded.jpg,6.997794841e-09
487074671_66db20bf47.jpg,3.395758198e-09
3306212559_731ba9bd05.jpg,-6.263821209e-09
3318564834_4ccea90497.jpg,2.261038603e-09
2358447641_10f1e9d21f.jpg,-3.166305469e-09
2678798732_2998f9969c.jpg,-2.309372151e-09
3388836914_c267cf3a59.jpg,7.429934432e-10
2222559267_6fd31e3941.jpg,-1.777212829e-09
1388373425_3c72b56639.jpg,-1.497055249e-09
2276499757_b44dc6f8ce.jpg,-3.051745683e-09
309049466_1d7e7d5fc2.jpg,1.039955955e-10
2442243868_abe8f74fb4.jpg,-2.641205674e-09
2833820456_143ea6ce47.jpg,1.012587798e-09
2728276857_3f83757ef2.jpg,1.566047891e-09
3090957866_f1b2b7f214.jpg,1.755755502e-09
1659358141_0433c9bf99.jpg,-4.370647721e-09
3206999917_e682672cbc.jpg,-1.738768852e-09
210839948_bbd5bfa3b6.jpg,-5.222602207e-09
1526181215_c1a94325ae.jpg,7.643269432e-09
2856456013_335297f587.jpg,-3.692767997e-09
2603125422_659391f961.jpg,-5.168205408e-09
2453318633_550228acd4.jpg,2.41490361e-09
3456362961_d8f7e347a8.jpg,-3.814449674e-09
2550011909_6b95f11330.jpg,-6.826645085e-10
3102204862_f1d220230b.jpg,-3.629614855e-09
1454841725_4b6e6199e2.jpg,-5.203281575e-09
824923476_d85edce294.jpg,-3.126395209e-10
2945036454_280fa5b29f.jpg,3.803746307e-09
2128119486_4407061c40.jpg,8.977867535e-09
506367606_7cca2bba9b.jpg,1.662834026e-09
3537474810_cf676b3259.jpg,3.529825431e-09
433810429_a4da0eac50.jpg,7.355020857e-10
973827791_467d83986e.jpg,-8.689123005e-09
2519812011_f85c3b5cb5.jpg,9.376630496e-10
271177682_48da79ab33.jpg,4.988028634e-09
241347700_ef2451d256.jpg,3.160609805e-09
394563330_68b566368c.jpg,2.142812894e-09
3122579598_14841c038a.jpg,-4.481398574e-09
3366904106_e996320d20.jpg,3.98527127e-09
2938875913_0ed920a6be.jpg,-3.151603717e-09
3478877323_0a507a601b.jpg,-3.226960809e-09
2892413015_5ecd9d972a.jpg,-7.755264863e-11
3720366614_dfa8fe1088.jpg,2.852908049e-09
3612249030_e2829ffa31.jpg,1.711776092e-09
3738685861_8dfff28760.jpg,-5.512203526e-09
3393152604_27bd1037f2.jpg,5.029482505e-09
145721498_a27d2db576.jpg,-5.039509928e-10
3083016677_5782bc337c.jpg,-5.695388902e-10
3139393607_f0a54ca46d.jpg,3.11396688e-10
3564148252_aa4cb36a32.jpg,-3.20285357e-09
1931690777_897a7d8ab6.jpg,6.398695291e-10
3415578043_03d33e6efd.jpg,8.789280118e-09
2672588619_3849930e99.jpg,2.140248506e-09
3288174272_2daa06d360.jpg,2.354711522e-09
2500354186_0836309cc9.jpg,4.787850287e-09
2661294969_1388b4738c.jpg,2.293729213e-09
2830309113_c79d7be554.jpg,3.565168798e-09
492341908_1ef53be265.jpg,4.11513418e-09
1317292658_ba29330a0b.jpg,-4.699048145e-09
317641829_ab2607a6c0.jpg,5.178424772e-09
3677613006_4689cb8e4e.jpg,-1.940778807e-09
3430526230_234b3550f6.jpg,-2.0265769e-09
3663307538_468739e4c3.jpg,-8.924123402e-09
2540360421_f7c2401da8.jpg,5.614055348e-10
3590653633_495de5f288.jpg,-1.623827513e-09
1295698260_e10c53c137.jpg,6.577309922e-10
270724499_107481c88f.jpg,5.241340025e-10
3174713468_e22fa7779e.jpg,1.220718796e-09
3437273677_47d4462974.jpg,1.139947784e-10
3201427741_3033f5b625.jpg,-3.095148791e-09
3162442331_c9711857c6.jpg,2.062520896e-09
3454988449_1de1ef4f20.jpg,-2.805024885e-09
3342309960_c694b2cce9.jpg,-4.922598062e-09
2429729667_42effc165d.jpg,-2.62389167e-10
2297471897_3419605c16.jpg,1.042006808e-09
697490420_67d8d2a859.jpg,-4.554390313e-09
3476709230_6439305bf2.jpg,1.483295924e-09
2295447147_458cfea65a.jpg,1.247196366e-09
1469358746_2a879abaf3.jpg,1.70116442e-10
3616771728_2c16bf8d85.jpg,-1.039703466e-08
3718892835_a3e74a3417.jpg,-1.376613174e-09
3298233193_d2a550840d.jpg,-5.074923735e-09
3497236690_a48bf7ac42.jpg,8.352312667e-09
2403078014_4b1d6f8bde.jpg,-7.522005632e-10
2999735171_87ca43c225.jpg,-4.028853418e-10
3616638478_641d02183d.jpg,1.511742287e-12
3413571342_b9855795e2.jpg,3.631128966e-09
508432819_3d055f395d.jpg,-1.923541018e-10
2374652725_32f90fa15c.jpg,-1.436571077e-09
241347300_7c84ecf764.jpg,4.771397398e-09
2931254547_e97c6d0d63.jpg,1.812609297e-08
244760289_f4467b2b67.jpg,4.700943414e-09
3541483943_9776baee7c.jpg,-3.914144715e-10
3584603849_6cfd9af7dd.jpg,1.828523067e-10
2884092603_786b53a74b.jpg,-3.2832941e-09
2255332561_3375897ff0.jpg,1.775738911e-09
3307147971_5b3abf61f9.jpg,4.183681513e-09
2953861572_d654d9b6f2.jpg,-5.936677508e-09
3072172967_630e9c69d0.jpg,2.309678624e-09
1473618073_7db56a5237.jpg,4.052118074e-09
1354318519_2f9baed754.jpg,-2.286478393e-09
3559781965_d4ec00e506.jpg,-2.54373354e-09
3027399066_ca85495775.jpg,-2.775242633e-09
429283612_37f6e7fb7f.jpg,3.792845813e-09
2029280005_a19609c81a.jpg,-3.01661503e-10
2592711202_55f8c64495.jpg,1.689770373e-09
3263741906_6e4508d1c8.jpg,-4.260273317e-09
3551281733_b43bf6f870.jpg,1.067189546e-09
493507605_48fe8e3739.jpg,-5.42903173e-09
3535768334_a3924bcccd.jpg,-8.138452014e-09
684375286_09cc1aa778.jpg,2.038425595e-09
2102732029_9ae520914d.jpg,-3.796306725e-09
3426144752_28d63615ca.jpg,2.346418874e-09
346253487_687150ab04.jpg,-5.223552655e-10
3454315016_f1e30d4676.jpg,-1.328293615e-09
3550255426_4ab03c0d6e.jpg,-9.029210727e-10
2236016316_f476cbbf06.jpg,-4.788765872e-09
1675679141_36c9bc2969.jpg,5.764717221e-09
3139895886_5a6d495b13.jpg,-1.522178864e-09
2265100168_175f8218af.jpg,-7.086203384e-10
3523559027_a65619a34b.jpg,5.585122305e-09
421932359_edbf181f44.jpg,1.165438558e-09
3376942201_2c45d99237.jpg,3.555663546e-09
2458033289_f0616879df.jpg,-5.495229775e-09
2709648336_15455e60b2.jpg,-2.436009207e-09
2337809114_899ba61330.jpg,-1.798322963e-09
3377344932_6dfce93248.jpg,2.41947779e-10
445655284_c29e6d7323.jpg,-4.205689132e-09
3502993968_4ee36afb0e.jpg,4.53014298e-09
599366440_a238e805cf.jpg,2.107343259e-09
152029243_b3582c36fa.jpg,-3.74395154e-09
2952751562_ff1c138286.jpg,5.902255383e-09
3336831820_5c5df4b033.jpg,8.70289107e-10
418616992_22090c6195.jpg,4.561189397e-09
3568225554_73cdb19576.jpg,4.639246751e-09
2545363449_1985903f82.jpg,-1.856512338e-09
2176147758_9a8deba576.jpg,-5.461343188e-09
3117562746_62f57a02b5.jpg,2.517836191e-09
1594038143_57f299aa8a.jpg,2.6296319e-09
2695001634_127fe2f0d7.jpg,2.551776108e-09
3082474922_9c3533eaf6.jpg,3.324716557e-09
3503623999_bbd5dcfb18.jpg,-3.012514575e-09
1446933195_8fe9725d62.jpg,3.476506423e-10
3139389284_f01bd4c236.jpg,2.862941956e-09
848293676_98e73c52c1.jpg,1.136828375e-09
2924908529_0ecb3cdbaa.jpg,-3.822254475e-09
3397228832_8ce5b1c26f.jpg,-5.994710859e-10
2705947033_5999147842.jpg,-2.032388708e-09
3533922605_a2b1e276f6.jpg,5.747705893e-09
3221815947_76c95b50b7.jpg,9.708143915e-10
3181701312_70a379ab6e.jpg,1.13718844e-09
415657941_454d370721.jpg,5.012945311e-09
412056525_191724b058.jpg,1.660477884e-09
2431832075_00aa1a4457.jpg,-5.692812589e-09
3252457866_b86614064c.jpg,-2.848494095e-09
3558370311_5734a15890.jpg,1.249656876e-09
537390477_7dd3407f96.jpg,-1.907558828e-09
3526018344_450c517a72.jpg,-3.596731136e-09
3138504165_c7ae396294.jpg,5.136026161e-09
1606988704_fe330878a3.jpg,3.053497427e-09
2430860418_fd0726f414.jpg,-4.093810136e-09
2103568100_5d018c495b.jpg,-2.644557604e-09
3068994801_b2bc079e67.jpg,-3.323656901e-10
2630507245_bea4804288.jpg,-1.21936951e-10
436009777_440c7679a1.jpg,3.901277539e-09
232874193_c691df882d.jpg,5.161859424e-09
525538142_7348f0bce7.jpg,2.387293887e-09
1465666502_de289b3b9c.jpg,7.156419294e-10
520491467_54cbc0a866.jpg,2.790188538e-09
542648687_adf13c406b.jpg,-2.774897058e-09
3524914023_4e96edb09f.jpg,2.473461002e-09
2939007933_8a6ef2d073.jpg,-4.358550718e-09
281419391_522557ce27.jpg,-4.757351619e-09
549520317_af3d5c32eb.jpg,-2.74336625e-09
3100251515_c68027cc22.jpg,-7.758605443e-09
3397259310_1ed1a346b5.jpg,2.212123243e-10
2858439751_daa3a30ab8.jpg,-2.507905782e-09
2422018883_336519b5c6.jpg,-5.194560035e-09
2750867389_4b815f793a.jpg,2.647375503e-09
1598085252_f3219b6140.jpg,2.537543061e-09
2479553749_f7ac031940.jpg,3.201254486e-09
2522297487_57edf117f7.jpg,8.436831774e-09
3178005751_fca19815ac.jpg,-5.038376535e-10
1453366750_6e8cf601bf.jpg,-3.235469126e-09
3252588185_3210fe94be.jpg,-1.185700902e-08
2115631346_9585a479b0.jpg,-2.641082448e-09
2295894587_2fd8faf550.jpg,2.336304851e-09
3249014584_21dd9ddd9d.jpg,-5.27443197e-09
3359089834_263e529c71.jpg,-4.297141185e-09
3738789925_7d17dbdf25.jpg,-3.086028652e-09
516998046_1175674fcd.jpg,1.597282479e-09
3697456750_460aea7252.jpg,-1.288270552e-09
3447007090_08d997833a.jpg,7.596908246e-09
2225231022_1632d0a5aa.jpg,7.765700623e-09
3583321426_f373c52161.jpg,1.49530033e-09
3155361712_2cbf59c78e.jpg,-6.530068741e-10
3099264059_21653e2536.jpg,-6.453947803e-09
141139674_246c0f90a1.jpg,3.742117311e-09
3422458549_f3f3878dbf.jpg,-1.921807646e-10
527968666_1fcddf81ab.jpg,-2.009329988e-09
2339516180_12493e8ecf.jpg,-1.452858096e-09
3280644151_3d89cb1e0e.jpg,-1.799232408e-09
369802520_9825f2cd84.jpg,5.084386548e-09
533713007_bf9f3e25b4.jpg,4.590058937e-09
1579287915_4257c54451.jpg,-1.631943521e-09
2121140070_a09644550b.jpg,7.994675413e-10
2359784186_36c9746d02.jpg,6.999942364e-09
2101128963_fdf8b2a0d7.jpg,-5.7225059e-09
2647593678_1fa3bb516c.jpg,2.247156359e-09
2196846255_2c1635359a.jpg,2.903498763e-09
2869253972_aa72df6bf3.jpg,6.432885938e-10
3549277110_24d4064ccd.jpg,-3.054836279e-10
2347921097_f2e35753c0.jpg,-2.265077674e-09
2510560080_1439fe32f2.jpg,-3.987366275e-09
2739332078_13d9acce59.jpg,-1.562804137e-10
2423856014_8df0e7f656.jpg,-6.200607583e-09
2998945968_86f236d1e8.jpg,-6.997554963e-09
3348191949_b0b925e5f1.jpg,-2.958113772e-09
2685788323_ceab14534a.jpg,-8.191398071e-09
3544312930_3a0b8d70c1.jpg,-3.529565952e-09
2136514643_93d8f75a77.jpg,2.530855744e-09
493621130_152bdd4e91.jpg,2.317500165e-09
2261169495_98254e2e66.jpg,3.013793101e-09
1424237335_b3be9920ba.jpg,6.165880095e-09
544122267_e9e0100bc5.jpg,9.963056253e-09
347543966_b2053ae78c.jpg,-7.227364256e-09
3091962081_194f2f3bd4.jpg,-2.423054969e-09
3673035152_da7ed916d9.jpg,3.482135141e-09
2525270674_4ab536e7ec.jpg,6.161145061e-09
2252264255_03fefc25af.jpg,-2.395297619e-09
2902486045_6298eb22ef.jpg,6.617910518e-09
322050103_145f7233c6.jpg,3.22939592e-09
791338571_7f38510bf7.jpg,-2.075652895e-09
3251906388_c09d44340e.jpg,5.1117024e-09
3148647065_2d6cd88cf6.jpg,-1.150846422e-09
3524975665_7bec41578b.jpg,2.675340611e-10
3673484638_dce87295fe.jpg,3.619993304e-09
2837808847_5407af1986.jpg,-2.664470749e-09
3380519003_9f91d5a7fb.jpg,-3.157554583e-09
2891924845_92f69b0f18.jpg,-1.45423159e-09
2773011586_6f4cd41e84.jpg,-2.983976753e-10
172092464_d9eb4f4f2f.jpg,-7.445358393e-09
3319489465_c65c91e4f2.jpg,-1.72856271e-09
429205889_ff5a006311.jpg,-3.861985637e-09
3203872773_6c30f64be3.jpg,-3.595964157e-09
2551344688_17a12a6948.jpg,2.590117956e-09
217838128_1f0a84ddc1.jpg,5.651007998e-09
2662570182_350baa020f.jpg,-1.894505777e-09
2649850541_59a6c7f01c.jpg,-1.834924931e-09
3157744152_31ace8c9ed.jpg,8.069236139e-11
2642688531_8fb68b2147.jpg,-4.538580028e-11
247652942_29ede19352.jpg,2.889580296e-09
2848977044_446a31d86e.jpg,-2.256329326e-10
2847859796_4d9cb0d31f.jpg,-5.091641123e-09
490390951_87395fcb1c.jpg,-4.322820525e-09
3425414048_fa14d33067.jpg,3.186650379e-09
2774430374_fee1d793e7.jpg,9.748937061e-09
3212456649_40a3052682.jpg,4.460700873e-09
1220401002_3f44b1f3f7.jpg,3.454433726e-10
2540203582_9a9ac92a5d.jpg,-8.64061195e-09
1918573100_d31cbb6b77.jpg,-1.934760104e-09
3227111573_c82f7d68b1.jpg,-9.188859803e-09
3480126681_52cea26bda.jpg,1.511990905e-10
3659686168_49c3abcee1.jpg,1.373033982e-09
2891617125_f939f604c7.jpg,5.644068057e-09
3358682439_be4b83544c.jpg,5.057056869e-09
2575647360_f5de38c751.jpg,3.182004717e-09
2752919987_8bfca604ab.jpg,6.609937252e-10
2672445419_251ce9419a.jpg,2.289690715e-09
299612419_b55fe32fea.jpg,1.186352257e-09
3328247381_a9f7fb4898.jpg,4.659821672e-09
2836360729_6500249fe6.jpg,-5.585524608e-10
3660826540_481d25fbb0.jpg,-5.644673198e-09
2378149488_648e5deeac.jpg,-3.814670343e-09
267325341_1a96ef436e.jpg,-1.058850148e-10
3682277595_55f8b16975.jpg,-2.343630139e-09
399212516_d68046b277.jpg,8.98237387e-10
317383917_d8bfa350b6.jpg,9.50828561e-09
310260324_7f941814bc.jpg,-2.24186933e-09
3737492755_bcfb800ed1.jpg,-5.29562906e-09
3665996775_6d7d9a46f1.jpg,-2.399011847e-09
3275711232_e261143664.jpg,-6.325976599e-09
3733074526_82aa8d5f8d.jpg,-1.94887055e-09
299676757_571ee47280.jpg,1.220229211e-09
2656749876_e32495bd8c.jpg,1.504823638e-09
624058168_f1c5e87e59.jpg,1.097780663e-09
287999021_998c2eeb91.jpg,-1.554254039e-09
534875358_6ea30d3091.jpg,2.739676123e-09
341430859_4519802e8f.jpg,-2.716007028e-10
1937104503_313d22a2d0.jpg,7.706851585e-09
2701271123_6761bc5f26.jpg,4.613172291e-09
143552697_af27e9acf5.jpg,-6.826634474e-09
3019199755_a984bc21b1.jpg,2.970262899e-09
2009636597_e3f4fe19fb.jpg,1.912229481e-09
3229898555_16877f5180.jpg,-2.781821626e-09
400851260_5911898657.jpg,-1.116457504e-09
3156991513_3bf03333d8.jpg,-2.700224699e-09
3472703856_568d9778b5.jpg,-3.668700391e-09
1396703063_e8c3687afe.jpg,-5.664138815e-09
1472230829_803818a383.jpg,3.004536321e-09
1685463722_55843b6d3c.jpg,5.971038747e-10
3248752274_96740ed073.jpg,-2.674533199e-09
2256138896_3e24b0b28d.jpg,1.632129757e-09
3530504007_3272c57e21.jpg,-4.703476482e-11
2875658507_c0d9ceae90.jpg,7.332350781e-09
3102363657_dc95fe6850.jpg,1.292088625e-09
2886411666_72d8b12ce4.jpg,7.561001597e-09
2766854400_640e2abe08.jpg,1.859759878e-09
276356412_dfa01c3c9e.jpg,1.937024976e-09
3257207516_9d2bc0ea04.jpg,2.418168157e-09
416106657_cab2a107a5.jpg,-5.661011632e-10
3001612175_53567ffb58.jpg,-6.115741168e-09
404850242_3a55a4c874.jpg,1.571883986e-09
1227655020_b11a1bb112.jpg,-4.602326267e-09
2546959333_23b957988f.jpg,6.430599454e-10
244870123_dcb6e53643.jpg,-3.627242275e-09
2896483502_6f807bae9e.jpg,5.952661616e-09
537532165_e4b7c0e61a.jpg,1.987927145e-09
530888330_a18343e38d.jpg,-7.94716735e-10
975131015_9acd25db9c.jpg,3.07256784e-09
3293018193_e4e0c8db7c.jpg,7.233924413e-10
2616284322_b13e7c344e.jpg,-4.637674827e-09
3477369101_8e0c61d8f4.jpg,2.23312327e-10
2172493537_128bc8b187.jpg,-6.239388659e-09
3340857141_85d97a7466.jpg,-5.887587507e-09
3023178539_836b50cd43.jpg,-2.710737055e-09
3608752424_01a1cfd8a6.jpg,1.317856834e-09
2918880895_e61f74f2f0.jpg,3.778410321e-09
2657663775_bc98bf67ac.jpg,5.632070545e-09
1536774449_e16b1b6382.jpg,-1.335412976e-09
1999444757_1b92efb590.jpg,-5.396747946e-09
1387443857_602ab6f9bf.jpg,3.030793438e-09
2947274789_a1a35b33c3.jpg,1.67187817e-11
2286823363_7d554ea740.jpg,6.864076797e-10
3630332976_fdba22c50b.jpg,8.127511263e-10
2990977776_1ec51c9281.jpg,8.775774292e-10
3532761259_14026c1e96.jpg,4.302539525e-09
2219805467_370ee1b7aa.jpg,3.435785102e-09
3332248667_617606714b.jpg,2.690077429e-09
543363241_74d8246fab.jpg,7.332437339e-10
3115901702_f07aa0ef74.jpg,1.53072459e-10
3486154327_8be7c78569.jpg,-9.136675835e-10
2171154778_8189169336.jpg,1.179013594e-09
3523874798_9ba2fa46e3.jpg,2.324221331e-09
2090997177_76d482b158.jpg,-7.598700033e-09
2638369467_8fc251595b.jpg,-3.41748542e-09
3582066525_e9d6377f56.jpg,-5.334543002e-09
3671935691_57bdd0e778.jpg,-2.431044374e-10
1406010299_5755339f08.jpg,-9.204776051e-10
2424398046_1a55c71376.jpg,2.510924868e-09
3025495499_b15797b452.jpg,3.58772425e-09
2555535057_007501dae5.jpg,2.395091513e-09
2355819665_39021ff642.jpg,1.671010539e-09
3348208268_6d97d951eb.jpg,4.085471862e-10
551403320_dfdcf9fc3b.jpg,-1.356968638e-09
2579268572_d78f8436cb.jpg,-2.727875653e-10
2428751994_88a6808246.jpg,3.828105645e-09
745880539_cd3f948837.jpg,6.153190007e-09
2394824046_51cec8e5e7.jpg,-4.296788582e-09
3164347907_2813f8ff0b.jpg,-3.327114772e-09
2501595799_6316001e89.jpg,1.400748039e-09
1470061031_4cb59c12a8.jpg,1.080691391e-09
3649802021_8a689bc153.jpg,2.126555532e-09
3638577494_fe55f7b4cb.jpg,-2.147646675e-09
2940594396_20c40947b0.jpg,-1.111909134e-08
197924859_f6e39a7dfa.jpg,1.788599803e-09
2865703567_52de2444f2.jpg,-4.036248361e-09
3758787457_1a903ee1e9.jpg,9.739735717e-09
2666078276_f7b3056997.jpg,-4.686158369e-09
2737609659_efce872c24.jpg,-3.116543157e-09
3131107810_7e9b96cddc.jpg,6.855154215e-09
2279945145_8815c59217.jpg,5.895863899e-09
241346434_0527ea1c07.jpg,7.148874984e-09
543940240_a54a3c7989.jpg,6.774945464e-09
309771854_952aabe3cc.jpg,5.128436317e-09
2676015068_690b0fb2cd.jpg,-3.312259726e-09
3425127583_611200619a.jpg,-1.553511232e-09
3122773470_b622205948.jpg,-5.600732845e-09
3439128755_84409b8823.jpg,2.235373175e-09
2922222717_12195af92d.jpg,3.20387069e-09
361092202_3d70144ebd.jpg,4.356344784e-09
3692892751_f6574e2700.jpg,-1.242883108e-09
439569646_c917f1bc78.jpg,-8.754732136e-10
2856699493_65edef80a1.jpg,8.357191578e-10
197107117_4b438b1872.jpg,5.459432664e-09
95728660_d47de66544.jpg,-4.935617148e-10
2215136723_960edfea49.jpg,2.351412018e-09
2657643451_b9ddb0b58f.jpg,6.561938585e-10
2815788792_d226215d10.jpg,-2.278933482e-09
512991147_dc48e6839c.jpg,-9.416357592e-09
332045444_583acaefc3.jpg,-3.80837377e-09
3584406900_039f30b34c.jpg,-7.001701713e-09
486300784_2cc7a770ff.jpg,-7.128205125e-09
2773682293_3b712e47ff.jpg,-1.958013059e-09
1355833561_9c43073eda.jpg,-2.260248206e-09
1481062342_d9e34366c4.jpg,-6.026996658e-09
688940111_325a74674a.jpg,-1.731890042e-10
478754346_addb53893c.jpg,-5.462298992e-09
2194286203_5dc620006a.jpg,4.431123046e-09
392976422_c8d0514bc3.jpg,-1.563785689e-09
2103361407_4ed4fc46bf.jpg,-9.615857037e-10
2525455265_f84ba72bd7.jpg,1.16976522e-08
2938316391_97382d14aa.jpg,3.636352723e-09
3659769138_d907fd9647.jpg,1.000628906e-09
3455405300_aa3069ecaa.jpg,-1.361584996e-09
3646970605_d25c25340b.jpg,-1.934579305e-09
3438858409_136345fa07.jpg,-2.891408619e-09
887108308_2da97f15ef.jpg,-3.936490044e-10
3025334206_76888792e5.jpg,-5.891332549e-09
364213568_7f83e7d144.jpg,3.339760961e-09
3198237818_cb5eb302f0.jpg,4.319997835e-09
824782868_a8f532f3a6.jpg,-6.746952491e-09
3256603992_67312b5a36.jpg,-2.94925268e-09
2589156742_c46bc82137.jpg,1.427627764e-09
2846785268_904c5fcf9f.jpg,-7.018147535e-09
3003612178_8230d65833.jpg,-3.778138393e-09
619169586_0a13ee7c21.jpg,-7.420075205e-10
2021671653_567395c7cf.jpg,4.032764001e-09
2043427251_83b746da8e.jpg,1.154760811e-08
3625519177_4c2bb9e7f0.jpg,1.12396489e-09
394463341_5311c53783.jpg,-1.114297104e-08
3344526059_4a097af285.jpg,1.831665769e-09
2378127945_8dc9da82d7.jpg,4.34051745e-09
3690425778_3b390b3ea5.jpg,-4.103295095e-10
3470129475_9e58b6742c.jpg,2.672922923e-11
1388346434_524d0b6dfa.jpg,2.881583298e-09
3334057289_68ece38a85.jpg,1.507593639e-09
2182050469_1edac0bc60.jpg,3.521817561e-09
2399219552_bbba0a9a59.jpg,2.273323186e-09
2866254827_9a8f592017.jpg,6.566013452e-09
3434452829_62cee280bc.jpg,2.443767423e-09
2467853482_17009933e8.jpg,2.038654353e-09
978580450_e862715aba.jpg,7.13850943e-09
3435648640_b2f68efb78.jpg,3.906041542e-09
3104909823_0f41dd8be6.jpg,2.467529098e-09
3336759846_5220e27deb.jpg,2.488123432e-09
491600485_26c52c8816.jpg,3.79197278e-09
3613005134_bb7f304da1.jpg,9.011886924e-10
1378557186_4bd1da6834.jpg,-3.307010648e-09
551664516_78a5131dc4.jpg,4.722379708e-09
3725177385_62d5e13634.jpg,-5.26088704e-09
765091078_a8a11c6f9e.jpg,9.260535722e-09
3046430047_d7b10123d0.jpg,1.01392809e-09
2483993827_243894a4f9.jpg,9.354280532e-10
2125454445_5c5c4bf906.jpg,-3.033681184e-09
3219065971_702c4e8c34.jpg,2.658835947e-10
1965278563_8279e408de.jpg,3.982522694e-09
439049388_3dcee2d30b.jpg,-7.147301087e-09
3207358897_bfa61fa3c6.jpg,-1.025129918e-09
2090327868_9f99e2740d.jpg,-7.660846147e-09
195962284_e57178054a.jpg,-6.437788669e-09
2854207034_1f00555703.jpg,7.611119743e-09
2592019072_a6c0090da4.jpg,7.80637295e-09
483039719_75181b2726.jpg,4.585193354e-09
2613920405_e91e6ebd7a.jpg,6.471242263e-09
905355838_3a43fdfd4e.jpg,2.342633157e-11
3638459638_ec74e3ff89.jpg,-2.118491086e-09
3381788544_2c50e139dd.jpg,-5.439419292e-09
3252985078_c4ee2aca4e.jpg,4.109543314e-10
3563673070_71fa0903ed.jpg,-2.20560781e-09
3708839890_ed448012cf.jpg,-5.870553681e-09
2661567396_cbe4c2e5be.jpg,1.574790788e-09
3321063116_4e5deeac83.jpg,2.456853941e-09
1897025969_0c41688fa6.jpg,2.209225072e-09
516214924_c2a4364cb3.jpg,-2.717863266e-10
3110649716_c17e14670e.jpg,-3.636041098e-10
524310507_51220580de.jpg,2.97431861e-10
3474265683_43b1033d94.jpg,7.158704396e-10
2384401298_e389c01abc.jpg,4.894184097e-09
3705976184_53ae07e898.jpg,5.320807733e-09
2243904502_2d265fed80.jpg,5.211206491e-09
1122944218_8eb3607403.jpg,-7.073482418e-10
95734035_84732a92c1.jpg,-3.892656966e-09
1814391289_83a1eb71d3.jpg,-6.842113298e-10
3342487512_fd33971dea.jpg,6.415254725e-09
1562392511_522a26063b.jpg,2.298492807e-09
86542183_5e312ae4d4.jpg,-2.171102955e-09
3301021288_95935b7a74.jpg,-6.12433226e-09
3245070961_8977fdd548.jpg,-2.732318937e-10
3181322965_ce9da15271.jpg,-4.796099803e-10
1561658940_a947f2446a.jpg,-4.423828415e-10
2021602343_03023e1fd1.jpg,-1.744034461e-08
2978735290_7464b12270.jpg,6.848133352e-09
3371266735_43150bce52.jpg,1.115228176e-09
1163282319_b729b24c46.jpg,3.042685838e-11
3115174046_9e96b9ce47.jpg,-4.738191885e-10
3500342526_393c739e2f.jpg,-2.192953954e-09
3357416302_fcfcdd7b86.jpg,-1.516922693e-09
3081363964_d404eccae8.jpg,-3.983844123e-09
2113530024_5bc6a90e42.jpg,-2.978404469e-10
3191805046_77c334b506.jpg,-3.969119699e-09
3443351431_7b4061df5c.jpg,3.247571694e-09
3484649669_7bfe62080b.jpg,-1.374826243e-09
3487979741_5f244c0c4b.jpg,-1.175445931e-09
3039214579_43ef79f931.jpg,-7.378945975e-10
2449552677_ee78f01bae.jpg,4.624311468e-09
2527303359_6c3dc3f282.jpg,-3.434389194e-09
3035785330_2fd5e32bb1.jpg,-2.715100468e-09
3423509305_e399d005db.jpg,3.943655913e-11
578644583_da3ff18dd1.jpg,-3.929709736e-11
3443853670_6c79fcfcb2.jpg,-3.2398956e-10
3342272425_804316cb3d.jpg,-5.280981365e-09
1429723917_6af585e4c0.jpg,-5.670264239e-09
2934801096_230ae78d7e.jpg,-2.821022038e-10
2567035103_3511020c8f.jpg,4.238109276e-09
427683329_95d510a087.jpg,-7.051175533e-10
1425069308_488e5fcf9d.jpg,5.782735138e-10
2206600240_f65df56a09.jpg,1.08930832e-08
755326139_ee344ece7b.jpg,-3.087747529e-10
418357172_bdddf71d32.jpg,7.775802513e-09
1676601498_7d59327523.jpg,1.094489536e-08
3322200641_c2e51ff37b.jpg,-8.84712783e-11
2596619849_7b635dd310.jpg,2.80446838e-09
2380740486_8cd5d4601a.jpg,6.418273881e-09
439037721_cdf1fc7358.jpg,4.857565613e-10
447722389_4b51b7e13d.jpg,2.859268691e-09
3597354819_0069aaf16e.jpg,5.234439993e-09
2366421102_2d60d53a0e.jpg,-7.368104056e-11
3374722123_6fe6fef449.jpg,1.374642392e-09
3728164558_52729baefa.jpg,-7.716226605e-09
3425061393_d093edb8da.jpg,-3.42527414e-09
3449170348_34dac4a380.jpg,3.529192485e-10
1787222774_d5c68cce53.jpg,-1.408460001e-09
3616846215_d61881b60f.jpg,1.742303761e-09
2060031241_a3ae7a06bb.jpg,-3.028476159e-09
3628698119_5566769777.jpg,9.357803675e-10
3315353266_70f0bbb1c3.jpg,7.284126487e-09
488590040_35a3e96c89.jpg,-2.89256792e-09
3085973779_29f44fbdaa.jpg,-7.632409344e-09
377872472_35805fc143.jpg,3.298852807e-09
463978865_c87c6ca84c.jpg,5.129955042e-09
3249891130_b241591e89.jpg,7.672891847e-10
2954584849_3c2899f319.jpg,4.646914632e-09
2308978137_bfe776d541.jpg,-6.127414884e-09
3596959859_a7cb1e194b.jpg,2.333080001e-11
3647826834_dc63e21bd0.jpg,-5.408594939e-09
2058124718_89822bc96e.jpg,1.143458567e-09
3356284586_21c6f155a5.jpg,9.209424307e-10
2629294578_853a08bb43.jpg,-5.374273873e-10
2186139563_e60c1d4b8b.jpg,7.511033068e-09
2445654384_4ee3e486e1.jpg,3.398232154e-09
3351111378_b5d80783a1.jpg,3.038215782e-10
3585117340_73e96b6173.jpg,-2.173725264e-10
2710280476_dcccb8745a.jpg,3.130031588e-09
3718964174_cb2dc1615e.jpg,-5.666806468e-09
2754271176_4a2cda8c15.jpg,-3.032069656e-10
3134586018_ae03ba20a0.jpg,-2.467520815e-09
1626754053_81126b67b6.jpg,2.358338384e-09
3359530430_249f51972c.jpg,-5.349591792e-09
3604384157_99241be16e.jpg,-5.726095938e-10
2160266952_a2ab39191b.jpg,-5.63320145e-10
3461049169_e068ae4f25.jpg,-4.009224185e-09
2695085632_10c4e6ea78.jpg,-3.540800314e-09
575636303_b0b8fd4eee.jpg,-6.738373455e-09
3284899112_f11ab3cfe6.jpg,5.631960624e-09
1093737381_b313cd49ff.jpg,-1.787428764e-09
3544483327_830349e7bc.jpg,2.161800527e-09
2992999413_018f48aabc.jpg,1.787143677e-09
1813266419_08bf66fe98.jpg,2.884817088e-10
424379231_23f1ade134.jpg,7.508853225e-09
3176278670_195eea071c.jpg,-6.674623323e-09
2967630001_cdc5560c0b.jpg,5.126573309e-09
353180303_6a24179c50.jpg,2.482882122e-09
2875583266_4da13ae12d.jpg,-4.452798341e-09
3679707139_1cc1e71237.jpg,-3.030674335e-09
3565598162_56044bc2f7.jpg,-9.035536834e-09
2882589788_cb0b407a8d.jpg,-5.234323142e-09
3060969260_08f43e4f4f.jpg,-2.715291221e-09
2922981282_203f04bf9b.jpg,3.199111932e-09
3336808362_c17837afd8.jpg,6.157197465e-09
312156254_ef31dca5ed.jpg,2.012121159e-09
3356748019_2251399314.jpg,-6.623302181e-10
3576741633_671340544c.jpg,-2.60740607e-09
3330654550_3efe9a71af.jpg,1.29925218e-09
3516285214_59823b341e.jpg,-5.154995351e-09
2322601965_748d59dc57.jpg,-5.455405245e-09
2346402952_e47d0065b6.jpg,-6.788955962e-10
1732217138_aa0199ef87.jpg,2.067273411e-09
3189293145_35dea42679.jpg,-5.468126906e-11
488408004_a1e26d4886.jpg,1.044303187e-08
497579819_f91b26f7d3.jpg,-6.140113882e-09
3424934891_69f18da66e.jpg,2.23247144e-10
3053813297_7ce5f87710.jpg,-1.4513036e-09
747921928_48eb02aab2.jpg,-3.877091921e-10
3584534971_b44f82c4b9.jpg,1.495012077e-10
1773928579_5664a810dc.jpg,3.743719564e-09
2539933563_17ff0758c7.jpg,-6.349472122e-10
3009035153_715e39b440.jpg,2.834644348e-09
3619416477_9d18580a14.jpg,2.144078102e-09
2568656919_6e49d2a82b.jpg,-1.739665784e-09
2204777844_1bcf26bf84.jpg,-4.525937246e-09
436608339_f1d1298770.jpg,1.673847306e-10
3669069522_555c97fbfb.jpg,4.668739937e-10
2584020755_14e2b3e8fc.jpg,9.486077178e-10
444845904_a4531c811a.jpg,4.843659406e-09
186348874_75b2cf1ec5.jpg,6.925224947e-09
2862481071_86c65d46fa.jpg,3.876776724e-09
3109704348_c6416244ce.jpg,-3.934634091e-09
368212336_bc19b0bb72.jpg,5.473921383e-10
735787579_617b047319.jpg,-2.024196125e-09
3304511635_113beaf458.jpg,-6.829372656e-09
3519815055_304dc8e8d6.jpg,-2.452555542e-09
1404832008_68e432665b.jpg,8.819686424e-10
1252787177_4b08625897.jpg,2.935942048e-09
3333675897_0043f992d3.jpg,-6.05619772e-09
3176968956_d942a93513.jpg,-1.883547528e-09
2519594430_551225e5bd.jpg,2.259543615e-09
403678611_73978faed7.jpg,2.313193045e-09
3458215674_2aa5e64643.jpg,-1.528551099e-09
3355827928_c96c0c3e88.jpg,2.673161659e-09
3376435746_1593d9b243.jpg,3.610637935e-09
3265209567_b3b9c8e0fe.jpg,2.702519851e-09
418796494_bdb441de42.jpg,2.532837001e-09
3216762979_813c45a8ec.jpg,-6.052198448e-09
3639967449_137f48b43d.jpg,6.110469622e-10
3335501468_628655d608.jpg,3.38671452e-09
766099402_cdda6964f0.jpg,-1.68770674e-09
3195701071_81879257f5.jpg,5.168091047e-09
3498354674_b636c7992f.jpg,-5.151365021e-09
405051459_3b3a3ba5b3.jpg,-1.570757632e-08
3405759441_fb31c80240.jpg,5.824732289e-09
3492734013_e6b177ed99.jpg,6.483590451e-09
2224995194_518859d97d.jpg,1.097466859e-09
2269961438_cae7a9c725.jpg,-1.611204485e-08
3293945284_6a04e477a9.jpg,-4.513364449e-10
2057305043_952b8dc82c.jpg,-4.954766198e-09
3256274183_4eab3b2322.jpg,-2.592127935e-09
640409060_6af18fdd54.jpg,-2.883042321e-09
2857609295_16aaa85293.jpg,7.890112703e-09
3479245321_6a5bc470f8.jpg,5.779723467e-09
3482787182_a5c6d4b386.jpg,-6.843891816e-09
263854883_0f320c1562.jpg,-2.710630504e-09
3084034954_fe5737197d.jpg,5.864050802e-09
2911107495_e3cec16a24.jpg,3.846526652e-09
2273105617_7c73d2d2d3.jpg,-3.233247306e-09
2772084628_c0ae29d87a.jpg,3.990472131e-09
3663951804_868982f3f9.jpg,-2.563219286e-09
437404867_209625774d.jpg,-4.776465832e-09
3376014640_ff5b00769f.jpg,3.405531592e-09
771366843_a66304161b.jpg,2.548577302e-09
3084011028_d1e2c40d7d.jpg,4.214892834e-10
2157003092_eaeb977789.jpg,1.524550359e-09
3504940491_94c43792ed.jpg,-4.0672649e-11
2993049054_611f900644.jpg,1.603082179e-09
2544182005_3aa1332bf9.jpg,1.472905031e-09
2924884899_f512c84332.jpg,1.247900561e-09
2090386465_b6ebb7df2c.jpg,5.420317761e-09
127450902_533ceeddfc.jpg,-2.195915245e-09
3234401637_84e0d14414.jpg,1.22360481e-09
1429546659_44cb09cbe2.jpg,-9.174055856e-09
2564663851_3a9832e4fc.jpg,-4.040518409e-09
3554634863_5f6f616639.jpg,-7.947400158e-09
2929006980_9f9f8f3d21.jpg,3.937415099e-09
3425835357_204e620a66.jpg,-1.103165576e-09
2075493556_b763648389.jpg,-5.916130831e-09
3556390715_65c6d1e88b.jpg,-2.217554899e-09
3590654365_fd4819f48b.jpg,-1.823546422e-09
265528702_8653eab9fa.jpg,-3.996244119e-10
3551787566_b5ebbe2440.jpg,2.872584963e-09
2736902411_a0010f89ae.jpg,-1.127949046e-09
3413669228_ec64efeb34.jpg,-2.833560909e-09
3700346840_bb80d622f7.jpg,1.794119034e-09
3036641436_d6594fc45f.jpg,5.859124847e-11
2974501005_346f74e5d8.jpg,3.350352377e-09
2599444370_9e40103027.jpg,9.013054821e-09
3187096035_65dc416291.jpg,-3.422267596e-09
2543679402_9359e1ee4e.jpg,3.766528594e-09
1245022983_fb329886dd.jpg,5.415921436e-09
3472066410_065b4f99d3.jpg,-8.341942025e-10
3016741474_72b4355198.jpg,2.128483454e-09
1802092493_7b44fdb6b9.jpg,-1.321175715e-09
2181724497_dbb7fcb0a9.jpg,2.102721444e-09
3539840291_1c3eed701d.jpg,3.409286891e-10
3264464625_c711cc40c6.jpg,-1.000250683e-08
447733067_09cfac3286.jpg,-3.756508176e-09
3201594926_cd2009eb13.jpg,-4.38271319e-09
289599470_cc665e2dfb.jpg,4.447705026e-09
3656030945_fa003bd696.jpg,-9.615674955e-10
979383193_0a542a059d.jpg,-8.900013409e-10
3155400369_69e3d6d70f.jpg,-4.957921091e-09
3043685748_130db75e3b.jpg,2.081236753e-09
2072574835_febf0c5fb9.jpg,-4.08027275e-09
300314926_0b2e4b64f5.jpg,1.003445229e-09
3530087422_7eb2b2c289.jpg,1.252530617e-09
293327462_20dee0de56.jpg,-2.589585973e-09
750196276_c3258c6f1b.jpg,-1.029998676e-09
2619454551_c4bb726a85.jpg,7.83939167e-10
300148649_72f7f0399c.jpg,6.44089987e-09
894928353_002a3d5f06.jpg,-2.140832078e-09
2917057791_3d68a055ca.jpg,-4.639832451e-09
366713533_bd6d48cf02.jpg,5.01996695e-09
3398746625_5199beea71.jpg,2.752775867e-09
3191135894_2b4bdabb6d.jpg,2.759723109e-08
2973269132_252bfd0160.jpg,2.458477993e-09
3315616181_15dd137e27.jpg,-8.064584808e-09
1251558317_4ef844b775.jpg,2.888871028e-09
1932314876_9cc46fd054.jpg,-5.867467705e-09
366548880_3d3e914746.jpg,-5.344276207e-10
3448855727_f16dea7b03.jpg,-3.897716807e-09
3025315215_a5d367971a.jpg,1.202099357e-09
3017203816_5dc2a6b392.jpg,5.256386597e-09
2707933554_f6dc5e0e3c.jpg,5.056263723e-09
2516317118_10ae66b87a.jpg,6.344298921e-09
2426215757_e008a91fcb.jpg,-9.453077763e-09
2806710650_e201acd913.jpg,-4.277185087e-10
3319338707_892ae2a660.jpg,-4.436599411e-09
3681651647_08eba60f89.jpg,-5.924117465e-09
1461653394_8ab96aae63.jpg,5.642427151e-09
3216085740_699c2ce1ae.jpg,-3.192857576e-09
3582914739_bef2828a06.jpg,-2.300726286e-09
256958382_b9006bfc5b.jpg,1.004510054e-09
3466891862_9afde75568.jpg,-1.429871156e-09
1022454332_6af2c1449a.jpg,6.09090596e-09
2375924666_fee50f1cba.jpg,3.627356461e-10
2975807155_5a8610c297.jpg,-2.155932223e-09
2918653119_f535fc25c4.jpg,3.939618305e-10
3432586199_e50b0d6cb7.jpg,2.604178865e-09
3090386315_87ed417814.jpg,1.652141178e-09
2970461648_fe14ba0359.jpg,-1.535663045e-10
3474985112_24ef46e82d.jpg,-5.189979596e-10
2715155329_1ed1756000.jpg,1.272990577e-09
2981372647_2061278c60.jpg,-4.501115864e-10
3199645963_a681fe04f8.jpg,1.339915274e-09
3361882891_6e610ffdbb.jpg,7.323199087e-09
370442541_60d93ecd13.jpg,1.020684456e-08
1482960952_95f2d419cb.jpg,2.242401422e-09
1198194316_543cc7b945.jpg,3.914010472e-09
2136992638_098d62a3c5.jpg,2.51115844e-09
2831672255_d779807c14.jpg,5.281215992e-11
3133403457_95dfe11da1.jpg,2.511931798e-09
2270483627_16fe41b063.jpg,-2.839675624e-09
2830880811_d7f66dd2cf.jpg,-2.438017872e-09
3028969146_26929ae0e8.jpg,-3.457084187e-09
3435015880_eda46ff50f.jpg,9.227846175e-10
3210457502_c6030ce567.jpg,4.137416264e-09
3246804978_ea2c9e56f2.jpg,2.641870311e-09
544301311_5e7d69a517.jpg,4.365111617e-09
3405113041_4b72c24801.jpg,5.947954327e-09
3494345896_dd6b32cfa3.jpg,4.686755858e-10
3697153626_90fb177731.jpg,-8.186386009e-09
2942094037_f6b36fd3db.jpg,-6.446342936e-09
3688839836_ba5e4c24fc.jpg,-3.950097745e-09
1234293791_6566284bcd.jpg,-1.497632554e-10
2998024845_1529c11694.jpg,5.802105405e-09
3514179514_cbc3371b92.jpg,-4.931580064e-09
2877637572_641cd29901.jpg,-9.428461057e-10
3336211088_4c294a870b.jpg,-1.987710746e-09
453756106_711c20471a.jpg,-1.189526092e-09
3116039960_54d1d68145.jpg,-1.216243563e-08
3634828052_3b6aeda7d6.jpg,4.989538963e-09
1384292980_4022a7520c.jpg,-3.1948941e-09
2747640247_b54bfa6886.jpg,6.022760373e-11
2784625888_71a421e171.jpg,5.797242697e-10
2059616165_b7c99c1009.jpg,-1.877047388e-09
2232518012_8cb0bbc43b.jpg,-1.833028919e-09
3079787482_0757e9d167.jpg,8.239605364e-09
531197115_2be4d5034b.jpg,3.057776571e-10
2194797921_96af7a9467.jpg,-4.895655987e-09
3211210739_3dea005fde.jpg,-3.440958653e-09
229951087_4c20600c32.jpg,1.377068271e-09
3582814058_564776f26c.jpg,-2.025288969e-10
241347547_902725b9f8.jpg,5.198567887e-09
265223843_9ef21e1872.jpg,2.351218406e-09
3576840040_9356b5b10a.jpg,-1.901305142e-09
2170187328_65c2f11891.jpg,4.27476911e-09
374104006_7f32c8c5de.jpg,-1.269375013e-09
3391209042_d2de8a8978.jpg,1.369822827e-09
3073579130_7c95d16a7f.jpg,5.225980851e-09
3153828367_5fc2c37c07.jpg,-2.170398366e-10
2664102751_d5a737a566.jpg,8.672459865e-09
799431781_65dc312afc.jpg,6.862029262e-09
3403370354_5d266873b4.jpg,-8.168637151e-10
2107838729_a527e434bd.jpg,-5.208755809e-09
3458625738_297857369c.jpg,-8.653336115e-09
2102724238_3cf921d7bb.jpg,3.344711335e-09
2606433181_f8f9d38579.jpg,2.315868242e-09
2062607137_dac194ad02.jpg,5.898637937e-09
3108544687_c7115823f5.jpg,-6.392024375e-09
2870875612_2cbb9e4a3c.jpg,-3.239005606e-09
2479652566_8f9fac8af5.jpg,4.639866915e-09
2508313118_524e93d48c.jpg,2.730919112e-09
2271468944_3264d29208.jpg,-1.111058106e-09
2538477523_1da77eb11c.jpg,-1.07322594e-09
2872806249_00bea3c4e7.jpg,1.395400187e-09
3506216254_04d119cac7.jpg,-9.732874325e-09
1020651753_06077ec457.jpg,-7.42718748e-09
3582920844_2742804f3d.jpg,2.234872211e-09
3726590391_bc6e729bb6.jpg,1.869756878e-10
1574401950_6bedc0d29b.jpg,2.387075054e-09
409327234_7b29eecb4e.jpg,7.774174467e-09
2540326842_bb26cec999.jpg,-3.959736242e-09
3467073304_aefe553c4d.jpg,4.237005155e-09
522700240_d9af45e60d.jpg,3.651492054e-09
3595408539_a7d8aabc24.jpg,2.0202268e-09
3601803640_5f3cb05acf.jpg,-1.903945376e-09
3397803103_8a46d716f4.jpg,1.440209383e-09
1440024115_129212c988.jpg,4.363750256e-10
1032122270_ea6f0beedb.jpg,1.752337175e-09
2581066814_179d28f306.jpg,-9.634252609e-10
2406591500_403f145905.jpg,-3.247251911e-09
2274992140_bb9e868bb8.jpg,-1.19962681e-09
3475111806_f0d2927707.jpg,9.538741734e-10
3634032601_2236676cdd.jpg,-3.214424481e-09
2250870111_8402d2319d.jpg,6.093425469e-09
1473250020_dc829a090f.jpg,2.245135313e-09
3130064588_6d1d3fa2dd.jpg,1.775641321e-09
1478606153_a7163bf899.jpg,3.680671995e-10
2302516347_26054442f9.jpg,6.824206836e-09
3461041826_0e24cdf597.jpg,-5.631058222e-10
3259229498_2b5708c0c6.jpg,-4.957144676e-09
3217893350_57be430d06.jpg,4.41221243e-10
2098418613_85a0c9afea.jpg,-4.852906114e-09
160792599_6a7ec52516.jpg,3.308935687e-09
2100046085_69b59b6645.jpg,4.621102566e-10
2629334536_11f2d49e05.jpg,2.586375553e-09
407008823_bdd7fc6ed5.jpg,-6.860103679e-09
509123893_07b8ea82a9.jpg,3.8364477e-09
326585030_e1dcca2562.jpg,2.145716122e-09
270816949_ffad112278.jpg,4.877504699e-09
3375070563_3c290a7991.jpg,-3.848276122e-09
3613375729_d0b3c41556.jpg,8.586677391e-10
244399048_8332bb3270.jpg,4.674042049e-09
3165936115_cb4017d94e.jpg,-4.693595447e-09
3031263767_2e3856130e.jpg,-9.362892458e-09
3665569615_9a71c4b6e4.jpg,1.626125589e-09
661757041_61e131e913.jpg,5.073176714e-10
3442272060_f9155194c2.jpg,-1.815473752e-09
3514184232_b336414040.jpg,-8.313719958e-09
1187435567_18173c148b.jpg,4.095030914e-09
3147913471_322ea231d9.jpg,-1.608363335e-11
1784309115_0ad6791146.jpg,1.711740727e-09
2714699748_c9270dd5aa.jpg,2.925783383e-09
3262301835_9f1a49b80a.jpg,1.402377549e-11
3331525712_af1dcc47f2.jpg,1.239949429e-09
2402744031_11f9f2f2b8.jpg,-2.399681114e-09
3572144280_ea42bbd927.jpg,1.195943569e-08
2739331794_4ae78f69a0.jpg,7.158276223e-10
3245912109_fdeef6b456.jpg,-5.769874793e-09
3518675890_2f65e23ff9.jpg,-2.481911756e-09
3458379941_657182bb09.jpg,-3.51866827e-09
2428086758_bce4733f7e.jpg,-2.548082118e-09
1794818900_e0ffdd268e.jpg,3.367497039e-10
1386251841_5f384a0fea.jpg,1.836612079e-09
1121416483_c7902d0d49.jpg,-9.11719564e-10
247097023_e656d5854d.jpg,5.792775843e-09
2431120202_b24fe2333a.jpg,-7.476055575e-09
2909609550_070eea49b5.jpg,1.89627548e-08
2635908229_b9fc90d3fb.jpg,3.143560051e-09
3544803461_a418ca611e.jpg,-2.541421305e-09
3214100656_80cda1b86b.jpg,-5.388667834e-09
3703960010_1e4c922a25.jpg,-2.166042335e-09
2317714088_bcd081f926.jpg,-4.756791032e-09
3298175192_bbef524ddc.jpg,2.773930774e-09
3353950389_1153d5e452.jpg,-3.398603432e-09
3705430840_e108de78bf.jpg,9.925574746e-10
3427023324_f1f6504bf4.jpg,7.889535396e-10
3084010872_cbc3ea8239.jpg,-4.273373399e-09
2498897831_0bbb5d5b51.jpg,-1.040544286e-08
3636418958_f038130bb2.jpg,-1.592588777e-09
584484388_0eeb36d03d.jpg,-2.043486622e-09
3666574371_317b008d2a.jpg,-3.426960568e-09
3254645823_a7c072481c.jpg,-1.461826015e-10
2687529141_edee32649e.jpg,3.312857935e-09
540604040_bec822c144.jpg,-1.957674351e-09
3280052365_c4644bf0a5.jpg,4.992147736e-09
2295750198_6d152d7ceb.jpg,1.075786027e-08
530950375_eea665583f.jpg,9.122956137e-10
251958970_fa6b423f23.jpg,3.902964853e-10
1459250022_bf1eddad11.jpg,-1.74858879e-09
2596514158_c516e57974.jpg,2.003652847e-09
3192311620_99bda27fbd.jpg,-1.341064851e-09
244760301_5809214866.jpg,2.878661992e-09
2923475135_a6b6e13d26.jpg,-6.45617977e-09
3177799416_5bd0382370.jpg,2.977154614e-09
2507182524_7e83c6de82.jpg,6.710338478e-09
2370481277_a3085614c9.jpg,-6.036542359e-09
2141713971_e25eb12712.jpg,-2.855930156e-09
2883907436_82bf4a36b8.jpg,-1.308465419e-09
498444334_a680d318a1.jpg,-2.861509793e-09
222759342_98294380fc.jpg,5.219819873e-09
3502343542_f9b46688e5.jpg,-5.838532267e-09
2721656220_5f4cda8bc1.jpg,1.418320963e-09
424869823_7aec015d87.jpg,-3.374155916e-09
3148811252_2fa9490a04.jpg,-5.374474931e-10
3415287719_3c776f370e.jpg,-4.180907257e-09
2444134813_20895c640c.jpg,-9.782113678e-10
2260560631_09093be4c6.jpg,-1.781764294e-09
3396153660_f729d9f9b9.jpg,-2.607565488e-09
3432634159_1eb9a73306.jpg,-1.478676773e-09
751737218_b89839a311.jpg,3.195850364e-09
3078229723_2aa52600de.jpg,-2.816084335e-10
470887785_e0b1241d94.jpg,-8.351201207e-10
3615239961_62b4dbc174.jpg,-1.101000221e-09
3125158798_0743dae56e.jpg,1.250098007e-08
468608014_09fd20eb9b.jpg,-4.056883938e-09
109738916_236dc456ac.jpg,-7.706696419e-09
2852982055_8112d0964f.jpg,-1.61566196e-09
2367317953_503317493e.jpg,3.72505485e-10
3206058778_7053ee6b52.jpg,2.534732838e-09
3667908724_65c7d112f2.jpg,1.4041481e-09
519061891_320061864e.jpg,-8.719082499e-10
3271468462_701eb88d3b.jpg,8.254035752e-10
2199083344_3aa77f4879.jpg,6.752576924e-09
3621741935_54d243f25f.jpg,3.116027824e-09
2087317114_cf06df5aa5.jpg,-2.323019577e-09
3238654429_d899e34287.jpg,6.574512118e-09
2268596214_ca532f5c63.jpg,8.793591096e-10
3564312955_716e86c48b.jpg,1.048385166e-09
1714316707_8bbaa2a2ba.jpg,1.857303361e-09
109260216_85b0be5378.jpg,2.628798617e-09
2872197070_4e97c3ccfa.jpg,6.694834939e-09
747242766_afdc9cb2ba.jpg,-6.289794395e-09
191003287_2915c11d8e.jpg,7.822623028e-09
399246804_b4b5dc70e1.jpg,6.135238507e-09
3259222690_69737f2a6e.jpg,5.468796813e-10
2543017787_9720b4fa1c.jpg,-1.65866106e-10
417577408_eb571658c1.jpg,-5.938155342e-10
832128857_1390386ea6.jpg,2.889009931e-09
3443161359_65544fd732.jpg,-2.071056505e-09
3322389758_394c990b6a.jpg,6.112732279e-09
269361490_a22ae818bf.jpg,3.519044362e-09
3421131122_2e4bde661e.jpg,6.003269885e-09
989754491_7e53fb4586.jpg,7.327683902e-10
3174726084_c108de0a64.jpg,1.029130301e-09
3745451546_fc8ec70cbd.jpg,-4.12175199e-09
2374247382_023a86b9ca.jpg,5.826980994e-09
246231741_882b45c4e1.jpg,3.086339369e-10
2887798667_ce761d45e8.jpg,3.141890572e-09
425706089_f138118e12.jpg,2.671388694e-09
3320756943_9d004f9824.jpg,-7.926746406e-09
255091930_aa2b5c0eb9.jpg,-3.484041528e-09
2226534154_cbcab7ba32.jpg,1.359414896e-09
3694064560_467683205b.jpg,2.525044849e-09
3201666946_04fe837aff.jpg,-4.911673811e-09
1799271536_6e69c8f1dc.jpg,4.581869167e-09
2426724282_237bca30b5.jpg,-4.936402439e-10
526955751_f519d62b58.jpg,5.590098127e-09
3089742441_d42531c14f.jpg,1.095833018e-09
3520869880_2e8b7d7842.jpg,-3.823308816e-09
3244747165_17028936e0.jpg,4.497236475e-09
2644430445_47c985a2ee.jpg,2.890863158e-09
3526150930_580908dab6.jpg,-4.444470539e-09
3713882697_6dd30c7505.jpg,2.446168836e-09
3266306177_7994dc2865.jpg,-3.726991348e-09
2883099128_0b056eed9e.jpg,1.94554294e-09
2812125355_5e11a76533.jpg,-4.1940544e-09
3607489370_92683861f7.jpg,1.458192793e-09
2399551242_c62a46dd5f.jpg,-3.847722531e-09
2199250692_a16b0c2ae1.jpg,5.592392006e-09
275002371_5b200e6a92.jpg,-4.200012638e-09
3169777863_d745865784.jpg,-9.534233986e-09
3604391853_b4809fcb8c.jpg,5.484020956e-09
3518443604_6da641f07d.jpg,3.037703262e-11
3045613316_4e88862836.jpg,-3.249321494e-09
442220883_ff3d6e507f.jpg,5.882311146e-09
2193980605_4221c6474d.jpg,-5.164605228e-09
302241178_a582c1b953.jpg,3.642712109e-09
514990193_2d2422af2c.jpg,4.382677215e-09
2065875490_a46b58c12b.jpg,-4.035574091e-09
3061481868_d1e00b1f2e.jpg,-1.645937389e-09
3157847991_463e006a28.jpg,5.659347215e-10
3497485793_e36c1d2779.jpg,-2.231232377e-09
798343627_7492fe0c12.jpg,-4.206992693e-09
2417745327_a2c2705043.jpg,4.657903347e-10
2815755985_0fa55544c0.jpg,6.180478789e-09
3593222804_c187808ac3.jpg,-4.693999515e-09
2586911841_41b7a48c91.jpg,7.417578172e-09
498794783_cc2ac62b47.jpg,-8.002246121e-10
1094462889_f9966dafa6.jpg,-1.570946206e-09
225699652_53f6fb33cd.jpg,-2.473670744e-09
1876536922_8fdf8d7028.jpg,1.188886024e-09
1144288288_e5c9558b6a.jpg,8.253328783e-10
1396064003_3fd949c9dd.jpg,-4.114165349e-09
1904112245_549e47c8aa.jpg,4.906475197e-09
2860400846_2c1026a573.jpg,9.02573374e-09
2877424957_9beb1dc49a.jpg,-7.217876383e-09
743571049_68080e8751.jpg,-9.221490263e-10
689776124_07f560a920.jpg,8.080567181e-09
2209496328_2a34fd201d.jpg,2.084074867e-09
3229821595_77ace81c6b.jpg,-9.387451817e-09
3098824948_23c31df031.jpg,-6.573852545e-09
240583223_e26e17ee96.jpg,-1.632806728e-09
3325578605_afa7f662ec.jpg,-4.493115395e-09
2569643552_23696a9ba5.jpg,7.541986514e-09
2706766641_a9df81969d.jpg,-8.331475061e-10
2280525192_81911f2b00.jpg,1.064684212e-08
1131155939_b4b457b05e.jpg,7.959286757e-09
319938879_daf0857f91.jpg,6.371956474e-09
3559429170_3183c404b9.jpg,-3.870467562e-10
205682549_713aa6cd88.jpg,-2.050510536e-09
1572532018_64c030c974.jpg,-7.992540162e-10
390360326_26f5936189.jpg,-4.887140582e-09
441212506_fcc321ac28.jpg,-1.36794536e-10
1398873613_7e3174dd6c.jpg,4.936028737e-10
1989145280_3b54452188.jpg,-2.022945261e-09
2831656774_36982aafdb.jpg,-3.966148848e-09
539750844_02a07ec524.jpg,-4.307601626e-09
3364026240_645d533fda.jpg,7.818207277e-10
283428775_a3665bee7c.jpg,-6.285144898e-09
211295363_49010ca38d.jpg,-3.039869745e-09
2911238432_33ec2d8cec.jpg,2.917512535e-09
2696951725_e0ae54f6da.jpg,3.700623967e-10
254901702_67ada9867c.jpg,5.897571304e-09
3582465732_78f77f34ae.jpg,2.293983026e-09
2446315531_7c9704eec0.jpg,-4.559593557e-09
241346508_0b3907a95b.jpg,1.126681546e-09
3187924573_203223e6c0.jpg,-3.968565144e-09
2301867590_98c0ecb0cb.jpg,-5.222497542e-09
2855727603_e917ded363.jpg,7.056106857e-09
2573667207_a1bf49befc.jpg,5.868724311e-09
693785581_68bec8312a.jpg,-6.085516656e-09
47871819_db55ac4699.jpg,-4.528828671e-10
3565749152_7924d15b04.jpg,1.846008727e-09
3389321512_b11f499dab.jpg,-2.823864484e-09
236476706_175081ce18.jpg,-5.711103916e-10
3134385454_4f1d55333f.jpg,-7.59033499e-09
3146355833_1b7fc80210.jpg,-1.120292453e-08
3556485995_9cd40269e9.jpg,-6.294539397e-09
3392019836_c7aeebca1c.jpg,2.515764238e-09
1895768965_43cd9d164f.jpg,2.482902138e-09
1075867198_27ca2e7efe.jpg,-1.009786417e-09
3562001359_65c63aeda3.jpg,4.20195309e-09
3623331945_df0f51d7dd.jpg,5.074243974e-09
1370615506_2b96105ca3.jpg,8.278360887e-09
3041384194_04316bd416.jpg,-2.897384599e-09
3243020805_2bafc36c45.jpg,-7.366198961e-09
3170897628_3054087f8c.jpg,1.074602064e-09
3036033157_522a43a550.jpg,1.364302281e-09
3713922357_e0a013fb97.jpg,-5.541327711e-09
3398745929_8cd3bbb8a8.jpg,-9.559453284e-10
2773400732_5b65a25857.jpg,2.387022131e-09
476233374_e1396998ef.jpg,-2.965445681e-09
314685044_da4390728e.jpg,-3.396844917e-09
2607130765_97833d6ce1.jpg,-9.019719912e-10
2533076864_d799996433.jpg,-8.037476738e-10
3328397409_092de2bd32.jpg,1.628025113e-09
3225025519_c089c14559.jpg,9.684696201e-10
3542425197_2ef81c6051.jpg,7.527935529e-09
576075451_5e0f6facb3.jpg,-7.859626039e-10
2051194177_fbeee211e3.jpg,2.019270141e-09
2609836649_b55831ed41.jpg,-3.694238035e-09
539493423_9d7d1b77fa.jpg,5.105024276e-09
3546720729_38fff1bbd9.jpg,1.650750883e-10
3138399980_d6ab8b2272.jpg,4.437231956e-09
3686078365_9e655e238f.jpg,-7.143794195e-09
300577375_26cc2773a1.jpg,-1.91723135e-09
3417037373_67f7db2dd2.jpg,-1.941558514e-09
3225478803_f7a9a41a1d.jpg,-7.160551463e-09
1169307342_e7a4685a5c.jpg,1.790764782e-09
2127031632_77505e4218.jpg,5.037498758e-09
3260191163_6c1551eee8.jpg,1.527575494e-09
278608022_4175813019.jpg,-1.169351615e-09
1287931016_fb015e2e10.jpg,6.654511075e-09
2937178897_ab3d1a941a.jpg,-5.659410778e-09
2937461473_11bbace28c.jpg,-2.945342322e-10
1386964743_9e80d96b05.jpg,6.938418234e-09
3052038928_9f53aa2084.jpg,-2.387591522e-09
2814028429_561a215259.jpg,-2.720849524e-09
3659090958_a56913ca68.jpg,1.287730606e-09
391723162_3bdeb7ea33.jpg,-1.105600169e-09
3404408360_430f73b034.jpg,-2.596285583e-09
3319405494_58dee86b21.jpg,-2.661272666e-09
3291587911_81fc33300e.jpg,-2.093249581e-09
2293424366_7b5fcd2398.jpg,-2.243448828e-09
3206919175_e3a11b6874.jpg,2.974524596e-09
406642021_9ec852eccf.jpg,-5.453033784e-09
3648081498_76ec091495.jpg,1.766527236e-09
2084103826_ffd76b1e3e.jpg,-8.638942158e-09
3599124739_b7e60cf477.jpg,-5.045082956e-09
1130401779_8c30182e3e.jpg,4.283594915e-10
3441511444_b031585b45.jpg,-3.388632619e-09
3215847501_c723905ba4.jpg,-4.37524761e-09
311619377_2ba3b36675.jpg,-9.316894217e-11
801607443_f15956d1ce.jpg,-4.613758534e-10
3690883532_d883f34617.jpg,3.44270053e-09
3517466790_17c7753a1a.jpg,-4.13167342e-09
2768972186_92787cd523.jpg,6.691951084e-09
3527261343_efa07ea596.jpg,-9.69972605e-10
2587846523_b177c9a3e3.jpg,-6.293570947e-09
3350614753_5624e181b3.jpg,-2.319580893e-09
542269487_5d77b363eb.jpg,-1.862228147e-09
1287982439_6578006e22.jpg,-1.925435742e-10
3262760716_1e9734f5ba.jpg,-5.314547233e-09
2267923837_ae88678497.jpg,-2.716688862e-09
3429391520_930b153f94.jpg,-2.975553268e-09
3613424631_3ae537624f.jpg,6.715687602e-10
1082252566_8c79beef93.jpg,5.47223251e-09
3163323414_d1ce127aa6.jpg,-1.917303292e-09
241346402_5c070a0c6d.jpg,-4.28673164e-09
2612949583_f45b3afe33.jpg,5.947687068e-09
411011549_1298d2b4d2.jpg,-2.785224855e-10
1557838421_a33f2a4911.jpg,-1.604847107e-09
2444339090_bf7b3211f4.jpg,-3.687952529e-10
482098572_e83153b300.jpg,9.67637088e-09
3726130458_07df79e969.jpg,-4.412433834e-09
3417672954_46b75dea8d.jpg,-2.597547095e-09
3376809186_4e26d880b7.jpg,-2.633089053e-09
3227423095_5049951eab.jpg,-1.442890421e-09
1298295313_db1f4c6522.jpg,-2.854800986e-09
756004341_1a816df714.jpg,1.553781442e-10
3058439373_9276a4702a.jpg,8.676691036e-10
2287887341_663bfa15af.jpg,-2.772260762e-09
1581822598_0ae23074f1.jpg,1.673674466e-09
3105929913_94a6882e25.jpg,6.143752376e-10
540873795_ae62ae6f60.jpg,3.845930539e-09
3461114418_c27b4043a2.jpg,2.726101076e-09
3399798295_a452963365.jpg,-2.700818983e-09
3178489390_13a6ae7524.jpg,-1.961172363e-09
3604496023_c1f546423e.jpg,-4.316029526e-09
324208502_674488bcea.jpg,-3.777256056e-09
426805536_d1d5e68c17.jpg,9.69023775e-09
246508774_1e9885f1b7.jpg,3.297168788e-09
1402640441_81978e32a9.jpg,2.839180164e-09
3124549928_10904a5a83.jpg,7.625138202e-09
3414734842_beb543f400.jpg,-4.845182372e-09
1019077836_6fc9b15408.jpg,1.470783756e-09
3307077951_dd31f1971c.jpg,-1.584732776e-09
2709275718_73fcf08c23.jpg,-2.538920871e-09
3264397357_72f084cac1.jpg,3.84009758e-09
562588230_edb2c071c8.jpg,-1.458381768e-09
3171066023_ec60ba30f3.jpg,-6.468174411e-09
1670592963_39731a3dac.jpg,2.906621277e-09
1271210445_7f7ecf3791.jpg,2.186047605e-10
3728695560_00ec1ca492.jpg,1.427844673e-09
846085364_fc9d23df46.jpg,-4.726156899e-10
3643684616_9d2be87a5a.jpg,-1.751257957e-09
2192411521_9c7e488c5e.jpg,1.477188759e-09
2369840118_a1c4240ab7.jpg,3.941243173e-10
3244910944_612b8ce98f.jpg,3.01204724e-09
2850719435_221f15e951.jpg,6.471291782e-09
3544233095_4bca71df1d.jpg,2.646604368e-10
3217291172_10ef70af88.jpg,-1.52842262e-09
3351360323_91bb341350.jpg,-9.771236855e-10
2610447973_89227ff978.jpg,-2.504984852e-09
1491192153_7c395991e5.jpg,7.696331482e-09
3502459991_fdec2da131.jpg,-1.104605539e-08
1563731247_7f21d8bec0.jpg,-4.481909894e-09
3653462288_bfe2360a64.jpg,4.926357215e-09
2960422620_81889a3764.jpg,-4.649418605e-09
2340206885_58754a799a.jpg,-7.09482588e-09
1508269285_6c5723f67d.jpg,3.459726603e-09
2752329719_868545b7d2.jpg,2.223162792e-09
3070031806_3d587c2a66.jpg,2.263614569e-09
477254932_56b48d775d.jpg,9.772587379e-09
3595398879_13e33b8916.jpg,2.163253133e-09
3430100177_5864bf1e73.jpg,9.613097214e-10
524036004_6747cf909b.jpg,3.255229221e-09
2395967330_7e6ea404f6.jpg,-2.851700468e-10
2127209046_94711c747b.jpg,8.167314515e-09
3197981073_3156963446.jpg,-3.188988839e-09
2705793985_007cc703fb.jpg,-9.828726956e-10
3183060123_ea3af6278b.jpg,-5.294639376e-10
3307667255_26bede91eb.jpg,6.329677654e-09
2318502106_33f2e4b4fc.jpg,-2.659717985e-09
1552065993_b4dcd2eadf.jpg,-3.885233937e-09
3576536763_3c8c4f232e.jpg,-1.835574409e-10
3652150541_8fb5a3a5d1.jpg,-6.026870875e-10
2881441125_b580e3dd4b.jpg,-7.811663896e-09
3058627443_1d57ff0a2c.jpg,4.217780202e-09
3416091866_a96003d652.jpg,-6.437525885e-10
3347798761_5c5260b000.jpg,4.881964941e-09
3485657956_7481582565.jpg,1.878016843e-09
3668984985_b60ceb2ae9.jpg,-7.457675485e-10
1814086703_33390d5fc7.jpg,2.145682503e-09
2747436384_9470c56cb9.jpg,1.144546203e-09
1248940539_46d33ed487.jpg,1.622468488e-09
3325974730_3ee192e4ff.jpg,-7.863535051e-09
3516960094_87fb4889de.jpg,2.569814023e-08
3549006919_3604bc813e.jpg,5.245881309e-09
2197275664_fabcf3424b.jpg,-1.112197244e-11
1499495021_d295ce577c.jpg,-1.314286821e-09
2428275562_4bde2bc5ea.jpg,2.574570451e-09
3230101918_7d81cb0fc8.jpg,-4.88238164e-09
3400385314_a5bc062e97.jpg,2.523355786e-10
2892989340_bb7e0e5548.jpg,-5.363902862e-09
387974450_bcd205daac.jpg,2.513394595e-09
3703035378_c6034cac51.jpg,1.427617267e-09
3019609769_c7809177f6.jpg,-7.796838731e-09
374828031_9d087da5cf.jpg,-4.583502417e-09
2637904605_fc355816fc.jpg,-7.49946967e-09
2469620360_6c620c6f35.jpg,4.785858742e-09
2127207912_9298824e66.jpg,4.453056785e-10
2876494009_9f96d7eaf2.jpg,-4.161098726e-09
1287475186_2dee85f1a5.jpg,-7.44924456e-09
3508637029_89f3bdd3a2.jpg,-9.103242186e-10
3372340429_91c4f4af30.jpg,4.25309541e-09
172092461_a9a9762e13.jpg,7.034717796e-09
3502563726_30d1ce29c8.jpg,-3.681145384e-09
3225037367_a71fa86319.jpg,-3.645781502e-09
2190137367_746335f707.jpg,-1.740383715e-09
3400041870_4e7732b40f.jpg,3.905456684e-09
373219198_149af371d9.jpg,2.061679248e-09
2798880731_4f51634374.jpg,1.822323584e-09
3587449716_3bf1552c36.jpg,-1.031338044e-09
275401000_8829250eb3.jpg,-1.504746432e-09
2752175795_c9def67895.jpg,2.184841122e-09
2529116152_4331dabf50.jpg,3.57102857e-10
2712787899_d85048eb6a.jpg,-1.032780832e-09
3590294974_4ef98f013e.jpg,1.43973828e-09
2414710960_a4cde4af60.jpg,-2.681306403e-09
2266142543_b2de18c081.jpg,-3.255981661e-10
3116011063_f4071ccce6.jpg,-1.969225657e-09
2942311160_a154104c62.jpg,2.540795544e-10
207731022_988f6afb35.jpg,3.705269617e-09
2554081584_233bdf289a.jpg,-5.719383404e-09
1167662968_e466f1e80a.jpg,8.044739258e-09
2728486640_cc2a31d2b0.jpg,-5.324046919e-09
3698607223_22fe09763a.jpg,1.020373902e-08
2415803492_56a673dc25.jpg,-7.343780958e-09
2557129157_074a5a3128.jpg,-1.446005826e-08
3145869775_85dfae43bd.jpg,6.631882684e-10
473988700_570422001b.jpg,-2.868372102e-09
97731718_eb7ba71fd3.jpg,3.62991548e-09
3714551959_66ece78f27.jpg,2.859243977e-09
3681172959_6674c118d2.jpg,2.20331353e-09
2053441349_a98b5fc742.jpg,7.3901148e-09
2748729903_3c7c920c4d.jpg,-1.616115093e-11
3247500085_c4f641aa84.jpg,1.472643693e-09
191003283_992257f835.jpg,-1.029257891e-10
361183669_52be9662b9.jpg,3.81993862e-09
3289893683_d4cc3ce208.jpg,7.743320592e-09
3685372942_6ae935b34e.jpg,2.889615579e-09
3259222980_04fb62df97.jpg,2.750176209e-09
3583293892_c96af8cd98.jpg,-5.499351454e-09
417966898_a04f9b5349.jpg,-5.015656512e-10
315021440_122d56ebd7.jpg,2.557733396e-09
2672354635_3a03f76486.jpg,-3.589834762e-09
2633722629_5eeb649c09.jpg,2.389059974e-09
3352697012_751b079bbb.jpg,5.815722574e-10
2708744743_e231f7fcf9.jpg,-6.367638656e-09
756521713_5d3da56a54.jpg,-1.29312496e-09
3455898176_f0e003ce58.jpg,-4.423263965e-09
2968135512_51fbb56e3e.jpg,3.821759599e-09
532036676_e88b13e0a1.jpg,1.553956335e-10
3088572348_264c47f78c.jpg,-1.017632674e-09
516394876_8b9b8021bc.jpg,2.008891152e-09
466956209_2ffcea3941.jpg,-3.157711509e-09
451326127_2d95a2e1c2.jpg,-2.107086591e-09
2449289139_08fc1092c1.jpg,3.794315948e-10
3131160589_dc73c209b7.jpg,-3.637293932e-09
2656987333_80dcc82c05.jpg,-8.678303066e-09
2543589122_ec3e55f434.jpg,-6.575087717e-10
3324375078_9441f72898.jpg,-1.780619768e-10
406248253_27b5eba25a.jpg,-1.281323619e-09
3425887426_bf60b8afa3.jpg,4.334683259e-09
2774362575_7543b8bf19.jpg,-7.584925778e-09
3155390408_8e1a81efb2.jpg,5.808703514e-09
1731546544_9fbf14617b.jpg,-3.769959962e-09
2785115802_137fa30000.jpg,2.864398808e-09
95783195_e1ba3f57ca.jpg,1.625981209e-09
3593538248_dffa1a5ed4.jpg,-6.432170937e-09
3209620285_edfc479392.jpg,-9.072733936e-10
3204354161_caf89ec784.jpg,-4.229493511e-10
3278811919_d5a3432af6.jpg,-3.386574202e-09
3110018626_307a123b59.jpg,3.732061087e-09
2676649969_482caed129.jpg,-5.327152184e-11
2595186208_9b16fa0ee3.jpg,7.382989875e-10
3422979565_e08cd77bfe.jpg,1.801640179e-09
3638631362_af29bbff01.jpg,-5.888707448e-10
3473264983_67917a931f.jpg,-5.491367573e-10
3703413486_3c682732a0.jpg,-1.979923837e-09
498492764_fe276e505a.jpg,-4.581612178e-10
732468337_a37075225e.jpg,-2.007252626e-09
3399944164_ec24123945.jpg,-1.316133081e-09
2786299623_a3c48bd318.jpg,2.876340947e-09
3554210976_fbd0ef33a3.jpg,5.165810356e-10
2733659177_d74a00995b.jpg,-4.134543186e-09
3325497914_f9014d615b.jpg,2.315363473e-09
3259694057_fae7484b0a.jpg,7.818929939e-09
3115354165_44dbeec6c1.jpg,-3.281740878e-10
1052358063_eae6744153.jpg,1.814958727e-09
792362827_5ab5281b99.jpg,3.636184935e-09
2670560883_7e7b563092.jpg,1.631645088e-09
3044745642_1d0784ff29.jpg,9.311711625e-10
3550253365_27d4c303cf.jpg,9.636221504e-09
1461667284_041c8a2475.jpg,-3.155562496e-09
3365348059_9773165302.jpg,-1.103620845e-09
733752482_ee01a419e5.jpg,7.061481075e-10
2587818583_4aa8e7b174.jpg,1.310255889e-09
698107542_3aa0ba78b4.jpg,-8.085573794e-09
3522076584_7c603d2ac5.jpg,4.564425742e-09
3220151692_d398ef9779.jpg,-6.416826125e-10
2574509968_e4692ae169.jpg,-3.979727801e-09
476760133_c33d2bd83d.jpg,-3.229347178e-10
3208999896_dab42dc40b.jpg,-1.804916282e-09
2562166462_b43b141d40.jpg,6.589810053e-09
454686980_7517fe0c2e.jpg,-4.946279171e-09
3192266178_f9bf5d3dba.jpg,3.109114451e-09
2285152690_3fb93f65f1.jpg,9.884209792e-10
3434526008_02359881a0.jpg,-5.23756383e-09
2661138991_d55aa0e5dc.jpg,-2.644872567e-09
2565703445_dd6899bc0e.jpg,2.056757699e-09
2522540026_6ee8ab4c6a.jpg,5.125436346e-09
707972553_36816e53a2.jpg,-4.757039139e-09
2630806789_6835bbae95.jpg,-5.333550725e-09
2363100645_c3423a0433.jpg,2.276743443e-09
783353797_fdf91bdf4c.jpg,2.932634534e-09
2732625904_4fbb653434.jpg,-5.3225712e-09
2061144717_5b3a1864f0.jpg,-4.134737501e-09
2823075967_be4c350e9e.jpg,4.331575993e-09
3399028417_50a621274c.jpg,2.617558574e-09
2701042060_92508ea8fa.jpg,1.070003066e-08
3088074124_481139dc92.jpg,-7.881433917e-09
1350811702_2ce7cfd0c5.jpg,-3.801120279e-10
2221818690_9003756d33.jpg,-3.017372469e-09
2485467050_1d5e2696d4.jpg,-1.099979887e-09
3561734666_344f260cce.jpg,5.915150382e-09
543102698_38e7e38bbc.jpg,-2.117159719e-09
2637510448_4521cf6f29.jpg,1.02533962e-10
3033668641_5905f73990.jpg,-8.180000149e-09
3239866450_3f8cfb0c83.jpg,1.417654509e-09
3393394134_0caac47e1c.jpg,-9.220040775e-10
930126921_1b94605bdc.jpg,-2.052310563e-09
3757598567_739b7da835.jpg,5.78120398e-09
2135502491_a15c6b5eae.jpg,5.240442901e-09
3195040792_a03954a19f.jpg,-5.776734291e-10
3120953244_b00b152246.jpg,6.332853083e-09
536537638_f5ee42410b.jpg,8.062406895e-10
2985439112_8a3b77d5c9.jpg,-2.873662938e-10
3041689520_c481bdb20e.jpg,5.617563314e-09
1443807993_aebfb2784a.jpg,-4.429767189e-10
3445544288_68fdb25969.jpg,5.223379848e-09
412082368_371df946b3.jpg,2.119454996e-09
463786229_b54c9a3436.jpg,1.660333473e-09
3468346269_9d162aacfe.jpg,-2.763061681e-10
2936590102_25036069a6.jpg,-8.669764247e-10
3351357065_a6a9b3d485.jpg,-4.318803014e-09
3425918361_3b890d9575.jpg,1.370960549e-09
3560977956_e08d2cd531.jpg,-5.207697506e-09
2533642917_a5eace85e6.jpg,2.621437238e-09
3600403707_527aa0596e.jpg,3.991012277e-09
3649382413_58a4b1efe8.jpg,-7.021686629e-09
456512643_0aac2fa9ce.jpg,2.085536754e-08
3533470072_87a5b595ba.jpg,-5.147242804e-09
3125309108_1011486589.jpg,-9.341954297e-09
3014015906_fdba461f36.jpg,8.818400804e-10
2659606300_bea3feaf8b.jpg,-1.806129075e-09
3190677999_60bbd330fd.jpg,-2.699074183e-09
2609900643_c07bcb0bae.jpg,-9.872647336e-09
2098174172_e57d86ea03.jpg,-4.178300699e-09
3207676216_48478bce97.jpg,-3.528981158e-10
2079110798_ad1370a646.jpg,4.025507876e-09
3160531982_37f5636b8a.jpg,2.514051766e-09
3651476768_2bae721a6b.jpg,4.500354089e-09
1445123245_c7b9db0e0c.jpg,-2.281974547e-09
2327240505_e73cc73246.jpg,-1.413176936e-10
3645080830_1d9ee2f50a.jpg,-1.718357297e-09
3640329164_20cb245fd5.jpg,3.565863638e-09
2475162978_2c51048dca.jpg,-1.018371333e-09
3182121297_38c99b2769.jpg,9.939232078e-09
504904434_889f426c6e.jpg,1.138808822e-09
1287064529_aa4e4f3c31.jpg,-2.366593329e-09
2922807898_b5a06d5c70.jpg,-4.30782624e-10
166654939_80ea4ddbcc.jpg,-7.767327887e-10
2325386353_1f1a05e1ce.jpg,3.830749661e-09
3479050296_65bcea69a0.jpg,2.069714765e-09
2836325261_a3bf5c59be.jpg,1.608871127e-09
3212625256_685bc4de99.jpg,-5.848440586e-10
3250589803_3f440ba781.jpg,-1.073805083e-09
3176131893_7181c733aa.jpg,2.634532987e-09
1424775129_ffea9c13ab.jpg,2.163909767e-09
285586547_c81f8905a1.jpg,3.59730043e-09
3506560025_8d0f4f9ac4.jpg,-2.280165299e-09
3635577874_48ebaac734.jpg,1.111719422e-09
3391924827_53b31542ce.jpg,-3.318584585e-09
950411653_20d0335946.jpg,-3.290786382e-09
2623146491_b64698b875.jpg,-9.342435252e-09
1500853305_0150615ce9.jpg,3.235072966e-09
3106782647_b078830a9e.jpg,4.287199701e-09
3520321387_710ab74cda.jpg,-1.386312019e-09
3131632154_098f86f4cb.jpg,-6.997972029e-10
109202756_b97fcdc62c.jpg,1.538885508e-09
3457364788_3514a52091.jpg,-1.178885092e-09
3164423279_9b27cb6a06.jpg,1.424088603e-09
3155365418_43df5486f9.jpg,-8.395994402e-09
3285180819_a9712fd2bc.jpg,3.470072787e-09
3163273640_8d3ef22eaf.jpg,-1.943909541e-09
2713897716_c8cd610360.jpg,1.090218184e-09
1131340021_83f46b150a.jpg,5.538067651e-10
765298136_7805fbb079.jpg,3.626710853e-09
241346923_18bd84bea4.jpg,-1.210559831e-09
2312731013_1a3a8e25c6.jpg,3.086120852e-09
3170856184_efabfd0297.jpg,2.047139586e-09
3177468217_56a9142e46.jpg,-5.382073982e-09
2378356400_f6bde5d9b3.jpg,3.692774374e-09
2888658480_e922a3dec2.jpg,-3.05850455e-09
2409597310_958f5d8aff.jpg,-2.836780341e-09
3377570617_d2f2225a74.jpg,3.40327006e-09
2744330402_824240184c.jpg,5.851605038e-09
2369248869_0266760c4a.jpg,-4.657053276e-09
3537218226_478d2e4f26.jpg,2.721003961e-09
3323419265_7fefaa9d5d.jpg,4.278842206e-09
2633201394_ee4a7666ed.jpg,9.248674758e-10
291952021_f111b0fb3d.jpg,-3.975010607e-09
2064780645_8f28a1529f.jpg,-2.423264752e-09
3500829879_a643818d84.jpg,7.11032199e-09
248994078_a9257f448b.jpg,3.777813144e-09
358559906_d5f3f584f4.jpg,7.106772649e-10
414568315_5adcfc23c0.jpg,1.114988501e-09
2959581023_54402c8d88.jpg,4.781659656e-09
1143882946_1898d2eeb9.jpg,4.429698576e-09
3360730513_211e1a4db6.jpg,2.315893526e-09
2111360187_d2505437b7.jpg,-3.966032553e-09
870710405_51e507b31a.jpg,-2.492281857e-09
1095590286_c654f7e5a9.jpg,4.207415569e-09
3408274796_0dc62225e9.jpg,-4.812839146e-09
1110208841_5bb6806afe.jpg,-6.540692461e-10
2326730558_75c20e5033.jpg,-9.494650122e-10
3425756814_13909354d4.jpg,3.551737524e-09
2990563425_2f7246f458.jpg,-5.19856512e-09
2540884723_03d60ef548.jpg,-9.192463694e-09
3136404885_f4d8f1d15a.jpg,1.96358712e-10
1000268201_693b08cb0e.jpg,9.65460019e-10
3067885047_f69d90c35b.jpg,-2.25223805e-09
3295024992_887a95c700.jpg,6.212869244e-10
2921793132_ef19f1dd44.jpg,1.124622768e-09
2273038287_3004a72a34.jpg,-6.449314327e-09
3215695965_69fbeba3d5.jpg,-4.809639827e-09
3054989420_3e755ca352.jpg,4.077986368e-09
3500136982_bf7a85531e.jpg,-1.271526638e-09
2332540384_4cf26406a9.jpg,-4.490900397e-10
3315033940_e91f87b7f2.jpg,5.302719427e-09
3593392955_a4125087f6.jpg,1.288399831e-09
3513362553_5fc5779e20.jpg,1.411291446e-10
2532294586_4cd76a837d.jpg,-9.899085344e-10
265223847_636ba039c1.jpg,6.297180689e-09
111766423_4522d36e56.jpg,-3.787381279e-10
3510218982_318f738b76.jpg,3.156057974e-09
3030223792_02b6f2be99.jpg,5.025680218e-09
1032460886_4a598ed535.jpg,-5.630757169e-09
3671777903_6fbf643980.jpg,-2.038857794e-09
3482668767_66004ce736.jpg,2.575793709e-10
1800601130_1c0f248d12.jpg,6.679614489e-10
2061927950_dafba5b8a3.jpg,-2.745805305e-09
2763601657_09a52a063f.jpg,-3.880075349e-09
2449446913_28fa5b7c75.jpg,4.356287326e-09
1403414927_5f80281505.jpg,3.246796046e-09
2447284966_d6bbdb4b6e.jpg,1.403912942e-09
3180806542_49b6de312d.jpg,1.00077152e-09
2873070704_2141a7a86a.jpg,-1.393484877e-09
2548777800_d7b9cf1c2b.jpg,-2.022787156e-09
2845246160_d0d1bbd6f0.jpg,4.701925331e-09
3269380710_9161b0bd00.jpg,-4.738247147e-09
3234719720_5bb2fc5ffa.jpg,2.833343534e-09
3562816250_6e14d436b1.jpg,9.296542856e-09
3336374196_f6eaca542f.jpg,-3.762247162e-09
2380464803_a64f05bfa9.jpg,5.368773931e-09
2981702521_2459f2c1c4.jpg,5.546100607e-10
2156726763_034ecd2e39.jpg,1.475005824e-10
2178064851_bb39652d28.jpg,-3.434802563e-09
224702241_05af393148.jpg,-6.407911841e-10
2795866891_7559fd8422.jpg,-4.934843494e-09
2656890977_7a9f0e4138.jpg,4.355239316e-09
3426962078_13e87e10de.jpg,-2.638766322e-10
3432550415_e7b77232de.jpg,5.799307478e-09
3145967309_b33abe4d84.jpg,-1.950027225e-10
2867736861_43c9487a65.jpg,5.509425309e-09
112178718_87270d9b4d.jpg,1.109545431e-08
143680442_2f03f76944.jpg,6.176892716e-09
371364900_5167d4dd7f.jpg,1.761020834e-09
2452686995_621878f561.jpg,-2.541721165e-09
3605061440_1d08c80a57.jpg,-2.801020637e-10
687513087_413d4a3a3b.jpg,2.966947756e-10
2173312932_269f9786fc.jpg,4.129014967e-09
241346971_c100650320.jpg,-6.552320566e-09
3288274849_07ff76ee93.jpg,6.565532729e-10
2690702549_cf81da8cf6.jpg,1.150934698e-09
482882719_165722082d.jpg,-2.771104971e-09
3447155358_5b5b59b15e.jpg,-4.950895671e-10
2252299132_14ca6e584b.jpg,3.904995879e-10
3643087589_627a0a9e01.jpg,5.306878466e-09
365584746_681f33fa46.jpg,4.810192908e-09
3670075789_92ea9a183a.jpg,-2.872230996e-10
465859490_b077219424.jpg,6.133184284e-10
2176980976_7054c99621.jpg,8.621690046e-10
3258472448_75cfab5e6f.jpg,1.037955237e-08
3541474181_489f19fae7.jpg,-4.446775056e-09
3350785999_462f333c44.jpg,9.052584817e-10
3369258147_03db257f0f.jpg,2.316277303e-10
3737711435_113ccd0a52.jpg,7.262739312e-09
661749711_6f408dad62.jpg,-6.693403845e-09
3171347658_f0d5469c56.jpg,-8.365380119e-09
2057306459_2f52ce648e.jpg,9.731551649e-11
2892467862_52a3c67418.jpg,7.176254768e-09
3295671644_0e10891b6d.jpg,1.587611523e-09
2075041394_0b3ea1822d.jpg,-3.751464378e-09
2743709828_a795a75bfc.jpg,-4.172300118e-09
241345721_3f3724a7fc.jpg,-4.939527858e-12
3461583471_2b8b6b4d73.jpg,7.940282381e-10
2955985301_e4139bc772.jpg,9.49070291e-10
3350260112_fcb47ff6b2.jpg,-2.27023894e-09
3651971126_309e6a5e22.jpg,8.787921105e-10
3677693858_62f2f3163f.jpg,-7.518348381e-09
2999730677_0cfa1c146e.jpg,2.586175336e-09
526661994_21838fc72c.jpg,-6.888458355e-10
2653552905_4301449235.jpg,6.529963909e-09
2282260240_55387258de.jpg,-8.164031779e-10
3044536048_e615466e7f.jpg,-4.003734813e-09
508261758_78fb8ae067.jpg,-5.828092103e-09
3293753378_7a8ddb98b2.jpg,-4.505040049e-11
2662816021_ac474e0fde.jpg,-1.96723004e-09
3495349745_1b29a63571.jpg,-7.095683394e-09
2769605231_dae8b30201.jpg,4.967715128e-09
501699433_f8df386cf9.jpg,-5.235901831e-09
3506096155_13632955e8.jpg,-4.283746607e-09
1383698008_8ac53ed7ec.jpg,6.334207846e-09
2836703077_fa9c736203.jpg,-2.201254286e-09
2188688248_f57a28a5a7.jpg,4.311062138e-09
3250593457_9049a73b61.jpg,4.800542839e-09
2206960564_325ed0c7ae.jpg,3.968442859e-09
1362128028_8422d53dc4.jpg,-3.362835232e-11
3509611207_7645b1d28d.jpg,-4.8112601e-09
2905942129_2b4bf59bc0.jpg,-9.394496337e-09
2999638340_75bc8b165d.jpg,-3.599356669e-09
430964917_022995afb6.jpg,7.778093519e-09
2983555530_a89f1f5ed7.jpg,-3.298862203e-09
387078972_514a38dc33.jpg,9.472739171e-10
3283897411_af9d0b497d.jpg,-1.285269085e-09
190638179_be9da86589.jpg,-7.299536149e-10
2714878018_1593c38d69.jpg,-5.959895351e-10
2052202553_373dad145b.jpg,-1.055318752e-08
745966757_6d16dfad8f.jpg,1.396852362e-10
2131762850_5293a288d9.jpg,-6.818748304e-10
489134459_1b3f46fc03.jpg,-7.038715449e-09
241347496_1a35fec8dc.jpg,3.72416263e-09
3473320907_3884a7203b.jpg,-2.288081688e-09
2943023421_e297f05e11.jpg,-9.828533722e-10
3429142249_d09a32e291.jpg,-3.34884468e-09
359082432_c1fd5aa2d6.jpg,-1.986064822e-09
2718049631_e7aa74cb9b.jpg,-4.363409739e-09
3576312396_799c873f3e.jpg,-7.11497917e-09
2082005167_a0d6a70020.jpg,-5.502073065e-09
419116771_642800891d.jpg,6.622555108e-09
3431261634_c73360406a.jpg,-5.216911357e-09
2936707421_8e629874b8.jpg,-2.211834273e-10
448658518_eec0b648a6.jpg,2.069602525e-09
3249865395_dceaa59f54.jpg,-7.881563593e-10
2180886307_5156460b2c.jpg,-5.03285751e-09
3167379087_927ff05a35.jpg,7.616135773e-11
3191982761_88793192ed.jpg,-1.271928322e-09
2553550034_5901aa9d6c.jpg,-1.250484106e-09
2481367956_8577d2fa98.jpg,6.127799557e-09
3223055565_68973f5d20.jpg,7.220814634e-10
2392625002_83a5a0978f.jpg,6.538463376e-09
2904601886_39e9d317b1.jpg,3.65877791e-09
3582689770_e57ab56671.jpg,5.262549583e-09
340667199_ecae5f6029.jpg,3.72490056e-10
250406927_a5028a31d4.jpg,-5.913824527e-09
2483792149_a9b4ffecec.jpg,-5.240086014e-09
3108197858_441ff38565.jpg,-6.466136441e-09
3421706363_a3e22a4908.jpg,4.023896855e-09
3457455611_94ee93929f.jpg,-1.393329996e-10
233270519_d60d4518fa.jpg,-3.453589714e-09
3079073247_97e88e2eb7.jpg,-1.824145939e-09
3331900249_5872e90b25.jpg,-3.319889285e-09
146577646_9e64b8c2dc.jpg,4.835370356e-10
2144846312_d4c738dc6c.jpg,3.304513658e-09
2449518585_113dc4a8e5.jpg,5.145267283e-10
2525666287_638ab5e784.jpg,2.564525395e-09
2561481438_447b852e4d.jpg,3.64974209e-09
3024172109_a10198e1dd.jpg,-2.445207099e-09
1562478713_505ab6d924.jpg,-5.585229066e-09
3004291289_c4892898ae.jpg,5.801429846e-09
3081734118_6f2090215c.jpg,-3.840072648e-09
2137071442_1c9658c81a.jpg,8.839885719e-10
2079152458_40712c3b40.jpg,-3.647079893e-09
2873837796_543e415e98.jpg,1.428838088e-10
1057210460_09c6f4c6c1.jpg,-3.12705327e-09
2688902319_52ceaf4a2a.jpg,3.715431034e-09
2351479551_e8820a1ff3.jpg,8.799303305e-11
2563578471_9a4e4c2ecc.jpg,3.54991764e-09
2636514498_01fcc5f501.jpg,-1.715149527e-09
2602866141_be9928408d.jpg,-7.04610748e-09
2580215443_4e64afe3d5.jpg,1.569789148e-09
260520547_944f9f4c91.jpg,-1.007787811e-09
3539817989_5353062a39.jpg,-1.108484741e-09
3294964868_16f4f9fa9d.jpg,6.886731405e-09
3708743823_3e3e0554d1.jpg,3.883472909e-10
2431470169_0eeba7d602.jpg,-5.229337728e-10
3088677667_4a8befb70e.jpg,1.64049666e-09
1683444418_815f660379.jpg,-6.028182291e-11
985067019_705fe4a4cc.jpg,1.065139234e-09
3183519385_311555d5f5.jpg,1.595833008e-10
3723903586_e98d3d8ec7.jpg,3.083610738e-09
515335111_c4afd5b903.jpg,9.171402307e-10
3420284416_a90af1fb7a.jpg,-2.998938672e-09
271660510_dd4ba34b35.jpg,-3.974662437e-09
808245064_8a7971fc5b.jpg,-3.7370613e-09
3364797223_1f0b2f98ed.jpg,-1.708635309e-09
416992999_654a99a903.jpg,-5.207439948e-09
3486831913_2b9390ebbc.jpg,-1.718226852e-09
2354064281_10afa38206.jpg,-3.350783919e-09
3453259666_9ecaa8bb4b.jpg,-2.436109413e-09
1148238960_f8cacec2fc.jpg,-8.960130841e-09
2934573544_7ffe92a2c9.jpg,-6.338411319e-11
1260816604_570fc35836.jpg,-3.566680344e-10
3648097366_706c8a57a1.jpg,-3.501561171e-09
2517284816_9b8fd3c6b6.jpg,-1.054001313e-08
171488318_fb26af58e2.jpg,-3.732192122e-09
3487261028_30791528ec.jpg,-7.958423231e-09
2868324804_5cc8030484.jpg,3.741216822e-09
3471841031_a949645ba8.jpg,-4.079051508e-09
3546891929_f31a99cd0d.jpg,4.590390999e-09
3207654194_43d6bebd68.jpg,-3.939569767e-09
3041645937_ff7591d134.jpg,-1.192066937e-09
140430106_2978fda105.jpg,2.6334965e-09
461019788_bc0993dabd.jpg,-8.499164936e-09
357191373_a1cb5696e8.jpg,-3.392851017e-09
3627290893_561e176e80.jpg,-2.349672378e-10
502884177_25939ac000.jpg,-6.231163727e-09
2870426310_4d59795032.jpg,-9.969384082e-11
1525153022_06c48dbe52.jpg,4.256761407e-09
1507563902_6ec8d5d822.jpg,-1.019845198e-09
3533484468_0787830d49.jpg,3.622956802e-09
2913965136_2d00136697.jpg,2.968788753e-09
3508522093_51f6d77f45.jpg,-2.678746297e-11
3329858093_0ec73f2190.jpg,-2.172250943e-09
3132006797_04822b5866.jpg,1.139909672e-09
2282600972_c22d1e03c7.jpg,-1.232627103e-09
3697003897_d8ac13be9a.jpg,1.396135646e-09
3051125715_db76cebd1e.jpg,5.189655319e-09
3416246113_1745559b6b.jpg,-5.230443359e-10
3029043380_b28644ea5d.jpg,2.483624987e-09
3016521240_2ef20834b6.jpg,4.424494282e-10
221973402_ecb1cd51f1.jpg,8.787106004e-10
3481859121_3d3e566ec0.jpg,-9.070112006e-09
751109943_2a7f8e117f.jpg,1.952245168e-09
2715035273_8fc8b1291c.jpg,1.606684153e-09
3367034082_31658a89bb.jpg,-2.087865426e-09
2596475173_58f11fc583.jpg,2.038477437e-09
373394550_1b2296b8c4.jpg,2.551070161e-09
3576259024_9c05b163aa.jpg,-6.746639199e-09
2353119813_685bace18e.jpg,3.623047013e-09
3354063643_1d8814eb13.jpg,-6.455939519e-09
2178095150_436b035741.jpg,-3.646893171e-09
3286193613_fc046e8016.jpg,-3.137303981e-09
3286045254_696c6b15bd.jpg,8.17053916e-11
3211577298_14296db6fd.jpg,2.853376363e-09
3514194772_43ba471982.jpg,-3.38210135e-09
3602838407_bf13e49243.jpg,-4.02236153e-09
241345942_ea76966542.jpg,3.214800002e-09
2831217847_555b2f95ca.jpg,3.673818735e-09
1334892555_1beff092c3.jpg,-4.045750734e-09
2711075591_f3ee53cfaa.jpg,1.720537155e-09
2898304260_a4099a193a.jpg,1.918878252e-09
3380072636_4cd59385fd.jpg,-1.427420182e-09
241345522_c3c266a02a.jpg,-4.061012624e-09
566384456_97da3c7bd6.jpg,2.605364542e-09
3283368342_b96d45210e.jpg,-1.002312786e-09
426191845_1e979e9345.jpg,-2.094066814e-09
2689491604_d8760f57b4.jpg,5.994627918e-10
2890731828_8a7032503a.jpg,-4.403571543e-09
235065283_1f9a3c79db.jpg,-2.126498864e-09
3472364264_dbde5a8d0a.jpg,-4.639380236e-09
479807833_85eed6899c.jpg,-1.452507488e-09
2346401538_f5e8da66fc.jpg,1.141661338e-09
3722572342_6904d11d52.jpg,-3.556141996e-09
2891961886_b7a2f0b0fd.jpg,1.231685024e-09
2393298349_e659308218.jpg,-1.740501986e-09
2289068031_fe26990183.jpg,3.957449052e-10
2090723611_318031cfa5.jpg,-4.023778748e-09
112243673_fd68255217.jpg,-2.574252026e-09
3410899419_4f8dca6f3f.jpg,-1.001027891e-09
2715289538_d77c8d0a85.jpg,-2.212800976e-09
3146937399_8c046b7b1a.jpg,3.902330268e-09
3091338773_9cf10467b4.jpg,-1.821197846e-09
2698666984_13e17236ae.jpg,-5.608137202e-10
2264316030_600e55748d.jpg,5.910442844e-09
2403544744_cba152f5c1.jpg,-8.699390566e-09
522063319_33827f1627.jpg,2.17435187e-09
320093980_5388cb3733.jpg,4.485570143e-09
480200554_6155e9dfeb.jpg,-4.292097792e-09
3502897880_8392d0e4de.jpg,-3.100094596e-09
436393371_822ee70952.jpg,3.725470153e-09
3623302162_099f983d58.jpg,-2.330845531e-09
3025546819_ce031d2fc3.jpg,-3.259540343e-09
303795791_98ebc1d19a.jpg,1.147817848e-09
3213395965_2a823c6865.jpg,2.957175713e-10
3584829998_25e59fdef3.jpg,1.326408718e-09
539676201_c8f1f04952.jpg,-2.759914654e-09
2891162278_fbf96be4f4.jpg,-3.410195685e-09
3040033126_9f4b88261b.jpg,-4.75793571e-10
2483993772_f64e9e4724.jpg,-3.078468214e-09
2920516901_23d8571419.jpg,2.943493151e-09
2938747424_64e64784f0.jpg,7.421739308e-09
3481884992_45770ec698.jpg,1.88876837e-09
496380034_d22aeeedb3.jpg,3.459249099e-09
2886837407_a4510ab1ef.jpg,-1.036915506e-08
2330843604_b8d75d6ac7.jpg,-5.2506516e-09
1688699579_2f72328c7e.jpg,1.910338866e-09
