3043501068_be58ac47e1.jpg,4.993555717e-07
3046916429_8e2570b613.jpg,6.855163916e-07
2054308369_f9c6ec7815.jpg,1.35348733e-06
3173014908_b3e69594b6.jpg,1.24415468e-06
167295035_336f5f5f27.jpg,6.42756099e-07
3215238223_29de2b35cb.jpg,4.422763039e-07
3498482871_4e02f31c35.jpg,5.067758173e-07
3176498130_52ab9460b2.jpg,4.370281986e-07
2760715910_87c7bdeb87.jpg,6.948823525e-07
2738255684_0324ed062d.jpg,5.116281827e-07
247617035_9f2e821534.jpg,6.48691753e-07
2831215155_07ba8f1805.jpg,8.207865834e-07
871290646_307cddd4e7.jpg,6.579297746e-07
937559727_ae2613cee5.jpg,3.809197122e-07
3371567346_b6522efdb8.jpg,4.794865497e-07
2457052334_b5a1d99048.jpg,8.699886212e-07
468911753_cc595f5da0.jpg,6.220970971e-07
2371809188_b805497cba.jpg,8.985870104e-07
2540751930_d71c7f5622.jpg,4.526216155e-07
502115726_927dd684d3.jpg,5.635762398e-07
3054997030_797096dd12.jpg,5.297784207e-07
873633312_a756d8b381.jpg,4.364471618e-07
2436160351_108924a65b.jpg,7.513505844e-07
2706023395_ac9eba0e42.jpg,5.462175011e-07
3326086533_23a0a54a8e.jpg,8.111506537e-07
173020287_230bfc4ffc.jpg,6.548311546e-07
50030244_02cd4de372.jpg,4.695987518e-07
3183883750_b6acc40397.jpg,7.185813017e-07
2434006663_207a284cec.jpg,5.938611032e-07
435827376_4384c3005a.jpg,5.229632131e-07
3503011427_a4ee547c77.jpg,5.544707817e-07
2351762979_0941aecced.jpg,5.14327842e-07
3592968286_b63c81bcd2.jpg,7.82698928e-07
2862004252_53894bb28b.jpg,3.576343747e-07
1077931201_1e0bb83105.jpg,6.925808922e-07
2120383553_5825333a3f.jpg,7.688033094e-07
3399843227_3b9d2a8dbf.jpg,7.084163447e-07
241345533_99c731403a.jpg,6.83648526e-07
3710050559_f6f12760fe.jpg,6.190166196e-07
2635938723_11b85e6763.jpg,7.720340689e-07
3496028495_431cfdc042.jpg,5.979503646e-07
2991575785_bd4868e215.jpg,6.584483756e-07
3562282690_cd2a95fe9e.jpg,6.876474956e-07
2676764246_c58205a365.jpg,6.001485252e-07
3519942322_b37d088aae.jpg,1.168776727e-06
2839932205_3c9c27cd99.jpg,4.016240367e-07
2115620856_4fa5025ac6.jpg,5.089246514e-07
2684322797_85406f571d.jpg,6.871801111e-07
530661899_94655d7d0e.jpg,5.480786316e-07
3610683688_bbe6d725ed.jpg,3.652224602e-07
2186087673_c7a73da7ce.jpg,5.347887313e-07
350176185_b8c5591e36.jpg,4.398612463e-07
3649384501_f1e06c58c0.jpg,3.848093659e-07
3243094580_ccd01679f5.jpg,4.186244688e-07
3301854980_233cc2f896.jpg,5.206562057e-07
3465396606_5ba1574128.jpg,5.274954912e-07
2502905671_c6039804ab.jpg,5.250208899e-07
437917001_ae1106f34e.jpg,7.798290603e-07
3273163189_dece7babf4.jpg,1.67772367e-06
3405100926_e96308ce89.jpg,5.775438063e-07
2088532947_c628e44c4a.jpg,6.798566689e-07
3134585858_a8c3493ca5.jpg,6.687662215e-07
2242178517_2325b85e5f.jpg,4.950001517e-07
2885891981_6b02620ae9.jpg,3.998416248e-07
618771382_459bb492e4.jpg,3.656827815e-07
2642475077_69d19deb74.jpg,1.017214859e-06
197504190_fd1fc3d4b7.jpg,5.106486771e-07
479807465_cf42f39d00.jpg,5.157947e-07
2622624460_207dbcc4cf.jpg,5.676636859e-07
3234890865_bb3c316968.jpg,5.130069059e-07
413737417_b0a8b445e9.jpg,6.234388414e-07
2116444946_1f5d1fe5d1.jpg,5.082944123e-07
1434005938_ad75c8598c.jpg,6.22143718e-07
2271890493_da441718ba.jpg,4.452572178e-07
2441354291_b32e00e5a6.jpg,7.146904062e-07
3583704941_611353857e.jpg,6.941496037e-07
2680619645_ab6645218d.jpg,3.852069273e-07
2504991916_dc61e59e49.jpg,6.152097305e-07
2310126952_7dc86d88f6.jpg,8.447114314e-07
576920249_df1bdc2068.jpg,5.728659706e-07
2628331789_c7f7d90e5d.jpg,5.222609212e-07
2839038702_e168128665.jpg,9.195742793e-07
3067971348_69af5bb309.jpg,5.781590712e-07
2860202109_97b2b22652.jpg,6.223773783e-07
3245250964_9d3e37111e.jpg,4.623686245e-07
1806580620_a8fe0fb9f8.jpg,4.33910995e-07
239807547_4923efc821.jpg,4.998720131e-07
1566117559_f5d98fbeb0.jpg,8.82559222e-07
2759813381_73303113d9.jpg,3.631102607e-07
3000722396_1ae2e976c2.jpg,3.006849841e-07
278007543_99f5a91a3e.jpg,6.196379045e-07
947664583_7c63172366.jpg,4.766934092e-07
325576658_59f68bdbd6.jpg,6.151829924e-07
2415265825_fbfe0c8556.jpg,6.163844582e-07
3364796213_b8948913b5.jpg,4.505452608e-07
2058091220_2087270068.jpg,7.559183394e-07
2295216243_0712928988.jpg,4.566024474e-07
506808265_fe84ada926.jpg,4.754342465e-07
557601144_50b8c40393.jpg,5.177212701e-07
3613667665_1881c689ea.jpg,6.753313342e-07
3603116579_4a28a932e2.jpg,3.298623093e-07
1112212364_0c48235fc2.jpg,6.328593646e-07
2855910826_d075845288.jpg,6.446907832e-07
2801851082_8c3c480c0f.jpg,5.75754624e-07
2861413434_f0e2a10179.jpg,7.103603679e-07
3439243433_d5f3508612.jpg,8.727375193e-07
3038045802_93f2cd5fbc.jpg,5.315969418e-07
412101267_7257e6d8c0.jpg,5.559085676e-07
3371887001_44ab0c2f17.jpg,3.877804908e-07
260392825_ea61660633.jpg,4.478497403e-07
3688858505_e8afd1475d.jpg,6.324847478e-07
236144859_52f9e38885.jpg,1.414870895e-06
3207775692_bb897d9afd.jpg,5.972137995e-07
3193335577_9bdbaf9f70.jpg,5.883512737e-07
543291644_64539956e9.jpg,8.09494272e-07
1781227288_6811e734be.jpg,5.278708705e-07
2892995070_39f3c9a56e.jpg,7.165227051e-07
2939371251_f923569a72.jpg,5.640075029e-07
2913972180_547783dd3d.jpg,3.908629061e-07
534655560_dc1c335b3f.jpg,6.736382925e-07
3162289423_4ca8915d0c.jpg,5.432013679e-07
3375549004_beee810e60.jpg,4.972795538e-07
3680031186_c3c6698f9d.jpg,5.073665001e-07
476759700_8911f087f8.jpg,5.566543583e-07
487894806_352d9b5e66.jpg,1.245998964e-06
3157039116_d82da4e66b.jpg,5.512976657e-07
3264937930_9623496b64.jpg,3.990367626e-07
2565657591_6c1cdfc092.jpg,8.496387315e-07
3320154278_c67e01b8d1.jpg,4.558514307e-07
3557295488_600d387347.jpg,6.4491141e-07
3488512097_e500cb499f.jpg,4.826946103e-07
1436760519_8d6101a0ed.jpg,6.997939841e-07
2425262733_afe0718276.jpg,3.381361223e-07
278388986_78ba84eb8f.jpg,4.997498578e-07
3260975858_75d0612a69.jpg,6.813889839e-07
3702038926_966fdaa311.jpg,6.445780145e-07
3449718979_e987c64e2d.jpg,3.660519885e-07
2428094795_d3a8f46046.jpg,6.458789932e-07
2479162876_a5ce3306af.jpg,5.484212957e-07
3256272547_5ae6c66293.jpg,7.543540651e-07
3621717946_d96f8a6012.jpg,6.664356535e-07
260162669_c79a900afb.jpg,4.916223807e-07
3256043809_47258e0b3e.jpg,8.776555378e-07
3721799573_2f470950e0.jpg,7.797639337e-07
3310067561_b92017acab.jpg,7.482364556e-07
2635400219_2e1a984fd3.jpg,3.992197973e-07
3004823335_9b82cbd8a7.jpg,5.080241223e-07
3349955993_a04aea97d8.jpg,5.781073541e-07
3571193625_835da90c5e.jpg,5.794481095e-07
2552949275_b8cdc450cc.jpg,5.62324737e-07
72218201_e0e9c7d65b.jpg,5.735922361e-07
1142847777_2a0c1c2551.jpg,5.588361768e-07
105342180_4d4a40b47f.jpg,5.64592872e-07
3217240672_b99a682026.jpg,5.004218458e-07
2272967004_1531726d71.jpg,9.239294217e-07
3296124052_6f1d1c9f8d.jpg,6.501393142e-07
3651107058_d84d4c3c25.jpg,4.028591155e-07
2434074318_e35a567220.jpg,5.119249663e-07
96973080_783e375945.jpg,3.477532652e-07
2658009523_b49d611db8.jpg,6.014958384e-07
2612608861_92beaa3d0b.jpg,4.755043388e-07
1303727066_23d0f6ed43.jpg,5.739395876e-07
2214132302_80064fd79d.jpg,6.534677472e-07
2514581496_8f4102377e.jpg,5.426882677e-07
3326024473_4c16e4fbfc.jpg,6.633417058e-07
2882743431_c3e6cd1b5c.jpg,7.10720366e-07
3541962817_78bcd3835b.jpg,3.393449141e-07
2307118114_c258e3a47e.jpg,5.788636629e-07
3583065748_7d149a865c.jpg,9.547292968e-07
3632197966_0c5061025f.jpg,4.091889306e-07
279901198_e7a88c855a.jpg,6.652000894e-07
1827560917_c8d3c5627f.jpg,7.877288615e-07
1923476156_e20976b32d.jpg,8.826705261e-07
3462165890_c13ce13eff.jpg,4.844349288e-07
453473508_682c0a7189.jpg,5.953235563e-07
3223709894_97824ba76f.jpg,5.582369601e-07
1394927474_0afdd82fc4.jpg,7.741294337e-07
3474985008_0a827cd340.jpg,5.561834718e-07
581419370_30485f3580.jpg,3.492564511e-07
3538021517_b930dc76fc.jpg,6.680360123e-07
3436063693_15c8d377a2.jpg,4.585768726e-07
2528552898_9e49a7033f.jpg,5.652366313e-07
3664928753_7b0437fedf.jpg,4.049175734e-07
485312202_784508f2a9.jpg,6.00693437e-07
3634785801_4b23184a06.jpg,4.848999761e-07
2817847072_5eb3bc30ac.jpg,5.979159194e-07
3280672302_2967177653.jpg,5.149716335e-07
1881494074_1bebd93089.jpg,7.865700282e-07
3323498985_fd9d2803fd.jpg,5.056015542e-07
3348785391_c243faf6bb.jpg,3.998978255e-07
3119887967_271a097464.jpg,4.747743686e-07
3301754574_465af5bf6d.jpg,4.356953975e-07
3672109677_8caa992671.jpg,3.762285273e-07
3670907052_c827593564.jpg,4.529844074e-07
3595080592_5fd55570e5.jpg,4.196124476e-07
3495453699_1c9faedf3c.jpg,4.843957798e-07
3550276904_19de3561c5.jpg,6.649636086e-07
2428797297_7fc3c862db.jpg,7.10740155e-07
421808539_57abee6d55.jpg,9.496570554e-07
248174959_2522871152.jpg,5.282550504e-07
435054077_3506dbfcf4.jpg,6.329983086e-07
3640241166_b1ab7a8e7a.jpg,7.08249542e-07
2874984466_1aafec2c9f.jpg,7.518267148e-07
3287236038_8998e6b82f.jpg,5.765869467e-07
2453990033_df53f0d8c8.jpg,4.73697808e-07
2736508369_fd9ff0b42f.jpg,5.359388958e-07
3092370204_029b6bc10a.jpg,5.65171052e-07
191003284_1025b0fb7d.jpg,5.882869333e-07
1466307489_cb8a74de09.jpg,4.279269407e-07
2255685792_f70474c6db.jpg,4.772976431e-07
2629402527_6dfc5c504b.jpg,6.396802007e-07
2687539673_d54a8dc613.jpg,3.485557174e-07
124881487_36e668145d.jpg,6.036395024e-07
2303016989_0deb96c8d9.jpg,9.444452395e-07
2838125339_3dd314e315.jpg,4.404601637e-07
316833109_6500b526dc.jpg,4.916268305e-07
3573436368_78f0ccdf01.jpg,7.744107017e-07
3088399255_1bd9a6aa04.jpg,6.128448478e-07
250892549_1e06a06a78.jpg,5.690482342e-07
3711611500_ea47b58b6f.jpg,5.714885949e-07
1096395242_fc69f0ae5a.jpg,6.375279868e-07
3545586120_283d728a97.jpg,4.601076344e-07
1089181217_ee1167f7af.jpg,3.496244198e-07
3116985493_04b1dc3345.jpg,6.464719164e-07
3706653103_e777a825e4.jpg,4.709271659e-07
380041023_0dfd712ef1.jpg,4.313626856e-07
3497224764_6e17544e0d.jpg,6.302760928e-07
410422753_de506155fa.jpg,6.156989688e-07
3006093003_c211737232.jpg,3.018533465e-07
857914283_270d7d1c87.jpg,7.296057286e-07
107318069_e9f2ef32de.jpg,7.860966948e-07
3175849727_bf30b892cb.jpg,9.444737196e-07
2641770481_c98465ff35.jpg,6.305819132e-07
3437693401_202afef348.jpg,9.538714779e-07
3555231025_73fa54fa29.jpg,8.23436425e-07
2196316998_3b2d63f01f.jpg,4.46210403e-07
245442617_407eba1e98.jpg,6.148574804e-07
3353400143_8b9543f7dc.jpg,3.612927183e-07
413231421_43833a11f5.jpg,3.316586442e-07
2200901777_f6c168bd32.jpg,6.768255935e-07
2493469969_11b6190615.jpg,4.762344112e-07
3756150099_50882fc029.jpg,7.580680246e-07
3404978479_8a81843e17.jpg,9.186152811e-07
3268191118_ba25fabab6.jpg,7.101673522e-07
2603334363_cfa32c4482.jpg,5.560612389e-07
3181409177_edb09c2718.jpg,6.241116698e-07
3656206975_09e6ce58bd.jpg,6.035526685e-07
2940366012_1ef8ab334e.jpg,2.985879955e-07
2318721455_80c6644441.jpg,4.581687064e-07
2976155358_b4dd4407cf.jpg,3.632982958e-07
3518118675_5053b3f738.jpg,4.981290895e-07
2894850774_2d530040a1.jpg,8.87758816e-07
900144365_03cd1899e3.jpg,4.054679072e-07
3300019891_8f404d94a1.jpg,4.39823678e-07
3457460673_800d7f7dd9.jpg,8.60947914e-07
1428641354_f7453afbea.jpg,6.065480664e-07
2285741931_07159a21f2.jpg,7.863295353e-07
3666056567_661e25f54c.jpg,5.870397905e-07
2505988632_9541f15583.jpg,4.097870618e-07
177302997_5b2d770a0a.jpg,5.045107632e-07
1087168168_70280d024a.jpg,4.929381713e-07
1397295388_8a5b6b525d.jpg,5.509058071e-07
2261257940_449b6e6c91.jpg,3.784214934e-07
3566225740_375fc15dde.jpg,5.802720016e-07
3172283002_3c0fc624de.jpg,7.847152594e-07
3324056835_84904fe2f8.jpg,8.376943223e-07
1053804096_ad278b25f1.jpg,5.846350884e-07
2943079526_e9033a6556.jpg,6.326764701e-07
3647283075_3005333222.jpg,3.964498068e-07
2944836001_b38b516286.jpg,9.039225547e-07
3576060775_d9121519cc.jpg,4.346729606e-07
3399906919_bc8562b257.jpg,7.607523943e-07
2490863987_715383944a.jpg,5.501403578e-07
2256133102_e2c8314ecb.jpg,6.076850193e-07
3493000349_81c540e828.jpg,6.732996834e-07
3530342993_a4a1f0e516.jpg,3.893705085e-07
3182405529_7692256746.jpg,5.825418129e-07
2797149878_bb8e27ecf9.jpg,5.578771298e-07
470887795_8443ce53d0.jpg,4.673996098e-07
2081679622_6f1442367d.jpg,6.094264291e-07
2987096101_a41896187a.jpg,6.762064304e-07
3401333624_4b6af8c1d7.jpg,5.190918085e-07
2090545563_a4e66ec76b.jpg,5.354775949e-07
445861800_75fc6a8c16.jpg,5.154919592e-07
1423997242_ea2189ec5e.jpg,6.414992565e-07
380034515_4fbdfa6b26.jpg,4.112609157e-07
472535997_0dbf42b9f3.jpg,6.412491362e-07
3162095736_cc41dd41ff.jpg,4.887398661e-07
1002674143_1b742ab4b8.jpg,3.616575733e-07
3375991133_87d7c40925.jpg,5.649801554e-07
1303550623_cb43ac044a.jpg,3.738957461e-07
3437781040_82b06facb3.jpg,4.111022805e-07
539493431_744eb1abaa.jpg,5.497419499e-07
1211015912_9f3ee3a995.jpg,5.825039655e-07
2655647656_ee450446ed.jpg,5.005641915e-07
2792212974_23b1ef05fa.jpg,6.792709455e-07
3595216998_0a19efebd0.jpg,7.454450544e-07
423066487_07757b2b49.jpg,5.097942555e-07
2823575468_15f6c345fc.jpg,8.238808159e-07
3263215700_e27f81f8b9.jpg,6.79799347e-07
2892395757_0a1b0eedd2.jpg,3.966697883e-07
519059913_4906fe4050.jpg,5.185425385e-07
2384550175_e421d3a871.jpg,5.962496878e-07
3548191125_514f47e493.jpg,6.778688469e-07
2822290399_97c809d43b.jpg,7.150790413e-07
241345864_138471c9ea.jpg,7.929439154e-07
2466420387_86fe77c966.jpg,5.03922634e-07
229862312_1a0ba19dab.jpg,3.9535281e-07
1573017288_4d481856e2.jpg,4.442585599e-07
3355494822_61353a224d.jpg,6.594072988e-07
2352414953_10f3cd0f1f.jpg,1.162834022e-06
2751602672_ca5e1f6447.jpg,5.227318093e-07
3518755601_cebf11e515.jpg,5.714596312e-07
3442622076_c3abe955e5.jpg,8.615821414e-07
2862509442_4f5dc96dca.jpg,8.596010928e-07
1263126002_881ebd7ac9.jpg,3.142842163e-07
3154528397_89112faf4b.jpg,4.68087162e-07
554774472_b5d165ff69.jpg,4.565749649e-07
2460126267_0deea8b645.jpg,5.2142776e-07
3504158556_1d410c8ff7.jpg,4.76788002e-07
2431723485_bc6b8e6418.jpg,4.68197276e-07
1473080948_bae2925dc8.jpg,5.129906912e-07
3594822096_e1144b85d6.jpg,4.853927337e-07
3232470286_903a61ea16.jpg,4.946801088e-07
2599131872_65789d86d5.jpg,6.884818826e-07
262570082_6364f58f33.jpg,8.139132886e-07
2912476706_9a0dbd3a67.jpg,7.77365111e-07
3016726158_4d15b83b06.jpg,7.279524418e-07
2661489896_cc3425777e.jpg,6.113858537e-07
3404552106_f516df0f5b.jpg,4.947329254e-07
2204277704_f1c8c741ed.jpg,7.820624243e-07
2050067751_22d2763fd2.jpg,1.046393059e-06
350443876_c9769f5734.jpg,5.708902913e-07
2450299735_62c095f40e.jpg,5.586760308e-07
769260947_02bc973d76.jpg,7.27614632e-07
2970067128_8842ab3603.jpg,4.718065852e-07
2342478660_faef1afea8.jpg,7.059561801e-07
485245061_5a5de43e20.jpg,6.015664993e-07
3621649810_cca783b777.jpg,5.004306413e-07
3346918203_986dca6641.jpg,6.143237476e-07
3272002857_ace031f564.jpg,5.960208014e-07
3104400277_1524e4f758.jpg,4.618989132e-07
2231847779_1148d1c919.jpg,5.200788888e-07
3308488725_f91d9aba27.jpg,5.568827148e-07
2712974062_6d5b6aa7f0.jpg,3.886022576e-07
2757803246_8aa3499d26.jpg,4.322957842e-07
3126773489_7ae425af17.jpg,3.365470646e-07
2960033435_c20cc7399a.jpg,5.431257213e-07
2502007071_82a8c639cf.jpg,5.005456707e-07
3132619510_7dfc947d25.jpg,1.091808062e-06
3028095878_07341efc9c.jpg,7.352102879e-07
247704641_d883902277.jpg,4.190019602e-07
3359551687_68f2f0212a.jpg,5.296348708e-07
824123145_59243e504e.jpg,5.201347496e-07
3285993030_87b0f1d202.jpg,5.251097517e-07
1663454406_5e2cf8c5bb.jpg,3.191297813e-07
2147199188_d2d70b88ec.jpg,4.305108041e-07
236474697_0c73dd5d8b.jpg,7.642753531e-07
3308018795_68a97a425c.jpg,5.441208803e-07
275516348_cbccebc125.jpg,8.156644746e-07
3174228611_6cf9d2266b.jpg,6.847004129e-07
2420546021_4a59790da6.jpg,4.688964801e-07
3009018821_ba47396e24.jpg,3.323071577e-07
2287023569_fd7a9c60b8.jpg,5.450633131e-07
3519155763_045a6a55e2.jpg,1.018176444e-06
2309327462_82a24538d4.jpg,4.719701336e-07
609681901_66809d2dc1.jpg,5.29916049e-07
3344411431_6f4917bb2f.jpg,8.215475419e-07
3726700898_c50494b8bd.jpg,3.194411587e-07
3603064161_a8f3b6455d.jpg,5.266118582e-07
415793623_6c1225ae27.jpg,7.591929774e-07
3225296260_2ee72b4917.jpg,4.103023364e-07
2952320230_26601173be.jpg,7.186269189e-07
2400958566_4e09424046.jpg,6.538288999e-07
2286239223_d84ffc4e4a.jpg,4.711246274e-07
888517718_3d5b4b7b43.jpg,6.204973485e-07
3259228898_cefd04580b.jpg,6.092442353e-07
3374054694_fa56f29267.jpg,5.290816417e-07
3317960829_78bbfafbb6.jpg,4.316750407e-07
1332815795_8eea44375e.jpg,5.505629505e-07
3106340185_80d0cb770a.jpg,3.998826063e-07
1244140539_da4804d828.jpg,7.704543e-07
2193223202_4d908c0450.jpg,4.684704422e-07
69189650_6687da7280.jpg,7.676723691e-07
517102724_a0f3069156.jpg,6.860857614e-07
230016181_0c52b95304.jpg,7.538367035e-07
3217620013_8b17873273.jpg,3.737342946e-07
3429351222_17ae744daf.jpg,4.256034839e-07
3454199170_ae26917dcd.jpg,4.664485063e-07
3580375310_46ec3e476c.jpg,7.855463959e-07
3594029059_cee1f4c59a.jpg,6.820973806e-07
2657484284_daa07a3a1b.jpg,3.970163237e-07
2869009633_ea3cafd437.jpg,6.057032889e-07
3664297064_a4d45cbbbc.jpg,4.084662191e-07
3463523977_f2ed231585.jpg,5.439233072e-07
2745811124_12c4426b8b.jpg,8.799700511e-07
2696636252_91ef1491ea.jpg,5.307390063e-07
2579266054_1ec58aa92f.jpg,3.217766074e-07
279728508_6bd7281f3c.jpg,3.620051573e-07
3619232550_0b1e1fd4e4.jpg,6.146052685e-07
3639428663_dae5e8146e.jpg,4.518893951e-07
2808870080_4ea4f3327e.jpg,4.05125767e-07
431018958_84b2beebff.jpg,5.16190022e-07
3427852996_d383abd819.jpg,5.116123303e-07
1529044279_4922ead27c.jpg,3.983813277e-07
2307807200_91fa29cba1.jpg,1.015718507e-06
405534893_2d0f3b0147.jpg,6.942059635e-07
2885111681_dc328ecfff.jpg,4.563795914e-07
2921094201_2ed70a7963.jpg,7.786201197e-07
772212710_f5fc22ed35.jpg,4.02027728e-07
2664103423_c539f61016.jpg,7.472977145e-07
315880837_90db309bab.jpg,8.173766383e-07
2108799322_e25aa6e185.jpg,7.157106703e-07
1956678973_223cb1b847.jpg,5.532040839e-07
219730733_6a55382dd2.jpg,4.101772434e-07
2914800692_0c512d27b8.jpg,5.678131538e-07
2248487956_2603f55ab9.jpg,5.8357544e-07
483841513_e660391880.jpg,2.165729903e-07
1674612291_7154c5ab61.jpg,5.358794313e-07
2288530008_4ebcee2174.jpg,5.253453485e-07
3729525173_7f984ed776.jpg,4.216493902e-07
2257294002_0073263c54.jpg,7.900181893e-07
2914737181_0c8e052da8.jpg,1.462929517e-06
539744890_85e63f5854.jpg,1.078966382e-06
3513265399_a32e8cfd18.jpg,4.591328159e-07
1625306051_7099519baa.jpg,6.137049799e-07
2642350864_099c0f2152.jpg,5.870800265e-07
756909515_a416161656.jpg,5.326254053e-07
2939197393_93dc64c4bb.jpg,6.701983183e-07
2070831523_5035d5537e.jpg,7.693483666e-07
2986671935_0c60bbb3fa.jpg,3.448772566e-07
156967462_72db9b722c.jpg,4.619195561e-07
1425919702_ddb761aeec.jpg,4.687369765e-07
3048380686_732db55281.jpg,4.484425336e-07
3226541300_6c81711e8e.jpg,3.292059786e-07
482907079_22085ada04.jpg,3.180562667e-07
108899015_bf36131a57.jpg,7.590515222e-07
2623939135_0cd02ffa5d.jpg,4.399048073e-07
3421177332_a05741cfa4.jpg,6.924592353e-07
3322443827_a04a94bb91.jpg,1.169479117e-06
2597737483_6518a230e4.jpg,6.077577888e-07
3067500667_0fce8f28d4.jpg,7.463770459e-07
2521878609_146143708e.jpg,7.000367425e-07
1772859261_236c09b861.jpg,6.510174589e-07
2266901263_4324af1f03.jpg,5.79754759e-07
3351667632_00f586a30c.jpg,5.226365906e-07
1305564994_00513f9a5b.jpg,6.802226033e-07
2196050115_e236d91f52.jpg,6.724294158e-07
3014986976_0e7b858970.jpg,5.072990294e-07
505955292_026f1489f2.jpg,3.415761919e-07
670609997_5c7fdb3f0b.jpg,5.513616437e-07
416650559_cd08d3cd96.jpg,6.592926831e-07
3587781729_bd21ce7b11.jpg,4.735578429e-07
3424927725_c4d1fcfac3.jpg,5.250981942e-07
3329777647_5e1fd503ac.jpg,6.596260188e-07
3084380974_268a0f9236.jpg,5.401363612e-07
2358898017_24496b80e8.jpg,8.951338563e-07
446286714_dcec7f339e.jpg,4.478373184e-07
342872408_04a2832a1b.jpg,7.089981925e-07
3613027188_1645ca1976.jpg,5.473547788e-07
3493255026_5fdaa52cbe.jpg,6.211298677e-07
3474912569_7165dc1d06.jpg,3.64061279e-07
3091916691_b1c96669c6.jpg,6.777439269e-07
2998861375_02817e0147.jpg,5.975684096e-07
1248734482_3038218f3b.jpg,7.978309181e-07
3514019869_7de4ece2a5.jpg,6.365141204e-07
2324917982_f3db8c11e9.jpg,7.164911917e-07
2198511848_311d8a8c2f.jpg,5.312260133e-07
3578841731_f775cab089.jpg,6.68213781e-07
3427402225_234d712eeb.jpg,5.574844518e-07
3134644844_493eec6cdc.jpg,6.503556279e-07
2500567791_101d5ddee3.jpg,5.120207722e-07
976392326_082dafc3c5.jpg,8.322790182e-07
3052196390_c59dd24ca8.jpg,4.355379017e-07
3035118753_69287079dc.jpg,1.128594507e-06
2308256827_3c0a7d514d.jpg,5.330463116e-07
2097398349_ff178b3f1b.jpg,5.197677663e-07
2933643390_1c6086684b.jpg,4.500111583e-07
132489044_3be606baf7.jpg,5.229971988e-07
2900274587_f2cbca4c58.jpg,4.552098546e-07
2288315705_5f4c37d932.jpg,4.076936689e-07
2795352290_9209b214f3.jpg,5.403057179e-07
1721637099_93e9ec2a2f.jpg,8.584403431e-07
2744705574_519c171ca0.jpg,3.558622768e-07
3127142756_bf0bfcb571.jpg,3.96879706e-07
125319704_49ead3463c.jpg,5.698647827e-07
3263497678_8bb688ca01.jpg,5.534725169e-07
244774022_a12c07afdb.jpg,8.319433988e-07
2102030040_2e8f4738f7.jpg,6.12568459e-07
523692399_d2e261a302.jpg,1.01510825e-06
3348811097_0e09baa26f.jpg,8.575981537e-07
2966552760_e65b22cd26.jpg,6.691416825e-07
2647062476_5ef31ba867.jpg,7.387615273e-07
280706862_14c30d734a.jpg,4.809050274e-07
421153376_d1d325568f.jpg,8.133998019e-07
3699318394_6193f2c8e0.jpg,5.033400859e-07
664470170_6a1ad20c45.jpg,5.685049095e-07
2399114095_c3196ff456.jpg,7.927840743e-07
2660480624_45f88b3022.jpg,5.259895351e-07
1460352062_d64fb633e0.jpg,2.955706918e-07
2385146732_d1c67c790e.jpg,3.809170133e-07
3185645793_49de805194.jpg,5.172201553e-07
3384314832_dffc944152.jpg,5.822003577e-07
1449370354_380c4123c9.jpg,5.705297884e-07
997338199_7343367d7f.jpg,4.825573419e-07
2670637584_d96efb8afa.jpg,7.739300746e-07
3501936223_6122a13d27.jpg,8.598093967e-07
3072114570_e1c0127529.jpg,6.524371887e-07
3461106572_920c8c0112.jpg,6.004613528e-07
804087017_330bcc8c56.jpg,4.545252103e-07
2559921948_06af25d566.jpg,5.579058822e-07
2044063458_fcc76a7636.jpg,3.94080149e-07
2901880865_3fd7b66a45.jpg,8.727898701e-07
890734502_a5ae67beac.jpg,7.937965286e-07
1394396709_65040d97ab.jpg,8.542288093e-07
3416339125_0860d3d1eb.jpg,6.259220733e-07
3628043835_9d9bd595a7.jpg,6.366757661e-07
3665169936_01ae94c9fd.jpg,5.153722506e-07
2735558076_0d7bbc18fc.jpg,6.080429908e-07
3634400263_c6fcaa48e1.jpg,5.880354575e-07
3370085095_6abbb67c1d.jpg,5.945935791e-07
3675825945_96b2916959.jpg,7.224906701e-07
3563924606_5914392cd8.jpg,6.650840753e-07
199809190_e3f6bbe2bc.jpg,5.52529492e-07
2557507575_b247f145bc.jpg,4.269022632e-07
561940436_64d6fc125d.jpg,4.222219022e-07
1917203130_fcaff8b10e.jpg,3.791611762e-07
3272847211_9e8a4f8308.jpg,5.685600084e-07
3533451027_b078e4631b.jpg,4.623210202e-07
700884207_d3ec546494.jpg,1.058334324e-06
470887781_faae5dae83.jpg,4.240168607e-07
1499581619_a5f65a882c.jpg,4.842409845e-07
3407584080_c6abf71ae3.jpg,6.97498673e-07
3606909929_90a1a072b7.jpg,4.150539057e-07
3042483842_beb23828b9.jpg,4.838273962e-07
2623247254_3bfc795121.jpg,6.251911427e-07
3396157719_6807d52a81.jpg,6.426372404e-07
3604384383_db6805d1b9.jpg,4.467207403e-07
2313230479_13f87c6bf3.jpg,1.025942997e-06
3500115252_9404c066a8.jpg,9.645565354e-07
961611340_251081fcb8.jpg,1.135194098e-06
3699522388_2333f01f40.jpg,6.147706235e-07
392467282_00bb22e201.jpg,7.456287069e-07
3485599424_94de8ede51.jpg,4.882260234e-07
489372715_ce52da796a.jpg,1.060728378e-06
2673148534_8daf0de833.jpg,5.844283716e-07
3443030942_f409586258.jpg,5.742879592e-07
1401961581_76921a75c5.jpg,6.160426884e-07
1155138244_859fd6e079.jpg,4.987355887e-07
219843860_332e5ca7d4.jpg,7.244145328e-07
3700322513_50f0d45bfa.jpg,7.880514877e-07
109823394_83fcb735e1.jpg,4.884488598e-07
293879742_5fe0ffd894.jpg,5.636811295e-07
3051754615_3d6494c2ae.jpg,6.341472633e-07
54723805_bcf7af3f16.jpg,5.741181648e-07
3436418401_b00ceb27c0.jpg,7.348882192e-07
3508051251_82422717b3.jpg,3.709594841e-07
534056823_0752303702.jpg,6.757099145e-07
3653484549_f316590b0f.jpg,4.768480654e-07
3597326009_3678a98a43.jpg,5.913111811e-07
491964988_414b556228.jpg,3.461861887e-07
2633082074_32c85f532c.jpg,4.115284519e-07
3721812313_6000566803.jpg,5.41197541e-07
2373234213_4ebe9c4ee5.jpg,5.964909171e-07
315436114_6d386b8c36.jpg,9.954222619e-07
241346471_c756a8f139.jpg,7.191353032e-07
1095476286_87d4f8664e.jpg,6.469060551e-07
2883324329_24361e2d49.jpg,4.676043841e-07
1235681222_819231767a.jpg,6.348134181e-07
72964268_d532bb8ec7.jpg,5.864514608e-07
262642489_f5c6b9e65b.jpg,3.142932221e-07
3342822192_082f932ef2.jpg,4.478495792e-07
3475092236_cf45d383c7.jpg,5.312850593e-07
3215896272_e9b4b547a9.jpg,7.428558561e-07
2142232919_c857a09dd7.jpg,3.648900429e-07
2189181027_a445b13438.jpg,6.297420877e-07
3274879561_74997bbfff.jpg,7.219447582e-07
309430053_cc58bcc36a.jpg,7.617594131e-07
241345596_91e0e2daf5.jpg,5.979582075e-07
3621623690_0095e330bc.jpg,4.019643932e-07
3741827382_71e93298d0.jpg,4.342208089e-07
2473737724_355599a263.jpg,6.005991932e-07
3406116788_c8f62e32d1.jpg,7.528747693e-07
1324816249_86600a6759.jpg,6.095304796e-07
3468694409_a51571d621.jpg,6.464859824e-07
3030962048_f71948226c.jpg,4.603074164e-07
2467850190_07a74d89b7.jpg,5.560433437e-07
2319808437_bbbdc317c0.jpg,5.110469922e-07
1295671216_cde1b9c9d1.jpg,1.175829593e-06
237277765_9e6fa5b99a.jpg,2.495294256e-07
181103691_fb2f956abd.jpg,5.37653218e-07
3640348910_fcd627ec66.jpg,5.180400895e-07
2879241506_b421536330.jpg,4.84374433e-07
2504056718_25ded44ecb.jpg,4.988864632e-07
2618538137_44fffe10c4.jpg,5.310676357e-07
3425071001_e7c9809ef2.jpg,4.240034262e-07
3472540184_b0420b921a.jpg,7.339014887e-07
1405221276_21634dcd58.jpg,2.723648004e-07
2587106431_1cc0e719c6.jpg,6.815522827e-07
2762702644_2aa3bf9680.jpg,5.728804999e-07
2808098783_c56b44befa.jpg,1.009090856e-06
2257099774_37d0d3aa9a.jpg,7.369838833e-07
3141440149_00becbbb93.jpg,7.347014724e-07
3304484212_b950233c30.jpg,5.040549021e-07
3475581086_a533567561.jpg,9.413872791e-07
979201222_75b6456d34.jpg,4.078978199e-07
3581538034_783b7d0d09.jpg,6.620467414e-07
2865564810_5c63328cd4.jpg,3.638402609e-07
3691622437_f13644273c.jpg,6.780828878e-07
3412249548_00820fc4ca.jpg,8.277117395e-07
131632409_4de0d4e710.jpg,5.453392722e-07
3251648670_9339943ba2.jpg,3.626573934e-07
3712923460_1b20ebb131.jpg,5.335099825e-07
3189521080_133777bce5.jpg,6.23285318e-07
852469220_bc0fee3623.jpg,4.554217677e-07
2115849046_2aa9fa8d13.jpg,9.098510591e-07
1357724865_4faf4e1418.jpg,3.789426931e-07
3492383096_5bbc08f0da.jpg,9.676731226e-07
1808504612_3508f3c9bb.jpg,3.913948356e-07
3725814794_30db172f67.jpg,3.949917633e-07
3493479159_609ebe1b35.jpg,5.747637383e-07
2362377137_9528692825.jpg,4.496132371e-07
319851847_7212423309.jpg,6.06520672e-07
500446858_125702b296.jpg,6.241477649e-07
3155501473_510f9c9f6b.jpg,7.198108739e-07
408573233_1fff966798.jpg,4.070399489e-07
470373679_98dceb19e7.jpg,3.551925414e-07
2867699650_e6ddb540de.jpg,6.904876886e-07
488356951_b3b77ad832.jpg,3.039077075e-07
2944025729_5aecda30ee.jpg,3.326470407e-07
2638981862_6b23833f37.jpg,5.854487706e-07
689359034_4a64c24ca4.jpg,5.294891788e-07
3234115903_f4dfc8fc75.jpg,4.582089393e-07
3332467180_d72f9b067d.jpg,5.354554547e-07
3365198533_539073002b.jpg,4.394360266e-07
2419221084_01a14176b4.jpg,7.650993094e-07
1269470943_ba7fc49b4d.jpg,3.046942514e-07
2461990494_c5ece064cc.jpg,6.077172542e-07
1969573381_5ecfae4c80.jpg,7.441808491e-07
2276120079_4f235470bc.jpg,5.704157047e-07
3399616238_77acf4ee12.jpg,7.149723154e-07
781387473_208ba152b3.jpg,6.399611773e-07
295729735_8360f2e64c.jpg,5.394467977e-07
1412832223_99e8b4701a.jpg,5.602105616e-07
673806038_0a3682a83f.jpg,7.991352545e-07
2908466042_bf07cb52c7.jpg,5.763571761e-07
3726730085_2468ee9220.jpg,7.611268671e-07
2368266191_87d77750f1.jpg,5.20768402e-07
751074141_feafc7b16c.jpg,4.459849958e-07
3547000169_40191e02ca.jpg,2.789747554e-07
3516653997_98ec551a67.jpg,5.301436253e-07
3562470436_6e193643ce.jpg,7.437749491e-07
3412450683_7da035f2de.jpg,3.866077814e-07
1072153132_53d2bb1b60.jpg,8.066489195e-07
3388330419_85d72f7cda.jpg,8.096918259e-07
2372763106_ddea79d36e.jpg,5.518243477e-07
3211437611_bd4af3730b.jpg,4.417546117e-07
897406883_f09f673d94.jpg,6.358091851e-07
482882307_7dcb9eee11.jpg,7.335510615e-07
535123126_c06c1ab9bf.jpg,3.208128051e-07
3419238351_ac18b440c0.jpg,5.658120175e-07
3189251454_03b76c2e92.jpg,1.079060819e-06
2967549094_d32422eb01.jpg,4.273968357e-07
3123526484_02952e40fc.jpg,8.393727338e-07
3242354561_54e5a34925.jpg,1.074026447e-06
3555573680_41c1540a86.jpg,5.176315875e-07
3542418447_7c337360d6.jpg,5.595288928e-07
1432342377_3e41603f26.jpg,4.26391259e-07
3581451227_618854cea4.jpg,5.871554802e-07
2678612999_893ed671f8.jpg,5.210252969e-07
3614881872_ccf9739b0e.jpg,5.295514762e-07
2474092890_6c0781a8ed.jpg,6.714610996e-07
3143765063_a7761b16d3.jpg,4.910205824e-07
3070011270_390e597783.jpg,7.749420475e-07
285306009_f6ddabe687.jpg,4.299425218e-07
3671933270_d124e9a1a4.jpg,4.115450738e-07
267015208_d80b3eb94d.jpg,6.04461016e-07
1597557856_30640e0b43.jpg,5.694152071e-07
2538423833_d1f492d1fb.jpg,5.849131212e-07
3534183988_3763593dfb.jpg,7.876485336e-07
3510695264_ef460fa6cc.jpg,5.764209484e-07
3249738122_decde6c117.jpg,6.366879808e-07
3468275336_61936db92d.jpg,6.603712829e-07
2737233999_34d60dc5c3.jpg,4.025644849e-07
3338474677_7376e426c2.jpg,4.58829786e-07
3223606402_bb2aa6db95.jpg,3.898409621e-07
2703155733_19ac6f97a8.jpg,4.477458475e-07
811662356_f9a632b63c.jpg,8.50291871e-07
475778645_65b7343c47.jpg,5.268484982e-07
244910177_7c4ec3f65b.jpg,3.5080143e-07
2052702658_da1204f6d1.jpg,1.143042426e-06
524282699_71e678a6bd.jpg,5.042874995e-07
255330891_86d65dfdbf.jpg,5.827588718e-07
1679557684_50a206e4a9.jpg,4.967972522e-07
3459858555_c3f0087a72.jpg,5.86773946e-07
2891240104_6755281868.jpg,4.804481543e-07
3385956569_a849218e34.jpg,6.906610187e-07
2190227737_6e0bde2623.jpg,5.76078282e-07
3415589320_71a5bf64cf.jpg,5.472244579e-07
1402843760_d30f1dbf0f.jpg,6.085581201e-07
795081510_53fd17d101.jpg,5.475788002e-07
1713248099_d860df4e10.jpg,4.793693545e-07
2905975229_7c37156dbe.jpg,6.967900841e-07
2757779501_c41c86a595.jpg,4.938583463e-07
3183875944_b2be694e06.jpg,5.11913205e-07
3516299821_8f0375d221.jpg,5.211599851e-07
3370308329_7f2de5bb58.jpg,6.405724041e-07
2727051596_be65bfb3d3.jpg,3.865486968e-07
3564543247_05cdbc31cf.jpg,3.925450613e-07
3155451946_c0862c70cb.jpg,4.336767059e-07
688210930_85c5675d5b.jpg,4.888022786e-07
2716251485_d6113f4c8a.jpg,4.102540155e-07
2282043629_91b7831352.jpg,5.081559849e-07
261737543_b8fdc24671.jpg,5.209972377e-07
3195969533_98f5de0fab.jpg,6.715243428e-07
3459156091_c1879ebe28.jpg,4.703103755e-07
2950637275_98f1e30cca.jpg,5.674678047e-07
1030985833_b0902ea560.jpg,4.543724184e-07
3072782873_3278f3b3a7.jpg,4.983863738e-07
2564888404_b57f89d3c7.jpg,4.628767698e-07
3625049113_554d82c2a1.jpg,5.635496229e-07
1541272333_1624b22546.jpg,1.490990772e-06
3523474077_16e14bc54c.jpg,5.368708624e-07
1298866571_b4c496b71c.jpg,3.845504095e-07
1517340899_ee1c74a8f6.jpg,4.2999732e-07
300577374_bfccb0430b.jpg,9.559116211e-07
468102269_135938e209.jpg,4.366297785e-07
3608567609_aae96d4a5e.jpg,5.082781357e-07
2980445969_a86f4e6a0e.jpg,5.759228066e-07
3695517194_2a6b604cb2.jpg,4.06787981e-07
3563059800_c073081ce3.jpg,7.185067613e-07
387830531_e89c192b92.jpg,5.245118034e-07
2748435417_ea7bbcc17c.jpg,3.380979354e-07
2752084369_52e7867da7.jpg,4.254327644e-07
2868136205_3cf679208d.jpg,7.055723986e-07
3684562647_28dc325522.jpg,5.273370408e-07
3412036192_d8cd12ed3f.jpg,1.011739531e-06
1858963639_4588cd4be9.jpg,4.894655639e-07
454691853_cc1e0fa6a1.jpg,6.106288954e-07
2914206497_5e36ac6324.jpg,4.53017488e-07
3225880532_c8d5d1d798.jpg,5.615192026e-07
3696246123_99d4d10140.jpg,5.961027222e-07
3422219732_3d0be52cc3.jpg,4.233938259e-07
2938072630_d641b63e4d.jpg,7.468595155e-07
3255737244_1f8948fc07.jpg,7.117936794e-07
597543181_6a85ef4c17.jpg,7.484254353e-07
3494394662_3edfd4a34c.jpg,5.582792198e-07
3579686259_b1fe6aefc9.jpg,4.324889801e-07
517094985_4b9e926936.jpg,7.359782753e-07
2106772874_381824648b.jpg,5.480201422e-07
2466093839_33bbc8cbd9.jpg,6.233795916e-07
473220329_819a913bbb.jpg,5.904707779e-07
513116697_ad0f4dc800.jpg,4.072358188e-07
3173976185_8a50123050.jpg,1.009095059e-06
370713359_7560808550.jpg,5.38615656e-07
3597921737_3fd1d0665b.jpg,3.230711873e-07
3128164023_ebe8da4c32.jpg,7.331482487e-07
3214573346_d3a57f0328.jpg,8.428275453e-07
1418503947_953d373632.jpg,4.056486755e-07
3235542079_2fcf4951a1.jpg,4.254808444e-07
2129430111_338a94f8fb.jpg,4.834943776e-07
2181117039_c4eea8036e.jpg,6.716775294e-07
2451988767_244bff98d1.jpg,3.915743269e-07
3163563871_cef3cf33ea.jpg,4.233921107e-07
3143574389_8a4048fbe2.jpg,5.637671117e-07
2896180326_88785fe078.jpg,3.787825681e-07
1387785218_cee67735f5.jpg,5.476867849e-07
3596131692_91b8a05606.jpg,5.798729321e-07
2842609837_b3a0b383f7.jpg,5.840170216e-07
3269661567_faf190885a.jpg,5.864866873e-07
1075881101_d55c46bece.jpg,4.004880945e-07
760180310_3c6bd4fd1f.jpg,9.59773213e-07
3497238310_2abde3965d.jpg,6.425758093e-07
3211556865_d1d9becf69.jpg,4.346973888e-07
3326249355_e7a7c71f06.jpg,3.964568363e-07
3433470650_a8b1c27173.jpg,3.847820812e-07
1289142574_2bd6a082dd.jpg,5.678313648e-07
2309860995_c2e2a0feeb.jpg,5.970750197e-07
2982928615_06db40f4cd.jpg,1.104231393e-06
2360194369_d2fd03b337.jpg,6.071995244e-07
3678098428_40c1b74cc2.jpg,6.219326175e-07
3076052114_233f42ae5b.jpg,4.46904348e-07
1288909046_d2b2b62607.jpg,7.125738624e-07
475317104_1cdc1653b4.jpg,6.859492133e-07
3547313700_39368b9a2f.jpg,8.936527786e-07
3477778668_81ff0a68e0.jpg,5.503296604e-07
3208571574_6dc1a461c5.jpg,5.6134169e-07
3487820317_3728e7569e.jpg,4.334392544e-07
1248953128_24c9f8d924.jpg,5.069499302e-07
3538213870_9856a76b2a.jpg,6.081931286e-07
457631171_12b1aee828.jpg,4.791039233e-07
2070798293_6b9405e04d.jpg,6.332840701e-07
3164415865_612f9fd8bc.jpg,5.787327792e-07
2105756457_a100d8434e.jpg,7.96233281e-07
284441196_8ebb216d0d.jpg,9.10220251e-07
3452982513_36f2bc81fa.jpg,7.832823225e-07
2084157130_f288e492e4.jpg,7.817205886e-07
2455286250_fb6a66175a.jpg,6.464131532e-07
2618322793_5fb164d86a.jpg,4.577582032e-07
3439982121_0afc6d5973.jpg,8.354214521e-07
2549452277_873cb80d3e.jpg,6.433968837e-07
2095007523_591f255708.jpg,1.548441477e-06
2604305843_ebe3e8a328.jpg,5.397407245e-07
2923497185_c64004ff2d.jpg,5.827147678e-07
3286017638_c688c83e3d.jpg,6.93420541e-07
3091594712_2166604334.jpg,6.47847676e-07
2709683703_5385ea9ef4.jpg,4.206011024e-07
3591170729_406fdb74e5.jpg,8.440818997e-07
2682194299_92005b26c6.jpg,5.255659473e-07
2870194345_0bcbac1aa5.jpg,4.657729065e-07
1472653060_7427d2865a.jpg,4.805421788e-07
3445296377_1e5082b44b.jpg,3.980552927e-07
305749904_54a612fd1a.jpg,5.558796829e-07
248858242_1c33c54ada.jpg,6.324105245e-07
3431194126_ca78f5fde6.jpg,4.305879818e-07
3246991821_750a3097e2.jpg,5.892631328e-07
2313822078_282dc07531.jpg,5.869062255e-07
3464708890_3cab754998.jpg,5.17727547e-07
2963672852_c28043bb2c.jpg,4.205488709e-07
2171576939_d1e72daab2.jpg,5.048268532e-07
2419591925_1038c6c570.jpg,8.546461587e-07
2924259848_effb4dcb82.jpg,3.776118454e-07
1141718391_24164bf1b1.jpg,3.648109487e-07
389643437_9a9830a3ba.jpg,5.386407622e-07
1075716537_62105738b4.jpg,8.942915536e-07
509200598_171a1ab6c8.jpg,4.695826445e-07
380527679_574749123d.jpg,5.368923819e-07
590445887_4d4fa43923.jpg,5.869280076e-07
3198231851_6b1727482b.jpg,5.457001994e-07
69710411_2cf537f61f.jpg,4.482174496e-07
3540598210_972f0ff573.jpg,7.939446023e-07
1924234308_c9ddcf206d.jpg,4.854820646e-07
3096163135_584901a5ae.jpg,3.556175695e-07
1745110280_0cbff5e273.jpg,5.907846151e-07
370614351_98b8a166b9.jpg,4.888122648e-07
3689727848_b53f931130.jpg,4.919886951e-07
244910130_e1f823a28a.jpg,6.403874767e-07
3542771548_fcb8fa0cba.jpg,3.101416207e-07
3211453055_05cbfe37cd.jpg,4.27624392e-07
2428959030_bdffc2812e.jpg,5.110835955e-07
3540416139_c884f38351.jpg,6.306933129e-07
1153704539_542f7aa3a5.jpg,4.685509259e-07
3477315700_52a4d740a5.jpg,4.834135182e-07
3255482333_5bcee79f7e.jpg,7.073425475e-07
2109370875_05241bdda7.jpg,7.701458944e-07
485921585_1974b1577a.jpg,3.08754473e-07
405961988_fcfe97f31e.jpg,5.530803061e-07
3583903436_028b06c489.jpg,6.281145209e-07
3401437960_7da856e004.jpg,6.802781844e-07
2087640654_1a84577a44.jpg,6.099187658e-07
241347391_4fcd4639f4.jpg,6.585628762e-07
2445283938_ff477c7952.jpg,6.125713725e-07
467858872_f3431df682.jpg,8.497836573e-07
2716457668_187a6d2b1c.jpg,6.220678844e-07
2894217628_f1a4153dca.jpg,4.535546989e-07
3101378069_f8caa14c0a.jpg,6.844951851e-07
3149804151_1cc8d10783.jpg,5.004448485e-07
3143978284_ac086be9a3.jpg,7.948927378e-07
2746839158_4195210d27.jpg,4.848106245e-07
3543600125_223747ef4c.jpg,7.141197069e-07
3185662156_c877583c53.jpg,7.817968319e-07
3685373706_37f2ced9ff.jpg,6.554351868e-07
1235580648_7eebaed9bc.jpg,4.040261504e-07
2369452202_8b0e8e25ca.jpg,6.992305783e-07
3127888173_9a9a8ac3bd.jpg,4.8910421e-07
3259119085_21613b69df.jpg,7.340597024e-07
97105139_fae46fe8ef.jpg,7.919088794e-07
2282895743_f803f1cf01.jpg,9.933634124e-07
3214151585_f2d0b00b41.jpg,6.523225626e-07
3226796100_08c49cfa5c.jpg,3.674435513e-07
3199895624_4f01798c6f.jpg,6.149484432e-07
3498327617_d2e3db3ee3.jpg,6.724253609e-07
3268443910_b36dbc1e5c.jpg,4.600914562e-07
2402793046_3385554e81.jpg,3.946241979e-07
2435166927_28b8130660.jpg,5.518935726e-07
3363750526_efcedc47a9.jpg,8.589958329e-07
3439414478_8038ba9409.jpg,8.497460522e-07
836768303_d748df5546.jpg,3.776975907e-07
3518608016_46453d8b18.jpg,5.427936228e-07
3053785363_50392f2c53.jpg,8.119415551e-07
1193116658_c0161c35b5.jpg,3.36220679e-07
412203580_2c7278909c.jpg,4.918420178e-07
506882688_b37d549593.jpg,8.370487772e-07
269630255_c3ec75c792.jpg,4.597770342e-07
2613209320_edf6a2b7e9.jpg,6.184939018e-07
3351596152_bf283f03d1.jpg,6.072738346e-07
3515665835_22e6fb1193.jpg,5.820445482e-07
3631671718_d712821757.jpg,5.280076571e-07
524360969_472a7152f0.jpg,5.68571187e-07
2860872588_f2c7b30e1a.jpg,9.061775662e-07
2930318834_8366811283.jpg,7.280657723e-07
411216802_aead9e67e3.jpg,4.319319006e-07
2389107995_ec756f3514.jpg,4.383935874e-07
3546027589_253553252a.jpg,5.75735347e-07
2555521861_fc36fd3ab0.jpg,5.083257676e-07
2667783499_3a4f38f636.jpg,4.509229691e-07
2926786902_815a99a154.jpg,3.87951343e-07
3258394043_a0b6a94dce.jpg,4.416566511e-07
408233586_f2c1be3ce1.jpg,5.386035607e-07
1415591512_a84644750c.jpg,7.515616843e-07
837893113_81854e94e3.jpg,7.146619435e-07
3356901257_83811a19eb.jpg,7.10843499e-07
2815256108_fc1302117d.jpg,4.774896011e-07
3526897578_3cf77da99b.jpg,9.752317881e-07
3151492269_28d8edaa68.jpg,1.213644797e-06
1308617539_54e1a3dfbe.jpg,7.102629288e-07
2089350172_dc2cf9fcf6.jpg,6.292048416e-07
528500099_7be78a0ca5.jpg,5.917606644e-07
2219959872_988e6d498e.jpg,7.010118686e-07
1456393634_74022d9056.jpg,4.613187255e-07
3336361161_c06cdd160e.jpg,6.496033524e-07
2371749487_d80195a2e7.jpg,6.72558544e-07
455611732_d65bf3e976.jpg,7.069282907e-07
1975531316_8b00eeaaf7.jpg,8.980596763e-07
954987350_a0c608b467.jpg,6.115789404e-07
96399948_b86c61bfe6.jpg,7.860944841e-07
3454621502_73af6742fb.jpg,5.177355931e-07
2601008162_f00eeb5c14.jpg,6.990241865e-07
3424851862_0f51c42922.jpg,5.600986853e-07
2729685399_56c0e104b1.jpg,6.815673902e-07
2101808682_0d66ef4a08.jpg,7.874572007e-07
2863349041_5eba6e3e21.jpg,1.209965139e-06
207584893_63e73c5c28.jpg,9.825150648e-07
2460797929_66446c13db.jpg,5.111635592e-07
1307635496_94442dc21a.jpg,5.399361527e-07
2521770311_3086ca90de.jpg,1.084528208e-06
3679502342_7fe6ef8a36.jpg,6.842036487e-07
3349528565_0bc013b70a.jpg,5.887166008e-07
2682382530_f9f8fd1e89.jpg,4.329886913e-07
362316425_bda238b4de.jpg,7.545781662e-07
3681414069_71ba164f71.jpg,7.574839577e-07
461505235_590102a5bf.jpg,7.050013282e-07
2195887578_3ba2f29b48.jpg,5.81533349e-07
3640109324_3ce89e4d1a.jpg,6.080733384e-07
2513260012_03d33305cf.jpg,6.342152084e-07
895502702_5170ada2ee.jpg,5.978081468e-07
556568556_bc5124dc8e.jpg,3.876078271e-07
2038662925_f4fa8c2534.jpg,5.461397984e-07
1130369873_d80a1aa59c.jpg,7.489012562e-07
2814037463_74de97da86.jpg,5.98747482e-07
3091177347_58c85c1c3b.jpg,6.3014781e-07
2201192417_d934730fea.jpg,7.714779644e-07
2394857899_76bfdf720b.jpg,4.014909653e-07
3158327361_6f1a518228.jpg,3.419514262e-07
3420323191_d66e003264.jpg,6.44940761e-07
3569329986_1f468729b2.jpg,6.677530834e-07
487487795_54705c406e.jpg,7.076066631e-07
241347664_4a3e7e5be7.jpg,7.51551742e-07
307994435_592f933a6d.jpg,6.313919921e-07
3504479370_ff2d89a043.jpg,4.297805275e-07
2774581025_81a3074e2e.jpg,7.949288739e-07
2381583688_a6dd0a7279.jpg,5.745068191e-07
2560388887_55abc9083d.jpg,4.963745734e-07
263233914_d25004e4cd.jpg,7.765740817e-07
3236447445_eecafdf4f0.jpg,7.103943193e-07
2252635585_b48b3485b0.jpg,3.024040278e-07
2618866067_07cbc83dc5.jpg,7.326557716e-07
3126225245_96cd2c053f.jpg,5.491909009e-07
326334188_8850b7bfd4.jpg,8.538064181e-07
3284887033_e2e48f1863.jpg,5.33986374e-07
2491343114_a3e35a2a3a.jpg,9.882034664e-07
2467803152_70eeca1334.jpg,3.713443976e-07
3228069008_edb2961fc4.jpg,1.004475815e-06
2192026581_b782d1355a.jpg,5.034947746e-07
3726019124_f302b3d48a.jpg,4.440531736e-07
2588927489_f4da2f11ec.jpg,4.763069089e-07
3637013_c675de7705.jpg,3.929455098e-07
3523920786_0eb63993fd.jpg,7.539533287e-07
1337792872_d01a390b33.jpg,4.265434855e-07
2766630484_ce73f47031.jpg,6.622482092e-07
2396669903_5217a83641.jpg,6.367623655e-07
2183967273_d182e18cf6.jpg,5.592320899e-07
3706356018_28f62290e8.jpg,3.644171601e-07
3265964840_5374ed9c53.jpg,5.106404548e-07
1355703632_5683a4b6fb.jpg,9.099004272e-07
3530502404_f8c3a3f61c.jpg,2.826541335e-07
3248408149_41a8dd90d3.jpg,4.854158818e-07
2473293833_78820d2eaa.jpg,5.110203782e-07
2480664591_e6d22ed61c.jpg,8.453821934e-07
3585598356_8ce815bbb9.jpg,3.399629112e-07
2844641033_dab3715a99.jpg,5.511162883e-07
1785138090_76a56aaabc.jpg,1.285343628e-06
3231237864_8cb1c6d863.jpg,3.427300853e-07
3639363462_bcdb21de29.jpg,6.006622813e-07
1019604187_d087bf9a5f.jpg,5.693739461e-07
1515025681_999199cb79.jpg,5.109792938e-07
2594902417_f65d8866a8.jpg,5.997861356e-07
2866820467_ae699235a7.jpg,4.125061309e-07
3219122000_bd6b4ae5ff.jpg,1.108339511e-06
3677927146_1696f0b075.jpg,7.960881884e-07
3033257301_e2c8a39b04.jpg,6.105304676e-07
511844627_0ec78e01e9.jpg,6.677160183e-07
3300679815_2c6c2301cb.jpg,3.737851481e-07
356143774_ef3e93eede.jpg,6.283852503e-07
2328616978_fb21be2b87.jpg,5.780627373e-07
2088460083_42ee8a595a.jpg,9.210940764e-07
514073775_56796be990.jpg,4.99768836e-07
1143373711_2e90b7b799.jpg,5.434536199e-07
1056249424_ef2a2e041c.jpg,4.37082168e-07
1417031097_ab656bc4bd.jpg,4.834112605e-07
1356796100_b265479721.jpg,7.903122217e-07
286660725_ffdbdf3481.jpg,6.982215319e-07
539667015_fd0a3bea07.jpg,3.131982108e-07
3330680118_4e541889c1.jpg,5.078136733e-07
2677614492_792023b928.jpg,6.703613569e-07
557101732_32bbc47c12.jpg,4.028905687e-07
464251704_b0f0c4c87a.jpg,4.229741164e-07
2586028627_ddd054d8cc.jpg,5.27163491e-07
1244306891_8e78ae1620.jpg,6.621089208e-07
1821238649_2fda79d6d7.jpg,5.52203437e-07
3505657604_8899161734.jpg,6.430844537e-07
3105691757_817083b0a6.jpg,6.563013454e-07
2562377955_8d670ccec6.jpg,5.526483844e-07
1355450069_c0675b0706.jpg,7.007007566e-07
3452341579_0147d2199b.jpg,6.750842294e-07
3339586622_a7676b30e1.jpg,3.790771175e-07
2192802444_b14bb87b95.jpg,4.261944754e-07
2631300484_be8621d17b.jpg,4.685071549e-07
533483374_86c5d4c13e.jpg,7.094116881e-07
210686241_b8e069fff3.jpg,9.899988731e-07
2890075175_4bd32b201a.jpg,4.237135973e-07
3182996527_70d9c323d5.jpg,4.44726286e-07
1313961775_824b87d155.jpg,5.731678502e-07
1417941060_2a0f7908bc.jpg,3.224089712e-07
3173461705_b5cdeef1eb.jpg,4.373518944e-07
3339140382_2e49bc324a.jpg,6.781910986e-07
3050606344_af711c726c.jpg,6.780917193e-07
103195344_5d2dc613a3.jpg,5.109155344e-07
3172369593_eb4d787ffb.jpg,3.861937047e-07
2930616480_7fd45ca79b.jpg,3.734014246e-07
3482879314_d3387e95b1.jpg,4.914205427e-07
566446626_9793890f95.jpg,4.767948906e-07
3417662443_2eaea88977.jpg,3.322186014e-07
174466741_329a52b2fe.jpg,6.122308306e-07
2319175397_3e586cfaf8.jpg,1.070815006e-06
3564436847_57825db87d.jpg,6.152471866e-07
3494105596_f05cb0d56f.jpg,4.529529441e-07
2283966256_70317e1759.jpg,4.202569985e-07
429270993_294ba8e64c.jpg,6.218729355e-07
540721368_12ac732c6c.jpg,4.577308089e-07
312427606_defa0dfaa8.jpg,8.380482396e-07
3404906655_bc51c69c1e.jpg,6.366229559e-07
3217187564_0ffd89dec1.jpg,5.244672579e-07
3383388869_a14552e551.jpg,9.353838277e-07
523991446_65dbc5a4a5.jpg,8.54585182e-07
2801146217_03a0b59ccb.jpg,6.232748196e-07
839295615_bb9baf2f95.jpg,5.592013906e-07
2436081047_bca044c1d3.jpg,5.807379237e-07
472396131_6e97068d93.jpg,5.358746246e-07
3648160673_0c783236a6.jpg,8.491397153e-07
407569668_19b3f8eaf6.jpg,4.676243058e-07
3607405494_0df89110a6.jpg,7.285765987e-07
3666169738_a8c74cf745.jpg,7.37239569e-07
3551447084_becc6a4666.jpg,4.478594176e-07
2182488373_df73c7cc09.jpg,5.615817864e-07
2003663004_5b70920a98.jpg,3.951626788e-07
1797507760_384744fb34.jpg,6.293223441e-07
3372214646_cc2ceb182f.jpg,6.114907156e-07
468930779_8008d90e10.jpg,5.10274609e-07
3016178284_ec50a09e8c.jpg,4.559958256e-07
3077781040_bc27778609.jpg,7.354381603e-07
3306951622_93b82cac21.jpg,6.992888346e-07
1282392036_5a0328eb86.jpg,6.022529383e-07
3459570613_3932816d3f.jpg,6.311937558e-07
2414397449_2ac3b78e0d.jpg,9.503749444e-07
3536561454_e75993d903.jpg,4.558401706e-07
2191453879_11dfe2ba3a.jpg,5.649754505e-07
2274602044_b3d55df235.jpg,9.240208773e-07
2272426567_9e9fb79db0.jpg,5.147304117e-07
3312096605_f458757418.jpg,9.655882101e-07
3225998968_ef786d86e0.jpg,7.232485311e-07
2746072388_b127f8259b.jpg,7.839604389e-07
3722507770_0d6cb7420e.jpg,6.79738523e-07
518144037_9a1754b2a6.jpg,4.457026729e-07
1056359656_662cee0814.jpg,4.36367387e-07
3177298173_78cea31d64.jpg,8.196288416e-07
3654869593_c8599a8e20.jpg,6.425130082e-07
772403830_08b72c7da9.jpg,9.737862079e-07
450596617_ed37ec0fe4.jpg,4.397662091e-07
1425485485_d7c97a5470.jpg,9.225144569e-07
3088922727_4bdf2ccc94.jpg,5.105590139e-07
3558683579_8fb36b55a6.jpg,5.425911923e-07
3273091032_98f724b36b.jpg,4.318141028e-07
1860543210_47e94cf652.jpg,6.275256249e-07
3334953664_a669038795.jpg,4.01138693e-07
2869765795_21a398cb24.jpg,6.652925056e-07
3351370405_e417e38f52.jpg,5.327548579e-07
566794440_f9ec673a2f.jpg,5.65219463e-07
3392293702_ccb0599857.jpg,7.363437185e-07
3567061016_62768dcce1.jpg,3.958269282e-07
3015898903_70bebb8903.jpg,6.392254853e-07
1469000260_5d473c8283.jpg,5.449779952e-07
2517082705_93bc9f73ec.jpg,5.470624015e-07
3349194268_0ee555c9a2.jpg,6.201598421e-07
435739506_2daf7f4887.jpg,5.671704059e-07
319869052_08b000e4af.jpg,7.466176572e-07
3208074567_ac44aeb3f3.jpg,6.082325426e-07
2404488732_ca1bbdacc2.jpg,6.172713333e-07
486917990_72bd4069af.jpg,8.226670335e-07
3009644534_992e9ea2a7.jpg,5.571390739e-07
310728631_155c3bbeea.jpg,5.123125044e-07
2665461736_595c87f0a3.jpg,6.231634411e-07
288177922_b889f2e1fe.jpg,4.459330833e-07
2854959952_3991a385ab.jpg,7.970205416e-07
1837976956_3c45d0f9b8.jpg,5.089742455e-07
385835044_4aa11f6990.jpg,6.532957646e-07
3264650118_be7df266e7.jpg,4.153826829e-07
3649224118_abe73c672c.jpg,5.964350889e-07
2602083686_e8a1af69cf.jpg,3.49631018e-07
374176648_ba4b88c221.jpg,5.67588558e-07
428796930_476a3d6395.jpg,2.94890803e-07
2088910854_c6f8d4f5f9.jpg,5.826277135e-07
459284240_5a4167bf92.jpg,5.510981104e-07
3394586927_eae7732b64.jpg,5.399107937e-07
2502835694_4fe121bbea.jpg,5.886088149e-07
2842032768_9d9ce04385.jpg,6.742967845e-07
2312747482_20a81b2230.jpg,5.888298454e-07
3330333217_1a69497a74.jpg,6.4775812e-07
2064792226_97e41d8167.jpg,6.460078488e-07
3614595423_f9e0ab4fb0.jpg,5.15639901e-07
2540750172_070250ece5.jpg,5.347278141e-07
2251747182_6b67a3ab8b.jpg,5.557320789e-07
3631136463_53ff624b82.jpg,3.545829771e-07
2497608431_8dfefc7a1a.jpg,3.956813967e-07
1164131282_b30926f332.jpg,9.424131491e-07
2089442007_6fc798548c.jpg,7.527637305e-07
2045023435_181854c013.jpg,3.561895267e-07
451081733_40218cec31.jpg,4.380965313e-07
3701226275_952547ba0f.jpg,6.09751798e-07
3613242966_a1c63a0174.jpg,6.638676968e-07
437054333_5c2761b8cd.jpg,1.915741485e-07
2198484810_50a893824a.jpg,4.394788231e-07
166507476_9be5b9852a.jpg,4.462475968e-07
3585495069_33cba06d0a.jpg,5.956578951e-07
33108590_d685bfe51c.jpg,5.974256881e-07
3066491113_86569e15be.jpg,5.563492592e-07
3091912922_0d6ebc8f6a.jpg,6.164541031e-07
2860667542_95abec3380.jpg,4.153264685e-07
1363843090_9425d93064.jpg,4.622151825e-07
2690538407_7ca157be85.jpg,7.231880976e-07
3420469425_2980b4cd30.jpg,4.939235853e-07
2666205903_8d287669e1.jpg,8.427584703e-07
1280147517_98767ca3b3.jpg,7.252229927e-07
55473406_1d2271c1f2.jpg,6.748346532e-07
1797554350_20998753c0.jpg,6.574377403e-07
3569667295_6e51db08ef.jpg,6.714214241e-07
3457572788_e1fe4f6480.jpg,5.474150796e-07
3409947123_a8d07edecf.jpg,5.879235203e-07
181157221_e12410ef0b.jpg,5.573536818e-07
3737539561_d1dc161040.jpg,3.550441378e-07
2114355355_9d7e2d8178.jpg,5.665677686e-07
536721406_884ab8fece.jpg,3.665220203e-07
1809758121_96026913bb.jpg,6.252707324e-07
2473689180_e9d8fd656a.jpg,6.171197599e-07
2655183854_5852790214.jpg,3.987639746e-07
3624676866_8f6d0efcc9.jpg,4.816432646e-07
3551003620_0b02d76f65.jpg,6.158998809e-07
3451523035_b61d79f6a8.jpg,6.096127443e-07
3072611047_109bf8b7c3.jpg,5.299331946e-07
3049649128_d83d847168.jpg,6.064478654e-07
3155987659_b9ea318dd3.jpg,4.044764399e-07
506343925_b30a235de6.jpg,6.457723109e-07
512031915_0dd03dcdf9.jpg,8.641314537e-07
2686432878_0697dbc048.jpg,4.466002178e-07
1680126311_b92a2e8e72.jpg,7.061160615e-07
2543247940_083f1b7969.jpg,5.532840115e-07
2696394827_7342ced36f.jpg,6.476482647e-07
2899374885_f3b2b1a290.jpg,8.056952627e-07
2611651553_61f859837e.jpg,3.872030722e-07
3103264875_2a8d534abc.jpg,1.704085559e-06
2255338013_566127590b.jpg,6.918577223e-07
2036407732_d5a0389bba.jpg,5.941116731e-07
1285067106_2adc307240.jpg,5.203962068e-07
2687328779_b4356dab16.jpg,7.196692056e-07
3309082580_7228067ee0.jpg,5.376416523e-07
2189995738_352607a63b.jpg,4.864184229e-07
2857372127_d86639002c.jpg,6.13159051e-07
397451339_76a84bd310.jpg,4.728327456e-07
185057637_e8ada37343.jpg,3.594792086e-07
3619381206_5bc8b406f9.jpg,4.820425321e-07
2738077433_10e6264b6f.jpg,5.818613005e-07
583087629_a09334e1fb.jpg,8.998728545e-07
2596100297_372bd0f739.jpg,6.933882296e-07
2212472643_80238475b5.jpg,6.503972453e-07
3304556387_203b9d4db0.jpg,3.762058367e-07
3189964753_a95536ced9.jpg,4.164053652e-07
2301379282_5fbcf230d1.jpg,6.646082597e-07
434938585_fbf913dfb4.jpg,6.35785442e-07
1801063894_60bce29e19.jpg,6.03967894e-07
2471447879_6554cefb16.jpg,6.443888644e-07
2853811730_fbb8ab0878.jpg,4.913888539e-07
504385521_6e668691a3.jpg,8.349269134e-07
3221128704_d1205db79b.jpg,5.197483902e-07
2149982207_5345633bbf.jpg,6.797217342e-07
241346794_4319f8af67.jpg,6.65248833e-07
109823397_e35154645f.jpg,4.835572644e-07
3042380610_c5ea61eef8.jpg,4.20774781e-07
252802010_3d47bee500.jpg,7.899803486e-07
1569687608_0e3b3ad044.jpg,7.731276509e-07
562928217_21f967a807.jpg,3.858936629e-07
3441531010_8eebbb507e.jpg,5.668509715e-07
3707283973_5cdaa39340.jpg,4.689888245e-07
2298283771_fb21a4217e.jpg,5.522331812e-07
3099694681_19a72c8bdc.jpg,4.949974521e-07
19212715_20476497a3.jpg,7.089242369e-07
3699763582_f28c5130dd.jpg,6.647341913e-07
745563422_f4fa7d9157.jpg,7.629170347e-07
1550772959_9ca9fa625f.jpg,4.212956224e-07
990890291_afc72be141.jpg,3.855670503e-07
2481490320_7978c76271.jpg,1.097522772e-06
432167214_c17fcc1a2d.jpg,5.043933669e-07
835415474_7b7f2a9768.jpg,3.768228613e-07
2203449950_e51d0f9065.jpg,5.124555127e-07
2273871383_1ddb3562ea.jpg,7.550276539e-07
3091580843_178042c50b.jpg,3.485326294e-07
3676788491_01e9bc5f15.jpg,5.404118701e-07
1003163366_44323f5815.jpg,5.050305742e-07
3196995975_3e38eabf01.jpg,8.950515547e-07
2663794355_e726ec7e05.jpg,5.861244141e-07
1056338697_4f7d7ce270.jpg,8.275132763e-07
2726301121_95a2fbd22b.jpg,6.009328356e-07
497122685_a51b29dc46.jpg,5.561243829e-07
1819261140_6c022f4b1d.jpg,4.885597164e-07
3638318149_b60450bfbe.jpg,5.954450936e-07
3222041930_f642f49d28.jpg,5.580529072e-07
2832076014_ff08c92037.jpg,7.776869467e-07
2663248626_f000f2661d.jpg,7.357348232e-07
365759754_6cf7068c9a.jpg,2.416274731e-07
3048821353_83d4c0cbb9.jpg,4.868359441e-07
1346529555_e916816cfe.jpg,8.045961941e-07
109260218_fca831f933.jpg,8.144117225e-07
3644941648_012ec87848.jpg,6.991750086e-07
1095580424_76f0aa8a3e.jpg,5.460505262e-07
3486340101_ff01d8f3f9.jpg,6.135476219e-07
2561849813_ff9caa52ac.jpg,4.610936567e-07
3281078518_630a7a7f4f.jpg,7.106264643e-07
1007129816_e794419615.jpg,4.045151533e-07
3293596075_973b0bfd08.jpg,8.133703285e-07
3256275785_9c3af57576.jpg,4.075644586e-07
2269795781_46a296aa21.jpg,4.664571301e-07
3043908909_bb54d2c08e.jpg,4.516973925e-07
3290465391_258429e2f9.jpg,2.469204225e-07
2247138288_7355861203.jpg,3.413767658e-07
3364861247_d590fa170d.jpg,4.891475789e-07
2427558437_3e839056d7.jpg,4.938047991e-07
2712352554_1cafd32812.jpg,5.34745013e-07
367964525_b1528ac6e4.jpg,6.885194827e-07
3415646718_f9f4e23a66.jpg,3.874734766e-07
1067675215_7336a694d6.jpg,5.604676279e-07
3271252073_0a1b9525fc.jpg,5.618559174e-07
3708177171_529bb4ff1d.jpg,3.612656968e-07
404216567_75b50b5a36.jpg,5.861037524e-07
3286620180_4b00e93e8e.jpg,5.350939188e-07
3726170067_094cc1b7e5.jpg,5.804702489e-07
2915538325_59e11276dd.jpg,7.468759495e-07
2766325714_189bbff388.jpg,7.291025812e-07
401079494_562454c4d6.jpg,5.275735722e-07
733964952_69f011a6c4.jpg,5.267152962e-07
3269087421_1d489abeae.jpg,4.439449657e-07
799199774_142b1c3bb2.jpg,5.641217632e-07
2573141440_28a762d537.jpg,7.725706995e-07
3150380412_7021e5444a.jpg,7.328278113e-07
2902269566_419d9f1d8e.jpg,4.62916457e-07
2281768510_9cc5728c55.jpg,7.142333063e-07
114949897_490ca7eaec.jpg,4.891603186e-07
3085667767_66041b202e.jpg,6.339306301e-07
2635483351_bc1a8273aa.jpg,5.481533225e-07
503090187_8758ab5680.jpg,7.953112004e-07
3520079657_b828d96d50.jpg,6.318598689e-07
3005126574_49c28ffbee.jpg,5.99588678e-07
2151056407_c9c09b0a02.jpg,4.550737075e-07
3222250187_ef610f267e.jpg,8.15946859e-07
318070878_92ead85868.jpg,3.416033007e-07
3658733605_fbcf570843.jpg,5.339543541e-07
2854234756_8c0e472f51.jpg,4.73028016e-07
282960970_574aa1ba49.jpg,1.061481352e-06
2209888959_d636b1be0b.jpg,8.633846724e-07
2570365455_41cc9a7d2b.jpg,5.403138221e-07
2607383384_d9ce9de793.jpg,5.596295955e-07
253762507_9c3356c2f6.jpg,6.225576992e-07
3354330935_de75be9d2f.jpg,6.846663134e-07
3027009366_c8362521e8.jpg,6.448357021e-07
2804851816_9aae9071ca.jpg,5.784175058e-07
358607894_5abb1250d3.jpg,6.414430518e-07
294709836_87126898fb.jpg,4.602297249e-07
3504275465_604ce2ef34.jpg,5.24493004e-07
3084018061_df66d98325.jpg,6.947634088e-07
3119887391_212f379797.jpg,7.649197758e-07
2238019823_79318d1f11.jpg,7.62246307e-07
3365602213_dd3287a633.jpg,4.01749662e-07
3675685612_3987d91d92.jpg,6.20863597e-07
408627152_1feaa4b94e.jpg,6.0512428e-07
752052256_243d111bf0.jpg,4.51629718e-07
241346215_037e18403a.jpg,7.11853186e-07
3708748633_e7e3cf4e84.jpg,6.854545138e-07
2836808985_b26e4ca09e.jpg,5.306290276e-07
1445754124_647168f211.jpg,4.643822683e-07
2328104318_5a43ca170c.jpg,5.994567747e-07
3301438465_10121a2412.jpg,4.309857707e-07
3021780428_497542a072.jpg,6.255242397e-07
241347271_a39a5a0070.jpg,6.878965561e-07
489551372_b19a6ad0ed.jpg,5.668037575e-07
2768662025_44001fe5d1.jpg,6.364710675e-07
2845845721_d0bc113ff7.jpg,6.061859859e-07
2086534745_1e4ab80078.jpg,6.353096149e-07
3335370208_460fc19bfa.jpg,5.073573847e-07
2290330500_e7bdaa58e1.jpg,6.629511271e-07
512045825_1be2083922.jpg,6.485248496e-07
509241560_00e5b20562.jpg,5.922324534e-07
3476237185_9389c536a3.jpg,6.792029917e-07
2694890967_7c7a89de16.jpg,4.20792849e-07
576093768_e78f91c176.jpg,6.994962051e-07
1528205014_1323aa9dfd.jpg,5.377303092e-07
3424605029_53078d3505.jpg,6.183360397e-07
3025549604_38b86198f5.jpg,4.824911755e-07
271770120_880e8d8e52.jpg,7.044554888e-07
2810412010_f8b3bc1207.jpg,4.32999793e-07
527946505_a51ade1578.jpg,3.72985154e-07
537479916_c033897fac.jpg,6.737631647e-07
2903617548_d3e38d7f88.jpg,8.570091864e-07
145721496_687af9bb18.jpg,8.911574817e-07
3627076769_3b71e73018.jpg,6.807265019e-07
3367758711_a8c09607ac.jpg,4.696696093e-07
2380765956_6313d8cae3.jpg,1.68099541e-06
3258391809_38fc6211f7.jpg,5.629049317e-07
3529314899_b4e533bb76.jpg,4.820227593e-07
2844018783_524b08e5aa.jpg,6.028167473e-07
2496236371_61dec88113.jpg,4.673188998e-07
3078844565_16e9cdcea2.jpg,7.260527744e-07
2466495935_623b144183.jpg,7.025275679e-07
2944193661_7b255af9cc.jpg,8.69649159e-07
2114126343_a0f74ff63b.jpg,5.257915859e-07
3461677493_5bfb73038e.jpg,7.567871847e-07
2792195540_af5fb95caa.jpg,7.808126568e-07
1124448967_2221af8dc5.jpg,5.506173596e-07
3328535573_33c3cd5b59.jpg,4.082592126e-07
3203908917_53e53c03d1.jpg,5.812798018e-07
1527513023_3d8152b379.jpg,4.473517488e-07
3353278454_2f3a4d0bbc.jpg,5.374068089e-07
369244499_752f0c1018.jpg,5.383207095e-07
2795287622_da187a3e86.jpg,3.993065172e-07
881725588_efabbcd96a.jpg,4.960921343e-07
3631344685_ed0f3e091b.jpg,5.008165712e-07
3490044563_8eb551ef59.jpg,4.66484103e-07
2619267133_53a5904ef4.jpg,6.064112431e-07
616045808_0286d0574b.jpg,4.622075481e-07
2833560457_24aedf3bef.jpg,6.63698002e-07
522652105_a89f1cf260.jpg,8.879804018e-07
766061382_6c7ff514c4.jpg,4.92654455e-07
2364394224_c17b09e035.jpg,2.370689191e-07
2681215810_00b0642f7b.jpg,4.175006458e-07
1526325728_74eb4153d8.jpg,1.159051416e-06
2871962580_b85ce502ba.jpg,5.553942561e-07
1224851143_33bcdd299c.jpg,7.311483563e-07
3520199925_ca18d0f41e.jpg,4.958414103e-07
2350400382_ced2b6c91e.jpg,4.486279126e-07
2826030193_4278ccb833.jpg,7.778241144e-07
2752043092_f48ebfeaa2.jpg,7.39185602e-07
3305767464_d64a336f60.jpg,3.966174414e-07
3159424456_f316bdc1d5.jpg,5.781677317e-07
3186412658_2ab2ebd397.jpg,4.52918218e-07
2662537919_18a29fca8a.jpg,4.676732795e-07
2832978253_8fcc72da3b.jpg,5.538151164e-07
186346360_541047336f.jpg,4.392613876e-07
2789937754_5d1fa62e95.jpg,6.257803499e-07
3150742439_b8a352e1e0.jpg,5.633310945e-07
1160034462_16b38174fe.jpg,5.457280287e-07
2986620935_e97763983d.jpg,2.805096802e-07
3527682660_c5e9fa644a.jpg,5.522436818e-07
2751567262_e089b33ed9.jpg,6.779503652e-07
2169067981_cc19268f23.jpg,5.034360649e-07
488196964_49159f11fd.jpg,4.550487347e-07
288880576_818b6ecfef.jpg,5.532991613e-07
2667549961_57e5e2c0a5.jpg,8.133891191e-07
3540515072_8c951b738b.jpg,7.575827767e-07
496555371_3e1ee0d97d.jpg,5.636654672e-07
3484820303_7be0e914b4.jpg,4.32911612e-07
2490768374_45d94fc658.jpg,7.557348298e-07
2579460386_94c489028d.jpg,5.771501914e-07
2927878881_90b42fc444.jpg,8.403841529e-07
1252396628_eb81d3905b.jpg,6.290783964e-07
2298097636_c5de0079de.jpg,1.020949957e-06
3596428453_8cfdec4869.jpg,4.741636677e-07
3423802527_94bd2b23b0.jpg,5.04994917e-07
368393384_86defdcde8.jpg,5.813611432e-07
2471974379_a4a4d2b389.jpg,4.732524612e-07
2704379125_9c35650d16.jpg,7.481001784e-07
1859941832_7faf6e5fa9.jpg,8.314752556e-07
415118186_64defc96f3.jpg,3.466897734e-07
3442844140_15aa45e9b8.jpg,7.788080123e-07
1119463452_69d4eecd08.jpg,4.471642399e-07
343218198_1ca90e0734.jpg,1.118308216e-06
3218481970_1fa627b3da.jpg,3.189582759e-07
3321956909_7b5ddf500f.jpg,9.904693496e-07
2390369143_6523253a73.jpg,6.58134783e-07
2272823323_3b7291cd47.jpg,4.566252854e-07
649596742_5ba84ce946.jpg,8.249174397e-07
3697378565_7060d9281a.jpg,4.422444114e-07
3019667009_20db160195.jpg,7.919309707e-07
268654674_d29e00b3d0.jpg,5.576828339e-07
2251992614_0c601fae2c.jpg,5.136796934e-07
262963190_a78b799e89.jpg,5.694305096e-07
3627216820_4952bacbcb.jpg,6.790395849e-07
872622575_ba1d3632cc.jpg,5.913964897e-07
2322327298_7948338390.jpg,6.513402719e-07
2039457436_fc30f5e1ce.jpg,7.322522587e-07
2987328689_96a2d814f1.jpg,7.505900417e-07
2194495372_bdac7d9e71.jpg,5.375109659e-07
375392855_54d46ed5c8.jpg,6.509502089e-07
2766291711_4e13a2b594.jpg,1.279664977e-06
2746910139_77ba5be2c5.jpg,5.921567051e-07
3349307529_c1a516b9dc.jpg,7.799161808e-07
3282434895_1c1efc1475.jpg,1.181950021e-06
307327914_f98f576adb.jpg,5.870343429e-07
1947351225_288d788983.jpg,6.035775503e-07
2481598514_05a65d1f72.jpg,4.301961863e-07
1271960365_e54033f883.jpg,5.173834728e-07
2245916742_73af13c733.jpg,6.132139335e-07
3357937209_cf4a9512ac.jpg,1.025340419e-06
3474176841_cde2bee67c.jpg,6.068005742e-07
3381584882_341ee3092f.jpg,6.050935531e-07
2460477085_088e25f857.jpg,5.296572616e-07
1141739219_2c47195e4c.jpg,3.095849988e-07
3145967019_1a83ebf712.jpg,4.108150755e-07
3577235421_69e4efb8d1.jpg,3.407748216e-07
1414820925_3504c394e1.jpg,9.472308247e-07
3500505549_d848209837.jpg,4.330961543e-07
2635164923_2a774f7854.jpg,8.436512485e-07
2432061076_0955d52854.jpg,5.767797839e-07
2384353160_f395e9a54b.jpg,8.954786367e-07
3613030730_0b28b079ba.jpg,9.819683601e-07
3196100539_102fe877b3.jpg,4.567866603e-07
2825540754_5e0c13e6b8.jpg,1.35535822e-06
3407317539_68765a3375.jpg,4.497855332e-07
1402859872_0fc8cf8108.jpg,8.759033644e-07
2452334314_a7c443a787.jpg,4.91432804e-07
1515883224_14e36a53c7.jpg,5.398612703e-07
256283122_a4ef4a17cb.jpg,6.08337643e-07
2784408839_53a25a21eb.jpg,5.516622873e-07
1427391496_ea512cbe7f.jpg,5.809939262e-07
3025513877_1a6160070d.jpg,3.169671143e-07
3282897060_8c584e2ce8.jpg,8.017956975e-07
2272750492_91e8f67328.jpg,4.956651496e-07
3415311628_c220a65762.jpg,5.202302808e-07
272156850_c4445a53f4.jpg,4.372386322e-07
2451285022_59255e7fd9.jpg,4.28957404e-07
3075068274_2a28a5263b.jpg,3.003568163e-07
2307451605_22e9c06530.jpg,6.51575861e-07
2281075738_230892b241.jpg,6.3886497e-07
3231575742_31732664cf.jpg,6.077322262e-07
2376694294_9a4ecc3b90.jpg,5.155933168e-07
441817653_fbdf83060b.jpg,5.585179392e-07
3421789737_f625dd17ed.jpg,5.642481189e-07
2086513494_dbbcb583e7.jpg,6.920680667e-07
3544573946_e03aebbfde.jpg,6.513159392e-07
1425069590_570cc7c2d8.jpg,4.352946503e-07
259314892_a42b8af664.jpg,4.858794951e-07
2518853257_02f30e282e.jpg,7.129393159e-07
260828892_7925d27865.jpg,6.566263087e-07
3551170666_01df31412d.jpg,1.269689043e-06
260850192_fd03ea26f1.jpg,4.898510728e-07
3550459890_161f436c8d.jpg,6.23817168e-07
3347701468_bb0001b035.jpg,6.453244751e-07
2993167197_e5d0a73530.jpg,5.194408805e-07
2544426580_317b1f1f73.jpg,5.98747178e-07
3183195653_11b66acb34.jpg,3.657687823e-07
3018847610_0bf4d7e43d.jpg,4.818939439e-07
2755314937_1e974bf2b5.jpg,6.982098396e-07
512163695_51a108761d.jpg,5.794697238e-07
2951092164_4940b9a517.jpg,5.797853744e-07
3569755200_cef7ee2233.jpg,6.878379475e-07
1448511770_1a4a9c453b.jpg,4.665989479e-07
505929313_7668f021ab.jpg,7.342999191e-07
3170551725_1276644eab.jpg,5.659192009e-07
2650485780_29d89268d7.jpg,6.047962555e-07
1130017585_1a219257ac.jpg,4.866323502e-07
249394748_2e4acfbbb5.jpg,7.286844405e-07
2728813605_cfc943e1ab.jpg,6.320183902e-07
724702877_f2a938766b.jpg,7.588387212e-07
3323528927_7b21081271.jpg,7.687084968e-07
3099965396_2a0018cb9e.jpg,5.185551521e-07
3660361818_e05367693f.jpg,5.762605431e-07
3339105374_cc41e0b7d7.jpg,7.24812013e-07
3595643050_d312e4b652.jpg,6.135802126e-07
3583516290_1c87a13770.jpg,5.15012094e-07
1294578091_2ad02fea91.jpg,6.499788517e-07
3523950181_414978964e.jpg,4.397660052e-07
2934628301_41ea2e6cf9.jpg,7.043743019e-07
2525716531_e6dedee421.jpg,5.729435619e-07
94232465_a135df2711.jpg,6.983373827e-07
2817230861_d27341dec0.jpg,4.216061425e-07
1187593464_ce862352c6.jpg,6.967447403e-07
2465497494_43d74df57c.jpg,4.486494954e-07
3639684919_cb6fbf5638.jpg,7.073323247e-07
3293642024_e136b74a55.jpg,4.897597422e-07
162152393_52ecd33fc5.jpg,4.30463976e-07
2815745115_c8479d560c.jpg,5.511940742e-07
516648762_0cff84ea97.jpg,7.96246952e-07
3355756569_b430a29c2a.jpg,5.912296044e-07
1564614124_0ee6799935.jpg,4.821947307e-07
2877159456_ea4a46b0d2.jpg,5.335153733e-07
3204712107_5a06a81002.jpg,4.500798786e-07
2083778090_3aecaa11cc.jpg,7.455164312e-07
3501083764_cf592292a6.jpg,5.004157056e-07
3394070357_cb2a3243fc.jpg,5.850118528e-07
2066241589_b80e9f676c.jpg,5.431928244e-07
2911928620_06c3fa293e.jpg,3.873447214e-07
481054596_cad8c02103.jpg,4.119057312e-07
953941506_5082c9160c.jpg,9.049535266e-07
3517056462_483ee5a914.jpg,6.033254279e-07
3375014075_157388f8a9.jpg,4.949117642e-07
3235076435_1eaa40bd0a.jpg,4.58109659e-07
2505056124_1276e8dbcb.jpg,6.068551446e-07
3209523192_05a4cef844.jpg,6.414371192e-07
2064417101_3b9d817f4a.jpg,5.661450322e-07
2252123185_487f21e336.jpg,4.241686374e-07
3255017708_2b02bfcdcf.jpg,6.174580508e-07
3101796900_59c15e0edc.jpg,6.367247551e-07
2650568697_ffb79bf2ea.jpg,5.74675187e-07
1312954382_cf6d70d63a.jpg,7.101335347e-07
3302804312_0272091cd5.jpg,5.054589319e-07
3317145805_071b15debb.jpg,4.171333618e-07
2497074804_b4f3e7fd90.jpg,4.189842997e-07
2629445284_83390e83af.jpg,5.118106704e-07
3726629271_7639634703.jpg,5.102561166e-07
3470303255_fbb41b8dd0.jpg,6.628187272e-07
2953015871_cae796b6e7.jpg,4.87734649e-07
3352531708_a65dd694b1.jpg,5.149975094e-07
2853205396_4fbe8d7a73.jpg,5.710362625e-07
2789648482_1df61f224a.jpg,1.963278227e-07
2324979199_4193ef7537.jpg,6.578147215e-07
2565350330_c7f305e7f7.jpg,5.353789918e-07
2675190069_d5c3b2c876.jpg,5.574104762e-07
2030781555_b7ff7be28f.jpg,4.110120228e-07
3445428367_25bafffe75.jpg,5.4256079e-07
3710971182_cb01c97d15.jpg,5.395618261e-07
245895500_a4eb97af02.jpg,8.6155341e-07
3185371756_ff4e9fa8a6.jpg,7.148935617e-07
3124964754_2e8a98fb09.jpg,3.923711045e-07
3111482098_11c0f4f309.jpg,3.588967037e-07
2571096893_694ce79768.jpg,5.931757308e-07
3383545083_1d7c95b003.jpg,7.929092404e-07
447111935_5af98563e3.jpg,3.245323346e-07
2304374703_555195d8d5.jpg,9.466918395e-07
3320209694_db579cb607.jpg,6.539411372e-07
3299820401_c2589186c5.jpg,4.929542408e-07
2172526745_649f420569.jpg,6.233472566e-07
3717531382_e1e05e22c5.jpg,5.926492154e-07
444047125_66b249287c.jpg,7.059751006e-07
2228022180_9597b2a458.jpg,6.146167633e-07
2432709509_2a4d0c833f.jpg,9.486776757e-07
2644916196_16f91dae54.jpg,9.314371956e-07
424506167_01f365726b.jpg,3.827198659e-07
3517362674_0f5296de19.jpg,6.69961878e-07
525968880_82623392d1.jpg,8.89436109e-07
2949982320_c704b31626.jpg,6.171845319e-07
3476381830_3751dd9339.jpg,4.826486959e-07
359173181_a75c950aeb.jpg,4.493147663e-07
518789868_8895ef8792.jpg,1.044280002e-06
2735792721_b8fe85e803.jpg,8.138668103e-07
2472678549_67068a1566.jpg,7.671736198e-07
1303727828_d1052ee341.jpg,4.740604008e-07
2501968935_02f2cd8079.jpg,4.262474291e-07
379006645_b9a2886b51.jpg,8.729723387e-07
3423249426_02bedf9260.jpg,4.476655473e-07
84713990_d3f3cef78b.jpg,6.096337779e-07
148512773_bae6901fd6.jpg,5.393458794e-07
3304712466_18cbdb85fe.jpg,4.446933085e-07
1801188148_a176954965.jpg,5.387182954e-07
2764732789_1392e962d0.jpg,5.366509291e-07
1142283988_6b227c5231.jpg,5.57626668e-07
3330102093_1d6e35e78d.jpg,4.794969814e-07
2094810449_f8df9dcdf7.jpg,7.036004653e-07
2851198725_37b6027625.jpg,6.808347716e-07
3451344589_6787bd06ef.jpg,3.968765539e-07
3007214949_a4b027f8a3.jpg,5.337285771e-07
3499720588_c32590108e.jpg,5.133839926e-07
2423085253_6c19149855.jpg,6.405789627e-07
488089932_c3a5fa4140.jpg,6.655578046e-07
2976684095_ce7ccfd423.jpg,8.052213732e-07
2458862292_466a920ee2.jpg,5.168630775e-07
3419197575_aa5b84a9f0.jpg,4.784421034e-07
146577645_91b570c0d0.jpg,5.582355424e-07
1067180831_a59dc64344.jpg,4.498423292e-07
3242808166_8638150274.jpg,4.696158263e-07
2126950128_74a4882658.jpg,5.890591337e-07
1467533293_a2656cc000.jpg,4.811294623e-07
1389264266_8170bc1c54.jpg,4.838098706e-07
3393035454_2d2370ffd4.jpg,5.352600679e-07
3512033659_7e8a0c2ffa.jpg,5.410509527e-07
3328646934_5cca4cebce.jpg,4.922848513e-07
3420260768_26a600b844.jpg,3.90003095e-07
3658016590_f761e72dc3.jpg,7.007708769e-07
3681324243_b69fa90842.jpg,6.311128215e-07
3475552729_a3abd81ee6.jpg,6.368501518e-07
3211029717_2affe6bbd5.jpg,1.055410277e-06
3636632926_09f39f2629.jpg,5.293132997e-07
447800028_0242008fa3.jpg,7.971832397e-07
3248220732_0f173fc197.jpg,6.299236505e-07
2695961935_a2a6338f26.jpg,5.290286127e-07
2410153942_ba4a136358.jpg,4.496648137e-07
2444741900_5cb3ef3e1d.jpg,5.504648913e-07
3667318593_fa1816b346.jpg,3.501710361e-07
3442978981_53bf1f45f3.jpg,6.934630896e-07
339822505_be3ccbb71f.jpg,4.719262604e-07
2598979962_c01811cfca.jpg,7.722494935e-07
444872454_9f51e07f88.jpg,6.396641264e-07
345684566_235e8dfcc1.jpg,3.445375257e-07
241346146_f27759296d.jpg,7.926883353e-07
537758332_8beb9cf522.jpg,5.621449773e-07
241345639_1556a883b1.jpg,7.332243269e-07
2899501488_90d5da5474.jpg,5.333828004e-07
475313618_bdb2f72be5.jpg,8.97422916e-07
313051099_1bb87d6c56.jpg,4.882694434e-07
3517127930_5dbddb45f6.jpg,4.894068246e-07
3356369156_074750c6cc.jpg,9.311176432e-07
290982269_79fc9f36dc.jpg,5.695890432e-07
1994416869_4dd769a806.jpg,9.668676511e-07
3287963317_186491ee78.jpg,6.86452956e-07
3367851138_757d6bd2ef.jpg,4.510382135e-07
3046259614_614394e024.jpg,6.376001247e-07
3325157569_8084ab3293.jpg,5.519749398e-07
3709030554_02301229ea.jpg,4.206586042e-07
314940358_ec1958dc1d.jpg,7.121002311e-07
632251903_b36701a5e9.jpg,5.532824328e-07
2622517932_57c52c376f.jpg,8.479197188e-07
3497237366_366997495d.jpg,5.765883472e-07
3759230208_1c2a492b12.jpg,4.539487363e-07
432248727_e7b623adbf.jpg,4.731676086e-07
3064716525_b8418d4946.jpg,6.072875151e-07
390986651_c801db91a0.jpg,5.511912783e-07
195084264_72fb347b0f.jpg,5.069463077e-07
2774554310_007e980a90.jpg,8.984426748e-07
2542415282_9240e1b5fc.jpg,5.724595961e-07
256439287_990ac4a761.jpg,5.21528023e-07
3614582606_16bd88dab2.jpg,5.464100453e-07
2655196158_5c878a4af0.jpg,1.115910978e-06
3715469645_6d1dc019b3.jpg,3.149636876e-07
381275595_b429fd1639.jpg,9.572258949e-07
3349309109_4024a09a17.jpg,6.021581071e-07
381239475_044cbffa2b.jpg,4.835143378e-07
3639617775_149001232a.jpg,6.023716182e-07
2647229826_e0e0c65ef1.jpg,5.570500797e-07
2762301555_48a0d0aa24.jpg,6.081813507e-07
2957071266_1b40ec7d96.jpg,4.618856707e-07
2884400562_e0851014fc.jpg,4.41955048e-07
529101401_ab1f6b1206.jpg,9.193945062e-07
2872743471_30e0d1a90a.jpg,7.378689083e-07
1285874746_486731a954.jpg,8.274937797e-07
3030793171_55cd646eed.jpg,4.066900929e-07
3369354061_2bab79f91f.jpg,5.487771413e-07
2901074943_041aba4607.jpg,6.23114246e-07
219070971_ae43410b9e.jpg,4.43576262e-07
3175712926_5a470d0886.jpg,7.279527951e-07
2508249781_36e9282423.jpg,4.41771547e-07
3710176138_fbfe00bd35.jpg,4.526782089e-07
3713177334_32f3245fd8.jpg,8.160854593e-07
3291255271_a185eba408.jpg,4.765516301e-07
3524612244_64f00afec5.jpg,5.737668722e-07
2792409624_2731b1072c.jpg,8.486749626e-07
2089555297_95cf001fa7.jpg,5.603815602e-07
496606439_9333831e73.jpg,7.034390645e-07
2558312618_13d362df66.jpg,7.715324108e-07
3148286846_40ae914172.jpg,7.987100033e-07
3523972229_d44e9ff6d7.jpg,5.421425856e-07
3318995586_c2bc50b92e.jpg,3.432591745e-07
410453140_5401bf659a.jpg,5.203750095e-07
2932519416_11f23b6297.jpg,4.880887531e-07
3107889179_106d223345.jpg,5.834792224e-07
3560081723_62da0035bd.jpg,5.187221815e-07
3208553539_2bf6c6d162.jpg,3.349754285e-07
3559425864_0462d7613f.jpg,6.496172437e-07
3240014971_ee2ea8406f.jpg,5.715354787e-07
640506101_ae1145b6d1.jpg,3.482721768e-07
3555729342_cc7a3b67fd.jpg,7.088770597e-07
2836864045_9a093cfd65.jpg,6.85474814e-07
2743652730_d909c7ae82.jpg,7.588824143e-07
95734038_2ab5783da7.jpg,3.841213334e-07
540338917_57069687be.jpg,5.343743764e-07
2067833088_04e84e5bf2.jpg,5.132741941e-07
1383840121_c092110917.jpg,5.571354878e-07
3024022266_3528c16ed8.jpg,4.438039401e-07
1682079482_9a72fa57fa.jpg,7.442755963e-07
3444684583_6656e38088.jpg,4.770068512e-07
241109594_3cb90fe2a3.jpg,6.058345553e-07
468871328_72990babd4.jpg,5.56213763e-07
3760400645_3ba51d27f9.jpg,4.858320005e-07
3295452057_0c987f895f.jpg,5.280565511e-07
3042405316_ba3a01926b.jpg,4.988131085e-07
2065309381_705b774f51.jpg,5.172020206e-07
2384147448_c1869070d3.jpg,3.813863874e-07
2529205842_bdcb49d65b.jpg,9.678692376e-07
3415178926_909db9400b.jpg,5.863063204e-07
252846811_7b250935a7.jpg,4.083732339e-07
2450486758_a66fd296ea.jpg,4.078876341e-07
3353036763_4cbeba03b2.jpg,6.472658152e-07
3667492609_97f88b373f.jpg,7.292763499e-07
3019473225_8e59b8ec4e.jpg,5.96532199e-07
2911552402_5166bc173b.jpg,4.79764681e-07
3123351642_3794f2f601.jpg,6.006878092e-07
263231469_e85c74f5fd.jpg,8.424199613e-07
3386893620_5f0bb4e794.jpg,3.402685202e-07
3628994466_a12065d29b.jpg,4.808598789e-07
2841449931_84a05850ec.jpg,5.98743084e-07
2052953131_30834196fb.jpg,8.083148591e-07
3130093622_362f32f2bb.jpg,8.822032273e-07
256444892_efcb3bd824.jpg,4.238532922e-07
3608400551_d6f7965308.jpg,5.902482286e-07
2119660490_ce0d4d1f73.jpg,1.231468902e-06
3665549027_d7fb05d157.jpg,8.473916045e-07
3442138291_3e75f4bdb8.jpg,5.015415697e-07
292887910_f34ac101c8.jpg,8.445317363e-07
3522000960_47415c3890.jpg,5.90253225e-07
375384566_254c2362d4.jpg,4.552042785e-07
2303356248_65dd6aba6f.jpg,4.840237449e-07
3483140026_e14f64fdf5.jpg,8.858692038e-07
3716272233_7845ec5b3e.jpg,8.992027535e-07
3556037801_3992ce6826.jpg,4.493326708e-07
2616673985_fa4354cc53.jpg,5.520871333e-07
337647771_3b819feaba.jpg,4.081974012e-07
3589052481_059e5e2c37.jpg,6.967305614e-07
2990471798_73c50c76fb.jpg,3.010765117e-07
3631986552_944ea208fc.jpg,8.362651932e-07
2735979477_eef7c680f9.jpg,7.581771101e-07
522486784_978021d537.jpg,6.787486197e-07
2994107810_af56326389.jpg,5.100110869e-07
1479124077_17dcc0d5d7.jpg,5.02217778e-07
1096097967_ac305887b4.jpg,6.350437562e-07
233242340_09963100a3.jpg,7.450535041e-07
3591094476_b61acd63d6.jpg,5.138988334e-07
2925760802_50c1e84936.jpg,5.136058599e-07
289860281_94d699f36d.jpg,6.151127803e-07
2396691909_6b8c2f7c44.jpg,9.789178204e-07
515702827_be3c6ce857.jpg,7.224822532e-07
2929506802_5432054d77.jpg,4.786474724e-07
3498997518_c2b16f0a0e.jpg,4.181829043e-07
3461437556_cc5e97f3ac.jpg,9.916323607e-07
58363928_6f7074608c.jpg,6.304417098e-07
3320411267_df70b90501.jpg,5.861597642e-07
2308108566_2cba6bca53.jpg,6.080277128e-07
2077346067_0a3a5aae65.jpg,4.123255942e-07
3337332770_5eda5cceb7.jpg,5.559600106e-07
2666179615_f05a9d8331.jpg,7.881241652e-07
3506869953_802f463178.jpg,5.908077583e-07
3490736665_38710f4b91.jpg,6.529144105e-07
2453971388_76616b6a82.jpg,5.249905054e-07
535399240_0714a6e950.jpg,5.54068018e-07
3701291852_373ea46bb6.jpg,8.610351416e-07
344841963_8b0fa9784c.jpg,4.117967627e-07
1813597483_3f09d2a020.jpg,4.420296562e-07
2777021428_0b2ac3e987.jpg,5.309764288e-07
1542033433_5453d4c466.jpg,7.007341561e-07
215876547_fa584c5ec3.jpg,6.07310948e-07
2256218522_53b92bcbb2.jpg,5.626570145e-07
3694555931_7807db2fb4.jpg,4.444689821e-07
485738889_c2a00876a6.jpg,1.075747033e-06
3030079705_0dee8a3e89.jpg,1.732212895e-06
2946016853_ceca4f5a07.jpg,4.948376103e-07
3644142276_caed26029e.jpg,4.658145186e-07
3296150666_aae2f64348.jpg,5.331234958e-07
2843695880_eeea6c67db.jpg,5.243238185e-07
2657301826_aab4c36e6c.jpg,6.442873754e-07
2531837969_6f28637811.jpg,7.577076277e-07
2407470303_6fd5e3600d.jpg,8.006063249e-07
1434607942_da5432c28c.jpg,7.010130997e-07
543007912_23fc735b99.jpg,5.533518531e-07
3054200086_657d4398e8.jpg,7.505584677e-07
2164363131_6930455d45.jpg,8.059899769e-07
3471117376_40585c3fd1.jpg,4.642531297e-07
374103966_2987706be1.jpg,6.222977261e-07
3229730008_63f8ca2de2.jpg,4.110168704e-07
2646046871_c3a5dbb971.jpg,6.070760767e-07
390992102_67fa31b22f.jpg,4.385991718e-07
3070713991_8696796937.jpg,4.0011402e-07
2905948395_ca3e6b3c9a.jpg,6.298313684e-07
3477977145_4df89d69a1.jpg,7.311445679e-07
3213992947_3f3f967a9f.jpg,4.316870733e-07
531055369_936fd76a63.jpg,6.150864142e-07
716597900_b72c58362c.jpg,6.904416915e-07
3056530884_27766059bc.jpg,6.288897489e-07
1316247213_1d2c726dd5.jpg,5.91234205e-07
1377668044_36398401dd.jpg,5.864718703e-07
3457856049_2de173e818.jpg,6.225073086e-07
1509786421_f03158adfc.jpg,1.084014188e-06
3468130925_2b1489d19a.jpg,3.660642538e-07
399679638_d3036da331.jpg,7.415356314e-07
3677329561_fa3e1fdcf9.jpg,4.935894647e-07
3679341667_936769fd0c.jpg,4.969083092e-07
3534668485_6887629ff0.jpg,6.298989734e-07
3446347599_0ecc49a9d5.jpg,6.195573746e-07
2277081067_d2b4c98bce.jpg,7.651100157e-07
2255342813_5b2ac6d633.jpg,5.530874585e-07
2520255786_b70a3ec032.jpg,4.342797832e-07
2318659263_c24005a5cb.jpg,1.362644498e-06
2976537455_f3988c2d46.jpg,4.178404292e-07
507758961_e63ca126cc.jpg,7.687510464e-07
2699733386_c346c87ea6.jpg,5.683409405e-07
2878578240_caf64c3b19.jpg,5.125072502e-07
1569562856_eedb5a0a1f.jpg,3.916573506e-07
2257631407_1529b9db39.jpg,4.925023822e-07
3376972502_35e3e119cd.jpg,5.431284268e-07
3655773435_c234e94820.jpg,8.652794318e-07
3694219419_a7a83d4886.jpg,5.590650468e-07
3294209955_a1f1e2cc19.jpg,6.324348041e-07
3653764864_225958c9c1.jpg,4.019693797e-07
2531531628_b4a5041680.jpg,5.527663145e-07
2895966469_53e0b29295.jpg,8.869633174e-07
449352117_63c359c6e7.jpg,3.858618688e-07
3518334317_bc40bae18d.jpg,6.401195803e-07
3590647207_2d4ec3f52c.jpg,5.291314721e-07
3247052319_da8aba1983.jpg,5.999531235e-07
527272653_8a5bd818e5.jpg,7.302439032e-07
662606040_8cc8cd9f1b.jpg,5.121686555e-07
488416045_1c6d903fe0.jpg,5.002678471e-07
3119875880_22f9129a1c.jpg,7.000919663e-07
155221027_b23a4331b7.jpg,5.154875639e-07
3527926597_45af299eee.jpg,6.650538204e-07
3503471307_464a8f588c.jpg,7.008900636e-07
241347441_d3dd9b129f.jpg,6.197090802e-07
2140747429_62cfd89ae9.jpg,4.158206417e-07
3270083123_fcc1208053.jpg,1.538843643e-06
3688797852_89ed3cb056.jpg,5.889841567e-07
2441815792_43565b1312.jpg,4.885911178e-07
624742559_ff467d8ebc.jpg,5.426303336e-07
3677964239_6406ed096f.jpg,3.303031012e-07
2708176152_1634cb754d.jpg,3.87903031e-07
2707835735_6537b27e8f.jpg,5.148162861e-07
3169394115_2193158cee.jpg,7.384692615e-07
2908859957_e96c33c1e0.jpg,7.460782455e-07
3437147889_4cf26dd525.jpg,4.795915152e-07
2255266906_8222af18b9.jpg,3.66345831e-07
3395173129_f0ac0a1ed4.jpg,5.443353852e-07
2414986483_004936f84b.jpg,3.797536813e-07
1926129518_4350f4f552.jpg,3.426286321e-07
2509824208_247aca3ea3.jpg,1.147087167e-06
3116379964_86986750af.jpg,7.643648491e-07
3611603026_9112b0c53f.jpg,5.592405853e-07
1398606571_f543f7698a.jpg,5.326751014e-07
3514188115_f51932ae5d.jpg,4.386838644e-07
2701487024_e866eb4550.jpg,6.901378959e-07
2296166785_292a4e9f4c.jpg,6.502382939e-07
2056042552_f59e338533.jpg,9.484245314e-07
3353962769_ba48691bc6.jpg,5.390652228e-07
2887103049_a867e74358.jpg,4.153589225e-07
3528251308_481a28283a.jpg,6.142166667e-07
3715559023_70c41b31c7.jpg,4.026523165e-07
432490118_54a9c0e500.jpg,7.658696605e-07
2310233145_910cb5b4c8.jpg,4.103461427e-07
535249787_0fcaa613a0.jpg,7.378314553e-07
2915183095_4ed4aa4f37.jpg,3.724042432e-07
3458434150_2b0d619244.jpg,5.371912619e-07
3298199743_d8dd8f94a0.jpg,6.00596171e-07
1479513774_70c94cf9d3.jpg,6.327191099e-07
2470519275_65725fd38d.jpg,4.786904676e-07
3508882611_3947c0dbf5.jpg,5.626170827e-07
3612485611_12dd7742f7.jpg,5.367534237e-07
1332208215_fa824f6659.jpg,8.842584758e-07
1474474514_b3eb492722.jpg,4.647567861e-07
818340833_7b963c0ee3.jpg,5.355552215e-07
3463268965_f22884fc69.jpg,3.908561184e-07
2623930900_b9df917b82.jpg,8.29776432e-07
2988439935_7cea05bc48.jpg,7.799520576e-07
3697379772_40d831392b.jpg,3.215952145e-07
2512682478_b67cc525c7.jpg,4.367479347e-07
3339263085_6db9fd0981.jpg,6.064950999e-07
420355149_f2076770df.jpg,4.794204489e-07
349889354_4b2889a9bd.jpg,1.066262449e-06
2651915425_7a58e862e9.jpg,5.949764136e-07
691770760_48ce80a674.jpg,3.651431986e-07
3334300164_e75e0479ae.jpg,6.101353498e-07
3246190363_68d903bfcb.jpg,6.545964103e-07
2095078658_c14ba89bc2.jpg,1.008234081e-06
2282522980_45cfa8e0cf.jpg,6.8574607e-07
2714674623_8cd05ac114.jpg,5.334543423e-07
880220939_0ef1c37f1f.jpg,4.431997348e-07
407678652_1f475acd65.jpg,5.943272723e-07
440737340_5af34ca9cf.jpg,4.53372334e-07
3425069551_aba046a1b6.jpg,3.867136057e-07
460350019_af60511a3b.jpg,5.611310977e-07
2807209904_389d81f33a.jpg,5.505979583e-07
537225246_dd0e2158a7.jpg,6.876864283e-07
1812525037_528465037c.jpg,3.612559716e-07
3159641529_c2c74f3eaf.jpg,1.021181843e-06
2898810636_84fb5c0b63.jpg,5.585775748e-07
452345346_afe1248586.jpg,5.300080977e-07
1277743944_f4e8c78403.jpg,8.829185307e-07
3568065409_1c381aa854.jpg,7.643260385e-07
3278189732_f750cb26b7.jpg,6.75101126e-07
3040051410_6205682ba3.jpg,6.289275438e-07
2396025708_e4a72e2558.jpg,6.836198588e-07
2465441099_a1761a1757.jpg,5.604511012e-07
3413806271_17b7e102aa.jpg,7.371231461e-07
501520507_c86f805ab8.jpg,5.553183865e-07
2206403470_8c25aa3cf8.jpg,5.585078235e-07
3048461682_e89f81b1c7.jpg,4.310559516e-07
2092419948_eea8001d0f.jpg,6.492223275e-07
3143980056_7a64a94b58.jpg,1.03477484e-06
391579205_c8373b5411.jpg,6.428128728e-07
432496659_f01464d9fb.jpg,7.723210338e-07
3148571800_c5515e6c3d.jpg,8.202700095e-07
3006926228_cf3c067b3e.jpg,2.492070302e-07
3368569524_a9df2fc312.jpg,8.100605421e-07
3673970325_4e025069e9.jpg,7.53124686e-07
394161692_2576920777.jpg,4.421307983e-07
2148916767_644ea6a7fa.jpg,6.494183375e-07
3335097235_538f4777c3.jpg,5.275922582e-07
2553188198_da1123a723.jpg,6.338162467e-07
96985174_31d4c6f06d.jpg,4.820375389e-07
2982881046_45765ced2c.jpg,4.804022925e-07
2966190737_ceb6eb4b53.jpg,7.050874076e-07
3601491447_a338875b51.jpg,3.390105117e-07
2763044275_aa498eb88b.jpg,4.595104496e-07
3589368949_0866846949.jpg,4.558775174e-07
3360930596_1e75164ce6.jpg,7.663954136e-07
3004290523_d1319dfdb4.jpg,4.225192971e-07
2451114871_8617ae2f16.jpg,9.094990951e-07
2194494220_bb2178832c.jpg,5.257085351e-07
1132772170_600610c5df.jpg,6.114036263e-07
2109911919_af45b93ef3.jpg,4.779181981e-07
3408130183_f038bdaa4f.jpg,4.927778645e-07
2552438538_285a05b86c.jpg,5.050302296e-07
3094317837_b31cbf969e.jpg,9.308904493e-07
763577068_4b96ed768b.jpg,4.626515196e-07
1803631090_05e07cc159.jpg,4.480976106e-07
252504549_135b0db5a3.jpg,6.276640375e-07
1732436777_950bcdc9b8.jpg,8.264207064e-07
244571201_0339d8e8d1.jpg,6.049268752e-07
2998185688_8d33e4ce38.jpg,4.629059689e-07
2446601467_a35841cb1d.jpg,9.825637088e-07
264859622_f3a00ab409.jpg,7.027369837e-07
2427490900_5b7a8874b9.jpg,4.719538715e-07
2613889835_6f50a3b83b.jpg,5.167503746e-07
2233426944_0959835ced.jpg,3.792516907e-07
485357535_b45ba5b6da.jpg,5.92731153e-07
3443326696_fe0549c5be.jpg,6.484119646e-07
2345984157_724823b1e4.jpg,4.382452429e-07
3270691950_88583c3524.jpg,5.305197967e-07
3413019648_e787f0cb88.jpg,5.760134732e-07
3751594676_edfbfa0688.jpg,7.377261146e-07
3537806062_c50d814aba.jpg,7.907742274e-07
3613585080_36629d8157.jpg,6.840265313e-07
2631625732_75b714e685.jpg,6.032400699e-07
3541162969_68fa4a60df.jpg,1.226151452e-06
997722733_0cb5439472.jpg,7.772020768e-07
3415809168_af9dabdba5.jpg,6.463752222e-07
3661239105_973f8216c4.jpg,5.509116293e-07
3229519418_040f05ced1.jpg,8.450681045e-07
753285176_f21a2b984d.jpg,7.705931841e-07
2303426046_09cfd7bc4e.jpg,6.082240943e-07
2867845624_22e4fe0a23.jpg,6.424152617e-07
2752341621_54490b9b09.jpg,9.389669618e-07
2891185857_54942809cf.jpg,5.212342601e-07
3341084434_db5e7d1fdc.jpg,6.96434603e-07
2162564553_96de62c7e6.jpg,5.793730585e-07
3172280520_e7655fb596.jpg,8.176095274e-07
2797185895_4d9e1e9508.jpg,3.889457428e-07
965444691_fe7e85bf0e.jpg,8.59507404e-07
3057618932_3b80ae85de.jpg,4.762816476e-07
788126442_086334f0cf.jpg,8.428670449e-07
334768700_51c439b9ee.jpg,4.781404709e-07
3341961913_9a9b362f15.jpg,4.381240423e-07
3618932839_acd7d2c2ea.jpg,8.278172437e-07
3497234632_6ec740fc1e.jpg,5.680425307e-07
2541901399_0a57f4cc76.jpg,6.626170518e-07
3356938707_d95ba97430.jpg,6.002823073e-07
2471297228_b784ff61a2.jpg,4.72276926e-07
3488087117_2719647989.jpg,7.632469195e-07
2186367337_0ce9ce2104.jpg,6.530623563e-07
3427540832_c882fded1d.jpg,4.071347829e-07
2220175999_081aa9cce8.jpg,8.460714229e-07
2066271441_1f1f056c01.jpg,6.442358555e-07
2591603141_33d6397e0a.jpg,7.100754888e-07
118187095_d422383c81.jpg,5.311420324e-07
1810651611_35aae644fb.jpg,4.178320405e-07
2170222061_e8bce4a32d.jpg,5.815780986e-07
1055623002_8195a43714.jpg,1.251141942e-06
3183195185_cd0ff994a1.jpg,5.28915078e-07
3136674757_57406c305c.jpg,4.784704099e-07
3070130228_67dcfee9ae.jpg,3.698417218e-07
1398613231_18de248606.jpg,6.184319582e-07
3430287726_94a1825bbf.jpg,6.8064258e-07
1286408831_05282582ed.jpg,4.625315328e-07
237547381_aa17c805e0.jpg,4.264753699e-07
3638374272_444f5e0457.jpg,4.749110865e-07
2315867011_fc5fc9fa6d.jpg,8.127616054e-07
2864634088_d087494dff.jpg,3.828543683e-07
2695093520_5cfeb0729d.jpg,6.374884018e-07
571507143_be346225b7.jpg,4.440046342e-07
3601569729_bf4bf82768.jpg,5.722276326e-07
3725202807_12fbfdd207.jpg,5.719295993e-07
2466171100_5e60cfcc11.jpg,4.080538681e-07
1764955991_5e53a28c87.jpg,6.603954187e-07
3649916507_b88a3d2082.jpg,5.279205044e-07
3432730942_4dc4685277.jpg,4.943496493e-07
782017931_75d92bb7a4.jpg,4.302703048e-07
2211593099_4a4f1c85d2.jpg,6.035030823e-07
2929272606_2a5923b38e.jpg,7.28493124e-07
3174453534_fcc927c647.jpg,6.745523609e-07
383223174_7165a54c30.jpg,6.703669308e-07
3339768802_8ab768558a.jpg,8.154416812e-07
2511019188_ca71775f2d.jpg,7.572250395e-07
3224904543_679fe05c41.jpg,3.810288045e-07
2471493912_2d4746b834.jpg,6.400724732e-07
3029928396_99ac250788.jpg,4.272707039e-07
633456174_b768c1d6cd.jpg,6.598665963e-07
3162045919_c2decbb69b.jpg,7.222075863e-07
390987167_2d5905b459.jpg,5.789401297e-07
3613264553_97b687f172.jpg,6.895039679e-07
336460583_6c8ccb7188.jpg,6.345435434e-07
441921713_1cafc7d7d2.jpg,4.803914439e-07
3507076266_8b17993fbb.jpg,6.168559906e-07
967719295_3257695095.jpg,5.54357486e-07
214543992_ce6c0d9f9b.jpg,3.251368144e-07
2417341107_97dbab9c5e.jpg,8.066580646e-07
2275253272_00f941366e.jpg,6.430745522e-07
3449114979_6cdc3e8da8.jpg,6.950336867e-07
1118557877_736f339752.jpg,9.518598079e-07
642987597_03b21a1437.jpg,4.260070938e-07
3077166963_fe172c709d.jpg,6.544135741e-07
2805873509_4f68afc4b4.jpg,7.259399325e-07
3729405438_6e79077ab2.jpg,5.781192076e-07
431282339_0aa60dd78e.jpg,4.642662033e-07
1679565118_d36f0d6d52.jpg,4.945183303e-07
2337757064_08c4033824.jpg,9.467470323e-07
2950905787_f2017d3e49.jpg,3.60171332e-07
3628017876_4ac27e687b.jpg,5.450412305e-07
3127629248_a955b5763b.jpg,3.123494001e-07
3005124440_c096b310fb.jpg,3.475056092e-07
2780031669_a0345cfc26.jpg,6.587988872e-07
2894008505_a445ccaaff.jpg,7.484727825e-07
3437034427_6df5e9fbf9.jpg,7.35689767e-07
3635911776_dbc2763f2c.jpg,6.020884403e-07
350588129_6aef7b7fe2.jpg,6.721108306e-07
2952141476_fc9a48a60a.jpg,5.463671986e-07
2381102729_12fc4d4c76.jpg,3.677955523e-07
481827288_a688be7913.jpg,6.81677631e-07
2272489996_95b0a62d15.jpg,5.707659914e-07
303607405_f36edf16c6.jpg,6.819992845e-07
2476214153_99a3998509.jpg,3.524200905e-07
816084977_21c1811c9a.jpg,4.658666876e-07
2752331711_cb18abba5a.jpg,7.735651068e-07
2700147489_f1664f2b61.jpg,3.51923322e-07
143684568_3c59299bae.jpg,4.3806924e-07
3465000218_c94e54e208.jpg,5.65205428e-07
3189002057_3ef61b803e.jpg,6.956145288e-07
3427233064_6af01bfc5c.jpg,4.34232841e-07
247706586_7e25c7adf8.jpg,6.233260995e-07
2260649048_ae45d17e68.jpg,7.428308262e-07
254527963_3f5824b0e8.jpg,7.979859886e-07
443885436_6e927e6c58.jpg,1.028780138e-06
2094323311_27d58b1513.jpg,9.828464155e-07
757133580_ba974ef649.jpg,4.887147016e-07
2723477522_d89f5ac62b.jpg,8.196480829e-07
3259666643_ae49524c81.jpg,5.585242543e-07
3559374748_f18c7caa55.jpg,5.659907916e-07
2714703706_d21c5cb8df.jpg,1.048825301e-06
2759860913_f75b39d783.jpg,5.943689179e-07
2857473929_4f52662c30.jpg,4.580004344e-07
448252603_7d928c900e.jpg,5.579328494e-07
381514859_b40418d9c3.jpg,7.795889421e-07
262681159_e5fed3acf0.jpg,6.897374039e-07
3700554247_9824ae6f3a.jpg,5.522814818e-07
3397310901_cbef5c06ef.jpg,3.609258123e-07
186890601_8a6b0f1769.jpg,5.276876728e-07
150387174_24825cf871.jpg,5.463306128e-07
3626998066_3ae11ee278.jpg,6.129173005e-07
3730011701_5352e02286.jpg,6.954074321e-07
2902844125_4186bf3ab6.jpg,5.001992809e-07
2203286182_b453e9d176.jpg,1.168707811e-06
3552206648_123bf4ac82.jpg,5.708633577e-07
3042173467_14394234da.jpg,5.01525483e-07
2276314067_7ee246f859.jpg,4.23235735e-07
3420064875_0349a75d69.jpg,6.836599926e-07
393958545_48c17c66d1.jpg,4.217497238e-07
2716903793_fb7a3d8ba6.jpg,4.71022006e-07
3325910784_5ecb88310c.jpg,6.295196543e-07
2934022873_3fdd69aee4.jpg,5.362080526e-07
78984436_ad96eaa802.jpg,8.233874884e-07
3452127051_fa54a902b3.jpg,4.160448426e-07
856985136_649c0a3881.jpg,7.695950354e-07
3091921457_83eee69591.jpg,7.859522476e-07
541046380_513e295384.jpg,5.50299852e-07
3286761458_34af7e4499.jpg,5.149195486e-07
2085400856_ae09df33a7.jpg,7.013043993e-07
3229913073_e7857a5966.jpg,8.065422379e-07
3707990914_843e8f15f1.jpg,7.054240191e-07
162743064_bb242faa31.jpg,7.80632716e-07
3532593368_be10432e92.jpg,5.718893239e-07
1024138940_f1fefbdce1.jpg,7.483515148e-07
866841633_05d273b96d.jpg,1.072360902e-06
282131366_5f9a39c43c.jpg,7.385545206e-07
2980348138_91cc6f6d0f.jpg,6.021651671e-07
3639547922_0b00fed5cd.jpg,4.899315854e-07
2302747917_aa0300eb68.jpg,8.040085618e-07
3027365101_3818be6e16.jpg,4.054101656e-07
58363930_0544844edd.jpg,4.558274463e-07
244368383_e90b6b2f20.jpg,5.669770347e-07
405615014_03be7ef618.jpg,4.863906783e-07
1302657647_46b36c0d66.jpg,7.179824432e-07
3354883962_170d19bfe4.jpg,7.508084147e-07
3113769557_9edbb8275c.jpg,6.346025635e-07
3074842262_62b1b2168c.jpg,3.652369425e-07
2942133798_e57c862a90.jpg,9.230794474e-07
1420060020_7a6984e2ea.jpg,7.932324399e-07
2924483864_cfdb900a13.jpg,5.07236062e-07
306318683_5f1f875191.jpg,5.949034347e-07
3214237686_6566b8b52f.jpg,6.072140306e-07
3335885203_a3fe8e541f.jpg,5.854807e-07
1262583859_653f1469a9.jpg,5.802645808e-07
3638783120_f600ceb19d.jpg,6.295321112e-07
1206506157_c7956accd5.jpg,6.699939536e-07
533602654_9edc74385d.jpg,8.022639516e-07
2322593776_e6aaf69e80.jpg,6.624218122e-07
3629664676_36bcefe6b7.jpg,3.750496014e-07
318667317_108c402140.jpg,4.662745083e-07
3560125106_691c292893.jpg,4.309466408e-07
1430154945_71bbaa094a.jpg,6.238543801e-07
241345770_9f8aa6723c.jpg,8.096441075e-07
3692746368_ab7d97ab31.jpg,4.772620905e-07
3315110972_1090d11728.jpg,5.092765028e-07
3112635165_2d614d7c1a.jpg,4.410432751e-07
3621652774_fd9634bd5b.jpg,7.765888988e-07
2344898759_5674382bcd.jpg,5.098477929e-07
2597308074_acacc12e1b.jpg,7.83592385e-07
3189307452_aebc12380b.jpg,3.649637218e-07
3004291093_35d6fd8548.jpg,4.270793221e-07
3609645320_815c294b65.jpg,5.880616073e-07
707941195_4386109029.jpg,7.806363453e-07
462080147_ca088e6541.jpg,1.21924913e-06
3245460937_2710a82709.jpg,4.914579693e-07
3351667846_ac43118ae5.jpg,5.073336778e-07
3640870001_acbd1d5ceb.jpg,3.850759202e-07
426920445_d07d1fd0f7.jpg,9.424087937e-07
2261346505_302c67951d.jpg,5.897137203e-07
1048710776_bb5b0a5c7c.jpg,6.654231769e-07
3643684044_a131168127.jpg,3.526828206e-07
2878272032_fda05ffac7.jpg,5.91441494e-07
3425846980_912943b4f9.jpg,3.953724514e-07
2171891283_dedd9cf416.jpg,5.149971872e-07
3767841911_6678052eb6.jpg,5.706284055e-07
308956341_642589e9cc.jpg,5.533022562e-07
3051384385_c5c850c1f8.jpg,7.547787872e-07
2863848437_f2592ab42d.jpg,5.441553948e-07
2878705136_609dfbf318.jpg,4.71299467e-07
3210705660_2b14b7fb36.jpg,4.581102927e-07
1499554025_a8ffe0e479.jpg,6.955208301e-07
2248487950_c62d0c81a9.jpg,3.66088539e-07
3003691049_f4363c2d5c.jpg,4.247475188e-07
3188044631_ca3a9cc737.jpg,3.743810365e-07
3220140234_e072856e6c.jpg,5.933692348e-07
288508162_1727873924.jpg,8.714495533e-07
252124738_796599e94b.jpg,4.728049094e-07
2717686269_80c4b5ac9e.jpg,8.28982312e-07
2448393373_80c011d301.jpg,6.47491494e-07
3516825206_5750824874.jpg,5.331572129e-07
1341787777_4f1ebb1793.jpg,9.708617298e-07
1346051107_9cdc14e070.jpg,5.73586534e-07
2522809984_2e8a7df4fb.jpg,5.888036831e-07
1536597926_c2e1bc2379.jpg,3.627994679e-07
3544673666_ffc7483c96.jpg,5.015974267e-07
2806632713_edd6f6c893.jpg,3.536376449e-07
933118213_b35b0b62a7.jpg,6.813639113e-07
300371487_daec5d11ab.jpg,6.195275543e-07
3571675421_7e07ac07c5.jpg,7.608304749e-07
279550225_d64d56158a.jpg,8.206133753e-07
2979914158_5906470b8f.jpg,8.414663029e-07
3064383768_f6838f57da.jpg,7.376174964e-07
462288558_b31a8a976f.jpg,1.013320868e-06
3525403875_7f95e0cbfe.jpg,4.015457352e-07
2161799386_27aa938421.jpg,7.971329571e-07
2444821454_22a346c996.jpg,8.297518487e-07
3613955682_3860e116cf.jpg,3.823017173e-07
241046599_28b0ca7b9f.jpg,5.616084933e-07
2830755303_2b5444ab4c.jpg,4.356835605e-07
2600867924_cd502fc911.jpg,6.67517246e-07
2978236380_fb24c43f1e.jpg,4.655955355e-07
2635023078_6dae04758f.jpg,7.203584665e-07
2224450291_4c133fabe8.jpg,7.223767676e-07
3335547029_74d620fa6c.jpg,5.113828248e-07
3440724965_03d6ca5399.jpg,6.702113268e-07
2518508760_68d8df7365.jpg,5.987598199e-07
3349258288_5300c40430.jpg,5.637870601e-07
1466307485_5e6743332e.jpg,3.888059384e-07
2474047296_fd9179d438.jpg,7.214888507e-07
3478084305_9e1219c3b6.jpg,5.545984824e-07
3205214191_29b42b9b09.jpg,6.871682766e-07
3415228562_4efa9c9b70.jpg,4.809016623e-07
272546805_536c719648.jpg,7.914216046e-07
512306469_1392697d32.jpg,1.004230861e-06
3668900592_a84b0c07db.jpg,9.069848236e-07
337793983_ac5b2e848e.jpg,3.342166599e-07
2718024196_3ff660416a.jpg,3.876951735e-07
1350948838_fdebe4ff65.jpg,7.302028886e-07
2496370758_a3fbc49837.jpg,5.891627301e-07
3628059004_5c3529b120.jpg,6.21475314e-07
3205754736_32c29b5208.jpg,3.351112113e-07
970641406_9a20ee636a.jpg,2.790914616e-07
2208067635_39a03834ca.jpg,4.627468504e-07
3432637363_3ba357e2da.jpg,4.816807709e-07
2279496715_8ef3ee6edb.jpg,7.620831739e-07
1776981714_5b224d0f7a.jpg,8.232428436e-07
3373946160_1c82d54442.jpg,5.986100847e-07
3079917032_3cfacb2fd7.jpg,5.603537044e-07
471402959_0b187560df.jpg,5.651468437e-07
2972929655_04233b5489.jpg,5.889579916e-07
3103587323_7f093d5b90.jpg,7.126318449e-07
1089755335_0bfbfd30e6.jpg,7.030659825e-07
2273591668_069dcb4641.jpg,4.857690175e-07
2338627102_6708a9b4fd.jpg,8.909401302e-07
2863180332_372510aa49.jpg,6.288732525e-07
2832033116_1677ea1e2e.jpg,7.968875704e-07
1925434818_2949a8f6d8.jpg,5.525422219e-07
2382411771_a16145f345.jpg,8.876501582e-07
1347519824_e402241e4f.jpg,4.606804678e-07
3641022607_e7a5455d6c.jpg,5.957895645e-07
3181328245_7c04ce1691.jpg,7.359802966e-07
3258396041_69717247f7.jpg,5.988559898e-07
491564019_1ca68d16c1.jpg,7.938119313e-07
262446581_06ef7d9445.jpg,4.560305642e-07
838074897_9d6270b3cd.jpg,4.443125219e-07
1159574340_99ba8c3c59.jpg,7.222910729e-07
2443512473_6f5a22eb42.jpg,4.207922738e-07
2075321027_c8fcbaf581.jpg,9.129395526e-07
2076865206_53918c820c.jpg,6.933130869e-07
3601533527_6c2439113c.jpg,7.689839726e-07
3589156060_3ed8d6bbc3.jpg,5.350344025e-07
3259757648_71edb4347b.jpg,8.117266184e-07
1352410176_af6b139734.jpg,8.795437001e-07
3373481779_511937e09d.jpg,3.790507353e-07
2372572028_53b76104a9.jpg,5.594401067e-07
1321723162_9d4c78b8af.jpg,1.017051391e-06
500678178_26ce0f4417.jpg,3.559047838e-07
3484019369_354e0b88c0.jpg,5.779564443e-07
2321865325_79b0954a5d.jpg,2.947731673e-07
290019324_23582048d4.jpg,4.556998831e-07
2930580341_d36eec8e3c.jpg,5.556870922e-07
3292016893_24d14c8b4f.jpg,7.339740319e-07
3173928684_4ea0ee5114.jpg,6.199398871e-07
3323988406_e3c8fce690.jpg,7.39442875e-07
3612485097_b706d950ed.jpg,6.020048403e-07
2354456107_bf5c766a05.jpg,4.820271341e-07
166433861_70b66cd381.jpg,6.744536413e-07
1463638541_c02cfa04dc.jpg,5.361932736e-07
2616643090_4f2d2d1a44.jpg,6.395041584e-07
3702607829_2b8b3e65ab.jpg,5.811640209e-07
3154813159_58a195236d.jpg,5.9322941e-07
3289817083_4e78e1c05a.jpg,5.689141384e-07
2934379210_4e399e3cac.jpg,5.065738199e-07
2407091303_931c918490.jpg,3.583619238e-07
2831313661_1a328acb70.jpg,5.456471617e-07
3168841415_c0705a327a.jpg,8.108585023e-07
3636247381_65ccf8f106.jpg,6.047357395e-07
2150564996_d173a506d7.jpg,3.912063403e-07
2909081008_9a7bfc599a.jpg,1.156094489e-06
1884065356_c6c34b4568.jpg,7.653195635e-07
2343525685_3eba3b6686.jpg,4.92392216e-07
2955099064_1815b00825.jpg,5.00584162e-07
3437315443_ba2263f92e.jpg,6.293656512e-07
3033612929_764d977bd5.jpg,7.156391081e-07
3073535022_4af81f360c.jpg,5.226047515e-07
3537520829_aab733e16c.jpg,6.933659152e-07
2832487464_2d30634e1e.jpg,7.265024146e-07
2241768909_3d96d48417.jpg,4.793301794e-07
439492931_a96d590e40.jpg,4.501442917e-07
3701544312_b2e4e9813d.jpg,5.220737989e-07
972381743_5677b420ab.jpg,5.805845747e-07
632608471_a70461f123.jpg,3.392581066e-07
2583001715_1ce6f58942.jpg,5.304626827e-07
2737729252_b3fd9c05b1.jpg,6.47901837e-07
3590739067_58baffb3a7.jpg,5.186395344e-07
3107558821_f3b205d4ed.jpg,5.989974403e-07
2553024095_735bc46267.jpg,5.592399128e-07
2629346153_155ba73ae9.jpg,8.136519386e-07
3223302125_f8154417f4.jpg,6.564495538e-07
2488795251_c108c77b13.jpg,7.841610394e-07
44856031_0d82c2c7d1.jpg,4.864516796e-07
2704934519_457dc38986.jpg,5.413722755e-07
3070274658_fc39fd4f84.jpg,4.537938232e-07
3262075846_5695021d84.jpg,5.607662601e-07
1777816180_08d7e8063b.jpg,6.386991232e-07
3084149186_4bc08b0752.jpg,6.723749319e-07
3109124656_626b596d5e.jpg,8.927240063e-07
3724150944_fc62e8d5e0.jpg,2.967131227e-07
3104182973_5bb1c31275.jpg,4.033643043e-07
203114209_e4cd71a6b7.jpg,7.210381231e-07
2315418282_80bd0bb1c0.jpg,5.295948914e-07
3240094420_a9eea11d39.jpg,4.470114971e-07
1517807181_ca6588f2a0.jpg,5.578975886e-07
95734036_bef6d1a871.jpg,4.717334271e-07
3041170372_c4376cd497.jpg,4.780243547e-07
2890057168_c712f932e0.jpg,5.158761705e-07
2925737498_57585a7ed9.jpg,4.686042099e-07
2565685680_c30972455d.jpg,6.69523794e-07
3042484940_0975a5e486.jpg,5.953114746e-07
2325258180_6217dd17eb.jpg,5.843990063e-07
3541915243_956c1aa8ef.jpg,6.126601107e-07
2922973230_5a769ef92a.jpg,7.394998819e-07
1801874841_4c12055e2f.jpg,8.600272662e-07
2316097768_ef662f444b.jpg,3.909968666e-07
3676561090_9828a9f6d0.jpg,7.263727449e-07
3591462960_86045906bd.jpg,5.065268439e-07
2750832671_4b39f06acf.jpg,5.662518728e-07
2000459828_3c9e109106.jpg,4.935478761e-07
3569406219_f37ebf7b92.jpg,5.710479492e-07
2058472558_7dd5014abd.jpg,4.099167064e-07
2691966747_cfa154982b.jpg,4.713227468e-07
469969326_4b84073286.jpg,5.270680905e-07
195962790_3380aea352.jpg,7.116767449e-07
2480832276_fa55480ecb.jpg,3.731517244e-07
2061397486_53a61e17c5.jpg,5.501965206e-07
2676651833_3bb42bbb32.jpg,5.591178323e-07
1478294229_7e1c822fea.jpg,5.547827729e-07
1392272228_cf104086e6.jpg,1.057834762e-06
3153067758_53f003b1df.jpg,4.424287996e-07
497791037_93499238d8.jpg,3.521393353e-07
3399618896_9ef60cd32c.jpg,7.254870716e-07
2229179070_dc8ea8582e.jpg,3.390985506e-07
3316046339_8e504be038.jpg,4.056801339e-07
3681056426_fbd6c0c92c.jpg,5.155912419e-07
3006095077_1992b677f8.jpg,3.584190063e-07
457945610_1a23b9ced0.jpg,5.89572161e-07
263216826_acf868049c.jpg,5.894437424e-07
778885185_3f6905370b.jpg,7.480549343e-07
3692593096_fbaea67476.jpg,9.879049012e-07
1045521051_108ebc19be.jpg,3.539950942e-07
2220185725_45d4fa68d9.jpg,3.059758672e-07
514222303_cb98584536.jpg,4.359446676e-07
2913818905_8e4d9aa82a.jpg,1.10338726e-06
3259992164_94600858b3.jpg,4.836406048e-07
278002800_3817135105.jpg,5.328797864e-07
3296500180_0d7a6650dc.jpg,4.604951125e-07
3501781809_88429e3b83.jpg,5.996666275e-07
278496691_c1fd93e2d8.jpg,5.479711164e-07
3607969989_68cc411493.jpg,5.515309347e-07
3618504267_d7eaa495d0.jpg,5.526136812e-07
2462153092_e3f4d8f6a2.jpg,1.218567573e-06
3164328039_2c56acf594.jpg,5.656997102e-07
3446762868_06e9d9d899.jpg,3.865002518e-07
534313000_4ad39c7ee0.jpg,6.762417525e-07
3476451861_5b9c9ce191.jpg,4.217005311e-07
1554713437_61b64527dd.jpg,5.493172036e-07
3726025663_e7d35d23f6.jpg,4.446229737e-07
952171414_2db16f846f.jpg,5.4686849e-07
861608773_bdafd5c996.jpg,6.4501401e-07
3329169877_175cb16845.jpg,4.558562745e-07
3624076529_9793655a21.jpg,5.594752177e-07
3490874218_babb404b39.jpg,4.508334453e-07
3480051754_18e5802558.jpg,5.007905387e-07
1523984678_edd68464da.jpg,3.823844881e-07
2612488996_9450de0e54.jpg,3.530061925e-07
1026685415_0431cbf574.jpg,4.670979779e-07
99679241_adc853a5c0.jpg,5.177766228e-07
3377117696_af91f13058.jpg,6.82601903e-07
3203453897_6317aac6ff.jpg,5.63352923e-07
3691800116_6a7b315e46.jpg,6.93047833e-07
3677318686_b018862bb7.jpg,7.384189269e-07
2385871165_9438c9fe84.jpg,9.620486706e-07
720208977_f44c2bba5b.jpg,6.268181608e-07
3758175529_81941e7cc9.jpg,3.046993283e-07
3259002340_707ce96858.jpg,5.295272441e-07
3503544012_1771be9d3a.jpg,5.207749412e-07
3320356356_1497e53f80.jpg,7.533079819e-07
256085101_2c2617c5d0.jpg,8.129497668e-07
3717809376_f97611ab84.jpg,4.643262485e-07
475816542_f5c2736815.jpg,5.700779295e-07
3697359692_8a5cdbe4fe.jpg,5.879735793e-07
397725001_e51f7c391c.jpg,4.058564122e-07
3682428916_69ce66d375.jpg,5.408235441e-07
3154693053_cfcd05c226.jpg,4.492035832e-07
3259992638_0612a40288.jpg,4.964140344e-07
3426933951_2302a941d8.jpg,7.116704859e-07
2753506871_dc38e7d153.jpg,8.560149591e-07
2885912662_a3a2dfde45.jpg,6.436449367e-07
3487378989_c051d2715b.jpg,3.783172887e-07
3260088697_af9b6d2393.jpg,6.287798951e-07
2191329761_3effd856c5.jpg,5.175133732e-07
270263570_3160f360d3.jpg,4.442032772e-07
3501386648_e11e3f3152.jpg,5.17968002e-07
2622971954_59f192922d.jpg,7.193898801e-07
514222285_aa0c8d05b7.jpg,6.150599652e-07
774009278_8e75b7d498.jpg,5.682024607e-07
3656225270_cdf89e3240.jpg,6.612533781e-07
1001773457_577c3a7d70.jpg,6.774361147e-07
2140305708_591d10b54d.jpg,7.626474951e-07
2192333873_2a0cbe849d.jpg,5.867329264e-07
1459032057_97e73ed6ab.jpg,9.03577951e-07
2676937700_456134c7b5.jpg,4.381528894e-07
1419286010_b59af3962a.jpg,4.390809591e-07
2591110592_ef5f54f91c.jpg,5.297654425e-07
3380364224_2626d9d354.jpg,9.240830821e-07
2394919002_ed7527ff93.jpg,5.175246437e-07
3635194562_4c1dfa120a.jpg,6.376421838e-07
3711826708_bba64fb1e1.jpg,5.435372345e-07
2833582518_074bef3ed6.jpg,5.577135005e-07
1151466868_3bc4d9580b.jpg,6.794704973e-07
3523819210_99782628fc.jpg,5.248410413e-07
1009434119_febe49276a.jpg,5.585736045e-07
3712008738_1e1fa728da.jpg,5.656697418e-07
247637795_fdf26a03cf.jpg,8.636896617e-07
496110746_a93ca191ae.jpg,8.158520969e-07
3159569570_dff24e7be9.jpg,5.696853357e-07
475980315_b8ecd50094.jpg,8.690044124e-07
3205336477_037d4b6bd9.jpg,6.40505447e-07
3640661245_c8c419524d.jpg,5.553714113e-07
3614542901_29877fc342.jpg,4.241299554e-07
2562347802_c049a2ba88.jpg,1.430396365e-06
842960985_91daf0d6ec.jpg,1.156947292e-06
611910909_4f8e43e070.jpg,5.104113328e-07
1204996216_71d7519d9a.jpg,6.126863444e-07
411863595_d77156687e.jpg,7.654743525e-07
3112821789_1f7c3bbb99.jpg,4.166557091e-07
515755283_8f890b3207.jpg,4.447614838e-07
3273325447_81c94000da.jpg,3.637761494e-07
2339573065_91f1e3be60.jpg,9.46357456e-07
1417295167_5299df6db8.jpg,6.231280555e-07
3637966641_1b108a35ba.jpg,6.949038397e-07
2674784195_704f6b79d0.jpg,4.431927499e-07
3568219100_dfbffddccd.jpg,5.891816206e-07
297169473_d3974e0275.jpg,7.135682218e-07
2335428699_4eba9b6245.jpg,4.922792307e-07
3224578187_749882c17f.jpg,5.60327107e-07
3520922312_e58a6cfd9c.jpg,5.276524984e-07
172097783_292c5413d8.jpg,4.582251147e-07
2272548482_0b4aec5cdd.jpg,8.104149937e-07
3728015645_b43a60258b.jpg,4.713538181e-07
2305437797_e6c3460190.jpg,7.07100253e-07
486720042_b785e7f88c.jpg,6.239617301e-07
241347803_afb04b12c4.jpg,6.513711423e-07
3247598959_5b2348444c.jpg,6.070916772e-07
3597210806_95b07bb968.jpg,4.516914595e-07
512550372_438849ce19.jpg,5.796175576e-07
3656104088_a0d1642fa9.jpg,5.84884343e-07
2545192257_142fe9e2de.jpg,9.432791388e-07
610590753_cd69ce081a.jpg,2.924820982e-07
549887636_0ea5ae4739.jpg,6.24415657e-07
2298946012_22de913532.jpg,5.323537658e-07
2387197355_237f6f41ee.jpg,7.529804417e-07
3354489242_dd529ffa1f.jpg,4.22896957e-07
199463720_329a802206.jpg,5.255588924e-07
3086810882_94036f4475.jpg,5.215400046e-07
2510029990_7014f907cb.jpg,3.959661198e-07
3456251289_c4ae31d817.jpg,3.680982689e-07
2330062180_355ccbceb5.jpg,7.154973742e-07
2271755053_e1b1ec8442.jpg,8.704931378e-07
2861100960_457ceda7fa.jpg,6.202463248e-07
3294179574_4f67e67d6f.jpg,4.228154091e-07
181415975_2627aa6668.jpg,6.258937958e-07
394136487_4fc531b33a.jpg,6.206727173e-07
2646615552_3aeeb2473b.jpg,5.201443195e-07
424779662_568f9606d0.jpg,5.238409863e-07
3332136681_9aecf101fd.jpg,5.375307832e-07
2472896179_245e7d142f.jpg,4.890110161e-07
278002875_d011ae9dc5.jpg,4.018491357e-07
2222186636_85e03e0b75.jpg,2.934835538e-07
3691670743_0ed111bcf3.jpg,5.073783815e-07
317488612_70ac35493b.jpg,1.111186127e-06
2620113705_a8fa89b8f6.jpg,3.795567668e-07
1389323170_d1c81d6b51.jpg,4.874628001e-07
3456579559_b5c8927938.jpg,5.261419641e-07
2800004913_c8394ba332.jpg,7.530700048e-07
3009383694_e045c6169e.jpg,4.599856868e-07
3582685410_05315a15b8.jpg,4.706042239e-07
2760371526_63f3d01760.jpg,6.447284404e-07
3484841598_e26ee96aab.jpg,5.610902604e-07
424416723_19c56cb365.jpg,8.366689397e-07
2135360514_7dcb9ed796.jpg,7.236632606e-07
3470951932_27ed74eb0b.jpg,6.486033425e-07
3410215754_5d5caeffaf.jpg,7.223533726e-07
3718007650_e5930b4509.jpg,3.645797905e-07
3215108916_0473007b47.jpg,4.429756193e-07
2311690895_0d6efe11c8.jpg,7.340649948e-07
215214751_e913b6ff09.jpg,6.21917287e-07
3122888809_9ae9b4b9b2.jpg,6.703110765e-07
1936215201_d03a75cbba.jpg,7.481296576e-07
3270047169_2ed289a9af.jpg,7.58890439e-07
3060519665_4d6b9a51b2.jpg,5.907304477e-07
3090398639_68c0dfa9a5.jpg,5.267221174e-07
1580671272_3e99d94305.jpg,4.465374189e-07
241346709_23204cc2bc.jpg,8.748619199e-07
2109479807_eec8d72ca7.jpg,4.247871606e-07
2713554148_64cd465e71.jpg,7.06980484e-07
2831846986_5534425cfa.jpg,6.171888968e-07
2205328215_3ffc094cde.jpg,6.216777159e-07
2789238858_14261dd25a.jpg,5.875460492e-07
2443229844_277cded27d.jpg,7.368166068e-07
3019842612_8501c1791e.jpg,3.218189953e-07
3352199368_b35f25793e.jpg,5.178335953e-07
3082196097_2d15455b00.jpg,3.315184057e-07
322103537_184367bf88.jpg,5.64518795e-07
3498423815_5b8fc097f4.jpg,5.390771174e-07
2789350645_96a2535b4d.jpg,5.160452859e-07
3228960484_9aab98b91a.jpg,2.856997985e-07
2512683710_991c9d466d.jpg,6.411321307e-07
3687995245_624b54090d.jpg,6.291290105e-07
2299427360_422a3fb8b0.jpg,6.259780629e-07
136639119_6040b00946.jpg,4.449416989e-07
1975171469_84e425f61b.jpg,3.980178229e-07
2271667421_7b21fc23b8.jpg,5.739502403e-07
2176874361_2b4149010b.jpg,6.57588537e-07
3532587748_7e64bb223a.jpg,7.958626784e-07
3403263046_3cc701a07a.jpg,6.101605833e-07
3116731299_6139b25c18.jpg,3.991949693e-07
2165459064_5b81ff23eb.jpg,7.066367699e-07
254295381_d98fa049f4.jpg,5.68824921e-07
3368207495_1e2dbd6d3f.jpg,6.490930089e-07
2658360285_a0ec74ef48.jpg,6.243668832e-07
1426014905_da60d72957.jpg,6.008612475e-07
709373049_15b8b6457a.jpg,2.759596261e-07
1620397000_3883e3ecd3.jpg,9.437100126e-07
2708582445_5e5999b956.jpg,4.218653413e-07
1798215547_ef7ad95be8.jpg,1.459301717e-06
3143953179_1c08c023a5.jpg,5.205763681e-07
2419186511_f0ce5f9685.jpg,1.299159601e-06
55470226_52ff517151.jpg,5.387826018e-07
160585932_fa6339f248.jpg,4.774170516e-07
3126795109_73920ed5dc.jpg,3.672949265e-07
241347243_c751557497.jpg,6.175517632e-07
3530687486_6e6be53602.jpg,4.062059736e-07
439916996_1ddb9dc8e7.jpg,3.189444172e-07
2354792215_eef2bdc753.jpg,7.197475472e-07
3543378438_47e2712486.jpg,5.922569062e-07
53043785_c468d6f931.jpg,7.217459028e-07
1321949151_77b77b4617.jpg,5.263022497e-07
2526585002_10987a63f3.jpg,4.310901468e-07
3346040664_5b584e6133.jpg,4.229769765e-07
639120223_7db6bdb61f.jpg,4.922023594e-07
1084040636_97d9633581.jpg,1.057527847e-06
3553056438_4e611a7a2a.jpg,1.276873687e-06
135235570_5698072cd4.jpg,6.942456407e-07
3254640083_eb34b8edfe.jpg,9.231616748e-07
3126724531_f483e1b92a.jpg,6.263581343e-07
3609032038_005c789f64.jpg,5.763506839e-07
3053916979_848d32261b.jpg,8.876157739e-07
3205839744_24504ba179.jpg,5.949553716e-07
86412576_c53392ef80.jpg,3.298286064e-07
2472634822_7d5d2858c0.jpg,4.258017332e-07
272940778_a184dbea42.jpg,5.250429214e-07
3182161610_4d349b257f.jpg,7.083885087e-07
2661437618_ca7a15f3cb.jpg,9.961250491e-07
2598012140_832863fcb9.jpg,9.027476189e-07
3724738804_f00748a137.jpg,4.62596611e-07
3425851292_de92a072ee.jpg,2.867943667e-07
2158247955_484f0a1f11.jpg,7.476965511e-07
2873188959_ff023defa9.jpg,6.017911806e-07
3417102649_5c0b2f4b4d.jpg,9.76667709e-07
1501811302_5e723fc529.jpg,6.651287005e-07
2201978994_c444e64810.jpg,5.841960109e-07
3564157681_03a13b7112.jpg,6.150440994e-07
143688205_630813a466.jpg,5.408051267e-07
2708634088_a4686be24c.jpg,9.568056181e-07
2249264723_d08655d9f2.jpg,8.995369686e-07
3585123310_9a8e94bd2b.jpg,6.654360076e-07
3323952123_deb50b0629.jpg,4.501165475e-07
488549693_a1f51d8c4a.jpg,5.161863292e-07
3744832122_2f4febdff6.jpg,4.814386822e-07
3335997221_254366c400.jpg,9.256364725e-07
272283076_2d4aa1d5cf.jpg,5.202814533e-07
1460500597_866fa0c6f3.jpg,4.72583941e-07
3176072448_b84c99cf7f.jpg,9.604507542e-07
2902661518_1513be3ea6.jpg,6.447221801e-07
143237785_93f81b3201.jpg,6.610469691e-07
3355683198_715fb1a2ac.jpg,4.767906213e-07
411175971_0fffd3b8c6.jpg,9.154027671e-07
2213113526_beeb4f9bdc.jpg,4.672454551e-07
3276448136_0d9f5069c5.jpg,7.048250684e-07
3604928725_58147c87cd.jpg,7.671703855e-07
1273001772_1585562051.jpg,6.029613806e-07
169490297_b6ff13632a.jpg,5.899616863e-07
2346189044_546ed84aa9.jpg,5.977568482e-07
2223382277_9efa58ec45.jpg,4.5146169e-07
733172023_5810350af6.jpg,4.874574198e-07
968081289_cdba83ce2e.jpg,5.881912278e-07
3477712686_8428614c75.jpg,5.460276572e-07
3197247245_9c93b60b8a.jpg,4.195919439e-07
2541104331_a2d65cfa54.jpg,6.561196696e-07
2836553263_b1a08c25ea.jpg,5.853539709e-07
311196733_03966b4836.jpg,8.193134971e-07
3157622277_9f59b4f62f.jpg,6.177198103e-07
537359971_6e28f5e66e.jpg,5.351593303e-07
2788945468_74a9618cfa.jpg,3.644737964e-07
3005872315_e6771763bd.jpg,9.354501694e-07
2928152792_b16c73434a.jpg,4.435756797e-07
3459419203_cd7c68ce4d.jpg,5.295434935e-07
2939475047_84585ea45c.jpg,7.427464474e-07
2567812221_30fb64f5e9.jpg,7.650680844e-07
3535372414_4c51c86fc4.jpg,3.137210202e-07
3120266797_47e7d91614.jpg,5.221141102e-07
3088322308_b0c940b3a3.jpg,5.870012998e-07
416788726_5b4eb1466e.jpg,3.867537908e-07
2578289278_01516d23a0.jpg,5.79988789e-07
70995350_75d0698839.jpg,5.621471572e-07
1191338263_a4fa073154.jpg,3.799620675e-07
3522749949_fb615cee47.jpg,5.300294071e-07
3151365121_e2a685a666.jpg,6.567241774e-07
1523800748_a59e980eee.jpg,7.527216847e-07
3713324467_104d72f7db.jpg,3.973401028e-07
2333584535_1eaf9baf3e.jpg,5.688452988e-07
3627679667_0e3de9fc90.jpg,1.00079532e-06
2765747519_2b851e01d6.jpg,7.693322822e-07
1539166395_0cdc0accee.jpg,6.604669769e-07
3335773346_ac0d97efeb.jpg,3.803401984e-07
2894576909_99c85fd7a7.jpg,7.269155534e-07
3220161734_77f42734b9.jpg,5.913054441e-07
2987775031_3f9ac69319.jpg,4.795237151e-07
2490687446_9d46fdf5a9.jpg,6.217833379e-07
3512127856_18a4c7aace.jpg,6.244497527e-07
2935703360_4f794f7f09.jpg,4.17683685e-07
384465370_9918873f9a.jpg,5.585715749e-07
3360994630_d4616c1b14.jpg,5.03765651e-07
345284642_77dded0907.jpg,6.088852333e-07
2410040397_1a161a1146.jpg,5.927505063e-07
874665322_9ad05c4065.jpg,4.106607488e-07
3474330484_a01d8af624.jpg,6.771696312e-07
2418191216_82711d5c5c.jpg,5.95028116e-07
2460134050_06de9f5c4a.jpg,5.678033254e-07
111537222_07e56d5a30.jpg,5.216961475e-07
295433203_8185c13e08.jpg,5.227130997e-07
241347460_81d5d62bf6.jpg,8.079797053e-07
3549583146_3e8bb2f7e9.jpg,5.016897722e-07
251586160_a31b187a37.jpg,6.027833837e-07
3194134352_bc1b2a25d7.jpg,7.154331601e-07
3155657768_b83a7831e5.jpg,5.524734747e-07
2522467011_cc825d89ac.jpg,4.530277025e-07
759015118_4bd3617e60.jpg,7.820581919e-07
802594049_289e3c8420.jpg,5.137714402e-07
3133044777_8cc930a4ec.jpg,4.614714059e-07
2532262109_87429a2cae.jpg,4.762944819e-07
2315807231_6948b3f3a5.jpg,1.019340455e-06
1028205764_7e8df9a2ea.jpg,5.555812691e-07
498748832_941faaaf40.jpg,5.794764209e-07
3326376344_3306bf439e.jpg,6.452510361e-07
2600170955_bf30c5d5c0.jpg,4.817398094e-07
506738508_327efdf9c3.jpg,5.688118253e-07
3725353555_75c346d7ec.jpg,6.541501872e-07
3529211822_1dabdb3a9c.jpg,8.339044808e-07
3217909454_7baa0edbb2.jpg,6.310854189e-07
3523471597_87e0bf3b21.jpg,4.620774116e-07
3374759363_d6f7a0df41.jpg,5.020321556e-07
2555638166_2f0847d57d.jpg,5.422898627e-07
2813033949_e19fa08805.jpg,8.172406063e-07
3713133789_f05e8daffd.jpg,3.176264065e-07
3227594168_3351722aae.jpg,4.853717959e-07
3535284878_f90f10236e.jpg,5.035760074e-07
2986716822_e220754d32.jpg,8.554879765e-07
3547647914_4dd56a8c1b.jpg,6.173659523e-07
2822148499_eaa46c99d4.jpg,6.495032228e-07
3107463441_7c68606450.jpg,4.630896854e-07
2286235203_af3cd8f243.jpg,5.333536285e-07
2265367960_7928c5642f.jpg,7.260944944e-07
3394654132_9a8659605c.jpg,6.774041694e-07
2896668718_0c3cff910f.jpg,4.122885329e-07
3223224391_be50bf4f43.jpg,7.786359357e-07
2260369648_e21ae6494a.jpg,3.857177123e-07
2918769188_565dd48060.jpg,7.223833597e-07
2673564214_3a9598804f.jpg,3.929285112e-07
308307853_5a51fbdecc.jpg,7.357554962e-07
3561433412_3985208d53.jpg,6.096928988e-07
2623982903_58ec7c5026.jpg,5.695880737e-07
241347689_d0b1ac297d.jpg,7.483068129e-07
1351315701_6580b51c41.jpg,7.052775746e-07
3134341610_3c55e373a7.jpg,4.504382305e-07
2218609886_892dcd6915.jpg,1.09095132e-06
2503629305_055e9ec4b1.jpg,1.053628196e-06
456299217_b2802efbc2.jpg,3.824129905e-07
3315323307_bd148a8964.jpg,3.624294059e-07
3068735836_872fba3068.jpg,5.676230225e-07
3431487300_0123195f9b.jpg,5.104708231e-07
3582048078_7bac2d8473.jpg,7.235571488e-07
2198494923_8159551be4.jpg,6.306509551e-07
3065468339_4955e90fd3.jpg,3.800130832e-07
3647750811_395fbd397e.jpg,1.00423639e-06
3544793763_b38546a5e8.jpg,4.086400148e-07
365128300_6966058139.jpg,6.078577967e-07
3561130207_d1ed166daa.jpg,9.812186821e-07
1348891916_ebd4413033.jpg,6.667666792e-07
395461421_c586b136de.jpg,1.115587895e-06
3187364311_4c2a87083b.jpg,4.691067838e-07
57422853_b5f6366081.jpg,5.184667873e-07
3139118874_599b30b116.jpg,3.610857537e-07
3474999131_788cbf253f.jpg,6.229569981e-07
3496983524_b21ecdb0c7.jpg,6.416354227e-07
2679926555_b11cf45595.jpg,6.353506546e-07
3344948183_5b89379585.jpg,6.885266692e-07
3155279929_d1cddbe7cf.jpg,5.050255934e-07
2756765580_9e57e10f0d.jpg,4.126620094e-07
3174156702_95a1cda2d9.jpg,4.067627977e-07
3477715432_79d82487bb.jpg,5.830880818e-07
2178306830_6af49375b4.jpg,4.830751772e-07
2107837987_ffecfc367a.jpg,3.989978869e-07
3667822570_d39850e217.jpg,3.599104514e-07
762947607_2001ee4c72.jpg,5.810092027e-07
325005410_e1ff5041b5.jpg,5.500431314e-07
2086532897_b8714f2237.jpg,1.035986485e-06
3386375153_20c56d0aae.jpg,6.406390975e-07
458213442_12c59e61a0.jpg,8.926205356e-07
2280354512_c0d035d53f.jpg,8.238931885e-07
109671650_f7bbc297fa.jpg,3.74246289e-07
468141298_3154d717e1.jpg,4.268870234e-07
2053733930_e245615ad4.jpg,4.653699714e-07
2452238877_2340609c6e.jpg,8.309427051e-07
3568197730_a071d7595b.jpg,3.662936373e-07
2573625591_70291c894a.jpg,5.39855597e-07
3673032164_6c6843de87.jpg,6.698572838e-07
2910758605_73a3f5a5c2.jpg,2.882816693e-07
1022975728_75515238d8.jpg,1.064670447e-06
2222498879_9e82a100ab.jpg,5.228843051e-07
2319087586_919472310f.jpg,7.275167477e-07
3406802138_ef77bbddd0.jpg,6.226696624e-07
3402081035_a54cfab1d9.jpg,5.362107581e-07
3279228339_71deaa3d9b.jpg,4.502364923e-07
2920969723_83918fe909.jpg,4.88825073e-07
3171451305_f87b9e09ee.jpg,6.150010718e-07
2909955251_4b326a46a7.jpg,4.525249563e-07
1413956047_c826f90c8b.jpg,7.249833193e-07
3016651969_746bd36e68.jpg,4.902771094e-07
2594042571_2e4666507e.jpg,4.896048212e-07
2866529477_7e0c053ebc.jpg,6.93123478e-07
2947452329_08f2d2a467.jpg,8.03702268e-07
3478176372_7c510a0cef.jpg,3.766322267e-07
3454754632_977c1523be.jpg,6.060429401e-07
3405720825_b6991005eb.jpg,5.326083766e-07
2831314869_5025300133.jpg,4.706862987e-07
2624457062_89efc497a8.jpg,4.558817525e-07
57417274_d55d34e93e.jpg,4.212929664e-07
3273969811_42e9fa8f63.jpg,5.733421128e-07
2771424045_1fdf9617eb.jpg,5.050446257e-07
2086678529_b3301c2d71.jpg,7.469747974e-07
3589367895_5d3729e3ea.jpg,4.234919621e-07
3698944019_825ef54f2f.jpg,8.038269649e-07
3396036947_0af6c3aab7.jpg,6.818021411e-07
2254913901_569f568926.jpg,7.246861033e-07
463875230_f19e83d6df.jpg,5.141357264e-07
3099504809_565e17e49d.jpg,5.025333062e-07
2856923934_6eb8832c9a.jpg,8.606395692e-07
3016759846_062663f8ab.jpg,5.386290768e-07
3527715826_ea5b4e8de4.jpg,4.413063871e-07
247691240_3881777ab8.jpg,7.906587019e-07
2542662402_d781dd7f7c.jpg,9.295928351e-07
2861932486_52befd8592.jpg,4.877933143e-07
2429978680_1e18a13835.jpg,8.056461856e-07
2972864304_481aeffe50.jpg,3.649433529e-07
661755629_602ea4cf09.jpg,6.615127087e-07
1778020185_1d44c04dae.jpg,6.986834762e-07
3716244806_97d5a1fb61.jpg,4.329373786e-07
3526805681_38461c0d5d.jpg,6.208397454e-07
566921157_07c18a41e2.jpg,5.558712766e-07
2761599088_8b39cc5f41.jpg,9.730444118e-07
352981175_16ff5c07e4.jpg,5.344015149e-07
3518126579_e70e0cbb2b.jpg,7.133254907e-07
2504764590_cf017c2a6e.jpg,6.255170458e-07
3632572264_577703b384.jpg,5.211615762e-07
380537190_11d6c0a412.jpg,4.889719547e-07
3372022051_132b8e6233.jpg,6.115502609e-07
533979933_a95b03323b.jpg,8.553593723e-07
2708686056_1b8f356264.jpg,7.590051397e-07
3410902181_b2a3c6eec9.jpg,4.851207732e-07
3286198467_8880be127e.jpg,8.083599083e-07
3528966521_2e871ff6a1.jpg,6.075942395e-07
2886533440_dfa832f2fa.jpg,7.29190018e-07
3154709407_9b0778cbeb.jpg,5.059670476e-07
2257798999_d9d1b9a45a.jpg,4.860160933e-07
3378553508_e37e281d25.jpg,5.931081775e-07
3144705706_391d7b77c7.jpg,3.55859083e-07
3363836972_c87b58c948.jpg,7.558332691e-07
1258913059_07c613f7ff.jpg,6.25613357e-07
2244171992_a4beb04d8e.jpg,4.538146945e-07
3262475923_f1f77fcd9f.jpg,3.895669881e-07
3242919570_39a05aa2ee.jpg,6.366774912e-07
1042020065_fb3d3ba5ba.jpg,5.843068607e-07
2978271431_f6a7f19825.jpg,7.3592958e-07
3430607596_7e4f74e3ff.jpg,7.809410774e-07
1501985304_8c50093004.jpg,5.178694232e-07
3287969199_08e775d896.jpg,4.921684549e-07
3545652636_0746537307.jpg,3.789874787e-07
1295669416_21cabf594d.jpg,5.116412325e-07
2992614450_b5a6692239.jpg,5.849885063e-07
3683644335_b70bed1d83.jpg,1.149108197e-06
3330007895_78303e8a40.jpg,9.427082098e-07
537230454_1f09199476.jpg,7.345894709e-07
3386060324_b98fdfa449.jpg,5.7470174e-07
754852108_72f80d421f.jpg,7.688610267e-07
3482974845_db4f16befa.jpg,8.439923349e-07
3175434849_859f09fe07.jpg,5.659465539e-07
2786245676_0a69543832.jpg,5.048946229e-07
2256320794_0286c31bfa.jpg,6.113169652e-07
3545793128_af3af544dc.jpg,4.068600152e-07
2899276965_a20b839cfd.jpg,5.224502607e-07
3122497129_d08f5729b8.jpg,7.587267922e-07
2591486448_48d5438343.jpg,5.174705521e-07
3163281186_e2f43dfb5f.jpg,5.800907233e-07
341665272_80d4d61376.jpg,5.990889725e-07
3517040752_debec03376.jpg,5.423691864e-07
3210419174_d083a16f77.jpg,6.575931293e-07
719837187_3e7bf1d472.jpg,5.276863758e-07
2734219983_fe86a60bf9.jpg,6.603243522e-07
327621377_0bc3b7fd26.jpg,4.180976031e-07
2046222127_a6f300e202.jpg,1.210759222e-06
2616508003_fa5ca5780d.jpg,5.347163297e-07
241347150_5ff37818c2.jpg,6.856665718e-07
1662261486_db967930de.jpg,6.050406236e-07
256292144_b53aadae27.jpg,7.891542904e-07
3267644370_f2728d6c7a.jpg,6.179379851e-07
3568505408_4e30def669.jpg,5.028519824e-07
90011335_cfdf9674c2.jpg,5.28545698e-07
3296715418_29542dcdc2.jpg,6.869245286e-07
381052465_722e00807b.jpg,3.953642764e-07
2652155912_8ba5426790.jpg,6.492009121e-07
3186863842_5832573c5e.jpg,7.155480138e-07
236730743_0d4fd8de5a.jpg,5.325482214e-07
3168123064_d1983b8f92.jpg,6.746951399e-07
3187492926_8aa85f80c6.jpg,9.173004154e-07
3688005475_d200165cf7.jpg,8.858188841e-07
3577309234_c952c2af86.jpg,4.504982878e-07
2930514856_784f17064a.jpg,7.193196053e-07
232193739_ed5f348c7a.jpg,6.998699367e-07
3257277774_aba333a94c.jpg,8.127777033e-07
3759492488_592cd78ed1.jpg,4.643491292e-07
2110898123_07729c1461.jpg,1.181504986e-06
397815951_3b02090324.jpg,1.007247379e-06
3057862887_135c61816a.jpg,4.962037363e-07
2847615962_c330bded6e.jpg,6.620081783e-07
1309330801_aeeb23f1ee.jpg,5.339038562e-07
2294516804_11e255807a.jpg,8.86854981e-07
513269597_c38308feaf.jpg,5.30240193e-07
3307978046_92fef4dfa9.jpg,5.070146963e-07
2405599120_ec5f32af6f.jpg,5.477854112e-07
3243588540_b418ac7eda.jpg,4.727151771e-07
3320680380_b0d38b3b4a.jpg,5.578113793e-07
3204922011_185e48949a.jpg,1.004180737e-06
3123463486_f5b36a3624.jpg,6.749055955e-07
2752230113_b5dab6f0f1.jpg,5.138400794e-07
3292277400_f95cdd13d1.jpg,5.009976475e-07
506478284_7cf8bdbe36.jpg,6.806590271e-07
1982852140_56425fa7a2.jpg,6.523395116e-07
1429814475_0b592b9995.jpg,5.631305902e-07
2339946012_06bd480ab8.jpg,5.889898378e-07
1131800850_89c7ffd477.jpg,7.215533961e-07
3425685827_03683e8e5a.jpg,3.772194008e-07
2021613437_d99731f986.jpg,6.511306523e-07
116409198_0fe0c94f3b.jpg,6.534434432e-07
3207264553_8cd4dcde53.jpg,6.16841877e-07
3165750962_e2e3843679.jpg,5.920321177e-07
2984704498_29b53df5df.jpg,3.255189587e-07
2858759108_6e697c5f3e.jpg,5.408556198e-07
3185695861_86152b2755.jpg,4.300872795e-07
245252561_4f20f1c89e.jpg,1.060581087e-06
3034585889_388d6ffcc0.jpg,7.012745919e-07
3565654691_22b97d3994.jpg,4.088067255e-07
2187503678_fd743e0a00.jpg,8.610981018e-07
2420730259_86e7f8a815.jpg,6.871335884e-07
441398149_297146e38d.jpg,4.768169333e-07
524698457_77ba13840a.jpg,5.432283311e-07
3417143124_6feb8290cc.jpg,5.554207919e-07
2098646162_e3b3bbf14c.jpg,5.218364552e-07
2687672606_275169c35d.jpg,3.970495066e-07
3087095548_6df7c2a8ed.jpg,3.997755341e-07
3527590601_38d56abc29.jpg,6.673710319e-07
1470132731_fa416b7504.jpg,5.048143564e-07
3271084924_4778d556cc.jpg,4.442401246e-07
504765160_b4b083b293.jpg,5.293433099e-07
2800758232_d7fa598065.jpg,1.09532478e-06
3459362347_c412ef9901.jpg,6.609425242e-07
3198247669_7493af04a7.jpg,5.653867271e-07
2694426634_118566f7ab.jpg,5.924984231e-07
2873522522_829ea62491.jpg,4.367226989e-07
300539993_eede2d6695.jpg,6.016428112e-07
3411595210_8e0893b266.jpg,4.804110395e-07
3049770416_0fb1954315.jpg,6.03893388e-07
3419916411_72934edcdb.jpg,4.081247123e-07
3470008804_0ca36a7a09.jpg,8.408769085e-07
150582765_bad8dec237.jpg,3.177635122e-07
252578659_9e404b6430.jpg,9.959306625e-07
2363006088_b3e3aa5c0b.jpg,5.285226236e-07
2710698257_2e4ca8dd44.jpg,6.388583625e-07
451597318_4f370b1339.jpg,4.639778514e-07
3560891822_7d4c1e3580.jpg,5.23059017e-07
3572267708_9d8a81d4a4.jpg,3.664181224e-07
2439154641_bbf985aa57.jpg,6.322894819e-07
2660008870_b672a4c76a.jpg,8.471513616e-07
314904143_5a216a192b.jpg,5.765362982e-07
2225241766_f1e7132e3e.jpg,5.019825879e-07
95728664_06c43b90f1.jpg,6.77140199e-07
2246717855_c0c08fe5d2.jpg,6.913574009e-07
224766705_b77996527f.jpg,4.622123262e-07
3601978895_9fec23ce0c.jpg,5.720132896e-07
495054019_3dee8a02f5.jpg,5.160820699e-07
2053777548_108e54c826.jpg,7.662699203e-07
354642192_3b7666a2dd.jpg,4.829292571e-07
1584315962_5b0b45d02d.jpg,6.301357144e-07
1597319381_1e80d9e39c.jpg,6.907374025e-07
2909875716_25c8652614.jpg,4.265623538e-07
2744690159_fe2c89e55b.jpg,3.949132001e-07
129599450_cab4e77343.jpg,4.134637406e-07
3258874419_23fec1bdc1.jpg,5.408324681e-07
2500826039_165e75b20c.jpg,4.85067964e-07
538825260_a4a8784b75.jpg,4.963334922e-07
3232030272_b2480a5fe7.jpg,7.374265218e-07
403523132_73b9a1a4b3.jpg,6.186137166e-07
23445819_3a458716c1.jpg,8.84534217e-07
3701509233_a2275a4e57.jpg,5.26036529e-07
2719102611_fef453bf30.jpg,4.989304281e-07
255091927_2eb643beb2.jpg,5.029054823e-07
3426724811_137855b4f7.jpg,5.663198685e-07
3373069977_bc73e9e409.jpg,5.288619848e-07
3534512991_f9fd66f165.jpg,7.219369697e-07
3387630781_f421a94d9d.jpg,8.626428972e-07
3389448506_7025e7cc12.jpg,5.328992891e-07
2907244809_07ab2c6b6c.jpg,4.68666702e-07
3427301653_4ff0d6fd93.jpg,7.505286704e-07
2073174497_18b779999c.jpg,4.300503238e-07
2136455112_202c093ba4.jpg,7.633061807e-07
3672944692_8d24a44fc6.jpg,4.489361672e-07
1255504166_f2437febcb.jpg,4.791934061e-07
236095031_5cb17dc54a.jpg,8.95243423e-07
3606942887_1159d92548.jpg,4.839833697e-07
3696698390_989f1488e7.jpg,3.359126169e-07
427936315_0b8f7b8d23.jpg,6.428845952e-07
2472250097_a3191a94b3.jpg,5.548756405e-07
2665904080_8a3b9639d5.jpg,8.962598281e-07
3259160693_067ec7ebc3.jpg,5.340384431e-07
3222496967_45d468ee66.jpg,6.83705018e-07
2789688929_9424fceed1.jpg,3.957161045e-07
1962729184_6996e128e7.jpg,6.011117602e-07
343073813_df822aceac.jpg,3.782904914e-07
3086790344_9487c58624.jpg,8.225454279e-07
2710563762_06d48329d7.jpg,5.117185158e-07
2271264741_aa8f73f87c.jpg,4.446156593e-07
3283913180_7d4e43602d.jpg,5.484893399e-07
3535304540_0247e8cf8c.jpg,8.927913321e-07
2949337912_beba55698b.jpg,1.630554617e-06
2855594918_1d1e6a6061.jpg,7.27467308e-07
3477672764_7f07657a26.jpg,5.588711269e-07
3704995657_e2e114083d.jpg,5.332956337e-07
2095435987_1b7591d214.jpg,6.711277665e-07
3401039304_424ffc7dbf.jpg,6.921442234e-07
2729655904_1dd01922fb.jpg,4.981434951e-07
2515247156_c1b759fc33.jpg,4.875684244e-07
3671950830_b570bac1b9.jpg,6.640711493e-07
3421129418_088af794f7.jpg,6.859192218e-07
3403797144_53e49412ec.jpg,6.255808353e-07
3223973114_6c15538ce9.jpg,5.565669921e-07
2812590023_50182bc417.jpg,1.122337054e-06
2445442929_8c81d42460.jpg,4.410372632e-07
2204695848_3d1b140212.jpg,6.092939731e-07
3724581378_41049da264.jpg,6.176280807e-07
3458577912_67db47209d.jpg,5.882500811e-07
3384528359_e920154177.jpg,4.258435492e-07
1463732130_a754441289.jpg,2.257379004e-07
2775249812_f4db95e818.jpg,8.345913566e-07
3216926094_bc975e84b9.jpg,9.204429716e-07
3211289105_e0360a9c7f.jpg,5.776856613e-07
2265096094_8cc34d669c.jpg,4.675791863e-07
3217266166_4e0091860b.jpg,3.996529922e-07
469021173_aa31c07108.jpg,4.342425416e-07
2707873672_15e6b5d54b.jpg,4.232984698e-07
2148991939_3b9fd6c439.jpg,4.567421487e-07
3638908276_b1751d30ff.jpg,4.320693907e-07
3610687607_895fdc94bd.jpg,4.087169429e-07
696663662_232edd58af.jpg,7.096724605e-07
3030824089_e5a840265e.jpg,6.376058856e-07
2707969386_94dde00ce4.jpg,6.024753996e-07
3643684688_2f7157b23d.jpg,3.769446367e-07
3286111436_891ae7dab9.jpg,3.791486533e-07
2991994415_504d1c0a03.jpg,4.777673516e-07
2921112724_5cb85d7413.jpg,5.283470737e-07
248646530_03c6284759.jpg,8.82393133e-07
2017276266_566656c59d.jpg,5.120921102e-07
501650847_b0beba926c.jpg,6.42332448e-07
138718600_f430ebca17.jpg,4.828833856e-07
3240351042_5d29c94b0e.jpg,4.595179442e-07
3286406057_a1668655af.jpg,5.039495399e-07
241347611_cb265be138.jpg,8.590159187e-07
3563871276_c8b2a00df5.jpg,4.120050514e-07
3399312265_9c74378692.jpg,6.282885502e-07
2291511815_ac083fddbd.jpg,6.161207478e-07
582788646_dc40748639.jpg,6.08250466e-07
1352398363_9cc8ffcce9.jpg,7.837144434e-07
3394750987_a32ecc477e.jpg,1.669873378e-07
2863027424_9c75105660.jpg,4.704748088e-07
2247889670_413db8094b.jpg,6.026577261e-07
3046286572_d2050ab0d9.jpg,3.054249488e-07
3730457171_e66dde8c91.jpg,5.407615465e-07
386160015_d4b31df68e.jpg,5.661349934e-07
422756764_e7eaac76bf.jpg,8.164829272e-07
339350939_6643bfb270.jpg,8.379005023e-07
2281006675_fde04e93dd.jpg,6.390394639e-07
3081182021_22cfa18dd4.jpg,5.2069504e-07
2822891602_ff61df2ece.jpg,6.281881458e-07
3277162496_dff7eeb59e.jpg,4.818610929e-07
1389651420_8d95d8f6ed.jpg,5.218817214e-07
2205088706_d7e633e00d.jpg,5.580763266e-07
2637959357_dd64a03efa.jpg,5.147023193e-07
3404012438_9baf8dcbaf.jpg,6.324788956e-07
1998457059_c9ac9a1e1a.jpg,6.921711509e-07
2864340145_d28b842faf.jpg,7.223572467e-07
3385246141_a263d1053e.jpg,4.001212459e-07
2396100671_3a9d67f03d.jpg,6.627445527e-07
2374570771_c395fc224a.jpg,7.223724947e-07
3662871327_b128d25f04.jpg,7.0158693e-07
1952896009_cee8147c90.jpg,6.898170191e-07
2537583012_4a358a6a8a.jpg,4.523767784e-07
3131990048_369b081021.jpg,6.442241887e-07
514431934_9cf78f05a9.jpg,4.372859919e-07
340425915_490293058f.jpg,6.543076344e-07
3179952488_c1c812a03b.jpg,5.57781285e-07
2654943319_d17fee7800.jpg,6.319047717e-07
2534424894_ccd091fcb5.jpg,4.927048e-07
2621771656_09a620da6d.jpg,4.726491152e-07
223299142_521aedf9e7.jpg,6.125324519e-07
3225058391_a12d38d911.jpg,5.251209214e-07
3188036349_8e4e2d6ca8.jpg,5.42687805e-07
2484190118_e89363c465.jpg,7.899366719e-07
512101751_05a6d93e19.jpg,7.458161214e-07
1356543628_c13ebe38fb.jpg,6.829445677e-07
207930963_af3a2f1784.jpg,4.758665185e-07
3265162450_5b4e3c5f1b.jpg,5.788097032e-07
1234817607_924893f6e1.jpg,7.404136703e-07
3362871440_6c0f27c480.jpg,5.662558972e-07
3396043950_12783c5147.jpg,5.95675861e-07
2636876892_9353521a1c.jpg,4.450929644e-07
460935487_75b2da7854.jpg,5.282752578e-07
636503038_17ca82b50f.jpg,6.880630166e-07
3634281981_d9cf1d1a33.jpg,5.363100312e-07
2873065944_29c01782e2.jpg,4.802537453e-07
492493570_c27237a396.jpg,6.825878442e-07
3438981089_2ef1a6353c.jpg,5.873827083e-07
3666324102_18ecdf8253.jpg,5.469494704e-07
3029463004_c2d2c8f404.jpg,8.31300996e-07
2976946039_fb9147908d.jpg,8.330450953e-07
3178300150_d4605ff02c.jpg,4.584556088e-07
1514957266_a19827c538.jpg,5.741050007e-07
3413973568_6630e5cdac.jpg,7.398634778e-07
3185409663_95f6b958d8.jpg,8.584012328e-07
498404951_527adba7b8.jpg,9.244053367e-07
359837950_9e22ffe6c2.jpg,4.380135428e-07
3535056297_e16f014cb7.jpg,5.707456514e-07
3242718240_3358f2d6e6.jpg,5.687924376e-07
3500399969_f54ce5848f.jpg,5.25132339e-07
2552723989_7bc93e0f7b.jpg,5.891518768e-07
2824004868_1fc0a81173.jpg,4.153848718e-07
3094568845_d0b56c5651.jpg,4.740616833e-07
3035949542_cb249790f5.jpg,6.299513441e-07
299572828_4b38b80d16.jpg,5.641338981e-07
3552435734_04da83b905.jpg,7.34452738e-07
2089542487_b4c1ee7025.jpg,4.672791548e-07
1390268323_2c8204e91c.jpg,6.027974009e-07
3684518763_f3490b647a.jpg,5.20023952e-07
2279980395_989d48ae72.jpg,1.008619592e-06
2130203183_49bae96b96.jpg,7.878286354e-07
618292739_0fdc2ccab0.jpg,4.282049502e-07
3721881082_afe9fc734e.jpg,5.692421928e-07
3333921867_6cc7d7c73d.jpg,5.529540994e-07
3589267801_5a222e3a60.jpg,5.542532672e-07
3527184455_1a9c074ff2.jpg,5.136952159e-07
3480379024_545e8ec818.jpg,4.944089793e-07
2693425189_47740c22ed.jpg,4.690173406e-07
322791392_aa3b142f43.jpg,6.298514933e-07
136644885_f7d2bbf546.jpg,5.562860991e-07
390992388_d74daee638.jpg,4.624707284e-07
639865690_d66d480879.jpg,9.344424884e-07
2971478694_79e46ea7e5.jpg,5.498876331e-07
2244551043_21b8cca866.jpg,5.611180481e-07
2998504949_1022fec53b.jpg,4.847300099e-07
1247181182_35cabd76f3.jpg,4.814206642e-07
2356664078_4b1e6e465d.jpg,4.444380287e-07
1368338041_6b4077ca98.jpg,9.004148419e-07
783994497_4f6885454d.jpg,4.02186171e-07
3261666285_86fceb762d.jpg,8.453237591e-07
3484832904_08619300d9.jpg,4.279367488e-07
2229509318_be3fef006b.jpg,8.432508981e-07
1229756013_94663527d7.jpg,6.557268662e-07
2448270671_5e0e391a80.jpg,7.889635717e-07
3415113018_7b95ddcd11.jpg,6.526214695e-07
448590900_db83c42006.jpg,6.925466215e-07
228949397_9e63bfa775.jpg,4.023541986e-07
3561537309_e271d57492.jpg,8.775954022e-07
3475005101_6f6e437459.jpg,6.508833435e-07
753578547_912d2b4048.jpg,5.384638011e-07
3429194423_98e911a101.jpg,3.381970154e-07
3529721084_4b405baf54.jpg,4.24078885e-07
694496803_f2a05869cf.jpg,4.068957526e-07
3228517564_74b00a923b.jpg,5.574093584e-07
2218843713_cf28ea319e.jpg,7.014953148e-07
2782433864_5a0c311d87.jpg,5.641920976e-07
2218519240_cac5aab53c.jpg,4.17960121e-07
3266261886_36e1323d2f.jpg,7.212702749e-07
2354829523_9542fc74ba.jpg,5.984045684e-07
3650986674_3e101c606b.jpg,4.693804558e-07
501684722_0f20c4e704.jpg,4.933575752e-07
3282634762_2650d0088a.jpg,7.013401792e-07
3279025792_23bfd21bcc.jpg,4.713508622e-07
3351586010_7ffaa90ea8.jpg,6.189658542e-07
3562302012_0cbcd01ff9.jpg,6.315410182e-07
3255620561_7644747791.jpg,4.407887818e-07
3341782693_426bf7139b.jpg,8.621917777e-07
2084217208_7bd9bc85e5.jpg,8.448590875e-07
3159447439_c1496cbaea.jpg,9.391292557e-07
2275372714_017c269742.jpg,6.042572618e-07
367673290_f8799f3a85.jpg,4.223226848e-07
566397227_a469e9e415.jpg,4.687982828e-07
428483413_b9370baf72.jpg,2.614164608e-07
708860480_1a956ae0f7.jpg,6.097124254e-07
3423225860_16e26eef74.jpg,3.033476646e-07
2578395598_6982734d46.jpg,7.440034417e-07
2045109977_b00ec93491.jpg,6.088449667e-07
3512791890_eb065b460a.jpg,6.832512582e-07
3564742915_5f940b95b4.jpg,5.019322192e-07
3364258732_9942c557e5.jpg,5.781459759e-07
222878446_32c6fc4bc9.jpg,6.118520234e-07
2992808092_5f677085b7.jpg,5.026047417e-07
1237985362_dbafc59280.jpg,7.215474656e-07
3169276423_6918dd4da1.jpg,5.782695207e-07
3680218298_582e6a2289.jpg,6.375767304e-07
521186251_e97d1f50f8.jpg,4.522646441e-07
2701603045_6cbdc4ce7c.jpg,4.054079029e-07
3173215794_6bdd1f72d4.jpg,6.05142123e-07
2853743795_e90ebc669d.jpg,4.744985395e-07
2607462776_78e639d891.jpg,3.904093477e-07
2157173498_2eea42ee38.jpg,5.652322352e-07
3638688673_176f99d7fd.jpg,3.498991228e-07
3008370541_ce29ce49f0.jpg,6.538619568e-07
2217728745_92b6779016.jpg,3.998127582e-07
369360998_ba56fb436f.jpg,5.636860607e-07
2882056260_4399dd4d7c.jpg,3.461917403e-07
1370773415_967b1ffde1.jpg,5.401826237e-07
693164706_9624582e69.jpg,5.949569197e-07
3449846784_278bc1ba92.jpg,4.989799622e-07
3658427967_6e2e57458d.jpg,5.192132029e-07
3428038648_993a453f9e.jpg,2.871961413e-07
1579198375_84b18e003a.jpg,5.611223027e-07
2844747252_64567cf14a.jpg,1.208463953e-06
2838619742_eed855d8a8.jpg,4.837284999e-07
3741462565_cc35966b7a.jpg,7.447220728e-07
3350671534_2a5d45a961.jpg,6.48222594e-07
3584561689_b6eb24dd70.jpg,4.497694749e-07
2654514044_a70a6e2c21.jpg,5.891031201e-07
2526041608_a9775ab8d7.jpg,4.82846079e-07
3677514746_26f5588150.jpg,3.363665026e-07
3122606953_a979dd3d33.jpg,8.312894186e-07
2839890871_4b7c7dbd96.jpg,4.66806612e-07
107582366_d86f2d3347.jpg,4.779202875e-07
2977379863_2e8d7a104e.jpg,4.485440331e-07
170100272_d820db2199.jpg,3.081010969e-07
3165123595_8db9f918bf.jpg,4.3026038e-07
1937262236_cbf5bfa101.jpg,8.081849481e-07
3429351964_531de1bf16.jpg,4.617051538e-07
3103340819_46de7954a9.jpg,6.066864183e-07
3612484827_0e479f9ee8.jpg,6.079298267e-07
2435685480_a79d42e564.jpg,4.639713432e-07
862156271_3eacea90a8.jpg,5.861242506e-07
3229442620_fd47d01b59.jpg,1.270672496e-06
3511062827_cd87871c67.jpg,1.085800625e-06
2807177340_bc85291df5.jpg,5.574789313e-07
3477681171_b1bb8b211d.jpg,6.835925653e-07
2724485630_7d2452df00.jpg,4.808409827e-07
2597873827_a5cb3e57ba.jpg,9.808968594e-07
3564907603_14ccc655f1.jpg,7.822532598e-07
3517023411_a8fbd15230.jpg,3.832990343e-07
2833431496_09d999db4d.jpg,6.266467318e-07
3109688427_d2e702456c.jpg,4.976795511e-07
3099923914_fd450f6d51.jpg,4.935581203e-07
93922153_8d831f7f01.jpg,6.696442325e-07
2577972703_a22c5f2a87.jpg,4.90886628e-07
2505360288_c972bd29c4.jpg,4.75980354e-07
2085078076_b9db242d21.jpg,7.07300199e-07
3254817653_632e840423.jpg,5.106418755e-07
2607099736_8681f601d9.jpg,5.415291327e-07
3017220118_6a9212dfdb.jpg,6.172627993e-07
3537920947_6c5a956f47.jpg,3.616404947e-07
1463732807_0cdf4f22c7.jpg,3.485013074e-07
2913207978_9e9624e249.jpg,8.389189675e-07
2596474836_79468f23a0.jpg,4.321780224e-07
3329254388_27017bab30.jpg,4.699789377e-07
3498240367_cbd8c6efbf.jpg,5.831830869e-07
3630102841_b4c3e00b2c.jpg,7.76954172e-07
3349968447_b5d4a477b2.jpg,9.726730014e-07
2266061169_dfbf8f0595.jpg,5.609976589e-07
2363419943_717e6b119d.jpg,5.379770798e-07
241346352_c5a0ea43c6.jpg,8.152627047e-07
2890113532_ab2003d74e.jpg,5.658242032e-07
3450776690_38605c667d.jpg,1.143037467e-06
3515358125_9e1d796244.jpg,5.754368193e-07
1299459550_1fd5594fa2.jpg,4.71687098e-07
268365231_a0acecdc45.jpg,3.238714095e-07
481887827_f8975dabf1.jpg,4.522612463e-07
537559285_29be110134.jpg,7.897734733e-07
190965502_0b9ed331d9.jpg,4.456964542e-07
3642220260_3aa8a52670.jpg,5.233481609e-07
1786425974_c7c5ad6aa1.jpg,5.814704497e-07
448257345_ce149c2ea6.jpg,7.795126668e-07
3681575323_433d007650.jpg,8.701710266e-07
1417882092_c94c251eb3.jpg,5.235040653e-07
487071033_27e460a1b9.jpg,2.94870861e-07
2555622234_3e531e4014.jpg,6.955560474e-07
130211457_be3f6b335d.jpg,4.497641045e-07
278105206_df987b0ca0.jpg,7.7870722e-07
2745441424_5659f6acc8.jpg,8.425374185e-07
3501313414_ae865b6fdf.jpg,3.910803625e-07
3557316485_574a5f7a89.jpg,7.755693157e-07
246041128_bedb09ed74.jpg,8.691416453e-07
3618908551_7fd2de5710.jpg,5.559007023e-07
2647049174_0fb47cee2e.jpg,9.283217986e-07
2056930414_d2b0f1395a.jpg,4.801946985e-07
2354540393_a149722680.jpg,7.589289693e-07
211277478_7d43aaee09.jpg,4.267988817e-07
539801139_7258ee437f.jpg,5.347542133e-07
2292406847_f366350600.jpg,6.204444217e-07
210625425_fb1ef5d23b.jpg,4.164405348e-07
1576185717_f841ddc3da.jpg,6.231474419e-07
3431121650_056db85987.jpg,3.688995602e-07
1809796012_a2dac6c26b.jpg,5.171882193e-07
229978782_3c690f5a0e.jpg,6.609343256e-07
2911919938_6bb6587a36.jpg,8.613534989e-07
2076906555_c20dc082db.jpg,7.212494851e-07
3231751379_10ebf7150c.jpg,5.090730444e-07
2858903676_6278f07ee3.jpg,4.168585031e-07
3613323772_d15cef66d1.jpg,5.806646796e-07
2144050118_3e7d2e05b1.jpg,4.446273514e-07
2701895972_8605c4e038.jpg,4.261887608e-07
3208987435_780ae35ef0.jpg,6.519867266e-07
1235685934_be89b231fb.jpg,5.959567071e-07
2384728877_48c85d58af.jpg,4.465505845e-07
1418019748_51c7d59c11.jpg,8.353980443e-07
3143159297_6f2f663ea6.jpg,6.246463067e-07
321229104_3cbaf0f51c.jpg,9.783201602e-07
3340575518_137ce2695f.jpg,7.763232454e-07
300274198_eefd8e057e.jpg,4.800859877e-07
2099323664_bb20457f26.jpg,5.55817742e-07
3352791995_8db4979aca.jpg,5.272795392e-07
3379839396_0cd84b55f1.jpg,5.911686142e-07
1432179046_8e3d75cf81.jpg,7.878694491e-07
3532200762_b28c39d311.jpg,4.830856828e-07
2110692070_8aaaa1ae39.jpg,7.478415787e-07
3347666612_659e6e2207.jpg,5.153230162e-07
3472270112_0a7cb7b27c.jpg,5.566560203e-07
524031846_28b11bc0e5.jpg,9.425106946e-07
3341477531_4e37450f35.jpg,4.523152465e-07
3484842724_ef1124c87a.jpg,5.516313348e-07
491405109_798222cfd0.jpg,9.310948801e-07
3667157255_4e66d11dc2.jpg,4.943566811e-07
2299859649_07ca44a222.jpg,1.021988093e-06
3121521593_18f0ec14f7.jpg,6.754096492e-07
837919879_94e3dacd83.jpg,7.43823404e-07
3484625231_5b1a1a07b8.jpg,4.951490545e-07
3030566410_393c36a6c5.jpg,6.095075954e-07
404702274_fa8b3fe378.jpg,5.620031826e-07
3030294889_78b2ccbe51.jpg,3.640816584e-07
1547883892_e29b3db42e.jpg,2.784131404e-07
1505686764_9e3bcd854a.jpg,4.537107382e-07
2842849030_89548af61c.jpg,7.913248839e-07
3120648767_812c72eabe.jpg,5.828924844e-07
480505313_2dc686e5db.jpg,4.831937696e-07
2092870249_90e3f1855b.jpg,4.763120546e-07
2856524322_1d04452a21.jpg,3.272177865e-07
3571147934_d1c8af1d6e.jpg,5.481227898e-07
3240558825_cd859d6230.jpg,3.73832824e-07
1379026456_153fd8b51b.jpg,7.100089395e-07
3489774350_a94e6c7bfc.jpg,6.301976407e-07
3564007203_df2b8010f1.jpg,4.479287388e-07
239453674_0df7767208.jpg,8.38418449e-07
3422394336_e465f60b7c.jpg,4.872122332e-07
3215081286_d55541aa6b.jpg,4.481471216e-07
255266148_7ba7df1a88.jpg,2.361011895e-07
3514297698_0512623955.jpg,6.001256283e-07
3581818450_546c89ca38.jpg,5.91908165e-07
97406261_5eea044056.jpg,7.548523552e-07
3209966887_5b744bd050.jpg,5.474674e-07
2621415349_ef1a7e73be.jpg,1.073446019e-06
3072730593_b7322d2e05.jpg,5.846137826e-07
255741044_1102982213.jpg,4.584315417e-07
2602415701_7674eb19e4.jpg,4.872846844e-07
3424424006_98f9d1921c.jpg,5.733857989e-07
3147758035_e8a70818cb.jpg,6.056317582e-07
3655074079_7df3812bc5.jpg,4.742714783e-07
3359636318_39267812a0.jpg,4.046378099e-07
3296226598_1c892c4351.jpg,9.079567083e-07
2247192427_5e106f24a9.jpg,5.651305413e-07
2675397335_1dcdbd12f5.jpg,5.343402947e-07
3471571540_b4ab77f20d.jpg,9.089743706e-07
2162469360_ff777edc95.jpg,8.535352456e-07
3627011534_485f667b10.jpg,4.238389467e-07
2831723637_30d4456665.jpg,3.833590344e-07
3018304737_0a46fc5f1d.jpg,6.638334895e-07
3166969425_b5ace2f9c2.jpg,5.074443618e-07
3200120942_59cfbb3437.jpg,6.553633928e-07
1685990174_09c4fb7df8.jpg,8.33010705e-07
2480850054_de3433b54a.jpg,5.881248205e-07
3350786891_6d39b234e9.jpg,5.732696918e-07
3724759125_2dc0e1f4a3.jpg,4.594425135e-07
2396746868_0727e06983.jpg,4.523511923e-07
3671851846_60c25269df.jpg,5.488692369e-07
1348947380_14f0fc1237.jpg,4.412476523e-07
1253275679_e955fb7304.jpg,6.493454996e-07
3347500603_13670ee6bf.jpg,6.254246498e-07
1410193619_13fff6c875.jpg,4.152816126e-07
3174196837_800689a2f3.jpg,5.478866936e-07
1067790824_f3cc97239b.jpg,8.385971709e-07
1468389504_c724bdcad0.jpg,5.109823943e-07
3309042087_ee96d94b8a.jpg,5.017282682e-07
421316045_ae7a1eb4bc.jpg,1.134870552e-06
483136916_16976f4902.jpg,6.250535324e-07
3549464203_8ab9c6160b.jpg,4.223802668e-07
3739833689_a0038545bd.jpg,4.99499633e-07
3640443200_b8066f37f6.jpg,5.65379023e-07
3339558806_b4afdc8394.jpg,4.535155071e-07
3270273940_61ef506f05.jpg,5.628575156e-07
427557693_1108566fd2.jpg,4.11285405e-07
2883950737_3b67d24af4.jpg,7.222432022e-07
3222842866_cb85243ce4.jpg,6.691477262e-07
2518219912_f47214aa16.jpg,6.397602012e-07
2805101709_1c8916f63a.jpg,5.186526812e-07
143688895_e837c3bc76.jpg,4.304955469e-07
241345844_69e1c22464.jpg,7.604966056e-07
223299137_b0e81ac145.jpg,5.189365568e-07
3237760601_5334f3f3b5.jpg,7.069388531e-07
3092756650_557c5f2d03.jpg,1.074068839e-06
1287073593_f3d2a62455.jpg,9.43799284e-07
3440160917_4524cfd9f6.jpg,3.668782489e-07
442918418_0f29c97fa9.jpg,5.140845863e-07
2874728371_ccd6db87f3.jpg,6.307809997e-07
2603033456_3584d95116.jpg,6.097810348e-07
3468023754_8a07d4c56e.jpg,5.234875293e-07
3427614912_b147d083b2.jpg,3.89241015e-07
3465473743_7da0c5d973.jpg,6.158236775e-07
3247423890_163f00a2cb.jpg,5.272420121e-07
2978409165_acc4f29a40.jpg,3.715745003e-07
2271955077_0020b4ee0d.jpg,7.178105438e-07
261490838_2f3ac98b12.jpg,8.118920483e-07
336551615_a01418bc53.jpg,4.950800294e-07
2804374083_311f98f5f2.jpg,4.484152128e-07
328916930_e4d4be1730.jpg,4.8665673e-07
1197800988_7fb0ca4888.jpg,5.186251838e-07
294353408_d459bdaa68.jpg,6.322800621e-07
310213587_778fe8fb5b.jpg,6.819914196e-07
3524519277_bd0c3e7382.jpg,5.714038614e-07
2102581664_5ea50f85c6.jpg,1.021540891e-06
2813784259_d201044d71.jpg,5.238858094e-07
3080891382_edf83dde18.jpg,4.024127961e-07
1290894194_8a4ffdc7eb.jpg,4.252632626e-07
3361990489_92244a58ef.jpg,3.129554951e-07
377872672_d499aae449.jpg,4.400882879e-07
2097420505_439f63c863.jpg,7.242608417e-07
3309578722_1765d7d1af.jpg,4.041498312e-07
3271178748_630d269811.jpg,4.993301676e-07
3436259762_43709321ff.jpg,4.52693322e-07
3452411712_5b42d2a1b5.jpg,4.353386359e-07
3526431764_056d2c61dc.jpg,6.479098506e-07
247618600_239eeac405.jpg,5.78661935e-07
495033548_bd320405d8.jpg,4.997392885e-07
1516714577_7d1c35a8d8.jpg,7.023418691e-07
358875403_f357f03713.jpg,7.691122413e-07
3602676311_824b2c04ba.jpg,5.125620875e-07
119534510_d52b3781a3.jpg,6.361051684e-07
2381613738_d8d2012e3c.jpg,3.369389553e-07
3339319023_5dcc3ef81a.jpg,3.720549384e-07
2417623030_afdc1024b5.jpg,5.011758866e-07
3108732084_565b423162.jpg,3.057069167e-07
3522025527_c10e6ebd26.jpg,6.881066744e-07
3342271377_446ffc34c0.jpg,3.485519697e-07
2656688132_d93be870e0.jpg,2.924532971e-07
476740978_45b65ebe0c.jpg,5.059390992e-07
693450725_8ad72389e6.jpg,5.184634792e-07
242324909_06d5a6c44b.jpg,6.593266753e-07
3159092624_66af4e207e.jpg,6.569227605e-07
3622929632_26fb800000.jpg,3.698661605e-07
2629295654_59ea1472a1.jpg,8.321567286e-07
518610439_b64ab21c02.jpg,7.285209683e-07
127490019_7c5c08cb11.jpg,3.816251344e-07
371522748_dc557bcd6c.jpg,4.238585271e-07
2590207488_ddd89037ba.jpg,7.455155936e-07
209605542_ca9cc52e7b.jpg,5.871805033e-07
3691592651_6e4e7f1da9.jpg,5.409732188e-07
3710674892_857b8056f7.jpg,8.566999532e-07
3545779287_8f52e06909.jpg,4.154160257e-07
2696060728_3043cfc38c.jpg,6.028039823e-07
166321294_4a5e68535f.jpg,5.922433121e-07
3047144646_2252ff8e04.jpg,6.190337919e-07
3448490813_f9623e864d.jpg,6.143292067e-07
3425573919_409d9e15b2.jpg,4.561640293e-07
2860041212_797afd6ccf.jpg,5.98039964e-07
241346580_b3c035d65c.jpg,7.638967498e-07
3562903245_85071bb5f9.jpg,3.076177371e-07
3314900697_c5c5ae9af6.jpg,5.681968836e-07
467960888_6943257534.jpg,1.047114263e-06
3525453732_f74a38f111.jpg,4.424509952e-07
911527312_f81ee36b97.jpg,9.324527532e-07
3211581957_df2f7e2236.jpg,6.540688624e-07
3532205154_5674b628ea.jpg,1.332115478e-06
3639704469_fe83e1c9b7.jpg,6.022373296e-07
3342855466_44038a8aa3.jpg,4.007487601e-07
3014546644_d53db746ec.jpg,4.815918188e-07
121971540_0a986ee176.jpg,4.368879223e-07
2518094853_dfce24ce8c.jpg,7.057739559e-07
1874617189_e85d3f4326.jpg,7.698616374e-07
3453544202_3855ab34b6.jpg,4.530400196e-07
3109136206_f7d201b368.jpg,4.455369621e-07
2300229745_af7a20c959.jpg,5.015318407e-07
3638178504_be1ff246bd.jpg,3.994762316e-07
3586239953_da4fb3f775.jpg,5.717524665e-07
533713001_2d36e93509.jpg,4.149796799e-07
49553964_cee950f3ba.jpg,6.672991483e-07
2053006423_6adf69ca67.jpg,5.050047959e-07
3549997413_01388dece0.jpg,7.390148843e-07
3286822339_5535af6b93.jpg,5.262673093e-07
621000329_84f48948eb.jpg,5.676204389e-07
3534824784_7133119316.jpg,7.007317412e-07
374103776_0de490c1b0.jpg,5.770424506e-07
2384626662_67cdd87694.jpg,6.33041554e-07
3457045393_2bbbb4e941.jpg,4.726525059e-07
3139160252_75109e9e05.jpg,6.053149694e-07
128912885_8350d277a4.jpg,3.98192349e-07
3547499166_67fb4af4ea.jpg,6.703965212e-07
2090387793_274ab4cf7d.jpg,6.129420221e-07
1262454669_f1caafec2d.jpg,6.681505877e-07
3558438174_d8f41438a4.jpg,4.282581594e-07
2445783904_e6c38a3a3d.jpg,6.580422278e-07
2597958208_e03aa149c9.jpg,6.246737318e-07
241347214_5f19e7998c.jpg,6.277391129e-07
3212085754_35fdc9ccaa.jpg,4.60663814e-07
357725852_6f55cb9abc.jpg,4.357367931e-07
516761840_842dabc908.jpg,5.697799049e-07
3620343911_64a862904e.jpg,8.3510602e-07
3592992234_6d3fe58a70.jpg,7.338137505e-07
3015863181_92ff43f4d8.jpg,4.636922869e-07
2229177914_3308fe7d20.jpg,8.889547097e-07
3202255152_08973fa3d7.jpg,5.829551473e-07
3630991662_990f397f7c.jpg,5.359206255e-07
2963573792_dd51b5fbfb.jpg,4.100844231e-07
2839807428_efe42423f2.jpg,5.666641381e-07
397982550_cf9f5cdb74.jpg,5.543988422e-07
2140182410_8e2a06fbda.jpg,6.148218697e-07
2887171449_f54a2b9f39.jpg,2.721941747e-07
3244171699_ace4b5d999.jpg,5.017256729e-07
2522230304_1581d52961.jpg,7.920771036e-07
2535746605_8124bf4e4f.jpg,1.132093536e-06
3710520638_866d542a80.jpg,5.394389174e-07
2579899436_5086a33c7a.jpg,7.860984994e-07
3717845800_ab45e255b8.jpg,7.116320394e-07
3107059919_0594269f72.jpg,7.921990879e-07
3402638444_dab914a3de.jpg,5.877714508e-07
3409326324_a704565e8f.jpg,7.144491211e-07
1296770308_3db2022f5a.jpg,4.711283843e-07
2550109269_bc4262bd27.jpg,1.343142359e-06
3352871762_c9e88592d3.jpg,5.457289123e-07
424307754_1e2f44d265.jpg,9.063228673e-07
3103185190_eb8729c166.jpg,5.473808809e-07
1805990081_da9cefe3a5.jpg,5.964387445e-07
3720210639_18bb34e475.jpg,5.455069535e-07
2589241160_3832440850.jpg,4.423745408e-07
1057251835_6ded4ada9c.jpg,5.675505424e-07
3503624011_733d745d5a.jpg,6.88307284e-07
3514278386_de2343577e.jpg,5.218231935e-07
3636491114_ab34dac833.jpg,3.295367292e-07
1446053356_a924b4893f.jpg,5.903365303e-07
469617651_278e586e46.jpg,5.332034574e-07
2533010184_ef2fd71297.jpg,7.694623534e-07
191592626_477ef5e026.jpg,5.594488986e-07
3618525295_d32d634b2e.jpg,4.846729482e-07
583174725_6b522b621f.jpg,7.950170884e-07
278559394_b23af734b9.jpg,4.548251474e-07
2176364472_31fcd37531.jpg,1.011213603e-06
697582336_601462e052.jpg,7.311719725e-07
2659183350_730951f740.jpg,5.255917606e-07
398413603_166896900f.jpg,6.231929797e-07
2423894412_d952d5d103.jpg,5.35228261e-07
279230262_e541f9b670.jpg,6.578315682e-07
2572101672_4d699c8713.jpg,3.631077354e-07
3107592525_0bcd00777e.jpg,5.349221466e-07
2602279427_191773c9e2.jpg,5.527117096e-07
2137789511_69a6c6afa8.jpg,5.504753967e-07
2553619107_d382a820f9.jpg,6.126031793e-07
257588281_39e1c9d929.jpg,5.277514737e-07
511282305_dbab4bf4be.jpg,4.514612957e-07
3264678536_46601d25f0.jpg,8.109893117e-07
2894229082_ddc395f138.jpg,8.169191576e-07
536495604_b22bbc905a.jpg,6.22091696e-07
2599903773_0f724d8f63.jpg,3.385629044e-07
3036971334_78187a9570.jpg,4.18963689e-07
1394599090_fe0ba238f0.jpg,6.169581536e-07
460781612_6815c74d37.jpg,7.318498324e-07
864290968_eccb46d5ab.jpg,3.550850272e-07
294549892_babb130543.jpg,4.693577509e-07
2158267555_db1d94e468.jpg,7.604876108e-07
3672105509_53b13b2ed4.jpg,6.636852323e-07
2472980433_210ec62874.jpg,4.764974077e-07
1417637704_572b4d6557.jpg,6.396706587e-07
3594566537_55bd712fdb.jpg,6.434928302e-07
2344875609_8e172d682b.jpg,9.307536264e-07
3368671163_0171259581.jpg,6.621063735e-07
3589895574_ee08207d26.jpg,6.290610038e-07
961189263_0990f3bcb5.jpg,6.525598753e-07
2881087519_ca0aa79b2b.jpg,5.687425229e-07
2796801478_8ebd7e550b.jpg,4.720694817e-07
97577988_65e2eae14a.jpg,6.847633692e-07
3341489212_a879e1544a.jpg,3.870125064e-07
1456630952_dd4778a48f.jpg,7.643390859e-07
2173677067_9d0732bcc2.jpg,4.376370268e-07
3019857541_3de3e24f54.jpg,5.343150269e-07
414773731_c3f5bf43d5.jpg,6.121521014e-07
2924884815_63826aa60d.jpg,5.335920946e-07
2214847438_4993210d4c.jpg,7.065332084e-07
2629027962_9cc3b46527.jpg,1.870399532e-06
3717309680_e5105afa6d.jpg,5.390262356e-07
3488837187_0c7264a16c.jpg,1.303136882e-06
1689658980_0074d81d28.jpg,6.771752916e-07
2848895544_6d06210e9d.jpg,4.686422898e-07
3591458156_f1a9a33918.jpg,7.466368144e-07
2587696611_db0378710f.jpg,8.265799142e-07
3676432043_0ca418b861.jpg,1.036390666e-06
3672106148_56cfb5fc8d.jpg,6.06836757e-07
3282121432_648dac8a29.jpg,5.275610913e-07
2426781076_e3f4d2685c.jpg,8.956925867e-07
2916009941_34a0013803.jpg,5.918449131e-07
2923891109_ea0cc932ed.jpg,3.989198352e-07
1287920676_d21a0b289b.jpg,9.101727468e-07
56494233_1824005879.jpg,5.364827633e-07
2853407781_c9fea8eef4.jpg,7.640343192e-07
3610836023_3a972b10b0.jpg,5.696539586e-07
2225864432_48a24f49a4.jpg,4.410685638e-07
1408958345_68eea9a4e4.jpg,8.75470202e-07
3212465975_b657f40eed.jpg,4.646553951e-07
2258951972_92763fddab.jpg,8.224015691e-07
2755362721_368cbde668.jpg,5.904961255e-07
2741051940_89fb6b2cee.jpg,1.004576305e-06
2950393735_9969c4ec59.jpg,7.106875231e-07
2463067409_78188c584c.jpg,4.363078288e-07
224369028_b1ac40d1fa.jpg,5.259363796e-07
396179143_e1511336e1.jpg,8.331858539e-07
2756636539_cc1eacbf4a.jpg,5.278505466e-07
2325816912_b3bb41cdbb.jpg,6.494370251e-07
2914331767_8574e7703d.jpg,7.218183484e-07
1510669311_75330b4781.jpg,4.980836631e-07
323657582_b6b6d8f7bd.jpg,1.101319002e-06
2877511986_c965ced502.jpg,5.499873112e-07
3679405397_bb130ea3c2.jpg,5.194821986e-07
335588286_f67ed8c9f9.jpg,6.021446151e-07
1174525839_7c1e6cfa86.jpg,7.400602594e-07
3587077732_0933f1677b.jpg,7.183931132e-07
3646820231_2abc736840.jpg,1.316331998e-06
2504277798_936a09c74d.jpg,7.574562772e-07
3364160101_c5e6c52b25.jpg,4.583925001e-07
848180689_d67a1361ce.jpg,4.504163038e-07
3095225232_2e6e6dc92e.jpg,4.961704403e-07
2303951441_3c8080907a.jpg,5.238103484e-07
2559114800_17310f3015.jpg,5.725710018e-07
3331190056_09f4ca9fd2.jpg,5.120582919e-07
268704620_8a8cef4cb3.jpg,5.881518008e-07
3249597269_935e0a375a.jpg,1.322665878e-06
3301859683_2d5e4b40a3.jpg,8.824260651e-07
3393343330_b13df4d8ec.jpg,4.619980793e-07
1433088025_bce2cb69f8.jpg,7.211617304e-07
2533424347_cf2f84872b.jpg,5.762231441e-07
2367816288_7c2d11d3c5.jpg,6.519552734e-07
3312779887_7682db7827.jpg,3.948991933e-07
3167365436_c379bda282.jpg,5.984109386e-07
3431101934_99a6c55914.jpg,4.086791137e-07
1517721825_10176d0683.jpg,8.099146276e-07
3662909101_21b9e59a3e.jpg,8.075257721e-07
3251088971_f4471048e3.jpg,3.998811776e-07
2066048248_f53f5ef5e2.jpg,5.760164059e-07
3329793486_afc16663cc.jpg,4.959407002e-07
1884727806_d84f209868.jpg,6.502487671e-07
2837127816_24441e5f7c.jpg,6.352768869e-07
2928835996_88b9f9503d.jpg,5.182790742e-07
2423138514_950f79e432.jpg,6.635896863e-07
3457784061_8f77f43a9c.jpg,5.071614764e-07
2249141510_f534708374.jpg,4.053026118e-07
3074265400_bf9e10621e.jpg,5.127619809e-07
3695949492_27ca3892fd.jpg,6.556308461e-07
3221036999_3f7b152d8a.jpg,6.164516407e-07
308014594_f1d5e75507.jpg,5.445767295e-07
3172384527_b107385a20.jpg,5.334878204e-07
3446191973_1db572ed8a.jpg,4.677650748e-07
3600909823_ce72c26e66.jpg,3.747931783e-07
2985679744_75a7102aab.jpg,4.646628019e-07
2469498117_b4543e1460.jpg,5.439758102e-07
2073756099_7e02c0110c.jpg,6.947014823e-07
3429641260_2f035c1813.jpg,4.681670471e-07
2100909581_b7dde5b704.jpg,4.592896768e-07
542317719_ed4dd95dc2.jpg,8.537995832e-07
446138054_d40c66d5f0.jpg,3.700717269e-07
2694178830_116be6a6a9.jpg,5.344496703e-07
1489286545_8df476fa26.jpg,6.485025267e-07
2377460540_8cfb62463a.jpg,5.729775761e-07
2559503010_84f20b3bc9.jpg,4.833366485e-07
2409312675_7755a7b816.jpg,4.336775156e-07
2467821766_0510c9a2d1.jpg,4.165292977e-07
242559369_9ae90ed0b4.jpg,8.372945722e-07
1420060118_aed262d606.jpg,6.823488024e-07
3276895962_c053263d01.jpg,8.979619885e-07
2718027742_70a72f99ae.jpg,5.863182367e-07
2203615439_3c7cdc39dc.jpg,5.896269331e-07
3301822808_f2ccff86f4.jpg,3.979581726e-07
61209225_8512e1dad5.jpg,5.430278236e-07
3247693965_845b3b4349.jpg,5.911141192e-07
3606093421_eddd46c2c7.jpg,9.561486416e-07
2208631481_3e4a5675e1.jpg,1.14785775e-06
3587941206_36769c3f1d.jpg,4.942214913e-07
96420612_feb18fc6c6.jpg,7.162923782e-07
2730994020_64ac1d18be.jpg,4.967570732e-07
1388970365_162edcceb4.jpg,4.788956079e-07
3331797838_b3e33dbe17.jpg,8.921208619e-07
1057089366_ca83da0877.jpg,3.867461333e-07
3046429283_08de594901.jpg,1.135879392e-06
523985664_c866af4850.jpg,7.078041686e-07
3561314880_ea9a7e245f.jpg,4.80096407e-07
3613175012_bcd063e7c9.jpg,5.897644049e-07
2892992529_f3335d0a71.jpg,4.996184873e-07
1301140633_046e4e8010.jpg,7.139047749e-07
2834752476_3177e617f1.jpg,1.041818228e-06
1189977786_4f5aaed773.jpg,5.281669642e-07
3640020134_367941f5ec.jpg,9.982299139e-07
1798209205_77dbf525b0.jpg,5.602021443e-07
3462454965_a481809cea.jpg,5.64787876e-07
3441145615_b4fcd9eea0.jpg,4.86373324e-07
3640104986_5d8c9a9948.jpg,5.180970174e-07
2766148353_70b2e8070f.jpg,5.728209259e-07
3707738261_777075e885.jpg,7.907001219e-07
500308355_f0c19067c0.jpg,6.106807659e-07
421730441_6b2267fd31.jpg,4.929062712e-07
2519483556_2b1632a18c.jpg,5.086495767e-07
2421446839_fe7d46c177.jpg,5.680777016e-07
2364774105_fbaf0c191f.jpg,4.624685987e-07
2432038587_5e4148e277.jpg,4.91755349e-07
3170110692_d1e0e66cee.jpg,5.975469758e-07
3330675488_8692476a4a.jpg,5.368188051e-07
2148013097_6a4f495bc5.jpg,5.701133585e-07
3558796959_fc4450be56.jpg,5.349481282e-07
2975118353_5af5a5df54.jpg,6.519254638e-07
532131603_c82d454c8a.jpg,5.785074115e-07
235074044_c1358888ed.jpg,5.042662879e-07
3430779304_43a2146f4b.jpg,7.758849788e-07
1308472581_9961782889.jpg,5.901887438e-07
136886677_6026c622eb.jpg,4.261554487e-07
2826574228_c63009e473.jpg,5.87197587e-07
2238759450_6475641bdb.jpg,5.024958288e-07
2475300106_b8563111ba.jpg,5.98494231e-07
1579798212_d30844b4c5.jpg,8.409780519e-07
3085667865_fa001816be.jpg,6.686722656e-07
494921598_af73bda568.jpg,5.707533671e-07
3516521516_9950340b96.jpg,4.422383537e-07
2698119128_62b4741043.jpg,7.706135962e-07
2258662398_2797d0eca8.jpg,7.533057641e-07
3497106366_d1a256e723.jpg,6.164873226e-07
2355093195_87fb7f82cb.jpg,5.930936452e-07
2582390123_71120edb0c.jpg,4.745632187e-07
940973925_a2e6d7951c.jpg,4.486419272e-07
561179890_af8e31cb2e.jpg,4.533993848e-07
1303335399_b3facd47ab.jpg,5.618042055e-07
2831578193_3c997ae330.jpg,6.866524505e-07
2479180530_7ebba2d8bf.jpg,8.47765207e-07
3113322995_13781860f2.jpg,7.000394642e-07
1394620454_bf708cc501.jpg,6.519166244e-07
635444010_bd81c89ab7.jpg,4.672135641e-07
3543294190_0037c59607.jpg,5.14070345e-07
531261613_f1a045cd75.jpg,5.94679336e-07
3186527735_6e9fe2cf88.jpg,4.88584584e-07
3127614086_9f1d3cf73d.jpg,3.592700928e-07
3432495898_a5859f06b6.jpg,4.309289113e-07
1184967930_9e29ce380d.jpg,5.990177889e-07
3459492423_c881f12c9f.jpg,5.490373802e-07
2988244398_5da7012fce.jpg,7.894273463e-07
391324644_d23fdf06cb.jpg,6.617822378e-07
3657503733_9888ccf05e.jpg,4.979234034e-07
2511762757_bd0ab0a017.jpg,4.421898273e-07
3038941104_17ee91fc03.jpg,2.950940258e-07
534886684_a6c9f40fa1.jpg,5.550298874e-07
3647446816_bd4383c828.jpg,4.492481314e-07
2888702775_0939a6680e.jpg,5.102825304e-07
3143982558_9e2d44c155.jpg,7.147185743e-07
532914728_c5d8d56b0b.jpg,9.186735995e-07
241347356_8a515555fd.jpg,5.145448755e-07
3361411074_83f27d2a1c.jpg,8.38154324e-07
3332202255_a30c522664.jpg,5.856203226e-07
2393911878_68afe6e6c1.jpg,4.051856679e-07
2998277360_9b4c0192f1.jpg,6.942574387e-07
3571039224_b34fa2f94c.jpg,7.82649473e-07
2715337869_e4fe36db50.jpg,7.47615874e-07
3149919755_f9272b10b3.jpg,5.200878597e-07
2781296531_f6f0f6c0f5.jpg,7.21228355e-07
485054073_fef8b80b4b.jpg,6.843299217e-07
3281580623_8c3ba0fdb2.jpg,7.019231018e-07
186890605_ddff5b694e.jpg,4.870774017e-07
3689975998_72f50b6d91.jpg,4.831627877e-07
489865145_65ea6d1c14.jpg,3.264063658e-07
238512430_30dc12b683.jpg,5.533613389e-07
3135826945_f7c741e5b7.jpg,9.223861345e-07
1079274291_9aaf896cc1.jpg,7.919292928e-07
3619630328_2d0865b6f4.jpg,6.492516529e-07
2896298341_92d718366a.jpg,7.84865723e-07
3430782104_34da558eba.jpg,7.971170007e-07
3171651115_e07b9d08f6.jpg,6.140544273e-07
3667404919_b273df57e4.jpg,4.777919072e-07
2268729848_d418451226.jpg,4.74862316e-07
2355763034_9fb61a8165.jpg,3.971507347e-07
3446586125_cafa0bfd67.jpg,5.940355517e-07
1338523142_57fce8229b.jpg,5.544547715e-07
2788652511_4f10060e07.jpg,5.67627186e-07
2574194729_1f099647ee.jpg,6.049776534e-07
2056041678_d6b5b39b26.jpg,5.109195871e-07
3582914905_f58db879ae.jpg,5.074134609e-07
2462702522_1b25654762.jpg,7.430905353e-07
2067362863_59577f9d4d.jpg,5.061132727e-07
2433175169_da939372f2.jpg,5.381853468e-07
2461616306_3ee7ac1b4b.jpg,4.775012873e-07
2410562803_56ec09f41c.jpg,5.052138978e-07
3214579977_fa9fb006a6.jpg,7.239231654e-07
1236951314_0308dc4138.jpg,3.469577466e-07
136552115_6dc3e7231c.jpg,4.47849969e-07
3650111717_346804ec2f.jpg,4.498402062e-07
2169951750_495820a215.jpg,6.751776328e-07
521658170_a837af87e9.jpg,7.271571934e-07
425518464_a18b87c563.jpg,5.154981429e-07
3231880001_193a579b97.jpg,8.99023968e-07
380515798_c2abbf46b0.jpg,4.617160945e-07
3257103624_e76f25ff9e.jpg,4.585005741e-07
161669933_3e7d8c7e2c.jpg,7.832499862e-07
3041348852_872c027c16.jpg,4.640896992e-07
3487015378_2e90a79f4b.jpg,4.752547759e-07
3150315970_8f045c41a4.jpg,8.085104441e-07
352382023_7605223d1c.jpg,7.022433151e-07
2130986011_47cb05c8c9.jpg,6.730258928e-07
1105959054_9c3a738096.jpg,6.954032593e-07
3547524138_4157f660b0.jpg,3.949228864e-07
3266406566_d64e57e65a.jpg,6.423882668e-07
565605894_8f0bed0438.jpg,5.39346115e-07
3364151356_eecd07a23e.jpg,6.035917379e-07
3258397351_1a70f1993d.jpg,6.892942427e-07
2830869109_c4e403eae6.jpg,4.452039739e-07
306315650_e064f5c677.jpg,4.902194506e-07
3111208043_dbe8e87fa1.jpg,9.71036714e-07
640053014_549d2f23d2.jpg,4.800817683e-07
69710415_5c2bfb1058.jpg,8.883406534e-07
3455757720_7aeba57056.jpg,4.507491206e-07
3294952558_96bb8c8cf3.jpg,6.986190456e-07
2683963310_20dcd5e566.jpg,7.533176259e-07
3397633339_d1ae6d9a0e.jpg,5.496008393e-07
2816259113_461f8dedb0.jpg,6.787204247e-07
3262793378_773b21ec19.jpg,2.410247345e-07
2866686547_0a67eb899d.jpg,7.45206252e-07
2404520067_87798dbaee.jpg,5.518730147e-07
2238166082_140f8b01b8.jpg,7.243437371e-07
3339916063_63b960ed46.jpg,6.405621302e-07
3657209354_cde9bbd2c5.jpg,7.521893636e-07
405534993_5158644f98.jpg,5.824191462e-07
302983277_69a4e732e4.jpg,4.865906874e-07
2893476169_f38dd32051.jpg,4.267282826e-07
1655781989_b15ab4cbff.jpg,5.047269145e-07
1343426964_cde3fb54e8.jpg,6.942255213e-07
3545427060_c16a8b7dfd.jpg,6.937942757e-07
2364096157_eb7970a69a.jpg,6.766092479e-07
197142902_f05ff198c2.jpg,5.147651069e-07
2751466788_4fab701cc3.jpg,4.444110831e-07
404890608_33f138aefa.jpg,6.437846782e-07
3106562372_e349a27764.jpg,6.966214982e-07
292780636_72e1968949.jpg,6.542070457e-07
2216695423_1362cb25f3.jpg,1.010433658e-06
654130822_4aeb1f1273.jpg,4.796053696e-07
3416013671_98b5c75046.jpg,4.031972869e-07
3443460885_46115463b4.jpg,4.681772241e-07
3506468593_7e41a6d9f1.jpg,4.322389673e-07
3249125548_700d874380.jpg,4.922501862e-07
2993388841_6746140656.jpg,7.018055729e-07
2424111022_4e332b8aee.jpg,4.801796842e-07
2962977152_9d6958fdd5.jpg,5.318014091e-07
477204750_d04d111cd4.jpg,6.794798539e-07
2502856739_490db7a657.jpg,9.39534218e-07
535529555_583d89b7f2.jpg,8.6042122e-07
242109387_e497277e07.jpg,7.451235655e-07
2531942624_c3c072064e.jpg,6.544814944e-07
1439046601_cf110a75a7.jpg,5.055478332e-07
3627676364_1dc9294ec5.jpg,6.517753071e-07
3033210806_3ffc0a231a.jpg,8.56788989e-07
542405691_0594b1ce72.jpg,6.352856333e-07
317109978_cb557802e1.jpg,4.21280943e-07
3532539748_795d16ef07.jpg,5.002152771e-07
3599442049_e448c7c9b2.jpg,6.42960991e-07
2999162229_80d17099b6.jpg,6.61588953e-07
2695962887_a1647c567b.jpg,6.816039939e-07
219301553_d2fffe9e0c.jpg,5.3594095e-07
2521983429_33218366bd.jpg,3.142693549e-07
2642474867_4e6346f809.jpg,7.542525998e-07
3533660418_f3a73a257c.jpg,9.046278617e-07
2366643786_9c9a830db8.jpg,6.9046122e-07
3323661814_1e8e1ae88c.jpg,7.605548194e-07
3262386960_14f5d857db.jpg,5.593038578e-07
3362592729_893e26b806.jpg,6.065510383e-07
3278581900_8ce75a5332.jpg,6.869617775e-07
3708172446_4034ddc5f6.jpg,5.935430826e-07
3319177177_130a72b8ae.jpg,4.299615153e-07
2718376488_3c62f7642c.jpg,5.854157497e-07
3420338549_bd78d35243.jpg,5.15835339e-07
2924870944_90ff9eca1a.jpg,8.082929323e-07
2423292784_166ee54e0b.jpg,6.238578638e-07
2081615901_13092cac56.jpg,5.077301643e-07
2595102568_347f6d4b07.jpg,7.160968414e-07
529198549_5cd9fedf3f.jpg,8.620099902e-07
3636543173_15f56515e5.jpg,5.330885609e-07
1335617803_4fbc03dab0.jpg,4.833606143e-07
479807115_3a484fb18b.jpg,5.840238185e-07
3385593926_d3e9c21170.jpg,6.094776035e-07
375171241_0302ad8481.jpg,4.79240771e-07
2244613488_4d1f9edb33.jpg,8.593570855e-07
47870024_73a4481f7d.jpg,4.555765973e-07
3142055158_01b9e4caa4.jpg,4.825767648e-07
3641456303_c50c33337b.jpg,5.648970275e-07
2828583747_8cfb7217af.jpg,5.238424281e-07
3460458114_35037d4d4c.jpg,6.21253124e-07
493109089_468e105233.jpg,7.464372143e-07
3467941308_ae6989e29c.jpg,4.087458385e-07
2906054175_e33af79522.jpg,7.687646841e-07
3106791484_13e18c33d8.jpg,6.863121176e-07
2502782508_2c8211cd6b.jpg,4.996497594e-07
3084711346_fda0f5a3e6.jpg,6.188724408e-07
3421480658_b3518b6819.jpg,8.361706868e-07
3654338683_13b2f95a9a.jpg,6.54908582e-07
2335634931_7e9e8c2959.jpg,1.452942729e-06
3611672054_45edd3e08f.jpg,1.076667273e-06
241374292_11e3198daa.jpg,5.237118611e-07
2587017287_888c811b5a.jpg,6.342838806e-07
319847657_2c40e14113.jpg,7.484928639e-07
3479423813_517e93a43a.jpg,5.614002695e-07
3728256505_7f8db8270d.jpg,5.969208974e-07
502671104_b2114246c7.jpg,1.135358435e-06
3387542157_81bfd00072.jpg,5.184805211e-07
2839789830_89668775a4.jpg,5.721437062e-07
3249062399_0dafe5e4f5.jpg,4.939432892e-07
2441629086_52f68eb316.jpg,5.589559596e-07
2904129133_e6ae5a1ec6.jpg,4.681533036e-07
2994205788_f8b3f2e840.jpg,4.638717805e-07
2612040125_0a93889f06.jpg,5.382476457e-07
2897832422_0cbdb1421e.jpg,6.621999348e-07
3016708786_3591106cca.jpg,5.361840397e-07
2810333931_47fd8dd340.jpg,5.034846836e-07
3467219837_7d62213dec.jpg,7.111286957e-07
3319723910_af5b5f1fae.jpg,6.083930666e-07
3182570190_48214e54c7.jpg,6.534394907e-07
1521623639_4bda3407cc.jpg,6.186467484e-07
2540757246_5a849fbdcb.jpg,5.553639072e-07
2297744130_f571f3a239.jpg,5.91993051e-07
3275704430_a75828048f.jpg,8.826483244e-07
2291485126_b8d41a63f4.jpg,6.762514922e-07
481632457_7372f18275.jpg,5.796209541e-07
2217328285_b1d55c17ca.jpg,4.026931254e-07
3227148358_f152303584.jpg,4.730543266e-07
3440952969_608eb5e42b.jpg,5.279847097e-07
3006094603_c5b32d2758.jpg,4.478923737e-07
2888732432_7e907a3df1.jpg,5.139566564e-07
3532098999_4e07a0a17e.jpg,8.782281449e-07
3534046564_4f8546e364.jpg,8.24508365e-07
382090166_be2c2c63e1.jpg,6.601526077e-07
757046028_ff5999f91b.jpg,5.583196209e-07
2393410666_b8c20fff61.jpg,8.408154202e-07
3147217787_ed21cd4990.jpg,3.551968366e-07
3591457224_88281dd04f.jpg,5.534490329e-07
3313232606_4ce7e16b87.jpg,5.384451233e-07
3636796219_9916c0465a.jpg,8.339326691e-07
2878190821_6e4e03dc5f.jpg,6.66788313e-07
3082934678_58534e9d2c.jpg,5.906960077e-07
2376878930_dd3e7cc544.jpg,7.006923083e-07
3704698586_a42c25d0c1.jpg,4.629847676e-07
3401647850_685c03ffff.jpg,4.685448841e-07
3203707977_cc9448fecb.jpg,5.497075861e-07
267164457_2e8b4d30aa.jpg,5.50995848e-07
124972799_de706b6d0b.jpg,7.402596922e-07
3431671749_e8e3a449ac.jpg,6.9549051e-07
336551609_1385ab139e.jpg,3.723961072e-07
3272071680_648a99f7d2.jpg,5.666457514e-07
2711720095_0b98426d3c.jpg,4.841607572e-07
101654506_8eb26cfb60.jpg,5.494865103e-07
3467510271_0f57e52768.jpg,5.935152214e-07
3271495320_bca47795fb.jpg,5.612270082e-07
2100735137_05c6079537.jpg,6.264982483e-07
1107471216_4336c9b328.jpg,6.688867309e-07
2888408966_376c195b3f.jpg,5.860877063e-07
3087485737_cb09bc80b6.jpg,6.873001883e-07
3359587274_4a2b140b84.jpg,6.167966683e-07
2312746782_4528a5b818.jpg,6.557573802e-07
314603661_51e05e0e24.jpg,6.086491309e-07
3111897772_5211a37a02.jpg,6.568061919e-07
2068960566_21e85ae0dc.jpg,4.313066889e-07
3417788829_cfdbc34d2c.jpg,5.79152215e-07
3516312179_f520469038.jpg,5.133882092e-07
3070485870_eab1a75c6f.jpg,1.065827363e-06
3686924335_3c51e8834a.jpg,6.102070423e-07
561417861_8e25d0c0e8.jpg,4.64114187e-07
3628103548_2708abcda2.jpg,6.197015492e-07
2148695079_9ae6a9b1c7.jpg,9.507546104e-07
2656039837_f46b29af92.jpg,4.561241072e-07
1012212859_01547e3f17.jpg,7.481729406e-07
3503689049_63212220be.jpg,7.603777181e-07
3333826465_9c84c1b3c6.jpg,4.196170398e-07
3349308309_92cff519f3.jpg,4.275641093e-07
2568417021_afa68423e5.jpg,6.753611739e-07
3454355269_6185e29f95.jpg,5.592541061e-07
3013469764_30e84e9a0d.jpg,6.636514898e-07
2866974237_e3c1e267c0.jpg,6.225094698e-07
2061354254_faa5bd294b.jpg,4.878292798e-07
3535664885_c848c0faee.jpg,4.39214851e-07
2849194983_2968c72832.jpg,6.202392149e-07
380590140_25b9889772.jpg,4.712377041e-07
3433567526_00b5a70319.jpg,6.666077505e-07
508929192_670910fdd2.jpg,4.69307076e-07
405970010_8cebaa77d3.jpg,5.536986082e-07
3375534917_62350bd06b.jpg,6.208870116e-07
1770036088_08abe4f6e9.jpg,8.465161962e-07
3707077198_efd6aa808d.jpg,5.119608035e-07
3451085951_e66f7f5d5c.jpg,4.698957267e-07
3358621566_12bac2e9d2.jpg,3.796865046e-07
3436395540_63bc8f2fe0.jpg,7.39905507e-07
141140165_9002a04f19.jpg,6.603770589e-07
3106223494_52d4d2d75d.jpg,5.008131003e-07
3275537015_74e04c0f3e.jpg,6.240905517e-07
2453891449_fedb277908.jpg,2.073712407e-06
2931950813_93145c4746.jpg,6.877025156e-07
3639845565_be547c38ba.jpg,5.622261502e-07
3186073578_6e115f45f5.jpg,6.017746978e-07
485566887_57eac33bd1.jpg,6.978448227e-07
3532028205_9ddd7599f8.jpg,4.205700301e-07
3098714492_19939e3b19.jpg,5.527605402e-07
2868575889_2c030aa8ae.jpg,5.280051389e-07
102455176_5f8ead62d5.jpg,7.435694324e-07
3484365373_98d5304935.jpg,4.822182277e-07
295258727_eaf75e0887.jpg,1.034872307e-06
406901451_7eafd7568a.jpg,8.875318262e-07
236095034_c983bdfbbf.jpg,7.367981492e-07
2699426519_228719b1db.jpg,7.408122662e-07
3356494271_6103d0b556.jpg,6.022965872e-07
527288854_f26127b770.jpg,5.554545565e-07
3418504074_083f0bb68d.jpg,8.436910105e-07
3062273350_fd66106f21.jpg,6.102974772e-07
2602306033_2b3100d36b.jpg,3.715104858e-07
3337461409_e4e317853d.jpg,8.72730683e-07
3590593467_be497a6139.jpg,1.125856429e-06
41999070_838089137e.jpg,4.466977461e-07
2774705720_1cb85812dc.jpg,3.193680526e-07
2271671533_7538ccd556.jpg,6.755361935e-07
308487515_7852928f90.jpg,8.021908985e-07
3666188047_e81e1d97a7.jpg,4.991743739e-07
3382303178_69b6d1bdd2.jpg,5.591487791e-07
3033686219_452b172ab0.jpg,5.751733148e-07
3486135177_772628d034.jpg,2.750112819e-07
271637337_0700f307cf.jpg,1.081888388e-06
1795151944_d69b82f942.jpg,1.053236678e-06
3289433994_4c67aab384.jpg,5.92063727e-07
2925242998_9e0db9b4a2.jpg,4.157113487e-07
950273886_88c324e663.jpg,7.225580679e-07
3285298241_9b1ed98d19.jpg,4.155256949e-07
3157220149_cc3c8cc84d.jpg,3.835136039e-07
3609027309_af75f773d9.jpg,5.275216442e-07
299181827_8dc714101b.jpg,7.437524262e-07
3606084228_6286a52875.jpg,4.403004303e-07
862187579_9faf4a51e0.jpg,7.542433517e-07
2609847254_0ec40c1cce.jpg,6.035378773e-07
1253264731_e7c689eca5.jpg,9.535334672e-07
1400424834_1c76e700c4.jpg,5.084023404e-07
2230067846_74046b89d3.jpg,5.459364214e-07
3486324591_9f5eeb24b9.jpg,6.133510884e-07
3019986034_7453777274.jpg,4.175408074e-07
2068465241_3bcabacfd7.jpg,6.730504559e-07
2173061319_1f267765dc.jpg,8.702156897e-07
3730011219_588cdc7972.jpg,6.965884972e-07
2865376471_43c5e6b941.jpg,6.323826067e-07
3004287781_c041c09c16.jpg,4.343558143e-07
459814265_d48ba48978.jpg,4.35483453e-07
1510078253_96e9ec50e7.jpg,5.616602396e-07
384577800_fc325af410.jpg,7.116066515e-07
2124040721_bffc0a091a.jpg,1.219963816e-06
1303548017_47de590273.jpg,3.253552533e-07
2647394564_4843800cff.jpg,7.392501622e-07
3677302645_8cd3fac70d.jpg,5.16973425e-07
1716445442_9cf3528342.jpg,4.290867189e-07
3530843182_35af2c821c.jpg,7.771477878e-07
1397887419_e798697b93.jpg,6.609891095e-07
99171998_7cc800ceef.jpg,5.130269003e-07
2458006588_754c4aa09c.jpg,6.301312557e-07
3718076407_0b4588d7bc.jpg,5.680683276e-07
3567214106_6ece483f8b.jpg,5.936865023e-07
3375843443_8d9b242aa5.jpg,5.524312095e-07
532457586_bddfc5251d.jpg,5.879158973e-07
206087108_d4557d38ee.jpg,9.718895918e-07
494329594_6e751372a0.jpg,5.364408415e-07
2120469056_7a738413be.jpg,5.85616813e-07
2481003841_06086eafc2.jpg,6.494932179e-07
2456907314_49bc4591c4.jpg,5.270555745e-07
3039675864_0b7961844d.jpg,4.931217868e-07
3727740053_3baa94ffcb.jpg,4.015854971e-07
2278776373_fe499a93be.jpg,4.829923327e-07
3564738125_10400f69c0.jpg,7.426280866e-07
3630641436_8f9ac5b9b2.jpg,7.804589146e-07
3569420080_72fbe84751.jpg,5.16973367e-07
378453580_21d688748e.jpg,3.443255156e-07
2294688426_96c8614f1d.jpg,6.106173437e-07
661546153_9d30db6984.jpg,6.878788207e-07
3711030008_3872d0b03f.jpg,6.170314339e-07
3149038044_c7c94688c6.jpg,5.184632694e-07
2411824767_4eb1fae823.jpg,5.414462996e-07
637342973_89f6fac1f7.jpg,8.621692394e-07
3003011417_79b49ff384.jpg,5.476553458e-07
2968216482_ede65b20a8.jpg,5.618208175e-07
963730324_0638534227.jpg,5.066235391e-07
2273028514_d7b584f73d.jpg,4.072292762e-07
3435233065_3411f2d29d.jpg,4.076997201e-07
3356700488_183566145b.jpg,4.886837277e-07
3601508034_5a3bfc905e.jpg,5.809714918e-07
1368383637_614646cc4a.jpg,6.032919679e-07
1527297882_dededc7891.jpg,6.870107995e-07
3314180199_2121e80368.jpg,6.214513448e-07
3273403495_fcd09c453e.jpg,6.301427544e-07
121800200_bef08fae5f.jpg,5.965604847e-07
468918320_9c275b877f.jpg,5.535308647e-07
2868668723_0741222b23.jpg,4.696727128e-07
3450874870_c4dcf58fb3.jpg,3.807651987e-07
2862469183_a4334b904a.jpg,6.3482496e-07
514036362_5f2b9b7314.jpg,5.807670011e-07
2201951969_0d7520d648.jpg,8.363433281e-07
3184206563_5435f2b494.jpg,5.660588272e-07
3192069971_83c5a90b4c.jpg,5.945063786e-07
3051341320_1d0166e775.jpg,3.481757678e-07
2089539651_9e518ec7de.jpg,4.14667999e-07
2623560640_0445c9a138.jpg,5.321329646e-07
2857558098_98e9249284.jpg,5.190994577e-07
1100214449_d10861e633.jpg,4.195037189e-07
2256231539_05c27179f1.jpg,5.761942094e-07
1570723692_3a2b064d43.jpg,4.858693859e-07
2640000969_b5404a5143.jpg,5.625240778e-07
537579448_a7f92cef58.jpg,6.838079793e-07
2949880800_ca9a1bb7e6.jpg,4.23369183e-07
3106026005_473a7b1c8c.jpg,5.581059909e-07
3553374585_25b1bd6970.jpg,4.546509632e-07
942399470_6132d3e5d2.jpg,5.867561325e-07
3638440337_6d5c19a8f0.jpg,7.389239395e-07
1329832826_432538d331.jpg,5.693078328e-07
3597924257_d0da3c5fe6.jpg,4.382521265e-07
667626_18933d713e.jpg,4.737534796e-07
3550763985_800cfee7e4.jpg,6.729845634e-07
3182258223_5b9c8a8c55.jpg,4.085085878e-07
3356642567_f1d92cb81b.jpg,5.099059032e-07
3398788809_25c71ba018.jpg,6.942359829e-07
3560771491_2a18b6241e.jpg,5.574816366e-07
3006217970_90b42e6b27.jpg,5.425768003e-07
3425853460_bfcd0b41f6.jpg,4.012605774e-07
3282925526_535ff9f2b2.jpg,8.174409099e-07
460973814_5eacd1ced4.jpg,5.43785622e-07
397601572_9587a39291.jpg,6.147434214e-07
2585141045_b496a7b7c4.jpg,5.999294797e-07
2827964381_408a310809.jpg,4.850906426e-07
613030608_4355e007c7.jpg,6.564611999e-07
2665586311_9a5f4e3fbe.jpg,5.926346101e-07
2937697444_2367ff0e28.jpg,3.161237822e-07
3561639055_5ac66ae92f.jpg,4.021353959e-07
3141293960_74459f0a24.jpg,4.512179228e-07
3493844822_c315a11275.jpg,7.962061901e-07
3222702477_34d2d24f1f.jpg,4.825592092e-07
3265578645_4044a7049a.jpg,5.251951396e-07
2600386812_8790879d9a.jpg,5.526345302e-07
2974587819_742fb7c338.jpg,4.303311847e-07
1244485675_822e6efe60.jpg,6.740948006e-07
2549968784_39bfbe44f9.jpg,6.28898285e-07
2547785434_f227bd3680.jpg,5.430145214e-07
2968182121_b3b491df85.jpg,7.838063253e-07
2977246776_b14be8290d.jpg,4.289756486e-07
1160441615_fe6b3c5277.jpg,3.781794707e-07
3616808182_fb4eaec778.jpg,5.874355647e-07
2046778775_0dd7cac6ab.jpg,7.392644774e-07
226607225_44d696db6b.jpg,5.390401911e-07
2766926202_4201bf2bf9.jpg,2.690443685e-07
3661659196_6ed90f96c0.jpg,6.102457928e-07
1580172290_e19067e0dd.jpg,5.453560437e-07
1414779054_31946f9dfc.jpg,5.803110911e-07
2884301336_dc8e974431.jpg,4.607546404e-07
1956944011_c5661d3f22.jpg,4.448852978e-07
2785108434_cd4a1c949c.jpg,7.191120176e-07
2865409854_afedf98860.jpg,5.176140694e-07
2510197716_fddca0ac75.jpg,4.479064611e-07
3533775651_9d7e93dacf.jpg,4.484290573e-07
2410320522_d967f0b75c.jpg,8.284176247e-07
95151149_5ca6747df6.jpg,7.121232067e-07
2825668136_107223182c.jpg,3.8685984e-07
3517124784_4b4eb62a7a.jpg,5.306831398e-07
1917265421_aeccf1ca38.jpg,4.924000771e-07
3224560800_8fefd52510.jpg,3.358682091e-07
267162122_c3437414ec.jpg,1.502856694e-06
760138567_762d9022d4.jpg,6.238116782e-07
2937942758_712be5c610.jpg,4.270419536e-07
3240090389_97a8c5d386.jpg,5.602289055e-07
3056569684_c264c88d00.jpg,5.694113631e-07
3216901052_269ace7b3c.jpg,5.02040232e-07
396763804_3b7f1e12a8.jpg,5.89001275e-07
3435653630_3b6cca2c40.jpg,4.24966718e-07
2877088081_7ca408cb25.jpg,6.572002427e-07
3485425825_c2f3446e73.jpg,4.139014148e-07
909191414_1cf5d85821.jpg,6.005110601e-07
2245914678_1f82fc3d80.jpg,3.983658183e-07
2490365757_b869282cb3.jpg,5.515089698e-07
3534548254_7bee952a0e.jpg,7.235105019e-07
3146630574_05d9ebbed1.jpg,6.763898246e-07
1138784872_69ade3f2ab.jpg,7.876050259e-07
2092177624_13ab757e8b.jpg,6.469960696e-07
782401952_5bc5d3413a.jpg,4.198776679e-07
3132760860_3e743a935d.jpg,5.921291703e-07
2130851544_d36f4f2ea6.jpg,4.928038261e-07
2204550058_2707d92338.jpg,1.018673183e-06
2576878141_87f25a10f0.jpg,5.176418477e-07
3732728142_86364a706e.jpg,8.984750878e-07
313326614_b2adbe59e0.jpg,7.915862378e-07
3421547427_53411b6278.jpg,3.714038606e-07
3017521547_f5ef8848e3.jpg,4.179289719e-07
3213622536_31da7f6682.jpg,4.796217232e-07
2646540383_343e1ec9a4.jpg,5.940598116e-07
3057497487_57ecc60ff1.jpg,4.704290462e-07
3380643902_7e0670f80f.jpg,1.134820981e-06
2251447809_2de73afcdf.jpg,3.813789786e-07
505062117_a70b4e10ab.jpg,5.315668384e-07
2840344516_8e15fe2668.jpg,5.480115009e-07
1232148178_4f45cc3284.jpg,4.746697308e-07
1304961697_76b86b0c18.jpg,4.610680912e-07
3154641421_d1b9b8c24c.jpg,4.070722668e-07
1231229740_8dcbf80bfb.jpg,4.557744869e-07
2797511323_bf20acab45.jpg,5.551298929e-07
3256456935_664a7a5bba.jpg,4.023099379e-07
374103842_17873ce505.jpg,6.60857703e-07
3281611946_f42deed2e1.jpg,5.487938727e-07
2778290592_1910bb0431.jpg,5.82365901e-07
3338590946_f25b76cbc7.jpg,3.893621487e-07
3405011838_f81117c99f.jpg,3.438189508e-07
3048211972_db71d104c2.jpg,6.04596301e-07
494792770_2c5f767ac0.jpg,5.587140219e-07
3336682980_1082a66878.jpg,7.54505664e-07
3638992163_a085cc0c24.jpg,6.607037583e-07
3243591844_791cfa62eb.jpg,4.590750811e-07
3456862740_7550bcddc2.jpg,4.44878497e-07
3674168459_6245f4f658.jpg,3.685100707e-07
1330645772_24f831ff8f.jpg,1.038398379e-06
3632225464_612d7b4c0f.jpg,5.06317332e-07
3150659152_2ace03690b.jpg,3.531579075e-07
3631474374_e40764d153.jpg,6.190697791e-07
300594071_3450444752.jpg,6.922289141e-07
2685752892_9d5cd7f274.jpg,5.950465356e-07
2344699642_4fae2f4e07.jpg,5.888420827e-07
2091171488_c8512fec76.jpg,5.852466284e-07
3259992722_4c5e895734.jpg,7.466166381e-07
505944126_f9a6ab8944.jpg,5.431139736e-07
3119913014_688d4997d7.jpg,7.574651252e-07
1267711451_e2a754b4f8.jpg,5.019862006e-07
1836335410_de8313a64e.jpg,6.682074531e-07
3106787167_e5f2312622.jpg,7.251120323e-07
3272541970_ac0f1de274.jpg,5.741239368e-07
3497069793_2d4baf5b4b.jpg,6.312303548e-07
2267682214_e1434d853b.jpg,6.083572511e-07
2929405404_1dff5ab847.jpg,4.276568521e-07
2601612082_4b9be27426.jpg,5.115571464e-07
446514680_ff5ca15ece.jpg,4.708984151e-07
3268908792_c24529fe88.jpg,9.257303177e-07
109823395_6fb423a90f.jpg,6.030703859e-07
2787868417_810985234d.jpg,4.871356468e-07
241347204_007d83e252.jpg,5.376218246e-07
541063419_a5f3672d59.jpg,4.557438448e-07
2562483332_eb791a3ce5.jpg,3.238246296e-07
3021318991_fa28e3bca7.jpg,1.278499904e-06
2199200615_85e4c2a602.jpg,6.554765534e-07
559102835_472ff702b5.jpg,4.795196666e-07
1236964638_1808784a3c.jpg,6.303250599e-07
3241965735_8742782a70.jpg,6.306364108e-07
2426828433_ce894d1c54.jpg,7.053604402e-07
3033825101_44a4390f16.jpg,3.74768191e-07
964197865_0133acaeb4.jpg,8.239435497e-07
3000428313_8a1e65e20e.jpg,5.892333251e-07
3245504245_27931f5ec1.jpg,5.676052265e-07
710878348_323082babd.jpg,6.315829725e-07
3668518431_43abb169eb.jpg,5.327260961e-07
3346711367_5e7b29e20f.jpg,5.799793863e-07
2588625139_fdf6610218.jpg,6.920951057e-07
974924582_10bed89b8d.jpg,6.827427337e-07
134724228_30408cd77f.jpg,5.262791853e-07
466176275_f40d37851e.jpg,4.282797177e-07
2909811789_ed8f3fd972.jpg,4.851531834e-07
2332986053_864db84971.jpg,4.857607475e-07
2464259416_238ef13a2e.jpg,6.496331056e-07
3240048764_acce8af2a5.jpg,4.250637021e-07
3135504530_0f4130d8f8.jpg,4.277661892e-07
3705688385_47651205d3.jpg,4.34386946e-07
3027850131_a7772e0ba0.jpg,5.02067304e-07
2730819220_b58af1119a.jpg,7.758223341e-07
304408047_98bab3ea64.jpg,5.529783332e-07
3357708906_fb3a54dd78.jpg,7.916615871e-07
3490517179_76dbd690de.jpg,6.145863196e-07
3563461991_de05537878.jpg,6.06099545e-07
3244734844_c318c29c23.jpg,9.883636602e-07
3154293126_e52bd07524.jpg,5.286239782e-07
140526326_da07305c1c.jpg,5.20280143e-07
3608663656_9192a21eeb.jpg,6.92586124e-07
3655155990_b0e201dd3c.jpg,4.299428844e-07
861795382_5145ad433d.jpg,4.862031709e-07
3380407617_07b53cbcce.jpg,6.529797602e-07
3325129757_7a1979ac11.jpg,8.712197662e-07
2802337003_56e555cd30.jpg,4.097515167e-07
2095444126_201ff9f222.jpg,8.320947325e-07
280932151_ae14a67be5.jpg,9.628839833e-07
2800934095_b84a5009dd.jpg,3.854053886e-07
2534194182_ac53035cf4.jpg,5.006369891e-07
2579572274_826598b14a.jpg,4.763650837e-07
2826647354_650ff5eb03.jpg,4.939556659e-07
3453284877_8866189055.jpg,6.581586744e-07
3669564923_8fcb1a6eff.jpg,3.945685267e-07
2289096282_4ef120f189.jpg,3.819190052e-07
3708266246_97a033fcc7.jpg,7.915147266e-07
216172386_9ac5356dae.jpg,4.5201112e-07
3359563671_35b67898e7.jpg,5.816576099e-07
3232252882_05db7c2216.jpg,6.722019734e-07
3014773357_f66bd09290.jpg,1.558382618e-06
1980315248_82dbc34676.jpg,4.635362343e-07
3343106500_27176fc544.jpg,3.354659699e-07
3540241710_a4f49cde52.jpg,7.977211275e-07
3317333893_9d0faa8d30.jpg,5.961963641e-07
2937497894_e3664a9513.jpg,3.007577008e-07
2911658792_6a6ef07e3a.jpg,2.947791459e-07
2470486377_c3a39ccb7b.jpg,5.20126795e-07
2534502836_7a75305655.jpg,7.90413748e-07
3612825666_54f5a2bc06.jpg,4.897934098e-07
2623496164_68ffeb5067.jpg,5.375972516e-07
2228167286_7089ab236a.jpg,6.387748645e-07
3128856481_86e5df4160.jpg,6.917015457e-07
2404692474_37da774368.jpg,7.207982623e-07
472661386_723aae880b.jpg,5.750522688e-07
3495490064_8db40a83af.jpg,4.454034382e-07
2882893687_1d10d68f2b.jpg,5.047317503e-07
3677239603_95865a9073.jpg,6.838095817e-07
616177206_0e16c33f6b.jpg,6.170308896e-07
2934837034_a8ca5b1f50.jpg,8.773253791e-07
641893280_36fd6e886a.jpg,6.102484482e-07
2059842472_f4fb61ea08.jpg,8.062254768e-07
1468962616_5803b4397f.jpg,7.778196089e-07
2278766574_f71f1704a8.jpg,4.673733235e-07
3249891874_6a090ef097.jpg,3.64452261e-07
17273391_55cfc7d3d4.jpg,3.964984874e-07
3134387513_ceb75bea0a.jpg,5.250328617e-07
2208055895_37cd8e1edf.jpg,4.952360781e-07
3346614841_698f9aa486.jpg,6.023213833e-07
2346772831_b2748ba1f0.jpg,5.225742737e-07
2709359730_13bca100af.jpg,5.867461324e-07
2069279767_fb32bfb2de.jpg,7.300758965e-07
2330536645_2d36b516e1.jpg,7.589312568e-07
2751694538_fffa3d307d.jpg,5.268323959e-07
3009047603_28612247d2.jpg,6.792516125e-07
3097171315_0ba7d283b1.jpg,4.934772004e-07
2935986346_29df6cf692.jpg,4.44254351e-07
2552816307_c7c8e7f6b4.jpg,6.225908172e-07
2893374123_087f98d58a.jpg,4.071061075e-07
3511890331_6163612bb9.jpg,5.955445487e-07
1177994172_10d143cb8d.jpg,6.086767574e-07
2881468095_d4ce8c0c52.jpg,4.872514355e-07
263522013_d118d46b2d.jpg,2.905551129e-07
2300920203_f29260b1db.jpg,7.184441224e-07
2374179071_af22170d62.jpg,5.781642448e-07
1433577867_39a1510c43.jpg,7.192628884e-07
110595925_f3395c8bd6.jpg,5.865603873e-07
2081446176_f97dc76951.jpg,5.369928566e-07
2759211664_d21393b668.jpg,6.234192403e-07
509778093_21236bb64d.jpg,5.744207363e-07
1771490732_0ab5f029ac.jpg,9.474046312e-07
430173345_86388d8822.jpg,5.602556421e-07
2873648844_8efc7d78f1.jpg,7.281654999e-07
3626689571_5817f99c0e.jpg,7.031102893e-07
3163477256_073605e06e.jpg,6.168902126e-07
3198962089_e647d1b0cd.jpg,4.780129678e-07
2057160636_6e9cf3b5f0.jpg,1.194684126e-06
3624327440_bef4f33f32.jpg,8.40140914e-07
185972340_781d60ccfd.jpg,3.718674469e-07
3393446245_37dd3f3b59.jpg,2.986558911e-07
3679407035_708774de34.jpg,7.052613969e-07
2855417531_521bf47b50.jpg,5.103050244e-07
109202801_c6381eef15.jpg,5.382112269e-07
309238565_2d5d8dc8bf.jpg,3.907296259e-07
367925122_335ed279a8.jpg,7.160629002e-07
2594336381_a93772823b.jpg,2.64132395e-07
3703107969_175da4b276.jpg,5.762816877e-07
2616009069_82561da2e5.jpg,5.062591808e-07
2081141788_38fa84ce3c.jpg,4.526595098e-07
519167484_ee03e2a91e.jpg,5.806049725e-07
2768248810_06d543c080.jpg,5.158551863e-07
58368365_03ed3e5bdf.jpg,7.045554387e-07
3086507638_d8a2cd0ac3.jpg,6.570437994e-07
3239480519_22540b5016.jpg,6.111014568e-07
2167644298_100ca79f54.jpg,8.694947875e-07
2956562716_5aa3f6ef38.jpg,4.472311181e-07
2088120475_d6318364f5.jpg,8.26591016e-07
544257613_d9a1fea3f7.jpg,1.145759686e-06
2076428547_738e0a132f.jpg,4.026151318e-07
3647170476_0fd71a4c9f.jpg,5.011458683e-07
2306674172_dc07c7f847.jpg,5.341322014e-07
354999632_915ea81e53.jpg,8.792175609e-07
138705546_be7a6845dd.jpg,4.455945264e-07
3647693147_0d0434351b.jpg,4.780782729e-07
2085557551_7a88d01d4e.jpg,5.784005114e-07
2263655670_517890f5b7.jpg,6.470464434e-07
574274795_57e0834e7d.jpg,1.357701243e-06
3138433655_ea1d59e5b7.jpg,7.662640241e-07
3677860841_3aa9d8036c.jpg,4.212689821e-07
3544669026_1b5c0e6316.jpg,5.426047071e-07
3317073508_7e13565c1b.jpg,6.112562556e-07
3202360797_2084743e90.jpg,9.107442729e-07
3265527323_6431f00692.jpg,7.936722538e-07
478592803_f57cc9c461.jpg,6.388978546e-07
1332722096_1e3de8ae70.jpg,7.647540233e-07
2650620212_0586016e0d.jpg,8.242141931e-07
2973272684_4d63cbc241.jpg,6.632894579e-07
478208896_90e7187b64.jpg,3.556160967e-07
2818735880_68b3dfe1f5.jpg,5.017100249e-07
3138562460_44227a35cf.jpg,4.862451436e-07
3228793611_8f260ea500.jpg,8.019433828e-07
2390778197_4d9d03d4b9.jpg,4.659009484e-07
319847643_df7c2a1d25.jpg,9.464627582e-07
2923825744_ca125353f0.jpg,7.317328804e-07
3109780402_dbae082dc5.jpg,5.991410632e-07
1479857177_9d4a6f38fd.jpg,1.085171954e-06
3549011001_26cace3646.jpg,5.520543644e-07
493542985_c85ad29ebe.jpg,3.522145668e-07
315125146_d9a8e60061.jpg,6.642873032e-07
3372251830_baa3665928.jpg,5.429400391e-07
2766726291_b83eb5d315.jpg,5.098252133e-07
2676184321_858eff416b.jpg,5.147178757e-07
3553476195_fb3747d7c1.jpg,1.021560176e-06
2632381125_de32bdfdf6.jpg,6.482481e-07
3561543598_3c1b572f9b.jpg,5.903599342e-07
3565021218_d2bc1aa644.jpg,5.954275122e-07
2943384009_c8cf749181.jpg,3.197198169e-07
3708244207_0d3a2b2f92.jpg,5.329342409e-07
2615811117_42b1838205.jpg,5.296641009e-07
2959941749_fa99097463.jpg,4.692128311e-07
3467282545_273a97b628.jpg,6.84573239e-07
1131932671_c8d17751b3.jpg,8.165618149e-07
269898095_d00ac7d7a4.jpg,4.640316511e-07
3528105511_12ff45dc9c.jpg,4.392865208e-07
140526327_3cb984de09.jpg,5.10826895e-07
2187720319_112d00f07d.jpg,5.399302783e-07
3652859271_908ae0ae89.jpg,5.789961987e-07
1034276567_49bb87c51c.jpg,7.563816128e-07
3573202338_f43dd22d28.jpg,6.54808457e-07
1479679558_d0a01bc62b.jpg,4.474635973e-07
3605100550_01214a1224.jpg,4.89521147e-07
233361142_d9d5f0cae9.jpg,4.702603036e-07
2965604928_435dc93bf7.jpg,5.698603718e-07
2613021139_4b0dc3d4c8.jpg,8.361564608e-07
3463922449_f6040a2931.jpg,1.200097443e-06
3057770908_3fd97f79f9.jpg,6.866377877e-07
2293149170_38fb2257ea.jpg,6.313626154e-07
854333409_38bc1da9dc.jpg,3.842839059e-07
1348957576_c4a78eb974.jpg,5.823183817e-07
262439544_e71cd26b24.jpg,3.30951617e-07
925491651_57df3a5b36.jpg,7.124237149e-07
2250555512_71670078f5.jpg,1.542170341e-06
3485816074_363cab4bff.jpg,4.586230159e-07
3245266444_2e798096e6.jpg,9.130441222e-07
2278110011_ba846e7795.jpg,4.997782062e-07
2640153227_57cf1a3d92.jpg,4.709763862e-07
3596459539_a47aa80612.jpg,4.256245631e-07
2994179598_a45c2732b5.jpg,5.810698378e-07
1332823164_c70a5d930e.jpg,5.587411283e-07
241347067_e58d05dbdc.jpg,6.623721105e-07
3042381160_ffe2b16808.jpg,4.686058715e-07
2348491126_30db0d46ef.jpg,8.398013224e-07
2944952557_8484f0da8f.jpg,3.455073814e-07
2584957647_4f9235c150.jpg,7.593754282e-07
2718495608_d8533e3ac5.jpg,5.323784176e-07
608257195_6ec6f48e37.jpg,5.143333865e-07
241345427_ece0d186c2.jpg,6.736386143e-07
3110614694_fecc23ca65.jpg,8.518912145e-07
3382679230_baef3d1eaa.jpg,5.109270451e-07
3051998298_38da5746fa.jpg,5.875216673e-07
3211199368_ca78387f72.jpg,5.535477587e-07
3274691778_94bb57bba3.jpg,4.45873363e-07
3357194782_c261bb6cbf.jpg,6.048265382e-07
2603792708_18a97bac97.jpg,6.889475457e-07
489065557_0eb08889cd.jpg,4.720273657e-07
2268601066_b018b124fd.jpg,3.938665232e-07
3163068926_d28ed3ef53.jpg,6.95771253e-07
3697675767_97796334e4.jpg,5.189325197e-07
2907073768_08fd7bdf60.jpg,3.983885824e-07
2346629210_8d6668d22d.jpg,6.357491705e-07
3060594966_030658d318.jpg,5.832124687e-07
2083434441_a93bc6306b.jpg,6.075801669e-07
2677656448_6b7e7702af.jpg,8.285191178e-07
460478198_83039f2593.jpg,4.187933391e-07
452416075_60b2bb5832.jpg,7.267832663e-07
3166578139_33500f7e8a.jpg,5.826726427e-07
3319899418_4bcf1b00d8.jpg,5.992294504e-07
368954110_821ccf005c.jpg,3.748628775e-07
843616798_5ab0ecb525.jpg,6.226727861e-07
1313693129_71d0b21c63.jpg,5.122731712e-07
2077079696_03380d218b.jpg,5.677310746e-07
2477121456_1ac5c6d3e4.jpg,6.988283146e-07
385186343_464f5fc186.jpg,9.324513784e-07
3184891327_8785194e3c.jpg,4.858889858e-07
934375844_dd149fed18.jpg,8.87345222e-07
746787916_ceb103069f.jpg,5.130135138e-07
2753531542_ace2c870b7.jpg,5.898971241e-07
3036596725_541bbe0955.jpg,8.145313444e-07
3531811969_49af4c22f0.jpg,5.410769619e-07
3537452619_3bd79f24e0.jpg,5.640091411e-07
537628742_146f2c24f8.jpg,7.21787847e-07
3584196366_a4b43d6644.jpg,6.534224482e-07
3520617304_e53d37f0af.jpg,7.334983758e-07
460195978_fc522a4979.jpg,6.18112295e-07
2723929323_70b93a74ea.jpg,7.372242687e-07
1119015538_e8e796281e.jpg,5.888074778e-07
3251460982_4578a568bb.jpg,6.79265768e-07
3384742888_85230c34d5.jpg,5.159606672e-07
2102360862_264452db8e.jpg,7.757718053e-07
433855742_c2a6fda763.jpg,4.265535836e-07
2834103050_512e5b330a.jpg,3.454011884e-07
2542037086_58c833699c.jpg,3.979310002e-07
2775744946_1ab5d500a2.jpg,8.515781727e-07
3139876823_859c7d7c23.jpg,5.080472018e-07
2477623312_58e8e8c8af.jpg,5.85960227e-07
3044359043_627488ddf0.jpg,5.304584324e-07
1984936420_3f3102132b.jpg,6.692460383e-07
3692836015_d11180727b.jpg,6.37987431e-07
2932498509_27cb0038ec.jpg,6.633514569e-07
3556598205_86c180769d.jpg,7.55413102e-07
189721896_1ffe76d89e.jpg,6.303785683e-07
3700004668_99c3e3f55b.jpg,6.569203941e-07
3690431163_1d81e19549.jpg,4.695171719e-07
3372167201_f7f909d480.jpg,4.847343691e-07
350529848_9569a3bcbc.jpg,7.962903732e-07
311267421_e204e643cf.jpg,5.31513491e-07
3081330705_7a1732e12c.jpg,6.411130316e-07
3383037991_8f07784b81.jpg,6.042405182e-07
3557148230_7fc843e5de.jpg,6.178343263e-07
358114269_96fdb5f7c3.jpg,6.698853724e-07
272988646_1588bde6a8.jpg,5.346779696e-07
1472053993_bed67a3ba7.jpg,5.019373781e-07
2422302286_385725e3cf.jpg,6.551194519e-07
2720985888_8f5920e8cf.jpg,7.89398167e-07
3215315009_47577bf8f7.jpg,3.807685124e-07
3050976633_9c25cf6fa0.jpg,7.515513533e-07
3323076458_3ce72a1dae.jpg,6.317747607e-07
3372215826_b3e6403b2e.jpg,9.979724301e-07
3547704737_57d42d5d9d.jpg,4.680958192e-07
1339596997_8ac29c1841.jpg,3.755346563e-07
3360876049_9047edeab9.jpg,5.075084671e-07
2698487246_e827404cac.jpg,5.753411027e-07
3381161854_af8b05243c.jpg,5.818165998e-07
2970183443_accd597e0a.jpg,5.256316173e-07
1433142189_cda8652603.jpg,8.994259736e-07
836828001_af98d16256.jpg,5.744410824e-07
2991771557_d98fa0a69f.jpg,4.468805707e-07
468310111_d9396abcbd.jpg,5.915222904e-07
3472485022_5d03e9852d.jpg,3.96974903e-07
327415627_6313d32a64.jpg,5.842179527e-07
3337046794_296bd2c7e0.jpg,3.01505558e-07
3710468717_c051d96a5f.jpg,4.665851558e-07
3343900764_2a4c0405f9.jpg,3.202905005e-07
2298077331_f9a1488067.jpg,5.345621148e-07
3263946591_a1558b77d3.jpg,4.075808078e-07
3251646144_d9f4ccca3f.jpg,2.741223328e-07
811663364_4b350a62ce.jpg,7.544368678e-07
397547349_1fd14b95af.jpg,4.524487641e-07
1998255400_0cd086908f.jpg,7.073412027e-07
537222436_ab406234ce.jpg,7.318888327e-07
284279868_2ca98e3dcd.jpg,3.86552148e-07
3451345621_fe470d4cf8.jpg,3.928157374e-07
3091382602_60b9b53ed1.jpg,7.46841271e-07
98377566_e4674d1ebd.jpg,3.139237148e-07
2524084967_a5e011b73d.jpg,5.453315122e-07
1402641725_5e027ecaa7.jpg,8.233613891e-07
3535879138_9281dc83d5.jpg,4.473626654e-07
536828916_b763b82949.jpg,5.902577708e-07
3560726559_4c4bed9f2d.jpg,7.408727779e-07
544576742_283b65fa0d.jpg,6.996473328e-07
436013859_793d870b6f.jpg,4.310089824e-07
1643915227_9f48068772.jpg,4.008411363e-07
506412121_67ecc7ec05.jpg,1.613640327e-06
274313927_404d0e94ab.jpg,3.67300967e-07
523249012_a0a25f487e.jpg,4.368748803e-07
1131804997_177c3c0640.jpg,5.298702521e-07
2412390588_a89cab30f4.jpg,5.707875861e-07
2074244690_82e30ff44b.jpg,5.887185202e-07
2458269558_277012780d.jpg,6.858578103e-07
2975073156_7543ed326f.jpg,6.651627491e-07
3026102616_3cf350af9e.jpg,6.152340131e-07
3687222696_85bf6f78f7.jpg,6.224020555e-07
3343311201_eeb1a39def.jpg,5.150919053e-07
2524003134_580e74328b.jpg,6.680908554e-07
3251976937_20625dc2b8.jpg,5.868548705e-07
2978394277_4572967b97.jpg,4.221812256e-07
2049646140_d0de01e3c4.jpg,4.623355185e-07
2899089320_3e7f6bbaca.jpg,5.587538988e-07
3086526292_f799d237c7.jpg,4.376486299e-07
3455419642_894d03f153.jpg,8.110712325e-07
386470686_1ae9242878.jpg,4.208209229e-07
2805822564_6dee48e506.jpg,9.013040699e-07
3231596071_f0c522a639.jpg,5.178307898e-07
2586532797_dcf22a5021.jpg,4.950649192e-07
1468429623_f001988691.jpg,6.109851509e-07
3454149297_01454a2554.jpg,5.955380277e-07
2533414541_362bf043bb.jpg,5.282072018e-07
2456615908_59cdac6605.jpg,4.12180998e-07
3276475986_66cd9cc7e4.jpg,4.211513505e-07
2665264979_df9c284bf8.jpg,4.449698348e-07
566794036_60f7acdf35.jpg,5.22025865e-07
2735290454_1bd8bc5eac.jpg,8.575082069e-07
1428681303_04213524e3.jpg,5.563424898e-07
241347580_a1e20321d3.jpg,6.282519873e-07
2933912528_52b05f84a1.jpg,4.748060979e-07
326456451_effadbbe49.jpg,8.585035931e-07
2405978603_6221b0c2e7.jpg,7.548199365e-07
3126981064_1e803c3d7f.jpg,4.884145212e-07
405331006_4e94e07698.jpg,2.898304466e-07
1522787272_5a31497ef2.jpg,7.878783018e-07
475042270_719ebe6c48.jpg,5.597539766e-07
3422146099_35ffc8680e.jpg,1.199153842e-06
330849796_c575c3108a.jpg,5.897607688e-07
449287870_f17fb825d7.jpg,4.244233135e-07
3097776588_312932e438.jpg,1.412383997e-06
2911245290_b2c79f328a.jpg,7.280376024e-07
1957371533_62bc720bac.jpg,6.411025875e-07
3671262694_29fbeb9d95.jpg,4.18687295e-07
2495394666_2ef6c37519.jpg,4.619644434e-07
2887614578_ed7ba21775.jpg,6.824146828e-07
2557972410_6925fe695c.jpg,5.147311991e-07
3126752627_dc2d6674da.jpg,3.127439634e-07
157139628_5dc483e2e4.jpg,7.871850641e-07
3690159129_93ba49ea18.jpg,5.563477706e-07
2249480913_e1695e5c28.jpg,5.646164103e-07
3652584682_5b5c43e445.jpg,5.142941167e-07
3246773992_89bf86937b.jpg,5.219004118e-07
2987576188_f82304f394.jpg,3.992692404e-07
2393264648_a280744f97.jpg,1.265991933e-06
2644920808_f5a214b744.jpg,7.314986075e-07
3062173277_bfb5ef4c45.jpg,4.635008331e-07
431410325_f4916b5460.jpg,7.34518408e-07
103205630_682ca7285b.jpg,1.8294537e-06
2337377811_8c81b40a64.jpg,4.50647026e-07
3259110412_9908c45144.jpg,4.434245037e-07
2322334640_d4d22619ff.jpg,6.289072548e-07
3466353172_deb128bbb0.jpg,6.76606887e-07
3636126441_5617c89aaa.jpg,5.103844361e-07
3406409018_03de95181e.jpg,4.159283249e-07
3226254560_2f8ac147ea.jpg,5.537294724e-07
3610189629_f46de92ab3.jpg,8.339684842e-07
2242863004_3a9f82a31f.jpg,3.982091209e-07
2554570943_122da6438f.jpg,5.759161942e-07
2333288869_8c01e4c859.jpg,5.684855788e-07
3457315666_b943111dec.jpg,1.615576914e-06
2955673642_4279b32097.jpg,4.722305726e-07
1527333441_af65636a74.jpg,5.673794954e-07
2180356743_b3a3c9a7f6.jpg,6.950560022e-07
2198964806_c57b0534d3.jpg,2.544830854e-07
3515904775_f8acc5909e.jpg,5.867841025e-07
246094557_e174a5914f.jpg,7.232453491e-07
427167162_2c99779444.jpg,7.085784944e-07
427082246_5bf1c3676f.jpg,3.980554522e-07
339658315_fbb178c252.jpg,4.491174688e-07
3411579899_0f8ed09142.jpg,6.576289787e-07
3701249979_8bc757e171.jpg,6.469892593e-07
2764178773_d63b502812.jpg,4.833566195e-07
401476986_73918145a3.jpg,1.119775495e-06
3631810528_7233c0f421.jpg,3.838447748e-07
2755952680_68a0a1fa42.jpg,5.241169892e-07
3606846822_28c40b933a.jpg,5.61975406e-07
684255145_db3f8e3e46.jpg,1.132075136e-06
3113682377_14fc7b62b0.jpg,5.275950483e-07
3334537556_a2cf4e9b9a.jpg,4.163776453e-07
464506846_1734302b58.jpg,5.840748102e-07
3156113206_53c2a7b5d8.jpg,2.818612978e-07
2218334049_e649dbdb1a.jpg,5.476535152e-07
1087539207_9f77ab3aaf.jpg,5.650032209e-07
805682444_90ed9e1ef3.jpg,3.33199905e-07
3154152744_4e93ec8a62.jpg,5.954051473e-07
3641999223_942f8198cc.jpg,4.538344155e-07
2934325103_e9b8d7430f.jpg,4.579855793e-07
3301935788_2bb7bbc515.jpg,5.837762752e-07
2929669711_b2d5a640f0.jpg,7.14054079e-07
2478929971_9eb6c074b6.jpg,4.013430994e-07
1476241331_2f43b67aed.jpg,3.910929332e-07
2480021389_dda9fb2818.jpg,6.565855778e-07
2921430836_3b4d062238.jpg,7.007026574e-07
3245939062_8ffe1d2be5.jpg,5.83158661e-07
2489602993_896c1ea40a.jpg,5.020589682e-07
3134387321_3a253224c1.jpg,5.213384675e-07
1056873310_49c665eb22.jpg,3.592514495e-07
862054277_34b5a6f401.jpg,6.397150489e-07
3621177753_1718c30ea0.jpg,4.625328315e-07
2097489021_ca1b9f5c3b.jpg,6.871772051e-07
3079786914_fe598b0e54.jpg,7.719913533e-07
3107368071_724613fc4f.jpg,5.87028713e-07
1358892595_7a37c45788.jpg,7.040268558e-07
3018467501_a03d404413.jpg,5.526842296e-07
477768471_d7cd618fdb.jpg,9.118282154e-07
3275527950_41aca690a1.jpg,8.32039173e-07
2866696346_4dcccbd3a5.jpg,8.742620901e-07
2814406547_a237ef0122.jpg,4.076020021e-07
3593556797_46b49a02a8.jpg,8.308802047e-07
3512033861_a357bb58b6.jpg,5.61092768e-07
2196284168_76417efbec.jpg,9.139139416e-07
3218480482_66af7587c8.jpg,3.916966124e-07
159712188_d530dd478c.jpg,4.283975499e-07
3348384389_73b6647017.jpg,9.162706954e-07
701816897_221bbe761a.jpg,5.780454787e-07
3119903318_d032141839.jpg,6.423988943e-07
3711664623_ef87105ea7.jpg,4.799747995e-07
3353328134_dd9ed0edab.jpg,3.933831011e-07
3014080715_f4f0dbb56e.jpg,4.998089499e-07
2731171552_4a808c7d5a.jpg,5.610625232e-07
3111502208_71e2a414f5.jpg,3.348836624e-07
1348113612_5bfc5f429e.jpg,5.246730416e-07
3306464579_1b16a0caf2.jpg,9.842824355e-07
3648988742_888a16f600.jpg,5.274712321e-07
2234702530_a265a4df22.jpg,9.033318045e-07
947969010_f1ea572e89.jpg,6.149737507e-07
305199420_89f6ddd778.jpg,4.69914888e-07
2887750774_920eb171aa.jpg,6.557113995e-07
3039209547_81cc93fbec.jpg,1.332874049e-06
405537503_f66ecc5073.jpg,6.608824768e-07
2473791980_805c819bd4.jpg,4.826145458e-07
480607352_65614ab348.jpg,5.145702091e-07
3314517351_69d70e62bd.jpg,5.254111973e-07
241345446_2e47ae8ddc.jpg,8.975513521e-07
3330935489_9cb67ca36b.jpg,3.632917799e-07
482088914_e6ea4501e9.jpg,6.089704797e-07
1449692616_60507875fb.jpg,4.994432851e-07
3386953179_84c2d7922f.jpg,4.554885059e-07
56489627_e1de43de34.jpg,5.494332002e-07
957230475_48f4285ffe.jpg,8.22448099e-07
134894450_dadea45d65.jpg,4.065966016e-07
278002947_3fd22a2cb6.jpg,3.772173437e-07
3421104520_6a71185b3c.jpg,5.62378912e-07
241346260_f50d57b517.jpg,7.21049061e-07
3371533654_73a12a35a4.jpg,4.783884925e-07
1022454428_b6b660a67b.jpg,5.212483583e-07
3652764505_87139e71f8.jpg,5.424245374e-07
2916586390_664f0139ea.jpg,6.675804762e-07
181777261_84c48b31cb.jpg,4.400116103e-07
3349451628_4249a21c8f.jpg,3.820303951e-07
3108378861_d2214d971e.jpg,4.793242529e-07
1348304997_afe60a61df.jpg,2.979596801e-07
3268407162_6274e0f74f.jpg,2.735039689e-07
503794526_603a7954d3.jpg,3.300847405e-07
2689163361_4939875be5.jpg,4.920232362e-07
956164675_9ee084364e.jpg,5.771678622e-07
2063277300_f7ff476914.jpg,5.203448392e-07
3028404926_2bd27e3e83.jpg,7.220836472e-07
393987665_91d28f0ed0.jpg,4.257159242e-07
2635905544_dbc65d0622.jpg,3.904173097e-07
3170802797_3c851bb475.jpg,6.661517071e-07
496129405_b9feeda1ab.jpg,5.969524512e-07
464527562_a18f095225.jpg,5.952169524e-07
1342766791_1e72f92455.jpg,5.959875864e-07
264928854_d9e61f3a8e.jpg,3.349433597e-07
333973142_abcd151002.jpg,5.008560482e-07
3629492654_619d7b67ee.jpg,1.8665598e-07
1921398767_771743bf4e.jpg,5.177154225e-07
242558556_12f4d1cabc.jpg,1.077969213e-06
2439813616_c9ac54cc9f.jpg,5.405546573e-07
2144049642_070cf541b4.jpg,4.283398856e-07
3375920709_ef7370fa09.jpg,7.129249018e-07
2537119659_fa01dd5de5.jpg,6.285154882e-07
3635177305_bfbe1fc348.jpg,5.942175225e-07
3361210233_962d630ec5.jpg,3.833025056e-07
3532192208_64b069d05d.jpg,8.511561372e-07
516725192_c9cdd63878.jpg,8.263895923e-07
2860372882_e0ef4131d4.jpg,5.955906333e-07
3632258003_6a0a69bf3a.jpg,4.75088952e-07
1311132744_5ffd03f831.jpg,9.945271428e-07
2754898893_95239c1f19.jpg,4.940954864e-07
1452361926_6d8c535e32.jpg,6.58395244e-07
3487419819_e3f89444ce.jpg,6.208687907e-07
2824922268_3fafb64683.jpg,4.953212545e-07
3474985382_26e1560338.jpg,7.23094511e-07
3381038951_225bb163af.jpg,6.36796482e-07
2470588201_955132a946.jpg,6.469340596e-07
2975018306_0e8da316f5.jpg,9.418603094e-07
2949762776_52ece64d28.jpg,6.742421141e-07
2482629385_f370b290d1.jpg,4.962791282e-07
2993167183_2bda95fa3d.jpg,5.560665418e-07
2328106090_b7c2725501.jpg,6.907315279e-07
1322323208_c7ecb742c6.jpg,6.869241573e-07
2578003921_e23b78e85f.jpg,4.389215005e-07
3321334180_8f764e0e0f.jpg,5.1357768e-07
3373544964_c9f1253b7d.jpg,5.201397386e-07
444881000_bba92e585c.jpg,6.17639769e-07
236518934_c62a133077.jpg,7.059634514e-07
3295418287_5d590dac43.jpg,5.493045401e-07
3138746531_f6b816c126.jpg,5.62477527e-07
2971431335_e192613db4.jpg,7.813327661e-07
3199460792_deef518c01.jpg,7.437740464e-07
1082379191_ec1e53f996.jpg,5.579097013e-07
2921670682_6a77a6c3e9.jpg,4.911227245e-07
2393971707_bce01ae754.jpg,6.024390188e-07
241345905_5826a72da1.jpg,8.250263555e-07
3467843559_a457ce37b6.jpg,4.756183261e-07
2561334141_0aacefa5e7.jpg,7.959791814e-07
3662963630_8f097e38d4.jpg,6.298351561e-07
3498417123_3eae6bbde6.jpg,4.110433719e-07
2156131463_5b53636cf0.jpg,6.83624135e-07
749840385_e004bf3b7c.jpg,8.951600445e-07
334737767_7f344eee16.jpg,8.160004507e-07
640203018_c0e7175831.jpg,5.857459519e-07
3323514651_3efdbd63ed.jpg,3.769518315e-07
1007320043_627395c3d8.jpg,5.34056741e-07
2185793891_5a5e903ca6.jpg,1.180805144e-06
2692635048_16c279ff9e.jpg,3.163322335e-07
2842439618_fb20fe2215.jpg,8.073030956e-07
2308271254_27fb466eb4.jpg,5.489874942e-07
2326879311_555ebef188.jpg,7.590205144e-07
2561341745_2d77d3ff7d.jpg,4.529762124e-07
2506892928_7e79bec613.jpg,3.769604271e-07
1164765687_7aca07bbe7.jpg,7.620623161e-07
3345025842_bc2082a509.jpg,6.535643172e-07
827941668_2e4ac6cb39.jpg,5.535240058e-07
344078103_4b23931ce5.jpg,7.212194187e-07
408748500_e8dc8c0c4f.jpg,4.683674441e-07
2085403342_a17b0654fe.jpg,3.48459476e-07
2501942587_e59b91d1da.jpg,4.613597291e-07
3025438110_40af7e6a80.jpg,5.494996509e-07
977856234_0d9caee7b2.jpg,8.789445103e-07
3118425885_f0cc035032.jpg,7.327629539e-07
3694991841_141804da1f.jpg,4.799641201e-07
3165826902_6bf9c4bdb2.jpg,5.349503648e-07
3532194771_07faf20d76.jpg,7.98094523e-07
3156406419_38fbd52007.jpg,8.216333886e-07
2797188545_aeb26c54c0.jpg,4.197880111e-07
3480052428_c034b98a08.jpg,6.055778142e-07
3207343907_995f7ac1d2.jpg,5.261437644e-07
3367053761_8ec5834bf3.jpg,5.390732902e-07
297285273_688e44c014.jpg,5.428089472e-07
3326273086_e09e845185.jpg,3.955884438e-07
2534652796_c8a23288ab.jpg,5.415107762e-07
3549140234_e99b07c739.jpg,7.00925875e-07
708945669_08e7ffb9a7.jpg,4.360758097e-07
2885382946_f541ea5722.jpg,5.533172967e-07
489773343_a8aecf7db3.jpg,8.616588452e-07
27782020_4dab210360.jpg,4.414016199e-07
2537197415_af7c30dfc8.jpg,6.695964905e-07
2608289957_044849f73e.jpg,6.274280332e-07
3284460070_6805990149.jpg,5.616024893e-07
1818403842_553a2a392c.jpg,9.417289522e-07
2437266971_b91a8f9a00.jpg,3.436938101e-07
3427118504_93126c83e0.jpg,4.575898685e-07
3195147187_a073d59fa8.jpg,8.358169573e-07
1449625950_fc9a8d02d9.jpg,3.319439968e-07
2165677531_e1d5e086f7.jpg,6.13681317e-07
781118358_19087c9ec0.jpg,6.168557191e-07
454709143_9c513f095c.jpg,4.481682619e-07
987907964_5a06a63609.jpg,9.486712292e-07
386655611_1329495f97.jpg,5.208579943e-07
859620561_de417cac1e.jpg,7.543308856e-07
944788251_a0bcd4b960.jpg,4.468913895e-07
3004359992_f6b3617706.jpg,8.719170569e-07
3295680663_af21ea648b.jpg,4.361809557e-07
2541701582_0a651c380f.jpg,4.055742761e-07
219843859_94b6d0a580.jpg,7.872235116e-07
242064301_a9d12f1754.jpg,5.864452359e-07
246901891_4c4ea49c3a.jpg,5.146144453e-07
446291803_2fd4641b99.jpg,4.744524915e-07
3178371973_60c6b8f110.jpg,6.682091783e-07
388386075_9ac3a89ada.jpg,8.747823108e-07
374124237_51f62b6937.jpg,7.765846268e-07
2971298546_dd595cf297.jpg,4.93024431e-07
3187117682_986ffd6b67.jpg,7.314091409e-07
3134092148_151154139a.jpg,7.102403098e-07
3542484764_77d8920ec9.jpg,4.830305436e-07
1107246521_d16a476380.jpg,6.01121351e-07
3490186050_4cb4193d4d.jpg,8.347666056e-07
2298661279_016d87ba2f.jpg,4.482383122e-07
3694093650_547259731e.jpg,6.144428848e-07
2615623392_ab2b9759ae.jpg,6.558245736e-07
1428578577_82864facae.jpg,6.230601057e-07
3093971101_543237971d.jpg,8.748347108e-07
3280173193_98c2d6a223.jpg,6.677671049e-07
2284894733_b710b9b106.jpg,4.349386504e-07
2947172114_b591f84163.jpg,3.206673114e-07
742073622_1206be8f7f.jpg,5.560837113e-07
3122938209_2b2c6c1fab.jpg,4.27026655e-07
2698197294_ccd9327ef6.jpg,4.37058876e-07
2934000107_d2ff15c814.jpg,6.662413788e-07
2819254573_9ecb5f4d5e.jpg,4.59848281e-07
3095137758_bdd1e613dd.jpg,5.370257412e-07
3462396164_ba9849c14b.jpg,4.996078349e-07
495014499_8fd065cfd9.jpg,5.324919639e-07
2422482455_b98d9c2120.jpg,5.813726391e-07
1240297429_c36ae0c58f.jpg,1.548266957e-06
820169182_f5e78d7d19.jpg,8.407726502e-07
2207244634_1db1a1890b.jpg,6.713401032e-07
3463034205_e541313038.jpg,4.258180674e-07
1117972841_2b9261f95f.jpg,7.031644013e-07
2908512223_7e27631ed4.jpg,4.961318382e-07
2097407245_c798e0dcaf.jpg,5.226312832e-07
3383491811_fd9d3a891d.jpg,9.686105778e-07
3549408779_4d453db080.jpg,7.155972365e-07
3215117062_6e07a86352.jpg,5.805879208e-07
3173157541_70b16b4318.jpg,5.757030438e-07
3632047678_f202609e50.jpg,6.85999064e-07
2964438493_413667c04a.jpg,5.683622261e-07
2769731772_18c44c18e2.jpg,5.900484179e-07
3351493005_6e5030f596.jpg,3.751424563e-07
3727752439_907795603b.jpg,4.652244668e-07
247778426_fd59734130.jpg,7.027271377e-07
1357753846_6185e26040.jpg,6.604486659e-07
3382105769_b1a4e4c60d.jpg,6.159225929e-07
225909073_25c3c33a29.jpg,7.067896173e-07
3533145793_5d69f72e41.jpg,4.457270104e-07
2978810122_183e60ff2d.jpg,7.261678687e-07
455856615_f6361d9253.jpg,3.483921355e-07
3286543624_7a327f79ae.jpg,6.959017249e-07
2574084102_f2be3f73cb.jpg,1.011001668e-06
3336065481_2c21e622c8.jpg,3.147955038e-07
3254662117_b2e7dede6e.jpg,9.401484086e-07
1397923690_d3bf1f799e.jpg,4.576153759e-07
3690107455_0fdb4ecee7.jpg,5.831587414e-07
3334866049_f5933344aa.jpg,7.526930968e-07
2319197581_94f807b204.jpg,6.038713894e-07
2787276494_82703f570a.jpg,4.678180719e-07
2707244524_d57120d74a.jpg,4.86726117e-07
3217910740_d1d61c08ab.jpg,7.713852698e-07
3537201804_ce07aff237.jpg,5.3416722e-07
946051430_8db7e4ce09.jpg,4.947890482e-07
561179884_8b6b925ef9.jpg,4.997820871e-07
2613993276_3c365cca12.jpg,1.078724862e-06
300765528_8c8f709dda.jpg,6.743732603e-07
2244024374_54d7e88c2b.jpg,7.371584863e-07
2527713011_b0ec25aa54.jpg,5.524485108e-07
3343197133_9256848fa9.jpg,6.124338255e-07
3668259129_e073af1533.jpg,6.979380084e-07
3510219078_670b6b3157.jpg,8.623080317e-07
3303787342_b258b377b6.jpg,5.367407684e-07
3219210794_4324df188b.jpg,4.185606704e-07
3063544435_10516c6937.jpg,4.204871384e-07
3100442775_6e2659b973.jpg,5.386949836e-07
3118505332_b0792489b5.jpg,9.326239916e-07
3595412126_4020d4643b.jpg,4.791049175e-07
3457604528_302396c08c.jpg,5.366908602e-07
3585488964_1467945775.jpg,6.451513449e-07
2277299634_e14bdb7ff7.jpg,7.426065687e-07
3259231890_16fe167b31.jpg,4.934745235e-07
2826769554_85c90864c9.jpg,5.701028226e-07
822836318_21544f0f78.jpg,1.007938963e-06
3396817186_b299ee0531.jpg,5.285284458e-07
3553225222_f5ebe44af1.jpg,5.958307702e-07
2424976964_98f58a0618.jpg,6.937202295e-07
2165461920_1a4144eb2b.jpg,6.80346758e-07
2693539377_5442430f81.jpg,5.224916925e-07
3400135828_0ac128b6eb.jpg,5.916697714e-07
2825483885_3f7c54db3e.jpg,5.838538215e-07
2880051254_e0ca96b6be.jpg,6.095038881e-07
3046431231_dc48851062.jpg,4.869684481e-07
263850317_5bb3a18a08.jpg,8.122269534e-07
3687996569_99163a41c3.jpg,5.677062475e-07
2578161080_e007c9177a.jpg,5.408347818e-07
224702242_a62aaa6dff.jpg,4.79918688e-07
2884252132_5d8e776893.jpg,6.553866055e-07
3657016761_d553e514d9.jpg,5.585522923e-07
2872963574_52ab5182cb.jpg,5.192075477e-07
2975253472_0f0c2dea70.jpg,6.813510924e-07
3597146852_3d000a5d5f.jpg,4.11681659e-07
428485639_a82635d6ee.jpg,5.368749986e-07
2210368267_0615754b48.jpg,6.887843622e-07
543264612_c53cc163b4.jpg,7.393487825e-07
3381392182_db2c42430e.jpg,4.786100207e-07
3673165148_67f217064f.jpg,7.594928767e-07
2790909995_8b7a03d9d1.jpg,1.023265805e-06
3599568766_9e96def0ef.jpg,6.119183836e-07
3478591390_b526580644.jpg,7.898301649e-07
3222749441_3bdfe088e3.jpg,4.492446115e-07
35506150_cbdb630f4f.jpg,6.879853125e-07
3287549827_04dec6fb6e.jpg,4.749615083e-07
3186556417_b2d6921a20.jpg,5.567927807e-07
3148193539_de9dd48fc8.jpg,5.761743897e-07
3494723363_eaa6bc563b.jpg,7.721459723e-07
348380010_33bb0599ef.jpg,3.81984359e-07
3559993787_c49644dcc5.jpg,4.742584134e-07
3299418821_21531b5b3c.jpg,6.982385817e-07
494907021_321e82877a.jpg,6.7639761e-07
3362189985_fbae8f860a.jpg,6.266742768e-07
1572286502_64e5c4b920.jpg,4.105872568e-07
2344412916_9a5a9b1c82.jpg,4.784338614e-07
3182558164_488b819f14.jpg,5.758648087e-07
3558251719_3af5ae2d02.jpg,5.189505726e-07
3461110860_37ef15af8e.jpg,5.718662004e-07
425088533_a460dc4617.jpg,3.774375384e-07
2208310655_a3d83080c5.jpg,5.464830826e-07
3019923691_3b3c5a4766.jpg,7.973272229e-07
251792066_b5233b3d86.jpg,5.678035441e-07
2443380641_7b38d18f5b.jpg,4.8960212e-07
210126070_0d43b300b9.jpg,4.948424586e-07
2888386138_578d21033a.jpg,5.719566002e-07
2100816230_ff866fb352.jpg,8.507469019e-07
180506881_de0f59770f.jpg,8.844998195e-07
3244470342_c08f6bb17e.jpg,4.353672167e-07
1808370027_2088394eb4.jpg,6.709564605e-07
2984174290_a915748d77.jpg,6.981288093e-07
2565618804_8d7ed87389.jpg,6.534910884e-07
207275121_ee4dfa0bf2.jpg,7.897284751e-07
3294202771_e8ee78a439.jpg,5.586244927e-07
3515451715_ac5ac04efa.jpg,3.130445468e-07
369186134_5eef374112.jpg,6.744967066e-07
3136688093_568b053bdf.jpg,8.012820571e-07
3259991972_fce3ab18b2.jpg,4.896804917e-07
3273625566_2454f1556b.jpg,5.716912139e-07
2719101587_4ba70dee14.jpg,4.896854274e-07
300222673_573fd4044b.jpg,4.167000591e-07
3682038869_585075b5ff.jpg,5.730442071e-07
525887861_4cc7a1beca.jpg,8.33780094e-07
3123770450_cedc16d162.jpg,6.904484423e-07
2899594400_61b4f6c114.jpg,3.909703482e-07
2192475933_d779bf42eb.jpg,5.644452509e-07
319870744_0e0138d205.jpg,5.891209367e-07
930748509_8ca5cf5c24.jpg,5.70885834e-07
3618115051_41b5a7706c.jpg,4.477113812e-07
267836606_bbea2267c8.jpg,5.332646992e-07
2954525375_9d5ca97341.jpg,5.151821507e-07
3241726740_6d256d61ec.jpg,7.378317007e-07
3360823754_90967276ec.jpg,4.444701804e-07
3074617663_2f2634081d.jpg,4.248425253e-07
470887791_86d5a08a38.jpg,4.873404791e-07
3261493263_381a4c5cc7.jpg,4.753911565e-07
534200447_b0f3ff02be.jpg,6.303526921e-07
488352274_9a22064cb3.jpg,7.955411446e-07
3677734351_63d60844cb.jpg,6.103624422e-07
2528489543_546c1ca81f.jpg,5.424935881e-07
3179336562_c3d0c0a3bd.jpg,2.772773379e-07
3152317129_177b4678b7.jpg,8.513552548e-07
2273799395_5072a5736d.jpg,4.071909512e-07
3260768565_2b725be090.jpg,7.812888705e-07
2558911884_856dfc3951.jpg,6.26955221e-07
3166366760_e43cf66eda.jpg,7.274469251e-07
519754987_51861fea85.jpg,9.017751542e-07
2340919359_f56787d307.jpg,7.656024039e-07
3176277818_235486a3cd.jpg,5.264573945e-07
2467856402_0490413d38.jpg,5.084838261e-07
281754914_bc8119a0ed.jpg,3.129618714e-07
3303797949_339bb969ba.jpg,6.531547642e-07
3593220756_5c416c3ceb.jpg,3.657209671e-07
3304030264_da3dd18c7b.jpg,4.168139326e-07
247619370_a01fb21dd3.jpg,7.233605214e-07
3401902253_cd27e6d0fe.jpg,5.789075717e-07
3050114829_18bc5a6d7c.jpg,2.643412436e-06
1129704496_4a61441f2c.jpg,7.308573923e-07
2266144051_614b2d62b0.jpg,5.110045629e-07
3712574653_e009f76d19.jpg,7.884478895e-07
502783522_3656f27014.jpg,5.615007508e-07
2218907190_5f43bf5e4d.jpg,4.196731727e-07
3014169370_fc4059352e.jpg,4.001289242e-07
2679851489_a58780291e.jpg,6.026595416e-07
2768021570_46bc6325e3.jpg,8.151799281e-07
3064097919_e536ab9693.jpg,2.995412431e-07
1299459562_ed0e064aee.jpg,5.851913587e-07
2593406865_ab98490c1f.jpg,5.808395384e-07
2141065212_463a6997e1.jpg,4.245642956e-07
3453019315_cfd5c10dae.jpg,4.44790641e-07
3462512074_2b4db1ffd6.jpg,5.70396275e-07
3556792157_d09d42bef7.jpg,6.983282207e-07
2643309379_2cde08516c.jpg,7.794861197e-07
2696866120_254a0345bc.jpg,3.495916831e-07
2706430695_3b5667741c.jpg,5.129593928e-07
3474406285_01f3d24b71.jpg,5.879521554e-07
2695085448_a11833df95.jpg,4.608502915e-07
2562463210_d0dfd545ca.jpg,3.771576939e-07
3574244361_715ac347cd.jpg,7.389610094e-07
485741580_ab523fa657.jpg,5.234362585e-07
2480327661_fb69829f57.jpg,7.296493108e-07
2300168895_a9b83e16fc.jpg,6.634885872e-07
3050264832_4215f2b398.jpg,3.2299601e-07
458004873_f084c47a88.jpg,6.904562821e-07
191003285_edd8d0cf58.jpg,8.061824937e-07
2288099178_41091aa00c.jpg,4.915980713e-07
3274375509_4fe91a94c0.jpg,6.005068882e-07
3319586526_3994e9cd58.jpg,4.781434485e-07
2393196444_8f4f540f5f.jpg,4.338318054e-07
2838085973_42b6e9b5b1.jpg,5.738180055e-07
2704362232_7d84503433.jpg,9.250822084e-07
2045562030_654ddea5e5.jpg,5.970437604e-07
1332492622_8c66992b62.jpg,3.0270319e-07
2367318629_b60cf4c4b3.jpg,5.384322868e-07
2729147877_c3ec3445bf.jpg,5.570951816e-07
481732592_b50194cb89.jpg,4.861229147e-07
2772532341_c4597a94ed.jpg,3.232559777e-07
3017656907_c3b137e070.jpg,5.191252734e-07
3486538055_bcf4d3dfda.jpg,4.574789129e-07
2234910971_80e0325918.jpg,6.714053475e-07
2991993027_36ac04e9a0.jpg,6.624992912e-07
2832453252_a06f7826a8.jpg,4.571880689e-07
2527163162_d0fb802992.jpg,4.891862425e-07
2992658871_ac786d37a6.jpg,3.752637149e-07
1248357227_2b4175fc39.jpg,7.513061187e-07
2055646179_169807fed4.jpg,6.711181596e-07
3482859574_3908de3427.jpg,3.983399653e-07
2848571082_26454cb981.jpg,4.355939256e-07
3428386573_670f5362f0.jpg,5.162464583e-07
2873431806_86a56cdae8.jpg,6.278942309e-07
2249865945_f432c8e5da.jpg,7.398364656e-07
514905846_b54d13946a.jpg,5.849764374e-07
469259974_bb03c15c42.jpg,6.668954783e-07
2900048238_74bd69d87d.jpg,5.579634685e-07
543603259_ef26d9c72d.jpg,3.521826676e-07
2239938351_43c73c887c.jpg,5.429024292e-07
535309053_ec737abde8.jpg,4.531724917e-07
2034553054_b00c166895.jpg,4.972120967e-07
3406930103_4db7b4dde0.jpg,6.41789608e-07
2096771662_984441d20d.jpg,4.764866373e-07
2594459477_8ca0121a9a.jpg,6.176552016e-07
3117336911_a729f42869.jpg,5.271286705e-07
3351418768_596ef7fd6f.jpg,7.420431646e-07
3619806638_7480883039.jpg,7.329724756e-07
2603690144_7a28b1d13c.jpg,5.861945283e-07
3497502407_ec566442c9.jpg,4.40780974e-07
2159447283_fab8c272b0.jpg,8.201081644e-07
3235746553_a40416c00e.jpg,9.224618471e-07
2188192752_09d9fc5431.jpg,5.299053557e-07
3491013009_572cf2c18a.jpg,5.910790841e-07
3411393875_a9ff73c67a.jpg,3.410127507e-07
3656906086_7034f69ab6.jpg,9.261378442e-07
2720215226_5a98ff2bd3.jpg,1.019882131e-06
2343879696_59a82f496f.jpg,4.155165194e-07
3283626303_8e23d4a842.jpg,8.817406604e-07
3171188674_717eee0183.jpg,5.631471611e-07
3444974984_963fb441a0.jpg,2.914940094e-07
3354414391_a3908bd4ff.jpg,6.302222315e-07
3609026563_9c66f2dc41.jpg,7.177705876e-07
3397220683_4aca010f86.jpg,1.110718809e-06
2684323357_c7a6d05d05.jpg,5.104976368e-07
3139837262_fe5ee7ccd9.jpg,6.891710349e-07
3522349685_f046f0e250.jpg,7.881099107e-07
3326204251_2f9e446a2f.jpg,3.948559263e-07
2846037553_1a1de50709.jpg,6.544785207e-07
3366571152_20afb88ac1.jpg,4.38494412e-07
3726076549_0efb38854b.jpg,4.862217174e-07
2201222219_8d656b0633.jpg,4.812456114e-07
224273695_0b517bd0eb.jpg,6.301235671e-07
1679617928_a73c1769be.jpg,5.167473439e-07
3259579174_30a8a27058.jpg,7.244080426e-07
3273489163_8209545810.jpg,6.151859244e-07
2456030728_d3d147e774.jpg,6.045346913e-07
3622216490_1314a58b66.jpg,3.550199437e-07
3002920707_5d2e6e6aac.jpg,6.657212551e-07
444057017_f1e0fcaef7.jpg,5.686070852e-07
3490528249_6aae9b867b.jpg,5.919681093e-07
1472249944_d887c3aeda.jpg,3.954436442e-07
2714220101_c31db50b10.jpg,1.355371439e-06
3046190891_05c6ecd9b6.jpg,7.114879958e-07
2604825598_593a825b5b.jpg,4.579110106e-07
3098707588_5096d20397.jpg,5.937911423e-07
307321761_606fc91673.jpg,5.105386201e-07
757332692_6866ae545c.jpg,9.25885492e-07
3609952704_3719ab0524.jpg,6.746033121e-07
2362481035_a7600875d0.jpg,7.862817529e-07
2968885599_0672a5f016.jpg,5.749077563e-07
3174431688_ae84778db0.jpg,2.370856474e-07
1178705300_c224d9a4f1.jpg,6.801387105e-07
2949014128_0d96196261.jpg,5.054355582e-07
3139238055_2817a0c7d8.jpg,5.95457375e-07
3504881781_6a842e043b.jpg,8.331295499e-07
478209058_21e2c37c73.jpg,3.385176518e-07
2600442766_e750ec9a56.jpg,6.279900576e-07
3415003392_139c0f3586.jpg,5.758966222e-07
2285570521_05015cbf4b.jpg,4.811055613e-07
652542470_60e858da64.jpg,5.892286894e-07
161905204_247c6ca6de.jpg,5.673369845e-07
3080056515_3013830309.jpg,4.887820271e-07
345785626_9fa59f38ce.jpg,6.96110275e-07
1765164972_92dac06fa9.jpg,5.808774908e-07
3469711377_bc29d48737.jpg,5.227191368e-07
1659396176_ced00a549f.jpg,8.473340781e-07
2461372011_ebbf513766.jpg,6.066590898e-07
630476551_2ee7399f77.jpg,8.457379471e-07
200771289_31902164a7.jpg,5.590151076e-07
2312984882_bec7849e09.jpg,8.285593759e-07
3653837067_94050699ec.jpg,4.949303697e-07
1932161768_996eadac87.jpg,5.33600418e-07
1096165011_cc5eb16aa6.jpg,6.092391553e-07
118309463_a532b75be9.jpg,5.39706567e-07
3366105287_49a4bf71c6.jpg,4.947153325e-07
2346523971_d3f1e12ce4.jpg,4.472822143e-07
539761097_5c6c70425b.jpg,5.089325011e-07
2268109835_d6edbe1c2b.jpg,5.079121689e-07
3053743109_a2d780c0d2.jpg,5.220653657e-07
3055716848_b253324afc.jpg,4.984729559e-07
3587092143_c63030ed6d.jpg,5.41419677e-07
3579842996_3a62ec1bc7.jpg,5.172132182e-07
327997381_55f90dc834.jpg,6.852587384e-07
214501174_6db1f4d69c.jpg,5.422570798e-07
3562050678_4196a7fff3.jpg,4.376308635e-07
2281054343_95d6d3b882.jpg,8.006905771e-07
3046949818_245b05f507.jpg,6.876481395e-07
923550133_ac9d7a2932.jpg,3.314969466e-07
2508918369_2659db1cb6.jpg,7.398863794e-07
3687996279_05b5a2a706.jpg,6.297676157e-07
391020801_aaaae1e42b.jpg,7.208432168e-07
1262077938_8b9516c273.jpg,4.469621875e-07
3439382048_d2e23b2b4c.jpg,4.089542717e-07
470903027_489cc507de.jpg,5.84870858e-07
3569284680_44fef444ef.jpg,1.300513231e-06
440190907_bf8b7ba8ef.jpg,4.929340895e-07
482830610_13a0a6c924.jpg,8.453196093e-07
428408242_b32faf2240.jpg,7.10176724e-07
3071676551_a65741e372.jpg,6.481997603e-07
458183774_afe65abf67.jpg,6.163593952e-07
3351704877_28dea303aa.jpg,5.516872541e-07
3069037969_bb7319e0dc.jpg,6.704496197e-07
2385871317_44cde2f354.jpg,8.175665866e-07
3604383863_5e387cb8e6.jpg,5.639228359e-07
234241682_51d9fabb27.jpg,9.224600385e-07
2502354602_f4d6dcf42d.jpg,7.409073587e-07
36422830_55c844bc2d.jpg,4.130861185e-07
3065560742_f6e266ccd9.jpg,3.604006382e-07
2842865689_e37256d9ce.jpg,6.376730933e-07
872512911_ca383b40e4.jpg,5.835640115e-07
2252403744_148fc11f68.jpg,7.498256238e-07
2073964624_52da3a0fc4.jpg,8.866501411e-07
3151860914_46e30cd5ea.jpg,5.323728006e-07
3124838157_7ef96745b7.jpg,5.853367521e-07
3371567529_606fa3452b.jpg,7.848552244e-07
3119076670_64b5340530.jpg,5.70254769e-07
3674565156_14d3b41450.jpg,7.003991518e-07
2205336881_d9ee4179d3.jpg,6.869251517e-07
1355945307_f9e01a9a05.jpg,4.506189845e-07
269986132_91b71e8aaa.jpg,5.618971217e-07
3490867290_13bcd3a7f0.jpg,4.498767504e-07
2556392380_ee57514233.jpg,5.303316347e-07
2335619125_2e2034f2c3.jpg,7.284627675e-07
12830823_87d2654e31.jpg,6.080446483e-07
226531363_33ac01d931.jpg,6.384921227e-07
2320125735_27fe729948.jpg,5.54184384e-07
2267819545_446c5a3e18.jpg,8.082060658e-07
294098577_c10f32bcfa.jpg,5.508139833e-07
510531976_90bbee22a2.jpg,3.353027908e-07
528498076_43f0ef36b5.jpg,7.733664255e-07
2301525531_edde12d673.jpg,6.164547835e-07
1174629344_a2e1a2bdbf.jpg,4.328679439e-07
929679367_ff8c7df2ee.jpg,5.694562324e-07
300550441_f44ec3701a.jpg,9.333864652e-07
3295391572_cbfde03a10.jpg,6.849364815e-07
3042679440_010b2c596c.jpg,6.114556012e-07
2496399593_a24954a5ca.jpg,7.34317633e-07
2554531876_5d7f193992.jpg,6.161567919e-07
2626158969_ac09aeb88d.jpg,4.655301238e-07
1468103286_96a6e07029.jpg,4.922122334e-07
3053415073_5b667230ed.jpg,3.865429715e-07
2994104606_bc2df6c1f4.jpg,2.780980967e-07
2120571547_05cd56de85.jpg,6.077023855e-07
2139519215_8ca16dd192.jpg,6.554501823e-07
2679565682_91ecd283ff.jpg,4.305291271e-07
2873445888_8764699246.jpg,3.703543915e-07
2882483779_73c171ac19.jpg,4.907516749e-07
3539767254_c598b8e6c7.jpg,5.893836655e-07
3089107423_81a24eaf18.jpg,4.801959662e-07
111537217_082a4ba060.jpg,5.20744042e-07
2699125097_c6801d80ed.jpg,5.755412863e-07
3175446111_681a89f873.jpg,5.001311578e-07
3574627719_790325430e.jpg,3.059894003e-07
3163198309_bbfe504f0a.jpg,5.060111194e-07
2419797375_553f867472.jpg,5.406167912e-07
510791586_3913ade6a7.jpg,4.083142027e-07
360723732_23199af4bf.jpg,7.102113669e-07
3137061312_eb5fdcf3fd.jpg,7.10715093e-07
2648165716_02e2e74fd6.jpg,6.582679396e-07
3549614763_42f34f3d1e.jpg,5.230126226e-07
3564385317_1bf5094068.jpg,4.62288449e-07
3598447435_f66cd10bd6.jpg,7.590889696e-07
2216568822_84c295c3b0.jpg,6.43990396e-07
3400082864_9c737c1450.jpg,4.148505536e-07
2584412512_6767593f24.jpg,8.47652657e-07
3224227640_31865b3651.jpg,9.888906866e-07
443430496_3fea95a07d.jpg,7.400369794e-07
438639005_208bc59b0b.jpg,1.01355572e-06
330325191_63e11d9c93.jpg,7.522295207e-07
106514190_bae200f463.jpg,5.398558319e-07
3396275223_ee080df8b5.jpg,6.090733921e-07
3211316116_a2462e327d.jpg,9.360345417e-07
2215165918_2bf5b659dd.jpg,7.329417131e-07
141755292_7a0b3364cf.jpg,5.300741872e-07
3218861747_5c5c547b66.jpg,4.972269444e-07
3041487045_b48ac7ed08.jpg,9.080606114e-07
2991375936_bf4b0a7dc0.jpg,8.550261986e-07
3241892328_4ebf8b21ce.jpg,7.67617966e-07
3183777589_460a4f445b.jpg,6.182915088e-07
3047749814_621ed0786b.jpg,3.923526944e-07
3002448718_a478c64fb4.jpg,3.916141305e-07
3673878924_506c9d767b.jpg,7.117759693e-07
3473534758_1ae3847781.jpg,8.162187415e-07
2514612680_b0d2d77099.jpg,7.485739071e-07
1691573772_1adef8e40e.jpg,5.853859663e-07
3225310099_d8e419ba56.jpg,8.082205306e-07
3275065565_9e2a640fbc.jpg,7.743728456e-07
418667611_b9995000f4.jpg,5.887488811e-07
3459871361_92d1ecda36.jpg,5.954100229e-07
3069282021_e05e1829f3.jpg,4.875165518e-07
3678100844_e3a9802471.jpg,6.039083259e-07
1470536919_1f3fd6c65a.jpg,4.351973534e-07
3335375223_b4da8df523.jpg,4.251721436e-07
3316725440_9ccd9b5417.jpg,5.241015608e-07
2226440063_c085b30558.jpg,5.39911289e-07
1093716555_801aacef79.jpg,5.08909262e-07
3464871350_3f2d624a9c.jpg,4.580021087e-07
634891010_9fa189effb.jpg,3.945076327e-07
2079554580_f18d5c181b.jpg,4.888204181e-07
2868776402_aef437e493.jpg,4.0785393e-07
1600208439_e94527b80f.jpg,6.921559449e-07
133189853_811de6ab2a.jpg,6.14368329e-07
2474918824_88660c7757.jpg,7.286869051e-07
2797438951_88a3ed7541.jpg,5.923021254e-07
3613705104_46d854134e.jpg,5.94384821e-07
2980118787_2099de53ec.jpg,4.667119722e-07
3319020762_d429d56a69.jpg,6.623096188e-07
3540416981_4e74f08cbb.jpg,5.876311801e-07
3429465163_fb8ac7ce7f.jpg,4.668202475e-07
2565237642_bdd46d7cef.jpg,4.730267379e-07
3365783912_e12c3510d8.jpg,5.232246052e-07
1042590306_95dea0916c.jpg,5.810196058e-07
2925577165_b83d31a7f6.jpg,5.005536757e-07
3230132205_dccfafa5ee.jpg,9.399591848e-07
462198798_89e2df0358.jpg,4.861904775e-07
2570559405_dc93007f76.jpg,5.179522711e-07
2847514745_9a35493023.jpg,6.106216125e-07
3601843201_4809e66909.jpg,3.846448556e-07
1457762320_7fe121b285.jpg,4.251271927e-07
1095980313_3c94799968.jpg,3.584706751e-07
300500054_56653bf217.jpg,1.104814206e-06
2240539658_dea8db6e55.jpg,8.328337748e-07
3266399073_40820596d5.jpg,5.559009828e-07
3374223949_90776ba934.jpg,4.281111042e-07
3197917064_e679a44b8e.jpg,6.113734583e-07
3426966595_c8c4e1e872.jpg,7.728764248e-07
3346289227_198fced308.jpg,4.110728545e-07
3094064787_aed1666fc9.jpg,1.148474449e-06
211981411_e88b8043c2.jpg,3.155724379e-07
3279988814_d3693dcb6c.jpg,7.141896313e-07
3084011664_76d37c6559.jpg,6.274955619e-07
2561751298_320eef38ec.jpg,4.11122655e-07
3595992258_6f192e6ae7.jpg,5.862550815e-07
3044500219_778f9f2b71.jpg,5.23893608e-07
1557451043_f5c91ff6f4.jpg,6.31036396e-07
465994762_1760e83c5d.jpg,5.600672994e-07
1207159468_425b902bfb.jpg,6.394946119e-07
3376898612_41c91de476.jpg,5.478887446e-07
2662890367_382eaf83bd.jpg,3.943305968e-07
3409740108_1505489537.jpg,6.306745943e-07
1355935187_2c99648138.jpg,6.410100597e-07
140377584_12bdbdf2f8.jpg,5.67514078e-07
3043904009_3b5e0412cd.jpg,6.666857043e-07
1865794069_6e3a1e57bb.jpg,4.160778003e-07
2314732154_83bc7f7314.jpg,4.604645894e-07
2934359101_cdf57442dc.jpg,6.643877183e-07
2744321686_8811d8428c.jpg,7.168393132e-07
2195620255_6693479734.jpg,6.64702849e-07
3411022255_210eefc375.jpg,5.054925356e-07
2783620390_02c166c733.jpg,4.01644595e-07
3431860810_44277cd360.jpg,6.619152389e-07
2726262796_03bd63a155.jpg,7.474144887e-07
2120411340_104eb610b1.jpg,6.250595333e-07
523327429_af093fc7cf.jpg,5.703887386e-07
872135364_8c1e47d163.jpg,2.655126521e-07
1980882959_9a161f3469.jpg,8.650092815e-07
444803340_fdcaab86f9.jpg,6.252412911e-07
3294717824_3bb7b5d1c8.jpg,6.487444523e-07
1464120327_d90279ca3a.jpg,7.382592048e-07
1167669558_87a8a467d6.jpg,1.055730675e-06
3096918227_f9d26a7db2.jpg,7.093476315e-07
2949497756_be8e58e6bd.jpg,5.119711711e-07
3608849440_e7d2bed29f.jpg,6.448007869e-07
2199793371_343809ff70.jpg,5.022217879e-07
2951750234_a4741f708b.jpg,4.892831087e-07
2884420269_225d27f242.jpg,5.592511713e-07
3447876218_4ccf42d7a0.jpg,7.820101685e-07
3590557969_d0270d518b.jpg,6.067425796e-07
3373870185_f79163fa51.jpg,6.263557254e-07
494221578_027f51cdf4.jpg,4.158085929e-07
2671602981_4edde92658.jpg,7.605010323e-07
3293751136_b0ce285dc3.jpg,4.815143787e-07
3364715316_df8c20bac1.jpg,6.246648526e-07
3405942945_f4af2934a6.jpg,5.331476887e-07
1991806812_065f747689.jpg,5.72803749e-07
2926233397_71e617f3a3.jpg,4.513658735e-07
3084731832_8e518e320d.jpg,3.611585641e-07
2502079538_10ef2e976b.jpg,5.847775926e-07
3111402233_6285bcba7a.jpg,7.45389695e-07
3132903412_b4780d0ccf.jpg,6.450402991e-07
241345323_f53eb5eec4.jpg,6.77946473e-07
3277824093_299cbb3138.jpg,5.06536343e-07
3540155303_08225a4567.jpg,5.011979235e-07
823697339_aadbeef495.jpg,5.204250495e-07
58357057_dea882479e.jpg,7.64612072e-07
3335692531_dd4a995f91.jpg,5.84766134e-07
3253060519_55d98c208f.jpg,5.506661684e-07
3339747039_1a8455c210.jpg,5.45894535e-07
3534952095_975cca0056.jpg,5.155623817e-07
2987121689_f9de6c479b.jpg,6.384418441e-07
2860040276_eac0aca4fc.jpg,4.235872603e-07
3326454455_960e5442e9.jpg,4.813177817e-07
3109268897_d43797fc6a.jpg,4.426604394e-07
2752809449_632cd991b3.jpg,7.237246276e-07
2398605966_1d0c9e6a20.jpg,8.923637069e-07
3491607076_922ec561d9.jpg,3.786531027e-07
3398276602_c7d106c34f.jpg,1.086182339e-06
656260720_a7db4ce48b.jpg,4.486251953e-07
316577571_27a0e0253e.jpg,7.124916476e-07
2709536455_2a6046e38a.jpg,1.01585812e-06
3437107047_715c60e9c8.jpg,5.124485712e-07
3146232740_df3da0163b.jpg,6.361170558e-07
3690189273_927d42ff43.jpg,5.566864607e-07
143680966_0010ff8c60.jpg,5.719785061e-07
2085726719_a57a75dbe5.jpg,5.587612325e-07
3415165462_e1cb536d08.jpg,7.582489923e-07
1277185009_06478dd457.jpg,8.080179779e-07
136644343_0e2b423829.jpg,5.65859013e-07
1835511273_790eaae6e6.jpg,7.211130152e-07
2688102742_885e578a3f.jpg,4.526967984e-07
765929807_de381cc764.jpg,5.27898074e-07
3197891333_b1b0fd1702.jpg,5.063547951e-07
393284934_d38e1cd6fe.jpg,1.39585366e-06
3442242092_e579538d82.jpg,3.629318237e-07
3640743904_d14eea0a0b.jpg,4.640210486e-07
717673249_ac998cfbe6.jpg,9.122963284e-07
1466479163_439db855af.jpg,6.27197236e-07
3626964430_cb5c7e5acc.jpg,6.400972983e-07
3244586044_205d5ae2ba.jpg,5.807945363e-07
3662406028_29b9e46a6f.jpg,6.908797419e-07
3421928157_69a325366f.jpg,6.165354581e-07
2662262499_3cdf49cedd.jpg,8.472865755e-07
3264350290_f50494e835.jpg,4.274844313e-07
3257182199_5fda78d870.jpg,9.415312176e-07
613900608_2e49415772.jpg,4.410455467e-07
3191027142_33e86636ca.jpg,4.039994758e-07
3736786640_70df13be2c.jpg,4.955864525e-07
3354075558_3b67eaa502.jpg,4.904559157e-07
3613800013_5a54968ab0.jpg,9.973573391e-07
3724487641_d2096f10e5.jpg,6.426184521e-07
3326588088_172d1b2584.jpg,4.178309315e-07
3169591322_d0b6d0cd04.jpg,4.667680329e-07
2355578735_286af5b202.jpg,3.065798687e-07
3635991166_f95304af0a.jpg,5.961868767e-07
247617754_4b1137de8c.jpg,1.089911662e-06
2480668859_6f9b46be6a.jpg,5.468923588e-07
378170167_9b5119d918.jpg,5.495763219e-07
2780105274_52360c4cca.jpg,4.654571832e-07
3308997740_91765ecdcc.jpg,8.538538278e-07
3650188378_cc8aea89f0.jpg,7.427202677e-07
2976350388_3984e3193d.jpg,3.351867183e-07
3086523890_fd9394af8b.jpg,9.7061727e-07
3040575300_0e4328d205.jpg,8.225517383e-07
3217056901_fe2c70377d.jpg,4.876414002e-07
143552829_72b6ba49d4.jpg,3.550622434e-07
3029472296_d429b1586c.jpg,4.453598586e-07
1490670858_e122df2560.jpg,5.649058018e-07
3118534315_cc03e5ddab.jpg,5.37269778e-07
2657484970_610e18144f.jpg,5.065301141e-07
3620492762_7f6a9b4746.jpg,4.638578456e-07
2887744223_029f2fd5fe.jpg,4.238947343e-07
3315726723_64c9b0a945.jpg,4.519590858e-07
2112921744_92bf706805.jpg,3.996602106e-07
42637987_866635edf6.jpg,3.826303868e-07
927420680_6cba7c040a.jpg,4.107262293e-07
3580741947_cc64a83648.jpg,5.301710198e-07
3549673305_4dfd44e04a.jpg,6.490957368e-07
3633396324_c4b24b1f51.jpg,4.92074469e-07
222369445_5b6af347dd.jpg,6.893092188e-07
1476002408_4256b7b2fa.jpg,8.276351087e-07
2469351714_d72becd21e.jpg,5.892351726e-07
3248352729_ab264b2222.jpg,6.202895438e-07
2004674713_2883e63c67.jpg,4.427057909e-07
3603301825_5817727be2.jpg,6.212170954e-07
2074146683_7c83167aa1.jpg,6.322286878e-07
218342358_1755a9cce1.jpg,7.86655398e-07
2973638173_0dc21fd443.jpg,4.414936686e-07
124195430_d14028660f.jpg,9.014221655e-07
3471066276_fb1e82e905.jpg,6.956421347e-07
241346885_f519ece460.jpg,7.618600619e-07
1439282131_3814d6ae04.jpg,6.979138055e-07
3174417550_d2e6100278.jpg,6.878289872e-07
55135290_9bed5c4ca3.jpg,5.152016378e-07
244867897_d00369a779.jpg,5.918048379e-07
2284239186_c827f4defa.jpg,5.359697502e-07
3661072592_2e693cd5a0.jpg,6.421614992e-07
421322723_3470543368.jpg,5.389443526e-07
3695064885_a6922f06b2.jpg,5.956947668e-07
2181846120_3744ca3942.jpg,6.757993338e-07
2591455200_2319651f2f.jpg,6.883321142e-07
3525841965_7814484515.jpg,6.731636168e-07
3621329299_6fb3f2935c.jpg,6.54933093e-07
1480712062_32a61ad4b7.jpg,9.294170664e-07
2310108346_e82d209ccd.jpg,5.811723646e-07
1359101233_16c2c150e3.jpg,6.510739372e-07
3327563443_870a33f748.jpg,3.570114732e-07
180094434_b0f244832d.jpg,5.072845977e-07
2448793019_5881c025f9.jpg,7.541746468e-07
2862676319_a9dab1309f.jpg,3.795926066e-07
3159995270_17334ccb5b.jpg,6.752296957e-07
3625957413_e475943aa3.jpg,6.552873382e-07
3626475209_f71cdd06bd.jpg,6.883945492e-07
3262647146_a53770a21d.jpg,5.329620139e-07
3649387275_75295baa28.jpg,4.952858154e-07
3305895920_100a67d148.jpg,4.053852477e-07
2855695119_4342aae0a3.jpg,4.123010004e-07
3566111626_9a35a7b2c0.jpg,4.571870654e-07
464116251_1ac4bc91f8.jpg,4.271997917e-07
3702436188_2c26192fd0.jpg,4.646038099e-07
2689358407_9932f1b20c.jpg,6.14209416e-07
1454678644_7e5a371301.jpg,5.862268834e-07
310715139_7f05468042.jpg,9.885295081e-07
2921198890_6f70dfbf4c.jpg,6.545650204e-07
578274277_652cae32ba.jpg,9.247600517e-07
484896012_7787d04f41.jpg,4.602353374e-07
3262849619_0bc4f88ef9.jpg,5.976946495e-07
2848266893_9693c66275.jpg,7.311343513e-07
207237775_fa0a15c6fe.jpg,5.465842757e-07
3016606751_0e8be20abd.jpg,5.115515662e-07
3588417747_b152a51c52.jpg,4.47708181e-07
3528902357_be2357a906.jpg,9.032656035e-07
539705321_99406e5820.jpg,5.56760216e-07
3066338314_2c3fb731d1.jpg,6.187808153e-07
2348924378_47e556d81a.jpg,7.903993616e-07
179009558_69be522c63.jpg,5.768043268e-07
2695085862_2ed62df354.jpg,5.230014911e-07
3516267455_ca17cc1323.jpg,9.372705856e-07
1215334959_b1970965f7.jpg,5.461300098e-07
3092200805_dd1f83ddbe.jpg,6.856410728e-07
541063517_35044c554a.jpg,4.809751067e-07
3604314527_5077cd9d43.jpg,5.416079914e-07
96978713_775d66a18d.jpg,6.727869335e-07
3255732353_fbc487aefc.jpg,4.241594048e-07
201682811_105241dee3.jpg,4.018814036e-07
2245618207_fa486ba2b7.jpg,9.554392913e-07
860928274_744d14f198.jpg,7.378534883e-07
3085357792_efcf297c71.jpg,5.752241658e-07
3297272270_285b8878b2.jpg,4.1469313e-07
3050650135_23f9d9d2f8.jpg,6.602455418e-07
2429272699_8a9699775e.jpg,5.082423105e-07
2765029348_667111fc30.jpg,5.311074054e-07
3358380484_b99b48f0c9.jpg,5.571717005e-07
3106883334_419f3fb16f.jpg,5.391929079e-07
160541986_d5be2ab4c1.jpg,6.768784356e-07
572618443_647483ca82.jpg,7.63555963e-07
3563668905_689ed479c5.jpg,5.910983126e-07
386656845_4e77c3e3da.jpg,6.043748431e-07
3433259846_800a6079f0.jpg,7.307416231e-07
3506607642_40037b3fbf.jpg,6.878765527e-07
3509575615_653cbf01fc.jpg,3.949861987e-07
615916000_5044047d71.jpg,4.060570933e-07
382701159_f98c1988cd.jpg,6.879316116e-07
957682378_46c3b07bcd.jpg,4.663317749e-07
3047264032_14393ecea8.jpg,2.910646889e-07
3474958471_9106beb07f.jpg,6.941874563e-07
3241487502_f4f0cc4a8a.jpg,6.805614475e-07
3535084928_858544f49a.jpg,7.075938528e-07
3541141771_67d305c873.jpg,6.111565237e-07
3465791729_5bf9bd8635.jpg,4.921724541e-07
2040941056_7f5fd50794.jpg,5.432682819e-07
3229282764_a4a515f4e2.jpg,1.086706955e-06
347186933_880caaf53b.jpg,4.599445421e-07
3552796830_2dd2aa9c2c.jpg,5.244748324e-07
398662202_97e5819b79.jpg,5.004646326e-07
396360611_941e5849a3.jpg,4.482889159e-07
3652572138_34d6b72999.jpg,1.171689097e-06
3150440350_b0f2a9e774.jpg,1.724555927e-06
3646927481_5e0af1efab.jpg,4.965842664e-07
2813992915_f732cf8539.jpg,3.486252928e-07
241031670_e60f59b8e4.jpg,5.301971711e-07
179829865_095b040377.jpg,5.548535151e-07
393810324_1c33760a95.jpg,4.055254849e-07
3547600292_6f8aac7f2e.jpg,5.765631338e-07
2512876666_9da03f9589.jpg,6.247301773e-07
3121482932_f77ca12c01.jpg,6.058810763e-07
390671130_09fdccd52f.jpg,5.113925054e-07
3524436870_7670df68e8.jpg,6.132053068e-07
2893515010_4a3d9dcc67.jpg,5.105920801e-07
2289212650_69de7a20b2.jpg,5.59424944e-07
2394267183_735d2dc868.jpg,5.78757092e-07
3578068665_87bdacef6a.jpg,4.421502664e-07
2460823604_7f6f786b1c.jpg,6.466412842e-07
2844846111_8c1cbfc75d.jpg,3.942386277e-07
217583047_5e93e1e119.jpg,7.254477628e-07
2195419145_36722e8d54.jpg,6.543366236e-07
2074764331_90a9962b52.jpg,9.586261797e-07
3019917636_4e0bb0acc4.jpg,5.773156842e-07
2561212119_1af8cb9b5d.jpg,6.953732397e-07
3333039854_461329aac2.jpg,5.812014931e-07
2895700779_fac1d9d278.jpg,7.71030347e-07
3218889785_86cb64014f.jpg,6.064898485e-07
2521062020_f8b983e4b2.jpg,5.544391625e-07
2043520315_4a2c782c90.jpg,6.917329888e-07
3220126881_b0a4f7cccb.jpg,1.049885573e-06
2942798367_022df04b49.jpg,6.267957992e-07
3718305988_fe2c91fd44.jpg,4.351411854e-07
365274901_576b0f8241.jpg,5.657772036e-07
3204686006_88f04547b9.jpg,7.441927841e-07
917574521_74fab68514.jpg,6.484248035e-07
2557922709_24d2a9655a.jpg,5.467238509e-07
3507670136_2e5f94accf.jpg,6.418898545e-07
1718184338_5968d88edb.jpg,6.035882139e-07
2510020918_b2ca0fb2aa.jpg,6.615750294e-07
3195188609_01afbe46e6.jpg,9.504701071e-07
498957941_f0eda42787.jpg,7.473000322e-07
3433982387_3fa993cf5a.jpg,5.93318983e-07
496971341_22782195f0.jpg,7.427893864e-07
3188319076_71724fcc07.jpg,9.449394391e-07
3500139659_b2a60b0141.jpg,6.431344242e-07
3683592946_262e9bfbfd.jpg,4.271378592e-07
405253184_5f611f3880.jpg,1.062538233e-06
3303648823_53cf750acd.jpg,4.927890373e-07
241347635_e691395c2f.jpg,8.719078812e-07
3143991972_7193381aeb.jpg,7.149325228e-07
3344798356_5cc41f7939.jpg,6.37513619e-07
3609999845_faf5d2fe74.jpg,4.532859791e-07
2684489465_32ba1d0344.jpg,6.655610486e-07
3017373346_3a34c3fe9d.jpg,4.18333194e-07
3354200211_35348e47d8.jpg,5.206808109e-07
469029994_349e138606.jpg,3.852304675e-07
842961005_692737888e.jpg,1.231842174e-06
3712742641_641282803e.jpg,6.489391917e-07
2097403787_77a154f5b9.jpg,4.971366656e-07
3203878596_cbb307ce3b.jpg,7.430606414e-07
2744600462_5804577296.jpg,4.425483782e-07
3670918456_68631d362a.jpg,3.399493633e-07
3565655045_8eb00b7423.jpg,4.727107649e-07
3324746155_71e14f60ce.jpg,8.10957155e-07
3570800810_978c993133.jpg,4.036040914e-07
775664534_3f6de7d413.jpg,5.9128932e-07
2367139509_1ee4530b28.jpg,3.698807137e-07
2702506716_17a7fb3ba4.jpg,6.020609239e-07
3319058642_885d756295.jpg,5.601068003e-07
3723690961_729dd5d617.jpg,4.658666109e-07
434433505_966e50e17d.jpg,4.502510607e-07
539751252_2bd88c456b.jpg,5.344931531e-07
3538686658_30afc75f02.jpg,4.375747292e-07
2226587791_66e29dd01d.jpg,1.021273666e-06
1659358133_95cd1027bd.jpg,3.040860198e-07
2662845514_8620aaee96.jpg,7.773777124e-07
3567604049_da9e1be4ba.jpg,7.571736378e-07
2461631708_decc5b8c87.jpg,5.512439477e-07
2102315758_a9148a842f.jpg,4.866867445e-07
241345656_861aacefde.jpg,9.292773762e-07
3016200560_5bf8a70797.jpg,4.602755189e-07
1394368714_3bc7c19969.jpg,4.797718087e-07
2470493181_2efbbf17bd.jpg,5.492566417e-07
2071309418_1d7580b0f0.jpg,5.501049352e-07
3687062281_e62f70baf3.jpg,5.657595571e-07
3178599352_c57fdebcd2.jpg,4.890700475e-07
1225443522_1633e7121f.jpg,4.898754809e-07
244443352_d7636e1253.jpg,8.726432556e-07
2991994607_06f24ec7a6.jpg,5.382111083e-07
2353088412_5e5804c6f5.jpg,6.938805099e-07
2866093652_aa717eb9ce.jpg,4.635699659e-07
1562478333_43d13e5427.jpg,4.411445232e-07
2073105823_6dacade004.jpg,5.112234985e-07
3603870481_1ebc696d91.jpg,5.427645031e-07
2588456052_8842b47005.jpg,8.050751224e-07
587604325_af5d6df679.jpg,8.598081718e-07
2689001252_e0016c89f0.jpg,4.986128815e-07
3358558292_6ab14193ed.jpg,8.252630378e-07
3393926562_66cc01b001.jpg,6.044808216e-07
2125216241_5b265a2fbc.jpg,3.819422988e-07
3451984463_37ac1ff7a8.jpg,5.506922188e-07
510510783_b2cf5d57bb.jpg,5.369890065e-07
2472720629_d9a6736356.jpg,6.720439313e-07
1361420539_e9599c60ae.jpg,4.248053452e-07
3184112120_6ddcd98016.jpg,4.033326946e-07
2680990587_eee6bd04fb.jpg,6.850218086e-07
143688283_a96ded20f1.jpg,3.113692885e-07
2187222896_c206d63396.jpg,8.866349827e-07
3639105305_bd9cb2d1db.jpg,6.017000054e-07
532999240_1409d073be.jpg,9.914330513e-07
3710353645_8fbfaa4175.jpg,5.156580268e-07
391106734_d374bc3080.jpg,6.131224339e-07
3308171165_20f93d2fba.jpg,6.370815151e-07
909808296_23c427022d.jpg,5.631297159e-07
114051287_dd85625a04.jpg,6.536040467e-07
3136043366_b3f8607a0e.jpg,3.662888628e-07
1799188614_b5189728ba.jpg,5.00387233e-07
899810584_61e1578d3f.jpg,4.343690258e-07
3654103642_075f8af4f4.jpg,1.451079255e-06
3187395715_f2940c2b72.jpg,5.792831435e-07
1280320287_b2a4b9b7bd.jpg,7.572902806e-07
3458211052_bb73084398.jpg,4.876513817e-07
1928319708_ccf1f4ee72.jpg,7.037830257e-07
3203742047_6a55065411.jpg,9.061206041e-07
1663751778_90501966f0.jpg,4.168434456e-07
2394922193_310166d6af.jpg,6.025829824e-07
2687229880_97cfd8148e.jpg,7.218085109e-07
2837640996_0183db8d93.jpg,4.823683813e-07
2578834476_118585730d.jpg,4.059989191e-07
2876993733_cb26107d18.jpg,7.316585618e-07
3435035138_af32890a4c.jpg,7.034077189e-07
2085255128_61224cc47f.jpg,4.681898344e-07
1511807116_41c3645e8c.jpg,4.50800315e-07
2856700531_312528eea4.jpg,6.689353945e-07
2938120171_970564e3d8.jpg,5.633091324e-07
2355880294_8f78a6fea6.jpg,4.615881559e-07
535830521_aa971319fc.jpg,5.976146219e-07
2699342860_5288e203ea.jpg,7.655188161e-07
3521374954_37371b49a4.jpg,6.677068374e-07
2969380952_9f1eb7f93b.jpg,6.475678887e-07
113678030_87a6a6e42e.jpg,6.735552223e-07
3154886184_ac842655b6.jpg,3.904493406e-07
2495931537_9b8d4474b6.jpg,1.434067158e-06
3223809913_ae15d14d9a.jpg,4.943954081e-07
1752454466_723790dbd6.jpg,4.96250434e-07
3587009091_37188fd07e.jpg,3.910419378e-07
733965014_1a0b2b5ee9.jpg,4.916428979e-07
3307563498_e2b4f19272.jpg,5.08754268e-07
2759596272_e0ce0a965a.jpg,5.814605918e-07
3578477508_b7d839da16.jpg,4.885434208e-07
3724113279_99b6e5bf41.jpg,3.252313412e-07
3516935867_78cf63c69c.jpg,5.531484105e-07
2745663684_650f84e1e6.jpg,4.688313872e-07
2286236765_2a63eeb550.jpg,4.276301076e-07
554526471_a31f8b74ef.jpg,5.962944737e-07
3420278866_1d17c12713.jpg,3.050343568e-07
771048251_602e5e8f45.jpg,9.965667377e-07
2735158990_56ff6bf9b0.jpg,5.872331299e-07
3443703471_14845d8850.jpg,5.117468929e-07
3538527033_df13112d51.jpg,3.522931376e-07
416960865_048fd3f294.jpg,6.003276089e-07
2683985894_167d267dcb.jpg,4.109118098e-07
3643074723_94d42b7a0c.jpg,6.675926213e-07
3242263536_a436f19257.jpg,5.252237953e-07
3181599388_68559cfc17.jpg,4.212456583e-07
1475046848_831245fc64.jpg,6.980235331e-07
3482314155_bd1e668b4e.jpg,4.801626555e-07
3265864834_e0229020dd.jpg,8.419125184e-07
3263141261_db3a4798b5.jpg,6.619683507e-07
127488876_f2d2a89588.jpg,5.766124451e-07
2873252292_ebf23f5f10.jpg,4.812773666e-07
440184957_267f3f3a2b.jpg,4.329203912e-07
2632366677_43dee456a5.jpg,5.455895466e-07
2423550887_ffc9bbcf71.jpg,5.613681349e-07
106490881_5a2dd9b7bd.jpg,7.208053137e-07
2824401212_8da8ab99d6.jpg,3.611259892e-07
3107513635_fe8a21f148.jpg,5.790373144e-07
2420696992_22e0dd467d.jpg,6.212468383e-07
2624044128_641b38c0cf.jpg,6.064771332e-07
3106857210_07a92577fc.jpg,6.167448296e-07
142802798_962a4ec5ce.jpg,5.61939936e-07
3133825703_359a0c414d.jpg,6.47467998e-07
260231029_966e2f1727.jpg,8.867836735e-07
3719461451_07de35af3a.jpg,1.068777734e-06
2752923489_d3bceebacb.jpg,4.830363425e-07
495340319_705f2e63d6.jpg,4.088706211e-07
3271385712_ffd34f2de5.jpg,7.648850531e-07
3656151153_b4ed5d94c4.jpg,5.625380288e-07
2875528143_94d9480fdd.jpg,5.945524404e-07
878758390_dd2cdc42f6.jpg,7.547281231e-07
557721978_dfde31bc02.jpg,4.235064985e-07
241346105_c1c860db0d.jpg,6.739824135e-07
146100443_906d87faa2.jpg,4.175488858e-07
511749704_3037806cb1.jpg,7.072321556e-07
3341077091_7ca0833373.jpg,6.766587823e-07
2932740428_b15384f389.jpg,7.799542794e-07
382151094_c7376cf22b.jpg,6.230455832e-07
2460159430_71ab1aacfa.jpg,7.922243005e-07
3193511842_82549c21fb.jpg,3.290359795e-07
397286183_745abbf40d.jpg,8.996926655e-07
241031254_0c6f30e3d1.jpg,3.188528115e-07
3042488474_0d2ec81eb8.jpg,5.163114027e-07
3348385580_10b53391f9.jpg,5.797591075e-07
3455920874_6fbec43194.jpg,5.872751644e-07
307301755_48919ef1b2.jpg,5.255876257e-07
3343116398_59a5341f7f.jpg,4.266366944e-07
2600883097_aca38cc146.jpg,7.173310481e-07
422763475_0bc814dac6.jpg,8.147991777e-07
543326592_70bd4d8602.jpg,3.818280412e-07
2525232298_cf42d415ab.jpg,3.222171943e-07
3665179773_dd217416fc.jpg,5.239279068e-07
3765374230_cb1bbee0cb.jpg,5.175133537e-07
799486353_f665d7b0f0.jpg,5.891890695e-07
664341930_bd5c8b60ea.jpg,5.861196653e-07
2971211296_2587c3924d.jpg,4.632739635e-07
3691729694_2b97f14c1e.jpg,6.084885058e-07
3294830188_e46bd9b93c.jpg,6.085975086e-07
3521201948_9049197f20.jpg,1.215766033e-06
2455528149_6c3477fd33.jpg,5.273040697e-07
3105623068_392b767a7b.jpg,7.765708996e-07
3439331800_e71e1d808f.jpg,6.648200814e-07
3313620862_0c65c645f5.jpg,3.990455776e-07
429174232_ddd4ff5e0b.jpg,5.150660389e-07
3089842255_359ccf5c40.jpg,3.641432352e-07
571130875_30051ac02d.jpg,3.513999167e-07
2528521798_fb689eba8d.jpg,6.37091096e-07
512634877_d7ad8c8329.jpg,1.044378408e-06
1119418776_58e4b93eac.jpg,5.452907578e-07
2414384480_096867d695.jpg,4.541583626e-07
3569979711_6507841268.jpg,7.107202262e-07
54501196_a9ac9d66f2.jpg,5.051043053e-07
3263395801_5e4cee2b9e.jpg,4.528921998e-07
241345811_46b5f157d4.jpg,9.122968023e-07
3626642428_3396568c3c.jpg,5.371336956e-07
3114944484_28b5bb9842.jpg,7.215915901e-07
2649705487_4605e879e9.jpg,4.723636183e-07
3110174991_a4b05f8a46.jpg,6.5191401e-07
2089122314_40d5739aef.jpg,1.052974514e-06
3441701164_6dbbdf1bce.jpg,4.078502352e-07
3694071771_ce760db4c7.jpg,4.348396582e-07
1304100320_c8990a1539.jpg,7.312503169e-07
2049051050_20359a434a.jpg,5.538815897e-07
2068403258_2669cf9763.jpg,6.549780138e-07
2920305300_a5b1b2329a.jpg,5.391775526e-07
2845691057_d4ab89d889.jpg,8.275968787e-07
3293751640_d81a6f3a0c.jpg,8.39069246e-07
3260214530_7179346407.jpg,7.922873649e-07
3125628091_25a31709df.jpg,7.654839297e-07
2846843520_b0e6211478.jpg,4.744598873e-07
3655326478_4472c5c630.jpg,6.337781914e-07
3396251819_1efa69310f.jpg,4.985375052e-07
3279524184_d5e2ffbaed.jpg,8.895055536e-07
146098876_0d99d7fb98.jpg,6.113488262e-07
3572346664_e1e6c77f11.jpg,5.242284359e-07
3580082200_ea10bf2f68.jpg,8.340237662e-07
861661418_8a37024ace.jpg,3.677371916e-07
2602258549_7401a3cdae.jpg,4.874137612e-07
2839532455_36a7dc4758.jpg,1.195984214e-06
2304444199_05386d2e9c.jpg,7.663016442e-07
2856080862_95d793fa9d.jpg,7.177345637e-07
548751378_c657401312.jpg,9.414966522e-07
1015584366_dfcec3c85a.jpg,7.421713504e-07
3416460533_d5819fbf69.jpg,6.21349819e-07
3168796547_0c14b368f9.jpg,4.670577871e-07
160805827_5e6646b753.jpg,6.100471657e-07
3672940355_47f30e2b28.jpg,5.178977016e-07
2788628994_61123c03d2.jpg,4.726162358e-07
436015762_8d0bae90c3.jpg,5.268928148e-07
1713248047_d03721456d.jpg,5.705384886e-07
104136873_5b5d41be75.jpg,5.676711069e-07
3027397797_4f1d305ced.jpg,3.880755235e-07
3242088278_43eea5d17e.jpg,7.040056498e-07
289616152_012a9f16c6.jpg,5.643730255e-07
3268175963_113d90d178.jpg,4.221241102e-07
3726168984_1fa2c8965b.jpg,6.640322694e-07
2090339522_d30d2436f9.jpg,6.205348054e-07
3693961165_9d6c333d5b.jpg,5.428967984e-07
2956895529_ec6275060e.jpg,3.60949678e-07
2934121315_4969eeda1b.jpg,4.37256367e-07
2450453051_f1d4a78ab4.jpg,3.913550301e-07
3047751696_78c2efe5e6.jpg,8.148981036e-07
3376439178_159e4126de.jpg,4.459264744e-07
2589308405_e208b5e745.jpg,2.703089174e-07
1579206585_5ca6a24db0.jpg,3.711182734e-07
2218743570_9d6614c51c.jpg,9.505389816e-07
1488937076_5baa73fc2a.jpg,5.809032238e-07
3636055584_65a60426f8.jpg,5.613347936e-07
2493974889_50ae29f1e1.jpg,3.73700904e-07
3615730936_23457575e9.jpg,3.734748797e-07
445148321_9f2f3ac711.jpg,9.019851267e-07
823675317_b5fbdb17b3.jpg,9.865817751e-07
2880874989_a33b632924.jpg,4.59379078e-07
3238951136_2a99f1a1a8.jpg,4.852984065e-07
3030823649_3b7b6c728d.jpg,7.735033978e-07
1115679311_245eff2f4b.jpg,7.80177441e-07
351876121_c7c0221928.jpg,9.406420305e-07
3373243733_9aba7740ed.jpg,4.913498321e-07
3638783842_af08dbb518.jpg,4.339844394e-07
2906802485_dfebf09173.jpg,3.748516746e-07
3724623861_2bb6c23641.jpg,4.748576588e-07
3264337159_e1680a35ba.jpg,2.434921223e-07
3747543364_bf5b548527.jpg,7.134526017e-07
1472882567_33dc14c8b6.jpg,4.407228173e-07
3375134059_7e9eb2ef01.jpg,7.917063631e-07
3247168324_c45eaf734d.jpg,4.477989154e-07
1461329041_c623b06e5b.jpg,4.251304156e-07
1115565519_d976d4b1f1.jpg,5.676332107e-07
1176580356_9810d877bf.jpg,3.06935543e-07
3331102049_bc65cf6198.jpg,4.730519129e-07
3321516504_5ee97771cb.jpg,7.383766487e-07
2813588204_69fe7deb14.jpg,6.936804605e-07
3458559770_12cf9f134e.jpg,4.740906979e-07
2648310638_d6c576b5e4.jpg,6.189477398e-07
2837799692_2f1c50722a.jpg,5.00551202e-07
2507312812_768b53b023.jpg,8.564268318e-07
3168354472_866fe70d36.jpg,5.485250835e-07
2460799229_ce45a1d940.jpg,4.278838082e-07
2339140905_9f625f140a.jpg,4.700868619e-07
2438085746_588dce8724.jpg,6.374501471e-07
3631023049_8a85bab19f.jpg,4.671263509e-07
1312020846_5abb4a9be2.jpg,7.072579391e-07
3676460610_8c52e8a355.jpg,5.194651506e-07
3103231330_db98b14501.jpg,5.797037139e-07
2904997007_23d4b94101.jpg,8.380222817e-07
1479028910_3dab3448c8.jpg,6.872721801e-07
2465691083_894fc48af6.jpg,3.46506806e-07
2780087302_6a77658cbf.jpg,4.815969894e-07
2823200990_7b02b7cc36.jpg,5.369266177e-07
3285214689_f0219e9671.jpg,2.587600086e-07
2986280913_13fb2d472e.jpg,9.59732674e-07
518251319_40e031e818.jpg,4.464264683e-07
3546474710_903c3c9fd3.jpg,5.457930996e-07
2520909293_9bb7f7364e.jpg,3.650547433e-07
2877503811_4e311253ec.jpg,4.969689927e-07
3572942419_16ebdc3d46.jpg,4.93071929e-07
2659554389_ed3d15093f.jpg,7.982690213e-07
3471463779_64084b686c.jpg,3.214094665e-07
482353373_03a9d5e8bc.jpg,6.607199871e-07
2749124446_d4432787b5.jpg,5.455871686e-07
374567836_3ae12ecffb.jpg,8.067326092e-07
2551632823_0cb7dd779b.jpg,3.870802672e-07
495055747_a75872762a.jpg,8.814767371e-07
2403376030_903521c371.jpg,7.435287345e-07
3675742996_02ccef16a3.jpg,7.304887698e-07
115684808_cb01227802.jpg,6.188781835e-07
309687244_4bdf3b591f.jpg,7.083002312e-07
3557324238_6ba58831d9.jpg,8.151892744e-07
1259936608_e3f0064f23.jpg,4.718445819e-07
492802403_ba5246cfea.jpg,4.703579103e-07
3482474257_a88bfe5c57.jpg,6.896813066e-07
254475194_3d8f4dfd53.jpg,4.582838839e-07
444481722_690d0cadcf.jpg,4.352185269e-07
482047956_9a29e9cee6.jpg,5.161717408e-07
2844963839_ff09cdb81f.jpg,4.09930962e-07
2196107384_361d73a170.jpg,7.440796649e-07
2219805677_7b7cc188c7.jpg,4.247495359e-07
3210359094_ee51285301.jpg,8.239695981e-07
3537400880_8f410d747d.jpg,5.188415374e-07
3344531479_03c69750e9.jpg,4.304606612e-07
3171035252_dba286ae5c.jpg,5.336156504e-07
2339106348_2df90aa6a9.jpg,7.879230028e-07
369047365_35476becc9.jpg,5.619299856e-07
3130970054_04a3865c43.jpg,3.700437359e-07
2410399168_1462c422d4.jpg,8.97379017e-07
2391812384_7429b5e567.jpg,4.508664298e-07
478750151_e0adb5030a.jpg,3.002831657e-07
2756591658_3ca6db1595.jpg,8.449121085e-07
2561319255_ce5ede291e.jpg,3.963281572e-07
2414390475_28a0107bb0.jpg,6.978417087e-07
3417231408_6ce951c011.jpg,7.12571649e-07
524105255_b346f288be.jpg,5.80417179e-07
3068407619_5207b26986.jpg,4.967918751e-07
3036382555_30b7312cf3.jpg,5.929385821e-07
240696675_7d05193aa0.jpg,4.886148859e-07
1088767354_2acee738cf.jpg,3.554437136e-07
3104690333_4314d979de.jpg,6.269827605e-07
3257107194_f235c8f7ab.jpg,4.836698201e-07
410042380_517ccee020.jpg,5.323682168e-07
3143155555_32b6d24f34.jpg,5.858541749e-07
2854291706_d4c31dbf56.jpg,4.236028688e-07
2943334864_6bab479a3e.jpg,4.30610853e-07
3465606652_f380a38050.jpg,5.054563643e-07
324355356_859988a710.jpg,6.297737118e-07
3436313241_6c73153fb6.jpg,5.803366188e-07
2776029171_5abdd5a22f.jpg,7.358919904e-07
3290105461_7590f23371.jpg,8.483646499e-07
2501742763_b2cb322087.jpg,4.459448362e-07
3442540072_b22ca2410f.jpg,6.488527877e-07
3426964258_67a0cee201.jpg,5.187271691e-07
2559638792_a803ff63d1.jpg,5.082038859e-07
3701878677_8f2c26227b.jpg,1.35089371e-06
3568605391_54ec367d88.jpg,5.504271019e-07
1540631615_8b42c1b160.jpg,7.581801323e-07
1055753357_4fa3d8d693.jpg,4.304151969e-07
3693297007_94512e861e.jpg,6.020263943e-07
3689355450_fd559b816d.jpg,6.416925564e-07
2799871904_3b3125518a.jpg,6.28578265e-07
3116769029_f5a76f04ba.jpg,6.667006322e-07
1342780478_bacc32344d.jpg,5.920287629e-07
3012513414_86180c44cb.jpg,5.400410198e-07
2502935765_a0ae1fa7be.jpg,3.405539747e-07
2734669176_c272b42597.jpg,4.825666257e-07
2290589734_b588471345.jpg,4.917305662e-07
2602679255_785b851b46.jpg,5.443763713e-07
421706022_1ddb6a7a78.jpg,5.972792809e-07
2644326817_8f45080b87.jpg,8.321857886e-07
2959737718_31203fddb5.jpg,6.843489838e-07
2465218087_fca77998c6.jpg,5.465172737e-07
1351764581_4d4fb1b40f.jpg,6.104881753e-07
2394003437_184a838aa9.jpg,5.569144885e-07
123889082_d3751e0350.jpg,6.548052464e-07
2766765386_4c0beb939d.jpg,5.962275441e-07
189740668_0b045f1ff2.jpg,5.583321493e-07
3126681108_f88128699c.jpg,5.046602371e-07
3090600019_8808fe7a9d.jpg,4.439130173e-07
2685139184_4ff45e0f76.jpg,5.809142455e-07
3401548798_3a93f2caa5.jpg,5.164192788e-07
3569126684_a68b29a57f.jpg,5.38553241e-07
2333816000_7105d0ffac.jpg,6.090079644e-07
2862931640_2501bd36c5.jpg,5.378887842e-07
2466171114_3fa51415a7.jpg,4.040640835e-07
2133650765_fc6e5f295e.jpg,6.318404557e-07
2391269207_d1d2615b1d.jpg,5.586199327e-07
3674521435_89ff681074.jpg,8.858368155e-07
270864951_1737ae5479.jpg,7.667600697e-07
542179694_e170e9e465.jpg,4.889958489e-07
2370221025_be4d9a4431.jpg,5.176060858e-07
862177617_c2c0581075.jpg,7.349267307e-07
3288173388_03bc2a844d.jpg,6.611909986e-07
229954612_a4438297ee.jpg,6.270875387e-07
3287904625_f68ca5cea7.jpg,5.625200056e-07
989851184_9ef368e520.jpg,6.541593312e-07
3093970461_825b0cac2f.jpg,5.66808094e-07
3076928208_5763e9eb8c.jpg,6.294208255e-07
2837908308_8bc25c6b02.jpg,4.782441971e-07
276699720_fe6718fd03.jpg,5.795055136e-07
3437654963_c4fdc17e8b.jpg,4.099615604e-07
2138487671_5b89104043.jpg,5.916402863e-07
3501206996_477be0f318.jpg,4.244186117e-07
3278777548_290b881018.jpg,5.518766113e-07
3344632789_af90d54746.jpg,4.289589756e-07
3068945309_ff0973e859.jpg,4.252499608e-07
3368819708_0bfa0808f8.jpg,7.136309073e-07
273248777_eaf0288ab3.jpg,3.350989601e-07
2192131110_8a40e7c028.jpg,5.546388677e-07
490044494_d2d546be8d.jpg,7.898908081e-07
3296584432_bef3c965a3.jpg,2.935533057e-07
2116316160_d5fa7abdc3.jpg,5.17184295e-07
3038760935_9a713510eb.jpg,7.224155961e-07
2741380826_cfe0ddf0a9.jpg,7.550572232e-07
1423126855_6cd2a3956c.jpg,9.232215027e-07
1084104085_3b06223afe.jpg,1.075293566e-06
3225226381_9fe306fb9e.jpg,1.18885771e-06
1296412797_85b6d2f8d6.jpg,6.26841167e-07
1813777902_07d1d4b00c.jpg,5.097746708e-07
1418266617_b32143275b.jpg,5.096979257e-07
363617160_6cb0c723be.jpg,5.456647849e-07
2698614194_b4e6e11dff.jpg,5.514715659e-07
1333888922_26f15c18c3.jpg,8.910156269e-07
3288839246_fdb00395ae.jpg,4.935317701e-07
3189941492_a3f4347b1a.jpg,6.696996962e-07
3310551665_15b79ef4ea.jpg,8.937465057e-07
2245348304_08bc5642f1.jpg,5.867088134e-07
3412822878_5d961492e5.jpg,5.635314014e-07
2922512807_d382528a93.jpg,6.170923366e-07
2851931813_eaf8ed7be3.jpg,5.059552182e-07
3227140905_1d7e30e4c4.jpg,6.174978174e-07
2436398074_8737f40869.jpg,3.538748617e-07
3525417522_7beb617f8b.jpg,5.660367968e-07
2439384468_58934deab6.jpg,1.143306098e-06
213216174_0632af65a2.jpg,4.716883433e-07
3215870337_c92a1a1b2f.jpg,4.900530852e-07
434792818_56375e203f.jpg,3.674014538e-07
2959500257_3621429a37.jpg,4.823891748e-07
3425662680_41c7c50e8d.jpg,8.997504847e-07
3259883609_6a1b46919e.jpg,5.952010117e-07
2867968184_908d87cf2c.jpg,5.16221574e-07
108898978_7713be88fc.jpg,6.293938275e-07
3640422448_a0f42e4559.jpg,3.19596826e-07
133905560_9d012b47f3.jpg,4.457257732e-07
2125626631_a4b63af97e.jpg,8.150165047e-07
3327487011_1372c425fb.jpg,5.510250997e-07
3069216757_c419b3898e.jpg,7.162063852e-07
2602085456_d1beebcb29.jpg,5.298018862e-07
519228867_2fd25e38d4.jpg,5.557044469e-07
1622619190_d0b51aff28.jpg,4.175896733e-07
3209564153_077ed4d246.jpg,3.998816741e-07
2272491304_cb7c7ed16f.jpg,5.728759251e-07
582899605_d96f9201f1.jpg,5.122715627e-07
1433397131_8634fa6664.jpg,7.236338638e-07
3472449219_eb927f05b8.jpg,5.75814571e-07
251056963_c8b67f0107.jpg,7.909336025e-07
3655964639_21e76383d0.jpg,4.853473441e-07
1763020597_d4cc8f0f8a.jpg,7.428743078e-07
3247341210_5d1e50df23.jpg,4.293761109e-07
2447972568_1e9b287691.jpg,6.156005376e-07
2939464283_fc1a834976.jpg,4.740064844e-07
3482237861_605b4f0fd9.jpg,4.729875323e-07
2710416789_555180e399.jpg,7.421287111e-07
3533394378_1513ec90db.jpg,3.842337983e-07
3453313865_1ebff5393c.jpg,5.590967512e-07
219301555_17883a51bd.jpg,6.863270614e-07
44129946_9eeb385d77.jpg,3.79144976e-07
3429581486_4556471d1a.jpg,4.910667363e-07
501320769_31eea7b7ea.jpg,9.353734607e-07
224026428_0165164ceb.jpg,7.694279142e-07
3541491057_61a49588d9.jpg,5.963781858e-07
3119696225_b289efaec8.jpg,9.083665514e-07
2078311270_f01c9eaf4c.jpg,8.771741994e-07
2286032269_8ba929709c.jpg,7.528291876e-07
2893238950_8a027be110.jpg,4.652753136e-07
2917843040_7c9caaaa8a.jpg,5.800827634e-07
3048597471_5697538daf.jpg,6.855169111e-07
2505465055_f1e6cf9b76.jpg,6.814176233e-07
3284955091_59317073f0.jpg,3.9050028e-07
871290666_4877e128c0.jpg,5.029431555e-07
2402462857_7684848704.jpg,5.181794501e-07
241345981_1ef4f8109c.jpg,7.052151626e-07
3258395783_2de3a4ba27.jpg,5.879175697e-07
3432656291_a6c7981f6e.jpg,3.691080832e-07
945509052_740bb19bc3.jpg,4.596557308e-07
2752926645_801a198ff6.jpg,4.425157398e-07
2584487952_f70e5aa9bf.jpg,9.723128335e-07
2356574282_5078f08b58.jpg,6.533284896e-07
2324779494_5e72d29171.jpg,7.631940608e-07
3099091086_f75f0ce09d.jpg,4.569186181e-07
515797344_4ae75cb9b1.jpg,4.273277374e-07
2094543127_46d2f1fedf.jpg,4.22559716e-07
2194806429_ca4c3770c1.jpg,7.186586462e-07
3220009216_10f088185e.jpg,4.728318735e-07
3333017828_b930b9d41b.jpg,4.773677006e-07
3387661249_33e5ba0bc5.jpg,7.558348592e-07
141755290_4b954529f3.jpg,4.739617473e-07
3150252702_828a570d46.jpg,5.148143637e-07
2269021076_cefc9af989.jpg,5.053731071e-07
486712504_36be449055.jpg,7.052048987e-07
3259225196_750c4ce0f9.jpg,7.862441071e-07
3409506817_775e38d219.jpg,4.379827189e-07
3632842482_482f29e712.jpg,6.238349311e-07
532396029_ce125bda3f.jpg,4.81901116e-07
3704431444_f337ec2b90.jpg,6.751362992e-07
3562169000_6aa7f1043d.jpg,5.803577567e-07
3441399292_60c83bd5db.jpg,9.60479791e-07
3243233886_235a80e8c7.jpg,4.731758366e-07
3005123298_d3017d5f5d.jpg,3.868609981e-07
437527058_189f2a7eef.jpg,5.447008197e-07
3582742297_1daa29968e.jpg,8.305464696e-07
3033741581_136889ac73.jpg,5.048226856e-07
296873864_4de75de261.jpg,5.271792022e-07
2379150102_157d718d1d.jpg,7.517641676e-07
3029715635_43ab414dfb.jpg,3.268328132e-07
3684680947_f1c460242f.jpg,8.411493691e-07
3044746136_8b89da5f40.jpg,5.769786299e-07
3532412342_e0a004b404.jpg,5.049583071e-07
2968693931_52d161b8e7.jpg,4.691327926e-07
2632111399_b3c1630f8e.jpg,4.805886533e-07
2676648667_cb055b4fc6.jpg,8.125326949e-07
525863257_053333e612.jpg,4.538821893e-07
3328495660_ed0e3f29cf.jpg,4.88575651e-07
3640417354_b0b3e4aec9.jpg,4.966533487e-07
3249278583_95cd8206da.jpg,4.737603478e-07
2341254813_c53a5ef27a.jpg,8.52892747e-07
2331510788_986809bbb4.jpg,4.734341206e-07
3161044966_27bf6f9dec.jpg,8.382785406e-07
3098336319_a7e5b061d0.jpg,6.93721692e-07
3236677456_75821e3583.jpg,6.42652593e-07
958326692_6210150354.jpg,4.154749451e-07
2755053974_5cc157512e.jpg,3.489444273e-07
2903469015_a1e7d969c2.jpg,6.02070898e-07
3490597800_8f94f7d353.jpg,4.773472442e-07
2472574160_8ce233f396.jpg,5.374230407e-07
2995461857_dd26188dcf.jpg,7.756291563e-07
2042009399_afad34e7c1.jpg,6.538558143e-07
3197791645_601908f26b.jpg,1.028018503e-06
2521938720_911ac092f7.jpg,5.023882006e-07
3184031654_34b5c4ffe1.jpg,6.309294945e-07
426065353_e9a604a01f.jpg,6.602944338e-07
3591461782_687e320042.jpg,5.250204995e-07
2251418114_2b0cd4c139.jpg,4.658788156e-07
1859726819_9a793b3b44.jpg,2.915549361e-07
430803349_a66c91f64e.jpg,6.329172387e-07
1977827746_4e13d7e19f.jpg,5.410711502e-07
2101457132_69c950bc45.jpg,7.716211034e-07
3666537170_c4ecda4be8.jpg,6.048378668e-07
2321466753_5606a10721.jpg,7.291632358e-07
3141613533_595723208d.jpg,5.426231976e-07
3542341321_faa2d2d48a.jpg,4.303022987e-07
948196883_e190a483b1.jpg,6.90607684e-07
384465575_31294122c0.jpg,5.394197324e-07
1312227131_771b5ed201.jpg,4.838827058e-07
1222322358_225067636e.jpg,5.209583034e-07
2641288004_30ce961211.jpg,5.594651659e-07
2851304910_b5721199bc.jpg,7.083546794e-07
495116214_f1df479fb0.jpg,6.316402883e-07
2978024878_a45b282bf4.jpg,5.263157671e-07
3527524436_a54aca78a9.jpg,7.148408667e-07
2944362789_aebbc22db4.jpg,3.387851897e-07
3090593241_93a975fe2b.jpg,6.085507679e-07
2521213787_ca9b5a1758.jpg,4.869467842e-07
2528547068_7d37479b9b.jpg,5.846743457e-07
1167908324_8caab45e15.jpg,5.113631251e-07
2275029674_6d4891c20e.jpg,5.497430683e-07
534669139_1a4f8ab9d5.jpg,7.01043481e-07
3388094307_5a83be64a5.jpg,4.859845866e-07
160566014_59528ff897.jpg,6.745206891e-07
2616561200_ea079f285a.jpg,7.651017386e-07
617038406_4092ee91dd.jpg,4.729711461e-07
3578372039_57473f473c.jpg,5.176741362e-07
3492180255_0bd48a18f8.jpg,4.790794711e-07
3032790880_d216197d55.jpg,5.16412782e-07
2667015110_1670324a33.jpg,6.471782262e-07
2426303900_0a8d52eb14.jpg,5.998525802e-07
3250695024_93e8ab7305.jpg,3.684661145e-07
3672057606_cb6393dbd9.jpg,4.687720167e-07
241346317_be3f07bd2e.jpg,5.124042596e-07
3400186336_37043a2f5b.jpg,6.8456891e-07
2180480870_dcaf5ac0df.jpg,5.705854037e-07
3085226474_62aba51179.jpg,4.823610955e-07
3683185795_704f445bf4.jpg,6.095126042e-07
3444982197_0ff15cc50b.jpg,5.959886639e-07
607339469_af851c4119.jpg,6.312878409e-07
3331009729_d3b14738e6.jpg,2.744866654e-07
503717911_fc43cb3cf9.jpg,5.649711417e-07
3097196395_ec06075389.jpg,6.91233851e-07
2261962622_e9318a95eb.jpg,4.707315665e-07
3216829599_366a43f05e.jpg,8.090909641e-07
1616016569_673de1d678.jpg,8.256677054e-07
2596876977_b61ee7ee78.jpg,6.393904623e-07
459778335_857d8ffebf.jpg,6.115245079e-07
3197482764_2f289cb726.jpg,9.170561224e-07
3497255828_f27e009aac.jpg,7.269305154e-07
2149968397_a7411729d1.jpg,8.085261493e-07
2595713720_30534e8de2.jpg,7.462037214e-07
2174206711_11cb712a8d.jpg,8.035458852e-07
2492258999_5764124bba.jpg,5.298080684e-07
944374205_fd3e69bfca.jpg,5.622033624e-07
2855667597_bf6ceaef8e.jpg,8.139766314e-07
2935649082_1ca60180c6.jpg,8.034547653e-07
3171250845_5ae0d2a8bc.jpg,6.216278679e-07
3120189281_1938460e85.jpg,6.046404387e-07
3487131146_9d3aca387a.jpg,6.794631489e-07
182493240_40410254b0.jpg,5.294886119e-07
102351840_323e3de834.jpg,1.414094992e-06
883040210_3c4a10f030.jpg,6.48094372e-07
1358089136_976e3d2e30.jpg,5.852215384e-07
2930622766_fa8f84deb1.jpg,5.862073204e-07
2643263887_a32ffb878f.jpg,6.054528025e-07
3374384485_751f719be4.jpg,3.862807609e-07
290650302_ade636da35.jpg,6.183138164e-07
2747714500_49476225c6.jpg,6.217770572e-07
758921886_55a351dd67.jpg,4.917011097e-07
311146855_0b65fdb169.jpg,4.339135464e-07
2490179961_e842fda5eb.jpg,5.757018911e-07
2064790732_219e52e19c.jpg,7.96665473e-07
3315250232_83e24a2d51.jpg,6.727936508e-07
3441104823_33cdae5a56.jpg,6.713402523e-07
2675685200_0913d84d9b.jpg,4.721462253e-07
2899622876_b673b04967.jpg,6.521587679e-07
2259336826_0cb294e1f7.jpg,4.444825542e-07
2742426734_291df6da08.jpg,7.086000429e-07
2697909987_128f11d1b7.jpg,4.999359148e-07
3239021459_a6b71bb400.jpg,7.795816899e-07
3204525212_d548c7fca7.jpg,3.792788819e-07
918886676_3323fb2a01.jpg,9.822585347e-07
560278886_df4bd2e212.jpg,6.362494982e-07
3649307685_60c1294d2a.jpg,9.755607051e-07
2045928594_92510c1c2a.jpg,8.812705574e-07
2933637854_984614e18b.jpg,5.007370767e-07
1650280501_29810b46e5.jpg,6.452292423e-07
300922408_05a4f9938c.jpg,9.373949366e-07
2798651021_2566f2a47e.jpg,5.344975561e-07
3460551728_63255cec18.jpg,6.149603121e-07
3440104178_6871a24e13.jpg,4.556086294e-07
3484906808_ee20714408.jpg,4.218752783e-07
410413536_11f1127c46.jpg,9.481734493e-07
400562847_e15aba0aac.jpg,3.437535102e-07
101669240_b2d3e7f17b.jpg,5.264582183e-07
2987195421_e830c59fb6.jpg,7.181187341e-07
3208188198_2b271d2a2e.jpg,9.580905616e-07
3208032657_27b9d6c4f3.jpg,6.162928771e-07
429851331_b248ca01cd.jpg,9.921422379e-07
458735196_176e7df6b3.jpg,1.212004691e-06
3275627207_0b41e44597.jpg,1.122316417e-06
2960759328_2d31e4af9b.jpg,6.235560147e-07
2206594874_5e0087c6b7.jpg,4.193469261e-07
1357689954_72588dfdc4.jpg,7.199570963e-07
2869491449_1041485a6b.jpg,5.411844851e-07
2574230252_f5a1382dd4.jpg,5.85191332e-07
2261550615_b6c25d987b.jpg,5.651238574e-07
2358554995_54ed3baa83.jpg,6.000137551e-07
264141937_585320617a.jpg,4.255826416e-07
2809793070_1a3387cd6e.jpg,4.401877076e-07
3338291921_fe7ae0c8f8.jpg,1.087434071e-06
2056377805_e9a9b3bcf0.jpg,5.273336026e-07
3105315670_5f86f73753.jpg,5.052063466e-07
1015118661_980735411b.jpg,8.61834139e-07
3047264346_e24601bfbf.jpg,5.009494064e-07
1311388430_4ab0cd1a1f.jpg,6.042636627e-07
1077546505_a4f6c4daa9.jpg,6.214974838e-07
2800990525_a1f8427272.jpg,8.340474372e-07
3482062809_3b694322c4.jpg,4.61021187e-07
2661294481_b86058b504.jpg,3.960988877e-07
2896640216_761a47f006.jpg,6.337269884e-07
3616525288_9c19223de6.jpg,5.220203021e-07
2497420371_74788d7ba1.jpg,5.051473355e-07
766346887_a9a9d0637a.jpg,8.469962832e-07
2061944672_0383e65c8a.jpg,6.444904209e-07
3015891201_2c1a9e5cd7.jpg,6.231895821e-07
2652522323_9218afd8c2.jpg,7.943450644e-07
2054869561_ff723e9eab.jpg,1.014002016e-06
2394763838_99d1435b85.jpg,1.234230175e-06
3439560988_f001f96fc9.jpg,6.295929357e-07
3320032226_63390d74a6.jpg,5.075900363e-07
3677954655_df4c0845aa.jpg,5.221386984e-07
2429212017_77fc107699.jpg,4.901583544e-07
241347760_d44c8d3a01.jpg,6.401643184e-07
241347823_6b25c3e58e.jpg,7.035140521e-07
2416964653_db3c2b6a0e.jpg,6.584289386e-07
3532782283_341f0381a3.jpg,6.345533275e-07
3600221224_945df01247.jpg,8.32525385e-07
3621647714_fc67ab2617.jpg,4.274497633e-07
2874876837_80d178ba9b.jpg,4.274383875e-07
448916362_17f3f1d0e1.jpg,7.564479845e-07
3052104757_d1cf646935.jpg,5.548665355e-07
2414352262_005ae90407.jpg,5.24745782e-07
2187904131_96ea83b9b5.jpg,6.422599663e-07
2649406158_ded6be38de.jpg,5.955821079e-07
2353102255_67d9d2e40a.jpg,6.534186048e-07
1501297480_8db52c15b0.jpg,7.485521573e-07
466956675_a2fb6bf901.jpg,5.465624055e-07
2737759676_4bc9be2daf.jpg,4.56758549e-07
2885387575_9127ea10f1.jpg,5.197934007e-07
510197538_0a11b94460.jpg,8.770556841e-07
3623650392_7b75d4de21.jpg,5.000362144e-07
3354474353_daf9e168cf.jpg,6.184022617e-07
2949353587_64c54e9589.jpg,1.255448851e-06
3522989916_f20319cc59.jpg,6.252035313e-07
2646116932_232573f030.jpg,5.372820211e-07
3028561714_83fb921067.jpg,9.060947501e-07
2439031566_2e0c0d3550.jpg,3.5415871e-07
3436074878_21515a6706.jpg,1.063920669e-06
875731481_a5a0a09934.jpg,4.519054194e-07
3716277216_c04002be81.jpg,5.078194634e-07
2259203920_6b93b721ce.jpg,1.601942298e-06
3329289652_e09b80e2f3.jpg,4.690635408e-07
3685328542_ab999b83bb.jpg,5.40941318e-07
3250076419_eb3de15063.jpg,8.390300401e-07
495341977_b27279f962.jpg,7.628688543e-07
3407357681_5aeaab5b59.jpg,9.732627578e-07
3066429707_842e50b8f7.jpg,2.768303447e-07
3392851587_a638ff25e2.jpg,6.26192546e-07
2730938963_c4ed3e2258.jpg,4.460644797e-07
269650644_059a84ece5.jpg,5.112581394e-07
3605676864_0fb491267e.jpg,7.173030505e-07
2183227136_8bb657846b.jpg,8.541263268e-07
237953705_cfe6999307.jpg,6.069101477e-07
2856252334_1b1a230e70.jpg,4.181205161e-07
3015368588_ef0a06076d.jpg,7.548916171e-07
2521938802_853224f378.jpg,5.599980601e-07
2759089516_cbb993cb92.jpg,4.808156478e-07
1807169176_7f5226bf5a.jpg,4.701579575e-07
457875937_982588d918.jpg,7.016219272e-07
3158680604_c1f99b3946.jpg,6.134001497e-07
530454257_66d58b49ee.jpg,5.117241516e-07
1263801010_5c74bf1715.jpg,5.772774821e-07
172097782_f0844ec317.jpg,5.350488606e-07
3426789838_8771f0ed56.jpg,6.245476931e-07
2220612655_030413b787.jpg,4.636248501e-07
2089426086_7acc98a3a8.jpg,6.593632456e-07
1306145560_1e37081b91.jpg,6.452091782e-07
3297323827_f582356478.jpg,4.597115347e-07
2306186887_0bd8ed3792.jpg,3.1170683e-07
3574930742_9081bd2426.jpg,6.011447083e-07
2995935078_beedfe463a.jpg,7.503877592e-07
2114739371_83aa8bdb0e.jpg,1.307221486e-06
2895403073_906768cafa.jpg,5.507844857e-07
3234375022_1464ea7f8a.jpg,3.988163831e-07
2561295656_4f21fba209.jpg,9.08356541e-07
2358561039_e215a8d6cd.jpg,8.015275149e-07
2123932281_1a4fd38455.jpg,3.654257243e-07
3227499174_07feb26337.jpg,5.70470905e-07
3457210101_3533edebc8.jpg,4.466898499e-07
3286222970_1fa445e38f.jpg,5.749686595e-07
293151893_ee7249eccb.jpg,3.752912409e-07
3371279606_c0d0cddab2.jpg,6.013287289e-07
1490213660_9ea45550cf.jpg,4.909807573e-07
3599392711_8264881de2.jpg,6.35481923e-07
111497985_38e9f88856.jpg,6.043726315e-07
2782850287_1408f7ec43.jpg,4.551927918e-07
825918657_d92f1761f4.jpg,8.285375487e-07
2095478050_736c4d2d28.jpg,4.784122265e-07
2782480767_064c95eff2.jpg,6.859755566e-07
1149179852_acad4d7300.jpg,5.365192031e-07
2441313372_6a1d59582b.jpg,6.943285069e-07
3724718895_bd03f4a4dc.jpg,3.463873377e-07
2704257993_d485058a5f.jpg,6.955998944e-07
3584930205_a3f58a4b7c.jpg,6.073548596e-07
2294598473_40637b5c04.jpg,7.193461387e-07
3242007318_01e82171aa.jpg,3.455810833e-07
3251234434_d01e25a50a.jpg,4.49086914e-07
3556571710_19cee6f5bd.jpg,5.583897754e-07
3578914491_36019ba703.jpg,7.551579795e-07
2876848241_63290edfb4.jpg,4.509454981e-07
452419961_6d42ab7000.jpg,5.665755965e-07
42637986_135a9786a6.jpg,2.618197717e-07
2760716468_b541e9fd0f.jpg,5.125903978e-07
2447035752_415f4bb152.jpg,5.303899148e-07
2473738924_eca928d12f.jpg,7.506824782e-07
1363924449_487f0733df.jpg,1.033796442e-06
3585487286_ef9a8d4c56.jpg,9.728274033e-07
3037558954_20115165e3.jpg,4.8947045e-07
3362049454_ea0c22e57b.jpg,4.39627368e-07
299178969_5ca1de8e40.jpg,1.014626349e-06
1104133405_c04a00707f.jpg,7.694094631e-07
3477683327_d9e6a2a64f.jpg,7.554627902e-07
282116218_7fd7583d6e.jpg,3.889737594e-07
3721082512_8277087f3f.jpg,5.18781202e-07
246055693_ccb69ac5c6.jpg,7.403333429e-07
3271061953_700b96520c.jpg,5.893529642e-07
2480820830_bdec1f5b76.jpg,8.022911357e-07
270809922_043e3bef06.jpg,4.636739622e-07
1419385780_1383ec7ba9.jpg,4.34307805e-07
897621891_efb1e00d1d.jpg,1.359147071e-06
2921578694_a46ae0d313.jpg,6.308930622e-07
2327088022_478dbd2c17.jpg,9.851462133e-07
3640407952_bb38fb9d55.jpg,5.079936474e-07
326028454_fb396167e6.jpg,8.630851401e-07
2867937005_91c092b157.jpg,6.891683811e-07
2546667441_bbe87a6285.jpg,8.511031618e-07
1775029934_e1e96038a8.jpg,5.746960132e-07
2121357310_f8235311da.jpg,5.211267585e-07
3665987581_5e6b0a65f2.jpg,6.944007532e-07
3429956016_3c7e3096c2.jpg,7.628650034e-07
3209350613_eb86579ee8.jpg,3.838182748e-07
1425013325_bff69bc9da.jpg,6.116822231e-07
319185571_56162796da.jpg,9.007560608e-07
3520936130_9e90872560.jpg,4.112548361e-07
2867026654_38be983b44.jpg,6.157984754e-07
3069786374_804e1123ac.jpg,4.161799457e-07
3726120436_740bda8416.jpg,6.972989713e-07
2337919839_df83827fa0.jpg,5.147604365e-07
2447289477_e888df561d.jpg,7.350796644e-07
3597715122_45878432ec.jpg,5.20032257e-07
3646453252_5ebbbaa6cc.jpg,7.343135125e-07
261883591_3f2bca823c.jpg,3.867557109e-07
3125041578_c1f2d73b6d.jpg,5.579873657e-07
3084001782_41a848df4e.jpg,6.440226138e-07
452363869_cad37e609f.jpg,8.188880224e-07
123997871_6a9ca987b1.jpg,5.429639024e-07
508958120_afe274f726.jpg,4.250075103e-07
109738763_90541ef30d.jpg,4.079718036e-07
888425986_e4b6c12324.jpg,3.590185589e-07
288025239_5e59ba9c3b.jpg,5.607823816e-07
3214381315_b54f5c9be4.jpg,1.140435742e-06
2070831281_dc04b3e15d.jpg,5.607738532e-07
3301811927_a2797339e5.jpg,4.542930895e-07
3484070900_3e76d7fd30.jpg,4.584473989e-07
2876994989_a4ebbd8491.jpg,5.170413742e-07
2080033499_6be742f483.jpg,7.044325607e-07
3269895626_7b253c82ed.jpg,5.617291155e-07
3319388517_5609ae9805.jpg,5.371993748e-07
2560278143_aa5110aa37.jpg,5.303513986e-07
3069937639_364fc11e99.jpg,4.516873016e-07
2448210587_9fe7ea5f42.jpg,4.848306871e-07
2444935470_7b0226b756.jpg,6.715794924e-07
3204081508_0e7f408097.jpg,5.211110709e-07
3220650628_4ed964e5b4.jpg,5.055090286e-07
2393924525_1bf45ca217.jpg,5.522290401e-07
3590753142_61993d39df.jpg,4.976853093e-07
3368865171_597d51cdd5.jpg,3.448931372e-07
472860064_a96a228796.jpg,8.764270329e-07
3587596696_9c5964c94d.jpg,5.230202738e-07
2041867793_552819a40b.jpg,4.407590027e-07
3094278545_febac56382.jpg,6.004531842e-07
333031366_a0828c540d.jpg,9.114546457e-07
3612538549_2828b45867.jpg,9.762669111e-07
154871781_ae77696b77.jpg,4.515360047e-07
3338217927_3c5cf3f7c6.jpg,9.936912432e-07
3362805914_72f60ee8cb.jpg,4.470696568e-07
442594271_2c3dd38483.jpg,6.086418929e-07
512026551_ba63ddbd31.jpg,8.307562737e-07
1801663973_5ad393caeb.jpg,6.098619875e-07
2744705147_acd767d3eb.jpg,3.076077918e-07
3344233740_c010378da7.jpg,4.281306491e-07
3690348036_a01f243fb0.jpg,4.602060559e-07
2363540508_9dd1ccf7c7.jpg,5.383141494e-07
812196663_0c969970b5.jpg,7.100394877e-07
297724467_e8918a6f90.jpg,7.520143191e-07
2926595608_69b22be8d4.jpg,4.594090309e-07
938162709_21443d352f.jpg,4.481400398e-07
241347114_6273736da8.jpg,6.43602159e-07
3404870997_7b0cd755de.jpg,5.144730196e-07
381976882_0063d16d88.jpg,3.828323415e-07
3710073758_ac2b217f29.jpg,3.185053353e-07
1478268555_7e301fc510.jpg,4.552394669e-07
3485486737_953f9d3be2.jpg,4.388294568e-07
531152619_6db02a7ed9.jpg,6.463189476e-07
1319634306_816f21677f.jpg,3.898555761e-07
2385744837_8780f6731a.jpg,6.863823173e-07
1387461595_2fe6925f73.jpg,8.708685894e-07
2314722788_6262c3aa40.jpg,5.524917925e-07
1213336750_2269b51397.jpg,7.204731435e-07
10815824_2997e03d76.jpg,6.123472355e-07
258476074_f28f4a1ae6.jpg,5.337397321e-07
3606355203_1260f43ec0.jpg,6.986296537e-07
343662720_39e4067cd1.jpg,4.208795232e-07
3484576025_a8c50942aa.jpg,7.387698999e-07
2593695271_4d9cc9bd6f.jpg,4.920691663e-07
3132832452_c354c6396c.jpg,6.061200711e-07
1808007704_ee8a93abb4.jpg,5.658835275e-07
697778778_b52090709d.jpg,4.424276654e-07
2486364531_b482d7f521.jpg,6.005101392e-07
892340814_bdd61e10a4.jpg,6.990671944e-07
293881927_ac62900fd4.jpg,3.944170717e-07
3128514681_a51b415c31.jpg,4.462119528e-07
2286270205_16038dec5a.jpg,7.636771174e-07
233327292_3bcbc3783f.jpg,6.635007787e-07
356929855_6bbf33d933.jpg,9.134432521e-07
3578981202_efef47e264.jpg,1.030739528e-06
2392460773_2aa01eb340.jpg,7.443190126e-07
2919459517_b8b858afa3.jpg,5.152199079e-07
3330019493_fd36fbc2ea.jpg,5.151870159e-07
2119302248_72493d458c.jpg,6.743523036e-07
2884651479_12e400ee58.jpg,9.938692713e-07
1016887272_03199f49c4.jpg,7.479183051e-07
3518687038_964c523958.jpg,5.175807718e-07
103106960_e8a41d64f8.jpg,5.949718987e-07
298920219_9a3f80acc5.jpg,7.557672449e-07
3301744710_b51280eb56.jpg,6.314773269e-07
3079341641_f65f6b0f8b.jpg,5.747545276e-07
2112661738_de71b60b88.jpg,3.824511268e-07
911795495_342bb15b97.jpg,1.812040985e-06
3185787277_b412d7f5b7.jpg,5.470020262e-07
847782643_57248bbdab.jpg,2.969747837e-07
2151300603_248a9fe715.jpg,5.241976131e-07
3576250302_14779632bd.jpg,6.231456607e-07
3222055946_45f7293bb2.jpg,6.139425802e-07
3220200084_3ea129336e.jpg,5.959963102e-07
2860035355_3fe7a5caa4.jpg,7.654628645e-07
2544246151_727427ee07.jpg,4.176597464e-07
3419634480_c390f62a6e.jpg,3.647521015e-07
2268115375_69884e958d.jpg,4.221271728e-07
3214885227_2be09e7cfb.jpg,5.923655322e-07
2410618963_fb78307d18.jpg,6.149330668e-07
3339751521_7a8768be27.jpg,9.076068646e-07
3547368652_0d85c665d3.jpg,4.173419379e-07
2956413620_d59de03a06.jpg,5.629072603e-07
3469585782_e708496552.jpg,7.346222262e-07
3399284917_721aefe2a7.jpg,4.961465609e-07
3043266735_904dda6ded.jpg,8.666776996e-07
487074671_66db20bf47.jpg,5.775138334e-07
3306212559_731ba9bd05.jpg,7.406948382e-07
3318564834_4ccea90497.jpg,4.797490971e-07
2358447641_10f1e9d21f.jpg,6.733100873e-07
2678798732_2998f9969c.jpg,3.961272539e-07
3388836914_c267cf3a59.jpg,4.411891771e-07
2222559267_6fd31e3941.jpg,4.927579155e-07
1388373425_3c72b56639.jpg,5.038608734e-07
2276499757_b44dc6f8ce.jpg,4.667520536e-07
309049466_1d7e7d5fc2.jpg,5.348615565e-07
2442243868_abe8f74fb4.jpg,8.190950577e-07
2833820456_143ea6ce47.jpg,4.937459884e-07
2728276857_3f83757ef2.jpg,6.263066068e-07
3090957866_f1b2b7f214.jpg,3.989330198e-07
1659358141_0433c9bf99.jpg,6.226779258e-07
3206999917_e682672cbc.jpg,5.358515115e-07
210839948_bbd5bfa3b6.jpg,6.757888224e-07
1526181215_c1a94325ae.jpg,6.490814565e-07
2856456013_335297f587.jpg,5.266125608e-07
2603125422_659391f961.jpg,6.156461474e-07
2453318633_550228acd4.jpg,5.160533505e-07
3456362961_d8f7e347a8.jpg,5.232049409e-07
2550011909_6b95f11330.jpg,1.948289642e-07
3102204862_f1d220230b.jpg,7.411456502e-07
1454841725_4b6e6199e2.jpg,6.76331925e-07
824923476_d85edce294.jpg,6.448398138e-07
2945036454_280fa5b29f.jpg,7.666677219e-07
2128119486_4407061c40.jpg,1.115370104e-06
506367606_7cca2bba9b.jpg,5.42740857e-07
3537474810_cf676b3259.jpg,5.677356818e-07
433810429_a4da0eac50.jpg,4.554269639e-07
973827791_467d83986e.jpg,5.748845043e-07
2519812011_f85c3b5cb5.jpg,4.653971344e-07
271177682_48da79ab33.jpg,5.150508466e-07
241347700_ef2451d256.jpg,1.324042466e-06
394563330_68b566368c.jpg,4.987000239e-07
3122579598_14841c038a.jpg,3.976605026e-07
3366904106_e996320d20.jpg,5.604698287e-07
2938875913_0ed920a6be.jpg,6.499610538e-07
3478877323_0a507a601b.jpg,5.347035746e-07
2892413015_5ecd9d972a.jpg,4.638074772e-07
3720366614_dfa8fe1088.jpg,9.269196979e-07
3612249030_e2829ffa31.jpg,7.228723684e-07
3738685861_8dfff28760.jpg,5.30728359e-07
3393152604_27bd1037f2.jpg,6.296422988e-07
145721498_a27d2db576.jpg,8.117200778e-07
3083016677_5782bc337c.jpg,3.103503482e-07
3139393607_f0a54ca46d.jpg,7.353990589e-07
3564148252_aa4cb36a32.jpg,4.062297225e-07
1931690777_897a7d8ab6.jpg,3.499839529e-07
3415578043_03d33e6efd.jpg,6.480814867e-07
2672588619_3849930e99.jpg,7.551402592e-07
3288174272_2daa06d360.jpg,5.91451662e-07
2500354186_0836309cc9.jpg,2.797028214e-07
2661294969_1388b4738c.jpg,4.271496038e-07
2830309113_c79d7be554.jpg,5.517320702e-07
492341908_1ef53be265.jpg,4.216892425e-07
1317292658_ba29330a0b.jpg,6.197040218e-07
317641829_ab2607a6c0.jpg,6.008212291e-07
3677613006_4689cb8e4e.jpg,5.287729477e-07
3430526230_234b3550f6.jpg,5.968584125e-07
3663307538_468739e4c3.jpg,7.887772919e-07
2540360421_f7c2401da8.jpg,8.149827564e-07
3590653633_495de5f288.jpg,5.82127669e-07
1295698260_e10c53c137.jpg,8.659338237e-07
270724499_107481c88f.jpg,7.975779179e-07
3174713468_e22fa7779e.jpg,4.738130311e-07
3437273677_47d4462974.jpg,6.088705007e-07
3201427741_3033f5b625.jpg,5.515477845e-07
3162442331_c9711857c6.jpg,6.830459966e-07
3454988449_1de1ef4f20.jpg,4.695324494e-07
3342309960_c694b2cce9.jpg,4.786890907e-07
2429729667_42effc165d.jpg,6.157943617e-07
2297471897_3419605c16.jpg,3.952082316e-07
697490420_67d8d2a859.jpg,5.853858602e-07
3476709230_6439305bf2.jpg,6.637190326e-07
2295447147_458cfea65a.jpg,7.338903155e-07
1469358746_2a879abaf3.jpg,4.523234156e-07
3616771728_2c16bf8d85.jpg,5.627796069e-07
3718892835_a3e74a3417.jpg,5.634650163e-07
3298233193_d2a550840d.jpg,5.171779345e-07
3497236690_a48bf7ac42.jpg,5.706781026e-07
2403078014_4b1d6f8bde.jpg,5.855365063e-07
2999735171_87ca43c225.jpg,4.557177006e-07
3616638478_641d02183d.jpg,3.501280735e-07
3413571342_b9855795e2.jpg,6.306695985e-07
508432819_3d055f395d.jpg,4.720436508e-07
2374652725_32f90fa15c.jpg,7.959215322e-07
241347300_7c84ecf764.jpg,6.884899665e-07
2931254547_e97c6d0d63.jpg,8.078555058e-07
244760289_f4467b2b67.jpg,7.971971217e-07
3541483943_9776baee7c.jpg,8.763375785e-07
3584603849_6cfd9af7dd.jpg,7.625791522e-07
2884092603_786b53a74b.jpg,5.066090476e-07
2255332561_3375897ff0.jpg,7.405492765e-07
3307147971_5b3abf61f9.jpg,4.679576155e-07
2953861572_d654d9b6f2.jpg,9.680975351e-07
3072172967_630e9c69d0.jpg,5.070009373e-07
1473618073_7db56a5237.jpg,5.434934967e-07
1354318519_2f9baed754.jpg,1.156930059e-06
3559781965_d4ec00e506.jpg,5.411813302e-07
3027399066_ca85495775.jpg,6.687153531e-07
429283612_37f6e7fb7f.jpg,7.897665613e-07
2029280005_a19609c81a.jpg,4.163361739e-07
2592711202_55f8c64495.jpg,4.832203474e-07
3263741906_6e4508d1c8.jpg,1.051551922e-06
3551281733_b43bf6f870.jpg,9.25436578e-07
493507605_48fe8e3739.jpg,3.952981609e-07
3535768334_a3924bcccd.jpg,7.222274139e-07
684375286_09cc1aa778.jpg,4.289512389e-07
2102732029_9ae520914d.jpg,6.477572216e-07
3426144752_28d63615ca.jpg,6.285478491e-07
346253487_687150ab04.jpg,6.610234448e-07
3454315016_f1e30d4676.jpg,5.769786256e-07
3550255426_4ab03c0d6e.jpg,4.334962058e-07
2236016316_f476cbbf06.jpg,1.050958055e-06
1675679141_36c9bc2969.jpg,6.788257341e-07
3139895886_5a6d495b13.jpg,7.425178319e-07
2265100168_175f8218af.jpg,7.821929611e-07
3523559027_a65619a34b.jpg,4.116049485e-07
421932359_edbf181f44.jpg,5.2172116e-07
3376942201_2c45d99237.jpg,9.635615927e-07
2458033289_f0616879df.jpg,5.350297702e-07
2709648336_15455e60b2.jpg,4.874479847e-07
2337809114_899ba61330.jpg,5.554793294e-07
3377344932_6dfce93248.jpg,5.069282962e-07
445655284_c29e6d7323.jpg,4.989475816e-07
3502993968_4ee36afb0e.jpg,4.626332079e-07
599366440_a238e805cf.jpg,6.696317977e-07
152029243_b3582c36fa.jpg,5.344234441e-07
2952751562_ff1c138286.jpg,5.532317201e-07
3336831820_5c5df4b033.jpg,8.27196364e-07
418616992_22090c6195.jpg,7.144501007e-07
3568225554_73cdb19576.jpg,5.601525437e-07
2545363449_1985903f82.jpg,6.624562657e-07
2176147758_9a8deba576.jpg,5.422174334e-07
3117562746_62f57a02b5.jpg,6.01592263e-07
1594038143_57f299aa8a.jpg,5.246820577e-07
2695001634_127fe2f0d7.jpg,4.554272103e-07
3082474922_9c3533eaf6.jpg,9.092381782e-07
3503623999_bbd5dcfb18.jpg,4.378185386e-07
1446933195_8fe9725d62.jpg,5.380036268e-07
3139389284_f01bd4c236.jpg,8.635340598e-07
848293676_98e73c52c1.jpg,1.215369162e-06
2924908529_0ecb3cdbaa.jpg,5.034497053e-07
3397228832_8ce5b1c26f.jpg,7.056724865e-07
2705947033_5999147842.jpg,5.084453917e-07
3533922605_a2b1e276f6.jpg,4.316920147e-07
3221815947_76c95b50b7.jpg,7.44734672e-07
3181701312_70a379ab6e.jpg,7.066197064e-07
415657941_454d370721.jpg,5.142358306e-07
412056525_191724b058.jpg,1.072618383e-06
2431832075_00aa1a4457.jpg,6.278828206e-07
3252457866_b86614064c.jpg,5.007046121e-07
3558370311_5734a15890.jpg,5.443428462e-07
537390477_7dd3407f96.jpg,1.036581423e-06
3526018344_450c517a72.jpg,6.246293509e-07
3138504165_c7ae396294.jpg,4.48425436e-07
1606988704_fe330878a3.jpg,5.790390326e-07
2430860418_fd0726f414.jpg,1.270968878e-06
2103568100_5d018c495b.jpg,4.952462456e-07
3068994801_b2bc079e67.jpg,2.693220926e-07
2630507245_bea4804288.jpg,6.266754952e-07
436009777_440c7679a1.jpg,3.027284243e-07
232874193_c691df882d.jpg,1.000879122e-06
525538142_7348f0bce7.jpg,9.573227229e-07
1465666502_de289b3b9c.jpg,5.373297337e-07
520491467_54cbc0a866.jpg,3.921777663e-07
542648687_adf13c406b.jpg,6.858575957e-07
3524914023_4e96edb09f.jpg,6.175249824e-07
2939007933_8a6ef2d073.jpg,4.606081569e-07
281419391_522557ce27.jpg,5.049800192e-07
549520317_af3d5c32eb.jpg,6.256300169e-07
3100251515_c68027cc22.jpg,4.58975721e-07
3397259310_1ed1a346b5.jpg,4.869640534e-07
2858439751_daa3a30ab8.jpg,3.889320245e-07
2422018883_336519b5c6.jpg,8.934817437e-07
2750867389_4b815f793a.jpg,5.157466444e-07
1598085252_f3219b6140.jpg,6.057868239e-07
2479553749_f7ac031940.jpg,4.415044283e-07
2522297487_57edf117f7.jpg,6.692495239e-07
3178005751_fca19815ac.jpg,5.193102968e-07
1453366750_6e8cf601bf.jpg,4.115816645e-07
3252588185_3210fe94be.jpg,6.142552165e-07
2115631346_9585a479b0.jpg,4.70678257e-07
2295894587_2fd8faf550.jpg,9.862213844e-07
3249014584_21dd9ddd9d.jpg,4.864877971e-07
3359089834_263e529c71.jpg,7.185908624e-07
3738789925_7d17dbdf25.jpg,5.892386893e-07
516998046_1175674fcd.jpg,6.866219233e-07
3697456750_460aea7252.jpg,4.080651299e-07
3447007090_08d997833a.jpg,5.338196733e-07
2225231022_1632d0a5aa.jpg,5.430294609e-07
3583321426_f373c52161.jpg,6.893389964e-07
3155361712_2cbf59c78e.jpg,4.787558041e-07
3099264059_21653e2536.jpg,3.518542808e-07
141139674_246c0f90a1.jpg,5.952394557e-07
3422458549_f3f3878dbf.jpg,4.637100868e-07
527968666_1fcddf81ab.jpg,5.591179692e-07
2339516180_12493e8ecf.jpg,4.631367276e-07
3280644151_3d89cb1e0e.jpg,4.964886403e-07
369802520_9825f2cd84.jpg,4.108804186e-07
533713007_bf9f3e25b4.jpg,4.575227197e-07
1579287915_4257c54451.jpg,4.695194296e-07
2121140070_a09644550b.jpg,6.279902125e-07
2359784186_36c9746d02.jpg,6.634424808e-07
2101128963_fdf8b2a0d7.jpg,5.105854889e-07
2647593678_1fa3bb516c.jpg,4.865264474e-07
2196846255_2c1635359a.jpg,5.252378163e-07
2869253972_aa72df6bf3.jpg,5.500251789e-07
3549277110_24d4064ccd.jpg,3.811171063e-07
2347921097_f2e35753c0.jpg,8.986112513e-07
2510560080_1439fe32f2.jpg,7.088335339e-07
2739332078_13d9acce59.jpg,5.25477217e-07
2423856014_8df0e7f656.jpg,4.178193992e-07
2998945968_86f236d1e8.jpg,4.931222248e-07
3348191949_b0b925e5f1.jpg,5.630043773e-07
2685788323_ceab14534a.jpg,8.481014493e-07
3544312930_3a0b8d70c1.jpg,6.802302273e-07
2136514643_93d8f75a77.jpg,4.375646839e-07
493621130_152bdd4e91.jpg,8.181313372e-07
2261169495_98254e2e66.jpg,4.156205162e-07
1424237335_b3be9920ba.jpg,5.09315628e-07
544122267_e9e0100bc5.jpg,4.059102828e-07
347543966_b2053ae78c.jpg,6.112671254e-07
3091962081_194f2f3bd4.jpg,5.261139044e-07
3673035152_da7ed916d9.jpg,6.62004817e-07
2525270674_4ab536e7ec.jpg,8.412823169e-07
2252264255_03fefc25af.jpg,7.553345518e-07
2902486045_6298eb22ef.jpg,7.47453773e-07
322050103_145f7233c6.jpg,4.837126779e-07
791338571_7f38510bf7.jpg,6.797243839e-07
3251906388_c09d44340e.jpg,7.777707434e-07
3148647065_2d6cd88cf6.jpg,7.139042546e-07
3524975665_7bec41578b.jpg,7.702224081e-07
3673484638_dce87295fe.jpg,5.117809499e-07
2837808847_5407af1986.jpg,6.93443162e-07
3380519003_9f91d5a7fb.jpg,6.021205998e-07
2891924845_92f69b0f18.jpg,9.198437178e-07
2773011586_6f4cd41e84.jpg,8.241982818e-07
172092464_d9eb4f4f2f.jpg,5.19969583e-07
3319489465_c65c91e4f2.jpg,6.664408258e-07
429205889_ff5a006311.jpg,6.463796598e-07
3203872773_6c30f64be3.jpg,5.564117216e-07
2551344688_17a12a6948.jpg,8.351468768e-07
217838128_1f0a84ddc1.jpg,5.964243954e-07
2662570182_350baa020f.jpg,6.42533167e-07
2649850541_59a6c7f01c.jpg,5.986387735e-07
3157744152_31ace8c9ed.jpg,4.444218128e-07
2642688531_8fb68b2147.jpg,5.071719943e-07
247652942_29ede19352.jpg,6.961339586e-07
2848977044_446a31d86e.jpg,4.5639458e-07
2847859796_4d9cb0d31f.jpg,4.677240388e-07
490390951_87395fcb1c.jpg,5.382660582e-07
3425414048_fa14d33067.jpg,5.48617125e-07
2774430374_fee1d793e7.jpg,8.593209966e-07
3212456649_40a3052682.jpg,3.409759095e-07
1220401002_3f44b1f3f7.jpg,7.419041198e-07
2540203582_9a9ac92a5d.jpg,5.194375055e-07
1918573100_d31cbb6b77.jpg,6.504571709e-07
3227111573_c82f7d68b1.jpg,7.047347471e-07
3480126681_52cea26bda.jpg,3.918016817e-07
3659686168_49c3abcee1.jpg,6.403356044e-07
2891617125_f939f604c7.jpg,4.626533641e-07
3358682439_be4b83544c.jpg,7.283297097e-07
2575647360_f5de38c751.jpg,5.386122489e-07
2752919987_8bfca604ab.jpg,4.089509245e-07
2672445419_251ce9419a.jpg,5.31478021e-07
299612419_b55fe32fea.jpg,5.015147037e-07
3328247381_a9f7fb4898.jpg,8.394286886e-07
2836360729_6500249fe6.jpg,2.936897672e-07
3660826540_481d25fbb0.jpg,5.803447263e-07
2378149488_648e5deeac.jpg,2.602309795e-07
267325341_1a96ef436e.jpg,5.786849014e-07
3682277595_55f8b16975.jpg,8.706653342e-07
399212516_d68046b277.jpg,4.512601798e-07
317383917_d8bfa350b6.jpg,9.204307055e-07
310260324_7f941814bc.jpg,5.719349519e-07
3737492755_bcfb800ed1.jpg,5.061814061e-07
3665996775_6d7d9a46f1.jpg,6.989706811e-07
3275711232_e261143664.jpg,7.600754164e-07
3733074526_82aa8d5f8d.jpg,7.703865701e-07
299676757_571ee47280.jpg,5.19052394e-07
2656749876_e32495bd8c.jpg,9.027892602e-07
624058168_f1c5e87e59.jpg,4.519055916e-07
287999021_998c2eeb91.jpg,6.064242255e-07
534875358_6ea30d3091.jpg,5.611347652e-07
341430859_4519802e8f.jpg,8.298369386e-07
1937104503_313d22a2d0.jpg,6.886460664e-07
2701271123_6761bc5f26.jpg,6.905914911e-07
143552697_af27e9acf5.jpg,6.699322064e-07
3019199755_a984bc21b1.jpg,4.170972893e-07
2009636597_e3f4fe19fb.jpg,5.03716781e-07
3229898555_16877f5180.jpg,6.51713309e-07
400851260_5911898657.jpg,1.107333428e-06
3156991513_3bf03333d8.jpg,4.410949996e-07
3472703856_568d9778b5.jpg,7.089024422e-07
1396703063_e8c3687afe.jpg,7.094726751e-07
1472230829_803818a383.jpg,7.472761331e-07
1685463722_55843b6d3c.jpg,8.275929609e-07
3248752274_96740ed073.jpg,6.251944987e-07
2256138896_3e24b0b28d.jpg,5.955480279e-07
3530504007_3272c57e21.jpg,6.274348884e-07
2875658507_c0d9ceae90.jpg,6.502096651e-07
3102363657_dc95fe6850.jpg,7.316795924e-07
2886411666_72d8b12ce4.jpg,5.820394269e-07
2766854400_640e2abe08.jpg,7.092339685e-07
276356412_dfa01c3c9e.jpg,4.177250532e-07
3257207516_9d2bc0ea04.jpg,4.802611085e-07
416106657_cab2a107a5.jpg,7.017100439e-07
3001612175_53567ffb58.jpg,5.26003421e-07
404850242_3a55a4c874.jpg,7.760819027e-07
1227655020_b11a1bb112.jpg,4.15395386e-07
2546959333_23b957988f.jpg,5.386154974e-07
244870123_dcb6e53643.jpg,6.265462379e-07
2896483502_6f807bae9e.jpg,7.808110549e-07
537532165_e4b7c0e61a.jpg,5.184189854e-07
530888330_a18343e38d.jpg,9.005431131e-07
975131015_9acd25db9c.jpg,5.781577616e-07
3293018193_e4e0c8db7c.jpg,6.145447317e-07
2616284322_b13e7c344e.jpg,6.473574666e-07
3477369101_8e0c61d8f4.jpg,4.794097733e-07
2172493537_128bc8b187.jpg,8.293023328e-07
3340857141_85d97a7466.jpg,3.682908023e-07
3023178539_836b50cd43.jpg,9.256738242e-07
3608752424_01a1cfd8a6.jpg,3.803125811e-07
2918880895_e61f74f2f0.jpg,7.693735708e-07
2657663775_bc98bf67ac.jpg,4.314096663e-07
1536774449_e16b1b6382.jpg,5.301374047e-07
1999444757_1b92efb590.jpg,7.537108969e-07
1387443857_602ab6f9bf.jpg,5.631806649e-07
2947274789_a1a35b33c3.jpg,8.256149386e-07
2286823363_7d554ea740.jpg,9.035648136e-07
3630332976_fdba22c50b.jpg,5.873069841e-07
2990977776_1ec51c9281.jpg,5.173971476e-07
3532761259_14026c1e96.jpg,6.640696671e-07
2219805467_370ee1b7aa.jpg,9.014346253e-07
3332248667_617606714b.jpg,5.967463102e-07
543363241_74d8246fab.jpg,6.317779044e-07
3115901702_f07aa0ef74.jpg,4.329823632e-07
3486154327_8be7c78569.jpg,4.022472891e-07
2171154778_8189169336.jpg,7.978376825e-07
3523874798_9ba2fa46e3.jpg,5.631557018e-07
2090997177_76d482b158.jpg,7.868430728e-07
2638369467_8fc251595b.jpg,5.532947225e-07
3582066525_e9d6377f56.jpg,8.190564637e-07
3671935691_57bdd0e778.jpg,5.651435384e-07
1406010299_5755339f08.jpg,5.634350067e-07
2424398046_1a55c71376.jpg,6.397286397e-07
3025495499_b15797b452.jpg,2.538839003e-07
2555535057_007501dae5.jpg,8.925970831e-07
2355819665_39021ff642.jpg,4.869199409e-07
3348208268_6d97d951eb.jpg,5.322065281e-07
551403320_dfdcf9fc3b.jpg,5.448196972e-07
2579268572_d78f8436cb.jpg,3.021970486e-07
2428751994_88a6808246.jpg,6.904781111e-07
745880539_cd3f948837.jpg,5.082025337e-07
2394824046_51cec8e5e7.jpg,6.190632333e-07
3164347907_2813f8ff0b.jpg,5.944508993e-07
2501595799_6316001e89.jpg,5.182227731e-07
1470061031_4cb59c12a8.jpg,6.625181901e-07
3649802021_8a689bc153.jpg,3.76235744e-07
3638577494_fe55f7b4cb.jpg,4.1082726e-07
2940594396_20c40947b0.jpg,5.250618605e-07
197924859_f6e39a7dfa.jpg,4.11564758e-07
2865703567_52de2444f2.jpg,4.251212564e-07
3758787457_1a903ee1e9.jpg,6.6523649e-07
2666078276_f7b3056997.jpg,6.171763298e-07
2737609659_efce872c24.jpg,5.294065643e-07
3131107810_7e9b96cddc.jpg,6.471929224e-07
2279945145_8815c59217.jpg,5.837198914e-07
241346434_0527ea1c07.jpg,8.390124207e-07
543940240_a54a3c7989.jpg,5.907381262e-07
309771854_952aabe3cc.jpg,7.067175471e-07
2676015068_690b0fb2cd.jpg,4.222715298e-07
3425127583_611200619a.jpg,3.086013726e-07
3122773470_b622205948.jpg,5.259862858e-07
3439128755_84409b8823.jpg,7.947591507e-07
2922222717_12195af92d.jpg,5.737578359e-07
361092202_3d70144ebd.jpg,8.089445777e-07
3692892751_f6574e2700.jpg,5.555961765e-07
439569646_c917f1bc78.jpg,6.532709351e-07
2856699493_65edef80a1.jpg,6.781747883e-07
197107117_4b438b1872.jpg,3.832708838e-07
95728660_d47de66544.jpg,6.581331758e-07
2215136723_960edfea49.jpg,4.796545974e-07
2657643451_b9ddb0b58f.jpg,3.77061648e-07
2815788792_d226215d10.jpg,1.2298963e-06
512991147_dc48e6839c.jpg,4.080847167e-07
332045444_583acaefc3.jpg,8.456024951e-07
3584406900_039f30b34c.jpg,5.913651973e-07
486300784_2cc7a770ff.jpg,7.831415866e-07
2773682293_3b712e47ff.jpg,4.456990628e-07
1355833561_9c43073eda.jpg,8.71517848e-07
1481062342_d9e34366c4.jpg,4.932197838e-07
688940111_325a74674a.jpg,7.014435826e-07
478754346_addb53893c.jpg,4.851669209e-07
2194286203_5dc620006a.jpg,4.795219618e-07
392976422_c8d0514bc3.jpg,6.728077003e-07
2103361407_4ed4fc46bf.jpg,8.345481439e-07
2525455265_f84ba72bd7.jpg,3.453543837e-07
2938316391_97382d14aa.jpg,7.573324494e-07
3659769138_d907fd9647.jpg,6.686898647e-07
3455405300_aa3069ecaa.jpg,5.741498719e-07
3646970605_d25c25340b.jpg,4.630726386e-07
3438858409_136345fa07.jpg,3.669306803e-07
887108308_2da97f15ef.jpg,4.632457529e-07
3025334206_76888792e5.jpg,3.853113498e-07
364213568_7f83e7d144.jpg,5.901898284e-07
3198237818_cb5eb302f0.jpg,5.114572887e-07
824782868_a8f532f3a6.jpg,4.359538932e-07
3256603992_67312b5a36.jpg,3.017639825e-07
2589156742_c46bc82137.jpg,8.668240232e-07
2846785268_904c5fcf9f.jpg,3.336047954e-07
3003612178_8230d65833.jpg,3.127596004e-07
619169586_0a13ee7c21.jpg,7.11361138e-07
2021671653_567395c7cf.jpg,6.043608882e-07
2043427251_83b746da8e.jpg,6.461332771e-07
3625519177_4c2bb9e7f0.jpg,5.476010758e-07
394463341_5311c53783.jpg,5.252498744e-07
3344526059_4a097af285.jpg,4.63690431e-07
2378127945_8dc9da82d7.jpg,7.329156336e-07
3690425778_3b390b3ea5.jpg,4.576660887e-07
3470129475_9e58b6742c.jpg,3.180999166e-07
1388346434_524d0b6dfa.jpg,4.281374169e-07
3334057289_68ece38a85.jpg,5.326093004e-07
2182050469_1edac0bc60.jpg,7.588448655e-07
2399219552_bbba0a9a59.jpg,4.570109183e-07
2866254827_9a8f592017.jpg,6.197354743e-07
3434452829_62cee280bc.jpg,3.345277656e-07
2467853482_17009933e8.jpg,6.337788421e-07
978580450_e862715aba.jpg,7.000194401e-07
3435648640_b2f68efb78.jpg,6.362643048e-07
3104909823_0f41dd8be6.jpg,9.73052276e-07
3336759846_5220e27deb.jpg,3.558865129e-07
491600485_26c52c8816.jpg,3.109930736e-07
3613005134_bb7f304da1.jpg,6.445204236e-07
1378557186_4bd1da6834.jpg,3.426686824e-07
551664516_78a5131dc4.jpg,4.533271394e-07
3725177385_62d5e13634.jpg,5.755346353e-07
765091078_a8a11c6f9e.jpg,7.332563598e-07
3046430047_d7b10123d0.jpg,3.369807181e-07
2483993827_243894a4f9.jpg,7.973205772e-07
2125454445_5c5c4bf906.jpg,3.218632622e-07
3219065971_702c4e8c34.jpg,5.18827865e-07
1965278563_8279e408de.jpg,5.821770706e-07
439049388_3dcee2d30b.jpg,5.047591508e-07
3207358897_bfa61fa3c6.jpg,4.535391416e-07
2090327868_9f99e2740d.jpg,5.656462134e-07
195962284_e57178054a.jpg,5.030084979e-07
2854207034_1f00555703.jpg,5.988564704e-07
2592019072_a6c0090da4.jpg,6.710835258e-07
483039719_75181b2726.jpg,6.344887718e-07
2613920405_e91e6ebd7a.jpg,4.862268399e-07
905355838_3a43fdfd4e.jpg,7.245802204e-07
3638459638_ec74e3ff89.jpg,6.428591799e-07
3381788544_2c50e139dd.jpg,7.890464368e-07
3252985078_c4ee2aca4e.jpg,4.373744977e-07
3563673070_71fa0903ed.jpg,5.129825393e-07
3708839890_ed448012cf.jpg,3.293380041e-07
2661567396_cbe4c2e5be.jpg,5.44181384e-07
3321063116_4e5deeac83.jpg,8.240884736e-07
1897025969_0c41688fa6.jpg,7.278163015e-07
516214924_c2a4364cb3.jpg,7.95923209e-07
3110649716_c17e14670e.jpg,6.086966533e-07
524310507_51220580de.jpg,3.343735454e-07
3474265683_43b1033d94.jpg,5.85979822e-07
2384401298_e389c01abc.jpg,3.606954154e-07
3705976184_53ae07e898.jpg,5.860968825e-07
2243904502_2d265fed80.jpg,5.096543251e-07
1122944218_8eb3607403.jpg,8.618592984e-07
95734035_84732a92c1.jpg,6.492392088e-07
1814391289_83a1eb71d3.jpg,6.27559915e-07
3342487512_fd33971dea.jpg,5.579786424e-07
1562392511_522a26063b.jpg,5.749553158e-07
86542183_5e312ae4d4.jpg,6.202395664e-07
3301021288_95935b7a74.jpg,6.594094924e-07
3245070961_8977fdd548.jpg,8.633447844e-07
3181322965_ce9da15271.jpg,4.908026957e-07
1561658940_a947f2446a.jpg,2.578453482e-07
2021602343_03023e1fd1.jpg,6.043810319e-07
2978735290_7464b12270.jpg,4.251403424e-07
3371266735_43150bce52.jpg,4.781554835e-07
1163282319_b729b24c46.jpg,6.715474298e-07
3115174046_9e96b9ce47.jpg,6.421521621e-07
3500342526_393c739e2f.jpg,4.241449227e-07
3357416302_fcfcdd7b86.jpg,3.72941121e-07
3081363964_d404eccae8.jpg,7.185719475e-07
2113530024_5bc6a90e42.jpg,3.842287234e-07
3191805046_77c334b506.jpg,7.908591957e-07
3443351431_7b4061df5c.jpg,6.793193651e-07
3484649669_7bfe62080b.jpg,4.685859151e-07
3487979741_5f244c0c4b.jpg,4.429321559e-07
3039214579_43ef79f931.jpg,5.896443835e-07
2449552677_ee78f01bae.jpg,4.113465602e-07
2527303359_6c3dc3f282.jpg,6.686821101e-07
3035785330_2fd5e32bb1.jpg,6.460458024e-07
3423509305_e399d005db.jpg,7.490160164e-07
578644583_da3ff18dd1.jpg,5.876044622e-07
3443853670_6c79fcfcb2.jpg,5.320656209e-07
3342272425_804316cb3d.jpg,5.827763852e-07
1429723917_6af585e4c0.jpg,9.535466033e-07
2934801096_230ae78d7e.jpg,3.639898935e-07
2567035103_3511020c8f.jpg,5.252757445e-07
427683329_95d510a087.jpg,7.491618334e-07
1425069308_488e5fcf9d.jpg,7.708107161e-07
2206600240_f65df56a09.jpg,6.297945114e-07
755326139_ee344ece7b.jpg,6.074922539e-07
418357172_bdddf71d32.jpg,6.196825967e-07
1676601498_7d59327523.jpg,8.241172233e-07
3322200641_c2e51ff37b.jpg,6.564759649e-07
2596619849_7b635dd310.jpg,5.29844875e-07
2380740486_8cd5d4601a.jpg,1.445486846e-06
439037721_cdf1fc7358.jpg,6.035554281e-07
447722389_4b51b7e13d.jpg,6.062524609e-07
3597354819_0069aaf16e.jpg,6.656801968e-07
2366421102_2d60d53a0e.jpg,3.727928762e-07
3374722123_6fe6fef449.jpg,2.371818016e-07
3728164558_52729baefa.jpg,6.773167173e-07
3425061393_d093edb8da.jpg,3.920170947e-07
3449170348_34dac4a380.jpg,5.161707237e-07
1787222774_d5c68cce53.jpg,6.600662683e-07
3616846215_d61881b60f.jpg,5.240797609e-07
2060031241_a3ae7a06bb.jpg,6.394557973e-07
3628698119_5566769777.jpg,5.528228907e-07
3315353266_70f0bbb1c3.jpg,5.230926539e-07
488590040_35a3e96c89.jpg,5.539026875e-07
3085973779_29f44fbdaa.jpg,6.739715038e-07
377872472_35805fc143.jpg,8.745456531e-07
463978865_c87c6ca84c.jpg,5.833268654e-07
3249891130_b241591e89.jpg,5.008109857e-07
2954584849_3c2899f319.jpg,4.003670956e-07
2308978137_bfe776d541.jpg,7.77041794e-07
3596959859_a7cb1e194b.jpg,4.760065381e-07
3647826834_dc63e21bd0.jpg,4.870133224e-07
2058124718_89822bc96e.jpg,8.75966779e-07
3356284586_21c6f155a5.jpg,7.633422629e-07
2629294578_853a08bb43.jpg,8.686221499e-07
2186139563_e60c1d4b8b.jpg,4.454283778e-07
2445654384_4ee3e486e1.jpg,4.940774643e-07
3351111378_b5d80783a1.jpg,5.221251578e-07
3585117340_73e96b6173.jpg,1.263563997e-06
2710280476_dcccb8745a.jpg,6.167843248e-07
3718964174_cb2dc1615e.jpg,6.538929298e-07
2754271176_4a2cda8c15.jpg,5.670782286e-07
3134586018_ae03ba20a0.jpg,9.789523191e-07
1626754053_81126b67b6.jpg,8.070262316e-07
3359530430_249f51972c.jpg,6.368609574e-07
3604384157_99241be16e.jpg,6.360869462e-07
2160266952_a2ab39191b.jpg,6.259648914e-07
3461049169_e068ae4f25.jpg,5.944043746e-07
2695085632_10c4e6ea78.jpg,4.401349953e-07
575636303_b0b8fd4eee.jpg,5.116948927e-07
3284899112_f11ab3cfe6.jpg,5.09684252e-07
1093737381_b313cd49ff.jpg,6.431083382e-07
3544483327_830349e7bc.jpg,4.337174807e-07
2992999413_018f48aabc.jpg,3.932421594e-07
1813266419_08bf66fe98.jpg,1.119467455e-06
424379231_23f1ade134.jpg,7.724916232e-07
3176278670_195eea071c.jpg,6.073196916e-07
2967630001_cdc5560c0b.jpg,6.474473459e-07
353180303_6a24179c50.jpg,8.447721206e-07
2875583266_4da13ae12d.jpg,3.810818193e-07
3679707139_1cc1e71237.jpg,6.480545615e-07
3565598162_56044bc2f7.jpg,5.401538528e-07
2882589788_cb0b407a8d.jpg,6.309132968e-07
3060969260_08f43e4f4f.jpg,6.592173294e-07
2922981282_203f04bf9b.jpg,7.436812614e-07
3336808362_c17837afd8.jpg,3.060960414e-07
312156254_ef31dca5ed.jpg,4.21385639e-07
3356748019_2251399314.jpg,3.926587713e-07
3576741633_671340544c.jpg,5.890868282e-07
3330654550_3efe9a71af.jpg,4.6358537e-07
3516285214_59823b341e.jpg,9.435875847e-07
2322601965_748d59dc57.jpg,3.9713904e-07
2346402952_e47d0065b6.jpg,5.596265228e-07
1732217138_aa0199ef87.jpg,6.555236448e-07
3189293145_35dea42679.jpg,4.790917937e-07
488408004_a1e26d4886.jpg,6.001339322e-07
497579819_f91b26f7d3.jpg,5.277850414e-07
3424934891_69f18da66e.jpg,5.311346544e-07
3053813297_7ce5f87710.jpg,4.66008191e-07
747921928_48eb02aab2.jpg,2.827076365e-07
3584534971_b44f82c4b9.jpg,9.25640755e-07
1773928579_5664a810dc.jpg,4.417997182e-07
2539933563_17ff0758c7.jpg,6.694996519e-07
3009035153_715e39b440.jpg,4.965177642e-07
3619416477_9d18580a14.jpg,5.594320192e-07
2568656919_6e49d2a82b.jpg,7.288616477e-07
2204777844_1bcf26bf84.jpg,8.00383362e-07
436608339_f1d1298770.jpg,9.00920421e-07
3669069522_555c97fbfb.jpg,5.66449578e-07
2584020755_14e2b3e8fc.jpg,6.103013829e-07
444845904_a4531c811a.jpg,5.632287692e-07
186348874_75b2cf1ec5.jpg,4.708376659e-07
2862481071_86c65d46fa.jpg,4.927207412e-07
3109704348_c6416244ce.jpg,5.461442669e-07
368212336_bc19b0bb72.jpg,4.026011338e-07
735787579_617b047319.jpg,6.96235016e-07
3304511635_113beaf458.jpg,6.784492383e-07
3519815055_304dc8e8d6.jpg,4.026662075e-07
1404832008_68e432665b.jpg,7.564873788e-07
1252787177_4b08625897.jpg,6.829592808e-07
3333675897_0043f992d3.jpg,9.231087243e-07
3176968956_d942a93513.jpg,4.841700754e-07
2519594430_551225e5bd.jpg,5.743311105e-07
403678611_73978faed7.jpg,5.55632324e-07
3458215674_2aa5e64643.jpg,5.069721306e-07
3355827928_c96c0c3e88.jpg,6.697826663e-07
3376435746_1593d9b243.jpg,5.702485543e-07
3265209567_b3b9c8e0fe.jpg,6.116248351e-07
418796494_bdb441de42.jpg,9.216232611e-07
3216762979_813c45a8ec.jpg,8.686002681e-07
3639967449_137f48b43d.jpg,5.105490667e-07
3335501468_628655d608.jpg,7.134644941e-07
766099402_cdda6964f0.jpg,3.523022051e-07
3195701071_81879257f5.jpg,5.226953694e-07
3498354674_b636c7992f.jpg,4.232856951e-07
405051459_3b3a3ba5b3.jpg,8.995340265e-07
3405759441_fb31c80240.jpg,7.584762843e-07
3492734013_e6b177ed99.jpg,5.135314603e-07
2224995194_518859d97d.jpg,4.879411639e-07
2269961438_cae7a9c725.jpg,9.623479418e-07
3293945284_6a04e477a9.jpg,6.004687676e-07
2057305043_952b8dc82c.jpg,7.608186342e-07
3256274183_4eab3b2322.jpg,5.207316206e-07
640409060_6af18fdd54.jpg,5.877529469e-07
2857609295_16aaa85293.jpg,9.644873181e-07
3479245321_6a5bc470f8.jpg,5.319782398e-07
3482787182_a5c6d4b386.jpg,5.397197146e-07
263854883_0f320c1562.jpg,4.82182106e-07
3084034954_fe5737197d.jpg,5.025871855e-07
2911107495_e3cec16a24.jpg,6.278835313e-07
2273105617_7c73d2d2d3.jpg,5.062413795e-07
2772084628_c0ae29d87a.jpg,4.284454839e-07
3663951804_868982f3f9.jpg,6.476927621e-07
437404867_209625774d.jpg,4.253492601e-07
3376014640_ff5b00769f.jpg,4.352105207e-07
771366843_a66304161b.jpg,3.266889692e-07
3084011028_d1e2c40d7d.jpg,7.109227358e-07
2157003092_eaeb977789.jpg,4.507271006e-07
3504940491_94c43792ed.jpg,3.341484453e-07
2993049054_611f900644.jpg,9.849335933e-07
2544182005_3aa1332bf9.jpg,3.609514143e-07
2924884899_f512c84332.jpg,5.254891979e-07
2090386465_b6ebb7df2c.jpg,4.83243841e-07
127450902_533ceeddfc.jpg,6.129311903e-07
3234401637_84e0d14414.jpg,6.791392601e-07
1429546659_44cb09cbe2.jpg,5.872918044e-07
2564663851_3a9832e4fc.jpg,6.829547339e-07
3554634863_5f6f616639.jpg,4.570053417e-07
2929006980_9f9f8f3d21.jpg,3.82192991e-07
3425835357_204e620a66.jpg,6.804763685e-07
2075493556_b763648389.jpg,5.526460675e-07
3556390715_65c6d1e88b.jpg,8.01254798e-07
3590654365_fd4819f48b.jpg,5.584275497e-07
265528702_8653eab9fa.jpg,6.262653159e-07
3551787566_b5ebbe2440.jpg,5.090925711e-07
2736902411_a0010f89ae.jpg,3.204671486e-07
3413669228_ec64efeb34.jpg,5.671990178e-07
3700346840_bb80d622f7.jpg,5.492213571e-07
3036641436_d6594fc45f.jpg,5.322704301e-07
2974501005_346f74e5d8.jpg,6.9531889e-07
2599444370_9e40103027.jpg,5.327968611e-07
3187096035_65dc416291.jpg,7.850573956e-07
2543679402_9359e1ee4e.jpg,6.619034521e-07
1245022983_fb329886dd.jpg,4.591843568e-07
3472066410_065b4f99d3.jpg,7.94224637e-07
3016741474_72b4355198.jpg,5.214392922e-07
1802092493_7b44fdb6b9.jpg,4.337361802e-07
2181724497_dbb7fcb0a9.jpg,7.790207091e-07
3539840291_1c3eed701d.jpg,5.426028334e-07
3264464625_c711cc40c6.jpg,8.416816271e-07
447733067_09cfac3286.jpg,5.715462317e-07
3201594926_cd2009eb13.jpg,5.704458555e-07
289599470_cc665e2dfb.jpg,5.927344869e-07
3656030945_fa003bd696.jpg,9.575671507e-07
979383193_0a542a059d.jpg,6.379867389e-07
3155400369_69e3d6d70f.jpg,4.406254396e-07
3043685748_130db75e3b.jpg,4.781521957e-07
2072574835_febf0c5fb9.jpg,7.045339819e-07
300314926_0b2e4b64f5.jpg,6.015128617e-07
3530087422_7eb2b2c289.jpg,5.58814066e-07
293327462_20dee0de56.jpg,5.483457674e-07
750196276_c3258c6f1b.jpg,8.345048567e-07
2619454551_c4bb726a85.jpg,3.710349911e-07
300148649_72f7f0399c.jpg,5.475900843e-07
894928353_002a3d5f06.jpg,3.779015873e-07
2917057791_3d68a055ca.jpg,4.390807273e-07
366713533_bd6d48cf02.jpg,4.698231558e-07
3398746625_5199beea71.jpg,5.450965057e-07
3191135894_2b4bdabb6d.jpg,1.25374655e-06
2973269132_252bfd0160.jpg,9.800310629e-07
3315616181_15dd137e27.jpg,4.062927036e-07
1251558317_4ef844b775.jpg,4.819919416e-07
1932314876_9cc46fd054.jpg,5.313400623e-07
366548880_3d3e914746.jpg,4.390867662e-07
3448855727_f16dea7b03.jpg,7.355030653e-07
3025315215_a5d367971a.jpg,6.890384043e-07
3017203816_5dc2a6b392.jpg,5.369647824e-07
2707933554_f6dc5e0e3c.jpg,6.655036598e-07
2516317118_10ae66b87a.jpg,1.040045028e-06
2426215757_e008a91fcb.jpg,6.382951494e-07
2806710650_e201acd913.jpg,7.256080265e-07
3319338707_892ae2a660.jpg,4.296071543e-07
3681651647_08eba60f89.jpg,5.678174082e-07
1461653394_8ab96aae63.jpg,9.260586895e-07
3216085740_699c2ce1ae.jpg,4.047834029e-07
3582914739_bef2828a06.jpg,5.430215697e-07
256958382_b9006bfc5b.jpg,6.290880907e-07
3466891862_9afde75568.jpg,7.281038255e-07
1022454332_6af2c1449a.jpg,5.681038048e-07
2375924666_fee50f1cba.jpg,7.314236003e-07
2975807155_5a8610c297.jpg,6.942540587e-07
2918653119_f535fc25c4.jpg,4.744507441e-07
3432586199_e50b0d6cb7.jpg,6.59614633e-07
3090386315_87ed417814.jpg,6.686171989e-07
2970461648_fe14ba0359.jpg,6.127364449e-07
3474985112_24ef46e82d.jpg,5.112285811e-07
2715155329_1ed1756000.jpg,4.934997974e-07
2981372647_2061278c60.jpg,5.624057402e-07
3199645963_a681fe04f8.jpg,4.111972324e-07
3361882891_6e610ffdbb.jpg,6.612385029e-07
370442541_60d93ecd13.jpg,4.870676418e-07
1482960952_95f2d419cb.jpg,7.55362506e-07
1198194316_543cc7b945.jpg,4.883288931e-07
2136992638_098d62a3c5.jpg,1.245737288e-06
2831672255_d779807c14.jpg,6.836730323e-07
3133403457_95dfe11da1.jpg,6.082556186e-07
2270483627_16fe41b063.jpg,5.475890709e-07
2830880811_d7f66dd2cf.jpg,4.725806002e-07
3028969146_26929ae0e8.jpg,5.06986686e-07
3435015880_eda46ff50f.jpg,7.612565554e-07
3210457502_c6030ce567.jpg,4.354888015e-07
3246804978_ea2c9e56f2.jpg,1.026136944e-06
544301311_5e7d69a517.jpg,6.275821688e-07
3405113041_4b72c24801.jpg,4.62613206e-07
3494345896_dd6b32cfa3.jpg,7.644392645e-07
3697153626_90fb177731.jpg,5.080349523e-07
2942094037_f6b36fd3db.jpg,6.906834345e-07
3688839836_ba5e4c24fc.jpg,5.232444279e-07
1234293791_6566284bcd.jpg,4.755228488e-07
2998024845_1529c11694.jpg,6.83738379e-07
3514179514_cbc3371b92.jpg,4.626523609e-07
2877637572_641cd29901.jpg,4.268264817e-07
3336211088_4c294a870b.jpg,5.098628156e-07
453756106_711c20471a.jpg,7.267324144e-07
3116039960_54d1d68145.jpg,6.694617275e-07
3634828052_3b6aeda7d6.jpg,7.064791142e-07
1384292980_4022a7520c.jpg,5.747359058e-07
2747640247_b54bfa6886.jpg,5.140707512e-07
2784625888_71a421e171.jpg,2.973148424e-07
2059616165_b7c99c1009.jpg,5.722647258e-07
2232518012_8cb0bbc43b.jpg,5.59892214e-07
3079787482_0757e9d167.jpg,1.097725628e-06
531197115_2be4d5034b.jpg,3.293128581e-07
2194797921_96af7a9467.jpg,7.153782387e-07
3211210739_3dea005fde.jpg,5.747225386e-07
229951087_4c20600c32.jpg,6.702315017e-07
3582814058_564776f26c.jpg,5.44382294e-07
241347547_902725b9f8.jpg,7.203712753e-07
265223843_9ef21e1872.jpg,7.865163698e-07
3576840040_9356b5b10a.jpg,3.628263561e-07
2170187328_65c2f11891.jpg,5.399804643e-07
374104006_7f32c8c5de.jpg,5.344651292e-07
3391209042_d2de8a8978.jpg,6.327759126e-07
3073579130_7c95d16a7f.jpg,4.216312793e-07
3153828367_5fc2c37c07.jpg,6.206062631e-07
2664102751_d5a737a566.jpg,7.477530932e-07
799431781_65dc312afc.jpg,5.476860333e-07
3403370354_5d266873b4.jpg,5.519305832e-07
2107838729_a527e434bd.jpg,6.1861515e-07
3458625738_297857369c.jpg,6.803236333e-07
2102724238_3cf921d7bb.jpg,7.245709418e-07
2606433181_f8f9d38579.jpg,8.79434733e-07
2062607137_dac194ad02.jpg,5.522151096e-07
3108544687_c7115823f5.jpg,5.721732276e-07
2870875612_2cbb9e4a3c.jpg,6.760246373e-07
2479652566_8f9fac8af5.jpg,5.556339732e-07
2508313118_524e93d48c.jpg,5.067424846e-07
2271468944_3264d29208.jpg,6.773790698e-07
2538477523_1da77eb11c.jpg,4.059338281e-07
2872806249_00bea3c4e7.jpg,3.275839374e-07
3506216254_04d119cac7.jpg,5.551895395e-07
1020651753_06077ec457.jpg,9.215484065e-07
3582920844_2742804f3d.jpg,3.924707131e-07
3726590391_bc6e729bb6.jpg,4.138276796e-07
1574401950_6bedc0d29b.jpg,3.362669235e-07
409327234_7b29eecb4e.jpg,6.850681235e-07
2540326842_bb26cec999.jpg,6.213664862e-07
3467073304_aefe553c4d.jpg,5.534114584e-07
522700240_d9af45e60d.jpg,8.532757249e-07
3595408539_a7d8aabc24.jpg,9.757879952e-07
3601803640_5f3cb05acf.jpg,5.773897985e-07
3397803103_8a46d716f4.jpg,6.423499779e-07
1440024115_129212c988.jpg,7.433357926e-07
1032122270_ea6f0beedb.jpg,8.547912575e-07
2581066814_179d28f306.jpg,4.305430488e-07
2406591500_403f145905.jpg,6.3806393e-07
2274992140_bb9e868bb8.jpg,4.109179977e-07
3475111806_f0d2927707.jpg,4.417746898e-07
3634032601_2236676cdd.jpg,4.019529039e-07
2250870111_8402d2319d.jpg,4.534217572e-07
1473250020_dc829a090f.jpg,4.564238076e-07
3130064588_6d1d3fa2dd.jpg,5.961372127e-07
1478606153_a7163bf899.jpg,4.489159688e-07
2302516347_26054442f9.jpg,4.014270659e-07
3461041826_0e24cdf597.jpg,4.269414507e-07
3259229498_2b5708c0c6.jpg,5.491520714e-07
3217893350_57be430d06.jpg,5.289796783e-07
2098418613_85a0c9afea.jpg,5.614712704e-07
160792599_6a7ec52516.jpg,6.87660322e-07
2100046085_69b59b6645.jpg,4.649479039e-07
2629334536_11f2d49e05.jpg,4.461515826e-07
407008823_bdd7fc6ed5.jpg,5.371801825e-07
509123893_07b8ea82a9.jpg,5.034925041e-07
326585030_e1dcca2562.jpg,6.442210749e-07
270816949_ffad112278.jpg,6.634351532e-07
3375070563_3c290a7991.jpg,6.452930263e-07
3613375729_d0b3c41556.jpg,3.78351445e-07
244399048_8332bb3270.jpg,1.264248376e-06
3165936115_cb4017d94e.jpg,3.993154512e-07
3031263767_2e3856130e.jpg,3.885606741e-07
3665569615_9a71c4b6e4.jpg,6.583447074e-07
661757041_61e131e913.jpg,5.01054883e-07
3442272060_f9155194c2.jpg,5.918680089e-07
3514184232_b336414040.jpg,3.615381056e-07
1187435567_18173c148b.jpg,7.618498159e-07
3147913471_322ea231d9.jpg,3.904147009e-07
1784309115_0ad6791146.jpg,1.360852007e-06
2714699748_c9270dd5aa.jpg,8.733850392e-07
3262301835_9f1a49b80a.jpg,6.540697716e-07
3331525712_af1dcc47f2.jpg,5.3809563e-07
2402744031_11f9f2f2b8.jpg,6.140717951e-07
3572144280_ea42bbd927.jpg,4.792091924e-07
2739331794_4ae78f69a0.jpg,3.718879596e-07
3245912109_fdeef6b456.jpg,6.286084223e-07
3518675890_2f65e23ff9.jpg,6.539138859e-07
3458379941_657182bb09.jpg,3.31178005e-07
2428086758_bce4733f7e.jpg,5.078811454e-07
1794818900_e0ffdd268e.jpg,7.643188929e-07
1386251841_5f384a0fea.jpg,3.507923421e-07
1121416483_c7902d0d49.jpg,5.453974507e-07
247097023_e656d5854d.jpg,6.458192084e-07
2431120202_b24fe2333a.jpg,5.737091087e-07
2909609550_070eea49b5.jpg,1.694661143e-06
2635908229_b9fc90d3fb.jpg,6.071107962e-07
3544803461_a418ca611e.jpg,5.217582628e-07
3214100656_80cda1b86b.jpg,4.012000358e-07
3703960010_1e4c922a25.jpg,4.861326974e-07
2317714088_bcd081f926.jpg,6.294859957e-07
3298175192_bbef524ddc.jpg,6.196657626e-07
3353950389_1153d5e452.jpg,7.35020251e-07
3705430840_e108de78bf.jpg,5.789199052e-07
3427023324_f1f6504bf4.jpg,5.864794248e-07
3084010872_cbc3ea8239.jpg,6.936501865e-07
2498897831_0bbb5d5b51.jpg,4.904035302e-07
3636418958_f038130bb2.jpg,4.097303414e-07
584484388_0eeb36d03d.jpg,4.74014328e-07
3666574371_317b008d2a.jpg,8.516568181e-07
3254645823_a7c072481c.jpg,7.215236271e-07
2687529141_edee32649e.jpg,4.534452273e-07
540604040_bec822c144.jpg,7.107611095e-07
3280052365_c4644bf0a5.jpg,6.636000761e-07
2295750198_6d152d7ceb.jpg,1.594858714e-06
530950375_eea665583f.jpg,4.350181934e-07
251958970_fa6b423f23.jpg,5.284719308e-07
1459250022_bf1eddad11.jpg,5.675475637e-07
2596514158_c516e57974.jpg,6.887771251e-07
3192311620_99bda27fbd.jpg,1.008173532e-06
244760301_5809214866.jpg,6.608450848e-07
2923475135_a6b6e13d26.jpg,5.590558432e-07
3177799416_5bd0382370.jpg,5.548113796e-07
2507182524_7e83c6de82.jpg,6.294815902e-07
2370481277_a3085614c9.jpg,4.891528042e-07
2141713971_e25eb12712.jpg,7.472672088e-07
2883907436_82bf4a36b8.jpg,8.321725687e-07
498444334_a680d318a1.jpg,6.104821353e-07
222759342_98294380fc.jpg,7.030145223e-07
3502343542_f9b46688e5.jpg,4.970207643e-07
2721656220_5f4cda8bc1.jpg,5.181547665e-07
424869823_7aec015d87.jpg,6.467956572e-07
3148811252_2fa9490a04.jpg,4.732343919e-07
3415287719_3c776f370e.jpg,7.237687879e-07
2444134813_20895c640c.jpg,4.517040383e-07
2260560631_09093be4c6.jpg,5.408831231e-07
3396153660_f729d9f9b9.jpg,7.738183347e-07
3432634159_1eb9a73306.jpg,3.726142131e-07
751737218_b89839a311.jpg,5.992677026e-07
3078229723_2aa52600de.jpg,7.447006771e-07
470887785_e0b1241d94.jpg,4.604688226e-07
3615239961_62b4dbc174.jpg,3.613102848e-07
3125158798_0743dae56e.jpg,5.011605973e-07
468608014_09fd20eb9b.jpg,6.017485643e-07
109738916_236dc456ac.jpg,4.43975389e-07
2852982055_8112d0964f.jpg,6.103793026e-07
2367317953_503317493e.jpg,3.089269272e-07
3206058778_7053ee6b52.jpg,4.223894565e-07
3667908724_65c7d112f2.jpg,8.031490244e-07
519061891_320061864e.jpg,5.312071697e-07
3271468462_701eb88d3b.jpg,4.369452412e-07
2199083344_3aa77f4879.jpg,7.060915397e-07
3621741935_54d243f25f.jpg,4.916963871e-07
2087317114_cf06df5aa5.jpg,8.356849341e-07
3238654429_d899e34287.jpg,5.505198821e-07
2268596214_ca532f5c63.jpg,5.569421502e-07
3564312955_716e86c48b.jpg,6.581034344e-07
1714316707_8bbaa2a2ba.jpg,2.862134765e-07
109260216_85b0be5378.jpg,6.977130107e-07
2872197070_4e97c3ccfa.jpg,9.557660663e-07
747242766_afdc9cb2ba.jpg,4.673704007e-07
191003287_2915c11d8e.jpg,7.453879012e-07
399246804_b4b5dc70e1.jpg,6.067901551e-07
3259222690_69737f2a6e.jpg,5.381507453e-07
2543017787_9720b4fa1c.jpg,5.11021682e-07
417577408_eb571658c1.jpg,2.704226197e-07
832128857_1390386ea6.jpg,6.839115553e-07
3443161359_65544fd732.jpg,7.03606893e-07
3322389758_394c990b6a.jpg,5.941025259e-07
269361490_a22ae818bf.jpg,5.96576601e-07
3421131122_2e4bde661e.jpg,6.541784416e-07
989754491_7e53fb4586.jpg,3.777193288e-07
3174726084_c108de0a64.jpg,6.27291015e-07
3745451546_fc8ec70cbd.jpg,5.142077046e-07
2374247382_023a86b9ca.jpg,6.455573344e-07
246231741_882b45c4e1.jpg,6.626720971e-07
2887798667_ce761d45e8.jpg,4.013619934e-07
425706089_f138118e12.jpg,4.444806405e-07
3320756943_9d004f9824.jpg,5.099600836e-07
255091930_aa2b5c0eb9.jpg,5.531319479e-07
2226534154_cbcab7ba32.jpg,5.746841565e-07
3694064560_467683205b.jpg,5.919713079e-07
3201666946_04fe837aff.jpg,6.763414801e-07
1799271536_6e69c8f1dc.jpg,5.257882956e-07
2426724282_237bca30b5.jpg,8.208046652e-07
526955751_f519d62b58.jpg,7.625521323e-07
3089742441_d42531c14f.jpg,4.843102591e-07
3520869880_2e8b7d7842.jpg,6.102693262e-07
3244747165_17028936e0.jpg,8.731913295e-07
2644430445_47c985a2ee.jpg,3.911993284e-07
3526150930_580908dab6.jpg,5.912690786e-07
3713882697_6dd30c7505.jpg,4.684291537e-07
3266306177_7994dc2865.jpg,6.615722293e-07
2883099128_0b056eed9e.jpg,8.550090255e-07
2812125355_5e11a76533.jpg,8.563105391e-07
3607489370_92683861f7.jpg,4.630206927e-07
2399551242_c62a46dd5f.jpg,4.726060137e-07
2199250692_a16b0c2ae1.jpg,5.124546289e-07
275002371_5b200e6a92.jpg,4.006563966e-07
3169777863_d745865784.jpg,7.537028794e-07
3604391853_b4809fcb8c.jpg,5.162726594e-07
3518443604_6da641f07d.jpg,7.399505915e-07
3045613316_4e88862836.jpg,3.157924934e-07
442220883_ff3d6e507f.jpg,1.013757224e-06
2193980605_4221c6474d.jpg,6.348445519e-07
302241178_a582c1b953.jpg,6.942236706e-07
514990193_2d2422af2c.jpg,5.411546889e-07
2065875490_a46b58c12b.jpg,4.723420251e-07
3061481868_d1e00b1f2e.jpg,5.382002063e-07
3157847991_463e006a28.jpg,7.482120661e-07
3497485793_e36c1d2779.jpg,5.568242318e-07
798343627_7492fe0c12.jpg,9.478196236e-07
2417745327_a2c2705043.jpg,5.384853273e-07
2815755985_0fa55544c0.jpg,4.985681545e-07
3593222804_c187808ac3.jpg,3.819171562e-07
2586911841_41b7a48c91.jpg,7.583567289e-07
498794783_cc2ac62b47.jpg,5.279813054e-07
1094462889_f9966dafa6.jpg,8.947184092e-07
225699652_53f6fb33cd.jpg,4.055102962e-07
1876536922_8fdf8d7028.jpg,6.491657499e-07
1144288288_e5c9558b6a.jpg,5.48916549e-07
1396064003_3fd949c9dd.jpg,3.788493946e-07
1904112245_549e47c8aa.jpg,4.700586211e-07
2860400846_2c1026a573.jpg,9.961046576e-07
2877424957_9beb1dc49a.jpg,5.551247655e-07
743571049_68080e8751.jpg,3.621081582e-07
689776124_07f560a920.jpg,8.758223916e-07
2209496328_2a34fd201d.jpg,5.056817036e-07
3229821595_77ace81c6b.jpg,8.936407747e-07
3098824948_23c31df031.jpg,5.660939178e-07
240583223_e26e17ee96.jpg,6.339533893e-07
3325578605_afa7f662ec.jpg,4.846860669e-07
2569643552_23696a9ba5.jpg,7.570045211e-07
2706766641_a9df81969d.jpg,6.325612425e-07
2280525192_81911f2b00.jpg,3.34589221e-07
1131155939_b4b457b05e.jpg,5.136048627e-07
319938879_daf0857f91.jpg,5.587318239e-07
3559429170_3183c404b9.jpg,3.833418336e-07
205682549_713aa6cd88.jpg,4.563613523e-07
1572532018_64c030c974.jpg,7.45268763e-07
390360326_26f5936189.jpg,1.110492323e-06
441212506_fcc321ac28.jpg,5.845805136e-07
1398873613_7e3174dd6c.jpg,5.418179081e-07
1989145280_3b54452188.jpg,7.316315913e-07
2831656774_36982aafdb.jpg,4.066568388e-07
539750844_02a07ec524.jpg,4.971810578e-07
3364026240_645d533fda.jpg,7.236439216e-07
283428775_a3665bee7c.jpg,3.260080081e-07
211295363_49010ca38d.jpg,5.467948064e-07
2911238432_33ec2d8cec.jpg,3.90832449e-07
2696951725_e0ae54f6da.jpg,5.123142817e-07
254901702_67ada9867c.jpg,5.182515744e-07
3582465732_78f77f34ae.jpg,6.655305368e-07
2446315531_7c9704eec0.jpg,9.115123048e-07
241346508_0b3907a95b.jpg,7.537605196e-07
3187924573_203223e6c0.jpg,5.098247547e-07
2301867590_98c0ecb0cb.jpg,7.461165953e-07
2855727603_e917ded363.jpg,4.894479048e-07
2573667207_a1bf49befc.jpg,5.819617116e-07
693785581_68bec8312a.jpg,8.759006023e-07
47871819_db55ac4699.jpg,5.279102183e-07
3565749152_7924d15b04.jpg,4.706264725e-07
3389321512_b11f499dab.jpg,6.101094072e-07
236476706_175081ce18.jpg,1.081188704e-06
3134385454_4f1d55333f.jpg,6.877553772e-07
3146355833_1b7fc80210.jpg,4.271409088e-07
3556485995_9cd40269e9.jpg,4.792925316e-07
3392019836_c7aeebca1c.jpg,4.622648806e-07
1895768965_43cd9d164f.jpg,5.059506521e-07
1075867198_27ca2e7efe.jpg,6.634531611e-07
3562001359_65c63aeda3.jpg,4.475195041e-07
3623331945_df0f51d7dd.jpg,7.590949048e-07
1370615506_2b96105ca3.jpg,4.570004702e-07
3041384194_04316bd416.jpg,5.824352401e-07
3243020805_2bafc36c45.jpg,6.423361918e-07
3170897628_3054087f8c.jpg,4.69060525e-07
3036033157_522a43a550.jpg,5.342237558e-07
3713922357_e0a013fb97.jpg,4.285473768e-07
3398745929_8cd3bbb8a8.jpg,4.204284021e-07
2773400732_5b65a25857.jpg,4.173237557e-07
476233374_e1396998ef.jpg,3.483056014e-07
314685044_da4390728e.jpg,6.625670424e-07
2607130765_97833d6ce1.jpg,4.351392624e-07
2533076864_d799996433.jpg,4.46648294e-07
3328397409_092de2bd32.jpg,4.526001955e-07
3225025519_c089c14559.jpg,4.744524947e-07
3542425197_2ef81c6051.jpg,4.394910868e-07
576075451_5e0f6facb3.jpg,6.963924817e-07
2051194177_fbeee211e3.jpg,7.607507664e-07
2609836649_b55831ed41.jpg,7.076961827e-07
539493423_9d7d1b77fa.jpg,5.566056176e-07
3546720729_38fff1bbd9.jpg,4.687486728e-07
3138399980_d6ab8b2272.jpg,5.389991184e-07
3686078365_9e655e238f.jpg,6.234717532e-07
300577375_26cc2773a1.jpg,8.612687343e-07
3417037373_67f7db2dd2.jpg,4.436520768e-07
3225478803_f7a9a41a1d.jpg,6.007890018e-07
1169307342_e7a4685a5c.jpg,9.208988152e-07
2127031632_77505e4218.jpg,4.948708598e-07
3260191163_6c1551eee8.jpg,9.502289902e-07
278608022_4175813019.jpg,8.228538213e-07
1287931016_fb015e2e10.jpg,1.026082209e-06
2937178897_ab3d1a941a.jpg,5.251809472e-07
2937461473_11bbace28c.jpg,5.471775119e-07
1386964743_9e80d96b05.jpg,5.836297088e-07
3052038928_9f53aa2084.jpg,6.126795825e-07
2814028429_561a215259.jpg,4.775068036e-07
3659090958_a56913ca68.jpg,9.794495851e-07
391723162_3bdeb7ea33.jpg,7.380736479e-07
3404408360_430f73b034.jpg,7.213597814e-07
3319405494_58dee86b21.jpg,6.734185957e-07
3291587911_81fc33300e.jpg,7.960598176e-07
2293424366_7b5fcd2398.jpg,7.430130554e-07
3206919175_e3a11b6874.jpg,7.360332876e-07
406642021_9ec852eccf.jpg,5.382594239e-07
3648081498_76ec091495.jpg,3.927175434e-07
2084103826_ffd76b1e3e.jpg,8.895781685e-07
3599124739_b7e60cf477.jpg,8.936839391e-07
1130401779_8c30182e3e.jpg,6.167774028e-07
3441511444_b031585b45.jpg,5.278074123e-07
3215847501_c723905ba4.jpg,7.220739046e-07
311619377_2ba3b36675.jpg,3.093688648e-07
801607443_f15956d1ce.jpg,6.187587033e-07
3690883532_d883f34617.jpg,6.430494001e-07
3517466790_17c7753a1a.jpg,5.449851572e-07
2768972186_92787cd523.jpg,6.407392217e-07
3527261343_efa07ea596.jpg,5.217558566e-07
2587846523_b177c9a3e3.jpg,5.204270764e-07
3350614753_5624e181b3.jpg,5.242320981e-07
542269487_5d77b363eb.jpg,6.374871923e-07
1287982439_6578006e22.jpg,8.40331295e-07
3262760716_1e9734f5ba.jpg,1.229565969e-06
2267923837_ae88678497.jpg,5.407318321e-07
3429391520_930b153f94.jpg,5.757430608e-07
3613424631_3ae537624f.jpg,4.782097771e-07
1082252566_8c79beef93.jpg,6.93332302e-07
3163323414_d1ce127aa6.jpg,9.166942556e-07
241346402_5c070a0c6d.jpg,1.049962563e-06
2612949583_f45b3afe33.jpg,4.9603219e-07
411011549_1298d2b4d2.jpg,5.209547312e-07
1557838421_a33f2a4911.jpg,7.537099785e-07
2444339090_bf7b3211f4.jpg,6.293099183e-07
482098572_e83153b300.jpg,5.114762525e-07
3726130458_07df79e969.jpg,7.110888361e-07
3417672954_46b75dea8d.jpg,4.96882179e-07
3376809186_4e26d880b7.jpg,4.837060224e-07
3227423095_5049951eab.jpg,3.523344314e-07
1298295313_db1f4c6522.jpg,6.734751094e-07
756004341_1a816df714.jpg,4.907112331e-07
3058439373_9276a4702a.jpg,5.534751339e-07
2287887341_663bfa15af.jpg,4.558676708e-07
1581822598_0ae23074f1.jpg,8.393328349e-07
3105929913_94a6882e25.jpg,7.891925363e-07
540873795_ae62ae6f60.jpg,8.971224329e-07
3461114418_c27b4043a2.jpg,7.090516572e-07
3399798295_a452963365.jpg,9.105557782e-07
3178489390_13a6ae7524.jpg,8.604020625e-07
3604496023_c1f546423e.jpg,4.60240411e-07
324208502_674488bcea.jpg,6.091914828e-07
426805536_d1d5e68c17.jpg,4.757924132e-07
246508774_1e9885f1b7.jpg,6.036913999e-07
1402640441_81978e32a9.jpg,7.04005856e-07
3124549928_10904a5a83.jpg,8.742901489e-07
3414734842_beb543f400.jpg,7.192050789e-07
1019077836_6fc9b15408.jpg,3.556016121e-07
3307077951_dd31f1971c.jpg,5.740818653e-07
2709275718_73fcf08c23.jpg,8.984294732e-07
3264397357_72f084cac1.jpg,6.420348882e-07
562588230_edb2c071c8.jpg,5.042758221e-07
3171066023_ec60ba30f3.jpg,5.622761284e-07
1670592963_39731a3dac.jpg,5.023602798e-07
1271210445_7f7ecf3791.jpg,3.83469966e-07
3728695560_00ec1ca492.jpg,8.173215288e-07
846085364_fc9d23df46.jpg,6.863650113e-07
3643684616_9d2be87a5a.jpg,2.696215686e-07
2192411521_9c7e488c5e.jpg,6.655668868e-07
2369840118_a1c4240ab7.jpg,6.441224134e-07
3244910944_612b8ce98f.jpg,4.861957036e-07
2850719435_221f15e951.jpg,3.00945472e-07
3544233095_4bca71df1d.jpg,7.943375104e-07
3217291172_10ef70af88.jpg,7.134529435e-07
3351360323_91bb341350.jpg,4.025626072e-07
2610447973_89227ff978.jpg,3.450280036e-07
1491192153_7c395991e5.jpg,4.949270741e-07
3502459991_fdec2da131.jpg,1.030788924e-06
1563731247_7f21d8bec0.jpg,4.648764991e-07
3653462288_bfe2360a64.jpg,6.18870795e-07
2960422620_81889a3764.jpg,6.204461261e-07
2340206885_58754a799a.jpg,7.913604422e-07
1508269285_6c5723f67d.jpg,6.121076749e-07
2752329719_868545b7d2.jpg,6.464119032e-07
3070031806_3d587c2a66.jpg,7.759930016e-07
477254932_56b48d775d.jpg,5.622938227e-07
3595398879_13e33b8916.jpg,6.949924109e-07
3430100177_5864bf1e73.jpg,4.467818664e-07
524036004_6747cf909b.jpg,8.447495648e-07
2395967330_7e6ea404f6.jpg,6.359190282e-07
2127209046_94711c747b.jpg,7.371334155e-07
3197981073_3156963446.jpg,4.620981983e-07
2705793985_007cc703fb.jpg,4.586146277e-07
3183060123_ea3af6278b.jpg,3.629965564e-07
3307667255_26bede91eb.jpg,4.798455718e-07
2318502106_33f2e4b4fc.jpg,7.499970181e-07
1552065993_b4dcd2eadf.jpg,6.458139391e-07
3576536763_3c8c4f232e.jpg,6.149913335e-07
3652150541_8fb5a3a5d1.jpg,6.825102465e-07
2881441125_b580e3dd4b.jpg,3.93762445e-07
3058627443_1d57ff0a2c.jpg,5.956329871e-07
3416091866_a96003d652.jpg,5.694070023e-07
3347798761_5c5260b000.jpg,5.32963747e-07
3485657956_7481582565.jpg,5.967615799e-07
3668984985_b60ceb2ae9.jpg,5.204140482e-07
1814086703_33390d5fc7.jpg,3.635181962e-07
2747436384_9470c56cb9.jpg,6.108694735e-07
1248940539_46d33ed487.jpg,4.814150717e-07
3325974730_3ee192e4ff.jpg,7.720624336e-07
3516960094_87fb4889de.jpg,7.344163968e-07
3549006919_3604bc813e.jpg,7.843920078e-07
2197275664_fabcf3424b.jpg,6.112038022e-07
1499495021_d295ce577c.jpg,4.410728937e-07
2428275562_4bde2bc5ea.jpg,4.467427854e-07
3230101918_7d81cb0fc8.jpg,4.426134457e-07
3400385314_a5bc062e97.jpg,8.83082858e-07
2892989340_bb7e0e5548.jpg,7.522300895e-07
387974450_bcd205daac.jpg,8.28042246e-07
3703035378_c6034cac51.jpg,7.335658187e-07
3019609769_c7809177f6.jpg,4.630909471e-07
374828031_9d087da5cf.jpg,5.90659858e-07
2637904605_fc355816fc.jpg,5.400044034e-07
2469620360_6c620c6f35.jpg,5.638036416e-07
2127207912_9298824e66.jpg,7.245755142e-07
2876494009_9f96d7eaf2.jpg,4.201288273e-07
1287475186_2dee85f1a5.jpg,1.063116236e-06
3508637029_89f3bdd3a2.jpg,3.668441243e-07
3372340429_91c4f4af30.jpg,6.508722341e-07
172092461_a9a9762e13.jpg,5.598193037e-07
3502563726_30d1ce29c8.jpg,1.08190683e-06
3225037367_a71fa86319.jpg,5.240354002e-07
2190137367_746335f707.jpg,5.651371779e-07
3400041870_4e7732b40f.jpg,6.402071224e-07
373219198_149af371d9.jpg,2.846373354e-07
2798880731_4f51634374.jpg,4.063802259e-07
3587449716_3bf1552c36.jpg,4.931162141e-07
275401000_8829250eb3.jpg,6.953419033e-07
2752175795_c9def67895.jpg,4.700001249e-07
2529116152_4331dabf50.jpg,5.1933901e-07
2712787899_d85048eb6a.jpg,5.989832737e-07
3590294974_4ef98f013e.jpg,6.10905785e-07
2414710960_a4cde4af60.jpg,7.285233565e-07
2266142543_b2de18c081.jpg,1.011698052e-06
3116011063_f4071ccce6.jpg,9.541381569e-07
2942311160_a154104c62.jpg,6.465300601e-07
207731022_988f6afb35.jpg,4.691073038e-07
2554081584_233bdf289a.jpg,6.033753181e-07
1167662968_e466f1e80a.jpg,1.231484139e-06
2728486640_cc2a31d2b0.jpg,5.606009815e-07
3698607223_22fe09763a.jpg,6.329024319e-07
2415803492_56a673dc25.jpg,4.262078926e-07
2557129157_074a5a3128.jpg,4.687524779e-07
3145869775_85dfae43bd.jpg,2.982951862e-07
473988700_570422001b.jpg,4.133298783e-07
97731718_eb7ba71fd3.jpg,6.605496155e-07
3714551959_66ece78f27.jpg,4.93161494e-07
3681172959_6674c118d2.jpg,5.113441817e-07
2053441349_a98b5fc742.jpg,5.955968747e-07
2748729903_3c7c920c4d.jpg,3.439788239e-07
3247500085_c4f641aa84.jpg,5.406509898e-07
191003283_992257f835.jpg,6.301676186e-07
361183669_52be9662b9.jpg,4.722983588e-07
3289893683_d4cc3ce208.jpg,5.355239645e-07
3685372942_6ae935b34e.jpg,8.029594179e-07
3259222980_04fb62df97.jpg,4.667472447e-07
3583293892_c96af8cd98.jpg,6.767014268e-07
417966898_a04f9b5349.jpg,4.403127521e-07
315021440_122d56ebd7.jpg,6.891078655e-07
2672354635_3a03f76486.jpg,6.304705047e-07
2633722629_5eeb649c09.jpg,5.095596599e-07
3352697012_751b079bbb.jpg,4.600996093e-07
2708744743_e231f7fcf9.jpg,4.770946028e-07
756521713_5d3da56a54.jpg,7.749743547e-07
3455898176_f0e003ce58.jpg,5.222317964e-07
2968135512_51fbb56e3e.jpg,4.428819168e-07
532036676_e88b13e0a1.jpg,4.700534959e-07
3088572348_264c47f78c.jpg,4.134498612e-07
516394876_8b9b8021bc.jpg,4.864536528e-07
466956209_2ffcea3941.jpg,5.263905431e-07
451326127_2d95a2e1c2.jpg,6.211932719e-07
2449289139_08fc1092c1.jpg,5.75144283e-07
3131160589_dc73c209b7.jpg,6.610235055e-07
2656987333_80dcc82c05.jpg,4.121494681e-07
2543589122_ec3e55f434.jpg,4.585119878e-07
3324375078_9441f72898.jpg,7.192856262e-07
406248253_27b5eba25a.jpg,4.647993777e-07
3425887426_bf60b8afa3.jpg,4.070427797e-07
2774362575_7543b8bf19.jpg,8.536473908e-07
3155390408_8e1a81efb2.jpg,5.22474975e-07
1731546544_9fbf14617b.jpg,4.160476064e-07
2785115802_137fa30000.jpg,6.942141215e-07
95783195_e1ba3f57ca.jpg,5.225059642e-07
3593538248_dffa1a5ed4.jpg,5.169130502e-07
3209620285_edfc479392.jpg,6.526161426e-07
3204354161_caf89ec784.jpg,4.310234988e-07
3278811919_d5a3432af6.jpg,6.48819724e-07
3110018626_307a123b59.jpg,4.325948024e-07
2676649969_482caed129.jpg,6.519144913e-07
2595186208_9b16fa0ee3.jpg,6.014776923e-07
3422979565_e08cd77bfe.jpg,4.795472081e-07
3638631362_af29bbff01.jpg,4.517998457e-07
3473264983_67917a931f.jpg,4.614178361e-07
3703413486_3c682732a0.jpg,4.469496068e-07
498492764_fe276e505a.jpg,4.761999886e-07
732468337_a37075225e.jpg,5.880590228e-07
3399944164_ec24123945.jpg,7.956379345e-07
2786299623_a3c48bd318.jpg,5.13826141e-07
3554210976_fbd0ef33a3.jpg,5.781066419e-07
2733659177_d74a00995b.jpg,6.353950706e-07
3325497914_f9014d615b.jpg,6.228564931e-07
3259694057_fae7484b0a.jpg,5.819511131e-07
3115354165_44dbeec6c1.jpg,5.539255347e-07
1052358063_eae6744153.jpg,6.036317237e-07
792362827_5ab5281b99.jpg,4.887125763e-07
2670560883_7e7b563092.jpg,4.818025049e-07
3044745642_1d0784ff29.jpg,6.978626069e-07
3550253365_27d4c303cf.jpg,4.239118715e-07
1461667284_041c8a2475.jpg,4.999148477e-07
3365348059_9773165302.jpg,6.817740035e-07
733752482_ee01a419e5.jpg,9.201589345e-07
2587818583_4aa8e7b174.jpg,6.652835421e-07
698107542_3aa0ba78b4.jpg,5.299382269e-07
3522076584_7c603d2ac5.jpg,6.928946319e-07
3220151692_d398ef9779.jpg,5.96055725e-07
2574509968_e4692ae169.jpg,9.340491602e-07
476760133_c33d2bd83d.jpg,3.946262549e-07
3208999896_dab42dc40b.jpg,5.574425607e-07
2562166462_b43b141d40.jpg,4.625844517e-07
454686980_7517fe0c2e.jpg,4.893009151e-07
3192266178_f9bf5d3dba.jpg,5.681784934e-07
2285152690_3fb93f65f1.jpg,3.923571055e-07
3434526008_02359881a0.jpg,5.549430515e-07
2661138991_d55aa0e5dc.jpg,5.358035569e-07
2565703445_dd6899bc0e.jpg,6.93795153e-07
2522540026_6ee8ab4c6a.jpg,5.967677372e-07
707972553_36816e53a2.jpg,6.198543953e-07
2630806789_6835bbae95.jpg,6.639498597e-07
2363100645_c3423a0433.jpg,6.758635013e-07
783353797_fdf91bdf4c.jpg,6.336604798e-07
2732625904_4fbb653434.jpg,4.935809546e-07
2061144717_5b3a1864f0.jpg,6.448552949e-07
2823075967_be4c350e9e.jpg,7.12242008e-07
3399028417_50a621274c.jpg,4.662193166e-07
2701042060_92508ea8fa.jpg,5.93887154e-07
3088074124_481139dc92.jpg,5.596381697e-07
1350811702_2ce7cfd0c5.jpg,7.009468133e-07
2221818690_9003756d33.jpg,4.20239193e-07
2485467050_1d5e2696d4.jpg,9.448908314e-07
3561734666_344f260cce.jpg,5.989257876e-07
543102698_38e7e38bbc.jpg,3.738256505e-07
2637510448_4521cf6f29.jpg,8.310747093e-07
3033668641_5905f73990.jpg,7.722645873e-07
3239866450_3f8cfb0c83.jpg,5.517502611e-07
3393394134_0caac47e1c.jpg,6.710752438e-07
930126921_1b94605bdc.jpg,7.029976373e-07
3757598567_739b7da835.jpg,1.04053744e-06
2135502491_a15c6b5eae.jpg,5.064985068e-07
3195040792_a03954a19f.jpg,7.762789202e-07
3120953244_b00b152246.jpg,7.840834344e-07
536537638_f5ee42410b.jpg,4.119810294e-07
2985439112_8a3b77d5c9.jpg,5.293700196e-07
3041689520_c481bdb20e.jpg,7.743696033e-07
1443807993_aebfb2784a.jpg,7.738441569e-07
3445544288_68fdb25969.jpg,3.576455775e-07
412082368_371df946b3.jpg,5.199738565e-07
463786229_b54c9a3436.jpg,6.194931157e-07
3468346269_9d162aacfe.jpg,5.406809169e-07
2936590102_25036069a6.jpg,5.413710845e-07
3351357065_a6a9b3d485.jpg,4.581765414e-07
3425918361_3b890d9575.jpg,7.045447189e-07
3560977956_e08d2cd531.jpg,5.220318086e-07
2533642917_a5eace85e6.jpg,7.804213879e-07
3600403707_527aa0596e.jpg,5.069028651e-07
3649382413_58a4b1efe8.jpg,8.2857744e-07
456512643_0aac2fa9ce.jpg,2.542249869e-06
3533470072_87a5b595ba.jpg,7.534668067e-07
3125309108_1011486589.jpg,3.195064456e-07
3014015906_fdba461f36.jpg,3.531584547e-07
2659606300_bea3feaf8b.jpg,5.711362097e-07
3190677999_60bbd330fd.jpg,6.743274292e-07
2609900643_c07bcb0bae.jpg,1.011524768e-06
2098174172_e57d86ea03.jpg,3.736937331e-07
3207676216_48478bce97.jpg,7.238047488e-07
2079110798_ad1370a646.jpg,5.842073096e-07
3160531982_37f5636b8a.jpg,7.945422679e-07
3651476768_2bae721a6b.jpg,6.140010693e-07
1445123245_c7b9db0e0c.jpg,7.216888252e-07
2327240505_e73cc73246.jpg,7.162482737e-07
3645080830_1d9ee2f50a.jpg,5.805630997e-07
3640329164_20cb245fd5.jpg,7.580798072e-07
2475162978_2c51048dca.jpg,4.232486556e-07
3182121297_38c99b2769.jpg,3.970285317e-07
504904434_889f426c6e.jpg,4.296775647e-07
1287064529_aa4e4f3c31.jpg,7.603071568e-07
2922807898_b5a06d5c70.jpg,6.29123989e-07
166654939_80ea4ddbcc.jpg,6.526332569e-07
2325386353_1f1a05e1ce.jpg,7.831313169e-07
3479050296_65bcea69a0.jpg,2.951304749e-07
2836325261_a3bf5c59be.jpg,6.939042226e-07
3212625256_685bc4de99.jpg,5.891793093e-07
3250589803_3f440ba781.jpg,5.701925119e-07
3176131893_7181c733aa.jpg,5.115989801e-07
1424775129_ffea9c13ab.jpg,3.631079092e-07
285586547_c81f8905a1.jpg,4.778758907e-07
3506560025_8d0f4f9ac4.jpg,7.670432181e-07
3635577874_48ebaac734.jpg,4.566276709e-07
3391924827_53b31542ce.jpg,4.653401375e-07
950411653_20d0335946.jpg,4.092852765e-07
2623146491_b64698b875.jpg,4.482265839e-07
1500853305_0150615ce9.jpg,4.450710536e-07
3106782647_b078830a9e.jpg,7.111959501e-07
3520321387_710ab74cda.jpg,5.247570989e-07
3131632154_098f86f4cb.jpg,5.545357676e-07
109202756_b97fcdc62c.jpg,4.204428903e-07
3457364788_3514a52091.jpg,4.490515159e-07
3164423279_9b27cb6a06.jpg,7.350183582e-07
3155365418_43df5486f9.jpg,1.250884853e-06
3285180819_a9712fd2bc.jpg,3.606928597e-07
3163273640_8d3ef22eaf.jpg,4.712622579e-07
2713897716_c8cd610360.jpg,4.168873644e-07
1131340021_83f46b150a.jpg,3.130742332e-07
765298136_7805fbb079.jpg,6.319462351e-07
241346923_18bd84bea4.jpg,6.363629597e-07
2312731013_1a3a8e25c6.jpg,5.567683527e-07
3170856184_efabfd0297.jpg,5.856501241e-07
3177468217_56a9142e46.jpg,5.702379136e-07
2378356400_f6bde5d9b3.jpg,2.846383038e-07
2888658480_e922a3dec2.jpg,3.652741503e-07
2409597310_958f5d8aff.jpg,4.395866243e-07
3377570617_d2f2225a74.jpg,5.455320378e-07
2744330402_824240184c.jpg,5.375329036e-07
2369248869_0266760c4a.jpg,6.810339185e-07
3537218226_478d2e4f26.jpg,7.024497519e-07
3323419265_7fefaa9d5d.jpg,1.05037949e-06
2633201394_ee4a7666ed.jpg,6.178260245e-07
291952021_f111b0fb3d.jpg,4.807829519e-07
2064780645_8f28a1529f.jpg,4.259244103e-07
3500829879_a643818d84.jpg,3.755044368e-07
248994078_a9257f448b.jpg,4.697354265e-07
358559906_d5f3f584f4.jpg,8.132185835e-07
414568315_5adcfc23c0.jpg,6.566286502e-07
2959581023_54402c8d88.jpg,3.791302694e-07
1143882946_1898d2eeb9.jpg,5.969117297e-07
3360730513_211e1a4db6.jpg,4.024072619e-07
2111360187_d2505437b7.jpg,5.476672381e-07
870710405_51e507b31a.jpg,7.818252685e-07
1095590286_c654f7e5a9.jpg,5.579437688e-07
3408274796_0dc62225e9.jpg,5.661885674e-07
1110208841_5bb6806afe.jpg,8.024935131e-07
2326730558_75c20e5033.jpg,8.502829795e-07
3425756814_13909354d4.jpg,3.828582175e-07
2990563425_2f7246f458.jpg,7.290948003e-07
2540884723_03d60ef548.jpg,5.093490599e-07
3136404885_f4d8f1d15a.jpg,3.810216353e-07
1000268201_693b08cb0e.jpg,4.878995331e-07
3067885047_f69d90c35b.jpg,5.092662744e-07
3295024992_887a95c700.jpg,6.576841817e-07
2921793132_ef19f1dd44.jpg,5.877690737e-07
2273038287_3004a72a34.jpg,3.016818198e-07
3215695965_69fbeba3d5.jpg,3.722686516e-07
3054989420_3e755ca352.jpg,5.556026577e-07
3500136982_bf7a85531e.jpg,6.643901649e-07
2332540384_4cf26406a9.jpg,4.793422956e-07
3315033940_e91f87b7f2.jpg,6.572775187e-07
3593392955_a4125087f6.jpg,5.921695307e-07
3513362553_5fc5779e20.jpg,4.99640004e-07
2532294586_4cd76a837d.jpg,6.021425115e-07
265223847_636ba039c1.jpg,1.037787709e-06
111766423_4522d36e56.jpg,4.075374411e-07
3510218982_318f738b76.jpg,1.051686711e-06
3030223792_02b6f2be99.jpg,6.928095768e-07
1032460886_4a598ed535.jpg,5.42404665e-07
3671777903_6fbf643980.jpg,4.546785769e-07
3482668767_66004ce736.jpg,5.382345221e-07
1800601130_1c0f248d12.jpg,7.739959905e-07
2061927950_dafba5b8a3.jpg,9.1448701e-07
2763601657_09a52a063f.jpg,5.131491521e-07
2449446913_28fa5b7c75.jpg,5.359476551e-07
1403414927_5f80281505.jpg,4.45379777e-07
2447284966_d6bbdb4b6e.jpg,4.706989021e-07
3180806542_49b6de312d.jpg,5.396424489e-07
2873070704_2141a7a86a.jpg,5.259946386e-07
2548777800_d7b9cf1c2b.jpg,4.5684592e-07
2845246160_d0d1bbd6f0.jpg,4.325522908e-07
3269380710_9161b0bd00.jpg,1.115370548e-06
3234719720_5bb2fc5ffa.jpg,6.079643928e-07
3562816250_6e14d436b1.jpg,4.115848281e-07
3336374196_f6eaca542f.jpg,5.588957513e-07
2380464803_a64f05bfa9.jpg,6.052101907e-07
2981702521_2459f2c1c4.jpg,5.171776173e-07
2156726763_034ecd2e39.jpg,7.200596236e-07
2178064851_bb39652d28.jpg,4.913300072e-07
224702241_05af393148.jpg,4.7120516e-07
2795866891_7559fd8422.jpg,5.494426123e-07
2656890977_7a9f0e4138.jpg,1.315047657e-06
3426962078_13e87e10de.jpg,8.985091275e-07
3432550415_e7b77232de.jpg,4.175871438e-07
3145967309_b33abe4d84.jpg,7.28125149e-07
2867736861_43c9487a65.jpg,6.0379488e-07
112178718_87270d9b4d.jpg,8.727694335e-07
143680442_2f03f76944.jpg,5.749017519e-07
371364900_5167d4dd7f.jpg,5.471187419e-07
2452686995_621878f561.jpg,4.31485613e-07
3605061440_1d08c80a57.jpg,4.667912977e-07
687513087_413d4a3a3b.jpg,8.136929402e-07
2173312932_269f9786fc.jpg,7.709274019e-07
241346971_c100650320.jpg,7.431872554e-07
3288274849_07ff76ee93.jpg,4.745424087e-07
2690702549_cf81da8cf6.jpg,6.46466117e-07
482882719_165722082d.jpg,7.462162625e-07
3447155358_5b5b59b15e.jpg,4.256018148e-07
2252299132_14ca6e584b.jpg,4.523516942e-07
3643087589_627a0a9e01.jpg,5.652721519e-07
365584746_681f33fa46.jpg,5.994199911e-07
3670075789_92ea9a183a.jpg,4.046085757e-07
465859490_b077219424.jpg,8.043018602e-07
2176980976_7054c99621.jpg,6.361660949e-07
3258472448_75cfab5e6f.jpg,6.641811444e-07
3541474181_489f19fae7.jpg,7.457546703e-07
3350785999_462f333c44.jpg,5.477534244e-07
3369258147_03db257f0f.jpg,7.864523143e-07
3737711435_113ccd0a52.jpg,5.85577703e-07
661749711_6f408dad62.jpg,4.960726684e-07
3171347658_f0d5469c56.jpg,4.415129534e-07
2057306459_2f52ce648e.jpg,6.262287418e-07
2892467862_52a3c67418.jpg,7.711006936e-07
3295671644_0e10891b6d.jpg,3.442285529e-07
2075041394_0b3ea1822d.jpg,5.69524853e-07
2743709828_a795a75bfc.jpg,5.568597037e-07
241345721_3f3724a7fc.jpg,7.465436844e-07
3461583471_2b8b6b4d73.jpg,9.581730244e-07
2955985301_e4139bc772.jpg,8.464069208e-07
3350260112_fcb47ff6b2.jpg,5.636109499e-07
3651971126_309e6a5e22.jpg,7.210973183e-07
3677693858_62f2f3163f.jpg,3.433595897e-07
2999730677_0cfa1c146e.jpg,3.940068299e-07
526661994_21838fc72c.jpg,8.675024183e-07
2653552905_4301449235.jpg,5.570334046e-07
2282260240_55387258de.jpg,5.759452233e-07
3044536048_e615466e7f.jpg,1.03929111e-06
508261758_78fb8ae067.jpg,6.245074768e-07
3293753378_7a8ddb98b2.jpg,5.638638931e-07
2662816021_ac474e0fde.jpg,5.801940075e-07
3495349745_1b29a63571.jpg,5.735326131e-07
2769605231_dae8b30201.jpg,6.939830581e-07
501699433_f8df386cf9.jpg,1.422753738e-06
3506096155_13632955e8.jpg,5.355854522e-07
1383698008_8ac53ed7ec.jpg,5.820622566e-07
2836703077_fa9c736203.jpg,3.77468712e-07
2188688248_f57a28a5a7.jpg,5.598628021e-07
3250593457_9049a73b61.jpg,8.861072664e-07
2206960564_325ed0c7ae.jpg,1.40915707e-06
1362128028_8422d53dc4.jpg,3.560220229e-07
3509611207_7645b1d28d.jpg,4.982108072e-07
2905942129_2b4bf59bc0.jpg,4.560726181e-07
2999638340_75bc8b165d.jpg,7.000463718e-07
430964917_022995afb6.jpg,6.169745329e-07
2983555530_a89f1f5ed7.jpg,6.411622763e-07
387078972_514a38dc33.jpg,9.849421751e-07
3283897411_af9d0b497d.jpg,8.673615493e-07
190638179_be9da86589.jpg,6.969409984e-07
2714878018_1593c38d69.jpg,4.938446403e-07
2052202553_373dad145b.jpg,6.848866046e-07
745966757_6d16dfad8f.jpg,3.331239204e-07
2131762850_5293a288d9.jpg,7.237653249e-07
489134459_1b3f46fc03.jpg,7.40669141e-07
241347496_1a35fec8dc.jpg,7.011217627e-07
3473320907_3884a7203b.jpg,5.953219585e-07
2943023421_e297f05e11.jpg,6.072103177e-07
3429142249_d09a32e291.jpg,7.225226848e-07
359082432_c1fd5aa2d6.jpg,3.65615146e-07
2718049631_e7aa74cb9b.jpg,6.004736212e-07
3576312396_799c873f3e.jpg,7.641658759e-07
2082005167_a0d6a70020.jpg,3.768726113e-07
419116771_642800891d.jpg,6.082741923e-07
3431261634_c73360406a.jpg,4.991955536e-07
2936707421_8e629874b8.jpg,8.318306662e-07
448658518_eec0b648a6.jpg,3.803191735e-07
3249865395_dceaa59f54.jpg,5.867581829e-07
2180886307_5156460b2c.jpg,4.366799144e-07
3167379087_927ff05a35.jpg,3.923979608e-07
3191982761_88793192ed.jpg,4.654507572e-07
2553550034_5901aa9d6c.jpg,5.001665627e-07
2481367956_8577d2fa98.jpg,7.356668385e-07
3223055565_68973f5d20.jpg,3.854179758e-07
2392625002_83a5a0978f.jpg,6.694449165e-07
2904601886_39e9d317b1.jpg,4.779181896e-07
3582689770_e57ab56671.jpg,7.477093903e-07
340667199_ecae5f6029.jpg,2.699463462e-07
250406927_a5028a31d4.jpg,2.997271524e-07
2483792149_a9b4ffecec.jpg,4.797204999e-07
3108197858_441ff38565.jpg,5.966888703e-07
3421706363_a3e22a4908.jpg,4.962518738e-07
3457455611_94ee93929f.jpg,6.287225311e-07
233270519_d60d4518fa.jpg,6.732686755e-07
3079073247_97e88e2eb7.jpg,5.912015626e-07
3331900249_5872e90b25.jpg,8.157667873e-07
146577646_9e64b8c2dc.jpg,6.672048771e-07
2144846312_d4c738dc6c.jpg,7.547519639e-07
2449518585_113dc4a8e5.jpg,7.092677343e-07
2525666287_638ab5e784.jpg,4.699023999e-07
2561481438_447b852e4d.jpg,5.035198924e-07
3024172109_a10198e1dd.jpg,6.553211325e-07
1562478713_505ab6d924.jpg,4.158754915e-07
3004291289_c4892898ae.jpg,7.17295616e-07
3081734118_6f2090215c.jpg,4.446889653e-07
2137071442_1c9658c81a.jpg,3.20688694e-07
2079152458_40712c3b40.jpg,1.057203835e-06
2873837796_543e415e98.jpg,4.556721088e-07
1057210460_09c6f4c6c1.jpg,5.892338616e-07
2688902319_52ceaf4a2a.jpg,4.044828621e-07
2351479551_e8820a1ff3.jpg,5.592493563e-07
2563578471_9a4e4c2ecc.jpg,5.982127569e-07
2636514498_01fcc5f501.jpg,5.917118565e-07
2602866141_be9928408d.jpg,6.517772021e-07
2580215443_4e64afe3d5.jpg,5.41367966e-07
260520547_944f9f4c91.jpg,5.490963715e-07
3539817989_5353062a39.jpg,8.583616476e-07
3294964868_16f4f9fa9d.jpg,3.355073402e-07
3708743823_3e3e0554d1.jpg,6.620576197e-07
2431470169_0eeba7d602.jpg,4.515377848e-07
3088677667_4a8befb70e.jpg,5.058135546e-07
1683444418_815f660379.jpg,5.95394577e-07
985067019_705fe4a4cc.jpg,8.55917717e-07
3183519385_311555d5f5.jpg,8.124699175e-07
3723903586_e98d3d8ec7.jpg,6.424590325e-07
515335111_c4afd5b903.jpg,6.837358779e-07
3420284416_a90af1fb7a.jpg,4.61543274e-07
271660510_dd4ba34b35.jpg,6.800533809e-07
808245064_8a7971fc5b.jpg,6.812437308e-07
3364797223_1f0b2f98ed.jpg,3.768961465e-07
416992999_654a99a903.jpg,7.922469903e-07
3486831913_2b9390ebbc.jpg,5.853357327e-07
2354064281_10afa38206.jpg,5.108118693e-07
3453259666_9ecaa8bb4b.jpg,4.788711849e-07
1148238960_f8cacec2fc.jpg,4.800563885e-07
2934573544_7ffe92a2c9.jpg,5.592965434e-07
1260816604_570fc35836.jpg,5.197479995e-07
3648097366_706c8a57a1.jpg,4.280242284e-07
2517284816_9b8fd3c6b6.jpg,5.941989288e-07
171488318_fb26af58e2.jpg,4.019685484e-07
3487261028_30791528ec.jpg,5.30747777e-07
2868324804_5cc8030484.jpg,6.44176201e-07
3471841031_a949645ba8.jpg,4.146006414e-07
3546891929_f31a99cd0d.jpg,4.937891166e-07
3207654194_43d6bebd68.jpg,4.514194485e-07
3041645937_ff7591d134.jpg,4.991408397e-07
140430106_2978fda105.jpg,9.008211938e-07
461019788_bc0993dabd.jpg,6.79118113e-07
357191373_a1cb5696e8.jpg,4.802298545e-07
3627290893_561e176e80.jpg,4.844183413e-07
502884177_25939ac000.jpg,5.558035609e-07
2870426310_4d59795032.jpg,5.49898312e-07
1525153022_06c48dbe52.jpg,6.903075643e-07
1507563902_6ec8d5d822.jpg,4.481105018e-07
3533484468_0787830d49.jpg,6.649684827e-07
2913965136_2d00136697.jpg,5.820771056e-07
3508522093_51f6d77f45.jpg,6.640214759e-07
3329858093_0ec73f2190.jpg,1.015457085e-06
3132006797_04822b5866.jpg,6.714806174e-07
2282600972_c22d1e03c7.jpg,5.688780541e-07
3697003897_d8ac13be9a.jpg,6.011415992e-07
3051125715_db76cebd1e.jpg,6.909420298e-07
3416246113_1745559b6b.jpg,3.800138857e-07
3029043380_b28644ea5d.jpg,5.382909986e-07
3016521240_2ef20834b6.jpg,5.01724275e-07
221973402_ecb1cd51f1.jpg,5.451580132e-07
3481859121_3d3e566ec0.jpg,5.722648008e-07
751109943_2a7f8e117f.jpg,5.885112189e-07
2715035273_8fc8b1291c.jpg,8.187990133e-07
3367034082_31658a89bb.jpg,5.164443969e-07
2596475173_58f11fc583.jpg,8.819194789e-07
373394550_1b2296b8c4.jpg,8.995554211e-07
3576259024_9c05b163aa.jpg,5.589223327e-07
2353119813_685bace18e.jpg,5.990587476e-07
3354063643_1d8814eb13.jpg,9.565951801e-07
2178095150_436b035741.jpg,5.437177066e-07
3286193613_fc046e8016.jpg,7.786572126e-07
3286045254_696c6b15bd.jpg,3.710114882e-07
3211577298_14296db6fd.jpg,8.638246655e-07
3514194772_43ba471982.jpg,5.030820211e-07
3602838407_bf13e49243.jpg,6.986345273e-07
241345942_ea76966542.jpg,7.229830256e-07
2831217847_555b2f95ca.jpg,4.041598176e-07
1334892555_1beff092c3.jpg,8.390394932e-07
2711075591_f3ee53cfaa.jpg,9.041708552e-07
2898304260_a4099a193a.jpg,5.517020304e-07
3380072636_4cd59385fd.jpg,4.333933253e-07
241345522_c3c266a02a.jpg,6.560532359e-07
566384456_97da3c7bd6.jpg,5.432171195e-07
3283368342_b96d45210e.jpg,6.121254491e-07
426191845_1e979e9345.jpg,4.950557448e-07
2689491604_d8760f57b4.jpg,9.278475334e-07
2890731828_8a7032503a.jpg,7.284592007e-07
235065283_1f9a3c79db.jpg,5.966212286e-07
3472364264_dbde5a8d0a.jpg,4.731906057e-07
479807833_85eed6899c.jpg,3.535364696e-07
2346401538_f5e8da66fc.jpg,5.085406846e-07
3722572342_6904d11d52.jpg,4.925245827e-07
2891961886_b7a2f0b0fd.jpg,6.637427582e-07
2393298349_e659308218.jpg,6.018203902e-07
2289068031_fe26990183.jpg,5.436347164e-07
2090723611_318031cfa5.jpg,5.119478538e-07
112243673_fd68255217.jpg,5.28291301e-07
3410899419_4f8dca6f3f.jpg,6.390995306e-07
2715289538_d77c8d0a85.jpg,7.370895285e-07
3146937399_8c046b7b1a.jpg,6.624058296e-07
3091338773_9cf10467b4.jpg,6.406933269e-07
2698666984_13e17236ae.jpg,7.968773476e-07
2264316030_600e55748d.jpg,4.362642113e-07
2403544744_cba152f5c1.jpg,7.480631777e-07
522063319_33827f1627.jpg,4.541854737e-07
320093980_5388cb3733.jpg,7.797673462e-07
480200554_6155e9dfeb.jpg,4.371050086e-07
3502897880_8392d0e4de.jpg,5.552066892e-07
436393371_822ee70952.jpg,4.969044733e-07
3623302162_099f983d58.jpg,3.405828552e-07
3025546819_ce031d2fc3.jpg,6.155341472e-07
303795791_98ebc1d19a.jpg,5.105459448e-07
3213395965_2a823c6865.jpg,8.607605224e-07
3584829998_25e59fdef3.jpg,7.571459085e-07
539676201_c8f1f04952.jpg,7.568008953e-07
2891162278_fbf96be4f4.jpg,6.239121629e-07
3040033126_9f4b88261b.jpg,6.681103093e-07
2483993772_f64e9e4724.jpg,5.532573491e-07
2920516901_23d8571419.jpg,5.457078144e-07
2938747424_64e64784f0.jpg,8.609684429e-07
3481884992_45770ec698.jpg,7.011487656e-07
496380034_d22aeeedb3.jpg,6.60115202e-07
2886837407_a4510ab1ef.jpg,6.684541617e-07
2330843604_b8d75d6ac7.jpg,8.222870312e-07
1688699579_2f72328c7e.jpg,9.159501929e-07
