3043501068_be58ac47e1.jpg,4.770995854e-09
3046916429_8e2570b613.jpg,2.730061702e-09
2054308369_f9c6ec7815.jpg,1.70121569e-09
3173014908_b3e69594b6.jpg,1.355554735e-09
167295035_336f5f5f27.jpg,1.914075209e-09
3215238223_29de2b35cb.jpg,-5.014715615e-09
3498482871_4e02f31c35.jpg,-1.143268812e-09
3176498130_52ab9460b2.jpg,-6.096738129e-09
2760715910_87c7bdeb87.jpg,-3.304367623e-09
2738255684_0324ed062d.jpg,9.408856939e-10
247617035_9f2e821534.jpg,3.131140966e-09
2831215155_07ba8f1805.jpg,1.17430817e-09
871290646_307cddd4e7.jpg,3.52119878e-09
937559727_ae2613cee5.jpg,3.262965181e-09
3371567346_b6522efdb8.jpg,1.316748092e-09
2457052334_b5a1d99048.jpg,2.660116106e-10
468911753_cc595f5da0.jpg,4.909606369e-09
2371809188_b805497cba.jpg,-1.26482688e-09
2540751930_d71c7f5622.jpg,-6.148517506e-10
502115726_927dd684d3.jpg,-1.553756664e-09
3054997030_797096dd12.jpg,-1.109140777e-10
873633312_a756d8b381.jpg,2.863178561e-09
2436160351_108924a65b.jpg,3.600727959e-09
2706023395_ac9eba0e42.jpg,-2.908071731e-09
3326086533_23a0a54a8e.jpg,6.164519885e-10
173020287_230bfc4ffc.jpg,-5.318081286e-09
50030244_02cd4de372.jpg,-1.412924598e-09
3183883750_b6acc40397.jpg,-7.33600571e-09
2434006663_207a284cec.jpg,-9.886448923e-09
435827376_4384c3005a.jpg,1.06824394e-09
3503011427_a4ee547c77.jpg,4.400301315e-10
2351762979_0941aecced.jpg,-3.733308525e-09
3592968286_b63c81bcd2.jpg,2.56344658e-09
2862004252_53894bb28b.jpg,1.525119724e-09
1077931201_1e0bb83105.jpg,7.232261139e-09
2120383553_5825333a3f.jpg,-3.705502161e-09
3399843227_3b9d2a8dbf.jpg,4.833693354e-09
241345533_99c731403a.jpg,-7.570806568e-09
3710050559_f6f12760fe.jpg,-3.351798201e-09
2635938723_11b85e6763.jpg,5.787067611e-09
3496028495_431cfdc042.jpg,2.972726041e-09
2991575785_bd4868e215.jpg,-4.414894088e-10
3562282690_cd2a95fe9e.jpg,8.932479778e-10
2676764246_c58205a365.jpg,5.760964172e-09
3519942322_b37d088aae.jpg,1.249726896e-09
2839932205_3c9c27cd99.jpg,-5.948922938e-09
2115620856_4fa5025ac6.jpg,4.858004044e-09
2684322797_85406f571d.jpg,2.326787479e-09
530661899_94655d7d0e.jpg,4.292100617e-09
3610683688_bbe6d725ed.jpg,2.020465566e-09
2186087673_c7a73da7ce.jpg,-2.114018731e-09
350176185_b8c5591e36.jpg,2.988433834e-09
3649384501_f1e06c58c0.jpg,3.890687173e-10
3243094580_ccd01679f5.jpg,-7.115006737e-09
3301854980_233cc2f896.jpg,-1.396668361e-09
3465396606_5ba1574128.jpg,1.302755032e-09
2502905671_c6039804ab.jpg,6.252866896e-09
437917001_ae1106f34e.jpg,-1.07180274e-09
3273163189_dece7babf4.jpg,-2.880405956e-09
3405100926_e96308ce89.jpg,4.621223895e-09
2088532947_c628e44c4a.jpg,-3.414827209e-10
3134585858_a8c3493ca5.jpg,4.169172352e-09
2242178517_2325b85e5f.jpg,-9.483211845e-09
2885891981_6b02620ae9.jpg,1.714093221e-09
618771382_459bb492e4.jpg,-5.999271133e-09
2642475077_69d19deb74.jpg,1.725392314e-10
197504190_fd1fc3d4b7.jpg,3.126983403e-09
479807465_cf42f39d00.jpg,8.271830387e-09
2622624460_207dbcc4cf.jpg,-1.105257837e-09
3234890865_bb3c316968.jpg,1.348260794e-10
413737417_b0a8b445e9.jpg,1.829943027e-10
2116444946_1f5d1fe5d1.jpg,-1.569566229e-09
1434005938_ad75c8598c.jpg,4.399748298e-09
2271890493_da441718ba.jpg,-8.400564735e-09
2441354291_b32e00e5a6.jpg,2.921257142e-10
3583704941_611353857e.jpg,-2.949338909e-09
2680619645_ab6645218d.jpg,2.84759091e-09
2504991916_dc61e59e49.jpg,1.0779575e-09
2310126952_7dc86d88f6.jpg,-1.477101122e-09
576920249_df1bdc2068.jpg,3.620313454e-10
2628331789_c7f7d90e5d.jpg,-5.145357527e-09
2839038702_e168128665.jpg,-3.627263071e-09
3067971348_69af5bb309.jpg,-4.629506769e-09
2860202109_97b2b22652.jpg,-7.870414937e-10
3245250964_9d3e37111e.jpg,5.243467763e-09
1806580620_a8fe0fb9f8.jpg,-6.283263601e-09
239807547_4923efc821.jpg,3.733780773e-09
1566117559_f5d98fbeb0.jpg,-7.639985284e-09
2759813381_73303113d9.jpg,-2.931358997e-09
3000722396_1ae2e976c2.jpg,2.906760433e-09
278007543_99f5a91a3e.jpg,-2.197975127e-10
947664583_7c63172366.jpg,2.28540353e-09
325576658_59f68bdbd6.jpg,-2.371448443e-09
2415265825_fbfe0c8556.jpg,5.831336296e-09
3364796213_b8948913b5.jpg,-1.878121596e-09
2058091220_2087270068.jpg,-1.531924775e-09
2295216243_0712928988.jpg,-2.09981847e-09
506808265_fe84ada926.jpg,-2.527339626e-09
557601144_50b8c40393.jpg,1.245645728e-10
3613667665_1881c689ea.jpg,2.458396211e-10
3603116579_4a28a932e2.jpg,-2.901099736e-09
1112212364_0c48235fc2.jpg,6.48489197e-09
2855910826_d075845288.jpg,1.70675553e-08
2801851082_8c3c480c0f.jpg,1.032919018e-09
2861413434_f0e2a10179.jpg,-1.891404533e-09
3439243433_d5f3508612.jpg,1.950371496e-09
3038045802_93f2cd5fbc.jpg,5.271264914e-09
412101267_7257e6d8c0.jpg,3.228297714e-09
3371887001_44ab0c2f17.jpg,-2.508868237e-09
260392825_ea61660633.jpg,-4.672712373e-09
3688858505_e8afd1475d.jpg,3.254719392e-10
236144859_52f9e38885.jpg,3.707335154e-09
3207775692_bb897d9afd.jpg,-1.223572896e-08
3193335577_9bdbaf9f70.jpg,-3.43233434e-09
543291644_64539956e9.jpg,9.360324673e-10
1781227288_6811e734be.jpg,4.774335635e-09
2892995070_39f3c9a56e.jpg,-1.117040905e-09
2939371251_f923569a72.jpg,-7.545355169e-11
2913972180_547783dd3d.jpg,8.200427222e-10
534655560_dc1c335b3f.jpg,-1.583713518e-10
3162289423_4ca8915d0c.jpg,-6.171472327e-09
3375549004_beee810e60.jpg,-2.230120174e-09
3680031186_c3c6698f9d.jpg,7.180462998e-10
476759700_8911f087f8.jpg,3.205029104e-09
487894806_352d9b5e66.jpg,9.531135515e-09
3157039116_d82da4e66b.jpg,4.1310723e-09
3264937930_9623496b64.jpg,-3.540415515e-09
2565657591_6c1cdfc092.jpg,-6.774385345e-10
3320154278_c67e01b8d1.jpg,-1.491707397e-09
3557295488_600d387347.jpg,3.534012783e-09
3488512097_e500cb499f.jpg,-3.035772959e-09
1436760519_8d6101a0ed.jpg,2.114519603e-09
2425262733_afe0718276.jpg,-2.434793384e-10
278388986_78ba84eb8f.jpg,7.916713575e-09
3260975858_75d0612a69.jpg,-1.697706696e-08
3702038926_966fdaa311.jpg,6.966597623e-09
3449718979_e987c64e2d.jpg,1.103237804e-09
2428094795_d3a8f46046.jpg,1.027736803e-09
2479162876_a5ce3306af.jpg,-3.526655742e-09
3256272547_5ae6c66293.jpg,-6.965867294e-10
3621717946_d96f8a6012.jpg,-1.22258268e-08
260162669_c79a900afb.jpg,8.043971022e-10
3256043809_47258e0b3e.jpg,1.591806986e-09
3721799573_2f470950e0.jpg,3.588443351e-10
3310067561_b92017acab.jpg,2.436977323e-09
2635400219_2e1a984fd3.jpg,-4.019878434e-09
3004823335_9b82cbd8a7.jpg,9.372608557e-10
3349955993_a04aea97d8.jpg,7.492492444e-09
3571193625_835da90c5e.jpg,5.003058503e-09
2552949275_b8cdc450cc.jpg,2.549343598e-09
72218201_e0e9c7d65b.jpg,1.214666677e-09
1142847777_2a0c1c2551.jpg,3.384354325e-09
105342180_4d4a40b47f.jpg,-6.022767901e-09
3217240672_b99a682026.jpg,1.4017742e-09
2272967004_1531726d71.jpg,8.781591473e-09
3296124052_6f1d1c9f8d.jpg,1.932490761e-09
3651107058_d84d4c3c25.jpg,2.311658593e-09
2434074318_e35a567220.jpg,1.130577166e-09
96973080_783e375945.jpg,7.220376925e-10
2658009523_b49d611db8.jpg,2.099444538e-09
2612608861_92beaa3d0b.jpg,-4.640846102e-10
1303727066_23d0f6ed43.jpg,-4.104975419e-10
2214132302_80064fd79d.jpg,-6.254395626e-10
2514581496_8f4102377e.jpg,-7.446458782e-09
3326024473_4c16e4fbfc.jpg,-4.961765788e-09
2882743431_c3e6cd1b5c.jpg,7.145538789e-09
3541962817_78bcd3835b.jpg,-7.124571087e-09
2307118114_c258e3a47e.jpg,4.080750578e-09
3583065748_7d149a865c.jpg,-2.732463084e-09
3632197966_0c5061025f.jpg,7.744060778e-10
279901198_e7a88c855a.jpg,-6.162910947e-10
1827560917_c8d3c5627f.jpg,1.856502125e-09
1923476156_e20976b32d.jpg,-1.128421416e-08
3462165890_c13ce13eff.jpg,-2.989230128e-09
453473508_682c0a7189.jpg,-5.094663034e-09
3223709894_97824ba76f.jpg,7.313987265e-10
1394927474_0afdd82fc4.jpg,-3.718288516e-10
3474985008_0a827cd340.jpg,-1.57185162e-10
581419370_30485f3580.jpg,1.27054849e-09
3538021517_b930dc76fc.jpg,6.043435402e-09
3436063693_15c8d377a2.jpg,2.8158078e-10
2528552898_9e49a7033f.jpg,-1.618256341e-09
3664928753_7b0437fedf.jpg,-3.57892628e-09
485312202_784508f2a9.jpg,1.048122252e-09
3634785801_4b23184a06.jpg,-4.229872476e-09
2817847072_5eb3bc30ac.jpg,6.827504273e-09
3280672302_2967177653.jpg,1.275838202e-09
1881494074_1bebd93089.jpg,-9.25977467e-10
3323498985_fd9d2803fd.jpg,5.733149361e-10
3348785391_c243faf6bb.jpg,-6.567650986e-10
3119887967_271a097464.jpg,-6.814825806e-10
3301754574_465af5bf6d.jpg,-1.708117882e-09
3672109677_8caa992671.jpg,8.254279655e-10
3670907052_c827593564.jpg,6.755802955e-10
3595080592_5fd55570e5.jpg,1.922973893e-09
3495453699_1c9faedf3c.jpg,-1.309046651e-09
3550276904_19de3561c5.jpg,-1.290021895e-09
2428797297_7fc3c862db.jpg,-1.735011346e-09
421808539_57abee6d55.jpg,5.590963989e-09
248174959_2522871152.jpg,-1.313545467e-09
435054077_3506dbfcf4.jpg,-3.144269564e-10
3640241166_b1ab7a8e7a.jpg,-6.327490466e-09
2874984466_1aafec2c9f.jpg,-5.138863826e-09
3287236038_8998e6b82f.jpg,5.402287665e-09
2453990033_df53f0d8c8.jpg,6.348200334e-09
2736508369_fd9ff0b42f.jpg,4.972546703e-09
3092370204_029b6bc10a.jpg,-3.558335985e-09
191003284_1025b0fb7d.jpg,3.399224487e-09
1466307489_cb8a74de09.jpg,-1.41410548e-09
2255685792_f70474c6db.jpg,-5.184432027e-10
2629402527_6dfc5c504b.jpg,2.567856684e-10
2687539673_d54a8dc613.jpg,4.26033137e-09
124881487_36e668145d.jpg,-2.660777128e-09
2303016989_0deb96c8d9.jpg,1.986682663e-09
2838125339_3dd314e315.jpg,9.194065082e-09
316833109_6500b526dc.jpg,6.897881155e-10
3573436368_78f0ccdf01.jpg,-5.045616673e-09
3088399255_1bd9a6aa04.jpg,-6.643421765e-09
250892549_1e06a06a78.jpg,1.028054113e-09
3711611500_ea47b58b6f.jpg,-6.829168008e-10
1096395242_fc69f0ae5a.jpg,6.235218933e-10
3545586120_283d728a97.jpg,1.401418707e-09
1089181217_ee1167f7af.jpg,2.371775951e-09
3116985493_04b1dc3345.jpg,-6.292220514e-09
3706653103_e777a825e4.jpg,7.51413871e-09
380041023_0dfd712ef1.jpg,-3.619549695e-09
3497224764_6e17544e0d.jpg,6.836719248e-10
410422753_de506155fa.jpg,-1.831681463e-09
3006093003_c211737232.jpg,2.819840891e-09
857914283_270d7d1c87.jpg,-3.621835406e-09
107318069_e9f2ef32de.jpg,-3.193790513e-09
3175849727_bf30b892cb.jpg,-1.309396752e-09
2641770481_c98465ff35.jpg,-1.232556757e-10
3437693401_202afef348.jpg,9.835277395e-09
3555231025_73fa54fa29.jpg,-9.893633185e-10
2196316998_3b2d63f01f.jpg,4.181195428e-09
245442617_407eba1e98.jpg,-4.383623982e-09
3353400143_8b9543f7dc.jpg,5.689721877e-09
413231421_43833a11f5.jpg,2.349639787e-09
2200901777_f6c168bd32.jpg,-2.834355015e-09
2493469969_11b6190615.jpg,2.236242239e-09
3756150099_50882fc029.jpg,-3.275828686e-09
3404978479_8a81843e17.jpg,1.311303417e-08
3268191118_ba25fabab6.jpg,-4.224433606e-09
2603334363_cfa32c4482.jpg,3.930280774e-09
3181409177_edb09c2718.jpg,-5.6192079e-09
3656206975_09e6ce58bd.jpg,1.155209573e-09
2940366012_1ef8ab334e.jpg,-2.579218671e-11
2318721455_80c6644441.jpg,9.819416414e-09
2976155358_b4dd4407cf.jpg,-5.193028875e-09
3518118675_5053b3f738.jpg,2.669976942e-09
2894850774_2d530040a1.jpg,-5.211246719e-09
900144365_03cd1899e3.jpg,-4.455654423e-09
3300019891_8f404d94a1.jpg,-2.345266575e-09
3457460673_800d7f7dd9.jpg,5.66554398e-10
1428641354_f7453afbea.jpg,-3.686385382e-09
2285741931_07159a21f2.jpg,-6.275573025e-09
3666056567_661e25f54c.jpg,7.243062766e-09
2505988632_9541f15583.jpg,1.593016336e-09
177302997_5b2d770a0a.jpg,-3.230909994e-09
1087168168_70280d024a.jpg,-2.687673999e-09
1397295388_8a5b6b525d.jpg,4.06674229e-09
2261257940_449b6e6c91.jpg,1.586794392e-09
3566225740_375fc15dde.jpg,4.349229279e-09
3172283002_3c0fc624de.jpg,-4.983549008e-09
3324056835_84904fe2f8.jpg,5.137486778e-09
1053804096_ad278b25f1.jpg,2.175021071e-09
2943079526_e9033a6556.jpg,-1.439929174e-10
3647283075_3005333222.jpg,-1.166676684e-09
2944836001_b38b516286.jpg,-3.793395558e-09
3576060775_d9121519cc.jpg,9.966948653e-11
3399906919_bc8562b257.jpg,-2.486463453e-09
2490863987_715383944a.jpg,-7.535506119e-09
2256133102_e2c8314ecb.jpg,-2.685408953e-09
3493000349_81c540e828.jpg,8.076929589e-09
3530342993_a4a1f0e516.jpg,3.881725814e-11
3182405529_7692256746.jpg,9.260886946e-09
2797149878_bb8e27ecf9.jpg,-1.783677398e-09
470887795_8443ce53d0.jpg,2.824135621e-09
2081679622_6f1442367d.jpg,5.523971506e-09
2987096101_a41896187a.jpg,-9.469073935e-09
3401333624_4b6af8c1d7.jpg,-1.459838727e-09
2090545563_a4e66ec76b.jpg,3.803485127e-10
445861800_75fc6a8c16.jpg,3.86518918e-09
1423997242_ea2189ec5e.jpg,-2.490665574e-09
380034515_4fbdfa6b26.jpg,-5.068257846e-10
472535997_0dbf42b9f3.jpg,-3.349605813e-10
3162095736_cc41dd41ff.jpg,4.40924163e-09
1002674143_1b742ab4b8.jpg,3.112368414e-09
3375991133_87d7c40925.jpg,-4.813069779e-10
1303550623_cb43ac044a.jpg,6.570675303e-09
3437781040_82b06facb3.jpg,1.208298459e-09
539493431_744eb1abaa.jpg,-2.158511944e-09
1211015912_9f3ee3a995.jpg,-2.948887033e-09
2655647656_ee450446ed.jpg,3.829592448e-09
2792212974_23b1ef05fa.jpg,-4.803403557e-09
3595216998_0a19efebd0.jpg,2.019086806e-09
423066487_07757b2b49.jpg,-1.23800083e-09
2823575468_15f6c345fc.jpg,2.183229969e-09
3263215700_e27f81f8b9.jpg,-4.4880797e-09
2892395757_0a1b0eedd2.jpg,6.09773182e-09
519059913_4906fe4050.jpg,-6.296521725e-09
2384550175_e421d3a871.jpg,1.708908993e-09
3548191125_514f47e493.jpg,3.970043377e-09
2822290399_97c809d43b.jpg,5.442638308e-09
241345864_138471c9ea.jpg,5.660292036e-10
2466420387_86fe77c966.jpg,2.848060255e-09
229862312_1a0ba19dab.jpg,-4.283085123e-09
1573017288_4d481856e2.jpg,-4.379323564e-09
3355494822_61353a224d.jpg,-9.976644356e-10
2352414953_10f3cd0f1f.jpg,-2.508687013e-09
2751602672_ca5e1f6447.jpg,-7.65065025e-09
3518755601_cebf11e515.jpg,9.901221964e-09
3442622076_c3abe955e5.jpg,-3.414467849e-09
2862509442_4f5dc96dca.jpg,-3.664275457e-09
1263126002_881ebd7ac9.jpg,-1.232519077e-09
3154528397_89112faf4b.jpg,1.667748017e-09
554774472_b5d165ff69.jpg,6.361505146e-09
2460126267_0deea8b645.jpg,-6.014787634e-09
3504158556_1d410c8ff7.jpg,-6.120749138e-09
2431723485_bc6b8e6418.jpg,8.692790016e-10
1473080948_bae2925dc8.jpg,-2.635706096e-11
3594822096_e1144b85d6.jpg,3.727062871e-09
3232470286_903a61ea16.jpg,5.509201438e-10
2599131872_65789d86d5.jpg,9.08182604e-10
262570082_6364f58f33.jpg,1.899395639e-10
2912476706_9a0dbd3a67.jpg,-6.738466729e-09
3016726158_4d15b83b06.jpg,4.100283066e-09
2661489896_cc3425777e.jpg,-2.135221033e-09
3404552106_f516df0f5b.jpg,-2.897118557e-09
2204277704_f1c8c741ed.jpg,2.819052219e-09
2050067751_22d2763fd2.jpg,-4.072554048e-09
350443876_c9769f5734.jpg,-1.64054323e-09
2450299735_62c095f40e.jpg,4.772958406e-09
769260947_02bc973d76.jpg,-6.441590804e-09
2970067128_8842ab3603.jpg,-3.822448817e-09
2342478660_faef1afea8.jpg,2.271400144e-09
485245061_5a5de43e20.jpg,4.38972718e-09
3621649810_cca783b777.jpg,3.860218333e-09
3346918203_986dca6641.jpg,2.274735399e-09
3272002857_ace031f564.jpg,-2.020412557e-09
3104400277_1524e4f758.jpg,1.618734444e-09
2231847779_1148d1c919.jpg,7.514596224e-10
3308488725_f91d9aba27.jpg,6.608361319e-10
2712974062_6d5b6aa7f0.jpg,1.861309006e-09
2757803246_8aa3499d26.jpg,5.111375027e-09
3126773489_7ae425af17.jpg,3.762562158e-10
2960033435_c20cc7399a.jpg,3.712819538e-10
2502007071_82a8c639cf.jpg,1.205228557e-09
3132619510_7dfc947d25.jpg,1.018737456e-08
3028095878_07341efc9c.jpg,7.352314712e-09
247704641_d883902277.jpg,1.896795316e-10
3359551687_68f2f0212a.jpg,-1.352222707e-09
824123145_59243e504e.jpg,4.654078483e-09
3285993030_87b0f1d202.jpg,-4.914439056e-09
1663454406_5e2cf8c5bb.jpg,1.736023435e-09
2147199188_d2d70b88ec.jpg,3.444948295e-09
236474697_0c73dd5d8b.jpg,6.0525749e-09
3308018795_68a97a425c.jpg,2.105029243e-09
275516348_cbccebc125.jpg,2.539601612e-10
3174228611_6cf9d2266b.jpg,3.342536173e-09
2420546021_4a59790da6.jpg,4.115347237e-10
3009018821_ba47396e24.jpg,2.397877517e-09
2287023569_fd7a9c60b8.jpg,2.314852939e-09
3519155763_045a6a55e2.jpg,-1.178460673e-08
2309327462_82a24538d4.jpg,-9.28681344e-11
609681901_66809d2dc1.jpg,3.289412234e-09
3344411431_6f4917bb2f.jpg,-5.533005924e-09
3726700898_c50494b8bd.jpg,-1.022054961e-09
3603064161_a8f3b6455d.jpg,2.281690057e-09
415793623_6c1225ae27.jpg,-3.270115991e-10
3225296260_2ee72b4917.jpg,3.529171613e-10
2952320230_26601173be.jpg,1.483332311e-09
2400958566_4e09424046.jpg,6.037684015e-09
2286239223_d84ffc4e4a.jpg,-3.855363503e-09
888517718_3d5b4b7b43.jpg,1.38240789e-08
3259228898_cefd04580b.jpg,-4.479952405e-09
3374054694_fa56f29267.jpg,6.197137513e-09
3317960829_78bbfafbb6.jpg,1.320110774e-09
1332815795_8eea44375e.jpg,6.017438837e-09
3106340185_80d0cb770a.jpg,2.675568035e-09
1244140539_da4804d828.jpg,7.781645232e-09
2193223202_4d908c0450.jpg,2.795666408e-09
69189650_6687da7280.jpg,-5.291144805e-09
517102724_a0f3069156.jpg,-3.172272562e-09
230016181_0c52b95304.jpg,1.593600622e-10
3217620013_8b17873273.jpg,3.558285972e-09
3429351222_17ae744daf.jpg,8.439992017e-09
3454199170_ae26917dcd.jpg,-3.748056478e-09
3580375310_46ec3e476c.jpg,5.640997741e-09
3594029059_cee1f4c59a.jpg,-8.883431136e-11
2657484284_daa07a3a1b.jpg,-1.811824085e-09
2869009633_ea3cafd437.jpg,-3.06660542e-09
3664297064_a4d45cbbbc.jpg,6.255458982e-09
3463523977_f2ed231585.jpg,-2.371855436e-10
2745811124_12c4426b8b.jpg,-3.997866726e-09
2696636252_91ef1491ea.jpg,1.078854919e-09
2579266054_1ec58aa92f.jpg,-1.24756732e-09
279728508_6bd7281f3c.jpg,-7.715630721e-10
3619232550_0b1e1fd4e4.jpg,2.353871219e-09
3639428663_dae5e8146e.jpg,-2.497137107e-09
2808870080_4ea4f3327e.jpg,-2.284146361e-09
431018958_84b2beebff.jpg,-6.492622868e-09
3427852996_d383abd819.jpg,-1.366718181e-09
1529044279_4922ead27c.jpg,3.000226681e-09
2307807200_91fa29cba1.jpg,2.733590554e-09
405534893_2d0f3b0147.jpg,-5.363129053e-09
2885111681_dc328ecfff.jpg,-1.73558798e-09
2921094201_2ed70a7963.jpg,2.181222649e-09
772212710_f5fc22ed35.jpg,4.173409902e-10
2664103423_c539f61016.jpg,2.854037753e-09
315880837_90db309bab.jpg,-5.76678494e-09
2108799322_e25aa6e185.jpg,-2.952686387e-09
1956678973_223cb1b847.jpg,-4.968549329e-09
219730733_6a55382dd2.jpg,-5.095594652e-09
2914800692_0c512d27b8.jpg,-1.490732718e-09
2248487956_2603f55ab9.jpg,4.928844012e-09
483841513_e660391880.jpg,-2.629725347e-09
1674612291_7154c5ab61.jpg,5.601017833e-09
2288530008_4ebcee2174.jpg,2.399419739e-09
3729525173_7f984ed776.jpg,4.13897677e-09
2257294002_0073263c54.jpg,1.014861297e-08
2914737181_0c8e052da8.jpg,-4.965323111e-09
539744890_85e63f5854.jpg,-9.647714074e-10
3513265399_a32e8cfd18.jpg,-5.364228705e-09
1625306051_7099519baa.jpg,1.358910912e-09
2642350864_099c0f2152.jpg,3.682579538e-09
756909515_a416161656.jpg,-3.295817554e-10
2939197393_93dc64c4bb.jpg,-6.36361594e-09
2070831523_5035d5537e.jpg,1.774504561e-10
2986671935_0c60bbb3fa.jpg,3.195435069e-09
156967462_72db9b722c.jpg,1.753369798e-09
1425919702_ddb761aeec.jpg,-3.96307332e-09
3048380686_732db55281.jpg,4.457127267e-09
3226541300_6c81711e8e.jpg,4.607599426e-09
482907079_22085ada04.jpg,-2.346989493e-09
108899015_bf36131a57.jpg,-5.013625656e-10
2623939135_0cd02ffa5d.jpg,4.161183397e-09
3421177332_a05741cfa4.jpg,-3.63824154e-09
3322443827_a04a94bb91.jpg,-3.328048014e-09
2597737483_6518a230e4.jpg,-5.934608468e-10
3067500667_0fce8f28d4.jpg,3.136168076e-09
2521878609_146143708e.jpg,-2.503518414e-09
1772859261_236c09b861.jpg,-1.114455103e-11
2266901263_4324af1f03.jpg,-1.892361196e-09
3351667632_00f586a30c.jpg,-8.641721291e-10
1305564994_00513f9a5b.jpg,4.414807145e-10
2196050115_e236d91f52.jpg,-1.226006253e-08
3014986976_0e7b858970.jpg,-2.472859075e-09
505955292_026f1489f2.jpg,1.628946977e-09
670609997_5c7fdb3f0b.jpg,4.475410844e-10
416650559_cd08d3cd96.jpg,-5.665980028e-10
3587781729_bd21ce7b11.jpg,-2.00510185e-09
3424927725_c4d1fcfac3.jpg,-3.057894695e-09
3329777647_5e1fd503ac.jpg,-4.20208159e-09
3084380974_268a0f9236.jpg,8.416154871e-09
2358898017_24496b80e8.jpg,-9.52342799e-10
446286714_dcec7f339e.jpg,-4.836429983e-09
342872408_04a2832a1b.jpg,4.068238474e-09
3613027188_1645ca1976.jpg,-4.851213881e-09
3493255026_5fdaa52cbe.jpg,6.769502242e-10
3474912569_7165dc1d06.jpg,4.301179463e-09
3091916691_b1c96669c6.jpg,-5.647670028e-09
2998861375_02817e0147.jpg,6.091030413e-09
1248734482_3038218f3b.jpg,7.345248104e-10
3514019869_7de4ece2a5.jpg,3.102235014e-09
2324917982_f3db8c11e9.jpg,5.534437882e-11
2198511848_311d8a8c2f.jpg,5.990042753e-09
3578841731_f775cab089.jpg,4.259995332e-09
3427402225_234d712eeb.jpg,7.152797877e-09
3134644844_493eec6cdc.jpg,-5.162851901e-10
2500567791_101d5ddee3.jpg,1.353300288e-09
976392326_082dafc3c5.jpg,1.190815121e-09
3052196390_c59dd24ca8.jpg,-3.030233205e-09
3035118753_69287079dc.jpg,-2.671066221e-09
2308256827_3c0a7d514d.jpg,-2.5118577e-09
2097398349_ff178b3f1b.jpg,1.662310796e-09
2933643390_1c6086684b.jpg,-4.845969635e-09
132489044_3be606baf7.jpg,3.152463774e-09
2900274587_f2cbca4c58.jpg,-2.130391164e-09
2288315705_5f4c37d932.jpg,-7.948775469e-09
2795352290_9209b214f3.jpg,-7.002098948e-09
1721637099_93e9ec2a2f.jpg,-1.762045413e-09
2744705574_519c171ca0.jpg,-3.272596864e-09
3127142756_bf0bfcb571.jpg,-1.773793529e-09
125319704_49ead3463c.jpg,-2.037931951e-09
3263497678_8bb688ca01.jpg,3.497090453e-09
244774022_a12c07afdb.jpg,-6.659342388e-09
2102030040_2e8f4738f7.jpg,-6.38056727e-09
523692399_d2e261a302.jpg,5.747489711e-09
3348811097_0e09baa26f.jpg,-2.224950837e-09
2966552760_e65b22cd26.jpg,3.625128971e-09
2647062476_5ef31ba867.jpg,-1.333255884e-09
280706862_14c30d734a.jpg,-7.870735735e-09
421153376_d1d325568f.jpg,-3.332695126e-09
3699318394_6193f2c8e0.jpg,6.899561628e-09
664470170_6a1ad20c45.jpg,-2.178368109e-09
2399114095_c3196ff456.jpg,-4.435134287e-09
2660480624_45f88b3022.jpg,-4.405570844e-09
1460352062_d64fb633e0.jpg,-3.111013927e-10
2385146732_d1c67c790e.jpg,-5.040735561e-09
3185645793_49de805194.jpg,-1.294033661e-09
3384314832_dffc944152.jpg,4.923749423e-09
1449370354_380c4123c9.jpg,-1.378448391e-09
997338199_7343367d7f.jpg,-5.75719222e-09
2670637584_d96efb8afa.jpg,3.587045601e-09
3501936223_6122a13d27.jpg,1.170016375e-09
3072114570_e1c0127529.jpg,4.562000891e-09
3461106572_920c8c0112.jpg,2.551289629e-09
804087017_330bcc8c56.jpg,-6.749725238e-09
2559921948_06af25d566.jpg,-1.951720643e-09
2044063458_fcc76a7636.jpg,-2.848227403e-10
2901880865_3fd7b66a45.jpg,5.559502826e-09
890734502_a5ae67beac.jpg,1.022277339e-08
1394396709_65040d97ab.jpg,-6.965578681e-09
3416339125_0860d3d1eb.jpg,-1.443001196e-09
3628043835_9d9bd595a7.jpg,2.307973008e-09
3665169936_01ae94c9fd.jpg,2.495317917e-09
2735558076_0d7bbc18fc.jpg,-6.109196943e-09
3634400263_c6fcaa48e1.jpg,7.07373759e-09
3370085095_6abbb67c1d.jpg,6.601814892e-09
3675825945_96b2916959.jpg,7.844460112e-09
3563924606_5914392cd8.jpg,2.210585652e-09
199809190_e3f6bbe2bc.jpg,-3.764441934e-09
2557507575_b247f145bc.jpg,2.471117767e-09
561940436_64d6fc125d.jpg,-3.458400899e-09
1917203130_fcaff8b10e.jpg,5.521008895e-09
3272847211_9e8a4f8308.jpg,6.253155396e-09
3533451027_b078e4631b.jpg,-1.0851584e-08
700884207_d3ec546494.jpg,7.617324103e-10
470887781_faae5dae83.jpg,-5.742653109e-09
1499581619_a5f65a882c.jpg,7.818121177e-09
3407584080_c6abf71ae3.jpg,-3.363122226e-09
3606909929_90a1a072b7.jpg,1.746503652e-09
3042483842_beb23828b9.jpg,1.142243064e-10
2623247254_3bfc795121.jpg,-5.689578651e-09
3396157719_6807d52a81.jpg,-4.257265381e-09
3604384383_db6805d1b9.jpg,3.185274022e-09
2313230479_13f87c6bf3.jpg,1.498124926e-09
3500115252_9404c066a8.jpg,-2.368620179e-09
961611340_251081fcb8.jpg,-1.445368588e-09
3699522388_2333f01f40.jpg,-8.962018029e-09
392467282_00bb22e201.jpg,-2.602115045e-09
3485599424_94de8ede51.jpg,5.814989227e-09
489372715_ce52da796a.jpg,-2.404168721e-09
2673148534_8daf0de833.jpg,3.472761124e-09
3443030942_f409586258.jpg,1.48198817e-09
1401961581_76921a75c5.jpg,8.088056416e-09
1155138244_859fd6e079.jpg,-4.074206073e-09
219843860_332e5ca7d4.jpg,-3.026435294e-09
3700322513_50f0d45bfa.jpg,7.833656826e-09
109823394_83fcb735e1.jpg,-4.330141168e-09
293879742_5fe0ffd894.jpg,1.381784772e-10
3051754615_3d6494c2ae.jpg,4.036498907e-09
54723805_bcf7af3f16.jpg,2.494081457e-09
3436418401_b00ceb27c0.jpg,-1.26741186e-10
3508051251_82422717b3.jpg,-1.063976486e-09
534056823_0752303702.jpg,7.927149937e-09
3653484549_f316590b0f.jpg,5.713020617e-09
3597326009_3678a98a43.jpg,1.341517902e-10
491964988_414b556228.jpg,-1.173192225e-09
2633082074_32c85f532c.jpg,3.13623623e-09
3721812313_6000566803.jpg,-5.266424781e-09
2373234213_4ebe9c4ee5.jpg,-1.19853396e-09
315436114_6d386b8c36.jpg,-8.751732495e-10
241346471_c756a8f139.jpg,5.777048084e-09
1095476286_87d4f8664e.jpg,-1.685446226e-09
2883324329_24361e2d49.jpg,2.433367604e-09
1235681222_819231767a.jpg,-1.005852848e-09
72964268_d532bb8ec7.jpg,5.484273508e-09
262642489_f5c6b9e65b.jpg,-1.527209255e-09
3342822192_082f932ef2.jpg,2.161944436e-09
3475092236_cf45d383c7.jpg,-1.617425882e-09
3215896272_e9b4b547a9.jpg,3.694445141e-09
2142232919_c857a09dd7.jpg,-1.149244076e-09
2189181027_a445b13438.jpg,4.414373006e-10
3274879561_74997bbfff.jpg,-2.009033735e-10
309430053_cc58bcc36a.jpg,5.425789415e-10
241345596_91e0e2daf5.jpg,-1.124271861e-09
3621623690_0095e330bc.jpg,2.705184746e-09
3741827382_71e93298d0.jpg,-4.877347496e-09
2473737724_355599a263.jpg,-3.422831753e-09
3406116788_c8f62e32d1.jpg,2.903811788e-09
1324816249_86600a6759.jpg,-1.561768486e-08
3468694409_a51571d621.jpg,1.86897308e-10
3030962048_f71948226c.jpg,6.201127336e-09
2467850190_07a74d89b7.jpg,6.431161462e-10
2319808437_bbbdc317c0.jpg,-4.702517007e-10
1295671216_cde1b9c9d1.jpg,3.51256292e-09
237277765_9e6fa5b99a.jpg,-5.313809606e-09
181103691_fb2f956abd.jpg,-7.284303744e-10
3640348910_fcd627ec66.jpg,6.199065527e-10
2879241506_b421536330.jpg,-1.862558248e-09
2504056718_25ded44ecb.jpg,1.042206388e-09
2618538137_44fffe10c4.jpg,3.606503416e-09
3425071001_e7c9809ef2.jpg,3.600714613e-09
3472540184_b0420b921a.jpg,2.491275282e-09
1405221276_21634dcd58.jpg,-3.910943219e-09
2587106431_1cc0e719c6.jpg,-8.229108518e-09
2762702644_2aa3bf9680.jpg,-4.782294445e-09
2808098783_c56b44befa.jpg,-1.850451788e-09
2257099774_37d0d3aa9a.jpg,-1.79765538e-09
3141440149_00becbbb93.jpg,-3.891523321e-09
3304484212_b950233c30.jpg,-5.629531689e-09
3475581086_a533567561.jpg,1.491315275e-09
979201222_75b6456d34.jpg,1.294834228e-08
3581538034_783b7d0d09.jpg,4.280152291e-09
2865564810_5c63328cd4.jpg,-1.003249278e-08
3691622437_f13644273c.jpg,-7.865724573e-10
3412249548_00820fc4ca.jpg,-4.220435378e-09
131632409_4de0d4e710.jpg,-4.652463911e-09
3251648670_9339943ba2.jpg,-3.681555877e-09
3712923460_1b20ebb131.jpg,-3.670401497e-09
3189521080_133777bce5.jpg,-8.282155449e-10
852469220_bc0fee3623.jpg,6.684217611e-09
2115849046_2aa9fa8d13.jpg,-3.226397818e-09
1357724865_4faf4e1418.jpg,4.840369042e-10
3492383096_5bbc08f0da.jpg,-7.733983339e-10
1808504612_3508f3c9bb.jpg,2.058688107e-09
3725814794_30db172f67.jpg,-2.410541476e-09
3493479159_609ebe1b35.jpg,-1.093937065e-08
2362377137_9528692825.jpg,-1.025884887e-09
319851847_7212423309.jpg,-7.208405304e-10
500446858_125702b296.jpg,1.302618578e-09
3155501473_510f9c9f6b.jpg,-2.35884891e-09
408573233_1fff966798.jpg,5.305073725e-09
470373679_98dceb19e7.jpg,1.932756541e-09
2867699650_e6ddb540de.jpg,-4.436649795e-09
488356951_b3b77ad832.jpg,-1.170823593e-09
2944025729_5aecda30ee.jpg,5.302388617e-09
2638981862_6b23833f37.jpg,1.204654066e-09
689359034_4a64c24ca4.jpg,-5.852734206e-09
3234115903_f4dfc8fc75.jpg,-2.057002151e-09
3332467180_d72f9b067d.jpg,2.731543736e-09
3365198533_539073002b.jpg,6.388986907e-09
2419221084_01a14176b4.jpg,-1.008226833e-09
1269470943_ba7fc49b4d.jpg,2.351180581e-09
2461990494_c5ece064cc.jpg,6.643763257e-09
1969573381_5ecfae4c80.jpg,3.190693683e-09
2276120079_4f235470bc.jpg,-4.707759015e-10
3399616238_77acf4ee12.jpg,2.371750479e-09
781387473_208ba152b3.jpg,3.574467683e-09
295729735_8360f2e64c.jpg,2.583128743e-09
1412832223_99e8b4701a.jpg,-2.754545954e-09
673806038_0a3682a83f.jpg,-8.240623093e-10
2908466042_bf07cb52c7.jpg,9.412937515e-10
3726730085_2468ee9220.jpg,-1.127270263e-08
2368266191_87d77750f1.jpg,-6.692328768e-09
751074141_feafc7b16c.jpg,-1.261270809e-09
3547000169_40191e02ca.jpg,-8.194809102e-09
3516653997_98ec551a67.jpg,4.483919006e-09
3562470436_6e193643ce.jpg,2.977840247e-12
3412450683_7da035f2de.jpg,-7.312636619e-10
1072153132_53d2bb1b60.jpg,1.353178897e-09
3388330419_85d72f7cda.jpg,-1.993454645e-09
2372763106_ddea79d36e.jpg,-3.8174385e-09
3211437611_bd4af3730b.jpg,-7.639000033e-10
897406883_f09f673d94.jpg,-2.467108345e-10
482882307_7dcb9eee11.jpg,2.019632584e-09
535123126_c06c1ab9bf.jpg,-5.804830934e-10
3419238351_ac18b440c0.jpg,2.066766746e-10
3189251454_03b76c2e92.jpg,4.518872177e-09
2967549094_d32422eb01.jpg,-2.176079034e-09
3123526484_02952e40fc.jpg,-1.778165534e-09
3242354561_54e5a34925.jpg,-2.637248614e-09
3555573680_41c1540a86.jpg,4.268570413e-09
3542418447_7c337360d6.jpg,-7.996233853e-10
1432342377_3e41603f26.jpg,-1.213803083e-09
3581451227_618854cea4.jpg,-1.599165186e-09
2678612999_893ed671f8.jpg,1.117540394e-09
3614881872_ccf9739b0e.jpg,-6.851479305e-09
2474092890_6c0781a8ed.jpg,-4.300565099e-10
3143765063_a7761b16d3.jpg,-3.015733239e-10
3070011270_390e597783.jpg,4.807606743e-09
285306009_f6ddabe687.jpg,1.246462106e-10
3671933270_d124e9a1a4.jpg,-1.52467942e-09
267015208_d80b3eb94d.jpg,9.358106278e-09
1597557856_30640e0b43.jpg,-9.35503175e-11
2538423833_d1f492d1fb.jpg,-2.552720473e-09
3534183988_3763593dfb.jpg,-3.995910601e-10
3510695264_ef460fa6cc.jpg,-3.756799001e-09
3249738122_decde6c117.jpg,-3.709708858e-09
3468275336_61936db92d.jpg,-1.064075259e-08
2737233999_34d60dc5c3.jpg,3.949151778e-09
3338474677_7376e426c2.jpg,-4.913209208e-09
3223606402_bb2aa6db95.jpg,-1.262021631e-09
2703155733_19ac6f97a8.jpg,-2.621965475e-10
811662356_f9a632b63c.jpg,5.425785451e-09
475778645_65b7343c47.jpg,-6.134945997e-09
244910177_7c4ec3f65b.jpg,-1.130483439e-09
2052702658_da1204f6d1.jpg,3.374909342e-09
524282699_71e678a6bd.jpg,-9.510303487e-09
255330891_86d65dfdbf.jpg,3.702816893e-10
1679557684_50a206e4a9.jpg,-7.21542001e-09
3459858555_c3f0087a72.jpg,-5.808317928e-09
2891240104_6755281868.jpg,-3.483224807e-10
3385956569_a849218e34.jpg,2.068708767e-09
2190227737_6e0bde2623.jpg,1.35938753e-09
3415589320_71a5bf64cf.jpg,1.299842257e-09
1402843760_d30f1dbf0f.jpg,-1.942350479e-09
795081510_53fd17d101.jpg,5.936074509e-10
1713248099_d860df4e10.jpg,-2.797509495e-09
2905975229_7c37156dbe.jpg,4.271667961e-09
2757779501_c41c86a595.jpg,2.491933071e-09
3183875944_b2be694e06.jpg,-3.272166753e-09
3516299821_8f0375d221.jpg,-5.065639303e-10
3370308329_7f2de5bb58.jpg,-2.350027065e-09
2727051596_be65bfb3d3.jpg,-6.342987756e-09
3564543247_05cdbc31cf.jpg,-1.873984077e-09
3155451946_c0862c70cb.jpg,3.919111445e-09
688210930_85c5675d5b.jpg,-3.522762774e-09
2716251485_d6113f4c8a.jpg,1.209929458e-10
2282043629_91b7831352.jpg,-2.752682457e-09
261737543_b8fdc24671.jpg,3.511162977e-09
3195969533_98f5de0fab.jpg,1.08490427e-09
3459156091_c1879ebe28.jpg,1.354818366e-09
2950637275_98f1e30cca.jpg,-2.089417901e-09
1030985833_b0902ea560.jpg,-3.233833974e-09
3072782873_3278f3b3a7.jpg,-4.864137832e-09
2564888404_b57f89d3c7.jpg,-4.315282615e-09
3625049113_554d82c2a1.jpg,5.668723577e-09
1541272333_1624b22546.jpg,4.160381561e-09
3523474077_16e14bc54c.jpg,5.556505427e-09
1298866571_b4c496b71c.jpg,-9.115441704e-10
1517340899_ee1c74a8f6.jpg,2.903340064e-09
300577374_bfccb0430b.jpg,1.044685481e-08
468102269_135938e209.jpg,3.462842225e-09
3608567609_aae96d4a5e.jpg,-2.379649261e-09
2980445969_a86f4e6a0e.jpg,6.12796589e-10
3695517194_2a6b604cb2.jpg,-1.455715876e-09
3563059800_c073081ce3.jpg,4.753742415e-09
387830531_e89c192b92.jpg,5.723204951e-09
2748435417_ea7bbcc17c.jpg,2.131456365e-10
2752084369_52e7867da7.jpg,-3.385580485e-09
2868136205_3cf679208d.jpg,1.657070089e-09
3684562647_28dc325522.jpg,7.974255831e-09
3412036192_d8cd12ed3f.jpg,6.524433837e-10
1858963639_4588cd4be9.jpg,3.957867313e-10
454691853_cc1e0fa6a1.jpg,3.576193081e-09
2914206497_5e36ac6324.jpg,1.037531708e-08
3225880532_c8d5d1d798.jpg,1.011820274e-08
3696246123_99d4d10140.jpg,-1.507680316e-09
3422219732_3d0be52cc3.jpg,2.193489182e-09
2938072630_d641b63e4d.jpg,-3.360770813e-09
3255737244_1f8948fc07.jpg,-1.231439126e-08
597543181_6a85ef4c17.jpg,5.386372881e-10
3494394662_3edfd4a34c.jpg,1.798472824e-09
3579686259_b1fe6aefc9.jpg,2.841116926e-09
517094985_4b9e926936.jpg,5.687710406e-09
2106772874_381824648b.jpg,3.433356972e-10
2466093839_33bbc8cbd9.jpg,4.634595634e-09
473220329_819a913bbb.jpg,-2.540265267e-09
513116697_ad0f4dc800.jpg,-3.599518741e-09
3173976185_8a50123050.jpg,8.233176755e-10
370713359_7560808550.jpg,-5.735918573e-10
3597921737_3fd1d0665b.jpg,3.751472195e-10
3128164023_ebe8da4c32.jpg,9.216139175e-09
3214573346_d3a57f0328.jpg,1.72473462e-09
1418503947_953d373632.jpg,-5.623511833e-10
3235542079_2fcf4951a1.jpg,-4.302852067e-09
2129430111_338a94f8fb.jpg,-1.602289559e-09
2181117039_c4eea8036e.jpg,1.237552305e-08
2451988767_244bff98d1.jpg,5.757892921e-09
3163563871_cef3cf33ea.jpg,-1.012579961e-09
3143574389_8a4048fbe2.jpg,-1.005955888e-08
2896180326_88785fe078.jpg,-3.735840264e-09
1387785218_cee67735f5.jpg,3.489310396e-09
3596131692_91b8a05606.jpg,-2.593658499e-09
2842609837_b3a0b383f7.jpg,2.577855006e-09
3269661567_faf190885a.jpg,6.469455379e-09
1075881101_d55c46bece.jpg,3.764939027e-09
760180310_3c6bd4fd1f.jpg,-5.295017872e-09
3497238310_2abde3965d.jpg,4.399881879e-09
3211556865_d1d9becf69.jpg,1.226564364e-09
3326249355_e7a7c71f06.jpg,-4.563491402e-09
3433470650_a8b1c27173.jpg,2.434254935e-09
1289142574_2bd6a082dd.jpg,3.576557077e-09
2309860995_c2e2a0feeb.jpg,6.711936166e-09
2982928615_06db40f4cd.jpg,4.567998501e-09
2360194369_d2fd03b337.jpg,-3.91590425e-10
3678098428_40c1b74cc2.jpg,-2.643494846e-10
3076052114_233f42ae5b.jpg,-7.325031563e-09
1288909046_d2b2b62607.jpg,2.39233542e-09
475317104_1cdc1653b4.jpg,-4.750457902e-09
3547313700_39368b9a2f.jpg,4.222352419e-09
3477778668_81ff0a68e0.jpg,-3.766824217e-10
3208571574_6dc1a461c5.jpg,-1.041253742e-09
3487820317_3728e7569e.jpg,-1.883514352e-09
1248953128_24c9f8d924.jpg,5.919466813e-10
3538213870_9856a76b2a.jpg,-2.036704392e-09
457631171_12b1aee828.jpg,-3.334282982e-09
2070798293_6b9405e04d.jpg,-6.394272976e-10
3164415865_612f9fd8bc.jpg,6.724216178e-09
2105756457_a100d8434e.jpg,-5.507885793e-09
284441196_8ebb216d0d.jpg,3.439986549e-09
3452982513_36f2bc81fa.jpg,3.596705576e-09
2084157130_f288e492e4.jpg,4.247218109e-09
2455286250_fb6a66175a.jpg,4.418979534e-09
2618322793_5fb164d86a.jpg,-2.892055613e-09
3439982121_0afc6d5973.jpg,8.358222738e-10
2549452277_873cb80d3e.jpg,-3.897920507e-09
2095007523_591f255708.jpg,5.462657582e-09
2604305843_ebe3e8a328.jpg,5.016540619e-09
2923497185_c64004ff2d.jpg,-1.43761772e-09
3286017638_c688c83e3d.jpg,-1.098979795e-08
3091594712_2166604334.jpg,-1.687957909e-09
2709683703_5385ea9ef4.jpg,2.921357867e-09
3591170729_406fdb74e5.jpg,9.011072721e-10
2682194299_92005b26c6.jpg,-2.697365731e-09
2870194345_0bcbac1aa5.jpg,-8.629997193e-09
1472653060_7427d2865a.jpg,-1.554424556e-10
3445296377_1e5082b44b.jpg,3.507317326e-09
305749904_54a612fd1a.jpg,-5.739554508e-09
248858242_1c33c54ada.jpg,-6.364486191e-10
3431194126_ca78f5fde6.jpg,5.962220557e-09
3246991821_750a3097e2.jpg,-2.436958186e-09
2313822078_282dc07531.jpg,-4.617115224e-09
3464708890_3cab754998.jpg,2.760194293e-09
2963672852_c28043bb2c.jpg,-5.715031121e-09
2171576939_d1e72daab2.jpg,1.169471342e-08
2419591925_1038c6c570.jpg,7.828493773e-09
2924259848_effb4dcb82.jpg,3.956393757e-10
1141718391_24164bf1b1.jpg,2.278996968e-09
389643437_9a9830a3ba.jpg,3.944902555e-09
1075716537_62105738b4.jpg,-2.29110786e-09
509200598_171a1ab6c8.jpg,6.711605534e-09
380527679_574749123d.jpg,-5.888119548e-09
590445887_4d4fa43923.jpg,-3.73474128e-09
3198231851_6b1727482b.jpg,5.037295235e-09
69710411_2cf537f61f.jpg,-6.495364662e-10
3540598210_972f0ff573.jpg,6.092563275e-09
1924234308_c9ddcf206d.jpg,-7.311534547e-09
3096163135_584901a5ae.jpg,-2.822909315e-09
1745110280_0cbff5e273.jpg,1.100222132e-09
370614351_98b8a166b9.jpg,-1.163543152e-08
3689727848_b53f931130.jpg,-4.722634381e-09
244910130_e1f823a28a.jpg,4.663945889e-09
3542771548_fcb8fa0cba.jpg,-9.538781104e-10
3211453055_05cbfe37cd.jpg,-2.042205482e-10
2428959030_bdffc2812e.jpg,4.582510966e-09
3540416139_c884f38351.jpg,-2.185115534e-09
1153704539_542f7aa3a5.jpg,-1.075497695e-09
3477315700_52a4d740a5.jpg,-7.952135533e-09
3255482333_5bcee79f7e.jpg,1.994239339e-09
2109370875_05241bdda7.jpg,-1.364209259e-08
485921585_1974b1577a.jpg,-1.121345141e-11
405961988_fcfe97f31e.jpg,3.082835337e-09
3583903436_028b06c489.jpg,-2.99495612e-09
3401437960_7da856e004.jpg,2.733368301e-09
2087640654_1a84577a44.jpg,8.838916334e-10
241347391_4fcd4639f4.jpg,8.085569628e-09
2445283938_ff477c7952.jpg,-3.28000946e-09
467858872_f3431df682.jpg,1.375968061e-09
2716457668_187a6d2b1c.jpg,-2.973560141e-09
2894217628_f1a4153dca.jpg,-7.118833285e-10
3101378069_f8caa14c0a.jpg,9.011197731e-09
3149804151_1cc8d10783.jpg,-7.185557455e-10
3143978284_ac086be9a3.jpg,-3.424594626e-09
2746839158_4195210d27.jpg,-9.335958145e-09
3543600125_223747ef4c.jpg,-4.846433488e-09
3185662156_c877583c53.jpg,-6.942883023e-10
3685373706_37f2ced9ff.jpg,-1.277950542e-09
1235580648_7eebaed9bc.jpg,-6.226075464e-09
2369452202_8b0e8e25ca.jpg,-2.797847915e-09
3127888173_9a9a8ac3bd.jpg,3.117684926e-09
3259119085_21613b69df.jpg,1.8397545e-09
97105139_fae46fe8ef.jpg,-1.828787145e-09
2282895743_f803f1cf01.jpg,4.610400675e-09
3214151585_f2d0b00b41.jpg,-4.12274017e-09
3226796100_08c49cfa5c.jpg,-1.492821473e-09
3199895624_4f01798c6f.jpg,7.532422497e-09
3498327617_d2e3db3ee3.jpg,-7.037750256e-09
3268443910_b36dbc1e5c.jpg,2.108163562e-09
2402793046_3385554e81.jpg,3.302797925e-09
2435166927_28b8130660.jpg,-1.241830645e-09
3363750526_efcedc47a9.jpg,-5.290192859e-09
3439414478_8038ba9409.jpg,1.219236479e-09
836768303_d748df5546.jpg,2.421902974e-09
3518608016_46453d8b18.jpg,-1.092071251e-09
3053785363_50392f2c53.jpg,-8.86125885e-09
1193116658_c0161c35b5.jpg,-3.622464018e-10
412203580_2c7278909c.jpg,-4.141542404e-09
506882688_b37d549593.jpg,-4.184173088e-09
269630255_c3ec75c792.jpg,-9.261303445e-10
2613209320_edf6a2b7e9.jpg,1.423051997e-10
3351596152_bf283f03d1.jpg,-7.728363576e-09
3515665835_22e6fb1193.jpg,1.261725112e-09
3631671718_d712821757.jpg,-1.898956293e-10
524360969_472a7152f0.jpg,-2.220501229e-09
2860872588_f2c7b30e1a.jpg,4.143125559e-09
2930318834_8366811283.jpg,-7.947022754e-09
411216802_aead9e67e3.jpg,-2.803576861e-09
2389107995_ec756f3514.jpg,-3.612166169e-09
3546027589_253553252a.jpg,3.07788861e-10
2555521861_fc36fd3ab0.jpg,2.3699821e-09
2667783499_3a4f38f636.jpg,1.142539269e-09
2926786902_815a99a154.jpg,1.145409652e-09
3258394043_a0b6a94dce.jpg,-1.064835653e-10
408233586_f2c1be3ce1.jpg,-8.257028592e-10
1415591512_a84644750c.jpg,1.461326451e-09
837893113_81854e94e3.jpg,-7.484720668e-09
3356901257_83811a19eb.jpg,4.333166392e-09
2815256108_fc1302117d.jpg,8.039741714e-09
3526897578_3cf77da99b.jpg,2.379720008e-09
3151492269_28d8edaa68.jpg,2.066535621e-09
1308617539_54e1a3dfbe.jpg,7.218512772e-10
2089350172_dc2cf9fcf6.jpg,8.546694064e-10
528500099_7be78a0ca5.jpg,2.69705668e-09
2219959872_988e6d498e.jpg,-2.934757254e-09
1456393634_74022d9056.jpg,4.918483932e-09
3336361161_c06cdd160e.jpg,-1.488896435e-09
2371749487_d80195a2e7.jpg,3.269068676e-09
455611732_d65bf3e976.jpg,-8.805164986e-09
1975531316_8b00eeaaf7.jpg,-7.169087973e-09
954987350_a0c608b467.jpg,7.567836967e-09
96399948_b86c61bfe6.jpg,1.074757042e-08
3454621502_73af6742fb.jpg,-6.613010152e-09
2601008162_f00eeb5c14.jpg,3.460263424e-09
3424851862_0f51c42922.jpg,-4.576633826e-09
2729685399_56c0e104b1.jpg,-1.719022496e-09
2101808682_0d66ef4a08.jpg,-7.503177657e-09
2863349041_5eba6e3e21.jpg,1.583424711e-09
207584893_63e73c5c28.jpg,2.033980267e-09
2460797929_66446c13db.jpg,1.821705248e-09
1307635496_94442dc21a.jpg,-1.771574119e-09
2521770311_3086ca90de.jpg,-3.082904413e-09
3679502342_7fe6ef8a36.jpg,3.340043864e-09
3349528565_0bc013b70a.jpg,-7.346522045e-09
2682382530_f9f8fd1e89.jpg,1.577536076e-11
362316425_bda238b4de.jpg,8.703139886e-10
3681414069_71ba164f71.jpg,-8.192838538e-10
461505235_590102a5bf.jpg,2.570580456e-09
2195887578_3ba2f29b48.jpg,-1.165441018e-09
3640109324_3ce89e4d1a.jpg,4.600213738e-09
2513260012_03d33305cf.jpg,8.067293397e-10
895502702_5170ada2ee.jpg,1.978430208e-09
556568556_bc5124dc8e.jpg,-4.096084293e-09
2038662925_f4fa8c2534.jpg,-4.853217914e-12
1130369873_d80a1aa59c.jpg,1.643949925e-09
2814037463_74de97da86.jpg,3.923780975e-09
3091177347_58c85c1c3b.jpg,-3.276209968e-09
2201192417_d934730fea.jpg,1.09562297e-10
2394857899_76bfdf720b.jpg,4.501410252e-09
3158327361_6f1a518228.jpg,4.552561997e-09
3420323191_d66e003264.jpg,-3.296109937e-10
3569329986_1f468729b2.jpg,-5.843980065e-09
487487795_54705c406e.jpg,-7.414946756e-09
241347664_4a3e7e5be7.jpg,5.082640414e-09
307994435_592f933a6d.jpg,-4.464561417e-09
3504479370_ff2d89a043.jpg,6.561399097e-09
2774581025_81a3074e2e.jpg,8.225692881e-09
2381583688_a6dd0a7279.jpg,-5.395583235e-09
2560388887_55abc9083d.jpg,-3.254736314e-09
263233914_d25004e4cd.jpg,-6.153616713e-09
3236447445_eecafdf4f0.jpg,1.735268142e-09
2252635585_b48b3485b0.jpg,-1.822826299e-09
2618866067_07cbc83dc5.jpg,-5.945735157e-09
3126225245_96cd2c053f.jpg,-2.803750735e-09
326334188_8850b7bfd4.jpg,9.162264032e-10
3284887033_e2e48f1863.jpg,6.120191114e-09
2491343114_a3e35a2a3a.jpg,-5.738237642e-09
2467803152_70eeca1334.jpg,-1.474314039e-09
3228069008_edb2961fc4.jpg,1.959553372e-09
2192026581_b782d1355a.jpg,3.580242548e-09
3726019124_f302b3d48a.jpg,2.750409644e-09
2588927489_f4da2f11ec.jpg,-5.717429512e-09
3637013_c675de7705.jpg,-5.517929405e-09
3523920786_0eb63993fd.jpg,4.936026743e-09
1337792872_d01a390b33.jpg,4.526696031e-10
2766630484_ce73f47031.jpg,-5.616330349e-09
2396669903_5217a83641.jpg,2.596083497e-09
2183967273_d182e18cf6.jpg,6.311620521e-09
3706356018_28f62290e8.jpg,2.338599123e-10
3265964840_5374ed9c53.jpg,1.827631087e-09
1355703632_5683a4b6fb.jpg,-2.031750151e-09
3530502404_f8c3a3f61c.jpg,-1.100821512e-09
3248408149_41a8dd90d3.jpg,-8.537663568e-09
2473293833_78820d2eaa.jpg,1.735134989e-10
2480664591_e6d22ed61c.jpg,9.983029521e-12
3585598356_8ce815bbb9.jpg,3.425282009e-09
2844641033_dab3715a99.jpg,-8.523053995e-10
1785138090_76a56aaabc.jpg,5.088467309e-09
3231237864_8cb1c6d863.jpg,2.412454175e-09
3639363462_bcdb21de29.jpg,-4.017515668e-09
1019604187_d087bf9a5f.jpg,-5.553047242e-09
1515025681_999199cb79.jpg,5.634965392e-09
2594902417_f65d8866a8.jpg,-4.697546238e-09
2866820467_ae699235a7.jpg,2.420430278e-09
3219122000_bd6b4ae5ff.jpg,3.091633482e-09
3677927146_1696f0b075.jpg,4.136894475e-09
3033257301_e2c8a39b04.jpg,-5.936069724e-09
511844627_0ec78e01e9.jpg,-1.51995273e-09
3300679815_2c6c2301cb.jpg,-2.116078934e-09
356143774_ef3e93eede.jpg,-7.671625545e-09
2328616978_fb21be2b87.jpg,5.792590547e-09
2088460083_42ee8a595a.jpg,-1.206744891e-09
514073775_56796be990.jpg,3.099209475e-09
1143373711_2e90b7b799.jpg,1.056493024e-09
1056249424_ef2a2e041c.jpg,7.106591234e-09
1417031097_ab656bc4bd.jpg,1.526311029e-09
1356796100_b265479721.jpg,-5.60672329e-09
286660725_ffdbdf3481.jpg,-5.865655194e-10
539667015_fd0a3bea07.jpg,-1.165724777e-10
3330680118_4e541889c1.jpg,3.104376622e-09
2677614492_792023b928.jpg,5.246707469e-09
557101732_32bbc47c12.jpg,-6.3334528e-09
464251704_b0f0c4c87a.jpg,-2.069258327e-09
2586028627_ddd054d8cc.jpg,4.882615946e-09
1244306891_8e78ae1620.jpg,-4.459765547e-09
1821238649_2fda79d6d7.jpg,4.113200163e-10
3505657604_8899161734.jpg,-9.894208355e-09
3105691757_817083b0a6.jpg,-3.537793102e-09
2562377955_8d670ccec6.jpg,-7.439706371e-10
1355450069_c0675b0706.jpg,2.60452058e-09
3452341579_0147d2199b.jpg,2.163365427e-09
3339586622_a7676b30e1.jpg,-2.367071836e-09
2192802444_b14bb87b95.jpg,1.246406798e-09
2631300484_be8621d17b.jpg,-1.894306045e-09
533483374_86c5d4c13e.jpg,-6.917751334e-09
210686241_b8e069fff3.jpg,4.667014725e-09
2890075175_4bd32b201a.jpg,-1.824415663e-09
3182996527_70d9c323d5.jpg,5.347464911e-09
1313961775_824b87d155.jpg,-6.029814224e-09
1417941060_2a0f7908bc.jpg,4.111550867e-09
3173461705_b5cdeef1eb.jpg,-3.755708719e-10
3339140382_2e49bc324a.jpg,1.613693378e-09
3050606344_af711c726c.jpg,7.57299919e-09
103195344_5d2dc613a3.jpg,1.090847544e-09
3172369593_eb4d787ffb.jpg,5.551819348e-09
2930616480_7fd45ca79b.jpg,-4.848081397e-09
3482879314_d3387e95b1.jpg,4.940813008e-09
566446626_9793890f95.jpg,-4.615886312e-09
3417662443_2eaea88977.jpg,-1.803323818e-09
174466741_329a52b2fe.jpg,2.116047557e-09
2319175397_3e586cfaf8.jpg,-2.356033973e-09
3564436847_57825db87d.jpg,-1.311907516e-09
3494105596_f05cb0d56f.jpg,-4.659742727e-09
2283966256_70317e1759.jpg,1.187694587e-09
429270993_294ba8e64c.jpg,-1.361931979e-09
540721368_12ac732c6c.jpg,3.439395621e-09
312427606_defa0dfaa8.jpg,8.116753631e-10
3404906655_bc51c69c1e.jpg,4.875008173e-09
3217187564_0ffd89dec1.jpg,-3.218304391e-09
3383388869_a14552e551.jpg,9.554960201e-09
523991446_65dbc5a4a5.jpg,5.748443704e-09
2801146217_03a0b59ccb.jpg,-3.062174637e-09
839295615_bb9baf2f95.jpg,-1.63799485e-09
2436081047_bca044c1d3.jpg,-2.805119283e-09
472396131_6e97068d93.jpg,-7.569785587e-09
3648160673_0c783236a6.jpg,1.505828241e-09
407569668_19b3f8eaf6.jpg,-4.55135147e-11
3607405494_0df89110a6.jpg,1.042012875e-08
3666169738_a8c74cf745.jpg,-1.958300301e-09
3551447084_becc6a4666.jpg,2.670238943e-09
2182488373_df73c7cc09.jpg,4.86322183e-09
2003663004_5b70920a98.jpg,3.294234168e-09
1797507760_384744fb34.jpg,-1.604652402e-09
3372214646_cc2ceb182f.jpg,1.365377866e-09
468930779_8008d90e10.jpg,2.712611895e-09
3016178284_ec50a09e8c.jpg,2.874128525e-09
3077781040_bc27778609.jpg,-4.511369067e-10
3306951622_93b82cac21.jpg,3.628522569e-09
1282392036_5a0328eb86.jpg,-5.552073401e-09
3459570613_3932816d3f.jpg,-8.856514441e-10
2414397449_2ac3b78e0d.jpg,5.459942494e-09
3536561454_e75993d903.jpg,1.493188026e-09
2191453879_11dfe2ba3a.jpg,-7.311117773e-09
2274602044_b3d55df235.jpg,-1.492908787e-09
2272426567_9e9fb79db0.jpg,3.361418948e-09
3312096605_f458757418.jpg,3.373513846e-09
3225998968_ef786d86e0.jpg,2.058276918e-10
2746072388_b127f8259b.jpg,-1.366437286e-09
3722507770_0d6cb7420e.jpg,-8.160599455e-09
518144037_9a1754b2a6.jpg,7.389873424e-09
1056359656_662cee0814.jpg,-3.514482727e-09
3177298173_78cea31d64.jpg,-1.121080141e-09
3654869593_c8599a8e20.jpg,-5.941735433e-09
772403830_08b72c7da9.jpg,2.048384284e-10
450596617_ed37ec0fe4.jpg,-3.07722104e-09
1425485485_d7c97a5470.jpg,3.759401791e-09
3088922727_4bdf2ccc94.jpg,3.831465822e-09
3558683579_8fb36b55a6.jpg,-1.085959686e-09
3273091032_98f724b36b.jpg,-4.921067336e-09
1860543210_47e94cf652.jpg,4.624794968e-09
3334953664_a669038795.jpg,-1.138086973e-09
2869765795_21a398cb24.jpg,2.251300363e-09
3351370405_e417e38f52.jpg,3.137417369e-09
566794440_f9ec673a2f.jpg,3.268514906e-09
3392293702_ccb0599857.jpg,6.405702744e-10
3567061016_62768dcce1.jpg,-3.095913184e-09
3015898903_70bebb8903.jpg,-1.430462099e-09
1469000260_5d473c8283.jpg,4.555047825e-09
2517082705_93bc9f73ec.jpg,3.45768878e-09
3349194268_0ee555c9a2.jpg,6.557282526e-10
435739506_2daf7f4887.jpg,-1.775957464e-09
319869052_08b000e4af.jpg,-2.512839036e-09
3208074567_ac44aeb3f3.jpg,-2.252244577e-09
2404488732_ca1bbdacc2.jpg,1.205181824e-10
486917990_72bd4069af.jpg,3.219994506e-09
3009644534_992e9ea2a7.jpg,-8.860868269e-10
310728631_155c3bbeea.jpg,1.741561097e-09
2665461736_595c87f0a3.jpg,-4.206800189e-09
288177922_b889f2e1fe.jpg,1.757975783e-10
2854959952_3991a385ab.jpg,-2.886999205e-09
1837976956_3c45d0f9b8.jpg,-4.117204475e-10
385835044_4aa11f6990.jpg,4.609480132e-09
3264650118_be7df266e7.jpg,7.591796561e-10
3649224118_abe73c672c.jpg,6.384844018e-09
2602083686_e8a1af69cf.jpg,-2.339039848e-09
374176648_ba4b88c221.jpg,-3.733193205e-09
428796930_476a3d6395.jpg,4.497999632e-10
2088910854_c6f8d4f5f9.jpg,6.557348658e-09
459284240_5a4167bf92.jpg,1.704732443e-09
3394586927_eae7732b64.jpg,-1.297860734e-09
2502835694_4fe121bbea.jpg,-1.300401357e-09
2842032768_9d9ce04385.jpg,-7.927882404e-09
2312747482_20a81b2230.jpg,-2.280904664e-09
3330333217_1a69497a74.jpg,2.423141704e-10
2064792226_97e41d8167.jpg,-4.892902364e-09
3614595423_f9e0ab4fb0.jpg,4.788580366e-09
2540750172_070250ece5.jpg,3.934822934e-09
2251747182_6b67a3ab8b.jpg,-2.189449277e-09
3631136463_53ff624b82.jpg,-8.458097388e-09
2497608431_8dfefc7a1a.jpg,-2.921337299e-09
1164131282_b30926f332.jpg,3.536685824e-09
2089442007_6fc798548c.jpg,-6.250269977e-09
2045023435_181854c013.jpg,4.044665778e-09
451081733_40218cec31.jpg,-5.114874903e-09
3701226275_952547ba0f.jpg,-4.664737391e-09
3613242966_a1c63a0174.jpg,-2.495947433e-09
437054333_5c2761b8cd.jpg,-1.590529395e-09
2198484810_50a893824a.jpg,-2.499629248e-09
166507476_9be5b9852a.jpg,-2.448553591e-09
3585495069_33cba06d0a.jpg,6.528073136e-10
33108590_d685bfe51c.jpg,-2.491851399e-09
3066491113_86569e15be.jpg,-9.477167197e-09
3091912922_0d6ebc8f6a.jpg,3.848916882e-10
2860667542_95abec3380.jpg,-3.633524441e-09
1363843090_9425d93064.jpg,-8.332781218e-10
2690538407_7ca157be85.jpg,3.784664248e-09
3420469425_2980b4cd30.jpg,1.484690783e-10
2666205903_8d287669e1.jpg,-1.240868142e-09
1280147517_98767ca3b3.jpg,-1.240489207e-09
55473406_1d2271c1f2.jpg,-2.989238123e-09
1797554350_20998753c0.jpg,-8.873517665e-10
3569667295_6e51db08ef.jpg,-1.751286641e-09
3457572788_e1fe4f6480.jpg,-3.652444613e-09
3409947123_a8d07edecf.jpg,1.419896736e-09
181157221_e12410ef0b.jpg,-2.392854839e-09
3737539561_d1dc161040.jpg,1.434757625e-09
2114355355_9d7e2d8178.jpg,-2.695793232e-09
536721406_884ab8fece.jpg,2.924205641e-10
1809758121_96026913bb.jpg,-3.154473826e-09
2473689180_e9d8fd656a.jpg,4.405183454e-09
2655183854_5852790214.jpg,-1.229197079e-09
3624676866_8f6d0efcc9.jpg,-1.14947637e-09
3551003620_0b02d76f65.jpg,2.206922126e-09
3451523035_b61d79f6a8.jpg,-4.657048921e-09
3072611047_109bf8b7c3.jpg,4.206415524e-09
3049649128_d83d847168.jpg,-6.807312751e-10
3155987659_b9ea318dd3.jpg,-8.045867973e-09
506343925_b30a235de6.jpg,-2.305467008e-09
512031915_0dd03dcdf9.jpg,-5.505552321e-10
2686432878_0697dbc048.jpg,-9.19989939e-09
1680126311_b92a2e8e72.jpg,-5.170051145e-09
2543247940_083f1b7969.jpg,-1.762039179e-09
2696394827_7342ced36f.jpg,3.877576669e-09
2899374885_f3b2b1a290.jpg,9.321084402e-09
2611651553_61f859837e.jpg,6.731335458e-10
3103264875_2a8d534abc.jpg,-4.225605904e-09
2255338013_566127590b.jpg,-5.679746659e-09
2036407732_d5a0389bba.jpg,-4.212521773e-09
1285067106_2adc307240.jpg,-7.295192786e-10
2687328779_b4356dab16.jpg,-4.377703156e-09
3309082580_7228067ee0.jpg,-4.911331687e-09
2189995738_352607a63b.jpg,6.428840259e-09
2857372127_d86639002c.jpg,1.606078446e-09
397451339_76a84bd310.jpg,1.193824657e-09
185057637_e8ada37343.jpg,-2.35230177e-09
3619381206_5bc8b406f9.jpg,-2.504689436e-09
2738077433_10e6264b6f.jpg,1.375329685e-09
583087629_a09334e1fb.jpg,1.901106842e-09
2596100297_372bd0f739.jpg,-3.971181158e-09
2212472643_80238475b5.jpg,2.469606487e-09
3304556387_203b9d4db0.jpg,-1.954724751e-09
3189964753_a95536ced9.jpg,-2.714465418e-10
2301379282_5fbcf230d1.jpg,-3.878798996e-10
434938585_fbf913dfb4.jpg,1.582253485e-10
1801063894_60bce29e19.jpg,1.532933602e-11
2471447879_6554cefb16.jpg,3.259079161e-11
2853811730_fbb8ab0878.jpg,-1.195172795e-09
504385521_6e668691a3.jpg,1.29076027e-09
3221128704_d1205db79b.jpg,-1.690137214e-09
2149982207_5345633bbf.jpg,-1.619683216e-09
241346794_4319f8af67.jpg,4.809766028e-10
109823397_e35154645f.jpg,1.727222368e-09
3042380610_c5ea61eef8.jpg,7.548347749e-10
252802010_3d47bee500.jpg,-2.773503576e-09
1569687608_0e3b3ad044.jpg,4.292588515e-09
562928217_21f967a807.jpg,-1.067717462e-10
3441531010_8eebbb507e.jpg,-2.646973523e-09
3707283973_5cdaa39340.jpg,-9.775396474e-09
2298283771_fb21a4217e.jpg,2.610539423e-09
3099694681_19a72c8bdc.jpg,-5.634106571e-10
19212715_20476497a3.jpg,-1.217070137e-09
3699763582_f28c5130dd.jpg,-4.393181329e-09
745563422_f4fa7d9157.jpg,8.387016006e-10
1550772959_9ca9fa625f.jpg,1.581366174e-10
990890291_afc72be141.jpg,4.266652383e-09
2481490320_7978c76271.jpg,1.877139385e-09
432167214_c17fcc1a2d.jpg,-3.890971177e-09
835415474_7b7f2a9768.jpg,-1.472068608e-09
2203449950_e51d0f9065.jpg,2.321328191e-09
2273871383_1ddb3562ea.jpg,-5.426703363e-10
3091580843_178042c50b.jpg,7.732104675e-10
3676788491_01e9bc5f15.jpg,-2.744808324e-09
1003163366_44323f5815.jpg,-7.040157809e-09
3196995975_3e38eabf01.jpg,7.432974807e-10
2663794355_e726ec7e05.jpg,1.614190246e-09
1056338697_4f7d7ce270.jpg,-1.849900464e-10
2726301121_95a2fbd22b.jpg,1.783680144e-09
497122685_a51b29dc46.jpg,-2.749944432e-09
1819261140_6c022f4b1d.jpg,-1.375192313e-09
3638318149_b60450bfbe.jpg,4.825904421e-10
3222041930_f642f49d28.jpg,-1.179831625e-09
2832076014_ff08c92037.jpg,-3.39122918e-09
2663248626_f000f2661d.jpg,3.733473298e-10
365759754_6cf7068c9a.jpg,-1.615706693e-09
3048821353_83d4c0cbb9.jpg,5.187532714e-10
1346529555_e916816cfe.jpg,4.903652125e-09
109260218_fca831f933.jpg,-2.892221633e-09
3644941648_012ec87848.jpg,5.717046995e-09
1095580424_76f0aa8a3e.jpg,1.246939056e-09
3486340101_ff01d8f3f9.jpg,-1.106604849e-08
2561849813_ff9caa52ac.jpg,7.571551243e-10
3281078518_630a7a7f4f.jpg,-2.246352266e-09
1007129816_e794419615.jpg,-7.792733215e-12
3293596075_973b0bfd08.jpg,-1.353150785e-09
3256275785_9c3af57576.jpg,6.544087292e-10
2269795781_46a296aa21.jpg,-5.205396472e-10
3043908909_bb54d2c08e.jpg,3.957870023e-09
3290465391_258429e2f9.jpg,1.45331846e-09
2247138288_7355861203.jpg,-2.805086208e-09
3364861247_d590fa170d.jpg,-7.30504936e-09
2427558437_3e839056d7.jpg,3.197591142e-09
2712352554_1cafd32812.jpg,2.718410223e-09
367964525_b1528ac6e4.jpg,9.913111846e-09
3415646718_f9f4e23a66.jpg,-2.164422108e-09
1067675215_7336a694d6.jpg,4.808919399e-09
3271252073_0a1b9525fc.jpg,-6.166104381e-09
3708177171_529bb4ff1d.jpg,5.910893035e-09
404216567_75b50b5a36.jpg,-3.884709987e-09
3286620180_4b00e93e8e.jpg,-3.025498572e-09
3726170067_094cc1b7e5.jpg,4.264160444e-09
2915538325_59e11276dd.jpg,-1.595553135e-09
2766325714_189bbff388.jpg,-5.342895583e-09
401079494_562454c4d6.jpg,-1.015326163e-08
733964952_69f011a6c4.jpg,-9.107837849e-10
3269087421_1d489abeae.jpg,-2.278748325e-09
799199774_142b1c3bb2.jpg,-2.156244228e-09
2573141440_28a762d537.jpg,1.218551502e-09
3150380412_7021e5444a.jpg,8.983931787e-09
2902269566_419d9f1d8e.jpg,-7.085901748e-10
2281768510_9cc5728c55.jpg,3.797827773e-09
114949897_490ca7eaec.jpg,-1.065287341e-09
3085667767_66041b202e.jpg,1.608934798e-09
2635483351_bc1a8273aa.jpg,-3.529301818e-09
503090187_8758ab5680.jpg,1.88777988e-09
3520079657_b828d96d50.jpg,-4.495541283e-09
3005126574_49c28ffbee.jpg,-6.487748002e-09
2151056407_c9c09b0a02.jpg,-3.249282711e-09
3222250187_ef610f267e.jpg,4.730605068e-09
318070878_92ead85868.jpg,-2.413693459e-10
3658733605_fbcf570843.jpg,-3.850014145e-09
2854234756_8c0e472f51.jpg,-7.846622101e-09
282960970_574aa1ba49.jpg,1.763131511e-09
2209888959_d636b1be0b.jpg,4.021888091e-09
2570365455_41cc9a7d2b.jpg,-6.557169997e-09
2607383384_d9ce9de793.jpg,-1.071180858e-09
253762507_9c3356c2f6.jpg,-5.224273658e-09
3354330935_de75be9d2f.jpg,-2.560112612e-09
3027009366_c8362521e8.jpg,-2.344760109e-09
2804851816_9aae9071ca.jpg,-5.306552551e-09
358607894_5abb1250d3.jpg,-1.710887999e-09
294709836_87126898fb.jpg,4.953745073e-10
3504275465_604ce2ef34.jpg,-8.095814054e-09
3084018061_df66d98325.jpg,-5.88372455e-09
3119887391_212f379797.jpg,2.400004254e-09
2238019823_79318d1f11.jpg,6.796955433e-10
3365602213_dd3287a633.jpg,9.476501632e-09
3675685612_3987d91d92.jpg,1.415614436e-09
408627152_1feaa4b94e.jpg,9.985079726e-10
752052256_243d111bf0.jpg,4.074836839e-09
241346215_037e18403a.jpg,-5.606511459e-09
3708748633_e7e3cf4e84.jpg,-7.865264912e-10
2836808985_b26e4ca09e.jpg,-5.837527925e-09
1445754124_647168f211.jpg,1.270685154e-09
2328104318_5a43ca170c.jpg,4.416321217e-09
3301438465_10121a2412.jpg,1.238474869e-09
3021780428_497542a072.jpg,-2.805217688e-09
241347271_a39a5a0070.jpg,-4.308719911e-10
489551372_b19a6ad0ed.jpg,-9.877698042e-09
2768662025_44001fe5d1.jpg,7.976399174e-09
2845845721_d0bc113ff7.jpg,1.938418635e-09
2086534745_1e4ab80078.jpg,5.082770824e-09
3335370208_460fc19bfa.jpg,-1.271487179e-09
2290330500_e7bdaa58e1.jpg,4.555060143e-09
512045825_1be2083922.jpg,2.817041205e-09
509241560_00e5b20562.jpg,-5.487512378e-09
3476237185_9389c536a3.jpg,2.849261949e-09
2694890967_7c7a89de16.jpg,-1.271225348e-09
576093768_e78f91c176.jpg,6.715025016e-09
1528205014_1323aa9dfd.jpg,-1.020784452e-09
3424605029_53078d3505.jpg,6.345733697e-10
3025549604_38b86198f5.jpg,-6.6710342e-09
271770120_880e8d8e52.jpg,-3.988197632e-09
2810412010_f8b3bc1207.jpg,1.049465646e-08
527946505_a51ade1578.jpg,-8.753103898e-10
537479916_c033897fac.jpg,-2.06870763e-09
2903617548_d3e38d7f88.jpg,3.305756625e-09
145721496_687af9bb18.jpg,-5.228447014e-09
3627076769_3b71e73018.jpg,-4.48832206e-10
3367758711_a8c09607ac.jpg,2.561629905e-09
2380765956_6313d8cae3.jpg,-1.367799041e-08
3258391809_38fc6211f7.jpg,4.83995751e-10
3529314899_b4e533bb76.jpg,2.362128368e-09
2844018783_524b08e5aa.jpg,2.40741021e-09
2496236371_61dec88113.jpg,6.566408486e-09
3078844565_16e9cdcea2.jpg,3.23829664e-09
2466495935_623b144183.jpg,-4.388804181e-09
2944193661_7b255af9cc.jpg,-2.335734655e-09
2114126343_a0f74ff63b.jpg,7.353929813e-09
3461677493_5bfb73038e.jpg,-2.884727513e-09
2792195540_af5fb95caa.jpg,1.838486762e-09
1124448967_2221af8dc5.jpg,1.749471294e-09
3328535573_33c3cd5b59.jpg,9.676738183e-10
3203908917_53e53c03d1.jpg,4.435259746e-09
1527513023_3d8152b379.jpg,-3.80256622e-09
3353278454_2f3a4d0bbc.jpg,4.984095288e-10
369244499_752f0c1018.jpg,3.761128897e-09
2795287622_da187a3e86.jpg,-6.408676697e-09
881725588_efabbcd96a.jpg,3.84218161e-09
3631344685_ed0f3e091b.jpg,5.85907071e-09
3490044563_8eb551ef59.jpg,-3.844622758e-09
2619267133_53a5904ef4.jpg,4.308976534e-09
616045808_0286d0574b.jpg,6.539015972e-10
2833560457_24aedf3bef.jpg,-1.089105892e-09
522652105_a89f1cf260.jpg,-3.236839541e-09
766061382_6c7ff514c4.jpg,4.460982639e-09
2364394224_c17b09e035.jpg,6.817180662e-09
2681215810_00b0642f7b.jpg,-1.94582434e-09
1526325728_74eb4153d8.jpg,4.630890236e-09
2871962580_b85ce502ba.jpg,5.431929783e-09
1224851143_33bcdd299c.jpg,-4.242238017e-09
3520199925_ca18d0f41e.jpg,7.441867912e-09
2350400382_ced2b6c91e.jpg,-5.467765684e-09
2826030193_4278ccb833.jpg,-4.810604641e-09
2752043092_f48ebfeaa2.jpg,-7.568683694e-09
3305767464_d64a336f60.jpg,-4.024564557e-09
3159424456_f316bdc1d5.jpg,1.483324161e-09
3186412658_2ab2ebd397.jpg,-1.854533531e-09
2662537919_18a29fca8a.jpg,4.943259665e-09
2832978253_8fcc72da3b.jpg,4.524868657e-10
186346360_541047336f.jpg,-4.647394746e-10
2789937754_5d1fa62e95.jpg,3.529940558e-10
3150742439_b8a352e1e0.jpg,4.14727756e-09
1160034462_16b38174fe.jpg,-9.278152765e-10
2986620935_e97763983d.jpg,-6.061088983e-09
3527682660_c5e9fa644a.jpg,6.466961627e-09
2751567262_e089b33ed9.jpg,-3.942865996e-09
2169067981_cc19268f23.jpg,8.850773663e-09
488196964_49159f11fd.jpg,-7.211830202e-09
288880576_818b6ecfef.jpg,8.419339628e-09
2667549961_57e5e2c0a5.jpg,-1.868125181e-09
3540515072_8c951b738b.jpg,4.145624791e-09
496555371_3e1ee0d97d.jpg,2.944620563e-09
3484820303_7be0e914b4.jpg,4.319556087e-09
2490768374_45d94fc658.jpg,5.491430593e-10
2579460386_94c489028d.jpg,4.293295644e-09
2927878881_90b42fc444.jpg,8.645122095e-09
1252396628_eb81d3905b.jpg,2.192882437e-09
2298097636_c5de0079de.jpg,5.575443457e-09
3596428453_8cfdec4869.jpg,3.27888023e-09
3423802527_94bd2b23b0.jpg,2.030733886e-09
368393384_86defdcde8.jpg,-1.027139949e-09
2471974379_a4a4d2b389.jpg,-8.177135372e-10
2704379125_9c35650d16.jpg,-2.299203636e-09
1859941832_7faf6e5fa9.jpg,3.824793759e-09
415118186_64defc96f3.jpg,-4.548408232e-09
3442844140_15aa45e9b8.jpg,4.727522886e-10
1119463452_69d4eecd08.jpg,-1.621183087e-09
343218198_1ca90e0734.jpg,2.837897424e-09
3218481970_1fa627b3da.jpg,1.980217111e-09
3321956909_7b5ddf500f.jpg,9.607614268e-11
2390369143_6523253a73.jpg,-5.199606812e-10
2272823323_3b7291cd47.jpg,2.787173178e-09
649596742_5ba84ce946.jpg,-7.771445321e-09
3697378565_7060d9281a.jpg,-5.215944008e-11
3019667009_20db160195.jpg,-2.207240923e-09
268654674_d29e00b3d0.jpg,-3.803634245e-09
2251992614_0c601fae2c.jpg,-1.106566173e-09
262963190_a78b799e89.jpg,2.226167048e-09
3627216820_4952bacbcb.jpg,-4.076560259e-09
872622575_ba1d3632cc.jpg,-6.888548608e-10
2322327298_7948338390.jpg,-4.850554108e-09
2039457436_fc30f5e1ce.jpg,-1.882449655e-09
2987328689_96a2d814f1.jpg,2.583059628e-09
2194495372_bdac7d9e71.jpg,5.549249565e-09
375392855_54d46ed5c8.jpg,4.259277351e-10
2766291711_4e13a2b594.jpg,8.310487623e-09
2746910139_77ba5be2c5.jpg,3.637824394e-09
3349307529_c1a516b9dc.jpg,-1.292432908e-09
3282434895_1c1efc1475.jpg,1.598683207e-09
307327914_f98f576adb.jpg,-5.650402107e-09
1947351225_288d788983.jpg,-5.99157304e-09
2481598514_05a65d1f72.jpg,2.335166723e-09
1271960365_e54033f883.jpg,-3.469793105e-10
2245916742_73af13c733.jpg,-7.631221664e-10
3357937209_cf4a9512ac.jpg,3.54754969e-09
3474176841_cde2bee67c.jpg,4.330045883e-09
3381584882_341ee3092f.jpg,-2.890143817e-09
2460477085_088e25f857.jpg,-4.309813803e-09
1141739219_2c47195e4c.jpg,-9.250742962e-10
3145967019_1a83ebf712.jpg,3.629013688e-09
3577235421_69e4efb8d1.jpg,-2.503028674e-09
1414820925_3504c394e1.jpg,-2.522770223e-09
3500505549_d848209837.jpg,7.229529912e-09
2635164923_2a774f7854.jpg,-5.286791073e-09
2432061076_0955d52854.jpg,1.839826225e-09
2384353160_f395e9a54b.jpg,1.329115833e-09
3613030730_0b28b079ba.jpg,2.519571107e-09
3196100539_102fe877b3.jpg,3.324210234e-09
2825540754_5e0c13e6b8.jpg,1.963279778e-09
3407317539_68765a3375.jpg,-8.074665356e-09
1402859872_0fc8cf8108.jpg,-2.384351922e-09
2452334314_a7c443a787.jpg,1.529719454e-09
1515883224_14e36a53c7.jpg,1.69355598e-09
256283122_a4ef4a17cb.jpg,4.769088761e-09
2784408839_53a25a21eb.jpg,4.711550591e-09
1427391496_ea512cbe7f.jpg,1.549050508e-09
3025513877_1a6160070d.jpg,7.570322114e-09
3282897060_8c584e2ce8.jpg,-1.944894959e-09
2272750492_91e8f67328.jpg,-2.630174735e-09
3415311628_c220a65762.jpg,-3.25469624e-09
272156850_c4445a53f4.jpg,3.510706412e-09
2451285022_59255e7fd9.jpg,-2.700626059e-09
3075068274_2a28a5263b.jpg,2.747546398e-09
2307451605_22e9c06530.jpg,3.80454726e-09
2281075738_230892b241.jpg,8.432770064e-09
3231575742_31732664cf.jpg,-2.586790376e-09
2376694294_9a4ecc3b90.jpg,1.336637764e-10
441817653_fbdf83060b.jpg,-1.249449725e-09
3421789737_f625dd17ed.jpg,-1.896414709e-09
2086513494_dbbcb583e7.jpg,-2.98415607e-09
3544573946_e03aebbfde.jpg,2.580068854e-09
1425069590_570cc7c2d8.jpg,-5.607167197e-09
259314892_a42b8af664.jpg,1.056523087e-09
2518853257_02f30e282e.jpg,1.038127067e-09
260828892_7925d27865.jpg,6.53968943e-09
3551170666_01df31412d.jpg,8.853008577e-10
260850192_fd03ea26f1.jpg,2.331048392e-09
3550459890_161f436c8d.jpg,-3.724457908e-09
3347701468_bb0001b035.jpg,6.118962569e-09
2993167197_e5d0a73530.jpg,-3.562630164e-09
2544426580_317b1f1f73.jpg,4.136407022e-09
3183195653_11b66acb34.jpg,3.96176901e-09
3018847610_0bf4d7e43d.jpg,4.214835316e-09
2755314937_1e974bf2b5.jpg,3.256329949e-09
512163695_51a108761d.jpg,-3.631203462e-09
2951092164_4940b9a517.jpg,3.719247554e-09
3569755200_cef7ee2233.jpg,-8.77071971e-10
1448511770_1a4a9c453b.jpg,-1.768356658e-09
505929313_7668f021ab.jpg,1.263385068e-09
3170551725_1276644eab.jpg,6.567172084e-10
2650485780_29d89268d7.jpg,4.768745709e-09
1130017585_1a219257ac.jpg,1.47686509e-09
249394748_2e4acfbbb5.jpg,-1.352201496e-09
2728813605_cfc943e1ab.jpg,-4.912876922e-09
724702877_f2a938766b.jpg,-7.755940002e-10
3323528927_7b21081271.jpg,3.422338017e-09
3099965396_2a0018cb9e.jpg,-6.695105134e-09
3660361818_e05367693f.jpg,-3.983015559e-09
3339105374_cc41e0b7d7.jpg,-3.080972531e-09
3595643050_d312e4b652.jpg,-2.962180395e-10
3583516290_1c87a13770.jpg,4.095472636e-09
1294578091_2ad02fea91.jpg,1.369026918e-09
3523950181_414978964e.jpg,-2.997516281e-09
2934628301_41ea2e6cf9.jpg,-1.456914256e-09
2525716531_e6dedee421.jpg,6.417971938e-10
94232465_a135df2711.jpg,-5.462736648e-09
2817230861_d27341dec0.jpg,3.919986046e-09
1187593464_ce862352c6.jpg,-4.394905174e-09
2465497494_43d74df57c.jpg,4.972136546e-09
3639684919_cb6fbf5638.jpg,-2.40546712e-09
3293642024_e136b74a55.jpg,8.251474287e-10
162152393_52ecd33fc5.jpg,-1.357606274e-10
2815745115_c8479d560c.jpg,-3.739633694e-09
516648762_0cff84ea97.jpg,7.011437443e-10
3355756569_b430a29c2a.jpg,3.742435331e-10
1564614124_0ee6799935.jpg,-7.543313745e-09
2877159456_ea4a46b0d2.jpg,2.284880823e-09
3204712107_5a06a81002.jpg,3.161238007e-09
2083778090_3aecaa11cc.jpg,-1.177445271e-08
3501083764_cf592292a6.jpg,6.327657614e-09
3394070357_cb2a3243fc.jpg,3.378198549e-10
2066241589_b80e9f676c.jpg,3.401309129e-09
2911928620_06c3fa293e.jpg,-8.140490052e-10
481054596_cad8c02103.jpg,3.739122357e-09
953941506_5082c9160c.jpg,-2.49631212e-09
3517056462_483ee5a914.jpg,2.450693738e-10
3375014075_157388f8a9.jpg,-1.882099489e-09
3235076435_1eaa40bd0a.jpg,-1.611844969e-09
2505056124_1276e8dbcb.jpg,6.772577718e-10
3209523192_05a4cef844.jpg,-3.208707927e-09
2064417101_3b9d817f4a.jpg,-7.08673065e-09
2252123185_487f21e336.jpg,1.874876882e-09
3255017708_2b02bfcdcf.jpg,-4.079780773e-09
3101796900_59c15e0edc.jpg,-1.100474638e-09
2650568697_ffb79bf2ea.jpg,-2.485148021e-11
1312954382_cf6d70d63a.jpg,8.872502808e-09
3302804312_0272091cd5.jpg,2.417600002e-09
3317145805_071b15debb.jpg,-2.928063364e-09
2497074804_b4f3e7fd90.jpg,-7.979607537e-09
2629445284_83390e83af.jpg,-1.037640857e-08
3726629271_7639634703.jpg,-4.925144632e-09
3470303255_fbb41b8dd0.jpg,2.102830229e-09
2953015871_cae796b6e7.jpg,4.048901282e-09
3352531708_a65dd694b1.jpg,6.359215129e-09
2853205396_4fbe8d7a73.jpg,-6.566955747e-09
2789648482_1df61f224a.jpg,-3.821302685e-10
2324979199_4193ef7537.jpg,-4.205900297e-09
2565350330_c7f305e7f7.jpg,1.849742569e-09
2675190069_d5c3b2c876.jpg,-5.850131936e-09
2030781555_b7ff7be28f.jpg,-9.571618361e-10
3445428367_25bafffe75.jpg,6.522035347e-10
3710971182_cb01c97d15.jpg,-2.730145809e-09
245895500_a4eb97af02.jpg,-1.076681369e-09
3185371756_ff4e9fa8a6.jpg,5.183938859e-09
3124964754_2e8a98fb09.jpg,-1.001454138e-09
3111482098_11c0f4f309.jpg,-4.429073077e-09
2571096893_694ce79768.jpg,-1.483390746e-09
3383545083_1d7c95b003.jpg,5.959583528e-10
447111935_5af98563e3.jpg,-1.800788343e-09
2304374703_555195d8d5.jpg,1.023861223e-08
3320209694_db579cb607.jpg,-1.198676308e-08
3299820401_c2589186c5.jpg,7.100271788e-09
2172526745_649f420569.jpg,-1.036204766e-09
3717531382_e1e05e22c5.jpg,1.084394941e-08
444047125_66b249287c.jpg,1.348473785e-09
2228022180_9597b2a458.jpg,3.078244536e-09
2432709509_2a4d0c833f.jpg,-4.927947015e-09
2644916196_16f91dae54.jpg,1.930444081e-09
424506167_01f365726b.jpg,8.371425196e-10
3517362674_0f5296de19.jpg,7.452787257e-11
525968880_82623392d1.jpg,1.930670506e-09
2949982320_c704b31626.jpg,-6.055062174e-10
3476381830_3751dd9339.jpg,-6.508525277e-09
359173181_a75c950aeb.jpg,6.960474524e-09
518789868_8895ef8792.jpg,-1.19755322e-09
2735792721_b8fe85e803.jpg,7.540265297e-09
2472678549_67068a1566.jpg,-3.663788617e-09
1303727828_d1052ee341.jpg,7.457347438e-10
2501968935_02f2cd8079.jpg,-2.814473253e-09
379006645_b9a2886b51.jpg,7.499368294e-10
3423249426_02bedf9260.jpg,3.104934805e-09
84713990_d3f3cef78b.jpg,-2.332508844e-09
148512773_bae6901fd6.jpg,4.22810523e-09
3304712466_18cbdb85fe.jpg,-3.941764062e-09
1801188148_a176954965.jpg,1.005490744e-08
2764732789_1392e962d0.jpg,-5.135031113e-09
1142283988_6b227c5231.jpg,-7.673844452e-09
3330102093_1d6e35e78d.jpg,-1.491514231e-09
2094810449_f8df9dcdf7.jpg,5.282280541e-09
2851198725_37b6027625.jpg,-2.737837515e-09
3451344589_6787bd06ef.jpg,6.685642342e-09
3007214949_a4b027f8a3.jpg,-3.324191869e-09
3499720588_c32590108e.jpg,3.066740078e-09
2423085253_6c19149855.jpg,1.172733657e-09
488089932_c3a5fa4140.jpg,7.151542697e-09
2976684095_ce7ccfd423.jpg,-9.319838509e-10
2458862292_466a920ee2.jpg,-3.966018029e-09
3419197575_aa5b84a9f0.jpg,-1.988988383e-09
146577645_91b570c0d0.jpg,-5.510089913e-09
1067180831_a59dc64344.jpg,-1.431506103e-09
3242808166_8638150274.jpg,-1.434604257e-09
2126950128_74a4882658.jpg,-3.491388377e-09
1467533293_a2656cc000.jpg,6.998775311e-09
1389264266_8170bc1c54.jpg,-5.429993068e-09
3393035454_2d2370ffd4.jpg,1.140893915e-08
3512033659_7e8a0c2ffa.jpg,1.182755e-09
3328646934_5cca4cebce.jpg,6.625750778e-09
3420260768_26a600b844.jpg,3.261976175e-09
3658016590_f761e72dc3.jpg,8.287121488e-09
3681324243_b69fa90842.jpg,-1.295548582e-09
3475552729_a3abd81ee6.jpg,2.486595774e-09
3211029717_2affe6bbd5.jpg,-1.314758129e-08
3636632926_09f39f2629.jpg,-3.64390624e-09
447800028_0242008fa3.jpg,-3.134067174e-09
3248220732_0f173fc197.jpg,-5.707076734e-10
2695961935_a2a6338f26.jpg,3.572460705e-09
2410153942_ba4a136358.jpg,-2.687388266e-10
2444741900_5cb3ef3e1d.jpg,-2.962898482e-09
3667318593_fa1816b346.jpg,-1.676737293e-09
3442978981_53bf1f45f3.jpg,-4.963484245e-09
339822505_be3ccbb71f.jpg,-5.665120382e-09
2598979962_c01811cfca.jpg,1.774382285e-09
444872454_9f51e07f88.jpg,3.561616303e-09
345684566_235e8dfcc1.jpg,-1.25734193e-09
241346146_f27759296d.jpg,3.512523302e-09
537758332_8beb9cf522.jpg,-1.360496623e-10
241345639_1556a883b1.jpg,-1.914268452e-10
2899501488_90d5da5474.jpg,9.159798548e-10
475313618_bdb2f72be5.jpg,-8.957152249e-09
313051099_1bb87d6c56.jpg,-7.618034828e-09
3517127930_5dbddb45f6.jpg,2.856812546e-09
3356369156_074750c6cc.jpg,-1.995119765e-09
290982269_79fc9f36dc.jpg,3.546532563e-09
1994416869_4dd769a806.jpg,5.397620389e-09
3287963317_186491ee78.jpg,-2.579844887e-09
3367851138_757d6bd2ef.jpg,2.000491001e-09
3046259614_614394e024.jpg,2.586720132e-09
3325157569_8084ab3293.jpg,-2.495295347e-09
3709030554_02301229ea.jpg,3.112374193e-09
314940358_ec1958dc1d.jpg,-5.91183761e-09
632251903_b36701a5e9.jpg,4.600556608e-09
2622517932_57c52c376f.jpg,3.182904171e-09
3497237366_366997495d.jpg,1.114117367e-08
3759230208_1c2a492b12.jpg,-2.108786648e-09
432248727_e7b623adbf.jpg,3.140500235e-09
3064716525_b8418d4946.jpg,-2.571332177e-09
390986651_c801db91a0.jpg,3.52681137e-09
195084264_72fb347b0f.jpg,8.149687137e-10
2774554310_007e980a90.jpg,8.857908634e-09
2542415282_9240e1b5fc.jpg,3.212122344e-09
256439287_990ac4a761.jpg,-2.767549555e-09
3614582606_16bd88dab2.jpg,4.973773407e-09
2655196158_5c878a4af0.jpg,4.388815631e-09
3715469645_6d1dc019b3.jpg,-1.390671074e-09
381275595_b429fd1639.jpg,8.37880256e-09
3349309109_4024a09a17.jpg,-1.271372509e-10
381239475_044cbffa2b.jpg,2.530968837e-09
3639617775_149001232a.jpg,-3.992029561e-09
2647229826_e0e0c65ef1.jpg,-8.86404478e-09
2762301555_48a0d0aa24.jpg,-5.588269268e-11
2957071266_1b40ec7d96.jpg,-5.310996686e-09
2884400562_e0851014fc.jpg,-3.335172841e-10
529101401_ab1f6b1206.jpg,1.034311183e-08
2872743471_30e0d1a90a.jpg,-5.500380453e-09
1285874746_486731a954.jpg,1.054726772e-09
3030793171_55cd646eed.jpg,-2.60244815e-09
3369354061_2bab79f91f.jpg,2.186484392e-09
2901074943_041aba4607.jpg,-7.274025306e-09
219070971_ae43410b9e.jpg,-3.090560629e-10
3175712926_5a470d0886.jpg,1.003608241e-09
2508249781_36e9282423.jpg,6.440002878e-10
3710176138_fbfe00bd35.jpg,-3.181437582e-10
3713177334_32f3245fd8.jpg,9.388385962e-10
3291255271_a185eba408.jpg,2.489360381e-09
3524612244_64f00afec5.jpg,-1.544782373e-09
2792409624_2731b1072c.jpg,-6.653328167e-10
2089555297_95cf001fa7.jpg,5.488164767e-09
496606439_9333831e73.jpg,2.147117002e-09
2558312618_13d362df66.jpg,3.211411837e-09
3148286846_40ae914172.jpg,-4.591317145e-09
3523972229_d44e9ff6d7.jpg,5.549237373e-09
3318995586_c2bc50b92e.jpg,2.252766387e-09
410453140_5401bf659a.jpg,-7.264745617e-10
2932519416_11f23b6297.jpg,4.790690548e-09
3107889179_106d223345.jpg,7.325927588e-10
3560081723_62da0035bd.jpg,7.19436994e-09
3208553539_2bf6c6d162.jpg,6.407154564e-11
3559425864_0462d7613f.jpg,-6.684510533e-09
3240014971_ee2ea8406f.jpg,7.658919066e-09
640506101_ae1145b6d1.jpg,-1.905583471e-09
3555729342_cc7a3b67fd.jpg,-4.393018449e-09
2836864045_9a093cfd65.jpg,-3.29090961e-09
2743652730_d909c7ae82.jpg,-3.769696084e-09
95734038_2ab5783da7.jpg,2.761462263e-09
540338917_57069687be.jpg,9.759496863e-10
2067833088_04e84e5bf2.jpg,4.811688369e-10
1383840121_c092110917.jpg,-5.777512993e-11
3024022266_3528c16ed8.jpg,8.790092647e-10
1682079482_9a72fa57fa.jpg,-1.664441448e-10
3444684583_6656e38088.jpg,-1.719685705e-09
241109594_3cb90fe2a3.jpg,-3.423604887e-09
468871328_72990babd4.jpg,-5.152631624e-09
3760400645_3ba51d27f9.jpg,-4.830554883e-09
3295452057_0c987f895f.jpg,-2.386413786e-10
3042405316_ba3a01926b.jpg,-3.915559882e-10
2065309381_705b774f51.jpg,1.572134659e-09
2384147448_c1869070d3.jpg,2.057640442e-09
2529205842_bdcb49d65b.jpg,-4.125540377e-09
3415178926_909db9400b.jpg,4.523294298e-09
252846811_7b250935a7.jpg,-1.695081012e-09
2450486758_a66fd296ea.jpg,-5.559710774e-10
3353036763_4cbeba03b2.jpg,-7.302104622e-09
3667492609_97f88b373f.jpg,1.092251059e-09
3019473225_8e59b8ec4e.jpg,1.58055643e-09
2911552402_5166bc173b.jpg,-5.682181483e-09
3123351642_3794f2f601.jpg,1.540087115e-09
263231469_e85c74f5fd.jpg,4.255169413e-09
3386893620_5f0bb4e794.jpg,-2.03846588e-10
3628994466_a12065d29b.jpg,-1.356680148e-08
2841449931_84a05850ec.jpg,-5.475242499e-09
2052953131_30834196fb.jpg,-5.896547954e-09
3130093622_362f32f2bb.jpg,-1.748774926e-09
256444892_efcb3bd824.jpg,3.387777406e-09
3608400551_d6f7965308.jpg,2.056002363e-09
2119660490_ce0d4d1f73.jpg,4.209119553e-09
3665549027_d7fb05d157.jpg,-3.891345278e-09
3442138291_3e75f4bdb8.jpg,3.038554413e-09
292887910_f34ac101c8.jpg,-4.698560708e-09
3522000960_47415c3890.jpg,-1.032749419e-10
375384566_254c2362d4.jpg,2.161006849e-09
2303356248_65dd6aba6f.jpg,8.008203723e-10
3483140026_e14f64fdf5.jpg,5.569255383e-09
3716272233_7845ec5b3e.jpg,1.57978256e-08
3556037801_3992ce6826.jpg,7.788381955e-09
2616673985_fa4354cc53.jpg,-2.491002087e-09
337647771_3b819feaba.jpg,3.898506433e-09
3589052481_059e5e2c37.jpg,2.732457006e-09
2990471798_73c50c76fb.jpg,8.292100127e-10
3631986552_944ea208fc.jpg,-7.96394316e-09
2735979477_eef7c680f9.jpg,-3.477912568e-09
522486784_978021d537.jpg,7.350143164e-10
2994107810_af56326389.jpg,-1.328753304e-09
1479124077_17dcc0d5d7.jpg,-1.622543909e-09
1096097967_ac305887b4.jpg,2.770605202e-09
233242340_09963100a3.jpg,1.109714762e-10
3591094476_b61acd63d6.jpg,5.653538007e-09
2925760802_50c1e84936.jpg,2.321870553e-09
289860281_94d699f36d.jpg,1.427505294e-09
2396691909_6b8c2f7c44.jpg,-5.602278665e-09
515702827_be3c6ce857.jpg,2.071416954e-10
2929506802_5432054d77.jpg,-1.070799095e-09
3498997518_c2b16f0a0e.jpg,-4.239883556e-10
3461437556_cc5e97f3ac.jpg,-2.329581945e-09
58363928_6f7074608c.jpg,-1.162530812e-09
3320411267_df70b90501.jpg,8.283591977e-10
2308108566_2cba6bca53.jpg,5.117920813e-09
2077346067_0a3a5aae65.jpg,1.958765152e-09
3337332770_5eda5cceb7.jpg,-5.025949122e-09
2666179615_f05a9d8331.jpg,4.17173928e-09
3506869953_802f463178.jpg,1.848993751e-09
3490736665_38710f4b91.jpg,-1.959653515e-09
2453971388_76616b6a82.jpg,-2.319008987e-09
535399240_0714a6e950.jpg,-1.143809188e-09
3701291852_373ea46bb6.jpg,-9.328552759e-10
344841963_8b0fa9784c.jpg,2.376569899e-09
1813597483_3f09d2a020.jpg,-1.574595377e-09
2777021428_0b2ac3e987.jpg,-5.988508238e-09
1542033433_5453d4c466.jpg,8.157632484e-10
215876547_fa584c5ec3.jpg,2.870272984e-10
2256218522_53b92bcbb2.jpg,-2.904252536e-09
3694555931_7807db2fb4.jpg,-1.203566797e-09
485738889_c2a00876a6.jpg,2.383073573e-09
3030079705_0dee8a3e89.jpg,-6.030236969e-09
2946016853_ceca4f5a07.jpg,-7.637063047e-10
3644142276_caed26029e.jpg,2.662506699e-09
3296150666_aae2f64348.jpg,-6.11972538e-09
2843695880_eeea6c67db.jpg,-7.191933158e-11
2657301826_aab4c36e6c.jpg,5.474778666e-09
2531837969_6f28637811.jpg,-4.461046592e-10
2407470303_6fd5e3600d.jpg,1.411467819e-09
1434607942_da5432c28c.jpg,-4.834612169e-11
543007912_23fc735b99.jpg,-2.915986449e-09
3054200086_657d4398e8.jpg,2.220126605e-09
2164363131_6930455d45.jpg,-3.694968213e-09
3471117376_40585c3fd1.jpg,-9.66155427e-10
374103966_2987706be1.jpg,3.671204726e-09
3229730008_63f8ca2de2.jpg,-2.564017268e-09
2646046871_c3a5dbb971.jpg,1.775029337e-09
390992102_67fa31b22f.jpg,5.051301829e-09
3070713991_8696796937.jpg,3.222585105e-09
2905948395_ca3e6b3c9a.jpg,1.42818812e-09
3477977145_4df89d69a1.jpg,1.048543702e-08
3213992947_3f3f967a9f.jpg,-5.253391629e-09
531055369_936fd76a63.jpg,-3.354012683e-09
716597900_b72c58362c.jpg,5.314804188e-09
3056530884_27766059bc.jpg,-6.089142555e-09
1316247213_1d2c726dd5.jpg,4.575344922e-09
1377668044_36398401dd.jpg,3.206310975e-09
3457856049_2de173e818.jpg,-4.589697485e-09
1509786421_f03158adfc.jpg,-1.969058324e-09
3468130925_2b1489d19a.jpg,1.165199948e-09
399679638_d3036da331.jpg,2.953329072e-09
3677329561_fa3e1fdcf9.jpg,-3.816123621e-09
3679341667_936769fd0c.jpg,3.728892629e-09
3534668485_6887629ff0.jpg,5.405720547e-09
3446347599_0ecc49a9d5.jpg,1.530498957e-09
2277081067_d2b4c98bce.jpg,-3.836989187e-09
2255342813_5b2ac6d633.jpg,5.805678554e-09
2520255786_b70a3ec032.jpg,3.502941656e-09
2318659263_c24005a5cb.jpg,6.843982983e-10
2976537455_f3988c2d46.jpg,-2.054021449e-10
507758961_e63ca126cc.jpg,-1.115728328e-09
2699733386_c346c87ea6.jpg,5.932322899e-10
2878578240_caf64c3b19.jpg,2.489743971e-09
1569562856_eedb5a0a1f.jpg,4.104301464e-11
2257631407_1529b9db39.jpg,-1.464453176e-09
3376972502_35e3e119cd.jpg,9.710374265e-10
3655773435_c234e94820.jpg,-8.846946022e-09
3694219419_a7a83d4886.jpg,-4.19904579e-09
3294209955_a1f1e2cc19.jpg,1.025806516e-08
3653764864_225958c9c1.jpg,-2.989909307e-10
2531531628_b4a5041680.jpg,4.787990721e-09
2895966469_53e0b29295.jpg,5.125672315e-10
449352117_63c359c6e7.jpg,5.078392607e-09
3518334317_bc40bae18d.jpg,9.332361825e-10
3590647207_2d4ec3f52c.jpg,5.4498309e-10
3247052319_da8aba1983.jpg,-5.327953924e-09
527272653_8a5bd818e5.jpg,1.735548307e-09
662606040_8cc8cd9f1b.jpg,-6.424127251e-09
488416045_1c6d903fe0.jpg,2.009224993e-09
3119875880_22f9129a1c.jpg,2.86841093e-09
155221027_b23a4331b7.jpg,-1.025044e-10
3527926597_45af299eee.jpg,2.514653806e-09
3503471307_464a8f588c.jpg,3.913740741e-09
241347441_d3dd9b129f.jpg,-8.479631708e-11
2140747429_62cfd89ae9.jpg,5.772574559e-09
3270083123_fcc1208053.jpg,-1.990629729e-09
3688797852_89ed3cb056.jpg,6.342718279e-09
2441815792_43565b1312.jpg,2.7223721e-09
624742559_ff467d8ebc.jpg,3.906384115e-09
3677964239_6406ed096f.jpg,-2.803311805e-09
2708176152_1634cb754d.jpg,5.380776429e-09
2707835735_6537b27e8f.jpg,-1.27503101e-09
3169394115_2193158cee.jpg,2.572499171e-09
2908859957_e96c33c1e0.jpg,9.588103047e-10
3437147889_4cf26dd525.jpg,-2.024344356e-09
2255266906_8222af18b9.jpg,-3.655850635e-09
3395173129_f0ac0a1ed4.jpg,1.700815787e-09
2414986483_004936f84b.jpg,9.239890881e-10
1926129518_4350f4f552.jpg,1.857922225e-09
2509824208_247aca3ea3.jpg,3.816103062e-09
3116379964_86986750af.jpg,-1.058567861e-09
3611603026_9112b0c53f.jpg,-7.736647485e-09
1398606571_f543f7698a.jpg,-1.593897445e-09
3514188115_f51932ae5d.jpg,-1.371349631e-10
2701487024_e866eb4550.jpg,-3.09311663e-09
2296166785_292a4e9f4c.jpg,4.083977777e-09
2056042552_f59e338533.jpg,2.410244399e-09
3353962769_ba48691bc6.jpg,-2.634060043e-09
2887103049_a867e74358.jpg,4.353204839e-10
3528251308_481a28283a.jpg,-1.135737305e-09
3715559023_70c41b31c7.jpg,1.079018777e-09
432490118_54a9c0e500.jpg,2.657427989e-10
2310233145_910cb5b4c8.jpg,3.410996143e-11
535249787_0fcaa613a0.jpg,-3.143222691e-09
2915183095_4ed4aa4f37.jpg,-4.165978892e-10
3458434150_2b0d619244.jpg,3.466537486e-09
3298199743_d8dd8f94a0.jpg,1.895774289e-09
1479513774_70c94cf9d3.jpg,3.745802836e-09
2470519275_65725fd38d.jpg,-4.782569383e-10
3508882611_3947c0dbf5.jpg,5.400796683e-09
3612485611_12dd7742f7.jpg,8.602468914e-10
1332208215_fa824f6659.jpg,-6.253222795e-10
1474474514_b3eb492722.jpg,-3.043924669e-10
818340833_7b963c0ee3.jpg,-3.165406565e-09
3463268965_f22884fc69.jpg,-1.674009854e-09
2623930900_b9df917b82.jpg,3.158490949e-09
2988439935_7cea05bc48.jpg,-3.696294153e-09
3697379772_40d831392b.jpg,-1.045488543e-10
2512682478_b67cc525c7.jpg,2.646688589e-09
3339263085_6db9fd0981.jpg,-7.136243917e-10
420355149_f2076770df.jpg,2.7704225e-09
349889354_4b2889a9bd.jpg,9.026059376e-10
2651915425_7a58e862e9.jpg,-5.63707078e-09
691770760_48ce80a674.jpg,-1.186328393e-09
3334300164_e75e0479ae.jpg,4.438752401e-09
3246190363_68d903bfcb.jpg,6.810118794e-09
2095078658_c14ba89bc2.jpg,-1.198803544e-09
2282522980_45cfa8e0cf.jpg,-3.314476768e-09
2714674623_8cd05ac114.jpg,-7.4241356e-10
880220939_0ef1c37f1f.jpg,-2.80310085e-11
407678652_1f475acd65.jpg,-8.607185713e-10
440737340_5af34ca9cf.jpg,6.604523642e-09
3425069551_aba046a1b6.jpg,-2.104224504e-09
460350019_af60511a3b.jpg,-2.146281148e-09
2807209904_389d81f33a.jpg,-3.437960799e-09
537225246_dd0e2158a7.jpg,1.99493975e-09
1812525037_528465037c.jpg,-5.203592453e-09
3159641529_c2c74f3eaf.jpg,-1.916846446e-09
2898810636_84fb5c0b63.jpg,2.743034596e-09
452345346_afe1248586.jpg,-2.433136727e-09
1277743944_f4e8c78403.jpg,-1.77905362e-09
3568065409_1c381aa854.jpg,-7.603652907e-09
3278189732_f750cb26b7.jpg,2.735575598e-09
3040051410_6205682ba3.jpg,-1.397428225e-10
2396025708_e4a72e2558.jpg,1.92664976e-09
2465441099_a1761a1757.jpg,7.931768454e-10
3413806271_17b7e102aa.jpg,-4.809080855e-10
501520507_c86f805ab8.jpg,8.806522306e-09
2206403470_8c25aa3cf8.jpg,4.791101169e-10
3048461682_e89f81b1c7.jpg,8.581263393e-09
2092419948_eea8001d0f.jpg,-6.604464608e-10
3143980056_7a64a94b58.jpg,1.762746777e-09
391579205_c8373b5411.jpg,8.34194547e-10
432496659_f01464d9fb.jpg,-2.834905931e-10
3148571800_c5515e6c3d.jpg,2.386995279e-09
3006926228_cf3c067b3e.jpg,5.203826989e-09
3368569524_a9df2fc312.jpg,1.677665965e-09
3673970325_4e025069e9.jpg,2.999005389e-09
394161692_2576920777.jpg,-3.410813949e-09
2148916767_644ea6a7fa.jpg,-1.049174488e-09
3335097235_538f4777c3.jpg,1.279936527e-09
2553188198_da1123a723.jpg,-5.659554604e-09
96985174_31d4c6f06d.jpg,-3.677233911e-09
2982881046_45765ced2c.jpg,2.960608401e-09
2966190737_ceb6eb4b53.jpg,4.235202897e-10
3601491447_a338875b51.jpg,-6.857826252e-09
2763044275_aa498eb88b.jpg,-1.456044487e-09
3589368949_0866846949.jpg,2.41284863e-09
3360930596_1e75164ce6.jpg,4.967192878e-09
3004290523_d1319dfdb4.jpg,-3.32522189e-09
2451114871_8617ae2f16.jpg,3.787841093e-10
2194494220_bb2178832c.jpg,-1.176908589e-10
1132772170_600610c5df.jpg,1.995845642e-10
2109911919_af45b93ef3.jpg,-3.386643226e-09
3408130183_f038bdaa4f.jpg,-1.304543527e-09
2552438538_285a05b86c.jpg,-1.447678012e-09
3094317837_b31cbf969e.jpg,3.389262105e-09
763577068_4b96ed768b.jpg,-7.314898136e-09
1803631090_05e07cc159.jpg,-8.220916068e-10
252504549_135b0db5a3.jpg,3.258551234e-09
1732436777_950bcdc9b8.jpg,7.762760541e-10
244571201_0339d8e8d1.jpg,3.07909753e-09
2998185688_8d33e4ce38.jpg,-9.583696363e-10
2446601467_a35841cb1d.jpg,1.287178538e-08
264859622_f3a00ab409.jpg,2.627335589e-09
2427490900_5b7a8874b9.jpg,-2.322872908e-10
2613889835_6f50a3b83b.jpg,-7.02282529e-10
2233426944_0959835ced.jpg,2.974435697e-09
485357535_b45ba5b6da.jpg,-7.579548905e-09
3443326696_fe0549c5be.jpg,3.003817058e-09
2345984157_724823b1e4.jpg,5.736089939e-10
3270691950_88583c3524.jpg,-5.341671877e-09
3413019648_e787f0cb88.jpg,-5.923375787e-09
3751594676_edfbfa0688.jpg,-5.77511409e-09
3537806062_c50d814aba.jpg,5.161754699e-09
3613585080_36629d8157.jpg,-5.894631126e-09
2631625732_75b714e685.jpg,-9.706961791e-10
3541162969_68fa4a60df.jpg,3.894753697e-09
997722733_0cb5439472.jpg,6.735677605e-09
3415809168_af9dabdba5.jpg,-5.05967362e-09
3661239105_973f8216c4.jpg,3.887334112e-09
3229519418_040f05ced1.jpg,-6.321818765e-09
753285176_f21a2b984d.jpg,1.594418202e-09
2303426046_09cfd7bc4e.jpg,-8.736466928e-09
2867845624_22e4fe0a23.jpg,6.938203056e-09
2752341621_54490b9b09.jpg,3.242520704e-09
2891185857_54942809cf.jpg,3.349504431e-09
3341084434_db5e7d1fdc.jpg,-3.436636621e-09
2162564553_96de62c7e6.jpg,1.538306868e-09
3172280520_e7655fb596.jpg,-1.82967026e-09
2797185895_4d9e1e9508.jpg,-4.933433601e-09
965444691_fe7e85bf0e.jpg,-5.095177361e-10
3057618932_3b80ae85de.jpg,1.421672582e-09
788126442_086334f0cf.jpg,7.516624336e-09
334768700_51c439b9ee.jpg,4.395330572e-09
3341961913_9a9b362f15.jpg,1.031599175e-09
3618932839_acd7d2c2ea.jpg,4.778948707e-10
3497234632_6ec740fc1e.jpg,-2.703233614e-11
2541901399_0a57f4cc76.jpg,-6.98003417e-09
3356938707_d95ba97430.jpg,-5.117747023e-09
2471297228_b784ff61a2.jpg,-3.52853407e-09
3488087117_2719647989.jpg,-5.345638998e-09
2186367337_0ce9ce2104.jpg,1.529640192e-10
3427540832_c882fded1d.jpg,1.912214087e-09
2220175999_081aa9cce8.jpg,-2.695322567e-09
2066271441_1f1f056c01.jpg,-2.070704598e-09
2591603141_33d6397e0a.jpg,3.030840274e-09
118187095_d422383c81.jpg,-1.096478698e-09
1810651611_35aae644fb.jpg,-4.962042699e-10
2170222061_e8bce4a32d.jpg,-3.584167958e-09
1055623002_8195a43714.jpg,4.490120811e-10
3183195185_cd0ff994a1.jpg,-4.671668505e-09
3136674757_57406c305c.jpg,-4.378748754e-10
3070130228_67dcfee9ae.jpg,2.59273196e-09
1398613231_18de248606.jpg,7.93100284e-10
3430287726_94a1825bbf.jpg,1.035345971e-09
1286408831_05282582ed.jpg,-9.381200399e-10
237547381_aa17c805e0.jpg,3.058867308e-09
3638374272_444f5e0457.jpg,1.263921659e-09
2315867011_fc5fc9fa6d.jpg,2.939280363e-09
2864634088_d087494dff.jpg,6.241766523e-09
2695093520_5cfeb0729d.jpg,3.100181494e-09
571507143_be346225b7.jpg,2.813985305e-09
3601569729_bf4bf82768.jpg,1.632082093e-09
3725202807_12fbfdd207.jpg,1.216385591e-09
2466171100_5e60cfcc11.jpg,1.028449725e-09
1764955991_5e53a28c87.jpg,-3.407486478e-09
3649916507_b88a3d2082.jpg,2.231393384e-09
3432730942_4dc4685277.jpg,7.732028009e-09
782017931_75d92bb7a4.jpg,-6.193759809e-09
2211593099_4a4f1c85d2.jpg,-2.742400646e-09
2929272606_2a5923b38e.jpg,7.603945291e-09
3174453534_fcc927c647.jpg,5.894467211e-10
383223174_7165a54c30.jpg,-1.969577365e-09
3339768802_8ab768558a.jpg,-8.292219241e-09
2511019188_ca71775f2d.jpg,-5.420357593e-09
3224904543_679fe05c41.jpg,4.047711554e-10
2471493912_2d4746b834.jpg,4.319203892e-09
3029928396_99ac250788.jpg,1.47231967e-09
633456174_b768c1d6cd.jpg,3.290531632e-09
3162045919_c2decbb69b.jpg,-4.60502684e-09
390987167_2d5905b459.jpg,-3.963476006e-09
3613264553_97b687f172.jpg,-2.821485629e-10
336460583_6c8ccb7188.jpg,7.940291509e-09
441921713_1cafc7d7d2.jpg,8.611382873e-10
3507076266_8b17993fbb.jpg,3.200251268e-09
967719295_3257695095.jpg,5.113053252e-09
214543992_ce6c0d9f9b.jpg,-4.858736144e-10
2417341107_97dbab9c5e.jpg,3.441663309e-09
2275253272_00f941366e.jpg,5.78099495e-10
3449114979_6cdc3e8da8.jpg,1.318369491e-09
1118557877_736f339752.jpg,-2.609879465e-09
642987597_03b21a1437.jpg,-3.186238215e-09
3077166963_fe172c709d.jpg,1.007918735e-08
2805873509_4f68afc4b4.jpg,-4.569520073e-10
3729405438_6e79077ab2.jpg,-1.68065567e-09
431282339_0aa60dd78e.jpg,-1.852545706e-09
1679565118_d36f0d6d52.jpg,2.025581929e-09
2337757064_08c4033824.jpg,-3.239511507e-09
2950905787_f2017d3e49.jpg,3.598123727e-09
3628017876_4ac27e687b.jpg,-8.787047419e-10
3127629248_a955b5763b.jpg,3.723547949e-10
3005124440_c096b310fb.jpg,-4.653285177e-09
2780031669_a0345cfc26.jpg,2.748348486e-09
2894008505_a445ccaaff.jpg,2.887207423e-09
3437034427_6df5e9fbf9.jpg,2.494689405e-09
3635911776_dbc2763f2c.jpg,1.626469192e-09
350588129_6aef7b7fe2.jpg,8.422431622e-09
2952141476_fc9a48a60a.jpg,3.391042834e-09
2381102729_12fc4d4c76.jpg,-7.341684348e-10
481827288_a688be7913.jpg,-6.672256559e-09
2272489996_95b0a62d15.jpg,3.12148153e-09
303607405_f36edf16c6.jpg,1.053986741e-09
2476214153_99a3998509.jpg,-4.743581908e-09
816084977_21c1811c9a.jpg,-6.027264229e-09
2752331711_cb18abba5a.jpg,2.120826987e-09
2700147489_f1664f2b61.jpg,1.267525418e-09
143684568_3c59299bae.jpg,-5.607754101e-09
3465000218_c94e54e208.jpg,2.189384034e-09
3189002057_3ef61b803e.jpg,2.793555631e-09
3427233064_6af01bfc5c.jpg,4.504067317e-09
247706586_7e25c7adf8.jpg,-4.674972903e-09
2260649048_ae45d17e68.jpg,-9.310357962e-09
254527963_3f5824b0e8.jpg,-1.047998724e-09
443885436_6e927e6c58.jpg,4.625424165e-09
2094323311_27d58b1513.jpg,1.221841032e-09
757133580_ba974ef649.jpg,-1.238538941e-08
2723477522_d89f5ac62b.jpg,-4.858668473e-09
3259666643_ae49524c81.jpg,-4.176848031e-09
3559374748_f18c7caa55.jpg,4.097730688e-09
2714703706_d21c5cb8df.jpg,7.026364697e-09
2759860913_f75b39d783.jpg,-6.87730583e-09
2857473929_4f52662c30.jpg,7.111442938e-09
448252603_7d928c900e.jpg,-6.162068973e-09
381514859_b40418d9c3.jpg,2.775244396e-09
262681159_e5fed3acf0.jpg,1.158307698e-10
3700554247_9824ae6f3a.jpg,4.766364205e-09
3397310901_cbef5c06ef.jpg,-9.700451429e-10
186890601_8a6b0f1769.jpg,4.483374684e-09
150387174_24825cf871.jpg,1.25648414e-09
3626998066_3ae11ee278.jpg,1.015441182e-09
3730011701_5352e02286.jpg,4.246312546e-09
2902844125_4186bf3ab6.jpg,7.997427973e-10
2203286182_b453e9d176.jpg,2.030861906e-10
3552206648_123bf4ac82.jpg,-2.911857217e-09
3042173467_14394234da.jpg,5.175457354e-09
2276314067_7ee246f859.jpg,4.211223961e-09
3420064875_0349a75d69.jpg,-1.427669542e-09
393958545_48c17c66d1.jpg,-1.350910806e-09
2716903793_fb7a3d8ba6.jpg,3.096415461e-10
3325910784_5ecb88310c.jpg,1.651154519e-10
2934022873_3fdd69aee4.jpg,-4.705891176e-10
78984436_ad96eaa802.jpg,2.759547564e-09
3452127051_fa54a902b3.jpg,-1.768079679e-09
856985136_649c0a3881.jpg,-6.361411233e-09
3091921457_83eee69591.jpg,-3.591983443e-10
541046380_513e295384.jpg,1.715734782e-09
3286761458_34af7e4499.jpg,-2.218300136e-09
2085400856_ae09df33a7.jpg,5.290846614e-09
3229913073_e7857a5966.jpg,-3.157331209e-09
3707990914_843e8f15f1.jpg,-8.936358117e-09
162743064_bb242faa31.jpg,-9.611476948e-09
3532593368_be10432e92.jpg,-5.855598847e-09
1024138940_f1fefbdce1.jpg,-2.186431964e-09
866841633_05d273b96d.jpg,-1.806437682e-09
282131366_5f9a39c43c.jpg,6.144892728e-10
2980348138_91cc6f6d0f.jpg,7.114613181e-09
3639547922_0b00fed5cd.jpg,-2.76007231e-09
2302747917_aa0300eb68.jpg,-3.5744037e-09
3027365101_3818be6e16.jpg,-2.181170144e-09
58363930_0544844edd.jpg,-3.564447757e-09
244368383_e90b6b2f20.jpg,-2.15641218e-10
405615014_03be7ef618.jpg,-1.8482313e-09
1302657647_46b36c0d66.jpg,7.891441335e-09
3354883962_170d19bfe4.jpg,-3.075010962e-09
3113769557_9edbb8275c.jpg,3.697058231e-09
3074842262_62b1b2168c.jpg,2.495356847e-10
2942133798_e57c862a90.jpg,-4.434504057e-09
1420060020_7a6984e2ea.jpg,-1.098367299e-08
2924483864_cfdb900a13.jpg,-2.08191317e-09
306318683_5f1f875191.jpg,-1.003978388e-09
3214237686_6566b8b52f.jpg,-6.090200453e-10
3335885203_a3fe8e541f.jpg,4.09998929e-09
1262583859_653f1469a9.jpg,5.74189755e-10
3638783120_f600ceb19d.jpg,2.974665e-09
1206506157_c7956accd5.jpg,7.612883358e-09
533602654_9edc74385d.jpg,-5.215518175e-09
2322593776_e6aaf69e80.jpg,-1.021980669e-08
3629664676_36bcefe6b7.jpg,1.291242532e-09
318667317_108c402140.jpg,-5.035172895e-09
3560125106_691c292893.jpg,-2.1315542e-09
1430154945_71bbaa094a.jpg,6.668813004e-09
241345770_9f8aa6723c.jpg,-1.207261455e-09
3692746368_ab7d97ab31.jpg,4.121216751e-09
3315110972_1090d11728.jpg,5.802657139e-09
3112635165_2d614d7c1a.jpg,-5.271918134e-09
3621652774_fd9634bd5b.jpg,-5.190978578e-10
2344898759_5674382bcd.jpg,2.931903152e-09
2597308074_acacc12e1b.jpg,3.971600712e-09
3189307452_aebc12380b.jpg,6.547740438e-09
3004291093_35d6fd8548.jpg,-3.646935554e-10
3609645320_815c294b65.jpg,-1.174252338e-08
707941195_4386109029.jpg,-8.982739089e-09
462080147_ca088e6541.jpg,-2.262545914e-09
3245460937_2710a82709.jpg,-5.588618549e-09
3351667846_ac43118ae5.jpg,2.705363303e-09
3640870001_acbd1d5ceb.jpg,5.547941919e-09
426920445_d07d1fd0f7.jpg,1.713332997e-09
2261346505_302c67951d.jpg,3.159184321e-09
1048710776_bb5b0a5c7c.jpg,-4.871465098e-10
3643684044_a131168127.jpg,9.249160234e-10
2878272032_fda05ffac7.jpg,-5.613998787e-09
3425846980_912943b4f9.jpg,-1.758501414e-09
2171891283_dedd9cf416.jpg,6.488464405e-10
3767841911_6678052eb6.jpg,-1.8534834e-09
308956341_642589e9cc.jpg,-2.347633074e-10
3051384385_c5c850c1f8.jpg,6.212170802e-09
2863848437_f2592ab42d.jpg,4.124157267e-10
2878705136_609dfbf318.jpg,-1.751343113e-09
3210705660_2b14b7fb36.jpg,9.212299408e-09
1499554025_a8ffe0e479.jpg,-2.962261978e-09
2248487950_c62d0c81a9.jpg,5.135108665e-09
3003691049_f4363c2d5c.jpg,-2.109258325e-09
3188044631_ca3a9cc737.jpg,-4.058127467e-10
3220140234_e072856e6c.jpg,5.496236477e-10
288508162_1727873924.jpg,2.982660925e-10
252124738_796599e94b.jpg,3.396968688e-09
2717686269_80c4b5ac9e.jpg,2.01566235e-09
2448393373_80c011d301.jpg,-5.314088457e-09
3516825206_5750824874.jpg,-3.806051726e-09
1341787777_4f1ebb1793.jpg,1.822277787e-10
1346051107_9cdc14e070.jpg,-7.648166835e-09
2522809984_2e8a7df4fb.jpg,1.060071311e-09
1536597926_c2e1bc2379.jpg,8.433706284e-10
3544673666_ffc7483c96.jpg,-2.226766574e-09
2806632713_edd6f6c893.jpg,-3.387089891e-09
933118213_b35b0b62a7.jpg,-3.702208847e-09
300371487_daec5d11ab.jpg,-1.962679884e-09
3571675421_7e07ac07c5.jpg,1.05980766e-10
279550225_d64d56158a.jpg,2.676534605e-10
2979914158_5906470b8f.jpg,5.595278543e-09
3064383768_f6838f57da.jpg,-1.369936561e-09
462288558_b31a8a976f.jpg,4.456034295e-09
3525403875_7f95e0cbfe.jpg,7.958520263e-10
2161799386_27aa938421.jpg,-3.074225271e-09
2444821454_22a346c996.jpg,4.061788113e-09
3613955682_3860e116cf.jpg,3.911500041e-09
241046599_28b0ca7b9f.jpg,-3.117708523e-09
2830755303_2b5444ab4c.jpg,-3.231569872e-09
2600867924_cd502fc911.jpg,-5.999471104e-09
2978236380_fb24c43f1e.jpg,-3.603960809e-09
2635023078_6dae04758f.jpg,-2.460680437e-09
2224450291_4c133fabe8.jpg,2.197944161e-09
3335547029_74d620fa6c.jpg,3.779441641e-09
3440724965_03d6ca5399.jpg,-1.519186489e-09
2518508760_68d8df7365.jpg,2.107586706e-09
3349258288_5300c40430.jpg,6.085301934e-10
1466307485_5e6743332e.jpg,7.637419232e-11
2474047296_fd9179d438.jpg,-9.41236594e-10
3478084305_9e1219c3b6.jpg,3.135502583e-09
3205214191_29b42b9b09.jpg,-3.005579052e-09
3415228562_4efa9c9b70.jpg,1.056587002e-09
272546805_536c719648.jpg,-3.623462068e-10
512306469_1392697d32.jpg,4.032387621e-09
3668900592_a84b0c07db.jpg,-3.057419585e-10
337793983_ac5b2e848e.jpg,-1.514482446e-10
2718024196_3ff660416a.jpg,-3.571692911e-09
1350948838_fdebe4ff65.jpg,2.834241134e-09
2496370758_a3fbc49837.jpg,1.725510698e-09
3628059004_5c3529b120.jpg,-5.278623531e-10
3205754736_32c29b5208.jpg,-3.68026553e-09
970641406_9a20ee636a.jpg,-5.803913899e-10
2208067635_39a03834ca.jpg,1.567762034e-09
3432637363_3ba357e2da.jpg,1.866615423e-10
2279496715_8ef3ee6edb.jpg,3.801279759e-09
1776981714_5b224d0f7a.jpg,2.304965574e-09
3373946160_1c82d54442.jpg,-1.744952545e-09
3079917032_3cfacb2fd7.jpg,9.413972801e-10
471402959_0b187560df.jpg,2.264693954e-09
2972929655_04233b5489.jpg,1.108726961e-09
3103587323_7f093d5b90.jpg,-5.361377638e-09
1089755335_0bfbfd30e6.jpg,-5.880200184e-10
2273591668_069dcb4641.jpg,-6.227355958e-09
2338627102_6708a9b4fd.jpg,3.090288711e-10
2863180332_372510aa49.jpg,-3.486936867e-10
2832033116_1677ea1e2e.jpg,-7.648339002e-09
1925434818_2949a8f6d8.jpg,6.146759232e-09
2382411771_a16145f345.jpg,-2.253867146e-09
1347519824_e402241e4f.jpg,-4.544209872e-09
3641022607_e7a5455d6c.jpg,2.492735144e-09
3181328245_7c04ce1691.jpg,7.270462434e-10
3258396041_69717247f7.jpg,-4.793715999e-09
491564019_1ca68d16c1.jpg,-4.461530755e-09
262446581_06ef7d9445.jpg,1.99184602e-09
838074897_9d6270b3cd.jpg,-3.856941651e-09
1159574340_99ba8c3c59.jpg,2.698965246e-09
2443512473_6f5a22eb42.jpg,-2.058271082e-09
2075321027_c8fcbaf581.jpg,-3.746163235e-09
2076865206_53918c820c.jpg,-3.552905818e-10
3601533527_6c2439113c.jpg,1.615353711e-08
3589156060_3ed8d6bbc3.jpg,-4.854700624e-09
3259757648_71edb4347b.jpg,-2.157100525e-09
1352410176_af6b139734.jpg,-1.392122782e-09
3373481779_511937e09d.jpg,-1.042842872e-09
2372572028_53b76104a9.jpg,7.092273509e-09
1321723162_9d4c78b8af.jpg,1.884973732e-09
500678178_26ce0f4417.jpg,8.579240839e-09
3484019369_354e0b88c0.jpg,1.738980663e-10
2321865325_79b0954a5d.jpg,-2.051238687e-09
290019324_23582048d4.jpg,-3.397542759e-09
2930580341_d36eec8e3c.jpg,-2.163067242e-09
3292016893_24d14c8b4f.jpg,-2.237593474e-09
3173928684_4ea0ee5114.jpg,-5.944377148e-09
3323988406_e3c8fce690.jpg,-4.663120634e-09
3612485097_b706d950ed.jpg,1.560807444e-09
2354456107_bf5c766a05.jpg,-3.520098272e-09
166433861_70b66cd381.jpg,-1.715235964e-09
1463638541_c02cfa04dc.jpg,4.681628485e-10
2616643090_4f2d2d1a44.jpg,2.16722072e-09
3702607829_2b8b3e65ab.jpg,-4.972292251e-09
3154813159_58a195236d.jpg,-2.24868278e-09
3289817083_4e78e1c05a.jpg,9.738706942e-10
2934379210_4e399e3cac.jpg,2.151800382e-09
2407091303_931c918490.jpg,3.608643576e-09
2831313661_1a328acb70.jpg,6.254413692e-09
3168841415_c0705a327a.jpg,3.810111353e-10
3636247381_65ccf8f106.jpg,3.215672701e-09
2150564996_d173a506d7.jpg,4.350413916e-09
2909081008_9a7bfc599a.jpg,-6.035590806e-09
1884065356_c6c34b4568.jpg,9.637136128e-09
2343525685_3eba3b6686.jpg,1.363126759e-09
2955099064_1815b00825.jpg,6.564430212e-09
3437315443_ba2263f92e.jpg,1.338654699e-10
3033612929_764d977bd5.jpg,2.108149772e-09
3073535022_4af81f360c.jpg,6.938109828e-10
3537520829_aab733e16c.jpg,7.045907094e-09
2832487464_2d30634e1e.jpg,-5.041678639e-11
2241768909_3d96d48417.jpg,6.807393555e-10
439492931_a96d590e40.jpg,5.48374202e-09
3701544312_b2e4e9813d.jpg,-5.576815462e-09
972381743_5677b420ab.jpg,-6.82852333e-12
632608471_a70461f123.jpg,1.862961871e-09
2583001715_1ce6f58942.jpg,4.437501876e-09
2737729252_b3fd9c05b1.jpg,5.589301085e-09
3590739067_58baffb3a7.jpg,2.526285552e-09
3107558821_f3b205d4ed.jpg,3.638273025e-09
2553024095_735bc46267.jpg,3.468713487e-09
2629346153_155ba73ae9.jpg,1.88343938e-09
3223302125_f8154417f4.jpg,-4.216000605e-09
2488795251_c108c77b13.jpg,1.909782128e-09
44856031_0d82c2c7d1.jpg,5.518546149e-09
2704934519_457dc38986.jpg,-1.37003499e-09
3070274658_fc39fd4f84.jpg,9.292679534e-09
3262075846_5695021d84.jpg,1.4482327e-09
1777816180_08d7e8063b.jpg,8.881457414e-10
3084149186_4bc08b0752.jpg,-1.388261029e-09
3109124656_626b596d5e.jpg,5.129957659e-10
3724150944_fc62e8d5e0.jpg,6.347669475e-09
3104182973_5bb1c31275.jpg,2.286958172e-09
203114209_e4cd71a6b7.jpg,-3.197757047e-10
2315418282_80bd0bb1c0.jpg,-1.810741028e-09
3240094420_a9eea11d39.jpg,2.253112643e-09
1517807181_ca6588f2a0.jpg,-3.687713692e-09
95734036_bef6d1a871.jpg,9.618734443e-10
3041170372_c4376cd497.jpg,-1.963384459e-09
2890057168_c712f932e0.jpg,2.243487294e-09
2925737498_57585a7ed9.jpg,1.38889094e-09
2565685680_c30972455d.jpg,-4.876292753e-09
3042484940_0975a5e486.jpg,-2.021477428e-09
2325258180_6217dd17eb.jpg,2.300012505e-10
3541915243_956c1aa8ef.jpg,-5.456060212e-09
2922973230_5a769ef92a.jpg,6.780002408e-09
1801874841_4c12055e2f.jpg,1.78117932e-09
2316097768_ef662f444b.jpg,2.708530608e-09
3676561090_9828a9f6d0.jpg,-3.514775997e-09
3591462960_86045906bd.jpg,-6.535984263e-10
2750832671_4b39f06acf.jpg,-4.210197757e-09
2000459828_3c9e109106.jpg,3.221468108e-09
3569406219_f37ebf7b92.jpg,1.755313918e-09
2058472558_7dd5014abd.jpg,-6.369800698e-09
2691966747_cfa154982b.jpg,-4.868215791e-09
469969326_4b84073286.jpg,1.180915086e-10
195962790_3380aea352.jpg,6.5480532e-09
2480832276_fa55480ecb.jpg,-7.273643624e-09
2061397486_53a61e17c5.jpg,-8.519227442e-10
2676651833_3bb42bbb32.jpg,-5.675494793e-09
1478294229_7e1c822fea.jpg,-8.647923988e-10
1392272228_cf104086e6.jpg,1.738213967e-10
3153067758_53f003b1df.jpg,1.02630175e-08
497791037_93499238d8.jpg,2.246530127e-09
3399618896_9ef60cd32c.jpg,2.459666627e-09
2229179070_dc8ea8582e.jpg,6.129888296e-09
3316046339_8e504be038.jpg,-2.580338166e-09
3681056426_fbd6c0c92c.jpg,-5.117503765e-09
3006095077_1992b677f8.jpg,2.830778442e-09
457945610_1a23b9ced0.jpg,-2.142050997e-09
263216826_acf868049c.jpg,7.09595978e-10
778885185_3f6905370b.jpg,-3.389280878e-09
3692593096_fbaea67476.jpg,1.305662786e-09
1045521051_108ebc19be.jpg,2.487247464e-09
2220185725_45d4fa68d9.jpg,1.775886461e-10
514222303_cb98584536.jpg,1.983985422e-09
2913818905_8e4d9aa82a.jpg,1.952949799e-09
3259992164_94600858b3.jpg,2.122952245e-09
278002800_3817135105.jpg,-2.941422616e-09
3296500180_0d7a6650dc.jpg,-4.720266036e-09
3501781809_88429e3b83.jpg,4.151928299e-10
278496691_c1fd93e2d8.jpg,7.703184321e-09
3607969989_68cc411493.jpg,1.185786444e-09
3618504267_d7eaa495d0.jpg,4.272560567e-09
2462153092_e3f4d8f6a2.jpg,-5.051936814e-09
3164328039_2c56acf594.jpg,-2.594870853e-09
3446762868_06e9d9d899.jpg,3.829736143e-10
534313000_4ad39c7ee0.jpg,-4.629712011e-11
3476451861_5b9c9ce191.jpg,-3.149310484e-09
1554713437_61b64527dd.jpg,3.967882611e-09
3726025663_e7d35d23f6.jpg,1.978764508e-09
952171414_2db16f846f.jpg,-5.823090534e-09
861608773_bdafd5c996.jpg,3.073880237e-09
3329169877_175cb16845.jpg,7.167579558e-09
3624076529_9793655a21.jpg,-2.341313207e-09
3490874218_babb404b39.jpg,-3.994092493e-09
3480051754_18e5802558.jpg,1.81695407e-09
1523984678_edd68464da.jpg,-3.495086198e-09
2612488996_9450de0e54.jpg,-1.1743365e-09
1026685415_0431cbf574.jpg,-3.160949592e-09
99679241_adc853a5c0.jpg,-2.312600901e-09
3377117696_af91f13058.jpg,8.940611531e-09
3203453897_6317aac6ff.jpg,3.421748402e-09
3691800116_6a7b315e46.jpg,-1.543747669e-09
3677318686_b018862bb7.jpg,-1.450410352e-09
2385871165_9438c9fe84.jpg,-4.893625293e-09
720208977_f44c2bba5b.jpg,-4.929197765e-09
3758175529_81941e7cc9.jpg,2.411045892e-09
3259002340_707ce96858.jpg,2.286822038e-09
3503544012_1771be9d3a.jpg,2.835499447e-09
3320356356_1497e53f80.jpg,-3.763415259e-09
256085101_2c2617c5d0.jpg,3.463231656e-09
3717809376_f97611ab84.jpg,-4.480760205e-09
475816542_f5c2736815.jpg,-8.633778958e-10
3697359692_8a5cdbe4fe.jpg,1.438387756e-09
397725001_e51f7c391c.jpg,4.686071278e-09
3682428916_69ce66d375.jpg,1.012508914e-09
3154693053_cfcd05c226.jpg,-2.541098728e-09
3259992638_0612a40288.jpg,-6.764131698e-09
3426933951_2302a941d8.jpg,-2.595153425e-09
2753506871_dc38e7d153.jpg,-5.588070094e-10
2885912662_a3a2dfde45.jpg,2.39449094e-09
3487378989_c051d2715b.jpg,3.248498233e-09
3260088697_af9b6d2393.jpg,-1.144345316e-09
2191329761_3effd856c5.jpg,-2.186169263e-09
270263570_3160f360d3.jpg,-3.517867971e-09
3501386648_e11e3f3152.jpg,-4.425417081e-09
2622971954_59f192922d.jpg,-1.523685806e-09
514222285_aa0c8d05b7.jpg,5.607813989e-09
774009278_8e75b7d498.jpg,4.68177894e-09
3656225270_cdf89e3240.jpg,-2.085255394e-09
1001773457_577c3a7d70.jpg,-1.885827909e-09
2140305708_591d10b54d.jpg,5.950281543e-09
2192333873_2a0cbe849d.jpg,4.962428234e-09
1459032057_97e73ed6ab.jpg,2.452772754e-09
2676937700_456134c7b5.jpg,-3.741266092e-09
1419286010_b59af3962a.jpg,-3.469825894e-09
2591110592_ef5f54f91c.jpg,1.870486203e-09
3380364224_2626d9d354.jpg,5.20876664e-09
2394919002_ed7527ff93.jpg,2.605632359e-09
3635194562_4c1dfa120a.jpg,2.457616385e-09
3711826708_bba64fb1e1.jpg,3.002562274e-09
2833582518_074bef3ed6.jpg,-4.824357502e-09
1151466868_3bc4d9580b.jpg,-9.364716639e-09
3523819210_99782628fc.jpg,5.315228865e-09
1009434119_febe49276a.jpg,2.382894313e-09
3712008738_1e1fa728da.jpg,-3.388601949e-09
247637795_fdf26a03cf.jpg,2.647242336e-10
496110746_a93ca191ae.jpg,-6.809209012e-09
3159569570_dff24e7be9.jpg,-1.658479377e-09
475980315_b8ecd50094.jpg,-2.067779702e-09
3205336477_037d4b6bd9.jpg,-3.079966518e-09
3640661245_c8c419524d.jpg,3.915878727e-10
3614542901_29877fc342.jpg,1.281131582e-09
2562347802_c049a2ba88.jpg,-1.431064317e-08
842960985_91daf0d6ec.jpg,1.062773869e-08
611910909_4f8e43e070.jpg,-1.204674892e-09
1204996216_71d7519d9a.jpg,1.384125238e-09
411863595_d77156687e.jpg,-5.538476667e-09
3112821789_1f7c3bbb99.jpg,6.852383688e-09
515755283_8f890b3207.jpg,5.024272398e-09
3273325447_81c94000da.jpg,5.408662431e-10
2339573065_91f1e3be60.jpg,-8.111205496e-09
1417295167_5299df6db8.jpg,6.250121008e-09
3637966641_1b108a35ba.jpg,2.962375951e-10
2674784195_704f6b79d0.jpg,-1.425875072e-09
3568219100_dfbffddccd.jpg,2.138286e-10
297169473_d3974e0275.jpg,-7.695560549e-09
2335428699_4eba9b6245.jpg,-1.420713027e-09
3224578187_749882c17f.jpg,-2.869991126e-09
3520922312_e58a6cfd9c.jpg,2.027870469e-09
172097783_292c5413d8.jpg,1.42078903e-09
2272548482_0b4aec5cdd.jpg,-3.337534611e-09
3728015645_b43a60258b.jpg,2.96379426e-09
2305437797_e6c3460190.jpg,-3.097654606e-09
486720042_b785e7f88c.jpg,4.323083134e-09
241347803_afb04b12c4.jpg,-5.61974196e-09
3247598959_5b2348444c.jpg,-3.062769552e-09
3597210806_95b07bb968.jpg,-8.952274285e-10
512550372_438849ce19.jpg,9.218214802e-10
3656104088_a0d1642fa9.jpg,3.948709851e-09
2545192257_142fe9e2de.jpg,-5.536398688e-09
610590753_cd69ce081a.jpg,-3.724003978e-09
549887636_0ea5ae4739.jpg,5.238799282e-09
2298946012_22de913532.jpg,-3.112833599e-09
2387197355_237f6f41ee.jpg,2.037542249e-09
3354489242_dd529ffa1f.jpg,1.328410682e-09
199463720_329a802206.jpg,-2.522206411e-09
3086810882_94036f4475.jpg,-1.079355384e-09
2510029990_7014f907cb.jpg,-2.748571408e-09
3456251289_c4ae31d817.jpg,-9.160588579e-09
2330062180_355ccbceb5.jpg,1.229745275e-08
2271755053_e1b1ec8442.jpg,-1.1783601e-10
2861100960_457ceda7fa.jpg,-6.773799119e-10
3294179574_4f67e67d6f.jpg,-3.615575401e-09
181415975_2627aa6668.jpg,-2.48720371e-09
394136487_4fc531b33a.jpg,-3.321709843e-09
2646615552_3aeeb2473b.jpg,-1.294417331e-09
424779662_568f9606d0.jpg,4.849630153e-09
3332136681_9aecf101fd.jpg,3.848215671e-09
2472896179_245e7d142f.jpg,-1.440284044e-09
278002875_d011ae9dc5.jpg,-3.650296077e-09
2222186636_85e03e0b75.jpg,-4.636435487e-10
3691670743_0ed111bcf3.jpg,-8.583880835e-09
317488612_70ac35493b.jpg,8.750179136e-09
2620113705_a8fa89b8f6.jpg,-3.433493557e-09
1389323170_d1c81d6b51.jpg,3.096703096e-09
3456579559_b5c8927938.jpg,-1.777417351e-09
2800004913_c8394ba332.jpg,-8.561833019e-10
3009383694_e045c6169e.jpg,-1.055628389e-09
3582685410_05315a15b8.jpg,-6.351422172e-09
2760371526_63f3d01760.jpg,8.920663828e-09
3484841598_e26ee96aab.jpg,-2.565565614e-09
424416723_19c56cb365.jpg,4.094387402e-09
2135360514_7dcb9ed796.jpg,1.000490783e-09
3470951932_27ed74eb0b.jpg,5.425324988e-09
3410215754_5d5caeffaf.jpg,2.143331865e-09
3718007650_e5930b4509.jpg,-2.65881377e-10
3215108916_0473007b47.jpg,1.48908112e-09
2311690895_0d6efe11c8.jpg,1.360842726e-09
215214751_e913b6ff09.jpg,1.040141819e-08
3122888809_9ae9b4b9b2.jpg,-3.74146169e-09
1936215201_d03a75cbba.jpg,-1.225056486e-09
3270047169_2ed289a9af.jpg,4.08578292e-09
3060519665_4d6b9a51b2.jpg,-5.492971639e-11
3090398639_68c0dfa9a5.jpg,2.720982616e-09
1580671272_3e99d94305.jpg,-2.838960368e-09
241346709_23204cc2bc.jpg,-3.256087091e-09
2109479807_eec8d72ca7.jpg,2.532570847e-09
2713554148_64cd465e71.jpg,-7.419276036e-09
2831846986_5534425cfa.jpg,-5.113819053e-09
2205328215_3ffc094cde.jpg,-4.282685836e-09
2789238858_14261dd25a.jpg,-1.330029678e-09
2443229844_277cded27d.jpg,2.578628697e-09
3019842612_8501c1791e.jpg,2.304686816e-09
3352199368_b35f25793e.jpg,4.107104472e-09
3082196097_2d15455b00.jpg,4.767429749e-10
322103537_184367bf88.jpg,3.531896654e-10
3498423815_5b8fc097f4.jpg,1.560883007e-09
2789350645_96a2535b4d.jpg,3.522314634e-09
3228960484_9aab98b91a.jpg,-7.899487619e-10
2512683710_991c9d466d.jpg,-1.274855934e-09
3687995245_624b54090d.jpg,-4.521178894e-09
2299427360_422a3fb8b0.jpg,4.017065738e-10
136639119_6040b00946.jpg,4.675185449e-09
1975171469_84e425f61b.jpg,-3.244201127e-09
2271667421_7b21fc23b8.jpg,6.63562277e-09
2176874361_2b4149010b.jpg,4.103382212e-09
3532587748_7e64bb223a.jpg,9.265313626e-09
3403263046_3cc701a07a.jpg,1.077788062e-09
3116731299_6139b25c18.jpg,3.074102587e-09
2165459064_5b81ff23eb.jpg,-6.121962226e-09
254295381_d98fa049f4.jpg,2.905703674e-09
3368207495_1e2dbd6d3f.jpg,-2.824169182e-09
2658360285_a0ec74ef48.jpg,-4.573903551e-09
1426014905_da60d72957.jpg,3.820653251e-09
709373049_15b8b6457a.jpg,-2.795191906e-09
1620397000_3883e3ecd3.jpg,5.205624182e-09
2708582445_5e5999b956.jpg,3.818153531e-10
1798215547_ef7ad95be8.jpg,-5.099356264e-10
3143953179_1c08c023a5.jpg,6.407147485e-10
2419186511_f0ce5f9685.jpg,3.49125821e-09
55470226_52ff517151.jpg,7.353513156e-09
160585932_fa6339f248.jpg,3.365405748e-09
3126795109_73920ed5dc.jpg,3.3247317e-09
241347243_c751557497.jpg,1.608659785e-10
3530687486_6e6be53602.jpg,7.598402241e-09
439916996_1ddb9dc8e7.jpg,6.372225406e-11
2354792215_eef2bdc753.jpg,-2.111138699e-09
3543378438_47e2712486.jpg,-3.403700119e-09
53043785_c468d6f931.jpg,5.035688272e-09
1321949151_77b77b4617.jpg,-1.384031185e-09
2526585002_10987a63f3.jpg,5.60840539e-09
3346040664_5b584e6133.jpg,4.637137139e-09
639120223_7db6bdb61f.jpg,-1.097298942e-08
1084040636_97d9633581.jpg,2.773119552e-09
3553056438_4e611a7a2a.jpg,1.37338075e-09
135235570_5698072cd4.jpg,-3.478170546e-09
3254640083_eb34b8edfe.jpg,-6.63508808e-09
3126724531_f483e1b92a.jpg,9.136901994e-10
3609032038_005c789f64.jpg,6.976540512e-09
3053916979_848d32261b.jpg,-6.720953434e-09
3205839744_24504ba179.jpg,-1.416371268e-09
86412576_c53392ef80.jpg,-3.883008845e-09
2472634822_7d5d2858c0.jpg,1.945664484e-09
272940778_a184dbea42.jpg,1.30492233e-09
3182161610_4d349b257f.jpg,-2.852115181e-09
2661437618_ca7a15f3cb.jpg,9.642659463e-10
2598012140_832863fcb9.jpg,2.382058182e-09
3724738804_f00748a137.jpg,-7.751947596e-10
3425851292_de92a072ee.jpg,-6.962133732e-10
2158247955_484f0a1f11.jpg,6.928844436e-10
2873188959_ff023defa9.jpg,-5.08336622e-09
3417102649_5c0b2f4b4d.jpg,5.789545955e-10
1501811302_5e723fc529.jpg,-1.26037758e-08
2201978994_c444e64810.jpg,4.109010337e-09
3564157681_03a13b7112.jpg,-4.563923749e-09
143688205_630813a466.jpg,-5.465714926e-10
2708634088_a4686be24c.jpg,1.004334358e-08
2249264723_d08655d9f2.jpg,-3.745305256e-09
3585123310_9a8e94bd2b.jpg,-4.771766465e-09
3323952123_deb50b0629.jpg,-1.200274988e-09
488549693_a1f51d8c4a.jpg,2.304214016e-09
3744832122_2f4febdff6.jpg,5.132828267e-09
3335997221_254366c400.jpg,-1.883689654e-09
272283076_2d4aa1d5cf.jpg,-4.051960761e-09
1460500597_866fa0c6f3.jpg,-6.64612089e-09
3176072448_b84c99cf7f.jpg,-4.112206219e-09
2902661518_1513be3ea6.jpg,-3.617709076e-09
143237785_93f81b3201.jpg,-3.385878112e-09
3355683198_715fb1a2ac.jpg,1.618200081e-09
411175971_0fffd3b8c6.jpg,-7.784470911e-10
2213113526_beeb4f9bdc.jpg,2.119983859e-09
3276448136_0d9f5069c5.jpg,7.287972256e-10
3604928725_58147c87cd.jpg,1.391271305e-09
1273001772_1585562051.jpg,-2.853243551e-09
169490297_b6ff13632a.jpg,1.554154638e-09
2346189044_546ed84aa9.jpg,-8.947909761e-10
2223382277_9efa58ec45.jpg,-3.107623499e-09
733172023_5810350af6.jpg,2.018118696e-09
968081289_cdba83ce2e.jpg,-3.182493628e-09
3477712686_8428614c75.jpg,-2.683037617e-09
3197247245_9c93b60b8a.jpg,2.829339755e-09
2541104331_a2d65cfa54.jpg,4.162985914e-09
2836553263_b1a08c25ea.jpg,2.579470536e-09
311196733_03966b4836.jpg,5.671330795e-10
3157622277_9f59b4f62f.jpg,1.491666815e-10
537359971_6e28f5e66e.jpg,-6.795395436e-09
2788945468_74a9618cfa.jpg,-8.212314728e-10
3005872315_e6771763bd.jpg,-7.022688718e-10
2928152792_b16c73434a.jpg,6.311608753e-10
3459419203_cd7c68ce4d.jpg,3.685486536e-09
2939475047_84585ea45c.jpg,-1.298053853e-09
2567812221_30fb64f5e9.jpg,-1.98319772e-09
3535372414_4c51c86fc4.jpg,-1.508090171e-09
3120266797_47e7d91614.jpg,1.209506229e-09
3088322308_b0c940b3a3.jpg,-8.048484196e-09
416788726_5b4eb1466e.jpg,-1.512793014e-09
2578289278_01516d23a0.jpg,-6.217760784e-09
70995350_75d0698839.jpg,5.994915734e-10
1191338263_a4fa073154.jpg,4.474465977e-09
3522749949_fb615cee47.jpg,2.516937155e-09
3151365121_e2a685a666.jpg,6.18451898e-09
1523800748_a59e980eee.jpg,-2.083930173e-09
3713324467_104d72f7db.jpg,-2.342535651e-09
2333584535_1eaf9baf3e.jpg,1.289986974e-09
3627679667_0e3de9fc90.jpg,-9.36618907e-09
2765747519_2b851e01d6.jpg,4.655737808e-09
1539166395_0cdc0accee.jpg,-3.205692392e-09
3335773346_ac0d97efeb.jpg,1.474747265e-09
2894576909_99c85fd7a7.jpg,-4.553624065e-09
3220161734_77f42734b9.jpg,6.358988682e-09
2987775031_3f9ac69319.jpg,4.716156325e-09
2490687446_9d46fdf5a9.jpg,4.387094924e-10
3512127856_18a4c7aace.jpg,3.298697961e-09
2935703360_4f794f7f09.jpg,2.491363705e-09
384465370_9918873f9a.jpg,5.586190104e-10
3360994630_d4616c1b14.jpg,6.006457923e-10
345284642_77dded0907.jpg,8.215888419e-09
2410040397_1a161a1146.jpg,3.548990018e-09
874665322_9ad05c4065.jpg,8.871454014e-11
3474330484_a01d8af624.jpg,-1.669825905e-09
2418191216_82711d5c5c.jpg,-1.389974462e-08
2460134050_06de9f5c4a.jpg,-4.524612458e-09
111537222_07e56d5a30.jpg,-7.960793083e-09
295433203_8185c13e08.jpg,5.84197027e-09
241347460_81d5d62bf6.jpg,-6.275865551e-09
3549583146_3e8bb2f7e9.jpg,7.252672281e-09
251586160_a31b187a37.jpg,-1.796682553e-09
3194134352_bc1b2a25d7.jpg,1.365743663e-09
3155657768_b83a7831e5.jpg,9.4934123e-10
2522467011_cc825d89ac.jpg,4.66195691e-10
759015118_4bd3617e60.jpg,5.489079917e-09
802594049_289e3c8420.jpg,3.91310272e-10
3133044777_8cc930a4ec.jpg,7.800841599e-09
2532262109_87429a2cae.jpg,-5.249794897e-09
2315807231_6948b3f3a5.jpg,3.78483834e-09
1028205764_7e8df9a2ea.jpg,8.302206968e-09
498748832_941faaaf40.jpg,1.94461513e-09
3326376344_3306bf439e.jpg,-3.574807457e-09
2600170955_bf30c5d5c0.jpg,2.135003879e-09
506738508_327efdf9c3.jpg,-2.19294575e-10
3725353555_75c346d7ec.jpg,-5.240017277e-09
3529211822_1dabdb3a9c.jpg,-4.817341321e-09
3217909454_7baa0edbb2.jpg,1.071658572e-08
3523471597_87e0bf3b21.jpg,2.082743133e-09
3374759363_d6f7a0df41.jpg,7.311079333e-09
2555638166_2f0847d57d.jpg,6.387429519e-09
2813033949_e19fa08805.jpg,2.376550585e-10
3713133789_f05e8daffd.jpg,-1.769939875e-09
3227594168_3351722aae.jpg,-2.158839834e-09
3535284878_f90f10236e.jpg,-3.619593597e-09
2986716822_e220754d32.jpg,1.591352089e-10
3547647914_4dd56a8c1b.jpg,1.172828255e-09
2822148499_eaa46c99d4.jpg,1.833246128e-09
3107463441_7c68606450.jpg,2.810655068e-09
2286235203_af3cd8f243.jpg,9.252561774e-09
2265367960_7928c5642f.jpg,7.678547001e-10
3394654132_9a8659605c.jpg,-7.730820213e-10
2896668718_0c3cff910f.jpg,7.35009009e-10
3223224391_be50bf4f43.jpg,-9.732665545e-09
2260369648_e21ae6494a.jpg,-4.18302199e-09
2918769188_565dd48060.jpg,4.774863948e-09
2673564214_3a9598804f.jpg,9.883808516e-10
308307853_5a51fbdecc.jpg,-6.859147415e-09
3561433412_3985208d53.jpg,2.712729011e-09
2623982903_58ec7c5026.jpg,3.687579791e-09
241347689_d0b1ac297d.jpg,3.096484656e-09
1351315701_6580b51c41.jpg,5.949749541e-09
3134341610_3c55e373a7.jpg,-1.54202002e-09
2218609886_892dcd6915.jpg,-1.42872033e-09
2503629305_055e9ec4b1.jpg,1.782535385e-09
456299217_b2802efbc2.jpg,-4.978888667e-09
3315323307_bd148a8964.jpg,7.015819595e-09
3068735836_872fba3068.jpg,2.426608055e-09
3431487300_0123195f9b.jpg,1.912335853e-09
3582048078_7bac2d8473.jpg,1.154840475e-09
2198494923_8159551be4.jpg,3.181948865e-09
3065468339_4955e90fd3.jpg,-7.628343457e-09
3647750811_395fbd397e.jpg,-2.870106063e-09
3544793763_b38546a5e8.jpg,-2.935947617e-09
365128300_6966058139.jpg,-2.319350277e-09
3561130207_d1ed166daa.jpg,9.243078227e-09
1348891916_ebd4413033.jpg,1.604527292e-09
395461421_c586b136de.jpg,-9.387872674e-11
3187364311_4c2a87083b.jpg,6.262522829e-10
57422853_b5f6366081.jpg,4.108477144e-10
3139118874_599b30b116.jpg,-8.229794998e-10
3474999131_788cbf253f.jpg,-3.481877593e-09
3496983524_b21ecdb0c7.jpg,4.327839711e-09
2679926555_b11cf45595.jpg,7.012606112e-09
3344948183_5b89379585.jpg,-1.054473967e-09
3155279929_d1cddbe7cf.jpg,-2.943358468e-09
2756765580_9e57e10f0d.jpg,-3.549091828e-09
3174156702_95a1cda2d9.jpg,-1.346035494e-09
3477715432_79d82487bb.jpg,-2.038599103e-09
2178306830_6af49375b4.jpg,-5.482519131e-11
2107837987_ffecfc367a.jpg,-2.298243385e-09
3667822570_d39850e217.jpg,-1.15780691e-10
762947607_2001ee4c72.jpg,6.634056948e-10
325005410_e1ff5041b5.jpg,3.695340397e-09
2086532897_b8714f2237.jpg,-1.55844262e-09
3386375153_20c56d0aae.jpg,-5.325386385e-09
458213442_12c59e61a0.jpg,1.267632643e-08
2280354512_c0d035d53f.jpg,-5.728716819e-10
109671650_f7bbc297fa.jpg,3.833248259e-10
468141298_3154d717e1.jpg,1.621588713e-09
2053733930_e245615ad4.jpg,3.502146763e-09
2452238877_2340609c6e.jpg,3.01123638e-09
3568197730_a071d7595b.jpg,-1.558089678e-09
2573625591_70291c894a.jpg,-1.119623338e-09
3673032164_6c6843de87.jpg,-1.548399457e-09
2910758605_73a3f5a5c2.jpg,4.043830642e-09
1022975728_75515238d8.jpg,-9.26697901e-09
2222498879_9e82a100ab.jpg,-6.969817692e-09
2319087586_919472310f.jpg,7.676767956e-09
3406802138_ef77bbddd0.jpg,-3.663943574e-09
3402081035_a54cfab1d9.jpg,3.504878361e-10
3279228339_71deaa3d9b.jpg,-1.535525916e-09
2920969723_83918fe909.jpg,-1.490541585e-10
3171451305_f87b9e09ee.jpg,-2.491046201e-09
2909955251_4b326a46a7.jpg,1.694060956e-09
1413956047_c826f90c8b.jpg,6.864409054e-09
3016651969_746bd36e68.jpg,-3.896794381e-10
2594042571_2e4666507e.jpg,5.188864629e-09
2866529477_7e0c053ebc.jpg,1.47194378e-09
2947452329_08f2d2a467.jpg,2.081140336e-09
3478176372_7c510a0cef.jpg,-2.46046366e-09
3454754632_977c1523be.jpg,-3.575681554e-09
3405720825_b6991005eb.jpg,-4.086334466e-09
2831314869_5025300133.jpg,2.219542694e-09
2624457062_89efc497a8.jpg,5.105699352e-09
57417274_d55d34e93e.jpg,4.851903242e-09
3273969811_42e9fa8f63.jpg,2.698959672e-09
2771424045_1fdf9617eb.jpg,-1.275492736e-09
2086678529_b3301c2d71.jpg,3.235654714e-10
3589367895_5d3729e3ea.jpg,-1.211226337e-09
3698944019_825ef54f2f.jpg,3.55181865e-09
3396036947_0af6c3aab7.jpg,-4.492266633e-10
2254913901_569f568926.jpg,5.713162354e-09
463875230_f19e83d6df.jpg,7.977528378e-09
3099504809_565e17e49d.jpg,3.408974039e-09
2856923934_6eb8832c9a.jpg,-2.908498563e-09
3016759846_062663f8ab.jpg,1.224775255e-09
3527715826_ea5b4e8de4.jpg,-1.166213015e-09
247691240_3881777ab8.jpg,-7.612894298e-10
2542662402_d781dd7f7c.jpg,-2.817971573e-09
2861932486_52befd8592.jpg,5.347346555e-09
2429978680_1e18a13835.jpg,-7.723075822e-10
2972864304_481aeffe50.jpg,-5.30430025e-10
661755629_602ea4cf09.jpg,-4.551749457e-09
1778020185_1d44c04dae.jpg,-7.332920975e-10
3716244806_97d5a1fb61.jpg,-1.962419501e-09
3526805681_38461c0d5d.jpg,4.239992285e-09
566921157_07c18a41e2.jpg,2.022697184e-11
2761599088_8b39cc5f41.jpg,7.668786921e-10
352981175_16ff5c07e4.jpg,1.908789615e-09
3518126579_e70e0cbb2b.jpg,-6.439963076e-09
2504764590_cf017c2a6e.jpg,-3.404609615e-09
3632572264_577703b384.jpg,-6.544017784e-10
380537190_11d6c0a412.jpg,8.296992919e-09
3372022051_132b8e6233.jpg,-1.624168026e-09
533979933_a95b03323b.jpg,-2.388999938e-09
2708686056_1b8f356264.jpg,-3.472244106e-09
3410902181_b2a3c6eec9.jpg,6.81729118e-10
3286198467_8880be127e.jpg,-4.16786015e-10
3528966521_2e871ff6a1.jpg,-4.24712774e-09
2886533440_dfa832f2fa.jpg,2.451788579e-09
3154709407_9b0778cbeb.jpg,-4.146366986e-09
2257798999_d9d1b9a45a.jpg,1.526145394e-09
3378553508_e37e281d25.jpg,-1.228722726e-10
3144705706_391d7b77c7.jpg,1.81686286e-09
3363836972_c87b58c948.jpg,-4.470380331e-09
1258913059_07c613f7ff.jpg,-2.234591135e-09
2244171992_a4beb04d8e.jpg,8.05882119e-09
3262475923_f1f77fcd9f.jpg,-1.658691807e-09
3242919570_39a05aa2ee.jpg,3.218665856e-09
1042020065_fb3d3ba5ba.jpg,1.863918695e-09
2978271431_f6a7f19825.jpg,1.700540088e-10
3430607596_7e4f74e3ff.jpg,-2.310787297e-09
1501985304_8c50093004.jpg,4.572328747e-09
3287969199_08e775d896.jpg,4.228697281e-10
3545652636_0746537307.jpg,2.190131363e-09
1295669416_21cabf594d.jpg,6.733049697e-09
2992614450_b5a6692239.jpg,-4.107380917e-09
3683644335_b70bed1d83.jpg,-2.407743493e-08
3330007895_78303e8a40.jpg,4.672034278e-09
537230454_1f09199476.jpg,-2.552221354e-09
3386060324_b98fdfa449.jpg,1.269744503e-09
754852108_72f80d421f.jpg,-1.215036055e-09
3482974845_db4f16befa.jpg,-3.95128526e-09
3175434849_859f09fe07.jpg,3.586113228e-09
2786245676_0a69543832.jpg,-9.586061655e-10
2256320794_0286c31bfa.jpg,-8.01338041e-12
3545793128_af3af544dc.jpg,-1.207694323e-09
2899276965_a20b839cfd.jpg,4.923505915e-09
3122497129_d08f5729b8.jpg,7.402577581e-09
2591486448_48d5438343.jpg,-1.756755638e-09
3163281186_e2f43dfb5f.jpg,-3.60246739e-09
341665272_80d4d61376.jpg,4.136774079e-09
3517040752_debec03376.jpg,-2.105598366e-09
3210419174_d083a16f77.jpg,-3.907025156e-09
719837187_3e7bf1d472.jpg,-1.101436017e-09
2734219983_fe86a60bf9.jpg,-3.763488628e-09
327621377_0bc3b7fd26.jpg,1.913252798e-09
2046222127_a6f300e202.jpg,-3.281336705e-11
2616508003_fa5ca5780d.jpg,-7.855010449e-11
241347150_5ff37818c2.jpg,3.834828011e-09
1662261486_db967930de.jpg,2.899859826e-09
256292144_b53aadae27.jpg,-1.308450244e-09
3267644370_f2728d6c7a.jpg,-8.842809597e-10
3568505408_4e30def669.jpg,5.004111905e-09
90011335_cfdf9674c2.jpg,-7.033818894e-10
3296715418_29542dcdc2.jpg,-6.620132182e-09
381052465_722e00807b.jpg,2.634334368e-11
2652155912_8ba5426790.jpg,3.141034723e-09
3186863842_5832573c5e.jpg,1.863660277e-09
236730743_0d4fd8de5a.jpg,-7.715266317e-09
3168123064_d1983b8f92.jpg,3.532413992e-09
3187492926_8aa85f80c6.jpg,3.687135738e-09
3688005475_d200165cf7.jpg,-6.157567977e-09
3577309234_c952c2af86.jpg,3.835177649e-10
2930514856_784f17064a.jpg,7.677987555e-09
232193739_ed5f348c7a.jpg,7.467509203e-09
3257277774_aba333a94c.jpg,9.933774592e-09
3759492488_592cd78ed1.jpg,-5.676763474e-10
2110898123_07729c1461.jpg,-4.368720209e-10
397815951_3b02090324.jpg,-4.549712965e-09
3057862887_135c61816a.jpg,-6.249998807e-10
2847615962_c330bded6e.jpg,-2.930170416e-09
1309330801_aeeb23f1ee.jpg,-5.82333798e-09
2294516804_11e255807a.jpg,-1.513295553e-09
513269597_c38308feaf.jpg,7.856607445e-09
3307978046_92fef4dfa9.jpg,-4.103922139e-09
2405599120_ec5f32af6f.jpg,-8.605577343e-10
3243588540_b418ac7eda.jpg,-2.553271811e-09
3320680380_b0d38b3b4a.jpg,4.115826444e-09
3204922011_185e48949a.jpg,9.15429853e-09
3123463486_f5b36a3624.jpg,1.764958653e-09
2752230113_b5dab6f0f1.jpg,-3.190661615e-09
3292277400_f95cdd13d1.jpg,7.379053694e-09
506478284_7cf8bdbe36.jpg,-2.352704044e-09
1982852140_56425fa7a2.jpg,4.022913171e-09
1429814475_0b592b9995.jpg,3.648099472e-09
2339946012_06bd480ab8.jpg,-3.733552847e-11
1131800850_89c7ffd477.jpg,-1.179966263e-09
3425685827_03683e8e5a.jpg,-4.898628456e-10
2021613437_d99731f986.jpg,5.066082618e-09
116409198_0fe0c94f3b.jpg,6.632242703e-09
3207264553_8cd4dcde53.jpg,1.151061032e-09
3165750962_e2e3843679.jpg,-2.655858596e-09
2984704498_29b53df5df.jpg,2.185369445e-09
2858759108_6e697c5f3e.jpg,-3.267522826e-09
3185695861_86152b2755.jpg,2.372836734e-09
245252561_4f20f1c89e.jpg,-6.482369266e-09
3034585889_388d6ffcc0.jpg,-8.675611337e-09
3565654691_22b97d3994.jpg,-9.031031707e-10
2187503678_fd743e0a00.jpg,-1.802997814e-09
2420730259_86e7f8a815.jpg,2.627887642e-09
441398149_297146e38d.jpg,-7.605671286e-09
524698457_77ba13840a.jpg,-3.13478435e-09
3417143124_6feb8290cc.jpg,7.767689697e-09
2098646162_e3b3bbf14c.jpg,-4.720340428e-09
2687672606_275169c35d.jpg,5.6112108e-09
3087095548_6df7c2a8ed.jpg,-4.858387434e-10
3527590601_38d56abc29.jpg,-2.637950339e-09
1470132731_fa416b7504.jpg,2.646091178e-09
3271084924_4778d556cc.jpg,5.797211118e-10
504765160_b4b083b293.jpg,-7.893249465e-09
2800758232_d7fa598065.jpg,-4.351411195e-09
3459362347_c412ef9901.jpg,6.602028797e-09
3198247669_7493af04a7.jpg,4.471237024e-09
2694426634_118566f7ab.jpg,3.782557156e-09
2873522522_829ea62491.jpg,4.165747132e-09
300539993_eede2d6695.jpg,-3.271195708e-09
3411595210_8e0893b266.jpg,-5.57664763e-09
3049770416_0fb1954315.jpg,5.370232765e-09
3419916411_72934edcdb.jpg,1.743816696e-09
3470008804_0ca36a7a09.jpg,1.231916044e-09
150582765_bad8dec237.jpg,-3.340570537e-09
252578659_9e404b6430.jpg,-7.48306468e-09
2363006088_b3e3aa5c0b.jpg,-2.660486703e-09
2710698257_2e4ca8dd44.jpg,-1.391810987e-09
451597318_4f370b1339.jpg,2.561441039e-09
3560891822_7d4c1e3580.jpg,7.266821333e-09
3572267708_9d8a81d4a4.jpg,-2.435989456e-09
2439154641_bbf985aa57.jpg,-1.265110007e-09
2660008870_b672a4c76a.jpg,2.442513066e-09
314904143_5a216a192b.jpg,2.787699881e-09
2225241766_f1e7132e3e.jpg,-6.778377516e-09
95728664_06c43b90f1.jpg,-1.569291679e-09
2246717855_c0c08fe5d2.jpg,-4.76719695e-09
224766705_b77996527f.jpg,-3.049998132e-09
3601978895_9fec23ce0c.jpg,1.580332494e-09
495054019_3dee8a02f5.jpg,3.822728703e-09
2053777548_108e54c826.jpg,-2.953474711e-09
354642192_3b7666a2dd.jpg,1.735600394e-09
1584315962_5b0b45d02d.jpg,1.293500303e-09
1597319381_1e80d9e39c.jpg,4.295341142e-10
2909875716_25c8652614.jpg,-1.074473736e-09
2744690159_fe2c89e55b.jpg,1.576851441e-10
129599450_cab4e77343.jpg,1.317642754e-09
3258874419_23fec1bdc1.jpg,2.953090208e-09
2500826039_165e75b20c.jpg,-7.562057201e-09
538825260_a4a8784b75.jpg,-4.316403656e-09
3232030272_b2480a5fe7.jpg,2.901038136e-09
403523132_73b9a1a4b3.jpg,3.665108573e-09
23445819_3a458716c1.jpg,-2.972981983e-09
3701509233_a2275a4e57.jpg,-6.094139606e-09
2719102611_fef453bf30.jpg,1.816951644e-09
255091927_2eb643beb2.jpg,-4.488405381e-09
3426724811_137855b4f7.jpg,3.162544779e-09
3373069977_bc73e9e409.jpg,-1.955309012e-10
3534512991_f9fd66f165.jpg,-1.119839273e-08
3387630781_f421a94d9d.jpg,-1.553490161e-09
3389448506_7025e7cc12.jpg,5.426322853e-09
2907244809_07ab2c6b6c.jpg,-6.524780284e-09
3427301653_4ff0d6fd93.jpg,1.601803789e-09
2073174497_18b779999c.jpg,1.598806603e-09
2136455112_202c093ba4.jpg,-1.329074949e-09
3672944692_8d24a44fc6.jpg,-3.630950201e-09
1255504166_f2437febcb.jpg,-1.648407875e-09
236095031_5cb17dc54a.jpg,4.382445892e-09
3606942887_1159d92548.jpg,1.55166255e-09
3696698390_989f1488e7.jpg,6.755204995e-09
427936315_0b8f7b8d23.jpg,5.015184203e-09
2472250097_a3191a94b3.jpg,-1.318432807e-08
2665904080_8a3b9639d5.jpg,6.165324882e-09
3259160693_067ec7ebc3.jpg,4.519138298e-09
3222496967_45d468ee66.jpg,-1.923847476e-09
2789688929_9424fceed1.jpg,-4.933997244e-10
1962729184_6996e128e7.jpg,3.557239912e-09
343073813_df822aceac.jpg,-1.828357041e-09
3086790344_9487c58624.jpg,-2.620695564e-09
2710563762_06d48329d7.jpg,-5.921936811e-09
2271264741_aa8f73f87c.jpg,-2.881043673e-09
3283913180_7d4e43602d.jpg,-6.340135215e-10
3535304540_0247e8cf8c.jpg,1.106376984e-08
2949337912_beba55698b.jpg,-5.700943978e-09
2855594918_1d1e6a6061.jpg,-3.980605646e-09
3477672764_7f07657a26.jpg,1.607299074e-09
3704995657_e2e114083d.jpg,-1.490342979e-09
2095435987_1b7591d214.jpg,4.885009205e-09
3401039304_424ffc7dbf.jpg,3.102334866e-09
2729655904_1dd01922fb.jpg,-2.492039852e-09
2515247156_c1b759fc33.jpg,-2.632236366e-09
3671950830_b570bac1b9.jpg,-8.153415943e-10
3421129418_088af794f7.jpg,4.077210357e-09
3403797144_53e49412ec.jpg,-9.4184719e-09
3223973114_6c15538ce9.jpg,3.418055211e-09
2812590023_50182bc417.jpg,-6.572901815e-09
2445442929_8c81d42460.jpg,2.768326379e-09
2204695848_3d1b140212.jpg,-1.095488473e-09
3724581378_41049da264.jpg,4.935615712e-09
3458577912_67db47209d.jpg,-2.932026293e-09
3384528359_e920154177.jpg,9.451517935e-09
1463732130_a754441289.jpg,-1.891197759e-09
2775249812_f4db95e818.jpg,2.750514594e-09
3216926094_bc975e84b9.jpg,8.065613725e-09
3211289105_e0360a9c7f.jpg,-6.274104717e-09
2265096094_8cc34d669c.jpg,-6.470747858e-09
3217266166_4e0091860b.jpg,-2.942503051e-09
469021173_aa31c07108.jpg,-1.934100762e-09
2707873672_15e6b5d54b.jpg,-2.815861568e-10
2148991939_3b9fd6c439.jpg,3.700617109e-09
3638908276_b1751d30ff.jpg,-1.427285877e-10
3610687607_895fdc94bd.jpg,-2.567218275e-09
696663662_232edd58af.jpg,-1.834706629e-09
3030824089_e5a840265e.jpg,-2.504494211e-09
2707969386_94dde00ce4.jpg,9.154602687e-10
3643684688_2f7157b23d.jpg,9.029126371e-10
3286111436_891ae7dab9.jpg,-1.787264465e-09
2991994415_504d1c0a03.jpg,2.31499142e-09
2921112724_5cb85d7413.jpg,3.493195754e-09
248646530_03c6284759.jpg,1.615072005e-09
2017276266_566656c59d.jpg,3.214695379e-09
501650847_b0beba926c.jpg,3.438282862e-09
138718600_f430ebca17.jpg,-4.614170527e-09
3240351042_5d29c94b0e.jpg,3.889859746e-09
3286406057_a1668655af.jpg,-3.282567002e-09
241347611_cb265be138.jpg,-4.284476745e-09
3563871276_c8b2a00df5.jpg,4.709670802e-09
3399312265_9c74378692.jpg,4.863542253e-09
2291511815_ac083fddbd.jpg,5.614160027e-10
582788646_dc40748639.jpg,-8.382937868e-09
1352398363_9cc8ffcce9.jpg,1.460113418e-09
3394750987_a32ecc477e.jpg,1.916702644e-09
2863027424_9c75105660.jpg,2.167831981e-10
2247889670_413db8094b.jpg,1.349711337e-09
3046286572_d2050ab0d9.jpg,-5.517631938e-10
3730457171_e66dde8c91.jpg,5.079581512e-09
386160015_d4b31df68e.jpg,-1.595245423e-09
422756764_e7eaac76bf.jpg,3.915633408e-09
339350939_6643bfb270.jpg,2.397470921e-10
2281006675_fde04e93dd.jpg,-1.297675086e-09
3081182021_22cfa18dd4.jpg,3.452429004e-09
2822891602_ff61df2ece.jpg,3.959515945e-10
3277162496_dff7eeb59e.jpg,-2.261811639e-09
1389651420_8d95d8f6ed.jpg,2.41727421e-09
2205088706_d7e633e00d.jpg,1.342572928e-09
2637959357_dd64a03efa.jpg,5.675168358e-09
3404012438_9baf8dcbaf.jpg,5.504283392e-09
1998457059_c9ac9a1e1a.jpg,-5.271899193e-11
2864340145_d28b842faf.jpg,2.345746449e-09
3385246141_a263d1053e.jpg,-4.05200748e-10
2396100671_3a9d67f03d.jpg,-1.031220142e-09
2374570771_c395fc224a.jpg,6.71531995e-09
3662871327_b128d25f04.jpg,4.90289992e-09
1952896009_cee8147c90.jpg,2.561553155e-09
2537583012_4a358a6a8a.jpg,5.502478003e-10
3131990048_369b081021.jpg,-4.465972638e-09
514431934_9cf78f05a9.jpg,-6.507522466e-09
340425915_490293058f.jpg,4.189349767e-09
3179952488_c1c812a03b.jpg,-5.264019688e-09
2654943319_d17fee7800.jpg,-9.521533193e-11
2534424894_ccd091fcb5.jpg,8.709432421e-09
2621771656_09a620da6d.jpg,8.890325593e-10
223299142_521aedf9e7.jpg,2.499043205e-09
3225058391_a12d38d911.jpg,2.722183755e-09
3188036349_8e4e2d6ca8.jpg,4.271128045e-09
2484190118_e89363c465.jpg,-2.85095464e-09
512101751_05a6d93e19.jpg,-4.685221235e-09
1356543628_c13ebe38fb.jpg,1.551982321e-10
207930963_af3a2f1784.jpg,2.686037521e-09
3265162450_5b4e3c5f1b.jpg,-3.367190832e-09
1234817607_924893f6e1.jpg,5.759719589e-09
3362871440_6c0f27c480.jpg,3.455001968e-10
3396043950_12783c5147.jpg,-1.385931786e-09
2636876892_9353521a1c.jpg,-4.531249723e-09
460935487_75b2da7854.jpg,2.257960863e-09
636503038_17ca82b50f.jpg,1.30099984e-08
3634281981_d9cf1d1a33.jpg,6.036226137e-09
2873065944_29c01782e2.jpg,3.267660246e-10
492493570_c27237a396.jpg,-4.67494012e-09
3438981089_2ef1a6353c.jpg,1.263904921e-08
3666324102_18ecdf8253.jpg,4.595180343e-11
3029463004_c2d2c8f404.jpg,1.105275935e-09
2976946039_fb9147908d.jpg,-2.850154693e-09
3178300150_d4605ff02c.jpg,-1.187098372e-09
1514957266_a19827c538.jpg,-1.128256026e-09
3413973568_6630e5cdac.jpg,-2.72918794e-09
3185409663_95f6b958d8.jpg,-7.570929736e-09
498404951_527adba7b8.jpg,-7.383705756e-09
359837950_9e22ffe6c2.jpg,-9.211229592e-10
3535056297_e16f014cb7.jpg,-4.491048136e-09
3242718240_3358f2d6e6.jpg,4.171555739e-09
3500399969_f54ce5848f.jpg,-5.532125117e-09
2552723989_7bc93e0f7b.jpg,3.857462598e-09
2824004868_1fc0a81173.jpg,-1.311475801e-09
3094568845_d0b56c5651.jpg,1.015684986e-09
3035949542_cb249790f5.jpg,-7.818637898e-10
299572828_4b38b80d16.jpg,-2.31541056e-09
3552435734_04da83b905.jpg,-8.311960834e-10
2089542487_b4c1ee7025.jpg,-5.198264558e-09
1390268323_2c8204e91c.jpg,-7.541256264e-10
3684518763_f3490b647a.jpg,-2.951594926e-09
2279980395_989d48ae72.jpg,-7.980429862e-09
2130203183_49bae96b96.jpg,-2.333333837e-09
618292739_0fdc2ccab0.jpg,7.138808027e-09
3721881082_afe9fc734e.jpg,-3.052874922e-09
3333921867_6cc7d7c73d.jpg,6.88150055e-09
3589267801_5a222e3a60.jpg,-2.922135377e-09
3527184455_1a9c074ff2.jpg,-3.077269167e-09
3480379024_545e8ec818.jpg,1.342338453e-09
2693425189_47740c22ed.jpg,6.811134456e-09
322791392_aa3b142f43.jpg,2.127319365e-09
136644885_f7d2bbf546.jpg,1.923003194e-09
390992388_d74daee638.jpg,-4.334688047e-09
639865690_d66d480879.jpg,1.358197065e-09
2971478694_79e46ea7e5.jpg,-1.325100857e-09
2244551043_21b8cca866.jpg,1.926445213e-09
2998504949_1022fec53b.jpg,2.817207602e-09
1247181182_35cabd76f3.jpg,3.226267714e-09
2356664078_4b1e6e465d.jpg,4.647998661e-09
1368338041_6b4077ca98.jpg,3.175582809e-09
783994497_4f6885454d.jpg,3.406120663e-09
3261666285_86fceb762d.jpg,-4.325733795e-09
3484832904_08619300d9.jpg,-2.583544147e-10
2229509318_be3fef006b.jpg,5.557460157e-09
1229756013_94663527d7.jpg,4.849240128e-09
2448270671_5e0e391a80.jpg,2.392500902e-10
3415113018_7b95ddcd11.jpg,-3.40331374e-09
448590900_db83c42006.jpg,4.566300276e-09
228949397_9e63bfa775.jpg,-8.272045496e-10
3561537309_e271d57492.jpg,-3.633017909e-09
3475005101_6f6e437459.jpg,1.490883385e-10
753578547_912d2b4048.jpg,5.816358081e-09
3429194423_98e911a101.jpg,2.250959373e-09
3529721084_4b405baf54.jpg,-3.178870456e-09
694496803_f2a05869cf.jpg,5.504585565e-10
3228517564_74b00a923b.jpg,3.443527416e-09
2218843713_cf28ea319e.jpg,2.345253473e-09
2782433864_5a0c311d87.jpg,-3.633635895e-09
2218519240_cac5aab53c.jpg,7.59315579e-10
3266261886_36e1323d2f.jpg,7.040896602e-09
2354829523_9542fc74ba.jpg,4.366201528e-09
3650986674_3e101c606b.jpg,-1.911186913e-09
501684722_0f20c4e704.jpg,-7.117857236e-10
3282634762_2650d0088a.jpg,1.068850228e-08
3279025792_23bfd21bcc.jpg,3.07394104e-09
3351586010_7ffaa90ea8.jpg,1.874336146e-09
3562302012_0cbcd01ff9.jpg,-5.045383002e-09
3255620561_7644747791.jpg,-7.235861933e-09
3341782693_426bf7139b.jpg,1.471782534e-09
2084217208_7bd9bc85e5.jpg,1.137804407e-08
3159447439_c1496cbaea.jpg,-4.992720037e-09
2275372714_017c269742.jpg,-3.796906677e-09
367673290_f8799f3a85.jpg,-2.678828961e-09
566397227_a469e9e415.jpg,-1.726687026e-10
428483413_b9370baf72.jpg,3.341427446e-09
708860480_1a956ae0f7.jpg,6.040479119e-09
3423225860_16e26eef74.jpg,2.867330094e-09
2578395598_6982734d46.jpg,5.504147364e-09
2045109977_b00ec93491.jpg,-4.01280627e-09
3512791890_eb065b460a.jpg,-3.669527028e-09
3564742915_5f940b95b4.jpg,6.754470126e-09
3364258732_9942c557e5.jpg,-1.010419896e-09
222878446_32c6fc4bc9.jpg,-5.319115212e-09
2992808092_5f677085b7.jpg,-4.274189212e-09
1237985362_dbafc59280.jpg,3.771844832e-09
3169276423_6918dd4da1.jpg,-3.99109719e-10
3680218298_582e6a2289.jpg,-7.196246091e-10
521186251_e97d1f50f8.jpg,-8.513656616e-09
2701603045_6cbdc4ce7c.jpg,6.145963007e-09
3173215794_6bdd1f72d4.jpg,3.319884766e-09
2853743795_e90ebc669d.jpg,-1.310112337e-09
2607462776_78e639d891.jpg,5.724479492e-09
2157173498_2eea42ee38.jpg,1.00171463e-09
3638688673_176f99d7fd.jpg,3.870980646e-09
3008370541_ce29ce49f0.jpg,-4.989575466e-09
2217728745_92b6779016.jpg,6.940192845e-09
369360998_ba56fb436f.jpg,-2.375473732e-09
2882056260_4399dd4d7c.jpg,-1.949607695e-09
1370773415_967b1ffde1.jpg,-7.249658808e-09
693164706_9624582e69.jpg,1.322034584e-11
3449846784_278bc1ba92.jpg,-2.883404912e-09
3658427967_6e2e57458d.jpg,2.491009908e-10
3428038648_993a453f9e.jpg,-2.201459474e-09
1579198375_84b18e003a.jpg,-6.629027008e-09
2844747252_64567cf14a.jpg,1.743292111e-08
2838619742_eed855d8a8.jpg,1.415949589e-09
3741462565_cc35966b7a.jpg,1.856780669e-09
3350671534_2a5d45a961.jpg,-8.749496173e-10
3584561689_b6eb24dd70.jpg,-9.543329393e-10
2654514044_a70a6e2c21.jpg,-3.742153884e-09
2526041608_a9775ab8d7.jpg,8.204815036e-10
3677514746_26f5588150.jpg,1.105008006e-09
3122606953_a979dd3d33.jpg,2.856018843e-09
2839890871_4b7c7dbd96.jpg,-2.055833707e-09
107582366_d86f2d3347.jpg,-7.556508137e-09
2977379863_2e8d7a104e.jpg,-5.248303711e-10
170100272_d820db2199.jpg,2.147072605e-09
3165123595_8db9f918bf.jpg,5.428120186e-09
1937262236_cbf5bfa101.jpg,2.491412619e-09
3429351964_531de1bf16.jpg,2.912103786e-09
3103340819_46de7954a9.jpg,1.009586813e-09
3612484827_0e479f9ee8.jpg,-1.496698089e-09
2435685480_a79d42e564.jpg,-7.03013723e-09
862156271_3eacea90a8.jpg,-6.321230206e-10
3229442620_fd47d01b59.jpg,3.807733364e-09
3511062827_cd87871c67.jpg,-2.331336859e-09
2807177340_bc85291df5.jpg,-5.930709287e-09
3477681171_b1bb8b211d.jpg,6.182450154e-09
2724485630_7d2452df00.jpg,1.913530641e-09
2597873827_a5cb3e57ba.jpg,-4.399793477e-09
3564907603_14ccc655f1.jpg,3.301985413e-09
3517023411_a8fbd15230.jpg,2.40684683e-10
2833431496_09d999db4d.jpg,2.237952027e-09
3109688427_d2e702456c.jpg,3.878349573e-10
3099923914_fd450f6d51.jpg,7.287179585e-09
93922153_8d831f7f01.jpg,9.281157483e-10
2577972703_a22c5f2a87.jpg,-2.811507912e-09
2505360288_c972bd29c4.jpg,1.889059323e-09
2085078076_b9db242d21.jpg,-5.098627067e-09
3254817653_632e840423.jpg,-3.080933067e-09
2607099736_8681f601d9.jpg,-5.196079573e-10
3017220118_6a9212dfdb.jpg,-7.984714062e-09
3537920947_6c5a956f47.jpg,2.028745593e-09
1463732807_0cdf4f22c7.jpg,-4.462190806e-09
2913207978_9e9624e249.jpg,2.884988198e-09
2596474836_79468f23a0.jpg,1.80612436e-09
3329254388_27017bab30.jpg,-2.134805801e-10
3498240367_cbd8c6efbf.jpg,-5.583278541e-10
3630102841_b4c3e00b2c.jpg,-7.321247343e-10
3349968447_b5d4a477b2.jpg,-6.671982783e-09
2266061169_dfbf8f0595.jpg,-2.690114844e-09
2363419943_717e6b119d.jpg,-1.370217118e-09
241346352_c5a0ea43c6.jpg,-1.200559069e-09
2890113532_ab2003d74e.jpg,-3.722165122e-09
3450776690_38605c667d.jpg,-7.043394771e-10
3515358125_9e1d796244.jpg,5.319203733e-09
1299459550_1fd5594fa2.jpg,-6.060830641e-10
268365231_a0acecdc45.jpg,-5.868463627e-10
481887827_f8975dabf1.jpg,2.596331031e-09
537559285_29be110134.jpg,-3.492369688e-09
190965502_0b9ed331d9.jpg,8.522532535e-11
3642220260_3aa8a52670.jpg,-1.297476771e-09
1786425974_c7c5ad6aa1.jpg,8.630160651e-09
448257345_ce149c2ea6.jpg,-1.177733418e-09
3681575323_433d007650.jpg,-2.793516835e-09
1417882092_c94c251eb3.jpg,8.901192428e-09
487071033_27e460a1b9.jpg,2.158814606e-09
2555622234_3e531e4014.jpg,-1.962328035e-09
130211457_be3f6b335d.jpg,7.138261651e-09
278105206_df987b0ca0.jpg,1.543858391e-09
2745441424_5659f6acc8.jpg,-1.874164222e-09
3501313414_ae865b6fdf.jpg,-2.446496845e-09
3557316485_574a5f7a89.jpg,-2.180519174e-09
246041128_bedb09ed74.jpg,3.53343039e-09
3618908551_7fd2de5710.jpg,-9.14284348e-09
2647049174_0fb47cee2e.jpg,-7.690643776e-11
2056930414_d2b0f1395a.jpg,-2.08848917e-09
2354540393_a149722680.jpg,-6.100349936e-09
211277478_7d43aaee09.jpg,-3.989573744e-09
539801139_7258ee437f.jpg,-7.531321038e-09
2292406847_f366350600.jpg,-2.658238197e-09
210625425_fb1ef5d23b.jpg,5.649068134e-10
1576185717_f841ddc3da.jpg,2.901605264e-09
3431121650_056db85987.jpg,7.286145225e-10
1809796012_a2dac6c26b.jpg,4.323777469e-09
229978782_3c690f5a0e.jpg,4.71543149e-09
2911919938_6bb6587a36.jpg,3.302936907e-10
2076906555_c20dc082db.jpg,4.160744045e-09
3231751379_10ebf7150c.jpg,-3.727647271e-09
2858903676_6278f07ee3.jpg,-2.103881689e-09
3613323772_d15cef66d1.jpg,2.239843012e-10
2144050118_3e7d2e05b1.jpg,-5.012677926e-09
2701895972_8605c4e038.jpg,3.612766714e-09
3208987435_780ae35ef0.jpg,-2.587717734e-10
1235685934_be89b231fb.jpg,-1.162379557e-09
2384728877_48c85d58af.jpg,7.568664453e-09
1418019748_51c7d59c11.jpg,1.982360826e-09
3143159297_6f2f663ea6.jpg,1.246130657e-11
321229104_3cbaf0f51c.jpg,1.179883892e-09
3340575518_137ce2695f.jpg,-5.155533847e-09
300274198_eefd8e057e.jpg,2.251131583e-09
2099323664_bb20457f26.jpg,-4.043986407e-09
3352791995_8db4979aca.jpg,-9.31454391e-09
3379839396_0cd84b55f1.jpg,4.889974776e-09
1432179046_8e3d75cf81.jpg,2.138843542e-09
3532200762_b28c39d311.jpg,-1.865649245e-09
2110692070_8aaaa1ae39.jpg,5.418373616e-09
3347666612_659e6e2207.jpg,6.789120028e-09
3472270112_0a7cb7b27c.jpg,-9.536173762e-11
524031846_28b11bc0e5.jpg,2.816059102e-10
3341477531_4e37450f35.jpg,4.452963841e-09
3484842724_ef1124c87a.jpg,9.662724502e-09
491405109_798222cfd0.jpg,-4.596164403e-09
3667157255_4e66d11dc2.jpg,-2.807675334e-09
2299859649_07ca44a222.jpg,-3.221558575e-09
3121521593_18f0ec14f7.jpg,-6.506326908e-09
837919879_94e3dacd83.jpg,-9.001997922e-11
3484625231_5b1a1a07b8.jpg,3.373341662e-09
3030566410_393c36a6c5.jpg,-1.2355866e-09
404702274_fa8b3fe378.jpg,8.004279374e-09
3030294889_78b2ccbe51.jpg,4.417523531e-09
1547883892_e29b3db42e.jpg,8.22273465e-10
1505686764_9e3bcd854a.jpg,4.790183743e-09
2842849030_89548af61c.jpg,5.361175497e-10
3120648767_812c72eabe.jpg,-2.94291274e-09
480505313_2dc686e5db.jpg,-6.197498344e-09
2092870249_90e3f1855b.jpg,2.299657813e-09
2856524322_1d04452a21.jpg,-2.333608902e-09
3571147934_d1c8af1d6e.jpg,-2.668634088e-10
3240558825_cd859d6230.jpg,1.141094481e-09
1379026456_153fd8b51b.jpg,5.915524071e-09
3489774350_a94e6c7bfc.jpg,1.11362826e-09
3564007203_df2b8010f1.jpg,-2.521827e-09
239453674_0df7767208.jpg,7.685158653e-09
3422394336_e465f60b7c.jpg,-7.456398075e-10
3215081286_d55541aa6b.jpg,5.265663758e-10
255266148_7ba7df1a88.jpg,1.076373285e-09
3514297698_0512623955.jpg,-4.705337511e-09
3581818450_546c89ca38.jpg,-5.311006841e-09
97406261_5eea044056.jpg,-1.133373044e-09
3209966887_5b744bd050.jpg,-1.09233662e-09
2621415349_ef1a7e73be.jpg,8.835136885e-10
3072730593_b7322d2e05.jpg,-5.854446786e-09
255741044_1102982213.jpg,2.064283557e-09
2602415701_7674eb19e4.jpg,4.677539819e-09
3424424006_98f9d1921c.jpg,-1.448754436e-09
3147758035_e8a70818cb.jpg,9.893800521e-09
3655074079_7df3812bc5.jpg,1.025090007e-09
3359636318_39267812a0.jpg,4.320855352e-09
3296226598_1c892c4351.jpg,3.583341074e-09
2247192427_5e106f24a9.jpg,-9.686695434e-09
2675397335_1dcdbd12f5.jpg,-1.185897936e-08
3471571540_b4ab77f20d.jpg,6.213114545e-09
2162469360_ff777edc95.jpg,4.958291342e-09
3627011534_485f667b10.jpg,2.789775406e-09
2831723637_30d4456665.jpg,-7.749952295e-10
3018304737_0a46fc5f1d.jpg,2.981740443e-09
3166969425_b5ace2f9c2.jpg,-2.734342414e-09
3200120942_59cfbb3437.jpg,1.088619225e-09
1685990174_09c4fb7df8.jpg,-2.870020278e-09
2480850054_de3433b54a.jpg,3.681749513e-10
3350786891_6d39b234e9.jpg,4.760479463e-09
3724759125_2dc0e1f4a3.jpg,1.907628983e-09
2396746868_0727e06983.jpg,1.761480286e-09
3671851846_60c25269df.jpg,-4.206539665e-09
1348947380_14f0fc1237.jpg,-6.69332601e-10
1253275679_e955fb7304.jpg,4.568100809e-09
3347500603_13670ee6bf.jpg,5.921993405e-10
1410193619_13fff6c875.jpg,-3.486960715e-10
3174196837_800689a2f3.jpg,1.988353038e-09
1067790824_f3cc97239b.jpg,-6.29549919e-10
1468389504_c724bdcad0.jpg,1.750559859e-09
3309042087_ee96d94b8a.jpg,3.002616354e-09
421316045_ae7a1eb4bc.jpg,1.397072977e-09
483136916_16976f4902.jpg,-5.578252735e-09
3549464203_8ab9c6160b.jpg,-7.766713262e-09
3739833689_a0038545bd.jpg,-7.869037984e-09
3640443200_b8066f37f6.jpg,-4.129310578e-09
3339558806_b4afdc8394.jpg,-3.991310868e-09
3270273940_61ef506f05.jpg,-2.18480109e-09
427557693_1108566fd2.jpg,-1.537517756e-10
2883950737_3b67d24af4.jpg,-2.008896708e-09
3222842866_cb85243ce4.jpg,8.09741346e-09
2518219912_f47214aa16.jpg,7.041336559e-09
2805101709_1c8916f63a.jpg,-1.293102584e-09
143688895_e837c3bc76.jpg,2.060711835e-09
241345844_69e1c22464.jpg,7.058017201e-09
223299137_b0e81ac145.jpg,4.173146684e-09
3237760601_5334f3f3b5.jpg,-4.413980194e-10
3092756650_557c5f2d03.jpg,-1.943888965e-09
1287073593_f3d2a62455.jpg,-2.467751773e-09
3440160917_4524cfd9f6.jpg,-3.844876173e-09
442918418_0f29c97fa9.jpg,3.99117701e-09
2874728371_ccd6db87f3.jpg,-2.053570149e-09
2603033456_3584d95116.jpg,5.083854396e-09
3468023754_8a07d4c56e.jpg,1.293534244e-09
3427614912_b147d083b2.jpg,1.499938802e-09
3465473743_7da0c5d973.jpg,-6.423781569e-09
3247423890_163f00a2cb.jpg,-7.414421273e-10
2978409165_acc4f29a40.jpg,-5.05706087e-10
2271955077_0020b4ee0d.jpg,4.724755011e-09
261490838_2f3ac98b12.jpg,-3.811798039e-09
336551615_a01418bc53.jpg,-4.521667074e-09
2804374083_311f98f5f2.jpg,-7.431824455e-11
328916930_e4d4be1730.jpg,3.774138802e-09
1197800988_7fb0ca4888.jpg,-4.911430554e-10
294353408_d459bdaa68.jpg,3.042321715e-09
310213587_778fe8fb5b.jpg,7.457267398e-10
3524519277_bd0c3e7382.jpg,-3.235511928e-09
2102581664_5ea50f85c6.jpg,-2.767371591e-09
2813784259_d201044d71.jpg,-6.122591802e-09
3080891382_edf83dde18.jpg,-5.642540698e-09
1290894194_8a4ffdc7eb.jpg,-5.899022835e-09
3361990489_92244a58ef.jpg,1.571358105e-09
377872672_d499aae449.jpg,-5.671620534e-09
2097420505_439f63c863.jpg,4.197548859e-09
3309578722_1765d7d1af.jpg,1.938595357e-09
3271178748_630d269811.jpg,4.611833129e-09
3436259762_43709321ff.jpg,1.639419473e-09
3452411712_5b42d2a1b5.jpg,5.610243269e-09
3526431764_056d2c61dc.jpg,-4.267386902e-09
247618600_239eeac405.jpg,-2.077084836e-10
495033548_bd320405d8.jpg,-3.495814735e-09
1516714577_7d1c35a8d8.jpg,-2.071632527e-09
358875403_f357f03713.jpg,6.38193728e-09
3602676311_824b2c04ba.jpg,2.710267986e-09
119534510_d52b3781a3.jpg,3.102027988e-10
2381613738_d8d2012e3c.jpg,2.987925746e-09
3339319023_5dcc3ef81a.jpg,2.089013292e-09
2417623030_afdc1024b5.jpg,-4.31338702e-09
3108732084_565b423162.jpg,-9.915195182e-10
3522025527_c10e6ebd26.jpg,3.933700644e-09
3342271377_446ffc34c0.jpg,-1.656057048e-09
2656688132_d93be870e0.jpg,-1.280512729e-09
476740978_45b65ebe0c.jpg,-5.343513957e-09
693450725_8ad72389e6.jpg,8.464626185e-10
242324909_06d5a6c44b.jpg,-5.563542825e-09
3159092624_66af4e207e.jpg,3.416143619e-10
3622929632_26fb800000.jpg,-1.201235028e-09
2629295654_59ea1472a1.jpg,1.676760898e-09
518610439_b64ab21c02.jpg,-2.856751958e-09
127490019_7c5c08cb11.jpg,-6.06094615e-09
371522748_dc557bcd6c.jpg,2.536219923e-09
2590207488_ddd89037ba.jpg,-2.682576724e-09
209605542_ca9cc52e7b.jpg,-6.23334293e-09
3691592651_6e4e7f1da9.jpg,2.552727172e-09
3710674892_857b8056f7.jpg,-1.744795351e-09
3545779287_8f52e06909.jpg,5.048316562e-09
2696060728_3043cfc38c.jpg,3.719543908e-09
166321294_4a5e68535f.jpg,-6.861146543e-10
3047144646_2252ff8e04.jpg,4.102695408e-09
3448490813_f9623e864d.jpg,4.382058786e-09
3425573919_409d9e15b2.jpg,1.546823921e-09
2860041212_797afd6ccf.jpg,1.724232839e-09
241346580_b3c035d65c.jpg,2.333327641e-09
3562903245_85071bb5f9.jpg,6.680983917e-10
3314900697_c5c5ae9af6.jpg,4.777399374e-09
467960888_6943257534.jpg,2.955441141e-09
3525453732_f74a38f111.jpg,-1.076742129e-09
911527312_f81ee36b97.jpg,-5.561879512e-11
3211581957_df2f7e2236.jpg,-7.419945045e-10
3532205154_5674b628ea.jpg,-2.23880028e-09
3639704469_fe83e1c9b7.jpg,-9.475893125e-09
3342855466_44038a8aa3.jpg,1.748392393e-10
3014546644_d53db746ec.jpg,6.611613087e-09
121971540_0a986ee176.jpg,-2.1012315e-10
2518094853_dfce24ce8c.jpg,-1.313250443e-10
1874617189_e85d3f4326.jpg,-8.923271928e-10
3453544202_3855ab34b6.jpg,-6.663055704e-09
3109136206_f7d201b368.jpg,-1.346455979e-09
2300229745_af7a20c959.jpg,2.599994254e-09
3638178504_be1ff246bd.jpg,-1.19351295e-09
3586239953_da4fb3f775.jpg,3.967510177e-09
533713001_2d36e93509.jpg,-2.453090777e-09
49553964_cee950f3ba.jpg,9.753821114e-09
2053006423_6adf69ca67.jpg,8.859568467e-09
3549997413_01388dece0.jpg,-1.46446895e-09
3286822339_5535af6b93.jpg,-3.068197131e-09
621000329_84f48948eb.jpg,9.741378295e-10
3534824784_7133119316.jpg,2.885449085e-09
374103776_0de490c1b0.jpg,5.093485688e-09
2384626662_67cdd87694.jpg,-2.433390892e-09
3457045393_2bbbb4e941.jpg,-1.098579244e-09
3139160252_75109e9e05.jpg,-6.111359427e-10
128912885_8350d277a4.jpg,-3.283903754e-09
3547499166_67fb4af4ea.jpg,2.849336579e-09
2090387793_274ab4cf7d.jpg,-4.365713886e-09
1262454669_f1caafec2d.jpg,-8.275443868e-09
3558438174_d8f41438a4.jpg,5.1998713e-09
2445783904_e6c38a3a3d.jpg,-2.835143317e-09
2597958208_e03aa149c9.jpg,-1.060062338e-08
241347214_5f19e7998c.jpg,4.255753408e-09
3212085754_35fdc9ccaa.jpg,-2.729544021e-09
357725852_6f55cb9abc.jpg,3.562855992e-09
516761840_842dabc908.jpg,-1.858839759e-09
3620343911_64a862904e.jpg,2.000715223e-09
3592992234_6d3fe58a70.jpg,-4.381336479e-09
3015863181_92ff43f4d8.jpg,-8.435972368e-09
2229177914_3308fe7d20.jpg,5.826808106e-09
3202255152_08973fa3d7.jpg,-2.479604601e-09
3630991662_990f397f7c.jpg,-1.104890488e-09
2963573792_dd51b5fbfb.jpg,3.038682701e-09
2839807428_efe42423f2.jpg,2.172001661e-09
397982550_cf9f5cdb74.jpg,9.404640952e-10
2140182410_8e2a06fbda.jpg,-1.986210549e-09
2887171449_f54a2b9f39.jpg,3.753081304e-09
3244171699_ace4b5d999.jpg,-7.683609638e-09
2522230304_1581d52961.jpg,-1.007292525e-08
2535746605_8124bf4e4f.jpg,-2.933558044e-09
3710520638_866d542a80.jpg,-4.102888804e-09
2579899436_5086a33c7a.jpg,1.037901416e-09
3717845800_ab45e255b8.jpg,4.945881038e-09
3107059919_0594269f72.jpg,-7.052373954e-09
3402638444_dab914a3de.jpg,2.755846049e-09
3409326324_a704565e8f.jpg,2.589187589e-09
1296770308_3db2022f5a.jpg,-4.785436337e-09
2550109269_bc4262bd27.jpg,-1.278557352e-09
3352871762_c9e88592d3.jpg,4.359553779e-09
424307754_1e2f44d265.jpg,-3.195970699e-09
3103185190_eb8729c166.jpg,1.514371406e-09
1805990081_da9cefe3a5.jpg,2.291014617e-09
3720210639_18bb34e475.jpg,8.615861299e-09
2589241160_3832440850.jpg,-2.216935608e-09
1057251835_6ded4ada9c.jpg,5.069839899e-10
3503624011_733d745d5a.jpg,-5.782111165e-12
3514278386_de2343577e.jpg,-5.23647031e-09
3636491114_ab34dac833.jpg,-4.915471922e-09
1446053356_a924b4893f.jpg,-9.885947986e-12
469617651_278e586e46.jpg,-2.805650488e-10
2533010184_ef2fd71297.jpg,-5.748523224e-09
191592626_477ef5e026.jpg,-2.863390142e-09
3618525295_d32d634b2e.jpg,-1.518242061e-09
583174725_6b522b621f.jpg,-1.184238756e-09
278559394_b23af734b9.jpg,8.2110646e-09
2176364472_31fcd37531.jpg,7.452781156e-09
697582336_601462e052.jpg,-8.486532141e-10
2659183350_730951f740.jpg,-1.797573623e-10
398413603_166896900f.jpg,2.323199377e-09
2423894412_d952d5d103.jpg,-2.149662984e-09
279230262_e541f9b670.jpg,-4.941442925e-09
2572101672_4d699c8713.jpg,-9.615321233e-09
3107592525_0bcd00777e.jpg,-2.111708485e-09
2602279427_191773c9e2.jpg,-5.78512616e-09
2137789511_69a6c6afa8.jpg,-2.127056163e-09
2553619107_d382a820f9.jpg,-7.376371293e-09
257588281_39e1c9d929.jpg,5.723588775e-10
511282305_dbab4bf4be.jpg,-9.611727513e-10
3264678536_46601d25f0.jpg,-5.739594007e-10
2894229082_ddc395f138.jpg,1.622051489e-09
536495604_b22bbc905a.jpg,-1.877031386e-09
2599903773_0f724d8f63.jpg,-8.018409376e-10
3036971334_78187a9570.jpg,-6.990055427e-10
1394599090_fe0ba238f0.jpg,4.826357487e-09
460781612_6815c74d37.jpg,1.818063616e-09
864290968_eccb46d5ab.jpg,6.414235258e-09
294549892_babb130543.jpg,-1.320449268e-09
2158267555_db1d94e468.jpg,-1.349133796e-09
3672105509_53b13b2ed4.jpg,-5.54632816e-09
2472980433_210ec62874.jpg,1.398221872e-08
1417637704_572b4d6557.jpg,1.521448211e-09
3594566537_55bd712fdb.jpg,2.402501783e-09
2344875609_8e172d682b.jpg,6.404390556e-09
3368671163_0171259581.jpg,3.647904066e-09
3589895574_ee08207d26.jpg,1.756807163e-09
961189263_0990f3bcb5.jpg,-9.546314134e-10
2881087519_ca0aa79b2b.jpg,8.227013508e-10
2796801478_8ebd7e550b.jpg,1.379634547e-09
97577988_65e2eae14a.jpg,5.406296305e-10
3341489212_a879e1544a.jpg,-3.860554122e-10
1456630952_dd4778a48f.jpg,1.113291304e-09
2173677067_9d0732bcc2.jpg,-4.379824301e-09
3019857541_3de3e24f54.jpg,5.216678196e-09
414773731_c3f5bf43d5.jpg,-6.877458405e-09
2924884815_63826aa60d.jpg,-4.145111868e-09
2214847438_4993210d4c.jpg,8.889960611e-10
2629027962_9cc3b46527.jpg,-1.196865539e-08
3717309680_e5105afa6d.jpg,4.445062868e-10
3488837187_0c7264a16c.jpg,8.755759201e-09
1689658980_0074d81d28.jpg,1.509628923e-09
2848895544_6d06210e9d.jpg,5.006780826e-09
3591458156_f1a9a33918.jpg,-9.328308737e-11
2587696611_db0378710f.jpg,-2.307663472e-09
3676432043_0ca418b861.jpg,-4.050525402e-09
3672106148_56cfb5fc8d.jpg,-9.32112413e-09
3282121432_648dac8a29.jpg,9.705040317e-10
2426781076_e3f4d2685c.jpg,1.173756872e-09
2916009941_34a0013803.jpg,-5.486311118e-09
2923891109_ea0cc932ed.jpg,-5.882017262e-10
1287920676_d21a0b289b.jpg,-2.504476163e-09
56494233_1824005879.jpg,-1.755272029e-09
2853407781_c9fea8eef4.jpg,8.531618496e-10
3610836023_3a972b10b0.jpg,-1.767145519e-09
2225864432_48a24f49a4.jpg,-1.171296716e-09
1408958345_68eea9a4e4.jpg,-1.625601809e-09
3212465975_b657f40eed.jpg,-6.982366476e-09
2258951972_92763fddab.jpg,-6.381412652e-09
2755362721_368cbde668.jpg,3.155455956e-09
2741051940_89fb6b2cee.jpg,-4.882906988e-09
2950393735_9969c4ec59.jpg,-3.545760252e-09
2463067409_78188c584c.jpg,-1.419568779e-11
224369028_b1ac40d1fa.jpg,-8.219233313e-10
396179143_e1511336e1.jpg,2.041456902e-09
2756636539_cc1eacbf4a.jpg,-5.581662961e-09
2325816912_b3bb41cdbb.jpg,8.075226143e-10
2914331767_8574e7703d.jpg,-7.234134403e-09
1510669311_75330b4781.jpg,-2.962684207e-09
323657582_b6b6d8f7bd.jpg,-1.004501601e-08
2877511986_c965ced502.jpg,-6.295258196e-10
3679405397_bb130ea3c2.jpg,-4.596489618e-10
335588286_f67ed8c9f9.jpg,-1.421043484e-09
1174525839_7c1e6cfa86.jpg,-4.896380026e-10
3587077732_0933f1677b.jpg,-4.523510486e-09
3646820231_2abc736840.jpg,9.463086355e-09
2504277798_936a09c74d.jpg,-1.596360596e-09
3364160101_c5e6c52b25.jpg,-1.177757355e-09
848180689_d67a1361ce.jpg,1.542564126e-09
3095225232_2e6e6dc92e.jpg,1.010816531e-09
2303951441_3c8080907a.jpg,2.219215944e-09
2559114800_17310f3015.jpg,8.844867613e-09
3331190056_09f4ca9fd2.jpg,2.436866934e-09
268704620_8a8cef4cb3.jpg,6.531242794e-10
3249597269_935e0a375a.jpg,-3.664429589e-09
3301859683_2d5e4b40a3.jpg,-6.963897945e-10
3393343330_b13df4d8ec.jpg,6.363292758e-09
1433088025_bce2cb69f8.jpg,4.661379484e-09
2533424347_cf2f84872b.jpg,-2.688598419e-09
2367816288_7c2d11d3c5.jpg,4.959610158e-09
3312779887_7682db7827.jpg,-3.602069103e-09
3167365436_c379bda282.jpg,-3.361544794e-09
3431101934_99a6c55914.jpg,-2.005178126e-09
1517721825_10176d0683.jpg,-1.579514296e-09
3662909101_21b9e59a3e.jpg,-1.072697535e-09
3251088971_f4471048e3.jpg,9.834711297e-10
2066048248_f53f5ef5e2.jpg,1.18163319e-09
3329793486_afc16663cc.jpg,-1.461076377e-09
1884727806_d84f209868.jpg,1.455789539e-09
2837127816_24441e5f7c.jpg,6.301045943e-10
2928835996_88b9f9503d.jpg,9.008895325e-09
2423138514_950f79e432.jpg,3.547952968e-09
3457784061_8f77f43a9c.jpg,2.92651365e-09
2249141510_f534708374.jpg,-2.287519721e-09
3074265400_bf9e10621e.jpg,-1.104725103e-09
3695949492_27ca3892fd.jpg,-3.331464663e-10
3221036999_3f7b152d8a.jpg,7.170262176e-09
308014594_f1d5e75507.jpg,4.115996238e-10
3172384527_b107385a20.jpg,1.643604514e-09
3446191973_1db572ed8a.jpg,5.028458809e-09
3600909823_ce72c26e66.jpg,2.222761788e-09
2985679744_75a7102aab.jpg,1.0883246e-08
2469498117_b4543e1460.jpg,-2.195411595e-09
2073756099_7e02c0110c.jpg,4.901845886e-10
3429641260_2f035c1813.jpg,2.304160774e-09
2100909581_b7dde5b704.jpg,8.558743553e-10
542317719_ed4dd95dc2.jpg,2.199487777e-09
446138054_d40c66d5f0.jpg,-1.595530772e-09
2694178830_116be6a6a9.jpg,4.127576201e-10
1489286545_8df476fa26.jpg,-7.313523052e-11
2377460540_8cfb62463a.jpg,6.906309863e-10
2559503010_84f20b3bc9.jpg,2.354847778e-09
2409312675_7755a7b816.jpg,-3.328632118e-09
2467821766_0510c9a2d1.jpg,9.585657452e-09
242559369_9ae90ed0b4.jpg,3.222608587e-09
1420060118_aed262d606.jpg,-3.998017854e-09
3276895962_c053263d01.jpg,-9.023635882e-09
2718027742_70a72f99ae.jpg,-4.028228179e-09
2203615439_3c7cdc39dc.jpg,2.064821805e-09
3301822808_f2ccff86f4.jpg,3.825952631e-09
61209225_8512e1dad5.jpg,6.783230786e-09
3247693965_845b3b4349.jpg,2.178922247e-09
3606093421_eddd46c2c7.jpg,-1.062749254e-09
2208631481_3e4a5675e1.jpg,-1.273340449e-08
3587941206_36769c3f1d.jpg,5.323942731e-09
96420612_feb18fc6c6.jpg,-1.088238322e-09
2730994020_64ac1d18be.jpg,1.439901887e-11
1388970365_162edcceb4.jpg,7.068913557e-11
3331797838_b3e33dbe17.jpg,7.847414215e-09
1057089366_ca83da0877.jpg,-6.870479832e-09
3046429283_08de594901.jpg,-4.289236413e-09
523985664_c866af4850.jpg,-2.0598932e-09
3561314880_ea9a7e245f.jpg,3.554378731e-10
3613175012_bcd063e7c9.jpg,-1.42568426e-09
2892992529_f3335d0a71.jpg,-4.374585636e-09
1301140633_046e4e8010.jpg,-2.974552226e-09
2834752476_3177e617f1.jpg,-3.361811068e-09
1189977786_4f5aaed773.jpg,-9.709898415e-09
3640020134_367941f5ec.jpg,-2.619960019e-09
1798209205_77dbf525b0.jpg,1.472912799e-10
3462454965_a481809cea.jpg,-4.144210144e-09
3441145615_b4fcd9eea0.jpg,9.730597982e-10
3640104986_5d8c9a9948.jpg,7.272503374e-09
2766148353_70b2e8070f.jpg,2.355879843e-09
3707738261_777075e885.jpg,4.559569582e-09
500308355_f0c19067c0.jpg,5.591182971e-09
421730441_6b2267fd31.jpg,1.210212543e-09
2519483556_2b1632a18c.jpg,-7.564312391e-10
2421446839_fe7d46c177.jpg,-5.532337198e-09
2364774105_fbaf0c191f.jpg,-8.399361541e-10
2432038587_5e4148e277.jpg,-4.211202274e-09
3170110692_d1e0e66cee.jpg,5.177892583e-09
3330675488_8692476a4a.jpg,-1.613753767e-09
2148013097_6a4f495bc5.jpg,5.090223877e-09
3558796959_fc4450be56.jpg,-5.086097241e-09
2975118353_5af5a5df54.jpg,4.530348716e-09
532131603_c82d454c8a.jpg,-5.979955788e-09
235074044_c1358888ed.jpg,8.084232773e-09
3430779304_43a2146f4b.jpg,-1.196613321e-10
1308472581_9961782889.jpg,-7.468206426e-09
136886677_6026c622eb.jpg,-5.728752847e-09
2826574228_c63009e473.jpg,5.218475464e-09
2238759450_6475641bdb.jpg,3.32617805e-10
2475300106_b8563111ba.jpg,6.636881442e-10
1579798212_d30844b4c5.jpg,-3.377340582e-10
3085667865_fa001816be.jpg,-8.122060777e-09
494921598_af73bda568.jpg,5.639461508e-09
3516521516_9950340b96.jpg,-2.440879894e-09
2698119128_62b4741043.jpg,3.071272162e-09
2258662398_2797d0eca8.jpg,-3.691538027e-10
3497106366_d1a256e723.jpg,2.063295544e-09
2355093195_87fb7f82cb.jpg,1.146894421e-09
2582390123_71120edb0c.jpg,-2.000874929e-09
940973925_a2e6d7951c.jpg,1.288683082e-09
561179890_af8e31cb2e.jpg,5.733264567e-09
1303335399_b3facd47ab.jpg,2.995779279e-10
2831578193_3c997ae330.jpg,2.884489839e-09
2479180530_7ebba2d8bf.jpg,-4.891411576e-09
3113322995_13781860f2.jpg,-3.24179076e-09
1394620454_bf708cc501.jpg,-2.127490953e-09
635444010_bd81c89ab7.jpg,5.274055532e-09
3543294190_0037c59607.jpg,-7.491555394e-09
531261613_f1a045cd75.jpg,-6.81470849e-09
3186527735_6e9fe2cf88.jpg,-2.368321414e-09
3127614086_9f1d3cf73d.jpg,-2.148515335e-09
3432495898_a5859f06b6.jpg,-2.060109169e-09
1184967930_9e29ce380d.jpg,1.008097616e-08
3459492423_c881f12c9f.jpg,1.594377643e-09
2988244398_5da7012fce.jpg,4.082738041e-11
391324644_d23fdf06cb.jpg,4.588972562e-09
3657503733_9888ccf05e.jpg,-1.435481064e-09
2511762757_bd0ab0a017.jpg,9.450479206e-10
3038941104_17ee91fc03.jpg,1.717588493e-09
534886684_a6c9f40fa1.jpg,-2.128741233e-09
3647446816_bd4383c828.jpg,6.75770255e-09
2888702775_0939a6680e.jpg,1.915761979e-09
3143982558_9e2d44c155.jpg,-6.091101367e-10
532914728_c5d8d56b0b.jpg,-2.367473844e-09
241347356_8a515555fd.jpg,5.88040713e-09
3361411074_83f27d2a1c.jpg,-1.600022076e-09
3332202255_a30c522664.jpg,-7.78960682e-09
2393911878_68afe6e6c1.jpg,4.809913476e-09
2998277360_9b4c0192f1.jpg,3.49625302e-09
3571039224_b34fa2f94c.jpg,-3.17605475e-09
2715337869_e4fe36db50.jpg,-3.665022626e-09
3149919755_f9272b10b3.jpg,3.950868901e-09
2781296531_f6f0f6c0f5.jpg,1.422837949e-09
485054073_fef8b80b4b.jpg,1.357444283e-09
3281580623_8c3ba0fdb2.jpg,-3.228070653e-09
186890605_ddff5b694e.jpg,2.25507167e-09
3689975998_72f50b6d91.jpg,2.283985029e-09
489865145_65ea6d1c14.jpg,4.347071072e-09
238512430_30dc12b683.jpg,2.058594388e-09
3135826945_f7c741e5b7.jpg,-1.205431686e-09
1079274291_9aaf896cc1.jpg,4.593805257e-10
3619630328_2d0865b6f4.jpg,-1.228246324e-09
2896298341_92d718366a.jpg,3.642567718e-09
3430782104_34da558eba.jpg,-2.447308562e-09
3171651115_e07b9d08f6.jpg,3.102473004e-12
3667404919_b273df57e4.jpg,4.065019225e-09
2268729848_d418451226.jpg,-6.835549092e-09
2355763034_9fb61a8165.jpg,-5.017123006e-09
3446586125_cafa0bfd67.jpg,7.36038216e-09
1338523142_57fce8229b.jpg,-1.995336325e-09
2788652511_4f10060e07.jpg,-6.123065315e-09
2574194729_1f099647ee.jpg,3.665896915e-09
2056041678_d6b5b39b26.jpg,4.090544048e-09
3582914905_f58db879ae.jpg,-8.934885527e-09
2462702522_1b25654762.jpg,1.668758209e-09
2067362863_59577f9d4d.jpg,5.264688246e-09
2433175169_da939372f2.jpg,1.84019505e-09
2461616306_3ee7ac1b4b.jpg,1.862154233e-09
2410562803_56ec09f41c.jpg,5.27277817e-09
3214579977_fa9fb006a6.jpg,7.512436291e-10
1236951314_0308dc4138.jpg,6.736368719e-09
136552115_6dc3e7231c.jpg,-3.236549303e-09
3650111717_346804ec2f.jpg,-1.65963276e-09
2169951750_495820a215.jpg,-1.198730918e-09
521658170_a837af87e9.jpg,3.397401236e-10
425518464_a18b87c563.jpg,1.603909154e-10
3231880001_193a579b97.jpg,-2.313084609e-09
380515798_c2abbf46b0.jpg,8.614910507e-09
3257103624_e76f25ff9e.jpg,7.438524604e-09
161669933_3e7d8c7e2c.jpg,7.830199928e-10
3041348852_872c027c16.jpg,-4.685530592e-09
3487015378_2e90a79f4b.jpg,1.73075477e-09
3150315970_8f045c41a4.jpg,1.314735935e-08
352382023_7605223d1c.jpg,2.392845843e-09
2130986011_47cb05c8c9.jpg,-8.809927109e-10
1105959054_9c3a738096.jpg,1.391398492e-09
3547524138_4157f660b0.jpg,3.180254545e-09
3266406566_d64e57e65a.jpg,-8.348763488e-09
565605894_8f0bed0438.jpg,-5.864267471e-11
3364151356_eecd07a23e.jpg,-1.011355219e-09
3258397351_1a70f1993d.jpg,-1.595260608e-09
2830869109_c4e403eae6.jpg,-3.607076079e-09
306315650_e064f5c677.jpg,-1.963758232e-09
3111208043_dbe8e87fa1.jpg,2.197768439e-09
640053014_549d2f23d2.jpg,3.797002128e-09
69710415_5c2bfb1058.jpg,5.946297451e-09
3455757720_7aeba57056.jpg,-6.144374601e-09
3294952558_96bb8c8cf3.jpg,9.669772421e-09
2683963310_20dcd5e566.jpg,1.534524858e-09
3397633339_d1ae6d9a0e.jpg,8.492293499e-09
2816259113_461f8dedb0.jpg,-6.828294729e-10
3262793378_773b21ec19.jpg,-1.88072466e-09
2866686547_0a67eb899d.jpg,-1.555561389e-09
2404520067_87798dbaee.jpg,8.159064281e-09
2238166082_140f8b01b8.jpg,3.857655517e-11
3339916063_63b960ed46.jpg,-2.402059293e-09
3657209354_cde9bbd2c5.jpg,-9.723683971e-10
405534993_5158644f98.jpg,1.783333852e-09
302983277_69a4e732e4.jpg,1.018022953e-08
2893476169_f38dd32051.jpg,3.907899834e-09
1655781989_b15ab4cbff.jpg,-4.527072795e-09
1343426964_cde3fb54e8.jpg,4.502285972e-09
3545427060_c16a8b7dfd.jpg,1.043399594e-10
2364096157_eb7970a69a.jpg,-6.630899923e-10
197142902_f05ff198c2.jpg,-4.202462573e-09
2751466788_4fab701cc3.jpg,-4.532262952e-09
404890608_33f138aefa.jpg,-5.125387368e-09
3106562372_e349a27764.jpg,2.02827281e-09
292780636_72e1968949.jpg,6.857348091e-09
2216695423_1362cb25f3.jpg,-3.518938182e-09
654130822_4aeb1f1273.jpg,2.409602484e-09
3416013671_98b5c75046.jpg,-2.303416277e-09
3443460885_46115463b4.jpg,5.204497191e-09
3506468593_7e41a6d9f1.jpg,-3.669321815e-09
3249125548_700d874380.jpg,3.109578539e-09
2993388841_6746140656.jpg,-7.916568738e-09
2424111022_4e332b8aee.jpg,9.885787611e-10
2962977152_9d6958fdd5.jpg,5.823048669e-10
477204750_d04d111cd4.jpg,-3.249026309e-09
2502856739_490db7a657.jpg,-3.267708567e-09
535529555_583d89b7f2.jpg,-5.146948588e-09
242109387_e497277e07.jpg,5.517788403e-09
2531942624_c3c072064e.jpg,-4.573320984e-09
1439046601_cf110a75a7.jpg,3.584024656e-09
3627676364_1dc9294ec5.jpg,1.302822107e-08
3033210806_3ffc0a231a.jpg,-9.936314963e-10
542405691_0594b1ce72.jpg,2.600502782e-09
317109978_cb557802e1.jpg,3.869110851e-09
3532539748_795d16ef07.jpg,-9.559784425e-09
3599442049_e448c7c9b2.jpg,-3.172515646e-09
2999162229_80d17099b6.jpg,-2.575840097e-09
2695962887_a1647c567b.jpg,-6.216190902e-09
219301553_d2fffe9e0c.jpg,-1.539224402e-09
2521983429_33218366bd.jpg,4.443081757e-09
2642474867_4e6346f809.jpg,-3.190220426e-09
3533660418_f3a73a257c.jpg,-2.206937698e-09
2366643786_9c9a830db8.jpg,1.982841212e-09
3323661814_1e8e1ae88c.jpg,-4.375324183e-10
3262386960_14f5d857db.jpg,5.919051801e-09
3362592729_893e26b806.jpg,-1.089796668e-09
3278581900_8ce75a5332.jpg,-7.579079031e-09
3708172446_4034ddc5f6.jpg,5.483398605e-09
3319177177_130a72b8ae.jpg,6.040636089e-09
2718376488_3c62f7642c.jpg,5.347176743e-09
3420338549_bd78d35243.jpg,-1.834221431e-11
2924870944_90ff9eca1a.jpg,4.517754475e-10
2423292784_166ee54e0b.jpg,6.79855221e-10
2081615901_13092cac56.jpg,-1.391521452e-09
2595102568_347f6d4b07.jpg,1.672481542e-09
529198549_5cd9fedf3f.jpg,-2.072214795e-09
3636543173_15f56515e5.jpg,1.564728795e-09
1335617803_4fbc03dab0.jpg,4.386138765e-10
479807115_3a484fb18b.jpg,3.648879781e-09
3385593926_d3e9c21170.jpg,-7.623107615e-10
375171241_0302ad8481.jpg,-6.732720804e-09
2244613488_4d1f9edb33.jpg,-2.814915447e-10
47870024_73a4481f7d.jpg,-1.76941709e-09
3142055158_01b9e4caa4.jpg,3.905138109e-09
3641456303_c50c33337b.jpg,-5.896942514e-09
2828583747_8cfb7217af.jpg,-5.78610736e-09
3460458114_35037d4d4c.jpg,-2.247056973e-09
493109089_468e105233.jpg,-6.527481354e-09
3467941308_ae6989e29c.jpg,1.718814735e-09
2906054175_e33af79522.jpg,-7.589990608e-09
3106791484_13e18c33d8.jpg,6.34800151e-09
2502782508_2c8211cd6b.jpg,-6.251965795e-09
3084711346_fda0f5a3e6.jpg,1.940323421e-09
3421480658_b3518b6819.jpg,-7.976339108e-09
3654338683_13b2f95a9a.jpg,5.730924591e-09
2335634931_7e9e8c2959.jpg,-1.577882046e-08
3611672054_45edd3e08f.jpg,2.166701368e-09
241374292_11e3198daa.jpg,3.974887865e-09
2587017287_888c811b5a.jpg,4.563025309e-09
319847657_2c40e14113.jpg,5.219459974e-10
3479423813_517e93a43a.jpg,2.913889376e-09
3728256505_7f8db8270d.jpg,2.588817591e-09
502671104_b2114246c7.jpg,-4.439170895e-10
3387542157_81bfd00072.jpg,4.02285706e-09
2839789830_89668775a4.jpg,-5.183447437e-09
3249062399_0dafe5e4f5.jpg,-4.243997986e-09
2441629086_52f68eb316.jpg,1.005717334e-10
2904129133_e6ae5a1ec6.jpg,-7.811815907e-09
2994205788_f8b3f2e840.jpg,-1.995528427e-09
2612040125_0a93889f06.jpg,-4.715055557e-09
2897832422_0cbdb1421e.jpg,-2.193020823e-09
3016708786_3591106cca.jpg,2.941166015e-10
2810333931_47fd8dd340.jpg,-4.164115239e-09
3467219837_7d62213dec.jpg,-3.615431739e-09
3319723910_af5b5f1fae.jpg,4.435674713e-09
3182570190_48214e54c7.jpg,-6.071175257e-09
1521623639_4bda3407cc.jpg,1.131580849e-09
2540757246_5a849fbdcb.jpg,-6.708054312e-10
2297744130_f571f3a239.jpg,-2.238490243e-09
3275704430_a75828048f.jpg,-5.489571323e-09
2291485126_b8d41a63f4.jpg,-1.064614679e-08
481632457_7372f18275.jpg,-4.83660926e-09
2217328285_b1d55c17ca.jpg,-1.589567561e-10
3227148358_f152303584.jpg,1.398688194e-09
3440952969_608eb5e42b.jpg,2.874878679e-09
3006094603_c5b32d2758.jpg,-3.63009509e-09
2888732432_7e907a3df1.jpg,9.461479025e-10
3532098999_4e07a0a17e.jpg,2.073132866e-09
3534046564_4f8546e364.jpg,5.516894551e-09
382090166_be2c2c63e1.jpg,-2.863122361e-09
757046028_ff5999f91b.jpg,-7.095679599e-09
2393410666_b8c20fff61.jpg,-5.497299468e-09
3147217787_ed21cd4990.jpg,-7.474538125e-10
3591457224_88281dd04f.jpg,-6.862775794e-09
3313232606_4ce7e16b87.jpg,7.064103988e-09
3636796219_9916c0465a.jpg,-5.558469019e-09
2878190821_6e4e03dc5f.jpg,2.714802754e-09
3082934678_58534e9d2c.jpg,4.314480756e-09
2376878930_dd3e7cc544.jpg,-1.365519488e-09
3704698586_a42c25d0c1.jpg,-1.537302443e-09
3401647850_685c03ffff.jpg,2.242097615e-09
3203707977_cc9448fecb.jpg,-5.441535639e-09
267164457_2e8b4d30aa.jpg,-5.070637801e-09
124972799_de706b6d0b.jpg,3.384114246e-09
3431671749_e8e3a449ac.jpg,-7.470520292e-09
336551609_1385ab139e.jpg,6.980838342e-09
3272071680_648a99f7d2.jpg,-5.651273682e-09
2711720095_0b98426d3c.jpg,5.623625741e-10
101654506_8eb26cfb60.jpg,1.872861168e-09
3467510271_0f57e52768.jpg,-7.797033182e-09
3271495320_bca47795fb.jpg,-7.876957109e-10
2100735137_05c6079537.jpg,1.013331363e-09
1107471216_4336c9b328.jpg,6.825617119e-09
2888408966_376c195b3f.jpg,-3.023777427e-09
3087485737_cb09bc80b6.jpg,5.136507436e-09
3359587274_4a2b140b84.jpg,5.037900325e-10
2312746782_4528a5b818.jpg,4.129587554e-09
314603661_51e05e0e24.jpg,-1.688827889e-09
3111897772_5211a37a02.jpg,-3.588628817e-09
2068960566_21e85ae0dc.jpg,-3.07294385e-09
3417788829_cfdbc34d2c.jpg,-1.799242938e-10
3516312179_f520469038.jpg,-4.822341141e-09
3070485870_eab1a75c6f.jpg,4.919446061e-09
3686924335_3c51e8834a.jpg,1.407888296e-09
561417861_8e25d0c0e8.jpg,2.507820714e-09
3628103548_2708abcda2.jpg,8.253833514e-09
2148695079_9ae6a9b1c7.jpg,1.266744483e-08
2656039837_f46b29af92.jpg,1.811350835e-09
1012212859_01547e3f17.jpg,-3.286770296e-09
3503689049_63212220be.jpg,2.222604322e-09
3333826465_9c84c1b3c6.jpg,-2.356295332e-10
3349308309_92cff519f3.jpg,-8.169464725e-11
2568417021_afa68423e5.jpg,-5.203626416e-09
3454355269_6185e29f95.jpg,1.696948533e-10
3013469764_30e84e9a0d.jpg,3.289382796e-09
2866974237_e3c1e267c0.jpg,-2.086383599e-09
2061354254_faa5bd294b.jpg,1.729147133e-09
3535664885_c848c0faee.jpg,-3.9999195e-09
2849194983_2968c72832.jpg,3.453817891e-09
380590140_25b9889772.jpg,1.84629364e-09
3433567526_00b5a70319.jpg,1.126139257e-09
508929192_670910fdd2.jpg,2.009173893e-10
405970010_8cebaa77d3.jpg,1.701813693e-09
3375534917_62350bd06b.jpg,-4.693848363e-10
1770036088_08abe4f6e9.jpg,-2.34621787e-09
3707077198_efd6aa808d.jpg,6.852920248e-10
3451085951_e66f7f5d5c.jpg,4.194075998e-09
3358621566_12bac2e9d2.jpg,3.91594755e-09
3436395540_63bc8f2fe0.jpg,5.088863956e-09
141140165_9002a04f19.jpg,-1.135744653e-09
3106223494_52d4d2d75d.jpg,-1.455941962e-09
3275537015_74e04c0f3e.jpg,-1.797930344e-09
2453891449_fedb277908.jpg,1.657188309e-08
2931950813_93145c4746.jpg,-8.938465154e-09
3639845565_be547c38ba.jpg,5.982774279e-09
3186073578_6e115f45f5.jpg,-3.924399657e-09
485566887_57eac33bd1.jpg,-2.885226757e-10
3532028205_9ddd7599f8.jpg,3.19149609e-09
3098714492_19939e3b19.jpg,2.069747071e-09
2868575889_2c030aa8ae.jpg,2.100939071e-09
102455176_5f8ead62d5.jpg,-1.196246809e-09
3484365373_98d5304935.jpg,1.101435353e-09
295258727_eaf75e0887.jpg,8.987925283e-09
406901451_7eafd7568a.jpg,3.710239214e-09
236095034_c983bdfbbf.jpg,-6.940433976e-10
2699426519_228719b1db.jpg,-9.792865458e-10
3356494271_6103d0b556.jpg,6.495077803e-09
527288854_f26127b770.jpg,-1.115992332e-09
3418504074_083f0bb68d.jpg,-3.054442032e-09
3062273350_fd66106f21.jpg,1.180196076e-09
2602306033_2b3100d36b.jpg,-1.292104588e-09
3337461409_e4e317853d.jpg,-6.10226146e-09
3590593467_be497a6139.jpg,-1.567357155e-09
41999070_838089137e.jpg,-3.530009728e-10
2774705720_1cb85812dc.jpg,3.525539748e-09
2271671533_7538ccd556.jpg,-5.944304776e-10
308487515_7852928f90.jpg,-9.7660669e-10
3666188047_e81e1d97a7.jpg,1.716119054e-09
3382303178_69b6d1bdd2.jpg,-1.171561332e-08
3033686219_452b172ab0.jpg,2.586103305e-09
3486135177_772628d034.jpg,-1.694547764e-09
271637337_0700f307cf.jpg,-3.908169212e-09
1795151944_d69b82f942.jpg,-5.160860397e-09
3289433994_4c67aab384.jpg,1.024643888e-09
2925242998_9e0db9b4a2.jpg,6.597301566e-10
950273886_88c324e663.jpg,1.861041795e-09
3285298241_9b1ed98d19.jpg,6.190829409e-09
3157220149_cc3c8cc84d.jpg,2.534408723e-09
3609027309_af75f773d9.jpg,3.986926943e-09
299181827_8dc714101b.jpg,8.83822247e-10
3606084228_6286a52875.jpg,1.158998467e-09
862187579_9faf4a51e0.jpg,1.967217888e-10
2609847254_0ec40c1cce.jpg,-1.870966963e-09
1253264731_e7c689eca5.jpg,-9.209066337e-10
1400424834_1c76e700c4.jpg,-9.426114315e-09
2230067846_74046b89d3.jpg,4.294373697e-09
3486324591_9f5eeb24b9.jpg,2.590914368e-09
3019986034_7453777274.jpg,3.081268865e-09
2068465241_3bcabacfd7.jpg,3.456241978e-09
2173061319_1f267765dc.jpg,6.994225497e-09
3730011219_588cdc7972.jpg,-1.962207832e-09
2865376471_43c5e6b941.jpg,-9.941679688e-10
3004287781_c041c09c16.jpg,4.08110909e-09
459814265_d48ba48978.jpg,-1.865084879e-10
1510078253_96e9ec50e7.jpg,1.094532915e-09
384577800_fc325af410.jpg,-6.737631984e-09
2124040721_bffc0a091a.jpg,-7.937946242e-10
1303548017_47de590273.jpg,2.479407494e-09
2647394564_4843800cff.jpg,7.966457574e-09
3677302645_8cd3fac70d.jpg,-8.147938464e-10
1716445442_9cf3528342.jpg,-4.227224247e-09
3530843182_35af2c821c.jpg,8.510089111e-09
1397887419_e798697b93.jpg,-1.089947296e-08
99171998_7cc800ceef.jpg,-2.152185577e-09
2458006588_754c4aa09c.jpg,-9.690766872e-09
3718076407_0b4588d7bc.jpg,-5.943227812e-10
3567214106_6ece483f8b.jpg,-1.708356418e-09
3375843443_8d9b242aa5.jpg,-8.08368229e-10
532457586_bddfc5251d.jpg,-1.455573101e-09
206087108_d4557d38ee.jpg,-1.634637137e-09
494329594_6e751372a0.jpg,-2.698824592e-09
2120469056_7a738413be.jpg,2.22676764e-09
2481003841_06086eafc2.jpg,6.954143165e-09
2456907314_49bc4591c4.jpg,-5.035168015e-10
3039675864_0b7961844d.jpg,6.277877098e-09
3727740053_3baa94ffcb.jpg,-7.62151649e-09
2278776373_fe499a93be.jpg,-6.406933952e-10
3564738125_10400f69c0.jpg,-4.644673123e-09
3630641436_8f9ac5b9b2.jpg,-5.921701056e-09
3569420080_72fbe84751.jpg,2.863307791e-09
378453580_21d688748e.jpg,3.456819053e-09
2294688426_96c8614f1d.jpg,4.803439041e-09
661546153_9d30db6984.jpg,1.173441066e-09
3711030008_3872d0b03f.jpg,6.399592805e-10
3149038044_c7c94688c6.jpg,-1.154967349e-09
2411824767_4eb1fae823.jpg,2.350651635e-09
637342973_89f6fac1f7.jpg,-5.19346087e-09
3003011417_79b49ff384.jpg,-2.105041827e-09
2968216482_ede65b20a8.jpg,1.374962935e-09
963730324_0638534227.jpg,-2.980938965e-09
2273028514_d7b584f73d.jpg,7.514231964e-09
3435233065_3411f2d29d.jpg,-3.330704042e-09
3356700488_183566145b.jpg,-3.373581526e-09
3601508034_5a3bfc905e.jpg,9.275428446e-09
1368383637_614646cc4a.jpg,6.412997593e-10
1527297882_dededc7891.jpg,2.776464718e-09
3314180199_2121e80368.jpg,-1.244637263e-09
3273403495_fcd09c453e.jpg,-5.580002985e-09
121800200_bef08fae5f.jpg,2.136261048e-09
468918320_9c275b877f.jpg,-4.492724972e-09
2868668723_0741222b23.jpg,-1.754751082e-09
3450874870_c4dcf58fb3.jpg,3.387490932e-09
2862469183_a4334b904a.jpg,-3.398656004e-09
514036362_5f2b9b7314.jpg,-2.742887314e-09
2201951969_0d7520d648.jpg,-2.052719784e-09
3184206563_5435f2b494.jpg,3.671679374e-09
3192069971_83c5a90b4c.jpg,-1.86021109e-09
3051341320_1d0166e775.jpg,1.284130217e-09
2089539651_9e518ec7de.jpg,-3.737158114e-09
2623560640_0445c9a138.jpg,-4.203716984e-09
2857558098_98e9249284.jpg,4.172341347e-09
1100214449_d10861e633.jpg,1.935750766e-09
2256231539_05c27179f1.jpg,2.676348545e-10
1570723692_3a2b064d43.jpg,-5.730036172e-10
2640000969_b5404a5143.jpg,3.166725554e-09
537579448_a7f92cef58.jpg,4.296240531e-10
2949880800_ca9a1bb7e6.jpg,-3.561078274e-09
3106026005_473a7b1c8c.jpg,5.919370111e-10
3553374585_25b1bd6970.jpg,-5.924959207e-10
942399470_6132d3e5d2.jpg,9.184096479e-10
3638440337_6d5c19a8f0.jpg,-2.512022462e-09
1329832826_432538d331.jpg,7.212697041e-09
3597924257_d0da3c5fe6.jpg,6.199116142e-11
667626_18933d713e.jpg,1.956161222e-09
3550763985_800cfee7e4.jpg,1.679424813e-09
3182258223_5b9c8a8c55.jpg,-8.763290932e-09
3356642567_f1d92cb81b.jpg,-2.27318641e-09
3398788809_25c71ba018.jpg,-5.071837437e-09
3560771491_2a18b6241e.jpg,4.747032884e-09
3006217970_90b42e6b27.jpg,-9.589239292e-09
3425853460_bfcd0b41f6.jpg,4.991527001e-10
3282925526_535ff9f2b2.jpg,-1.084495833e-09
460973814_5eacd1ced4.jpg,-6.351919552e-10
397601572_9587a39291.jpg,-1.24826418e-10
2585141045_b496a7b7c4.jpg,1.23631905e-09
2827964381_408a310809.jpg,-1.264844788e-09
613030608_4355e007c7.jpg,4.178770448e-09
2665586311_9a5f4e3fbe.jpg,-3.668016555e-09
2937697444_2367ff0e28.jpg,-2.404162708e-09
3561639055_5ac66ae92f.jpg,5.225453986e-09
3141293960_74459f0a24.jpg,3.909733765e-09
3493844822_c315a11275.jpg,-3.307696989e-09
3222702477_34d2d24f1f.jpg,4.305872031e-09
3265578645_4044a7049a.jpg,4.051454896e-09
2600386812_8790879d9a.jpg,-3.501375996e-09
2974587819_742fb7c338.jpg,1.218436248e-09
1244485675_822e6efe60.jpg,2.51614197e-09
2549968784_39bfbe44f9.jpg,-5.085104622e-09
2547785434_f227bd3680.jpg,7.935519055e-10
2968182121_b3b491df85.jpg,-2.820267633e-10
2977246776_b14be8290d.jpg,-3.00381847e-09
1160441615_fe6b3c5277.jpg,-7.190161695e-10
3616808182_fb4eaec778.jpg,-2.937403335e-09
2046778775_0dd7cac6ab.jpg,-3.613000575e-09
226607225_44d696db6b.jpg,-2.556522301e-09
2766926202_4201bf2bf9.jpg,7.559589494e-09
3661659196_6ed90f96c0.jpg,4.428551716e-09
1580172290_e19067e0dd.jpg,-6.433957097e-09
1414779054_31946f9dfc.jpg,-4.147317027e-10
2884301336_dc8e974431.jpg,8.817103887e-10
1956944011_c5661d3f22.jpg,2.511652146e-09
2785108434_cd4a1c949c.jpg,2.3848772e-09
2865409854_afedf98860.jpg,-5.105150652e-09
2510197716_fddca0ac75.jpg,-3.641730209e-09
3533775651_9d7e93dacf.jpg,-2.416088182e-09
2410320522_d967f0b75c.jpg,-5.525296855e-09
95151149_5ca6747df6.jpg,5.713100503e-09
2825668136_107223182c.jpg,-6.257391817e-10
3517124784_4b4eb62a7a.jpg,7.009387794e-10
1917265421_aeccf1ca38.jpg,2.902445146e-09
3224560800_8fefd52510.jpg,-1.439555661e-09
267162122_c3437414ec.jpg,4.847478108e-09
760138567_762d9022d4.jpg,-1.559903703e-09
2937942758_712be5c610.jpg,4.553663501e-09
3240090389_97a8c5d386.jpg,-2.51996279e-10
3056569684_c264c88d00.jpg,1.326044131e-09
3216901052_269ace7b3c.jpg,4.960921686e-09
396763804_3b7f1e12a8.jpg,7.521129248e-10
3435653630_3b6cca2c40.jpg,-4.565298188e-09
2877088081_7ca408cb25.jpg,-2.110999103e-09
3485425825_c2f3446e73.jpg,-4.301434688e-09
909191414_1cf5d85821.jpg,8.983442659e-09
2245914678_1f82fc3d80.jpg,-7.450280962e-09
2490365757_b869282cb3.jpg,1.612132276e-10
3534548254_7bee952a0e.jpg,-2.331205033e-10
3146630574_05d9ebbed1.jpg,-4.174956133e-09
1138784872_69ade3f2ab.jpg,2.253486794e-09
2092177624_13ab757e8b.jpg,2.705948654e-09
782401952_5bc5d3413a.jpg,1.893328664e-09
3132760860_3e743a935d.jpg,1.185923819e-08
2130851544_d36f4f2ea6.jpg,4.561789456e-09
2204550058_2707d92338.jpg,9.722303146e-09
2576878141_87f25a10f0.jpg,-3.770127393e-09
3732728142_86364a706e.jpg,2.443614348e-09
313326614_b2adbe59e0.jpg,-5.37094555e-11
3421547427_53411b6278.jpg,1.967553702e-09
3017521547_f5ef8848e3.jpg,1.68410834e-10
3213622536_31da7f6682.jpg,1.171625274e-09
2646540383_343e1ec9a4.jpg,-1.43467537e-09
3057497487_57ecc60ff1.jpg,7.332450041e-10
3380643902_7e0670f80f.jpg,2.170063773e-09
2251447809_2de73afcdf.jpg,-2.48050525e-09
505062117_a70b4e10ab.jpg,-3.527912535e-09
2840344516_8e15fe2668.jpg,9.180905847e-09
1232148178_4f45cc3284.jpg,7.953873596e-10
1304961697_76b86b0c18.jpg,5.842953025e-09
3154641421_d1b9b8c24c.jpg,-9.565731817e-09
1231229740_8dcbf80bfb.jpg,5.258571149e-09
2797511323_bf20acab45.jpg,-3.276658122e-09
3256456935_664a7a5bba.jpg,-3.987107638e-09
374103842_17873ce505.jpg,3.539197098e-09
3281611946_f42deed2e1.jpg,7.175555669e-10
2778290592_1910bb0431.jpg,7.076355943e-09
3338590946_f25b76cbc7.jpg,2.360295828e-10
3405011838_f81117c99f.jpg,1.0263353e-09
3048211972_db71d104c2.jpg,-2.63703205e-10
494792770_2c5f767ac0.jpg,9.138340783e-11
3336682980_1082a66878.jpg,6.04145838e-09
3638992163_a085cc0c24.jpg,2.506768681e-09
3243591844_791cfa62eb.jpg,-2.809288552e-10
3456862740_7550bcddc2.jpg,-5.80496482e-09
3674168459_6245f4f658.jpg,3.259276378e-09
1330645772_24f831ff8f.jpg,-2.692273538e-09
3632225464_612d7b4c0f.jpg,1.329601404e-09
3150659152_2ace03690b.jpg,2.223804693e-09
3631474374_e40764d153.jpg,-3.754485819e-09
300594071_3450444752.jpg,2.549552687e-09
2685752892_9d5cd7f274.jpg,2.508269286e-10
2344699642_4fae2f4e07.jpg,1.315351635e-09
2091171488_c8512fec76.jpg,-1.12810225e-09
3259992722_4c5e895734.jpg,-1.686579998e-09
505944126_f9a6ab8944.jpg,-3.83236535e-09
3119913014_688d4997d7.jpg,3.796223013e-09
1267711451_e2a754b4f8.jpg,4.830204108e-09
1836335410_de8313a64e.jpg,8.652875563e-10
3106787167_e5f2312622.jpg,-4.921866486e-10
3272541970_ac0f1de274.jpg,-1.50882031e-09
3497069793_2d4baf5b4b.jpg,1.933762394e-09
2267682214_e1434d853b.jpg,-1.154073627e-09
2929405404_1dff5ab847.jpg,4.011993717e-10
2601612082_4b9be27426.jpg,-1.204022375e-10
446514680_ff5ca15ece.jpg,-1.330656941e-09
3268908792_c24529fe88.jpg,-4.076422118e-11
109823395_6fb423a90f.jpg,-1.074093387e-09
2787868417_810985234d.jpg,4.392317477e-09
241347204_007d83e252.jpg,-4.336122885e-09
541063419_a5f3672d59.jpg,1.050434349e-12
2562483332_eb791a3ce5.jpg,-4.175631263e-09
3021318991_fa28e3bca7.jpg,-3.826429718e-09
2199200615_85e4c2a602.jpg,4.041891048e-09
559102835_472ff702b5.jpg,5.734509848e-10
1236964638_1808784a3c.jpg,5.943273787e-09
3241965735_8742782a70.jpg,-2.166106562e-09
2426828433_ce894d1c54.jpg,-5.03499086e-09
3033825101_44a4390f16.jpg,1.539960773e-09
964197865_0133acaeb4.jpg,7.797499188e-10
3000428313_8a1e65e20e.jpg,2.823825634e-09
3245504245_27931f5ec1.jpg,5.000327463e-09
710878348_323082babd.jpg,5.433549158e-09
3668518431_43abb169eb.jpg,-4.115318586e-10
3346711367_5e7b29e20f.jpg,-1.320475335e-09
2588625139_fdf6610218.jpg,1.102566088e-09
974924582_10bed89b8d.jpg,3.116844527e-09
134724228_30408cd77f.jpg,-4.362067644e-09
466176275_f40d37851e.jpg,-1.380290551e-09
2909811789_ed8f3fd972.jpg,9.396115058e-10
2332986053_864db84971.jpg,-1.113304735e-10
2464259416_238ef13a2e.jpg,4.161822379e-09
3240048764_acce8af2a5.jpg,6.00085627e-10
3135504530_0f4130d8f8.jpg,4.705745571e-09
3705688385_47651205d3.jpg,-2.650475749e-10
3027850131_a7772e0ba0.jpg,-2.201547483e-09
2730819220_b58af1119a.jpg,1.145303405e-09
304408047_98bab3ea64.jpg,-2.061701962e-09
3357708906_fb3a54dd78.jpg,4.108814469e-09
3490517179_76dbd690de.jpg,1.175689707e-10
3563461991_de05537878.jpg,3.407342693e-09
3244734844_c318c29c23.jpg,-5.582286556e-09
3154293126_e52bd07524.jpg,9.221557033e-10
140526326_da07305c1c.jpg,-5.387626406e-10
3608663656_9192a21eeb.jpg,1.384266306e-09
3655155990_b0e201dd3c.jpg,7.512002041e-10
861795382_5145ad433d.jpg,-5.399039417e-09
3380407617_07b53cbcce.jpg,-4.049221225e-10
3325129757_7a1979ac11.jpg,7.030821977e-09
2802337003_56e555cd30.jpg,-9.396837588e-10
2095444126_201ff9f222.jpg,9.652761585e-10
280932151_ae14a67be5.jpg,-1.852155794e-09
2800934095_b84a5009dd.jpg,5.245936688e-09
2534194182_ac53035cf4.jpg,6.840266876e-09
2579572274_826598b14a.jpg,-1.116010224e-09
2826647354_650ff5eb03.jpg,2.57288909e-09
3453284877_8866189055.jpg,2.875976827e-09
3669564923_8fcb1a6eff.jpg,-5.191300941e-09
2289096282_4ef120f189.jpg,2.965646588e-09
3708266246_97a033fcc7.jpg,1.204740667e-09
216172386_9ac5356dae.jpg,3.101113092e-09
3359563671_35b67898e7.jpg,4.221348866e-09
3232252882_05db7c2216.jpg,1.953835282e-09
3014773357_f66bd09290.jpg,-9.581338315e-10
1980315248_82dbc34676.jpg,4.445696887e-09
3343106500_27176fc544.jpg,-5.141932132e-10
3540241710_a4f49cde52.jpg,-1.35084053e-08
3317333893_9d0faa8d30.jpg,1.981687488e-09
2937497894_e3664a9513.jpg,-3.088518672e-09
2911658792_6a6ef07e3a.jpg,-5.972197774e-09
2470486377_c3a39ccb7b.jpg,3.645927092e-09
2534502836_7a75305655.jpg,5.206485998e-09
3612825666_54f5a2bc06.jpg,-3.036684176e-09
2623496164_68ffeb5067.jpg,6.305017221e-09
2228167286_7089ab236a.jpg,4.128347997e-09
3128856481_86e5df4160.jpg,2.101006518e-09
2404692474_37da774368.jpg,-3.954413024e-09
472661386_723aae880b.jpg,-1.815460499e-09
3495490064_8db40a83af.jpg,-3.267701803e-09
2882893687_1d10d68f2b.jpg,-2.346258613e-09
3677239603_95865a9073.jpg,4.394773346e-09
616177206_0e16c33f6b.jpg,8.863392297e-09
2934837034_a8ca5b1f50.jpg,-1.121784388e-08
641893280_36fd6e886a.jpg,-2.677009659e-10
2059842472_f4fb61ea08.jpg,1.569975516e-09
1468962616_5803b4397f.jpg,-7.324332803e-09
2278766574_f71f1704a8.jpg,3.00367465e-09
3249891874_6a090ef097.jpg,3.51961044e-09
17273391_55cfc7d3d4.jpg,2.403364634e-09
3134387513_ceb75bea0a.jpg,6.571849359e-10
2208055895_37cd8e1edf.jpg,6.708663846e-09
3346614841_698f9aa486.jpg,-3.881158844e-10
2346772831_b2748ba1f0.jpg,-1.123694322e-09
2709359730_13bca100af.jpg,1.540292858e-10
2069279767_fb32bfb2de.jpg,1.019666917e-08
2330536645_2d36b516e1.jpg,-6.412119624e-11
2751694538_fffa3d307d.jpg,3.959270844e-09
3009047603_28612247d2.jpg,4.411584979e-10
3097171315_0ba7d283b1.jpg,-7.246806345e-10
2935986346_29df6cf692.jpg,-1.887366797e-09
2552816307_c7c8e7f6b4.jpg,1.906979345e-09
2893374123_087f98d58a.jpg,-3.280016232e-09
3511890331_6163612bb9.jpg,-5.876649441e-09
1177994172_10d143cb8d.jpg,2.213636705e-09
2881468095_d4ce8c0c52.jpg,4.514589613e-09
263522013_d118d46b2d.jpg,-3.581334456e-09
2300920203_f29260b1db.jpg,-3.765137168e-09
2374179071_af22170d62.jpg,-4.945996161e-09
1433577867_39a1510c43.jpg,-4.025526869e-09
110595925_f3395c8bd6.jpg,-2.150490261e-09
2081446176_f97dc76951.jpg,2.77573046e-09
2759211664_d21393b668.jpg,-1.660168608e-09
509778093_21236bb64d.jpg,-1.375087405e-08
1771490732_0ab5f029ac.jpg,-5.053430295e-09
430173345_86388d8822.jpg,-4.403428631e-09
2873648844_8efc7d78f1.jpg,1.035403638e-09
3626689571_5817f99c0e.jpg,3.870008465e-09
3163477256_073605e06e.jpg,1.068143669e-09
3198962089_e647d1b0cd.jpg,-6.358055829e-10
2057160636_6e9cf3b5f0.jpg,6.460713451e-09
3624327440_bef4f33f32.jpg,4.855668094e-09
185972340_781d60ccfd.jpg,-2.734831294e-09
3393446245_37dd3f3b59.jpg,2.589836662e-10
3679407035_708774de34.jpg,-3.680983931e-09
2855417531_521bf47b50.jpg,-6.294991209e-10
109202801_c6381eef15.jpg,5.276981655e-09
309238565_2d5d8dc8bf.jpg,7.758422638e-11
367925122_335ed279a8.jpg,-3.881391654e-09
2594336381_a93772823b.jpg,-2.774221924e-09
3703107969_175da4b276.jpg,7.967820106e-09
2616009069_82561da2e5.jpg,-1.106686836e-09
2081141788_38fa84ce3c.jpg,6.786381464e-10
519167484_ee03e2a91e.jpg,-4.233116745e-09
2768248810_06d543c080.jpg,-4.825169562e-09
58368365_03ed3e5bdf.jpg,3.657201825e-09
3086507638_d8a2cd0ac3.jpg,-8.304525571e-11
3239480519_22540b5016.jpg,1.016748379e-08
2167644298_100ca79f54.jpg,-8.909976646e-12
2956562716_5aa3f6ef38.jpg,1.84828667e-09
2088120475_d6318364f5.jpg,2.753744677e-09
544257613_d9a1fea3f7.jpg,1.714898752e-10
2076428547_738e0a132f.jpg,-1.500433374e-09
3647170476_0fd71a4c9f.jpg,-2.867424319e-11
2306674172_dc07c7f847.jpg,2.927504693e-09
354999632_915ea81e53.jpg,2.583586368e-09
138705546_be7a6845dd.jpg,-1.517583798e-09
3647693147_0d0434351b.jpg,-3.687409719e-10
2085557551_7a88d01d4e.jpg,-6.645068332e-11
2263655670_517890f5b7.jpg,-3.282696697e-09
574274795_57e0834e7d.jpg,-1.592484364e-09
3138433655_ea1d59e5b7.jpg,6.584019045e-09
3677860841_3aa9d8036c.jpg,-3.318561731e-09
3544669026_1b5c0e6316.jpg,-2.481511825e-09
3317073508_7e13565c1b.jpg,2.020318308e-09
3202360797_2084743e90.jpg,4.407152893e-09
3265527323_6431f00692.jpg,2.887305851e-09
478592803_f57cc9c461.jpg,-2.546230546e-10
1332722096_1e3de8ae70.jpg,2.198519939e-09
2650620212_0586016e0d.jpg,7.430771877e-10
2973272684_4d63cbc241.jpg,4.464818189e-09
478208896_90e7187b64.jpg,1.252339164e-09
2818735880_68b3dfe1f5.jpg,6.743797331e-09
3138562460_44227a35cf.jpg,-1.575896228e-09
3228793611_8f260ea500.jpg,-6.408608488e-09
2390778197_4d9d03d4b9.jpg,5.162702123e-09
319847643_df7c2a1d25.jpg,-6.228751888e-09
2923825744_ca125353f0.jpg,-1.757467523e-09
3109780402_dbae082dc5.jpg,-3.185759201e-09
1479857177_9d4a6f38fd.jpg,3.950070663e-09
3549011001_26cace3646.jpg,6.040595392e-09
493542985_c85ad29ebe.jpg,4.66141763e-09
315125146_d9a8e60061.jpg,1.301219476e-10
3372251830_baa3665928.jpg,-8.620339065e-10
2766726291_b83eb5d315.jpg,9.158571039e-09
2676184321_858eff416b.jpg,-6.958449665e-09
3553476195_fb3747d7c1.jpg,-1.472456034e-08
2632381125_de32bdfdf6.jpg,-4.244035231e-10
3561543598_3c1b572f9b.jpg,1.465881658e-11
3565021218_d2bc1aa644.jpg,-4.348116739e-09
2943384009_c8cf749181.jpg,-4.054896906e-09
3708244207_0d3a2b2f92.jpg,2.848861106e-09
2615811117_42b1838205.jpg,3.170010503e-10
2959941749_fa99097463.jpg,-7.318699052e-10
3467282545_273a97b628.jpg,4.257086975e-09
1131932671_c8d17751b3.jpg,9.049184267e-11
269898095_d00ac7d7a4.jpg,-2.997565261e-09
3528105511_12ff45dc9c.jpg,6.446157752e-09
140526327_3cb984de09.jpg,1.123101881e-09
2187720319_112d00f07d.jpg,-2.826337984e-09
3652859271_908ae0ae89.jpg,6.719922536e-09
1034276567_49bb87c51c.jpg,-7.662786567e-09
3573202338_f43dd22d28.jpg,4.27520631e-09
1479679558_d0a01bc62b.jpg,7.047730772e-09
3605100550_01214a1224.jpg,-4.352139047e-09
233361142_d9d5f0cae9.jpg,-6.624639691e-09
2965604928_435dc93bf7.jpg,3.682483622e-09
2613021139_4b0dc3d4c8.jpg,-4.296165802e-09
3463922449_f6040a2931.jpg,-1.155574369e-09
3057770908_3fd97f79f9.jpg,7.1133898e-09
2293149170_38fb2257ea.jpg,1.510481194e-09
854333409_38bc1da9dc.jpg,6.234205664e-10
1348957576_c4a78eb974.jpg,-4.895589819e-10
262439544_e71cd26b24.jpg,3.69679931e-09
925491651_57df3a5b36.jpg,5.768396272e-09
2250555512_71670078f5.jpg,-4.709308458e-12
3485816074_363cab4bff.jpg,1.227676874e-08
3245266444_2e798096e6.jpg,-6.863078896e-09
2278110011_ba846e7795.jpg,8.74383242e-09
2640153227_57cf1a3d92.jpg,2.116168277e-10
3596459539_a47aa80612.jpg,1.727658961e-09
2994179598_a45c2732b5.jpg,7.737676311e-09
1332823164_c70a5d930e.jpg,1.960113486e-09
241347067_e58d05dbdc.jpg,-5.375751643e-09
3042381160_ffe2b16808.jpg,6.325927456e-09
2348491126_30db0d46ef.jpg,-1.122984061e-09
2944952557_8484f0da8f.jpg,-1.312556944e-09
2584957647_4f9235c150.jpg,-1.626666481e-09
2718495608_d8533e3ac5.jpg,-9.389990221e-10
608257195_6ec6f48e37.jpg,1.291731287e-09
241345427_ece0d186c2.jpg,7.096458702e-10
3110614694_fecc23ca65.jpg,-3.281172382e-09
3382679230_baef3d1eaa.jpg,-3.203592988e-09
3051998298_38da5746fa.jpg,-3.872540155e-09
3211199368_ca78387f72.jpg,1.357333529e-09
3274691778_94bb57bba3.jpg,3.009429355e-09
3357194782_c261bb6cbf.jpg,5.981763848e-09
2603792708_18a97bac97.jpg,1.261089692e-09
489065557_0eb08889cd.jpg,5.697401432e-09
2268601066_b018b124fd.jpg,-2.035269946e-09
3163068926_d28ed3ef53.jpg,2.521366628e-09
3697675767_97796334e4.jpg,-5.977791798e-09
2907073768_08fd7bdf60.jpg,-6.936116034e-09
2346629210_8d6668d22d.jpg,1.84586382e-09
3060594966_030658d318.jpg,-7.100360734e-09
2083434441_a93bc6306b.jpg,1.926444261e-09
2677656448_6b7e7702af.jpg,3.529873467e-09
460478198_83039f2593.jpg,-1.249618013e-09
452416075_60b2bb5832.jpg,-1.919619486e-09
3166578139_33500f7e8a.jpg,-4.720607077e-09
3319899418_4bcf1b00d8.jpg,2.830515788e-11
368954110_821ccf005c.jpg,1.796975844e-09
843616798_5ab0ecb525.jpg,-1.25241459e-09
1313693129_71d0b21c63.jpg,-1.493960196e-09
2077079696_03380d218b.jpg,6.83901078e-09
2477121456_1ac5c6d3e4.jpg,-1.609626869e-10
385186343_464f5fc186.jpg,-5.862736113e-09
3184891327_8785194e3c.jpg,3.132695698e-09
934375844_dd149fed18.jpg,-3.318377928e-09
746787916_ceb103069f.jpg,-3.614214065e-09
2753531542_ace2c870b7.jpg,-3.581929345e-09
3036596725_541bbe0955.jpg,1.070228784e-08
3531811969_49af4c22f0.jpg,4.84926751e-10
3537452619_3bd79f24e0.jpg,-7.038166433e-10
537628742_146f2c24f8.jpg,-5.617676034e-10
3584196366_a4b43d6644.jpg,-1.552025558e-09
3520617304_e53d37f0af.jpg,-4.790915203e-09
460195978_fc522a4979.jpg,9.785013656e-09
2723929323_70b93a74ea.jpg,9.810308335e-10
1119015538_e8e796281e.jpg,1.318546398e-08
3251460982_4578a568bb.jpg,1.108104845e-09
3384742888_85230c34d5.jpg,-3.318012376e-09
2102360862_264452db8e.jpg,3.959581387e-09
433855742_c2a6fda763.jpg,4.356286107e-10
2834103050_512e5b330a.jpg,3.688699929e-09
2542037086_58c833699c.jpg,2.233349035e-09
2775744946_1ab5d500a2.jpg,-2.287109198e-09
3139876823_859c7d7c23.jpg,1.219076516e-09
2477623312_58e8e8c8af.jpg,-3.424115681e-09
3044359043_627488ddf0.jpg,-2.3872715e-09
1984936420_3f3102132b.jpg,5.884137492e-09
3692836015_d11180727b.jpg,5.240640317e-10
2932498509_27cb0038ec.jpg,4.525704303e-09
3556598205_86c180769d.jpg,-1.958980022e-09
189721896_1ffe76d89e.jpg,-4.338100028e-10
3700004668_99c3e3f55b.jpg,3.072950261e-09
3690431163_1d81e19549.jpg,-3.696107733e-09
3372167201_f7f909d480.jpg,5.332166897e-09
350529848_9569a3bcbc.jpg,-9.428016545e-11
311267421_e204e643cf.jpg,2.353259181e-09
3081330705_7a1732e12c.jpg,1.108407175e-08
3383037991_8f07784b81.jpg,-6.378832423e-09
3557148230_7fc843e5de.jpg,4.651159648e-09
358114269_96fdb5f7c3.jpg,4.397570556e-10
272988646_1588bde6a8.jpg,8.957274937e-10
1472053993_bed67a3ba7.jpg,8.805867818e-10
2422302286_385725e3cf.jpg,6.399504155e-10
2720985888_8f5920e8cf.jpg,-5.933556744e-09
3215315009_47577bf8f7.jpg,-3.364377774e-09
3050976633_9c25cf6fa0.jpg,9.617529757e-09
3323076458_3ce72a1dae.jpg,-7.236410309e-09
3372215826_b3e6403b2e.jpg,-2.349282634e-09
3547704737_57d42d5d9d.jpg,-2.128861042e-09
1339596997_8ac29c1841.jpg,-1.110029154e-09
3360876049_9047edeab9.jpg,-1.089172248e-09
2698487246_e827404cac.jpg,2.540777485e-09
3381161854_af8b05243c.jpg,6.281818841e-09
2970183443_accd597e0a.jpg,3.332988928e-09
1433142189_cda8652603.jpg,3.765784326e-09
836828001_af98d16256.jpg,3.240691609e-09
2991771557_d98fa0a69f.jpg,-8.048179774e-09
468310111_d9396abcbd.jpg,-5.40651593e-09
3472485022_5d03e9852d.jpg,-1.011972399e-10
327415627_6313d32a64.jpg,-3.543276656e-10
3337046794_296bd2c7e0.jpg,-1.166746847e-12
3710468717_c051d96a5f.jpg,-5.297240694e-09
3343900764_2a4c0405f9.jpg,9.462906269e-09
2298077331_f9a1488067.jpg,4.095702699e-10
3263946591_a1558b77d3.jpg,1.936073842e-09
3251646144_d9f4ccca3f.jpg,-4.724205122e-10
811663364_4b350a62ce.jpg,1.713381085e-09
397547349_1fd14b95af.jpg,2.533655486e-09
1998255400_0cd086908f.jpg,-5.376404922e-10
537222436_ab406234ce.jpg,6.133047034e-09
284279868_2ca98e3dcd.jpg,5.637138011e-09
3451345621_fe470d4cf8.jpg,6.304195085e-09
3091382602_60b9b53ed1.jpg,-5.753919901e-10
98377566_e4674d1ebd.jpg,1.163313706e-09
2524084967_a5e011b73d.jpg,4.351036694e-09
1402641725_5e027ecaa7.jpg,2.940271228e-09
3535879138_9281dc83d5.jpg,-4.429744043e-11
536828916_b763b82949.jpg,-1.610037031e-09
3560726559_4c4bed9f2d.jpg,2.071528139e-09
544576742_283b65fa0d.jpg,1.784779667e-09
436013859_793d870b6f.jpg,3.327305684e-09
1643915227_9f48068772.jpg,-1.694792296e-09
506412121_67ecc7ec05.jpg,1.231760295e-08
274313927_404d0e94ab.jpg,3.201457482e-09
523249012_a0a25f487e.jpg,-8.444668129e-09
1131804997_177c3c0640.jpg,-1.199013286e-09
2412390588_a89cab30f4.jpg,6.002899847e-10
2074244690_82e30ff44b.jpg,-2.627423021e-10
2458269558_277012780d.jpg,3.490064759e-09
2975073156_7543ed326f.jpg,-2.107807672e-09
3026102616_3cf350af9e.jpg,2.851024333e-10
3687222696_85bf6f78f7.jpg,-1.147830142e-08
3343311201_eeb1a39def.jpg,3.790742681e-09
2524003134_580e74328b.jpg,4.089543561e-09
3251976937_20625dc2b8.jpg,1.593315227e-10
2978394277_4572967b97.jpg,1.82472422e-09
2049646140_d0de01e3c4.jpg,-4.487143943e-09
2899089320_3e7f6bbaca.jpg,2.611338625e-09
3086526292_f799d237c7.jpg,3.217822279e-09
3455419642_894d03f153.jpg,5.293927691e-09
386470686_1ae9242878.jpg,7.025242005e-10
2805822564_6dee48e506.jpg,2.137250915e-09
3231596071_f0c522a639.jpg,4.192934344e-09
2586532797_dcf22a5021.jpg,2.522142256e-09
1468429623_f001988691.jpg,-2.776108025e-09
3454149297_01454a2554.jpg,-1.031117381e-09
2533414541_362bf043bb.jpg,-2.782276407e-09
2456615908_59cdac6605.jpg,4.295056758e-09
3276475986_66cd9cc7e4.jpg,5.007086845e-09
2665264979_df9c284bf8.jpg,9.091758343e-09
566794036_60f7acdf35.jpg,4.00305938e-09
2735290454_1bd8bc5eac.jpg,2.963506465e-09
1428681303_04213524e3.jpg,-6.592686951e-10
241347580_a1e20321d3.jpg,-1.032797307e-09
2933912528_52b05f84a1.jpg,2.582471531e-10
326456451_effadbbe49.jpg,4.472012556e-09
2405978603_6221b0c2e7.jpg,-4.16796749e-09
3126981064_1e803c3d7f.jpg,-1.326598867e-09
405331006_4e94e07698.jpg,-2.852612176e-09
1522787272_5a31497ef2.jpg,5.339222211e-10
475042270_719ebe6c48.jpg,-3.212629411e-09
3422146099_35ffc8680e.jpg,3.558495527e-10
330849796_c575c3108a.jpg,-6.6668641e-09
449287870_f17fb825d7.jpg,-2.816821271e-09
3097776588_312932e438.jpg,-2.501620649e-09
2911245290_b2c79f328a.jpg,-7.831095245e-10
1957371533_62bc720bac.jpg,3.056299072e-09
3671262694_29fbeb9d95.jpg,-1.154948135e-09
2495394666_2ef6c37519.jpg,2.459022829e-11
2887614578_ed7ba21775.jpg,-2.278653262e-09
2557972410_6925fe695c.jpg,-5.489002639e-10
3126752627_dc2d6674da.jpg,-1.913594915e-09
157139628_5dc483e2e4.jpg,2.617420329e-10
3690159129_93ba49ea18.jpg,-2.734722579e-09
2249480913_e1695e5c28.jpg,-6.268926148e-10
3652584682_5b5c43e445.jpg,1.215552357e-08
3246773992_89bf86937b.jpg,1.064760512e-09
2987576188_f82304f394.jpg,5.503057587e-09
2393264648_a280744f97.jpg,-1.225997533e-09
2644920808_f5a214b744.jpg,-1.750155352e-09
3062173277_bfb5ef4c45.jpg,1.085640526e-09
431410325_f4916b5460.jpg,-1.84841947e-09
103205630_682ca7285b.jpg,-4.321998556e-09
2337377811_8c81b40a64.jpg,-3.011241035e-11
3259110412_9908c45144.jpg,-2.580410901e-09
2322334640_d4d22619ff.jpg,-2.813911508e-09
3466353172_deb128bbb0.jpg,-6.816086287e-09
3636126441_5617c89aaa.jpg,3.330861474e-09
3406409018_03de95181e.jpg,-3.327962846e-09
3226254560_2f8ac147ea.jpg,2.477284534e-10
3610189629_f46de92ab3.jpg,2.080257394e-09
2242863004_3a9f82a31f.jpg,4.101693738e-09
2554570943_122da6438f.jpg,-2.164558794e-09
2333288869_8c01e4c859.jpg,-2.261884809e-09
3457315666_b943111dec.jpg,-1.778105343e-08
2955673642_4279b32097.jpg,2.404374814e-09
1527333441_af65636a74.jpg,4.758216393e-09
2180356743_b3a3c9a7f6.jpg,3.572186388e-09
2198964806_c57b0534d3.jpg,-8.906502636e-09
3515904775_f8acc5909e.jpg,1.070344447e-08
246094557_e174a5914f.jpg,-1.189593773e-09
427167162_2c99779444.jpg,-9.117569478e-10
427082246_5bf1c3676f.jpg,1.310675096e-09
339658315_fbb178c252.jpg,-1.102788437e-09
3411579899_0f8ed09142.jpg,-8.145133355e-09
3701249979_8bc757e171.jpg,2.856385026e-09
2764178773_d63b502812.jpg,6.30765888e-09
401476986_73918145a3.jpg,-6.083739658e-09
3631810528_7233c0f421.jpg,9.639205547e-09
2755952680_68a0a1fa42.jpg,-4.842231152e-09
3606846822_28c40b933a.jpg,3.34028937e-10
684255145_db3f8e3e46.jpg,3.466176305e-09
3113682377_14fc7b62b0.jpg,1.265090911e-10
3334537556_a2cf4e9b9a.jpg,5.684861067e-10
464506846_1734302b58.jpg,-5.037765946e-09
3156113206_53c2a7b5d8.jpg,-1.578885282e-09
2218334049_e649dbdb1a.jpg,-5.478661565e-09
1087539207_9f77ab3aaf.jpg,-5.557627001e-10
805682444_90ed9e1ef3.jpg,2.837773383e-09
3154152744_4e93ec8a62.jpg,-3.969000896e-09
3641999223_942f8198cc.jpg,-3.32380044e-09
2934325103_e9b8d7430f.jpg,-1.326617802e-09
3301935788_2bb7bbc515.jpg,-1.080478776e-09
2929669711_b2d5a640f0.jpg,3.549094009e-09
2478929971_9eb6c074b6.jpg,-1.756822672e-10
1476241331_2f43b67aed.jpg,3.940177815e-09
2480021389_dda9fb2818.jpg,1.87602827e-09
2921430836_3b4d062238.jpg,-7.164157287e-09
3245939062_8ffe1d2be5.jpg,-4.922507967e-09
2489602993_896c1ea40a.jpg,-9.36528611e-09
3134387321_3a253224c1.jpg,1.404302151e-09
1056873310_49c665eb22.jpg,1.819537006e-09
862054277_34b5a6f401.jpg,7.449634889e-09
3621177753_1718c30ea0.jpg,-2.396378514e-10
2097489021_ca1b9f5c3b.jpg,4.99259632e-09
3079786914_fe598b0e54.jpg,5.642713853e-10
3107368071_724613fc4f.jpg,-3.248283903e-09
1358892595_7a37c45788.jpg,9.380259377e-09
3018467501_a03d404413.jpg,3.756655617e-10
477768471_d7cd618fdb.jpg,2.583179231e-09
3275527950_41aca690a1.jpg,4.706494867e-09
2866696346_4dcccbd3a5.jpg,2.116449238e-09
2814406547_a237ef0122.jpg,7.432937666e-09
3593556797_46b49a02a8.jpg,-2.273277847e-09
3512033861_a357bb58b6.jpg,-2.451554295e-09
2196284168_76417efbec.jpg,-9.592630568e-10
3218480482_66af7587c8.jpg,6.563993328e-10
159712188_d530dd478c.jpg,1.137079944e-09
3348384389_73b6647017.jpg,5.092889991e-10
701816897_221bbe761a.jpg,4.771735187e-09
3119903318_d032141839.jpg,-5.499925295e-10
3711664623_ef87105ea7.jpg,4.130551298e-09
3353328134_dd9ed0edab.jpg,-9.124019919e-10
3014080715_f4f0dbb56e.jpg,-2.236309337e-09
2731171552_4a808c7d5a.jpg,4.351714682e-11
3111502208_71e2a414f5.jpg,4.299251334e-09
1348113612_5bfc5f429e.jpg,1.864929047e-09
3306464579_1b16a0caf2.jpg,-5.158871733e-10
3648988742_888a16f600.jpg,7.167024424e-09
2234702530_a265a4df22.jpg,2.749028628e-09
947969010_f1ea572e89.jpg,1.106500568e-08
305199420_89f6ddd778.jpg,2.226566596e-09
2887750774_920eb171aa.jpg,7.279045021e-10
3039209547_81cc93fbec.jpg,-1.402033989e-08
405537503_f66ecc5073.jpg,6.410185171e-09
2473791980_805c819bd4.jpg,-5.350014384e-09
480607352_65614ab348.jpg,-9.038321403e-09
3314517351_69d70e62bd.jpg,4.415896901e-09
241345446_2e47ae8ddc.jpg,-4.804719778e-09
3330935489_9cb67ca36b.jpg,3.286480245e-09
482088914_e6ea4501e9.jpg,-1.592516422e-10
1449692616_60507875fb.jpg,4.829542646e-09
3386953179_84c2d7922f.jpg,-4.767515053e-10
56489627_e1de43de34.jpg,-1.15761203e-09
957230475_48f4285ffe.jpg,9.515233995e-10
134894450_dadea45d65.jpg,-2.789753725e-09
278002947_3fd22a2cb6.jpg,-3.553341364e-10
3421104520_6a71185b3c.jpg,-5.987073363e-09
241346260_f50d57b517.jpg,1.122389062e-08
3371533654_73a12a35a4.jpg,-1.03581752e-08
1022454428_b6b660a67b.jpg,-1.277409005e-09
3652764505_87139e71f8.jpg,-5.869624866e-09
2916586390_664f0139ea.jpg,4.996008822e-09
181777261_84c48b31cb.jpg,9.540935465e-09
3349451628_4249a21c8f.jpg,6.821874378e-10
3108378861_d2214d971e.jpg,5.188400556e-09
1348304997_afe60a61df.jpg,-6.514203737e-10
3268407162_6274e0f74f.jpg,3.28241612e-09
503794526_603a7954d3.jpg,-3.850984611e-09
2689163361_4939875be5.jpg,-2.646142248e-09
956164675_9ee084364e.jpg,5.761141515e-10
2063277300_f7ff476914.jpg,-7.516036622e-10
3028404926_2bd27e3e83.jpg,-3.950991667e-09
393987665_91d28f0ed0.jpg,3.272798813e-09
2635905544_dbc65d0622.jpg,-4.19770355e-10
3170802797_3c851bb475.jpg,6.313768981e-09
496129405_b9feeda1ab.jpg,1.253166851e-09
464527562_a18f095225.jpg,-4.147202483e-09
1342766791_1e72f92455.jpg,7.325457263e-10
264928854_d9e61f3a8e.jpg,-4.595279056e-09
333973142_abcd151002.jpg,2.825681171e-09
3629492654_619d7b67ee.jpg,2.449455321e-09
1921398767_771743bf4e.jpg,-1.305962583e-09
242558556_12f4d1cabc.jpg,6.819490202e-09
2439813616_c9ac54cc9f.jpg,-4.966418193e-09
2144049642_070cf541b4.jpg,7.870862721e-10
3375920709_ef7370fa09.jpg,-3.661981911e-09
2537119659_fa01dd5de5.jpg,1.169198599e-09
3635177305_bfbe1fc348.jpg,8.829776732e-10
3361210233_962d630ec5.jpg,-4.399408531e-09
3532192208_64b069d05d.jpg,-3.882951015e-09
516725192_c9cdd63878.jpg,7.043353695e-09
2860372882_e0ef4131d4.jpg,-4.288670715e-10
3632258003_6a0a69bf3a.jpg,1.175557932e-09
1311132744_5ffd03f831.jpg,1.683904254e-09
2754898893_95239c1f19.jpg,3.374260623e-09
1452361926_6d8c535e32.jpg,3.10763001e-09
3487419819_e3f89444ce.jpg,1.766240307e-09
2824922268_3fafb64683.jpg,-4.408417311e-09
3474985382_26e1560338.jpg,4.747931933e-09
3381038951_225bb163af.jpg,-5.013953011e-09
2470588201_955132a946.jpg,1.592823054e-09
2975018306_0e8da316f5.jpg,9.781498452e-09
2949762776_52ece64d28.jpg,-6.349908281e-09
2482629385_f370b290d1.jpg,3.818233079e-09
2993167183_2bda95fa3d.jpg,-5.101694308e-09
2328106090_b7c2725501.jpg,-6.647714621e-09
1322323208_c7ecb742c6.jpg,4.245128356e-09
2578003921_e23b78e85f.jpg,5.047077492e-09
3321334180_8f764e0e0f.jpg,-1.534923714e-09
3373544964_c9f1253b7d.jpg,-2.908036316e-09
444881000_bba92e585c.jpg,3.663456599e-11
236518934_c62a133077.jpg,1.132782806e-08
3295418287_5d590dac43.jpg,3.540674704e-09
3138746531_f6b816c126.jpg,2.182937573e-09
2971431335_e192613db4.jpg,-4.32079384e-09
3199460792_deef518c01.jpg,3.166483235e-09
1082379191_ec1e53f996.jpg,-3.685237549e-09
2921670682_6a77a6c3e9.jpg,-6.187123302e-09
2393971707_bce01ae754.jpg,1.880607714e-09
241345905_5826a72da1.jpg,-1.57405507e-09
3467843559_a457ce37b6.jpg,-5.232008956e-09
2561334141_0aacefa5e7.jpg,-1.856467753e-09
3662963630_8f097e38d4.jpg,-4.441733685e-09
3498417123_3eae6bbde6.jpg,-8.926791714e-10
2156131463_5b53636cf0.jpg,-3.291058818e-09
749840385_e004bf3b7c.jpg,-6.549593947e-09
334737767_7f344eee16.jpg,3.479759827e-09
640203018_c0e7175831.jpg,1.787431363e-09
3323514651_3efdbd63ed.jpg,-5.668196845e-09
1007320043_627395c3d8.jpg,1.542938586e-09
2185793891_5a5e903ca6.jpg,-1.807374709e-09
2692635048_16c279ff9e.jpg,6.463156405e-09
2842439618_fb20fe2215.jpg,3.065988424e-09
2308271254_27fb466eb4.jpg,4.433519313e-09
2326879311_555ebef188.jpg,4.486674596e-09
2561341745_2d77d3ff7d.jpg,1.913868258e-10
2506892928_7e79bec613.jpg,6.136368107e-09
1164765687_7aca07bbe7.jpg,-2.247302896e-09
3345025842_bc2082a509.jpg,8.469270562e-09
827941668_2e4ac6cb39.jpg,2.691598499e-09
344078103_4b23931ce5.jpg,-4.537620203e-09
408748500_e8dc8c0c4f.jpg,2.793694026e-09
2085403342_a17b0654fe.jpg,6.321151981e-09
2501942587_e59b91d1da.jpg,-1.55460392e-09
3025438110_40af7e6a80.jpg,1.743227062e-10
977856234_0d9caee7b2.jpg,-3.949393701e-09
3118425885_f0cc035032.jpg,7.379814873e-09
3694991841_141804da1f.jpg,-3.663235447e-09
3165826902_6bf9c4bdb2.jpg,-4.485126575e-09
3532194771_07faf20d76.jpg,2.201818654e-09
3156406419_38fbd52007.jpg,-1.076487501e-08
2797188545_aeb26c54c0.jpg,1.216079909e-09
3480052428_c034b98a08.jpg,3.70669205e-09
3207343907_995f7ac1d2.jpg,2.518826685e-09
3367053761_8ec5834bf3.jpg,-1.759819019e-09
297285273_688e44c014.jpg,-6.36604821e-09
3326273086_e09e845185.jpg,4.887131165e-09
2534652796_c8a23288ab.jpg,-5.398820689e-09
3549140234_e99b07c739.jpg,-4.02458729e-09
708945669_08e7ffb9a7.jpg,-1.652239374e-09
2885382946_f541ea5722.jpg,1.300952179e-09
489773343_a8aecf7db3.jpg,1.260958556e-09
27782020_4dab210360.jpg,7.118677138e-09
2537197415_af7c30dfc8.jpg,2.514225783e-09
2608289957_044849f73e.jpg,-2.538150405e-09
3284460070_6805990149.jpg,2.641451624e-09
1818403842_553a2a392c.jpg,2.620659688e-09
2437266971_b91a8f9a00.jpg,3.782467962e-09
3427118504_93126c83e0.jpg,3.055930861e-09
3195147187_a073d59fa8.jpg,6.501656629e-10
1449625950_fc9a8d02d9.jpg,5.377301537e-09
2165677531_e1d5e086f7.jpg,-8.697252459e-09
781118358_19087c9ec0.jpg,-4.62922817e-09
454709143_9c513f095c.jpg,4.550395003e-09
987907964_5a06a63609.jpg,-3.850979119e-10
386655611_1329495f97.jpg,-3.609163387e-10
859620561_de417cac1e.jpg,1.963725717e-09
944788251_a0bcd4b960.jpg,-1.697472953e-09
3004359992_f6b3617706.jpg,-3.12478176e-09
3295680663_af21ea648b.jpg,6.198918787e-09
2541701582_0a651c380f.jpg,3.992391985e-09
219843859_94b6d0a580.jpg,-3.582914988e-09
242064301_a9d12f1754.jpg,-2.858832628e-09
246901891_4c4ea49c3a.jpg,1.57378353e-09
446291803_2fd4641b99.jpg,-5.850752946e-11
3178371973_60c6b8f110.jpg,-4.29618794e-09
388386075_9ac3a89ada.jpg,-4.032326749e-09
374124237_51f62b6937.jpg,1.890353834e-10
2971298546_dd595cf297.jpg,1.180449342e-08
3187117682_986ffd6b67.jpg,1.736592623e-09
3134092148_151154139a.jpg,2.01495482e-09
3542484764_77d8920ec9.jpg,-3.4363617e-09
1107246521_d16a476380.jpg,2.09322151e-10
3490186050_4cb4193d4d.jpg,9.857874102e-09
2298661279_016d87ba2f.jpg,1.896712006e-09
3694093650_547259731e.jpg,-4.425136699e-11
2615623392_ab2b9759ae.jpg,1.829006893e-09
1428578577_82864facae.jpg,-9.544537717e-10
3093971101_543237971d.jpg,-2.011590601e-09
3280173193_98c2d6a223.jpg,1.068180347e-09
2284894733_b710b9b106.jpg,-6.466653908e-09
2947172114_b591f84163.jpg,3.68223448e-09
742073622_1206be8f7f.jpg,4.777282333e-09
3122938209_2b2c6c1fab.jpg,1.819656465e-09
2698197294_ccd9327ef6.jpg,-5.006504973e-09
2934000107_d2ff15c814.jpg,-4.935219218e-09
2819254573_9ecb5f4d5e.jpg,2.321343144e-09
3095137758_bdd1e613dd.jpg,-6.316750081e-09
3462396164_ba9849c14b.jpg,-1.229294134e-09
495014499_8fd065cfd9.jpg,-1.734977771e-09
2422482455_b98d9c2120.jpg,-4.698608873e-09
1240297429_c36ae0c58f.jpg,-9.307883757e-09
820169182_f5e78d7d19.jpg,-3.738371553e-10
2207244634_1db1a1890b.jpg,-8.427253314e-10
3463034205_e541313038.jpg,7.348428211e-09
1117972841_2b9261f95f.jpg,8.638453703e-10
2908512223_7e27631ed4.jpg,2.269879451e-10
2097407245_c798e0dcaf.jpg,2.98585451e-09
3383491811_fd9d3a891d.jpg,6.765380134e-09
3549408779_4d453db080.jpg,-1.702933783e-09
3215117062_6e07a86352.jpg,-5.806334681e-09
3173157541_70b16b4318.jpg,-1.044815718e-09
3632047678_f202609e50.jpg,1.84109095e-09
2964438493_413667c04a.jpg,-2.096892741e-09
2769731772_18c44c18e2.jpg,-5.172857131e-09
3351493005_6e5030f596.jpg,1.034768597e-09
3727752439_907795603b.jpg,-6.405721586e-09
247778426_fd59734130.jpg,1.774675573e-09
1357753846_6185e26040.jpg,-5.240595714e-09
3382105769_b1a4e4c60d.jpg,2.798496467e-10
225909073_25c3c33a29.jpg,2.839629709e-09
3533145793_5d69f72e41.jpg,6.336604873e-11
2978810122_183e60ff2d.jpg,2.309816099e-09
455856615_f6361d9253.jpg,1.394393517e-09
3286543624_7a327f79ae.jpg,-8.255133855e-09
2574084102_f2be3f73cb.jpg,5.181050277e-09
3336065481_2c21e622c8.jpg,-2.491537572e-09
3254662117_b2e7dede6e.jpg,-1.277245534e-08
1397923690_d3bf1f799e.jpg,2.852999811e-09
3690107455_0fdb4ecee7.jpg,-6.739903611e-09
3334866049_f5933344aa.jpg,4.175336644e-10
2319197581_94f807b204.jpg,-1.182297424e-09
2787276494_82703f570a.jpg,-6.797465912e-09
2707244524_d57120d74a.jpg,4.942496542e-09
3217910740_d1d61c08ab.jpg,-3.632751091e-09
3537201804_ce07aff237.jpg,-5.342962211e-09
946051430_8db7e4ce09.jpg,-7.232595277e-09
561179884_8b6b925ef9.jpg,5.107847704e-09
2613993276_3c365cca12.jpg,-5.218516713e-10
300765528_8c8f709dda.jpg,3.995128964e-09
2244024374_54d7e88c2b.jpg,6.592693561e-09
2527713011_b0ec25aa54.jpg,-6.846995092e-10
3343197133_9256848fa9.jpg,4.74069169e-09
3668259129_e073af1533.jpg,2.046780912e-09
3510219078_670b6b3157.jpg,4.524592565e-09
3303787342_b258b377b6.jpg,-1.941771802e-09
3219210794_4324df188b.jpg,1.700751192e-09
3063544435_10516c6937.jpg,2.972523741e-09
3100442775_6e2659b973.jpg,2.63539525e-09
3118505332_b0792489b5.jpg,-5.343997758e-10
3595412126_4020d4643b.jpg,-5.322664052e-10
3457604528_302396c08c.jpg,4.793418496e-09
3585488964_1467945775.jpg,-3.321838684e-09
2277299634_e14bdb7ff7.jpg,2.159074437e-09
3259231890_16fe167b31.jpg,7.513859442e-09
2826769554_85c90864c9.jpg,-2.76852085e-09
822836318_21544f0f78.jpg,-1.441354308e-09
3396817186_b299ee0531.jpg,-2.959134116e-11
3553225222_f5ebe44af1.jpg,-2.014023119e-09
2424976964_98f58a0618.jpg,-1.884753469e-09
2165461920_1a4144eb2b.jpg,1.375446692e-09
2693539377_5442430f81.jpg,6.119431972e-09
3400135828_0ac128b6eb.jpg,1.13233324e-09
2825483885_3f7c54db3e.jpg,4.540657348e-10
2880051254_e0ca96b6be.jpg,-5.033819437e-09
3046431231_dc48851062.jpg,2.949105924e-09
263850317_5bb3a18a08.jpg,2.686692115e-09
3687996569_99163a41c3.jpg,-1.322144842e-09
2578161080_e007c9177a.jpg,8.272362744e-11
224702242_a62aaa6dff.jpg,5.527496934e-09
2884252132_5d8e776893.jpg,-1.544286507e-09
3657016761_d553e514d9.jpg,1.51111879e-09
2872963574_52ab5182cb.jpg,1.625756539e-09
2975253472_0f0c2dea70.jpg,1.770833291e-09
3597146852_3d000a5d5f.jpg,-6.561198022e-09
428485639_a82635d6ee.jpg,-4.738818971e-10
2210368267_0615754b48.jpg,-7.745110704e-09
543264612_c53cc163b4.jpg,-3.879424778e-09
3381392182_db2c42430e.jpg,2.887401887e-09
3673165148_67f217064f.jpg,-3.461599569e-09
2790909995_8b7a03d9d1.jpg,6.139295195e-09
3599568766_9e96def0ef.jpg,3.815489364e-09
3478591390_b526580644.jpg,-2.188488164e-09
3222749441_3bdfe088e3.jpg,-2.282190282e-09
35506150_cbdb630f4f.jpg,-4.680716167e-09
3287549827_04dec6fb6e.jpg,-3.753063565e-09
3186556417_b2d6921a20.jpg,-1.445940787e-09
3148193539_de9dd48fc8.jpg,-5.198550439e-09
3494723363_eaa6bc563b.jpg,-1.2062721e-08
348380010_33bb0599ef.jpg,-2.032076592e-09
3559993787_c49644dcc5.jpg,-4.175933263e-09
3299418821_21531b5b3c.jpg,-5.134445172e-10
494907021_321e82877a.jpg,9.46660535e-10
3362189985_fbae8f860a.jpg,4.020231905e-09
1572286502_64e5c4b920.jpg,-9.700661837e-10
2344412916_9a5a9b1c82.jpg,-9.666011217e-11
3182558164_488b819f14.jpg,1.241413156e-09
3558251719_3af5ae2d02.jpg,2.13164736e-09
3461110860_37ef15af8e.jpg,1.071012061e-09
425088533_a460dc4617.jpg,-3.724685432e-09
2208310655_a3d83080c5.jpg,-1.041055818e-09
3019923691_3b3c5a4766.jpg,-3.362846689e-10
251792066_b5233b3d86.jpg,5.183719813e-10
2443380641_7b38d18f5b.jpg,-5.2076154e-09
210126070_0d43b300b9.jpg,-6.640775556e-10
2888386138_578d21033a.jpg,-1.050501493e-09
2100816230_ff866fb352.jpg,-4.136922134e-09
180506881_de0f59770f.jpg,-5.624416717e-10
3244470342_c08f6bb17e.jpg,1.120530891e-09
1808370027_2088394eb4.jpg,3.614980762e-10
2984174290_a915748d77.jpg,4.079956897e-09
2565618804_8d7ed87389.jpg,2.396543766e-09
207275121_ee4dfa0bf2.jpg,-9.940031643e-09
3294202771_e8ee78a439.jpg,-1.128397926e-09
3515451715_ac5ac04efa.jpg,-1.317313677e-09
369186134_5eef374112.jpg,1.732173853e-09
3136688093_568b053bdf.jpg,-8.194633271e-09
3259991972_fce3ab18b2.jpg,3.562124461e-09
3273625566_2454f1556b.jpg,7.29459906e-10
2719101587_4ba70dee14.jpg,1.42688723e-09
300222673_573fd4044b.jpg,1.136815426e-09
3682038869_585075b5ff.jpg,-5.673237075e-09
525887861_4cc7a1beca.jpg,-1.125721613e-09
3123770450_cedc16d162.jpg,-4.52512397e-09
2899594400_61b4f6c114.jpg,8.410704918e-09
2192475933_d779bf42eb.jpg,2.269422381e-09
319870744_0e0138d205.jpg,4.211352298e-09
930748509_8ca5cf5c24.jpg,3.820712673e-09
3618115051_41b5a7706c.jpg,-2.411025018e-09
267836606_bbea2267c8.jpg,-2.059515072e-09
2954525375_9d5ca97341.jpg,5.635010366e-09
3241726740_6d256d61ec.jpg,-3.142978245e-09
3360823754_90967276ec.jpg,-2.028494373e-09
3074617663_2f2634081d.jpg,-6.179251986e-10
470887791_86d5a08a38.jpg,-1.106878206e-09
3261493263_381a4c5cc7.jpg,3.147440835e-10
534200447_b0f3ff02be.jpg,-1.092374839e-09
488352274_9a22064cb3.jpg,-2.998594436e-09
3677734351_63d60844cb.jpg,-1.575895776e-09
2528489543_546c1ca81f.jpg,-2.89298288e-09
3179336562_c3d0c0a3bd.jpg,-1.082216153e-10
3152317129_177b4678b7.jpg,3.051196413e-09
2273799395_5072a5736d.jpg,4.523816761e-09
3260768565_2b725be090.jpg,-2.027067572e-09
2558911884_856dfc3951.jpg,-5.667895412e-10
3166366760_e43cf66eda.jpg,-5.274692661e-09
519754987_51861fea85.jpg,-3.878920818e-09
2340919359_f56787d307.jpg,4.634033675e-09
3176277818_235486a3cd.jpg,1.46496556e-09
2467856402_0490413d38.jpg,-7.461665862e-09
281754914_bc8119a0ed.jpg,-1.926851779e-09
3303797949_339bb969ba.jpg,6.381084911e-09
3593220756_5c416c3ceb.jpg,-4.276640734e-09
3304030264_da3dd18c7b.jpg,-2.554641056e-09
247619370_a01fb21dd3.jpg,1.753251239e-09
3401902253_cd27e6d0fe.jpg,7.308241279e-09
3050114829_18bc5a6d7c.jpg,1.256417028e-09
1129704496_4a61441f2c.jpg,-7.354615866e-10
2266144051_614b2d62b0.jpg,-5.330549249e-09
3712574653_e009f76d19.jpg,3.135747257e-09
502783522_3656f27014.jpg,6.406574253e-09
2218907190_5f43bf5e4d.jpg,3.286897917e-09
3014169370_fc4059352e.jpg,-7.650371771e-10
2679851489_a58780291e.jpg,-4.455495471e-09
2768021570_46bc6325e3.jpg,-7.871882015e-10
3064097919_e536ab9693.jpg,-2.640675453e-09
1299459562_ed0e064aee.jpg,-3.935551327e-09
2593406865_ab98490c1f.jpg,-9.79026158e-10
2141065212_463a6997e1.jpg,4.61239365e-09
3453019315_cfd5c10dae.jpg,-7.352119424e-09
3462512074_2b4db1ffd6.jpg,-3.988297019e-09
3556792157_d09d42bef7.jpg,1.894258557e-09
2643309379_2cde08516c.jpg,6.510199478e-09
2696866120_254a0345bc.jpg,-4.818912103e-10
2706430695_3b5667741c.jpg,-1.308924431e-09
3474406285_01f3d24b71.jpg,3.902567272e-09
2695085448_a11833df95.jpg,4.36218292e-09
2562463210_d0dfd545ca.jpg,1.1002803e-09
3574244361_715ac347cd.jpg,-4.586212609e-09
485741580_ab523fa657.jpg,1.660062076e-09
2480327661_fb69829f57.jpg,-2.177443816e-09
2300168895_a9b83e16fc.jpg,4.576189199e-09
3050264832_4215f2b398.jpg,-2.902340955e-09
458004873_f084c47a88.jpg,-4.004959193e-09
191003285_edd8d0cf58.jpg,4.713683698e-09
2288099178_41091aa00c.jpg,-7.542400765e-09
3274375509_4fe91a94c0.jpg,-3.921467707e-09
3319586526_3994e9cd58.jpg,-1.010381643e-09
2393196444_8f4f540f5f.jpg,1.061861098e-09
2838085973_42b6e9b5b1.jpg,2.149463807e-09
2704362232_7d84503433.jpg,-9.377356032e-10
2045562030_654ddea5e5.jpg,3.742815131e-10
1332492622_8c66992b62.jpg,1.459423544e-09
2367318629_b60cf4c4b3.jpg,5.637840244e-10
2729147877_c3ec3445bf.jpg,4.635242383e-09
481732592_b50194cb89.jpg,3.777605321e-09
2772532341_c4597a94ed.jpg,1.797575774e-09
3017656907_c3b137e070.jpg,-3.045300478e-09
3486538055_bcf4d3dfda.jpg,-7.492492851e-10
2234910971_80e0325918.jpg,3.867791113e-09
2991993027_36ac04e9a0.jpg,8.703624991e-11
2832453252_a06f7826a8.jpg,1.260004088e-09
2527163162_d0fb802992.jpg,-1.682437383e-09
2992658871_ac786d37a6.jpg,-2.388649577e-09
1248357227_2b4175fc39.jpg,4.116851083e-10
2055646179_169807fed4.jpg,1.89364934e-09
3482859574_3908de3427.jpg,3.63014212e-10
2848571082_26454cb981.jpg,-1.943728729e-10
3428386573_670f5362f0.jpg,-2.883025419e-09
2873431806_86a56cdae8.jpg,-8.641752496e-10
2249865945_f432c8e5da.jpg,1.247700309e-09
514905846_b54d13946a.jpg,-1.678426582e-09
469259974_bb03c15c42.jpg,-8.489085535e-09
2900048238_74bd69d87d.jpg,-8.786808411e-09
543603259_ef26d9c72d.jpg,1.474718728e-09
2239938351_43c73c887c.jpg,4.641822701e-10
535309053_ec737abde8.jpg,-1.720445435e-09
2034553054_b00c166895.jpg,-4.078816932e-09
3406930103_4db7b4dde0.jpg,-5.660790794e-09
2096771662_984441d20d.jpg,-5.703002707e-09
2594459477_8ca0121a9a.jpg,5.828552253e-09
3117336911_a729f42869.jpg,1.505234191e-09
3351418768_596ef7fd6f.jpg,7.03248673e-09
3619806638_7480883039.jpg,5.846163646e-09
2603690144_7a28b1d13c.jpg,-5.55841718e-09
3497502407_ec566442c9.jpg,4.265721175e-09
2159447283_fab8c272b0.jpg,-2.005840952e-09
3235746553_a40416c00e.jpg,-1.269171503e-09
2188192752_09d9fc5431.jpg,-4.220786078e-10
3491013009_572cf2c18a.jpg,-4.894133857e-09
3411393875_a9ff73c67a.jpg,3.790031747e-09
3656906086_7034f69ab6.jpg,2.526686668e-09
2720215226_5a98ff2bd3.jpg,5.125110512e-09
2343879696_59a82f496f.jpg,-7.4095082e-10
3283626303_8e23d4a842.jpg,-2.841646982e-09
3171188674_717eee0183.jpg,-1.495596663e-09
3444974984_963fb441a0.jpg,-6.767939919e-10
3354414391_a3908bd4ff.jpg,-8.835914104e-10
3609026563_9c66f2dc41.jpg,-3.210327043e-10
3397220683_4aca010f86.jpg,6.806246484e-10
2684323357_c7a6d05d05.jpg,-4.276759604e-09
3139837262_fe5ee7ccd9.jpg,3.016263752e-09
3522349685_f046f0e250.jpg,3.391395197e-09
3326204251_2f9e446a2f.jpg,-8.824376721e-09
2846037553_1a1de50709.jpg,5.018771267e-09
3366571152_20afb88ac1.jpg,1.234304846e-09
3726076549_0efb38854b.jpg,9.658566711e-10
2201222219_8d656b0633.jpg,4.143888419e-09
224273695_0b517bd0eb.jpg,8.238940547e-09
1679617928_a73c1769be.jpg,6.276738773e-09
3259579174_30a8a27058.jpg,3.826490955e-09
3273489163_8209545810.jpg,-3.129230659e-09
2456030728_d3d147e774.jpg,6.135777099e-09
3622216490_1314a58b66.jpg,-1.708715608e-09
3002920707_5d2e6e6aac.jpg,1.952744053e-09
444057017_f1e0fcaef7.jpg,3.734192198e-09
3490528249_6aae9b867b.jpg,-1.071950003e-09
1472249944_d887c3aeda.jpg,-2.874861818e-09
2714220101_c31db50b10.jpg,-7.623740531e-09
3046190891_05c6ecd9b6.jpg,-9.301391527e-09
2604825598_593a825b5b.jpg,-4.729195618e-09
3098707588_5096d20397.jpg,-2.582554667e-09
307321761_606fc91673.jpg,-6.012597941e-09
757332692_6866ae545c.jpg,3.554991304e-09
3609952704_3719ab0524.jpg,3.784069385e-09
2362481035_a7600875d0.jpg,-3.296623719e-09
2968885599_0672a5f016.jpg,-1.638508629e-09
3174431688_ae84778db0.jpg,4.86904035e-09
1178705300_c224d9a4f1.jpg,3.886101944e-09
2949014128_0d96196261.jpg,7.117076105e-10
3139238055_2817a0c7d8.jpg,-3.941606451e-09
3504881781_6a842e043b.jpg,-7.510785305e-10
478209058_21e2c37c73.jpg,1.196216346e-08
2600442766_e750ec9a56.jpg,9.942825463e-10
3415003392_139c0f3586.jpg,-3.92769481e-09
2285570521_05015cbf4b.jpg,-5.847176151e-09
652542470_60e858da64.jpg,2.343959567e-10
161905204_247c6ca6de.jpg,-6.050476511e-10
3080056515_3013830309.jpg,5.537417141e-09
345785626_9fa59f38ce.jpg,3.586776011e-09
1765164972_92dac06fa9.jpg,4.729650612e-10
3469711377_bc29d48737.jpg,1.444146624e-08
1659396176_ced00a549f.jpg,-2.117989826e-10
2461372011_ebbf513766.jpg,4.290102538e-09
630476551_2ee7399f77.jpg,3.805305844e-09
200771289_31902164a7.jpg,4.113163326e-09
2312984882_bec7849e09.jpg,-1.978331416e-10
3653837067_94050699ec.jpg,1.098441234e-08
1932161768_996eadac87.jpg,3.328734408e-09
1096165011_cc5eb16aa6.jpg,-7.4180167e-09
118309463_a532b75be9.jpg,4.886442178e-09
3366105287_49a4bf71c6.jpg,-4.831317699e-09
2346523971_d3f1e12ce4.jpg,1.355781975e-09
539761097_5c6c70425b.jpg,4.267005272e-09
2268109835_d6edbe1c2b.jpg,1.447710016e-09
3053743109_a2d780c0d2.jpg,-5.082733066e-09
3055716848_b253324afc.jpg,9.424642606e-09
3587092143_c63030ed6d.jpg,-1.663877086e-09
3579842996_3a62ec1bc7.jpg,8.633928705e-10
327997381_55f90dc834.jpg,3.968164692e-09
214501174_6db1f4d69c.jpg,-2.62648244e-09
3562050678_4196a7fff3.jpg,-4.696331024e-09
2281054343_95d6d3b882.jpg,-1.826369782e-09
3046949818_245b05f507.jpg,7.751547107e-09
923550133_ac9d7a2932.jpg,-2.477901553e-09
2508918369_2659db1cb6.jpg,-7.57380442e-09
3687996279_05b5a2a706.jpg,-2.715885245e-09
391020801_aaaae1e42b.jpg,3.027587701e-09
1262077938_8b9516c273.jpg,-4.921350353e-10
3439382048_d2e23b2b4c.jpg,-6.351147537e-09
470903027_489cc507de.jpg,5.108681822e-09
3569284680_44fef444ef.jpg,-3.868598898e-10
440190907_bf8b7ba8ef.jpg,1.966894857e-09
482830610_13a0a6c924.jpg,-2.500736464e-09
428408242_b32faf2240.jpg,-1.370008778e-09
3071676551_a65741e372.jpg,-3.363339253e-09
458183774_afe65abf67.jpg,-4.328566285e-09
3351704877_28dea303aa.jpg,-4.259636422e-09
3069037969_bb7319e0dc.jpg,-1.703796869e-09
2385871317_44cde2f354.jpg,7.077282489e-09
3604383863_5e387cb8e6.jpg,-1.532048755e-09
234241682_51d9fabb27.jpg,-6.251892562e-09
2502354602_f4d6dcf42d.jpg,-7.574924513e-09
36422830_55c844bc2d.jpg,5.747839063e-09
3065560742_f6e266ccd9.jpg,-6.722607981e-09
2842865689_e37256d9ce.jpg,-2.636211945e-09
872512911_ca383b40e4.jpg,1.072803192e-09
2252403744_148fc11f68.jpg,-6.516722901e-09
2073964624_52da3a0fc4.jpg,3.204013557e-09
3151860914_46e30cd5ea.jpg,2.183978497e-09
3124838157_7ef96745b7.jpg,-1.906971338e-09
3371567529_606fa3452b.jpg,6.093175387e-09
3119076670_64b5340530.jpg,-1.746077601e-10
3674565156_14d3b41450.jpg,-3.899664794e-09
2205336881_d9ee4179d3.jpg,-4.623351161e-10
1355945307_f9e01a9a05.jpg,1.23307369e-09
269986132_91b71e8aaa.jpg,-1.706388543e-09
3490867290_13bcd3a7f0.jpg,1.00176219e-09
2556392380_ee57514233.jpg,1.542426088e-09
2335619125_2e2034f2c3.jpg,2.138249444e-09
12830823_87d2654e31.jpg,-4.33724442e-09
226531363_33ac01d931.jpg,2.847537182e-09
2320125735_27fe729948.jpg,8.536466386e-09
2267819545_446c5a3e18.jpg,4.764755353e-09
294098577_c10f32bcfa.jpg,-2.605172875e-09
510531976_90bbee22a2.jpg,2.740387692e-09
528498076_43f0ef36b5.jpg,-1.990808998e-09
2301525531_edde12d673.jpg,2.201114094e-09
1174629344_a2e1a2bdbf.jpg,-1.714869327e-09
929679367_ff8c7df2ee.jpg,-1.355078291e-09
300550441_f44ec3701a.jpg,-2.421531496e-09
3295391572_cbfde03a10.jpg,3.976750224e-09
3042679440_010b2c596c.jpg,-8.295884469e-09
2496399593_a24954a5ca.jpg,-8.506044563e-10
2554531876_5d7f193992.jpg,-7.653256415e-09
2626158969_ac09aeb88d.jpg,-7.188855719e-10
1468103286_96a6e07029.jpg,6.511861117e-10
3053415073_5b667230ed.jpg,-1.37054274e-09
2994104606_bc2df6c1f4.jpg,4.481828982e-09
2120571547_05cd56de85.jpg,2.062390347e-10
2139519215_8ca16dd192.jpg,-1.308875493e-08
2679565682_91ecd283ff.jpg,-3.417761111e-10
2873445888_8764699246.jpg,-2.777907913e-09
2882483779_73c171ac19.jpg,4.438857262e-09
3539767254_c598b8e6c7.jpg,-7.951578278e-10
3089107423_81a24eaf18.jpg,1.77490109e-09
111537217_082a4ba060.jpg,-7.60938625e-09
2699125097_c6801d80ed.jpg,1.727667672e-09
3175446111_681a89f873.jpg,5.459630738e-09
3574627719_790325430e.jpg,4.302756696e-10
3163198309_bbfe504f0a.jpg,5.163067753e-09
2419797375_553f867472.jpg,-4.626237093e-09
510791586_3913ade6a7.jpg,2.124523926e-09
360723732_23199af4bf.jpg,3.537653282e-09
3137061312_eb5fdcf3fd.jpg,7.350628752e-09
2648165716_02e2e74fd6.jpg,-3.031537469e-09
3549614763_42f34f3d1e.jpg,4.787334199e-09
3564385317_1bf5094068.jpg,-8.999697132e-09
3598447435_f66cd10bd6.jpg,1.854000465e-09
2216568822_84c295c3b0.jpg,-2.51679232e-10
3400082864_9c737c1450.jpg,1.519166449e-09
2584412512_6767593f24.jpg,-2.995682334e-09
3224227640_31865b3651.jpg,-6.850614429e-09
443430496_3fea95a07d.jpg,5.402954329e-09
438639005_208bc59b0b.jpg,7.096238449e-10
330325191_63e11d9c93.jpg,9.177761444e-09
106514190_bae200f463.jpg,1.063788337e-09
3396275223_ee080df8b5.jpg,-5.056745715e-09
3211316116_a2462e327d.jpg,3.339479805e-10
2215165918_2bf5b659dd.jpg,6.588325398e-09
141755292_7a0b3364cf.jpg,1.900365139e-09
3218861747_5c5c547b66.jpg,-7.510463227e-09
3041487045_b48ac7ed08.jpg,-4.884895999e-09
2991375936_bf4b0a7dc0.jpg,1.228039924e-09
3241892328_4ebf8b21ce.jpg,-3.00973661e-09
3183777589_460a4f445b.jpg,7.573491418e-09
3047749814_621ed0786b.jpg,1.548293293e-09
3002448718_a478c64fb4.jpg,-1.392640478e-09
3673878924_506c9d767b.jpg,-2.848967617e-09
3473534758_1ae3847781.jpg,-1.695586245e-09
2514612680_b0d2d77099.jpg,1.982040888e-09
1691573772_1adef8e40e.jpg,-8.705609212e-10
3225310099_d8e419ba56.jpg,5.090102904e-10
3275065565_9e2a640fbc.jpg,4.230172728e-09
418667611_b9995000f4.jpg,-7.024345053e-09
3459871361_92d1ecda36.jpg,3.22724156e-09
3069282021_e05e1829f3.jpg,1.044924546e-09
3678100844_e3a9802471.jpg,-6.183327234e-09
1470536919_1f3fd6c65a.jpg,6.236934881e-09
3335375223_b4da8df523.jpg,-1.191473024e-08
3316725440_9ccd9b5417.jpg,2.059853928e-09
2226440063_c085b30558.jpg,3.04477428e-09
1093716555_801aacef79.jpg,-7.497240135e-10
3464871350_3f2d624a9c.jpg,-3.799020621e-10
634891010_9fa189effb.jpg,5.686440808e-09
2079554580_f18d5c181b.jpg,8.160665253e-10
2868776402_aef437e493.jpg,2.713359071e-09
1600208439_e94527b80f.jpg,1.7591439e-10
133189853_811de6ab2a.jpg,-3.940988598e-11
2474918824_88660c7757.jpg,2.834425942e-10
2797438951_88a3ed7541.jpg,-4.781937125e-09
3613705104_46d854134e.jpg,5.177190537e-09
2980118787_2099de53ec.jpg,-4.840511862e-09
3319020762_d429d56a69.jpg,2.053489775e-09
3540416981_4e74f08cbb.jpg,-4.449057198e-09
3429465163_fb8ac7ce7f.jpg,1.91240541e-09
2565237642_bdd46d7cef.jpg,-1.946968806e-09
3365783912_e12c3510d8.jpg,-7.710855682e-09
1042590306_95dea0916c.jpg,-3.484971383e-09
2925577165_b83d31a7f6.jpg,4.74443166e-09
3230132205_dccfafa5ee.jpg,-8.944071648e-10
462198798_89e2df0358.jpg,5.775405734e-10
2570559405_dc93007f76.jpg,-2.172801857e-09
2847514745_9a35493023.jpg,-1.767117058e-10
3601843201_4809e66909.jpg,8.68817046e-10
1457762320_7fe121b285.jpg,6.79527451e-10
1095980313_3c94799968.jpg,-1.476256314e-09
300500054_56653bf217.jpg,-3.028434472e-09
2240539658_dea8db6e55.jpg,1.378152489e-09
3266399073_40820596d5.jpg,-1.068380311e-11
3374223949_90776ba934.jpg,3.245143967e-10
3197917064_e679a44b8e.jpg,-3.420793955e-09
3426966595_c8c4e1e872.jpg,5.898345554e-09
3346289227_198fced308.jpg,1.429502126e-09
3094064787_aed1666fc9.jpg,3.911014093e-09
211981411_e88b8043c2.jpg,3.20972353e-09
3279988814_d3693dcb6c.jpg,5.567417452e-09
3084011664_76d37c6559.jpg,-4.066702905e-09
2561751298_320eef38ec.jpg,-2.034854039e-09
3595992258_6f192e6ae7.jpg,3.27037355e-09
3044500219_778f9f2b71.jpg,1.107560391e-08
1557451043_f5c91ff6f4.jpg,2.8288112e-09
465994762_1760e83c5d.jpg,-1.227506129e-09
1207159468_425b902bfb.jpg,4.806815214e-09
3376898612_41c91de476.jpg,2.998415174e-09
2662890367_382eaf83bd.jpg,3.883249829e-09
3409740108_1505489537.jpg,-2.564741946e-09
1355935187_2c99648138.jpg,6.440146539e-09
140377584_12bdbdf2f8.jpg,-2.374996404e-09
3043904009_3b5e0412cd.jpg,-1.317636189e-10
1865794069_6e3a1e57bb.jpg,2.449217448e-09
2314732154_83bc7f7314.jpg,-1.722010009e-09
2934359101_cdf57442dc.jpg,1.7051686e-09
2744321686_8811d8428c.jpg,-4.148924129e-09
2195620255_6693479734.jpg,2.194715916e-09
3411022255_210eefc375.jpg,-1.074567987e-09
2783620390_02c166c733.jpg,2.715973271e-09
3431860810_44277cd360.jpg,-2.728396479e-09
2726262796_03bd63a155.jpg,1.08871856e-10
2120411340_104eb610b1.jpg,1.305507001e-08
523327429_af093fc7cf.jpg,-2.621484446e-09
872135364_8c1e47d163.jpg,2.331996465e-09
1980882959_9a161f3469.jpg,5.126496144e-11
444803340_fdcaab86f9.jpg,-5.220528044e-10
3294717824_3bb7b5d1c8.jpg,2.905178512e-09
1464120327_d90279ca3a.jpg,1.159187636e-09
1167669558_87a8a467d6.jpg,-7.751694379e-09
3096918227_f9d26a7db2.jpg,-6.662356391e-10
2949497756_be8e58e6bd.jpg,2.14363297e-09
3608849440_e7d2bed29f.jpg,-5.413430242e-10
2199793371_343809ff70.jpg,-1.164779681e-09
2951750234_a4741f708b.jpg,-3.632822121e-09
2884420269_225d27f242.jpg,-5.510679864e-09
3447876218_4ccf42d7a0.jpg,5.546138058e-09
3590557969_d0270d518b.jpg,4.215155612e-09
3373870185_f79163fa51.jpg,-1.240993987e-09
494221578_027f51cdf4.jpg,-5.951138112e-09
2671602981_4edde92658.jpg,3.23994395e-09
3293751136_b0ce285dc3.jpg,3.023802807e-09
3364715316_df8c20bac1.jpg,6.170625225e-10
3405942945_f4af2934a6.jpg,7.398685442e-09
1991806812_065f747689.jpg,-3.685682818e-09
2926233397_71e617f3a3.jpg,6.888787329e-09
3084731832_8e518e320d.jpg,-3.278695015e-09
2502079538_10ef2e976b.jpg,7.455284129e-09
3111402233_6285bcba7a.jpg,-7.013642299e-09
3132903412_b4780d0ccf.jpg,-2.074670043e-09
241345323_f53eb5eec4.jpg,8.579412327e-10
3277824093_299cbb3138.jpg,1.215987741e-09
3540155303_08225a4567.jpg,-5.411937608e-09
823697339_aadbeef495.jpg,4.537421215e-09
58357057_dea882479e.jpg,7.665954757e-10
3335692531_dd4a995f91.jpg,-5.861107878e-09
3253060519_55d98c208f.jpg,3.473149535e-09
3339747039_1a8455c210.jpg,-2.987224198e-09
3534952095_975cca0056.jpg,2.967452765e-09
2987121689_f9de6c479b.jpg,1.244553285e-09
2860040276_eac0aca4fc.jpg,-3.584565641e-09
3326454455_960e5442e9.jpg,-6.039196371e-09
3109268897_d43797fc6a.jpg,1.662055878e-09
2752809449_632cd991b3.jpg,-1.350477526e-09
2398605966_1d0c9e6a20.jpg,-3.256397826e-09
3491607076_922ec561d9.jpg,-5.521664453e-10
3398276602_c7d106c34f.jpg,-1.774671123e-09
656260720_a7db4ce48b.jpg,-2.190758044e-09
316577571_27a0e0253e.jpg,1.008636958e-08
2709536455_2a6046e38a.jpg,2.857366487e-09
3437107047_715c60e9c8.jpg,3.195473094e-09
3146232740_df3da0163b.jpg,5.396732417e-10
3690189273_927d42ff43.jpg,-5.528799808e-09
143680966_0010ff8c60.jpg,-2.221657848e-09
2085726719_a57a75dbe5.jpg,7.769676018e-10
3415165462_e1cb536d08.jpg,4.665900893e-09
1277185009_06478dd457.jpg,1.903360915e-09
136644343_0e2b423829.jpg,-4.50943762e-09
1835511273_790eaae6e6.jpg,2.0428649e-09
2688102742_885e578a3f.jpg,-9.953216845e-11
765929807_de381cc764.jpg,1.655880534e-09
3197891333_b1b0fd1702.jpg,3.827929621e-09
393284934_d38e1cd6fe.jpg,4.566731846e-09
3442242092_e579538d82.jpg,-1.945688947e-09
3640743904_d14eea0a0b.jpg,-2.869857966e-10
717673249_ac998cfbe6.jpg,1.687321436e-09
1466479163_439db855af.jpg,-1.150354975e-09
3626964430_cb5c7e5acc.jpg,4.568869095e-09
3244586044_205d5ae2ba.jpg,-1.992971953e-11
3662406028_29b9e46a6f.jpg,2.973333196e-09
3421928157_69a325366f.jpg,-5.614923864e-09
2662262499_3cdf49cedd.jpg,6.031934082e-10
3264350290_f50494e835.jpg,-3.015473112e-09
3257182199_5fda78d870.jpg,-4.888888693e-09
613900608_2e49415772.jpg,3.336109501e-09
3191027142_33e86636ca.jpg,-3.557768453e-09
3736786640_70df13be2c.jpg,-5.758909417e-09
3354075558_3b67eaa502.jpg,5.639084965e-09
3613800013_5a54968ab0.jpg,3.38982978e-09
3724487641_d2096f10e5.jpg,-2.42046005e-09
3326588088_172d1b2584.jpg,1.091573346e-09
3169591322_d0b6d0cd04.jpg,-3.36108909e-09
2355578735_286af5b202.jpg,-2.356961822e-09
3635991166_f95304af0a.jpg,3.735120669e-09
247617754_4b1137de8c.jpg,4.140791021e-09
2480668859_6f9b46be6a.jpg,2.364157612e-09
378170167_9b5119d918.jpg,-9.405546698e-10
2780105274_52360c4cca.jpg,-3.005298958e-09
3308997740_91765ecdcc.jpg,-4.403837342e-09
3650188378_cc8aea89f0.jpg,2.756668083e-09
2976350388_3984e3193d.jpg,3.653785865e-10
3086523890_fd9394af8b.jpg,9.186437241e-10
3040575300_0e4328d205.jpg,-2.281853684e-09
3217056901_fe2c70377d.jpg,-4.729378446e-09
143552829_72b6ba49d4.jpg,-1.37970174e-09
3029472296_d429b1586c.jpg,-1.555370271e-09
1490670858_e122df2560.jpg,-5.651153723e-09
3118534315_cc03e5ddab.jpg,9.635216192e-09
2657484970_610e18144f.jpg,-3.265924261e-09
3620492762_7f6a9b4746.jpg,-1.37651971e-08
2887744223_029f2fd5fe.jpg,1.628991139e-09
3315726723_64c9b0a945.jpg,1.287330719e-09
2112921744_92bf706805.jpg,-9.994450061e-09
42637987_866635edf6.jpg,-3.899648049e-09
927420680_6cba7c040a.jpg,3.261398949e-10
3580741947_cc64a83648.jpg,-6.522456781e-11
3549673305_4dfd44e04a.jpg,2.928878584e-09
3633396324_c4b24b1f51.jpg,1.468136359e-09
222369445_5b6af347dd.jpg,-6.18867136e-10
1476002408_4256b7b2fa.jpg,-9.555373466e-09
2469351714_d72becd21e.jpg,-4.17427664e-09
3248352729_ab264b2222.jpg,-7.851532329e-09
2004674713_2883e63c67.jpg,-1.10086005e-09
3603301825_5817727be2.jpg,-6.722253539e-09
2074146683_7c83167aa1.jpg,-1.89661688e-09
218342358_1755a9cce1.jpg,3.292331611e-09
2973638173_0dc21fd443.jpg,3.768120491e-09
124195430_d14028660f.jpg,-7.621901986e-09
3471066276_fb1e82e905.jpg,-3.394155464e-09
241346885_f519ece460.jpg,2.389074445e-09
1439282131_3814d6ae04.jpg,1.683919463e-09
3174417550_d2e6100278.jpg,3.99517584e-09
55135290_9bed5c4ca3.jpg,-3.543244758e-10
244867897_d00369a779.jpg,-1.431003205e-09
2284239186_c827f4defa.jpg,8.57289977e-09
3661072592_2e693cd5a0.jpg,-1.019127967e-09
421322723_3470543368.jpg,5.218073861e-10
3695064885_a6922f06b2.jpg,-5.503487268e-09
2181846120_3744ca3942.jpg,5.638247902e-10
2591455200_2319651f2f.jpg,-1.84919867e-09
3525841965_7814484515.jpg,4.129318686e-10
3621329299_6fb3f2935c.jpg,-2.258310826e-09
1480712062_32a61ad4b7.jpg,-4.854708432e-09
2310108346_e82d209ccd.jpg,3.071708931e-09
1359101233_16c2c150e3.jpg,-1.48284159e-09
3327563443_870a33f748.jpg,-3.533880087e-09
180094434_b0f244832d.jpg,-5.524869154e-09
2448793019_5881c025f9.jpg,-3.587601523e-09
2862676319_a9dab1309f.jpg,-2.169314639e-09
3159995270_17334ccb5b.jpg,6.186488729e-09
3625957413_e475943aa3.jpg,-8.116469217e-10
3626475209_f71cdd06bd.jpg,2.038517419e-09
3262647146_a53770a21d.jpg,-5.274375523e-09
3649387275_75295baa28.jpg,-1.917609777e-09
3305895920_100a67d148.jpg,-6.761158072e-09
2855695119_4342aae0a3.jpg,3.019057822e-09
3566111626_9a35a7b2c0.jpg,-3.926621695e-09
464116251_1ac4bc91f8.jpg,-7.982148879e-10
3702436188_2c26192fd0.jpg,1.274498974e-09
2689358407_9932f1b20c.jpg,-2.577363431e-09
1454678644_7e5a371301.jpg,3.375068775e-09
310715139_7f05468042.jpg,-4.414154436e-09
2921198890_6f70dfbf4c.jpg,2.848058514e-10
578274277_652cae32ba.jpg,2.210636729e-09
484896012_7787d04f41.jpg,2.591921739e-09
3262849619_0bc4f88ef9.jpg,-4.303597622e-09
2848266893_9693c66275.jpg,5.607367437e-09
207237775_fa0a15c6fe.jpg,2.024386455e-09
3016606751_0e8be20abd.jpg,-2.939610469e-09
3588417747_b152a51c52.jpg,4.331169409e-09
3528902357_be2357a906.jpg,1.158443589e-08
539705321_99406e5820.jpg,2.408717888e-09
3066338314_2c3fb731d1.jpg,-1.380704769e-09
2348924378_47e556d81a.jpg,-1.063908476e-08
179009558_69be522c63.jpg,-9.653130956e-11
2695085862_2ed62df354.jpg,4.133196262e-10
3516267455_ca17cc1323.jpg,-6.111455402e-09
1215334959_b1970965f7.jpg,3.227759117e-09
3092200805_dd1f83ddbe.jpg,3.265673785e-09
541063517_35044c554a.jpg,-7.015448339e-09
3604314527_5077cd9d43.jpg,2.197325598e-09
96978713_775d66a18d.jpg,1.248880256e-08
3255732353_fbc487aefc.jpg,-5.893846442e-10
201682811_105241dee3.jpg,-6.850929519e-10
2245618207_fa486ba2b7.jpg,4.878973161e-09
860928274_744d14f198.jpg,-3.547669499e-09
3085357792_efcf297c71.jpg,-2.521247823e-09
3297272270_285b8878b2.jpg,-4.021515978e-09
3050650135_23f9d9d2f8.jpg,-1.258613818e-09
2429272699_8a9699775e.jpg,-5.140478972e-09
2765029348_667111fc30.jpg,-5.127456115e-09
3358380484_b99b48f0c9.jpg,-3.239060161e-09
3106883334_419f3fb16f.jpg,2.274502349e-09
160541986_d5be2ab4c1.jpg,-1.592476097e-09
572618443_647483ca82.jpg,2.040371652e-09
3563668905_689ed479c5.jpg,6.936875101e-09
386656845_4e77c3e3da.jpg,-2.911257736e-10
3433259846_800a6079f0.jpg,-8.49616836e-10
3506607642_40037b3fbf.jpg,-5.981082059e-09
3509575615_653cbf01fc.jpg,-1.238064496e-09
615916000_5044047d71.jpg,2.51779342e-10
382701159_f98c1988cd.jpg,4.86393951e-09
957682378_46c3b07bcd.jpg,-9.838643868e-09
3047264032_14393ecea8.jpg,3.722755689e-09
3474958471_9106beb07f.jpg,-2.16562066e-09
3241487502_f4f0cc4a8a.jpg,2.508559514e-09
3535084928_858544f49a.jpg,1.008916167e-11
3541141771_67d305c873.jpg,2.552044762e-09
3465791729_5bf9bd8635.jpg,-2.126756784e-09
2040941056_7f5fd50794.jpg,3.613790456e-09
3229282764_a4a515f4e2.jpg,1.01489663e-08
347186933_880caaf53b.jpg,1.6043422e-09
3552796830_2dd2aa9c2c.jpg,-7.683125155e-09
398662202_97e5819b79.jpg,-6.873919468e-09
396360611_941e5849a3.jpg,3.845428084e-09
3652572138_34d6b72999.jpg,3.463843243e-10
3150440350_b0f2a9e774.jpg,5.961847813e-09
3646927481_5e0af1efab.jpg,-6.492967583e-09
2813992915_f732cf8539.jpg,6.385831596e-10
241031670_e60f59b8e4.jpg,9.489767989e-10
179829865_095b040377.jpg,-5.501193137e-09
393810324_1c33760a95.jpg,-6.721011305e-09
3547600292_6f8aac7f2e.jpg,-5.662167288e-09
2512876666_9da03f9589.jpg,1.841944242e-09
3121482932_f77ca12c01.jpg,-2.221208488e-09
390671130_09fdccd52f.jpg,2.196590572e-09
3524436870_7670df68e8.jpg,2.776950478e-09
2893515010_4a3d9dcc67.jpg,-2.252212964e-09
2289212650_69de7a20b2.jpg,-1.163299177e-09
2394267183_735d2dc868.jpg,2.166500513e-09
3578068665_87bdacef6a.jpg,8.160476645e-11
2460823604_7f6f786b1c.jpg,-9.717510768e-10
2844846111_8c1cbfc75d.jpg,-4.816521973e-09
217583047_5e93e1e119.jpg,2.295956972e-09
2195419145_36722e8d54.jpg,-1.878273631e-09
2074764331_90a9962b52.jpg,5.286458722e-10
3019917636_4e0bb0acc4.jpg,5.846625776e-09
2561212119_1af8cb9b5d.jpg,-1.177334451e-09
3333039854_461329aac2.jpg,-2.482016047e-09
2895700779_fac1d9d278.jpg,1.367905506e-09
3218889785_86cb64014f.jpg,-1.287307034e-09
2521062020_f8b983e4b2.jpg,-1.618162171e-09
2043520315_4a2c782c90.jpg,4.139480657e-11
3220126881_b0a4f7cccb.jpg,-3.880242811e-10
2942798367_022df04b49.jpg,-7.909280787e-09
3718305988_fe2c91fd44.jpg,-3.575650777e-09
365274901_576b0f8241.jpg,-2.574492925e-09
3204686006_88f04547b9.jpg,-3.059258082e-09
917574521_74fab68514.jpg,8.518079188e-10
2557922709_24d2a9655a.jpg,4.827753049e-09
3507670136_2e5f94accf.jpg,-2.350296832e-09
1718184338_5968d88edb.jpg,-3.206169318e-09
2510020918_b2ca0fb2aa.jpg,9.584840191e-10
3195188609_01afbe46e6.jpg,-3.762653931e-09
498957941_f0eda42787.jpg,4.038204903e-10
3433982387_3fa993cf5a.jpg,-8.521839525e-09
496971341_22782195f0.jpg,3.162328187e-09
3188319076_71724fcc07.jpg,-4.88796781e-09
3500139659_b2a60b0141.jpg,-1.281745636e-09
3683592946_262e9bfbfd.jpg,-2.014094179e-09
405253184_5f611f3880.jpg,-1.03365059e-09
3303648823_53cf750acd.jpg,-5.651371728e-09
241347635_e691395c2f.jpg,-6.176033315e-09
3143991972_7193381aeb.jpg,-4.033470811e-09
3344798356_5cc41f7939.jpg,-3.928733485e-09
3609999845_faf5d2fe74.jpg,-3.134340428e-09
2684489465_32ba1d0344.jpg,-1.655099728e-09
3017373346_3a34c3fe9d.jpg,-5.073909535e-09
3354200211_35348e47d8.jpg,2.086968774e-09
469029994_349e138606.jpg,-2.780660673e-09
842961005_692737888e.jpg,5.582353672e-09
3712742641_641282803e.jpg,-1.290276068e-09
2097403787_77a154f5b9.jpg,3.855470308e-11
3203878596_cbb307ce3b.jpg,3.795675521e-09
2744600462_5804577296.jpg,8.508981563e-09
3670918456_68631d362a.jpg,-2.481366696e-09
3565655045_8eb00b7423.jpg,1.411341372e-09
3324746155_71e14f60ce.jpg,-2.09176131e-09
3570800810_978c993133.jpg,-4.709152854e-11
775664534_3f6de7d413.jpg,7.512485833e-09
2367139509_1ee4530b28.jpg,5.97833444e-09
2702506716_17a7fb3ba4.jpg,-5.55278977e-10
3319058642_885d756295.jpg,-4.92878703e-09
3723690961_729dd5d617.jpg,5.257338474e-09
434433505_966e50e17d.jpg,4.714706116e-09
539751252_2bd88c456b.jpg,-4.626978714e-09
3538686658_30afc75f02.jpg,-4.528582943e-09
2226587791_66e29dd01d.jpg,-1.914812426e-09
1659358133_95cd1027bd.jpg,-5.872680992e-10
2662845514_8620aaee96.jpg,4.934182592e-09
3567604049_da9e1be4ba.jpg,-1.610733078e-09
2461631708_decc5b8c87.jpg,1.97996814e-09
2102315758_a9148a842f.jpg,-4.940608134e-09
241345656_861aacefde.jpg,-8.395645781e-10
3016200560_5bf8a70797.jpg,4.704231092e-09
1394368714_3bc7c19969.jpg,-2.306163461e-10
2470493181_2efbbf17bd.jpg,-1.811554152e-10
2071309418_1d7580b0f0.jpg,-3.319485583e-09
3687062281_e62f70baf3.jpg,2.968787191e-09
3178599352_c57fdebcd2.jpg,1.581587376e-11
1225443522_1633e7121f.jpg,1.09925364e-08
244443352_d7636e1253.jpg,5.935986277e-09
2991994607_06f24ec7a6.jpg,-8.80955896e-09
2353088412_5e5804c6f5.jpg,-3.487640059e-09
2866093652_aa717eb9ce.jpg,1.896794685e-09
1562478333_43d13e5427.jpg,-4.224181789e-09
2073105823_6dacade004.jpg,-2.62378035e-09
3603870481_1ebc696d91.jpg,-1.002237367e-08
2588456052_8842b47005.jpg,7.644425889e-09
587604325_af5d6df679.jpg,-4.102856304e-09
2689001252_e0016c89f0.jpg,-8.296298911e-09
3358558292_6ab14193ed.jpg,1.004762453e-08
3393926562_66cc01b001.jpg,6.23967336e-09
2125216241_5b265a2fbc.jpg,-1.097312939e-09
3451984463_37ac1ff7a8.jpg,-8.352934614e-09
510510783_b2cf5d57bb.jpg,2.170007078e-09
2472720629_d9a6736356.jpg,-4.521618949e-09
1361420539_e9599c60ae.jpg,1.016901449e-09
3184112120_6ddcd98016.jpg,5.86768095e-09
2680990587_eee6bd04fb.jpg,4.170058111e-09
143688283_a96ded20f1.jpg,2.660863104e-09
2187222896_c206d63396.jpg,-3.456228302e-10
3639105305_bd9cb2d1db.jpg,5.483632804e-09
532999240_1409d073be.jpg,-6.662932032e-09
3710353645_8fbfaa4175.jpg,7.969711613e-10
391106734_d374bc3080.jpg,1.584604403e-09
3308171165_20f93d2fba.jpg,-1.734745984e-09
909808296_23c427022d.jpg,6.813373032e-09
114051287_dd85625a04.jpg,5.632222119e-09
3136043366_b3f8607a0e.jpg,-3.103034124e-09
1799188614_b5189728ba.jpg,5.368150904e-09
899810584_61e1578d3f.jpg,-6.485194909e-10
3654103642_075f8af4f4.jpg,-3.961999393e-09
3187395715_f2940c2b72.jpg,-3.665798068e-09
1280320287_b2a4b9b7bd.jpg,-1.876239935e-09
3458211052_bb73084398.jpg,-2.699401194e-09
1928319708_ccf1f4ee72.jpg,-6.918981234e-10
3203742047_6a55065411.jpg,-2.065247194e-09
1663751778_90501966f0.jpg,-3.874228458e-09
2394922193_310166d6af.jpg,1.345681597e-09
2687229880_97cfd8148e.jpg,-2.998803115e-09
2837640996_0183db8d93.jpg,-1.620372925e-09
2578834476_118585730d.jpg,4.618342214e-09
2876993733_cb26107d18.jpg,-8.724753994e-10
3435035138_af32890a4c.jpg,-1.465128447e-09
2085255128_61224cc47f.jpg,-6.450673131e-09
1511807116_41c3645e8c.jpg,4.615133111e-09
2856700531_312528eea4.jpg,-9.866093668e-10
2938120171_970564e3d8.jpg,-4.047963652e-09
2355880294_8f78a6fea6.jpg,2.479998562e-09
535830521_aa971319fc.jpg,5.062181738e-09
2699342860_5288e203ea.jpg,4.282823251e-09
3521374954_37371b49a4.jpg,-7.891223454e-10
2969380952_9f1eb7f93b.jpg,-1.928141265e-09
113678030_87a6a6e42e.jpg,3.585730644e-09
3154886184_ac842655b6.jpg,-2.212555697e-10
2495931537_9b8d4474b6.jpg,-2.610988798e-09
3223809913_ae15d14d9a.jpg,-2.176172823e-09
1752454466_723790dbd6.jpg,-5.821649009e-09
3587009091_37188fd07e.jpg,5.123083999e-09
733965014_1a0b2b5ee9.jpg,-1.896749299e-09
3307563498_e2b4f19272.jpg,4.350005344e-09
2759596272_e0ce0a965a.jpg,-1.349957581e-09
3578477508_b7d839da16.jpg,-8.151460781e-10
3724113279_99b6e5bf41.jpg,3.59232079e-09
3516935867_78cf63c69c.jpg,1.092526175e-09
2745663684_650f84e1e6.jpg,-3.553046498e-09
2286236765_2a63eeb550.jpg,-5.666016264e-09
554526471_a31f8b74ef.jpg,3.849899694e-09
3420278866_1d17c12713.jpg,-1.456586843e-09
771048251_602e5e8f45.jpg,4.228059528e-09
2735158990_56ff6bf9b0.jpg,-1.103420563e-11
3443703471_14845d8850.jpg,3.561593919e-09
3538527033_df13112d51.jpg,-3.254232967e-09
416960865_048fd3f294.jpg,5.101920293e-11
2683985894_167d267dcb.jpg,2.653097475e-10
3643074723_94d42b7a0c.jpg,7.841942502e-11
3242263536_a436f19257.jpg,-1.149204299e-09
3181599388_68559cfc17.jpg,-2.559993146e-09
1475046848_831245fc64.jpg,-4.382496075e-09
3482314155_bd1e668b4e.jpg,-5.514762733e-09
3265864834_e0229020dd.jpg,-6.390169921e-09
3263141261_db3a4798b5.jpg,1.175847233e-08
127488876_f2d2a89588.jpg,-1.851993161e-09
2873252292_ebf23f5f10.jpg,3.586263723e-09
440184957_267f3f3a2b.jpg,-2.674383335e-09
2632366677_43dee456a5.jpg,4.653989389e-10
2423550887_ffc9bbcf71.jpg,-1.346802771e-09
106490881_5a2dd9b7bd.jpg,3.585429952e-09
2824401212_8da8ab99d6.jpg,8.014002519e-10
3107513635_fe8a21f148.jpg,-7.813239629e-10
2420696992_22e0dd467d.jpg,-8.474719678e-09
2624044128_641b38c0cf.jpg,9.431056573e-10
3106857210_07a92577fc.jpg,-1.135913454e-08
142802798_962a4ec5ce.jpg,3.149821589e-09
3133825703_359a0c414d.jpg,2.873250572e-09
260231029_966e2f1727.jpg,-2.46239844e-09
3719461451_07de35af3a.jpg,8.479757315e-09
2752923489_d3bceebacb.jpg,-3.257050275e-10
495340319_705f2e63d6.jpg,-3.462460206e-09
3271385712_ffd34f2de5.jpg,-7.916727837e-09
3656151153_b4ed5d94c4.jpg,-2.516637532e-09
2875528143_94d9480fdd.jpg,6.245508369e-09
878758390_dd2cdc42f6.jpg,3.731835445e-09
557721978_dfde31bc02.jpg,-6.802505636e-09
241346105_c1c860db0d.jpg,-6.073932008e-09
146100443_906d87faa2.jpg,5.563806226e-09
511749704_3037806cb1.jpg,2.465175601e-09
3341077091_7ca0833373.jpg,4.104015211e-09
2932740428_b15384f389.jpg,1.708389358e-09
382151094_c7376cf22b.jpg,1.901923847e-09
2460159430_71ab1aacfa.jpg,3.368582486e-10
3193511842_82549c21fb.jpg,-2.773964433e-09
397286183_745abbf40d.jpg,-1.799025682e-09
241031254_0c6f30e3d1.jpg,-2.828686475e-09
3042488474_0d2ec81eb8.jpg,-2.040749074e-09
3348385580_10b53391f9.jpg,3.435689837e-10
3455920874_6fbec43194.jpg,-2.679933405e-09
307301755_48919ef1b2.jpg,-6.07800746e-09
3343116398_59a5341f7f.jpg,-4.859336813e-09
2600883097_aca38cc146.jpg,8.452386526e-09
422763475_0bc814dac6.jpg,8.487803413e-09
543326592_70bd4d8602.jpg,8.066195323e-09
2525232298_cf42d415ab.jpg,3.034342906e-09
3665179773_dd217416fc.jpg,-3.421739667e-09
3765374230_cb1bbee0cb.jpg,-1.590938882e-09
799486353_f665d7b0f0.jpg,-3.804130475e-09
664341930_bd5c8b60ea.jpg,5.416536566e-10
2971211296_2587c3924d.jpg,2.032990891e-09
3691729694_2b97f14c1e.jpg,1.920359733e-09
3294830188_e46bd9b93c.jpg,-3.582308201e-09
3521201948_9049197f20.jpg,-7.185431814e-09
2455528149_6c3477fd33.jpg,-1.714504231e-09
3105623068_392b767a7b.jpg,-3.787061959e-09
3439331800_e71e1d808f.jpg,-8.156505869e-09
3313620862_0c65c645f5.jpg,3.729212971e-09
429174232_ddd4ff5e0b.jpg,-4.050991956e-09
3089842255_359ccf5c40.jpg,-1.90616579e-09
571130875_30051ac02d.jpg,4.797441328e-09
2528521798_fb689eba8d.jpg,-1.078987447e-08
512634877_d7ad8c8329.jpg,-1.404478248e-09
1119418776_58e4b93eac.jpg,1.036208659e-08
2414384480_096867d695.jpg,4.199937013e-09
3569979711_6507841268.jpg,3.723455053e-09
54501196_a9ac9d66f2.jpg,1.234786537e-10
3263395801_5e4cee2b9e.jpg,1.137304076e-09
241345811_46b5f157d4.jpg,1.574400821e-09
3626642428_3396568c3c.jpg,-2.248457836e-10
3114944484_28b5bb9842.jpg,-6.667324256e-09
2649705487_4605e879e9.jpg,2.650901055e-09
3110174991_a4b05f8a46.jpg,-6.686233678e-09
2089122314_40d5739aef.jpg,1.987249446e-09
3441701164_6dbbdf1bce.jpg,-2.94948116e-09
3694071771_ce760db4c7.jpg,5.210100589e-10
1304100320_c8990a1539.jpg,-1.705763274e-09
2049051050_20359a434a.jpg,-8.496119756e-09
2068403258_2669cf9763.jpg,-6.521805525e-09
2920305300_a5b1b2329a.jpg,4.021757455e-09
2845691057_d4ab89d889.jpg,-4.652551856e-09
3293751640_d81a6f3a0c.jpg,6.746279325e-09
3260214530_7179346407.jpg,-1.048212319e-09
3125628091_25a31709df.jpg,-1.77019782e-09
2846843520_b0e6211478.jpg,1.975087477e-10
3655326478_4472c5c630.jpg,1.883481986e-09
3396251819_1efa69310f.jpg,1.084107734e-09
3279524184_d5e2ffbaed.jpg,-7.149875039e-09
146098876_0d99d7fb98.jpg,-6.170079202e-09
3572346664_e1e6c77f11.jpg,-4.743138311e-09
3580082200_ea10bf2f68.jpg,-4.273899747e-09
861661418_8a37024ace.jpg,-2.121580426e-09
2602258549_7401a3cdae.jpg,2.686851741e-09
2839532455_36a7dc4758.jpg,-3.353455038e-09
2304444199_05386d2e9c.jpg,-2.211393559e-09
2856080862_95d793fa9d.jpg,-1.914672524e-10
548751378_c657401312.jpg,-1.21869223e-09
1015584366_dfcec3c85a.jpg,3.613398048e-09
3416460533_d5819fbf69.jpg,1.050297131e-09
3168796547_0c14b368f9.jpg,-2.344282837e-10
160805827_5e6646b753.jpg,-5.19931714e-09
3672940355_47f30e2b28.jpg,-7.499304649e-10
2788628994_61123c03d2.jpg,-4.600083176e-09
436015762_8d0bae90c3.jpg,-4.067635265e-09
1713248047_d03721456d.jpg,3.817982465e-09
104136873_5b5d41be75.jpg,1.370439732e-09
3027397797_4f1d305ced.jpg,1.215437494e-09
3242088278_43eea5d17e.jpg,3.685883599e-10
289616152_012a9f16c6.jpg,-1.195705639e-09
3268175963_113d90d178.jpg,3.481693245e-09
3726168984_1fa2c8965b.jpg,6.17131058e-09
2090339522_d30d2436f9.jpg,-1.114613882e-09
3693961165_9d6c333d5b.jpg,-3.86661286e-09
2956895529_ec6275060e.jpg,-6.967494488e-09
2934121315_4969eeda1b.jpg,2.186578636e-10
2450453051_f1d4a78ab4.jpg,-1.388078879e-10
3047751696_78c2efe5e6.jpg,4.110756979e-11
3376439178_159e4126de.jpg,6.821907372e-09
2589308405_e208b5e745.jpg,-2.661658282e-11
1579206585_5ca6a24db0.jpg,1.232044689e-09
2218743570_9d6614c51c.jpg,8.111383879e-09
1488937076_5baa73fc2a.jpg,-5.383868153e-09
3636055584_65a60426f8.jpg,-1.550823597e-09
2493974889_50ae29f1e1.jpg,2.142038084e-10
3615730936_23457575e9.jpg,3.415917324e-09
445148321_9f2f3ac711.jpg,1.70408317e-09
823675317_b5fbdb17b3.jpg,-4.393196118e-09
2880874989_a33b632924.jpg,1.330639846e-09
3238951136_2a99f1a1a8.jpg,5.141153026e-09
3030823649_3b7b6c728d.jpg,-1.635890676e-09
1115679311_245eff2f4b.jpg,-1.13455328e-09
351876121_c7c0221928.jpg,3.738801093e-10
3373243733_9aba7740ed.jpg,-8.959014706e-09
3638783842_af08dbb518.jpg,5.858457673e-09
2906802485_dfebf09173.jpg,1.544757289e-09
3724623861_2bb6c23641.jpg,2.268131303e-09
3264337159_e1680a35ba.jpg,-6.051907912e-10
3747543364_bf5b548527.jpg,-6.082798228e-09
1472882567_33dc14c8b6.jpg,9.537012717e-10
3375134059_7e9eb2ef01.jpg,3.986126606e-09
3247168324_c45eaf734d.jpg,4.760194474e-09
1461329041_c623b06e5b.jpg,-2.070602247e-09
1115565519_d976d4b1f1.jpg,1.213415739e-09
1176580356_9810d877bf.jpg,-1.228351205e-09
3331102049_bc65cf6198.jpg,-2.925420264e-09
3321516504_5ee97771cb.jpg,8.043174567e-09
2813588204_69fe7deb14.jpg,-6.467793435e-09
3458559770_12cf9f134e.jpg,-5.84877486e-10
2648310638_d6c576b5e4.jpg,1.438013863e-09
2837799692_2f1c50722a.jpg,1.919557886e-09
2507312812_768b53b023.jpg,4.933774438e-09
3168354472_866fe70d36.jpg,-4.609173754e-09
2460799229_ce45a1d940.jpg,1.132599013e-08
2339140905_9f625f140a.jpg,1.502212305e-09
2438085746_588dce8724.jpg,-1.248907547e-09
3631023049_8a85bab19f.jpg,2.772705876e-10
1312020846_5abb4a9be2.jpg,4.137889584e-09
3676460610_8c52e8a355.jpg,3.436186437e-09
3103231330_db98b14501.jpg,3.654374287e-09
2904997007_23d4b94101.jpg,7.22113549e-09
1479028910_3dab3448c8.jpg,3.093165348e-09
2465691083_894fc48af6.jpg,1.929135696e-09
2780087302_6a77658cbf.jpg,-1.169396158e-09
2823200990_7b02b7cc36.jpg,2.550409761e-09
3285214689_f0219e9671.jpg,3.269032905e-09
2986280913_13fb2d472e.jpg,-3.070112883e-10
518251319_40e031e818.jpg,1.99417709e-09
3546474710_903c3c9fd3.jpg,-1.783469873e-09
2520909293_9bb7f7364e.jpg,4.683030651e-10
2877503811_4e311253ec.jpg,6.961076315e-09
3572942419_16ebdc3d46.jpg,6.482267854e-09
2659554389_ed3d15093f.jpg,7.977001399e-09
3471463779_64084b686c.jpg,2.371720891e-09
482353373_03a9d5e8bc.jpg,3.187539672e-09
2749124446_d4432787b5.jpg,1.02061593e-08
374567836_3ae12ecffb.jpg,7.047707756e-09
2551632823_0cb7dd779b.jpg,7.917885861e-10
495055747_a75872762a.jpg,-2.781231729e-09
2403376030_903521c371.jpg,-4.54546197e-09
3675742996_02ccef16a3.jpg,-3.151057522e-09
115684808_cb01227802.jpg,6.719590335e-10
309687244_4bdf3b591f.jpg,-4.735366446e-09
3557324238_6ba58831d9.jpg,-1.195960021e-09
1259936608_e3f0064f23.jpg,-1.92396093e-09
492802403_ba5246cfea.jpg,-1.979633612e-09
3482474257_a88bfe5c57.jpg,5.129692606e-09
254475194_3d8f4dfd53.jpg,-1.314312387e-09
444481722_690d0cadcf.jpg,1.685251546e-09
482047956_9a29e9cee6.jpg,2.364482579e-09
2844963839_ff09cdb81f.jpg,-1.151325739e-09
2196107384_361d73a170.jpg,1.551388524e-09
2219805677_7b7cc188c7.jpg,-6.680217469e-10
3210359094_ee51285301.jpg,1.425601085e-09
3537400880_8f410d747d.jpg,-2.880642828e-09
3344531479_03c69750e9.jpg,4.164562336e-09
3171035252_dba286ae5c.jpg,2.69196284e-09
2339106348_2df90aa6a9.jpg,1.133230086e-08
369047365_35476becc9.jpg,3.814469818e-09
3130970054_04a3865c43.jpg,-2.846345291e-09
2410399168_1462c422d4.jpg,3.442526691e-09
2391812384_7429b5e567.jpg,-3.204640395e-09
478750151_e0adb5030a.jpg,-3.91837909e-09
2756591658_3ca6db1595.jpg,-4.255701632e-09
2561319255_ce5ede291e.jpg,-6.550323549e-09
2414390475_28a0107bb0.jpg,-3.161401607e-09
3417231408_6ce951c011.jpg,-4.929138549e-09
524105255_b346f288be.jpg,6.72870787e-09
3068407619_5207b26986.jpg,-5.355149438e-10
3036382555_30b7312cf3.jpg,-7.5088378e-10
240696675_7d05193aa0.jpg,-5.696487368e-09
1088767354_2acee738cf.jpg,9.269034913e-10
3104690333_4314d979de.jpg,-9.2497495e-09
3257107194_f235c8f7ab.jpg,1.468363633e-09
410042380_517ccee020.jpg,4.606511881e-09
3143155555_32b6d24f34.jpg,5.808364351e-10
2854291706_d4c31dbf56.jpg,1.628400995e-09
2943334864_6bab479a3e.jpg,1.257620184e-11
3465606652_f380a38050.jpg,1.099131729e-09
324355356_859988a710.jpg,6.216681976e-13
3436313241_6c73153fb6.jpg,-5.271309529e-09
2776029171_5abdd5a22f.jpg,-5.583907715e-09
3290105461_7590f23371.jpg,1.874760137e-09
2501742763_b2cb322087.jpg,4.115246822e-09
3442540072_b22ca2410f.jpg,-3.85423131e-09
3426964258_67a0cee201.jpg,3.539031138e-09
2559638792_a803ff63d1.jpg,-8.173435124e-09
3701878677_8f2c26227b.jpg,-1.005059724e-09
3568605391_54ec367d88.jpg,4.83259235e-10
1540631615_8b42c1b160.jpg,-2.008699233e-09
1055753357_4fa3d8d693.jpg,7.668836042e-10
3693297007_94512e861e.jpg,4.662025188e-09
3689355450_fd559b816d.jpg,9.932474479e-10
2799871904_3b3125518a.jpg,-1.361432866e-09
3116769029_f5a76f04ba.jpg,1.165908392e-09
1342780478_bacc32344d.jpg,7.306988566e-09
3012513414_86180c44cb.jpg,4.588168546e-10
2502935765_a0ae1fa7be.jpg,-1.562444488e-10
2734669176_c272b42597.jpg,1.991869609e-09
2290589734_b588471345.jpg,-3.665945407e-11
2602679255_785b851b46.jpg,2.573889887e-09
421706022_1ddb6a7a78.jpg,3.237707812e-11
2644326817_8f45080b87.jpg,-5.352019171e-10
2959737718_31203fddb5.jpg,4.31703912e-09
2465218087_fca77998c6.jpg,2.210792113e-09
1351764581_4d4fb1b40f.jpg,5.7134627e-10
2394003437_184a838aa9.jpg,-1.718337023e-09
123889082_d3751e0350.jpg,2.381487685e-09
2766765386_4c0beb939d.jpg,5.262473381e-09
189740668_0b045f1ff2.jpg,2.446235935e-09
3126681108_f88128699c.jpg,8.292644303e-10
3090600019_8808fe7a9d.jpg,-3.43483213e-09
2685139184_4ff45e0f76.jpg,-4.172331156e-09
3401548798_3a93f2caa5.jpg,-1.309667099e-09
3569126684_a68b29a57f.jpg,1.795546529e-10
2333816000_7105d0ffac.jpg,7.577417338e-10
2862931640_2501bd36c5.jpg,-1.505159974e-11
2466171114_3fa51415a7.jpg,-4.51173278e-09
2133650765_fc6e5f295e.jpg,-3.290470713e-11
2391269207_d1d2615b1d.jpg,-1.281039641e-09
3674521435_89ff681074.jpg,6.8692512e-09
270864951_1737ae5479.jpg,5.75140506e-09
542179694_e170e9e465.jpg,-6.984709514e-09
2370221025_be4d9a4431.jpg,-5.291794682e-10
862177617_c2c0581075.jpg,1.362234891e-09
3288173388_03bc2a844d.jpg,-1.119856464e-09
229954612_a4438297ee.jpg,-9.149044623e-10
3287904625_f68ca5cea7.jpg,3.901545074e-09
989851184_9ef368e520.jpg,4.345162744e-09
3093970461_825b0cac2f.jpg,2.309254819e-09
3076928208_5763e9eb8c.jpg,4.344831382e-09
2837908308_8bc25c6b02.jpg,1.148210765e-09
276699720_fe6718fd03.jpg,-8.493456041e-11
3437654963_c4fdc17e8b.jpg,-3.513466469e-09
2138487671_5b89104043.jpg,6.899736664e-10
3501206996_477be0f318.jpg,4.596139216e-09
3278777548_290b881018.jpg,-3.100172308e-09
3344632789_af90d54746.jpg,-2.10177206e-09
3068945309_ff0973e859.jpg,6.210078017e-09
3368819708_0bfa0808f8.jpg,-3.084093313e-09
273248777_eaf0288ab3.jpg,-2.932431312e-09
2192131110_8a40e7c028.jpg,-2.853458452e-09
490044494_d2d546be8d.jpg,7.428544065e-10
3296584432_bef3c965a3.jpg,-4.123383111e-09
2116316160_d5fa7abdc3.jpg,-2.182556343e-09
3038760935_9a713510eb.jpg,1.81326122e-09
2741380826_cfe0ddf0a9.jpg,5.909250176e-09
1423126855_6cd2a3956c.jpg,4.935781922e-09
1084104085_3b06223afe.jpg,9.706294665e-10
3225226381_9fe306fb9e.jpg,1.762544826e-08
1296412797_85b6d2f8d6.jpg,-3.601988236e-09
1813777902_07d1d4b00c.jpg,-4.803993259e-09
1418266617_b32143275b.jpg,4.997421691e-09
363617160_6cb0c723be.jpg,-8.759678099e-10
2698614194_b4e6e11dff.jpg,6.817713118e-09
1333888922_26f15c18c3.jpg,3.92355638e-09
3288839246_fdb00395ae.jpg,-3.464573935e-09
3189941492_a3f4347b1a.jpg,7.503705431e-09
3310551665_15b79ef4ea.jpg,1.490569492e-09
2245348304_08bc5642f1.jpg,7.28362557e-09
3412822878_5d961492e5.jpg,-9.66347542e-10
2922512807_d382528a93.jpg,-1.570269607e-09
2851931813_eaf8ed7be3.jpg,-4.524984572e-09
3227140905_1d7e30e4c4.jpg,-8.735244619e-09
2436398074_8737f40869.jpg,5.869676744e-09
3525417522_7beb617f8b.jpg,4.639089069e-09
2439384468_58934deab6.jpg,-3.096682651e-09
213216174_0632af65a2.jpg,1.930328304e-09
3215870337_c92a1a1b2f.jpg,6.855144236e-10
434792818_56375e203f.jpg,-5.362215373e-09
2959500257_3621429a37.jpg,-3.384427547e-09
3425662680_41c7c50e8d.jpg,1.441430119e-09
3259883609_6a1b46919e.jpg,-3.52584986e-09
2867968184_908d87cf2c.jpg,2.645266747e-09
108898978_7713be88fc.jpg,-8.755266781e-10
3640422448_a0f42e4559.jpg,-3.008377424e-09
133905560_9d012b47f3.jpg,5.587260402e-09
2125626631_a4b63af97e.jpg,6.192963811e-09
3327487011_1372c425fb.jpg,3.215761211e-09
3069216757_c419b3898e.jpg,1.791832859e-09
2602085456_d1beebcb29.jpg,5.443916934e-12
519228867_2fd25e38d4.jpg,-3.268446278e-09
1622619190_d0b51aff28.jpg,-1.1944026e-09
3209564153_077ed4d246.jpg,-1.339013824e-09
2272491304_cb7c7ed16f.jpg,-3.260575241e-09
582899605_d96f9201f1.jpg,3.817581824e-09
1433397131_8634fa6664.jpg,-3.80529252e-09
3472449219_eb927f05b8.jpg,1.725338494e-09
251056963_c8b67f0107.jpg,-5.13316743e-09
3655964639_21e76383d0.jpg,-3.413770723e-09
1763020597_d4cc8f0f8a.jpg,-2.432814613e-09
3247341210_5d1e50df23.jpg,6.505497856e-09
2447972568_1e9b287691.jpg,3.53591525e-09
2939464283_fc1a834976.jpg,-4.562531393e-09
3482237861_605b4f0fd9.jpg,3.528514138e-09
2710416789_555180e399.jpg,-7.818999386e-10
3533394378_1513ec90db.jpg,-1.033378668e-09
3453313865_1ebff5393c.jpg,1.789276316e-09
219301555_17883a51bd.jpg,3.66127452e-10
44129946_9eeb385d77.jpg,-3.772269035e-09
3429581486_4556471d1a.jpg,6.144756229e-09
501320769_31eea7b7ea.jpg,3.124767876e-09
224026428_0165164ceb.jpg,2.462250388e-09
3541491057_61a49588d9.jpg,-3.294828977e-09
3119696225_b289efaec8.jpg,9.291744106e-10
2078311270_f01c9eaf4c.jpg,-3.141793e-09
2286032269_8ba929709c.jpg,-2.589479786e-09
2893238950_8a027be110.jpg,3.441731858e-09
2917843040_7c9caaaa8a.jpg,6.453579243e-09
3048597471_5697538daf.jpg,7.929709493e-10
2505465055_f1e6cf9b76.jpg,-1.559719896e-09
3284955091_59317073f0.jpg,-9.348853919e-10
871290666_4877e128c0.jpg,2.297765019e-09
2402462857_7684848704.jpg,1.368522191e-08
241345981_1ef4f8109c.jpg,1.66174815e-09
3258395783_2de3a4ba27.jpg,-8.936674095e-09
3432656291_a6c7981f6e.jpg,-8.276087824e-10
945509052_740bb19bc3.jpg,-2.943592593e-10
2752926645_801a198ff6.jpg,-3.454023086e-09
2584487952_f70e5aa9bf.jpg,4.999334573e-09
2356574282_5078f08b58.jpg,1.942988997e-09
2324779494_5e72d29171.jpg,-7.837825453e-11
3099091086_f75f0ce09d.jpg,8.468733124e-10
515797344_4ae75cb9b1.jpg,-7.551175835e-09
2094543127_46d2f1fedf.jpg,-2.467639824e-09
2194806429_ca4c3770c1.jpg,-5.292550098e-09
3220009216_10f088185e.jpg,1.176517761e-09
3333017828_b930b9d41b.jpg,2.935985217e-10
3387661249_33e5ba0bc5.jpg,6.945950959e-10
141755290_4b954529f3.jpg,-6.157601056e-10
3150252702_828a570d46.jpg,3.205632245e-09
2269021076_cefc9af989.jpg,9.704573663e-10
486712504_36be449055.jpg,1.379975671e-10
3259225196_750c4ce0f9.jpg,-5.187496746e-09
3409506817_775e38d219.jpg,2.594464365e-09
3632842482_482f29e712.jpg,-3.738736329e-09
532396029_ce125bda3f.jpg,-2.102433456e-09
3704431444_f337ec2b90.jpg,5.544125402e-09
3562169000_6aa7f1043d.jpg,2.034157866e-09
3441399292_60c83bd5db.jpg,4.018984575e-09
3243233886_235a80e8c7.jpg,1.293336473e-09
3005123298_d3017d5f5d.jpg,-1.701067633e-09
437527058_189f2a7eef.jpg,4.25884152e-09
3582742297_1daa29968e.jpg,1.758560666e-09
3033741581_136889ac73.jpg,-6.485982948e-09
296873864_4de75de261.jpg,3.33416135e-09
2379150102_157d718d1d.jpg,5.221934699e-09
3029715635_43ab414dfb.jpg,7.364474381e-10
3684680947_f1c460242f.jpg,-2.147751154e-09
3044746136_8b89da5f40.jpg,-1.187280813e-09
3532412342_e0a004b404.jpg,1.032439622e-09
2968693931_52d161b8e7.jpg,-5.506762801e-10
2632111399_b3c1630f8e.jpg,1.080146431e-09
2676648667_cb055b4fc6.jpg,-1.416504089e-09
525863257_053333e612.jpg,1.995716582e-09
3328495660_ed0e3f29cf.jpg,-9.537134811e-10
3640417354_b0b3e4aec9.jpg,-1.101613039e-09
3249278583_95cd8206da.jpg,-4.045346478e-09
2341254813_c53a5ef27a.jpg,-2.648164019e-09
2331510788_986809bbb4.jpg,-2.076560896e-09
3161044966_27bf6f9dec.jpg,-3.332935334e-09
3098336319_a7e5b061d0.jpg,8.325305504e-09
3236677456_75821e3583.jpg,2.062109821e-09
958326692_6210150354.jpg,1.951156358e-09
2755053974_5cc157512e.jpg,3.053667318e-09
2903469015_a1e7d969c2.jpg,-8.378162662e-09
3490597800_8f94f7d353.jpg,4.036784214e-09
2472574160_8ce233f396.jpg,-1.990091412e-09
2995461857_dd26188dcf.jpg,6.851977743e-09
2042009399_afad34e7c1.jpg,3.915643432e-09
3197791645_601908f26b.jpg,1.011128157e-08
2521938720_911ac092f7.jpg,-3.791385609e-09
3184031654_34b5c4ffe1.jpg,6.503632592e-09
426065353_e9a604a01f.jpg,-3.245890826e-10
3591461782_687e320042.jpg,4.584378679e-09
2251418114_2b0cd4c139.jpg,2.360851747e-09
1859726819_9a793b3b44.jpg,-2.640778436e-09
430803349_a66c91f64e.jpg,1.292076797e-09
1977827746_4e13d7e19f.jpg,-2.645963597e-09
2101457132_69c950bc45.jpg,4.747417923e-10
3666537170_c4ecda4be8.jpg,-2.284440286e-09
2321466753_5606a10721.jpg,-3.723551133e-09
3141613533_595723208d.jpg,-4.51197187e-09
3542341321_faa2d2d48a.jpg,-6.071886941e-09
948196883_e190a483b1.jpg,-1.736605285e-09
384465575_31294122c0.jpg,5.29903138e-09
1312227131_771b5ed201.jpg,-4.026105875e-09
1222322358_225067636e.jpg,-7.0110412e-09
2641288004_30ce961211.jpg,-4.118750491e-09
2851304910_b5721199bc.jpg,-3.415208684e-09
495116214_f1df479fb0.jpg,6.566479197e-09
2978024878_a45b282bf4.jpg,-1.031511577e-08
3527524436_a54aca78a9.jpg,1.020624973e-08
2944362789_aebbc22db4.jpg,-6.309281463e-09
3090593241_93a975fe2b.jpg,2.204356732e-09
2521213787_ca9b5a1758.jpg,1.738406697e-09
2528547068_7d37479b9b.jpg,-4.747447002e-09
1167908324_8caab45e15.jpg,1.807922724e-09
2275029674_6d4891c20e.jpg,2.183652487e-09
534669139_1a4f8ab9d5.jpg,6.516919122e-09
3388094307_5a83be64a5.jpg,-8.361377754e-09
160566014_59528ff897.jpg,4.40239079e-09
2616561200_ea079f285a.jpg,-1.522188276e-09
617038406_4092ee91dd.jpg,-6.02271981e-09
3578372039_57473f473c.jpg,3.530449345e-09
3492180255_0bd48a18f8.jpg,2.850342901e-09
3032790880_d216197d55.jpg,-1.710133166e-09
2667015110_1670324a33.jpg,7.698347094e-10
2426303900_0a8d52eb14.jpg,4.827150154e-10
3250695024_93e8ab7305.jpg,1.251243111e-09
3672057606_cb6393dbd9.jpg,2.719881644e-10
241346317_be3f07bd2e.jpg,3.668132528e-09
3400186336_37043a2f5b.jpg,3.865255447e-10
2180480870_dcaf5ac0df.jpg,-1.195823715e-08
3085226474_62aba51179.jpg,-4.173559323e-09
3683185795_704f445bf4.jpg,2.625822241e-09
3444982197_0ff15cc50b.jpg,2.160269846e-09
607339469_af851c4119.jpg,5.739659528e-09
3331009729_d3b14738e6.jpg,5.771713894e-10
503717911_fc43cb3cf9.jpg,8.166222177e-11
3097196395_ec06075389.jpg,4.62320125e-09
2261962622_e9318a95eb.jpg,4.671239276e-09
3216829599_366a43f05e.jpg,-7.806268312e-09
1616016569_673de1d678.jpg,1.923095287e-09
2596876977_b61ee7ee78.jpg,4.118182077e-09
459778335_857d8ffebf.jpg,-1.193729981e-08
3197482764_2f289cb726.jpg,4.606529468e-09
3497255828_f27e009aac.jpg,7.570619986e-09
2149968397_a7411729d1.jpg,4.940757286e-09
2595713720_30534e8de2.jpg,1.069349307e-09
2174206711_11cb712a8d.jpg,3.556381874e-09
2492258999_5764124bba.jpg,-1.82976553e-10
944374205_fd3e69bfca.jpg,-1.007192491e-09
2855667597_bf6ceaef8e.jpg,7.316346055e-09
2935649082_1ca60180c6.jpg,-3.449674574e-09
3171250845_5ae0d2a8bc.jpg,-1.927193189e-09
3120189281_1938460e85.jpg,5.171670055e-09
3487131146_9d3aca387a.jpg,-9.555569399e-10
182493240_40410254b0.jpg,-2.106889176e-09
102351840_323e3de834.jpg,5.746123438e-09
883040210_3c4a10f030.jpg,8.467838439e-09
1358089136_976e3d2e30.jpg,9.862542884e-10
2930622766_fa8f84deb1.jpg,4.624452935e-09
2643263887_a32ffb878f.jpg,-6.948746215e-09
3374384485_751f719be4.jpg,-8.926566906e-10
290650302_ade636da35.jpg,4.665715332e-09
2747714500_49476225c6.jpg,4.783782825e-09
758921886_55a351dd67.jpg,2.712563498e-09
311146855_0b65fdb169.jpg,4.005266626e-09
2490179961_e842fda5eb.jpg,-5.103700507e-09
2064790732_219e52e19c.jpg,-2.399278989e-09
3315250232_83e24a2d51.jpg,-4.962446609e-09
3441104823_33cdae5a56.jpg,-6.411980796e-10
2675685200_0913d84d9b.jpg,-1.93329591e-09
2899622876_b673b04967.jpg,2.860004967e-09
2259336826_0cb294e1f7.jpg,1.55324142e-09
2742426734_291df6da08.jpg,-5.537668461e-09
2697909987_128f11d1b7.jpg,-1.450813912e-09
3239021459_a6b71bb400.jpg,-2.057243393e-09
3204525212_d548c7fca7.jpg,-4.78852164e-09
918886676_3323fb2a01.jpg,-7.752147701e-09
560278886_df4bd2e212.jpg,-2.327649359e-09
3649307685_60c1294d2a.jpg,-5.597556133e-09
2045928594_92510c1c2a.jpg,1.836030353e-10
2933637854_984614e18b.jpg,-1.766066715e-09
1650280501_29810b46e5.jpg,-3.114196679e-09
300922408_05a4f9938c.jpg,-4.768494715e-09
2798651021_2566f2a47e.jpg,3.1620173e-09
3460551728_63255cec18.jpg,-3.140683442e-09
3440104178_6871a24e13.jpg,-1.596802983e-09
3484906808_ee20714408.jpg,6.256239806e-10
410413536_11f1127c46.jpg,1.047583476e-08
400562847_e15aba0aac.jpg,3.288322621e-09
101669240_b2d3e7f17b.jpg,-4.780771964e-10
2987195421_e830c59fb6.jpg,-1.6135154e-09
3208188198_2b271d2a2e.jpg,1.637252247e-09
3208032657_27b9d6c4f3.jpg,2.117017951e-09
429851331_b248ca01cd.jpg,-5.463574939e-09
458735196_176e7df6b3.jpg,-5.459759757e-09
3275627207_0b41e44597.jpg,9.200254539e-09
2960759328_2d31e4af9b.jpg,-9.462763197e-09
2206594874_5e0087c6b7.jpg,5.11988541e-09
1357689954_72588dfdc4.jpg,4.28563049e-09
2869491449_1041485a6b.jpg,-4.097424336e-09
2574230252_f5a1382dd4.jpg,-2.858370073e-09
2261550615_b6c25d987b.jpg,-4.914085989e-09
2358554995_54ed3baa83.jpg,3.530447473e-09
264141937_585320617a.jpg,-3.354038493e-09
2809793070_1a3387cd6e.jpg,-3.293946409e-09
3338291921_fe7ae0c8f8.jpg,-8.241164528e-09
2056377805_e9a9b3bcf0.jpg,-2.569379815e-09
3105315670_5f86f73753.jpg,8.722811098e-09
1015118661_980735411b.jpg,-3.120497848e-09
3047264346_e24601bfbf.jpg,-1.077591125e-09
1311388430_4ab0cd1a1f.jpg,-1.367758133e-09
1077546505_a4f6c4daa9.jpg,-5.823443428e-10
2800990525_a1f8427272.jpg,-4.962307411e-09
3482062809_3b694322c4.jpg,-7.528501624e-09
2661294481_b86058b504.jpg,7.919330467e-11
2896640216_761a47f006.jpg,-8.273732714e-09
3616525288_9c19223de6.jpg,-8.81907372e-10
2497420371_74788d7ba1.jpg,1.239714831e-09
766346887_a9a9d0637a.jpg,4.535181776e-09
2061944672_0383e65c8a.jpg,-3.144176405e-10
3015891201_2c1a9e5cd7.jpg,-7.689030426e-09
2652522323_9218afd8c2.jpg,9.330635543e-10
2054869561_ff723e9eab.jpg,3.230200074e-09
2394763838_99d1435b85.jpg,-7.005268512e-09
3439560988_f001f96fc9.jpg,-6.562278561e-09
3320032226_63390d74a6.jpg,-1.426010249e-09
3677954655_df4c0845aa.jpg,-7.544385965e-10
2429212017_77fc107699.jpg,1.439919446e-09
241347760_d44c8d3a01.jpg,4.507204627e-09
241347823_6b25c3e58e.jpg,5.400415868e-09
2416964653_db3c2b6a0e.jpg,9.258811218e-09
3532782283_341f0381a3.jpg,-6.825955228e-09
3600221224_945df01247.jpg,1.600549487e-09
3621647714_fc67ab2617.jpg,-1.592780445e-09
2874876837_80d178ba9b.jpg,3.079601335e-09
448916362_17f3f1d0e1.jpg,-2.054168481e-09
3052104757_d1cf646935.jpg,-2.789344605e-09
2414352262_005ae90407.jpg,-6.165093439e-10
2187904131_96ea83b9b5.jpg,7.601507271e-10
2649406158_ded6be38de.jpg,3.23093797e-09
2353102255_67d9d2e40a.jpg,-1.405316963e-09
1501297480_8db52c15b0.jpg,3.522442786e-10
466956675_a2fb6bf901.jpg,-2.42445183e-10
2737759676_4bc9be2daf.jpg,-3.347247977e-09
2885387575_9127ea10f1.jpg,2.067381112e-09
510197538_0a11b94460.jpg,-2.703913764e-09
3623650392_7b75d4de21.jpg,3.964237278e-09
3354474353_daf9e168cf.jpg,8.182161112e-09
2949353587_64c54e9589.jpg,1.828250617e-09
3522989916_f20319cc59.jpg,-2.821860528e-09
2646116932_232573f030.jpg,-6.479721139e-09
3028561714_83fb921067.jpg,4.113783874e-09
2439031566_2e0c0d3550.jpg,-4.616744649e-09
3436074878_21515a6706.jpg,2.41608063e-09
875731481_a5a0a09934.jpg,-9.446291565e-10
3716277216_c04002be81.jpg,-1.85514443e-10
2259203920_6b93b721ce.jpg,1.421842819e-08
3329289652_e09b80e2f3.jpg,1.11743337e-09
3685328542_ab999b83bb.jpg,3.898945794e-09
3250076419_eb3de15063.jpg,1.212056446e-09
495341977_b27279f962.jpg,-3.005846775e-09
3407357681_5aeaab5b59.jpg,2.243812833e-09
3066429707_842e50b8f7.jpg,-4.656320898e-09
3392851587_a638ff25e2.jpg,-3.831813427e-09
2730938963_c4ed3e2258.jpg,-8.255740282e-11
269650644_059a84ece5.jpg,-1.41942644e-09
3605676864_0fb491267e.jpg,-2.014219027e-09
2183227136_8bb657846b.jpg,5.069359286e-09
237953705_cfe6999307.jpg,6.621943164e-09
2856252334_1b1a230e70.jpg,4.063505212e-10
3015368588_ef0a06076d.jpg,9.209008511e-10
2521938802_853224f378.jpg,2.867764116e-09
2759089516_cbb993cb92.jpg,8.123410587e-10
1807169176_7f5226bf5a.jpg,-1.316890951e-09
457875937_982588d918.jpg,-2.487969441e-09
3158680604_c1f99b3946.jpg,6.628348829e-11
530454257_66d58b49ee.jpg,2.61173058e-09
1263801010_5c74bf1715.jpg,-2.416176635e-09
172097782_f0844ec317.jpg,-7.735579771e-09
3426789838_8771f0ed56.jpg,1.474363789e-09
2220612655_030413b787.jpg,2.883221324e-09
2089426086_7acc98a3a8.jpg,4.785135094e-09
1306145560_1e37081b91.jpg,-7.996696593e-10
3297323827_f582356478.jpg,9.350871164e-10
2306186887_0bd8ed3792.jpg,-3.557167805e-10
3574930742_9081bd2426.jpg,1.745734887e-09
2995935078_beedfe463a.jpg,1.798887086e-09
2114739371_83aa8bdb0e.jpg,-4.260507629e-09
2895403073_906768cafa.jpg,7.121066658e-09
3234375022_1464ea7f8a.jpg,-6.549137815e-09
2561295656_4f21fba209.jpg,-4.56677223e-09
2358561039_e215a8d6cd.jpg,-7.005028765e-09
2123932281_1a4fd38455.jpg,-1.7644258e-09
3227499174_07feb26337.jpg,-1.529081761e-09
3457210101_3533edebc8.jpg,4.374840212e-09
3286222970_1fa445e38f.jpg,-1.021406401e-08
293151893_ee7249eccb.jpg,-5.091377308e-09
3371279606_c0d0cddab2.jpg,-1.01974564e-09
1490213660_9ea45550cf.jpg,-1.971253459e-09
3599392711_8264881de2.jpg,3.575218213e-09
111497985_38e9f88856.jpg,1.585876336e-09
2782850287_1408f7ec43.jpg,6.479498539e-10
825918657_d92f1761f4.jpg,-1.266037362e-09
2095478050_736c4d2d28.jpg,1.222760506e-09
2782480767_064c95eff2.jpg,-3.314055135e-09
1149179852_acad4d7300.jpg,2.845580925e-09
2441313372_6a1d59582b.jpg,-1.634699649e-09
3724718895_bd03f4a4dc.jpg,-2.86942146e-09
2704257993_d485058a5f.jpg,2.379327664e-09
3584930205_a3f58a4b7c.jpg,2.600817794e-09
2294598473_40637b5c04.jpg,-1.95602019e-10
3242007318_01e82171aa.jpg,4.67726565e-09
3251234434_d01e25a50a.jpg,2.668780276e-09
3556571710_19cee6f5bd.jpg,-6.280785305e-09
3578914491_36019ba703.jpg,-4.322585672e-10
2876848241_63290edfb4.jpg,-4.056554095e-10
452419961_6d42ab7000.jpg,1.562811757e-09
42637986_135a9786a6.jpg,-5.223945096e-09
2760716468_b541e9fd0f.jpg,2.121155317e-10
2447035752_415f4bb152.jpg,-8.297687915e-09
2473738924_eca928d12f.jpg,3.27746026e-09
1363924449_487f0733df.jpg,1.049207606e-09
3585487286_ef9a8d4c56.jpg,-5.998699381e-09
3037558954_20115165e3.jpg,-2.809249807e-09
3362049454_ea0c22e57b.jpg,2.676948828e-09
299178969_5ca1de8e40.jpg,3.10991304e-09
1104133405_c04a00707f.jpg,1.006631386e-09
3477683327_d9e6a2a64f.jpg,-6.490936022e-09
282116218_7fd7583d6e.jpg,-1.652882245e-09
3721082512_8277087f3f.jpg,7.918843523e-09
246055693_ccb69ac5c6.jpg,7.856099375e-09
3271061953_700b96520c.jpg,5.911380819e-09
2480820830_bdec1f5b76.jpg,1.132154821e-10
270809922_043e3bef06.jpg,-7.882494208e-12
1419385780_1383ec7ba9.jpg,-1.48500975e-09
897621891_efb1e00d1d.jpg,-7.197181509e-09
2921578694_a46ae0d313.jpg,2.234949401e-09
2327088022_478dbd2c17.jpg,1.117476697e-08
3640407952_bb38fb9d55.jpg,-3.287384983e-09
326028454_fb396167e6.jpg,9.810823835e-10
2867937005_91c092b157.jpg,5.04756779e-09
2546667441_bbe87a6285.jpg,1.377548495e-09
1775029934_e1e96038a8.jpg,1.990285055e-09
2121357310_f8235311da.jpg,4.280676066e-09
3665987581_5e6b0a65f2.jpg,-4.519799496e-09
3429956016_3c7e3096c2.jpg,-1.721931419e-09
3209350613_eb86579ee8.jpg,4.363506347e-09
1425013325_bff69bc9da.jpg,4.615125053e-10
319185571_56162796da.jpg,-7.171563792e-09
3520936130_9e90872560.jpg,-8.860328285e-09
2867026654_38be983b44.jpg,1.413117135e-09
3069786374_804e1123ac.jpg,1.352496273e-09
3726120436_740bda8416.jpg,3.232998345e-10
2337919839_df83827fa0.jpg,2.647590629e-09
2447289477_e888df561d.jpg,-2.758316629e-09
3597715122_45878432ec.jpg,-6.578849263e-11
3646453252_5ebbbaa6cc.jpg,8.238739088e-10
261883591_3f2bca823c.jpg,2.900296921e-10
3125041578_c1f2d73b6d.jpg,3.4757308e-09
3084001782_41a848df4e.jpg,3.168817107e-09
452363869_cad37e609f.jpg,-2.75572363e-09
123997871_6a9ca987b1.jpg,-1.265569456e-09
508958120_afe274f726.jpg,4.297841167e-09
109738763_90541ef30d.jpg,7.494348263e-10
888425986_e4b6c12324.jpg,-6.675720477e-12
288025239_5e59ba9c3b.jpg,-1.081123006e-09
3214381315_b54f5c9be4.jpg,2.190455264e-08
2070831281_dc04b3e15d.jpg,2.53492222e-10
3301811927_a2797339e5.jpg,-4.000353035e-09
3484070900_3e76d7fd30.jpg,3.719488676e-09
2876994989_a4ebbd8491.jpg,-3.787741735e-09
2080033499_6be742f483.jpg,5.00201195e-09
3269895626_7b253c82ed.jpg,1.244105421e-09
3319388517_5609ae9805.jpg,-3.340669589e-09
2560278143_aa5110aa37.jpg,-3.143650156e-09
3069937639_364fc11e99.jpg,3.965813949e-09
2448210587_9fe7ea5f42.jpg,2.062678514e-10
2444935470_7b0226b756.jpg,3.932381474e-09
3204081508_0e7f408097.jpg,-6.4578993e-09
3220650628_4ed964e5b4.jpg,8.222505234e-10
2393924525_1bf45ca217.jpg,1.382322842e-09
3590753142_61993d39df.jpg,2.405851832e-10
3368865171_597d51cdd5.jpg,-6.306629033e-09
472860064_a96a228796.jpg,1.493032373e-10
3587596696_9c5964c94d.jpg,-4.52725176e-09
2041867793_552819a40b.jpg,5.674530167e-10
3094278545_febac56382.jpg,-1.807836865e-10
333031366_a0828c540d.jpg,-2.872971311e-09
3612538549_2828b45867.jpg,-8.27316704e-10
154871781_ae77696b77.jpg,-1.532403444e-09
3338217927_3c5cf3f7c6.jpg,9.761736959e-09
3362805914_72f60ee8cb.jpg,-1.378468508e-09
442594271_2c3dd38483.jpg,5.502551232e-09
512026551_ba63ddbd31.jpg,-8.99148583e-11
1801663973_5ad393caeb.jpg,1.151584675e-09
2744705147_acd767d3eb.jpg,3.471601022e-10
3344233740_c010378da7.jpg,5.43486245e-10
3690348036_a01f243fb0.jpg,8.692888862e-09
2363540508_9dd1ccf7c7.jpg,7.073999736e-10
812196663_0c969970b5.jpg,-9.177663549e-10
297724467_e8918a6f90.jpg,-4.488166596e-09
2926595608_69b22be8d4.jpg,4.805311371e-11
938162709_21443d352f.jpg,3.375862954e-09
241347114_6273736da8.jpg,-8.814233993e-09
3404870997_7b0cd755de.jpg,3.22393973e-09
381976882_0063d16d88.jpg,2.723311913e-09
3710073758_ac2b217f29.jpg,3.260190555e-09
1478268555_7e301fc510.jpg,5.240814684e-09
3485486737_953f9d3be2.jpg,-7.547541562e-09
531152619_6db02a7ed9.jpg,-4.784899302e-09
1319634306_816f21677f.jpg,4.376478669e-09
2385744837_8780f6731a.jpg,-8.587173367e-11
1387461595_2fe6925f73.jpg,8.629577144e-09
2314722788_6262c3aa40.jpg,1.514306537e-09
1213336750_2269b51397.jpg,-1.041496202e-08
10815824_2997e03d76.jpg,4.651312805e-10
258476074_f28f4a1ae6.jpg,-2.584992212e-09
3606355203_1260f43ec0.jpg,-8.693605801e-09
343662720_39e4067cd1.jpg,-3.459675782e-09
3484576025_a8c50942aa.jpg,2.644622538e-09
2593695271_4d9cc9bd6f.jpg,4.541409782e-09
3132832452_c354c6396c.jpg,-3.789154579e-09
1808007704_ee8a93abb4.jpg,-3.840235178e-09
697778778_b52090709d.jpg,3.151332937e-09
2486364531_b482d7f521.jpg,-5.610108476e-10
892340814_bdd61e10a4.jpg,1.24248262e-09
293881927_ac62900fd4.jpg,-2.561874164e-10
3128514681_a51b415c31.jpg,4.709903093e-09
2286270205_16038dec5a.jpg,5.55433581e-09
233327292_3bcbc3783f.jpg,-3.667628389e-09
356929855_6bbf33d933.jpg,1.863974517e-09
3578981202_efef47e264.jpg,7.208611166e-10
2392460773_2aa01eb340.jpg,2.135645901e-09
2919459517_b8b858afa3.jpg,4.828278505e-09
3330019493_fd36fbc2ea.jpg,5.103360235e-09
2119302248_72493d458c.jpg,-2.105367187e-09
2884651479_12e400ee58.jpg,2.59668449e-09
1016887272_03199f49c4.jpg,-9.025626149e-09
3518687038_964c523958.jpg,-2.273484397e-09
103106960_e8a41d64f8.jpg,-1.692134037e-09
298920219_9a3f80acc5.jpg,8.300184295e-09
3301744710_b51280eb56.jpg,3.845991272e-10
3079341641_f65f6b0f8b.jpg,3.361093896e-10
2112661738_de71b60b88.jpg,-4.304258771e-09
911795495_342bb15b97.jpg,2.94277542e-09
3185787277_b412d7f5b7.jpg,4.367374746e-09
847782643_57248bbdab.jpg,2.661285073e-09
2151300603_248a9fe715.jpg,-3.450386042e-09
3576250302_14779632bd.jpg,-1.460735263e-09
3222055946_45f7293bb2.jpg,-5.337131666e-09
3220200084_3ea129336e.jpg,3.24699423e-09
2860035355_3fe7a5caa4.jpg,-4.551510535e-09
2544246151_727427ee07.jpg,1.971317772e-09
3419634480_c390f62a6e.jpg,1.216998975e-09
2268115375_69884e958d.jpg,-3.433664824e-09
3214885227_2be09e7cfb.jpg,3.65593038e-09
2410618963_fb78307d18.jpg,-8.081402999e-09
3339751521_7a8768be27.jpg,1.807046832e-09
3547368652_0d85c665d3.jpg,8.319652009e-09
2956413620_d59de03a06.jpg,2.531015198e-09
3469585782_e708496552.jpg,1.773184816e-11
3399284917_721aefe2a7.jpg,-5.381435245e-09
3043266735_904dda6ded.jpg,-1.133417822e-09
487074671_66db20bf47.jpg,-5.037584527e-10
3306212559_731ba9bd05.jpg,4.628099765e-09
3318564834_4ccea90497.jpg,8.068531558e-09
2358447641_10f1e9d21f.jpg,-9.882942176e-09
2678798732_2998f9969c.jpg,2.856004429e-10
3388836914_c267cf3a59.jpg,9.248125477e-10
2222559267_6fd31e3941.jpg,1.701370922e-09
1388373425_3c72b56639.jpg,2.975710215e-09
2276499757_b44dc6f8ce.jpg,-5.209340256e-09
309049466_1d7e7d5fc2.jpg,5.107369052e-09
2442243868_abe8f74fb4.jpg,-3.630736431e-09
2833820456_143ea6ce47.jpg,-1.685394429e-09
2728276857_3f83757ef2.jpg,5.397121336e-10
3090957866_f1b2b7f214.jpg,-2.698980832e-09
1659358141_0433c9bf99.jpg,-3.092238007e-09
3206999917_e682672cbc.jpg,-1.511824702e-09
210839948_bbd5bfa3b6.jpg,-5.526219271e-09
1526181215_c1a94325ae.jpg,-4.493524946e-10
2856456013_335297f587.jpg,1.569454502e-09
2603125422_659391f961.jpg,-5.443881738e-10
2453318633_550228acd4.jpg,4.006279103e-09
3456362961_d8f7e347a8.jpg,-2.919553977e-09
2550011909_6b95f11330.jpg,-5.257947083e-09
3102204862_f1d220230b.jpg,9.676395928e-10
1454841725_4b6e6199e2.jpg,-3.336330674e-09
824923476_d85edce294.jpg,-1.312477735e-09
2945036454_280fa5b29f.jpg,-3.434797969e-09
2128119486_4407061c40.jpg,-1.832046942e-09
506367606_7cca2bba9b.jpg,5.660795766e-09
3537474810_cf676b3259.jpg,-7.173523902e-09
433810429_a4da0eac50.jpg,-1.673204996e-09
973827791_467d83986e.jpg,-4.993902494e-09
2519812011_f85c3b5cb5.jpg,-5.576093546e-09
271177682_48da79ab33.jpg,-4.441630737e-10
241347700_ef2451d256.jpg,2.736411029e-09
394563330_68b566368c.jpg,-8.97022425e-10
3122579598_14841c038a.jpg,-1.191331244e-08
3366904106_e996320d20.jpg,3.860031836e-09
2938875913_0ed920a6be.jpg,8.303145849e-09
3478877323_0a507a601b.jpg,5.950527486e-09
2892413015_5ecd9d972a.jpg,-4.617875786e-09
3720366614_dfa8fe1088.jpg,1.639213357e-10
3612249030_e2829ffa31.jpg,-5.036607709e-09
3738685861_8dfff28760.jpg,1.019282132e-09
3393152604_27bd1037f2.jpg,2.891945894e-09
145721498_a27d2db576.jpg,1.51621e-09
3083016677_5782bc337c.jpg,-1.749682945e-09
3139393607_f0a54ca46d.jpg,-3.383926216e-09
3564148252_aa4cb36a32.jpg,-5.080282646e-09
1931690777_897a7d8ab6.jpg,-3.26016371e-09
3415578043_03d33e6efd.jpg,2.122449132e-09
2672588619_3849930e99.jpg,3.506231884e-09
3288174272_2daa06d360.jpg,8.474740912e-09
2500354186_0836309cc9.jpg,3.0499463e-09
2661294969_1388b4738c.jpg,8.201157255e-10
2830309113_c79d7be554.jpg,-1.407441333e-09
492341908_1ef53be265.jpg,-1.111440168e-09
1317292658_ba29330a0b.jpg,-2.650281967e-09
317641829_ab2607a6c0.jpg,-1.867867397e-09
3677613006_4689cb8e4e.jpg,-1.494126735e-09
3430526230_234b3550f6.jpg,4.470769801e-09
3663307538_468739e4c3.jpg,2.568651834e-09
2540360421_f7c2401da8.jpg,2.816739716e-09
3590653633_495de5f288.jpg,4.317311638e-09
1295698260_e10c53c137.jpg,1.831898195e-09
270724499_107481c88f.jpg,5.028557597e-09
3174713468_e22fa7779e.jpg,-4.4196333e-09
3437273677_47d4462974.jpg,5.829799266e-09
3201427741_3033f5b625.jpg,-7.027544372e-10
3162442331_c9711857c6.jpg,7.129244094e-09
3454988449_1de1ef4f20.jpg,-2.611218303e-09
3342309960_c694b2cce9.jpg,-7.662750235e-09
2429729667_42effc165d.jpg,-2.756772814e-09
2297471897_3419605c16.jpg,-4.582575635e-09
697490420_67d8d2a859.jpg,-3.815065469e-09
3476709230_6439305bf2.jpg,-3.69725287e-09
2295447147_458cfea65a.jpg,5.289090553e-10
1469358746_2a879abaf3.jpg,4.690929458e-11
3616771728_2c16bf8d85.jpg,-5.407264606e-09
3718892835_a3e74a3417.jpg,4.437803521e-09
3298233193_d2a550840d.jpg,-1.423383837e-09
3497236690_a48bf7ac42.jpg,-3.142565318e-09
2403078014_4b1d6f8bde.jpg,3.458784488e-09
2999735171_87ca43c225.jpg,-8.310483314e-09
3616638478_641d02183d.jpg,4.313614183e-09
3413571342_b9855795e2.jpg,-5.239900804e-10
508432819_3d055f395d.jpg,2.007059467e-09
2374652725_32f90fa15c.jpg,2.986296398e-09
241347300_7c84ecf764.jpg,-1.877055903e-10
2931254547_e97c6d0d63.jpg,-2.107870025e-08
244760289_f4467b2b67.jpg,-1.103193538e-10
3541483943_9776baee7c.jpg,2.5556622e-09
3584603849_6cfd9af7dd.jpg,4.727674361e-10
2884092603_786b53a74b.jpg,7.123366288e-09
2255332561_3375897ff0.jpg,1.897237446e-09
3307147971_5b3abf61f9.jpg,-1.548713616e-09
2953861572_d654d9b6f2.jpg,6.478181785e-09
3072172967_630e9c69d0.jpg,-6.67022897e-09
1473618073_7db56a5237.jpg,1.653681735e-09
1354318519_2f9baed754.jpg,-1.221769572e-08
3559781965_d4ec00e506.jpg,-5.775998517e-10
3027399066_ca85495775.jpg,1.781809704e-09
429283612_37f6e7fb7f.jpg,-1.283119145e-09
2029280005_a19609c81a.jpg,-2.84347854e-10
2592711202_55f8c64495.jpg,4.304580965e-09
3263741906_6e4508d1c8.jpg,-5.369439225e-09
3551281733_b43bf6f870.jpg,-9.184383629e-10
493507605_48fe8e3739.jpg,9.418862481e-09
3535768334_a3924bcccd.jpg,4.333736631e-09
684375286_09cc1aa778.jpg,-8.996929419e-10
2102732029_9ae520914d.jpg,-3.425521288e-09
3426144752_28d63615ca.jpg,-5.153045143e-09
346253487_687150ab04.jpg,3.714036318e-09
3454315016_f1e30d4676.jpg,-2.67545116e-09
3550255426_4ab03c0d6e.jpg,-1.817128428e-09
2236016316_f476cbbf06.jpg,5.625850695e-09
1675679141_36c9bc2969.jpg,2.112261155e-09
3139895886_5a6d495b13.jpg,4.160981502e-09
2265100168_175f8218af.jpg,-2.121624955e-10
3523559027_a65619a34b.jpg,2.619435246e-09
421932359_edbf181f44.jpg,2.773591074e-09
3376942201_2c45d99237.jpg,-1.428174615e-09
2458033289_f0616879df.jpg,4.740593616e-10
2709648336_15455e60b2.jpg,-1.942240527e-09
2337809114_899ba61330.jpg,-6.08878608e-10
3377344932_6dfce93248.jpg,9.020887651e-10
445655284_c29e6d7323.jpg,2.084875712e-09
3502993968_4ee36afb0e.jpg,-4.059815285e-09
599366440_a238e805cf.jpg,7.225706506e-10
152029243_b3582c36fa.jpg,-1.980246876e-09
2952751562_ff1c138286.jpg,4.871051104e-09
3336831820_5c5df4b033.jpg,4.663525799e-09
418616992_22090c6195.jpg,-4.225737609e-10
3568225554_73cdb19576.jpg,2.306510339e-09
2545363449_1985903f82.jpg,-2.104655495e-09
2176147758_9a8deba576.jpg,-4.544713185e-09
3117562746_62f57a02b5.jpg,-1.065097403e-10
1594038143_57f299aa8a.jpg,-3.247225902e-09
2695001634_127fe2f0d7.jpg,-4.058939066e-09
3082474922_9c3533eaf6.jpg,-1.308007314e-09
3503623999_bbd5dcfb18.jpg,1.333129266e-09
1446933195_8fe9725d62.jpg,-2.793733483e-09
3139389284_f01bd4c236.jpg,-3.585886312e-09
848293676_98e73c52c1.jpg,-8.216313087e-09
2924908529_0ecb3cdbaa.jpg,3.221782203e-09
3397228832_8ce5b1c26f.jpg,3.924303118e-09
2705947033_5999147842.jpg,-7.382626461e-09
3533922605_a2b1e276f6.jpg,2.855978191e-09
3221815947_76c95b50b7.jpg,-4.971302129e-09
3181701312_70a379ab6e.jpg,1.142257916e-08
415657941_454d370721.jpg,1.765761449e-09
412056525_191724b058.jpg,-8.963005577e-10
2431832075_00aa1a4457.jpg,-3.700806356e-11
3252457866_b86614064c.jpg,5.693578809e-09
3558370311_5734a15890.jpg,-4.805224146e-09
537390477_7dd3407f96.jpg,8.340445341e-09
3526018344_450c517a72.jpg,4.146941055e-11
3138504165_c7ae396294.jpg,-5.766280896e-10
1606988704_fe330878a3.jpg,3.591351891e-09
2430860418_fd0726f414.jpg,3.70821434e-09
2103568100_5d018c495b.jpg,4.755916901e-09
3068994801_b2bc079e67.jpg,-3.368462254e-09
2630507245_bea4804288.jpg,4.686751619e-09
436009777_440c7679a1.jpg,-1.646838703e-09
232874193_c691df882d.jpg,3.698869352e-09
525538142_7348f0bce7.jpg,-3.27942904e-09
1465666502_de289b3b9c.jpg,4.425999614e-09
520491467_54cbc0a866.jpg,2.204938464e-09
542648687_adf13c406b.jpg,-5.211103664e-09
3524914023_4e96edb09f.jpg,-6.485356033e-10
2939007933_8a6ef2d073.jpg,3.176180463e-09
281419391_522557ce27.jpg,4.575276832e-09
549520317_af3d5c32eb.jpg,6.108466215e-09
3100251515_c68027cc22.jpg,-5.181547617e-10
3397259310_1ed1a346b5.jpg,3.188372128e-09
2858439751_daa3a30ab8.jpg,-2.186725086e-09
2422018883_336519b5c6.jpg,4.356920565e-09
2750867389_4b815f793a.jpg,-5.275818628e-09
1598085252_f3219b6140.jpg,-2.496081271e-09
2479553749_f7ac031940.jpg,-1.807024487e-09
2522297487_57edf117f7.jpg,-9.861837701e-10
3178005751_fca19815ac.jpg,2.750583576e-09
1453366750_6e8cf601bf.jpg,1.713026144e-09
3252588185_3210fe94be.jpg,2.361650104e-09
2115631346_9585a479b0.jpg,-8.349207559e-10
2295894587_2fd8faf550.jpg,5.342040255e-09
3249014584_21dd9ddd9d.jpg,6.071375566e-11
3359089834_263e529c71.jpg,-4.407418461e-09
3738789925_7d17dbdf25.jpg,-2.958392406e-09
516998046_1175674fcd.jpg,4.094579105e-09
3697456750_460aea7252.jpg,-1.15787853e-09
3447007090_08d997833a.jpg,5.485171621e-10
2225231022_1632d0a5aa.jpg,6.728253126e-09
3583321426_f373c52161.jpg,-6.292299336e-10
3155361712_2cbf59c78e.jpg,1.890092306e-09
3099264059_21653e2536.jpg,6.129363479e-09
141139674_246c0f90a1.jpg,-1.231734101e-09
3422458549_f3f3878dbf.jpg,-2.057942446e-09
527968666_1fcddf81ab.jpg,-5.798405166e-09
2339516180_12493e8ecf.jpg,-5.495272337e-09
3280644151_3d89cb1e0e.jpg,-1.352466981e-09
369802520_9825f2cd84.jpg,-5.326567971e-09
533713007_bf9f3e25b4.jpg,7.140417361e-09
1579287915_4257c54451.jpg,4.244799269e-09
2121140070_a09644550b.jpg,7.303228778e-09
2359784186_36c9746d02.jpg,-4.132107103e-09
2101128963_fdf8b2a0d7.jpg,-3.585274644e-09
2647593678_1fa3bb516c.jpg,-3.772484149e-09
2196846255_2c1635359a.jpg,-3.26469914e-09
2869253972_aa72df6bf3.jpg,-1.226262202e-09
3549277110_24d4064ccd.jpg,1.545836103e-09
2347921097_f2e35753c0.jpg,-2.281304587e-09
2510560080_1439fe32f2.jpg,-1.19382383e-09
2739332078_13d9acce59.jpg,5.438381888e-09
2423856014_8df0e7f656.jpg,-1.038431242e-08
2998945968_86f236d1e8.jpg,4.770613028e-09
3348191949_b0b925e5f1.jpg,-1.46663606e-08
2685788323_ceab14534a.jpg,3.119473542e-09
3544312930_3a0b8d70c1.jpg,-3.380439718e-09
2136514643_93d8f75a77.jpg,2.634135243e-09
493621130_152bdd4e91.jpg,-7.768924054e-09
2261169495_98254e2e66.jpg,-7.731920735e-10
1424237335_b3be9920ba.jpg,-2.420729771e-09
544122267_e9e0100bc5.jpg,4.889509732e-09
347543966_b2053ae78c.jpg,-4.7817357e-09
3091962081_194f2f3bd4.jpg,-5.153666492e-11
3673035152_da7ed916d9.jpg,1.016697189e-09
2525270674_4ab536e7ec.jpg,-5.469321818e-09
2252264255_03fefc25af.jpg,3.772934268e-09
2902486045_6298eb22ef.jpg,3.484130292e-09
322050103_145f7233c6.jpg,4.688145975e-09
791338571_7f38510bf7.jpg,1.972764588e-10
3251906388_c09d44340e.jpg,7.437565597e-09
3148647065_2d6cd88cf6.jpg,1.393477722e-09
3524975665_7bec41578b.jpg,-6.619222185e-09
3673484638_dce87295fe.jpg,4.457011415e-09
2837808847_5407af1986.jpg,2.570440032e-09
3380519003_9f91d5a7fb.jpg,-4.753094648e-09
2891924845_92f69b0f18.jpg,-3.952885668e-09
2773011586_6f4cd41e84.jpg,-7.358862423e-09
172092464_d9eb4f4f2f.jpg,-5.110679358e-09
3319489465_c65c91e4f2.jpg,2.774963629e-09
429205889_ff5a006311.jpg,7.85795928e-10
3203872773_6c30f64be3.jpg,-1.891155721e-09
2551344688_17a12a6948.jpg,3.622517772e-09
217838128_1f0a84ddc1.jpg,3.1606302e-10
2662570182_350baa020f.jpg,-4.017633753e-09
2649850541_59a6c7f01c.jpg,-3.27036802e-09
3157744152_31ace8c9ed.jpg,-3.527683333e-09
2642688531_8fb68b2147.jpg,-5.264574868e-09
247652942_29ede19352.jpg,4.944502368e-09
2848977044_446a31d86e.jpg,-3.192663234e-09
2847859796_4d9cb0d31f.jpg,3.738059539e-09
490390951_87395fcb1c.jpg,1.872055217e-09
3425414048_fa14d33067.jpg,-5.843455991e-10
2774430374_fee1d793e7.jpg,4.160700208e-09
3212456649_40a3052682.jpg,-3.869846691e-09
1220401002_3f44b1f3f7.jpg,-5.465850936e-09
2540203582_9a9ac92a5d.jpg,3.04448891e-09
1918573100_d31cbb6b77.jpg,4.727999024e-09
3227111573_c82f7d68b1.jpg,-6.626807745e-09
3480126681_52cea26bda.jpg,2.365936215e-09
3659686168_49c3abcee1.jpg,-6.694832046e-09
2891617125_f939f604c7.jpg,6.817384889e-10
3358682439_be4b83544c.jpg,-1.223488649e-09
2575647360_f5de38c751.jpg,4.238141575e-09
2752919987_8bfca604ab.jpg,8.302274969e-09
2672445419_251ce9419a.jpg,-5.591827268e-09
299612419_b55fe32fea.jpg,-4.073384347e-09
3328247381_a9f7fb4898.jpg,-2.826045017e-09
2836360729_6500249fe6.jpg,4.049015262e-09
3660826540_481d25fbb0.jpg,2.233011282e-09
2378149488_648e5deeac.jpg,-3.588968334e-09
267325341_1a96ef436e.jpg,-4.982730868e-09
3682277595_55f8b16975.jpg,1.480127024e-09
399212516_d68046b277.jpg,-6.979765203e-11
317383917_d8bfa350b6.jpg,-2.34800026e-09
310260324_7f941814bc.jpg,-1.784088152e-09
3737492755_bcfb800ed1.jpg,-5.260621335e-09
3665996775_6d7d9a46f1.jpg,5.420813815e-09
3275711232_e261143664.jpg,-6.575530216e-09
3733074526_82aa8d5f8d.jpg,1.021190316e-08
299676757_571ee47280.jpg,-4.531778012e-09
2656749876_e32495bd8c.jpg,-4.486196282e-09
624058168_f1c5e87e59.jpg,-4.0655645e-10
287999021_998c2eeb91.jpg,-1.268964834e-09
534875358_6ea30d3091.jpg,-1.889582556e-09
341430859_4519802e8f.jpg,1.934484483e-09
1937104503_313d22a2d0.jpg,1.115701992e-10
2701271123_6761bc5f26.jpg,-6.021290003e-09
143552697_af27e9acf5.jpg,-1.455842808e-09
3019199755_a984bc21b1.jpg,4.237083393e-09
2009636597_e3f4fe19fb.jpg,9.171937742e-09
3229898555_16877f5180.jpg,4.789579978e-09
400851260_5911898657.jpg,3.20071851e-09
3156991513_3bf03333d8.jpg,2.935077144e-09
3472703856_568d9778b5.jpg,-3.471687312e-09
1396703063_e8c3687afe.jpg,-3.936068567e-09
1472230829_803818a383.jpg,-2.179481209e-09
1685463722_55843b6d3c.jpg,-6.403909612e-09
3248752274_96740ed073.jpg,-9.003967676e-10
2256138896_3e24b0b28d.jpg,4.470410108e-09
3530504007_3272c57e21.jpg,-4.023144421e-09
2875658507_c0d9ceae90.jpg,-1.417854508e-09
3102363657_dc95fe6850.jpg,8.201650689e-10
2886411666_72d8b12ce4.jpg,-1.620931873e-09
2766854400_640e2abe08.jpg,-3.789438489e-09
276356412_dfa01c3c9e.jpg,4.758827875e-10
3257207516_9d2bc0ea04.jpg,-2.911189622e-11
416106657_cab2a107a5.jpg,-3.543495995e-10
3001612175_53567ffb58.jpg,1.200029282e-09
404850242_3a55a4c874.jpg,3.214242111e-09
1227655020_b11a1bb112.jpg,-4.625867792e-09
2546959333_23b957988f.jpg,5.309237257e-09
244870123_dcb6e53643.jpg,-2.573052016e-09
2896483502_6f807bae9e.jpg,-6.18759278e-09
537532165_e4b7c0e61a.jpg,1.017691186e-10
530888330_a18343e38d.jpg,-1.446596991e-09
975131015_9acd25db9c.jpg,6.559552325e-11
3293018193_e4e0c8db7c.jpg,2.866875007e-09
2616284322_b13e7c344e.jpg,4.587477152e-09
3477369101_8e0c61d8f4.jpg,7.627579296e-10
2172493537_128bc8b187.jpg,-4.107981203e-09
3340857141_85d97a7466.jpg,1.480885842e-09
3023178539_836b50cd43.jpg,8.211905535e-11
3608752424_01a1cfd8a6.jpg,-4.901905387e-09
2918880895_e61f74f2f0.jpg,-3.001257366e-09
2657663775_bc98bf67ac.jpg,-6.386960702e-09
1536774449_e16b1b6382.jpg,6.315100292e-09
1999444757_1b92efb590.jpg,-1.276233707e-08
1387443857_602ab6f9bf.jpg,8.057801695e-10
2947274789_a1a35b33c3.jpg,1.698572234e-09
2286823363_7d554ea740.jpg,4.324820368e-09
3630332976_fdba22c50b.jpg,2.574753436e-09
2990977776_1ec51c9281.jpg,-1.330545038e-08
3532761259_14026c1e96.jpg,4.645264118e-09
2219805467_370ee1b7aa.jpg,-5.166320239e-09
3332248667_617606714b.jpg,-2.048647754e-09
543363241_74d8246fab.jpg,5.518271377e-09
3115901702_f07aa0ef74.jpg,1.068619266e-10
3486154327_8be7c78569.jpg,2.200837882e-09
2171154778_8189169336.jpg,3.80913339e-09
3523874798_9ba2fa46e3.jpg,3.747511219e-09
2090997177_76d482b158.jpg,2.006787303e-10
2638369467_8fc251595b.jpg,-6.29186179e-10
3582066525_e9d6377f56.jpg,9.262534107e-10
3671935691_57bdd0e778.jpg,-8.526611635e-09
1406010299_5755339f08.jpg,-3.50072093e-09
2424398046_1a55c71376.jpg,2.500007761e-10
3025495499_b15797b452.jpg,8.864134339e-10
2555535057_007501dae5.jpg,1.63008148e-09
2355819665_39021ff642.jpg,3.191058666e-09
3348208268_6d97d951eb.jpg,4.577950584e-09
551403320_dfdcf9fc3b.jpg,1.585280855e-09
2579268572_d78f8436cb.jpg,-5.381037384e-10
2428751994_88a6808246.jpg,-6.398125392e-09
745880539_cd3f948837.jpg,2.634608731e-09
2394824046_51cec8e5e7.jpg,5.784634692e-10
3164347907_2813f8ff0b.jpg,-1.508932016e-09
2501595799_6316001e89.jpg,4.388728701e-10
1470061031_4cb59c12a8.jpg,2.025531061e-09
3649802021_8a689bc153.jpg,2.780068078e-09
3638577494_fe55f7b4cb.jpg,1.408733235e-09
2940594396_20c40947b0.jpg,-5.169786157e-09
197924859_f6e39a7dfa.jpg,-8.140344718e-10
2865703567_52de2444f2.jpg,3.379042474e-09
3758787457_1a903ee1e9.jpg,2.086943576e-09
2666078276_f7b3056997.jpg,-8.386131803e-09
2737609659_efce872c24.jpg,2.477441469e-10
3131107810_7e9b96cddc.jpg,-5.028605188e-09
2279945145_8815c59217.jpg,-7.215616242e-09
241346434_0527ea1c07.jpg,5.770581425e-09
543940240_a54a3c7989.jpg,7.653924191e-09
309771854_952aabe3cc.jpg,3.504153262e-09
2676015068_690b0fb2cd.jpg,-1.715240516e-09
3425127583_611200619a.jpg,3.508030701e-09
3122773470_b622205948.jpg,-3.495610299e-09
3439128755_84409b8823.jpg,-6.73614298e-09
2922222717_12195af92d.jpg,-7.288156769e-09
361092202_3d70144ebd.jpg,-3.547396471e-09
3692892751_f6574e2700.jpg,-1.083201683e-09
439569646_c917f1bc78.jpg,-3.938500138e-09
2856699493_65edef80a1.jpg,-6.366413567e-10
197107117_4b438b1872.jpg,-3.675922258e-09
95728660_d47de66544.jpg,-1.653932832e-09
2215136723_960edfea49.jpg,-2.301938298e-09
2657643451_b9ddb0b58f.jpg,5.217105718e-10
2815788792_d226215d10.jpg,2.716888482e-09
512991147_dc48e6839c.jpg,-5.026187632e-09
332045444_583acaefc3.jpg,-1.058354008e-09
3584406900_039f30b34c.jpg,4.357648168e-09
486300784_2cc7a770ff.jpg,3.157489282e-09
2773682293_3b712e47ff.jpg,-7.459511511e-09
1355833561_9c43073eda.jpg,3.830983265e-09
1481062342_d9e34366c4.jpg,-4.235257116e-09
688940111_325a74674a.jpg,-4.527684143e-09
478754346_addb53893c.jpg,8.233169489e-09
2194286203_5dc620006a.jpg,5.059268753e-09
392976422_c8d0514bc3.jpg,2.231999682e-09
2103361407_4ed4fc46bf.jpg,-1.635693771e-09
2525455265_f84ba72bd7.jpg,-1.72329113e-09
2938316391_97382d14aa.jpg,-1.481116814e-09
3659769138_d907fd9647.jpg,5.05982172e-09
3455405300_aa3069ecaa.jpg,4.341623651e-09
3646970605_d25c25340b.jpg,-1.468494893e-09
3438858409_136345fa07.jpg,9.600938796e-10
887108308_2da97f15ef.jpg,-8.815690346e-10
3025334206_76888792e5.jpg,-4.586820207e-09
364213568_7f83e7d144.jpg,6.034167427e-09
3198237818_cb5eb302f0.jpg,-1.567929478e-09
824782868_a8f532f3a6.jpg,3.257458735e-09
3256603992_67312b5a36.jpg,-7.689504175e-09
2589156742_c46bc82137.jpg,-1.58426666e-09
2846785268_904c5fcf9f.jpg,-2.179328187e-09
3003612178_8230d65833.jpg,-2.033283154e-09
619169586_0a13ee7c21.jpg,-5.942720994e-10
2021671653_567395c7cf.jpg,4.035556624e-09
2043427251_83b746da8e.jpg,2.617134632e-09
3625519177_4c2bb9e7f0.jpg,-7.901110198e-09
394463341_5311c53783.jpg,3.146292902e-09
3344526059_4a097af285.jpg,-1.378883823e-09
2378127945_8dc9da82d7.jpg,3.549209317e-09
3690425778_3b390b3ea5.jpg,3.313612188e-09
3470129475_9e58b6742c.jpg,2.696724629e-12
1388346434_524d0b6dfa.jpg,-5.190340175e-09
3334057289_68ece38a85.jpg,1.169455601e-09
2182050469_1edac0bc60.jpg,-1.508738913e-09
2399219552_bbba0a9a59.jpg,3.44015634e-10
2866254827_9a8f592017.jpg,3.193833338e-09
3434452829_62cee280bc.jpg,7.879036864e-09
2467853482_17009933e8.jpg,4.474519631e-09
978580450_e862715aba.jpg,4.704515297e-09
3435648640_b2f68efb78.jpg,-3.195499908e-09
3104909823_0f41dd8be6.jpg,3.100173202e-09
3336759846_5220e27deb.jpg,1.83416277e-09
491600485_26c52c8816.jpg,7.701209566e-10
3613005134_bb7f304da1.jpg,-1.098595859e-09
1378557186_4bd1da6834.jpg,6.705718933e-10
551664516_78a5131dc4.jpg,8.57653335e-10
3725177385_62d5e13634.jpg,3.01412594e-09
765091078_a8a11c6f9e.jpg,-2.781887676e-09
3046430047_d7b10123d0.jpg,9.579530923e-10
2483993827_243894a4f9.jpg,-6.872890533e-09
2125454445_5c5c4bf906.jpg,1.668686318e-09
3219065971_702c4e8c34.jpg,6.963427161e-09
1965278563_8279e408de.jpg,-1.103317782e-09
439049388_3dcee2d30b.jpg,1.201015253e-08
3207358897_bfa61fa3c6.jpg,-3.769816987e-09
2090327868_9f99e2740d.jpg,-2.458409886e-09
195962284_e57178054a.jpg,-7.326376037e-09
2854207034_1f00555703.jpg,1.295508283e-09
2592019072_a6c0090da4.jpg,-8.005668361e-10
483039719_75181b2726.jpg,-6.103817377e-09
2613920405_e91e6ebd7a.jpg,-3.639832678e-09
905355838_3a43fdfd4e.jpg,3.551133617e-09
3638459638_ec74e3ff89.jpg,2.193350198e-10
3381788544_2c50e139dd.jpg,-7.302491893e-09
3252985078_c4ee2aca4e.jpg,1.170975416e-09
3563673070_71fa0903ed.jpg,-3.204463151e-09
3708839890_ed448012cf.jpg,-4.080797653e-10
2661567396_cbe4c2e5be.jpg,-3.696548569e-10
3321063116_4e5deeac83.jpg,5.399561888e-09
1897025969_0c41688fa6.jpg,7.740537753e-09
516214924_c2a4364cb3.jpg,-6.724627262e-09
3110649716_c17e14670e.jpg,-7.231589686e-09
524310507_51220580de.jpg,8.585559808e-09
3474265683_43b1033d94.jpg,3.032837769e-09
2384401298_e389c01abc.jpg,6.956270104e-09
3705976184_53ae07e898.jpg,3.501716193e-09
2243904502_2d265fed80.jpg,-4.786497874e-10
1122944218_8eb3607403.jpg,-5.672647156e-09
95734035_84732a92c1.jpg,-3.272243363e-09
1814391289_83a1eb71d3.jpg,-6.826230889e-09
3342487512_fd33971dea.jpg,8.899040415e-10
1562392511_522a26063b.jpg,-3.233248129e-10
86542183_5e312ae4d4.jpg,-4.56711058e-12
3301021288_95935b7a74.jpg,3.958340222e-09
3245070961_8977fdd548.jpg,-1.513251294e-09
3181322965_ce9da15271.jpg,6.342093359e-09
1561658940_a947f2446a.jpg,4.831523081e-09
2021602343_03023e1fd1.jpg,-6.075452226e-09
2978735290_7464b12270.jpg,1.926914034e-09
3371266735_43150bce52.jpg,3.813903423e-09
1163282319_b729b24c46.jpg,-6.434992914e-09
3115174046_9e96b9ce47.jpg,2.608247497e-09
3500342526_393c739e2f.jpg,-4.813072474e-09
3357416302_fcfcdd7b86.jpg,-1.03197604e-09
3081363964_d404eccae8.jpg,-7.385646732e-09
2113530024_5bc6a90e42.jpg,-3.018686099e-09
3191805046_77c334b506.jpg,-4.850790353e-10
3443351431_7b4061df5c.jpg,-1.775399601e-09
3484649669_7bfe62080b.jpg,-1.412873189e-09
3487979741_5f244c0c4b.jpg,-9.379218596e-09
3039214579_43ef79f931.jpg,-1.315656918e-09
2449552677_ee78f01bae.jpg,-2.34072017e-09
2527303359_6c3dc3f282.jpg,-5.624598929e-09
3035785330_2fd5e32bb1.jpg,8.016666658e-11
3423509305_e399d005db.jpg,-1.432536844e-09
578644583_da3ff18dd1.jpg,1.024907049e-09
3443853670_6c79fcfcb2.jpg,-5.664930627e-09
3342272425_804316cb3d.jpg,-8.445367588e-10
1429723917_6af585e4c0.jpg,1.609833776e-09
2934801096_230ae78d7e.jpg,1.640503245e-09
2567035103_3511020c8f.jpg,1.127346578e-09
427683329_95d510a087.jpg,4.080634617e-09
1425069308_488e5fcf9d.jpg,1.474966854e-09
2206600240_f65df56a09.jpg,-1.566133796e-10
755326139_ee344ece7b.jpg,4.663785548e-09
418357172_bdddf71d32.jpg,-2.889540283e-09
1676601498_7d59327523.jpg,-4.972534648e-09
3322200641_c2e51ff37b.jpg,1.450596308e-08
2596619849_7b635dd310.jpg,-8.405042943e-09
2380740486_8cd5d4601a.jpg,1.93170224e-08
439037721_cdf1fc7358.jpg,-1.900633755e-09
447722389_4b51b7e13d.jpg,-1.827974232e-09
3597354819_0069aaf16e.jpg,4.720579131e-09
2366421102_2d60d53a0e.jpg,1.806604291e-09
3374722123_6fe6fef449.jpg,1.147427948e-09
3728164558_52729baefa.jpg,1.191761181e-11
3425061393_d093edb8da.jpg,-4.008335422e-09
3449170348_34dac4a380.jpg,3.637923066e-10
1787222774_d5c68cce53.jpg,-2.615146396e-09
3616846215_d61881b60f.jpg,-5.825779116e-10
2060031241_a3ae7a06bb.jpg,-2.523546356e-09
3628698119_5566769777.jpg,1.617347366e-09
3315353266_70f0bbb1c3.jpg,1.062181009e-08
488590040_35a3e96c89.jpg,6.901325199e-09
3085973779_29f44fbdaa.jpg,-9.254574875e-09
377872472_35805fc143.jpg,5.98702119e-10
463978865_c87c6ca84c.jpg,1.352881191e-10
3249891130_b241591e89.jpg,3.127554737e-09
2954584849_3c2899f319.jpg,-3.219300288e-09
2308978137_bfe776d541.jpg,-1.292480059e-08
3596959859_a7cb1e194b.jpg,6.793866759e-09
3647826834_dc63e21bd0.jpg,-6.085114442e-09
2058124718_89822bc96e.jpg,-3.638438911e-09
3356284586_21c6f155a5.jpg,-2.588773455e-10
2629294578_853a08bb43.jpg,-2.101233346e-09
2186139563_e60c1d4b8b.jpg,-6.997217219e-09
2445654384_4ee3e486e1.jpg,1.797722894e-09
3351111378_b5d80783a1.jpg,4.759330997e-09
3585117340_73e96b6173.jpg,8.86843288e-09
2710280476_dcccb8745a.jpg,2.162724852e-09
3718964174_cb2dc1615e.jpg,8.331900858e-09
2754271176_4a2cda8c15.jpg,7.759780048e-10
3134586018_ae03ba20a0.jpg,1.062175602e-09
1626754053_81126b67b6.jpg,-4.309480114e-09
3359530430_249f51972c.jpg,-1.818360644e-09
3604384157_99241be16e.jpg,4.945926765e-10
2160266952_a2ab39191b.jpg,4.554429002e-09
3461049169_e068ae4f25.jpg,-4.717654282e-10
2695085632_10c4e6ea78.jpg,-6.412205879e-09
575636303_b0b8fd4eee.jpg,-4.406527307e-09
3284899112_f11ab3cfe6.jpg,3.431579854e-11
1093737381_b313cd49ff.jpg,-5.39156027e-09
3544483327_830349e7bc.jpg,9.197731573e-10
2992999413_018f48aabc.jpg,-3.291516737e-09
1813266419_08bf66fe98.jpg,1.11181294e-09
424379231_23f1ade134.jpg,7.583490846e-09
3176278670_195eea071c.jpg,-1.275420177e-10
2967630001_cdc5560c0b.jpg,-2.035341087e-11
353180303_6a24179c50.jpg,5.69802568e-09
2875583266_4da13ae12d.jpg,1.475543285e-09
3679707139_1cc1e71237.jpg,-8.675634076e-09
3565598162_56044bc2f7.jpg,1.796529482e-09
2882589788_cb0b407a8d.jpg,-1.793973782e-09
3060969260_08f43e4f4f.jpg,4.236443818e-09
2922981282_203f04bf9b.jpg,3.775226352e-10
3336808362_c17837afd8.jpg,-2.773067033e-09
312156254_ef31dca5ed.jpg,3.192193419e-09
3356748019_2251399314.jpg,-4.670724652e-09
3576741633_671340544c.jpg,-3.713958098e-09
3330654550_3efe9a71af.jpg,-2.562483721e-10
3516285214_59823b341e.jpg,-2.62340243e-09
2322601965_748d59dc57.jpg,-9.109141421e-10
2346402952_e47d0065b6.jpg,-1.266803416e-09
1732217138_aa0199ef87.jpg,-3.727296637e-10
3189293145_35dea42679.jpg,-5.541940482e-09
488408004_a1e26d4886.jpg,-4.78679106e-09
497579819_f91b26f7d3.jpg,-2.460668326e-09
3424934891_69f18da66e.jpg,2.653909483e-09
3053813297_7ce5f87710.jpg,1.542782701e-09
747921928_48eb02aab2.jpg,-1.413446192e-09
3584534971_b44f82c4b9.jpg,6.79471519e-09
1773928579_5664a810dc.jpg,8.753125495e-09
2539933563_17ff0758c7.jpg,7.917516944e-09
3009035153_715e39b440.jpg,1.077041797e-08
3619416477_9d18580a14.jpg,3.519545986e-09
2568656919_6e49d2a82b.jpg,2.074982056e-09
2204777844_1bcf26bf84.jpg,6.820492121e-09
436608339_f1d1298770.jpg,5.827847335e-09
3669069522_555c97fbfb.jpg,2.104801782e-09
2584020755_14e2b3e8fc.jpg,4.736457832e-09
444845904_a4531c811a.jpg,-5.585637327e-10
186348874_75b2cf1ec5.jpg,-3.634860901e-10
2862481071_86c65d46fa.jpg,2.183936935e-09
3109704348_c6416244ce.jpg,1.143117891e-09
368212336_bc19b0bb72.jpg,2.293681027e-09
735787579_617b047319.jpg,-2.661257219e-09
3304511635_113beaf458.jpg,-2.026710899e-09
3519815055_304dc8e8d6.jpg,-5.209554031e-09
1404832008_68e432665b.jpg,9.95547951e-10
1252787177_4b08625897.jpg,5.929673481e-09
3333675897_0043f992d3.jpg,-6.409382939e-09
3176968956_d942a93513.jpg,4.445343061e-09
2519594430_551225e5bd.jpg,2.333929736e-09
403678611_73978faed7.jpg,-2.410988015e-09
3458215674_2aa5e64643.jpg,-2.213221689e-10
3355827928_c96c0c3e88.jpg,4.214273955e-09
3376435746_1593d9b243.jpg,-1.400246309e-09
3265209567_b3b9c8e0fe.jpg,-1.167644887e-08
418796494_bdb441de42.jpg,2.093994459e-10
3216762979_813c45a8ec.jpg,9.079820041e-11
3639967449_137f48b43d.jpg,-2.083082219e-09
3335501468_628655d608.jpg,-1.545756841e-09
766099402_cdda6964f0.jpg,4.254326878e-09
3195701071_81879257f5.jpg,9.762254411e-10
3498354674_b636c7992f.jpg,-3.798918509e-09
405051459_3b3a3ba5b3.jpg,3.085812279e-09
3405759441_fb31c80240.jpg,5.180584007e-09
3492734013_e6b177ed99.jpg,-3.937468554e-09
2224995194_518859d97d.jpg,-4.189473246e-09
2269961438_cae7a9c725.jpg,-2.545735149e-09
3293945284_6a04e477a9.jpg,2.617440592e-09
2057305043_952b8dc82c.jpg,-1.931785159e-09
3256274183_4eab3b2322.jpg,3.494349703e-09
640409060_6af18fdd54.jpg,-1.047460092e-09
2857609295_16aaa85293.jpg,-2.506758159e-09
3479245321_6a5bc470f8.jpg,-1.519818304e-09
3482787182_a5c6d4b386.jpg,-3.942354793e-09
263854883_0f320c1562.jpg,-3.074075092e-09
3084034954_fe5737197d.jpg,7.29655838e-10
2911107495_e3cec16a24.jpg,-4.219893627e-10
2273105617_7c73d2d2d3.jpg,1.464197986e-09
2772084628_c0ae29d87a.jpg,1.579179238e-09
3663951804_868982f3f9.jpg,3.195284754e-09
437404867_209625774d.jpg,4.134680158e-09
3376014640_ff5b00769f.jpg,4.510505732e-09
771366843_a66304161b.jpg,2.87197869e-09
3084011028_d1e2c40d7d.jpg,-5.099493886e-09
2157003092_eaeb977789.jpg,-2.393727475e-09
3504940491_94c43792ed.jpg,-2.742890073e-10
2993049054_611f900644.jpg,3.211126681e-09
2544182005_3aa1332bf9.jpg,3.597732774e-09
2924884899_f512c84332.jpg,-9.74708094e-10
2090386465_b6ebb7df2c.jpg,-1.625934095e-10
127450902_533ceeddfc.jpg,3.747633889e-09
3234401637_84e0d14414.jpg,-8.735348133e-10
1429546659_44cb09cbe2.jpg,1.167041766e-09
2564663851_3a9832e4fc.jpg,-2.559425187e-10
3554634863_5f6f616639.jpg,-3.885250598e-09
2929006980_9f9f8f3d21.jpg,3.064330453e-09
3425835357_204e620a66.jpg,-7.343255295e-09
2075493556_b763648389.jpg,-2.980903973e-09
3556390715_65c6d1e88b.jpg,-2.160847453e-09
3590654365_fd4819f48b.jpg,2.168384039e-09
265528702_8653eab9fa.jpg,-7.382695086e-10
3551787566_b5ebbe2440.jpg,-1.551195424e-09
2736902411_a0010f89ae.jpg,-8.125165564e-10
3413669228_ec64efeb34.jpg,1.341176733e-09
3700346840_bb80d622f7.jpg,2.760826178e-09
3036641436_d6594fc45f.jpg,-3.514240137e-09
2974501005_346f74e5d8.jpg,-7.005840593e-10
2599444370_9e40103027.jpg,-2.477156205e-09
3187096035_65dc416291.jpg,-3.736878455e-09
2543679402_9359e1ee4e.jpg,1.008058004e-09
1245022983_fb329886dd.jpg,-1.650449413e-09
3472066410_065b4f99d3.jpg,7.783178303e-09
3016741474_72b4355198.jpg,9.129487118e-09
1802092493_7b44fdb6b9.jpg,2.053519348e-10
2181724497_dbb7fcb0a9.jpg,5.485689109e-09
3539840291_1c3eed701d.jpg,1.234535646e-09
3264464625_c711cc40c6.jpg,-3.334753831e-09
447733067_09cfac3286.jpg,-1.038320255e-08
3201594926_cd2009eb13.jpg,-3.793384752e-09
289599470_cc665e2dfb.jpg,-1.405283738e-09
3656030945_fa003bd696.jpg,-6.491179041e-10
979383193_0a542a059d.jpg,-7.834801222e-09
3155400369_69e3d6d70f.jpg,-3.670784779e-09
3043685748_130db75e3b.jpg,3.76615965e-09
2072574835_febf0c5fb9.jpg,-4.688273152e-10
300314926_0b2e4b64f5.jpg,-6.07655799e-09
3530087422_7eb2b2c289.jpg,1.533409439e-09
293327462_20dee0de56.jpg,3.040088983e-09
750196276_c3258c6f1b.jpg,5.349555315e-10
2619454551_c4bb726a85.jpg,-5.628289004e-09
300148649_72f7f0399c.jpg,6.424229987e-09
894928353_002a3d5f06.jpg,8.642033989e-10
2917057791_3d68a055ca.jpg,-1.932834427e-09
366713533_bd6d48cf02.jpg,8.481741102e-09
3398746625_5199beea71.jpg,2.446852622e-09
3191135894_2b4bdabb6d.jpg,3.716375116e-09
2973269132_252bfd0160.jpg,4.876923556e-09
3315616181_15dd137e27.jpg,-5.289178504e-09
1251558317_4ef844b775.jpg,-2.137788914e-09
1932314876_9cc46fd054.jpg,2.181886891e-09
366548880_3d3e914746.jpg,4.108176994e-09
3448855727_f16dea7b03.jpg,-8.958104678e-09
3025315215_a5d367971a.jpg,-1.508924307e-09
3017203816_5dc2a6b392.jpg,2.80956715e-11
2707933554_f6dc5e0e3c.jpg,4.220241893e-10
2516317118_10ae66b87a.jpg,-6.599082787e-09
2426215757_e008a91fcb.jpg,-6.711895024e-09
2806710650_e201acd913.jpg,3.712001651e-09
3319338707_892ae2a660.jpg,5.029340364e-09
3681651647_08eba60f89.jpg,1.456392053e-09
1461653394_8ab96aae63.jpg,-2.975731386e-09
3216085740_699c2ce1ae.jpg,1.130678325e-09
3582914739_bef2828a06.jpg,5.815006381e-09
256958382_b9006bfc5b.jpg,-1.171913677e-10
3466891862_9afde75568.jpg,-4.400425236e-09
1022454332_6af2c1449a.jpg,-2.748809598e-09
2375924666_fee50f1cba.jpg,3.006282291e-10
2975807155_5a8610c297.jpg,-3.115227745e-09
2918653119_f535fc25c4.jpg,-2.600444745e-09
3432586199_e50b0d6cb7.jpg,-5.561334367e-09
3090386315_87ed417814.jpg,3.307010214e-09
2970461648_fe14ba0359.jpg,-1.968072731e-09
3474985112_24ef46e82d.jpg,2.765536911e-09
2715155329_1ed1756000.jpg,2.218238849e-09
2981372647_2061278c60.jpg,8.188251477e-10
3199645963_a681fe04f8.jpg,2.626646996e-09
3361882891_6e610ffdbb.jpg,4.446680543e-09
370442541_60d93ecd13.jpg,9.039256528e-09
1482960952_95f2d419cb.jpg,3.065890577e-10
1198194316_543cc7b945.jpg,2.538668868e-09
2136992638_098d62a3c5.jpg,-1.241841297e-09
2831672255_d779807c14.jpg,7.433082333e-10
3133403457_95dfe11da1.jpg,2.079388867e-09
2270483627_16fe41b063.jpg,-4.985108649e-10
2830880811_d7f66dd2cf.jpg,-2.680369988e-09
3028969146_26929ae0e8.jpg,3.514925289e-09
3435015880_eda46ff50f.jpg,2.569032687e-09
3210457502_c6030ce567.jpg,-1.59924221e-09
3246804978_ea2c9e56f2.jpg,1.114807873e-08
544301311_5e7d69a517.jpg,8.203335764e-13
3405113041_4b72c24801.jpg,1.578659016e-09
3494345896_dd6b32cfa3.jpg,-6.907184152e-09
3697153626_90fb177731.jpg,-7.670783894e-09
2942094037_f6b36fd3db.jpg,4.007273795e-09
3688839836_ba5e4c24fc.jpg,1.341145986e-09
1234293791_6566284bcd.jpg,-2.892586071e-09
2998024845_1529c11694.jpg,1.670996432e-09
3514179514_cbc3371b92.jpg,-1.90752011e-09
2877637572_641cd29901.jpg,3.182172821e-09
3336211088_4c294a870b.jpg,-6.672022782e-09
453756106_711c20471a.jpg,-1.586650662e-09
3116039960_54d1d68145.jpg,-5.007634071e-09
3634828052_3b6aeda7d6.jpg,1.485714644e-09
1384292980_4022a7520c.jpg,1.06817118e-09
2747640247_b54bfa6886.jpg,2.161688349e-09
2784625888_71a421e171.jpg,2.479704873e-09
2059616165_b7c99c1009.jpg,4.34577236e-10
2232518012_8cb0bbc43b.jpg,-1.579309451e-09
3079787482_0757e9d167.jpg,5.295872597e-09
531197115_2be4d5034b.jpg,-1.642600707e-09
2194797921_96af7a9467.jpg,7.201732397e-09
3211210739_3dea005fde.jpg,5.068847184e-09
229951087_4c20600c32.jpg,-3.865153067e-09
3582814058_564776f26c.jpg,-6.902198356e-09
241347547_902725b9f8.jpg,8.779165366e-09
265223843_9ef21e1872.jpg,-1.132662438e-09
3576840040_9356b5b10a.jpg,-8.821542481e-09
2170187328_65c2f11891.jpg,7.737742405e-09
374104006_7f32c8c5de.jpg,-5.043100637e-10
3391209042_d2de8a8978.jpg,4.82514305e-09
3073579130_7c95d16a7f.jpg,5.198900457e-11
3153828367_5fc2c37c07.jpg,2.715136492e-10
2664102751_d5a737a566.jpg,8.002358711e-09
799431781_65dc312afc.jpg,5.258440689e-09
3403370354_5d266873b4.jpg,-3.303139963e-09
2107838729_a527e434bd.jpg,4.771357311e-09
3458625738_297857369c.jpg,1.430378496e-09
2102724238_3cf921d7bb.jpg,4.029697035e-09
2606433181_f8f9d38579.jpg,-3.291043359e-09
2062607137_dac194ad02.jpg,-4.613661013e-09
3108544687_c7115823f5.jpg,2.031225233e-09
2870875612_2cbb9e4a3c.jpg,2.039384664e-09
2479652566_8f9fac8af5.jpg,2.617351739e-09
2508313118_524e93d48c.jpg,3.34314181e-09
2271468944_3264d29208.jpg,-1.773410376e-09
2538477523_1da77eb11c.jpg,-5.024954135e-09
2872806249_00bea3c4e7.jpg,1.467593529e-09
3506216254_04d119cac7.jpg,1.730010778e-09
1020651753_06077ec457.jpg,-1.981331942e-10
3582920844_2742804f3d.jpg,-1.381073841e-09
3726590391_bc6e729bb6.jpg,-2.740746514e-09
1574401950_6bedc0d29b.jpg,-8.677105575e-10
409327234_7b29eecb4e.jpg,-5.243113808e-09
2540326842_bb26cec999.jpg,-6.664511015e-09
3467073304_aefe553c4d.jpg,-3.245324495e-09
522700240_d9af45e60d.jpg,-2.440392684e-09
3595408539_a7d8aabc24.jpg,6.411963889e-09
3601803640_5f3cb05acf.jpg,-5.937659792e-09
3397803103_8a46d716f4.jpg,-2.01372506e-09
1440024115_129212c988.jpg,-6.804341083e-09
1032122270_ea6f0beedb.jpg,-2.877964885e-09
2581066814_179d28f306.jpg,2.315819148e-09
2406591500_403f145905.jpg,1.912639423e-09
2274992140_bb9e868bb8.jpg,4.990602916e-09
3475111806_f0d2927707.jpg,-9.508797319e-09
3634032601_2236676cdd.jpg,-2.68608199e-09
2250870111_8402d2319d.jpg,5.009232979e-10
1473250020_dc829a090f.jpg,-1.114205805e-09
3130064588_6d1d3fa2dd.jpg,1.961789914e-09
1478606153_a7163bf899.jpg,3.596186709e-09
2302516347_26054442f9.jpg,2.415742278e-09
3461041826_0e24cdf597.jpg,6.641920861e-09
3259229498_2b5708c0c6.jpg,1.679602292e-09
3217893350_57be430d06.jpg,-5.043170426e-09
2098418613_85a0c9afea.jpg,-9.655280153e-10
160792599_6a7ec52516.jpg,2.054426964e-09
2100046085_69b59b6645.jpg,-1.354339259e-09
2629334536_11f2d49e05.jpg,3.059947366e-09
407008823_bdd7fc6ed5.jpg,-1.123439199e-08
509123893_07b8ea82a9.jpg,1.469566606e-09
326585030_e1dcca2562.jpg,-5.054410892e-09
270816949_ffad112278.jpg,-6.938802405e-11
3375070563_3c290a7991.jpg,-6.9624253e-11
3613375729_d0b3c41556.jpg,1.019196546e-09
244399048_8332bb3270.jpg,-5.248174229e-10
3165936115_cb4017d94e.jpg,-4.631619262e-11
3031263767_2e3856130e.jpg,2.88774149e-09
3665569615_9a71c4b6e4.jpg,-5.449407318e-09
661757041_61e131e913.jpg,4.483867828e-10
3442272060_f9155194c2.jpg,1.985928519e-09
3514184232_b336414040.jpg,-5.128596412e-10
1187435567_18173c148b.jpg,4.052854008e-11
3147913471_322ea231d9.jpg,2.334455071e-09
1784309115_0ad6791146.jpg,-5.61236045e-09
2714699748_c9270dd5aa.jpg,-1.394971365e-09
3262301835_9f1a49b80a.jpg,4.006280751e-10
3331525712_af1dcc47f2.jpg,1.857340804e-09
2402744031_11f9f2f2b8.jpg,6.491221918e-09
3572144280_ea42bbd927.jpg,-2.555306258e-09
2739331794_4ae78f69a0.jpg,-8.521571444e-10
3245912109_fdeef6b456.jpg,3.777113092e-10
3518675890_2f65e23ff9.jpg,-1.006096548e-08
3458379941_657182bb09.jpg,1.045484167e-09
2428086758_bce4733f7e.jpg,-9.665420873e-09
1794818900_e0ffdd268e.jpg,2.513333276e-09
1386251841_5f384a0fea.jpg,7.998153381e-09
1121416483_c7902d0d49.jpg,1.805774154e-10
247097023_e656d5854d.jpg,7.077480281e-10
2431120202_b24fe2333a.jpg,-1.886812074e-09
2909609550_070eea49b5.jpg,7.808579665e-09
2635908229_b9fc90d3fb.jpg,1.350565776e-09
3544803461_a418ca611e.jpg,6.494808796e-09
3214100656_80cda1b86b.jpg,5.733848957e-09
3703960010_1e4c922a25.jpg,-1.216287139e-09
2317714088_bcd081f926.jpg,-8.708380701e-09
3298175192_bbef524ddc.jpg,-2.493232347e-09
3353950389_1153d5e452.jpg,1.943457387e-09
3705430840_e108de78bf.jpg,-3.58272883e-10
3427023324_f1f6504bf4.jpg,1.183385215e-09
3084010872_cbc3ea8239.jpg,-1.160786881e-09
2498897831_0bbb5d5b51.jpg,-5.427917601e-09
3636418958_f038130bb2.jpg,-1.865473713e-10
584484388_0eeb36d03d.jpg,4.122349177e-09
3666574371_317b008d2a.jpg,-1.234058081e-09
3254645823_a7c072481c.jpg,6.701707107e-09
2687529141_edee32649e.jpg,1.847513499e-09
540604040_bec822c144.jpg,2.450561603e-09
3280052365_c4644bf0a5.jpg,8.202857738e-10
2295750198_6d152d7ceb.jpg,1.145642472e-08
530950375_eea665583f.jpg,-6.609190713e-09
251958970_fa6b423f23.jpg,1.548122136e-09
1459250022_bf1eddad11.jpg,-9.726608242e-10
2596514158_c516e57974.jpg,1.623779147e-10
3192311620_99bda27fbd.jpg,-4.373598428e-10
244760301_5809214866.jpg,2.050189481e-09
2923475135_a6b6e13d26.jpg,-6.524312407e-09
3177799416_5bd0382370.jpg,-2.780831897e-09
2507182524_7e83c6de82.jpg,4.812610661e-09
2370481277_a3085614c9.jpg,-5.796223725e-09
2141713971_e25eb12712.jpg,2.551674191e-09
2883907436_82bf4a36b8.jpg,1.248195159e-09
498444334_a680d318a1.jpg,1.533703798e-09
222759342_98294380fc.jpg,8.467863341e-09
3502343542_f9b46688e5.jpg,-3.725429955e-09
2721656220_5f4cda8bc1.jpg,5.774713568e-10
424869823_7aec015d87.jpg,-6.371908275e-09
3148811252_2fa9490a04.jpg,1.982552396e-09
3415287719_3c776f370e.jpg,-1.902223324e-09
2444134813_20895c640c.jpg,-6.689323426e-10
2260560631_09093be4c6.jpg,3.247048583e-09
3396153660_f729d9f9b9.jpg,1.182178257e-09
3432634159_1eb9a73306.jpg,2.036631522e-09
751737218_b89839a311.jpg,-2.919030988e-09
3078229723_2aa52600de.jpg,-2.261343711e-09
470887785_e0b1241d94.jpg,4.882872013e-10
3615239961_62b4dbc174.jpg,4.016853095e-09
3125158798_0743dae56e.jpg,2.858573607e-10
468608014_09fd20eb9b.jpg,1.273005684e-09
109738916_236dc456ac.jpg,4.135949926e-10
2852982055_8112d0964f.jpg,2.558475671e-09
2367317953_503317493e.jpg,1.542037208e-09
3206058778_7053ee6b52.jpg,1.316667878e-09
3667908724_65c7d112f2.jpg,7.896854503e-10
519061891_320061864e.jpg,-3.023471646e-10
3271468462_701eb88d3b.jpg,-5.953739767e-09
2199083344_3aa77f4879.jpg,-2.236033143e-10
3621741935_54d243f25f.jpg,-7.857866318e-09
2087317114_cf06df5aa5.jpg,-1.169476688e-08
3238654429_d899e34287.jpg,-3.427983988e-10
2268596214_ca532f5c63.jpg,1.062405751e-12
3564312955_716e86c48b.jpg,-2.126377643e-09
1714316707_8bbaa2a2ba.jpg,-2.101490379e-09
109260216_85b0be5378.jpg,-1.992295379e-09
2872197070_4e97c3ccfa.jpg,5.252172587e-10
747242766_afdc9cb2ba.jpg,-1.765720656e-09
191003287_2915c11d8e.jpg,2.125903078e-10
399246804_b4b5dc70e1.jpg,4.60850051e-09
3259222690_69737f2a6e.jpg,-3.74847314e-09
2543017787_9720b4fa1c.jpg,-6.046128617e-09
417577408_eb571658c1.jpg,1.714118548e-09
832128857_1390386ea6.jpg,-2.987981494e-09
3443161359_65544fd732.jpg,-4.799392643e-09
3322389758_394c990b6a.jpg,4.329844842e-10
269361490_a22ae818bf.jpg,2.323834488e-09
3421131122_2e4bde661e.jpg,5.206035136e-10
989754491_7e53fb4586.jpg,-2.404794944e-09
3174726084_c108de0a64.jpg,1.937015182e-09
3745451546_fc8ec70cbd.jpg,1.041575203e-09
2374247382_023a86b9ca.jpg,2.203156783e-09
246231741_882b45c4e1.jpg,-1.510375861e-09
2887798667_ce761d45e8.jpg,4.510966336e-09
425706089_f138118e12.jpg,2.788482777e-09
3320756943_9d004f9824.jpg,-7.94057882e-10
255091930_aa2b5c0eb9.jpg,-2.269403331e-09
2226534154_cbcab7ba32.jpg,-5.627990226e-10
3694064560_467683205b.jpg,8.700617002e-10
3201666946_04fe837aff.jpg,3.390326351e-09
1799271536_6e69c8f1dc.jpg,4.463547689e-09
2426724282_237bca30b5.jpg,6.703818418e-10
526955751_f519d62b58.jpg,-3.135458165e-09
3089742441_d42531c14f.jpg,-9.417217303e-09
3520869880_2e8b7d7842.jpg,-2.950667924e-09
3244747165_17028936e0.jpg,-2.399794835e-09
2644430445_47c985a2ee.jpg,3.127478024e-09
3526150930_580908dab6.jpg,-2.256891834e-09
3713882697_6dd30c7505.jpg,3.383010326e-10
3266306177_7994dc2865.jpg,-1.183609072e-09
2883099128_0b056eed9e.jpg,9.798604643e-10
2812125355_5e11a76533.jpg,7.73734145e-09
3607489370_92683861f7.jpg,-3.432706111e-09
2399551242_c62a46dd5f.jpg,1.553852273e-09
2199250692_a16b0c2ae1.jpg,2.26362196e-09
275002371_5b200e6a92.jpg,-7.400589793e-09
3169777863_d745865784.jpg,-4.609982033e-09
3604391853_b4809fcb8c.jpg,-8.325592704e-09
3518443604_6da641f07d.jpg,-6.941896502e-09
3045613316_4e88862836.jpg,-5.370820075e-09
442220883_ff3d6e507f.jpg,4.489051396e-10
2193980605_4221c6474d.jpg,-6.964495919e-09
302241178_a582c1b953.jpg,-9.556947187e-10
514990193_2d2422af2c.jpg,3.569126071e-09
2065875490_a46b58c12b.jpg,-2.297763478e-09
3061481868_d1e00b1f2e.jpg,5.675253276e-09
3157847991_463e006a28.jpg,-7.637022608e-10
3497485793_e36c1d2779.jpg,1.891596679e-09
798343627_7492fe0c12.jpg,5.964713666e-09
2417745327_a2c2705043.jpg,1.04068845e-09
2815755985_0fa55544c0.jpg,3.288980905e-09
3593222804_c187808ac3.jpg,-4.563678255e-09
2586911841_41b7a48c91.jpg,4.099768854e-09
498794783_cc2ac62b47.jpg,-4.394518072e-09
1094462889_f9966dafa6.jpg,-3.143145553e-10
225699652_53f6fb33cd.jpg,-9.150911478e-09
1876536922_8fdf8d7028.jpg,-1.077404265e-09
1144288288_e5c9558b6a.jpg,-5.52562367e-09
1396064003_3fd949c9dd.jpg,-3.597990106e-09
1904112245_549e47c8aa.jpg,3.437693796e-09
2860400846_2c1026a573.jpg,1.395226816e-09
2877424957_9beb1dc49a.jpg,4.261421034e-09
743571049_68080e8751.jpg,-2.099474752e-11
689776124_07f560a920.jpg,1.200280808e-09
2209496328_2a34fd201d.jpg,-7.243692486e-10
3229821595_77ace81c6b.jpg,6.509805103e-09
3098824948_23c31df031.jpg,-3.694733394e-09
240583223_e26e17ee96.jpg,3.536022031e-09
3325578605_afa7f662ec.jpg,-2.094807733e-09
2569643552_23696a9ba5.jpg,9.809407673e-10
2706766641_a9df81969d.jpg,2.783568769e-09
2280525192_81911f2b00.jpg,3.252499631e-09
1131155939_b4b457b05e.jpg,-1.65006701e-09
319938879_daf0857f91.jpg,5.867011811e-09
3559429170_3183c404b9.jpg,-5.294654881e-09
205682549_713aa6cd88.jpg,-6.622253478e-09
1572532018_64c030c974.jpg,6.491873811e-10
390360326_26f5936189.jpg,-8.799018913e-09
441212506_fcc321ac28.jpg,2.226836638e-09
1398873613_7e3174dd6c.jpg,3.926872653e-09
1989145280_3b54452188.jpg,-3.507634847e-09
2831656774_36982aafdb.jpg,-6.234370508e-09
539750844_02a07ec524.jpg,2.979894801e-09
3364026240_645d533fda.jpg,-1.383311737e-09
283428775_a3665bee7c.jpg,1.511287042e-09
211295363_49010ca38d.jpg,3.645487064e-09
2911238432_33ec2d8cec.jpg,4.955819324e-09
2696951725_e0ae54f6da.jpg,4.126751076e-09
254901702_67ada9867c.jpg,4.275230597e-09
3582465732_78f77f34ae.jpg,-6.717115665e-09
2446315531_7c9704eec0.jpg,1.948130081e-09
241346508_0b3907a95b.jpg,1.749556298e-09
3187924573_203223e6c0.jpg,3.748908152e-09
2301867590_98c0ecb0cb.jpg,-1.451707678e-09
2855727603_e917ded363.jpg,4.651778508e-09
2573667207_a1bf49befc.jpg,-1.52904112e-09
693785581_68bec8312a.jpg,4.459742158e-10
47871819_db55ac4699.jpg,-4.498538253e-09
3565749152_7924d15b04.jpg,4.882403011e-09
3389321512_b11f499dab.jpg,-1.736505016e-09
236476706_175081ce18.jpg,3.386290357e-09
3134385454_4f1d55333f.jpg,-9.407420505e-10
3146355833_1b7fc80210.jpg,-1.443403658e-09
3556485995_9cd40269e9.jpg,-5.318617009e-10
3392019836_c7aeebca1c.jpg,1.630606966e-09
1895768965_43cd9d164f.jpg,6.361449048e-09
1075867198_27ca2e7efe.jpg,5.330511876e-09
3562001359_65c63aeda3.jpg,3.995163099e-09
3623331945_df0f51d7dd.jpg,3.447656315e-09
1370615506_2b96105ca3.jpg,-3.115981696e-10
3041384194_04316bd416.jpg,-2.569311492e-09
3243020805_2bafc36c45.jpg,1.856943415e-09
3170897628_3054087f8c.jpg,-7.240122674e-09
3036033157_522a43a550.jpg,3.553059676e-09
3713922357_e0a013fb97.jpg,9.435759653e-09
3398745929_8cd3bbb8a8.jpg,-6.58036474e-09
2773400732_5b65a25857.jpg,-2.493714506e-09
476233374_e1396998ef.jpg,3.27132974e-09
314685044_da4390728e.jpg,-5.147112951e-09
2607130765_97833d6ce1.jpg,3.739613395e-09
2533076864_d799996433.jpg,-7.246436088e-09
3328397409_092de2bd32.jpg,-1.498539464e-09
3225025519_c089c14559.jpg,-1.424855121e-09
3542425197_2ef81c6051.jpg,4.597096539e-09
576075451_5e0f6facb3.jpg,-2.165766174e-09
2051194177_fbeee211e3.jpg,-3.778827927e-10
2609836649_b55831ed41.jpg,2.017631684e-09
539493423_9d7d1b77fa.jpg,1.008337338e-09
3546720729_38fff1bbd9.jpg,-1.148027563e-09
3138399980_d6ab8b2272.jpg,1.093144079e-08
3686078365_9e655e238f.jpg,2.787571749e-09
300577375_26cc2773a1.jpg,3.610297194e-09
3417037373_67f7db2dd2.jpg,-1.238785094e-09
3225478803_f7a9a41a1d.jpg,2.088105566e-09
1169307342_e7a4685a5c.jpg,1.416105526e-09
2127031632_77505e4218.jpg,1.751542772e-09
3260191163_6c1551eee8.jpg,3.059405924e-09
278608022_4175813019.jpg,-2.164618624e-09
1287931016_fb015e2e10.jpg,-3.591203059e-10
2937178897_ab3d1a941a.jpg,-1.917544715e-09
2937461473_11bbace28c.jpg,3.106970993e-09
1386964743_9e80d96b05.jpg,-5.141767074e-09
3052038928_9f53aa2084.jpg,1.716408486e-09
2814028429_561a215259.jpg,6.663783545e-09
3659090958_a56913ca68.jpg,4.071293219e-09
391723162_3bdeb7ea33.jpg,2.028820205e-09
3404408360_430f73b034.jpg,3.496110536e-09
3319405494_58dee86b21.jpg,3.089346002e-09
3291587911_81fc33300e.jpg,-2.254475657e-09
2293424366_7b5fcd2398.jpg,-1.803037216e-09
3206919175_e3a11b6874.jpg,-1.603401547e-09
406642021_9ec852eccf.jpg,-1.285680847e-08
3648081498_76ec091495.jpg,-2.270977884e-09
2084103826_ffd76b1e3e.jpg,6.927957927e-09
3599124739_b7e60cf477.jpg,2.937436204e-09
1130401779_8c30182e3e.jpg,4.677480447e-10
3441511444_b031585b45.jpg,-1.972348745e-09
3215847501_c723905ba4.jpg,5.575316775e-09
311619377_2ba3b36675.jpg,1.226789801e-09
801607443_f15956d1ce.jpg,1.16573137e-11
3690883532_d883f34617.jpg,-6.250673455e-09
3517466790_17c7753a1a.jpg,2.935795009e-09
2768972186_92787cd523.jpg,-9.02104175e-10
3527261343_efa07ea596.jpg,-1.002621817e-08
2587846523_b177c9a3e3.jpg,3.908821574e-09
3350614753_5624e181b3.jpg,-1.109767809e-09
542269487_5d77b363eb.jpg,-4.114277979e-09
1287982439_6578006e22.jpg,6.798593576e-10
3262760716_1e9734f5ba.jpg,8.508231305e-10
2267923837_ae88678497.jpg,8.215358041e-09
3429391520_930b153f94.jpg,1.036896824e-10
3613424631_3ae537624f.jpg,2.849610481e-09
1082252566_8c79beef93.jpg,-2.86415132e-09
3163323414_d1ce127aa6.jpg,1.154430686e-08
241346402_5c070a0c6d.jpg,1.155602985e-09
2612949583_f45b3afe33.jpg,1.505612114e-09
411011549_1298d2b4d2.jpg,-2.517818373e-10
1557838421_a33f2a4911.jpg,-1.748674582e-09
2444339090_bf7b3211f4.jpg,2.837693267e-09
482098572_e83153b300.jpg,-1.436699901e-09
3726130458_07df79e969.jpg,1.463872086e-10
3417672954_46b75dea8d.jpg,2.87970451e-09
3376809186_4e26d880b7.jpg,3.884086429e-09
3227423095_5049951eab.jpg,4.58336207e-09
1298295313_db1f4c6522.jpg,1.679296028e-09
756004341_1a816df714.jpg,-1.460885961e-09
3058439373_9276a4702a.jpg,-4.48303749e-09
2287887341_663bfa15af.jpg,2.406403995e-09
1581822598_0ae23074f1.jpg,-3.861575416e-09
3105929913_94a6882e25.jpg,-2.917699327e-09
540873795_ae62ae6f60.jpg,7.816947696e-10
3461114418_c27b4043a2.jpg,7.112446012e-09
3399798295_a452963365.jpg,4.869415565e-10
3178489390_13a6ae7524.jpg,-4.588518206e-09
3604496023_c1f546423e.jpg,-3.937150003e-09
324208502_674488bcea.jpg,3.489549833e-09
426805536_d1d5e68c17.jpg,-4.824149247e-09
246508774_1e9885f1b7.jpg,5.013521044e-09
1402640441_81978e32a9.jpg,1.538457135e-09
3124549928_10904a5a83.jpg,8.977842107e-09
3414734842_beb543f400.jpg,-6.293487064e-10
1019077836_6fc9b15408.jpg,2.671621562e-09
3307077951_dd31f1971c.jpg,-4.072346193e-09
2709275718_73fcf08c23.jpg,1.365870735e-09
3264397357_72f084cac1.jpg,-2.353541518e-09
562588230_edb2c071c8.jpg,-2.877321581e-09
3171066023_ec60ba30f3.jpg,-1.733664474e-09
1670592963_39731a3dac.jpg,2.754790593e-09
1271210445_7f7ecf3791.jpg,5.332711968e-09
3728695560_00ec1ca492.jpg,8.331123013e-09
846085364_fc9d23df46.jpg,1.582211988e-09
3643684616_9d2be87a5a.jpg,2.336535195e-10
2192411521_9c7e488c5e.jpg,-4.917538988e-09
2369840118_a1c4240ab7.jpg,-5.356280955e-09
3244910944_612b8ce98f.jpg,1.017829468e-08
2850719435_221f15e951.jpg,4.779364844e-09
3544233095_4bca71df1d.jpg,1.246779349e-09
3217291172_10ef70af88.jpg,-5.461966681e-10
3351360323_91bb341350.jpg,1.858556028e-09
2610447973_89227ff978.jpg,-2.345666263e-09
1491192153_7c395991e5.jpg,8.58634195e-09
3502459991_fdec2da131.jpg,4.702779036e-10
1563731247_7f21d8bec0.jpg,-8.306723862e-09
3653462288_bfe2360a64.jpg,-1.200204374e-09
2960422620_81889a3764.jpg,-4.247533505e-09
2340206885_58754a799a.jpg,3.689601265e-09
1508269285_6c5723f67d.jpg,-4.998514131e-09
2752329719_868545b7d2.jpg,6.558512781e-09
3070031806_3d587c2a66.jpg,-6.204527605e-10
477254932_56b48d775d.jpg,7.05524338e-09
3595398879_13e33b8916.jpg,5.483414237e-09
3430100177_5864bf1e73.jpg,-2.745008936e-09
524036004_6747cf909b.jpg,4.503637936e-09
2395967330_7e6ea404f6.jpg,-1.003351791e-08
2127209046_94711c747b.jpg,-2.588597315e-09
3197981073_3156963446.jpg,5.282217061e-09
2705793985_007cc703fb.jpg,-3.332795457e-09
3183060123_ea3af6278b.jpg,1.47173529e-09
3307667255_26bede91eb.jpg,2.547735452e-09
2318502106_33f2e4b4fc.jpg,5.079597713e-09
1552065993_b4dcd2eadf.jpg,-1.609421272e-09
3576536763_3c8c4f232e.jpg,1.053745735e-08
3652150541_8fb5a3a5d1.jpg,6.680704959e-09
2881441125_b580e3dd4b.jpg,4.285360978e-09
3058627443_1d57ff0a2c.jpg,2.020625992e-09
3416091866_a96003d652.jpg,2.119279273e-09
3347798761_5c5260b000.jpg,1.656859779e-10
3485657956_7481582565.jpg,2.740668049e-09
3668984985_b60ceb2ae9.jpg,-3.45470918e-09
1814086703_33390d5fc7.jpg,1.632194852e-09
2747436384_9470c56cb9.jpg,1.430308442e-09
1248940539_46d33ed487.jpg,5.821221571e-09
3325974730_3ee192e4ff.jpg,2.001450008e-09
3516960094_87fb4889de.jpg,2.842228105e-09
3549006919_3604bc813e.jpg,-1.945674382e-09
2197275664_fabcf3424b.jpg,1.98260651e-09
1499495021_d295ce577c.jpg,3.066414269e-09
2428275562_4bde2bc5ea.jpg,1.359404512e-09
3230101918_7d81cb0fc8.jpg,-4.585307387e-09
3400385314_a5bc062e97.jpg,4.762523274e-09
2892989340_bb7e0e5548.jpg,-3.660124787e-09
387974450_bcd205daac.jpg,-1.647624094e-09
3703035378_c6034cac51.jpg,6.110194288e-09
3019609769_c7809177f6.jpg,-4.974265532e-09
374828031_9d087da5cf.jpg,1.358112978e-09
2637904605_fc355816fc.jpg,-1.463176002e-09
2469620360_6c620c6f35.jpg,-2.424800527e-09
2127207912_9298824e66.jpg,3.954902607e-09
2876494009_9f96d7eaf2.jpg,1.216301494e-08
1287475186_2dee85f1a5.jpg,2.213847536e-09
3508637029_89f3bdd3a2.jpg,2.357474156e-10
3372340429_91c4f4af30.jpg,5.81935281e-09
172092461_a9a9762e13.jpg,1.156610977e-08
3502563726_30d1ce29c8.jpg,-5.125497109e-09
3225037367_a71fa86319.jpg,-3.079058819e-09
2190137367_746335f707.jpg,-8.55321179e-10
3400041870_4e7732b40f.jpg,2.558988178e-09
373219198_149af371d9.jpg,1.771476244e-09
2798880731_4f51634374.jpg,-4.522606175e-09
3587449716_3bf1552c36.jpg,-4.638004778e-10
275401000_8829250eb3.jpg,4.455627113e-09
2752175795_c9def67895.jpg,-6.107656893e-09
2529116152_4331dabf50.jpg,-5.164340129e-11
2712787899_d85048eb6a.jpg,2.24518326e-09
3590294974_4ef98f013e.jpg,2.917775963e-10
2414710960_a4cde4af60.jpg,-4.977141316e-09
2266142543_b2de18c081.jpg,-4.973860921e-09
3116011063_f4071ccce6.jpg,6.449953893e-09
2942311160_a154104c62.jpg,-2.45577268e-09
207731022_988f6afb35.jpg,4.167279057e-09
2554081584_233bdf289a.jpg,2.319201708e-09
1167662968_e466f1e80a.jpg,1.324289264e-10
2728486640_cc2a31d2b0.jpg,-4.875765767e-09
3698607223_22fe09763a.jpg,-4.638147126e-09
2415803492_56a673dc25.jpg,-4.019969518e-09
2557129157_074a5a3128.jpg,1.658740553e-09
3145869775_85dfae43bd.jpg,3.261122206e-09
473988700_570422001b.jpg,1.054332808e-09
97731718_eb7ba71fd3.jpg,-1.307812051e-09
3714551959_66ece78f27.jpg,2.399654176e-09
3681172959_6674c118d2.jpg,7.149433132e-09
2053441349_a98b5fc742.jpg,2.057476252e-09
2748729903_3c7c920c4d.jpg,6.324435793e-10
3247500085_c4f641aa84.jpg,3.139599516e-09
191003283_992257f835.jpg,2.151944958e-09
361183669_52be9662b9.jpg,-5.947571183e-09
3289893683_d4cc3ce208.jpg,4.284345679e-09
3685372942_6ae935b34e.jpg,-3.989174636e-09
3259222980_04fb62df97.jpg,-6.741906908e-09
3583293892_c96af8cd98.jpg,-4.428326001e-09
417966898_a04f9b5349.jpg,-1.499691873e-09
315021440_122d56ebd7.jpg,2.724423759e-09
2672354635_3a03f76486.jpg,-5.876157064e-09
2633722629_5eeb649c09.jpg,2.508924333e-09
3352697012_751b079bbb.jpg,5.831792586e-09
2708744743_e231f7fcf9.jpg,-2.240785267e-09
756521713_5d3da56a54.jpg,-5.081276836e-09
3455898176_f0e003ce58.jpg,-4.651264582e-09
2968135512_51fbb56e3e.jpg,1.1683333e-09
532036676_e88b13e0a1.jpg,-2.007717571e-09
3088572348_264c47f78c.jpg,7.401285874e-09
516394876_8b9b8021bc.jpg,-5.487422077e-09
466956209_2ffcea3941.jpg,-4.191216992e-09
451326127_2d95a2e1c2.jpg,-4.41771228e-09
2449289139_08fc1092c1.jpg,-1.806522088e-09
3131160589_dc73c209b7.jpg,-2.642449679e-10
2656987333_80dcc82c05.jpg,3.893469927e-09
2543589122_ec3e55f434.jpg,2.521828415e-09
3324375078_9441f72898.jpg,-6.098679496e-09
406248253_27b5eba25a.jpg,-4.356126451e-09
3425887426_bf60b8afa3.jpg,4.598883321e-11
2774362575_7543b8bf19.jpg,8.618047702e-10
3155390408_8e1a81efb2.jpg,-1.465760607e-09
1731546544_9fbf14617b.jpg,8.743971822e-09
2785115802_137fa30000.jpg,-4.609454745e-09
95783195_e1ba3f57ca.jpg,6.250675955e-10
3593538248_dffa1a5ed4.jpg,3.442285029e-09
3209620285_edfc479392.jpg,-4.287946769e-10
3204354161_caf89ec784.jpg,5.259988405e-09
3278811919_d5a3432af6.jpg,-5.576880904e-10
3110018626_307a123b59.jpg,-2.216314676e-09
2676649969_482caed129.jpg,1.222564357e-09
2595186208_9b16fa0ee3.jpg,2.414284829e-09
3422979565_e08cd77bfe.jpg,7.862715242e-09
3638631362_af29bbff01.jpg,4.547599624e-10
3473264983_67917a931f.jpg,3.868158053e-09
3703413486_3c682732a0.jpg,5.933927115e-10
498492764_fe276e505a.jpg,-9.199439293e-10
732468337_a37075225e.jpg,3.89394025e-10
3399944164_ec24123945.jpg,6.73696556e-09
2786299623_a3c48bd318.jpg,5.075448286e-09
3554210976_fbd0ef33a3.jpg,-7.351476209e-09
2733659177_d74a00995b.jpg,-4.759856695e-09
3325497914_f9014d615b.jpg,2.462296809e-09
3259694057_fae7484b0a.jpg,5.940494694e-09
3115354165_44dbeec6c1.jpg,-6.513509049e-10
1052358063_eae6744153.jpg,-3.987146846e-09
792362827_5ab5281b99.jpg,-3.771268792e-09
2670560883_7e7b563092.jpg,3.470727969e-09
3044745642_1d0784ff29.jpg,-4.521253735e-09
3550253365_27d4c303cf.jpg,6.866925904e-09
1461667284_041c8a2475.jpg,-1.47236161e-09
3365348059_9773165302.jpg,4.373388419e-09
733752482_ee01a419e5.jpg,-2.180344723e-09
2587818583_4aa8e7b174.jpg,2.175044152e-09
698107542_3aa0ba78b4.jpg,-1.328023564e-08
3522076584_7c603d2ac5.jpg,2.080726026e-09
3220151692_d398ef9779.jpg,-4.226938344e-09
2574509968_e4692ae169.jpg,-2.997131103e-09
476760133_c33d2bd83d.jpg,3.827783134e-10
3208999896_dab42dc40b.jpg,-7.737530785e-10
2562166462_b43b141d40.jpg,2.877480599e-09
454686980_7517fe0c2e.jpg,1.448989415e-09
3192266178_f9bf5d3dba.jpg,2.612455497e-09
2285152690_3fb93f65f1.jpg,1.970160977e-09
3434526008_02359881a0.jpg,1.456952017e-09
2661138991_d55aa0e5dc.jpg,1.596123815e-09
2565703445_dd6899bc0e.jpg,2.758425366e-09
2522540026_6ee8ab4c6a.jpg,-1.029697773e-09
707972553_36816e53a2.jpg,-4.223878642e-09
2630806789_6835bbae95.jpg,-2.77098056e-09
2363100645_c3423a0433.jpg,-6.414778837e-09
783353797_fdf91bdf4c.jpg,-2.446497327e-09
2732625904_4fbb653434.jpg,-3.212785664e-09
2061144717_5b3a1864f0.jpg,2.004444317e-09
2823075967_be4c350e9e.jpg,-1.67456491e-09
3399028417_50a621274c.jpg,1.009835817e-09
2701042060_92508ea8fa.jpg,-3.980930968e-09
3088074124_481139dc92.jpg,-1.358923881e-08
1350811702_2ce7cfd0c5.jpg,6.154496152e-09
2221818690_9003756d33.jpg,-3.252194689e-09
2485467050_1d5e2696d4.jpg,-1.091097495e-08
3561734666_344f260cce.jpg,1.634403086e-09
543102698_38e7e38bbc.jpg,7.657266155e-09
2637510448_4521cf6f29.jpg,-3.701469459e-09
3033668641_5905f73990.jpg,-1.800748274e-09
3239866450_3f8cfb0c83.jpg,-6.603609663e-10
3393394134_0caac47e1c.jpg,-3.64338853e-09
930126921_1b94605bdc.jpg,6.247344409e-09
3757598567_739b7da835.jpg,-2.032972157e-09
2135502491_a15c6b5eae.jpg,3.115423386e-10
3195040792_a03954a19f.jpg,-2.016497324e-09
3120953244_b00b152246.jpg,-4.901621007e-09
536537638_f5ee42410b.jpg,-7.440360462e-10
2985439112_8a3b77d5c9.jpg,-8.905497657e-10
3041689520_c481bdb20e.jpg,2.836754157e-09
1443807993_aebfb2784a.jpg,6.32126579e-10
3445544288_68fdb25969.jpg,5.361309983e-09
412082368_371df946b3.jpg,-7.398551463e-10
463786229_b54c9a3436.jpg,-5.930384272e-09
3468346269_9d162aacfe.jpg,-3.520039472e-09
2936590102_25036069a6.jpg,9.214298485e-10
3351357065_a6a9b3d485.jpg,-9.488494002e-11
3425918361_3b890d9575.jpg,-8.349343489e-09
3560977956_e08d2cd531.jpg,2.331484978e-09
2533642917_a5eace85e6.jpg,-1.472764183e-09
3600403707_527aa0596e.jpg,-3.843874392e-09
3649382413_58a4b1efe8.jpg,1.631265442e-08
456512643_0aac2fa9ce.jpg,7.114020969e-09
3533470072_87a5b595ba.jpg,-4.830599459e-09
3125309108_1011486589.jpg,6.657541484e-09
3014015906_fdba461f36.jpg,-3.175941797e-09
2659606300_bea3feaf8b.jpg,8.602269677e-10
3190677999_60bbd330fd.jpg,-3.133658998e-09
2609900643_c07bcb0bae.jpg,-5.971567634e-09
2098174172_e57d86ea03.jpg,-8.954654584e-10
3207676216_48478bce97.jpg,3.794332756e-09
2079110798_ad1370a646.jpg,1.071569064e-08
3160531982_37f5636b8a.jpg,-6.437780204e-09
3651476768_2bae721a6b.jpg,4.112556486e-10
1445123245_c7b9db0e0c.jpg,2.749233153e-09
2327240505_e73cc73246.jpg,-8.780300429e-10
3645080830_1d9ee2f50a.jpg,-4.679724296e-09
3640329164_20cb245fd5.jpg,-4.691705712e-09
2475162978_2c51048dca.jpg,1.0044031e-09
3182121297_38c99b2769.jpg,3.768936878e-09
504904434_889f426c6e.jpg,-4.83189388e-09
1287064529_aa4e4f3c31.jpg,-3.911914966e-09
2922807898_b5a06d5c70.jpg,-4.111093079e-09
166654939_80ea4ddbcc.jpg,1.414446099e-09
2325386353_1f1a05e1ce.jpg,-3.699568727e-09
3479050296_65bcea69a0.jpg,-2.070716607e-09
2836325261_a3bf5c59be.jpg,5.716573877e-09
3212625256_685bc4de99.jpg,1.98647655e-10
3250589803_3f440ba781.jpg,-3.083420367e-10
3176131893_7181c733aa.jpg,2.870134066e-09
1424775129_ffea9c13ab.jpg,1.914116943e-09
285586547_c81f8905a1.jpg,1.35612837e-11
3506560025_8d0f4f9ac4.jpg,4.743855573e-09
3635577874_48ebaac734.jpg,-7.678624851e-09
3391924827_53b31542ce.jpg,-3.917756065e-09
950411653_20d0335946.jpg,-1.765506547e-09
2623146491_b64698b875.jpg,1.495499953e-09
1500853305_0150615ce9.jpg,2.492270895e-09
3106782647_b078830a9e.jpg,5.222262675e-09
3520321387_710ab74cda.jpg,1.47049797e-09
3131632154_098f86f4cb.jpg,-1.154617708e-09
109202756_b97fcdc62c.jpg,3.93116334e-09
3457364788_3514a52091.jpg,-4.438833497e-09
3164423279_9b27cb6a06.jpg,-7.54229066e-10
3155365418_43df5486f9.jpg,-4.66815882e-09
3285180819_a9712fd2bc.jpg,2.159452568e-09
3163273640_8d3ef22eaf.jpg,-5.176152855e-09
2713897716_c8cd610360.jpg,1.186648403e-09
1131340021_83f46b150a.jpg,-1.506793795e-09
765298136_7805fbb079.jpg,7.08795874e-09
241346923_18bd84bea4.jpg,-5.306907892e-10
2312731013_1a3a8e25c6.jpg,3.864444334e-09
3170856184_efabfd0297.jpg,1.070921534e-10
3177468217_56a9142e46.jpg,4.915275152e-09
2378356400_f6bde5d9b3.jpg,-3.225624775e-09
2888658480_e922a3dec2.jpg,-2.503357023e-09
2409597310_958f5d8aff.jpg,5.054906871e-09
3377570617_d2f2225a74.jpg,1.271053006e-09
2744330402_824240184c.jpg,-7.999345945e-09
2369248869_0266760c4a.jpg,-4.412600918e-09
3537218226_478d2e4f26.jpg,4.429767965e-09
3323419265_7fefaa9d5d.jpg,-6.265241284e-09
2633201394_ee4a7666ed.jpg,2.659448214e-09
291952021_f111b0fb3d.jpg,1.935151178e-10
2064780645_8f28a1529f.jpg,-1.723620271e-09
3500829879_a643818d84.jpg,-3.259960494e-10
248994078_a9257f448b.jpg,-3.161526404e-10
358559906_d5f3f584f4.jpg,7.216254216e-11
414568315_5adcfc23c0.jpg,5.726988159e-09
2959581023_54402c8d88.jpg,-2.036944708e-09
1143882946_1898d2eeb9.jpg,5.371187165e-09
3360730513_211e1a4db6.jpg,1.127739679e-09
2111360187_d2505437b7.jpg,-7.397001563e-10
870710405_51e507b31a.jpg,1.025838028e-09
1095590286_c654f7e5a9.jpg,1.207651757e-09
3408274796_0dc62225e9.jpg,7.092350636e-09
1110208841_5bb6806afe.jpg,2.022613137e-09
2326730558_75c20e5033.jpg,-9.678991753e-09
3425756814_13909354d4.jpg,3.192848578e-09
2990563425_2f7246f458.jpg,4.896688481e-09
2540884723_03d60ef548.jpg,-2.362265081e-09
3136404885_f4d8f1d15a.jpg,-1.402072554e-09
1000268201_693b08cb0e.jpg,2.393349063e-09
3067885047_f69d90c35b.jpg,5.500128031e-10
3295024992_887a95c700.jpg,5.504102699e-09
2921793132_ef19f1dd44.jpg,1.540222122e-09
2273038287_3004a72a34.jpg,4.029549643e-09
3215695965_69fbeba3d5.jpg,2.248064456e-09
3054989420_3e755ca352.jpg,2.741757777e-09
3500136982_bf7a85531e.jpg,-2.457395522e-09
2332540384_4cf26406a9.jpg,-2.404652123e-09
3315033940_e91f87b7f2.jpg,3.191737336e-09
3593392955_a4125087f6.jpg,3.371332109e-09
3513362553_5fc5779e20.jpg,-2.446936879e-09
2532294586_4cd76a837d.jpg,5.80260897e-09
265223847_636ba039c1.jpg,3.096095475e-10
111766423_4522d36e56.jpg,-9.704506168e-10
3510218982_318f738b76.jpg,-3.746396016e-09
3030223792_02b6f2be99.jpg,9.097757892e-10
1032460886_4a598ed535.jpg,3.820597567e-09
3671777903_6fbf643980.jpg,-1.023314176e-09
3482668767_66004ce736.jpg,3.625380756e-09
1800601130_1c0f248d12.jpg,2.980130661e-09
2061927950_dafba5b8a3.jpg,-2.028163206e-10
2763601657_09a52a063f.jpg,4.451127246e-09
2449446913_28fa5b7c75.jpg,-2.38494386e-10
1403414927_5f80281505.jpg,1.928358962e-09
2447284966_d6bbdb4b6e.jpg,4.306610407e-09
3180806542_49b6de312d.jpg,-4.051592029e-09
2873070704_2141a7a86a.jpg,-6.692057053e-09
2548777800_d7b9cf1c2b.jpg,2.637380271e-10
2845246160_d0d1bbd6f0.jpg,4.742803547e-10
3269380710_9161b0bd00.jpg,3.108257834e-09
3234719720_5bb2fc5ffa.jpg,-7.814356227e-10
3562816250_6e14d436b1.jpg,4.687346519e-09
3336374196_f6eaca542f.jpg,6.168628497e-09
2380464803_a64f05bfa9.jpg,-1.845308904e-09
2981702521_2459f2c1c4.jpg,3.103789262e-10
2156726763_034ecd2e39.jpg,-2.197018529e-09
2178064851_bb39652d28.jpg,-8.100369427e-09
224702241_05af393148.jpg,1.77396243e-09
2795866891_7559fd8422.jpg,6.756929281e-09
2656890977_7a9f0e4138.jpg,4.269440256e-10
3426962078_13e87e10de.jpg,6.99924164e-09
3432550415_e7b77232de.jpg,-1.559090755e-09
3145967309_b33abe4d84.jpg,1.657313115e-09
2867736861_43c9487a65.jpg,-2.281847854e-09
112178718_87270d9b4d.jpg,1.121405846e-08
143680442_2f03f76944.jpg,6.413516322e-09
371364900_5167d4dd7f.jpg,7.027287755e-09
2452686995_621878f561.jpg,-6.358991897e-09
3605061440_1d08c80a57.jpg,-7.806453263e-10
687513087_413d4a3a3b.jpg,6.096481947e-10
2173312932_269f9786fc.jpg,4.3163792e-09
241346971_c100650320.jpg,1.259822432e-09
3288274849_07ff76ee93.jpg,-2.523982424e-09
2690702549_cf81da8cf6.jpg,1.275721731e-10
482882719_165722082d.jpg,-6.758320179e-09
3447155358_5b5b59b15e.jpg,-2.865897617e-09
2252299132_14ca6e584b.jpg,9.722913973e-09
3643087589_627a0a9e01.jpg,-4.259569439e-09
365584746_681f33fa46.jpg,4.22425236e-09
3670075789_92ea9a183a.jpg,-7.721325362e-10
465859490_b077219424.jpg,-4.029853829e-09
2176980976_7054c99621.jpg,-1.723019459e-09
3258472448_75cfab5e6f.jpg,7.821576463e-09
3541474181_489f19fae7.jpg,-2.067042583e-09
3350785999_462f333c44.jpg,-6.036893811e-09
3369258147_03db257f0f.jpg,-1.570859336e-09
3737711435_113ccd0a52.jpg,-4.643043554e-09
661749711_6f408dad62.jpg,5.91314348e-10
3171347658_f0d5469c56.jpg,5.150847813e-10
2057306459_2f52ce648e.jpg,-4.587709538e-09
2892467862_52a3c67418.jpg,2.473301869e-10
3295671644_0e10891b6d.jpg,8.621424624e-10
2075041394_0b3ea1822d.jpg,1.975198103e-10
2743709828_a795a75bfc.jpg,6.903728174e-10
241345721_3f3724a7fc.jpg,4.895579913e-09
3461583471_2b8b6b4d73.jpg,-1.108795366e-09
2955985301_e4139bc772.jpg,2.039312588e-09
3350260112_fcb47ff6b2.jpg,-1.330767452e-09
3651971126_309e6a5e22.jpg,2.141385438e-09
3677693858_62f2f3163f.jpg,-6.346012725e-10
2999730677_0cfa1c146e.jpg,-5.237535164e-10
526661994_21838fc72c.jpg,-2.28879153e-09
2653552905_4301449235.jpg,-6.523465601e-09
2282260240_55387258de.jpg,3.396122022e-09
3044536048_e615466e7f.jpg,-1.101556081e-08
508261758_78fb8ae067.jpg,-1.439291923e-10
3293753378_7a8ddb98b2.jpg,-1.557990502e-10
2662816021_ac474e0fde.jpg,-4.579547876e-09
3495349745_1b29a63571.jpg,-4.976779248e-09
2769605231_dae8b30201.jpg,3.659407578e-09
501699433_f8df386cf9.jpg,-1.217148798e-09
3506096155_13632955e8.jpg,4.533343809e-09
1383698008_8ac53ed7ec.jpg,7.279227401e-09
2836703077_fa9c736203.jpg,2.513435112e-09
2188688248_f57a28a5a7.jpg,3.442125891e-09
3250593457_9049a73b61.jpg,3.967940578e-10
2206960564_325ed0c7ae.jpg,-1.528008345e-10
1362128028_8422d53dc4.jpg,-3.92974272e-11
3509611207_7645b1d28d.jpg,1.553508912e-09
2905942129_2b4bf59bc0.jpg,-9.13313617e-09
2999638340_75bc8b165d.jpg,-4.82627435e-10
430964917_022995afb6.jpg,1.164337852e-09
2983555530_a89f1f5ed7.jpg,1.406372061e-09
387078972_514a38dc33.jpg,-7.779726086e-11
3283897411_af9d0b497d.jpg,3.572758738e-09
190638179_be9da86589.jpg,1.469904917e-09
2714878018_1593c38d69.jpg,-7.958982698e-09
2052202553_373dad145b.jpg,-1.893963048e-09
745966757_6d16dfad8f.jpg,1.845891693e-10
2131762850_5293a288d9.jpg,3.814514959e-10
489134459_1b3f46fc03.jpg,-5.633240506e-09
241347496_1a35fec8dc.jpg,3.640986488e-09
3473320907_3884a7203b.jpg,-2.268315548e-09
2943023421_e297f05e11.jpg,3.10743685e-09
3429142249_d09a32e291.jpg,-4.03715565e-09
359082432_c1fd5aa2d6.jpg,-4.140488871e-09
2718049631_e7aa74cb9b.jpg,-2.261798383e-09
3576312396_799c873f3e.jpg,8.219164759e-09
2082005167_a0d6a70020.jpg,-3.817630288e-10
419116771_642800891d.jpg,2.326312745e-09
3431261634_c73360406a.jpg,1.045947319e-09
2936707421_8e629874b8.jpg,2.596235301e-09
448658518_eec0b648a6.jpg,3.624096494e-09
3249865395_dceaa59f54.jpg,2.538581841e-10
2180886307_5156460b2c.jpg,-1.271823186e-09
3167379087_927ff05a35.jpg,7.639907243e-10
3191982761_88793192ed.jpg,-7.544473278e-09
2553550034_5901aa9d6c.jpg,1.46554227e-09
2481367956_8577d2fa98.jpg,-1.610657014e-09
3223055565_68973f5d20.jpg,8.685493637e-10
2392625002_83a5a0978f.jpg,-8.78151046e-09
2904601886_39e9d317b1.jpg,2.621805078e-09
3582689770_e57ab56671.jpg,-3.847004641e-09
340667199_ecae5f6029.jpg,-1.836659959e-09
250406927_a5028a31d4.jpg,1.7761366e-09
2483792149_a9b4ffecec.jpg,-3.59154947e-09
3108197858_441ff38565.jpg,-4.969537429e-09
3421706363_a3e22a4908.jpg,1.278593958e-09
3457455611_94ee93929f.jpg,-1.5003282e-09
233270519_d60d4518fa.jpg,5.339860325e-09
3079073247_97e88e2eb7.jpg,-5.195203661e-09
3331900249_5872e90b25.jpg,-7.785086237e-09
146577646_9e64b8c2dc.jpg,-1.446362544e-09
2144846312_d4c738dc6c.jpg,1.662576748e-09
2449518585_113dc4a8e5.jpg,-4.124892273e-09
2525666287_638ab5e784.jpg,3.556908806e-10
2561481438_447b852e4d.jpg,-2.228741492e-09
3024172109_a10198e1dd.jpg,4.267038835e-09
1562478713_505ab6d924.jpg,-1.091265726e-09
3004291289_c4892898ae.jpg,1.277723959e-09
3081734118_6f2090215c.jpg,-3.565539854e-10
2137071442_1c9658c81a.jpg,2.615264601e-09
2079152458_40712c3b40.jpg,-1.615785987e-09
2873837796_543e415e98.jpg,-4.563817096e-09
1057210460_09c6f4c6c1.jpg,-2.99474895e-09
2688902319_52ceaf4a2a.jpg,-3.111692654e-10
2351479551_e8820a1ff3.jpg,-6.969571484e-09
2563578471_9a4e4c2ecc.jpg,-1.729468637e-09
2636514498_01fcc5f501.jpg,-1.677921198e-10
2602866141_be9928408d.jpg,-1.599769447e-09
2580215443_4e64afe3d5.jpg,-1.056087925e-09
260520547_944f9f4c91.jpg,-4.209303004e-09
3539817989_5353062a39.jpg,-5.650931595e-09
3294964868_16f4f9fa9d.jpg,-3.457358366e-09
3708743823_3e3e0554d1.jpg,8.259291876e-11
2431470169_0eeba7d602.jpg,-6.773711185e-10
3088677667_4a8befb70e.jpg,7.263816872e-10
1683444418_815f660379.jpg,6.575331254e-09
985067019_705fe4a4cc.jpg,-8.433290177e-09
3183519385_311555d5f5.jpg,7.556552825e-11
3723903586_e98d3d8ec7.jpg,1.945486402e-09
515335111_c4afd5b903.jpg,-3.567711949e-09
3420284416_a90af1fb7a.jpg,-9.239339012e-09
271660510_dd4ba34b35.jpg,5.288506122e-09
808245064_8a7971fc5b.jpg,4.569007249e-09
3364797223_1f0b2f98ed.jpg,5.499495725e-09
416992999_654a99a903.jpg,2.814088902e-09
3486831913_2b9390ebbc.jpg,3.664628391e-09
2354064281_10afa38206.jpg,-7.368676712e-09
3453259666_9ecaa8bb4b.jpg,4.358687992e-09
1148238960_f8cacec2fc.jpg,-4.912763812e-09
2934573544_7ffe92a2c9.jpg,6.439204137e-09
1260816604_570fc35836.jpg,-2.053663633e-09
3648097366_706c8a57a1.jpg,4.483902188e-09
2517284816_9b8fd3c6b6.jpg,-1.072232562e-08
171488318_fb26af58e2.jpg,-2.87505195e-09
3487261028_30791528ec.jpg,-1.137634043e-09
2868324804_5cc8030484.jpg,2.597682836e-09
3471841031_a949645ba8.jpg,4.642461342e-09
3546891929_f31a99cd0d.jpg,3.991438846e-09
3207654194_43d6bebd68.jpg,4.590216551e-09
3041645937_ff7591d134.jpg,-1.051161593e-09
140430106_2978fda105.jpg,2.112144665e-09
461019788_bc0993dabd.jpg,3.664249142e-10
357191373_a1cb5696e8.jpg,7.395674046e-09
3627290893_561e176e80.jpg,8.748935711e-09
502884177_25939ac000.jpg,-1.017543772e-09
2870426310_4d59795032.jpg,4.638837151e-09
1525153022_06c48dbe52.jpg,-1.57350188e-09
1507563902_6ec8d5d822.jpg,9.765054567e-10
3533484468_0787830d49.jpg,-4.182441877e-09
2913965136_2d00136697.jpg,-2.521011673e-09
3508522093_51f6d77f45.jpg,-2.141933582e-10
3329858093_0ec73f2190.jpg,2.705271083e-10
3132006797_04822b5866.jpg,3.981041285e-09
2282600972_c22d1e03c7.jpg,4.212063823e-09
3697003897_d8ac13be9a.jpg,-2.231675114e-09
3051125715_db76cebd1e.jpg,1.185421859e-08
3416246113_1745559b6b.jpg,5.919966653e-10
3029043380_b28644ea5d.jpg,-2.177731785e-09
3016521240_2ef20834b6.jpg,-1.654425682e-09
221973402_ecb1cd51f1.jpg,6.664470002e-09
3481859121_3d3e566ec0.jpg,-2.548607962e-09
751109943_2a7f8e117f.jpg,8.62091853e-09
2715035273_8fc8b1291c.jpg,1.482450561e-09
3367034082_31658a89bb.jpg,5.476453574e-09
2596475173_58f11fc583.jpg,4.458652174e-09
373394550_1b2296b8c4.jpg,-9.114893104e-09
3576259024_9c05b163aa.jpg,8.150381284e-09
2353119813_685bace18e.jpg,-4.648163414e-09
3354063643_1d8814eb13.jpg,-1.844280479e-09
2178095150_436b035741.jpg,6.803838298e-09
3286193613_fc046e8016.jpg,-7.965937303e-09
3286045254_696c6b15bd.jpg,-1.018367775e-10
3211577298_14296db6fd.jpg,-4.430062405e-09
3514194772_43ba471982.jpg,-3.761939338e-09
3602838407_bf13e49243.jpg,-1.93541232e-09
241345942_ea76966542.jpg,-4.731448344e-09
2831217847_555b2f95ca.jpg,-1.031248735e-09
1334892555_1beff092c3.jpg,-2.811254311e-09
2711075591_f3ee53cfaa.jpg,3.286191248e-09
2898304260_a4099a193a.jpg,5.854939325e-09
3380072636_4cd59385fd.jpg,-1.746477256e-10
241345522_c3c266a02a.jpg,8.067970182e-09
566384456_97da3c7bd6.jpg,-4.072680392e-10
3283368342_b96d45210e.jpg,2.236978892e-09
426191845_1e979e9345.jpg,-5.854869058e-09
2689491604_d8760f57b4.jpg,-1.005687966e-08
2890731828_8a7032503a.jpg,-1.756298647e-10
235065283_1f9a3c79db.jpg,-2.962421816e-09
3472364264_dbde5a8d0a.jpg,-3.261158878e-09
479807833_85eed6899c.jpg,9.882324392e-10
2346401538_f5e8da66fc.jpg,4.873083226e-09
3722572342_6904d11d52.jpg,-5.867962806e-09
2891961886_b7a2f0b0fd.jpg,3.879723204e-09
2393298349_e659308218.jpg,-3.365907959e-09
2289068031_fe26990183.jpg,1.93953411e-10
2090723611_318031cfa5.jpg,-1.440247024e-09
112243673_fd68255217.jpg,3.589284834e-09
3410899419_4f8dca6f3f.jpg,3.586385577e-09
2715289538_d77c8d0a85.jpg,-3.861707137e-09
3146937399_8c046b7b1a.jpg,-3.724620723e-09
3091338773_9cf10467b4.jpg,-7.708305276e-11
2698666984_13e17236ae.jpg,-2.124373104e-09
2264316030_600e55748d.jpg,2.942228798e-09
2403544744_cba152f5c1.jpg,-2.60736439e-09
522063319_33827f1627.jpg,4.735356305e-09
320093980_5388cb3733.jpg,-2.512864042e-09
480200554_6155e9dfeb.jpg,-2.069067155e-09
3502897880_8392d0e4de.jpg,-6.150827641e-09
436393371_822ee70952.jpg,-2.567498231e-09
3623302162_099f983d58.jpg,-2.085328482e-09
3025546819_ce031d2fc3.jpg,1.871841039e-09
303795791_98ebc1d19a.jpg,-2.285899325e-09
3213395965_2a823c6865.jpg,9.139595022e-09
3584829998_25e59fdef3.jpg,3.145212145e-09
539676201_c8f1f04952.jpg,4.071279275e-10
2891162278_fbf96be4f4.jpg,-5.216052046e-09
3040033126_9f4b88261b.jpg,5.339410288e-09
2483993772_f64e9e4724.jpg,1.9849349e-09
2920516901_23d8571419.jpg,-5.178038468e-09
2938747424_64e64784f0.jpg,5.961547335e-09
3481884992_45770ec698.jpg,-2.517178789e-09
496380034_d22aeeedb3.jpg,-2.064503064e-09
2886837407_a4510ab1ef.jpg,-4.427269105e-09
2330843604_b8d75d6ac7.jpg,-1.174909452e-08
1688699579_2f72328c7e.jpg,4.078318526e-09
