3043501068_be58ac47e1.jpg,-2.19876687e-09
3046916429_8e2570b613.jpg,-3.726435585e-09
2054308369_f9c6ec7815.jpg,3.246046428e-09
3173014908_b3e69594b6.jpg,6.027391168e-10
167295035_336f5f5f27.jpg,3.791527981e-09
3215238223_29de2b35cb.jpg,-4.190460068e-09
3498482871_4e02f31c35.jpg,6.678216714e-09
3176498130_52ab9460b2.jpg,4.121875178e-10
2760715910_87c7bdeb87.jpg,6.150013746e-09
2738255684_0324ed062d.jpg,-4.23232455e-09
247617035_9f2e821534.jpg,-7.171095309e-09
2831215155_07ba8f1805.jpg,2.71519071e-09
871290646_307cddd4e7.jpg,2.77932711e-09
937559727_ae2613cee5.jpg,-1.980414235e-09
3371567346_b6522efdb8.jpg,-5.071590354e-11
2457052334_b5a1d99048.jpg,3.431312243e-09
468911753_cc595f5da0.jpg,-9.847484568e-10
2371809188_b805497cba.jpg,-4.808117384e-10
2540751930_d71c7f5622.jpg,-7.788579026e-09
502115726_927dd684d3.jpg,2.019152465e-09
3054997030_797096dd12.jpg,5.48237453e-10
873633312_a756d8b381.jpg,-3.1322411e-09
2436160351_108924a65b.jpg,4.282681133e-09
2706023395_ac9eba0e42.jpg,2.401979388e-09
3326086533_23a0a54a8e.jpg,4.210281715e-09
173020287_230bfc4ffc.jpg,2.519022577e-10
50030244_02cd4de372.jpg,-3.414035655e-10
3183883750_b6acc40397.jpg,2.003183315e-09
2434006663_207a284cec.jpg,-1.554257879e-09
435827376_4384c3005a.jpg,-2.597720807e-09
3503011427_a4ee547c77.jpg,3.478395686e-09
2351762979_0941aecced.jpg,-2.022247455e-12
3592968286_b63c81bcd2.jpg,-3.084014864e-09
2862004252_53894bb28b.jpg,-3.471296431e-09
1077931201_1e0bb83105.jpg,4.789114748e-09
2120383553_5825333a3f.jpg,-4.328085157e-09
3399843227_3b9d2a8dbf.jpg,4.066704945e-10
241345533_99c731403a.jpg,-1.716067424e-09
3710050559_f6f12760fe.jpg,-8.466371228e-09
2635938723_11b85e6763.jpg,6.642016767e-09
3496028495_431cfdc042.jpg,-6.539019566e-09
2991575785_bd4868e215.jpg,1.871632597e-09
3562282690_cd2a95fe9e.jpg,-6.014937182e-10
2676764246_c58205a365.jpg,-6.652345328e-09
3519942322_b37d088aae.jpg,-1.675569467e-09
2839932205_3c9c27cd99.jpg,-1.092537746e-09
2115620856_4fa5025ac6.jpg,2.649436604e-09
2684322797_85406f571d.jpg,6.917205963e-09
530661899_94655d7d0e.jpg,-9.739073501e-11
3610683688_bbe6d725ed.jpg,2.461976542e-09
2186087673_c7a73da7ce.jpg,1.33739756e-09
350176185_b8c5591e36.jpg,-1.045125356e-09
3649384501_f1e06c58c0.jpg,5.943323422e-09
3243094580_ccd01679f5.jpg,-6.887386013e-09
3301854980_233cc2f896.jpg,-6.560331393e-10
3465396606_5ba1574128.jpg,-2.822335191e-09
2502905671_c6039804ab.jpg,4.656853826e-10
437917001_ae1106f34e.jpg,-2.820194291e-09
3273163189_dece7babf4.jpg,-3.701754918e-09
3405100926_e96308ce89.jpg,5.232873492e-09
2088532947_c628e44c4a.jpg,-4.403840628e-10
3134585858_a8c3493ca5.jpg,1.665256677e-10
2242178517_2325b85e5f.jpg,3.982524966e-09
2885891981_6b02620ae9.jpg,2.812108559e-09
618771382_459bb492e4.jpg,4.02210819e-09
2642475077_69d19deb74.jpg,2.601595375e-09
197504190_fd1fc3d4b7.jpg,-2.850628439e-09
479807465_cf42f39d00.jpg,-4.820206694e-10
2622624460_207dbcc4cf.jpg,4.049269344e-09
3234890865_bb3c316968.jpg,1.716888788e-09
413737417_b0a8b445e9.jpg,8.555124432e-09
2116444946_1f5d1fe5d1.jpg,-2.167859968e-09
1434005938_ad75c8598c.jpg,-3.84829381e-09
2271890493_da441718ba.jpg,6.997239372e-09
2441354291_b32e00e5a6.jpg,7.7635021e-09
3583704941_611353857e.jpg,8.046710203e-10
2680619645_ab6645218d.jpg,-1.042187875e-08
2504991916_dc61e59e49.jpg,-1.766875202e-09
2310126952_7dc86d88f6.jpg,1.849247561e-09
576920249_df1bdc2068.jpg,-5.249618125e-10
2628331789_c7f7d90e5d.jpg,4.626565094e-09
2839038702_e168128665.jpg,-2.733786147e-10
3067971348_69af5bb309.jpg,5.440130238e-09
2860202109_97b2b22652.jpg,1.401703618e-09
3245250964_9d3e37111e.jpg,-2.600487742e-09
1806580620_a8fe0fb9f8.jpg,-2.739180736e-09
239807547_4923efc821.jpg,-2.657382206e-10
1566117559_f5d98fbeb0.jpg,-7.515356765e-09
2759813381_73303113d9.jpg,-3.349846785e-09
3000722396_1ae2e976c2.jpg,-3.208375407e-09
278007543_99f5a91a3e.jpg,2.185452706e-09
947664583_7c63172366.jpg,2.988092261e-09
325576658_59f68bdbd6.jpg,5.484016902e-09
2415265825_fbfe0c8556.jpg,-2.749570447e-09
3364796213_b8948913b5.jpg,-1.052296597e-08
2058091220_2087270068.jpg,5.88583975e-09
2295216243_0712928988.jpg,3.946491909e-10
506808265_fe84ada926.jpg,-6.867674706e-09
557601144_50b8c40393.jpg,-2.12590059e-09
3613667665_1881c689ea.jpg,1.711890227e-09
3603116579_4a28a932e2.jpg,-3.014477322e-10
1112212364_0c48235fc2.jpg,1.045790202e-08
2855910826_d075845288.jpg,-4.063320529e-09
2801851082_8c3c480c0f.jpg,-2.340005976e-09
2861413434_f0e2a10179.jpg,9.478087736e-10
3439243433_d5f3508612.jpg,4.045152599e-09
3038045802_93f2cd5fbc.jpg,7.086080818e-09
412101267_7257e6d8c0.jpg,-4.653376615e-09
3371887001_44ab0c2f17.jpg,-3.316542923e-09
260392825_ea61660633.jpg,-8.24789703e-09
3688858505_e8afd1475d.jpg,1.225005489e-09
236144859_52f9e38885.jpg,-5.746502978e-10
3207775692_bb897d9afd.jpg,-3.716139987e-09
3193335577_9bdbaf9f70.jpg,-8.08495402e-09
543291644_64539956e9.jpg,-1.209297376e-08
1781227288_6811e734be.jpg,2.000466618e-09
2892995070_39f3c9a56e.jpg,4.039503568e-09
2939371251_f923569a72.jpg,3.049495186e-09
2913972180_547783dd3d.jpg,3.491652539e-09
534655560_dc1c335b3f.jpg,4.783387855e-09
3162289423_4ca8915d0c.jpg,-1.449603894e-09
3375549004_beee810e60.jpg,8.21036104e-09
3680031186_c3c6698f9d.jpg,6.600895348e-09
476759700_8911f087f8.jpg,1.142909518e-09
487894806_352d9b5e66.jpg,-4.82965644e-09
3157039116_d82da4e66b.jpg,-2.458545999e-09
3264937930_9623496b64.jpg,-4.691273512e-09
2565657591_6c1cdfc092.jpg,-2.98235906e-09
3320154278_c67e01b8d1.jpg,-3.868933919e-09
3557295488_600d387347.jpg,-7.97459169e-09
3488512097_e500cb499f.jpg,2.972349693e-09
1436760519_8d6101a0ed.jpg,3.792849223e-09
2425262733_afe0718276.jpg,1.425439578e-09
278388986_78ba84eb8f.jpg,-1.027986149e-08
3260975858_75d0612a69.jpg,5.216261973e-09
3702038926_966fdaa311.jpg,3.94425871e-09
3449718979_e987c64e2d.jpg,-3.861965822e-10
2428094795_d3a8f46046.jpg,1.814856749e-09
2479162876_a5ce3306af.jpg,3.426938904e-09
3256272547_5ae6c66293.jpg,1.831721551e-09
3621717946_d96f8a6012.jpg,-2.563937708e-09
260162669_c79a900afb.jpg,2.862555924e-09
3256043809_47258e0b3e.jpg,1.083306692e-08
3721799573_2f470950e0.jpg,2.223185486e-09
3310067561_b92017acab.jpg,-3.753119388e-09
2635400219_2e1a984fd3.jpg,-1.828543354e-09
3004823335_9b82cbd8a7.jpg,-4.146544347e-09
3349955993_a04aea97d8.jpg,-3.05773704e-09
3571193625_835da90c5e.jpg,8.996211413e-09
2552949275_b8cdc450cc.jpg,2.857316265e-09
72218201_e0e9c7d65b.jpg,4.096258014e-09
1142847777_2a0c1c2551.jpg,-2.269396091e-09
105342180_4d4a40b47f.jpg,-1.84662004e-09
3217240672_b99a682026.jpg,-6.361514191e-09
2272967004_1531726d71.jpg,-6.494181248e-09
3296124052_6f1d1c9f8d.jpg,-7.090185735e-09
3651107058_d84d4c3c25.jpg,-2.150841176e-09
2434074318_e35a567220.jpg,-6.2858833e-09
96973080_783e375945.jpg,2.544477607e-09
2658009523_b49d611db8.jpg,-1.318385776e-09
2612608861_92beaa3d0b.jpg,6.415733215e-09
1303727066_23d0f6ed43.jpg,1.644801412e-09
2214132302_80064fd79d.jpg,5.099135792e-09
2514581496_8f4102377e.jpg,-1.455651366e-09
3326024473_4c16e4fbfc.jpg,1.238271539e-08
2882743431_c3e6cd1b5c.jpg,8.146259762e-09
3541962817_78bcd3835b.jpg,2.088142838e-09
2307118114_c258e3a47e.jpg,-4.247968197e-09
3583065748_7d149a865c.jpg,-1.803616638e-09
3632197966_0c5061025f.jpg,1.774723089e-09
279901198_e7a88c855a.jpg,8.149260358e-10
1827560917_c8d3c5627f.jpg,-3.10413058e-09
1923476156_e20976b32d.jpg,5.144312727e-09
3462165890_c13ce13eff.jpg,8.422244979e-10
453473508_682c0a7189.jpg,4.797651933e-09
3223709894_97824ba76f.jpg,5.307338035e-09
1394927474_0afdd82fc4.jpg,2.590929997e-09
3474985008_0a827cd340.jpg,3.326875721e-11
581419370_30485f3580.jpg,1.550870041e-09
3538021517_b930dc76fc.jpg,-2.053581758e-09
3436063693_15c8d377a2.jpg,-1.095295744e-08
2528552898_9e49a7033f.jpg,-4.019850977e-10
3664928753_7b0437fedf.jpg,-9.541826811e-10
485312202_784508f2a9.jpg,9.522662295e-09
3634785801_4b23184a06.jpg,-7.178933232e-09
2817847072_5eb3bc30ac.jpg,1.150799372e-08
3280672302_2967177653.jpg,-2.327286801e-09
1881494074_1bebd93089.jpg,2.833235972e-09
3323498985_fd9d2803fd.jpg,-3.541778447e-10
3348785391_c243faf6bb.jpg,1.492278613e-09
3119887967_271a097464.jpg,-3.114276857e-09
3301754574_465af5bf6d.jpg,-5.663904864e-10
3672109677_8caa992671.jpg,4.210857012e-09
3670907052_c827593564.jpg,-6.147887965e-09
3595080592_5fd55570e5.jpg,2.314287946e-10
3495453699_1c9faedf3c.jpg,-9.294739414e-10
3550276904_19de3561c5.jpg,-1.795775135e-09
2428797297_7fc3c862db.jpg,9.788189121e-10
421808539_57abee6d55.jpg,5.275940453e-09
248174959_2522871152.jpg,-4.174281998e-09
435054077_3506dbfcf4.jpg,-2.486159035e-09
3640241166_b1ab7a8e7a.jpg,2.023724676e-09
2874984466_1aafec2c9f.jpg,1.695457799e-09
3287236038_8998e6b82f.jpg,-2.238873706e-10
2453990033_df53f0d8c8.jpg,-2.430184462e-09
2736508369_fd9ff0b42f.jpg,2.322092686e-09
3092370204_029b6bc10a.jpg,-5.799790568e-09
191003284_1025b0fb7d.jpg,-8.596798373e-09
1466307489_cb8a74de09.jpg,2.874116448e-09
2255685792_f70474c6db.jpg,-3.590184008e-10
2629402527_6dfc5c504b.jpg,9.141204323e-09
2687539673_d54a8dc613.jpg,1.937504216e-09
124881487_36e668145d.jpg,-8.146482312e-10
2303016989_0deb96c8d9.jpg,4.747290118e-09
2838125339_3dd314e315.jpg,3.190094583e-09
316833109_6500b526dc.jpg,2.771071778e-09
3573436368_78f0ccdf01.jpg,4.455490313e-09
3088399255_1bd9a6aa04.jpg,1.12139098e-08
250892549_1e06a06a78.jpg,-6.610790072e-09
3711611500_ea47b58b6f.jpg,1.570349251e-09
1096395242_fc69f0ae5a.jpg,6.020759504e-09
3545586120_283d728a97.jpg,1.593186519e-09
1089181217_ee1167f7af.jpg,3.231524187e-09
3116985493_04b1dc3345.jpg,2.225247158e-09
3706653103_e777a825e4.jpg,-1.759873647e-09
380041023_0dfd712ef1.jpg,3.867195493e-10
3497224764_6e17544e0d.jpg,7.471465202e-09
410422753_de506155fa.jpg,-3.832463984e-09
3006093003_c211737232.jpg,-1.02499035e-09
857914283_270d7d1c87.jpg,-3.87766664e-09
107318069_e9f2ef32de.jpg,5.351173259e-09
3175849727_bf30b892cb.jpg,1.598921121e-09
2641770481_c98465ff35.jpg,-1.915141812e-09
3437693401_202afef348.jpg,4.45147269e-09
3555231025_73fa54fa29.jpg,2.583004645e-09
2196316998_3b2d63f01f.jpg,6.252620449e-09
245442617_407eba1e98.jpg,2.802660769e-09
3353400143_8b9543f7dc.jpg,-9.541619799e-09
413231421_43833a11f5.jpg,-1.815583067e-09
2200901777_f6c168bd32.jpg,6.865533803e-09
2493469969_11b6190615.jpg,1.596198176e-09
3756150099_50882fc029.jpg,4.108377946e-09
3404978479_8a81843e17.jpg,-3.664691547e-09
3268191118_ba25fabab6.jpg,-1.179700529e-09
2603334363_cfa32c4482.jpg,4.927344762e-09
3181409177_edb09c2718.jpg,7.423074013e-09
3656206975_09e6ce58bd.jpg,1.888025845e-09
2940366012_1ef8ab334e.jpg,-2.928125821e-09
2318721455_80c6644441.jpg,1.167475618e-09
2976155358_b4dd4407cf.jpg,4.645690495e-09
3518118675_5053b3f738.jpg,-2.359163064e-09
2894850774_2d530040a1.jpg,1.036590026e-09
900144365_03cd1899e3.jpg,1.080747104e-09
3300019891_8f404d94a1.jpg,-2.036873689e-09
3457460673_800d7f7dd9.jpg,-1.88117638e-09
1428641354_f7453afbea.jpg,1.232787547e-09
2285741931_07159a21f2.jpg,-9.546905597e-09
3666056567_661e25f54c.jpg,-2.630523426e-10
2505988632_9541f15583.jpg,5.694792374e-09
177302997_5b2d770a0a.jpg,-2.550923856e-09
1087168168_70280d024a.jpg,-4.367663602e-09
1397295388_8a5b6b525d.jpg,1.104858627e-08
2261257940_449b6e6c91.jpg,-5.216750635e-09
3566225740_375fc15dde.jpg,-4.623613488e-09
3172283002_3c0fc624de.jpg,-3.885458317e-09
3324056835_84904fe2f8.jpg,1.315161084e-09
1053804096_ad278b25f1.jpg,-2.069597911e-09
2943079526_e9033a6556.jpg,-2.213575774e-09
3647283075_3005333222.jpg,7.982742417e-09
2944836001_b38b516286.jpg,-5.126019142e-10
3576060775_d9121519cc.jpg,5.298367776e-09
3399906919_bc8562b257.jpg,-4.299853349e-10
2490863987_715383944a.jpg,7.060896846e-10
2256133102_e2c8314ecb.jpg,3.163598835e-09
3493000349_81c540e828.jpg,-3.726948183e-10
3530342993_a4a1f0e516.jpg,-5.107249787e-09
3182405529_7692256746.jpg,6.81724812e-10
2797149878_bb8e27ecf9.jpg,-2.021914587e-09
470887795_8443ce53d0.jpg,4.586584e-09
2081679622_6f1442367d.jpg,7.115898106e-12
2987096101_a41896187a.jpg,-2.096258519e-09
3401333624_4b6af8c1d7.jpg,7.277644802e-09
2090545563_a4e66ec76b.jpg,1.672005197e-09
445861800_75fc6a8c16.jpg,4.393630754e-09
1423997242_ea2189ec5e.jpg,1.655738951e-09
380034515_4fbdfa6b26.jpg,3.211833478e-09
472535997_0dbf42b9f3.jpg,1.656166744e-09
3162095736_cc41dd41ff.jpg,7.381828202e-09
1002674143_1b742ab4b8.jpg,-2.290792885e-10
3375991133_87d7c40925.jpg,1.092929165e-09
1303550623_cb43ac044a.jpg,-4.356698411e-09
3437781040_82b06facb3.jpg,2.625169364e-11
539493431_744eb1abaa.jpg,3.568842665e-09
1211015912_9f3ee3a995.jpg,1.871460373e-09
2655647656_ee450446ed.jpg,2.897216484e-09
2792212974_23b1ef05fa.jpg,6.31490852e-09
3595216998_0a19efebd0.jpg,9.720260151e-10
423066487_07757b2b49.jpg,3.155393892e-10
2823575468_15f6c345fc.jpg,-8.333570744e-11
3263215700_e27f81f8b9.jpg,7.288809707e-10
2892395757_0a1b0eedd2.jpg,-2.004703436e-09
519059913_4906fe4050.jpg,-3.701468134e-09
2384550175_e421d3a871.jpg,5.982835143e-09
3548191125_514f47e493.jpg,-1.112306009e-08
2822290399_97c809d43b.jpg,2.740794528e-09
241345864_138471c9ea.jpg,1.913384975e-09
2466420387_86fe77c966.jpg,-8.808509403e-09
229862312_1a0ba19dab.jpg,-4.592171399e-09
1573017288_4d481856e2.jpg,1.539715843e-09
3355494822_61353a224d.jpg,-8.464841923e-09
2352414953_10f3cd0f1f.jpg,-5.43137028e-09
2751602672_ca5e1f6447.jpg,5.11684109e-10
3518755601_cebf11e515.jpg,-2.47094508e-09
3442622076_c3abe955e5.jpg,2.811528933e-09
2862509442_4f5dc96dca.jpg,-1.237085612e-10
1263126002_881ebd7ac9.jpg,-1.396312728e-09
3154528397_89112faf4b.jpg,1.74018858e-10
554774472_b5d165ff69.jpg,-6.516897693e-09
2460126267_0deea8b645.jpg,-9.062175963e-09
3504158556_1d410c8ff7.jpg,2.276892186e-09
2431723485_bc6b8e6418.jpg,-1.945866579e-09
1473080948_bae2925dc8.jpg,6.499807567e-10
3594822096_e1144b85d6.jpg,5.29749006e-09
3232470286_903a61ea16.jpg,-4.023445365e-09
2599131872_65789d86d5.jpg,6.315173776e-09
262570082_6364f58f33.jpg,-4.222994395e-09
2912476706_9a0dbd3a67.jpg,-1.788636715e-09
3016726158_4d15b83b06.jpg,2.422432478e-09
2661489896_cc3425777e.jpg,-2.889911749e-11
3404552106_f516df0f5b.jpg,2.101467572e-09
2204277704_f1c8c741ed.jpg,-5.383381978e-09
2050067751_22d2763fd2.jpg,-3.037778556e-10
350443876_c9769f5734.jpg,2.347892335e-09
2450299735_62c095f40e.jpg,1.763258956e-09
769260947_02bc973d76.jpg,7.311463243e-09
2970067128_8842ab3603.jpg,1.393875889e-09
2342478660_faef1afea8.jpg,7.167445322e-09
485245061_5a5de43e20.jpg,-8.542519091e-10
3621649810_cca783b777.jpg,4.281303024e-09
3346918203_986dca6641.jpg,1.260895582e-09
3272002857_ace031f564.jpg,1.898505959e-09
3104400277_1524e4f758.jpg,8.411618908e-09
2231847779_1148d1c919.jpg,1.275907004e-09
3308488725_f91d9aba27.jpg,-3.466550475e-09
2712974062_6d5b6aa7f0.jpg,2.569637821e-09
2757803246_8aa3499d26.jpg,-2.3110952e-09
3126773489_7ae425af17.jpg,2.503424846e-09
2960033435_c20cc7399a.jpg,-2.687222268e-09
2502007071_82a8c639cf.jpg,-6.995651743e-10
3132619510_7dfc947d25.jpg,3.327446898e-10
3028095878_07341efc9c.jpg,-2.267609862e-10
247704641_d883902277.jpg,2.521192114e-09
3359551687_68f2f0212a.jpg,4.001284362e-09
824123145_59243e504e.jpg,4.593050702e-09
3285993030_87b0f1d202.jpg,8.246954346e-10
1663454406_5e2cf8c5bb.jpg,1.070501556e-10
2147199188_d2d70b88ec.jpg,4.137903672e-09
236474697_0c73dd5d8b.jpg,1.642506081e-09
3308018795_68a97a425c.jpg,-1.183796364e-09
275516348_cbccebc125.jpg,2.161116781e-09
3174228611_6cf9d2266b.jpg,4.299347147e-09
2420546021_4a59790da6.jpg,-5.07915175e-09
3009018821_ba47396e24.jpg,6.338093956e-09
2287023569_fd7a9c60b8.jpg,1.544383768e-09
3519155763_045a6a55e2.jpg,-1.011780177e-09
2309327462_82a24538d4.jpg,-3.945745691e-09
609681901_66809d2dc1.jpg,4.503011273e-09
3344411431_6f4917bb2f.jpg,-7.359998709e-10
3726700898_c50494b8bd.jpg,1.836640134e-09
3603064161_a8f3b6455d.jpg,-8.055232802e-09
415793623_6c1225ae27.jpg,-7.77010991e-09
3225296260_2ee72b4917.jpg,-3.385816736e-09
2952320230_26601173be.jpg,8.733039344e-10
2400958566_4e09424046.jpg,-1.264244969e-09
2286239223_d84ffc4e4a.jpg,1.569884994e-09
888517718_3d5b4b7b43.jpg,-1.366865378e-09
3259228898_cefd04580b.jpg,-3.344602925e-09
3374054694_fa56f29267.jpg,-5.289291322e-09
3317960829_78bbfafbb6.jpg,9.557576875e-09
1332815795_8eea44375e.jpg,-9.045997299e-09
3106340185_80d0cb770a.jpg,-1.049022487e-10
1244140539_da4804d828.jpg,7.080388574e-10
2193223202_4d908c0450.jpg,2.707312344e-09
69189650_6687da7280.jpg,1.370893754e-09
517102724_a0f3069156.jpg,6.681111505e-09
230016181_0c52b95304.jpg,-4.59667375e-09
3217620013_8b17873273.jpg,-4.202706691e-09
3429351222_17ae744daf.jpg,-2.987229822e-09
3454199170_ae26917dcd.jpg,8.142372961e-09
3580375310_46ec3e476c.jpg,3.241555077e-09
3594029059_cee1f4c59a.jpg,2.675815857e-09
2657484284_daa07a3a1b.jpg,7.017000106e-09
2869009633_ea3cafd437.jpg,-4.118061329e-09
3664297064_a4d45cbbbc.jpg,2.002281443e-09
3463523977_f2ed231585.jpg,3.209485566e-09
2745811124_12c4426b8b.jpg,-1.924785637e-09
2696636252_91ef1491ea.jpg,6.787886827e-09
2579266054_1ec58aa92f.jpg,3.538726254e-09
279728508_6bd7281f3c.jpg,2.849920655e-09
3619232550_0b1e1fd4e4.jpg,-8.399021883e-09
3639428663_dae5e8146e.jpg,-1.535699736e-09
2808870080_4ea4f3327e.jpg,-1.465581105e-09
431018958_84b2beebff.jpg,4.145344768e-10
3427852996_d383abd819.jpg,1.692078224e-09
1529044279_4922ead27c.jpg,-4.395902098e-10
2307807200_91fa29cba1.jpg,-5.031572017e-09
405534893_2d0f3b0147.jpg,1.489352204e-09
2885111681_dc328ecfff.jpg,2.46662045e-09
2921094201_2ed70a7963.jpg,-3.404834824e-09
772212710_f5fc22ed35.jpg,4.005469652e-09
2664103423_c539f61016.jpg,-1.286303388e-09
315880837_90db309bab.jpg,2.189102438e-09
2108799322_e25aa6e185.jpg,2.289141945e-09
1956678973_223cb1b847.jpg,5.700891304e-09
219730733_6a55382dd2.jpg,2.079852614e-09
2914800692_0c512d27b8.jpg,8.308401157e-09
2248487956_2603f55ab9.jpg,-2.668549062e-09
483841513_e660391880.jpg,-8.447026622e-10
1674612291_7154c5ab61.jpg,-8.324004962e-09
2288530008_4ebcee2174.jpg,6.956667068e-09
3729525173_7f984ed776.jpg,-2.682561898e-09
2257294002_0073263c54.jpg,-1.858973928e-09
2914737181_0c8e052da8.jpg,-2.03091195e-08
539744890_85e63f5854.jpg,-5.684618444e-09
3513265399_a32e8cfd18.jpg,-1.150656708e-08
1625306051_7099519baa.jpg,-1.361171834e-09
2642350864_099c0f2152.jpg,-2.874405245e-10
756909515_a416161656.jpg,-3.976463612e-09
2939197393_93dc64c4bb.jpg,-3.309898954e-09
2070831523_5035d5537e.jpg,1.209920684e-09
2986671935_0c60bbb3fa.jpg,-2.738562647e-09
156967462_72db9b722c.jpg,-1.761344556e-09
1425919702_ddb761aeec.jpg,1.986276713e-09
3048380686_732db55281.jpg,-1.944807331e-10
3226541300_6c81711e8e.jpg,4.929714147e-10
482907079_22085ada04.jpg,5.915124362e-09
108899015_bf36131a57.jpg,-1.469921572e-09
2623939135_0cd02ffa5d.jpg,-1.982627203e-09
3421177332_a05741cfa4.jpg,5.496175396e-09
3322443827_a04a94bb91.jpg,4.367047264e-09
2597737483_6518a230e4.jpg,-5.003314208e-11
3067500667_0fce8f28d4.jpg,4.7972838e-09
2521878609_146143708e.jpg,1.600221601e-09
1772859261_236c09b861.jpg,4.301911448e-09
2266901263_4324af1f03.jpg,-3.633041987e-10
3351667632_00f586a30c.jpg,5.450259669e-09
1305564994_00513f9a5b.jpg,-5.002291809e-09
2196050115_e236d91f52.jpg,-1.394575546e-09
3014986976_0e7b858970.jpg,2.38055291e-09
505955292_026f1489f2.jpg,2.817501838e-09
670609997_5c7fdb3f0b.jpg,1.307014202e-10
416650559_cd08d3cd96.jpg,4.287062453e-10
3587781729_bd21ce7b11.jpg,9.758305675e-09
3424927725_c4d1fcfac3.jpg,-6.256079168e-09
3329777647_5e1fd503ac.jpg,-5.369330076e-10
3084380974_268a0f9236.jpg,-2.470781228e-09
2358898017_24496b80e8.jpg,3.223253192e-09
446286714_dcec7f339e.jpg,-4.621799864e-09
342872408_04a2832a1b.jpg,5.034497583e-09
3613027188_1645ca1976.jpg,-5.772166601e-09
3493255026_5fdaa52cbe.jpg,-7.67872806e-09
3474912569_7165dc1d06.jpg,-2.881290366e-09
3091916691_b1c96669c6.jpg,5.088721117e-09
2998861375_02817e0147.jpg,-2.810198619e-09
1248734482_3038218f3b.jpg,1.358631357e-09
3514019869_7de4ece2a5.jpg,-2.326124003e-10
2324917982_f3db8c11e9.jpg,-4.15664566e-09
2198511848_311d8a8c2f.jpg,-6.157086142e-10
3578841731_f775cab089.jpg,-6.71876104e-09
3427402225_234d712eeb.jpg,-1.748552388e-09
3134644844_493eec6cdc.jpg,5.945908455e-09
2500567791_101d5ddee3.jpg,-2.368214891e-09
976392326_082dafc3c5.jpg,5.545820195e-10
3052196390_c59dd24ca8.jpg,-1.776511165e-09
3035118753_69287079dc.jpg,2.011887859e-10
2308256827_3c0a7d514d.jpg,4.378807969e-09
2097398349_ff178b3f1b.jpg,-2.87932561e-09
2933643390_1c6086684b.jpg,2.823117892e-11
132489044_3be606baf7.jpg,3.170065497e-09
2900274587_f2cbca4c58.jpg,4.853980716e-09
2288315705_5f4c37d932.jpg,-1.467889705e-09
2795352290_9209b214f3.jpg,5.034562136e-10
1721637099_93e9ec2a2f.jpg,1.995065003e-09
2744705574_519c171ca0.jpg,3.284838565e-09
3127142756_bf0bfcb571.jpg,1.13403435e-09
125319704_49ead3463c.jpg,2.403402104e-09
3263497678_8bb688ca01.jpg,-5.361411647e-10
244774022_a12c07afdb.jpg,-4.691102405e-10
2102030040_2e8f4738f7.jpg,-7.153747284e-09
523692399_d2e261a302.jpg,2.165658992e-09
3348811097_0e09baa26f.jpg,-4.339396271e-09
2966552760_e65b22cd26.jpg,1.235872384e-09
2647062476_5ef31ba867.jpg,-3.560092854e-09
280706862_14c30d734a.jpg,7.867256986e-10
421153376_d1d325568f.jpg,2.469941531e-09
3699318394_6193f2c8e0.jpg,-2.034556617e-10
664470170_6a1ad20c45.jpg,1.783996019e-09
2399114095_c3196ff456.jpg,2.106948288e-09
2660480624_45f88b3022.jpg,4.693468392e-09
1460352062_d64fb633e0.jpg,-3.171858997e-09
2385146732_d1c67c790e.jpg,5.210662121e-09
3185645793_49de805194.jpg,-2.818348086e-09
3384314832_dffc944152.jpg,2.748298655e-09
1449370354_380c4123c9.jpg,-1.746161519e-09
997338199_7343367d7f.jpg,1.514933093e-09
2670637584_d96efb8afa.jpg,-9.226161952e-10
3501936223_6122a13d27.jpg,-5.298129432e-09
3072114570_e1c0127529.jpg,5.201478627e-09
3461106572_920c8c0112.jpg,1.820296924e-09
804087017_330bcc8c56.jpg,-8.303226485e-09
2559921948_06af25d566.jpg,8.503812087e-09
2044063458_fcc76a7636.jpg,-1.59722428e-09
2901880865_3fd7b66a45.jpg,4.171130827e-09
890734502_a5ae67beac.jpg,-2.415536487e-09
1394396709_65040d97ab.jpg,2.67858633e-09
3416339125_0860d3d1eb.jpg,-3.521340795e-09
3628043835_9d9bd595a7.jpg,3.707864005e-09
3665169936_01ae94c9fd.jpg,-2.545874909e-09
2735558076_0d7bbc18fc.jpg,2.604870507e-09
3634400263_c6fcaa48e1.jpg,7.885439762e-09
3370085095_6abbb67c1d.jpg,1.288283051e-09
3675825945_96b2916959.jpg,-9.358899726e-10
3563924606_5914392cd8.jpg,-3.605401768e-09
199809190_e3f6bbe2bc.jpg,-7.675611505e-09
2557507575_b247f145bc.jpg,-2.639487125e-09
561940436_64d6fc125d.jpg,3.876121633e-10
1917203130_fcaff8b10e.jpg,-5.24724964e-10
3272847211_9e8a4f8308.jpg,4.107382916e-09
3533451027_b078e4631b.jpg,1.164310991e-09
700884207_d3ec546494.jpg,-5.717833589e-09
470887781_faae5dae83.jpg,7.393412243e-10
1499581619_a5f65a882c.jpg,-7.535209741e-09
3407584080_c6abf71ae3.jpg,6.243258276e-10
3606909929_90a1a072b7.jpg,-1.476675373e-08
3042483842_beb23828b9.jpg,6.989063546e-10
2623247254_3bfc795121.jpg,-4.412946674e-09
3396157719_6807d52a81.jpg,-6.111033906e-09
3604384383_db6805d1b9.jpg,1.158179351e-08
2313230479_13f87c6bf3.jpg,-5.635049667e-11
3500115252_9404c066a8.jpg,-3.04933731e-09
961611340_251081fcb8.jpg,1.272971004e-09
3699522388_2333f01f40.jpg,7.145523112e-10
392467282_00bb22e201.jpg,-6.162217135e-10
3485599424_94de8ede51.jpg,5.813643748e-10
489372715_ce52da796a.jpg,1.769383538e-09
2673148534_8daf0de833.jpg,-2.648526246e-09
3443030942_f409586258.jpg,9.804073707e-09
1401961581_76921a75c5.jpg,-2.148619273e-09
1155138244_859fd6e079.jpg,-3.058381259e-09
219843860_332e5ca7d4.jpg,-1.477138075e-09
3700322513_50f0d45bfa.jpg,-3.42952906e-09
109823394_83fcb735e1.jpg,-9.481332591e-10
293879742_5fe0ffd894.jpg,-6.972656628e-10
3051754615_3d6494c2ae.jpg,2.035685415e-09
54723805_bcf7af3f16.jpg,-2.700700905e-10
3436418401_b00ceb27c0.jpg,-5.650349585e-09
3508051251_82422717b3.jpg,-2.163179318e-09
534056823_0752303702.jpg,-8.745992853e-09
3653484549_f316590b0f.jpg,4.397085134e-09
3597326009_3678a98a43.jpg,-7.808338126e-09
491964988_414b556228.jpg,2.300723994e-09
2633082074_32c85f532c.jpg,1.730998627e-10
3721812313_6000566803.jpg,-1.059096854e-09
2373234213_4ebe9c4ee5.jpg,2.857392637e-09
315436114_6d386b8c36.jpg,7.114270777e-10
241346471_c756a8f139.jpg,-2.681581131e-09
1095476286_87d4f8664e.jpg,-9.448949914e-09
2883324329_24361e2d49.jpg,-4.999261738e-09
1235681222_819231767a.jpg,1.213872938e-09
72964268_d532bb8ec7.jpg,1.104498988e-09
262642489_f5c6b9e65b.jpg,-2.864909469e-09
3342822192_082f932ef2.jpg,-4.05617029e-09
3475092236_cf45d383c7.jpg,-2.558874742e-09
3215896272_e9b4b547a9.jpg,4.037224598e-09
2142232919_c857a09dd7.jpg,-1.548088009e-09
2189181027_a445b13438.jpg,5.469138198e-09
3274879561_74997bbfff.jpg,4.770905032e-09
309430053_cc58bcc36a.jpg,-6.738002104e-09
241345596_91e0e2daf5.jpg,-6.191467375e-10
3621623690_0095e330bc.jpg,2.654706695e-09
3741827382_71e93298d0.jpg,-1.702473433e-09
2473737724_355599a263.jpg,2.478490394e-09
3406116788_c8f62e32d1.jpg,-3.66615134e-09
1324816249_86600a6759.jpg,-3.501642458e-09
3468694409_a51571d621.jpg,3.312519473e-09
3030962048_f71948226c.jpg,4.216958544e-09
2467850190_07a74d89b7.jpg,-1.138207482e-11
2319808437_bbbdc317c0.jpg,4.003215081e-09
1295671216_cde1b9c9d1.jpg,6.111389506e-09
237277765_9e6fa5b99a.jpg,3.716592767e-09
181103691_fb2f956abd.jpg,-5.744823234e-09
3640348910_fcd627ec66.jpg,-1.20329482e-09
2879241506_b421536330.jpg,5.088710913e-09
2504056718_25ded44ecb.jpg,-7.594716363e-10
2618538137_44fffe10c4.jpg,2.823401046e-09
3425071001_e7c9809ef2.jpg,5.061280621e-10
3472540184_b0420b921a.jpg,-6.152947492e-09
1405221276_21634dcd58.jpg,4.199520992e-11
2587106431_1cc0e719c6.jpg,5.595814499e-09
2762702644_2aa3bf9680.jpg,-5.799798797e-10
2808098783_c56b44befa.jpg,1.439401224e-09
2257099774_37d0d3aa9a.jpg,-1.042371011e-09
3141440149_00becbbb93.jpg,2.497376276e-09
3304484212_b950233c30.jpg,-3.864574991e-09
3475581086_a533567561.jpg,-4.072778423e-10
979201222_75b6456d34.jpg,7.835771782e-09
3581538034_783b7d0d09.jpg,2.158050147e-10
2865564810_5c63328cd4.jpg,2.772153987e-09
3691622437_f13644273c.jpg,2.260370069e-09
3412249548_00820fc4ca.jpg,6.760484921e-09
131632409_4de0d4e710.jpg,-7.696345719e-09
3251648670_9339943ba2.jpg,-1.100894958e-08
3712923460_1b20ebb131.jpg,-1.948057235e-09
3189521080_133777bce5.jpg,-5.795763681e-09
852469220_bc0fee3623.jpg,-6.286083439e-09
2115849046_2aa9fa8d13.jpg,-5.679457094e-09
1357724865_4faf4e1418.jpg,-5.592876295e-09
3492383096_5bbc08f0da.jpg,9.123103639e-09
1808504612_3508f3c9bb.jpg,4.380373719e-09
3725814794_30db172f67.jpg,-4.719922626e-09
3493479159_609ebe1b35.jpg,-1.14176706e-08
2362377137_9528692825.jpg,-2.78807115e-09
319851847_7212423309.jpg,-9.528342399e-10
500446858_125702b296.jpg,2.442171409e-09
3155501473_510f9c9f6b.jpg,2.592320539e-10
408573233_1fff966798.jpg,4.617972043e-09
470373679_98dceb19e7.jpg,-1.939573875e-09
2867699650_e6ddb540de.jpg,-2.384040859e-09
488356951_b3b77ad832.jpg,-2.088450165e-09
2944025729_5aecda30ee.jpg,-6.544312145e-10
2638981862_6b23833f37.jpg,1.158876182e-09
689359034_4a64c24ca4.jpg,-2.388494159e-09
3234115903_f4dfc8fc75.jpg,7.455153101e-09
3332467180_d72f9b067d.jpg,1.580434457e-09
3365198533_539073002b.jpg,2.635635504e-09
2419221084_01a14176b4.jpg,8.279313e-09
1269470943_ba7fc49b4d.jpg,-4.826228277e-09
2461990494_c5ece064cc.jpg,3.504186536e-09
1969573381_5ecfae4c80.jpg,-4.780105502e-09
2276120079_4f235470bc.jpg,-5.340117416e-10
3399616238_77acf4ee12.jpg,1.377463622e-09
781387473_208ba152b3.jpg,-1.273436621e-09
295729735_8360f2e64c.jpg,4.8965041e-09
1412832223_99e8b4701a.jpg,4.163130499e-09
673806038_0a3682a83f.jpg,-7.376350968e-10
2908466042_bf07cb52c7.jpg,5.579306952e-09
3726730085_2468ee9220.jpg,-3.433235348e-09
2368266191_87d77750f1.jpg,1.729145337e-09
751074141_feafc7b16c.jpg,3.526763644e-09
3547000169_40191e02ca.jpg,-1.281572668e-09
3516653997_98ec551a67.jpg,-2.14335473e-09
3562470436_6e193643ce.jpg,1.147135452e-09
3412450683_7da035f2de.jpg,-2.668420389e-09
1072153132_53d2bb1b60.jpg,1.50351226e-09
3388330419_85d72f7cda.jpg,3.776002558e-09
2372763106_ddea79d36e.jpg,4.765391882e-09
3211437611_bd4af3730b.jpg,-2.192045278e-09
897406883_f09f673d94.jpg,1.042899634e-09
482882307_7dcb9eee11.jpg,-2.995415865e-09
535123126_c06c1ab9bf.jpg,1.254029051e-09
3419238351_ac18b440c0.jpg,6.724269573e-09
3189251454_03b76c2e92.jpg,7.470637575e-10
2967549094_d32422eb01.jpg,1.597569642e-10
3123526484_02952e40fc.jpg,-7.954346746e-09
3242354561_54e5a34925.jpg,-6.977475096e-09
3555573680_41c1540a86.jpg,-5.15778348e-09
3542418447_7c337360d6.jpg,-8.350787953e-10
1432342377_3e41603f26.jpg,7.364417534e-09
3581451227_618854cea4.jpg,6.062376762e-09
2678612999_893ed671f8.jpg,-2.715702823e-09
3614881872_ccf9739b0e.jpg,-1.081990049e-08
2474092890_6c0781a8ed.jpg,-1.861520539e-09
3143765063_a7761b16d3.jpg,3.565191819e-09
3070011270_390e597783.jpg,-3.214215132e-09
285306009_f6ddabe687.jpg,-5.471391449e-10
3671933270_d124e9a1a4.jpg,-1.459141804e-09
267015208_d80b3eb94d.jpg,-4.85271285e-09
1597557856_30640e0b43.jpg,-2.550115489e-09
2538423833_d1f492d1fb.jpg,-2.181839831e-09
3534183988_3763593dfb.jpg,-7.226941647e-12
3510695264_ef460fa6cc.jpg,1.850681648e-09
3249738122_decde6c117.jpg,1.194282147e-09
3468275336_61936db92d.jpg,9.91476083e-10
2737233999_34d60dc5c3.jpg,5.878727624e-09
3338474677_7376e426c2.jpg,-3.975378915e-09
3223606402_bb2aa6db95.jpg,3.249107238e-09
2703155733_19ac6f97a8.jpg,3.846109898e-09
811662356_f9a632b63c.jpg,4.754815007e-09
475778645_65b7343c47.jpg,1.014319345e-09
244910177_7c4ec3f65b.jpg,4.171877881e-09
2052702658_da1204f6d1.jpg,-5.695320273e-09
524282699_71e678a6bd.jpg,-5.933009007e-09
255330891_86d65dfdbf.jpg,-4.201074018e-09
1679557684_50a206e4a9.jpg,2.599778564e-09
3459858555_c3f0087a72.jpg,1.398132645e-09
2891240104_6755281868.jpg,-1.683773391e-09
3385956569_a849218e34.jpg,3.459407557e-09
2190227737_6e0bde2623.jpg,-2.516209298e-09
3415589320_71a5bf64cf.jpg,-2.947888716e-09
1402843760_d30f1dbf0f.jpg,1.743491838e-09
795081510_53fd17d101.jpg,-2.48241972e-09
1713248099_d860df4e10.jpg,3.607918733e-10
2905975229_7c37156dbe.jpg,4.993098128e-09
2757779501_c41c86a595.jpg,-3.950594862e-09
3183875944_b2be694e06.jpg,-9.259680805e-09
3516299821_8f0375d221.jpg,5.07122173e-09
3370308329_7f2de5bb58.jpg,4.111921856e-09
2727051596_be65bfb3d3.jpg,-9.373895522e-09
3564543247_05cdbc31cf.jpg,-8.150673712e-10
3155451946_c0862c70cb.jpg,-1.442198677e-09
688210930_85c5675d5b.jpg,1.027957112e-09
2716251485_d6113f4c8a.jpg,-1.650382379e-10
2282043629_91b7831352.jpg,3.919013004e-09
261737543_b8fdc24671.jpg,1.332575208e-09
3195969533_98f5de0fab.jpg,-5.364581084e-10
3459156091_c1879ebe28.jpg,9.605989772e-09
2950637275_98f1e30cca.jpg,2.624671258e-09
1030985833_b0902ea560.jpg,3.149758777e-09
3072782873_3278f3b3a7.jpg,-3.885535827e-10
2564888404_b57f89d3c7.jpg,2.272875088e-09
3625049113_554d82c2a1.jpg,-3.902669182e-09
1541272333_1624b22546.jpg,8.547548016e-09
3523474077_16e14bc54c.jpg,6.080024187e-09
1298866571_b4c496b71c.jpg,-1.505549287e-09
1517340899_ee1c74a8f6.jpg,-4.005254264e-09
300577374_bfccb0430b.jpg,9.90092285e-10
468102269_135938e209.jpg,5.31683139e-10
3608567609_aae96d4a5e.jpg,-4.863610501e-09
2980445969_a86f4e6a0e.jpg,-2.151219637e-09
3695517194_2a6b604cb2.jpg,-2.859862672e-09
3563059800_c073081ce3.jpg,1.555932131e-09
387830531_e89c192b92.jpg,-3.522177615e-09
2748435417_ea7bbcc17c.jpg,3.247246614e-10
2752084369_52e7867da7.jpg,-3.57319546e-09
2868136205_3cf679208d.jpg,-8.908679191e-09
3684562647_28dc325522.jpg,1.660266021e-09
3412036192_d8cd12ed3f.jpg,-1.200730811e-09
1858963639_4588cd4be9.jpg,4.936996387e-10
454691853_cc1e0fa6a1.jpg,4.239218916e-09
2914206497_5e36ac6324.jpg,-7.686044912e-09
3225880532_c8d5d1d798.jpg,-2.110631891e-09
3696246123_99d4d10140.jpg,-5.081446155e-09
3422219732_3d0be52cc3.jpg,-3.509973637e-09
2938072630_d641b63e4d.jpg,1.379456846e-09
3255737244_1f8948fc07.jpg,2.917391363e-09
597543181_6a85ef4c17.jpg,7.155160719e-09
3494394662_3edfd4a34c.jpg,-1.091223595e-09
3579686259_b1fe6aefc9.jpg,-4.216114112e-09
517094985_4b9e926936.jpg,5.14272856e-09
2106772874_381824648b.jpg,5.717825079e-09
2466093839_33bbc8cbd9.jpg,1.012146632e-12
473220329_819a913bbb.jpg,-5.35670561e-09
513116697_ad0f4dc800.jpg,3.401640143e-09
3173976185_8a50123050.jpg,-7.770467718e-09
370713359_7560808550.jpg,5.8714945e-10
3597921737_3fd1d0665b.jpg,-1.302550005e-09
3128164023_ebe8da4c32.jpg,8.98364026e-09
3214573346_d3a57f0328.jpg,4.608697681e-11
1418503947_953d373632.jpg,4.530483834e-09
3235542079_2fcf4951a1.jpg,4.615670272e-09
2129430111_338a94f8fb.jpg,2.911524764e-09
2181117039_c4eea8036e.jpg,6.5750235e-09
2451988767_244bff98d1.jpg,-2.111679655e-09
3163563871_cef3cf33ea.jpg,-1.965214705e-09
3143574389_8a4048fbe2.jpg,-2.060630145e-09
2896180326_88785fe078.jpg,-5.426760814e-09
1387785218_cee67735f5.jpg,-5.547200323e-10
3596131692_91b8a05606.jpg,1.273741765e-10
2842609837_b3a0b383f7.jpg,-1.143321157e-09
3269661567_faf190885a.jpg,1.280220765e-08
1075881101_d55c46bece.jpg,3.215559983e-09
760180310_3c6bd4fd1f.jpg,3.013329989e-09
3497238310_2abde3965d.jpg,-9.342682311e-09
3211556865_d1d9becf69.jpg,-6.276755138e-09
3326249355_e7a7c71f06.jpg,-4.281636615e-09
3433470650_a8b1c27173.jpg,1.968713871e-09
1289142574_2bd6a082dd.jpg,-8.524123456e-09
2309860995_c2e2a0feeb.jpg,-8.979979302e-09
2982928615_06db40f4cd.jpg,-9.994266788e-10
2360194369_d2fd03b337.jpg,-4.283085808e-09
3678098428_40c1b74cc2.jpg,5.627293991e-10
3076052114_233f42ae5b.jpg,-1.744740335e-09
1288909046_d2b2b62607.jpg,5.001355905e-09
475317104_1cdc1653b4.jpg,-1.687622939e-09
3547313700_39368b9a2f.jpg,-2.369169366e-10
3477778668_81ff0a68e0.jpg,5.457547233e-09
3208571574_6dc1a461c5.jpg,1.673948825e-09
3487820317_3728e7569e.jpg,-5.93934344e-09
1248953128_24c9f8d924.jpg,4.968577517e-09
3538213870_9856a76b2a.jpg,1.668549508e-09
457631171_12b1aee828.jpg,-9.410371861e-10
2070798293_6b9405e04d.jpg,1.58886261e-09
3164415865_612f9fd8bc.jpg,-9.649371308e-09
2105756457_a100d8434e.jpg,4.804523844e-09
284441196_8ebb216d0d.jpg,-2.900258385e-09
3452982513_36f2bc81fa.jpg,2.931204147e-09
2084157130_f288e492e4.jpg,2.373430081e-10
2455286250_fb6a66175a.jpg,1.31392267e-09
2618322793_5fb164d86a.jpg,-1.031216819e-08
3439982121_0afc6d5973.jpg,4.110289028e-09
2549452277_873cb80d3e.jpg,-1.825846946e-08
2095007523_591f255708.jpg,1.304721853e-09
2604305843_ebe3e8a328.jpg,-2.038343746e-09
2923497185_c64004ff2d.jpg,-3.564273378e-09
3286017638_c688c83e3d.jpg,-2.989165021e-09
3091594712_2166604334.jpg,-1.366069362e-09
2709683703_5385ea9ef4.jpg,1.741955606e-09
3591170729_406fdb74e5.jpg,1.700046884e-10
2682194299_92005b26c6.jpg,-1.554055995e-09
2870194345_0bcbac1aa5.jpg,-5.317888461e-09
1472653060_7427d2865a.jpg,-1.813197112e-09
3445296377_1e5082b44b.jpg,1.272150495e-09
305749904_54a612fd1a.jpg,1.030045595e-08
248858242_1c33c54ada.jpg,1.214526561e-09
3431194126_ca78f5fde6.jpg,-4.749661415e-09
3246991821_750a3097e2.jpg,-3.237663886e-09
2313822078_282dc07531.jpg,-6.593987738e-09
3464708890_3cab754998.jpg,9.889157609e-10
2963672852_c28043bb2c.jpg,-4.604698346e-09
2171576939_d1e72daab2.jpg,-5.351162337e-09
2419591925_1038c6c570.jpg,6.275625429e-10
2924259848_effb4dcb82.jpg,-5.281295397e-09
1141718391_24164bf1b1.jpg,1.220936729e-09
389643437_9a9830a3ba.jpg,5.877308284e-09
1075716537_62105738b4.jpg,-2.47314813e-09
509200598_171a1ab6c8.jpg,6.112926096e-09
380527679_574749123d.jpg,5.080458777e-10
590445887_4d4fa43923.jpg,2.659202113e-09
3198231851_6b1727482b.jpg,-1.531021729e-09
69710411_2cf537f61f.jpg,2.416930985e-09
3540598210_972f0ff573.jpg,-4.260070105e-09
1924234308_c9ddcf206d.jpg,2.797458723e-09
3096163135_584901a5ae.jpg,3.268254947e-09
1745110280_0cbff5e273.jpg,6.381853663e-10
370614351_98b8a166b9.jpg,-2.542626966e-10
3689727848_b53f931130.jpg,-5.724280975e-10
244910130_e1f823a28a.jpg,-9.263049589e-10
3542771548_fcb8fa0cba.jpg,-1.109227928e-09
3211453055_05cbfe37cd.jpg,1.753762318e-09
2428959030_bdffc2812e.jpg,6.264895817e-09
3540416139_c884f38351.jpg,1.115132177e-09
1153704539_542f7aa3a5.jpg,1.343275999e-09
3477315700_52a4d740a5.jpg,6.89685569e-09
3255482333_5bcee79f7e.jpg,-1.700229573e-09
2109370875_05241bdda7.jpg,2.92179527e-09
485921585_1974b1577a.jpg,8.23378637e-10
405961988_fcfe97f31e.jpg,9.204851176e-09
3583903436_028b06c489.jpg,-6.674244792e-09
3401437960_7da856e004.jpg,3.862859818e-09
2087640654_1a84577a44.jpg,-8.523801112e-10
241347391_4fcd4639f4.jpg,-1.721466493e-09
2445283938_ff477c7952.jpg,2.108091694e-09
467858872_f3431df682.jpg,-7.820786582e-09
2716457668_187a6d2b1c.jpg,-1.113524919e-09
2894217628_f1a4153dca.jpg,5.721479283e-10
3101378069_f8caa14c0a.jpg,-1.815180578e-09
3149804151_1cc8d10783.jpg,-1.380664693e-09
3143978284_ac086be9a3.jpg,3.52526499e-09
2746839158_4195210d27.jpg,-2.174336919e-09
3543600125_223747ef4c.jpg,-3.810725291e-09
3185662156_c877583c53.jpg,5.878726457e-09
3685373706_37f2ced9ff.jpg,2.517972153e-09
1235580648_7eebaed9bc.jpg,9.978892903e-10
2369452202_8b0e8e25ca.jpg,-3.166729161e-09
3127888173_9a9a8ac3bd.jpg,1.470153422e-09
3259119085_21613b69df.jpg,-4.703957951e-09
97105139_fae46fe8ef.jpg,2.633817832e-09
2282895743_f803f1cf01.jpg,6.67126059e-09
3214151585_f2d0b00b41.jpg,-2.919275994e-09
3226796100_08c49cfa5c.jpg,-4.173570691e-09
3199895624_4f01798c6f.jpg,-1.056366721e-09
3498327617_d2e3db3ee3.jpg,6.91453092e-09
3268443910_b36dbc1e5c.jpg,-1.128818184e-09
2402793046_3385554e81.jpg,1.202063047e-08
2435166927_28b8130660.jpg,-8.121093707e-10
3363750526_efcedc47a9.jpg,-1.032563996e-08
3439414478_8038ba9409.jpg,-1.082829765e-09
836768303_d748df5546.jpg,-2.786274031e-09
3518608016_46453d8b18.jpg,4.240080627e-09
3053785363_50392f2c53.jpg,-6.772007432e-09
1193116658_c0161c35b5.jpg,3.235834479e-09
412203580_2c7278909c.jpg,-8.061382686e-10
506882688_b37d549593.jpg,1.155379735e-09
269630255_c3ec75c792.jpg,-2.146868096e-09
2613209320_edf6a2b7e9.jpg,5.978707358e-09
3351596152_bf283f03d1.jpg,1.500672453e-09
3515665835_22e6fb1193.jpg,-5.010886516e-09
3631671718_d712821757.jpg,-3.450452547e-09
524360969_472a7152f0.jpg,5.7761487e-09
2860872588_f2c7b30e1a.jpg,1.064988653e-09
2930318834_8366811283.jpg,8.015962056e-09
411216802_aead9e67e3.jpg,4.439167868e-09
2389107995_ec756f3514.jpg,-2.128354062e-10
3546027589_253553252a.jpg,1.836915148e-09
2555521861_fc36fd3ab0.jpg,-1.196052961e-09
2667783499_3a4f38f636.jpg,-4.278549378e-09
2926786902_815a99a154.jpg,9.445935672e-10
3258394043_a0b6a94dce.jpg,2.419538466e-09
408233586_f2c1be3ce1.jpg,6.334747555e-09
1415591512_a84644750c.jpg,-1.042253089e-09
837893113_81854e94e3.jpg,-3.400180442e-09
3356901257_83811a19eb.jpg,-3.34256657e-09
2815256108_fc1302117d.jpg,4.3045249e-10
3526897578_3cf77da99b.jpg,7.222322481e-09
3151492269_28d8edaa68.jpg,7.067466796e-09
1308617539_54e1a3dfbe.jpg,7.270057669e-10
2089350172_dc2cf9fcf6.jpg,7.519321034e-09
528500099_7be78a0ca5.jpg,2.659654947e-09
2219959872_988e6d498e.jpg,1.188687455e-09
1456393634_74022d9056.jpg,1.918173132e-09
3336361161_c06cdd160e.jpg,1.464884988e-09
2371749487_d80195a2e7.jpg,1.664131664e-09
455611732_d65bf3e976.jpg,-4.377217693e-09
1975531316_8b00eeaaf7.jpg,5.827954309e-10
954987350_a0c608b467.jpg,-4.73549632e-09
96399948_b86c61bfe6.jpg,3.471664478e-10
3454621502_73af6742fb.jpg,4.464107193e-09
2601008162_f00eeb5c14.jpg,6.753353474e-10
3424851862_0f51c42922.jpg,-2.916488598e-09
2729685399_56c0e104b1.jpg,6.733026376e-09
2101808682_0d66ef4a08.jpg,4.898192217e-09
2863349041_5eba6e3e21.jpg,-9.141655696e-09
207584893_63e73c5c28.jpg,-9.640958416e-09
2460797929_66446c13db.jpg,-1.927770132e-09
1307635496_94442dc21a.jpg,-3.567878709e-09
2521770311_3086ca90de.jpg,3.367225537e-11
3679502342_7fe6ef8a36.jpg,-1.403620074e-09
3349528565_0bc013b70a.jpg,-3.713004031e-09
2682382530_f9f8fd1e89.jpg,3.424062573e-09
362316425_bda238b4de.jpg,-1.167867871e-08
3681414069_71ba164f71.jpg,-1.47905539e-09
461505235_590102a5bf.jpg,7.528452545e-09
2195887578_3ba2f29b48.jpg,7.384888907e-10
3640109324_3ce89e4d1a.jpg,6.262026477e-09
2513260012_03d33305cf.jpg,-2.386206247e-09
895502702_5170ada2ee.jpg,9.591513246e-09
556568556_bc5124dc8e.jpg,5.278092234e-09
2038662925_f4fa8c2534.jpg,-8.287224862e-11
1130369873_d80a1aa59c.jpg,-5.581592942e-10
2814037463_74de97da86.jpg,2.659467616e-09
3091177347_58c85c1c3b.jpg,8.856009368e-09
2201192417_d934730fea.jpg,8.000985005e-09
2394857899_76bfdf720b.jpg,3.020335888e-09
3158327361_6f1a518228.jpg,1.613875539e-09
3420323191_d66e003264.jpg,-1.626194401e-09
3569329986_1f468729b2.jpg,4.57858228e-10
487487795_54705c406e.jpg,-4.366707808e-09
241347664_4a3e7e5be7.jpg,-4.311862216e-09
307994435_592f933a6d.jpg,-1.687376716e-09
3504479370_ff2d89a043.jpg,4.871472157e-09
2774581025_81a3074e2e.jpg,4.538256508e-09
2381583688_a6dd0a7279.jpg,1.267165059e-09
2560388887_55abc9083d.jpg,1.894926106e-09
263233914_d25004e4cd.jpg,-2.573056162e-09
3236447445_eecafdf4f0.jpg,-4.24286632e-09
2252635585_b48b3485b0.jpg,1.545208273e-09
2618866067_07cbc83dc5.jpg,1.789719762e-09
3126225245_96cd2c053f.jpg,-6.489155005e-09
326334188_8850b7bfd4.jpg,-2.024389682e-09
3284887033_e2e48f1863.jpg,-1.880353319e-09
2491343114_a3e35a2a3a.jpg,4.012696574e-10
2467803152_70eeca1334.jpg,-3.456749103e-09
3228069008_edb2961fc4.jpg,-6.420831963e-09
2192026581_b782d1355a.jpg,4.584627213e-09
3726019124_f302b3d48a.jpg,-1.177290553e-10
2588927489_f4da2f11ec.jpg,-5.712261163e-10
3637013_c675de7705.jpg,3.44466095e-09
3523920786_0eb63993fd.jpg,-5.373501697e-09
1337792872_d01a390b33.jpg,2.521020911e-09
2766630484_ce73f47031.jpg,-8.530284944e-10
2396669903_5217a83641.jpg,6.343003363e-10
2183967273_d182e18cf6.jpg,-1.12296355e-08
3706356018_28f62290e8.jpg,3.14917417e-10
3265964840_5374ed9c53.jpg,3.611173391e-09
1355703632_5683a4b6fb.jpg,5.743689899e-10
3530502404_f8c3a3f61c.jpg,1.323238144e-09
3248408149_41a8dd90d3.jpg,-4.653715007e-09
2473293833_78820d2eaa.jpg,2.843507122e-09
2480664591_e6d22ed61c.jpg,-4.886948067e-10
3585598356_8ce815bbb9.jpg,-1.720433612e-09
2844641033_dab3715a99.jpg,6.127008956e-09
1785138090_76a56aaabc.jpg,-4.152575929e-10
3231237864_8cb1c6d863.jpg,1.097488129e-09
3639363462_bcdb21de29.jpg,-2.771538029e-09
1019604187_d087bf9a5f.jpg,1.811901398e-09
1515025681_999199cb79.jpg,-1.863976622e-09
2594902417_f65d8866a8.jpg,-1.047466026e-08
2866820467_ae699235a7.jpg,3.709432167e-10
3219122000_bd6b4ae5ff.jpg,5.170284409e-10
3677927146_1696f0b075.jpg,-4.271899927e-09
3033257301_e2c8a39b04.jpg,-1.979619887e-09
511844627_0ec78e01e9.jpg,7.841644266e-11
3300679815_2c6c2301cb.jpg,5.210420155e-09
356143774_ef3e93eede.jpg,3.788041876e-09
2328616978_fb21be2b87.jpg,6.248390709e-10
2088460083_42ee8a595a.jpg,-2.346033872e-10
514073775_56796be990.jpg,4.205432024e-09
1143373711_2e90b7b799.jpg,3.463531532e-09
1056249424_ef2a2e041c.jpg,3.629416907e-09
1417031097_ab656bc4bd.jpg,-1.341444879e-08
1356796100_b265479721.jpg,2.540844414e-09
286660725_ffdbdf3481.jpg,4.16663463e-09
539667015_fd0a3bea07.jpg,-6.425765916e-10
3330680118_4e541889c1.jpg,-6.448174971e-09
2677614492_792023b928.jpg,3.642229867e-10
557101732_32bbc47c12.jpg,2.02023732e-09
464251704_b0f0c4c87a.jpg,2.665852339e-09
2586028627_ddd054d8cc.jpg,-7.273272119e-09
1244306891_8e78ae1620.jpg,3.120381932e-09
1821238649_2fda79d6d7.jpg,-5.89858635e-09
3505657604_8899161734.jpg,-5.095359703e-09
3105691757_817083b0a6.jpg,-1.151673721e-09
2562377955_8d670ccec6.jpg,-4.813827331e-10
1355450069_c0675b0706.jpg,-1.238119814e-09
3452341579_0147d2199b.jpg,3.077385461e-09
3339586622_a7676b30e1.jpg,-1.532243822e-09
2192802444_b14bb87b95.jpg,-5.809641083e-09
2631300484_be8621d17b.jpg,-8.324633228e-09
533483374_86c5d4c13e.jpg,2.911563698e-10
210686241_b8e069fff3.jpg,-3.440509813e-09
2890075175_4bd32b201a.jpg,-4.085083226e-09
3182996527_70d9c323d5.jpg,-4.168544922e-09
1313961775_824b87d155.jpg,7.134161258e-09
1417941060_2a0f7908bc.jpg,-1.77402382e-10
3173461705_b5cdeef1eb.jpg,-1.926567512e-09
3339140382_2e49bc324a.jpg,1.32791919e-09
3050606344_af711c726c.jpg,-2.129250625e-09
103195344_5d2dc613a3.jpg,-8.069167731e-09
3172369593_eb4d787ffb.jpg,4.874977111e-09
2930616480_7fd45ca79b.jpg,1.858017969e-09
3482879314_d3387e95b1.jpg,9.443335031e-10
566446626_9793890f95.jpg,5.271687241e-10
3417662443_2eaea88977.jpg,3.505280704e-09
174466741_329a52b2fe.jpg,-3.315716949e-09
2319175397_3e586cfaf8.jpg,-3.862188137e-10
3564436847_57825db87d.jpg,-1.44967184e-10
3494105596_f05cb0d56f.jpg,-2.713241204e-09
2283966256_70317e1759.jpg,-6.597695322e-10
429270993_294ba8e64c.jpg,5.407215529e-09
540721368_12ac732c6c.jpg,-8.584348901e-09
312427606_defa0dfaa8.jpg,4.865176619e-09
3404906655_bc51c69c1e.jpg,-6.746477796e-09
3217187564_0ffd89dec1.jpg,-5.197315595e-09
3383388869_a14552e551.jpg,2.96594538e-09
523991446_65dbc5a4a5.jpg,9.842498931e-10
2801146217_03a0b59ccb.jpg,-1.659907225e-09
839295615_bb9baf2f95.jpg,-2.9981028e-09
2436081047_bca044c1d3.jpg,3.506379622e-09
472396131_6e97068d93.jpg,-6.816588232e-10
3648160673_0c783236a6.jpg,-3.786804216e-09
407569668_19b3f8eaf6.jpg,-4.00238472e-09
3607405494_0df89110a6.jpg,-2.489776478e-09
3666169738_a8c74cf745.jpg,-6.241445185e-09
3551447084_becc6a4666.jpg,-1.576586843e-09
2182488373_df73c7cc09.jpg,1.998665374e-09
2003663004_5b70920a98.jpg,3.079121958e-10
1797507760_384744fb34.jpg,-3.638446877e-10
3372214646_cc2ceb182f.jpg,4.852827258e-09
468930779_8008d90e10.jpg,-1.309538826e-09
3016178284_ec50a09e8c.jpg,-1.420277807e-09
3077781040_bc27778609.jpg,2.977707973e-10
3306951622_93b82cac21.jpg,8.071840687e-09
1282392036_5a0328eb86.jpg,1.545264813e-09
3459570613_3932816d3f.jpg,1.473920745e-10
2414397449_2ac3b78e0d.jpg,4.992602888e-09
3536561454_e75993d903.jpg,5.245069879e-09
2191453879_11dfe2ba3a.jpg,-3.467118586e-09
2274602044_b3d55df235.jpg,2.703174772e-09
2272426567_9e9fb79db0.jpg,-6.0248144e-09
3312096605_f458757418.jpg,-2.583465158e-09
3225998968_ef786d86e0.jpg,-3.940588022e-09
2746072388_b127f8259b.jpg,4.739705924e-09
3722507770_0d6cb7420e.jpg,-2.663347676e-09
518144037_9a1754b2a6.jpg,1.163822919e-09
1056359656_662cee0814.jpg,-2.967423659e-09
3177298173_78cea31d64.jpg,-2.11641434e-09
3654869593_c8599a8e20.jpg,-6.662447911e-09
772403830_08b72c7da9.jpg,-5.814812987e-09
450596617_ed37ec0fe4.jpg,-3.997107325e-09
1425485485_d7c97a5470.jpg,-1.729860414e-09
3088922727_4bdf2ccc94.jpg,-2.757826991e-09
3558683579_8fb36b55a6.jpg,6.282988111e-09
3273091032_98f724b36b.jpg,-4.31063973e-09
1860543210_47e94cf652.jpg,3.42948989e-09
3334953664_a669038795.jpg,1.134686127e-09
2869765795_21a398cb24.jpg,-4.158521601e-09
3351370405_e417e38f52.jpg,-4.363937278e-09
566794440_f9ec673a2f.jpg,-2.55196983e-09
3392293702_ccb0599857.jpg,2.290285836e-09
3567061016_62768dcce1.jpg,-1.810056494e-09
3015898903_70bebb8903.jpg,-8.307850799e-09
1469000260_5d473c8283.jpg,1.154171376e-08
2517082705_93bc9f73ec.jpg,-4.028391026e-09
3349194268_0ee555c9a2.jpg,-4.507404885e-09
435739506_2daf7f4887.jpg,-5.798676809e-09
319869052_08b000e4af.jpg,1.844326932e-10
3208074567_ac44aeb3f3.jpg,4.880589226e-09
2404488732_ca1bbdacc2.jpg,8.642464811e-09
486917990_72bd4069af.jpg,-8.342414467e-09
3009644534_992e9ea2a7.jpg,-1.341030803e-09
310728631_155c3bbeea.jpg,-4.443993999e-09
2665461736_595c87f0a3.jpg,-7.722135481e-09
288177922_b889f2e1fe.jpg,-2.681693907e-09
2854959952_3991a385ab.jpg,-2.536174916e-09
1837976956_3c45d0f9b8.jpg,1.784988139e-09
385835044_4aa11f6990.jpg,1.778305597e-09
3264650118_be7df266e7.jpg,2.371500018e-09
3649224118_abe73c672c.jpg,-4.744934268e-09
2602083686_e8a1af69cf.jpg,4.341110204e-10
374176648_ba4b88c221.jpg,5.735358652e-10
428796930_476a3d6395.jpg,-1.206704637e-09
2088910854_c6f8d4f5f9.jpg,1.789482722e-09
459284240_5a4167bf92.jpg,-8.812133887e-09
3394586927_eae7732b64.jpg,1.243934808e-09
2502835694_4fe121bbea.jpg,5.953424588e-09
2842032768_9d9ce04385.jpg,-2.154054245e-09
2312747482_20a81b2230.jpg,2.951082365e-09
3330333217_1a69497a74.jpg,-3.474054005e-09
2064792226_97e41d8167.jpg,-3.982526153e-09
3614595423_f9e0ab4fb0.jpg,-5.342540522e-09
2540750172_070250ece5.jpg,-2.97888063e-09
2251747182_6b67a3ab8b.jpg,1.973017225e-09
3631136463_53ff624b82.jpg,3.717012988e-13
2497608431_8dfefc7a1a.jpg,1.981107662e-09
1164131282_b30926f332.jpg,-5.191150179e-09
2089442007_6fc798548c.jpg,5.249986051e-09
2045023435_181854c013.jpg,4.181658312e-09
451081733_40218cec31.jpg,-2.014627094e-09
3701226275_952547ba0f.jpg,3.88395305e-10
3613242966_a1c63a0174.jpg,-2.328826537e-09
437054333_5c2761b8cd.jpg,-2.926599799e-09
2198484810_50a893824a.jpg,-1.93880715e-10
166507476_9be5b9852a.jpg,-3.651626934e-09
3585495069_33cba06d0a.jpg,-6.360495237e-09
33108590_d685bfe51c.jpg,-1.782821282e-09
3066491113_86569e15be.jpg,1.682008468e-09
3091912922_0d6ebc8f6a.jpg,1.932578463e-09
2860667542_95abec3380.jpg,-1.410478411e-09
1363843090_9425d93064.jpg,2.616392253e-09
2690538407_7ca157be85.jpg,-2.404741036e-09
3420469425_2980b4cd30.jpg,2.227271276e-09
2666205903_8d287669e1.jpg,-4.778703362e-09
1280147517_98767ca3b3.jpg,1.121767061e-09
55473406_1d2271c1f2.jpg,-4.147175877e-09
1797554350_20998753c0.jpg,6.217972938e-09
3569667295_6e51db08ef.jpg,5.073401731e-09
3457572788_e1fe4f6480.jpg,-1.034587808e-09
3409947123_a8d07edecf.jpg,-2.768897115e-09
181157221_e12410ef0b.jpg,1.006573918e-08
3737539561_d1dc161040.jpg,7.680043605e-10
2114355355_9d7e2d8178.jpg,9.620008327e-10
536721406_884ab8fece.jpg,-1.816592108e-09
1809758121_96026913bb.jpg,-1.177262146e-08
2473689180_e9d8fd656a.jpg,9.474750838e-09
2655183854_5852790214.jpg,7.920389051e-10
3624676866_8f6d0efcc9.jpg,2.415963979e-09
3551003620_0b02d76f65.jpg,3.808024229e-10
3451523035_b61d79f6a8.jpg,-5.783446584e-09
3072611047_109bf8b7c3.jpg,1.51808816e-09
3049649128_d83d847168.jpg,1.014129415e-09
3155987659_b9ea318dd3.jpg,-1.0852151e-08
506343925_b30a235de6.jpg,2.027154679e-09
512031915_0dd03dcdf9.jpg,4.087435195e-09
2686432878_0697dbc048.jpg,-1.203884171e-09
1680126311_b92a2e8e72.jpg,3.661468825e-09
2543247940_083f1b7969.jpg,-8.866108475e-09
2696394827_7342ced36f.jpg,3.961708024e-09
2899374885_f3b2b1a290.jpg,-8.839765391e-09
2611651553_61f859837e.jpg,-7.732183729e-10
3103264875_2a8d534abc.jpg,-6.0203231e-09
2255338013_566127590b.jpg,2.457152219e-09
2036407732_d5a0389bba.jpg,1.744697107e-10
1285067106_2adc307240.jpg,8.209301723e-10
2687328779_b4356dab16.jpg,4.850613775e-09
3309082580_7228067ee0.jpg,3.666187613e-09
2189995738_352607a63b.jpg,5.152608683e-09
2857372127_d86639002c.jpg,-2.057943578e-09
397451339_76a84bd310.jpg,5.097713446e-10
185057637_e8ada37343.jpg,2.354086652e-09
3619381206_5bc8b406f9.jpg,-4.950721321e-09
2738077433_10e6264b6f.jpg,-9.84773889e-10
583087629_a09334e1fb.jpg,3.071530663e-09
2596100297_372bd0f739.jpg,3.641269928e-09
2212472643_80238475b5.jpg,-6.385696823e-09
3304556387_203b9d4db0.jpg,-3.684753158e-09
3189964753_a95536ced9.jpg,1.215939891e-09
2301379282_5fbcf230d1.jpg,4.05455767e-10
434938585_fbf913dfb4.jpg,-4.49761055e-10
1801063894_60bce29e19.jpg,-1.130098052e-09
2471447879_6554cefb16.jpg,2.430480849e-09
2853811730_fbb8ab0878.jpg,-5.834217571e-10
504385521_6e668691a3.jpg,-2.568986517e-09
3221128704_d1205db79b.jpg,5.856205272e-09
2149982207_5345633bbf.jpg,9.3986422e-09
241346794_4319f8af67.jpg,4.642668099e-09
109823397_e35154645f.jpg,6.245042902e-09
3042380610_c5ea61eef8.jpg,-5.004300422e-09
252802010_3d47bee500.jpg,1.802892127e-09
1569687608_0e3b3ad044.jpg,7.756214851e-09
562928217_21f967a807.jpg,2.222350172e-09
3441531010_8eebbb507e.jpg,3.188878657e-09
3707283973_5cdaa39340.jpg,2.134545968e-10
2298283771_fb21a4217e.jpg,3.484657951e-09
3099694681_19a72c8bdc.jpg,-3.714489175e-09
19212715_20476497a3.jpg,2.92014193e-09
3699763582_f28c5130dd.jpg,4.651335314e-09
745563422_f4fa7d9157.jpg,1.702419693e-08
1550772959_9ca9fa625f.jpg,1.248272791e-09
990890291_afc72be141.jpg,-5.364903027e-10
2481490320_7978c76271.jpg,1.954933662e-08
432167214_c17fcc1a2d.jpg,-4.684142465e-09
835415474_7b7f2a9768.jpg,-5.432248063e-09
2203449950_e51d0f9065.jpg,2.728641794e-09
2273871383_1ddb3562ea.jpg,9.00787298e-10
3091580843_178042c50b.jpg,2.854205617e-09
3676788491_01e9bc5f15.jpg,5.313417815e-09
1003163366_44323f5815.jpg,-3.873114443e-09
3196995975_3e38eabf01.jpg,2.686402997e-09
2663794355_e726ec7e05.jpg,-7.713700326e-09
1056338697_4f7d7ce270.jpg,2.197651668e-09
2726301121_95a2fbd22b.jpg,4.370345948e-09
497122685_a51b29dc46.jpg,5.940985455e-09
1819261140_6c022f4b1d.jpg,-5.598581942e-10
3638318149_b60450bfbe.jpg,-1.849961474e-09
3222041930_f642f49d28.jpg,2.536207299e-09
2832076014_ff08c92037.jpg,-7.089796139e-09
2663248626_f000f2661d.jpg,-6.261118539e-09
365759754_6cf7068c9a.jpg,-4.828684386e-09
3048821353_83d4c0cbb9.jpg,-3.299701993e-09
1346529555_e916816cfe.jpg,-8.383208385e-11
109260218_fca831f933.jpg,-4.498612119e-09
3644941648_012ec87848.jpg,3.114960602e-09
1095580424_76f0aa8a3e.jpg,-7.003141652e-10
3486340101_ff01d8f3f9.jpg,6.307784499e-10
2561849813_ff9caa52ac.jpg,2.633873256e-09
3281078518_630a7a7f4f.jpg,-3.610634297e-09
1007129816_e794419615.jpg,2.451476175e-09
3293596075_973b0bfd08.jpg,-1.709209689e-09
3256275785_9c3af57576.jpg,2.365401327e-09
2269795781_46a296aa21.jpg,-1.181067121e-09
3043908909_bb54d2c08e.jpg,3.120431644e-10
3290465391_258429e2f9.jpg,8.867115746e-09
2247138288_7355861203.jpg,-3.556429584e-09
3364861247_d590fa170d.jpg,-1.065394492e-09
2427558437_3e839056d7.jpg,-2.823679836e-10
2712352554_1cafd32812.jpg,3.820646726e-09
367964525_b1528ac6e4.jpg,4.002909889e-09
3415646718_f9f4e23a66.jpg,-5.9062263e-09
1067675215_7336a694d6.jpg,-4.050122995e-09
3271252073_0a1b9525fc.jpg,-8.133728154e-09
3708177171_529bb4ff1d.jpg,-3.620977322e-09
404216567_75b50b5a36.jpg,-3.612540883e-10
3286620180_4b00e93e8e.jpg,-6.171654588e-09
3726170067_094cc1b7e5.jpg,-8.246535221e-09
2915538325_59e11276dd.jpg,2.699997406e-09
2766325714_189bbff388.jpg,-1.004397491e-09
401079494_562454c4d6.jpg,5.092158532e-09
733964952_69f011a6c4.jpg,5.715611477e-09
3269087421_1d489abeae.jpg,-7.348096758e-10
799199774_142b1c3bb2.jpg,-4.173650778e-09
2573141440_28a762d537.jpg,1.85943164e-09
3150380412_7021e5444a.jpg,2.189000425e-09
2902269566_419d9f1d8e.jpg,-6.379832298e-09
2281768510_9cc5728c55.jpg,-7.480945553e-09
114949897_490ca7eaec.jpg,-6.223074706e-09
3085667767_66041b202e.jpg,2.060609265e-09
2635483351_bc1a8273aa.jpg,3.138706467e-10
503090187_8758ab5680.jpg,4.004166795e-09
3520079657_b828d96d50.jpg,-2.515563734e-09
3005126574_49c28ffbee.jpg,3.086455286e-09
2151056407_c9c09b0a02.jpg,3.03340605e-09
3222250187_ef610f267e.jpg,9.780932485e-09
318070878_92ead85868.jpg,-1.329381864e-09
3658733605_fbcf570843.jpg,-2.056923006e-09
2854234756_8c0e472f51.jpg,-2.909664902e-09
282960970_574aa1ba49.jpg,-1.05724789e-08
2209888959_d636b1be0b.jpg,6.818030292e-09
2570365455_41cc9a7d2b.jpg,-1.459821779e-09
2607383384_d9ce9de793.jpg,2.424281424e-09
253762507_9c3356c2f6.jpg,3.98606181e-09
3354330935_de75be9d2f.jpg,-4.153758146e-09
3027009366_c8362521e8.jpg,-1.353661893e-09
2804851816_9aae9071ca.jpg,4.103996468e-09
358607894_5abb1250d3.jpg,1.056314844e-09
294709836_87126898fb.jpg,-3.751686188e-09
3504275465_604ce2ef34.jpg,-5.283562482e-09
3084018061_df66d98325.jpg,-7.714055569e-10
3119887391_212f379797.jpg,3.943772253e-09
2238019823_79318d1f11.jpg,3.065238956e-09
3365602213_dd3287a633.jpg,5.592902953e-09
3675685612_3987d91d92.jpg,-4.599799558e-09
408627152_1feaa4b94e.jpg,3.415627492e-10
752052256_243d111bf0.jpg,1.039399102e-09
241346215_037e18403a.jpg,-1.721730634e-10
3708748633_e7e3cf4e84.jpg,6.193009902e-09
2836808985_b26e4ca09e.jpg,-4.513983859e-09
1445754124_647168f211.jpg,-3.545432419e-10
2328104318_5a43ca170c.jpg,-9.488625052e-10
3301438465_10121a2412.jpg,-5.001290891e-10
3021780428_497542a072.jpg,-4.336566642e-09
241347271_a39a5a0070.jpg,5.609626244e-10
489551372_b19a6ad0ed.jpg,6.821458251e-09
2768662025_44001fe5d1.jpg,-9.240821776e-09
2845845721_d0bc113ff7.jpg,2.20247153e-10
2086534745_1e4ab80078.jpg,-1.419805062e-09
3335370208_460fc19bfa.jpg,-1.100427952e-08
2290330500_e7bdaa58e1.jpg,4.094227191e-09
512045825_1be2083922.jpg,3.031899492e-09
509241560_00e5b20562.jpg,1.497218172e-09
3476237185_9389c536a3.jpg,-3.099053725e-09
2694890967_7c7a89de16.jpg,-9.523480572e-10
576093768_e78f91c176.jpg,-3.959695683e-09
1528205014_1323aa9dfd.jpg,9.080399432e-09
3424605029_53078d3505.jpg,-1.28504432e-09
3025549604_38b86198f5.jpg,-1.966482616e-09
271770120_880e8d8e52.jpg,-7.202513328e-09
2810412010_f8b3bc1207.jpg,1.073418988e-08
527946505_a51ade1578.jpg,4.349230796e-10
537479916_c033897fac.jpg,-2.082083726e-10
2903617548_d3e38d7f88.jpg,-4.371928522e-09
145721496_687af9bb18.jpg,-2.581552335e-09
3627076769_3b71e73018.jpg,3.726850673e-09
3367758711_a8c09607ac.jpg,6.054830794e-09
2380765956_6313d8cae3.jpg,9.01950686e-09
3258391809_38fc6211f7.jpg,4.625340867e-09
3529314899_b4e533bb76.jpg,-3.288916015e-09
2844018783_524b08e5aa.jpg,5.541692926e-09
2496236371_61dec88113.jpg,-2.278271246e-10
3078844565_16e9cdcea2.jpg,-1.013609806e-08
2466495935_623b144183.jpg,9.961193742e-10
2944193661_7b255af9cc.jpg,3.885903375e-09
2114126343_a0f74ff63b.jpg,4.974679333e-09
3461677493_5bfb73038e.jpg,2.310366124e-09
2792195540_af5fb95caa.jpg,-3.82492483e-09
1124448967_2221af8dc5.jpg,2.444445197e-09
3328535573_33c3cd5b59.jpg,-7.329016837e-11
3203908917_53e53c03d1.jpg,2.443775312e-09
1527513023_3d8152b379.jpg,-3.26829908e-09
3353278454_2f3a4d0bbc.jpg,4.703158277e-09
369244499_752f0c1018.jpg,5.261037428e-09
2795287622_da187a3e86.jpg,-2.189748972e-09
881725588_efabbcd96a.jpg,4.21518963e-09
3631344685_ed0f3e091b.jpg,1.116853149e-09
3490044563_8eb551ef59.jpg,9.94794658e-10
2619267133_53a5904ef4.jpg,2.097075081e-09
616045808_0286d0574b.jpg,-3.445414244e-09
2833560457_24aedf3bef.jpg,-2.446247896e-09
522652105_a89f1cf260.jpg,1.016609267e-09
766061382_6c7ff514c4.jpg,-7.147462123e-09
2364394224_c17b09e035.jpg,2.998347466e-09
2681215810_00b0642f7b.jpg,4.992716915e-09
1526325728_74eb4153d8.jpg,-6.419371501e-09
2871962580_b85ce502ba.jpg,-6.902180329e-09
1224851143_33bcdd299c.jpg,-2.036599193e-09
3520199925_ca18d0f41e.jpg,1.445391754e-09
2350400382_ced2b6c91e.jpg,-5.088290477e-09
2826030193_4278ccb833.jpg,-3.510791755e-11
2752043092_f48ebfeaa2.jpg,-7.354037455e-10
3305767464_d64a336f60.jpg,-1.248487391e-09
3159424456_f316bdc1d5.jpg,2.60798397e-09
3186412658_2ab2ebd397.jpg,-7.370256119e-09
2662537919_18a29fca8a.jpg,-1.875444514e-09
2832978253_8fcc72da3b.jpg,-7.129715544e-09
186346360_541047336f.jpg,1.933751499e-09
2789937754_5d1fa62e95.jpg,1.913600756e-09
3150742439_b8a352e1e0.jpg,-7.741525668e-09
1160034462_16b38174fe.jpg,-2.763270645e-09
2986620935_e97763983d.jpg,-5.386076561e-09
3527682660_c5e9fa644a.jpg,5.102557067e-09
2751567262_e089b33ed9.jpg,-3.902151029e-10
2169067981_cc19268f23.jpg,-3.65714496e-10
488196964_49159f11fd.jpg,-1.62808193e-09
288880576_818b6ecfef.jpg,-6.023190738e-09
2667549961_57e5e2c0a5.jpg,1.059543218e-08
3540515072_8c951b738b.jpg,-7.153304416e-09
496555371_3e1ee0d97d.jpg,1.963289929e-09
3484820303_7be0e914b4.jpg,-1.281108162e-09
2490768374_45d94fc658.jpg,4.879727078e-09
2579460386_94c489028d.jpg,2.141389408e-09
2927878881_90b42fc444.jpg,-9.03490822e-09
1252396628_eb81d3905b.jpg,-4.067405584e-09
2298097636_c5de0079de.jpg,-4.486918173e-09
3596428453_8cfdec4869.jpg,2.778575852e-09
3423802527_94bd2b23b0.jpg,3.519552131e-10
368393384_86defdcde8.jpg,1.205716673e-09
2471974379_a4a4d2b389.jpg,-4.762678328e-09
2704379125_9c35650d16.jpg,1.575658416e-10
1859941832_7faf6e5fa9.jpg,2.516679772e-09
415118186_64defc96f3.jpg,-4.464095491e-09
3442844140_15aa45e9b8.jpg,-3.343502613e-09
1119463452_69d4eecd08.jpg,-3.610959671e-10
343218198_1ca90e0734.jpg,-1.074881914e-09
3218481970_1fa627b3da.jpg,4.694481562e-09
3321956909_7b5ddf500f.jpg,-6.206321656e-09
2390369143_6523253a73.jpg,-6.855700056e-09
2272823323_3b7291cd47.jpg,2.049050913e-09
649596742_5ba84ce946.jpg,2.622098018e-09
3697378565_7060d9281a.jpg,-7.249682058e-09
3019667009_20db160195.jpg,-2.309148663e-09
268654674_d29e00b3d0.jpg,-3.39130005e-09
2251992614_0c601fae2c.jpg,9.534189472e-10
262963190_a78b799e89.jpg,8.058792356e-10
3627216820_4952bacbcb.jpg,-2.139125825e-09
872622575_ba1d3632cc.jpg,6.225283422e-09
2322327298_7948338390.jpg,-3.122655787e-09
2039457436_fc30f5e1ce.jpg,-4.634328216e-09
2987328689_96a2d814f1.jpg,9.587451731e-10
2194495372_bdac7d9e71.jpg,3.861297023e-09
375392855_54d46ed5c8.jpg,1.576063567e-09
2766291711_4e13a2b594.jpg,-5.00693034e-09
2746910139_77ba5be2c5.jpg,2.557697522e-10
3349307529_c1a516b9dc.jpg,5.54910769e-09
3282434895_1c1efc1475.jpg,-9.83250832e-09
307327914_f98f576adb.jpg,2.946040301e-09
1947351225_288d788983.jpg,-1.784951637e-09
2481598514_05a65d1f72.jpg,-9.888523871e-10
1271960365_e54033f883.jpg,-7.910956507e-10
2245916742_73af13c733.jpg,-1.44167105e-10
3357937209_cf4a9512ac.jpg,2.934601052e-09
3474176841_cde2bee67c.jpg,1.126102248e-09
3381584882_341ee3092f.jpg,-1.070361772e-08
2460477085_088e25f857.jpg,5.720419804e-09
1141739219_2c47195e4c.jpg,-2.495317013e-12
3145967019_1a83ebf712.jpg,-3.406007914e-09
3577235421_69e4efb8d1.jpg,6.576075335e-10
1414820925_3504c394e1.jpg,2.9614224e-09
3500505549_d848209837.jpg,1.590406936e-09
2635164923_2a774f7854.jpg,2.273885215e-10
2432061076_0955d52854.jpg,2.061138978e-09
2384353160_f395e9a54b.jpg,1.113898593e-08
3613030730_0b28b079ba.jpg,1.873067039e-09
3196100539_102fe877b3.jpg,2.11247499e-09
2825540754_5e0c13e6b8.jpg,-5.489849357e-09
3407317539_68765a3375.jpg,-2.579789537e-10
1402859872_0fc8cf8108.jpg,3.087436555e-09
2452334314_a7c443a787.jpg,-1.152067091e-09
1515883224_14e36a53c7.jpg,-1.881221179e-09
256283122_a4ef4a17cb.jpg,2.010497141e-09
2784408839_53a25a21eb.jpg,1.2642531e-09
1427391496_ea512cbe7f.jpg,-1.140759444e-09
3025513877_1a6160070d.jpg,-3.126618008e-09
3282897060_8c584e2ce8.jpg,-2.8215145e-09
2272750492_91e8f67328.jpg,2.121049368e-09
3415311628_c220a65762.jpg,-7.115478321e-09
272156850_c4445a53f4.jpg,-4.843870756e-09
2451285022_59255e7fd9.jpg,-3.595132483e-09
3075068274_2a28a5263b.jpg,2.510631856e-09
2307451605_22e9c06530.jpg,2.667860264e-09
2281075738_230892b241.jpg,6.758589205e-09
3231575742_31732664cf.jpg,-3.713541063e-09
2376694294_9a4ecc3b90.jpg,-1.223589697e-09
441817653_fbdf83060b.jpg,5.759604337e-09
3421789737_f625dd17ed.jpg,4.357689632e-09
2086513494_dbbcb583e7.jpg,-2.864678505e-09
3544573946_e03aebbfde.jpg,-3.302210471e-09
1425069590_570cc7c2d8.jpg,6.460986291e-10
259314892_a42b8af664.jpg,3.018031605e-09
2518853257_02f30e282e.jpg,-3.076839686e-10
260828892_7925d27865.jpg,-3.698057239e-09
3551170666_01df31412d.jpg,-2.844179034e-09
260850192_fd03ea26f1.jpg,-5.301029682e-09
3550459890_161f436c8d.jpg,-8.005800721e-09
3347701468_bb0001b035.jpg,-6.212334144e-10
2993167197_e5d0a73530.jpg,-4.516411156e-09
2544426580_317b1f1f73.jpg,3.686952827e-09
3183195653_11b66acb34.jpg,-4.143539269e-10
3018847610_0bf4d7e43d.jpg,-2.453500088e-09
2755314937_1e974bf2b5.jpg,-4.588597277e-09
512163695_51a108761d.jpg,-1.159880092e-08
2951092164_4940b9a517.jpg,1.625713803e-09
3569755200_cef7ee2233.jpg,4.319862434e-09
1448511770_1a4a9c453b.jpg,1.144277015e-09
505929313_7668f021ab.jpg,4.596250409e-10
3170551725_1276644eab.jpg,-2.763852613e-09
2650485780_29d89268d7.jpg,4.823061951e-09
1130017585_1a219257ac.jpg,-1.065794433e-09
249394748_2e4acfbbb5.jpg,-9.587928572e-10
2728813605_cfc943e1ab.jpg,7.461255424e-09
724702877_f2a938766b.jpg,-4.811036395e-09
3323528927_7b21081271.jpg,4.342209466e-09
3099965396_2a0018cb9e.jpg,-4.869475178e-10
3660361818_e05367693f.jpg,5.652182314e-09
3339105374_cc41e0b7d7.jpg,5.386730965e-09
3595643050_d312e4b652.jpg,-2.202993632e-09
3583516290_1c87a13770.jpg,-5.364873775e-09
1294578091_2ad02fea91.jpg,-6.855279051e-09
3523950181_414978964e.jpg,3.504366813e-09
2934628301_41ea2e6cf9.jpg,-4.58112349e-09
2525716531_e6dedee421.jpg,4.206680179e-09
94232465_a135df2711.jpg,-9.322008642e-10
2817230861_d27341dec0.jpg,5.463602502e-09
1187593464_ce862352c6.jpg,-3.10302588e-10
2465497494_43d74df57c.jpg,-5.356998462e-09
3639684919_cb6fbf5638.jpg,3.382196576e-09
3293642024_e136b74a55.jpg,-1.162052423e-09
162152393_52ecd33fc5.jpg,-1.039374156e-10
2815745115_c8479d560c.jpg,-3.310956182e-10
516648762_0cff84ea97.jpg,-2.126092326e-10
3355756569_b430a29c2a.jpg,1.479663674e-09
1564614124_0ee6799935.jpg,-6.792160694e-09
2877159456_ea4a46b0d2.jpg,-2.215884577e-09
3204712107_5a06a81002.jpg,-2.592164021e-09
2083778090_3aecaa11cc.jpg,-3.066781742e-09
3501083764_cf592292a6.jpg,2.809724201e-09
3394070357_cb2a3243fc.jpg,-5.582373162e-09
2066241589_b80e9f676c.jpg,7.043474063e-10
2911928620_06c3fa293e.jpg,-1.28359001e-08
481054596_cad8c02103.jpg,1.941399262e-09
953941506_5082c9160c.jpg,-1.301582967e-09
3517056462_483ee5a914.jpg,-2.034621803e-09
3375014075_157388f8a9.jpg,-2.39767753e-09
3235076435_1eaa40bd0a.jpg,-3.647824021e-09
2505056124_1276e8dbcb.jpg,-4.350814028e-09
3209523192_05a4cef844.jpg,6.726323835e-09
2064417101_3b9d817f4a.jpg,-3.381515776e-09
2252123185_487f21e336.jpg,-1.665561062e-09
3255017708_2b02bfcdcf.jpg,1.588039599e-09
3101796900_59c15e0edc.jpg,4.096874504e-09
2650568697_ffb79bf2ea.jpg,1.352542736e-11
1312954382_cf6d70d63a.jpg,-7.037994262e-09
3302804312_0272091cd5.jpg,5.464385672e-10
3317145805_071b15debb.jpg,3.266125063e-10
2497074804_b4f3e7fd90.jpg,-4.296228888e-09
2629445284_83390e83af.jpg,-1.49380227e-09
3726629271_7639634703.jpg,1.48291033e-09
3470303255_fbb41b8dd0.jpg,-2.450662693e-09
2953015871_cae796b6e7.jpg,-7.227549409e-09
3352531708_a65dd694b1.jpg,-3.870634743e-09
2853205396_4fbe8d7a73.jpg,-6.695461789e-10
2789648482_1df61f224a.jpg,-6.903841134e-09
2324979199_4193ef7537.jpg,-6.183258344e-10
2565350330_c7f305e7f7.jpg,-3.255618784e-09
2675190069_d5c3b2c876.jpg,-4.191051631e-09
2030781555_b7ff7be28f.jpg,6.209679102e-10
3445428367_25bafffe75.jpg,-3.930386253e-10
3710971182_cb01c97d15.jpg,-4.674039219e-09
245895500_a4eb97af02.jpg,4.011706157e-10
3185371756_ff4e9fa8a6.jpg,-5.412773246e-09
3124964754_2e8a98fb09.jpg,4.925424355e-10
3111482098_11c0f4f309.jpg,-9.618544825e-09
2571096893_694ce79768.jpg,1.352128722e-09
3383545083_1d7c95b003.jpg,3.471226424e-09
447111935_5af98563e3.jpg,6.375798459e-09
2304374703_555195d8d5.jpg,2.879212471e-09
3320209694_db579cb607.jpg,2.100647125e-09
3299820401_c2589186c5.jpg,-5.733958977e-09
2172526745_649f420569.jpg,-6.821116002e-09
3717531382_e1e05e22c5.jpg,-3.773231484e-09
444047125_66b249287c.jpg,1.434325948e-08
2228022180_9597b2a458.jpg,-3.771649424e-09
2432709509_2a4d0c833f.jpg,-5.619477791e-10
2644916196_16f91dae54.jpg,-7.831076351e-09
424506167_01f365726b.jpg,2.877822051e-09
3517362674_0f5296de19.jpg,-2.087947477e-09
525968880_82623392d1.jpg,-2.534720874e-09
2949982320_c704b31626.jpg,5.591922963e-09
3476381830_3751dd9339.jpg,-5.473949446e-09
359173181_a75c950aeb.jpg,-6.365188088e-09
518789868_8895ef8792.jpg,3.715503275e-09
2735792721_b8fe85e803.jpg,1.529177345e-10
2472678549_67068a1566.jpg,3.674548494e-09
1303727828_d1052ee341.jpg,-1.369469819e-09
2501968935_02f2cd8079.jpg,6.532074572e-09
379006645_b9a2886b51.jpg,-6.462039049e-09
3423249426_02bedf9260.jpg,-4.204544229e-09
84713990_d3f3cef78b.jpg,-1.001259952e-08
148512773_bae6901fd6.jpg,-4.29692064e-09
3304712466_18cbdb85fe.jpg,3.694259615e-09
1801188148_a176954965.jpg,-2.049673085e-10
2764732789_1392e962d0.jpg,-8.416316452e-09
1142283988_6b227c5231.jpg,-5.312120152e-09
3330102093_1d6e35e78d.jpg,6.23103135e-09
2094810449_f8df9dcdf7.jpg,1.511843209e-09
2851198725_37b6027625.jpg,3.504001126e-09
3451344589_6787bd06ef.jpg,-1.390070658e-09
3007214949_a4b027f8a3.jpg,-4.021757828e-09
3499720588_c32590108e.jpg,5.457182797e-09
2423085253_6c19149855.jpg,-1.007784528e-09
488089932_c3a5fa4140.jpg,-3.524887977e-09
2976684095_ce7ccfd423.jpg,6.299947851e-09
2458862292_466a920ee2.jpg,2.379251709e-10
3419197575_aa5b84a9f0.jpg,-3.519800677e-09
146577645_91b570c0d0.jpg,-2.468623387e-09
1067180831_a59dc64344.jpg,-2.413438062e-10
3242808166_8638150274.jpg,-5.988653343e-09
2126950128_74a4882658.jpg,4.170071561e-09
1467533293_a2656cc000.jpg,-6.644011314e-10
1389264266_8170bc1c54.jpg,-4.998652206e-09
3393035454_2d2370ffd4.jpg,-3.397477708e-09
3512033659_7e8a0c2ffa.jpg,-8.385555419e-09
3328646934_5cca4cebce.jpg,-5.60623584e-09
3420260768_26a600b844.jpg,6.565324475e-10
3658016590_f761e72dc3.jpg,7.534529496e-09
3681324243_b69fa90842.jpg,-8.720757941e-10
3475552729_a3abd81ee6.jpg,5.151715237e-09
3211029717_2affe6bbd5.jpg,-1.287725272e-08
3636632926_09f39f2629.jpg,-2.692929436e-10
447800028_0242008fa3.jpg,-2.224029309e-09
3248220732_0f173fc197.jpg,2.25765779e-09
2695961935_a2a6338f26.jpg,-4.781868303e-10
2410153942_ba4a136358.jpg,-2.228233281e-09
2444741900_5cb3ef3e1d.jpg,2.052891329e-09
3667318593_fa1816b346.jpg,8.428065735e-10
3442978981_53bf1f45f3.jpg,-1.91180004e-09
339822505_be3ccbb71f.jpg,6.199148446e-09
2598979962_c01811cfca.jpg,4.028513427e-09
444872454_9f51e07f88.jpg,-4.57850944e-10
345684566_235e8dfcc1.jpg,-7.70204822e-10
241346146_f27759296d.jpg,3.278240829e-09
537758332_8beb9cf522.jpg,-3.708202515e-11
241345639_1556a883b1.jpg,9.806417937e-11
2899501488_90d5da5474.jpg,-1.791567265e-09
475313618_bdb2f72be5.jpg,-2.910309867e-09
313051099_1bb87d6c56.jpg,1.127114806e-09
3517127930_5dbddb45f6.jpg,-9.455021805e-09
3356369156_074750c6cc.jpg,8.008060112e-09
290982269_79fc9f36dc.jpg,5.361755094e-09
1994416869_4dd769a806.jpg,-2.758790108e-09
3287963317_186491ee78.jpg,5.912553515e-09
3367851138_757d6bd2ef.jpg,-3.500919856e-09
3046259614_614394e024.jpg,2.507446183e-09
3325157569_8084ab3293.jpg,7.038885569e-10
3709030554_02301229ea.jpg,5.319185679e-09
314940358_ec1958dc1d.jpg,-1.558330375e-09
632251903_b36701a5e9.jpg,-2.381504559e-09
2622517932_57c52c376f.jpg,-3.517540013e-09
3497237366_366997495d.jpg,1.374046937e-09
3759230208_1c2a492b12.jpg,7.615450202e-10
432248727_e7b623adbf.jpg,-1.412061119e-09
3064716525_b8418d4946.jpg,-1.551371919e-09
390986651_c801db91a0.jpg,-1.784241335e-09
195084264_72fb347b0f.jpg,7.716398862e-09
2774554310_007e980a90.jpg,3.623934868e-09
2542415282_9240e1b5fc.jpg,1.204294118e-09
256439287_990ac4a761.jpg,-5.903296522e-10
3614582606_16bd88dab2.jpg,3.160917691e-09
2655196158_5c878a4af0.jpg,4.946095769e-09
3715469645_6d1dc019b3.jpg,-3.92318705e-11
381275595_b429fd1639.jpg,2.134479088e-09
3349309109_4024a09a17.jpg,9.437687578e-10
381239475_044cbffa2b.jpg,7.523806289e-09
3639617775_149001232a.jpg,-2.243724094e-09
2647229826_e0e0c65ef1.jpg,-4.676389839e-09
2762301555_48a0d0aa24.jpg,3.362964163e-09
2957071266_1b40ec7d96.jpg,8.002085774e-09
2884400562_e0851014fc.jpg,-7.757196637e-09
529101401_ab1f6b1206.jpg,-1.043072112e-08
2872743471_30e0d1a90a.jpg,-1.821813544e-09
1285874746_486731a954.jpg,9.834910875e-09
3030793171_55cd646eed.jpg,-1.499628901e-09
3369354061_2bab79f91f.jpg,4.702847979e-10
2901074943_041aba4607.jpg,2.40761673e-09
219070971_ae43410b9e.jpg,3.879324455e-09
3175712926_5a470d0886.jpg,-7.868507745e-09
2508249781_36e9282423.jpg,1.036391314e-09
3710176138_fbfe00bd35.jpg,-2.880291016e-09
3713177334_32f3245fd8.jpg,-7.864045776e-09
3291255271_a185eba408.jpg,1.392232259e-09
3524612244_64f00afec5.jpg,2.085707885e-10
2792409624_2731b1072c.jpg,-4.272786196e-09
2089555297_95cf001fa7.jpg,2.31318703e-09
496606439_9333831e73.jpg,-2.014853574e-09
2558312618_13d362df66.jpg,2.110027116e-09
3148286846_40ae914172.jpg,-9.815452288e-10
3523972229_d44e9ff6d7.jpg,2.404645809e-09
3318995586_c2bc50b92e.jpg,6.279982529e-09
410453140_5401bf659a.jpg,-4.341915798e-09
2932519416_11f23b6297.jpg,-4.658510479e-09
3107889179_106d223345.jpg,-1.063771677e-09
3560081723_62da0035bd.jpg,8.973271006e-09
3208553539_2bf6c6d162.jpg,-7.28736223e-09
3559425864_0462d7613f.jpg,-1.193634726e-08
3240014971_ee2ea8406f.jpg,-2.988899407e-10
640506101_ae1145b6d1.jpg,-1.779328341e-09
3555729342_cc7a3b67fd.jpg,1.988496812e-09
2836864045_9a093cfd65.jpg,5.027182205e-09
2743652730_d909c7ae82.jpg,3.412508643e-09
95734038_2ab5783da7.jpg,-3.434109201e-09
540338917_57069687be.jpg,1.51253122e-09
2067833088_04e84e5bf2.jpg,1.269716888e-09
1383840121_c092110917.jpg,2.294388393e-11
3024022266_3528c16ed8.jpg,2.807443139e-09
1682079482_9a72fa57fa.jpg,4.268053345e-09
3444684583_6656e38088.jpg,-3.41697065e-09
241109594_3cb90fe2a3.jpg,-3.89281845e-09
468871328_72990babd4.jpg,7.385610912e-09
3760400645_3ba51d27f9.jpg,2.166504933e-09
3295452057_0c987f895f.jpg,-3.340613941e-10
3042405316_ba3a01926b.jpg,1.195083061e-09
2065309381_705b774f51.jpg,-3.548858688e-09
2384147448_c1869070d3.jpg,-3.134640644e-09
2529205842_bdcb49d65b.jpg,7.293194201e-09
3415178926_909db9400b.jpg,-1.508137125e-09
252846811_7b250935a7.jpg,4.652220248e-09
2450486758_a66fd296ea.jpg,-4.819411391e-09
3353036763_4cbeba03b2.jpg,-2.819953944e-09
3667492609_97f88b373f.jpg,6.030886999e-10
3019473225_8e59b8ec4e.jpg,5.214382445e-09
2911552402_5166bc173b.jpg,1.692457234e-09
3123351642_3794f2f601.jpg,-2.178125697e-09
263231469_e85c74f5fd.jpg,-2.001073057e-09
3386893620_5f0bb4e794.jpg,4.980250538e-09
3628994466_a12065d29b.jpg,9.119388234e-10
2841449931_84a05850ec.jpg,3.471977154e-09
2052953131_30834196fb.jpg,2.149077154e-09
3130093622_362f32f2bb.jpg,-8.830948232e-09
256444892_efcb3bd824.jpg,1.673450982e-09
3608400551_d6f7965308.jpg,1.897413073e-09
2119660490_ce0d4d1f73.jpg,5.17318507e-09
3665549027_d7fb05d157.jpg,-1.086298227e-09
3442138291_3e75f4bdb8.jpg,-4.723756566e-09
292887910_f34ac101c8.jpg,1.552134496e-09
3522000960_47415c3890.jpg,-3.488659519e-09
375384566_254c2362d4.jpg,4.670772655e-09
2303356248_65dd6aba6f.jpg,1.067241245e-09
3483140026_e14f64fdf5.jpg,4.490339374e-09
3716272233_7845ec5b3e.jpg,-8.668633984e-09
3556037801_3992ce6826.jpg,2.745203233e-09
2616673985_fa4354cc53.jpg,-1.339221559e-11
337647771_3b819feaba.jpg,-6.159550391e-09
3589052481_059e5e2c37.jpg,-9.447144027e-09
2990471798_73c50c76fb.jpg,1.340910517e-09
3631986552_944ea208fc.jpg,2.54608669e-09
2735979477_eef7c680f9.jpg,-3.62898574e-09
522486784_978021d537.jpg,-2.859377522e-09
2994107810_af56326389.jpg,4.200023799e-09
1479124077_17dcc0d5d7.jpg,-1.780411813e-09
1096097967_ac305887b4.jpg,-1.614746069e-09
233242340_09963100a3.jpg,6.538048901e-09
3591094476_b61acd63d6.jpg,-8.677630701e-10
2925760802_50c1e84936.jpg,3.873935314e-09
289860281_94d699f36d.jpg,1.143330357e-08
2396691909_6b8c2f7c44.jpg,3.390470399e-09
515702827_be3c6ce857.jpg,-1.13406027e-09
2929506802_5432054d77.jpg,-1.005057122e-09
3498997518_c2b16f0a0e.jpg,5.679099138e-10
3461437556_cc5e97f3ac.jpg,1.632620878e-09
58363928_6f7074608c.jpg,4.267573742e-10
3320411267_df70b90501.jpg,5.232838605e-09
2308108566_2cba6bca53.jpg,3.300872762e-09
2077346067_0a3a5aae65.jpg,2.751909809e-09
3337332770_5eda5cceb7.jpg,-1.93948523e-09
2666179615_f05a9d8331.jpg,-3.792365985e-09
3506869953_802f463178.jpg,8.8953264e-10
3490736665_38710f4b91.jpg,-6.030604804e-09
2453971388_76616b6a82.jpg,4.403559318e-09
535399240_0714a6e950.jpg,-4.069354932e-09
3701291852_373ea46bb6.jpg,-2.72187177e-09
344841963_8b0fa9784c.jpg,-1.657116207e-09
1813597483_3f09d2a020.jpg,-2.043211089e-09
2777021428_0b2ac3e987.jpg,3.093344359e-10
1542033433_5453d4c466.jpg,9.119445753e-10
215876547_fa584c5ec3.jpg,-1.429599193e-09
2256218522_53b92bcbb2.jpg,-6.177055911e-09
3694555931_7807db2fb4.jpg,-5.742736539e-09
485738889_c2a00876a6.jpg,-3.605789147e-09
3030079705_0dee8a3e89.jpg,-1.144335842e-08
2946016853_ceca4f5a07.jpg,2.160336767e-09
3644142276_caed26029e.jpg,2.818947439e-09
3296150666_aae2f64348.jpg,2.289003315e-09
2843695880_eeea6c67db.jpg,8.320880101e-10
2657301826_aab4c36e6c.jpg,4.973617837e-09
2531837969_6f28637811.jpg,-4.392971003e-09
2407470303_6fd5e3600d.jpg,-5.410822568e-09
1434607942_da5432c28c.jpg,-1.762556373e-09
543007912_23fc735b99.jpg,2.133829652e-09
3054200086_657d4398e8.jpg,-3.156251102e-09
2164363131_6930455d45.jpg,7.740280782e-09
3471117376_40585c3fd1.jpg,-1.645051948e-09
374103966_2987706be1.jpg,3.779360128e-09
3229730008_63f8ca2de2.jpg,-6.024328944e-09
2646046871_c3a5dbb971.jpg,2.759338504e-09
390992102_67fa31b22f.jpg,-3.64268095e-09
3070713991_8696796937.jpg,4.59370473e-09
2905948395_ca3e6b3c9a.jpg,-2.708595544e-09
3477977145_4df89d69a1.jpg,1.035436963e-08
3213992947_3f3f967a9f.jpg,-1.405101903e-09
531055369_936fd76a63.jpg,7.570454965e-09
716597900_b72c58362c.jpg,-4.781418579e-09
3056530884_27766059bc.jpg,-7.481091291e-09
1316247213_1d2c726dd5.jpg,-3.791000629e-09
1377668044_36398401dd.jpg,8.033586396e-10
3457856049_2de173e818.jpg,-2.092423602e-09
1509786421_f03158adfc.jpg,9.626117163e-10
3468130925_2b1489d19a.jpg,6.229372029e-10
399679638_d3036da331.jpg,2.794956622e-09
3677329561_fa3e1fdcf9.jpg,5.252541035e-09
3679341667_936769fd0c.jpg,-9.123224841e-10
3534668485_6887629ff0.jpg,-7.824025796e-09
3446347599_0ecc49a9d5.jpg,-9.069518564e-09
2277081067_d2b4c98bce.jpg,-3.254481363e-09
2255342813_5b2ac6d633.jpg,1.458960609e-09
2520255786_b70a3ec032.jpg,1.478518162e-09
2318659263_c24005a5cb.jpg,8.094741856e-10
2976537455_f3988c2d46.jpg,-1.696879318e-09
507758961_e63ca126cc.jpg,3.16499218e-10
2699733386_c346c87ea6.jpg,-1.84823262e-09
2878578240_caf64c3b19.jpg,-2.304535979e-09
1569562856_eedb5a0a1f.jpg,-4.95128185e-10
2257631407_1529b9db39.jpg,-6.234088661e-10
3376972502_35e3e119cd.jpg,7.178713874e-09
3655773435_c234e94820.jpg,-2.059585748e-09
3694219419_a7a83d4886.jpg,5.446585746e-10
3294209955_a1f1e2cc19.jpg,-2.519674437e-09
3653764864_225958c9c1.jpg,2.411749376e-09
2531531628_b4a5041680.jpg,-3.349607469e-10
2895966469_53e0b29295.jpg,9.116805724e-10
449352117_63c359c6e7.jpg,-3.31760266e-09
3518334317_bc40bae18d.jpg,2.773262552e-09
3590647207_2d4ec3f52c.jpg,5.381421054e-09
3247052319_da8aba1983.jpg,7.298578164e-09
527272653_8a5bd818e5.jpg,-5.480019083e-09
662606040_8cc8cd9f1b.jpg,2.298146189e-09
488416045_1c6d903fe0.jpg,-1.500170522e-09
3119875880_22f9129a1c.jpg,-1.702439174e-09
155221027_b23a4331b7.jpg,3.12825421e-09
3527926597_45af299eee.jpg,-5.27111894e-09
3503471307_464a8f588c.jpg,-7.211747337e-10
241347441_d3dd9b129f.jpg,-6.804955846e-09
2140747429_62cfd89ae9.jpg,5.506569746e-09
3270083123_fcc1208053.jpg,-2.598918711e-10
3688797852_89ed3cb056.jpg,1.642150932e-09
2441815792_43565b1312.jpg,2.326088871e-09
624742559_ff467d8ebc.jpg,-5.553562902e-09
3677964239_6406ed096f.jpg,-2.019200936e-09
2708176152_1634cb754d.jpg,3.811494022e-09
2707835735_6537b27e8f.jpg,2.216258296e-09
3169394115_2193158cee.jpg,2.50023374e-09
2908859957_e96c33c1e0.jpg,5.533546857e-09
3437147889_4cf26dd525.jpg,-8.907571462e-10
2255266906_8222af18b9.jpg,4.90092416e-09
3395173129_f0ac0a1ed4.jpg,1.855220987e-09
2414986483_004936f84b.jpg,-2.580907788e-09
1926129518_4350f4f552.jpg,2.807493772e-09
2509824208_247aca3ea3.jpg,-1.407277724e-09
3116379964_86986750af.jpg,5.940177103e-09
3611603026_9112b0c53f.jpg,3.129296285e-09
1398606571_f543f7698a.jpg,-2.55817701e-09
3514188115_f51932ae5d.jpg,-4.29834875e-10
2701487024_e866eb4550.jpg,4.461059936e-10
2296166785_292a4e9f4c.jpg,1.24758765e-09
2056042552_f59e338533.jpg,-5.784779503e-09
3353962769_ba48691bc6.jpg,-4.238980013e-09
2887103049_a867e74358.jpg,1.134507315e-10
3528251308_481a28283a.jpg,3.911395087e-09
3715559023_70c41b31c7.jpg,-2.132374903e-09
432490118_54a9c0e500.jpg,-4.15771534e-09
2310233145_910cb5b4c8.jpg,-2.664714826e-09
535249787_0fcaa613a0.jpg,6.117458086e-09
2915183095_4ed4aa4f37.jpg,-3.099411895e-09
3458434150_2b0d619244.jpg,1.119944695e-09
3298199743_d8dd8f94a0.jpg,-2.39043222e-11
1479513774_70c94cf9d3.jpg,-2.316810908e-09
2470519275_65725fd38d.jpg,3.489164557e-09
3508882611_3947c0dbf5.jpg,-7.174501434e-10
3612485611_12dd7742f7.jpg,-6.31967144e-09
1332208215_fa824f6659.jpg,1.482192186e-09
1474474514_b3eb492722.jpg,8.368189128e-09
818340833_7b963c0ee3.jpg,-7.244424963e-09
3463268965_f22884fc69.jpg,-5.876086464e-09
2623930900_b9df917b82.jpg,-5.682104031e-10
2988439935_7cea05bc48.jpg,-1.288595238e-09
3697379772_40d831392b.jpg,1.328138121e-09
2512682478_b67cc525c7.jpg,-1.250204851e-09
3339263085_6db9fd0981.jpg,-4.508999852e-09
420355149_f2076770df.jpg,3.946893041e-09
349889354_4b2889a9bd.jpg,1.697783474e-09
2651915425_7a58e862e9.jpg,7.981420784e-09
691770760_48ce80a674.jpg,-1.55607066e-09
3334300164_e75e0479ae.jpg,5.28759667e-10
3246190363_68d903bfcb.jpg,3.970644897e-09
2095078658_c14ba89bc2.jpg,3.582949208e-09
2282522980_45cfa8e0cf.jpg,-1.121622042e-09
2714674623_8cd05ac114.jpg,-3.21579907e-09
880220939_0ef1c37f1f.jpg,-1.147224466e-09
407678652_1f475acd65.jpg,-1.965236883e-09
440737340_5af34ca9cf.jpg,-1.705824387e-09
3425069551_aba046a1b6.jpg,2.983807739e-09
460350019_af60511a3b.jpg,7.105079388e-09
2807209904_389d81f33a.jpg,-7.345641016e-11
537225246_dd0e2158a7.jpg,-2.349762949e-10
1812525037_528465037c.jpg,-8.041566594e-09
3159641529_c2c74f3eaf.jpg,-9.407992055e-09
2898810636_84fb5c0b63.jpg,-2.062934266e-09
452345346_afe1248586.jpg,1.148136734e-09
1277743944_f4e8c78403.jpg,4.336474654e-09
3568065409_1c381aa854.jpg,4.185157365e-09
3278189732_f750cb26b7.jpg,-1.140222811e-09
3040051410_6205682ba3.jpg,-9.997035642e-10
2396025708_e4a72e2558.jpg,-4.621145633e-09
2465441099_a1761a1757.jpg,-7.045024536e-09
3413806271_17b7e102aa.jpg,9.685645206e-10
501520507_c86f805ab8.jpg,-3.403784711e-09
2206403470_8c25aa3cf8.jpg,-2.67004636e-09
3048461682_e89f81b1c7.jpg,-2.163996441e-09
2092419948_eea8001d0f.jpg,-5.797211942e-09
3143980056_7a64a94b58.jpg,6.258140709e-09
391579205_c8373b5411.jpg,2.710276652e-09
432496659_f01464d9fb.jpg,-7.583684433e-09
3148571800_c5515e6c3d.jpg,-4.872824207e-10
3006926228_cf3c067b3e.jpg,6.365218e-09
3368569524_a9df2fc312.jpg,1.821277239e-09
3673970325_4e025069e9.jpg,-4.079681925e-09
394161692_2576920777.jpg,1.566811558e-09
2148916767_644ea6a7fa.jpg,4.938305735e-09
3335097235_538f4777c3.jpg,4.263012767e-09
2553188198_da1123a723.jpg,3.722340312e-09
96985174_31d4c6f06d.jpg,-8.109465869e-10
2982881046_45765ced2c.jpg,5.569360693e-10
2966190737_ceb6eb4b53.jpg,-2.804462871e-09
3601491447_a338875b51.jpg,-1.258072457e-10
2763044275_aa498eb88b.jpg,1.82937033e-10
3589368949_0866846949.jpg,-6.105650512e-09
3360930596_1e75164ce6.jpg,-9.140956604e-10
3004290523_d1319dfdb4.jpg,1.541796745e-09
2451114871_8617ae2f16.jpg,-6.787563165e-09
2194494220_bb2178832c.jpg,-2.934048335e-10
1132772170_600610c5df.jpg,2.199500678e-09
2109911919_af45b93ef3.jpg,-3.952417072e-10
3408130183_f038bdaa4f.jpg,-8.917109951e-10
2552438538_285a05b86c.jpg,3.644592212e-09
3094317837_b31cbf969e.jpg,7.016366657e-09
763577068_4b96ed768b.jpg,-2.225482542e-09
1803631090_05e07cc159.jpg,-3.20431099e-09
252504549_135b0db5a3.jpg,1.216803057e-09
1732436777_950bcdc9b8.jpg,1.293210595e-08
244571201_0339d8e8d1.jpg,-2.83273292e-09
2998185688_8d33e4ce38.jpg,3.17492611e-09
2446601467_a35841cb1d.jpg,-6.802071158e-09
264859622_f3a00ab409.jpg,1.353368247e-09
2427490900_5b7a8874b9.jpg,-2.183252622e-09
2613889835_6f50a3b83b.jpg,3.147280712e-10
2233426944_0959835ced.jpg,-7.176247131e-10
485357535_b45ba5b6da.jpg,-8.02367262e-09
3443326696_fe0549c5be.jpg,4.735834018e-11
2345984157_724823b1e4.jpg,1.533254633e-09
3270691950_88583c3524.jpg,-1.231062829e-09
3413019648_e787f0cb88.jpg,-4.002992454e-09
3751594676_edfbfa0688.jpg,-5.808051916e-10
3537806062_c50d814aba.jpg,9.883876663e-10
3613585080_36629d8157.jpg,-2.03620708e-09
2631625732_75b714e685.jpg,-7.814289174e-11
3541162969_68fa4a60df.jpg,1.922660909e-09
997722733_0cb5439472.jpg,-3.530322987e-09
3415809168_af9dabdba5.jpg,6.169345151e-09
3661239105_973f8216c4.jpg,-2.623893009e-09
3229519418_040f05ced1.jpg,-6.149104067e-10
753285176_f21a2b984d.jpg,-8.59631307e-11
2303426046_09cfd7bc4e.jpg,-4.449111107e-09
2867845624_22e4fe0a23.jpg,7.234308334e-09
2752341621_54490b9b09.jpg,-1.23004378e-08
2891185857_54942809cf.jpg,-1.998555335e-09
3341084434_db5e7d1fdc.jpg,3.902322384e-09
2162564553_96de62c7e6.jpg,2.445584626e-09
3172280520_e7655fb596.jpg,9.999061693e-10
2797185895_4d9e1e9508.jpg,-6.822640915e-09
965444691_fe7e85bf0e.jpg,-3.138232378e-09
3057618932_3b80ae85de.jpg,-3.530763183e-09
788126442_086334f0cf.jpg,-2.113203975e-09
334768700_51c439b9ee.jpg,1.380413118e-09
3341961913_9a9b362f15.jpg,-2.291614734e-09
3618932839_acd7d2c2ea.jpg,-2.639548398e-09
3497234632_6ec740fc1e.jpg,1.117289732e-09
2541901399_0a57f4cc76.jpg,-4.221021582e-09
3356938707_d95ba97430.jpg,1.037257656e-08
2471297228_b784ff61a2.jpg,-7.853661548e-09
3488087117_2719647989.jpg,1.342102307e-08
2186367337_0ce9ce2104.jpg,4.698563713e-09
3427540832_c882fded1d.jpg,-9.87240874e-10
2220175999_081aa9cce8.jpg,2.43875055e-10
2066271441_1f1f056c01.jpg,2.017948043e-09
2591603141_33d6397e0a.jpg,4.957883745e-10
118187095_d422383c81.jpg,-1.177121732e-09
1810651611_35aae644fb.jpg,1.576991522e-09
2170222061_e8bce4a32d.jpg,5.628797317e-09
1055623002_8195a43714.jpg,-6.863657619e-09
3183195185_cd0ff994a1.jpg,-2.128872821e-09
3136674757_57406c305c.jpg,-1.440928425e-09
3070130228_67dcfee9ae.jpg,-4.488033279e-09
1398613231_18de248606.jpg,-3.831426865e-09
3430287726_94a1825bbf.jpg,7.009821814e-09
1286408831_05282582ed.jpg,3.546920055e-09
237547381_aa17c805e0.jpg,6.629272771e-09
3638374272_444f5e0457.jpg,-3.354245275e-09
2315867011_fc5fc9fa6d.jpg,-4.848302462e-09
2864634088_d087494dff.jpg,-9.80682802e-09
2695093520_5cfeb0729d.jpg,-3.87884802e-09
571507143_be346225b7.jpg,8.766243911e-09
3601569729_bf4bf82768.jpg,-7.767230928e-09
3725202807_12fbfdd207.jpg,3.939260437e-09
2466171100_5e60cfcc11.jpg,1.3333105e-10
1764955991_5e53a28c87.jpg,-1.678569748e-09
3649916507_b88a3d2082.jpg,2.13048004e-09
3432730942_4dc4685277.jpg,7.762389919e-09
782017931_75d92bb7a4.jpg,-6.111832958e-09
2211593099_4a4f1c85d2.jpg,-3.823692193e-10
2929272606_2a5923b38e.jpg,-1.047715949e-09
3174453534_fcc927c647.jpg,-2.41226808e-09
383223174_7165a54c30.jpg,-1.068876528e-10
3339768802_8ab768558a.jpg,-7.351163689e-09
2511019188_ca71775f2d.jpg,2.993119619e-09
3224904543_679fe05c41.jpg,3.030576068e-09
2471493912_2d4746b834.jpg,-3.538128834e-10
3029928396_99ac250788.jpg,-6.869852387e-09
633456174_b768c1d6cd.jpg,2.33664943e-10
3162045919_c2decbb69b.jpg,-1.392296204e-09
390987167_2d5905b459.jpg,2.502854025e-10
3613264553_97b687f172.jpg,-2.290447729e-09
336460583_6c8ccb7188.jpg,3.629169256e-09
441921713_1cafc7d7d2.jpg,8.799457144e-10
3507076266_8b17993fbb.jpg,8.78044685e-09
967719295_3257695095.jpg,3.283744574e-09
214543992_ce6c0d9f9b.jpg,-1.463961071e-09
2417341107_97dbab9c5e.jpg,2.868543591e-09
2275253272_00f941366e.jpg,-1.103442117e-08
3449114979_6cdc3e8da8.jpg,-8.117192215e-09
1118557877_736f339752.jpg,-3.41499647e-09
642987597_03b21a1437.jpg,3.204292196e-09
3077166963_fe172c709d.jpg,-4.609998744e-09
2805873509_4f68afc4b4.jpg,-1.708657169e-10
3729405438_6e79077ab2.jpg,1.528132665e-09
431282339_0aa60dd78e.jpg,-5.290832826e-09
1679565118_d36f0d6d52.jpg,-6.89227179e-09
2337757064_08c4033824.jpg,-9.843143513e-10
2950905787_f2017d3e49.jpg,-4.817823028e-09
3628017876_4ac27e687b.jpg,-1.136743941e-09
3127629248_a955b5763b.jpg,-3.881496811e-10
3005124440_c096b310fb.jpg,-6.200622633e-09
2780031669_a0345cfc26.jpg,-2.948677886e-09
2894008505_a445ccaaff.jpg,9.594147614e-09
3437034427_6df5e9fbf9.jpg,5.946513216e-10
3635911776_dbc2763f2c.jpg,-1.04031255e-09
350588129_6aef7b7fe2.jpg,-2.409236074e-09
2952141476_fc9a48a60a.jpg,-1.643798375e-09
2381102729_12fc4d4c76.jpg,-2.57233041e-09
481827288_a688be7913.jpg,-2.424254874e-09
2272489996_95b0a62d15.jpg,9.35537635e-09
303607405_f36edf16c6.jpg,-9.891932345e-09
2476214153_99a3998509.jpg,2.45478013e-09
816084977_21c1811c9a.jpg,1.031023387e-09
2752331711_cb18abba5a.jpg,-7.720775085e-09
2700147489_f1664f2b61.jpg,-3.291199522e-09
143684568_3c59299bae.jpg,-2.50523461e-09
3465000218_c94e54e208.jpg,-4.629164415e-09
3189002057_3ef61b803e.jpg,9.709209791e-10
3427233064_6af01bfc5c.jpg,1.045798761e-09
247706586_7e25c7adf8.jpg,-3.519987826e-09
2260649048_ae45d17e68.jpg,3.977105879e-09
254527963_3f5824b0e8.jpg,2.473169481e-09
443885436_6e927e6c58.jpg,-1.472665259e-09
2094323311_27d58b1513.jpg,-3.92721973e-09
757133580_ba974ef649.jpg,3.478411419e-09
2723477522_d89f5ac62b.jpg,-5.534278578e-09
3259666643_ae49524c81.jpg,3.657225184e-09
3559374748_f18c7caa55.jpg,3.734782422e-09
2714703706_d21c5cb8df.jpg,1.125253052e-09
2759860913_f75b39d783.jpg,-7.750924711e-09
2857473929_4f52662c30.jpg,8.365429549e-09
448252603_7d928c900e.jpg,1.805998095e-09
381514859_b40418d9c3.jpg,9.426777952e-10
262681159_e5fed3acf0.jpg,-6.194085193e-09
3700554247_9824ae6f3a.jpg,-3.019810273e-09
3397310901_cbef5c06ef.jpg,-1.130789873e-09
186890601_8a6b0f1769.jpg,-3.117825638e-09
150387174_24825cf871.jpg,-6.841130284e-09
3626998066_3ae11ee278.jpg,-2.906020906e-09
3730011701_5352e02286.jpg,5.368182883e-09
2902844125_4186bf3ab6.jpg,2.641934834e-09
2203286182_b453e9d176.jpg,-4.024895653e-09
3552206648_123bf4ac82.jpg,-1.772580842e-09
3042173467_14394234da.jpg,-1.146585814e-09
2276314067_7ee246f859.jpg,-2.082977781e-09
3420064875_0349a75d69.jpg,-1.21093436e-08
393958545_48c17c66d1.jpg,4.937932396e-10
2716903793_fb7a3d8ba6.jpg,-3.495316112e-09
3325910784_5ecb88310c.jpg,-2.239222827e-09
2934022873_3fdd69aee4.jpg,6.308713266e-09
78984436_ad96eaa802.jpg,1.455677261e-09
3452127051_fa54a902b3.jpg,-1.394536179e-09
856985136_649c0a3881.jpg,-3.755173294e-09
3091921457_83eee69591.jpg,-7.599697924e-09
541046380_513e295384.jpg,5.458968909e-09
3286761458_34af7e4499.jpg,-1.505777556e-09
2085400856_ae09df33a7.jpg,-3.452904009e-09
3229913073_e7857a5966.jpg,5.746533026e-09
3707990914_843e8f15f1.jpg,8.536791857e-09
162743064_bb242faa31.jpg,-9.867784685e-10
3532593368_be10432e92.jpg,7.377194468e-10
1024138940_f1fefbdce1.jpg,-4.499104823e-09
866841633_05d273b96d.jpg,8.264640053e-09
282131366_5f9a39c43c.jpg,-3.223050704e-09
2980348138_91cc6f6d0f.jpg,1.806037327e-10
3639547922_0b00fed5cd.jpg,2.89391939e-09
2302747917_aa0300eb68.jpg,-4.759392049e-10
3027365101_3818be6e16.jpg,-4.025055156e-09
58363930_0544844edd.jpg,6.822066639e-10
244368383_e90b6b2f20.jpg,2.462506203e-09
405615014_03be7ef618.jpg,-9.450108753e-10
1302657647_46b36c0d66.jpg,-1.631459412e-09
3354883962_170d19bfe4.jpg,-1.083435245e-08
3113769557_9edbb8275c.jpg,-1.320813963e-09
3074842262_62b1b2168c.jpg,5.164751715e-09
2942133798_e57c862a90.jpg,4.650328799e-09
1420060020_7a6984e2ea.jpg,-9.240634041e-09
2924483864_cfdb900a13.jpg,7.805505469e-09
306318683_5f1f875191.jpg,1.677567593e-09
3214237686_6566b8b52f.jpg,3.76729558e-09
3335885203_a3fe8e541f.jpg,1.101608664e-09
1262583859_653f1469a9.jpg,-4.453184726e-09
3638783120_f600ceb19d.jpg,-4.733079298e-09
1206506157_c7956accd5.jpg,2.254083797e-09
533602654_9edc74385d.jpg,-7.57572521e-09
2322593776_e6aaf69e80.jpg,2.584201986e-09
3629664676_36bcefe6b7.jpg,4.3914464e-09
318667317_108c402140.jpg,2.153963282e-09
3560125106_691c292893.jpg,-3.531441701e-09
1430154945_71bbaa094a.jpg,-4.891904134e-09
241345770_9f8aa6723c.jpg,3.946077555e-09
3692746368_ab7d97ab31.jpg,7.001024424e-09
3315110972_1090d11728.jpg,-4.946446475e-09
3112635165_2d614d7c1a.jpg,-2.808659703e-09
3621652774_fd9634bd5b.jpg,2.041472966e-09
2344898759_5674382bcd.jpg,2.386481444e-09
2597308074_acacc12e1b.jpg,2.844623581e-09
3189307452_aebc12380b.jpg,4.076133644e-09
3004291093_35d6fd8548.jpg,2.394763612e-09
3609645320_815c294b65.jpg,-2.727529843e-09
707941195_4386109029.jpg,2.107404272e-09
462080147_ca088e6541.jpg,-1.212067355e-09
3245460937_2710a82709.jpg,-2.576854505e-09
3351667846_ac43118ae5.jpg,-2.788151414e-09
3640870001_acbd1d5ceb.jpg,-1.933734952e-09
426920445_d07d1fd0f7.jpg,-9.681780951e-10
2261346505_302c67951d.jpg,-4.81113336e-09
1048710776_bb5b0a5c7c.jpg,1.788143644e-09
3643684044_a131168127.jpg,2.997708952e-09
2878272032_fda05ffac7.jpg,8.660487391e-10
3425846980_912943b4f9.jpg,-2.932542065e-09
2171891283_dedd9cf416.jpg,1.082821897e-09
3767841911_6678052eb6.jpg,-7.377204847e-09
308956341_642589e9cc.jpg,-3.106095358e-09
3051384385_c5c850c1f8.jpg,2.688550064e-09
2863848437_f2592ab42d.jpg,-2.524503215e-09
2878705136_609dfbf318.jpg,-2.322167215e-09
3210705660_2b14b7fb36.jpg,1.433918624e-10
1499554025_a8ffe0e479.jpg,3.199341488e-09
2248487950_c62d0c81a9.jpg,-1.840156401e-09
3003691049_f4363c2d5c.jpg,-3.609280427e-09
3188044631_ca3a9cc737.jpg,-6.741282081e-10
3220140234_e072856e6c.jpg,3.335114703e-09
288508162_1727873924.jpg,-1.553379958e-09
252124738_796599e94b.jpg,3.158291624e-09
2717686269_80c4b5ac9e.jpg,-5.922027822e-09
2448393373_80c011d301.jpg,2.352443645e-09
3516825206_5750824874.jpg,1.163842481e-08
1341787777_4f1ebb1793.jpg,1.388898469e-08
1346051107_9cdc14e070.jpg,-3.212146813e-11
2522809984_2e8a7df4fb.jpg,6.243524619e-09
1536597926_c2e1bc2379.jpg,6.987599578e-09
3544673666_ffc7483c96.jpg,-8.653304231e-10
2806632713_edd6f6c893.jpg,-1.421522689e-09
933118213_b35b0b62a7.jpg,-4.204972311e-09
300371487_daec5d11ab.jpg,-1.338738105e-09
3571675421_7e07ac07c5.jpg,8.45842647e-10
279550225_d64d56158a.jpg,-5.266899878e-09
2979914158_5906470b8f.jpg,2.389290891e-09
3064383768_f6838f57da.jpg,-2.452637313e-09
462288558_b31a8a976f.jpg,5.026439271e-09
3525403875_7f95e0cbfe.jpg,-8.601758595e-09
2161799386_27aa938421.jpg,1.709409967e-09
2444821454_22a346c996.jpg,-5.747030976e-09
3613955682_3860e116cf.jpg,8.454746465e-10
241046599_28b0ca7b9f.jpg,7.244105907e-10
2830755303_2b5444ab4c.jpg,6.816702536e-09
2600867924_cd502fc911.jpg,-1.435877803e-09
2978236380_fb24c43f1e.jpg,4.442740122e-09
2635023078_6dae04758f.jpg,3.877160766e-09
2224450291_4c133fabe8.jpg,-1.323271107e-09
3335547029_74d620fa6c.jpg,1.176374408e-10
3440724965_03d6ca5399.jpg,-3.41245624e-09
2518508760_68d8df7365.jpg,-1.059304231e-09
3349258288_5300c40430.jpg,5.20136874e-10
1466307485_5e6743332e.jpg,-2.217789305e-09
2474047296_fd9179d438.jpg,1.014076029e-09
3478084305_9e1219c3b6.jpg,5.35642485e-09
3205214191_29b42b9b09.jpg,7.792327841e-09
3415228562_4efa9c9b70.jpg,-5.329213969e-09
272546805_536c719648.jpg,-1.888264282e-09
512306469_1392697d32.jpg,1.209301357e-09
3668900592_a84b0c07db.jpg,-6.059261059e-10
337793983_ac5b2e848e.jpg,5.369177293e-09
2718024196_3ff660416a.jpg,4.038463321e-09
1350948838_fdebe4ff65.jpg,5.099614477e-09
2496370758_a3fbc49837.jpg,1.283574156e-09
3628059004_5c3529b120.jpg,-1.938940558e-09
3205754736_32c29b5208.jpg,1.554095073e-09
970641406_9a20ee636a.jpg,-1.17496671e-09
2208067635_39a03834ca.jpg,7.046514268e-09
3432637363_3ba357e2da.jpg,-4.109837487e-10
2279496715_8ef3ee6edb.jpg,-2.521733368e-09
1776981714_5b224d0f7a.jpg,4.208014623e-09
3373946160_1c82d54442.jpg,-5.40375076e-09
3079917032_3cfacb2fd7.jpg,-1.961661726e-09
471402959_0b187560df.jpg,-9.371325184e-10
2972929655_04233b5489.jpg,-2.217979835e-09
3103587323_7f093d5b90.jpg,-6.653891628e-09
1089755335_0bfbfd30e6.jpg,-9.929702379e-09
2273591668_069dcb4641.jpg,6.090322648e-09
2338627102_6708a9b4fd.jpg,-5.579605525e-09
2863180332_372510aa49.jpg,-3.95917734e-10
2832033116_1677ea1e2e.jpg,3.178224994e-10
1925434818_2949a8f6d8.jpg,-2.199526072e-09
2382411771_a16145f345.jpg,2.176292117e-09
1347519824_e402241e4f.jpg,-2.027859328e-09
3641022607_e7a5455d6c.jpg,4.215416787e-09
3181328245_7c04ce1691.jpg,4.401308182e-09
3258396041_69717247f7.jpg,-8.388043038e-09
491564019_1ca68d16c1.jpg,-3.873597896e-09
262446581_06ef7d9445.jpg,-7.154517235e-09
838074897_9d6270b3cd.jpg,-3.415479123e-09
1159574340_99ba8c3c59.jpg,-2.016488851e-09
2443512473_6f5a22eb42.jpg,1.145299966e-09
2075321027_c8fcbaf581.jpg,-1.35311947e-09
2076865206_53918c820c.jpg,-5.171791367e-09
3601533527_6c2439113c.jpg,3.959204485e-09
3589156060_3ed8d6bbc3.jpg,3.315330957e-09
3259757648_71edb4347b.jpg,-6.157313074e-10
1352410176_af6b139734.jpg,-4.514421523e-09
3373481779_511937e09d.jpg,-1.662264494e-09
2372572028_53b76104a9.jpg,-9.859872762e-10
1321723162_9d4c78b8af.jpg,-1.622131628e-09
500678178_26ce0f4417.jpg,-2.128320112e-09
3484019369_354e0b88c0.jpg,-1.732378252e-09
2321865325_79b0954a5d.jpg,3.690369345e-10
290019324_23582048d4.jpg,4.258169786e-09
2930580341_d36eec8e3c.jpg,-5.039129484e-10
3292016893_24d14c8b4f.jpg,-4.056940004e-09
3173928684_4ea0ee5114.jpg,-2.283945899e-09
3323988406_e3c8fce690.jpg,-6.502115982e-09
3612485097_b706d950ed.jpg,-2.727247804e-09
2354456107_bf5c766a05.jpg,-7.01627341e-10
166433861_70b66cd381.jpg,-8.152129906e-09
1463638541_c02cfa04dc.jpg,-1.411563508e-09
2616643090_4f2d2d1a44.jpg,-1.634457515e-09
3702607829_2b8b3e65ab.jpg,9.575565771e-09
3154813159_58a195236d.jpg,2.397150749e-10
3289817083_4e78e1c05a.jpg,8.290922517e-09
2934379210_4e399e3cac.jpg,-3.344697049e-09
2407091303_931c918490.jpg,-5.186246385e-09
2831313661_1a328acb70.jpg,-1.60820777e-09
3168841415_c0705a327a.jpg,-1.896459008e-09
3636247381_65ccf8f106.jpg,-7.210833126e-09
2150564996_d173a506d7.jpg,3.058485369e-09
2909081008_9a7bfc599a.jpg,2.151769788e-09
1884065356_c6c34b4568.jpg,-1.77973625e-09
2343525685_3eba3b6686.jpg,5.363003293e-09
2955099064_1815b00825.jpg,-5.531670305e-09
3437315443_ba2263f92e.jpg,-6.102428271e-09
3033612929_764d977bd5.jpg,-2.02366158e-09
3073535022_4af81f360c.jpg,-2.341680633e-09
3537520829_aab733e16c.jpg,-1.712078397e-09
2832487464_2d30634e1e.jpg,5.32802925e-10
2241768909_3d96d48417.jpg,1.905697766e-09
439492931_a96d590e40.jpg,-3.853557243e-10
3701544312_b2e4e9813d.jpg,1.070262864e-09
972381743_5677b420ab.jpg,1.376580107e-10
632608471_a70461f123.jpg,-4.289910685e-10
2583001715_1ce6f58942.jpg,1.174541212e-09
2737729252_b3fd9c05b1.jpg,2.211705414e-09
3590739067_58baffb3a7.jpg,-4.840102993e-09
3107558821_f3b205d4ed.jpg,-1.05034038e-09
2553024095_735bc46267.jpg,-4.822512606e-09
2629346153_155ba73ae9.jpg,7.083125801e-10
3223302125_f8154417f4.jpg,-9.588120545e-10
2488795251_c108c77b13.jpg,2.987579047e-09
44856031_0d82c2c7d1.jpg,-9.338686244e-11
2704934519_457dc38986.jpg,-1.296588264e-08
3070274658_fc39fd4f84.jpg,1.346259235e-09
3262075846_5695021d84.jpg,2.301891551e-09
1777816180_08d7e8063b.jpg,3.814646215e-09
3084149186_4bc08b0752.jpg,-6.785738794e-10
3109124656_626b596d5e.jpg,5.968290861e-09
3724150944_fc62e8d5e0.jpg,2.767208412e-10
3104182973_5bb1c31275.jpg,3.027850099e-10
203114209_e4cd71a6b7.jpg,6.056551151e-09
2315418282_80bd0bb1c0.jpg,-5.293135899e-09
3240094420_a9eea11d39.jpg,5.327830729e-09
1517807181_ca6588f2a0.jpg,2.15181265e-09
95734036_bef6d1a871.jpg,-1.854243503e-09
3041170372_c4376cd497.jpg,7.102530828e-10
2890057168_c712f932e0.jpg,-4.278336077e-09
2925737498_57585a7ed9.jpg,-2.491772698e-10
2565685680_c30972455d.jpg,6.078946116e-09
3042484940_0975a5e486.jpg,-4.691656252e-09
2325258180_6217dd17eb.jpg,2.233694371e-09
3541915243_956c1aa8ef.jpg,3.918824835e-09
2922973230_5a769ef92a.jpg,3.036166834e-11
1801874841_4c12055e2f.jpg,-1.339519346e-09
2316097768_ef662f444b.jpg,2.649596062e-09
3676561090_9828a9f6d0.jpg,8.071160413e-10
3591462960_86045906bd.jpg,5.464644812e-09
2750832671_4b39f06acf.jpg,1.337772024e-09
2000459828_3c9e109106.jpg,4.333820162e-09
3569406219_f37ebf7b92.jpg,1.41417807e-09
2058472558_7dd5014abd.jpg,2.8220004e-09
2691966747_cfa154982b.jpg,-4.634932726e-10
469969326_4b84073286.jpg,3.685132023e-10
195962790_3380aea352.jpg,5.0325428e-09
2480832276_fa55480ecb.jpg,2.908138841e-09
2061397486_53a61e17c5.jpg,-1.79918629e-09
2676651833_3bb42bbb32.jpg,3.775988154e-09
1478294229_7e1c822fea.jpg,4.532494252e-09
1392272228_cf104086e6.jpg,6.797783121e-09
3153067758_53f003b1df.jpg,-2.021346924e-09
497791037_93499238d8.jpg,2.157498365e-09
3399618896_9ef60cd32c.jpg,-8.604943453e-10
2229179070_dc8ea8582e.jpg,-4.472909356e-09
3316046339_8e504be038.jpg,8.237781273e-10
3681056426_fbd6c0c92c.jpg,2.991707911e-09
3006095077_1992b677f8.jpg,8.260625315e-09
457945610_1a23b9ced0.jpg,6.158032483e-09
263216826_acf868049c.jpg,2.774532137e-09
778885185_3f6905370b.jpg,2.34518363e-10
3692593096_fbaea67476.jpg,-7.914661469e-09
1045521051_108ebc19be.jpg,3.567663061e-09
2220185725_45d4fa68d9.jpg,2.179621195e-09
514222303_cb98584536.jpg,1.749714692e-09
2913818905_8e4d9aa82a.jpg,6.094144272e-09
3259992164_94600858b3.jpg,-4.808287869e-09
278002800_3817135105.jpg,-2.798644991e-09
3296500180_0d7a6650dc.jpg,1.781316874e-09
3501781809_88429e3b83.jpg,-4.613231551e-09
278496691_c1fd93e2d8.jpg,-9.537037623e-10
3607969989_68cc411493.jpg,2.081543106e-09
3618504267_d7eaa495d0.jpg,-3.94978191e-09
2462153092_e3f4d8f6a2.jpg,1.949800215e-09
3164328039_2c56acf594.jpg,-6.589586163e-10
3446762868_06e9d9d899.jpg,8.265096453e-10
534313000_4ad39c7ee0.jpg,-1.340588265e-09
3476451861_5b9c9ce191.jpg,-8.203325908e-09
1554713437_61b64527dd.jpg,-2.153624409e-09
3726025663_e7d35d23f6.jpg,1.76967515e-09
952171414_2db16f846f.jpg,-4.461988136e-09
861608773_bdafd5c996.jpg,1.112392616e-09
3329169877_175cb16845.jpg,-5.38466178e-10
3624076529_9793655a21.jpg,4.984840876e-09
3490874218_babb404b39.jpg,-8.477867385e-09
3480051754_18e5802558.jpg,1.002673384e-09
1523984678_edd68464da.jpg,-2.075783202e-09
2612488996_9450de0e54.jpg,2.494061091e-09
1026685415_0431cbf574.jpg,-8.325774751e-09
99679241_adc853a5c0.jpg,-2.82081231e-09
3377117696_af91f13058.jpg,4.319948666e-09
3203453897_6317aac6ff.jpg,4.159068154e-10
3691800116_6a7b315e46.jpg,-2.322236274e-09
3677318686_b018862bb7.jpg,-1.128753412e-08
2385871165_9438c9fe84.jpg,6.904901329e-09
720208977_f44c2bba5b.jpg,1.332415316e-10
3758175529_81941e7cc9.jpg,-1.629039763e-09
3259002340_707ce96858.jpg,-9.63017097e-09
3503544012_1771be9d3a.jpg,1.009817368e-09
3320356356_1497e53f80.jpg,-3.295066112e-09
256085101_2c2617c5d0.jpg,1.390300179e-09
3717809376_f97611ab84.jpg,2.194786234e-09
475816542_f5c2736815.jpg,4.187203987e-09
3697359692_8a5cdbe4fe.jpg,5.018732876e-09
397725001_e51f7c391c.jpg,-1.781398661e-09
3682428916_69ce66d375.jpg,-8.376928066e-11
3154693053_cfcd05c226.jpg,4.534407295e-09
3259992638_0612a40288.jpg,-4.217751953e-09
3426933951_2302a941d8.jpg,1.010834393e-08
2753506871_dc38e7d153.jpg,-3.983564793e-10
2885912662_a3a2dfde45.jpg,3.059706806e-09
3487378989_c051d2715b.jpg,5.433748889e-09
3260088697_af9b6d2393.jpg,-2.729678165e-11
2191329761_3effd856c5.jpg,6.92923837e-10
270263570_3160f360d3.jpg,-1.32614095e-09
3501386648_e11e3f3152.jpg,6.269321542e-10
2622971954_59f192922d.jpg,-3.861282385e-10
514222285_aa0c8d05b7.jpg,2.172202437e-09
774009278_8e75b7d498.jpg,-8.413955651e-10
3656225270_cdf89e3240.jpg,4.807247412e-09
1001773457_577c3a7d70.jpg,-3.16283117e-09
2140305708_591d10b54d.jpg,3.708084156e-09
2192333873_2a0cbe849d.jpg,-4.88298143e-10
1459032057_97e73ed6ab.jpg,-9.506688314e-10
2676937700_456134c7b5.jpg,2.264638975e-09
1419286010_b59af3962a.jpg,5.690031202e-09
2591110592_ef5f54f91c.jpg,-6.025236533e-09
3380364224_2626d9d354.jpg,-3.269214135e-09
2394919002_ed7527ff93.jpg,-3.652021165e-09
3635194562_4c1dfa120a.jpg,-8.237080534e-09
3711826708_bba64fb1e1.jpg,-2.217155037e-09
2833582518_074bef3ed6.jpg,6.29878715e-09
1151466868_3bc4d9580b.jpg,4.003555913e-09
3523819210_99782628fc.jpg,3.935215698e-09
1009434119_febe49276a.jpg,3.5634986e-09
3712008738_1e1fa728da.jpg,-3.464740268e-09
247637795_fdf26a03cf.jpg,-5.954267478e-09
496110746_a93ca191ae.jpg,1.612145587e-09
3159569570_dff24e7be9.jpg,-3.912773133e-09
475980315_b8ecd50094.jpg,-6.479325106e-09
3205336477_037d4b6bd9.jpg,5.01685695e-09
3640661245_c8c419524d.jpg,-7.152100946e-10
3614542901_29877fc342.jpg,-9.53185315e-11
2562347802_c049a2ba88.jpg,-9.437662079e-09
842960985_91daf0d6ec.jpg,1.042695981e-08
611910909_4f8e43e070.jpg,6.150805226e-09
1204996216_71d7519d9a.jpg,3.450440492e-09
411863595_d77156687e.jpg,7.831302196e-11
3112821789_1f7c3bbb99.jpg,-1.961561135e-09
515755283_8f890b3207.jpg,2.546354635e-09
3273325447_81c94000da.jpg,3.200231888e-09
2339573065_91f1e3be60.jpg,9.197443014e-09
1417295167_5299df6db8.jpg,2.268298823e-09
3637966641_1b108a35ba.jpg,1.306383066e-09
2674784195_704f6b79d0.jpg,6.388196717e-09
3568219100_dfbffddccd.jpg,-9.719848681e-09
297169473_d3974e0275.jpg,1.024352943e-10
2335428699_4eba9b6245.jpg,4.432167521e-09
3224578187_749882c17f.jpg,3.157360606e-09
3520922312_e58a6cfd9c.jpg,-5.999052864e-09
172097783_292c5413d8.jpg,2.031422118e-09
2272548482_0b4aec5cdd.jpg,7.865514608e-10
3728015645_b43a60258b.jpg,2.395716147e-09
2305437797_e6c3460190.jpg,-1.536506849e-09
486720042_b785e7f88c.jpg,4.334745807e-09
241347803_afb04b12c4.jpg,-3.371055625e-09
3247598959_5b2348444c.jpg,-2.855381193e-09
3597210806_95b07bb968.jpg,2.836333976e-09
512550372_438849ce19.jpg,-5.256709538e-10
3656104088_a0d1642fa9.jpg,3.791844455e-09
2545192257_142fe9e2de.jpg,2.204419781e-09
610590753_cd69ce081a.jpg,-2.079959507e-09
549887636_0ea5ae4739.jpg,-2.962628758e-09
2298946012_22de913532.jpg,1.223533135e-09
2387197355_237f6f41ee.jpg,-6.96113276e-09
3354489242_dd529ffa1f.jpg,-1.872009518e-09
199463720_329a802206.jpg,4.299261361e-09
3086810882_94036f4475.jpg,-2.343578343e-09
2510029990_7014f907cb.jpg,8.53053599e-09
3456251289_c4ae31d817.jpg,7.266002288e-09
2330062180_355ccbceb5.jpg,-3.30616484e-09
2271755053_e1b1ec8442.jpg,3.104188799e-09
2861100960_457ceda7fa.jpg,3.964901101e-09
3294179574_4f67e67d6f.jpg,-1.217803063e-08
181415975_2627aa6668.jpg,8.24702558e-09
394136487_4fc531b33a.jpg,1.245308732e-10
2646615552_3aeeb2473b.jpg,-8.51830357e-09
424779662_568f9606d0.jpg,1.138506574e-09
3332136681_9aecf101fd.jpg,9.02091341e-09
2472896179_245e7d142f.jpg,-2.147875695e-11
278002875_d011ae9dc5.jpg,-9.23264778e-10
2222186636_85e03e0b75.jpg,-1.277168989e-09
3691670743_0ed111bcf3.jpg,5.171797598e-09
317488612_70ac35493b.jpg,-2.375330348e-09
2620113705_a8fa89b8f6.jpg,-1.751894499e-09
1389323170_d1c81d6b51.jpg,1.885102338e-09
3456579559_b5c8927938.jpg,1.053008344e-08
2800004913_c8394ba332.jpg,3.082910235e-09
3009383694_e045c6169e.jpg,-2.320767589e-09
3582685410_05315a15b8.jpg,1.349739091e-09
2760371526_63f3d01760.jpg,-1.029588471e-09
3484841598_e26ee96aab.jpg,-2.123626245e-09
424416723_19c56cb365.jpg,-4.071037846e-09
2135360514_7dcb9ed796.jpg,4.90220701e-11
3470951932_27ed74eb0b.jpg,-3.511161812e-09
3410215754_5d5caeffaf.jpg,1.349061475e-09
3718007650_e5930b4509.jpg,5.525662099e-10
3215108916_0473007b47.jpg,2.993339888e-09
2311690895_0d6efe11c8.jpg,-1.625661528e-09
215214751_e913b6ff09.jpg,-3.320887293e-09
3122888809_9ae9b4b9b2.jpg,2.173787541e-09
1936215201_d03a75cbba.jpg,6.674745062e-09
3270047169_2ed289a9af.jpg,-5.406889375e-09
3060519665_4d6b9a51b2.jpg,-4.151198627e-09
3090398639_68c0dfa9a5.jpg,1.67117076e-09
1580671272_3e99d94305.jpg,-2.036705653e-09
241346709_23204cc2bc.jpg,-5.388699254e-09
2109479807_eec8d72ca7.jpg,4.702550255e-09
2713554148_64cd465e71.jpg,-1.071414399e-10
2831846986_5534425cfa.jpg,1.681141223e-09
2205328215_3ffc094cde.jpg,-4.440695379e-09
2789238858_14261dd25a.jpg,7.136390917e-09
2443229844_277cded27d.jpg,1.405742489e-09
3019842612_8501c1791e.jpg,-5.812866618e-10
3352199368_b35f25793e.jpg,-4.055755486e-09
3082196097_2d15455b00.jpg,3.744833405e-09
322103537_184367bf88.jpg,-2.758494251e-09
3498423815_5b8fc097f4.jpg,1.659564517e-09
2789350645_96a2535b4d.jpg,7.035180057e-09
3228960484_9aab98b91a.jpg,-9.322291965e-10
2512683710_991c9d466d.jpg,-8.065002325e-09
3687995245_624b54090d.jpg,-3.893792092e-09
2299427360_422a3fb8b0.jpg,1.414397541e-09
136639119_6040b00946.jpg,5.388134817e-09
1975171469_84e425f61b.jpg,2.745026976e-09
2271667421_7b21fc23b8.jpg,-9.015903768e-10
2176874361_2b4149010b.jpg,-9.887672612e-09
3532587748_7e64bb223a.jpg,-2.525991613e-09
3403263046_3cc701a07a.jpg,5.181120836e-09
3116731299_6139b25c18.jpg,1.381588589e-09
2165459064_5b81ff23eb.jpg,1.864926538e-09
254295381_d98fa049f4.jpg,1.074766885e-09
3368207495_1e2dbd6d3f.jpg,5.196435213e-09
2658360285_a0ec74ef48.jpg,2.223171475e-09
1426014905_da60d72957.jpg,-1.025447127e-09
709373049_15b8b6457a.jpg,-4.029610195e-09
1620397000_3883e3ecd3.jpg,1.300603454e-08
2708582445_5e5999b956.jpg,-2.906487794e-09
1798215547_ef7ad95be8.jpg,3.549459663e-09
3143953179_1c08c023a5.jpg,2.74331826e-11
2419186511_f0ce5f9685.jpg,-5.088898964e-09
55470226_52ff517151.jpg,2.399442392e-09
160585932_fa6339f248.jpg,3.567816495e-09
3126795109_73920ed5dc.jpg,1.105935667e-09
241347243_c751557497.jpg,-5.842089482e-09
3530687486_6e6be53602.jpg,5.266502012e-09
439916996_1ddb9dc8e7.jpg,-6.087481658e-10
2354792215_eef2bdc753.jpg,-4.451330088e-09
3543378438_47e2712486.jpg,1.775782398e-09
53043785_c468d6f931.jpg,6.368532515e-09
1321949151_77b77b4617.jpg,1.362966129e-09
2526585002_10987a63f3.jpg,-8.887107649e-10
3346040664_5b584e6133.jpg,-5.601605203e-09
639120223_7db6bdb61f.jpg,3.841561847e-10
1084040636_97d9633581.jpg,4.560513851e-09
3553056438_4e611a7a2a.jpg,2.098787151e-09
135235570_5698072cd4.jpg,-1.781278269e-09
3254640083_eb34b8edfe.jpg,-1.202374438e-08
3126724531_f483e1b92a.jpg,2.917026801e-10
3609032038_005c789f64.jpg,2.90392767e-09
3053916979_848d32261b.jpg,2.51408721e-09
3205839744_24504ba179.jpg,4.853418857e-10
86412576_c53392ef80.jpg,5.022647823e-09
2472634822_7d5d2858c0.jpg,-2.222910882e-09
272940778_a184dbea42.jpg,-4.827632554e-09
3182161610_4d349b257f.jpg,-3.979216206e-09
2661437618_ca7a15f3cb.jpg,3.455479663e-09
2598012140_832863fcb9.jpg,-4.348099582e-09
3724738804_f00748a137.jpg,8.006171732e-09
3425851292_de92a072ee.jpg,4.54758618e-09
2158247955_484f0a1f11.jpg,1.421121927e-09
2873188959_ff023defa9.jpg,-9.135858797e-09
3417102649_5c0b2f4b4d.jpg,-6.216428389e-09
1501811302_5e723fc529.jpg,-2.031160663e-09
2201978994_c444e64810.jpg,-3.091748314e-12
3564157681_03a13b7112.jpg,-3.468552792e-09
143688205_630813a466.jpg,1.121570178e-09
2708634088_a4686be24c.jpg,-8.51345508e-09
2249264723_d08655d9f2.jpg,-1.888265487e-09
3585123310_9a8e94bd2b.jpg,3.520210201e-09
3323952123_deb50b0629.jpg,3.426026774e-09
488549693_a1f51d8c4a.jpg,-7.2377564e-10
3744832122_2f4febdff6.jpg,6.620012882e-09
3335997221_254366c400.jpg,-1.349134585e-09
272283076_2d4aa1d5cf.jpg,1.190841523e-09
1460500597_866fa0c6f3.jpg,8.389019912e-09
3176072448_b84c99cf7f.jpg,-3.531742734e-10
2902661518_1513be3ea6.jpg,-1.471393004e-09
143237785_93f81b3201.jpg,-2.520167896e-09
3355683198_715fb1a2ac.jpg,-6.212348269e-09
411175971_0fffd3b8c6.jpg,3.75220084e-09
2213113526_beeb4f9bdc.jpg,-7.680513019e-09
3276448136_0d9f5069c5.jpg,7.648594306e-09
3604928725_58147c87cd.jpg,-2.513461323e-09
1273001772_1585562051.jpg,-8.745033938e-09
169490297_b6ff13632a.jpg,2.274431719e-09
2346189044_546ed84aa9.jpg,1.429397031e-09
2223382277_9efa58ec45.jpg,1.5252888e-10
733172023_5810350af6.jpg,2.604327989e-09
968081289_cdba83ce2e.jpg,1.302194793e-09
3477712686_8428614c75.jpg,-5.417482448e-09
3197247245_9c93b60b8a.jpg,7.55361637e-09
2541104331_a2d65cfa54.jpg,3.976639496e-09
2836553263_b1a08c25ea.jpg,-7.566792879e-09
311196733_03966b4836.jpg,-9.659523341e-09
3157622277_9f59b4f62f.jpg,-6.683501688e-09
537359971_6e28f5e66e.jpg,5.013741884e-09
2788945468_74a9618cfa.jpg,1.603616499e-09
3005872315_e6771763bd.jpg,5.197884271e-09
2928152792_b16c73434a.jpg,-2.745914536e-09
3459419203_cd7c68ce4d.jpg,4.67133855e-09
2939475047_84585ea45c.jpg,-2.62838964e-09
2567812221_30fb64f5e9.jpg,3.548897499e-09
3535372414_4c51c86fc4.jpg,-3.546474629e-10
3120266797_47e7d91614.jpg,-8.668122909e-11
3088322308_b0c940b3a3.jpg,-2.199338509e-09
416788726_5b4eb1466e.jpg,-2.723958073e-09
2578289278_01516d23a0.jpg,-1.564258932e-09
70995350_75d0698839.jpg,3.20814892e-09
1191338263_a4fa073154.jpg,4.340631324e-10
3522749949_fb615cee47.jpg,-4.018752565e-09
3151365121_e2a685a666.jpg,-2.530269022e-09
1523800748_a59e980eee.jpg,1.71794382e-09
3713324467_104d72f7db.jpg,-2.557128424e-09
2333584535_1eaf9baf3e.jpg,-4.274267263e-09
3627679667_0e3de9fc90.jpg,-4.684186827e-09
2765747519_2b851e01d6.jpg,6.906453347e-09
1539166395_0cdc0accee.jpg,-7.348621596e-10
3335773346_ac0d97efeb.jpg,-9.094517782e-10
2894576909_99c85fd7a7.jpg,-2.816647655e-09
3220161734_77f42734b9.jpg,1.459566138e-09
2987775031_3f9ac69319.jpg,7.237370288e-10
2490687446_9d46fdf5a9.jpg,-2.745841754e-09
3512127856_18a4c7aace.jpg,4.548569675e-10
2935703360_4f794f7f09.jpg,-1.950269875e-09
384465370_9918873f9a.jpg,-4.826454791e-09
3360994630_d4616c1b14.jpg,-8.945470591e-09
345284642_77dded0907.jpg,-1.880693466e-09
2410040397_1a161a1146.jpg,-1.30385686e-09
874665322_9ad05c4065.jpg,2.313827901e-09
3474330484_a01d8af624.jpg,-6.163677379e-09
2418191216_82711d5c5c.jpg,3.179782153e-09
2460134050_06de9f5c4a.jpg,3.380175138e-09
111537222_07e56d5a30.jpg,4.288274346e-09
295433203_8185c13e08.jpg,2.586078783e-09
241347460_81d5d62bf6.jpg,3.80209152e-09
3549583146_3e8bb2f7e9.jpg,-8.300154016e-09
251586160_a31b187a37.jpg,3.710419253e-09
3194134352_bc1b2a25d7.jpg,3.575101022e-09
3155657768_b83a7831e5.jpg,-8.124286182e-09
2522467011_cc825d89ac.jpg,-3.742081891e-09
759015118_4bd3617e60.jpg,-4.255215111e-09
802594049_289e3c8420.jpg,-2.252592782e-09
3133044777_8cc930a4ec.jpg,2.055501624e-09
2532262109_87429a2cae.jpg,-7.85450212e-09
2315807231_6948b3f3a5.jpg,5.853130182e-09
1028205764_7e8df9a2ea.jpg,-5.482998716e-09
498748832_941faaaf40.jpg,-7.623190061e-09
3326376344_3306bf439e.jpg,4.931546834e-09
2600170955_bf30c5d5c0.jpg,4.674746183e-09
506738508_327efdf9c3.jpg,2.167479941e-09
3725353555_75c346d7ec.jpg,5.622169421e-09
3529211822_1dabdb3a9c.jpg,4.967118213e-09
3217909454_7baa0edbb2.jpg,3.505532946e-09
3523471597_87e0bf3b21.jpg,6.416772986e-09
3374759363_d6f7a0df41.jpg,-4.640803922e-10
2555638166_2f0847d57d.jpg,-2.60396633e-10
2813033949_e19fa08805.jpg,4.318401612e-10
3713133789_f05e8daffd.jpg,6.569111824e-10
3227594168_3351722aae.jpg,-2.273470283e-09
3535284878_f90f10236e.jpg,2.776614623e-09
2986716822_e220754d32.jpg,7.510785471e-10
3547647914_4dd56a8c1b.jpg,-4.158486347e-09
2822148499_eaa46c99d4.jpg,-5.969904439e-09
3107463441_7c68606450.jpg,3.137749126e-09
2286235203_af3cd8f243.jpg,-3.589910928e-10
2265367960_7928c5642f.jpg,-2.321938423e-09
3394654132_9a8659605c.jpg,7.534283702e-10
2896668718_0c3cff910f.jpg,-2.066377976e-09
3223224391_be50bf4f43.jpg,2.281487346e-09
2260369648_e21ae6494a.jpg,-4.54487171e-09
2918769188_565dd48060.jpg,-2.320070952e-09
2673564214_3a9598804f.jpg,1.179927643e-09
308307853_5a51fbdecc.jpg,-9.79746718e-09
3561433412_3985208d53.jpg,-4.07493074e-09
2623982903_58ec7c5026.jpg,6.08615789e-09
241347689_d0b1ac297d.jpg,-2.836332857e-09
1351315701_6580b51c41.jpg,-3.76464188e-09
3134341610_3c55e373a7.jpg,-5.41082539e-09
2218609886_892dcd6915.jpg,4.677731318e-09
2503629305_055e9ec4b1.jpg,2.666316409e-09
456299217_b2802efbc2.jpg,7.34098436e-09
3315323307_bd148a8964.jpg,-6.554126414e-09
3068735836_872fba3068.jpg,2.890684126e-10
3431487300_0123195f9b.jpg,1.660404942e-09
3582048078_7bac2d8473.jpg,1.666025037e-09
2198494923_8159551be4.jpg,4.389584394e-09
3065468339_4955e90fd3.jpg,7.446420778e-10
3647750811_395fbd397e.jpg,1.464223954e-08
3544793763_b38546a5e8.jpg,-1.182845029e-09
365128300_6966058139.jpg,8.713749797e-10
3561130207_d1ed166daa.jpg,4.454214863e-10
1348891916_ebd4413033.jpg,-1.6372064e-09
395461421_c586b136de.jpg,3.788503675e-09
3187364311_4c2a87083b.jpg,3.877515234e-09
57422853_b5f6366081.jpg,-3.566265493e-09
3139118874_599b30b116.jpg,-1.930398482e-09
3474999131_788cbf253f.jpg,-4.227499636e-09
3496983524_b21ecdb0c7.jpg,-1.316515487e-09
2679926555_b11cf45595.jpg,6.26704043e-09
3344948183_5b89379585.jpg,2.310766308e-09
3155279929_d1cddbe7cf.jpg,-9.130373908e-10
2756765580_9e57e10f0d.jpg,-4.112169026e-09
3174156702_95a1cda2d9.jpg,1.766229396e-09
3477715432_79d82487bb.jpg,3.401176542e-09
2178306830_6af49375b4.jpg,-2.508303722e-09
2107837987_ffecfc367a.jpg,-4.285807388e-09
3667822570_d39850e217.jpg,-2.42985722e-09
762947607_2001ee4c72.jpg,-5.507996189e-09
325005410_e1ff5041b5.jpg,-6.939333669e-09
2086532897_b8714f2237.jpg,3.668726956e-09
3386375153_20c56d0aae.jpg,-6.635605213e-09
458213442_12c59e61a0.jpg,6.720594528e-09
2280354512_c0d035d53f.jpg,-3.102624616e-09
109671650_f7bbc297fa.jpg,-3.233618127e-10
468141298_3154d717e1.jpg,4.886851392e-09
2053733930_e245615ad4.jpg,5.758887982e-09
2452238877_2340609c6e.jpg,-7.166534138e-09
3568197730_a071d7595b.jpg,1.096598418e-09
2573625591_70291c894a.jpg,-5.627279933e-09
3673032164_6c6843de87.jpg,3.182110975e-09
2910758605_73a3f5a5c2.jpg,-6.75062997e-09
1022975728_75515238d8.jpg,-2.44246892e-09
2222498879_9e82a100ab.jpg,4.580576417e-09
2319087586_919472310f.jpg,2.119645045e-09
3406802138_ef77bbddd0.jpg,2.380983286e-10
3402081035_a54cfab1d9.jpg,-5.060225591e-09
3279228339_71deaa3d9b.jpg,-3.982137298e-09
2920969723_83918fe909.jpg,-3.760809112e-09
3171451305_f87b9e09ee.jpg,-7.501536221e-10
2909955251_4b326a46a7.jpg,-2.838327327e-09
1413956047_c826f90c8b.jpg,-5.36444213e-10
3016651969_746bd36e68.jpg,-3.935786018e-09
2594042571_2e4666507e.jpg,-1.271573088e-09
2866529477_7e0c053ebc.jpg,5.370938776e-09
2947452329_08f2d2a467.jpg,-7.221695645e-10
3478176372_7c510a0cef.jpg,-1.7368337e-09
3454754632_977c1523be.jpg,1.16997137e-09
3405720825_b6991005eb.jpg,-1.936127743e-09
2831314869_5025300133.jpg,-2.120477415e-09
2624457062_89efc497a8.jpg,-1.481709947e-09
57417274_d55d34e93e.jpg,-7.346204443e-10
3273969811_42e9fa8f63.jpg,-1.970112946e-09
2771424045_1fdf9617eb.jpg,6.579383315e-09
2086678529_b3301c2d71.jpg,-6.381996139e-09
3589367895_5d3729e3ea.jpg,5.89152237e-09
3698944019_825ef54f2f.jpg,-1.484042718e-09
3396036947_0af6c3aab7.jpg,5.420505621e-10
2254913901_569f568926.jpg,3.749778864e-09
463875230_f19e83d6df.jpg,1.589316674e-09
3099504809_565e17e49d.jpg,-1.859917579e-09
2856923934_6eb8832c9a.jpg,4.062559408e-09
3016759846_062663f8ab.jpg,-5.126268394e-09
3527715826_ea5b4e8de4.jpg,1.383393932e-09
247691240_3881777ab8.jpg,-9.915692934e-10
2542662402_d781dd7f7c.jpg,-4.978677218e-09
2861932486_52befd8592.jpg,8.511814378e-09
2429978680_1e18a13835.jpg,-1.261194449e-09
2972864304_481aeffe50.jpg,-3.378047214e-09
661755629_602ea4cf09.jpg,2.037145703e-09
1778020185_1d44c04dae.jpg,-9.475637492e-10
3716244806_97d5a1fb61.jpg,2.158412499e-09
3526805681_38461c0d5d.jpg,4.060713581e-09
566921157_07c18a41e2.jpg,-1.151835279e-09
2761599088_8b39cc5f41.jpg,1.179251686e-09
352981175_16ff5c07e4.jpg,1.092007817e-09
3518126579_e70e0cbb2b.jpg,-4.276226154e-10
2504764590_cf017c2a6e.jpg,-8.319825631e-10
3632572264_577703b384.jpg,8.260206152e-10
380537190_11d6c0a412.jpg,-2.687034657e-09
3372022051_132b8e6233.jpg,4.01182688e-10
533979933_a95b03323b.jpg,7.257157277e-09
2708686056_1b8f356264.jpg,-3.015663987e-10
3410902181_b2a3c6eec9.jpg,8.003379494e-10
3286198467_8880be127e.jpg,-3.133149015e-10
3528966521_2e871ff6a1.jpg,6.833296541e-10
2886533440_dfa832f2fa.jpg,-5.042384566e-09
3154709407_9b0778cbeb.jpg,1.994691065e-09
2257798999_d9d1b9a45a.jpg,-2.601950761e-09
3378553508_e37e281d25.jpg,-2.493980366e-09
3144705706_391d7b77c7.jpg,-8.751130691e-10
3363836972_c87b58c948.jpg,-8.137431771e-10
1258913059_07c613f7ff.jpg,-2.744053804e-09
2244171992_a4beb04d8e.jpg,3.490336672e-09
3262475923_f1f77fcd9f.jpg,4.880397872e-09
3242919570_39a05aa2ee.jpg,3.977668448e-09
1042020065_fb3d3ba5ba.jpg,-1.686857929e-09
2978271431_f6a7f19825.jpg,3.363586451e-09
3430607596_7e4f74e3ff.jpg,-8.659700187e-09
1501985304_8c50093004.jpg,-1.578992024e-09
3287969199_08e775d896.jpg,-7.018845383e-09
3545652636_0746537307.jpg,5.319108462e-09
1295669416_21cabf594d.jpg,-6.140372324e-09
2992614450_b5a6692239.jpg,-2.141889782e-09
3683644335_b70bed1d83.jpg,-1.977311377e-08
3330007895_78303e8a40.jpg,5.29964515e-09
537230454_1f09199476.jpg,3.116755029e-09
3386060324_b98fdfa449.jpg,-1.341426702e-09
754852108_72f80d421f.jpg,-1.578226235e-09
3482974845_db4f16befa.jpg,8.220619247e-10
3175434849_859f09fe07.jpg,9.795741979e-09
2786245676_0a69543832.jpg,-2.963453104e-09
2256320794_0286c31bfa.jpg,-1.787251668e-09
3545793128_af3af544dc.jpg,-2.153518043e-09
2899276965_a20b839cfd.jpg,-4.586008736e-09
3122497129_d08f5729b8.jpg,-5.673262323e-10
2591486448_48d5438343.jpg,3.549704654e-09
3163281186_e2f43dfb5f.jpg,4.861185899e-09
341665272_80d4d61376.jpg,2.572459929e-09
3517040752_debec03376.jpg,-3.182031019e-09
3210419174_d083a16f77.jpg,2.601335828e-09
719837187_3e7bf1d472.jpg,-9.694530936e-11
2734219983_fe86a60bf9.jpg,6.499539536e-10
327621377_0bc3b7fd26.jpg,-1.16490916e-09
2046222127_a6f300e202.jpg,2.729263436e-09
2616508003_fa5ca5780d.jpg,-2.794411134e-09
241347150_5ff37818c2.jpg,-3.65672728e-09
1662261486_db967930de.jpg,-8.859605624e-10
256292144_b53aadae27.jpg,2.929434857e-09
3267644370_f2728d6c7a.jpg,2.526597659e-09
3568505408_4e30def669.jpg,4.649243118e-09
90011335_cfdf9674c2.jpg,-2.149308024e-09
3296715418_29542dcdc2.jpg,2.600385625e-09
381052465_722e00807b.jpg,6.082504962e-09
2652155912_8ba5426790.jpg,1.116563222e-09
3186863842_5832573c5e.jpg,-7.418425376e-09
236730743_0d4fd8de5a.jpg,-1.930294731e-09
3168123064_d1983b8f92.jpg,2.004298384e-09
3187492926_8aa85f80c6.jpg,3.81030423e-09
3688005475_d200165cf7.jpg,1.406347671e-09
3577309234_c952c2af86.jpg,-5.197669585e-09
2930514856_784f17064a.jpg,1.244491311e-09
232193739_ed5f348c7a.jpg,-2.850871069e-09
3257277774_aba333a94c.jpg,-8.803564999e-09
3759492488_592cd78ed1.jpg,2.316477396e-09
2110898123_07729c1461.jpg,2.809377062e-09
397815951_3b02090324.jpg,-3.866649625e-10
3057862887_135c61816a.jpg,-5.286165074e-09
2847615962_c330bded6e.jpg,9.576696184e-10
1309330801_aeeb23f1ee.jpg,6.261667213e-09
2294516804_11e255807a.jpg,5.044530125e-09
513269597_c38308feaf.jpg,-9.559226457e-09
3307978046_92fef4dfa9.jpg,-7.27293103e-10
2405599120_ec5f32af6f.jpg,4.324421314e-09
3243588540_b418ac7eda.jpg,3.01435576e-09
3320680380_b0d38b3b4a.jpg,-5.047654223e-11
3204922011_185e48949a.jpg,-6.101649891e-09
3123463486_f5b36a3624.jpg,2.02817878e-09
2752230113_b5dab6f0f1.jpg,6.044733563e-09
3292277400_f95cdd13d1.jpg,3.856019012e-09
506478284_7cf8bdbe36.jpg,-6.309681106e-09
1982852140_56425fa7a2.jpg,-1.766973083e-09
1429814475_0b592b9995.jpg,-2.056678669e-09
2339946012_06bd480ab8.jpg,8.358737611e-09
1131800850_89c7ffd477.jpg,8.975753838e-10
3425685827_03683e8e5a.jpg,-4.013334137e-09
2021613437_d99731f986.jpg,-2.476471917e-09
116409198_0fe0c94f3b.jpg,3.998405369e-09
3207264553_8cd4dcde53.jpg,-2.303521183e-09
3165750962_e2e3843679.jpg,-8.127654674e-11
2984704498_29b53df5df.jpg,3.603795935e-09
2858759108_6e697c5f3e.jpg,-8.625786789e-10
3185695861_86152b2755.jpg,6.182882711e-09
245252561_4f20f1c89e.jpg,-1.098841118e-09
3034585889_388d6ffcc0.jpg,-1.198541604e-09
3565654691_22b97d3994.jpg,-8.848157982e-10
2187503678_fd743e0a00.jpg,-2.105753624e-09
2420730259_86e7f8a815.jpg,8.467461274e-09
441398149_297146e38d.jpg,-7.377119407e-09
524698457_77ba13840a.jpg,-1.953155089e-09
3417143124_6feb8290cc.jpg,9.503501148e-10
2098646162_e3b3bbf14c.jpg,-4.460620493e-09
2687672606_275169c35d.jpg,7.037324679e-11
3087095548_6df7c2a8ed.jpg,-2.249724267e-09
3527590601_38d56abc29.jpg,-3.762538993e-10
1470132731_fa416b7504.jpg,2.166447895e-09
3271084924_4778d556cc.jpg,-6.282130469e-09
504765160_b4b083b293.jpg,-3.446781919e-09
2800758232_d7fa598065.jpg,1.311578205e-09
3459362347_c412ef9901.jpg,-5.646073155e-10
3198247669_7493af04a7.jpg,-6.573109657e-09
2694426634_118566f7ab.jpg,-1.093541189e-09
2873522522_829ea62491.jpg,-6.878415742e-09
300539993_eede2d6695.jpg,-2.289038589e-09
3411595210_8e0893b266.jpg,9.708042108e-10
3049770416_0fb1954315.jpg,-1.380701109e-08
3419916411_72934edcdb.jpg,-2.923090283e-09
3470008804_0ca36a7a09.jpg,-1.131789601e-08
150582765_bad8dec237.jpg,2.555736593e-09
252578659_9e404b6430.jpg,5.26518938e-10
2363006088_b3e3aa5c0b.jpg,4.051826654e-10
2710698257_2e4ca8dd44.jpg,-9.170151855e-10
451597318_4f370b1339.jpg,-1.344715553e-09
3560891822_7d4c1e3580.jpg,1.199453027e-10
3572267708_9d8a81d4a4.jpg,4.003296598e-09
2439154641_bbf985aa57.jpg,6.094265755e-09
2660008870_b672a4c76a.jpg,2.901249663e-09
314904143_5a216a192b.jpg,-4.200986656e-09
2225241766_f1e7132e3e.jpg,7.250182993e-09
95728664_06c43b90f1.jpg,-3.566601508e-10
2246717855_c0c08fe5d2.jpg,2.507712967e-09
224766705_b77996527f.jpg,-9.497152208e-10
3601978895_9fec23ce0c.jpg,-3.426759775e-09
495054019_3dee8a02f5.jpg,-1.050181045e-08
2053777548_108e54c826.jpg,3.512084257e-10
354642192_3b7666a2dd.jpg,-2.400497657e-09
1584315962_5b0b45d02d.jpg,-3.369869848e-10
1597319381_1e80d9e39c.jpg,-1.474193545e-09
2909875716_25c8652614.jpg,6.116566323e-09
2744690159_fe2c89e55b.jpg,-3.632656902e-10
129599450_cab4e77343.jpg,2.489049741e-09
3258874419_23fec1bdc1.jpg,-1.224974099e-09
2500826039_165e75b20c.jpg,1.305718851e-09
538825260_a4a8784b75.jpg,4.111665498e-09
3232030272_b2480a5fe7.jpg,5.639391263e-10
403523132_73b9a1a4b3.jpg,-8.474393742e-10
23445819_3a458716c1.jpg,2.935690167e-09
3701509233_a2275a4e57.jpg,4.097565886e-10
2719102611_fef453bf30.jpg,-5.099477703e-09
255091927_2eb643beb2.jpg,-2.200562256e-09
3426724811_137855b4f7.jpg,-1.355377784e-10
3373069977_bc73e9e409.jpg,-7.379080877e-09
3534512991_f9fd66f165.jpg,-6.019655494e-09
3387630781_f421a94d9d.jpg,8.003540138e-09
3389448506_7025e7cc12.jpg,-2.069774335e-09
2907244809_07ab2c6b6c.jpg,-5.144179372e-09
3427301653_4ff0d6fd93.jpg,3.605888063e-09
2073174497_18b779999c.jpg,3.776355062e-09
2136455112_202c093ba4.jpg,4.807031809e-10
3672944692_8d24a44fc6.jpg,-3.667496044e-09
1255504166_f2437febcb.jpg,-4.262289425e-09
236095031_5cb17dc54a.jpg,2.134052228e-09
3606942887_1159d92548.jpg,1.654788612e-09
3696698390_989f1488e7.jpg,1.508387872e-09
427936315_0b8f7b8d23.jpg,2.482477555e-09
2472250097_a3191a94b3.jpg,6.339192882e-09
2665904080_8a3b9639d5.jpg,-3.054728664e-09
3259160693_067ec7ebc3.jpg,-3.176172087e-09
3222496967_45d468ee66.jpg,-3.178248002e-09
2789688929_9424fceed1.jpg,-3.817773763e-09
1962729184_6996e128e7.jpg,1.510297451e-09
343073813_df822aceac.jpg,3.045620377e-10
3086790344_9487c58624.jpg,-5.015713673e-10
2710563762_06d48329d7.jpg,-6.572149653e-10
2271264741_aa8f73f87c.jpg,1.479261484e-10
3283913180_7d4e43602d.jpg,4.90946291e-09
3535304540_0247e8cf8c.jpg,-7.144535455e-10
2949337912_beba55698b.jpg,-3.073642989e-09
2855594918_1d1e6a6061.jpg,1.575413764e-09
3477672764_7f07657a26.jpg,6.812270894e-09
3704995657_e2e114083d.jpg,3.474543532e-09
2095435987_1b7591d214.jpg,-2.639132793e-09
3401039304_424ffc7dbf.jpg,1.071373862e-08
2729655904_1dd01922fb.jpg,-1.381081133e-09
2515247156_c1b759fc33.jpg,-1.35822583e-09
3671950830_b570bac1b9.jpg,4.358572127e-09
3421129418_088af794f7.jpg,4.102016731e-09
3403797144_53e49412ec.jpg,-1.737862936e-10
3223973114_6c15538ce9.jpg,1.048734293e-09
2812590023_50182bc417.jpg,-2.333093039e-09
2445442929_8c81d42460.jpg,4.983304002e-09
2204695848_3d1b140212.jpg,-5.707432717e-10
3724581378_41049da264.jpg,-6.486532135e-09
3458577912_67db47209d.jpg,5.159881743e-09
3384528359_e920154177.jpg,-2.653104125e-09
1463732130_a754441289.jpg,1.178900967e-09
2775249812_f4db95e818.jpg,-2.451987887e-10
3216926094_bc975e84b9.jpg,4.718230324e-10
3211289105_e0360a9c7f.jpg,-5.819042021e-10
2265096094_8cc34d669c.jpg,-2.059149685e-09
3217266166_4e0091860b.jpg,9.000133127e-09
469021173_aa31c07108.jpg,-4.444181307e-09
2707873672_15e6b5d54b.jpg,-4.104672044e-09
2148991939_3b9fd6c439.jpg,2.350472548e-09
3638908276_b1751d30ff.jpg,-3.580632503e-09
3610687607_895fdc94bd.jpg,7.632501884e-09
696663662_232edd58af.jpg,-7.542173915e-10
3030824089_e5a840265e.jpg,-5.806795162e-10
2707969386_94dde00ce4.jpg,1.35692448e-09
3643684688_2f7157b23d.jpg,1.035001706e-09
3286111436_891ae7dab9.jpg,2.042399057e-09
2991994415_504d1c0a03.jpg,1.190381642e-09
2921112724_5cb85d7413.jpg,5.874605167e-09
248646530_03c6284759.jpg,3.850779049e-09
2017276266_566656c59d.jpg,-3.662137841e-09
501650847_b0beba926c.jpg,2.201033181e-09
138718600_f430ebca17.jpg,-1.72160936e-09
3240351042_5d29c94b0e.jpg,-5.148705979e-09
3286406057_a1668655af.jpg,-4.352797611e-10
241347611_cb265be138.jpg,6.6506074e-09
3563871276_c8b2a00df5.jpg,-2.465327084e-09
3399312265_9c74378692.jpg,-7.467391459e-09
2291511815_ac083fddbd.jpg,1.236206904e-09
582788646_dc40748639.jpg,-1.423088845e-09
1352398363_9cc8ffcce9.jpg,-2.4864472e-09
3394750987_a32ecc477e.jpg,6.435444489e-09
2863027424_9c75105660.jpg,2.757124913e-09
2247889670_413db8094b.jpg,1.908630021e-09
3046286572_d2050ab0d9.jpg,1.547520595e-09
3730457171_e66dde8c91.jpg,5.221204325e-09
386160015_d4b31df68e.jpg,-7.234980011e-09
422756764_e7eaac76bf.jpg,1.304980037e-09
339350939_6643bfb270.jpg,-3.838450593e-09
2281006675_fde04e93dd.jpg,-5.987954192e-09
3081182021_22cfa18dd4.jpg,5.102860491e-09
2822891602_ff61df2ece.jpg,-7.01437753e-09
3277162496_dff7eeb59e.jpg,2.606918665e-09
1389651420_8d95d8f6ed.jpg,1.227849671e-09
2205088706_d7e633e00d.jpg,9.571002155e-10
2637959357_dd64a03efa.jpg,2.251372508e-09
3404012438_9baf8dcbaf.jpg,-1.309072593e-09
1998457059_c9ac9a1e1a.jpg,-5.938315831e-09
2864340145_d28b842faf.jpg,7.026905503e-10
3385246141_a263d1053e.jpg,6.330788394e-09
2396100671_3a9d67f03d.jpg,5.521576578e-09
2374570771_c395fc224a.jpg,-4.996551338e-09
3662871327_b128d25f04.jpg,3.782983153e-09
1952896009_cee8147c90.jpg,-3.291027483e-09
2537583012_4a358a6a8a.jpg,-4.770811948e-10
3131990048_369b081021.jpg,-3.760629033e-09
514431934_9cf78f05a9.jpg,-5.984038445e-09
340425915_490293058f.jpg,2.718066147e-09
3179952488_c1c812a03b.jpg,-3.92506583e-09
2654943319_d17fee7800.jpg,3.471601548e-09
2534424894_ccd091fcb5.jpg,9.544759843e-09
2621771656_09a620da6d.jpg,3.014937012e-09
223299142_521aedf9e7.jpg,2.358257811e-09
3225058391_a12d38d911.jpg,-9.106588498e-09
3188036349_8e4e2d6ca8.jpg,-1.331043684e-09
2484190118_e89363c465.jpg,2.095959243e-09
512101751_05a6d93e19.jpg,-3.158401942e-09
1356543628_c13ebe38fb.jpg,-4.589723135e-09
207930963_af3a2f1784.jpg,-1.316122394e-09
3265162450_5b4e3c5f1b.jpg,-1.651388161e-09
1234817607_924893f6e1.jpg,-3.028411788e-09
3362871440_6c0f27c480.jpg,2.320452507e-09
3396043950_12783c5147.jpg,-1.789501827e-09
2636876892_9353521a1c.jpg,-2.112817007e-09
460935487_75b2da7854.jpg,1.003821566e-08
636503038_17ca82b50f.jpg,-1.289239194e-09
3634281981_d9cf1d1a33.jpg,3.694536245e-10
2873065944_29c01782e2.jpg,1.913913138e-09
492493570_c27237a396.jpg,2.389394691e-09
3438981089_2ef1a6353c.jpg,-3.779031304e-09
3666324102_18ecdf8253.jpg,2.626284398e-10
3029463004_c2d2c8f404.jpg,-1.195450726e-09
2976946039_fb9147908d.jpg,-3.899390038e-09
3178300150_d4605ff02c.jpg,6.275870226e-09
1514957266_a19827c538.jpg,4.244100556e-10
3413973568_6630e5cdac.jpg,2.951630776e-09
3185409663_95f6b958d8.jpg,-2.212168146e-10
498404951_527adba7b8.jpg,-2.244927694e-09
359837950_9e22ffe6c2.jpg,-1.770830488e-09
3535056297_e16f014cb7.jpg,2.467826673e-09
3242718240_3358f2d6e6.jpg,5.643474409e-09
3500399969_f54ce5848f.jpg,3.475634637e-09
2552723989_7bc93e0f7b.jpg,-7.690344498e-10
2824004868_1fc0a81173.jpg,-8.132358737e-09
3094568845_d0b56c5651.jpg,-6.15829222e-09
3035949542_cb249790f5.jpg,-1.30936937e-08
299572828_4b38b80d16.jpg,2.965228045e-09
3552435734_04da83b905.jpg,-5.212906357e-09
2089542487_b4c1ee7025.jpg,4.856334032e-10
1390268323_2c8204e91c.jpg,-3.384547644e-10
3684518763_f3490b647a.jpg,5.184261009e-10
2279980395_989d48ae72.jpg,1.245920951e-09
2130203183_49bae96b96.jpg,6.425314055e-10
618292739_0fdc2ccab0.jpg,-1.528217259e-09
3721881082_afe9fc734e.jpg,4.499520785e-09
3333921867_6cc7d7c73d.jpg,-2.893801576e-09
3589267801_5a222e3a60.jpg,-7.411448187e-10
3527184455_1a9c074ff2.jpg,-1.813189488e-10
3480379024_545e8ec818.jpg,-5.349164595e-09
2693425189_47740c22ed.jpg,3.173385689e-09
322791392_aa3b142f43.jpg,-1.816948952e-09
136644885_f7d2bbf546.jpg,3.95437183e-10
390992388_d74daee638.jpg,4.407379727e-10
639865690_d66d480879.jpg,-7.853542069e-10
2971478694_79e46ea7e5.jpg,-5.64239988e-10
2244551043_21b8cca866.jpg,-4.817609019e-09
2998504949_1022fec53b.jpg,-1.612072927e-09
1247181182_35cabd76f3.jpg,1.048235269e-09
2356664078_4b1e6e465d.jpg,-3.692562584e-09
1368338041_6b4077ca98.jpg,5.373143162e-09
783994497_4f6885454d.jpg,-1.768817976e-09
3261666285_86fceb762d.jpg,2.912407867e-09
3484832904_08619300d9.jpg,2.131525669e-09
2229509318_be3fef006b.jpg,-6.825502089e-10
1229756013_94663527d7.jpg,-4.919596755e-09
2448270671_5e0e391a80.jpg,-3.102289653e-09
3415113018_7b95ddcd11.jpg,5.801152234e-10
448590900_db83c42006.jpg,2.829192161e-09
228949397_9e63bfa775.jpg,3.898412328e-10
3561537309_e271d57492.jpg,6.784153527e-10
3475005101_6f6e437459.jpg,3.497613953e-09
753578547_912d2b4048.jpg,-6.605235026e-09
3429194423_98e911a101.jpg,7.105468303e-09
3529721084_4b405baf54.jpg,-2.489874271e-10
694496803_f2a05869cf.jpg,2.178303128e-09
3228517564_74b00a923b.jpg,-7.687964344e-10
2218843713_cf28ea319e.jpg,-4.520099351e-09
2782433864_5a0c311d87.jpg,-5.891207149e-09
2218519240_cac5aab53c.jpg,3.237575028e-09
3266261886_36e1323d2f.jpg,1.676802567e-09
2354829523_9542fc74ba.jpg,-7.747632831e-09
3650986674_3e101c606b.jpg,1.665795037e-09
501684722_0f20c4e704.jpg,-5.608048416e-09
3282634762_2650d0088a.jpg,-2.370205891e-09
3279025792_23bfd21bcc.jpg,-7.62166816e-09
3351586010_7ffaa90ea8.jpg,-6.366204937e-09
3562302012_0cbcd01ff9.jpg,7.059034631e-09
3255620561_7644747791.jpg,-3.255920146e-09
3341782693_426bf7139b.jpg,-7.958333271e-10
2084217208_7bd9bc85e5.jpg,1.183955863e-09
3159447439_c1496cbaea.jpg,9.709363823e-09
2275372714_017c269742.jpg,-1.887560092e-09
367673290_f8799f3a85.jpg,-7.458299858e-09
566397227_a469e9e415.jpg,-2.217172557e-09
428483413_b9370baf72.jpg,-7.528170972e-10
708860480_1a956ae0f7.jpg,1.473534771e-10
3423225860_16e26eef74.jpg,-9.658791371e-10
2578395598_6982734d46.jpg,4.92248234e-10
2045109977_b00ec93491.jpg,-6.783958861e-11
3512791890_eb065b460a.jpg,2.873625274e-09
3564742915_5f940b95b4.jpg,3.505646267e-10
3364258732_9942c557e5.jpg,-2.769521213e-09
222878446_32c6fc4bc9.jpg,1.026971989e-09
2992808092_5f677085b7.jpg,-2.639001866e-10
1237985362_dbafc59280.jpg,6.878072978e-09
3169276423_6918dd4da1.jpg,-1.59916132e-09
3680218298_582e6a2289.jpg,-2.13222364e-09
521186251_e97d1f50f8.jpg,1.512266242e-09
2701603045_6cbdc4ce7c.jpg,-8.279316213e-10
3173215794_6bdd1f72d4.jpg,-4.427554753e-09
2853743795_e90ebc669d.jpg,2.558381157e-09
2607462776_78e639d891.jpg,5.949781343e-10
2157173498_2eea42ee38.jpg,-6.088842754e-09
3638688673_176f99d7fd.jpg,-4.003576498e-09
3008370541_ce29ce49f0.jpg,-6.028518667e-09
2217728745_92b6779016.jpg,-1.247095812e-10
369360998_ba56fb436f.jpg,1.082592596e-09
2882056260_4399dd4d7c.jpg,1.375230917e-09
1370773415_967b1ffde1.jpg,-3.037683919e-09
693164706_9624582e69.jpg,9.648542558e-10
3449846784_278bc1ba92.jpg,6.676482797e-10
3658427967_6e2e57458d.jpg,-2.691222371e-09
3428038648_993a453f9e.jpg,-6.35764456e-09
1579198375_84b18e003a.jpg,2.893309383e-09
2844747252_64567cf14a.jpg,1.426978266e-08
2838619742_eed855d8a8.jpg,-1.40128155e-09
3741462565_cc35966b7a.jpg,1.764308348e-09
3350671534_2a5d45a961.jpg,7.153281795e-09
3584561689_b6eb24dd70.jpg,-6.489717741e-09
2654514044_a70a6e2c21.jpg,2.783506599e-09
2526041608_a9775ab8d7.jpg,1.859640137e-09
3677514746_26f5588150.jpg,-8.68697465e-09
3122606953_a979dd3d33.jpg,2.242162771e-09
2839890871_4b7c7dbd96.jpg,5.762340572e-09
107582366_d86f2d3347.jpg,3.230257085e-09
2977379863_2e8d7a104e.jpg,-1.187346296e-09
170100272_d820db2199.jpg,6.348139415e-10
3165123595_8db9f918bf.jpg,3.358674832e-10
1937262236_cbf5bfa101.jpg,-2.38356599e-09
3429351964_531de1bf16.jpg,-7.698188337e-09
3103340819_46de7954a9.jpg,1.950735177e-09
3612484827_0e479f9ee8.jpg,-5.695193836e-09
2435685480_a79d42e564.jpg,-1.333181377e-09
862156271_3eacea90a8.jpg,8.616474056e-09
3229442620_fd47d01b59.jpg,-3.103913373e-09
3511062827_cd87871c67.jpg,-9.877612687e-09
2807177340_bc85291df5.jpg,-5.596140083e-09
3477681171_b1bb8b211d.jpg,1.030095019e-08
2724485630_7d2452df00.jpg,1.675228894e-09
2597873827_a5cb3e57ba.jpg,6.230168794e-09
3564907603_14ccc655f1.jpg,2.803164179e-09
3517023411_a8fbd15230.jpg,3.822341826e-09
2833431496_09d999db4d.jpg,-2.807068788e-09
3109688427_d2e702456c.jpg,1.569678587e-09
3099923914_fd450f6d51.jpg,2.334475146e-09
93922153_8d831f7f01.jpg,-3.707573341e-09
2577972703_a22c5f2a87.jpg,-1.271299941e-09
2505360288_c972bd29c4.jpg,-3.058217159e-09
2085078076_b9db242d21.jpg,-2.682346153e-09
3254817653_632e840423.jpg,7.595054211e-09
2607099736_8681f601d9.jpg,4.282001446e-09
3017220118_6a9212dfdb.jpg,-1.787147351e-09
3537920947_6c5a956f47.jpg,-4.274224631e-09
1463732807_0cdf4f22c7.jpg,1.848412758e-09
2913207978_9e9624e249.jpg,-2.61447845e-09
2596474836_79468f23a0.jpg,-2.430862217e-09
3329254388_27017bab30.jpg,-2.697209739e-09
3498240367_cbd8c6efbf.jpg,-3.268908075e-09
3630102841_b4c3e00b2c.jpg,-3.58436381e-09
3349968447_b5d4a477b2.jpg,5.374651516e-09
2266061169_dfbf8f0595.jpg,4.250995833e-09
2363419943_717e6b119d.jpg,-7.107553132e-09
241346352_c5a0ea43c6.jpg,4.450862572e-09
2890113532_ab2003d74e.jpg,-2.019660617e-09
3450776690_38605c667d.jpg,4.817270643e-11
3515358125_9e1d796244.jpg,-6.29497478e-09
1299459550_1fd5594fa2.jpg,1.713201391e-09
268365231_a0acecdc45.jpg,-2.647767012e-09
481887827_f8975dabf1.jpg,7.932019074e-10
537559285_29be110134.jpg,6.108535531e-09
190965502_0b9ed331d9.jpg,-8.498054276e-09
3642220260_3aa8a52670.jpg,-5.636557786e-09
1786425974_c7c5ad6aa1.jpg,3.053061722e-09
448257345_ce149c2ea6.jpg,-3.533710626e-09
3681575323_433d007650.jpg,-1.987237944e-09
1417882092_c94c251eb3.jpg,2.052819021e-09
487071033_27e460a1b9.jpg,-4.619921747e-09
2555622234_3e531e4014.jpg,-7.734709633e-09
130211457_be3f6b335d.jpg,-4.615654819e-09
278105206_df987b0ca0.jpg,-1.918390545e-11
2745441424_5659f6acc8.jpg,-7.209785835e-10
3501313414_ae865b6fdf.jpg,-2.4742227e-10
3557316485_574a5f7a89.jpg,-4.1059348e-09
246041128_bedb09ed74.jpg,-1.19592996e-09
3618908551_7fd2de5710.jpg,-7.266047093e-09
2647049174_0fb47cee2e.jpg,2.14233672e-09
2056930414_d2b0f1395a.jpg,-3.393876677e-09
2354540393_a149722680.jpg,8.512508733e-10
211277478_7d43aaee09.jpg,2.408713693e-09
539801139_7258ee437f.jpg,2.278479523e-09
2292406847_f366350600.jpg,-5.470064943e-09
210625425_fb1ef5d23b.jpg,-1.674010276e-09
1576185717_f841ddc3da.jpg,-6.202159584e-09
3431121650_056db85987.jpg,-2.889762312e-09
1809796012_a2dac6c26b.jpg,3.293283618e-09
229978782_3c690f5a0e.jpg,1.07537381e-09
2911919938_6bb6587a36.jpg,-8.064040413e-10
2076906555_c20dc082db.jpg,-2.470005673e-10
3231751379_10ebf7150c.jpg,-2.92141435e-09
2858903676_6278f07ee3.jpg,-3.006928602e-09
3613323772_d15cef66d1.jpg,-8.408753294e-09
2144050118_3e7d2e05b1.jpg,3.755263676e-09
2701895972_8605c4e038.jpg,6.112362475e-10
3208987435_780ae35ef0.jpg,-2.679109099e-09
1235685934_be89b231fb.jpg,-1.388164414e-09
2384728877_48c85d58af.jpg,-2.900635104e-09
1418019748_51c7d59c11.jpg,2.585267027e-09
3143159297_6f2f663ea6.jpg,-1.015328773e-08
321229104_3cbaf0f51c.jpg,2.457145034e-09
3340575518_137ce2695f.jpg,-5.949656612e-09
300274198_eefd8e057e.jpg,1.218860945e-09
2099323664_bb20457f26.jpg,-4.70506352e-09
3352791995_8db4979aca.jpg,8.633045865e-09
3379839396_0cd84b55f1.jpg,-1.365769235e-09
1432179046_8e3d75cf81.jpg,-4.864848824e-09
3532200762_b28c39d311.jpg,-2.461772151e-09
2110692070_8aaaa1ae39.jpg,-4.762588376e-09
3347666612_659e6e2207.jpg,-8.954870465e-10
3472270112_0a7cb7b27c.jpg,-7.615972929e-09
524031846_28b11bc0e5.jpg,6.006507e-09
3341477531_4e37450f35.jpg,-3.265350969e-09
3484842724_ef1124c87a.jpg,2.79371019e-09
491405109_798222cfd0.jpg,6.651518763e-09
3667157255_4e66d11dc2.jpg,-2.158516196e-09
2299859649_07ca44a222.jpg,9.733766339e-10
3121521593_18f0ec14f7.jpg,-1.602312425e-09
837919879_94e3dacd83.jpg,7.809002289e-10
3484625231_5b1a1a07b8.jpg,-5.166099045e-09
3030566410_393c36a6c5.jpg,-2.837666867e-09
404702274_fa8b3fe378.jpg,-1.060977021e-09
3030294889_78b2ccbe51.jpg,-2.343952294e-09
1547883892_e29b3db42e.jpg,-4.260539792e-09
1505686764_9e3bcd854a.jpg,3.635644237e-09
2842849030_89548af61c.jpg,-4.283177054e-09
3120648767_812c72eabe.jpg,-4.957962645e-10
480505313_2dc686e5db.jpg,-4.889658303e-09
2092870249_90e3f1855b.jpg,1.928509507e-09
2856524322_1d04452a21.jpg,4.039536828e-09
3571147934_d1c8af1d6e.jpg,2.9922253e-10
3240558825_cd859d6230.jpg,3.309901041e-09
1379026456_153fd8b51b.jpg,1.51724046e-10
3489774350_a94e6c7bfc.jpg,6.01707292e-09
3564007203_df2b8010f1.jpg,6.200179285e-09
239453674_0df7767208.jpg,-7.789341347e-09
3422394336_e465f60b7c.jpg,-4.412614323e-09
3215081286_d55541aa6b.jpg,5.290620204e-09
255266148_7ba7df1a88.jpg,2.353967708e-09
3514297698_0512623955.jpg,-2.709198774e-10
3581818450_546c89ca38.jpg,4.359770019e-10
97406261_5eea044056.jpg,-1.316945696e-08
3209966887_5b744bd050.jpg,-3.043089467e-09
2621415349_ef1a7e73be.jpg,1.137069257e-09
3072730593_b7322d2e05.jpg,5.894440622e-10
255741044_1102982213.jpg,-4.656359463e-09
2602415701_7674eb19e4.jpg,-3.867380129e-09
3424424006_98f9d1921c.jpg,-7.078431655e-09
3147758035_e8a70818cb.jpg,2.701104589e-09
3655074079_7df3812bc5.jpg,-7.232158391e-10
3359636318_39267812a0.jpg,9.353069871e-11
3296226598_1c892c4351.jpg,6.072251321e-09
2247192427_5e106f24a9.jpg,-1.047950909e-09
2675397335_1dcdbd12f5.jpg,1.723926017e-09
3471571540_b4ab77f20d.jpg,4.474081357e-09
2162469360_ff777edc95.jpg,2.559780955e-09
3627011534_485f667b10.jpg,-2.61522988e-09
2831723637_30d4456665.jpg,-2.650266475e-09
3018304737_0a46fc5f1d.jpg,-5.343918921e-09
3166969425_b5ace2f9c2.jpg,-4.39117535e-09
3200120942_59cfbb3437.jpg,1.253711929e-09
1685990174_09c4fb7df8.jpg,-2.429205249e-09
2480850054_de3433b54a.jpg,4.891402656e-09
3350786891_6d39b234e9.jpg,-3.102698461e-10
3724759125_2dc0e1f4a3.jpg,-4.286851705e-09
2396746868_0727e06983.jpg,6.093328426e-09
3671851846_60c25269df.jpg,-2.7373732e-09
1348947380_14f0fc1237.jpg,-5.446400541e-09
1253275679_e955fb7304.jpg,4.230628549e-09
3347500603_13670ee6bf.jpg,-5.901140038e-09
1410193619_13fff6c875.jpg,3.740953958e-09
3174196837_800689a2f3.jpg,-1.833758296e-09
1067790824_f3cc97239b.jpg,-1.177192039e-09
1468389504_c724bdcad0.jpg,9.754729278e-10
3309042087_ee96d94b8a.jpg,-2.774487264e-09
421316045_ae7a1eb4bc.jpg,-7.811872691e-10
483136916_16976f4902.jpg,-1.361125684e-09
3549464203_8ab9c6160b.jpg,-2.761018434e-09
3739833689_a0038545bd.jpg,-2.814997171e-09
3640443200_b8066f37f6.jpg,4.17329855e-09
3339558806_b4afdc8394.jpg,7.04835136e-09
3270273940_61ef506f05.jpg,2.207965512e-09
427557693_1108566fd2.jpg,-3.787506983e-09
2883950737_3b67d24af4.jpg,-4.869339121e-09
3222842866_cb85243ce4.jpg,8.564473695e-10
2518219912_f47214aa16.jpg,-2.610411407e-10
2805101709_1c8916f63a.jpg,1.229167405e-09
143688895_e837c3bc76.jpg,1.611772935e-09
241345844_69e1c22464.jpg,-2.349603682e-09
223299137_b0e81ac145.jpg,-3.702982123e-09
3237760601_5334f3f3b5.jpg,-3.120965416e-09
3092756650_557c5f2d03.jpg,6.87476259e-09
1287073593_f3d2a62455.jpg,-5.868372476e-09
3440160917_4524cfd9f6.jpg,3.570616004e-09
442918418_0f29c97fa9.jpg,2.003040596e-09
2874728371_ccd6db87f3.jpg,3.644722291e-09
2603033456_3584d95116.jpg,6.771387434e-10
3468023754_8a07d4c56e.jpg,6.685791995e-10
3427614912_b147d083b2.jpg,3.647035811e-09
3465473743_7da0c5d973.jpg,1.227084861e-09
3247423890_163f00a2cb.jpg,2.298970406e-09
2978409165_acc4f29a40.jpg,1.422570415e-09
2271955077_0020b4ee0d.jpg,6.499820386e-09
261490838_2f3ac98b12.jpg,-4.355386221e-09
336551615_a01418bc53.jpg,9.387812367e-09
2804374083_311f98f5f2.jpg,3.303612069e-09
328916930_e4d4be1730.jpg,-1.107501838e-09
1197800988_7fb0ca4888.jpg,-3.312261722e-09
294353408_d459bdaa68.jpg,-5.293958588e-09
310213587_778fe8fb5b.jpg,4.843688907e-09
3524519277_bd0c3e7382.jpg,-2.635782796e-09
2102581664_5ea50f85c6.jpg,-4.64632525e-09
2813784259_d201044d71.jpg,4.786021219e-09
3080891382_edf83dde18.jpg,-1.545491157e-10
1290894194_8a4ffdc7eb.jpg,-1.476124456e-09
3361990489_92244a58ef.jpg,3.741015762e-09
377872672_d499aae449.jpg,2.085336747e-09
2097420505_439f63c863.jpg,-3.089975466e-09
3309578722_1765d7d1af.jpg,5.176413598e-09
3271178748_630d269811.jpg,1.508873724e-09
3436259762_43709321ff.jpg,-1.672374291e-09
3452411712_5b42d2a1b5.jpg,7.290312371e-09
3526431764_056d2c61dc.jpg,2.587731484e-09
247618600_239eeac405.jpg,-2.385792787e-10
495033548_bd320405d8.jpg,3.695226417e-09
1516714577_7d1c35a8d8.jpg,-1.501544813e-09
358875403_f357f03713.jpg,-6.375983337e-09
3602676311_824b2c04ba.jpg,-6.827454605e-09
119534510_d52b3781a3.jpg,5.228105885e-09
2381613738_d8d2012e3c.jpg,1.989757524e-09
3339319023_5dcc3ef81a.jpg,6.825091818e-10
2417623030_afdc1024b5.jpg,-6.0665505e-09
3108732084_565b423162.jpg,5.683669748e-09
3522025527_c10e6ebd26.jpg,8.898299974e-11
3342271377_446ffc34c0.jpg,2.254001053e-09
2656688132_d93be870e0.jpg,-2.410798451e-09
476740978_45b65ebe0c.jpg,5.468139382e-09
693450725_8ad72389e6.jpg,3.36049128e-09
242324909_06d5a6c44b.jpg,2.520182933e-09
3159092624_66af4e207e.jpg,-1.035598106e-10
3622929632_26fb800000.jpg,-1.232876279e-09
2629295654_59ea1472a1.jpg,-9.786644063e-09
518610439_b64ab21c02.jpg,-4.981694066e-09
127490019_7c5c08cb11.jpg,-4.584810962e-09
371522748_dc557bcd6c.jpg,-5.485443741e-09
2590207488_ddd89037ba.jpg,2.623329201e-10
209605542_ca9cc52e7b.jpg,3.509456186e-09
3691592651_6e4e7f1da9.jpg,3.294010067e-09
3710674892_857b8056f7.jpg,5.961790614e-09
3545779287_8f52e06909.jpg,5.404472088e-09
2696060728_3043cfc38c.jpg,-3.674109123e-09
166321294_4a5e68535f.jpg,3.251559174e-09
3047144646_2252ff8e04.jpg,7.637136095e-09
3448490813_f9623e864d.jpg,2.493081827e-09
3425573919_409d9e15b2.jpg,3.835266074e-09
2860041212_797afd6ccf.jpg,-1.767365141e-09
241346580_b3c035d65c.jpg,4.887385737e-09
3562903245_85071bb5f9.jpg,8.74113436e-10
3314900697_c5c5ae9af6.jpg,2.070122813e-09
467960888_6943257534.jpg,1.860548676e-09
3525453732_f74a38f111.jpg,2.307410274e-09
911527312_f81ee36b97.jpg,-1.774032818e-09
3211581957_df2f7e2236.jpg,3.192041663e-10
3532205154_5674b628ea.jpg,4.322945683e-09
3639704469_fe83e1c9b7.jpg,-4.709496124e-09
3342855466_44038a8aa3.jpg,5.294794241e-09
3014546644_d53db746ec.jpg,2.521039955e-09
121971540_0a986ee176.jpg,1.00285277e-08
2518094853_dfce24ce8c.jpg,2.532237875e-09
1874617189_e85d3f4326.jpg,2.694671332e-10
3453544202_3855ab34b6.jpg,3.182649135e-09
3109136206_f7d201b368.jpg,2.9147259e-09
2300229745_af7a20c959.jpg,5.215141774e-10
3638178504_be1ff246bd.jpg,4.488465238e-09
3586239953_da4fb3f775.jpg,2.157824719e-09
533713001_2d36e93509.jpg,-2.141958113e-09
49553964_cee950f3ba.jpg,4.814274828e-10
2053006423_6adf69ca67.jpg,8.557152841e-09
3549997413_01388dece0.jpg,-2.155574158e-09
3286822339_5535af6b93.jpg,7.2832333e-09
621000329_84f48948eb.jpg,-9.437216656e-09
3534824784_7133119316.jpg,4.359354402e-09
374103776_0de490c1b0.jpg,4.97221909e-09
2384626662_67cdd87694.jpg,-1.318502049e-09
3457045393_2bbbb4e941.jpg,-3.304188371e-09
3139160252_75109e9e05.jpg,4.371819499e-10
128912885_8350d277a4.jpg,-4.362767529e-10
3547499166_67fb4af4ea.jpg,-1.475023367e-09
2090387793_274ab4cf7d.jpg,-8.362892655e-10
1262454669_f1caafec2d.jpg,-4.367913083e-09
3558438174_d8f41438a4.jpg,-1.102523731e-09
2445783904_e6c38a3a3d.jpg,1.694319521e-09
2597958208_e03aa149c9.jpg,5.908422322e-09
241347214_5f19e7998c.jpg,-6.259356732e-09
3212085754_35fdc9ccaa.jpg,4.933774078e-09
357725852_6f55cb9abc.jpg,5.879487892e-09
516761840_842dabc908.jpg,-2.128389909e-09
3620343911_64a862904e.jpg,8.986461046e-10
3592992234_6d3fe58a70.jpg,2.019419613e-11
3015863181_92ff43f4d8.jpg,-4.535321525e-09
2229177914_3308fe7d20.jpg,-1.453538929e-09
3202255152_08973fa3d7.jpg,-7.929465408e-09
3630991662_990f397f7c.jpg,1.898822449e-09
2963573792_dd51b5fbfb.jpg,8.055706365e-09
2839807428_efe42423f2.jpg,1.480256762e-09
397982550_cf9f5cdb74.jpg,3.912727205e-09
2140182410_8e2a06fbda.jpg,-2.711569268e-09
2887171449_f54a2b9f39.jpg,7.385667329e-09
3244171699_ace4b5d999.jpg,3.254899913e-09
2522230304_1581d52961.jpg,-1.852770434e-09
2535746605_8124bf4e4f.jpg,-4.466782025e-09
3710520638_866d542a80.jpg,-1.076019382e-08
2579899436_5086a33c7a.jpg,-1.845812367e-09
3717845800_ab45e255b8.jpg,5.969159149e-09
3107059919_0594269f72.jpg,2.062512965e-09
3402638444_dab914a3de.jpg,-1.049624008e-08
3409326324_a704565e8f.jpg,7.068121656e-09
1296770308_3db2022f5a.jpg,4.671938005e-09
2550109269_bc4262bd27.jpg,1.963019215e-09
3352871762_c9e88592d3.jpg,-1.721036805e-09
424307754_1e2f44d265.jpg,7.56869871e-09
3103185190_eb8729c166.jpg,5.064446606e-09
1805990081_da9cefe3a5.jpg,4.247755705e-09
3720210639_18bb34e475.jpg,2.493267531e-09
2589241160_3832440850.jpg,-6.559542691e-10
1057251835_6ded4ada9c.jpg,3.316029103e-09
3503624011_733d745d5a.jpg,-8.008103459e-10
3514278386_de2343577e.jpg,2.964493258e-09
3636491114_ab34dac833.jpg,2.111272589e-09
1446053356_a924b4893f.jpg,-3.212738873e-09
469617651_278e586e46.jpg,-4.761653032e-09
2533010184_ef2fd71297.jpg,6.999820148e-10
191592626_477ef5e026.jpg,-6.384619435e-09
3618525295_d32d634b2e.jpg,-1.400434631e-09
583174725_6b522b621f.jpg,2.109752091e-09
278559394_b23af734b9.jpg,-8.747626522e-10
2176364472_31fcd37531.jpg,-3.877900184e-09
697582336_601462e052.jpg,7.151474013e-09
2659183350_730951f740.jpg,-6.77505033e-09
398413603_166896900f.jpg,2.560699437e-09
2423894412_d952d5d103.jpg,-4.851327877e-09
279230262_e541f9b670.jpg,5.939417516e-09
2572101672_4d699c8713.jpg,1.260373672e-09
3107592525_0bcd00777e.jpg,-3.663470562e-09
2602279427_191773c9e2.jpg,-1.992742726e-09
2137789511_69a6c6afa8.jpg,-1.721944219e-09
2553619107_d382a820f9.jpg,1.332581348e-09
257588281_39e1c9d929.jpg,2.274042919e-10
511282305_dbab4bf4be.jpg,-1.13525926e-09
3264678536_46601d25f0.jpg,6.058351881e-09
2894229082_ddc395f138.jpg,7.211459249e-09
536495604_b22bbc905a.jpg,4.434887896e-09
2599903773_0f724d8f63.jpg,-6.122085323e-10
3036971334_78187a9570.jpg,-1.663740055e-09
1394599090_fe0ba238f0.jpg,8.174623534e-10
460781612_6815c74d37.jpg,4.270215916e-10
864290968_eccb46d5ab.jpg,5.438419655e-09
294549892_babb130543.jpg,-2.201515053e-09
2158267555_db1d94e468.jpg,-2.593177997e-09
3672105509_53b13b2ed4.jpg,2.458987972e-09
2472980433_210ec62874.jpg,-6.258217757e-10
1417637704_572b4d6557.jpg,1.918515862e-09
3594566537_55bd712fdb.jpg,-9.259291311e-09
2344875609_8e172d682b.jpg,9.706166334e-09
3368671163_0171259581.jpg,-4.065332251e-10
3589895574_ee08207d26.jpg,-1.556043602e-09
961189263_0990f3bcb5.jpg,-9.341373037e-11
2881087519_ca0aa79b2b.jpg,-5.328454011e-09
2796801478_8ebd7e550b.jpg,8.92027225e-10
97577988_65e2eae14a.jpg,-5.421145463e-09
3341489212_a879e1544a.jpg,4.266212284e-09
1456630952_dd4778a48f.jpg,4.070641231e-10
2173677067_9d0732bcc2.jpg,5.060137826e-09
3019857541_3de3e24f54.jpg,-3.504917586e-09
414773731_c3f5bf43d5.jpg,-3.69115672e-10
2924884815_63826aa60d.jpg,-5.287419128e-09
2214847438_4993210d4c.jpg,2.458746439e-10
2629027962_9cc3b46527.jpg,3.185683621e-08
3717309680_e5105afa6d.jpg,-7.86887424e-11
3488837187_0c7264a16c.jpg,-2.878695063e-09
1689658980_0074d81d28.jpg,9.108787491e-10
2848895544_6d06210e9d.jpg,-5.236211625e-09
3591458156_f1a9a33918.jpg,-6.754070012e-09
2587696611_db0378710f.jpg,1.348145417e-10
3676432043_0ca418b861.jpg,-1.503201403e-09
3672106148_56cfb5fc8d.jpg,5.025002611e-09
3282121432_648dac8a29.jpg,-8.298948665e-10
2426781076_e3f4d2685c.jpg,-2.005287272e-09
2916009941_34a0013803.jpg,1.014113353e-09
2923891109_ea0cc932ed.jpg,-1.272256001e-10
1287920676_d21a0b289b.jpg,-6.852073504e-09
56494233_1824005879.jpg,9.277688471e-10
2853407781_c9fea8eef4.jpg,5.133229456e-10
3610836023_3a972b10b0.jpg,-2.307652045e-10
2225864432_48a24f49a4.jpg,3.017546005e-09
1408958345_68eea9a4e4.jpg,-6.186824363e-09
3212465975_b657f40eed.jpg,3.461258702e-09
2258951972_92763fddab.jpg,2.424951398e-09
2755362721_368cbde668.jpg,2.099218667e-09
2741051940_89fb6b2cee.jpg,-1.037208348e-09
2950393735_9969c4ec59.jpg,7.300271389e-10
2463067409_78188c584c.jpg,9.612183365e-09
224369028_b1ac40d1fa.jpg,6.189988089e-09
396179143_e1511336e1.jpg,2.128837559e-10
2756636539_cc1eacbf4a.jpg,-1.696766017e-09
2325816912_b3bb41cdbb.jpg,-5.993723689e-09
2914331767_8574e7703d.jpg,-4.392811529e-10
1510669311_75330b4781.jpg,-7.610589493e-09
323657582_b6b6d8f7bd.jpg,-8.664222914e-10
2877511986_c965ced502.jpg,-2.117521969e-09
3679405397_bb130ea3c2.jpg,-1.93981234e-10
335588286_f67ed8c9f9.jpg,4.983567463e-09
1174525839_7c1e6cfa86.jpg,3.444505815e-09
3587077732_0933f1677b.jpg,-9.797340665e-09
3646820231_2abc736840.jpg,1.19230084e-08
2504277798_936a09c74d.jpg,7.545322955e-10
3364160101_c5e6c52b25.jpg,-1.053516044e-09
848180689_d67a1361ce.jpg,-2.513801496e-09
3095225232_2e6e6dc92e.jpg,-3.178570195e-09
2303951441_3c8080907a.jpg,9.714528709e-09
2559114800_17310f3015.jpg,-1.423335227e-09
3331190056_09f4ca9fd2.jpg,-3.306659783e-09
268704620_8a8cef4cb3.jpg,-3.77009315e-09
3249597269_935e0a375a.jpg,-3.263098847e-10
3301859683_2d5e4b40a3.jpg,-2.79730329e-09
3393343330_b13df4d8ec.jpg,2.965521813e-09
1433088025_bce2cb69f8.jpg,8.691450874e-09
2533424347_cf2f84872b.jpg,-1.015475871e-08
2367816288_7c2d11d3c5.jpg,4.101354546e-09
3312779887_7682db7827.jpg,-6.044666931e-09
3167365436_c379bda282.jpg,1.240712231e-08
3431101934_99a6c55914.jpg,-1.62038113e-09
1517721825_10176d0683.jpg,-2.806568034e-09
3662909101_21b9e59a3e.jpg,-5.078346667e-11
3251088971_f4471048e3.jpg,-3.532498024e-10
2066048248_f53f5ef5e2.jpg,-6.219814428e-09
3329793486_afc16663cc.jpg,9.933612958e-09
1884727806_d84f209868.jpg,-6.940469664e-09
2837127816_24441e5f7c.jpg,5.080221146e-09
2928835996_88b9f9503d.jpg,4.246970431e-09
2423138514_950f79e432.jpg,-1.868953208e-09
3457784061_8f77f43a9c.jpg,7.948515035e-11
2249141510_f534708374.jpg,3.559497839e-09
3074265400_bf9e10621e.jpg,1.487400163e-11
3695949492_27ca3892fd.jpg,-5.972216771e-09
3221036999_3f7b152d8a.jpg,-7.632238804e-10
308014594_f1d5e75507.jpg,-6.35393761e-10
3172384527_b107385a20.jpg,-2.251772796e-10
3446191973_1db572ed8a.jpg,1.083154294e-09
3600909823_ce72c26e66.jpg,2.541753525e-09
2985679744_75a7102aab.jpg,5.184812932e-09
2469498117_b4543e1460.jpg,-6.780933815e-09
2073756099_7e02c0110c.jpg,-1.188850271e-09
3429641260_2f035c1813.jpg,3.025012019e-09
2100909581_b7dde5b704.jpg,4.574301314e-09
542317719_ed4dd95dc2.jpg,3.724961934e-09
446138054_d40c66d5f0.jpg,3.102677267e-09
2694178830_116be6a6a9.jpg,3.371638908e-10
1489286545_8df476fa26.jpg,1.410428418e-09
2377460540_8cfb62463a.jpg,3.286747825e-09
2559503010_84f20b3bc9.jpg,-2.847694703e-09
2409312675_7755a7b816.jpg,-5.828104976e-10
2467821766_0510c9a2d1.jpg,-2.97502954e-09
242559369_9ae90ed0b4.jpg,3.2339258e-09
1420060118_aed262d606.jpg,2.713525626e-09
3276895962_c053263d01.jpg,-6.31014732e-09
2718027742_70a72f99ae.jpg,2.364068565e-09
2203615439_3c7cdc39dc.jpg,4.691194231e-09
3301822808_f2ccff86f4.jpg,4.827435372e-09
61209225_8512e1dad5.jpg,-3.000239342e-09
3247693965_845b3b4349.jpg,-3.142754056e-10
3606093421_eddd46c2c7.jpg,-2.270916905e-09
2208631481_3e4a5675e1.jpg,-1.668260516e-10
3587941206_36769c3f1d.jpg,3.419911139e-10
96420612_feb18fc6c6.jpg,-4.021632893e-09
2730994020_64ac1d18be.jpg,-5.160756199e-09
1388970365_162edcceb4.jpg,-5.171599266e-09
3331797838_b3e33dbe17.jpg,-6.929488101e-10
1057089366_ca83da0877.jpg,-4.616092683e-09
3046429283_08de594901.jpg,-1.736874017e-08
523985664_c866af4850.jpg,-3.148274662e-09
3561314880_ea9a7e245f.jpg,1.379124278e-09
3613175012_bcd063e7c9.jpg,3.821063181e-09
2892992529_f3335d0a71.jpg,-8.562952953e-09
1301140633_046e4e8010.jpg,5.952103607e-09
2834752476_3177e617f1.jpg,-9.046272253e-10
1189977786_4f5aaed773.jpg,6.646616462e-09
3640020134_367941f5ec.jpg,5.575880132e-09
1798209205_77dbf525b0.jpg,-4.819409742e-11
3462454965_a481809cea.jpg,-7.050220911e-09
3441145615_b4fcd9eea0.jpg,5.158959056e-09
3640104986_5d8c9a9948.jpg,1.020668737e-08
2766148353_70b2e8070f.jpg,2.829071029e-09
3707738261_777075e885.jpg,-5.547444957e-09
500308355_f0c19067c0.jpg,-1.959990724e-09
421730441_6b2267fd31.jpg,4.950642152e-09
2519483556_2b1632a18c.jpg,1.007524759e-09
2421446839_fe7d46c177.jpg,3.391908709e-09
2364774105_fbaf0c191f.jpg,4.209011235e-09
2432038587_5e4148e277.jpg,5.988783268e-09
3170110692_d1e0e66cee.jpg,1.531561452e-09
3330675488_8692476a4a.jpg,-4.550743692e-09
2148013097_6a4f495bc5.jpg,1.849018323e-09
3558796959_fc4450be56.jpg,5.492410274e-10
2975118353_5af5a5df54.jpg,3.501512449e-09
532131603_c82d454c8a.jpg,1.762317437e-10
235074044_c1358888ed.jpg,-3.459434831e-10
3430779304_43a2146f4b.jpg,5.636983484e-09
1308472581_9961782889.jpg,1.882929107e-09
136886677_6026c622eb.jpg,4.320750989e-11
2826574228_c63009e473.jpg,5.298272358e-09
2238759450_6475641bdb.jpg,3.206905958e-09
2475300106_b8563111ba.jpg,-5.53217037e-10
1579798212_d30844b4c5.jpg,-2.276733058e-09
3085667865_fa001816be.jpg,1.067551659e-09
494921598_af73bda568.jpg,3.242871791e-09
3516521516_9950340b96.jpg,1.363492781e-09
2698119128_62b4741043.jpg,-1.975445673e-09
2258662398_2797d0eca8.jpg,1.095333199e-09
3497106366_d1a256e723.jpg,8.23447067e-10
2355093195_87fb7f82cb.jpg,-8.207935883e-10
2582390123_71120edb0c.jpg,-3.947100146e-09
940973925_a2e6d7951c.jpg,-3.004992468e-09
561179890_af8e31cb2e.jpg,4.558163876e-09
1303335399_b3facd47ab.jpg,-6.029883339e-11
2831578193_3c997ae330.jpg,-1.007212392e-08
2479180530_7ebba2d8bf.jpg,-4.853207915e-09
3113322995_13781860f2.jpg,-2.563513286e-09
1394620454_bf708cc501.jpg,-7.771091152e-09
635444010_bd81c89ab7.jpg,-5.667663982e-09
3543294190_0037c59607.jpg,1.233853388e-09
531261613_f1a045cd75.jpg,9.462414769e-10
3186527735_6e9fe2cf88.jpg,-2.640166779e-09
3127614086_9f1d3cf73d.jpg,1.287511397e-09
3432495898_a5859f06b6.jpg,-3.227786206e-09
1184967930_9e29ce380d.jpg,1.986308161e-09
3459492423_c881f12c9f.jpg,-4.387708511e-09
2988244398_5da7012fce.jpg,-4.272105882e-09
391324644_d23fdf06cb.jpg,1.19876563e-09
3657503733_9888ccf05e.jpg,7.347932264e-10
2511762757_bd0ab0a017.jpg,4.962873947e-09
3038941104_17ee91fc03.jpg,-9.905005674e-12
534886684_a6c9f40fa1.jpg,-1.198238887e-09
3647446816_bd4383c828.jpg,-2.403835808e-09
2888702775_0939a6680e.jpg,2.412445179e-09
3143982558_9e2d44c155.jpg,2.05578038e-09
532914728_c5d8d56b0b.jpg,4.592428753e-09
241347356_8a515555fd.jpg,2.538441956e-09
3361411074_83f27d2a1c.jpg,-2.384095852e-09
3332202255_a30c522664.jpg,-2.2656696e-09
2393911878_68afe6e6c1.jpg,1.046201075e-10
2998277360_9b4c0192f1.jpg,-5.865727346e-09
3571039224_b34fa2f94c.jpg,-3.107743803e-10
2715337869_e4fe36db50.jpg,-2.257433746e-09
3149919755_f9272b10b3.jpg,-8.009087691e-09
2781296531_f6f0f6c0f5.jpg,-8.474634331e-10
485054073_fef8b80b4b.jpg,-4.87542191e-10
3281580623_8c3ba0fdb2.jpg,9.206961244e-09
186890605_ddff5b694e.jpg,9.455208147e-09
3689975998_72f50b6d91.jpg,-1.177750354e-09
489865145_65ea6d1c14.jpg,1.146261449e-09
238512430_30dc12b683.jpg,-6.495101033e-09
3135826945_f7c741e5b7.jpg,1.057371271e-09
1079274291_9aaf896cc1.jpg,-1.540247536e-10
3619630328_2d0865b6f4.jpg,1.242508741e-09
2896298341_92d718366a.jpg,-4.244648974e-09
3430782104_34da558eba.jpg,1.221684701e-09
3171651115_e07b9d08f6.jpg,2.850302532e-11
3667404919_b273df57e4.jpg,5.35022715e-09
2268729848_d418451226.jpg,2.194797946e-09
2355763034_9fb61a8165.jpg,5.769835238e-09
3446586125_cafa0bfd67.jpg,4.218397176e-09
1338523142_57fce8229b.jpg,-4.177105586e-09
2788652511_4f10060e07.jpg,7.630427746e-09
2574194729_1f099647ee.jpg,3.358009528e-09
2056041678_d6b5b39b26.jpg,1.597187615e-09
3582914905_f58db879ae.jpg,1.139715207e-10
2462702522_1b25654762.jpg,-5.690320051e-10
2067362863_59577f9d4d.jpg,-2.371047257e-09
2433175169_da939372f2.jpg,1.409962224e-09
2461616306_3ee7ac1b4b.jpg,2.020608466e-10
2410562803_56ec09f41c.jpg,-2.268860517e-09
3214579977_fa9fb006a6.jpg,1.149853844e-10
1236951314_0308dc4138.jpg,1.195214245e-09
136552115_6dc3e7231c.jpg,-5.399202725e-09
3650111717_346804ec2f.jpg,3.857288929e-09
2169951750_495820a215.jpg,-3.20395643e-10
521658170_a837af87e9.jpg,-1.086321694e-09
425518464_a18b87c563.jpg,6.569020346e-09
3231880001_193a579b97.jpg,-7.593632446e-09
380515798_c2abbf46b0.jpg,-3.805046803e-09
3257103624_e76f25ff9e.jpg,-9.113302289e-10
161669933_3e7d8c7e2c.jpg,8.95685751e-09
3041348852_872c027c16.jpg,4.230616756e-09
3487015378_2e90a79f4b.jpg,2.321146097e-09
3150315970_8f045c41a4.jpg,2.994467724e-09
352382023_7605223d1c.jpg,-4.839536239e-09
2130986011_47cb05c8c9.jpg,1.555953024e-09
1105959054_9c3a738096.jpg,-3.107250837e-09
3547524138_4157f660b0.jpg,-2.376843322e-09
3266406566_d64e57e65a.jpg,-7.925452314e-10
565605894_8f0bed0438.jpg,9.296983417e-10
3364151356_eecd07a23e.jpg,2.636977592e-10
3258397351_1a70f1993d.jpg,-4.830986426e-09
2830869109_c4e403eae6.jpg,2.140594136e-09
306315650_e064f5c677.jpg,-5.910059198e-09
3111208043_dbe8e87fa1.jpg,-6.184353378e-09
640053014_549d2f23d2.jpg,-3.202133417e-09
69710415_5c2bfb1058.jpg,1.909643112e-09
3455757720_7aeba57056.jpg,7.202478084e-10
3294952558_96bb8c8cf3.jpg,-1.051032976e-09
2683963310_20dcd5e566.jpg,-2.020134824e-09
3397633339_d1ae6d9a0e.jpg,-9.880484574e-10
2816259113_461f8dedb0.jpg,-2.611044335e-09
3262793378_773b21ec19.jpg,6.616272771e-10
2866686547_0a67eb899d.jpg,-4.143120623e-09
2404520067_87798dbaee.jpg,-3.889431642e-10
2238166082_140f8b01b8.jpg,-4.03182834e-10
3339916063_63b960ed46.jpg,2.397499355e-09
3657209354_cde9bbd2c5.jpg,4.823721771e-09
405534993_5158644f98.jpg,1.068551664e-09
302983277_69a4e732e4.jpg,2.991428573e-09
2893476169_f38dd32051.jpg,-1.998471074e-09
1655781989_b15ab4cbff.jpg,-4.452139965e-09
1343426964_cde3fb54e8.jpg,-2.733845189e-10
3545427060_c16a8b7dfd.jpg,2.65840905e-09
2364096157_eb7970a69a.jpg,-1.287951602e-09
197142902_f05ff198c2.jpg,1.832115697e-09
2751466788_4fab701cc3.jpg,3.131433969e-09
404890608_33f138aefa.jpg,1.735991914e-09
3106562372_e349a27764.jpg,-7.303069542e-10
292780636_72e1968949.jpg,-1.745242115e-09
2216695423_1362cb25f3.jpg,2.527232909e-09
654130822_4aeb1f1273.jpg,4.927758082e-09
3416013671_98b5c75046.jpg,7.134343141e-09
3443460885_46115463b4.jpg,6.333844501e-09
3506468593_7e41a6d9f1.jpg,1.680288994e-09
3249125548_700d874380.jpg,2.700777202e-09
2993388841_6746140656.jpg,7.854872478e-09
2424111022_4e332b8aee.jpg,3.762977305e-09
2962977152_9d6958fdd5.jpg,-4.063647558e-09
477204750_d04d111cd4.jpg,4.440679319e-11
2502856739_490db7a657.jpg,3.078373991e-09
535529555_583d89b7f2.jpg,6.378193088e-10
242109387_e497277e07.jpg,-1.778985665e-09
2531942624_c3c072064e.jpg,-8.677611068e-09
1439046601_cf110a75a7.jpg,-2.477446576e-09
3627676364_1dc9294ec5.jpg,-6.19827205e-09
3033210806_3ffc0a231a.jpg,-4.631317855e-09
542405691_0594b1ce72.jpg,4.605672276e-09
317109978_cb557802e1.jpg,9.058464164e-11
3532539748_795d16ef07.jpg,-8.553129282e-09
3599442049_e448c7c9b2.jpg,1.385443096e-09
2999162229_80d17099b6.jpg,5.062373524e-09
2695962887_a1647c567b.jpg,4.446060039e-10
219301553_d2fffe9e0c.jpg,-2.534885724e-09
2521983429_33218366bd.jpg,-2.2570403e-10
2642474867_4e6346f809.jpg,-1.154636951e-09
3533660418_f3a73a257c.jpg,1.702034231e-09
2366643786_9c9a830db8.jpg,-4.817787149e-10
3323661814_1e8e1ae88c.jpg,-3.674712923e-09
3262386960_14f5d857db.jpg,7.107859415e-09
3362592729_893e26b806.jpg,-3.936445585e-09
3278581900_8ce75a5332.jpg,2.100527625e-09
3708172446_4034ddc5f6.jpg,1.56232026e-09
3319177177_130a72b8ae.jpg,-4.813183599e-09
2718376488_3c62f7642c.jpg,-5.992931486e-09
3420338549_bd78d35243.jpg,-6.634554167e-09
2924870944_90ff9eca1a.jpg,4.879288488e-09
2423292784_166ee54e0b.jpg,2.96822344e-09
2081615901_13092cac56.jpg,-1.466840952e-09
2595102568_347f6d4b07.jpg,5.305408387e-09
529198549_5cd9fedf3f.jpg,1.081283361e-09
3636543173_15f56515e5.jpg,-7.163590834e-09
1335617803_4fbc03dab0.jpg,1.820528744e-09
479807115_3a484fb18b.jpg,3.783037731e-09
3385593926_d3e9c21170.jpg,6.703999332e-09
375171241_0302ad8481.jpg,3.148554739e-10
2244613488_4d1f9edb33.jpg,1.6711203e-08
47870024_73a4481f7d.jpg,6.341841981e-09
3142055158_01b9e4caa4.jpg,7.89575923e-10
3641456303_c50c33337b.jpg,2.114714934e-10
2828583747_8cfb7217af.jpg,-3.516568426e-09
3460458114_35037d4d4c.jpg,3.303502808e-09
493109089_468e105233.jpg,-3.645512755e-09
3467941308_ae6989e29c.jpg,8.015616224e-10
2906054175_e33af79522.jpg,5.442928533e-09
3106791484_13e18c33d8.jpg,2.407790765e-09
2502782508_2c8211cd6b.jpg,-3.493515921e-09
3084711346_fda0f5a3e6.jpg,9.171222325e-10
3421480658_b3518b6819.jpg,9.12584152e-09
3654338683_13b2f95a9a.jpg,2.713296083e-09
2335634931_7e9e8c2959.jpg,1.118217405e-08
3611672054_45edd3e08f.jpg,1.927175482e-09
241374292_11e3198daa.jpg,1.518153547e-10
2587017287_888c811b5a.jpg,-1.523835135e-09
319847657_2c40e14113.jpg,2.589451587e-09
3479423813_517e93a43a.jpg,-1.29187144e-09
3728256505_7f8db8270d.jpg,1.434428652e-09
502671104_b2114246c7.jpg,1.743542661e-09
3387542157_81bfd00072.jpg,6.117397724e-09
2839789830_89668775a4.jpg,6.359159134e-09
3249062399_0dafe5e4f5.jpg,4.57066003e-09
2441629086_52f68eb316.jpg,-1.554680075e-09
2904129133_e6ae5a1ec6.jpg,-7.663988021e-09
2994205788_f8b3f2e840.jpg,-5.473294703e-10
2612040125_0a93889f06.jpg,-1.733242523e-10
2897832422_0cbdb1421e.jpg,-7.574540886e-09
3016708786_3591106cca.jpg,-1.083023576e-08
2810333931_47fd8dd340.jpg,1.26238595e-09
3467219837_7d62213dec.jpg,5.697592153e-09
3319723910_af5b5f1fae.jpg,5.357280199e-09
3182570190_48214e54c7.jpg,-5.057988749e-09
1521623639_4bda3407cc.jpg,-4.109984861e-09
2540757246_5a849fbdcb.jpg,1.652275093e-09
2297744130_f571f3a239.jpg,2.178184832e-09
3275704430_a75828048f.jpg,2.81196764e-09
2291485126_b8d41a63f4.jpg,3.761293255e-09
481632457_7372f18275.jpg,-6.606292636e-09
2217328285_b1d55c17ca.jpg,-2.900364025e-11
3227148358_f152303584.jpg,3.323684124e-09
3440952969_608eb5e42b.jpg,3.768918093e-09
3006094603_c5b32d2758.jpg,3.871094903e-10
2888732432_7e907a3df1.jpg,-8.371940761e-09
3532098999_4e07a0a17e.jpg,-8.514287134e-09
3534046564_4f8546e364.jpg,-9.346841795e-09
382090166_be2c2c63e1.jpg,2.421091468e-09
757046028_ff5999f91b.jpg,-3.755996978e-09
2393410666_b8c20fff61.jpg,-3.174701647e-09
3147217787_ed21cd4990.jpg,-2.128638471e-09
3591457224_88281dd04f.jpg,-1.148926101e-09
3313232606_4ce7e16b87.jpg,2.2416847e-09
3636796219_9916c0465a.jpg,2.494026472e-09
2878190821_6e4e03dc5f.jpg,-5.387220349e-09
3082934678_58534e9d2c.jpg,6.273228658e-10
2376878930_dd3e7cc544.jpg,2.451251214e-09
3704698586_a42c25d0c1.jpg,-7.029033724e-10
3401647850_685c03ffff.jpg,-4.139180742e-09
3203707977_cc9448fecb.jpg,-1.170604506e-10
267164457_2e8b4d30aa.jpg,-1.163640753e-09
124972799_de706b6d0b.jpg,-2.296760199e-09
3431671749_e8e3a449ac.jpg,2.263645315e-10
336551609_1385ab139e.jpg,9.257572001e-09
3272071680_648a99f7d2.jpg,-3.001612054e-09
2711720095_0b98426d3c.jpg,6.171506531e-09
101654506_8eb26cfb60.jpg,-3.668275739e-09
3467510271_0f57e52768.jpg,1.22474179e-09
3271495320_bca47795fb.jpg,-3.199309557e-09
2100735137_05c6079537.jpg,-3.030699075e-09
1107471216_4336c9b328.jpg,1.774956058e-09
2888408966_376c195b3f.jpg,-4.78273591e-09
3087485737_cb09bc80b6.jpg,2.779444384e-09
3359587274_4a2b140b84.jpg,-3.205785434e-09
2312746782_4528a5b818.jpg,-1.870137908e-09
314603661_51e05e0e24.jpg,5.567002194e-09
3111897772_5211a37a02.jpg,-3.85800861e-09
2068960566_21e85ae0dc.jpg,-5.940360178e-09
3417788829_cfdbc34d2c.jpg,1.418839235e-09
3516312179_f520469038.jpg,3.372157073e-09
3070485870_eab1a75c6f.jpg,-1.638567564e-09
3686924335_3c51e8834a.jpg,-5.770148596e-09
561417861_8e25d0c0e8.jpg,4.863204507e-10
3628103548_2708abcda2.jpg,-9.408799031e-10
2148695079_9ae6a9b1c7.jpg,1.0969088e-08
2656039837_f46b29af92.jpg,3.530140892e-09
1012212859_01547e3f17.jpg,3.542170467e-09
3503689049_63212220be.jpg,-2.013164782e-09
3333826465_9c84c1b3c6.jpg,2.801958399e-09
3349308309_92cff519f3.jpg,3.451333987e-09
2568417021_afa68423e5.jpg,6.984744275e-09
3454355269_6185e29f95.jpg,-8.369431724e-10
3013469764_30e84e9a0d.jpg,-3.375115557e-10
2866974237_e3c1e267c0.jpg,-4.15586384e-09
2061354254_faa5bd294b.jpg,-5.174990099e-09
3535664885_c848c0faee.jpg,-1.736685436e-09
2849194983_2968c72832.jpg,-6.577781321e-10
380590140_25b9889772.jpg,-7.118854711e-09
3433567526_00b5a70319.jpg,1.82504843e-09
508929192_670910fdd2.jpg,-2.181227288e-10
405970010_8cebaa77d3.jpg,-1.405273386e-09
3375534917_62350bd06b.jpg,-2.76845201e-09
1770036088_08abe4f6e9.jpg,2.311869541e-09
3707077198_efd6aa808d.jpg,6.250821834e-11
3451085951_e66f7f5d5c.jpg,-5.957808796e-10
3358621566_12bac2e9d2.jpg,3.548517387e-10
3436395540_63bc8f2fe0.jpg,-2.008138717e-09
141140165_9002a04f19.jpg,-7.008672155e-09
3106223494_52d4d2d75d.jpg,1.438247645e-09
3275537015_74e04c0f3e.jpg,-5.098999121e-10
2453891449_fedb277908.jpg,2.038965235e-08
2931950813_93145c4746.jpg,-3.380240205e-09
3639845565_be547c38ba.jpg,2.663338255e-09
3186073578_6e115f45f5.jpg,1.812425834e-09
485566887_57eac33bd1.jpg,-2.687601428e-09
3532028205_9ddd7599f8.jpg,3.717685123e-09
3098714492_19939e3b19.jpg,-1.423237013e-09
2868575889_2c030aa8ae.jpg,-1.356300294e-09
102455176_5f8ead62d5.jpg,-1.592288301e-09
3484365373_98d5304935.jpg,1.523584518e-09
295258727_eaf75e0887.jpg,-1.939034327e-09
406901451_7eafd7568a.jpg,9.709064955e-10
236095034_c983bdfbbf.jpg,4.183921226e-09
2699426519_228719b1db.jpg,6.54311464e-09
3356494271_6103d0b556.jpg,-9.361856322e-09
527288854_f26127b770.jpg,5.563540173e-09
3418504074_083f0bb68d.jpg,-2.483051666e-09
3062273350_fd66106f21.jpg,-7.808768353e-09
2602306033_2b3100d36b.jpg,-2.459201789e-09
3337461409_e4e317853d.jpg,-7.900375732e-10
3590593467_be497a6139.jpg,-8.026517306e-09
41999070_838089137e.jpg,-7.445129989e-09
2774705720_1cb85812dc.jpg,-3.892317853e-11
2271671533_7538ccd556.jpg,3.501159541e-09
308487515_7852928f90.jpg,2.786834216e-09
3666188047_e81e1d97a7.jpg,1.102740991e-09
3382303178_69b6d1bdd2.jpg,2.481927767e-09
3033686219_452b172ab0.jpg,-1.897567944e-09
3486135177_772628d034.jpg,-3.016279991e-09
271637337_0700f307cf.jpg,3.342995612e-10
1795151944_d69b82f942.jpg,6.148570484e-09
3289433994_4c67aab384.jpg,6.802702938e-09
2925242998_9e0db9b4a2.jpg,-1.638359355e-09
950273886_88c324e663.jpg,-2.673064461e-09
3285298241_9b1ed98d19.jpg,-5.220261462e-09
3157220149_cc3c8cc84d.jpg,-1.825856447e-09
3609027309_af75f773d9.jpg,-4.989425036e-09
299181827_8dc714101b.jpg,-4.726089892e-10
3606084228_6286a52875.jpg,1.993271281e-09
862187579_9faf4a51e0.jpg,-5.067696558e-09
2609847254_0ec40c1cce.jpg,1.093455679e-10
1253264731_e7c689eca5.jpg,-3.332033069e-09
1400424834_1c76e700c4.jpg,6.847871173e-10
2230067846_74046b89d3.jpg,7.046413574e-09
3486324591_9f5eeb24b9.jpg,-1.490588451e-09
3019986034_7453777274.jpg,-4.275120279e-10
2068465241_3bcabacfd7.jpg,7.201264061e-09
2173061319_1f267765dc.jpg,-6.838221697e-09
3730011219_588cdc7972.jpg,-1.145087326e-09
2865376471_43c5e6b941.jpg,1.865360978e-09
3004287781_c041c09c16.jpg,-1.009307436e-09
459814265_d48ba48978.jpg,-2.241005563e-09
1510078253_96e9ec50e7.jpg,7.74053642e-10
384577800_fc325af410.jpg,2.527949273e-10
2124040721_bffc0a091a.jpg,-1.393787598e-09
1303548017_47de590273.jpg,1.589161645e-09
2647394564_4843800cff.jpg,5.615140639e-09
3677302645_8cd3fac70d.jpg,2.398830796e-09
1716445442_9cf3528342.jpg,3.282150407e-09
3530843182_35af2c821c.jpg,-8.028046444e-09
1397887419_e798697b93.jpg,7.882314921e-10
99171998_7cc800ceef.jpg,-1.424731656e-09
2458006588_754c4aa09c.jpg,-1.158266974e-08
3718076407_0b4588d7bc.jpg,7.029793993e-10
3567214106_6ece483f8b.jpg,-2.956425312e-09
3375843443_8d9b242aa5.jpg,2.678161346e-10
532457586_bddfc5251d.jpg,1.37563574e-09
206087108_d4557d38ee.jpg,-3.433496104e-09
494329594_6e751372a0.jpg,1.560994654e-09
2120469056_7a738413be.jpg,-1.676333389e-09
2481003841_06086eafc2.jpg,3.274652788e-09
2456907314_49bc4591c4.jpg,5.84456474e-09
3039675864_0b7961844d.jpg,-7.01974099e-09
3727740053_3baa94ffcb.jpg,-3.075547875e-09
2278776373_fe499a93be.jpg,-2.519798496e-09
3564738125_10400f69c0.jpg,-3.197013292e-10
3630641436_8f9ac5b9b2.jpg,-2.602906805e-09
3569420080_72fbe84751.jpg,-5.458979329e-11
378453580_21d688748e.jpg,-1.544844851e-09
2294688426_96c8614f1d.jpg,6.671562753e-09
661546153_9d30db6984.jpg,-2.133390279e-09
3711030008_3872d0b03f.jpg,3.433912156e-10
3149038044_c7c94688c6.jpg,5.35242416e-09
2411824767_4eb1fae823.jpg,9.416150009e-09
637342973_89f6fac1f7.jpg,1.302908862e-09
3003011417_79b49ff384.jpg,-7.490102636e-09
2968216482_ede65b20a8.jpg,-2.523005965e-09
963730324_0638534227.jpg,-2.217156957e-09
2273028514_d7b584f73d.jpg,3.996946125e-09
3435233065_3411f2d29d.jpg,-8.111962803e-10
3356700488_183566145b.jpg,4.235271414e-09
3601508034_5a3bfc905e.jpg,4.530428477e-09
1368383637_614646cc4a.jpg,6.065667212e-09
1527297882_dededc7891.jpg,7.807126891e-10
3314180199_2121e80368.jpg,2.981740395e-09
3273403495_fcd09c453e.jpg,-7.278471557e-09
121800200_bef08fae5f.jpg,1.461813911e-09
468918320_9c275b877f.jpg,-1.916029066e-09
2868668723_0741222b23.jpg,1.699961044e-09
3450874870_c4dcf58fb3.jpg,-1.608277722e-12
2862469183_a4334b904a.jpg,-6.005728266e-09
514036362_5f2b9b7314.jpg,-4.749362013e-09
2201951969_0d7520d648.jpg,-4.983096968e-09
3184206563_5435f2b494.jpg,3.135123912e-09
3192069971_83c5a90b4c.jpg,8.904925698e-09
3051341320_1d0166e775.jpg,2.449890114e-09
2089539651_9e518ec7de.jpg,4.017268241e-09
2623560640_0445c9a138.jpg,-1.643131598e-09
2857558098_98e9249284.jpg,-4.092194481e-10
1100214449_d10861e633.jpg,-8.082949085e-09
2256231539_05c27179f1.jpg,2.766309594e-10
1570723692_3a2b064d43.jpg,6.649851503e-09
2640000969_b5404a5143.jpg,6.566768404e-09
537579448_a7f92cef58.jpg,8.20312414e-11
2949880800_ca9a1bb7e6.jpg,-1.058848704e-09
3106026005_473a7b1c8c.jpg,-4.172708703e-09
3553374585_25b1bd6970.jpg,-2.309358835e-09
942399470_6132d3e5d2.jpg,3.227638382e-09
3638440337_6d5c19a8f0.jpg,-1.710835391e-09
1329832826_432538d331.jpg,-1.387187745e-09
3597924257_d0da3c5fe6.jpg,2.350762546e-10
667626_18933d713e.jpg,-6.361583592e-09
3550763985_800cfee7e4.jpg,-7.2234848e-09
3182258223_5b9c8a8c55.jpg,-4.749900991e-09
3356642567_f1d92cb81b.jpg,-5.311450135e-10
3398788809_25c71ba018.jpg,5.671904294e-09
3560771491_2a18b6241e.jpg,2.848683581e-09
3006217970_90b42e6b27.jpg,-2.376201548e-09
3425853460_bfcd0b41f6.jpg,3.009766473e-09
3282925526_535ff9f2b2.jpg,2.225811622e-10
460973814_5eacd1ced4.jpg,1.36196131e-09
397601572_9587a39291.jpg,4.123383683e-09
2585141045_b496a7b7c4.jpg,-8.26982099e-09
2827964381_408a310809.jpg,4.559516358e-10
613030608_4355e007c7.jpg,2.859536574e-09
2665586311_9a5f4e3fbe.jpg,-2.858537125e-09
2937697444_2367ff0e28.jpg,4.155035558e-09
3561639055_5ac66ae92f.jpg,2.681141738e-10
3141293960_74459f0a24.jpg,-8.921804011e-10
3493844822_c315a11275.jpg,4.533693646e-09
3222702477_34d2d24f1f.jpg,-6.37073005e-09
3265578645_4044a7049a.jpg,4.689177544e-09
2600386812_8790879d9a.jpg,-6.683530162e-11
2974587819_742fb7c338.jpg,1.819149726e-09
1244485675_822e6efe60.jpg,-2.722091677e-09
2549968784_39bfbe44f9.jpg,5.705323659e-09
2547785434_f227bd3680.jpg,2.902280178e-09
2968182121_b3b491df85.jpg,7.28650641e-09
2977246776_b14be8290d.jpg,2.330644978e-09
1160441615_fe6b3c5277.jpg,-2.170580741e-09
3616808182_fb4eaec778.jpg,-3.202734246e-09
2046778775_0dd7cac6ab.jpg,-1.003457037e-08
226607225_44d696db6b.jpg,-4.599557418e-09
2766926202_4201bf2bf9.jpg,6.702861143e-09
3661659196_6ed90f96c0.jpg,-1.698099401e-09
1580172290_e19067e0dd.jpg,-8.687536754e-10
1414779054_31946f9dfc.jpg,7.886921681e-10
2884301336_dc8e974431.jpg,3.201670262e-09
1956944011_c5661d3f22.jpg,-2.341656228e-09
2785108434_cd4a1c949c.jpg,2.501222228e-09
2865409854_afedf98860.jpg,7.010213446e-09
2510197716_fddca0ac75.jpg,5.308085588e-09
3533775651_9d7e93dacf.jpg,2.461116235e-09
2410320522_d967f0b75c.jpg,8.36974542e-10
95151149_5ca6747df6.jpg,-2.68110857e-09
2825668136_107223182c.jpg,-4.824968701e-09
3517124784_4b4eb62a7a.jpg,-1.923558015e-12
1917265421_aeccf1ca38.jpg,5.234494541e-09
3224560800_8fefd52510.jpg,-2.614630746e-09
267162122_c3437414ec.jpg,8.940653e-09
760138567_762d9022d4.jpg,-3.930213562e-09
2937942758_712be5c610.jpg,-4.125919836e-09
3240090389_97a8c5d386.jpg,4.565426909e-09
3056569684_c264c88d00.jpg,4.314919691e-09
3216901052_269ace7b3c.jpg,-2.557952768e-09
396763804_3b7f1e12a8.jpg,-6.500358295e-10
3435653630_3b6cca2c40.jpg,4.74675197e-09
2877088081_7ca408cb25.jpg,-4.119598628e-09
3485425825_c2f3446e73.jpg,7.163679534e-10
909191414_1cf5d85821.jpg,-1.534656025e-09
2245914678_1f82fc3d80.jpg,-3.435651887e-09
2490365757_b869282cb3.jpg,-3.938344098e-09
3534548254_7bee952a0e.jpg,9.536037443e-09
3146630574_05d9ebbed1.jpg,5.983394945e-09
1138784872_69ade3f2ab.jpg,1.04969227e-09
2092177624_13ab757e8b.jpg,5.355614922e-09
782401952_5bc5d3413a.jpg,2.213215103e-09
3132760860_3e743a935d.jpg,3.239971508e-09
2130851544_d36f4f2ea6.jpg,5.407449002e-09
2204550058_2707d92338.jpg,5.953133081e-09
2576878141_87f25a10f0.jpg,-1.149295104e-09
3732728142_86364a706e.jpg,1.261818324e-08
313326614_b2adbe59e0.jpg,-4.741073304e-09
3421547427_53411b6278.jpg,-3.880090223e-10
3017521547_f5ef8848e3.jpg,2.341145558e-09
3213622536_31da7f6682.jpg,-1.078800774e-08
2646540383_343e1ec9a4.jpg,-3.065244827e-09
3057497487_57ecc60ff1.jpg,8.214925732e-09
3380643902_7e0670f80f.jpg,-1.562899885e-08
2251447809_2de73afcdf.jpg,-7.805001608e-09
505062117_a70b4e10ab.jpg,1.018047824e-09
2840344516_8e15fe2668.jpg,-9.265063673e-09
1232148178_4f45cc3284.jpg,-7.837373414e-09
1304961697_76b86b0c18.jpg,-4.644611007e-09
3154641421_d1b9b8c24c.jpg,3.626075459e-09
1231229740_8dcbf80bfb.jpg,3.366175745e-09
2797511323_bf20acab45.jpg,4.755427485e-09
3256456935_664a7a5bba.jpg,-3.347846812e-09
374103842_17873ce505.jpg,-9.521312128e-10
3281611946_f42deed2e1.jpg,-1.794451824e-09
2778290592_1910bb0431.jpg,8.422214238e-09
3338590946_f25b76cbc7.jpg,-3.803788162e-09
3405011838_f81117c99f.jpg,-1.198660212e-08
3048211972_db71d104c2.jpg,2.558485225e-09
494792770_2c5f767ac0.jpg,-4.388616837e-10
3336682980_1082a66878.jpg,-4.05750929e-09
3638992163_a085cc0c24.jpg,-1.160289253e-08
3243591844_791cfa62eb.jpg,5.711108732e-09
3456862740_7550bcddc2.jpg,-5.538931295e-09
3674168459_6245f4f658.jpg,1.911934199e-09
1330645772_24f831ff8f.jpg,-9.993762654e-11
3632225464_612d7b4c0f.jpg,5.357004045e-09
3150659152_2ace03690b.jpg,1.077796702e-09
3631474374_e40764d153.jpg,-1.366106826e-10
300594071_3450444752.jpg,2.553130826e-09
2685752892_9d5cd7f274.jpg,2.962036199e-09
2344699642_4fae2f4e07.jpg,-5.129657189e-09
2091171488_c8512fec76.jpg,-5.541636113e-10
3259992722_4c5e895734.jpg,-6.059231652e-09
505944126_f9a6ab8944.jpg,9.85048245e-09
3119913014_688d4997d7.jpg,-5.420146819e-09
1267711451_e2a754b4f8.jpg,5.932651395e-09
1836335410_de8313a64e.jpg,7.530823221e-10
3106787167_e5f2312622.jpg,2.499682975e-09
3272541970_ac0f1de274.jpg,3.895917078e-09
3497069793_2d4baf5b4b.jpg,2.872371361e-09
2267682214_e1434d853b.jpg,6.369342003e-10
2929405404_1dff5ab847.jpg,-1.245855606e-09
2601612082_4b9be27426.jpg,-3.191778624e-09
446514680_ff5ca15ece.jpg,1.775023203e-09
3268908792_c24529fe88.jpg,3.538264534e-09
109823395_6fb423a90f.jpg,2.999207659e-10
2787868417_810985234d.jpg,9.18447641e-09
241347204_007d83e252.jpg,-1.874793839e-09
541063419_a5f3672d59.jpg,-8.750095179e-10
2562483332_eb791a3ce5.jpg,-8.6025105e-10
3021318991_fa28e3bca7.jpg,8.680042851e-09
2199200615_85e4c2a602.jpg,1.87343176e-09
559102835_472ff702b5.jpg,4.884024323e-09
1236964638_1808784a3c.jpg,6.643026647e-10
3241965735_8742782a70.jpg,6.649449445e-09
2426828433_ce894d1c54.jpg,1.996308507e-10
3033825101_44a4390f16.jpg,2.383095356e-09
964197865_0133acaeb4.jpg,-4.808713198e-10
3000428313_8a1e65e20e.jpg,-5.468347554e-09
3245504245_27931f5ec1.jpg,-3.084285609e-09
710878348_323082babd.jpg,-9.85479147e-10
3668518431_43abb169eb.jpg,-8.073725513e-09
3346711367_5e7b29e20f.jpg,3.940835924e-09
2588625139_fdf6610218.jpg,-1.793212803e-09
974924582_10bed89b8d.jpg,-6.729606946e-10
134724228_30408cd77f.jpg,4.378919678e-09
466176275_f40d37851e.jpg,-1.141548879e-09
2909811789_ed8f3fd972.jpg,7.092376175e-09
2332986053_864db84971.jpg,6.19635538e-09
2464259416_238ef13a2e.jpg,-6.497255799e-10
3240048764_acce8af2a5.jpg,1.582947744e-09
3135504530_0f4130d8f8.jpg,2.963502293e-09
3705688385_47651205d3.jpg,3.994442509e-09
3027850131_a7772e0ba0.jpg,5.232246466e-09
2730819220_b58af1119a.jpg,6.751560851e-09
304408047_98bab3ea64.jpg,-3.052491873e-09
3357708906_fb3a54dd78.jpg,-2.420011792e-09
3490517179_76dbd690de.jpg,3.717392621e-09
3563461991_de05537878.jpg,1.592693827e-09
3244734844_c318c29c23.jpg,-4.017073614e-09
3154293126_e52bd07524.jpg,-5.524318735e-09
140526326_da07305c1c.jpg,6.3865714e-09
3608663656_9192a21eeb.jpg,-2.266553006e-09
3655155990_b0e201dd3c.jpg,-1.625519211e-09
861795382_5145ad433d.jpg,-2.870618397e-09
3380407617_07b53cbcce.jpg,8.117814419e-09
3325129757_7a1979ac11.jpg,-9.14315676e-10
2802337003_56e555cd30.jpg,2.39047242e-09
2095444126_201ff9f222.jpg,1.938486222e-09
280932151_ae14a67be5.jpg,1.366184104e-09
2800934095_b84a5009dd.jpg,4.370904168e-09
2534194182_ac53035cf4.jpg,-1.153395995e-09
2579572274_826598b14a.jpg,-1.281104205e-09
2826647354_650ff5eb03.jpg,-6.228559683e-09
3453284877_8866189055.jpg,9.242913574e-10
3669564923_8fcb1a6eff.jpg,-6.815279697e-09
2289096282_4ef120f189.jpg,-1.233917102e-09
3708266246_97a033fcc7.jpg,3.44145072e-09
216172386_9ac5356dae.jpg,3.32632737e-09
3359563671_35b67898e7.jpg,-1.391924649e-08
3232252882_05db7c2216.jpg,4.514805576e-09
3014773357_f66bd09290.jpg,5.757314756e-09
1980315248_82dbc34676.jpg,1.181050619e-08
3343106500_27176fc544.jpg,-1.403020114e-09
3540241710_a4f49cde52.jpg,-2.854813821e-09
3317333893_9d0faa8d30.jpg,2.705514183e-09
2937497894_e3664a9513.jpg,1.405946825e-09
2911658792_6a6ef07e3a.jpg,-3.72321474e-09
2470486377_c3a39ccb7b.jpg,2.777029e-09
2534502836_7a75305655.jpg,5.62823563e-09
3612825666_54f5a2bc06.jpg,3.14089592e-09
2623496164_68ffeb5067.jpg,-1.537056488e-09
2228167286_7089ab236a.jpg,-2.261260843e-09
3128856481_86e5df4160.jpg,4.669733024e-09
2404692474_37da774368.jpg,3.725260084e-09
472661386_723aae880b.jpg,3.610311282e-09
3495490064_8db40a83af.jpg,2.373862688e-10
2882893687_1d10d68f2b.jpg,4.153155019e-09
3677239603_95865a9073.jpg,-7.392377461e-09
616177206_0e16c33f6b.jpg,5.06220472e-09
2934837034_a8ca5b1f50.jpg,1.122530309e-08
641893280_36fd6e886a.jpg,-1.881570598e-09
2059842472_f4fb61ea08.jpg,4.351525869e-09
1468962616_5803b4397f.jpg,2.699326922e-09
2278766574_f71f1704a8.jpg,1.512538787e-09
3249891874_6a090ef097.jpg,5.504780613e-10
17273391_55cfc7d3d4.jpg,2.149937263e-09
3134387513_ceb75bea0a.jpg,4.563001433e-09
2208055895_37cd8e1edf.jpg,2.733827782e-09
3346614841_698f9aa486.jpg,-3.526648303e-09
2346772831_b2748ba1f0.jpg,2.046933189e-09
2709359730_13bca100af.jpg,-5.989058266e-09
2069279767_fb32bfb2de.jpg,-2.775992898e-09
2330536645_2d36b516e1.jpg,-5.434704718e-09
2751694538_fffa3d307d.jpg,-3.028685224e-09
3009047603_28612247d2.jpg,-2.49583734e-09
3097171315_0ba7d283b1.jpg,-1.588479017e-09
2935986346_29df6cf692.jpg,6.343689219e-09
2552816307_c7c8e7f6b4.jpg,-2.768358743e-09
2893374123_087f98d58a.jpg,-6.678815819e-09
3511890331_6163612bb9.jpg,-6.836009528e-09
1177994172_10d143cb8d.jpg,-5.364169239e-09
2881468095_d4ce8c0c52.jpg,-5.265869425e-09
263522013_d118d46b2d.jpg,-5.961044058e-09
2300920203_f29260b1db.jpg,3.366917989e-09
2374179071_af22170d62.jpg,-5.670490407e-09
1433577867_39a1510c43.jpg,-1.742812293e-10
110595925_f3395c8bd6.jpg,-5.697409832e-09
2081446176_f97dc76951.jpg,-4.884012226e-11
2759211664_d21393b668.jpg,3.041506593e-09
509778093_21236bb64d.jpg,1.463398258e-10
1771490732_0ab5f029ac.jpg,-8.380389423e-09
430173345_86388d8822.jpg,1.32704436e-08
2873648844_8efc7d78f1.jpg,-5.342435459e-09
3626689571_5817f99c0e.jpg,-8.477544036e-09
3163477256_073605e06e.jpg,-2.238805569e-09
3198962089_e647d1b0cd.jpg,1.208235401e-09
2057160636_6e9cf3b5f0.jpg,2.180638458e-09
3624327440_bef4f33f32.jpg,6.271053116e-09
185972340_781d60ccfd.jpg,-8.913262193e-10
3393446245_37dd3f3b59.jpg,-1.308641825e-09
3679407035_708774de34.jpg,3.869746563e-09
2855417531_521bf47b50.jpg,6.027641836e-09
109202801_c6381eef15.jpg,-8.455619798e-10
309238565_2d5d8dc8bf.jpg,1.743545968e-09
367925122_335ed279a8.jpg,-4.321260986e-09
2594336381_a93772823b.jpg,-1.915412095e-09
3703107969_175da4b276.jpg,-3.785401622e-09
2616009069_82561da2e5.jpg,1.241753779e-09
2081141788_38fa84ce3c.jpg,-3.721431582e-09
519167484_ee03e2a91e.jpg,9.955928471e-10
2768248810_06d543c080.jpg,-4.526128811e-09
58368365_03ed3e5bdf.jpg,-4.299381448e-09
3086507638_d8a2cd0ac3.jpg,2.672934761e-09
3239480519_22540b5016.jpg,5.985895027e-09
2167644298_100ca79f54.jpg,-3.010114477e-09
2956562716_5aa3f6ef38.jpg,-6.61820384e-10
2088120475_d6318364f5.jpg,6.43736385e-09
544257613_d9a1fea3f7.jpg,4.938328479e-10
2076428547_738e0a132f.jpg,-3.599605226e-09
3647170476_0fd71a4c9f.jpg,1.206165085e-09
2306674172_dc07c7f847.jpg,3.373519151e-09
354999632_915ea81e53.jpg,-3.109378471e-09
138705546_be7a6845dd.jpg,-1.471212313e-09
3647693147_0d0434351b.jpg,-1.603119641e-10
2085557551_7a88d01d4e.jpg,5.163648962e-09
2263655670_517890f5b7.jpg,-5.840177801e-09
574274795_57e0834e7d.jpg,-1.46939449e-10
3138433655_ea1d59e5b7.jpg,-4.480632644e-10
3677860841_3aa9d8036c.jpg,2.801878642e-10
3544669026_1b5c0e6316.jpg,-1.703436437e-09
3317073508_7e13565c1b.jpg,2.711733395e-09
3202360797_2084743e90.jpg,2.388229626e-09
3265527323_6431f00692.jpg,-1.105308626e-08
478592803_f57cc9c461.jpg,-3.466338009e-10
1332722096_1e3de8ae70.jpg,-2.529316713e-09
2650620212_0586016e0d.jpg,3.323216451e-09
2973272684_4d63cbc241.jpg,5.647153132e-09
478208896_90e7187b64.jpg,-3.466811975e-09
2818735880_68b3dfe1f5.jpg,4.814731765e-09
3138562460_44227a35cf.jpg,-1.750263581e-10
3228793611_8f260ea500.jpg,6.33128872e-09
2390778197_4d9d03d4b9.jpg,-5.127824244e-09
319847643_df7c2a1d25.jpg,-3.864983423e-09
2923825744_ca125353f0.jpg,-4.542547318e-09
3109780402_dbae082dc5.jpg,1.293843436e-09
1479857177_9d4a6f38fd.jpg,1.523988007e-09
3549011001_26cace3646.jpg,-9.549314991e-09
493542985_c85ad29ebe.jpg,-7.904459005e-10
315125146_d9a8e60061.jpg,1.28453407e-09
3372251830_baa3665928.jpg,-6.061794469e-09
2766726291_b83eb5d315.jpg,2.996399771e-09
2676184321_858eff416b.jpg,1.928087498e-09
3553476195_fb3747d7c1.jpg,1.575694392e-09
2632381125_de32bdfdf6.jpg,2.648566435e-09
3561543598_3c1b572f9b.jpg,9.047944546e-09
3565021218_d2bc1aa644.jpg,-3.766040866e-10
2943384009_c8cf749181.jpg,-3.409916142e-09
3708244207_0d3a2b2f92.jpg,5.233957395e-10
2615811117_42b1838205.jpg,-4.190440885e-10
2959941749_fa99097463.jpg,6.639595362e-09
3467282545_273a97b628.jpg,9.328757979e-09
1131932671_c8d17751b3.jpg,-6.715464382e-09
269898095_d00ac7d7a4.jpg,2.543804181e-09
3528105511_12ff45dc9c.jpg,2.455957702e-09
140526327_3cb984de09.jpg,-2.69160587e-09
2187720319_112d00f07d.jpg,4.512147724e-09
3652859271_908ae0ae89.jpg,-1.905411243e-09
1034276567_49bb87c51c.jpg,-1.175233755e-09
3573202338_f43dd22d28.jpg,7.816227906e-09
1479679558_d0a01bc62b.jpg,5.561766722e-09
3605100550_01214a1224.jpg,-6.435857979e-09
233361142_d9d5f0cae9.jpg,-8.889195379e-10
2965604928_435dc93bf7.jpg,-6.542709833e-09
2613021139_4b0dc3d4c8.jpg,3.377109208e-09
3463922449_f6040a2931.jpg,6.482673875e-10
3057770908_3fd97f79f9.jpg,4.399110465e-09
2293149170_38fb2257ea.jpg,-1.177858696e-09
854333409_38bc1da9dc.jpg,-5.11096446e-09
1348957576_c4a78eb974.jpg,3.537057024e-09
262439544_e71cd26b24.jpg,-2.719103762e-09
925491651_57df3a5b36.jpg,1.049641058e-08
2250555512_71670078f5.jpg,-3.555679375e-09
3485816074_363cab4bff.jpg,-8.731411635e-09
3245266444_2e798096e6.jpg,-1.307266731e-10
2278110011_ba846e7795.jpg,2.55485772e-09
2640153227_57cf1a3d92.jpg,-2.295371579e-09
3596459539_a47aa80612.jpg,3.654821968e-09
2994179598_a45c2732b5.jpg,-1.902132334e-10
1332823164_c70a5d930e.jpg,7.126977518e-09
241347067_e58d05dbdc.jpg,-8.256381947e-09
3042381160_ffe2b16808.jpg,1.521500466e-09
2348491126_30db0d46ef.jpg,1.287119657e-09
2944952557_8484f0da8f.jpg,1.566660922e-09
2584957647_4f9235c150.jpg,-3.43538795e-09
2718495608_d8533e3ac5.jpg,-4.142645308e-09
608257195_6ec6f48e37.jpg,-9.368243595e-10
241345427_ece0d186c2.jpg,4.423252133e-09
3110614694_fecc23ca65.jpg,2.650238073e-09
3382679230_baef3d1eaa.jpg,-3.376042502e-09
3051998298_38da5746fa.jpg,8.597950616e-09
3211199368_ca78387f72.jpg,3.372547302e-10
3274691778_94bb57bba3.jpg,-1.412769657e-09
3357194782_c261bb6cbf.jpg,6.592337428e-10
2603792708_18a97bac97.jpg,4.550520484e-09
489065557_0eb08889cd.jpg,5.350171884e-09
2268601066_b018b124fd.jpg,-5.278108039e-09
3163068926_d28ed3ef53.jpg,1.498158369e-09
3697675767_97796334e4.jpg,-7.314903475e-09
2907073768_08fd7bdf60.jpg,9.358470413e-09
2346629210_8d6668d22d.jpg,-6.050910732e-09
3060594966_030658d318.jpg,-5.515031596e-09
2083434441_a93bc6306b.jpg,5.782008046e-09
2677656448_6b7e7702af.jpg,2.163152164e-09
460478198_83039f2593.jpg,-7.304866582e-10
452416075_60b2bb5832.jpg,-2.565708297e-09
3166578139_33500f7e8a.jpg,1.04188245e-09
3319899418_4bcf1b00d8.jpg,-1.881248203e-09
368954110_821ccf005c.jpg,8.783424135e-10
843616798_5ab0ecb525.jpg,4.157150398e-09
1313693129_71d0b21c63.jpg,-2.779455721e-09
2077079696_03380d218b.jpg,2.925806653e-09
2477121456_1ac5c6d3e4.jpg,3.117680856e-09
385186343_464f5fc186.jpg,7.099830539e-11
3184891327_8785194e3c.jpg,4.939713973e-09
934375844_dd149fed18.jpg,5.546136903e-09
746787916_ceb103069f.jpg,-7.455002111e-09
2753531542_ace2c870b7.jpg,3.2465343e-09
3036596725_541bbe0955.jpg,6.31782941e-09
3531811969_49af4c22f0.jpg,-5.575488809e-09
3537452619_3bd79f24e0.jpg,5.984529415e-09
537628742_146f2c24f8.jpg,-1.316611104e-09
3584196366_a4b43d6644.jpg,-7.510002827e-10
3520617304_e53d37f0af.jpg,-2.197532379e-09
460195978_fc522a4979.jpg,6.701868637e-09
2723929323_70b93a74ea.jpg,-8.316265806e-10
1119015538_e8e796281e.jpg,-4.520360184e-09
3251460982_4578a568bb.jpg,5.931038007e-09
3384742888_85230c34d5.jpg,-1.453817626e-09
2102360862_264452db8e.jpg,-1.826662642e-10
433855742_c2a6fda763.jpg,1.582411022e-09
2834103050_512e5b330a.jpg,5.008295855e-09
2542037086_58c833699c.jpg,-1.686075061e-09
2775744946_1ab5d500a2.jpg,-4.203594645e-09
3139876823_859c7d7c23.jpg,2.228166905e-10
2477623312_58e8e8c8af.jpg,5.843946793e-09
3044359043_627488ddf0.jpg,-3.052772049e-10
1984936420_3f3102132b.jpg,4.404671105e-09
3692836015_d11180727b.jpg,4.692501232e-09
2932498509_27cb0038ec.jpg,-7.427408519e-09
3556598205_86c180769d.jpg,3.53732723e-09
189721896_1ffe76d89e.jpg,-8.627806138e-09
3700004668_99c3e3f55b.jpg,1.320982288e-09
3690431163_1d81e19549.jpg,-1.120651504e-09
3372167201_f7f909d480.jpg,7.102795209e-10
350529848_9569a3bcbc.jpg,-2.986643376e-09
311267421_e204e643cf.jpg,1.601932988e-09
3081330705_7a1732e12c.jpg,1.05001605e-09
3383037991_8f07784b81.jpg,9.212745331e-09
3557148230_7fc843e5de.jpg,-1.67980919e-09
358114269_96fdb5f7c3.jpg,-6.055870632e-09
272988646_1588bde6a8.jpg,-3.010912191e-09
1472053993_bed67a3ba7.jpg,-3.142948511e-09
2422302286_385725e3cf.jpg,4.823616252e-09
2720985888_8f5920e8cf.jpg,5.37916376e-10
3215315009_47577bf8f7.jpg,-2.491988566e-10
3050976633_9c25cf6fa0.jpg,-8.611332643e-10
3323076458_3ce72a1dae.jpg,4.567971231e-09
3372215826_b3e6403b2e.jpg,-5.775758945e-09
3547704737_57d42d5d9d.jpg,1.195269926e-09
1339596997_8ac29c1841.jpg,-2.27190352e-09
3360876049_9047edeab9.jpg,1.777634694e-09
2698487246_e827404cac.jpg,1.366407251e-09
3381161854_af8b05243c.jpg,-2.823148348e-09
2970183443_accd597e0a.jpg,-4.536706593e-09
1433142189_cda8652603.jpg,-3.332848658e-09
836828001_af98d16256.jpg,2.00847717e-09
2991771557_d98fa0a69f.jpg,-1.425550004e-10
468310111_d9396abcbd.jpg,1.948260239e-09
3472485022_5d03e9852d.jpg,-1.772858887e-10
327415627_6313d32a64.jpg,3.881192608e-09
3337046794_296bd2c7e0.jpg,-4.188738793e-09
3710468717_c051d96a5f.jpg,-3.687484839e-09
3343900764_2a4c0405f9.jpg,7.509356953e-09
2298077331_f9a1488067.jpg,3.140675576e-09
3263946591_a1558b77d3.jpg,-5.524630698e-09
3251646144_d9f4ccca3f.jpg,1.907081442e-09
811663364_4b350a62ce.jpg,2.607087638e-09
397547349_1fd14b95af.jpg,9.333970643e-10
1998255400_0cd086908f.jpg,1.327259375e-09
537222436_ab406234ce.jpg,-5.101925678e-09
284279868_2ca98e3dcd.jpg,5.439850064e-09
3451345621_fe470d4cf8.jpg,5.954551051e-09
3091382602_60b9b53ed1.jpg,-3.230232324e-09
98377566_e4674d1ebd.jpg,1.434454055e-09
2524084967_a5e011b73d.jpg,4.740309604e-11
1402641725_5e027ecaa7.jpg,3.421782872e-09
3535879138_9281dc83d5.jpg,8.514557536e-10
536828916_b763b82949.jpg,9.313774432e-09
3560726559_4c4bed9f2d.jpg,-2.069797412e-09
544576742_283b65fa0d.jpg,-6.113474461e-09
436013859_793d870b6f.jpg,3.351640911e-09
1643915227_9f48068772.jpg,7.604908689e-09
506412121_67ecc7ec05.jpg,-1.191276841e-08
274313927_404d0e94ab.jpg,-5.082530126e-09
523249012_a0a25f487e.jpg,3.422247514e-09
1131804997_177c3c0640.jpg,2.584502831e-09
2412390588_a89cab30f4.jpg,-8.303796385e-09
2074244690_82e30ff44b.jpg,4.71876623e-09
2458269558_277012780d.jpg,-1.648257893e-09
2975073156_7543ed326f.jpg,-2.980846255e-09
3026102616_3cf350af9e.jpg,-4.43242265e-09
3687222696_85bf6f78f7.jpg,2.88767667e-09
3343311201_eeb1a39def.jpg,-4.720145987e-09
2524003134_580e74328b.jpg,5.746902172e-09
3251976937_20625dc2b8.jpg,1.320556723e-08
2978394277_4572967b97.jpg,1.033301492e-08
2049646140_d0de01e3c4.jpg,1.959202349e-09
2899089320_3e7f6bbaca.jpg,4.240454799e-09
3086526292_f799d237c7.jpg,1.866310145e-09
3455419642_894d03f153.jpg,-6.2347039e-10
386470686_1ae9242878.jpg,-5.002054566e-09
2805822564_6dee48e506.jpg,-2.301256381e-09
3231596071_f0c522a639.jpg,1.602327753e-09
2586532797_dcf22a5021.jpg,4.722603893e-09
1468429623_f001988691.jpg,-1.053816714e-09
3454149297_01454a2554.jpg,7.057580822e-09
2533414541_362bf043bb.jpg,7.074269362e-09
2456615908_59cdac6605.jpg,-6.239653919e-09
3276475986_66cd9cc7e4.jpg,-4.314836366e-09
2665264979_df9c284bf8.jpg,9.630069937e-10
566794036_60f7acdf35.jpg,-3.511862504e-09
2735290454_1bd8bc5eac.jpg,8.555671139e-09
1428681303_04213524e3.jpg,4.201426722e-10
241347580_a1e20321d3.jpg,1.631225585e-09
2933912528_52b05f84a1.jpg,-6.725369462e-10
326456451_effadbbe49.jpg,-4.14504959e-09
2405978603_6221b0c2e7.jpg,-3.512281697e-09
3126981064_1e803c3d7f.jpg,-3.30043153e-09
405331006_4e94e07698.jpg,-4.810364638e-09
1522787272_5a31497ef2.jpg,-3.225752585e-09
475042270_719ebe6c48.jpg,-8.611648707e-10
3422146099_35ffc8680e.jpg,6.521385106e-09
330849796_c575c3108a.jpg,-2.676455269e-09
449287870_f17fb825d7.jpg,-1.443597531e-09
3097776588_312932e438.jpg,2.412924957e-09
2911245290_b2c79f328a.jpg,-1.139509739e-09
1957371533_62bc720bac.jpg,-1.010386129e-09
3671262694_29fbeb9d95.jpg,4.030379015e-09
2495394666_2ef6c37519.jpg,-4.118081587e-09
2887614578_ed7ba21775.jpg,8.664408105e-09
2557972410_6925fe695c.jpg,3.059697968e-09
3126752627_dc2d6674da.jpg,2.098332273e-09
157139628_5dc483e2e4.jpg,2.190658309e-10
3690159129_93ba49ea18.jpg,-3.09127186e-09
2249480913_e1695e5c28.jpg,2.897484755e-09
3652584682_5b5c43e445.jpg,-3.236340475e-09
3246773992_89bf86937b.jpg,6.239556129e-10
2987576188_f82304f394.jpg,8.389543643e-09
2393264648_a280744f97.jpg,-1.304201215e-08
2644920808_f5a214b744.jpg,1.367692884e-10
3062173277_bfb5ef4c45.jpg,2.979053116e-09
431410325_f4916b5460.jpg,-3.395178749e-09
103205630_682ca7285b.jpg,-1.105341339e-08
2337377811_8c81b40a64.jpg,3.953857318e-09
3259110412_9908c45144.jpg,-6.070454099e-09
2322334640_d4d22619ff.jpg,4.275356121e-09
3466353172_deb128bbb0.jpg,1.967793348e-09
3636126441_5617c89aaa.jpg,2.793639907e-09
3406409018_03de95181e.jpg,-3.33833584e-09
3226254560_2f8ac147ea.jpg,8.040257607e-10
3610189629_f46de92ab3.jpg,2.638804757e-09
2242863004_3a9f82a31f.jpg,-1.154950708e-09
2554570943_122da6438f.jpg,2.360188026e-09
2333288869_8c01e4c859.jpg,2.421596312e-09
3457315666_b943111dec.jpg,-1.060196501e-08
2955673642_4279b32097.jpg,-3.309557193e-09
1527333441_af65636a74.jpg,2.503722104e-09
2180356743_b3a3c9a7f6.jpg,-2.671696186e-09
2198964806_c57b0534d3.jpg,1.317281587e-09
3515904775_f8acc5909e.jpg,1.015005345e-08
246094557_e174a5914f.jpg,-3.644920433e-10
427167162_2c99779444.jpg,-1.472310224e-09
427082246_5bf1c3676f.jpg,-3.12633073e-09
339658315_fbb178c252.jpg,-4.6598218e-09
3411579899_0f8ed09142.jpg,6.312665238e-09
3701249979_8bc757e171.jpg,5.2448521e-10
2764178773_d63b502812.jpg,-2.678504431e-10
401476986_73918145a3.jpg,-4.256509884e-09
3631810528_7233c0f421.jpg,-7.496942189e-09
2755952680_68a0a1fa42.jpg,2.976432165e-09
3606846822_28c40b933a.jpg,1.148546453e-09
684255145_db3f8e3e46.jpg,2.26719653e-09
3113682377_14fc7b62b0.jpg,1.465013064e-09
3334537556_a2cf4e9b9a.jpg,3.766541933e-09
464506846_1734302b58.jpg,-2.487902048e-09
3156113206_53c2a7b5d8.jpg,6.427483329e-09
2218334049_e649dbdb1a.jpg,-2.047797702e-09
1087539207_9f77ab3aaf.jpg,-5.115660912e-10
805682444_90ed9e1ef3.jpg,2.52874664e-09
3154152744_4e93ec8a62.jpg,7.065268526e-09
3641999223_942f8198cc.jpg,1.200904544e-10
2934325103_e9b8d7430f.jpg,9.940757947e-09
3301935788_2bb7bbc515.jpg,7.254032164e-09
2929669711_b2d5a640f0.jpg,-1.710117899e-09
2478929971_9eb6c074b6.jpg,-2.788690074e-09
1476241331_2f43b67aed.jpg,1.32268852e-09
2480021389_dda9fb2818.jpg,7.335139987e-09
2921430836_3b4d062238.jpg,-3.052386524e-09
3245939062_8ffe1d2be5.jpg,-3.260942882e-09
2489602993_896c1ea40a.jpg,9.295377503e-09
3134387321_3a253224c1.jpg,2.00539535e-09
1056873310_49c665eb22.jpg,-5.459650056e-09
862054277_34b5a6f401.jpg,7.160509246e-09
3621177753_1718c30ea0.jpg,7.973802997e-10
2097489021_ca1b9f5c3b.jpg,-2.860548013e-09
3079786914_fe598b0e54.jpg,2.610396875e-09
3107368071_724613fc4f.jpg,-1.600323184e-09
1358892595_7a37c45788.jpg,1.473260974e-09
3018467501_a03d404413.jpg,-2.084523991e-09
477768471_d7cd618fdb.jpg,-4.572887477e-09
3275527950_41aca690a1.jpg,6.340582349e-09
2866696346_4dcccbd3a5.jpg,3.040263126e-09
2814406547_a237ef0122.jpg,9.650847832e-09
3593556797_46b49a02a8.jpg,-4.54699748e-09
3512033861_a357bb58b6.jpg,-7.895495189e-10
2196284168_76417efbec.jpg,-7.567627737e-09
3218480482_66af7587c8.jpg,-6.390358511e-09
159712188_d530dd478c.jpg,4.355763432e-10
3348384389_73b6647017.jpg,-3.135812569e-10
701816897_221bbe761a.jpg,2.802272899e-09
3119903318_d032141839.jpg,-8.076286339e-09
3711664623_ef87105ea7.jpg,9.764787847e-09
3353328134_dd9ed0edab.jpg,3.588464156e-09
3014080715_f4f0dbb56e.jpg,3.303811845e-09
2731171552_4a808c7d5a.jpg,9.377471256e-10
3111502208_71e2a414f5.jpg,6.711453237e-11
1348113612_5bfc5f429e.jpg,1.233360624e-09
3306464579_1b16a0caf2.jpg,-2.189174625e-09
3648988742_888a16f600.jpg,2.37337578e-09
2234702530_a265a4df22.jpg,1.034993627e-09
947969010_f1ea572e89.jpg,-1.354533413e-10
305199420_89f6ddd778.jpg,3.116653857e-09
2887750774_920eb171aa.jpg,2.112245128e-09
3039209547_81cc93fbec.jpg,9.225693351e-09
405537503_f66ecc5073.jpg,3.987334789e-09
2473791980_805c819bd4.jpg,2.488117548e-09
480607352_65614ab348.jpg,3.361118061e-09
3314517351_69d70e62bd.jpg,1.389958425e-09
241345446_2e47ae8ddc.jpg,7.666147538e-09
3330935489_9cb67ca36b.jpg,-5.697325718e-09
482088914_e6ea4501e9.jpg,3.717019809e-09
1449692616_60507875fb.jpg,-6.991638881e-09
3386953179_84c2d7922f.jpg,2.634687702e-09
56489627_e1de43de34.jpg,7.681805649e-09
957230475_48f4285ffe.jpg,-7.058635603e-10
134894450_dadea45d65.jpg,-4.67545341e-09
278002947_3fd22a2cb6.jpg,-1.529535033e-10
3421104520_6a71185b3c.jpg,3.67162162e-09
241346260_f50d57b517.jpg,2.729995027e-10
3371533654_73a12a35a4.jpg,-7.493997084e-10
1022454428_b6b660a67b.jpg,-1.273501043e-09
3652764505_87139e71f8.jpg,-8.664657562e-11
2916586390_664f0139ea.jpg,5.449882541e-09
181777261_84c48b31cb.jpg,-6.670083107e-09
3349451628_4249a21c8f.jpg,-3.12580959e-09
3108378861_d2214d971e.jpg,5.206450931e-10
1348304997_afe60a61df.jpg,1.33732648e-09
3268407162_6274e0f74f.jpg,3.167962605e-09
503794526_603a7954d3.jpg,7.36551322e-10
2689163361_4939875be5.jpg,4.024067716e-09
956164675_9ee084364e.jpg,-9.329148129e-10
2063277300_f7ff476914.jpg,-1.316663941e-09
3028404926_2bd27e3e83.jpg,3.841992962e-10
393987665_91d28f0ed0.jpg,5.832139667e-09
2635905544_dbc65d0622.jpg,-7.422401553e-10
3170802797_3c851bb475.jpg,1.684726165e-09
496129405_b9feeda1ab.jpg,4.923381211e-09
464527562_a18f095225.jpg,4.888031665e-09
1342766791_1e72f92455.jpg,4.604123183e-10
264928854_d9e61f3a8e.jpg,5.477461817e-10
333973142_abcd151002.jpg,1.65678359e-09
3629492654_619d7b67ee.jpg,-2.659299935e-09
1921398767_771743bf4e.jpg,5.099998113e-09
242558556_12f4d1cabc.jpg,9.474282724e-09
2439813616_c9ac54cc9f.jpg,-1.399407575e-09
2144049642_070cf541b4.jpg,2.628741455e-09
3375920709_ef7370fa09.jpg,9.523205469e-10
2537119659_fa01dd5de5.jpg,2.210672622e-09
3635177305_bfbe1fc348.jpg,3.546613902e-09
3361210233_962d630ec5.jpg,-5.090639806e-10
3532192208_64b069d05d.jpg,5.096158802e-10
516725192_c9cdd63878.jpg,3.714261365e-09
2860372882_e0ef4131d4.jpg,2.244287798e-09
3632258003_6a0a69bf3a.jpg,4.875209746e-09
1311132744_5ffd03f831.jpg,-1.186411984e-08
2754898893_95239c1f19.jpg,3.303686875e-09
1452361926_6d8c535e32.jpg,-1.793311189e-09
3487419819_e3f89444ce.jpg,2.900024696e-10
2824922268_3fafb64683.jpg,9.589708242e-09
3474985382_26e1560338.jpg,5.780407072e-10
3381038951_225bb163af.jpg,-2.218072479e-09
2470588201_955132a946.jpg,3.964127226e-09
2975018306_0e8da316f5.jpg,-6.608842973e-09
2949762776_52ece64d28.jpg,-1.778910619e-09
2482629385_f370b290d1.jpg,-3.68201814e-09
2993167183_2bda95fa3d.jpg,-3.328162383e-09
2328106090_b7c2725501.jpg,-2.746731823e-09
1322323208_c7ecb742c6.jpg,4.421574617e-10
2578003921_e23b78e85f.jpg,5.705284229e-09
3321334180_8f764e0e0f.jpg,5.683538131e-10
3373544964_c9f1253b7d.jpg,1.133189807e-08
444881000_bba92e585c.jpg,4.500708977e-09
236518934_c62a133077.jpg,4.59235092e-09
3295418287_5d590dac43.jpg,4.728968601e-09
3138746531_f6b816c126.jpg,-7.089761591e-09
2971431335_e192613db4.jpg,-6.003551751e-10
3199460792_deef518c01.jpg,9.801326497e-09
1082379191_ec1e53f996.jpg,2.787080693e-09
2921670682_6a77a6c3e9.jpg,2.451530536e-10
2393971707_bce01ae754.jpg,1.812348552e-09
241345905_5826a72da1.jpg,-7.449311949e-09
3467843559_a457ce37b6.jpg,-4.593438259e-09
2561334141_0aacefa5e7.jpg,7.618961546e-09
3662963630_8f097e38d4.jpg,-6.422373613e-09
3498417123_3eae6bbde6.jpg,4.943435021e-09
2156131463_5b53636cf0.jpg,-2.631106919e-09
749840385_e004bf3b7c.jpg,1.039454698e-09
334737767_7f344eee16.jpg,6.144928745e-09
640203018_c0e7175831.jpg,6.166327844e-09
3323514651_3efdbd63ed.jpg,-2.969727122e-09
1007320043_627395c3d8.jpg,4.050052986e-09
2185793891_5a5e903ca6.jpg,-1.869794742e-10
2692635048_16c279ff9e.jpg,3.753426983e-09
2842439618_fb20fe2215.jpg,1.319866178e-08
2308271254_27fb466eb4.jpg,4.138898769e-09
2326879311_555ebef188.jpg,-1.447451239e-09
2561341745_2d77d3ff7d.jpg,-2.687220505e-09
2506892928_7e79bec613.jpg,1.216707777e-09
1164765687_7aca07bbe7.jpg,-7.570288491e-09
3345025842_bc2082a509.jpg,-1.626528903e-10
827941668_2e4ac6cb39.jpg,2.039396521e-09
344078103_4b23931ce5.jpg,6.476188955e-09
408748500_e8dc8c0c4f.jpg,2.337266436e-09
2085403342_a17b0654fe.jpg,5.495427821e-09
2501942587_e59b91d1da.jpg,-5.179205956e-09
3025438110_40af7e6a80.jpg,-8.698261426e-09
977856234_0d9caee7b2.jpg,2.327166924e-09
3118425885_f0cc035032.jpg,-3.027658468e-09
3694991841_141804da1f.jpg,-1.081648961e-08
3165826902_6bf9c4bdb2.jpg,5.436700736e-09
3532194771_07faf20d76.jpg,-3.012557143e-09
3156406419_38fbd52007.jpg,-3.722381904e-09
2797188545_aeb26c54c0.jpg,9.203715009e-09
3480052428_c034b98a08.jpg,-1.815941633e-10
3207343907_995f7ac1d2.jpg,-1.272795412e-09
3367053761_8ec5834bf3.jpg,-7.547536871e-09
297285273_688e44c014.jpg,2.78229935e-09
3326273086_e09e845185.jpg,-1.889619942e-09
2534652796_c8a23288ab.jpg,8.033183353e-10
3549140234_e99b07c739.jpg,-9.431710407e-10
708945669_08e7ffb9a7.jpg,-1.045134078e-09
2885382946_f541ea5722.jpg,1.958701949e-09
489773343_a8aecf7db3.jpg,-3.860500583e-10
27782020_4dab210360.jpg,2.366015372e-10
2537197415_af7c30dfc8.jpg,4.808940815e-11
2608289957_044849f73e.jpg,1.543183961e-09
3284460070_6805990149.jpg,-4.759223361e-09
1818403842_553a2a392c.jpg,5.136831396e-09
2437266971_b91a8f9a00.jpg,4.909300308e-10
3427118504_93126c83e0.jpg,3.237667535e-09
3195147187_a073d59fa8.jpg,-9.520434943e-09
1449625950_fc9a8d02d9.jpg,9.747625724e-10
2165677531_e1d5e086f7.jpg,-4.344527066e-09
781118358_19087c9ec0.jpg,-6.175933695e-09
454709143_9c513f095c.jpg,9.960903891e-10
987907964_5a06a63609.jpg,2.970737572e-09
386655611_1329495f97.jpg,1.657598185e-09
859620561_de417cac1e.jpg,-7.474166706e-09
944788251_a0bcd4b960.jpg,3.089565498e-09
3004359992_f6b3617706.jpg,7.666181255e-10
3295680663_af21ea648b.jpg,-6.19490316e-09
2541701582_0a651c380f.jpg,1.963688256e-09
219843859_94b6d0a580.jpg,-3.037708207e-09
242064301_a9d12f1754.jpg,1.780901443e-09
246901891_4c4ea49c3a.jpg,6.034862905e-09
446291803_2fd4641b99.jpg,1.79347397e-09
3178371973_60c6b8f110.jpg,8.205426594e-10
388386075_9ac3a89ada.jpg,3.614471636e-09
374124237_51f62b6937.jpg,-2.36039661e-10
2971298546_dd595cf297.jpg,9.195285452e-09
3187117682_986ffd6b67.jpg,1.757675786e-09
3134092148_151154139a.jpg,-2.246955014e-09
3542484764_77d8920ec9.jpg,4.891612678e-10
1107246521_d16a476380.jpg,6.497729611e-09
3490186050_4cb4193d4d.jpg,1.276631134e-09
2298661279_016d87ba2f.jpg,4.460402981e-09
3694093650_547259731e.jpg,-1.853439408e-09
2615623392_ab2b9759ae.jpg,6.490445283e-09
1428578577_82864facae.jpg,-4.607520995e-09
3093971101_543237971d.jpg,4.647909009e-09
3280173193_98c2d6a223.jpg,5.780805736e-09
2284894733_b710b9b106.jpg,2.671733954e-09
2947172114_b591f84163.jpg,1.781415711e-09
742073622_1206be8f7f.jpg,-4.652662599e-09
3122938209_2b2c6c1fab.jpg,5.20891374e-09
2698197294_ccd9327ef6.jpg,2.414820911e-09
2934000107_d2ff15c814.jpg,-1.776447948e-09
2819254573_9ecb5f4d5e.jpg,-7.855522826e-09
3095137758_bdd1e613dd.jpg,-2.881069104e-09
3462396164_ba9849c14b.jpg,3.292536922e-09
495014499_8fd065cfd9.jpg,2.399248306e-09
2422482455_b98d9c2120.jpg,2.107482876e-09
1240297429_c36ae0c58f.jpg,-7.797623459e-09
820169182_f5e78d7d19.jpg,-4.506790024e-09
2207244634_1db1a1890b.jpg,5.248781179e-09
3463034205_e541313038.jpg,-1.037104734e-09
1117972841_2b9261f95f.jpg,-1.374763382e-09
2908512223_7e27631ed4.jpg,-1.690672596e-09
2097407245_c798e0dcaf.jpg,4.68922587e-09
3383491811_fd9d3a891d.jpg,2.057452889e-09
3549408779_4d453db080.jpg,5.433758599e-10
3215117062_6e07a86352.jpg,3.243465502e-09
3173157541_70b16b4318.jpg,4.279559605e-09
3632047678_f202609e50.jpg,-4.558082921e-09
2964438493_413667c04a.jpg,-8.678547797e-11
2769731772_18c44c18e2.jpg,-2.579798264e-09
3351493005_6e5030f596.jpg,-1.185846621e-09
3727752439_907795603b.jpg,3.55995457e-11
247778426_fd59734130.jpg,7.870879991e-09
1357753846_6185e26040.jpg,-9.597684695e-10
3382105769_b1a4e4c60d.jpg,-8.121439638e-09
225909073_25c3c33a29.jpg,5.369733081e-09
3533145793_5d69f72e41.jpg,-2.391955941e-09
2978810122_183e60ff2d.jpg,9.016053766e-09
455856615_f6361d9253.jpg,1.038451589e-09
3286543624_7a327f79ae.jpg,-6.876007035e-09
2574084102_f2be3f73cb.jpg,2.696656959e-09
3336065481_2c21e622c8.jpg,7.426486493e-10
3254662117_b2e7dede6e.jpg,5.756449905e-09
1397923690_d3bf1f799e.jpg,1.087440128e-09
3690107455_0fdb4ecee7.jpg,-1.047243366e-09
3334866049_f5933344aa.jpg,-2.538115608e-09
2319197581_94f807b204.jpg,-1.015953127e-09
2787276494_82703f570a.jpg,2.098361594e-09
2707244524_d57120d74a.jpg,-5.947899166e-09
3217910740_d1d61c08ab.jpg,-3.099438696e-09
3537201804_ce07aff237.jpg,-9.088085423e-09
946051430_8db7e4ce09.jpg,6.690141555e-09
561179884_8b6b925ef9.jpg,1.087526184e-09
2613993276_3c365cca12.jpg,-4.792874211e-09
300765528_8c8f709dda.jpg,-1.221896327e-09
2244024374_54d7e88c2b.jpg,6.356510098e-09
2527713011_b0ec25aa54.jpg,-4.825610518e-09
3343197133_9256848fa9.jpg,3.990121172e-09
3668259129_e073af1533.jpg,-7.800823465e-09
3510219078_670b6b3157.jpg,-2.09547379e-09
3303787342_b258b377b6.jpg,-4.247873157e-09
3219210794_4324df188b.jpg,1.057888003e-10
3063544435_10516c6937.jpg,-3.544475007e-09
3100442775_6e2659b973.jpg,-2.220494523e-09
3118505332_b0792489b5.jpg,3.135326356e-09
3595412126_4020d4643b.jpg,8.829485269e-10
3457604528_302396c08c.jpg,-9.804771385e-09
3585488964_1467945775.jpg,1.654507535e-09
2277299634_e14bdb7ff7.jpg,-5.927616884e-10
3259231890_16fe167b31.jpg,-6.98385306e-09
2826769554_85c90864c9.jpg,-3.318573629e-09
822836318_21544f0f78.jpg,2.661587227e-10
3396817186_b299ee0531.jpg,-4.025177518e-09
3553225222_f5ebe44af1.jpg,2.55333499e-09
2424976964_98f58a0618.jpg,-1.313842321e-09
2165461920_1a4144eb2b.jpg,-7.250524648e-09
2693539377_5442430f81.jpg,-1.838310728e-09
3400135828_0ac128b6eb.jpg,1.766286379e-09
2825483885_3f7c54db3e.jpg,-1.550713117e-09
2880051254_e0ca96b6be.jpg,-3.634777615e-09
3046431231_dc48851062.jpg,-3.449927642e-09
263850317_5bb3a18a08.jpg,-5.613694904e-09
3687996569_99163a41c3.jpg,-1.876646288e-09
2578161080_e007c9177a.jpg,-5.198165683e-09
224702242_a62aaa6dff.jpg,-1.520130303e-09
2884252132_5d8e776893.jpg,-2.613079971e-09
3657016761_d553e514d9.jpg,-5.021389243e-10
2872963574_52ab5182cb.jpg,6.626084576e-09
2975253472_0f0c2dea70.jpg,1.156918868e-09
3597146852_3d000a5d5f.jpg,-1.891354339e-09
428485639_a82635d6ee.jpg,-1.068439498e-09
2210368267_0615754b48.jpg,1.48515452e-09
543264612_c53cc163b4.jpg,7.515882646e-10
3381392182_db2c42430e.jpg,4.566989822e-09
3673165148_67f217064f.jpg,-5.404918205e-09
2790909995_8b7a03d9d1.jpg,-5.038967607e-09
3599568766_9e96def0ef.jpg,1.186618445e-09
3478591390_b526580644.jpg,-9.749592304e-10
3222749441_3bdfe088e3.jpg,-2.05953602e-09
35506150_cbdb630f4f.jpg,1.016157374e-08
3287549827_04dec6fb6e.jpg,7.290681759e-10
3186556417_b2d6921a20.jpg,3.878352809e-09
3148193539_de9dd48fc8.jpg,-3.455483354e-09
3494723363_eaa6bc563b.jpg,6.98595066e-09
348380010_33bb0599ef.jpg,-2.80453873e-09
3559993787_c49644dcc5.jpg,-2.551273312e-10
3299418821_21531b5b3c.jpg,-5.466892855e-09
494907021_321e82877a.jpg,6.61767521e-10
3362189985_fbae8f860a.jpg,6.19964922e-10
1572286502_64e5c4b920.jpg,4.638866458e-09
2344412916_9a5a9b1c82.jpg,1.658220495e-09
3182558164_488b819f14.jpg,-2.700703677e-09
3558251719_3af5ae2d02.jpg,7.411315223e-10
3461110860_37ef15af8e.jpg,7.30291141e-09
425088533_a460dc4617.jpg,6.258449194e-10
2208310655_a3d83080c5.jpg,-4.427999379e-09
3019923691_3b3c5a4766.jpg,-6.223019194e-09
251792066_b5233b3d86.jpg,-3.438091548e-10
2443380641_7b38d18f5b.jpg,9.797483442e-10
210126070_0d43b300b9.jpg,-1.701584197e-09
2888386138_578d21033a.jpg,-2.422205393e-09
2100816230_ff866fb352.jpg,-6.112694216e-10
180506881_de0f59770f.jpg,2.358402323e-10
3244470342_c08f6bb17e.jpg,5.990593824e-09
1808370027_2088394eb4.jpg,-1.116461188e-08
2984174290_a915748d77.jpg,-1.578378641e-09
2565618804_8d7ed87389.jpg,3.500721862e-09
207275121_ee4dfa0bf2.jpg,4.840387175e-10
3294202771_e8ee78a439.jpg,-5.240342861e-09
3515451715_ac5ac04efa.jpg,-9.407239426e-10
369186134_5eef374112.jpg,-1.181171796e-10
3136688093_568b053bdf.jpg,1.145753191e-09
3259991972_fce3ab18b2.jpg,-1.42468728e-09
3273625566_2454f1556b.jpg,2.510916134e-09
2719101587_4ba70dee14.jpg,-3.438335841e-10
300222673_573fd4044b.jpg,-4.73393416e-11
3682038869_585075b5ff.jpg,-4.792874501e-10
525887861_4cc7a1beca.jpg,7.190058355e-10
3123770450_cedc16d162.jpg,-5.300551073e-10
2899594400_61b4f6c114.jpg,-1.470917243e-10
2192475933_d779bf42eb.jpg,-2.038133105e-09
319870744_0e0138d205.jpg,8.675901276e-10
930748509_8ca5cf5c24.jpg,-2.796296593e-09
3618115051_41b5a7706c.jpg,4.48689935e-09
267836606_bbea2267c8.jpg,1.484368217e-09
2954525375_9d5ca97341.jpg,4.592123324e-09
3241726740_6d256d61ec.jpg,2.68409176e-09
3360823754_90967276ec.jpg,-9.083647973e-09
3074617663_2f2634081d.jpg,4.962914434e-09
470887791_86d5a08a38.jpg,-4.52687967e-09
3261493263_381a4c5cc7.jpg,-1.771829528e-09
534200447_b0f3ff02be.jpg,2.679014499e-09
488352274_9a22064cb3.jpg,-7.162391184e-09
3677734351_63d60844cb.jpg,-2.357713166e-09
2528489543_546c1ca81f.jpg,-4.886765898e-09
3179336562_c3d0c0a3bd.jpg,5.088899439e-09
3152317129_177b4678b7.jpg,2.349818081e-09
2273799395_5072a5736d.jpg,-3.945843007e-09
3260768565_2b725be090.jpg,5.040125039e-09
2558911884_856dfc3951.jpg,9.457940419e-10
3166366760_e43cf66eda.jpg,-7.378939056e-09
519754987_51861fea85.jpg,2.621951439e-09
2340919359_f56787d307.jpg,-6.969058392e-10
3176277818_235486a3cd.jpg,-6.427428164e-09
2467856402_0490413d38.jpg,-6.627688552e-09
281754914_bc8119a0ed.jpg,4.843296529e-09
3303797949_339bb969ba.jpg,3.422772024e-09
3593220756_5c416c3ceb.jpg,-3.754829091e-09
3304030264_da3dd18c7b.jpg,7.768747242e-09
247619370_a01fb21dd3.jpg,1.441976757e-09
3401902253_cd27e6d0fe.jpg,5.418252023e-09
3050114829_18bc5a6d7c.jpg,-3.430476564e-08
1129704496_4a61441f2c.jpg,2.227750488e-09
2266144051_614b2d62b0.jpg,8.574662053e-09
3712574653_e009f76d19.jpg,-2.794587806e-09
502783522_3656f27014.jpg,2.192756248e-09
2218907190_5f43bf5e4d.jpg,-1.430243922e-09
3014169370_fc4059352e.jpg,8.137857156e-10
2679851489_a58780291e.jpg,-2.728370988e-09
2768021570_46bc6325e3.jpg,1.072433995e-09
3064097919_e536ab9693.jpg,-5.486776209e-09
1299459562_ed0e064aee.jpg,1.426372902e-09
2593406865_ab98490c1f.jpg,3.152604052e-09
2141065212_463a6997e1.jpg,4.808124171e-09
3453019315_cfd5c10dae.jpg,6.125528928e-09
3462512074_2b4db1ffd6.jpg,7.278065113e-09
3556792157_d09d42bef7.jpg,2.960870549e-09
2643309379_2cde08516c.jpg,-3.367600012e-09
2696866120_254a0345bc.jpg,-2.550547165e-09
2706430695_3b5667741c.jpg,4.004430326e-09
3474406285_01f3d24b71.jpg,1.721426809e-09
2695085448_a11833df95.jpg,-2.075619175e-09
2562463210_d0dfd545ca.jpg,1.168269424e-09
3574244361_715ac347cd.jpg,1.770641683e-09
485741580_ab523fa657.jpg,2.44963233e-09
2480327661_fb69829f57.jpg,-8.054481259e-09
2300168895_a9b83e16fc.jpg,-3.250138458e-09
3050264832_4215f2b398.jpg,-1.207222232e-09
458004873_f084c47a88.jpg,3.562592038e-10
191003285_edd8d0cf58.jpg,4.292456415e-09
2288099178_41091aa00c.jpg,7.886569244e-09
3274375509_4fe91a94c0.jpg,-5.189115292e-09
3319586526_3994e9cd58.jpg,5.434195171e-09
2393196444_8f4f540f5f.jpg,9.898549396e-10
2838085973_42b6e9b5b1.jpg,7.123192261e-09
2704362232_7d84503433.jpg,6.444613405e-10
2045562030_654ddea5e5.jpg,8.55446579e-11
1332492622_8c66992b62.jpg,1.013657756e-10
2367318629_b60cf4c4b3.jpg,2.420056661e-08
2729147877_c3ec3445bf.jpg,-5.130637462e-09
481732592_b50194cb89.jpg,2.003912756e-09
2772532341_c4597a94ed.jpg,-4.122359767e-09
3017656907_c3b137e070.jpg,-5.032761064e-09
3486538055_bcf4d3dfda.jpg,3.330591044e-09
2234910971_80e0325918.jpg,-1.856186139e-09
2991993027_36ac04e9a0.jpg,-1.160014291e-09
2832453252_a06f7826a8.jpg,-1.794117022e-10
2527163162_d0fb802992.jpg,6.555368015e-09
2992658871_ac786d37a6.jpg,-1.946755713e-09
1248357227_2b4175fc39.jpg,-4.773567284e-09
2055646179_169807fed4.jpg,-1.28010861e-09
3482859574_3908de3427.jpg,1.987195974e-09
2848571082_26454cb981.jpg,1.643323033e-09
3428386573_670f5362f0.jpg,-3.434804742e-09
2873431806_86a56cdae8.jpg,-2.661164762e-09
2249865945_f432c8e5da.jpg,1.364635914e-09
514905846_b54d13946a.jpg,-7.069119739e-09
469259974_bb03c15c42.jpg,-4.558917459e-10
2900048238_74bd69d87d.jpg,6.382384159e-09
543603259_ef26d9c72d.jpg,-3.298056304e-09
2239938351_43c73c887c.jpg,4.639404709e-09
535309053_ec737abde8.jpg,2.639871762e-09
2034553054_b00c166895.jpg,-1.258913643e-09
3406930103_4db7b4dde0.jpg,1.4227342e-09
2096771662_984441d20d.jpg,4.308573925e-10
2594459477_8ca0121a9a.jpg,-1.430499958e-09
3117336911_a729f42869.jpg,2.649761333e-10
3351418768_596ef7fd6f.jpg,3.089172246e-09
3619806638_7480883039.jpg,3.701783862e-09
2603690144_7a28b1d13c.jpg,-7.136750018e-10
3497502407_ec566442c9.jpg,-1.47654537e-09
2159447283_fab8c272b0.jpg,-5.366108496e-09
3235746553_a40416c00e.jpg,-1.464816976e-09
2188192752_09d9fc5431.jpg,-1.172330816e-09
3491013009_572cf2c18a.jpg,-6.52116065e-09
3411393875_a9ff73c67a.jpg,2.748102573e-09
3656906086_7034f69ab6.jpg,2.990726004e-09
2720215226_5a98ff2bd3.jpg,2.010410322e-09
2343879696_59a82f496f.jpg,-3.71272686e-09
3283626303_8e23d4a842.jpg,1.062999847e-09
3171188674_717eee0183.jpg,7.31014626e-10
3444974984_963fb441a0.jpg,3.047627769e-09
3354414391_a3908bd4ff.jpg,-2.470412129e-09
3609026563_9c66f2dc41.jpg,-4.255323501e-09
3397220683_4aca010f86.jpg,8.47960512e-09
2684323357_c7a6d05d05.jpg,4.252106991e-09
3139837262_fe5ee7ccd9.jpg,-9.946935882e-09
3522349685_f046f0e250.jpg,3.961806588e-09
3326204251_2f9e446a2f.jpg,2.309724735e-09
2846037553_1a1de50709.jpg,4.051569788e-09
3366571152_20afb88ac1.jpg,1.566898882e-09
3726076549_0efb38854b.jpg,-1.157048227e-09
2201222219_8d656b0633.jpg,-4.826029392e-09
224273695_0b517bd0eb.jpg,3.485179258e-09
1679617928_a73c1769be.jpg,9.45448261e-09
3259579174_30a8a27058.jpg,-2.585862166e-09
3273489163_8209545810.jpg,-1.454001284e-09
2456030728_d3d147e774.jpg,1.297299949e-10
3622216490_1314a58b66.jpg,6.70601872e-10
3002920707_5d2e6e6aac.jpg,5.173937538e-09
444057017_f1e0fcaef7.jpg,6.63423294e-09
3490528249_6aae9b867b.jpg,-1.7779314e-09
1472249944_d887c3aeda.jpg,-3.278457051e-09
2714220101_c31db50b10.jpg,-6.369818625e-09
3046190891_05c6ecd9b6.jpg,3.122554814e-09
2604825598_593a825b5b.jpg,-5.896912368e-09
3098707588_5096d20397.jpg,5.3649605e-09
307321761_606fc91673.jpg,-7.197928135e-09
757332692_6866ae545c.jpg,-1.97885382e-09
3609952704_3719ab0524.jpg,-1.599238504e-09
2362481035_a7600875d0.jpg,-1.770575695e-09
2968885599_0672a5f016.jpg,-4.129705283e-09
3174431688_ae84778db0.jpg,2.343646132e-09
1178705300_c224d9a4f1.jpg,-4.372748328e-09
2949014128_0d96196261.jpg,1.783522744e-09
3139238055_2817a0c7d8.jpg,-2.239730172e-09
3504881781_6a842e043b.jpg,-4.028456532e-09
478209058_21e2c37c73.jpg,-1.992481263e-09
2600442766_e750ec9a56.jpg,8.656074274e-10
3415003392_139c0f3586.jpg,4.510875863e-09
2285570521_05015cbf4b.jpg,-1.335117957e-09
652542470_60e858da64.jpg,9.356574747e-10
161905204_247c6ca6de.jpg,-8.745345647e-11
3080056515_3013830309.jpg,6.114520539e-09
345785626_9fa59f38ce.jpg,-3.216892897e-09
1765164972_92dac06fa9.jpg,-7.751353344e-09
3469711377_bc29d48737.jpg,5.08420036e-09
1659396176_ced00a549f.jpg,4.706736547e-09
2461372011_ebbf513766.jpg,1.389777709e-10
630476551_2ee7399f77.jpg,1.009784502e-08
200771289_31902164a7.jpg,-1.341439828e-09
2312984882_bec7849e09.jpg,3.424769639e-09
3653837067_94050699ec.jpg,-4.399679636e-09
1932161768_996eadac87.jpg,-1.094812357e-09
1096165011_cc5eb16aa6.jpg,1.827726437e-09
118309463_a532b75be9.jpg,-4.344043407e-09
3366105287_49a4bf71c6.jpg,-3.549580145e-09
2346523971_d3f1e12ce4.jpg,2.017810403e-09
539761097_5c6c70425b.jpg,-2.55334602e-09
2268109835_d6edbe1c2b.jpg,-1.360460536e-09
3053743109_a2d780c0d2.jpg,4.164535535e-09
3055716848_b253324afc.jpg,-7.66536497e-09
3587092143_c63030ed6d.jpg,-2.346564735e-09
3579842996_3a62ec1bc7.jpg,2.818208398e-09
327997381_55f90dc834.jpg,7.921844909e-10
214501174_6db1f4d69c.jpg,6.817063574e-09
3562050678_4196a7fff3.jpg,-9.637596294e-11
2281054343_95d6d3b882.jpg,-1.824019821e-10
3046949818_245b05f507.jpg,1.963773007e-09
923550133_ac9d7a2932.jpg,1.159552361e-10
2508918369_2659db1cb6.jpg,3.577685793e-09
3687996279_05b5a2a706.jpg,4.50157389e-09
391020801_aaaae1e42b.jpg,8.954482215e-10
1262077938_8b9516c273.jpg,2.53715751e-09
3439382048_d2e23b2b4c.jpg,-1.526031932e-09
470903027_489cc507de.jpg,1.241735249e-08
3569284680_44fef444ef.jpg,1.379740036e-09
440190907_bf8b7ba8ef.jpg,2.227253015e-10
482830610_13a0a6c924.jpg,2.702402038e-09
428408242_b32faf2240.jpg,-4.065037636e-09
3071676551_a65741e372.jpg,2.920851454e-09
458183774_afe65abf67.jpg,2.530351436e-09
3351704877_28dea303aa.jpg,-1.334474939e-09
3069037969_bb7319e0dc.jpg,-1.507777929e-09
2385871317_44cde2f354.jpg,-7.448687145e-11
3604383863_5e387cb8e6.jpg,-7.886090695e-09
234241682_51d9fabb27.jpg,2.057722226e-09
2502354602_f4d6dcf42d.jpg,5.265621999e-09
36422830_55c844bc2d.jpg,1.688761591e-10
3065560742_f6e266ccd9.jpg,-2.715232797e-10
2842865689_e37256d9ce.jpg,2.172637228e-09
872512911_ca383b40e4.jpg,-3.220099592e-09
2252403744_148fc11f68.jpg,1.29167909e-09
2073964624_52da3a0fc4.jpg,-4.1372653e-09
3151860914_46e30cd5ea.jpg,9.521965118e-10
3124838157_7ef96745b7.jpg,-4.92897118e-09
3371567529_606fa3452b.jpg,-6.996215529e-09
3119076670_64b5340530.jpg,-3.996099512e-09
3674565156_14d3b41450.jpg,5.037368977e-09
2205336881_d9ee4179d3.jpg,-3.865854616e-09
1355945307_f9e01a9a05.jpg,1.727501646e-09
269986132_91b71e8aaa.jpg,-1.397360601e-09
3490867290_13bcd3a7f0.jpg,4.212452902e-09
2556392380_ee57514233.jpg,3.237902039e-10
2335619125_2e2034f2c3.jpg,5.481004068e-09
12830823_87d2654e31.jpg,5.411369381e-11
226531363_33ac01d931.jpg,-1.45700233e-09
2320125735_27fe729948.jpg,-2.700503805e-09
2267819545_446c5a3e18.jpg,-6.810358099e-09
294098577_c10f32bcfa.jpg,6.779655195e-09
510531976_90bbee22a2.jpg,-5.104866937e-10
528498076_43f0ef36b5.jpg,-3.987508851e-09
2301525531_edde12d673.jpg,9.436581895e-10
1174629344_a2e1a2bdbf.jpg,6.340388968e-09
929679367_ff8c7df2ee.jpg,4.26702708e-09
300550441_f44ec3701a.jpg,3.030609601e-09
3295391572_cbfde03a10.jpg,3.321362284e-11
3042679440_010b2c596c.jpg,-2.488019538e-09
2496399593_a24954a5ca.jpg,-2.62249535e-09
2554531876_5d7f193992.jpg,9.335020689e-10
2626158969_ac09aeb88d.jpg,1.369352472e-09
1468103286_96a6e07029.jpg,-2.947075316e-09
3053415073_5b667230ed.jpg,1.513337201e-09
2994104606_bc2df6c1f4.jpg,-5.422176608e-10
2120571547_05cd56de85.jpg,1.292759811e-09
2139519215_8ca16dd192.jpg,-1.953169073e-09
2679565682_91ecd283ff.jpg,5.009411736e-09
2873445888_8764699246.jpg,-1.826319816e-09
2882483779_73c171ac19.jpg,3.916502663e-09
3539767254_c598b8e6c7.jpg,-3.59094531e-09
3089107423_81a24eaf18.jpg,4.453439187e-09
111537217_082a4ba060.jpg,3.840956134e-09
2699125097_c6801d80ed.jpg,-1.171093199e-09
3175446111_681a89f873.jpg,4.949223746e-09
3574627719_790325430e.jpg,-4.841377177e-09
3163198309_bbfe504f0a.jpg,5.909575387e-09
2419797375_553f867472.jpg,1.641013001e-08
510791586_3913ade6a7.jpg,-4.442365177e-09
360723732_23199af4bf.jpg,6.37618552e-09
3137061312_eb5fdcf3fd.jpg,-2.748177168e-09
2648165716_02e2e74fd6.jpg,3.235859544e-09
3549614763_42f34f3d1e.jpg,9.00027778e-09
3564385317_1bf5094068.jpg,1.582644511e-09
3598447435_f66cd10bd6.jpg,-1.412122118e-09
2216568822_84c295c3b0.jpg,-1.012976144e-09
3400082864_9c737c1450.jpg,-1.772265156e-10
2584412512_6767593f24.jpg,-2.548323828e-09
3224227640_31865b3651.jpg,5.844363544e-09
443430496_3fea95a07d.jpg,-6.836436809e-10
438639005_208bc59b0b.jpg,-9.087086158e-10
330325191_63e11d9c93.jpg,7.218166907e-09
106514190_bae200f463.jpg,-5.451916826e-09
3396275223_ee080df8b5.jpg,2.759063607e-10
3211316116_a2462e327d.jpg,-7.524906961e-09
2215165918_2bf5b659dd.jpg,7.244522724e-10
141755292_7a0b3364cf.jpg,4.698592441e-09
3218861747_5c5c547b66.jpg,3.80850309e-09
3041487045_b48ac7ed08.jpg,-1.440372918e-09
2991375936_bf4b0a7dc0.jpg,-8.162324594e-09
3241892328_4ebf8b21ce.jpg,2.684172326e-09
3183777589_460a4f445b.jpg,-7.562314603e-11
3047749814_621ed0786b.jpg,-1.642546905e-09
3002448718_a478c64fb4.jpg,-8.570736141e-10
3673878924_506c9d767b.jpg,-4.332810587e-09
3473534758_1ae3847781.jpg,7.937021565e-09
2514612680_b0d2d77099.jpg,7.437977811e-09
1691573772_1adef8e40e.jpg,-1.083967938e-08
3225310099_d8e419ba56.jpg,-1.362546764e-08
3275065565_9e2a640fbc.jpg,-3.193388812e-09
418667611_b9995000f4.jpg,2.930561114e-09
3459871361_92d1ecda36.jpg,3.695267902e-09
3069282021_e05e1829f3.jpg,3.319316246e-10
3678100844_e3a9802471.jpg,-2.764458358e-09
1470536919_1f3fd6c65a.jpg,2.597952e-09
3335375223_b4da8df523.jpg,-7.229993484e-09
3316725440_9ccd9b5417.jpg,2.919072417e-09
2226440063_c085b30558.jpg,-5.925673069e-10
1093716555_801aacef79.jpg,-4.108107865e-09
3464871350_3f2d624a9c.jpg,3.829138999e-10
634891010_9fa189effb.jpg,6.05223082e-09
2079554580_f18d5c181b.jpg,5.608928355e-11
2868776402_aef437e493.jpg,6.567924819e-09
1600208439_e94527b80f.jpg,3.568785461e-10
133189853_811de6ab2a.jpg,1.702959621e-09
2474918824_88660c7757.jpg,1.01046262e-09
2797438951_88a3ed7541.jpg,-4.146012854e-09
3613705104_46d854134e.jpg,-6.279538447e-10
2980118787_2099de53ec.jpg,-2.611116109e-10
3319020762_d429d56a69.jpg,-9.463243698e-11
3540416981_4e74f08cbb.jpg,4.561553093e-09
3429465163_fb8ac7ce7f.jpg,-5.30288334e-09
2565237642_bdd46d7cef.jpg,6.041313831e-09
3365783912_e12c3510d8.jpg,1.831315373e-09
1042590306_95dea0916c.jpg,-1.318933838e-09
2925577165_b83d31a7f6.jpg,3.326325033e-09
3230132205_dccfafa5ee.jpg,-3.837907269e-09
462198798_89e2df0358.jpg,-3.718854251e-10
2570559405_dc93007f76.jpg,-1.64207603e-09
2847514745_9a35493023.jpg,7.635507553e-09
3601843201_4809e66909.jpg,1.430278648e-08
1457762320_7fe121b285.jpg,6.896988828e-09
1095980313_3c94799968.jpg,5.034902123e-09
300500054_56653bf217.jpg,-4.774036699e-09
2240539658_dea8db6e55.jpg,1.811523167e-09
3266399073_40820596d5.jpg,1.009456111e-08
3374223949_90776ba934.jpg,6.761738211e-10
3197917064_e679a44b8e.jpg,-7.45995349e-10
3426966595_c8c4e1e872.jpg,-2.583499343e-09
3346289227_198fced308.jpg,4.048595555e-12
3094064787_aed1666fc9.jpg,-5.696836849e-10
211981411_e88b8043c2.jpg,6.312906346e-11
3279988814_d3693dcb6c.jpg,-3.935003455e-10
3084011664_76d37c6559.jpg,6.107663524e-09
2561751298_320eef38ec.jpg,-2.372206744e-09
3595992258_6f192e6ae7.jpg,7.537450596e-10
3044500219_778f9f2b71.jpg,-1.396885071e-09
1557451043_f5c91ff6f4.jpg,2.104605764e-09
465994762_1760e83c5d.jpg,-3.654724361e-09
1207159468_425b902bfb.jpg,1.245251716e-08
3376898612_41c91de476.jpg,-1.087040615e-08
2662890367_382eaf83bd.jpg,-9.024275545e-09
3409740108_1505489537.jpg,-1.626891384e-09
1355935187_2c99648138.jpg,-1.644622676e-09
140377584_12bdbdf2f8.jpg,-6.114627189e-09
3043904009_3b5e0412cd.jpg,-1.250320548e-09
1865794069_6e3a1e57bb.jpg,2.209110947e-09
2314732154_83bc7f7314.jpg,-7.083483718e-09
2934359101_cdf57442dc.jpg,2.029959897e-09
2744321686_8811d8428c.jpg,1.760177635e-09
2195620255_6693479734.jpg,-3.440864601e-09
3411022255_210eefc375.jpg,4.480032264e-09
2783620390_02c166c733.jpg,4.666453959e-09
3431860810_44277cd360.jpg,-6.259734139e-09
2726262796_03bd63a155.jpg,-2.736370415e-09
2120411340_104eb610b1.jpg,1.093907114e-09
523327429_af093fc7cf.jpg,-1.750888089e-09
872135364_8c1e47d163.jpg,-8.876766993e-10
1980882959_9a161f3469.jpg,-4.015667516e-09
444803340_fdcaab86f9.jpg,3.090348719e-09
3294717824_3bb7b5d1c8.jpg,-9.478393817e-09
1464120327_d90279ca3a.jpg,-1.390216327e-09
1167669558_87a8a467d6.jpg,-1.083000541e-09
3096918227_f9d26a7db2.jpg,-7.681278517e-09
2949497756_be8e58e6bd.jpg,-9.251749065e-09
3608849440_e7d2bed29f.jpg,1.579892574e-09
2199793371_343809ff70.jpg,1.611347013e-09
2951750234_a4741f708b.jpg,-1.254910723e-09
2884420269_225d27f242.jpg,7.239020902e-10
3447876218_4ccf42d7a0.jpg,-9.250425377e-09
3590557969_d0270d518b.jpg,-7.833456902e-10
3373870185_f79163fa51.jpg,8.626529666e-10
494221578_027f51cdf4.jpg,4.821724407e-09
2671602981_4edde92658.jpg,1.735539793e-09
3293751136_b0ce285dc3.jpg,-1.399661133e-09
3364715316_df8c20bac1.jpg,-2.456315244e-09
3405942945_f4af2934a6.jpg,-3.132801489e-09
1991806812_065f747689.jpg,-2.199610978e-09
2926233397_71e617f3a3.jpg,1.998745341e-09
3084731832_8e518e320d.jpg,5.34884951e-09
2502079538_10ef2e976b.jpg,-7.003683597e-09
3111402233_6285bcba7a.jpg,-8.408811106e-09
3132903412_b4780d0ccf.jpg,-7.087282689e-09
241345323_f53eb5eec4.jpg,-5.604826005e-09
3277824093_299cbb3138.jpg,-8.059114904e-10
3540155303_08225a4567.jpg,3.555579998e-09
823697339_aadbeef495.jpg,4.009887976e-09
58357057_dea882479e.jpg,4.11140084e-09
3335692531_dd4a995f91.jpg,8.484710378e-10
3253060519_55d98c208f.jpg,-3.411427286e-09
3339747039_1a8455c210.jpg,2.230349929e-09
3534952095_975cca0056.jpg,-2.707289601e-09
2987121689_f9de6c479b.jpg,-7.861553011e-10
2860040276_eac0aca4fc.jpg,-2.631430084e-09
3326454455_960e5442e9.jpg,-4.503719202e-09
3109268897_d43797fc6a.jpg,-9.996986605e-10
2752809449_632cd991b3.jpg,-3.887512307e-09
2398605966_1d0c9e6a20.jpg,4.134971596e-09
3491607076_922ec561d9.jpg,-3.46200743e-09
3398276602_c7d106c34f.jpg,-8.180876274e-10
656260720_a7db4ce48b.jpg,-4.178592505e-09
316577571_27a0e0253e.jpg,3.432303371e-10
2709536455_2a6046e38a.jpg,1.755538712e-09
3437107047_715c60e9c8.jpg,-4.397130659e-09
3146232740_df3da0163b.jpg,1.755491493e-09
3690189273_927d42ff43.jpg,-4.939199269e-09
143680966_0010ff8c60.jpg,4.995286742e-09
2085726719_a57a75dbe5.jpg,1.884650168e-09
3415165462_e1cb536d08.jpg,-1.495883573e-09
1277185009_06478dd457.jpg,2.416869107e-09
136644343_0e2b423829.jpg,-2.355215395e-10
1835511273_790eaae6e6.jpg,-2.468021594e-10
2688102742_885e578a3f.jpg,-5.700245e-09
765929807_de381cc764.jpg,-2.199099657e-09
3197891333_b1b0fd1702.jpg,2.391757715e-09
393284934_d38e1cd6fe.jpg,-2.36070366e-09
3442242092_e579538d82.jpg,-9.68739287e-10
3640743904_d14eea0a0b.jpg,1.044704717e-09
717673249_ac998cfbe6.jpg,9.007606293e-09
1466479163_439db855af.jpg,-3.526338081e-09
3626964430_cb5c7e5acc.jpg,-4.30679582e-10
3244586044_205d5ae2ba.jpg,5.826305517e-09
3662406028_29b9e46a6f.jpg,-1.203234425e-09
3421928157_69a325366f.jpg,2.498459271e-09
2662262499_3cdf49cedd.jpg,-3.376799741e-09
3264350290_f50494e835.jpg,-7.545790287e-10
3257182199_5fda78d870.jpg,-2.641600843e-09
613900608_2e49415772.jpg,7.487140672e-10
3191027142_33e86636ca.jpg,4.623540439e-09
3736786640_70df13be2c.jpg,-7.864122844e-09
3354075558_3b67eaa502.jpg,5.237169256e-09
3613800013_5a54968ab0.jpg,1.315608859e-09
3724487641_d2096f10e5.jpg,-9.700447447e-11
3326588088_172d1b2584.jpg,-4.021446402e-10
3169591322_d0b6d0cd04.jpg,-2.708362104e-09
2355578735_286af5b202.jpg,-2.547618025e-09
3635991166_f95304af0a.jpg,2.200081362e-09
247617754_4b1137de8c.jpg,-3.979169024e-09
2480668859_6f9b46be6a.jpg,-1.079818085e-09
378170167_9b5119d918.jpg,-4.168395323e-09
2780105274_52360c4cca.jpg,5.224056311e-09
3308997740_91765ecdcc.jpg,2.942480027e-09
3650188378_cc8aea89f0.jpg,1.150698508e-08
2976350388_3984e3193d.jpg,-1.715002676e-09
3086523890_fd9394af8b.jpg,1.795152737e-09
3040575300_0e4328d205.jpg,-3.630243073e-09
3217056901_fe2c70377d.jpg,3.659151987e-09
143552829_72b6ba49d4.jpg,-8.086269954e-10
3029472296_d429b1586c.jpg,-3.306034432e-10
1490670858_e122df2560.jpg,4.663191392e-10
3118534315_cc03e5ddab.jpg,4.240111067e-09
2657484970_610e18144f.jpg,2.098081623e-09
3620492762_7f6a9b4746.jpg,4.406406827e-09
2887744223_029f2fd5fe.jpg,-2.540798062e-09
3315726723_64c9b0a945.jpg,4.800909752e-09
2112921744_92bf706805.jpg,-2.295337964e-09
42637987_866635edf6.jpg,1.163327088e-09
927420680_6cba7c040a.jpg,-8.092880362e-09
3580741947_cc64a83648.jpg,6.16620282e-10
3549673305_4dfd44e04a.jpg,-4.631219261e-09
3633396324_c4b24b1f51.jpg,-1.054052355e-09
222369445_5b6af347dd.jpg,3.244684382e-09
1476002408_4256b7b2fa.jpg,5.596205049e-09
2469351714_d72becd21e.jpg,-4.056248008e-09
3248352729_ab264b2222.jpg,2.169248296e-09
2004674713_2883e63c67.jpg,6.326688545e-09
3603301825_5817727be2.jpg,-1.324900912e-09
2074146683_7c83167aa1.jpg,-2.510196199e-09
218342358_1755a9cce1.jpg,-2.084308148e-09
2973638173_0dc21fd443.jpg,-5.030833997e-09
124195430_d14028660f.jpg,-5.069424754e-09
3471066276_fb1e82e905.jpg,-3.729263491e-09
241346885_f519ece460.jpg,-7.944314595e-10
1439282131_3814d6ae04.jpg,-4.607471952e-09
3174417550_d2e6100278.jpg,2.553540879e-09
55135290_9bed5c4ca3.jpg,-4.756632604e-09
244867897_d00369a779.jpg,-2.127402535e-09
2284239186_c827f4defa.jpg,-2.420119046e-09
3661072592_2e693cd5a0.jpg,1.00093812e-09
421322723_3470543368.jpg,-1.112688531e-09
3695064885_a6922f06b2.jpg,-5.525773121e-09
2181846120_3744ca3942.jpg,-5.616202149e-10
2591455200_2319651f2f.jpg,-3.438217705e-09
3525841965_7814484515.jpg,7.679501621e-10
3621329299_6fb3f2935c.jpg,-4.997706252e-10
1480712062_32a61ad4b7.jpg,1.070171452e-09
2310108346_e82d209ccd.jpg,8.731239238e-10
1359101233_16c2c150e3.jpg,4.097201363e-10
3327563443_870a33f748.jpg,5.958822472e-10
180094434_b0f244832d.jpg,-5.987078611e-09
2448793019_5881c025f9.jpg,-1.34258323e-10
2862676319_a9dab1309f.jpg,5.473217626e-10
3159995270_17334ccb5b.jpg,-3.385730912e-09
3625957413_e475943aa3.jpg,-9.254393646e-09
3626475209_f71cdd06bd.jpg,1.72786131e-09
3262647146_a53770a21d.jpg,4.594231339e-11
3649387275_75295baa28.jpg,-1.040767762e-10
3305895920_100a67d148.jpg,-3.302221028e-09
2855695119_4342aae0a3.jpg,-2.962589683e-09
3566111626_9a35a7b2c0.jpg,7.688452209e-10
464116251_1ac4bc91f8.jpg,6.286451795e-10
3702436188_2c26192fd0.jpg,-8.107855408e-09
2689358407_9932f1b20c.jpg,-3.249549654e-10
1454678644_7e5a371301.jpg,4.379917616e-10
310715139_7f05468042.jpg,-7.277941664e-09
2921198890_6f70dfbf4c.jpg,-2.876264032e-09
578274277_652cae32ba.jpg,9.320552555e-10
484896012_7787d04f41.jpg,6.072056627e-09
3262849619_0bc4f88ef9.jpg,3.620542439e-09
2848266893_9693c66275.jpg,2.836542008e-09
207237775_fa0a15c6fe.jpg,-1.351460941e-09
3016606751_0e8be20abd.jpg,3.018011143e-09
3588417747_b152a51c52.jpg,1.211439472e-09
3528902357_be2357a906.jpg,-2.076669591e-09
539705321_99406e5820.jpg,3.677186361e-11
3066338314_2c3fb731d1.jpg,4.24856998e-09
2348924378_47e556d81a.jpg,8.541204852e-10
179009558_69be522c63.jpg,6.804623885e-09
2695085862_2ed62df354.jpg,4.225030969e-09
3516267455_ca17cc1323.jpg,-1.567311199e-09
1215334959_b1970965f7.jpg,-5.165369425e-09
3092200805_dd1f83ddbe.jpg,1.497503579e-08
541063517_35044c554a.jpg,1.714823381e-09
3604314527_5077cd9d43.jpg,6.656266576e-10
96978713_775d66a18d.jpg,2.749542594e-09
3255732353_fbc487aefc.jpg,9.881191988e-09
201682811_105241dee3.jpg,4.658734017e-10
2245618207_fa486ba2b7.jpg,-4.33273847e-09
860928274_744d14f198.jpg,2.449643399e-09
3085357792_efcf297c71.jpg,2.694424058e-09
3297272270_285b8878b2.jpg,1.147534624e-09
3050650135_23f9d9d2f8.jpg,-2.253319662e-09
2429272699_8a9699775e.jpg,-2.386364204e-09
2765029348_667111fc30.jpg,-2.207596274e-09
3358380484_b99b48f0c9.jpg,6.748652572e-09
3106883334_419f3fb16f.jpg,-2.094537739e-09
160541986_d5be2ab4c1.jpg,4.72119881e-09
572618443_647483ca82.jpg,-5.381885433e-10
3563668905_689ed479c5.jpg,-1.132225926e-09
386656845_4e77c3e3da.jpg,-4.406117787e-09
3433259846_800a6079f0.jpg,5.009479948e-10
3506607642_40037b3fbf.jpg,-2.385185598e-09
3509575615_653cbf01fc.jpg,-2.328979631e-09
615916000_5044047d71.jpg,-1.364537219e-10
382701159_f98c1988cd.jpg,-6.885385033e-09
957682378_46c3b07bcd.jpg,2.918830135e-09
3047264032_14393ecea8.jpg,-4.3478093e-09
3474958471_9106beb07f.jpg,-5.856165619e-09
3241487502_f4f0cc4a8a.jpg,9.862182304e-09
3535084928_858544f49a.jpg,3.7422748e-09
3541141771_67d305c873.jpg,-8.881073674e-09
3465791729_5bf9bd8635.jpg,-3.643566733e-09
2040941056_7f5fd50794.jpg,-4.037684921e-09
3229282764_a4a515f4e2.jpg,-5.538050709e-09
347186933_880caaf53b.jpg,4.871081385e-09
3552796830_2dd2aa9c2c.jpg,-4.823339439e-10
398662202_97e5819b79.jpg,4.984394274e-09
396360611_941e5849a3.jpg,2.795246328e-09
3652572138_34d6b72999.jpg,1.921729054e-09
3150440350_b0f2a9e774.jpg,-4.943229171e-09
3646927481_5e0af1efab.jpg,-1.650840755e-09
2813992915_f732cf8539.jpg,3.224265542e-09
241031670_e60f59b8e4.jpg,2.354143093e-09
179829865_095b040377.jpg,-4.216892208e-10
393810324_1c33760a95.jpg,-2.154892836e-09
3547600292_6f8aac7f2e.jpg,-2.8437251e-09
2512876666_9da03f9589.jpg,3.162908903e-09
3121482932_f77ca12c01.jpg,-9.399858156e-10
390671130_09fdccd52f.jpg,-1.747180075e-09
3524436870_7670df68e8.jpg,2.992194643e-09
2893515010_4a3d9dcc67.jpg,-5.110679728e-10
2289212650_69de7a20b2.jpg,-1.382109406e-09
2394267183_735d2dc868.jpg,5.288949119e-09
3578068665_87bdacef6a.jpg,3.812946267e-09
2460823604_7f6f786b1c.jpg,-1.621345963e-09
2844846111_8c1cbfc75d.jpg,-5.328687082e-09
217583047_5e93e1e119.jpg,-2.82617715e-10
2195419145_36722e8d54.jpg,-9.46429615e-10
2074764331_90a9962b52.jpg,-3.642639931e-09
3019917636_4e0bb0acc4.jpg,-1.571215487e-09
2561212119_1af8cb9b5d.jpg,-8.474907259e-09
3333039854_461329aac2.jpg,1.425806462e-09
2895700779_fac1d9d278.jpg,1.447487836e-09
3218889785_86cb64014f.jpg,-3.923136501e-09
2521062020_f8b983e4b2.jpg,-8.275859108e-10
2043520315_4a2c782c90.jpg,-4.711104691e-09
3220126881_b0a4f7cccb.jpg,-3.221676301e-09
2942798367_022df04b49.jpg,-6.139757712e-09
3718305988_fe2c91fd44.jpg,-1.561690952e-11
365274901_576b0f8241.jpg,-4.290526482e-10
3204686006_88f04547b9.jpg,1.00057002e-08
917574521_74fab68514.jpg,-9.975754505e-09
2557922709_24d2a9655a.jpg,3.930042965e-09
3507670136_2e5f94accf.jpg,-5.187014475e-09
1718184338_5968d88edb.jpg,-2.594637322e-09
2510020918_b2ca0fb2aa.jpg,-7.188800539e-09
3195188609_01afbe46e6.jpg,1.088219244e-09
498957941_f0eda42787.jpg,1.169097257e-10
3433982387_3fa993cf5a.jpg,1.727363374e-09
496971341_22782195f0.jpg,-1.483426851e-09
3188319076_71724fcc07.jpg,2.190863826e-09
3500139659_b2a60b0141.jpg,3.267035456e-09
3683592946_262e9bfbfd.jpg,-6.613253119e-11
405253184_5f611f3880.jpg,-1.215699881e-09
3303648823_53cf750acd.jpg,-1.060168389e-08
241347635_e691395c2f.jpg,-6.481078406e-09
3143991972_7193381aeb.jpg,-3.306885012e-10
3344798356_5cc41f7939.jpg,-4.428095983e-10
3609999845_faf5d2fe74.jpg,4.843623531e-09
2684489465_32ba1d0344.jpg,-3.941915223e-09
3017373346_3a34c3fe9d.jpg,4.639317848e-09
3354200211_35348e47d8.jpg,1.325243891e-09
469029994_349e138606.jpg,-6.944112752e-09
842961005_692737888e.jpg,5.415237917e-09
3712742641_641282803e.jpg,-6.790407155e-10
2097403787_77a154f5b9.jpg,-1.791561636e-09
3203878596_cbb307ce3b.jpg,7.114092422e-09
2744600462_5804577296.jpg,4.78568735e-09
3670918456_68631d362a.jpg,-1.364793253e-08
3565655045_8eb00b7423.jpg,-2.829087522e-09
3324746155_71e14f60ce.jpg,1.079285106e-09
3570800810_978c993133.jpg,6.401460266e-09
775664534_3f6de7d413.jpg,-2.318328181e-09
2367139509_1ee4530b28.jpg,-1.785087011e-09
2702506716_17a7fb3ba4.jpg,-2.045428433e-09
3319058642_885d756295.jpg,-5.75730896e-09
3723690961_729dd5d617.jpg,2.373128333e-09
434433505_966e50e17d.jpg,4.340466614e-10
539751252_2bd88c456b.jpg,3.912093838e-09
3538686658_30afc75f02.jpg,-5.173067162e-09
2226587791_66e29dd01d.jpg,4.440680966e-09
1659358133_95cd1027bd.jpg,-9.17780751e-10
2662845514_8620aaee96.jpg,-8.188498533e-10
3567604049_da9e1be4ba.jpg,7.131905484e-09
2461631708_decc5b8c87.jpg,6.273639849e-09
2102315758_a9148a842f.jpg,-7.421816739e-09
241345656_861aacefde.jpg,2.250601745e-09
3016200560_5bf8a70797.jpg,4.240121278e-09
1394368714_3bc7c19969.jpg,1.306960486e-09
2470493181_2efbbf17bd.jpg,-9.080811499e-10
2071309418_1d7580b0f0.jpg,-3.715186848e-09
3687062281_e62f70baf3.jpg,-7.179020155e-10
3178599352_c57fdebcd2.jpg,2.250687907e-10
1225443522_1633e7121f.jpg,-4.279104116e-09
244443352_d7636e1253.jpg,2.314727604e-09
2991994607_06f24ec7a6.jpg,-9.708125529e-09
2353088412_5e5804c6f5.jpg,-3.333741007e-09
2866093652_aa717eb9ce.jpg,6.342354651e-10
1562478333_43d13e5427.jpg,2.385147398e-09
2073105823_6dacade004.jpg,-1.085931108e-08
3603870481_1ebc696d91.jpg,-5.116670648e-10
2588456052_8842b47005.jpg,2.355822461e-09
587604325_af5d6df679.jpg,-2.54714562e-09
2689001252_e0016c89f0.jpg,-2.288548411e-09
3358558292_6ab14193ed.jpg,7.54444215e-09
3393926562_66cc01b001.jpg,1.306968399e-09
2125216241_5b265a2fbc.jpg,-1.917525166e-09
3451984463_37ac1ff7a8.jpg,2.218183422e-09
510510783_b2cf5d57bb.jpg,6.441622438e-09
2472720629_d9a6736356.jpg,-2.044981442e-09
1361420539_e9599c60ae.jpg,1.804939639e-09
3184112120_6ddcd98016.jpg,-2.631868919e-09
2680990587_eee6bd04fb.jpg,-4.186013368e-10
143688283_a96ded20f1.jpg,-5.395181523e-09
2187222896_c206d63396.jpg,-3.541916314e-09
3639105305_bd9cb2d1db.jpg,2.044545847e-09
532999240_1409d073be.jpg,-3.570494892e-09
3710353645_8fbfaa4175.jpg,4.680179673e-09
391106734_d374bc3080.jpg,-7.33434482e-09
3308171165_20f93d2fba.jpg,-1.544229393e-09
909808296_23c427022d.jpg,-4.821209085e-09
114051287_dd85625a04.jpg,-5.478579752e-09
3136043366_b3f8607a0e.jpg,-8.968651901e-10
1799188614_b5189728ba.jpg,-2.246704375e-09
899810584_61e1578d3f.jpg,4.657705035e-09
3654103642_075f8af4f4.jpg,-2.295250484e-09
3187395715_f2940c2b72.jpg,2.741069174e-09
1280320287_b2a4b9b7bd.jpg,-1.839216402e-09
3458211052_bb73084398.jpg,-1.275414905e-09
1928319708_ccf1f4ee72.jpg,-1.980647557e-09
3203742047_6a55065411.jpg,1.594678065e-09
1663751778_90501966f0.jpg,-4.124126395e-09
2394922193_310166d6af.jpg,1.885979494e-09
2687229880_97cfd8148e.jpg,-7.194747244e-09
2837640996_0183db8d93.jpg,5.074883347e-09
2578834476_118585730d.jpg,1.873710803e-09
2876993733_cb26107d18.jpg,3.564948976e-09
3435035138_af32890a4c.jpg,1.070737944e-09
2085255128_61224cc47f.jpg,1.710007797e-09
1511807116_41c3645e8c.jpg,-1.283300831e-09
2856700531_312528eea4.jpg,3.95365233e-10
2938120171_970564e3d8.jpg,-3.248597896e-09
2355880294_8f78a6fea6.jpg,3.946143181e-09
535830521_aa971319fc.jpg,5.151803796e-09
2699342860_5288e203ea.jpg,1.027847926e-10
3521374954_37371b49a4.jpg,3.35287528e-09
2969380952_9f1eb7f93b.jpg,-2.204715067e-09
113678030_87a6a6e42e.jpg,8.080825268e-10
3154886184_ac842655b6.jpg,8.067991883e-10
2495931537_9b8d4474b6.jpg,-6.776894249e-11
3223809913_ae15d14d9a.jpg,-5.346148105e-10
1752454466_723790dbd6.jpg,3.706720954e-09
3587009091_37188fd07e.jpg,4.143206588e-10
733965014_1a0b2b5ee9.jpg,-3.653416349e-10
3307563498_e2b4f19272.jpg,-2.237445597e-09
2759596272_e0ce0a965a.jpg,-5.638426745e-09
3578477508_b7d839da16.jpg,2.345006204e-09
3724113279_99b6e5bf41.jpg,1.913526762e-09
3516935867_78cf63c69c.jpg,-5.809457745e-09
2745663684_650f84e1e6.jpg,-1.648449072e-09
2286236765_2a63eeb550.jpg,-1.009858972e-08
554526471_a31f8b74ef.jpg,-1.413845872e-09
3420278866_1d17c12713.jpg,5.492596441e-09
771048251_602e5e8f45.jpg,-4.251328725e-09
2735158990_56ff6bf9b0.jpg,1.717046689e-09
3443703471_14845d8850.jpg,-4.263344374e-09
3538527033_df13112d51.jpg,-1.049561581e-09
416960865_048fd3f294.jpg,7.883291002e-10
2683985894_167d267dcb.jpg,-1.167717633e-10
3643074723_94d42b7a0c.jpg,-2.783614942e-09
3242263536_a436f19257.jpg,-6.011365428e-09
3181599388_68559cfc17.jpg,-4.127340443e-10
1475046848_831245fc64.jpg,-1.090494277e-09
3482314155_bd1e668b4e.jpg,2.92361523e-09
3265864834_e0229020dd.jpg,-1.530639426e-09
3263141261_db3a4798b5.jpg,2.413510418e-09
127488876_f2d2a89588.jpg,-1.20139232e-09
2873252292_ebf23f5f10.jpg,4.804362498e-09
440184957_267f3f3a2b.jpg,4.478404915e-09
2632366677_43dee456a5.jpg,1.339937958e-09
2423550887_ffc9bbcf71.jpg,-1.648693326e-09
106490881_5a2dd9b7bd.jpg,4.102459744e-09
2824401212_8da8ab99d6.jpg,2.537932616e-09
3107513635_fe8a21f148.jpg,-1.150033165e-09
2420696992_22e0dd467d.jpg,3.920711448e-09
2624044128_641b38c0cf.jpg,-3.378020154e-10
3106857210_07a92577fc.jpg,-4.341029323e-09
142802798_962a4ec5ce.jpg,3.816089776e-09
3133825703_359a0c414d.jpg,3.973495857e-09
260231029_966e2f1727.jpg,-6.066621728e-09
3719461451_07de35af3a.jpg,-4.397570821e-09
2752923489_d3bceebacb.jpg,-9.457822712e-11
495340319_705f2e63d6.jpg,-1.405016415e-09
3271385712_ffd34f2de5.jpg,1.786484471e-09
3656151153_b4ed5d94c4.jpg,-1.066754141e-09
2875528143_94d9480fdd.jpg,3.062924074e-09
878758390_dd2cdc42f6.jpg,-9.581264482e-10
557721978_dfde31bc02.jpg,2.295328848e-09
241346105_c1c860db0d.jpg,6.465545463e-09
146100443_906d87faa2.jpg,3.822278346e-09
511749704_3037806cb1.jpg,-1.092197491e-09
3341077091_7ca0833373.jpg,-3.428572602e-09
2932740428_b15384f389.jpg,-1.068048357e-08
382151094_c7376cf22b.jpg,-3.066808693e-09
2460159430_71ab1aacfa.jpg,-1.57429581e-09
3193511842_82549c21fb.jpg,6.313491802e-11
397286183_745abbf40d.jpg,-1.787442045e-09
241031254_0c6f30e3d1.jpg,-1.488402571e-09
3042488474_0d2ec81eb8.jpg,-2.374527156e-09
3348385580_10b53391f9.jpg,-5.869138985e-10
3455920874_6fbec43194.jpg,-4.653150726e-09
307301755_48919ef1b2.jpg,-5.396003541e-09
3343116398_59a5341f7f.jpg,-6.691468066e-11
2600883097_aca38cc146.jpg,3.247618005e-09
422763475_0bc814dac6.jpg,-4.531090309e-09
543326592_70bd4d8602.jpg,3.250866247e-09
2525232298_cf42d415ab.jpg,-3.850688183e-09
3665179773_dd217416fc.jpg,-7.213262753e-09
3765374230_cb1bbee0cb.jpg,-8.226405149e-10
799486353_f665d7b0f0.jpg,-1.683043052e-09
664341930_bd5c8b60ea.jpg,4.555092301e-09
2971211296_2587c3924d.jpg,-4.087824049e-09
3691729694_2b97f14c1e.jpg,-1.424637177e-09
3294830188_e46bd9b93c.jpg,3.519348252e-10
3521201948_9049197f20.jpg,-2.458514481e-09
2455528149_6c3477fd33.jpg,-5.162126577e-09
3105623068_392b767a7b.jpg,-4.477746992e-09
3439331800_e71e1d808f.jpg,2.84280028e-09
3313620862_0c65c645f5.jpg,-7.648339983e-10
429174232_ddd4ff5e0b.jpg,-1.016971698e-10
3089842255_359ccf5c40.jpg,6.618850199e-10
571130875_30051ac02d.jpg,4.733126623e-09
2528521798_fb689eba8d.jpg,-1.014088613e-09
512634877_d7ad8c8329.jpg,-2.759847017e-10
1119418776_58e4b93eac.jpg,2.151993558e-09
2414384480_096867d695.jpg,5.849206459e-09
3569979711_6507841268.jpg,1.02227556e-08
54501196_a9ac9d66f2.jpg,-2.060525526e-09
3263395801_5e4cee2b9e.jpg,-1.047238371e-09
241345811_46b5f157d4.jpg,-7.488117847e-09
3626642428_3396568c3c.jpg,3.915862907e-10
3114944484_28b5bb9842.jpg,-6.592739564e-09
2649705487_4605e879e9.jpg,3.161120613e-10
3110174991_a4b05f8a46.jpg,-5.456191188e-09
2089122314_40d5739aef.jpg,2.408384956e-09
3441701164_6dbbdf1bce.jpg,1.388469378e-09
3694071771_ce760db4c7.jpg,-6.227251888e-09
1304100320_c8990a1539.jpg,4.33885082e-09
2049051050_20359a434a.jpg,-2.047918715e-09
2068403258_2669cf9763.jpg,5.393743414e-09
2920305300_a5b1b2329a.jpg,4.737185629e-09
2845691057_d4ab89d889.jpg,-5.140665834e-09
3293751640_d81a6f3a0c.jpg,-2.095366944e-09
3260214530_7179346407.jpg,3.531383634e-09
3125628091_25a31709df.jpg,9.769415927e-09
2846843520_b0e6211478.jpg,-3.588154901e-09
3655326478_4472c5c630.jpg,-1.124999761e-09
3396251819_1efa69310f.jpg,-7.813080732e-09
3279524184_d5e2ffbaed.jpg,-3.961782024e-09
146098876_0d99d7fb98.jpg,-1.144254466e-09
3572346664_e1e6c77f11.jpg,2.349026448e-09
3580082200_ea10bf2f68.jpg,-5.22007427e-09
861661418_8a37024ace.jpg,1.384081221e-10
2602258549_7401a3cdae.jpg,-1.783011124e-09
2839532455_36a7dc4758.jpg,4.862359676e-10
2304444199_05386d2e9c.jpg,-3.320762885e-09
2856080862_95d793fa9d.jpg,-1.671501155e-09
548751378_c657401312.jpg,-3.81168882e-09
1015584366_dfcec3c85a.jpg,1.500381043e-09
3416460533_d5819fbf69.jpg,8.078412495e-09
3168796547_0c14b368f9.jpg,-2.603557923e-10
160805827_5e6646b753.jpg,-2.477337497e-09
3672940355_47f30e2b28.jpg,6.892627687e-10
2788628994_61123c03d2.jpg,-5.806761588e-09
436015762_8d0bae90c3.jpg,-6.439831528e-09
1713248047_d03721456d.jpg,7.86044884e-10
104136873_5b5d41be75.jpg,3.023752165e-09
3027397797_4f1d305ced.jpg,-5.433764918e-09
3242088278_43eea5d17e.jpg,-7.610177948e-09
289616152_012a9f16c6.jpg,-4.834187284e-09
3268175963_113d90d178.jpg,-6.440546836e-09
3726168984_1fa2c8965b.jpg,4.850273917e-09
2090339522_d30d2436f9.jpg,-1.507261913e-09
3693961165_9d6c333d5b.jpg,3.187221479e-09
2956895529_ec6275060e.jpg,-4.081699621e-10
2934121315_4969eeda1b.jpg,-5.588869486e-09
2450453051_f1d4a78ab4.jpg,-2.924147876e-09
3047751696_78c2efe5e6.jpg,-1.450836199e-09
3376439178_159e4126de.jpg,2.7981035e-09
2589308405_e208b5e745.jpg,-2.473639903e-09
1579206585_5ca6a24db0.jpg,6.506374352e-09
2218743570_9d6614c51c.jpg,3.836551245e-09
1488937076_5baa73fc2a.jpg,4.989947527e-09
3636055584_65a60426f8.jpg,3.00689443e-09
2493974889_50ae29f1e1.jpg,4.705836623e-09
3615730936_23457575e9.jpg,-8.504951393e-10
445148321_9f2f3ac711.jpg,-3.197662198e-09
823675317_b5fbdb17b3.jpg,2.256152154e-09
2880874989_a33b632924.jpg,3.937809799e-09
3238951136_2a99f1a1a8.jpg,-4.352358815e-11
3030823649_3b7b6c728d.jpg,6.800540599e-10
1115679311_245eff2f4b.jpg,-1.77300614e-09
351876121_c7c0221928.jpg,-8.991079049e-10
3373243733_9aba7740ed.jpg,5.223371853e-09
3638783842_af08dbb518.jpg,6.534572519e-09
2906802485_dfebf09173.jpg,2.598364526e-09
3724623861_2bb6c23641.jpg,-3.362263486e-09
3264337159_e1680a35ba.jpg,-9.246401102e-10
3747543364_bf5b548527.jpg,-7.125438221e-09
1472882567_33dc14c8b6.jpg,-1.629112522e-09
3375134059_7e9eb2ef01.jpg,2.05891277e-09
3247168324_c45eaf734d.jpg,2.570847152e-09
1461329041_c623b06e5b.jpg,1.664511424e-09
1115565519_d976d4b1f1.jpg,-5.638683654e-09
1176580356_9810d877bf.jpg,1.107491516e-09
3331102049_bc65cf6198.jpg,1.60913205e-09
3321516504_5ee97771cb.jpg,5.576722675e-09
2813588204_69fe7deb14.jpg,5.154922219e-09
3458559770_12cf9f134e.jpg,-1.189177836e-08
2648310638_d6c576b5e4.jpg,1.267045428e-08
2837799692_2f1c50722a.jpg,4.951738371e-09
2507312812_768b53b023.jpg,1.89740969e-09
3168354472_866fe70d36.jpg,5.296032343e-10
2460799229_ce45a1d940.jpg,1.248865148e-09
2339140905_9f625f140a.jpg,1.191944974e-11
2438085746_588dce8724.jpg,2.923073163e-10
3631023049_8a85bab19f.jpg,-2.328386151e-11
1312020846_5abb4a9be2.jpg,3.035810357e-09
3676460610_8c52e8a355.jpg,-6.1154231e-09
3103231330_db98b14501.jpg,2.79557537e-09
2904997007_23d4b94101.jpg,-1.137383004e-08
1479028910_3dab3448c8.jpg,1.496028764e-09
2465691083_894fc48af6.jpg,-3.726862069e-09
2780087302_6a77658cbf.jpg,-4.80899366e-10
2823200990_7b02b7cc36.jpg,-2.957928449e-09
3285214689_f0219e9671.jpg,-3.222557209e-09
2986280913_13fb2d472e.jpg,1.716285837e-09
518251319_40e031e818.jpg,-5.614452384e-09
3546474710_903c3c9fd3.jpg,2.458128502e-09
2520909293_9bb7f7364e.jpg,-3.270394852e-10
2877503811_4e311253ec.jpg,4.68093221e-09
3572942419_16ebdc3d46.jpg,1.567013709e-09
2659554389_ed3d15093f.jpg,7.446386319e-09
3471463779_64084b686c.jpg,-1.229542584e-09
482353373_03a9d5e8bc.jpg,-4.601467546e-10
2749124446_d4432787b5.jpg,5.82760137e-09
374567836_3ae12ecffb.jpg,-2.227309268e-09
2551632823_0cb7dd779b.jpg,3.248157301e-09
495055747_a75872762a.jpg,6.793044478e-09
2403376030_903521c371.jpg,2.963612658e-09
3675742996_02ccef16a3.jpg,-1.356309143e-09
115684808_cb01227802.jpg,4.238299326e-09
309687244_4bdf3b591f.jpg,-4.555134581e-09
3557324238_6ba58831d9.jpg,-3.502997816e-09
1259936608_e3f0064f23.jpg,7.480937648e-09
492802403_ba5246cfea.jpg,-8.352301416e-09
3482474257_a88bfe5c57.jpg,-2.767392933e-09
254475194_3d8f4dfd53.jpg,1.49839649e-09
444481722_690d0cadcf.jpg,-8.1521531e-09
482047956_9a29e9cee6.jpg,-3.455823118e-09
2844963839_ff09cdb81f.jpg,5.647682377e-10
2196107384_361d73a170.jpg,-2.798703266e-09
2219805677_7b7cc188c7.jpg,2.137058175e-09
3210359094_ee51285301.jpg,-1.119034583e-08
3537400880_8f410d747d.jpg,6.592784958e-09
3344531479_03c69750e9.jpg,7.313828801e-09
3171035252_dba286ae5c.jpg,5.232880788e-09
2339106348_2df90aa6a9.jpg,-1.850816447e-09
369047365_35476becc9.jpg,-6.190932466e-09
3130970054_04a3865c43.jpg,-1.373631302e-09
2410399168_1462c422d4.jpg,1.131564022e-09
2391812384_7429b5e567.jpg,9.355468735e-10
478750151_e0adb5030a.jpg,2.20127112e-09
2756591658_3ca6db1595.jpg,-5.765492903e-10
2561319255_ce5ede291e.jpg,-8.661485576e-10
2414390475_28a0107bb0.jpg,-9.897543973e-10
3417231408_6ce951c011.jpg,-1.652306845e-09
524105255_b346f288be.jpg,-1.14859563e-09
3068407619_5207b26986.jpg,-3.007854815e-09
3036382555_30b7312cf3.jpg,5.953931132e-09
240696675_7d05193aa0.jpg,7.552234995e-09
1088767354_2acee738cf.jpg,3.427174211e-09
3104690333_4314d979de.jpg,9.087551916e-10
3257107194_f235c8f7ab.jpg,-5.939431182e-10
410042380_517ccee020.jpg,-2.027672667e-09
3143155555_32b6d24f34.jpg,3.879452831e-09
2854291706_d4c31dbf56.jpg,1.908902995e-09
2943334864_6bab479a3e.jpg,-1.702899873e-09
3465606652_f380a38050.jpg,-2.510361438e-09
324355356_859988a710.jpg,4.816897221e-09
3436313241_6c73153fb6.jpg,-1.911061645e-09
2776029171_5abdd5a22f.jpg,-2.641269751e-09
3290105461_7590f23371.jpg,-3.454192682e-09
2501742763_b2cb322087.jpg,1.737674872e-09
3442540072_b22ca2410f.jpg,6.242703723e-10
3426964258_67a0cee201.jpg,-1.790792864e-09
2559638792_a803ff63d1.jpg,-7.570500716e-09
3701878677_8f2c26227b.jpg,-7.16885353e-09
3568605391_54ec367d88.jpg,4.592493579e-09
1540631615_8b42c1b160.jpg,-2.48907255e-09
1055753357_4fa3d8d693.jpg,-4.838494352e-10
3693297007_94512e861e.jpg,8.721124322e-09
3689355450_fd559b816d.jpg,-3.842850436e-09
2799871904_3b3125518a.jpg,3.699684787e-09
3116769029_f5a76f04ba.jpg,3.915577834e-09
1342780478_bacc32344d.jpg,2.003487504e-09
3012513414_86180c44cb.jpg,8.362451655e-09
2502935765_a0ae1fa7be.jpg,-8.379623836e-10
2734669176_c272b42597.jpg,5.052853958e-10
2290589734_b588471345.jpg,-1.073200456e-09
2602679255_785b851b46.jpg,-9.167657814e-09
421706022_1ddb6a7a78.jpg,-3.947338464e-09
2644326817_8f45080b87.jpg,-4.970094039e-09
2959737718_31203fddb5.jpg,-9.340807265e-09
2465218087_fca77998c6.jpg,3.249160379e-09
1351764581_4d4fb1b40f.jpg,-1.972278675e-09
2394003437_184a838aa9.jpg,-2.683037792e-09
123889082_d3751e0350.jpg,4.181766963e-09
2766765386_4c0beb939d.jpg,8.605965592e-09
189740668_0b045f1ff2.jpg,-8.68028507e-09
3126681108_f88128699c.jpg,1.0666948e-08
3090600019_8808fe7a9d.jpg,1.249270319e-09
2685139184_4ff45e0f76.jpg,3.08420479e-09
3401548798_3a93f2caa5.jpg,2.69669586e-09
3569126684_a68b29a57f.jpg,-7.097520699e-09
2333816000_7105d0ffac.jpg,-6.236425994e-09
2862931640_2501bd36c5.jpg,3.644051406e-09
2466171114_3fa51415a7.jpg,-6.321507171e-09
2133650765_fc6e5f295e.jpg,3.924201227e-09
2391269207_d1d2615b1d.jpg,-5.09106471e-09
3674521435_89ff681074.jpg,-5.253030897e-09
270864951_1737ae5479.jpg,2.213315966e-09
542179694_e170e9e465.jpg,-9.037706115e-10
2370221025_be4d9a4431.jpg,-1.187801584e-09
862177617_c2c0581075.jpg,8.335021821e-10
3288173388_03bc2a844d.jpg,4.139604118e-09
229954612_a4438297ee.jpg,-6.003643496e-10
3287904625_f68ca5cea7.jpg,8.165203407e-10
989851184_9ef368e520.jpg,8.465015559e-10
3093970461_825b0cac2f.jpg,-2.390181663e-09
3076928208_5763e9eb8c.jpg,8.711996324e-10
2837908308_8bc25c6b02.jpg,-6.231717414e-09
276699720_fe6718fd03.jpg,2.035575965e-09
3437654963_c4fdc17e8b.jpg,-7.564183469e-09
2138487671_5b89104043.jpg,1.536660111e-10
3501206996_477be0f318.jpg,1.669089833e-09
3278777548_290b881018.jpg,5.112211076e-09
3344632789_af90d54746.jpg,-7.918006702e-09
3068945309_ff0973e859.jpg,-3.411642825e-09
3368819708_0bfa0808f8.jpg,-5.883580578e-09
273248777_eaf0288ab3.jpg,-1.500028318e-09
2192131110_8a40e7c028.jpg,-1.433459925e-09
490044494_d2d546be8d.jpg,8.327069194e-10
3296584432_bef3c965a3.jpg,2.750600597e-09
2116316160_d5fa7abdc3.jpg,-4.663384574e-09
3038760935_9a713510eb.jpg,-2.346065601e-09
2741380826_cfe0ddf0a9.jpg,-3.03072369e-10
1423126855_6cd2a3956c.jpg,5.478746022e-09
1084104085_3b06223afe.jpg,-1.526877912e-10
3225226381_9fe306fb9e.jpg,-3.48386021e-09
1296412797_85b6d2f8d6.jpg,4.839426501e-14
1813777902_07d1d4b00c.jpg,2.023433528e-09
1418266617_b32143275b.jpg,-6.859498763e-09
363617160_6cb0c723be.jpg,2.499274155e-09
2698614194_b4e6e11dff.jpg,7.946081485e-09
1333888922_26f15c18c3.jpg,-1.556700954e-09
3288839246_fdb00395ae.jpg,-2.127876157e-10
3189941492_a3f4347b1a.jpg,-3.790446279e-09
3310551665_15b79ef4ea.jpg,6.934149356e-09
2245348304_08bc5642f1.jpg,-1.904150405e-09
3412822878_5d961492e5.jpg,1.136602276e-09
2922512807_d382528a93.jpg,2.069560091e-09
2851931813_eaf8ed7be3.jpg,6.716057429e-10
3227140905_1d7e30e4c4.jpg,-9.569672881e-09
2436398074_8737f40869.jpg,4.89158834e-09
3525417522_7beb617f8b.jpg,2.297225329e-09
2439384468_58934deab6.jpg,-1.204708276e-09
213216174_0632af65a2.jpg,1.674036403e-09
3215870337_c92a1a1b2f.jpg,4.831227174e-09
434792818_56375e203f.jpg,-2.330924813e-09
2959500257_3621429a37.jpg,-1.872263678e-09
3425662680_41c7c50e8d.jpg,-4.116814428e-09
3259883609_6a1b46919e.jpg,-1.524722993e-09
2867968184_908d87cf2c.jpg,-2.572001346e-09
108898978_7713be88fc.jpg,1.564840871e-09
3640422448_a0f42e4559.jpg,-2.536537427e-09
133905560_9d012b47f3.jpg,8.04973032e-10
2125626631_a4b63af97e.jpg,6.232905205e-10
3327487011_1372c425fb.jpg,2.644152989e-09
3069216757_c419b3898e.jpg,-2.011213465e-09
2602085456_d1beebcb29.jpg,5.421032123e-09
519228867_2fd25e38d4.jpg,4.406573212e-09
1622619190_d0b51aff28.jpg,1.179945483e-09
3209564153_077ed4d246.jpg,-1.986510026e-10
2272491304_cb7c7ed16f.jpg,8.028916084e-09
582899605_d96f9201f1.jpg,2.885762864e-09
1433397131_8634fa6664.jpg,-3.699330662e-09
3472449219_eb927f05b8.jpg,3.815091607e-09
251056963_c8b67f0107.jpg,5.078570291e-09
3655964639_21e76383d0.jpg,7.66615932e-09
1763020597_d4cc8f0f8a.jpg,4.992212012e-09
3247341210_5d1e50df23.jpg,2.003165776e-09
2447972568_1e9b287691.jpg,-1.052775525e-08
2939464283_fc1a834976.jpg,3.734097601e-09
3482237861_605b4f0fd9.jpg,2.66821451e-09
2710416789_555180e399.jpg,2.839107766e-09
3533394378_1513ec90db.jpg,-7.173144249e-09
3453313865_1ebff5393c.jpg,6.150458759e-09
219301555_17883a51bd.jpg,3.895220383e-09
44129946_9eeb385d77.jpg,-5.349720515e-09
3429581486_4556471d1a.jpg,-6.254879517e-09
501320769_31eea7b7ea.jpg,2.980253873e-09
224026428_0165164ceb.jpg,-1.067769097e-09
3541491057_61a49588d9.jpg,4.070255058e-09
3119696225_b289efaec8.jpg,-6.862139233e-10
2078311270_f01c9eaf4c.jpg,2.659855987e-09
2286032269_8ba929709c.jpg,-3.723902595e-09
2893238950_8a027be110.jpg,2.390558521e-09
2917843040_7c9caaaa8a.jpg,1.651546697e-10
3048597471_5697538daf.jpg,-2.457647916e-09
2505465055_f1e6cf9b76.jpg,-5.080426911e-09
3284955091_59317073f0.jpg,2.971685208e-09
871290666_4877e128c0.jpg,2.705021711e-09
2402462857_7684848704.jpg,-4.088097813e-09
241345981_1ef4f8109c.jpg,-1.600349309e-09
3258395783_2de3a4ba27.jpg,3.560056839e-09
3432656291_a6c7981f6e.jpg,-2.551221441e-09
945509052_740bb19bc3.jpg,-7.826846683e-10
2752926645_801a198ff6.jpg,2.563316342e-09
2584487952_f70e5aa9bf.jpg,1.726651937e-09
2356574282_5078f08b58.jpg,-2.599498764e-09
2324779494_5e72d29171.jpg,-2.900593213e-10
3099091086_f75f0ce09d.jpg,-3.054948627e-10
515797344_4ae75cb9b1.jpg,1.058678565e-08
2094543127_46d2f1fedf.jpg,-1.672776786e-09
2194806429_ca4c3770c1.jpg,-2.024812454e-09
3220009216_10f088185e.jpg,-4.28676133e-10
3333017828_b930b9d41b.jpg,1.422013246e-09
3387661249_33e5ba0bc5.jpg,-1.314185438e-09
141755290_4b954529f3.jpg,-1.852314034e-09
3150252702_828a570d46.jpg,2.523655412e-09
2269021076_cefc9af989.jpg,-6.339549942e-10
486712504_36be449055.jpg,-2.171974555e-09
3259225196_750c4ce0f9.jpg,1.055950281e-08
3409506817_775e38d219.jpg,-4.417285422e-09
3632842482_482f29e712.jpg,-9.678848994e-10
532396029_ce125bda3f.jpg,2.766187474e-09
3704431444_f337ec2b90.jpg,1.802067299e-09
3562169000_6aa7f1043d.jpg,3.884926951e-09
3441399292_60c83bd5db.jpg,-4.7645766e-09
3243233886_235a80e8c7.jpg,2.565928418e-09
3005123298_d3017d5f5d.jpg,1.262755953e-09
437527058_189f2a7eef.jpg,2.552219012e-11
3582742297_1daa29968e.jpg,-1.015288625e-08
3033741581_136889ac73.jpg,-5.697301455e-10
296873864_4de75de261.jpg,4.778695073e-10
2379150102_157d718d1d.jpg,-2.344945751e-09
3029715635_43ab414dfb.jpg,-1.438767088e-09
3684680947_f1c460242f.jpg,-2.544522501e-09
3044746136_8b89da5f40.jpg,1.85100973e-09
3532412342_e0a004b404.jpg,-3.85547863e-09
2968693931_52d161b8e7.jpg,4.293551858e-09
2632111399_b3c1630f8e.jpg,-4.953298821e-10
2676648667_cb055b4fc6.jpg,-3.540387369e-09
525863257_053333e612.jpg,9.415879354e-10
3328495660_ed0e3f29cf.jpg,5.076496653e-09
3640417354_b0b3e4aec9.jpg,1.805001809e-09
3249278583_95cd8206da.jpg,-3.186011241e-09
2341254813_c53a5ef27a.jpg,3.304617835e-09
2331510788_986809bbb4.jpg,7.755486621e-09
3161044966_27bf6f9dec.jpg,-2.089117108e-09
3098336319_a7e5b061d0.jpg,4.902905282e-09
3236677456_75821e3583.jpg,-4.165911385e-09
958326692_6210150354.jpg,-2.847219753e-09
2755053974_5cc157512e.jpg,-9.263354972e-10
2903469015_a1e7d969c2.jpg,2.386583729e-09
3490597800_8f94f7d353.jpg,6.04098511e-09
2472574160_8ce233f396.jpg,-6.76035138e-10
2995461857_dd26188dcf.jpg,3.059992128e-09
2042009399_afad34e7c1.jpg,3.286535366e-09
3197791645_601908f26b.jpg,6.27600828e-10
2521938720_911ac092f7.jpg,1.27076882e-09
3184031654_34b5c4ffe1.jpg,1.25804642e-09
426065353_e9a604a01f.jpg,-4.583199923e-09
3591461782_687e320042.jpg,-8.830896485e-09
2251418114_2b0cd4c139.jpg,2.453925492e-09
1859726819_9a793b3b44.jpg,1.561395655e-10
430803349_a66c91f64e.jpg,2.183277801e-09
1977827746_4e13d7e19f.jpg,-3.754972866e-09
2101457132_69c950bc45.jpg,1.199036721e-08
3666537170_c4ecda4be8.jpg,-5.176915192e-09
2321466753_5606a10721.jpg,-2.874043202e-09
3141613533_595723208d.jpg,-3.073211431e-09
3542341321_faa2d2d48a.jpg,1.698329578e-09
948196883_e190a483b1.jpg,-6.423876477e-09
384465575_31294122c0.jpg,-2.138268382e-09
1312227131_771b5ed201.jpg,4.535929221e-09
1222322358_225067636e.jpg,-3.890096827e-09
2641288004_30ce961211.jpg,4.235966118e-09
2851304910_b5721199bc.jpg,2.936434831e-09
495116214_f1df479fb0.jpg,1.857937919e-09
2978024878_a45b282bf4.jpg,4.943919336e-09
3527524436_a54aca78a9.jpg,1.913628769e-09
2944362789_aebbc22db4.jpg,5.713653785e-09
3090593241_93a975fe2b.jpg,-6.727848691e-09
2521213787_ca9b5a1758.jpg,1.646079623e-09
2528547068_7d37479b9b.jpg,-5.344511816e-09
1167908324_8caab45e15.jpg,-2.894557172e-09
2275029674_6d4891c20e.jpg,3.714852747e-10
534669139_1a4f8ab9d5.jpg,4.571984164e-09
3388094307_5a83be64a5.jpg,-4.416792225e-10
160566014_59528ff897.jpg,2.383423275e-09
2616561200_ea079f285a.jpg,-3.655370521e-09
617038406_4092ee91dd.jpg,1.20379712e-09
3578372039_57473f473c.jpg,1.527421553e-09
3492180255_0bd48a18f8.jpg,-9.747960873e-09
3032790880_d216197d55.jpg,7.447688221e-09
2667015110_1670324a33.jpg,-3.52723683e-09
2426303900_0a8d52eb14.jpg,-1.010597782e-09
3250695024_93e8ab7305.jpg,2.881555597e-09
3672057606_cb6393dbd9.jpg,-1.673087389e-09
241346317_be3f07bd2e.jpg,6.78543492e-10
3400186336_37043a2f5b.jpg,4.119896368e-10
2180480870_dcaf5ac0df.jpg,-7.255763478e-09
3085226474_62aba51179.jpg,2.708184984e-09
3683185795_704f445bf4.jpg,-4.782243219e-09
3444982197_0ff15cc50b.jpg,-6.965335263e-10
607339469_af851c4119.jpg,-4.983237661e-09
3331009729_d3b14738e6.jpg,2.757920771e-10
503717911_fc43cb3cf9.jpg,5.27216994e-10
3097196395_ec06075389.jpg,-3.874093002e-09
2261962622_e9318a95eb.jpg,6.577480979e-10
3216829599_366a43f05e.jpg,-1.060667745e-09
1616016569_673de1d678.jpg,1.443382469e-09
2596876977_b61ee7ee78.jpg,3.090927225e-09
459778335_857d8ffebf.jpg,-1.723997251e-09
3197482764_2f289cb726.jpg,-4.492773153e-09
3497255828_f27e009aac.jpg,4.598814068e-10
2149968397_a7411729d1.jpg,-5.349530824e-09
2595713720_30534e8de2.jpg,-3.898832174e-09
2174206711_11cb712a8d.jpg,-1.238531998e-08
2492258999_5764124bba.jpg,-3.746830068e-09
944374205_fd3e69bfca.jpg,5.031385164e-09
2855667597_bf6ceaef8e.jpg,-2.41922858e-09
2935649082_1ca60180c6.jpg,2.98573139e-09
3171250845_5ae0d2a8bc.jpg,4.159122031e-11
3120189281_1938460e85.jpg,-1.96354196e-09
3487131146_9d3aca387a.jpg,-2.815287267e-09
182493240_40410254b0.jpg,4.382095457e-09
102351840_323e3de834.jpg,7.948588918e-09
883040210_3c4a10f030.jpg,5.159461195e-09
1358089136_976e3d2e30.jpg,-2.181024135e-09
2930622766_fa8f84deb1.jpg,3.723038904e-09
2643263887_a32ffb878f.jpg,-4.20505482e-09
3374384485_751f719be4.jpg,-6.389863949e-09
290650302_ade636da35.jpg,6.354872493e-09
2747714500_49476225c6.jpg,-6.991853337e-09
758921886_55a351dd67.jpg,2.208265327e-09
311146855_0b65fdb169.jpg,6.030050608e-10
2490179961_e842fda5eb.jpg,-2.875090128e-09
2064790732_219e52e19c.jpg,-3.912912311e-09
3315250232_83e24a2d51.jpg,5.009907468e-09
3441104823_33cdae5a56.jpg,1.993782031e-09
2675685200_0913d84d9b.jpg,-4.494608734e-09
2899622876_b673b04967.jpg,-2.688041395e-09
2259336826_0cb294e1f7.jpg,-3.005853759e-10
2742426734_291df6da08.jpg,-3.097051801e-10
2697909987_128f11d1b7.jpg,1.808536738e-09
3239021459_a6b71bb400.jpg,6.126076057e-10
3204525212_d548c7fca7.jpg,3.343509213e-09
918886676_3323fb2a01.jpg,-5.049059639e-09
560278886_df4bd2e212.jpg,-2.114973029e-09
3649307685_60c1294d2a.jpg,9.056624783e-09
2045928594_92510c1c2a.jpg,-1.10857223e-09
2933637854_984614e18b.jpg,-1.519693148e-10
1650280501_29810b46e5.jpg,2.535817051e-09
300922408_05a4f9938c.jpg,4.650637664e-09
2798651021_2566f2a47e.jpg,1.554636837e-10
3460551728_63255cec18.jpg,-7.288082601e-09
3440104178_6871a24e13.jpg,1.326113361e-09
3484906808_ee20714408.jpg,-2.357881024e-09
410413536_11f1127c46.jpg,6.75929868e-09
400562847_e15aba0aac.jpg,-4.694535137e-09
101669240_b2d3e7f17b.jpg,4.357657656e-09
2987195421_e830c59fb6.jpg,6.475116123e-09
3208188198_2b271d2a2e.jpg,-6.526129409e-10
3208032657_27b9d6c4f3.jpg,-4.826971165e-09
429851331_b248ca01cd.jpg,3.168062455e-09
458735196_176e7df6b3.jpg,1.620040959e-09
3275627207_0b41e44597.jpg,1.10062291e-08
2960759328_2d31e4af9b.jpg,2.572982728e-09
2206594874_5e0087c6b7.jpg,3.277514059e-09
1357689954_72588dfdc4.jpg,5.974708038e-09
2869491449_1041485a6b.jpg,6.752201446e-10
2574230252_f5a1382dd4.jpg,-1.341001117e-09
2261550615_b6c25d987b.jpg,-4.629591678e-09
2358554995_54ed3baa83.jpg,-5.438756901e-09
264141937_585320617a.jpg,1.157561215e-09
2809793070_1a3387cd6e.jpg,-4.453787699e-09
3338291921_fe7ae0c8f8.jpg,-2.170468409e-09
2056377805_e9a9b3bcf0.jpg,-9.566601192e-10
3105315670_5f86f73753.jpg,-1.897960395e-09
1015118661_980735411b.jpg,8.580465918e-10
3047264346_e24601bfbf.jpg,1.879862001e-09
1311388430_4ab0cd1a1f.jpg,-1.212218844e-08
1077546505_a4f6c4daa9.jpg,1.090433265e-09
2800990525_a1f8427272.jpg,-3.903214626e-09
3482062809_3b694322c4.jpg,2.788926028e-09
2661294481_b86058b504.jpg,2.317638017e-09
2896640216_761a47f006.jpg,-6.440987156e-09
3616525288_9c19223de6.jpg,5.016474503e-09
2497420371_74788d7ba1.jpg,4.532733661e-09
766346887_a9a9d0637a.jpg,2.094333139e-10
2061944672_0383e65c8a.jpg,6.242573797e-09
3015891201_2c1a9e5cd7.jpg,-9.108045619e-11
2652522323_9218afd8c2.jpg,-1.58493035e-10
2054869561_ff723e9eab.jpg,6.577743517e-09
2394763838_99d1435b85.jpg,1.869538382e-09
3439560988_f001f96fc9.jpg,-5.899902131e-10
3320032226_63390d74a6.jpg,2.155991931e-09
3677954655_df4c0845aa.jpg,5.06104151e-09
2429212017_77fc107699.jpg,-3.426856642e-10
241347760_d44c8d3a01.jpg,5.144537925e-09
241347823_6b25c3e58e.jpg,3.080246015e-09
2416964653_db3c2b6a0e.jpg,-4.242951225e-10
3532782283_341f0381a3.jpg,6.090008801e-09
3600221224_945df01247.jpg,-4.568832911e-09
3621647714_fc67ab2617.jpg,-2.004231157e-09
2874876837_80d178ba9b.jpg,-3.474866913e-09
448916362_17f3f1d0e1.jpg,-1.04020502e-09
3052104757_d1cf646935.jpg,-5.258908523e-09
2414352262_005ae90407.jpg,-2.157577534e-09
2187904131_96ea83b9b5.jpg,6.615915107e-09
2649406158_ded6be38de.jpg,1.27352861e-09
2353102255_67d9d2e40a.jpg,-9.503161155e-10
1501297480_8db52c15b0.jpg,-1.46720144e-09
466956675_a2fb6bf901.jpg,7.297935967e-10
2737759676_4bc9be2daf.jpg,-5.649746384e-09
2885387575_9127ea10f1.jpg,-2.951118865e-09
510197538_0a11b94460.jpg,-3.920176486e-09
3623650392_7b75d4de21.jpg,1.531661024e-09
3354474353_daf9e168cf.jpg,-2.32347936e-10
2949353587_64c54e9589.jpg,1.465062236e-10
3522989916_f20319cc59.jpg,-4.009192027e-09
2646116932_232573f030.jpg,-1.56603084e-09
3028561714_83fb921067.jpg,1.576199493e-09
2439031566_2e0c0d3550.jpg,1.556939222e-09
3436074878_21515a6706.jpg,-4.799258757e-09
875731481_a5a0a09934.jpg,-3.395757266e-09
3716277216_c04002be81.jpg,-4.170994774e-10
2259203920_6b93b721ce.jpg,-1.761157694e-08
3329289652_e09b80e2f3.jpg,-3.112136238e-10
3685328542_ab999b83bb.jpg,3.847071385e-10
3250076419_eb3de15063.jpg,8.363075768e-09
495341977_b27279f962.jpg,-3.124135808e-10
3407357681_5aeaab5b59.jpg,-3.539023494e-09
3066429707_842e50b8f7.jpg,1.684559987e-09
3392851587_a638ff25e2.jpg,-5.699032731e-09
2730938963_c4ed3e2258.jpg,1.7280954e-09
269650644_059a84ece5.jpg,3.276684828e-09
3605676864_0fb491267e.jpg,-3.43612952e-09
2183227136_8bb657846b.jpg,1.247767842e-10
237953705_cfe6999307.jpg,-1.197178577e-09
2856252334_1b1a230e70.jpg,3.220372955e-09
3015368588_ef0a06076d.jpg,-1.854973373e-09
2521938802_853224f378.jpg,-3.325805361e-09
2759089516_cbb993cb92.jpg,-1.335415183e-09
1807169176_7f5226bf5a.jpg,3.61488019e-09
457875937_982588d918.jpg,-3.797026713e-10
3158680604_c1f99b3946.jpg,3.097964703e-09
530454257_66d58b49ee.jpg,-4.129942027e-09
1263801010_5c74bf1715.jpg,-2.095338232e-09
172097782_f0844ec317.jpg,4.460576477e-09
3426789838_8771f0ed56.jpg,-5.744736012e-09
2220612655_030413b787.jpg,-7.587210077e-10
2089426086_7acc98a3a8.jpg,-3.035236642e-09
1306145560_1e37081b91.jpg,9.957767041e-10
3297323827_f582356478.jpg,4.858544506e-09
2306186887_0bd8ed3792.jpg,6.069648611e-10
3574930742_9081bd2426.jpg,2.441676728e-09
2995935078_beedfe463a.jpg,2.184196509e-09
2114739371_83aa8bdb0e.jpg,1.384669977e-09
2895403073_906768cafa.jpg,2.558671291e-10
3234375022_1464ea7f8a.jpg,-3.027832729e-10
2561295656_4f21fba209.jpg,-1.926702822e-09
2358561039_e215a8d6cd.jpg,-3.323732715e-10
2123932281_1a4fd38455.jpg,-1.994146515e-09
3227499174_07feb26337.jpg,-4.112800829e-09
3457210101_3533edebc8.jpg,-3.062667904e-09
3286222970_1fa445e38f.jpg,2.129211195e-09
293151893_ee7249eccb.jpg,-1.209953733e-10
3371279606_c0d0cddab2.jpg,1.887231771e-09
1490213660_9ea45550cf.jpg,1.369045524e-10
3599392711_8264881de2.jpg,-1.869360455e-09
111497985_38e9f88856.jpg,1.400489296e-09
2782850287_1408f7ec43.jpg,1.301509432e-09
825918657_d92f1761f4.jpg,2.807951882e-09
2095478050_736c4d2d28.jpg,-5.791289041e-11
2782480767_064c95eff2.jpg,1.956121341e-10
1149179852_acad4d7300.jpg,-8.993147819e-09
2441313372_6a1d59582b.jpg,-8.842010622e-09
3724718895_bd03f4a4dc.jpg,-1.093882709e-09
2704257993_d485058a5f.jpg,3.329976135e-09
3584930205_a3f58a4b7c.jpg,-1.979680076e-09
2294598473_40637b5c04.jpg,4.235791107e-09
3242007318_01e82171aa.jpg,3.524021895e-09
3251234434_d01e25a50a.jpg,1.685379625e-10
3556571710_19cee6f5bd.jpg,4.278201381e-09
3578914491_36019ba703.jpg,-3.487630402e-09
2876848241_63290edfb4.jpg,8.797992732e-09
452419961_6d42ab7000.jpg,-6.627253126e-10
42637986_135a9786a6.jpg,-9.99852809e-10
2760716468_b541e9fd0f.jpg,2.137214905e-09
2447035752_415f4bb152.jpg,1.35903942e-08
2473738924_eca928d12f.jpg,2.954730109e-09
1363924449_487f0733df.jpg,-1.790359241e-09
3585487286_ef9a8d4c56.jpg,1.004993996e-09
3037558954_20115165e3.jpg,4.148155777e-09
3362049454_ea0c22e57b.jpg,-1.279881948e-09
299178969_5ca1de8e40.jpg,6.359765538e-10
1104133405_c04a00707f.jpg,5.73824994e-10
3477683327_d9e6a2a64f.jpg,-1.52092991e-09
282116218_7fd7583d6e.jpg,-4.888431875e-10
3721082512_8277087f3f.jpg,5.649540856e-09
246055693_ccb69ac5c6.jpg,-4.559793164e-09
3271061953_700b96520c.jpg,-4.723001721e-09
2480820830_bdec1f5b76.jpg,1.119171012e-09
270809922_043e3bef06.jpg,-3.218701026e-09
1419385780_1383ec7ba9.jpg,-1.806581714e-09
897621891_efb1e00d1d.jpg,-9.114802951e-10
2921578694_a46ae0d313.jpg,-3.221058948e-09
2327088022_478dbd2c17.jpg,5.013365268e-10
3640407952_bb38fb9d55.jpg,-2.227536743e-09
326028454_fb396167e6.jpg,6.959657354e-10
2867937005_91c092b157.jpg,-5.403817739e-09
2546667441_bbe87a6285.jpg,-1.344555013e-10
1775029934_e1e96038a8.jpg,-6.878288561e-09
2121357310_f8235311da.jpg,6.93527719e-09
3665987581_5e6b0a65f2.jpg,4.533341692e-09
3429956016_3c7e3096c2.jpg,1.734307267e-09
3209350613_eb86579ee8.jpg,2.599516521e-09
1425013325_bff69bc9da.jpg,-4.433747758e-10
319185571_56162796da.jpg,6.977351878e-09
3520936130_9e90872560.jpg,5.026531341e-09
2867026654_38be983b44.jpg,-3.277171033e-09
3069786374_804e1123ac.jpg,2.1745571e-09
3726120436_740bda8416.jpg,-1.332764816e-09
2337919839_df83827fa0.jpg,-4.457088844e-09
2447289477_e888df561d.jpg,-5.440363622e-09
3597715122_45878432ec.jpg,4.087398634e-09
3646453252_5ebbbaa6cc.jpg,-1.771495838e-09
261883591_3f2bca823c.jpg,2.160836259e-09
3125041578_c1f2d73b6d.jpg,-1.127735706e-08
3084001782_41a848df4e.jpg,9.60286481e-10
452363869_cad37e609f.jpg,-3.880562735e-10
123997871_6a9ca987b1.jpg,1.608667145e-09
508958120_afe274f726.jpg,8.418048993e-10
109738763_90541ef30d.jpg,4.658749583e-10
888425986_e4b6c12324.jpg,1.949095351e-09
288025239_5e59ba9c3b.jpg,6.373144289e-10
3214381315_b54f5c9be4.jpg,8.944932541e-09
2070831281_dc04b3e15d.jpg,-1.948870035e-09
3301811927_a2797339e5.jpg,6.494610214e-09
3484070900_3e76d7fd30.jpg,1.059426273e-09
2876994989_a4ebbd8491.jpg,4.784674006e-09
2080033499_6be742f483.jpg,-1.170720085e-10
3269895626_7b253c82ed.jpg,2.02470701e-09
3319388517_5609ae9805.jpg,2.408694529e-09
2560278143_aa5110aa37.jpg,-7.079441885e-09
3069937639_364fc11e99.jpg,-1.428321761e-09
2448210587_9fe7ea5f42.jpg,-1.614278081e-09
2444935470_7b0226b756.jpg,5.392444346e-09
3204081508_0e7f408097.jpg,-8.977268508e-10
3220650628_4ed964e5b4.jpg,1.124980494e-09
2393924525_1bf45ca217.jpg,4.324735318e-09
3590753142_61993d39df.jpg,-1.498203337e-09
3368865171_597d51cdd5.jpg,7.373193192e-11
472860064_a96a228796.jpg,-3.226625694e-09
3587596696_9c5964c94d.jpg,2.993614062e-10
2041867793_552819a40b.jpg,-2.835784226e-10
3094278545_febac56382.jpg,-4.435082964e-09
333031366_a0828c540d.jpg,1.060011314e-10
3612538549_2828b45867.jpg,-8.804282267e-10
154871781_ae77696b77.jpg,1.943849093e-09
3338217927_3c5cf3f7c6.jpg,2.008167466e-09
3362805914_72f60ee8cb.jpg,-6.187135124e-09
442594271_2c3dd38483.jpg,-2.606092278e-09
512026551_ba63ddbd31.jpg,2.31854226e-10
1801663973_5ad393caeb.jpg,-6.523168355e-10
2744705147_acd767d3eb.jpg,-7.441677498e-09
3344233740_c010378da7.jpg,2.383970999e-09
3690348036_a01f243fb0.jpg,3.278336577e-09
2363540508_9dd1ccf7c7.jpg,4.120970425e-09
812196663_0c969970b5.jpg,8.064976784e-09
297724467_e8918a6f90.jpg,1.121644976e-09
2926595608_69b22be8d4.jpg,-3.260659969e-09
938162709_21443d352f.jpg,2.473555917e-09
241347114_6273736da8.jpg,-5.042543019e-09
3404870997_7b0cd755de.jpg,6.215030559e-09
381976882_0063d16d88.jpg,-1.680150883e-09
3710073758_ac2b217f29.jpg,-7.678350475e-09
1478268555_7e301fc510.jpg,-3.478071864e-09
3485486737_953f9d3be2.jpg,3.983597423e-09
531152619_6db02a7ed9.jpg,3.391461734e-09
1319634306_816f21677f.jpg,-2.060643532e-09
2385744837_8780f6731a.jpg,7.587508523e-09
1387461595_2fe6925f73.jpg,-4.674681223e-09
2314722788_6262c3aa40.jpg,9.469376225e-10
1213336750_2269b51397.jpg,-1.623711148e-08
10815824_2997e03d76.jpg,1.65036998e-09
258476074_f28f4a1ae6.jpg,-3.390606684e-09
3606355203_1260f43ec0.jpg,-5.169229882e-09
343662720_39e4067cd1.jpg,6.393990747e-09
3484576025_a8c50942aa.jpg,1.403423021e-09
2593695271_4d9cc9bd6f.jpg,9.95162415e-10
3132832452_c354c6396c.jpg,-2.60530384e-09
1808007704_ee8a93abb4.jpg,1.656978388e-09
697778778_b52090709d.jpg,1.931510162e-10
2486364531_b482d7f521.jpg,5.594426234e-09
892340814_bdd61e10a4.jpg,1.992182355e-09
293881927_ac62900fd4.jpg,9.414757563e-10
3128514681_a51b415c31.jpg,-7.679078946e-09
2286270205_16038dec5a.jpg,-2.169046473e-10
233327292_3bcbc3783f.jpg,-1.040724668e-09
356929855_6bbf33d933.jpg,4.321449746e-10
3578981202_efef47e264.jpg,4.531240642e-10
2392460773_2aa01eb340.jpg,-1.525735728e-09
2919459517_b8b858afa3.jpg,3.547472414e-09
3330019493_fd36fbc2ea.jpg,-5.37671099e-09
2119302248_72493d458c.jpg,2.98688245e-09
2884651479_12e400ee58.jpg,1.628526487e-09
1016887272_03199f49c4.jpg,-3.025918606e-10
3518687038_964c523958.jpg,8.975328925e-10
103106960_e8a41d64f8.jpg,3.046847711e-09
298920219_9a3f80acc5.jpg,-2.258703355e-09
3301744710_b51280eb56.jpg,2.210059218e-09
3079341641_f65f6b0f8b.jpg,-1.876657713e-09
2112661738_de71b60b88.jpg,2.772570095e-09
911795495_342bb15b97.jpg,1.515937172e-09
3185787277_b412d7f5b7.jpg,7.31145768e-09
847782643_57248bbdab.jpg,-3.369462604e-09
2151300603_248a9fe715.jpg,1.950619548e-09
3576250302_14779632bd.jpg,-3.569835271e-09
3222055946_45f7293bb2.jpg,3.505115338e-09
3220200084_3ea129336e.jpg,-4.367344713e-09
2860035355_3fe7a5caa4.jpg,-4.316838928e-10
2544246151_727427ee07.jpg,-8.082269288e-10
3419634480_c390f62a6e.jpg,-7.961332037e-10
2268115375_69884e958d.jpg,2.453526872e-09
3214885227_2be09e7cfb.jpg,1.675758092e-09
2410618963_fb78307d18.jpg,9.00769959e-10
3339751521_7a8768be27.jpg,-6.882741973e-09
3547368652_0d85c665d3.jpg,-1.035356585e-09
2956413620_d59de03a06.jpg,8.266338794e-10
3469585782_e708496552.jpg,4.96038869e-09
3399284917_721aefe2a7.jpg,-9.173385083e-09
3043266735_904dda6ded.jpg,-3.591603343e-10
487074671_66db20bf47.jpg,6.770834345e-09
3306212559_731ba9bd05.jpg,8.347365934e-09
3318564834_4ccea90497.jpg,-3.639584122e-09
2358447641_10f1e9d21f.jpg,-3.739201418e-10
2678798732_2998f9969c.jpg,-1.876001504e-09
3388836914_c267cf3a59.jpg,-1.887682792e-09
2222559267_6fd31e3941.jpg,3.074285514e-09
1388373425_3c72b56639.jpg,5.049406976e-09
2276499757_b44dc6f8ce.jpg,-9.684202992e-10
309049466_1d7e7d5fc2.jpg,5.998381467e-09
2442243868_abe8f74fb4.jpg,4.84153526e-09
2833820456_143ea6ce47.jpg,7.015735313e-09
2728276857_3f83757ef2.jpg,1.006315e-09
3090957866_f1b2b7f214.jpg,8.001092855e-09
1659358141_0433c9bf99.jpg,-1.06267901e-08
3206999917_e682672cbc.jpg,-2.406214975e-09
210839948_bbd5bfa3b6.jpg,7.722759626e-09
1526181215_c1a94325ae.jpg,1.934074268e-09
2856456013_335297f587.jpg,-2.14265497e-09
2603125422_659391f961.jpg,-5.211958165e-09
2453318633_550228acd4.jpg,1.97257776e-10
3456362961_d8f7e347a8.jpg,-5.752517094e-10
2550011909_6b95f11330.jpg,-2.727930403e-09
3102204862_f1d220230b.jpg,1.422850765e-09
1454841725_4b6e6199e2.jpg,1.668315381e-09
824923476_d85edce294.jpg,3.770141618e-09
2945036454_280fa5b29f.jpg,-5.531855072e-10
2128119486_4407061c40.jpg,-3.175716199e-09
506367606_7cca2bba9b.jpg,1.852326978e-09
3537474810_cf676b3259.jpg,-1.949216571e-09
433810429_a4da0eac50.jpg,3.054486984e-09
973827791_467d83986e.jpg,2.72246611e-09
2519812011_f85c3b5cb5.jpg,6.960577499e-10
271177682_48da79ab33.jpg,1.880825459e-09
241347700_ef2451d256.jpg,-2.76304353e-09
394563330_68b566368c.jpg,3.48485671e-09
3122579598_14841c038a.jpg,2.405821182e-10
3366904106_e996320d20.jpg,2.422420709e-09
2938875913_0ed920a6be.jpg,5.566693614e-09
3478877323_0a507a601b.jpg,4.471071527e-09
2892413015_5ecd9d972a.jpg,1.67603683e-09
3720366614_dfa8fe1088.jpg,1.490885473e-09
3612249030_e2829ffa31.jpg,7.528068466e-09
3738685861_8dfff28760.jpg,4.96196886e-09
3393152604_27bd1037f2.jpg,-4.575930946e-09
145721498_a27d2db576.jpg,-3.271734791e-09
3083016677_5782bc337c.jpg,2.352835949e-09
3139393607_f0a54ca46d.jpg,1.180770063e-08
3564148252_aa4cb36a32.jpg,3.121827982e-09
1931690777_897a7d8ab6.jpg,-2.838057786e-09
3415578043_03d33e6efd.jpg,6.724420492e-09
2672588619_3849930e99.jpg,-1.006495652e-08
3288174272_2daa06d360.jpg,1.704487563e-09
2500354186_0836309cc9.jpg,4.970094232e-09
2661294969_1388b4738c.jpg,2.824468409e-09
2830309113_c79d7be554.jpg,1.881243093e-09
492341908_1ef53be265.jpg,6.625214546e-09
1317292658_ba29330a0b.jpg,-4.473502686e-09
317641829_ab2607a6c0.jpg,3.448882807e-09
3677613006_4689cb8e4e.jpg,1.390985454e-09
3430526230_234b3550f6.jpg,6.075708296e-09
3663307538_468739e4c3.jpg,5.887704905e-09
2540360421_f7c2401da8.jpg,-2.929200449e-09
3590653633_495de5f288.jpg,1.870450681e-09
1295698260_e10c53c137.jpg,-2.665392082e-09
270724499_107481c88f.jpg,-3.338432973e-09
3174713468_e22fa7779e.jpg,2.239409347e-09
3437273677_47d4462974.jpg,-3.006999618e-09
3201427741_3033f5b625.jpg,-1.276893143e-09
3162442331_c9711857c6.jpg,3.452123038e-09
3454988449_1de1ef4f20.jpg,-2.255165921e-09
3342309960_c694b2cce9.jpg,6.696998737e-09
2429729667_42effc165d.jpg,-3.548639386e-09
2297471897_3419605c16.jpg,4.111897707e-09
697490420_67d8d2a859.jpg,2.811838784e-09
3476709230_6439305bf2.jpg,-1.487057198e-09
2295447147_458cfea65a.jpg,1.230133023e-09
1469358746_2a879abaf3.jpg,-1.971774628e-09
3616771728_2c16bf8d85.jpg,-6.033466327e-09
3718892835_a3e74a3417.jpg,6.763975998e-09
3298233193_d2a550840d.jpg,1.934868976e-09
3497236690_a48bf7ac42.jpg,1.490324171e-09
2403078014_4b1d6f8bde.jpg,-6.802000809e-09
2999735171_87ca43c225.jpg,1.326564705e-09
3616638478_641d02183d.jpg,-3.017719623e-09
3413571342_b9855795e2.jpg,-1.007013966e-09
508432819_3d055f395d.jpg,-9.584085051e-10
2374652725_32f90fa15c.jpg,-9.018038589e-09
241347300_7c84ecf764.jpg,2.151749671e-09
2931254547_e97c6d0d63.jpg,2.13209233e-08
244760289_f4467b2b67.jpg,-2.697314334e-10
3541483943_9776baee7c.jpg,-4.770361033e-09
3584603849_6cfd9af7dd.jpg,2.022180894e-09
2884092603_786b53a74b.jpg,1.19402839e-09
2255332561_3375897ff0.jpg,-3.995184027e-09
3307147971_5b3abf61f9.jpg,4.128960706e-10
2953861572_d654d9b6f2.jpg,-3.109413755e-09
3072172967_630e9c69d0.jpg,-4.805560234e-09
1473618073_7db56a5237.jpg,3.974448551e-09
1354318519_2f9baed754.jpg,-3.637525067e-09
3559781965_d4ec00e506.jpg,-8.660913425e-09
3027399066_ca85495775.jpg,-4.128522448e-10
429283612_37f6e7fb7f.jpg,6.873267009e-09
2029280005_a19609c81a.jpg,-5.373149509e-09
2592711202_55f8c64495.jpg,1.816117135e-09
3263741906_6e4508d1c8.jpg,4.264581813e-09
3551281733_b43bf6f870.jpg,-1.333738892e-09
493507605_48fe8e3739.jpg,-4.115791011e-09
3535768334_a3924bcccd.jpg,1.084379839e-08
684375286_09cc1aa778.jpg,4.512942919e-09
2102732029_9ae520914d.jpg,1.136936706e-08
3426144752_28d63615ca.jpg,6.097334712e-09
346253487_687150ab04.jpg,2.689424383e-09
3454315016_f1e30d4676.jpg,1.908900614e-09
3550255426_4ab03c0d6e.jpg,1.686660699e-09
2236016316_f476cbbf06.jpg,-2.177387759e-09
1675679141_36c9bc2969.jpg,8.318144837e-09
3139895886_5a6d495b13.jpg,-2.073453105e-09
2265100168_175f8218af.jpg,6.579298362e-10
3523559027_a65619a34b.jpg,-8.728765748e-09
421932359_edbf181f44.jpg,5.900122518e-11
3376942201_2c45d99237.jpg,-9.443044e-09
2458033289_f0616879df.jpg,-1.576761861e-10
2709648336_15455e60b2.jpg,-4.139893196e-12
2337809114_899ba61330.jpg,1.058280842e-09
3377344932_6dfce93248.jpg,6.292190484e-10
445655284_c29e6d7323.jpg,-6.264602438e-09
3502993968_4ee36afb0e.jpg,4.626211212e-09
599366440_a238e805cf.jpg,2.935399197e-09
152029243_b3582c36fa.jpg,1.923290018e-09
2952751562_ff1c138286.jpg,-2.006198724e-10
3336831820_5c5df4b033.jpg,-1.363514677e-09
418616992_22090c6195.jpg,-2.25595584e-09
3568225554_73cdb19576.jpg,-3.581358312e-09
2545363449_1985903f82.jpg,5.505564195e-09
2176147758_9a8deba576.jpg,-9.394126685e-10
3117562746_62f57a02b5.jpg,-2.304156916e-09
1594038143_57f299aa8a.jpg,7.844194876e-09
2695001634_127fe2f0d7.jpg,-3.595000809e-09
3082474922_9c3533eaf6.jpg,6.205710878e-09
3503623999_bbd5dcfb18.jpg,3.421806582e-09
1446933195_8fe9725d62.jpg,-2.16245768e-09
3139389284_f01bd4c236.jpg,6.023731955e-09
848293676_98e73c52c1.jpg,3.230860227e-09
2924908529_0ecb3cdbaa.jpg,-1.709642536e-09
3397228832_8ce5b1c26f.jpg,9.423016612e-09
2705947033_5999147842.jpg,-1.724000799e-10
3533922605_a2b1e276f6.jpg,-5.948523337e-09
3221815947_76c95b50b7.jpg,1.271334398e-09
3181701312_70a379ab6e.jpg,8.496273613e-09
415657941_454d370721.jpg,-1.038949295e-08
412056525_191724b058.jpg,-4.057242723e-09
2431832075_00aa1a4457.jpg,-8.262826088e-09
3252457866_b86614064c.jpg,6.43613122e-09
3558370311_5734a15890.jpg,1.387440859e-11
537390477_7dd3407f96.jpg,-7.784904793e-10
3526018344_450c517a72.jpg,-2.473980563e-09
3138504165_c7ae396294.jpg,5.35012527e-09
1606988704_fe330878a3.jpg,1.929068916e-09
2430860418_fd0726f414.jpg,6.420566518e-10
2103568100_5d018c495b.jpg,-2.151619511e-09
3068994801_b2bc079e67.jpg,7.557221756e-09
2630507245_bea4804288.jpg,-3.22559671e-09
436009777_440c7679a1.jpg,2.8809827e-09
232874193_c691df882d.jpg,4.035046078e-09
525538142_7348f0bce7.jpg,-2.266459787e-09
1465666502_de289b3b9c.jpg,1.414441154e-10
520491467_54cbc0a866.jpg,-3.022952695e-09
542648687_adf13c406b.jpg,-9.372659231e-09
3524914023_4e96edb09f.jpg,-7.720582119e-09
2939007933_8a6ef2d073.jpg,-5.647007305e-09
281419391_522557ce27.jpg,-2.765922964e-09
549520317_af3d5c32eb.jpg,-1.571568698e-08
3100251515_c68027cc22.jpg,-5.490636412e-09
3397259310_1ed1a346b5.jpg,-3.67578513e-09
2858439751_daa3a30ab8.jpg,-9.224871726e-09
2422018883_336519b5c6.jpg,2.589210465e-09
2750867389_4b815f793a.jpg,-3.954652787e-10
1598085252_f3219b6140.jpg,-8.030621692e-09
2479553749_f7ac031940.jpg,8.397254459e-10
2522297487_57edf117f7.jpg,5.285517732e-09
3178005751_fca19815ac.jpg,5.072367789e-09
1453366750_6e8cf601bf.jpg,1.319988201e-09
3252588185_3210fe94be.jpg,-4.911337816e-09
2115631346_9585a479b0.jpg,-2.259714625e-09
2295894587_2fd8faf550.jpg,-2.658063179e-09
3249014584_21dd9ddd9d.jpg,-1.192381993e-08
3359089834_263e529c71.jpg,4.703416679e-09
3738789925_7d17dbdf25.jpg,7.583208047e-09
516998046_1175674fcd.jpg,3.174627958e-09
3697456750_460aea7252.jpg,5.40586415e-09
3447007090_08d997833a.jpg,-1.163028626e-08
2225231022_1632d0a5aa.jpg,-4.01498165e-09
3583321426_f373c52161.jpg,-7.870900493e-10
3155361712_2cbf59c78e.jpg,-2.16759673e-09
3099264059_21653e2536.jpg,-5.635470581e-09
141139674_246c0f90a1.jpg,1.621416923e-09
3422458549_f3f3878dbf.jpg,-1.03932529e-09
527968666_1fcddf81ab.jpg,3.059454438e-09
2339516180_12493e8ecf.jpg,-4.233041261e-09
3280644151_3d89cb1e0e.jpg,7.440378828e-09
369802520_9825f2cd84.jpg,-2.499349731e-09
533713007_bf9f3e25b4.jpg,-1.572807158e-09
1579287915_4257c54451.jpg,3.627740074e-10
2121140070_a09644550b.jpg,4.075228655e-09
2359784186_36c9746d02.jpg,1.106272184e-09
2101128963_fdf8b2a0d7.jpg,3.379331754e-09
2647593678_1fa3bb516c.jpg,3.093770254e-09
2196846255_2c1635359a.jpg,-2.003646843e-09
2869253972_aa72df6bf3.jpg,2.891338597e-09
3549277110_24d4064ccd.jpg,7.562949176e-10
2347921097_f2e35753c0.jpg,-3.563276277e-09
2510560080_1439fe32f2.jpg,-6.961563316e-10
2739332078_13d9acce59.jpg,-5.397658057e-09
2423856014_8df0e7f656.jpg,1.387827457e-09
2998945968_86f236d1e8.jpg,2.998791994e-10
3348191949_b0b925e5f1.jpg,-5.365706093e-09
2685788323_ceab14534a.jpg,9.948302266e-10
3544312930_3a0b8d70c1.jpg,-5.947730529e-09
2136514643_93d8f75a77.jpg,2.955941272e-09
493621130_152bdd4e91.jpg,2.88534448e-09
2261169495_98254e2e66.jpg,-1.605923925e-09
1424237335_b3be9920ba.jpg,4.836439374e-09
544122267_e9e0100bc5.jpg,-9.623567815e-10
347543966_b2053ae78c.jpg,2.027672661e-10
3091962081_194f2f3bd4.jpg,-2.398445034e-09
3673035152_da7ed916d9.jpg,-4.959542546e-09
2525270674_4ab536e7ec.jpg,-4.072575642e-09
2252264255_03fefc25af.jpg,1.455518557e-09
2902486045_6298eb22ef.jpg,6.200345631e-09
322050103_145f7233c6.jpg,-7.565087485e-10
791338571_7f38510bf7.jpg,7.193979588e-09
3251906388_c09d44340e.jpg,-6.281723832e-10
3148647065_2d6cd88cf6.jpg,3.090102643e-09
3524975665_7bec41578b.jpg,-2.406188207e-09
3673484638_dce87295fe.jpg,-3.70838538e-09
2837808847_5407af1986.jpg,2.446452668e-09
3380519003_9f91d5a7fb.jpg,2.141583235e-09
2891924845_92f69b0f18.jpg,2.885441821e-10
2773011586_6f4cd41e84.jpg,6.232956126e-09
172092464_d9eb4f4f2f.jpg,1.669067303e-09
3319489465_c65c91e4f2.jpg,7.993476936e-09
429205889_ff5a006311.jpg,-1.092284815e-08
3203872773_6c30f64be3.jpg,7.601193978e-09
2551344688_17a12a6948.jpg,-2.615534974e-09
217838128_1f0a84ddc1.jpg,4.626612557e-09
2662570182_350baa020f.jpg,-6.82166396e-09
2649850541_59a6c7f01c.jpg,-3.348928701e-09
3157744152_31ace8c9ed.jpg,1.265666092e-09
2642688531_8fb68b2147.jpg,1.686793093e-09
247652942_29ede19352.jpg,-1.113547649e-08
2848977044_446a31d86e.jpg,-1.087239876e-09
2847859796_4d9cb0d31f.jpg,-1.473255894e-10
490390951_87395fcb1c.jpg,3.971726758e-09
3425414048_fa14d33067.jpg,-5.447312811e-09
2774430374_fee1d793e7.jpg,-1.432326276e-08
3212456649_40a3052682.jpg,-2.247098099e-09
1220401002_3f44b1f3f7.jpg,-4.233413867e-09
2540203582_9a9ac92a5d.jpg,6.818796509e-10
1918573100_d31cbb6b77.jpg,5.788443386e-09
3227111573_c82f7d68b1.jpg,-4.85443551e-09
3480126681_52cea26bda.jpg,6.807027477e-10
3659686168_49c3abcee1.jpg,9.838559647e-10
2891617125_f939f604c7.jpg,-8.937829175e-10
3358682439_be4b83544c.jpg,-2.778683471e-09
2575647360_f5de38c751.jpg,6.572813924e-10
2752919987_8bfca604ab.jpg,-8.997158478e-10
2672445419_251ce9419a.jpg,-5.939440895e-10
299612419_b55fe32fea.jpg,-8.87331703e-10
3328247381_a9f7fb4898.jpg,-1.320022552e-09
2836360729_6500249fe6.jpg,-1.996673623e-09
3660826540_481d25fbb0.jpg,5.785749225e-09
2378149488_648e5deeac.jpg,2.98783687e-10
267325341_1a96ef436e.jpg,-9.445514502e-10
3682277595_55f8b16975.jpg,-7.466503302e-10
399212516_d68046b277.jpg,8.796099164e-11
317383917_d8bfa350b6.jpg,4.462061396e-09
310260324_7f941814bc.jpg,-4.526671721e-10
3737492755_bcfb800ed1.jpg,-5.641634592e-09
3665996775_6d7d9a46f1.jpg,2.220309569e-11
3275711232_e261143664.jpg,-7.55360639e-10
3733074526_82aa8d5f8d.jpg,-1.2071074e-08
299676757_571ee47280.jpg,-8.302743445e-09
2656749876_e32495bd8c.jpg,4.125295582e-10
624058168_f1c5e87e59.jpg,-2.200776457e-09
287999021_998c2eeb91.jpg,5.901699309e-09
534875358_6ea30d3091.jpg,-5.099106229e-09
341430859_4519802e8f.jpg,9.294189503e-10
1937104503_313d22a2d0.jpg,-2.334280568e-09
2701271123_6761bc5f26.jpg,-2.903082485e-09
143552697_af27e9acf5.jpg,-6.783344748e-09
3019199755_a984bc21b1.jpg,-4.939386303e-10
2009636597_e3f4fe19fb.jpg,-1.013500821e-09
3229898555_16877f5180.jpg,-2.809332808e-10
400851260_5911898657.jpg,-5.426964486e-09
3156991513_3bf03333d8.jpg,-1.305845193e-09
3472703856_568d9778b5.jpg,1.662247691e-09
1396703063_e8c3687afe.jpg,-1.17970377e-09
1472230829_803818a383.jpg,-5.256985297e-09
1685463722_55843b6d3c.jpg,-2.121500324e-09
3248752274_96740ed073.jpg,-5.545176617e-09
2256138896_3e24b0b28d.jpg,-4.39139414e-09
3530504007_3272c57e21.jpg,-7.449083977e-09
2875658507_c0d9ceae90.jpg,7.699802834e-10
3102363657_dc95fe6850.jpg,4.689500607e-09
2886411666_72d8b12ce4.jpg,6.166408905e-10
2766854400_640e2abe08.jpg,4.793707882e-09
276356412_dfa01c3c9e.jpg,2.657088877e-09
3257207516_9d2bc0ea04.jpg,1.768875068e-09
416106657_cab2a107a5.jpg,-6.137323266e-10
3001612175_53567ffb58.jpg,1.111009408e-09
404850242_3a55a4c874.jpg,2.648607465e-09
1227655020_b11a1bb112.jpg,-9.224155052e-09
2546959333_23b957988f.jpg,-8.259337326e-10
244870123_dcb6e53643.jpg,-2.047867849e-09
2896483502_6f807bae9e.jpg,-1.904234986e-09
537532165_e4b7c0e61a.jpg,6.507559546e-09
530888330_a18343e38d.jpg,-7.093682713e-09
975131015_9acd25db9c.jpg,-4.606095608e-09
3293018193_e4e0c8db7c.jpg,3.161854873e-09
2616284322_b13e7c344e.jpg,4.250261742e-10
3477369101_8e0c61d8f4.jpg,2.324624736e-09
2172493537_128bc8b187.jpg,-4.750611729e-09
3340857141_85d97a7466.jpg,-2.992830204e-09
3023178539_836b50cd43.jpg,6.252835308e-09
3608752424_01a1cfd8a6.jpg,-7.910779874e-09
2918880895_e61f74f2f0.jpg,-9.375163371e-10
2657663775_bc98bf67ac.jpg,-7.154417565e-10
1536774449_e16b1b6382.jpg,-8.08540964e-09
1999444757_1b92efb590.jpg,3.562876099e-09
1387443857_602ab6f9bf.jpg,-4.60433197e-09
2947274789_a1a35b33c3.jpg,-3.43919178e-09
2286823363_7d554ea740.jpg,-5.282685738e-10
3630332976_fdba22c50b.jpg,2.669453427e-09
2990977776_1ec51c9281.jpg,7.228692933e-09
3532761259_14026c1e96.jpg,-1.434579679e-09
2219805467_370ee1b7aa.jpg,3.861695988e-09
3332248667_617606714b.jpg,2.546121197e-10
543363241_74d8246fab.jpg,7.257555652e-09
3115901702_f07aa0ef74.jpg,3.475943846e-10
3486154327_8be7c78569.jpg,-4.925980603e-09
2171154778_8189169336.jpg,8.800060368e-10
3523874798_9ba2fa46e3.jpg,3.806683924e-09
2090997177_76d482b158.jpg,2.49489687e-09
2638369467_8fc251595b.jpg,-4.57050024e-09
3582066525_e9d6377f56.jpg,-9.401977305e-10
3671935691_57bdd0e778.jpg,5.176513342e-09
1406010299_5755339f08.jpg,5.02871343e-09
2424398046_1a55c71376.jpg,-8.361284082e-10
3025495499_b15797b452.jpg,-2.526897743e-10
2555535057_007501dae5.jpg,2.322514528e-09
2355819665_39021ff642.jpg,-1.053118777e-09
3348208268_6d97d951eb.jpg,-1.815081357e-09
551403320_dfdcf9fc3b.jpg,4.69694731e-09
2579268572_d78f8436cb.jpg,2.323549726e-09
2428751994_88a6808246.jpg,2.504362864e-09
745880539_cd3f948837.jpg,-2.524403016e-09
2394824046_51cec8e5e7.jpg,-1.191253287e-09
3164347907_2813f8ff0b.jpg,-6.814583065e-09
2501595799_6316001e89.jpg,-5.368462438e-09
1470061031_4cb59c12a8.jpg,-1.093296826e-09
3649802021_8a689bc153.jpg,1.594298534e-09
3638577494_fe55f7b4cb.jpg,1.110645485e-09
2940594396_20c40947b0.jpg,1.731504564e-10
197924859_f6e39a7dfa.jpg,4.964185444e-10
2865703567_52de2444f2.jpg,-2.665276247e-09
3758787457_1a903ee1e9.jpg,1.397217987e-09
2666078276_f7b3056997.jpg,5.676263533e-09
2737609659_efce872c24.jpg,4.490962652e-09
3131107810_7e9b96cddc.jpg,5.313753232e-09
2279945145_8815c59217.jpg,-5.447575528e-09
241346434_0527ea1c07.jpg,-4.31178407e-09
543940240_a54a3c7989.jpg,1.970411957e-09
309771854_952aabe3cc.jpg,2.978602015e-09
2676015068_690b0fb2cd.jpg,-4.070062763e-10
3425127583_611200619a.jpg,3.842209136e-09
3122773470_b622205948.jpg,-2.31034959e-09
3439128755_84409b8823.jpg,2.720078496e-09
2922222717_12195af92d.jpg,5.958358626e-10
361092202_3d70144ebd.jpg,5.139014305e-09
3692892751_f6574e2700.jpg,4.148837185e-10
439569646_c917f1bc78.jpg,9.561514187e-11
2856699493_65edef80a1.jpg,-4.033295814e-09
197107117_4b438b1872.jpg,-2.798380189e-09
95728660_d47de66544.jpg,1.283374109e-09
2215136723_960edfea49.jpg,2.901832116e-10
2657643451_b9ddb0b58f.jpg,-2.069359675e-09
2815788792_d226215d10.jpg,-2.725843262e-09
512991147_dc48e6839c.jpg,-2.995560442e-09
332045444_583acaefc3.jpg,-3.178468105e-09
3584406900_039f30b34c.jpg,-3.16654683e-09
486300784_2cc7a770ff.jpg,6.395857998e-09
2773682293_3b712e47ff.jpg,-6.479997012e-09
1355833561_9c43073eda.jpg,-5.2625222e-09
1481062342_d9e34366c4.jpg,2.33275606e-09
688940111_325a74674a.jpg,3.064425585e-09
478754346_addb53893c.jpg,-2.618731686e-09
2194286203_5dc620006a.jpg,7.271618781e-09
392976422_c8d0514bc3.jpg,-2.743693871e-10
2103361407_4ed4fc46bf.jpg,-6.6303991e-10
2525455265_f84ba72bd7.jpg,2.483127308e-09
2938316391_97382d14aa.jpg,-4.917289465e-09
3659769138_d907fd9647.jpg,1.347374114e-09
3455405300_aa3069ecaa.jpg,1.552635306e-09
3646970605_d25c25340b.jpg,2.48150914e-09
3438858409_136345fa07.jpg,2.668509224e-10
887108308_2da97f15ef.jpg,-9.045264319e-11
3025334206_76888792e5.jpg,-2.587359128e-09
364213568_7f83e7d144.jpg,-7.913443354e-09
3198237818_cb5eb302f0.jpg,7.669981311e-09
824782868_a8f532f3a6.jpg,5.708854555e-10
3256603992_67312b5a36.jpg,6.304590165e-09
2589156742_c46bc82137.jpg,6.444326162e-10
2846785268_904c5fcf9f.jpg,-4.870009694e-09
3003612178_8230d65833.jpg,3.771327051e-09
619169586_0a13ee7c21.jpg,3.122534301e-10
2021671653_567395c7cf.jpg,-2.453869575e-09
2043427251_83b746da8e.jpg,9.355848651e-09
3625519177_4c2bb9e7f0.jpg,-5.737375953e-09
394463341_5311c53783.jpg,3.763280358e-09
3344526059_4a097af285.jpg,7.801383189e-10
2378127945_8dc9da82d7.jpg,-2.996362484e-09
3690425778_3b390b3ea5.jpg,3.1480109e-09
3470129475_9e58b6742c.jpg,1.71614041e-09
1388346434_524d0b6dfa.jpg,4.989305233e-09
3334057289_68ece38a85.jpg,1.646652353e-09
2182050469_1edac0bc60.jpg,-1.618744764e-09
2399219552_bbba0a9a59.jpg,-5.53444655e-09
2866254827_9a8f592017.jpg,1.457869505e-09
3434452829_62cee280bc.jpg,-3.959849877e-09
2467853482_17009933e8.jpg,7.689486677e-09
978580450_e862715aba.jpg,-5.765333391e-09
3435648640_b2f68efb78.jpg,-1.052009668e-08
3104909823_0f41dd8be6.jpg,9.165538099e-10
3336759846_5220e27deb.jpg,4.524043975e-09
491600485_26c52c8816.jpg,-1.295239377e-09
3613005134_bb7f304da1.jpg,-4.453378336e-09
1378557186_4bd1da6834.jpg,1.155057121e-09
551664516_78a5131dc4.jpg,8.022096322e-09
3725177385_62d5e13634.jpg,-2.661207316e-09
765091078_a8a11c6f9e.jpg,-1.61353883e-09
3046430047_d7b10123d0.jpg,-4.106255973e-10
2483993827_243894a4f9.jpg,1.345804769e-09
2125454445_5c5c4bf906.jpg,-4.569157322e-09
3219065971_702c4e8c34.jpg,-3.019448165e-09
1965278563_8279e408de.jpg,-8.201483518e-09
439049388_3dcee2d30b.jpg,-3.611643927e-10
3207358897_bfa61fa3c6.jpg,1.923110639e-09
2090327868_9f99e2740d.jpg,-1.832186203e-09
195962284_e57178054a.jpg,-1.018302286e-10
2854207034_1f00555703.jpg,-2.09465942e-10
2592019072_a6c0090da4.jpg,8.175404292e-09
483039719_75181b2726.jpg,1.969581556e-09
2613920405_e91e6ebd7a.jpg,1.77635716e-09
905355838_3a43fdfd4e.jpg,-2.675036071e-09
3638459638_ec74e3ff89.jpg,-1.44383034e-10
3381788544_2c50e139dd.jpg,-2.826238981e-09
3252985078_c4ee2aca4e.jpg,4.785414447e-09
3563673070_71fa0903ed.jpg,1.071990849e-09
3708839890_ed448012cf.jpg,1.865450508e-09
2661567396_cbe4c2e5be.jpg,3.612661965e-09
3321063116_4e5deeac83.jpg,-3.15397924e-09
1897025969_0c41688fa6.jpg,4.126830228e-10
516214924_c2a4364cb3.jpg,1.355962464e-09
3110649716_c17e14670e.jpg,4.168050406e-10
524310507_51220580de.jpg,-3.299982794e-09
3474265683_43b1033d94.jpg,1.362592056e-09
2384401298_e389c01abc.jpg,4.367771543e-09
3705976184_53ae07e898.jpg,7.169959866e-09
2243904502_2d265fed80.jpg,-1.090513415e-09
1122944218_8eb3607403.jpg,1.816988567e-10
95734035_84732a92c1.jpg,-1.42652446e-09
1814391289_83a1eb71d3.jpg,-6.463053815e-10
3342487512_fd33971dea.jpg,1.131903644e-09
1562392511_522a26063b.jpg,-2.678368376e-10
86542183_5e312ae4d4.jpg,-2.395332872e-09
3301021288_95935b7a74.jpg,-5.063072526e-09
3245070961_8977fdd548.jpg,-1.603797165e-09
3181322965_ce9da15271.jpg,6.556796756e-10
1561658940_a947f2446a.jpg,-1.488200121e-09
2021602343_03023e1fd1.jpg,4.862439548e-09
2978735290_7464b12270.jpg,-1.860957063e-09
3371266735_43150bce52.jpg,-3.655393077e-10
1163282319_b729b24c46.jpg,7.326754466e-09
3115174046_9e96b9ce47.jpg,-2.757232963e-09
3500342526_393c739e2f.jpg,-7.29581496e-09
3357416302_fcfcdd7b86.jpg,5.180440545e-09
3081363964_d404eccae8.jpg,5.919940983e-09
2113530024_5bc6a90e42.jpg,-1.319157279e-10
3191805046_77c334b506.jpg,2.853289078e-09
3443351431_7b4061df5c.jpg,3.698007869e-10
3484649669_7bfe62080b.jpg,1.205561176e-09
3487979741_5f244c0c4b.jpg,3.709153458e-09
3039214579_43ef79f931.jpg,2.291367715e-09
2449552677_ee78f01bae.jpg,-2.705871387e-09
2527303359_6c3dc3f282.jpg,1.296958294e-09
3035785330_2fd5e32bb1.jpg,1.85766378e-09
3423509305_e399d005db.jpg,-2.735753346e-09
578644583_da3ff18dd1.jpg,1.81565921e-09
3443853670_6c79fcfcb2.jpg,1.812919584e-09
3342272425_804316cb3d.jpg,-1.323635608e-09
1429723917_6af585e4c0.jpg,-5.955879672e-09
2934801096_230ae78d7e.jpg,-5.945073113e-09
2567035103_3511020c8f.jpg,8.104407003e-09
427683329_95d510a087.jpg,-1.076038702e-09
1425069308_488e5fcf9d.jpg,-3.246803076e-11
2206600240_f65df56a09.jpg,-7.239346015e-09
755326139_ee344ece7b.jpg,6.354882901e-10
418357172_bdddf71d32.jpg,-1.848289083e-09
1676601498_7d59327523.jpg,-1.207471893e-09
3322200641_c2e51ff37b.jpg,1.58809788e-10
2596619849_7b635dd310.jpg,-2.062231431e-09
2380740486_8cd5d4601a.jpg,2.02311874e-08
439037721_cdf1fc7358.jpg,-1.63511134e-09
447722389_4b51b7e13d.jpg,-1.037333199e-10
3597354819_0069aaf16e.jpg,-8.465134983e-10
2366421102_2d60d53a0e.jpg,-1.664846149e-11
3374722123_6fe6fef449.jpg,-4.224485747e-09
3728164558_52729baefa.jpg,-1.041909483e-08
3425061393_d093edb8da.jpg,7.718631479e-10
3449170348_34dac4a380.jpg,1.557124939e-09
1787222774_d5c68cce53.jpg,-9.419437437e-10
3616846215_d61881b60f.jpg,1.387263576e-10
2060031241_a3ae7a06bb.jpg,3.968976671e-09
3628698119_5566769777.jpg,-5.660833262e-09
3315353266_70f0bbb1c3.jpg,-7.578920817e-09
488590040_35a3e96c89.jpg,-1.660060673e-09
3085973779_29f44fbdaa.jpg,1.447339109e-09
377872472_35805fc143.jpg,-4.302671263e-09
463978865_c87c6ca84c.jpg,-6.212635014e-09
3249891130_b241591e89.jpg,-2.037368235e-09
2954584849_3c2899f319.jpg,6.992674427e-10
2308978137_bfe776d541.jpg,-9.053740299e-09
3596959859_a7cb1e194b.jpg,9.193989264e-10
3647826834_dc63e21bd0.jpg,2.162096102e-09
2058124718_89822bc96e.jpg,6.063728199e-09
3356284586_21c6f155a5.jpg,-1.579648818e-09
2629294578_853a08bb43.jpg,-2.052234304e-09
2186139563_e60c1d4b8b.jpg,3.815666445e-09
2445654384_4ee3e486e1.jpg,3.810759402e-09
3351111378_b5d80783a1.jpg,-7.74695656e-09
3585117340_73e96b6173.jpg,4.757986955e-09
2710280476_dcccb8745a.jpg,1.865279069e-09
3718964174_cb2dc1615e.jpg,-7.217150218e-10
2754271176_4a2cda8c15.jpg,-9.707926918e-10
3134586018_ae03ba20a0.jpg,-1.852597482e-09
1626754053_81126b67b6.jpg,-5.312853649e-09
3359530430_249f51972c.jpg,-5.643195924e-09
3604384157_99241be16e.jpg,-7.948822657e-10
2160266952_a2ab39191b.jpg,-1.062873242e-08
3461049169_e068ae4f25.jpg,-2.604786071e-09
2695085632_10c4e6ea78.jpg,5.61831453e-10
575636303_b0b8fd4eee.jpg,3.29462066e-09
3284899112_f11ab3cfe6.jpg,-3.459599408e-09
1093737381_b313cd49ff.jpg,-6.383922891e-10
3544483327_830349e7bc.jpg,7.91639013e-09
2992999413_018f48aabc.jpg,-2.24691924e-09
1813266419_08bf66fe98.jpg,1.624948085e-09
424379231_23f1ade134.jpg,2.332867083e-09
3176278670_195eea071c.jpg,-5.451498139e-09
2967630001_cdc5560c0b.jpg,-2.39675161e-10
353180303_6a24179c50.jpg,2.514528935e-09
2875583266_4da13ae12d.jpg,-8.898758706e-09
3679707139_1cc1e71237.jpg,1.085421828e-09
3565598162_56044bc2f7.jpg,-1.440576173e-11
2882589788_cb0b407a8d.jpg,6.130892601e-09
3060969260_08f43e4f4f.jpg,1.089892e-10
2922981282_203f04bf9b.jpg,-1.672742513e-10
3336808362_c17837afd8.jpg,-1.010618939e-08
312156254_ef31dca5ed.jpg,-3.804724824e-09
3356748019_2251399314.jpg,6.492589293e-09
3576741633_671340544c.jpg,-1.484483788e-09
3330654550_3efe9a71af.jpg,-5.576819734e-10
3516285214_59823b341e.jpg,-4.626372605e-09
2322601965_748d59dc57.jpg,-2.748726048e-09
2346402952_e47d0065b6.jpg,-8.880026232e-11
1732217138_aa0199ef87.jpg,1.768804325e-09
3189293145_35dea42679.jpg,-2.102623354e-09
488408004_a1e26d4886.jpg,9.400161328e-10
497579819_f91b26f7d3.jpg,6.272901501e-09
3424934891_69f18da66e.jpg,2.106315889e-09
3053813297_7ce5f87710.jpg,1.609360362e-09
747921928_48eb02aab2.jpg,8.545720135e-10
3584534971_b44f82c4b9.jpg,-8.218402832e-12
1773928579_5664a810dc.jpg,4.587822992e-09
2539933563_17ff0758c7.jpg,-3.643246923e-09
3009035153_715e39b440.jpg,-6.70213576e-09
3619416477_9d18580a14.jpg,3.500875107e-11
2568656919_6e49d2a82b.jpg,9.614039404e-11
2204777844_1bcf26bf84.jpg,9.966229768e-10
436608339_f1d1298770.jpg,-1.322758462e-10
3669069522_555c97fbfb.jpg,6.54249821e-10
2584020755_14e2b3e8fc.jpg,7.299658163e-10
444845904_a4531c811a.jpg,-9.287928219e-10
186348874_75b2cf1ec5.jpg,-5.560761219e-09
2862481071_86c65d46fa.jpg,4.510001875e-09
3109704348_c6416244ce.jpg,-1.443703216e-09
368212336_bc19b0bb72.jpg,-4.272318748e-09
735787579_617b047319.jpg,3.99213922e-09
3304511635_113beaf458.jpg,-3.220017931e-10
3519815055_304dc8e8d6.jpg,-6.487603697e-09
1404832008_68e432665b.jpg,5.325935989e-10
1252787177_4b08625897.jpg,-2.294060288e-09
3333675897_0043f992d3.jpg,8.992702952e-10
3176968956_d942a93513.jpg,-3.389197969e-09
2519594430_551225e5bd.jpg,4.729516401e-09
403678611_73978faed7.jpg,-1.98016389e-09
3458215674_2aa5e64643.jpg,6.143549889e-09
3355827928_c96c0c3e88.jpg,-7.885112697e-09
3376435746_1593d9b243.jpg,2.364411985e-09
3265209567_b3b9c8e0fe.jpg,-7.526707779e-10
418796494_bdb441de42.jpg,2.725467268e-09
3216762979_813c45a8ec.jpg,4.1120943e-09
3639967449_137f48b43d.jpg,3.7727258e-09
3335501468_628655d608.jpg,1.005767383e-08
766099402_cdda6964f0.jpg,-1.369400409e-09
3195701071_81879257f5.jpg,-2.070452082e-09
3498354674_b636c7992f.jpg,-6.193013795e-09
405051459_3b3a3ba5b3.jpg,5.672234082e-09
3405759441_fb31c80240.jpg,-3.033539124e-09
3492734013_e6b177ed99.jpg,-1.181123437e-09
2224995194_518859d97d.jpg,2.329841022e-09
2269961438_cae7a9c725.jpg,1.903133719e-09
3293945284_6a04e477a9.jpg,2.323038352e-09
2057305043_952b8dc82c.jpg,4.724433282e-09
3256274183_4eab3b2322.jpg,-7.142521032e-09
640409060_6af18fdd54.jpg,5.507005343e-09
2857609295_16aaa85293.jpg,2.714695716e-09
3479245321_6a5bc470f8.jpg,-2.993238964e-09
3482787182_a5c6d4b386.jpg,4.841674465e-09
263854883_0f320c1562.jpg,-2.552904365e-09
3084034954_fe5737197d.jpg,7.679611246e-09
2911107495_e3cec16a24.jpg,-8.007235986e-09
2273105617_7c73d2d2d3.jpg,6.178706112e-09
2772084628_c0ae29d87a.jpg,6.041884845e-11
3663951804_868982f3f9.jpg,-3.72519809e-09
437404867_209625774d.jpg,-3.98146078e-09
3376014640_ff5b00769f.jpg,5.490749558e-09
771366843_a66304161b.jpg,-1.598909441e-09
3084011028_d1e2c40d7d.jpg,3.410976112e-09
2157003092_eaeb977789.jpg,7.478717909e-10
3504940491_94c43792ed.jpg,-2.847610586e-09
2993049054_611f900644.jpg,-4.145903508e-09
2544182005_3aa1332bf9.jpg,2.511782265e-10
2924884899_f512c84332.jpg,-8.307711091e-10
2090386465_b6ebb7df2c.jpg,-7.648004221e-10
127450902_533ceeddfc.jpg,3.180600738e-09
3234401637_84e0d14414.jpg,-5.454844214e-10
1429546659_44cb09cbe2.jpg,4.3312635e-09
2564663851_3a9832e4fc.jpg,2.354319123e-09
3554634863_5f6f616639.jpg,9.246860335e-10
2929006980_9f9f8f3d21.jpg,4.130324004e-10
3425835357_204e620a66.jpg,-7.870556761e-09
2075493556_b763648389.jpg,3.422332979e-09
3556390715_65c6d1e88b.jpg,-1.902533202e-09
3590654365_fd4819f48b.jpg,-5.103901231e-10
265528702_8653eab9fa.jpg,4.635212442e-09
3551787566_b5ebbe2440.jpg,4.360401948e-09
2736902411_a0010f89ae.jpg,5.129181445e-10
3413669228_ec64efeb34.jpg,4.032112162e-09
3700346840_bb80d622f7.jpg,-6.091796899e-09
3036641436_d6594fc45f.jpg,3.896405788e-09
2974501005_346f74e5d8.jpg,9.557542339e-10
2599444370_9e40103027.jpg,-3.777344363e-09
3187096035_65dc416291.jpg,1.898696141e-09
2543679402_9359e1ee4e.jpg,-3.385331116e-09
1245022983_fb329886dd.jpg,-1.218170601e-08
3472066410_065b4f99d3.jpg,-3.037610552e-09
3016741474_72b4355198.jpg,-5.290412534e-09
1802092493_7b44fdb6b9.jpg,-6.863405888e-09
2181724497_dbb7fcb0a9.jpg,3.791652707e-09
3539840291_1c3eed701d.jpg,4.230022726e-09
3264464625_c711cc40c6.jpg,1.09300982e-09
447733067_09cfac3286.jpg,1.105357757e-09
3201594926_cd2009eb13.jpg,-6.228177242e-10
289599470_cc665e2dfb.jpg,-1.986658697e-09
3656030945_fa003bd696.jpg,-3.004106799e-09
979383193_0a542a059d.jpg,-4.052778055e-09
3155400369_69e3d6d70f.jpg,-7.35429751e-10
3043685748_130db75e3b.jpg,1.036354538e-09
2072574835_febf0c5fb9.jpg,7.510535175e-09
300314926_0b2e4b64f5.jpg,-2.703471984e-09
3530087422_7eb2b2c289.jpg,7.528752188e-10
293327462_20dee0de56.jpg,-4.600076018e-09
750196276_c3258c6f1b.jpg,-5.928800374e-09
2619454551_c4bb726a85.jpg,-2.227607286e-09
300148649_72f7f0399c.jpg,4.634518889e-09
894928353_002a3d5f06.jpg,2.386766439e-09
2917057791_3d68a055ca.jpg,-6.200665226e-09
366713533_bd6d48cf02.jpg,-1.006667125e-08
3398746625_5199beea71.jpg,-4.168028954e-10
3191135894_2b4bdabb6d.jpg,9.193697872e-09
2973269132_252bfd0160.jpg,-2.802334109e-09
3315616181_15dd137e27.jpg,1.057832487e-09
1251558317_4ef844b775.jpg,9.079588496e-10
1932314876_9cc46fd054.jpg,2.467377529e-09
366548880_3d3e914746.jpg,7.854457751e-10
3448855727_f16dea7b03.jpg,-4.750430864e-09
3025315215_a5d367971a.jpg,-3.724964839e-09
3017203816_5dc2a6b392.jpg,8.213230261e-09
2707933554_f6dc5e0e3c.jpg,-2.325126393e-09
2516317118_10ae66b87a.jpg,2.530613729e-09
2426215757_e008a91fcb.jpg,5.051150461e-09
2806710650_e201acd913.jpg,-3.015722208e-09
3319338707_892ae2a660.jpg,6.683059316e-09
3681651647_08eba60f89.jpg,2.536841045e-11
1461653394_8ab96aae63.jpg,1.14754081e-09
3216085740_699c2ce1ae.jpg,6.447648393e-10
3582914739_bef2828a06.jpg,-4.415779875e-09
256958382_b9006bfc5b.jpg,1.035998115e-09
3466891862_9afde75568.jpg,8.253205073e-10
1022454332_6af2c1449a.jpg,-1.629927598e-09
2375924666_fee50f1cba.jpg,-8.25550229e-11
2975807155_5a8610c297.jpg,-1.070274175e-08
2918653119_f535fc25c4.jpg,7.503329366e-09
3432586199_e50b0d6cb7.jpg,-3.006737669e-09
3090386315_87ed417814.jpg,-3.703566081e-10
2970461648_fe14ba0359.jpg,-1.700006488e-09
3474985112_24ef46e82d.jpg,-8.243114502e-10
2715155329_1ed1756000.jpg,1.201918862e-09
2981372647_2061278c60.jpg,-5.225970761e-09
3199645963_a681fe04f8.jpg,-3.229989141e-09
3361882891_6e610ffdbb.jpg,-3.081155699e-09
370442541_60d93ecd13.jpg,-6.743505233e-09
1482960952_95f2d419cb.jpg,-2.700803482e-09
1198194316_543cc7b945.jpg,-1.832751216e-09
2136992638_098d62a3c5.jpg,5.225808698e-09
2831672255_d779807c14.jpg,-2.782965342e-09
3133403457_95dfe11da1.jpg,1.658443333e-09
2270483627_16fe41b063.jpg,-5.992791297e-10
2830880811_d7f66dd2cf.jpg,-1.374086748e-09
3028969146_26929ae0e8.jpg,-6.533662897e-09
3435015880_eda46ff50f.jpg,1.243153648e-09
3210457502_c6030ce567.jpg,-6.844049478e-10
3246804978_ea2c9e56f2.jpg,1.411896038e-08
544301311_5e7d69a517.jpg,-2.429530596e-09
3405113041_4b72c24801.jpg,2.110010113e-09
3494345896_dd6b32cfa3.jpg,-5.803539493e-09
3697153626_90fb177731.jpg,-5.636736302e-09
2942094037_f6b36fd3db.jpg,-1.428405192e-09
3688839836_ba5e4c24fc.jpg,-1.108561844e-09
1234293791_6566284bcd.jpg,-2.402531849e-09
2998024845_1529c11694.jpg,4.083681088e-09
3514179514_cbc3371b92.jpg,-6.323190935e-09
2877637572_641cd29901.jpg,8.675874227e-09
3336211088_4c294a870b.jpg,-4.666655705e-10
453756106_711c20471a.jpg,-1.027129065e-09
3116039960_54d1d68145.jpg,5.895414426e-09
3634828052_3b6aeda7d6.jpg,3.250683195e-09
1384292980_4022a7520c.jpg,2.092742104e-09
2747640247_b54bfa6886.jpg,-6.649765669e-10
2784625888_71a421e171.jpg,3.332100444e-10
2059616165_b7c99c1009.jpg,6.167353178e-10
2232518012_8cb0bbc43b.jpg,-4.992966536e-12
3079787482_0757e9d167.jpg,4.307664038e-09
531197115_2be4d5034b.jpg,6.372145345e-10
2194797921_96af7a9467.jpg,4.954565569e-09
3211210739_3dea005fde.jpg,-4.513586154e-09
229951087_4c20600c32.jpg,-2.645087145e-09
3582814058_564776f26c.jpg,-1.590796796e-09
241347547_902725b9f8.jpg,-3.035208523e-09
265223843_9ef21e1872.jpg,5.952662018e-09
3576840040_9356b5b10a.jpg,4.446653304e-09
2170187328_65c2f11891.jpg,-7.970720373e-10
374104006_7f32c8c5de.jpg,-4.451657843e-09
3391209042_d2de8a8978.jpg,-1.20597961e-09
3073579130_7c95d16a7f.jpg,-1.31240594e-09
3153828367_5fc2c37c07.jpg,3.813959882e-09
2664102751_d5a737a566.jpg,-3.558109199e-09
799431781_65dc312afc.jpg,-5.335317063e-09
3403370354_5d266873b4.jpg,6.53192568e-09
2107838729_a527e434bd.jpg,-2.114959471e-09
3458625738_297857369c.jpg,-1.308402538e-08
2102724238_3cf921d7bb.jpg,5.229388577e-09
2606433181_f8f9d38579.jpg,1.378892205e-08
2062607137_dac194ad02.jpg,1.273653496e-09
3108544687_c7115823f5.jpg,-1.682141467e-09
2870875612_2cbb9e4a3c.jpg,-6.481416457e-09
2479652566_8f9fac8af5.jpg,-9.267631431e-10
2508313118_524e93d48c.jpg,-1.416043291e-09
2271468944_3264d29208.jpg,2.938153629e-09
2538477523_1da77eb11c.jpg,3.973577889e-09
2872806249_00bea3c4e7.jpg,-6.075032093e-09
3506216254_04d119cac7.jpg,7.558456208e-10
1020651753_06077ec457.jpg,-1.533911654e-09
3582920844_2742804f3d.jpg,4.298545121e-09
3726590391_bc6e729bb6.jpg,-5.231177798e-09
1574401950_6bedc0d29b.jpg,-1.052374152e-09
409327234_7b29eecb4e.jpg,2.233680589e-10
2540326842_bb26cec999.jpg,5.424697443e-09
3467073304_aefe553c4d.jpg,-1.433096936e-09
522700240_d9af45e60d.jpg,-6.803687794e-09
3595408539_a7d8aabc24.jpg,-1.351921661e-09
3601803640_5f3cb05acf.jpg,-1.475562592e-09
3397803103_8a46d716f4.jpg,5.552818015e-10
1440024115_129212c988.jpg,-3.472234951e-09
1032122270_ea6f0beedb.jpg,4.457210707e-10
2581066814_179d28f306.jpg,2.89726763e-09
2406591500_403f145905.jpg,-2.367842448e-09
2274992140_bb9e868bb8.jpg,-5.972755433e-09
3475111806_f0d2927707.jpg,2.136045902e-09
3634032601_2236676cdd.jpg,8.153081063e-09
2250870111_8402d2319d.jpg,-6.012784138e-09
1473250020_dc829a090f.jpg,-1.484102739e-10
3130064588_6d1d3fa2dd.jpg,-2.325335641e-09
1478606153_a7163bf899.jpg,-3.964329504e-09
2302516347_26054442f9.jpg,-4.129120507e-09
3461041826_0e24cdf597.jpg,5.351740882e-09
3259229498_2b5708c0c6.jpg,1.828178355e-09
3217893350_57be430d06.jpg,2.076115858e-09
2098418613_85a0c9afea.jpg,-5.624326763e-09
160792599_6a7ec52516.jpg,7.03943656e-09
2100046085_69b59b6645.jpg,-2.684869428e-09
2629334536_11f2d49e05.jpg,4.780900121e-09
407008823_bdd7fc6ed5.jpg,2.795459211e-09
509123893_07b8ea82a9.jpg,-3.462783832e-09
326585030_e1dcca2562.jpg,-5.861507473e-09
270816949_ffad112278.jpg,-5.330215981e-09
3375070563_3c290a7991.jpg,3.455976824e-09
3613375729_d0b3c41556.jpg,-9.101212071e-10
244399048_8332bb3270.jpg,-1.391399127e-09
3165936115_cb4017d94e.jpg,2.442859764e-09
3031263767_2e3856130e.jpg,-5.643201137e-09
3665569615_9a71c4b6e4.jpg,-3.48343778e-09
661757041_61e131e913.jpg,-7.541528106e-09
3442272060_f9155194c2.jpg,-1.982254688e-09
3514184232_b336414040.jpg,3.410183434e-10
1187435567_18173c148b.jpg,3.608378405e-09
3147913471_322ea231d9.jpg,-2.373776886e-09
1784309115_0ad6791146.jpg,-2.154859358e-09
2714699748_c9270dd5aa.jpg,1.384006892e-09
3262301835_9f1a49b80a.jpg,2.680238006e-09
3331525712_af1dcc47f2.jpg,3.728729343e-09
2402744031_11f9f2f2b8.jpg,-3.731620056e-09
3572144280_ea42bbd927.jpg,1.092440758e-08
2739331794_4ae78f69a0.jpg,1.528126757e-09
3245912109_fdeef6b456.jpg,-6.854376698e-09
3518675890_2f65e23ff9.jpg,-2.735830053e-09
3458379941_657182bb09.jpg,8.202427917e-11
2428086758_bce4733f7e.jpg,-8.796983866e-09
1794818900_e0ffdd268e.jpg,-2.387413382e-09
1386251841_5f384a0fea.jpg,3.710993327e-09
1121416483_c7902d0d49.jpg,-4.278896187e-09
247097023_e656d5854d.jpg,6.599106312e-09
2431120202_b24fe2333a.jpg,-3.181409192e-09
2909609550_070eea49b5.jpg,-1.573148848e-08
2635908229_b9fc90d3fb.jpg,-2.4700445e-09
3544803461_a418ca611e.jpg,-3.401273891e-09
3214100656_80cda1b86b.jpg,6.252612741e-09
3703960010_1e4c922a25.jpg,-1.29559741e-09
2317714088_bcd081f926.jpg,3.360914356e-09
3298175192_bbef524ddc.jpg,1.573858672e-09
3353950389_1153d5e452.jpg,9.912264252e-10
3705430840_e108de78bf.jpg,8.744088473e-10
3427023324_f1f6504bf4.jpg,-5.24093566e-09
3084010872_cbc3ea8239.jpg,-6.428635832e-09
2498897831_0bbb5d5b51.jpg,-1.907489229e-09
3636418958_f038130bb2.jpg,4.903465162e-09
584484388_0eeb36d03d.jpg,5.433184674e-09
3666574371_317b008d2a.jpg,-5.996204127e-09
3254645823_a7c072481c.jpg,-6.552787036e-09
2687529141_edee32649e.jpg,-3.568249671e-09
540604040_bec822c144.jpg,-5.597749983e-09
3280052365_c4644bf0a5.jpg,2.493908003e-09
2295750198_6d152d7ceb.jpg,-4.002420224e-09
530950375_eea665583f.jpg,-2.671394877e-10
251958970_fa6b423f23.jpg,-5.682213598e-10
1459250022_bf1eddad11.jpg,-3.377737665e-09
2596514158_c516e57974.jpg,2.280749712e-09
3192311620_99bda27fbd.jpg,1.932165157e-09
244760301_5809214866.jpg,-6.622246245e-10
2923475135_a6b6e13d26.jpg,-4.346446344e-09
3177799416_5bd0382370.jpg,2.121514182e-09
2507182524_7e83c6de82.jpg,5.311599744e-10
2370481277_a3085614c9.jpg,3.347697194e-09
2141713971_e25eb12712.jpg,3.956597441e-09
2883907436_82bf4a36b8.jpg,-4.156163888e-09
498444334_a680d318a1.jpg,-3.015396871e-09
222759342_98294380fc.jpg,2.266977696e-09
3502343542_f9b46688e5.jpg,-1.941771046e-09
2721656220_5f4cda8bc1.jpg,-2.352721492e-09
424869823_7aec015d87.jpg,8.501655575e-09
3148811252_2fa9490a04.jpg,-3.911871879e-09
3415287719_3c776f370e.jpg,5.029211053e-10
2444134813_20895c640c.jpg,8.489431552e-09
2260560631_09093be4c6.jpg,-1.621583046e-09
3396153660_f729d9f9b9.jpg,-2.072753406e-09
3432634159_1eb9a73306.jpg,1.572798618e-09
751737218_b89839a311.jpg,4.706157047e-10
3078229723_2aa52600de.jpg,7.927303894e-11
470887785_e0b1241d94.jpg,-2.486225796e-09
3615239961_62b4dbc174.jpg,3.649158409e-09
3125158798_0743dae56e.jpg,6.061681594e-09
468608014_09fd20eb9b.jpg,-1.077972697e-09
109738916_236dc456ac.jpg,-5.388330506e-10
2852982055_8112d0964f.jpg,-8.973153405e-09
2367317953_503317493e.jpg,-1.190941246e-09
3206058778_7053ee6b52.jpg,2.338017373e-09
3667908724_65c7d112f2.jpg,3.141657593e-09
519061891_320061864e.jpg,-8.323254214e-10
3271468462_701eb88d3b.jpg,-9.3283769e-10
2199083344_3aa77f4879.jpg,-5.678703586e-09
3621741935_54d243f25f.jpg,1.8362118e-09
2087317114_cf06df5aa5.jpg,3.328910065e-09
3238654429_d899e34287.jpg,2.965633446e-09
2268596214_ca532f5c63.jpg,3.080573491e-09
3564312955_716e86c48b.jpg,-3.294058759e-09
1714316707_8bbaa2a2ba.jpg,3.010289834e-10
109260216_85b0be5378.jpg,-4.358420235e-09
2872197070_4e97c3ccfa.jpg,-5.554245382e-09
747242766_afdc9cb2ba.jpg,1.597440093e-09
191003287_2915c11d8e.jpg,-2.478802149e-10
399246804_b4b5dc70e1.jpg,7.967243831e-10
3259222690_69737f2a6e.jpg,-1.949398928e-09
2543017787_9720b4fa1c.jpg,-2.196039839e-09
417577408_eb571658c1.jpg,1.048115367e-09
832128857_1390386ea6.jpg,3.909898322e-09
3443161359_65544fd732.jpg,6.950516989e-09
3322389758_394c990b6a.jpg,4.577290899e-10
269361490_a22ae818bf.jpg,2.150285285e-09
3421131122_2e4bde661e.jpg,1.421367656e-09
989754491_7e53fb4586.jpg,-1.070978076e-09
3174726084_c108de0a64.jpg,3.248593823e-09
3745451546_fc8ec70cbd.jpg,-1.883166938e-10
2374247382_023a86b9ca.jpg,3.430478912e-09
246231741_882b45c4e1.jpg,3.17810256e-10
2887798667_ce761d45e8.jpg,2.090367914e-09
425706089_f138118e12.jpg,1.186143964e-09
3320756943_9d004f9824.jpg,9.126273276e-09
255091930_aa2b5c0eb9.jpg,-5.5837206e-10
2226534154_cbcab7ba32.jpg,-3.49052477e-10
3694064560_467683205b.jpg,-2.453782697e-09
3201666946_04fe837aff.jpg,7.288538426e-10
1799271536_6e69c8f1dc.jpg,-4.125477058e-09
2426724282_237bca30b5.jpg,-2.609563695e-09
526955751_f519d62b58.jpg,3.721946154e-09
3089742441_d42531c14f.jpg,1.669864385e-09
3520869880_2e8b7d7842.jpg,1.023471008e-09
3244747165_17028936e0.jpg,-4.901768356e-09
2644430445_47c985a2ee.jpg,2.074188682e-09
3526150930_580908dab6.jpg,2.515321432e-09
3713882697_6dd30c7505.jpg,-7.73475143e-10
3266306177_7994dc2865.jpg,-7.627612988e-10
2883099128_0b056eed9e.jpg,-5.112685463e-09
2812125355_5e11a76533.jpg,-7.606737914e-10
3607489370_92683861f7.jpg,-6.800234758e-09
2399551242_c62a46dd5f.jpg,6.622153945e-09
2199250692_a16b0c2ae1.jpg,2.693824179e-10
275002371_5b200e6a92.jpg,-8.664955921e-10
3169777863_d745865784.jpg,3.263911805e-11
3604391853_b4809fcb8c.jpg,5.990884622e-09
3518443604_6da641f07d.jpg,1.257923704e-08
3045613316_4e88862836.jpg,-1.536195359e-09
442220883_ff3d6e507f.jpg,-6.551152018e-10
2193980605_4221c6474d.jpg,-6.275153696e-09
302241178_a582c1b953.jpg,-2.587296715e-10
514990193_2d2422af2c.jpg,3.264452042e-09
2065875490_a46b58c12b.jpg,-3.181484247e-09
3061481868_d1e00b1f2e.jpg,-4.249494049e-10
3157847991_463e006a28.jpg,-5.213923769e-09
3497485793_e36c1d2779.jpg,7.412384309e-10
798343627_7492fe0c12.jpg,-6.488143239e-09
2417745327_a2c2705043.jpg,-3.293261997e-10
2815755985_0fa55544c0.jpg,-5.564092525e-09
3593222804_c187808ac3.jpg,1.613084527e-09
2586911841_41b7a48c91.jpg,8.052326111e-10
498794783_cc2ac62b47.jpg,3.284312171e-09
1094462889_f9966dafa6.jpg,5.286131966e-09
225699652_53f6fb33cd.jpg,7.736716048e-09
1876536922_8fdf8d7028.jpg,-6.867537666e-10
1144288288_e5c9558b6a.jpg,1.197915835e-09
1396064003_3fd949c9dd.jpg,3.423472982e-09
1904112245_549e47c8aa.jpg,-2.190063657e-09
2860400846_2c1026a573.jpg,-3.572125566e-09
2877424957_9beb1dc49a.jpg,-4.164015249e-09
743571049_68080e8751.jpg,4.400368441e-10
689776124_07f560a920.jpg,-2.838550583e-09
2209496328_2a34fd201d.jpg,2.545358383e-09
3229821595_77ace81c6b.jpg,2.987798276e-09
3098824948_23c31df031.jpg,-1.810778192e-09
240583223_e26e17ee96.jpg,-3.877859515e-09
3325578605_afa7f662ec.jpg,-1.655522654e-09
2569643552_23696a9ba5.jpg,-8.990528967e-09
2706766641_a9df81969d.jpg,-1.66710151e-09
2280525192_81911f2b00.jpg,-2.486829365e-09
1131155939_b4b457b05e.jpg,1.676866789e-09
319938879_daf0857f91.jpg,2.643935411e-09
3559429170_3183c404b9.jpg,1.157580541e-09
205682549_713aa6cd88.jpg,-2.752688831e-09
1572532018_64c030c974.jpg,-2.142505244e-09
390360326_26f5936189.jpg,7.666314006e-09
441212506_fcc321ac28.jpg,-8.172356717e-10
1398873613_7e3174dd6c.jpg,1.79425927e-09
1989145280_3b54452188.jpg,7.4492975e-09
2831656774_36982aafdb.jpg,1.88954239e-09
539750844_02a07ec524.jpg,2.06540034e-09
3364026240_645d533fda.jpg,-3.305428627e-09
283428775_a3665bee7c.jpg,5.880032823e-09
211295363_49010ca38d.jpg,3.593837094e-09
2911238432_33ec2d8cec.jpg,-3.209538802e-10
2696951725_e0ae54f6da.jpg,1.230948993e-09
254901702_67ada9867c.jpg,-4.006693114e-10
3582465732_78f77f34ae.jpg,-2.934951717e-10
2446315531_7c9704eec0.jpg,6.968319079e-09
241346508_0b3907a95b.jpg,2.421575225e-09
3187924573_203223e6c0.jpg,1.930849989e-09
2301867590_98c0ecb0cb.jpg,-5.918258105e-11
2855727603_e917ded363.jpg,1.718945135e-09
2573667207_a1bf49befc.jpg,5.393957434e-09
693785581_68bec8312a.jpg,9.024857612e-10
47871819_db55ac4699.jpg,7.516761349e-10
3565749152_7924d15b04.jpg,4.104698408e-09
3389321512_b11f499dab.jpg,3.794796875e-09
236476706_175081ce18.jpg,-4.129333747e-09
3134385454_4f1d55333f.jpg,2.311860005e-09
3146355833_1b7fc80210.jpg,-3.313780829e-09
3556485995_9cd40269e9.jpg,-7.017776196e-09
3392019836_c7aeebca1c.jpg,-8.153298734e-10
1895768965_43cd9d164f.jpg,5.600858903e-09
1075867198_27ca2e7efe.jpg,3.785310546e-09
3562001359_65c63aeda3.jpg,2.197474674e-09
3623331945_df0f51d7dd.jpg,1.715433975e-09
1370615506_2b96105ca3.jpg,2.316450174e-09
3041384194_04316bd416.jpg,-5.783464657e-10
3243020805_2bafc36c45.jpg,5.717239289e-09
3170897628_3054087f8c.jpg,1.095200359e-08
3036033157_522a43a550.jpg,5.415060837e-09
3713922357_e0a013fb97.jpg,-1.270115022e-09
3398745929_8cd3bbb8a8.jpg,-2.12918573e-09
2773400732_5b65a25857.jpg,-5.815065763e-10
476233374_e1396998ef.jpg,-8.651754382e-09
314685044_da4390728e.jpg,-7.206161518e-09
2607130765_97833d6ce1.jpg,-1.563067148e-10
2533076864_d799996433.jpg,9.574645124e-09
3328397409_092de2bd32.jpg,8.200377632e-09
3225025519_c089c14559.jpg,3.840320977e-09
3542425197_2ef81c6051.jpg,-2.504603401e-09
576075451_5e0f6facb3.jpg,7.508669949e-10
2051194177_fbeee211e3.jpg,-2.722800867e-09
2609836649_b55831ed41.jpg,5.866892409e-10
539493423_9d7d1b77fa.jpg,5.724189702e-09
3546720729_38fff1bbd9.jpg,-1.256793518e-10
3138399980_d6ab8b2272.jpg,6.943577195e-09
3686078365_9e655e238f.jpg,-1.590402437e-10
300577375_26cc2773a1.jpg,-3.040985681e-09
3417037373_67f7db2dd2.jpg,-6.400683952e-09
3225478803_f7a9a41a1d.jpg,5.674156912e-09
1169307342_e7a4685a5c.jpg,1.62398086e-09
2127031632_77505e4218.jpg,-1.95350528e-09
3260191163_6c1551eee8.jpg,-5.813408429e-10
278608022_4175813019.jpg,4.651373274e-09
1287931016_fb015e2e10.jpg,1.141118048e-08
2937178897_ab3d1a941a.jpg,-4.080858182e-09
2937461473_11bbace28c.jpg,1.059131905e-09
1386964743_9e80d96b05.jpg,-4.027465266e-10
3052038928_9f53aa2084.jpg,9.887137355e-09
2814028429_561a215259.jpg,-1.30423988e-09
3659090958_a56913ca68.jpg,-3.493501582e-09
391723162_3bdeb7ea33.jpg,2.173827272e-09
3404408360_430f73b034.jpg,5.13525391e-09
3319405494_58dee86b21.jpg,5.191067924e-09
3291587911_81fc33300e.jpg,8.907727133e-10
2293424366_7b5fcd2398.jpg,7.477654097e-09
3206919175_e3a11b6874.jpg,-4.801766923e-09
406642021_9ec852eccf.jpg,-2.658734847e-09
3648081498_76ec091495.jpg,-2.12805862e-09
2084103826_ffd76b1e3e.jpg,-1.02417371e-09
3599124739_b7e60cf477.jpg,-8.126220714e-09
1130401779_8c30182e3e.jpg,-4.997622565e-09
3441511444_b031585b45.jpg,-3.235712056e-09
3215847501_c723905ba4.jpg,-2.802545739e-09
311619377_2ba3b36675.jpg,2.297136608e-10
801607443_f15956d1ce.jpg,1.73181815e-09
3690883532_d883f34617.jpg,2.98357109e-09
3517466790_17c7753a1a.jpg,3.220942469e-09
2768972186_92787cd523.jpg,2.728433289e-09
3527261343_efa07ea596.jpg,7.757986638e-10
2587846523_b177c9a3e3.jpg,2.548710186e-09
3350614753_5624e181b3.jpg,-3.679294631e-09
542269487_5d77b363eb.jpg,-1.548308408e-09
1287982439_6578006e22.jpg,4.39555436e-09
3262760716_1e9734f5ba.jpg,1.338741589e-08
2267923837_ae88678497.jpg,4.535357735e-09
3429391520_930b153f94.jpg,-9.226907018e-09
3613424631_3ae537624f.jpg,-8.513680758e-10
1082252566_8c79beef93.jpg,3.245212415e-09
3163323414_d1ce127aa6.jpg,-1.615003321e-09
241346402_5c070a0c6d.jpg,8.650732142e-10
2612949583_f45b3afe33.jpg,4.063417962e-09
411011549_1298d2b4d2.jpg,-5.094808504e-09
1557838421_a33f2a4911.jpg,-1.52117093e-09
2444339090_bf7b3211f4.jpg,-8.785081001e-09
482098572_e83153b300.jpg,3.963086303e-09
3726130458_07df79e969.jpg,7.564667271e-09
3417672954_46b75dea8d.jpg,-3.809249018e-10
3376809186_4e26d880b7.jpg,2.064106813e-09
3227423095_5049951eab.jpg,-3.714188457e-09
1298295313_db1f4c6522.jpg,1.802456373e-09
756004341_1a816df714.jpg,-5.322684602e-10
3058439373_9276a4702a.jpg,-1.862068574e-09
2287887341_663bfa15af.jpg,4.890666922e-09
1581822598_0ae23074f1.jpg,1.287761252e-08
3105929913_94a6882e25.jpg,4.561446806e-09
540873795_ae62ae6f60.jpg,1.231214608e-09
3461114418_c27b4043a2.jpg,5.13525504e-09
3399798295_a452963365.jpg,-3.611686305e-09
3178489390_13a6ae7524.jpg,-9.459625165e-10
3604496023_c1f546423e.jpg,5.051352956e-09
324208502_674488bcea.jpg,-5.510374269e-09
426805536_d1d5e68c17.jpg,-1.722367323e-09
246508774_1e9885f1b7.jpg,4.936747874e-09
1402640441_81978e32a9.jpg,7.272600473e-09
3124549928_10904a5a83.jpg,5.856171927e-09
3414734842_beb543f400.jpg,4.74795027e-09
1019077836_6fc9b15408.jpg,-5.280664228e-10
3307077951_dd31f1971c.jpg,-6.092341451e-10
2709275718_73fcf08c23.jpg,1.134305441e-09
3264397357_72f084cac1.jpg,-4.836554063e-09
562588230_edb2c071c8.jpg,-6.194568224e-10
3171066023_ec60ba30f3.jpg,3.35303423e-09
1670592963_39731a3dac.jpg,-5.447222012e-12
1271210445_7f7ecf3791.jpg,-6.869718175e-09
3728695560_00ec1ca492.jpg,-3.919806896e-09
846085364_fc9d23df46.jpg,6.76975687e-10
3643684616_9d2be87a5a.jpg,3.935583421e-09
2192411521_9c7e488c5e.jpg,1.12669405e-09
2369840118_a1c4240ab7.jpg,-1.238879928e-08
3244910944_612b8ce98f.jpg,4.714210115e-09
2850719435_221f15e951.jpg,3.929554421e-09
3544233095_4bca71df1d.jpg,3.401925077e-09
3217291172_10ef70af88.jpg,3.841337825e-09
3351360323_91bb341350.jpg,3.469917952e-09
2610447973_89227ff978.jpg,1.261971053e-09
1491192153_7c395991e5.jpg,-1.92038234e-09
3502459991_fdec2da131.jpg,-9.831472522e-10
1563731247_7f21d8bec0.jpg,-1.110830133e-09
3653462288_bfe2360a64.jpg,1.390850143e-09
2960422620_81889a3764.jpg,-4.761862399e-09
2340206885_58754a799a.jpg,-1.264757657e-09
1508269285_6c5723f67d.jpg,4.974315464e-10
2752329719_868545b7d2.jpg,-6.358071383e-09
3070031806_3d587c2a66.jpg,-4.929005373e-09
477254932_56b48d775d.jpg,4.778233284e-09
3595398879_13e33b8916.jpg,4.046991941e-09
3430100177_5864bf1e73.jpg,2.940424051e-09
524036004_6747cf909b.jpg,-9.260835492e-09
2395967330_7e6ea404f6.jpg,-7.42828293e-09
2127209046_94711c747b.jpg,-3.982282573e-09
3197981073_3156963446.jpg,1.535085681e-09
2705793985_007cc703fb.jpg,-2.343530045e-09
3183060123_ea3af6278b.jpg,3.677244204e-09
3307667255_26bede91eb.jpg,-7.013733656e-09
2318502106_33f2e4b4fc.jpg,5.387161298e-09
1552065993_b4dcd2eadf.jpg,2.134866719e-09
3576536763_3c8c4f232e.jpg,-2.5401903e-10
3652150541_8fb5a3a5d1.jpg,-9.22632156e-10
2881441125_b580e3dd4b.jpg,-7.652630398e-09
3058627443_1d57ff0a2c.jpg,5.64531109e-09
3416091866_a96003d652.jpg,4.264437097e-10
3347798761_5c5260b000.jpg,-6.860258983e-09
3485657956_7481582565.jpg,-2.376220307e-09
3668984985_b60ceb2ae9.jpg,-2.984123778e-09
1814086703_33390d5fc7.jpg,8.525661683e-10
2747436384_9470c56cb9.jpg,6.097722678e-10
1248940539_46d33ed487.jpg,-2.374069561e-09
3325974730_3ee192e4ff.jpg,-1.324444773e-09
3516960094_87fb4889de.jpg,-2.807059159e-09
3549006919_3604bc813e.jpg,-5.282049555e-09
2197275664_fabcf3424b.jpg,5.093380027e-10
1499495021_d295ce577c.jpg,5.217771101e-10
2428275562_4bde2bc5ea.jpg,2.429169043e-09
3230101918_7d81cb0fc8.jpg,2.302445619e-09
3400385314_a5bc062e97.jpg,3.047907996e-09
2892989340_bb7e0e5548.jpg,4.377676699e-09
387974450_bcd205daac.jpg,4.599753424e-09
3703035378_c6034cac51.jpg,3.666907722e-09
3019609769_c7809177f6.jpg,-2.267412185e-09
374828031_9d087da5cf.jpg,9.009568898e-10
2637904605_fc355816fc.jpg,-3.743361142e-09
2469620360_6c620c6f35.jpg,-4.481752138e-09
2127207912_9298824e66.jpg,-7.026045163e-09
2876494009_9f96d7eaf2.jpg,3.580416163e-09
1287475186_2dee85f1a5.jpg,3.275407448e-09
3508637029_89f3bdd3a2.jpg,3.981102951e-09
3372340429_91c4f4af30.jpg,-5.045871179e-09
172092461_a9a9762e13.jpg,-5.883627252e-09
3502563726_30d1ce29c8.jpg,4.995294142e-09
3225037367_a71fa86319.jpg,3.326901263e-09
2190137367_746335f707.jpg,-5.676079714e-09
3400041870_4e7732b40f.jpg,3.821405931e-09
373219198_149af371d9.jpg,-1.082544603e-09
2798880731_4f51634374.jpg,3.779612182e-09
3587449716_3bf1552c36.jpg,1.21289612e-08
275401000_8829250eb3.jpg,4.324878071e-09
2752175795_c9def67895.jpg,-7.893468385e-10
2529116152_4331dabf50.jpg,-6.140853084e-09
2712787899_d85048eb6a.jpg,5.192939408e-09
3590294974_4ef98f013e.jpg,-2.162068381e-09
2414710960_a4cde4af60.jpg,2.293884824e-09
2266142543_b2de18c081.jpg,-6.044550077e-09
3116011063_f4071ccce6.jpg,2.129007531e-09
2942311160_a154104c62.jpg,-2.527115184e-09
207731022_988f6afb35.jpg,-5.520533097e-09
2554081584_233bdf289a.jpg,-1.266273167e-09
1167662968_e466f1e80a.jpg,8.345791788e-10
2728486640_cc2a31d2b0.jpg,-5.322438212e-09
3698607223_22fe09763a.jpg,7.741866493e-09
2415803492_56a673dc25.jpg,4.754000829e-09
2557129157_074a5a3128.jpg,-3.272510836e-09
3145869775_85dfae43bd.jpg,-4.780925494e-09
473988700_570422001b.jpg,-4.827777487e-09
97731718_eb7ba71fd3.jpg,5.447471256e-09
3714551959_66ece78f27.jpg,-2.866044229e-09
3681172959_6674c118d2.jpg,6.149148646e-10
2053441349_a98b5fc742.jpg,5.969724644e-09
2748729903_3c7c920c4d.jpg,7.584282536e-10
3247500085_c4f641aa84.jpg,-1.843023046e-09
191003283_992257f835.jpg,-6.989312219e-09
361183669_52be9662b9.jpg,-2.009002003e-09
3289893683_d4cc3ce208.jpg,-3.952877632e-09
3685372942_6ae935b34e.jpg,-2.962253233e-09
3259222980_04fb62df97.jpg,-1.217221945e-09
3583293892_c96af8cd98.jpg,2.034099927e-10
417966898_a04f9b5349.jpg,-1.548326634e-09
315021440_122d56ebd7.jpg,-1.850853042e-10
2672354635_3a03f76486.jpg,2.840395661e-09
2633722629_5eeb649c09.jpg,-8.858205814e-10
3352697012_751b079bbb.jpg,1.301291861e-09
2708744743_e231f7fcf9.jpg,6.315759573e-12
756521713_5d3da56a54.jpg,5.362599614e-09
3455898176_f0e003ce58.jpg,-3.381259932e-09
2968135512_51fbb56e3e.jpg,-4.626605919e-09
532036676_e88b13e0a1.jpg,-6.558274364e-10
3088572348_264c47f78c.jpg,-1.800733683e-09
516394876_8b9b8021bc.jpg,-2.378421115e-09
466956209_2ffcea3941.jpg,4.116544739e-09
451326127_2d95a2e1c2.jpg,-3.688911355e-10
2449289139_08fc1092c1.jpg,1.202626428e-09
3131160589_dc73c209b7.jpg,-2.819842047e-09
2656987333_80dcc82c05.jpg,6.700172444e-09
2543589122_ec3e55f434.jpg,-1.758937301e-09
3324375078_9441f72898.jpg,-1.498083332e-09
406248253_27b5eba25a.jpg,-1.631101907e-09
3425887426_bf60b8afa3.jpg,-1.716506695e-09
2774362575_7543b8bf19.jpg,3.023099982e-09
3155390408_8e1a81efb2.jpg,3.057888957e-09
1731546544_9fbf14617b.jpg,5.886128429e-10
2785115802_137fa30000.jpg,1.366128727e-09
95783195_e1ba3f57ca.jpg,-3.160799644e-09
3593538248_dffa1a5ed4.jpg,-2.369618668e-09
3209620285_edfc479392.jpg,1.711038097e-09
3204354161_caf89ec784.jpg,-7.274264419e-09
3278811919_d5a3432af6.jpg,4.423036761e-09
3110018626_307a123b59.jpg,-2.061289682e-09
2676649969_482caed129.jpg,-2.029991126e-09
2595186208_9b16fa0ee3.jpg,-4.077500435e-09
3422979565_e08cd77bfe.jpg,-4.730512391e-09
3638631362_af29bbff01.jpg,-1.660305163e-09
3473264983_67917a931f.jpg,-7.419022128e-11
3703413486_3c682732a0.jpg,2.310706187e-09
498492764_fe276e505a.jpg,-1.543547454e-09
732468337_a37075225e.jpg,-2.93983513e-09
3399944164_ec24123945.jpg,3.948041122e-09
2786299623_a3c48bd318.jpg,-2.846729428e-09
3554210976_fbd0ef33a3.jpg,2.58432305e-09
2733659177_d74a00995b.jpg,-5.531485958e-09
3325497914_f9014d615b.jpg,2.548669262e-09
3259694057_fae7484b0a.jpg,-3.057898646e-09
3115354165_44dbeec6c1.jpg,2.007447633e-09
1052358063_eae6744153.jpg,-2.080644775e-10
792362827_5ab5281b99.jpg,6.111673532e-09
2670560883_7e7b563092.jpg,-7.247781562e-09
3044745642_1d0784ff29.jpg,5.357686963e-09
3550253365_27d4c303cf.jpg,-3.752357601e-10
1461667284_041c8a2475.jpg,-2.476524181e-09
3365348059_9773165302.jpg,4.618425201e-09
733752482_ee01a419e5.jpg,-1.395797655e-09
2587818583_4aa8e7b174.jpg,-8.155167576e-09
698107542_3aa0ba78b4.jpg,-1.980556991e-09
3522076584_7c603d2ac5.jpg,-3.234820501e-09
3220151692_d398ef9779.jpg,6.223971136e-09
2574509968_e4692ae169.jpg,-1.676872368e-10
476760133_c33d2bd83d.jpg,-3.650048969e-09
3208999896_dab42dc40b.jpg,-1.76724345e-09
2562166462_b43b141d40.jpg,-6.527230541e-10
454686980_7517fe0c2e.jpg,-2.11533466e-09
3192266178_f9bf5d3dba.jpg,-2.283568569e-09
2285152690_3fb93f65f1.jpg,-5.744092191e-09
3434526008_02359881a0.jpg,8.563367956e-10
2661138991_d55aa0e5dc.jpg,1.773476735e-09
2565703445_dd6899bc0e.jpg,-4.431265401e-09
2522540026_6ee8ab4c6a.jpg,-4.131433025e-09
707972553_36816e53a2.jpg,-1.429644418e-09
2630806789_6835bbae95.jpg,2.955893283e-09
2363100645_c3423a0433.jpg,2.559852044e-10
783353797_fdf91bdf4c.jpg,-4.904939783e-09
2732625904_4fbb653434.jpg,-2.074717106e-09
2061144717_5b3a1864f0.jpg,4.980223124e-09
2823075967_be4c350e9e.jpg,4.554051889e-09
3399028417_50a621274c.jpg,3.848370453e-09
2701042060_92508ea8fa.jpg,-9.782531761e-10
3088074124_481139dc92.jpg,2.99264571e-09
1350811702_2ce7cfd0c5.jpg,1.814220573e-09
2221818690_9003756d33.jpg,-4.334493805e-09
2485467050_1d5e2696d4.jpg,6.721251066e-09
3561734666_344f260cce.jpg,7.35436337e-09
543102698_38e7e38bbc.jpg,-3.861683897e-10
2637510448_4521cf6f29.jpg,1.603169147e-10
3033668641_5905f73990.jpg,-7.710307371e-09
3239866450_3f8cfb0c83.jpg,-2.422842622e-09
3393394134_0caac47e1c.jpg,2.957378664e-09
930126921_1b94605bdc.jpg,3.627722809e-11
3757598567_739b7da835.jpg,4.002028071e-09
2135502491_a15c6b5eae.jpg,-1.116318074e-10
3195040792_a03954a19f.jpg,6.370105039e-09
3120953244_b00b152246.jpg,7.205229346e-09
536537638_f5ee42410b.jpg,3.879294174e-09
2985439112_8a3b77d5c9.jpg,6.142394598e-09
3041689520_c481bdb20e.jpg,-5.638041258e-09
1443807993_aebfb2784a.jpg,-2.166378504e-09
3445544288_68fdb25969.jpg,-6.206941975e-10
412082368_371df946b3.jpg,-4.025789447e-09
463786229_b54c9a3436.jpg,-1.58246897e-10
3468346269_9d162aacfe.jpg,2.122311246e-09
2936590102_25036069a6.jpg,-2.631435734e-09
3351357065_a6a9b3d485.jpg,-4.607420942e-09
3425918361_3b890d9575.jpg,-2.602626061e-10
3560977956_e08d2cd531.jpg,-1.523748379e-09
2533642917_a5eace85e6.jpg,-2.962972794e-09
3600403707_527aa0596e.jpg,-1.419941133e-09
3649382413_58a4b1efe8.jpg,4.123897217e-10
456512643_0aac2fa9ce.jpg,3.820244135e-08
3533470072_87a5b595ba.jpg,-1.720781948e-09
3125309108_1011486589.jpg,-3.22694001e-10
3014015906_fdba461f36.jpg,4.974388924e-09
2659606300_bea3feaf8b.jpg,7.344490627e-09
3190677999_60bbd330fd.jpg,-3.094105425e-09
2609900643_c07bcb0bae.jpg,1.712376315e-09
2098174172_e57d86ea03.jpg,-7.726610624e-09
3207676216_48478bce97.jpg,4.54124831e-10
2079110798_ad1370a646.jpg,-5.130531646e-09
3160531982_37f5636b8a.jpg,4.596244915e-09
3651476768_2bae721a6b.jpg,5.778304176e-09
1445123245_c7b9db0e0c.jpg,4.496081727e-09
2327240505_e73cc73246.jpg,-4.506077298e-09
3645080830_1d9ee2f50a.jpg,4.895104548e-09
3640329164_20cb245fd5.jpg,-3.558131579e-09
2475162978_2c51048dca.jpg,-6.108059067e-10
3182121297_38c99b2769.jpg,1.810556771e-09
504904434_889f426c6e.jpg,7.61590836e-10
1287064529_aa4e4f3c31.jpg,5.57836695e-09
2922807898_b5a06d5c70.jpg,-8.044265171e-09
166654939_80ea4ddbcc.jpg,1.728122004e-09
2325386353_1f1a05e1ce.jpg,2.278375241e-09
3479050296_65bcea69a0.jpg,3.587152409e-09
2836325261_a3bf5c59be.jpg,7.28232176e-09
3212625256_685bc4de99.jpg,1.022163751e-11
3250589803_3f440ba781.jpg,-2.370964126e-09
3176131893_7181c733aa.jpg,5.937997599e-09
1424775129_ffea9c13ab.jpg,3.07133643e-09
285586547_c81f8905a1.jpg,-9.64959844e-10
3506560025_8d0f4f9ac4.jpg,-2.997218958e-09
3635577874_48ebaac734.jpg,-7.617497781e-12
3391924827_53b31542ce.jpg,-6.949302672e-09
950411653_20d0335946.jpg,-2.624261236e-09
2623146491_b64698b875.jpg,2.983205493e-09
1500853305_0150615ce9.jpg,3.38569881e-09
3106782647_b078830a9e.jpg,-6.19094749e-09
3520321387_710ab74cda.jpg,1.119085122e-08
3131632154_098f86f4cb.jpg,-2.724301822e-09
109202756_b97fcdc62c.jpg,-1.857557726e-09
3457364788_3514a52091.jpg,4.828087387e-09
3164423279_9b27cb6a06.jpg,2.02780524e-09
3155365418_43df5486f9.jpg,-7.851452305e-09
3285180819_a9712fd2bc.jpg,1.555709757e-09
3163273640_8d3ef22eaf.jpg,-2.232761613e-09
2713897716_c8cd610360.jpg,-2.421763233e-09
1131340021_83f46b150a.jpg,1.038415521e-08
765298136_7805fbb079.jpg,-4.499323269e-09
241346923_18bd84bea4.jpg,3.88812159e-09
2312731013_1a3a8e25c6.jpg,-4.406456927e-10
3170856184_efabfd0297.jpg,-1.425387923e-09
3177468217_56a9142e46.jpg,-4.513538569e-09
2378356400_f6bde5d9b3.jpg,-5.887410373e-09
2888658480_e922a3dec2.jpg,6.093361311e-09
2409597310_958f5d8aff.jpg,4.257564646e-09
3377570617_d2f2225a74.jpg,2.98021774e-09
2744330402_824240184c.jpg,-4.210780574e-09
2369248869_0266760c4a.jpg,2.089582539e-09
3537218226_478d2e4f26.jpg,3.238397374e-09
3323419265_7fefaa9d5d.jpg,-2.89340457e-10
2633201394_ee4a7666ed.jpg,-5.883512595e-09
291952021_f111b0fb3d.jpg,3.591744879e-09
2064780645_8f28a1529f.jpg,-1.256423474e-09
3500829879_a643818d84.jpg,-1.167507281e-08
248994078_a9257f448b.jpg,-2.967390495e-09
358559906_d5f3f584f4.jpg,5.649538253e-09
414568315_5adcfc23c0.jpg,-6.492909023e-09
2959581023_54402c8d88.jpg,1.778868863e-09
1143882946_1898d2eeb9.jpg,3.881296085e-10
3360730513_211e1a4db6.jpg,-2.620097841e-09
2111360187_d2505437b7.jpg,-1.508445124e-09
870710405_51e507b31a.jpg,-2.890338989e-09
1095590286_c654f7e5a9.jpg,-2.908182817e-09
3408274796_0dc62225e9.jpg,6.99841571e-09
1110208841_5bb6806afe.jpg,-3.240640984e-09
2326730558_75c20e5033.jpg,8.696583059e-10
3425756814_13909354d4.jpg,-9.985475005e-10
2990563425_2f7246f458.jpg,7.6478986e-10
2540884723_03d60ef548.jpg,-1.554374067e-09
3136404885_f4d8f1d15a.jpg,8.829893319e-11
1000268201_693b08cb0e.jpg,1.19520446e-09
3067885047_f69d90c35b.jpg,-2.058089996e-09
3295024992_887a95c700.jpg,-9.395450752e-10
2921793132_ef19f1dd44.jpg,-2.316217534e-11
2273038287_3004a72a34.jpg,-2.040293893e-09
3215695965_69fbeba3d5.jpg,4.486321654e-09
3054989420_3e755ca352.jpg,-2.674496612e-09
3500136982_bf7a85531e.jpg,3.538267392e-09
2332540384_4cf26406a9.jpg,-2.763785756e-09
3315033940_e91f87b7f2.jpg,-4.193240889e-09
3593392955_a4125087f6.jpg,-9.686984258e-10
3513362553_5fc5779e20.jpg,-2.815285504e-09
2532294586_4cd76a837d.jpg,1.346045042e-09
265223847_636ba039c1.jpg,-8.932208025e-09
111766423_4522d36e56.jpg,-4.027241169e-10
3510218982_318f738b76.jpg,-6.490473059e-10
3030223792_02b6f2be99.jpg,-3.589067786e-09
1032460886_4a598ed535.jpg,6.272735959e-09
3671777903_6fbf643980.jpg,3.388684172e-09
3482668767_66004ce736.jpg,1.307361876e-09
1800601130_1c0f248d12.jpg,-7.447664645e-09
2061927950_dafba5b8a3.jpg,-5.106755698e-09
2763601657_09a52a063f.jpg,3.552668012e-09
2449446913_28fa5b7c75.jpg,7.507381715e-09
1403414927_5f80281505.jpg,2.063135749e-10
2447284966_d6bbdb4b6e.jpg,8.792049866e-10
3180806542_49b6de312d.jpg,2.751514865e-09
2873070704_2141a7a86a.jpg,1.040884488e-09
2548777800_d7b9cf1c2b.jpg,2.775182154e-09
2845246160_d0d1bbd6f0.jpg,-3.22300032e-09
3269380710_9161b0bd00.jpg,-6.845790843e-09
3234719720_5bb2fc5ffa.jpg,1.28014655e-09
3562816250_6e14d436b1.jpg,1.319427156e-09
3336374196_f6eaca542f.jpg,4.780058804e-09
2380464803_a64f05bfa9.jpg,-3.642262251e-09
2981702521_2459f2c1c4.jpg,1.319083021e-09
2156726763_034ecd2e39.jpg,3.281885399e-09
2178064851_bb39652d28.jpg,1.709096783e-09
224702241_05af393148.jpg,-1.270467065e-09
2795866891_7559fd8422.jpg,1.294348402e-09
2656890977_7a9f0e4138.jpg,6.855184857e-10
3426962078_13e87e10de.jpg,2.049851617e-09
3432550415_e7b77232de.jpg,-2.782614245e-09
3145967309_b33abe4d84.jpg,-5.013768015e-09
2867736861_43c9487a65.jpg,2.113984436e-09
112178718_87270d9b4d.jpg,-6.326020805e-09
143680442_2f03f76944.jpg,-6.988080197e-09
371364900_5167d4dd7f.jpg,-2.619041615e-09
2452686995_621878f561.jpg,3.366591061e-09
3605061440_1d08c80a57.jpg,-1.907768987e-09
687513087_413d4a3a3b.jpg,3.308497293e-09
2173312932_269f9786fc.jpg,7.868652878e-10
241346971_c100650320.jpg,-1.026648364e-09
3288274849_07ff76ee93.jpg,-7.363753464e-09
2690702549_cf81da8cf6.jpg,7.614782399e-09
482882719_165722082d.jpg,2.128452337e-09
3447155358_5b5b59b15e.jpg,-7.533792035e-10
2252299132_14ca6e584b.jpg,2.805713134e-09
3643087589_627a0a9e01.jpg,7.259580464e-09
365584746_681f33fa46.jpg,-1.538865337e-09
3670075789_92ea9a183a.jpg,7.294090583e-09
465859490_b077219424.jpg,-1.989298584e-09
2176980976_7054c99621.jpg,-5.864117235e-09
3258472448_75cfab5e6f.jpg,4.937452946e-09
3541474181_489f19fae7.jpg,-7.376672646e-10
3350785999_462f333c44.jpg,-6.88010371e-10
3369258147_03db257f0f.jpg,-5.879308888e-10
3737711435_113ccd0a52.jpg,2.363808097e-09
661749711_6f408dad62.jpg,5.277816248e-09
3171347658_f0d5469c56.jpg,-2.274091752e-09
2057306459_2f52ce648e.jpg,4.110316687e-09
2892467862_52a3c67418.jpg,1.985981866e-09
3295671644_0e10891b6d.jpg,-4.676777138e-10
2075041394_0b3ea1822d.jpg,6.50362634e-09
2743709828_a795a75bfc.jpg,2.646060179e-09
241345721_3f3724a7fc.jpg,3.494656274e-10
3461583471_2b8b6b4d73.jpg,-1.005140383e-11
2955985301_e4139bc772.jpg,1.281140568e-09
3350260112_fcb47ff6b2.jpg,2.83030204e-09
3651971126_309e6a5e22.jpg,-3.204237187e-09
3677693858_62f2f3163f.jpg,-4.605708096e-09
2999730677_0cfa1c146e.jpg,-6.453864932e-09
526661994_21838fc72c.jpg,-2.939238375e-10
2653552905_4301449235.jpg,1.220764429e-09
2282260240_55387258de.jpg,-4.308007299e-09
3044536048_e615466e7f.jpg,1.251093985e-09
508261758_78fb8ae067.jpg,-3.075414561e-09
3293753378_7a8ddb98b2.jpg,5.424420766e-09
2662816021_ac474e0fde.jpg,-1.111025524e-09
3495349745_1b29a63571.jpg,-5.543767986e-10
2769605231_dae8b30201.jpg,-3.51732721e-09
501699433_f8df386cf9.jpg,7.916362822e-10
3506096155_13632955e8.jpg,8.370741088e-10
1383698008_8ac53ed7ec.jpg,4.579610984e-09
2836703077_fa9c736203.jpg,1.227660087e-09
2188688248_f57a28a5a7.jpg,-2.09749547e-09
3250593457_9049a73b61.jpg,5.438845997e-09
2206960564_325ed0c7ae.jpg,2.987388247e-09
1362128028_8422d53dc4.jpg,3.713614502e-09
3509611207_7645b1d28d.jpg,-4.00302351e-09
2905942129_2b4bf59bc0.jpg,2.859276708e-09
2999638340_75bc8b165d.jpg,4.234461201e-09
430964917_022995afb6.jpg,-2.447610883e-09
2983555530_a89f1f5ed7.jpg,-1.295038882e-09
387078972_514a38dc33.jpg,-3.530971766e-09
3283897411_af9d0b497d.jpg,-1.781067762e-10
190638179_be9da86589.jpg,-1.468905456e-09
2714878018_1593c38d69.jpg,-8.402692883e-09
2052202553_373dad145b.jpg,8.579435088e-10
745966757_6d16dfad8f.jpg,8.905635873e-10
2131762850_5293a288d9.jpg,2.887591474e-09
489134459_1b3f46fc03.jpg,4.257283886e-09
241347496_1a35fec8dc.jpg,-5.461029369e-09
3473320907_3884a7203b.jpg,6.41599712e-09
2943023421_e297f05e11.jpg,-1.955112729e-09
3429142249_d09a32e291.jpg,-1.496688086e-09
359082432_c1fd5aa2d6.jpg,1.429880842e-09
2718049631_e7aa74cb9b.jpg,-1.662700937e-10
3576312396_799c873f3e.jpg,-3.377333975e-09
2082005167_a0d6a70020.jpg,4.793013514e-09
419116771_642800891d.jpg,4.107249176e-09
3431261634_c73360406a.jpg,-2.089442988e-09
2936707421_8e629874b8.jpg,-1.921735021e-09
448658518_eec0b648a6.jpg,-1.130884455e-09
3249865395_dceaa59f54.jpg,5.174378651e-09
2180886307_5156460b2c.jpg,-1.053268449e-08
3167379087_927ff05a35.jpg,-3.462788021e-09
3191982761_88793192ed.jpg,-1.992182874e-09
2553550034_5901aa9d6c.jpg,-8.762250093e-09
2481367956_8577d2fa98.jpg,2.145064692e-10
3223055565_68973f5d20.jpg,6.009738856e-09
2392625002_83a5a0978f.jpg,9.237699218e-09
2904601886_39e9d317b1.jpg,-4.074049509e-09
3582689770_e57ab56671.jpg,-4.624959525e-09
340667199_ecae5f6029.jpg,9.928173569e-10
250406927_a5028a31d4.jpg,-6.298012006e-09
2483792149_a9b4ffecec.jpg,-1.67635888e-09
3108197858_441ff38565.jpg,2.417112116e-09
3421706363_a3e22a4908.jpg,1.44756097e-09
3457455611_94ee93929f.jpg,3.520181489e-09
233270519_d60d4518fa.jpg,-2.380140269e-09
3079073247_97e88e2eb7.jpg,1.135900258e-09
3331900249_5872e90b25.jpg,7.463708522e-09
146577646_9e64b8c2dc.jpg,-2.580752444e-09
2144846312_d4c738dc6c.jpg,4.082691963e-09
2449518585_113dc4a8e5.jpg,-1.758249943e-09
2525666287_638ab5e784.jpg,3.803113104e-09
2561481438_447b852e4d.jpg,-1.790095371e-09
3024172109_a10198e1dd.jpg,-7.568703889e-10
1562478713_505ab6d924.jpg,-2.430699041e-09
3004291289_c4892898ae.jpg,-9.900992187e-09
3081734118_6f2090215c.jpg,1.255777582e-09
2137071442_1c9658c81a.jpg,1.998711613e-10
2079152458_40712c3b40.jpg,8.832466191e-10
2873837796_543e415e98.jpg,-3.752747551e-09
1057210460_09c6f4c6c1.jpg,9.083620106e-10
2688902319_52ceaf4a2a.jpg,-1.316730755e-10
2351479551_e8820a1ff3.jpg,-9.934217774e-09
2563578471_9a4e4c2ecc.jpg,-3.241201016e-09
2636514498_01fcc5f501.jpg,2.670149811e-09
2602866141_be9928408d.jpg,-1.196085654e-09
2580215443_4e64afe3d5.jpg,-5.332469533e-09
260520547_944f9f4c91.jpg,2.597245878e-09
3539817989_5353062a39.jpg,4.027316236e-09
3294964868_16f4f9fa9d.jpg,3.804885338e-10
3708743823_3e3e0554d1.jpg,2.655750501e-09
2431470169_0eeba7d602.jpg,3.002473607e-10
3088677667_4a8befb70e.jpg,-1.465763092e-09
1683444418_815f660379.jpg,-6.663984614e-09
985067019_705fe4a4cc.jpg,8.796624323e-09
3183519385_311555d5f5.jpg,-1.595061909e-09
3723903586_e98d3d8ec7.jpg,2.873122099e-09
515335111_c4afd5b903.jpg,-2.301130945e-09
3420284416_a90af1fb7a.jpg,5.372655391e-09
271660510_dd4ba34b35.jpg,3.837693899e-09
808245064_8a7971fc5b.jpg,4.567649893e-09
3364797223_1f0b2f98ed.jpg,3.168592527e-09
416992999_654a99a903.jpg,1.880419053e-09
3486831913_2b9390ebbc.jpg,4.606058354e-09
2354064281_10afa38206.jpg,1.319507238e-09
3453259666_9ecaa8bb4b.jpg,3.883674731e-09
1148238960_f8cacec2fc.jpg,8.322349444e-09
2934573544_7ffe92a2c9.jpg,-4.807873025e-10
1260816604_570fc35836.jpg,-1.024602568e-10
3648097366_706c8a57a1.jpg,-2.535729072e-09
2517284816_9b8fd3c6b6.jpg,-1.174670539e-09
171488318_fb26af58e2.jpg,2.454617219e-10
3487261028_30791528ec.jpg,-7.234696652e-11
2868324804_5cc8030484.jpg,-3.156100618e-09
3471841031_a949645ba8.jpg,-1.886106475e-09
3546891929_f31a99cd0d.jpg,-3.715005344e-09
3207654194_43d6bebd68.jpg,-1.813734325e-10
3041645937_ff7591d134.jpg,-3.633770989e-11
140430106_2978fda105.jpg,-2.387618846e-09
461019788_bc0993dabd.jpg,-5.895523447e-10
357191373_a1cb5696e8.jpg,1.51825501e-09
3627290893_561e176e80.jpg,-1.485446472e-09
502884177_25939ac000.jpg,1.246804854e-09
2870426310_4d59795032.jpg,-2.158326164e-09
1525153022_06c48dbe52.jpg,-9.36175652e-09
1507563902_6ec8d5d822.jpg,6.31234154e-09
3533484468_0787830d49.jpg,6.987675831e-10
2913965136_2d00136697.jpg,-1.297578146e-09
3508522093_51f6d77f45.jpg,4.712463944e-09
3329858093_0ec73f2190.jpg,3.720318191e-09
3132006797_04822b5866.jpg,-6.962797193e-09
2282600972_c22d1e03c7.jpg,2.491751736e-09
3697003897_d8ac13be9a.jpg,1.106904109e-09
3051125715_db76cebd1e.jpg,2.842289746e-09
3416246113_1745559b6b.jpg,1.347562743e-09
3029043380_b28644ea5d.jpg,1.63567033e-09
3016521240_2ef20834b6.jpg,-2.667051259e-10
221973402_ecb1cd51f1.jpg,-2.570376256e-10
3481859121_3d3e566ec0.jpg,-2.830541053e-09
751109943_2a7f8e117f.jpg,-3.657912173e-09
2715035273_8fc8b1291c.jpg,8.470492998e-10
3367034082_31658a89bb.jpg,-4.772787866e-09
2596475173_58f11fc583.jpg,-9.577727694e-10
373394550_1b2296b8c4.jpg,-4.097631847e-09
3576259024_9c05b163aa.jpg,4.010081023e-09
2353119813_685bace18e.jpg,1.595951716e-09
3354063643_1d8814eb13.jpg,-9.689541598e-09
2178095150_436b035741.jpg,9.258066079e-10
3286193613_fc046e8016.jpg,-2.028463254e-09
3286045254_696c6b15bd.jpg,-1.614443794e-09
3211577298_14296db6fd.jpg,-1.204256849e-09
3514194772_43ba471982.jpg,-8.382328643e-09
3602838407_bf13e49243.jpg,6.685487496e-09
241345942_ea76966542.jpg,4.788600778e-09
2831217847_555b2f95ca.jpg,2.030875876e-09
1334892555_1beff092c3.jpg,-7.432212439e-09
2711075591_f3ee53cfaa.jpg,3.203077483e-09
2898304260_a4099a193a.jpg,-3.191524668e-09
3380072636_4cd59385fd.jpg,-2.698775824e-10
241345522_c3c266a02a.jpg,5.501934898e-09
566384456_97da3c7bd6.jpg,-1.064923349e-09
3283368342_b96d45210e.jpg,-3.469937807e-10
426191845_1e979e9345.jpg,-4.440911456e-10
2689491604_d8760f57b4.jpg,-3.347042123e-09
2890731828_8a7032503a.jpg,3.136142291e-09
235065283_1f9a3c79db.jpg,3.449501344e-09
3472364264_dbde5a8d0a.jpg,7.007695324e-09
479807833_85eed6899c.jpg,3.050310129e-09
2346401538_f5e8da66fc.jpg,-4.607376634e-10
3722572342_6904d11d52.jpg,-7.112010356e-09
2891961886_b7a2f0b0fd.jpg,3.69508828e-09
2393298349_e659308218.jpg,4.396334703e-09
2289068031_fe26990183.jpg,3.783605438e-09
2090723611_318031cfa5.jpg,-9.559626689e-09
112243673_fd68255217.jpg,1.935638361e-09
3410899419_4f8dca6f3f.jpg,2.947468809e-09
2715289538_d77c8d0a85.jpg,3.825169924e-09
3146937399_8c046b7b1a.jpg,-1.343081766e-09
3091338773_9cf10467b4.jpg,-1.332833295e-09
2698666984_13e17236ae.jpg,4.796863908e-09
2264316030_600e55748d.jpg,2.309191298e-09
2403544744_cba152f5c1.jpg,-2.952610501e-09
522063319_33827f1627.jpg,-3.235544932e-10
320093980_5388cb3733.jpg,-3.097117967e-09
480200554_6155e9dfeb.jpg,-4.210003045e-09
3502897880_8392d0e4de.jpg,4.100234105e-09
436393371_822ee70952.jpg,-3.865142557e-09
3623302162_099f983d58.jpg,-1.361257118e-10
3025546819_ce031d2fc3.jpg,-1.050276375e-09
303795791_98ebc1d19a.jpg,-3.887389218e-10
3213395965_2a823c6865.jpg,-2.814552082e-09
3584829998_25e59fdef3.jpg,5.644427395e-09
539676201_c8f1f04952.jpg,-4.243882464e-10
2891162278_fbf96be4f4.jpg,-1.178026108e-10
3040033126_9f4b88261b.jpg,-2.491515829e-10
2483993772_f64e9e4724.jpg,9.941389572e-10
2920516901_23d8571419.jpg,-5.040000233e-09
2938747424_64e64784f0.jpg,3.61684448e-09
3481884992_45770ec698.jpg,1.550008919e-09
496380034_d22aeeedb3.jpg,6.340130082e-09
2886837407_a4510ab1ef.jpg,5.119179362e-09
2330843604_b8d75d6ac7.jpg,8.007241255e-09
1688699579_2f72328c7e.jpg,5.783248176e-09
