3043501068_be58ac47e1.jpg,-3.976484272e-09
3046916429_8e2570b613.jpg,1.554301539e-10
2054308369_f9c6ec7815.jpg,-3.628168631e-10
3173014908_b3e69594b6.jpg,3.513552821e-09
167295035_336f5f5f27.jpg,-5.889955483e-09
3215238223_29de2b35cb.jpg,-5.807362185e-09
3498482871_4e02f31c35.jpg,5.151855481e-09
3176498130_52ab9460b2.jpg,1.813745298e-09
2760715910_87c7bdeb87.jpg,1.223746138e-09
2738255684_0324ed062d.jpg,-3.308785967e-09
247617035_9f2e821534.jpg,-5.242528986e-09
2831215155_07ba8f1805.jpg,1.593890481e-09
871290646_307cddd4e7.jpg,1.938125033e-10
937559727_ae2613cee5.jpg,-1.30686324e-09
3371567346_b6522efdb8.jpg,-7.286784309e-10
2457052334_b5a1d99048.jpg,5.514569434e-09
468911753_cc595f5da0.jpg,-1.119690098e-09
2371809188_b805497cba.jpg,8.108009179e-10
2540751930_d71c7f5622.jpg,-7.109977099e-09
502115726_927dd684d3.jpg,2.264309311e-09
3054997030_797096dd12.jpg,-4.724584156e-10
873633312_a756d8b381.jpg,2.191342088e-09
2436160351_108924a65b.jpg,2.503189373e-09
2706023395_ac9eba0e42.jpg,7.503680052e-10
3326086533_23a0a54a8e.jpg,5.670066742e-09
173020287_230bfc4ffc.jpg,-3.555776309e-09
50030244_02cd4de372.jpg,8.583381495e-10
3183883750_b6acc40397.jpg,4.050103408e-09
2434006663_207a284cec.jpg,1.624347901e-10
435827376_4384c3005a.jpg,-1.592715194e-09
3503011427_a4ee547c77.jpg,1.244655385e-09
2351762979_0941aecced.jpg,1.712475956e-09
3592968286_b63c81bcd2.jpg,-5.342445958e-09
2862004252_53894bb28b.jpg,-3.799488575e-09
1077931201_1e0bb83105.jpg,9.673174689e-09
2120383553_5825333a3f.jpg,-5.141690087e-09
3399843227_3b9d2a8dbf.jpg,-1.406050123e-09
241345533_99c731403a.jpg,1.854751645e-09
3710050559_f6f12760fe.jpg,-6.837963417e-09
2635938723_11b85e6763.jpg,-1.86138501e-09
3496028495_431cfdc042.jpg,-5.320561834e-09
2991575785_bd4868e215.jpg,6.219700165e-09
3562282690_cd2a95fe9e.jpg,-1.698956157e-09
2676764246_c58205a365.jpg,-4.000814563e-09
3519942322_b37d088aae.jpg,5.383314992e-09
2839932205_3c9c27cd99.jpg,-3.076588409e-09
2115620856_4fa5025ac6.jpg,2.44814405e-09
2684322797_85406f571d.jpg,5.988728134e-09
530661899_94655d7d0e.jpg,-4.309945038e-09
3610683688_bbe6d725ed.jpg,1.993274557e-09
2186087673_c7a73da7ce.jpg,3.238697636e-09
350176185_b8c5591e36.jpg,1.856891577e-09
3649384501_f1e06c58c0.jpg,1.103316943e-09
3243094580_ccd01679f5.jpg,-9.833937905e-09
3301854980_233cc2f896.jpg,-1.249358026e-09
3465396606_5ba1574128.jpg,-1.183908446e-09
2502905671_c6039804ab.jpg,-2.604899885e-09
437917001_ae1106f34e.jpg,-3.79793493e-10
3273163189_dece7babf4.jpg,-2.8383507e-09
3405100926_e96308ce89.jpg,7.677507822e-09
2088532947_c628e44c4a.jpg,-2.418369561e-09
3134585858_a8c3493ca5.jpg,-4.355953705e-10
2242178517_2325b85e5f.jpg,2.063001732e-11
2885891981_6b02620ae9.jpg,3.878343729e-09
618771382_459bb492e4.jpg,2.632689471e-09
2642475077_69d19deb74.jpg,6.68666229e-09
197504190_fd1fc3d4b7.jpg,-1.435642774e-09
479807465_cf42f39d00.jpg,1.799115567e-09
2622624460_207dbcc4cf.jpg,5.513365223e-09
3234890865_bb3c316968.jpg,-9.630087996e-10
413737417_b0a8b445e9.jpg,4.864737135e-09
2116444946_1f5d1fe5d1.jpg,4.18064922e-10
1434005938_ad75c8598c.jpg,-1.887628268e-09
2271890493_da441718ba.jpg,9.088536524e-09
2441354291_b32e00e5a6.jpg,5.248831827e-09
3583704941_611353857e.jpg,-3.776275862e-09
2680619645_ab6645218d.jpg,-1.076920267e-08
2504991916_dc61e59e49.jpg,-3.971777699e-09
2310126952_7dc86d88f6.jpg,-3.228688668e-10
576920249_df1bdc2068.jpg,2.393584318e-09
2628331789_c7f7d90e5d.jpg,6.104233694e-09
2839038702_e168128665.jpg,-1.981444161e-09
3067971348_69af5bb309.jpg,3.462753123e-09
2860202109_97b2b22652.jpg,1.493481828e-09
3245250964_9d3e37111e.jpg,-3.090746563e-09
1806580620_a8fe0fb9f8.jpg,-1.619544901e-09
239807547_4923efc821.jpg,-8.593528462e-10
1566117559_f5d98fbeb0.jpg,-2.758879427e-09
2759813381_73303113d9.jpg,-4.84403506e-09
3000722396_1ae2e976c2.jpg,-3.133908237e-09
278007543_99f5a91a3e.jpg,2.373659504e-09
947664583_7c63172366.jpg,4.623821975e-09
325576658_59f68bdbd6.jpg,6.280215371e-09
2415265825_fbfe0c8556.jpg,-9.558568148e-10
3364796213_b8948913b5.jpg,-1.01028242e-08
2058091220_2087270068.jpg,2.68623238e-09
2295216243_0712928988.jpg,3.365187156e-09
506808265_fe84ada926.jpg,-7.520539943e-09
557601144_50b8c40393.jpg,-9.093963043e-10
3613667665_1881c689ea.jpg,4.862890091e-09
3603116579_4a28a932e2.jpg,-1.123560157e-09
1112212364_0c48235fc2.jpg,7.09114488e-09
2855910826_d075845288.jpg,-4.79976896e-09
2801851082_8c3c480c0f.jpg,-3.029823849e-09
2861413434_f0e2a10179.jpg,-7.761642453e-10
3439243433_d5f3508612.jpg,8.569271246e-10
3038045802_93f2cd5fbc.jpg,3.158054392e-09
412101267_7257e6d8c0.jpg,-1.327451948e-09
3371887001_44ab0c2f17.jpg,-3.313545453e-09
260392825_ea61660633.jpg,3.274654899e-10
3688858505_e8afd1475d.jpg,-1.232161124e-09
236144859_52f9e38885.jpg,8.51297707e-10
3207775692_bb897d9afd.jpg,-4.37918674e-09
3193335577_9bdbaf9f70.jpg,-6.806080072e-09
543291644_64539956e9.jpg,-4.450046178e-09
1781227288_6811e734be.jpg,-1.123012703e-10
2892995070_39f3c9a56e.jpg,2.931600643e-09
2939371251_f923569a72.jpg,4.789262436e-09
2913972180_547783dd3d.jpg,3.2575796e-09
534655560_dc1c335b3f.jpg,6.968568707e-09
3162289423_4ca8915d0c.jpg,-6.858995603e-09
3375549004_beee810e60.jpg,5.25410873e-09
3680031186_c3c6698f9d.jpg,4.129780516e-09
476759700_8911f087f8.jpg,2.436637983e-09
487894806_352d9b5e66.jpg,-1.060555485e-10
3157039116_d82da4e66b.jpg,-1.54804326e-09
3264937930_9623496b64.jpg,-3.736330175e-09
2565657591_6c1cdfc092.jpg,4.805574117e-09
3320154278_c67e01b8d1.jpg,-4.046415015e-09
3557295488_600d387347.jpg,-2.341585275e-09
3488512097_e500cb499f.jpg,-4.038712621e-09
1436760519_8d6101a0ed.jpg,3.063108431e-09
2425262733_afe0718276.jpg,-6.715088245e-10
278388986_78ba84eb8f.jpg,-6.556513503e-09
3260975858_75d0612a69.jpg,1.094275397e-09
3702038926_966fdaa311.jpg,1.331308859e-09
3449718979_e987c64e2d.jpg,1.530446999e-10
2428094795_d3a8f46046.jpg,1.022556348e-09
2479162876_a5ce3306af.jpg,4.304318975e-09
3256272547_5ae6c66293.jpg,2.260074642e-09
3621717946_d96f8a6012.jpg,4.884345749e-11
260162669_c79a900afb.jpg,5.529343791e-09
3256043809_47258e0b3e.jpg,1.15656111e-08
3721799573_2f470950e0.jpg,1.701646166e-10
3310067561_b92017acab.jpg,-4.18765531e-09
2635400219_2e1a984fd3.jpg,-4.204376495e-10
3004823335_9b82cbd8a7.jpg,-6.042690815e-09
3349955993_a04aea97d8.jpg,-3.657825626e-09
3571193625_835da90c5e.jpg,1.07981278e-09
2552949275_b8cdc450cc.jpg,2.934939177e-09
72218201_e0e9c7d65b.jpg,4.364628905e-10
1142847777_2a0c1c2551.jpg,-5.354244954e-09
105342180_4d4a40b47f.jpg,2.231783867e-09
3217240672_b99a682026.jpg,-7.023498574e-09
2272967004_1531726d71.jpg,-3.877346003e-09
3296124052_6f1d1c9f8d.jpg,-5.948398628e-09
3651107058_d84d4c3c25.jpg,-1.673990477e-09
2434074318_e35a567220.jpg,-5.631900435e-09
96973080_783e375945.jpg,8.766684972e-10
2658009523_b49d611db8.jpg,-2.337601616e-09
2612608861_92beaa3d0b.jpg,5.364616203e-09
1303727066_23d0f6ed43.jpg,4.612225991e-09
2214132302_80064fd79d.jpg,6.118081713e-09
2514581496_8f4102377e.jpg,-1.539903544e-09
3326024473_4c16e4fbfc.jpg,8.757305778e-09
2882743431_c3e6cd1b5c.jpg,1.086304737e-08
3541962817_78bcd3835b.jpg,1.871208147e-09
2307118114_c258e3a47e.jpg,6.753200026e-10
3583065748_7d149a865c.jpg,-1.212923392e-09
3632197966_0c5061025f.jpg,6.388136959e-10
279901198_e7a88c855a.jpg,1.311393949e-09
1827560917_c8d3c5627f.jpg,-7.594902726e-09
1923476156_e20976b32d.jpg,1.064279444e-08
3462165890_c13ce13eff.jpg,-6.819156379e-10
453473508_682c0a7189.jpg,5.023005915e-09
3223709894_97824ba76f.jpg,2.514234378e-09
1394927474_0afdd82fc4.jpg,4.437716975e-09
3474985008_0a827cd340.jpg,1.452045175e-10
581419370_30485f3580.jpg,2.440463546e-09
3538021517_b930dc76fc.jpg,6.002951383e-10
3436063693_15c8d377a2.jpg,-1.015717322e-08
2528552898_9e49a7033f.jpg,-1.093013548e-09
3664928753_7b0437fedf.jpg,2.764436003e-09
485312202_784508f2a9.jpg,5.478272039e-09
3634785801_4b23184a06.jpg,-7.116690876e-09
2817847072_5eb3bc30ac.jpg,7.334568554e-09
3280672302_2967177653.jpg,-3.470775001e-09
1881494074_1bebd93089.jpg,-3.034928169e-09
3323498985_fd9d2803fd.jpg,2.31112824e-09
3348785391_c243faf6bb.jpg,1.872460153e-09
3119887967_271a097464.jpg,-9.008646176e-11
3301754574_465af5bf6d.jpg,-2.257989153e-09
3672109677_8caa992671.jpg,3.56629886e-09
3670907052_c827593564.jpg,-6.092063241e-09
3595080592_5fd55570e5.jpg,-7.775580074e-10
3495453699_1c9faedf3c.jpg,1.740491871e-09
3550276904_19de3561c5.jpg,-4.35244708e-09
2428797297_7fc3c862db.jpg,-1.120618031e-09
421808539_57abee6d55.jpg,4.940511064e-09
248174959_2522871152.jpg,-3.975029127e-09
435054077_3506dbfcf4.jpg,-5.31360116e-10
3640241166_b1ab7a8e7a.jpg,1.54822354e-10
2874984466_1aafec2c9f.jpg,3.755160314e-09
3287236038_8998e6b82f.jpg,-2.902140259e-09
2453990033_df53f0d8c8.jpg,3.255066719e-10
2736508369_fd9ff0b42f.jpg,2.507991083e-09
3092370204_029b6bc10a.jpg,-5.529358766e-09
191003284_1025b0fb7d.jpg,-5.884008355e-09
1466307489_cb8a74de09.jpg,2.283688013e-09
2255685792_f70474c6db.jpg,4.701922761e-10
2629402527_6dfc5c504b.jpg,7.462227245e-09
2687539673_d54a8dc613.jpg,5.901583366e-10
124881487_36e668145d.jpg,-2.180283573e-10
2303016989_0deb96c8d9.jpg,9.481333264e-09
2838125339_3dd314e315.jpg,3.883858552e-09
316833109_6500b526dc.jpg,2.375974312e-09
3573436368_78f0ccdf01.jpg,7.168581207e-09
3088399255_1bd9a6aa04.jpg,9.493799392e-09
250892549_1e06a06a78.jpg,-5.756131635e-09
3711611500_ea47b58b6f.jpg,4.361462964e-09
1096395242_fc69f0ae5a.jpg,5.409128858e-09
3545586120_283d728a97.jpg,4.302604817e-09
1089181217_ee1167f7af.jpg,1.760777552e-09
3116985493_04b1dc3345.jpg,3.014489465e-09
3706653103_e777a825e4.jpg,-2.204494206e-09
380041023_0dfd712ef1.jpg,3.741322676e-10
3497224764_6e17544e0d.jpg,6.136884655e-09
410422753_de506155fa.jpg,-3.074230813e-09
3006093003_c211737232.jpg,2.615445897e-09
857914283_270d7d1c87.jpg,-1.21281846e-09
107318069_e9f2ef32de.jpg,5.233515352e-09
3175849727_bf30b892cb.jpg,-2.105332063e-09
2641770481_c98465ff35.jpg,5.700469634e-10
3437693401_202afef348.jpg,3.116994933e-09
3555231025_73fa54fa29.jpg,-6.64164057e-09
2196316998_3b2d63f01f.jpg,5.942130022e-09
245442617_407eba1e98.jpg,-6.420936698e-10
3353400143_8b9543f7dc.jpg,-6.939942279e-09
413231421_43833a11f5.jpg,-1.569441136e-09
2200901777_f6c168bd32.jpg,4.704155874e-09
2493469969_11b6190615.jpg,2.450847528e-09
3756150099_50882fc029.jpg,-5.617014205e-10
3404978479_8a81843e17.jpg,-3.261925964e-09
3268191118_ba25fabab6.jpg,-1.107918954e-09
2603334363_cfa32c4482.jpg,3.760615513e-09
3181409177_edb09c2718.jpg,4.035517125e-09
3656206975_09e6ce58bd.jpg,1.94321251e-09
2940366012_1ef8ab334e.jpg,-3.481699844e-09
2318721455_80c6644441.jpg,1.518971082e-09
2976155358_b4dd4407cf.jpg,5.603253718e-09
3518118675_5053b3f738.jpg,4.621615433e-09
2894850774_2d530040a1.jpg,3.508892288e-09
900144365_03cd1899e3.jpg,1.709226724e-09
3300019891_8f404d94a1.jpg,-1.588129648e-09
3457460673_800d7f7dd9.jpg,2.926221444e-09
1428641354_f7453afbea.jpg,2.427196629e-09
2285741931_07159a21f2.jpg,-6.517929807e-09
3666056567_661e25f54c.jpg,1.306138297e-09
2505988632_9541f15583.jpg,5.413470669e-09
177302997_5b2d770a0a.jpg,-3.491538865e-10
1087168168_70280d024a.jpg,-5.051780383e-09
1397295388_8a5b6b525d.jpg,8.414813182e-09
2261257940_449b6e6c91.jpg,-5.688242626e-09
3566225740_375fc15dde.jpg,-4.206993636e-09
3172283002_3c0fc624de.jpg,-7.187686453e-09
3324056835_84904fe2f8.jpg,-6.615829609e-09
1053804096_ad278b25f1.jpg,-1.944543066e-09
2943079526_e9033a6556.jpg,-1.870837347e-09
3647283075_3005333222.jpg,7.716088081e-09
2944836001_b38b516286.jpg,-6.313122353e-10
3576060775_d9121519cc.jpg,4.379994054e-09
3399906919_bc8562b257.jpg,3.533409133e-09
2490863987_715383944a.jpg,3.943944675e-09
2256133102_e2c8314ecb.jpg,3.17123479e-09
3493000349_81c540e828.jpg,-1.131771093e-09
3530342993_a4a1f0e516.jpg,-5.317452975e-09
3182405529_7692256746.jpg,6.428968085e-10
2797149878_bb8e27ecf9.jpg,-4.462037365e-09
470887795_8443ce53d0.jpg,6.073929522e-09
2081679622_6f1442367d.jpg,-3.680634209e-09
2987096101_a41896187a.jpg,-2.850749316e-09
3401333624_4b6af8c1d7.jpg,6.907567108e-09
2090545563_a4e66ec76b.jpg,3.055897655e-09
445861800_75fc6a8c16.jpg,6.989438078e-09
1423997242_ea2189ec5e.jpg,-2.420566088e-09
380034515_4fbdfa6b26.jpg,3.498759634e-09
472535997_0dbf42b9f3.jpg,2.317640952e-10
3162095736_cc41dd41ff.jpg,8.079912377e-09
1002674143_1b742ab4b8.jpg,-4.617040007e-09
3375991133_87d7c40925.jpg,6.713699991e-10
1303550623_cb43ac044a.jpg,-3.979604288e-09
3437781040_82b06facb3.jpg,5.918034262e-10
539493431_744eb1abaa.jpg,4.262251236e-09
1211015912_9f3ee3a995.jpg,4.473367509e-09
2655647656_ee450446ed.jpg,2.666897181e-09
2792212974_23b1ef05fa.jpg,7.769994945e-09
3595216998_0a19efebd0.jpg,5.413526775e-09
423066487_07757b2b49.jpg,-2.219984984e-09
2823575468_15f6c345fc.jpg,5.467985993e-10
3263215700_e27f81f8b9.jpg,4.827990946e-09
2892395757_0a1b0eedd2.jpg,-5.768420538e-09
519059913_4906fe4050.jpg,-3.4305468e-10
2384550175_e421d3a871.jpg,3.232740482e-09
3548191125_514f47e493.jpg,-1.089899287e-08
2822290399_97c809d43b.jpg,2.35274417e-09
241345864_138471c9ea.jpg,1.679150361e-09
2466420387_86fe77c966.jpg,-8.594934613e-09
229862312_1a0ba19dab.jpg,-4.615986535e-09
1573017288_4d481856e2.jpg,-1.489769533e-09
3355494822_61353a224d.jpg,-8.72512417e-09
2352414953_10f3cd0f1f.jpg,-3.526820465e-09
2751602672_ca5e1f6447.jpg,1.863883809e-09
3518755601_cebf11e515.jpg,-4.660621252e-10
3442622076_c3abe955e5.jpg,6.810381326e-09
2862509442_4f5dc96dca.jpg,1.595350132e-09
1263126002_881ebd7ac9.jpg,-2.437574522e-10
3154528397_89112faf4b.jpg,6.629876968e-10
554774472_b5d165ff69.jpg,-6.420105151e-09
2460126267_0deea8b645.jpg,-1.220537511e-08
3504158556_1d410c8ff7.jpg,-3.807244048e-10
2431723485_bc6b8e6418.jpg,-2.101854985e-09
1473080948_bae2925dc8.jpg,-1.5356701e-09
3594822096_e1144b85d6.jpg,3.298263389e-09
3232470286_903a61ea16.jpg,-4.579827909e-09
2599131872_65789d86d5.jpg,4.548090513e-09
262570082_6364f58f33.jpg,-7.31458879e-09
2912476706_9a0dbd3a67.jpg,-5.092738583e-09
3016726158_4d15b83b06.jpg,-2.183754223e-09
2661489896_cc3425777e.jpg,2.707886654e-09
3404552106_f516df0f5b.jpg,1.790425845e-09
2204277704_f1c8c741ed.jpg,-2.590724774e-09
2050067751_22d2763fd2.jpg,1.330588254e-09
350443876_c9769f5734.jpg,-1.078274668e-09
2450299735_62c095f40e.jpg,-3.071115967e-09
769260947_02bc973d76.jpg,5.04085499e-09
2970067128_8842ab3603.jpg,3.76394106e-09
2342478660_faef1afea8.jpg,5.014464116e-09
485245061_5a5de43e20.jpg,6.820651208e-10
3621649810_cca783b777.jpg,4.183150306e-09
3346918203_986dca6641.jpg,3.200861265e-10
3272002857_ace031f564.jpg,2.211609841e-09
3104400277_1524e4f758.jpg,6.98641258e-09
2231847779_1148d1c919.jpg,2.704298402e-10
3308488725_f91d9aba27.jpg,-3.928013575e-09
2712974062_6d5b6aa7f0.jpg,1.6487035e-09
2757803246_8aa3499d26.jpg,1.048865694e-09
3126773489_7ae425af17.jpg,2.508526674e-09
2960033435_c20cc7399a.jpg,-1.585415456e-10
2502007071_82a8c639cf.jpg,-1.61016998e-09
3132619510_7dfc947d25.jpg,3.877954425e-09
3028095878_07341efc9c.jpg,-1.504527819e-09
247704641_d883902277.jpg,2.021723633e-09
3359551687_68f2f0212a.jpg,1.755905623e-09
824123145_59243e504e.jpg,-1.229840657e-09
3285993030_87b0f1d202.jpg,-6.552590979e-10
1663454406_5e2cf8c5bb.jpg,5.495946618e-11
2147199188_d2d70b88ec.jpg,4.327120274e-09
236474697_0c73dd5d8b.jpg,2.826087991e-09
3308018795_68a97a425c.jpg,-3.958535158e-09
275516348_cbccebc125.jpg,-9.479955697e-10
3174228611_6cf9d2266b.jpg,6.306448143e-09
2420546021_4a59790da6.jpg,-3.528553942e-09
3009018821_ba47396e24.jpg,5.963250198e-09
2287023569_fd7a9c60b8.jpg,2.138455056e-10
3519155763_045a6a55e2.jpg,-3.102606275e-09
2309327462_82a24538d4.jpg,-7.371428045e-09
609681901_66809d2dc1.jpg,3.939407488e-09
3344411431_6f4917bb2f.jpg,5.216687976e-09
3726700898_c50494b8bd.jpg,8.833701609e-11
3603064161_a8f3b6455d.jpg,-7.161156512e-09
415793623_6c1225ae27.jpg,-4.867532777e-09
3225296260_2ee72b4917.jpg,5.297620338e-09
2952320230_26601173be.jpg,-4.687952221e-09
2400958566_4e09424046.jpg,-8.593105916e-10
2286239223_d84ffc4e4a.jpg,-1.988583796e-09
888517718_3d5b4b7b43.jpg,1.043956916e-09
3259228898_cefd04580b.jpg,-6.332423319e-11
3374054694_fa56f29267.jpg,-6.979649442e-09
3317960829_78bbfafbb6.jpg,9.367736987e-09
1332815795_8eea44375e.jpg,-5.952107117e-09
3106340185_80d0cb770a.jpg,-1.263762532e-09
1244140539_da4804d828.jpg,1.036048065e-09
2193223202_4d908c0450.jpg,4.413192005e-10
69189650_6687da7280.jpg,-2.52757245e-09
517102724_a0f3069156.jpg,6.014389037e-09
230016181_0c52b95304.jpg,-6.630228211e-09
3217620013_8b17873273.jpg,-4.153729797e-09
3429351222_17ae744daf.jpg,7.005728734e-10
3454199170_ae26917dcd.jpg,4.787180769e-09
3580375310_46ec3e476c.jpg,7.932111421e-10
3594029059_cee1f4c59a.jpg,-4.785475401e-09
2657484284_daa07a3a1b.jpg,5.000498922e-09
2869009633_ea3cafd437.jpg,-4.763521684e-09
3664297064_a4d45cbbbc.jpg,1.657998915e-09
3463523977_f2ed231585.jpg,4.737095811e-10
2745811124_12c4426b8b.jpg,-2.569140518e-09
2696636252_91ef1491ea.jpg,6.595193119e-09
2579266054_1ec58aa92f.jpg,3.342879142e-09
279728508_6bd7281f3c.jpg,1.629943512e-09
3619232550_0b1e1fd4e4.jpg,-6.266003333e-09
3639428663_dae5e8146e.jpg,7.264785349e-10
2808870080_4ea4f3327e.jpg,-3.326062927e-09
431018958_84b2beebff.jpg,-2.198320537e-09
3427852996_d383abd819.jpg,2.145678994e-09
1529044279_4922ead27c.jpg,-3.097349099e-09
2307807200_91fa29cba1.jpg,-5.0388629e-09
405534893_2d0f3b0147.jpg,3.989381826e-09
2885111681_dc328ecfff.jpg,4.885932099e-10
2921094201_2ed70a7963.jpg,3.082200888e-09
772212710_f5fc22ed35.jpg,4.665917012e-09
2664103423_c539f61016.jpg,7.387968557e-10
315880837_90db309bab.jpg,3.484284495e-09
2108799322_e25aa6e185.jpg,5.72508971e-10
1956678973_223cb1b847.jpg,2.165276968e-09
219730733_6a55382dd2.jpg,3.24492978e-09
2914800692_0c512d27b8.jpg,7.79786799e-09
2248487956_2603f55ab9.jpg,-4.005764912e-09
483841513_e660391880.jpg,-4.645489903e-10
1674612291_7154c5ab61.jpg,-7.464353709e-09
2288530008_4ebcee2174.jpg,1.024332059e-08
3729525173_7f984ed776.jpg,-3.40207161e-09
2257294002_0073263c54.jpg,-1.035650322e-09
2914737181_0c8e052da8.jpg,-1.77283639e-08
539744890_85e63f5854.jpg,-1.845483425e-08
3513265399_a32e8cfd18.jpg,-1.037961003e-08
1625306051_7099519baa.jpg,2.039846831e-09
2642350864_099c0f2152.jpg,1.952488658e-09
756909515_a416161656.jpg,-4.457580563e-09
2939197393_93dc64c4bb.jpg,2.580541419e-10
2070831523_5035d5537e.jpg,6.182911134e-09
2986671935_0c60bbb3fa.jpg,-3.729742863e-09
156967462_72db9b722c.jpg,-1.148766266e-11
1425919702_ddb761aeec.jpg,4.897452947e-09
3048380686_732db55281.jpg,-1.942391121e-09
3226541300_6c81711e8e.jpg,2.303353319e-09
482907079_22085ada04.jpg,5.078045543e-09
108899015_bf36131a57.jpg,1.480420155e-09
2623939135_0cd02ffa5d.jpg,-4.655925377e-09
3421177332_a05741cfa4.jpg,5.750766831e-09
3322443827_a04a94bb91.jpg,1.264289076e-08
2597737483_6518a230e4.jpg,4.240960268e-09
3067500667_0fce8f28d4.jpg,9.855758867e-10
2521878609_146143708e.jpg,5.305638853e-09
1772859261_236c09b861.jpg,2.283433107e-09
2266901263_4324af1f03.jpg,2.376582607e-09
3351667632_00f586a30c.jpg,3.347431305e-09
1305564994_00513f9a5b.jpg,-1.302672382e-09
2196050115_e236d91f52.jpg,-4.005852164e-09
3014986976_0e7b858970.jpg,2.135429515e-09
505955292_026f1489f2.jpg,3.481116919e-09
670609997_5c7fdb3f0b.jpg,-1.199656481e-09
416650559_cd08d3cd96.jpg,-2.016834925e-09
3587781729_bd21ce7b11.jpg,1.027559191e-08
3424927725_c4d1fcfac3.jpg,-6.921699254e-09
3329777647_5e1fd503ac.jpg,1.632158299e-09
3084380974_268a0f9236.jpg,-1.764302899e-09
2358898017_24496b80e8.jpg,-1.955933876e-09
446286714_dcec7f339e.jpg,-5.475462477e-09
342872408_04a2832a1b.jpg,4.599942955e-09
3613027188_1645ca1976.jpg,-8.18298815e-09
3493255026_5fdaa52cbe.jpg,-9.00408497e-09
3474912569_7165dc1d06.jpg,-2.762107405e-09
3091916691_b1c96669c6.jpg,3.20927106e-09
2998861375_02817e0147.jpg,-4.256346383e-09
1248734482_3038218f3b.jpg,3.164394619e-09
3514019869_7de4ece2a5.jpg,3.773961873e-09
2324917982_f3db8c11e9.jpg,-2.5010435e-09
2198511848_311d8a8c2f.jpg,-8.960360656e-09
3578841731_f775cab089.jpg,-6.837751967e-09
3427402225_234d712eeb.jpg,-1.894677947e-09
3134644844_493eec6cdc.jpg,7.790719561e-09
2500567791_101d5ddee3.jpg,-1.756640389e-09
976392326_082dafc3c5.jpg,-2.471764183e-10
3052196390_c59dd24ca8.jpg,-3.411473158e-09
3035118753_69287079dc.jpg,-3.143148176e-10
2308256827_3c0a7d514d.jpg,4.742807231e-09
2097398349_ff178b3f1b.jpg,5.567853375e-11
2933643390_1c6086684b.jpg,2.512531303e-09
132489044_3be606baf7.jpg,-1.010663936e-09
2900274587_f2cbca4c58.jpg,2.201012163e-09
2288315705_5f4c37d932.jpg,-5.204370386e-10
2795352290_9209b214f3.jpg,2.944333977e-09
1721637099_93e9ec2a2f.jpg,2.787091576e-09
2744705574_519c171ca0.jpg,5.43536784e-09
3127142756_bf0bfcb571.jpg,6.03181567e-09
125319704_49ead3463c.jpg,-5.379771348e-10
3263497678_8bb688ca01.jpg,3.839114193e-09
244774022_a12c07afdb.jpg,1.341303948e-09
2102030040_2e8f4738f7.jpg,-6.971445003e-09
523692399_d2e261a302.jpg,9.164699218e-10
3348811097_0e09baa26f.jpg,-6.587080567e-09
2966552760_e65b22cd26.jpg,3.074765045e-09
2647062476_5ef31ba867.jpg,-2.540819778e-09
280706862_14c30d734a.jpg,-1.709973328e-10
421153376_d1d325568f.jpg,4.870739969e-11
3699318394_6193f2c8e0.jpg,3.589054461e-09
664470170_6a1ad20c45.jpg,-7.155545771e-10
2399114095_c3196ff456.jpg,-7.362164446e-10
2660480624_45f88b3022.jpg,2.870494207e-09
1460352062_d64fb633e0.jpg,-3.327645178e-09
2385146732_d1c67c790e.jpg,2.803413478e-09
3185645793_49de805194.jpg,-3.173886743e-09
3384314832_dffc944152.jpg,2.937565243e-09
1449370354_380c4123c9.jpg,-2.849566038e-09
997338199_7343367d7f.jpg,-3.131916329e-10
2670637584_d96efb8afa.jpg,-1.870442962e-12
3501936223_6122a13d27.jpg,-2.601731004e-09
3072114570_e1c0127529.jpg,4.37014637e-09
3461106572_920c8c0112.jpg,7.226596081e-10
804087017_330bcc8c56.jpg,-5.964575002e-09
2559921948_06af25d566.jpg,5.132102433e-09
2044063458_fcc76a7636.jpg,-1.611666663e-09
2901880865_3fd7b66a45.jpg,4.821729561e-09
890734502_a5ae67beac.jpg,-5.844550802e-10
1394396709_65040d97ab.jpg,2.931944312e-10
3416339125_0860d3d1eb.jpg,-6.023736259e-09
3628043835_9d9bd595a7.jpg,-2.0328063e-09
3665169936_01ae94c9fd.jpg,1.541227112e-11
2735558076_0d7bbc18fc.jpg,1.62686194e-09
3634400263_c6fcaa48e1.jpg,5.246941791e-09
3370085095_6abbb67c1d.jpg,1.522198896e-09
3675825945_96b2916959.jpg,-2.828661402e-09
3563924606_5914392cd8.jpg,1.578172885e-09
199809190_e3f6bbe2bc.jpg,-8.049243857e-09
2557507575_b247f145bc.jpg,-1.755816131e-09
561940436_64d6fc125d.jpg,3.553423809e-09
1917203130_fcaff8b10e.jpg,6.451729766e-12
3272847211_9e8a4f8308.jpg,1.695876662e-09
3533451027_b078e4631b.jpg,8.551832987e-09
700884207_d3ec546494.jpg,-5.357723567e-09
470887781_faae5dae83.jpg,-3.681340717e-10
1499581619_a5f65a882c.jpg,-1.323728189e-08
3407584080_c6abf71ae3.jpg,2.100696779e-10
3606909929_90a1a072b7.jpg,-3.389596333e-09
3042483842_beb23828b9.jpg,2.540496886e-09
2623247254_3bfc795121.jpg,-4.681672254e-09
3396157719_6807d52a81.jpg,-5.435464016e-09
3604384383_db6805d1b9.jpg,8.179110275e-09
2313230479_13f87c6bf3.jpg,1.458984388e-09
3500115252_9404c066a8.jpg,-3.095311645e-09
961611340_251081fcb8.jpg,2.793969288e-09
3699522388_2333f01f40.jpg,-3.717275852e-10
392467282_00bb22e201.jpg,1.59712691e-09
3485599424_94de8ede51.jpg,1.914672337e-09
489372715_ce52da796a.jpg,-1.173008796e-09
2673148534_8daf0de833.jpg,-2.222687329e-09
3443030942_f409586258.jpg,9.383767533e-09
1401961581_76921a75c5.jpg,-2.922886155e-09
1155138244_859fd6e079.jpg,-5.028862232e-09
219843860_332e5ca7d4.jpg,-9.160431107e-09
3700322513_50f0d45bfa.jpg,-3.141200393e-09
109823394_83fcb735e1.jpg,2.720877493e-10
293879742_5fe0ffd894.jpg,-5.255560371e-10
3051754615_3d6494c2ae.jpg,4.084458686e-09
54723805_bcf7af3f16.jpg,1.256593593e-09
3436418401_b00ceb27c0.jpg,-3.197537776e-09
3508051251_82422717b3.jpg,-1.910547223e-09
534056823_0752303702.jpg,-6.141773316e-09
3653484549_f316590b0f.jpg,4.498317899e-09
3597326009_3678a98a43.jpg,-3.905761949e-09
491964988_414b556228.jpg,1.663152158e-09
2633082074_32c85f532c.jpg,1.870678642e-09
3721812313_6000566803.jpg,-1.36133371e-09
2373234213_4ebe9c4ee5.jpg,1.775373643e-09
315436114_6d386b8c36.jpg,4.92582663e-10
241346471_c756a8f139.jpg,3.391760329e-09
1095476286_87d4f8664e.jpg,-7.829887838e-09
2883324329_24361e2d49.jpg,-3.967584962e-09
1235681222_819231767a.jpg,-4.367576743e-11
72964268_d532bb8ec7.jpg,-3.799619758e-10
262642489_f5c6b9e65b.jpg,-3.228358816e-09
3342822192_082f932ef2.jpg,-1.081269078e-09
3475092236_cf45d383c7.jpg,-3.503875234e-09
3215896272_e9b4b547a9.jpg,1.009779406e-08
2142232919_c857a09dd7.jpg,-1.690108172e-09
2189181027_a445b13438.jpg,3.317819913e-09
3274879561_74997bbfff.jpg,1.362649117e-09
309430053_cc58bcc36a.jpg,-3.080822051e-09
241345596_91e0e2daf5.jpg,3.958840181e-10
3621623690_0095e330bc.jpg,1.592897269e-09
3741827382_71e93298d0.jpg,-3.497671422e-09
2473737724_355599a263.jpg,5.58503581e-09
3406116788_c8f62e32d1.jpg,-4.083143352e-09
1324816249_86600a6759.jpg,-2.022722778e-09
3468694409_a51571d621.jpg,4.69142845e-09
3030962048_f71948226c.jpg,3.349750719e-09
2467850190_07a74d89b7.jpg,-5.092219713e-10
2319808437_bbbdc317c0.jpg,9.687662794e-10
1295671216_cde1b9c9d1.jpg,5.204753532e-09
237277765_9e6fa5b99a.jpg,2.804122766e-09
181103691_fb2f956abd.jpg,-3.426993727e-09
3640348910_fcd627ec66.jpg,-1.927525117e-09
2879241506_b421536330.jpg,5.054474703e-09
2504056718_25ded44ecb.jpg,-4.938602282e-09
2618538137_44fffe10c4.jpg,3.49646677e-09
3425071001_e7c9809ef2.jpg,1.949603876e-09
3472540184_b0420b921a.jpg,-4.941571176e-09
1405221276_21634dcd58.jpg,-4.759401822e-11
2587106431_1cc0e719c6.jpg,3.149093271e-09
2762702644_2aa3bf9680.jpg,-2.702685045e-09
2808098783_c56b44befa.jpg,-2.320175517e-09
2257099774_37d0d3aa9a.jpg,2.458306334e-10
3141440149_00becbbb93.jpg,-4.658037215e-09
3304484212_b950233c30.jpg,-2.901924865e-09
3475581086_a533567561.jpg,3.408440118e-10
979201222_75b6456d34.jpg,8.006882411e-09
3581538034_783b7d0d09.jpg,-4.883143333e-09
2865564810_5c63328cd4.jpg,4.671023227e-09
3691622437_f13644273c.jpg,5.562763412e-09
3412249548_00820fc4ca.jpg,-9.131437499e-10
131632409_4de0d4e710.jpg,-5.24269165e-09
3251648670_9339943ba2.jpg,-1.148307387e-08
3712923460_1b20ebb131.jpg,-3.863402926e-09
3189521080_133777bce5.jpg,-7.772104522e-09
852469220_bc0fee3623.jpg,-4.34672053e-09
2115849046_2aa9fa8d13.jpg,-3.045098966e-09
1357724865_4faf4e1418.jpg,-6.159590869e-09
3492383096_5bbc08f0da.jpg,8.601297025e-09
1808504612_3508f3c9bb.jpg,3.066703931e-09
3725814794_30db172f67.jpg,-5.548981988e-09
3493479159_609ebe1b35.jpg,-9.412225082e-09
2362377137_9528692825.jpg,-5.418594619e-10
319851847_7212423309.jpg,-6.662868772e-10
500446858_125702b296.jpg,3.367049757e-09
3155501473_510f9c9f6b.jpg,2.409493307e-09
408573233_1fff966798.jpg,3.831196501e-09
470373679_98dceb19e7.jpg,4.189789439e-10
2867699650_e6ddb540de.jpg,-3.732013423e-09
488356951_b3b77ad832.jpg,-2.453733238e-10
2944025729_5aecda30ee.jpg,1.934382334e-09
2638981862_6b23833f37.jpg,1.432804018e-09
689359034_4a64c24ca4.jpg,-6.775507776e-09
3234115903_f4dfc8fc75.jpg,8.174997371e-09
3332467180_d72f9b067d.jpg,7.248981984e-09
3365198533_539073002b.jpg,-3.507363305e-10
2419221084_01a14176b4.jpg,7.986168131e-09
1269470943_ba7fc49b4d.jpg,-4.643425435e-09
2461990494_c5ece064cc.jpg,-9.882842465e-10
1969573381_5ecfae4c80.jpg,2.587867307e-09
2276120079_4f235470bc.jpg,6.34430986e-10
3399616238_77acf4ee12.jpg,4.520972515e-09
781387473_208ba152b3.jpg,-2.917777608e-09
295729735_8360f2e64c.jpg,3.756984468e-09
1412832223_99e8b4701a.jpg,3.93926431e-09
673806038_0a3682a83f.jpg,-1.815311988e-09
2908466042_bf07cb52c7.jpg,3.960015692e-09
3726730085_2468ee9220.jpg,-3.998248576e-09
2368266191_87d77750f1.jpg,-1.274783704e-09
751074141_feafc7b16c.jpg,4.338815082e-09
3547000169_40191e02ca.jpg,3.972515698e-09
3516653997_98ec551a67.jpg,-7.687943836e-10
3562470436_6e193643ce.jpg,-8.910783556e-10
3412450683_7da035f2de.jpg,-4.611855057e-09
1072153132_53d2bb1b60.jpg,-2.483391235e-09
3388330419_85d72f7cda.jpg,-4.952851888e-09
2372763106_ddea79d36e.jpg,7.997173789e-09
3211437611_bd4af3730b.jpg,-1.002689215e-09
897406883_f09f673d94.jpg,4.445780533e-11
482882307_7dcb9eee11.jpg,-4.622674977e-09
535123126_c06c1ab9bf.jpg,4.27898018e-09
3419238351_ac18b440c0.jpg,3.82565963e-09
3189251454_03b76c2e92.jpg,7.735540013e-09
2967549094_d32422eb01.jpg,1.324452247e-09
3123526484_02952e40fc.jpg,-8.84966498e-09
3242354561_54e5a34925.jpg,-5.154300381e-09
3555573680_41c1540a86.jpg,-6.071148577e-09
3542418447_7c337360d6.jpg,-1.174888945e-09
1432342377_3e41603f26.jpg,5.205271743e-09
3581451227_618854cea4.jpg,5.792572249e-09
2678612999_893ed671f8.jpg,-1.239598395e-10
3614881872_ccf9739b0e.jpg,-1.244889309e-08
2474092890_6c0781a8ed.jpg,8.646711629e-09
3143765063_a7761b16d3.jpg,3.479520365e-09
3070011270_390e597783.jpg,2.913617885e-09
285306009_f6ddabe687.jpg,-3.059615154e-09
3671933270_d124e9a1a4.jpg,-2.302169919e-09
267015208_d80b3eb94d.jpg,-8.761004996e-09
1597557856_30640e0b43.jpg,-4.32179823e-09
2538423833_d1f492d1fb.jpg,-2.829604084e-09
3534183988_3763593dfb.jpg,4.988941401e-09
3510695264_ef460fa6cc.jpg,-1.583241408e-09
3249738122_decde6c117.jpg,5.705325494e-09
3468275336_61936db92d.jpg,2.216456651e-09
2737233999_34d60dc5c3.jpg,4.070619523e-09
3338474677_7376e426c2.jpg,-1.741708126e-09
3223606402_bb2aa6db95.jpg,3.003687358e-09
2703155733_19ac6f97a8.jpg,1.999600987e-09
811662356_f9a632b63c.jpg,8.878083814e-09
475778645_65b7343c47.jpg,3.343327542e-09
244910177_7c4ec3f65b.jpg,4.313026396e-09
2052702658_da1204f6d1.jpg,4.172884625e-10
524282699_71e678a6bd.jpg,-6.216896386e-09
255330891_86d65dfdbf.jpg,-1.372755001e-09
1679557684_50a206e4a9.jpg,1.66850887e-09
3459858555_c3f0087a72.jpg,3.880575004e-09
2891240104_6755281868.jpg,1.701075444e-09
3385956569_a849218e34.jpg,-1.900248142e-09
2190227737_6e0bde2623.jpg,-2.194085636e-09
3415589320_71a5bf64cf.jpg,-1.245950167e-09
1402843760_d30f1dbf0f.jpg,1.163852878e-09
795081510_53fd17d101.jpg,5.397276942e-10
1713248099_d860df4e10.jpg,-9.287931916e-10
2905975229_7c37156dbe.jpg,1.915994797e-09
2757779501_c41c86a595.jpg,-3.100544788e-09
3183875944_b2be694e06.jpg,-9.392557193e-09
3516299821_8f0375d221.jpg,2.357581379e-09
3370308329_7f2de5bb58.jpg,5.74409163e-09
2727051596_be65bfb3d3.jpg,-6.037166547e-09
3564543247_05cdbc31cf.jpg,-5.424181402e-11
3155451946_c0862c70cb.jpg,-3.42417795e-09
688210930_85c5675d5b.jpg,1.867369905e-09
2716251485_d6113f4c8a.jpg,6.536562565e-10
2282043629_91b7831352.jpg,4.133457246e-09
261737543_b8fdc24671.jpg,3.594193119e-09
3195969533_98f5de0fab.jpg,2.778887096e-09
3459156091_c1879ebe28.jpg,6.394289658e-09
2950637275_98f1e30cca.jpg,3.744901664e-09
1030985833_b0902ea560.jpg,3.396607259e-09
3072782873_3278f3b3a7.jpg,-3.773142114e-11
2564888404_b57f89d3c7.jpg,3.526297204e-09
3625049113_554d82c2a1.jpg,4.098156477e-10
1541272333_1624b22546.jpg,-5.363825133e-10
3523474077_16e14bc54c.jpg,7.643370512e-09
1298866571_b4c496b71c.jpg,3.860685405e-09
1517340899_ee1c74a8f6.jpg,-2.574734408e-09
300577374_bfccb0430b.jpg,4.871609038e-09
468102269_135938e209.jpg,-6.045497554e-10
3608567609_aae96d4a5e.jpg,-4.4348733e-09
2980445969_a86f4e6a0e.jpg,-2.774172693e-09
3695517194_2a6b604cb2.jpg,-6.209481064e-09
3563059800_c073081ce3.jpg,2.612484797e-10
387830531_e89c192b92.jpg,-5.006628642e-09
2748435417_ea7bbcc17c.jpg,-3.107831341e-10
2752084369_52e7867da7.jpg,-6.672794049e-09
2868136205_3cf679208d.jpg,8.73990994e-10
3684562647_28dc325522.jpg,3.053560314e-09
3412036192_d8cd12ed3f.jpg,8.904019179e-10
1858963639_4588cd4be9.jpg,-1.458681903e-09
454691853_cc1e0fa6a1.jpg,4.65756273e-09
2914206497_5e36ac6324.jpg,-2.53370599e-09
3225880532_c8d5d1d798.jpg,-6.5617243e-09
3696246123_99d4d10140.jpg,-2.938173249e-09
3422219732_3d0be52cc3.jpg,-8.620839988e-09
2938072630_d641b63e4d.jpg,2.680470689e-09
3255737244_1f8948fc07.jpg,5.45208488e-09
597543181_6a85ef4c17.jpg,9.692117983e-10
3494394662_3edfd4a34c.jpg,-2.607866662e-10
3579686259_b1fe6aefc9.jpg,-3.24774182e-09
517094985_4b9e926936.jpg,5.509797132e-09
2106772874_381824648b.jpg,7.185412713e-09
2466093839_33bbc8cbd9.jpg,6.68585798e-10
473220329_819a913bbb.jpg,-5.944831504e-09
513116697_ad0f4dc800.jpg,3.987428103e-09
3173976185_8a50123050.jpg,-1.203210296e-08
370713359_7560808550.jpg,3.075004192e-09
3597921737_3fd1d0665b.jpg,-8.035114549e-10
3128164023_ebe8da4c32.jpg,8.305033843e-09
3214573346_d3a57f0328.jpg,-3.825514585e-09
1418503947_953d373632.jpg,1.749694628e-09
3235542079_2fcf4951a1.jpg,5.344401452e-09
2129430111_338a94f8fb.jpg,2.51321131e-09
2181117039_c4eea8036e.jpg,3.671466479e-09
2451988767_244bff98d1.jpg,-1.214698461e-09
3163563871_cef3cf33ea.jpg,-2.818405356e-09
3143574389_8a4048fbe2.jpg,3.605718758e-09
2896180326_88785fe078.jpg,-4.727609071e-09
1387785218_cee67735f5.jpg,-1.598755081e-09
3596131692_91b8a05606.jpg,4.63255439e-09
2842609837_b3a0b383f7.jpg,-4.225975345e-09
3269661567_faf190885a.jpg,9.812598334e-09
1075881101_d55c46bece.jpg,7.343427634e-11
760180310_3c6bd4fd1f.jpg,3.740359607e-09
3497238310_2abde3965d.jpg,-6.35934551e-09
3211556865_d1d9becf69.jpg,-7.124301893e-09
3326249355_e7a7c71f06.jpg,-3.237593637e-09
3433470650_a8b1c27173.jpg,1.690467881e-09
1289142574_2bd6a082dd.jpg,-4.523298486e-09
2309860995_c2e2a0feeb.jpg,-7.23345644e-09
2982928615_06db40f4cd.jpg,-5.33228515e-09
2360194369_d2fd03b337.jpg,-8.103977889e-09
3678098428_40c1b74cc2.jpg,2.743016515e-09
3076052114_233f42ae5b.jpg,-2.284434216e-09
1288909046_d2b2b62607.jpg,1.897863583e-09
475317104_1cdc1653b4.jpg,-1.045600145e-09
3547313700_39368b9a2f.jpg,-2.817782483e-09
3477778668_81ff0a68e0.jpg,4.100104747e-09
3208571574_6dc1a461c5.jpg,5.043458553e-10
3487820317_3728e7569e.jpg,-5.683127786e-09
1248953128_24c9f8d924.jpg,5.050728453e-09
3538213870_9856a76b2a.jpg,2.103971811e-09
457631171_12b1aee828.jpg,-3.989733197e-10
2070798293_6b9405e04d.jpg,5.174752792e-12
3164415865_612f9fd8bc.jpg,-6.728627979e-09
2105756457_a100d8434e.jpg,3.586543515e-09
284441196_8ebb216d0d.jpg,-7.580011638e-09
3452982513_36f2bc81fa.jpg,-3.411370152e-09
2084157130_f288e492e4.jpg,-1.881502563e-09
2455286250_fb6a66175a.jpg,3.009137765e-09
2618322793_5fb164d86a.jpg,-4.731575738e-09
3439982121_0afc6d5973.jpg,8.689638917e-09
2549452277_873cb80d3e.jpg,-9.55992083e-09
2095007523_591f255708.jpg,8.903045959e-09
2604305843_ebe3e8a328.jpg,-4.022729205e-10
2923497185_c64004ff2d.jpg,-2.687779101e-09
3286017638_c688c83e3d.jpg,1.962088458e-09
3091594712_2166604334.jpg,-1.399742296e-09
2709683703_5385ea9ef4.jpg,1.809882177e-09
3591170729_406fdb74e5.jpg,-1.487678531e-09
2682194299_92005b26c6.jpg,-2.935162651e-09
2870194345_0bcbac1aa5.jpg,-4.783624336e-09
1472653060_7427d2865a.jpg,-7.974224762e-10
3445296377_1e5082b44b.jpg,6.640387998e-10
305749904_54a612fd1a.jpg,2.703562414e-09
248858242_1c33c54ada.jpg,-1.831847635e-09
3431194126_ca78f5fde6.jpg,-4.165419887e-09
3246991821_750a3097e2.jpg,-4.132249806e-09
2313822078_282dc07531.jpg,-6.075491467e-09
3464708890_3cab754998.jpg,9.557112299e-10
2963672852_c28043bb2c.jpg,-4.558597321e-09
2171576939_d1e72daab2.jpg,-5.892166313e-09
2419591925_1038c6c570.jpg,-1.5048765e-09
2924259848_effb4dcb82.jpg,-2.39851519e-09
1141718391_24164bf1b1.jpg,1.356861132e-09
389643437_9a9830a3ba.jpg,1.292615751e-09
1075716537_62105738b4.jpg,-1.960338494e-09
509200598_171a1ab6c8.jpg,5.836015914e-09
380527679_574749123d.jpg,3.374810234e-10
590445887_4d4fa43923.jpg,7.221479698e-09
3198231851_6b1727482b.jpg,9.772050712e-10
69710411_2cf537f61f.jpg,2.36693794e-09
3540598210_972f0ff573.jpg,-5.574225862e-09
1924234308_c9ddcf206d.jpg,4.633127487e-09
3096163135_584901a5ae.jpg,2.97592318e-09
1745110280_0cbff5e273.jpg,1.384785506e-09
370614351_98b8a166b9.jpg,-2.435214788e-09
3689727848_b53f931130.jpg,9.228271526e-10
244910130_e1f823a28a.jpg,1.19364581e-09
3542771548_fcb8fa0cba.jpg,-8.329668126e-10
3211453055_05cbfe37cd.jpg,8.9581108e-10
2428959030_bdffc2812e.jpg,3.588013527e-09
3540416139_c884f38351.jpg,1.384508166e-09
1153704539_542f7aa3a5.jpg,2.5863814e-09
3477315700_52a4d740a5.jpg,6.881842842e-09
3255482333_5bcee79f7e.jpg,-1.640358568e-09
2109370875_05241bdda7.jpg,2.348748675e-09
485921585_1974b1577a.jpg,-8.767569389e-10
405961988_fcfe97f31e.jpg,7.683814842e-09
3583903436_028b06c489.jpg,-7.856432971e-09
3401437960_7da856e004.jpg,1.294688936e-09
2087640654_1a84577a44.jpg,8.3345212e-10
241347391_4fcd4639f4.jpg,2.466509217e-09
2445283938_ff477c7952.jpg,5.919226225e-09
467858872_f3431df682.jpg,-5.2545931e-09
2716457668_187a6d2b1c.jpg,1.691564087e-10
2894217628_f1a4153dca.jpg,-4.905677399e-10
3101378069_f8caa14c0a.jpg,-2.812804786e-09
3149804151_1cc8d10783.jpg,-2.97643347e-09
3143978284_ac086be9a3.jpg,-3.384349858e-09
2746839158_4195210d27.jpg,-1.409881445e-09
3543600125_223747ef4c.jpg,-6.590484527e-09
3185662156_c877583c53.jpg,5.707318107e-10
3685373706_37f2ced9ff.jpg,2.69071963e-09
1235580648_7eebaed9bc.jpg,1.063210393e-09
2369452202_8b0e8e25ca.jpg,9.135384836e-10
3127888173_9a9a8ac3bd.jpg,-2.975298831e-09
3259119085_21613b69df.jpg,3.721161603e-09
97105139_fae46fe8ef.jpg,4.490463362e-09
2282895743_f803f1cf01.jpg,-1.696635828e-08
3214151585_f2d0b00b41.jpg,-7.847713783e-10
3226796100_08c49cfa5c.jpg,-2.633180922e-09
3199895624_4f01798c6f.jpg,-4.223595777e-09
3498327617_d2e3db3ee3.jpg,7.483226286e-09
3268443910_b36dbc1e5c.jpg,2.4517997e-09
2402793046_3385554e81.jpg,1.066139005e-08
2435166927_28b8130660.jpg,-2.291543583e-09
3363750526_efcedc47a9.jpg,-3.955943783e-09
3439414478_8038ba9409.jpg,-2.762929232e-09
836768303_d748df5546.jpg,-2.983199117e-09
3518608016_46453d8b18.jpg,3.011160351e-09
3053785363_50392f2c53.jpg,-3.069235657e-09
1193116658_c0161c35b5.jpg,5.029072553e-09
412203580_2c7278909c.jpg,-1.289589675e-09
506882688_b37d549593.jpg,4.270581031e-09
269630255_c3ec75c792.jpg,-7.753934608e-10
2613209320_edf6a2b7e9.jpg,6.261192201e-09
3351596152_bf283f03d1.jpg,3.302768033e-09
3515665835_22e6fb1193.jpg,-8.588536775e-10
3631671718_d712821757.jpg,-1.614279485e-09
524360969_472a7152f0.jpg,1.103183194e-08
2860872588_f2c7b30e1a.jpg,-4.27736231e-09
2930318834_8366811283.jpg,5.591309472e-09
411216802_aead9e67e3.jpg,3.750069144e-09
2389107995_ec756f3514.jpg,1.471905747e-10
3546027589_253553252a.jpg,-6.696575808e-10
2555521861_fc36fd3ab0.jpg,-7.753475954e-10
2667783499_3a4f38f636.jpg,-6.033138483e-09
2926786902_815a99a154.jpg,-2.868867405e-09
3258394043_a0b6a94dce.jpg,2.981895341e-09
408233586_f2c1be3ce1.jpg,4.582586592e-09
1415591512_a84644750c.jpg,4.939508619e-10
837893113_81854e94e3.jpg,-5.272106762e-09
3356901257_83811a19eb.jpg,4.481086812e-10
2815256108_fc1302117d.jpg,-1.578257558e-09
3526897578_3cf77da99b.jpg,5.227338314e-09
3151492269_28d8edaa68.jpg,-1.27436995e-09
1308617539_54e1a3dfbe.jpg,1.034726917e-09
2089350172_dc2cf9fcf6.jpg,8.299567209e-09
528500099_7be78a0ca5.jpg,5.839733398e-09
2219959872_988e6d498e.jpg,-3.773187261e-09
1456393634_74022d9056.jpg,5.997656651e-10
3336361161_c06cdd160e.jpg,5.004563068e-10
2371749487_d80195a2e7.jpg,2.715205751e-10
455611732_d65bf3e976.jpg,-3.325863845e-09
1975531316_8b00eeaaf7.jpg,-7.167112567e-10
954987350_a0c608b467.jpg,-2.959049847e-09
96399948_b86c61bfe6.jpg,4.77414438e-09
3454621502_73af6742fb.jpg,3.263671897e-09
2601008162_f00eeb5c14.jpg,2.540274286e-09
3424851862_0f51c42922.jpg,-3.44734683e-09
2729685399_56c0e104b1.jpg,6.769842288e-09
2101808682_0d66ef4a08.jpg,3.849333839e-09
2863349041_5eba6e3e21.jpg,1.437516753e-10
207584893_63e73c5c28.jpg,-7.856292018e-09
2460797929_66446c13db.jpg,-1.283209228e-09
1307635496_94442dc21a.jpg,-2.229075663e-09
2521770311_3086ca90de.jpg,-1.703913904e-09
3679502342_7fe6ef8a36.jpg,2.626266848e-10
3349528565_0bc013b70a.jpg,2.898029782e-11
2682382530_f9f8fd1e89.jpg,-1.045475259e-09
362316425_bda238b4de.jpg,-1.302366809e-08
3681414069_71ba164f71.jpg,1.257589627e-10
461505235_590102a5bf.jpg,4.374189346e-09
2195887578_3ba2f29b48.jpg,2.126103976e-09
3640109324_3ce89e4d1a.jpg,1.088388785e-08
2513260012_03d33305cf.jpg,-3.350045859e-09
895502702_5170ada2ee.jpg,9.062574839e-09
556568556_bc5124dc8e.jpg,4.080171582e-09
2038662925_f4fa8c2534.jpg,-7.061386188e-10
1130369873_d80a1aa59c.jpg,2.88553235e-10
2814037463_74de97da86.jpg,-3.870415909e-09
3091177347_58c85c1c3b.jpg,1.16328911e-08
2201192417_d934730fea.jpg,5.655363791e-09
2394857899_76bfdf720b.jpg,2.322238383e-09
3158327361_6f1a518228.jpg,8.361930608e-10
3420323191_d66e003264.jpg,1.132097251e-09
3569329986_1f468729b2.jpg,-4.493708e-10
487487795_54705c406e.jpg,-1.814699834e-09
241347664_4a3e7e5be7.jpg,-1.113147812e-09
307994435_592f933a6d.jpg,-1.64211421e-09
3504479370_ff2d89a043.jpg,7.536578127e-09
2774581025_81a3074e2e.jpg,4.308132144e-09
2381583688_a6dd0a7279.jpg,-2.489361485e-11
2560388887_55abc9083d.jpg,-1.854797349e-10
263233914_d25004e4cd.jpg,-5.947435932e-09
3236447445_eecafdf4f0.jpg,2.319688283e-09
2252635585_b48b3485b0.jpg,1.217944799e-09
2618866067_07cbc83dc5.jpg,-7.138173175e-10
3126225245_96cd2c053f.jpg,-4.34156241e-09
326334188_8850b7bfd4.jpg,2.956276997e-09
3284887033_e2e48f1863.jpg,-2.561249704e-09
2491343114_a3e35a2a3a.jpg,-3.338192485e-09
2467803152_70eeca1334.jpg,-3.152640047e-09
3228069008_edb2961fc4.jpg,-2.164202455e-09
2192026581_b782d1355a.jpg,7.591936796e-09
3726019124_f302b3d48a.jpg,-1.428557587e-09
2588927489_f4da2f11ec.jpg,2.480148934e-10
3637013_c675de7705.jpg,1.870773799e-09
3523920786_0eb63993fd.jpg,-4.530784696e-09
1337792872_d01a390b33.jpg,9.416552978e-10
2766630484_ce73f47031.jpg,-4.517115605e-09
2396669903_5217a83641.jpg,-2.79392101e-09
2183967273_d182e18cf6.jpg,-8.081366504e-09
3706356018_28f62290e8.jpg,-1.295461572e-09
3265964840_5374ed9c53.jpg,2.6564444e-09
1355703632_5683a4b6fb.jpg,-1.299986479e-09
3530502404_f8c3a3f61c.jpg,9.957081957e-10
3248408149_41a8dd90d3.jpg,-5.90447046e-09
2473293833_78820d2eaa.jpg,3.452822022e-11
2480664591_e6d22ed61c.jpg,-1.268850089e-09
3585598356_8ce815bbb9.jpg,-2.013188145e-09
2844641033_dab3715a99.jpg,9.719295934e-09
1785138090_76a56aaabc.jpg,-3.406171751e-09
3231237864_8cb1c6d863.jpg,3.548540586e-09
3639363462_bcdb21de29.jpg,-6.136303712e-09
1019604187_d087bf9a5f.jpg,2.416074922e-09
1515025681_999199cb79.jpg,1.216259142e-09
2594902417_f65d8866a8.jpg,-8.016356464e-09
2866820467_ae699235a7.jpg,-3.122387772e-10
3219122000_bd6b4ae5ff.jpg,-3.356020664e-09
3677927146_1696f0b075.jpg,-2.549013342e-09
3033257301_e2c8a39b04.jpg,-9.130830547e-09
511844627_0ec78e01e9.jpg,-2.537591496e-09
3300679815_2c6c2301cb.jpg,5.807030728e-09
356143774_ef3e93eede.jpg,-8.095761819e-10
2328616978_fb21be2b87.jpg,4.815243453e-10
2088460083_42ee8a595a.jpg,4.345750383e-09
514073775_56796be990.jpg,2.846568182e-09
1143373711_2e90b7b799.jpg,3.576804717e-09
1056249424_ef2a2e041c.jpg,4.035621246e-09
1417031097_ab656bc4bd.jpg,-1.066991847e-08
1356796100_b265479721.jpg,-3.312890172e-09
286660725_ffdbdf3481.jpg,2.298942947e-09
539667015_fd0a3bea07.jpg,-9.559958412e-10
3330680118_4e541889c1.jpg,-4.143768853e-09
2677614492_792023b928.jpg,2.966938951e-09
557101732_32bbc47c12.jpg,1.140886927e-09
464251704_b0f0c4c87a.jpg,6.503772021e-10
2586028627_ddd054d8cc.jpg,-6.851715354e-09
1244306891_8e78ae1620.jpg,-1.063733194e-09
1821238649_2fda79d6d7.jpg,-3.910858555e-09
3505657604_8899161734.jpg,-2.970895042e-09
3105691757_817083b0a6.jpg,5.826384077e-10
2562377955_8d670ccec6.jpg,2.926222178e-10
1355450069_c0675b0706.jpg,-2.479411288e-09
3452341579_0147d2199b.jpg,7.17849106e-10
3339586622_a7676b30e1.jpg,-2.328730458e-09
2192802444_b14bb87b95.jpg,-6.435921617e-09
2631300484_be8621d17b.jpg,-7.726553318e-09
533483374_86c5d4c13e.jpg,1.867015078e-10
210686241_b8e069fff3.jpg,-1.068329448e-08
2890075175_4bd32b201a.jpg,-3.464130166e-09
3182996527_70d9c323d5.jpg,-3.16820357e-09
1313961775_824b87d155.jpg,5.213776788e-09
1417941060_2a0f7908bc.jpg,-2.477256634e-09
3173461705_b5cdeef1eb.jpg,-2.380060739e-09
3339140382_2e49bc324a.jpg,-1.937662081e-09
3050606344_af711c726c.jpg,-2.369651269e-09
103195344_5d2dc613a3.jpg,-6.688908398e-09
3172369593_eb4d787ffb.jpg,3.01243783e-10
2930616480_7fd45ca79b.jpg,2.726288969e-09
3482879314_d3387e95b1.jpg,1.226899699e-09
566446626_9793890f95.jpg,7.8614957e-11
3417662443_2eaea88977.jpg,4.502539497e-09
174466741_329a52b2fe.jpg,8.530640181e-10
2319175397_3e586cfaf8.jpg,1.02259515e-09
3564436847_57825db87d.jpg,-3.798910972e-09
3494105596_f05cb0d56f.jpg,-3.417275267e-09
2283966256_70317e1759.jpg,2.401952882e-10
429270993_294ba8e64c.jpg,5.73727506e-09
540721368_12ac732c6c.jpg,-7.541490772e-09
312427606_defa0dfaa8.jpg,-1.151141577e-10
3404906655_bc51c69c1e.jpg,-8.434806041e-09
3217187564_0ffd89dec1.jpg,-8.609572396e-09
3383388869_a14552e551.jpg,4.002068016e-09
523991446_65dbc5a4a5.jpg,2.35068276e-09
2801146217_03a0b59ccb.jpg,-4.041085089e-09
839295615_bb9baf2f95.jpg,-3.616705979e-09
2436081047_bca044c1d3.jpg,1.945171517e-09
472396131_6e97068d93.jpg,-2.604114959e-09
3648160673_0c783236a6.jpg,-6.872415231e-09
407569668_19b3f8eaf6.jpg,2.221746202e-09
3607405494_0df89110a6.jpg,-4.19671753e-09
3666169738_a8c74cf745.jpg,-8.439122869e-09
3551447084_becc6a4666.jpg,-3.446854849e-09
2182488373_df73c7cc09.jpg,1.689197768e-09
2003663004_5b70920a98.jpg,1.822272149e-09
1797507760_384744fb34.jpg,-7.981870964e-10
3372214646_cc2ceb182f.jpg,5.935346197e-09
468930779_8008d90e10.jpg,2.375502948e-10
3016178284_ec50a09e8c.jpg,4.458651992e-10
3077781040_bc27778609.jpg,3.726386613e-09
3306951622_93b82cac21.jpg,3.06405461e-09
1282392036_5a0328eb86.jpg,-5.213298763e-10
3459570613_3932816d3f.jpg,-2.670274008e-09
2414397449_2ac3b78e0d.jpg,3.389686399e-09
3536561454_e75993d903.jpg,5.944281708e-09
2191453879_11dfe2ba3a.jpg,-1.608896684e-09
2274602044_b3d55df235.jpg,6.231135184e-10
2272426567_9e9fb79db0.jpg,-3.317578317e-09
3312096605_f458757418.jpg,2.068434531e-09
3225998968_ef786d86e0.jpg,-3.834346455e-09
2746072388_b127f8259b.jpg,5.096154258e-09
3722507770_0d6cb7420e.jpg,6.403277347e-10
518144037_9a1754b2a6.jpg,-2.621113132e-09
1056359656_662cee0814.jpg,-3.312577429e-09
3177298173_78cea31d64.jpg,2.911946092e-09
3654869593_c8599a8e20.jpg,-8.260002031e-09
772403830_08b72c7da9.jpg,-7.151031278e-09
450596617_ed37ec0fe4.jpg,-2.727426362e-09
1425485485_d7c97a5470.jpg,1.571191493e-09
3088922727_4bdf2ccc94.jpg,-9.461189948e-10
3558683579_8fb36b55a6.jpg,4.888842981e-09
3273091032_98f724b36b.jpg,-3.898168878e-09
1860543210_47e94cf652.jpg,2.805516516e-09
3334953664_a669038795.jpg,-3.611999468e-09
2869765795_21a398cb24.jpg,-6.719757348e-09
3351370405_e417e38f52.jpg,-4.981824747e-09
566794440_f9ec673a2f.jpg,-4.117761539e-09
3392293702_ccb0599857.jpg,-1.672698876e-09
3567061016_62768dcce1.jpg,-8.391389085e-10
3015898903_70bebb8903.jpg,-5.471966056e-09
1469000260_5d473c8283.jpg,1.165745624e-08
2517082705_93bc9f73ec.jpg,1.072590782e-09
3349194268_0ee555c9a2.jpg,-1.582317758e-09
435739506_2daf7f4887.jpg,-5.610071612e-09
319869052_08b000e4af.jpg,-1.301590851e-09
3208074567_ac44aeb3f3.jpg,4.169489377e-09
2404488732_ca1bbdacc2.jpg,6.344758806e-09
486917990_72bd4069af.jpg,-6.782917664e-09
3009644534_992e9ea2a7.jpg,-1.558248755e-09
310728631_155c3bbeea.jpg,-1.969575901e-09
2665461736_595c87f0a3.jpg,-8.102813043e-09
288177922_b889f2e1fe.jpg,-9.837285427e-10
2854959952_3991a385ab.jpg,-2.606737976e-09
1837976956_3c45d0f9b8.jpg,3.673476498e-09
385835044_4aa11f6990.jpg,3.671684855e-09
3264650118_be7df266e7.jpg,2.667448998e-09
3649224118_abe73c672c.jpg,-2.832810057e-09
2602083686_e8a1af69cf.jpg,-2.526700743e-09
374176648_ba4b88c221.jpg,2.116363182e-09
428796930_476a3d6395.jpg,-1.719658929e-09
2088910854_c6f8d4f5f9.jpg,-1.960184449e-09
459284240_5a4167bf92.jpg,-6.029867328e-09
3394586927_eae7732b64.jpg,1.858784577e-09
2502835694_4fe121bbea.jpg,5.675414742e-09
2842032768_9d9ce04385.jpg,-8.428481906e-10
2312747482_20a81b2230.jpg,6.894425772e-10
3330333217_1a69497a74.jpg,-3.768225572e-09
2064792226_97e41d8167.jpg,1.598876823e-09
3614595423_f9e0ab4fb0.jpg,-3.76015453e-09
2540750172_070250ece5.jpg,1.35871843e-09
2251747182_6b67a3ab8b.jpg,3.012092417e-10
3631136463_53ff624b82.jpg,-1.77840806e-10
2497608431_8dfefc7a1a.jpg,2.080662679e-09
1164131282_b30926f332.jpg,-4.401680059e-09
2089442007_6fc798548c.jpg,5.662883637e-09
2045023435_181854c013.jpg,3.478687778e-09
451081733_40218cec31.jpg,-3.222433582e-09
3701226275_952547ba0f.jpg,1.129294814e-09
3613242966_a1c63a0174.jpg,-4.07791968e-09
437054333_5c2761b8cd.jpg,-2.347026596e-09
2198484810_50a893824a.jpg,-1.483371812e-10
166507476_9be5b9852a.jpg,-6.877501704e-09
3585495069_33cba06d0a.jpg,-3.897256085e-10
33108590_d685bfe51c.jpg,-3.80374772e-09
3066491113_86569e15be.jpg,9.375208573e-10
3091912922_0d6ebc8f6a.jpg,2.160744943e-09
2860667542_95abec3380.jpg,2.07819476e-09
1363843090_9425d93064.jpg,9.453732734e-10
2690538407_7ca157be85.jpg,-7.446903121e-09
3420469425_2980b4cd30.jpg,5.321182513e-09
2666205903_8d287669e1.jpg,-3.321195137e-09
1280147517_98767ca3b3.jpg,-3.498559898e-09
55473406_1d2271c1f2.jpg,3.353438786e-09
1797554350_20998753c0.jpg,4.007625755e-09
3569667295_6e51db08ef.jpg,3.706441124e-10
3457572788_e1fe4f6480.jpg,-8.277166179e-10
3409947123_a8d07edecf.jpg,1.730494186e-09
181157221_e12410ef0b.jpg,1.04634464e-08
3737539561_d1dc161040.jpg,1.619490976e-09
2114355355_9d7e2d8178.jpg,2.905483702e-09
536721406_884ab8fece.jpg,-1.183221713e-09
1809758121_96026913bb.jpg,-1.317223229e-08
2473689180_e9d8fd656a.jpg,1.914851749e-09
2655183854_5852790214.jpg,1.913641918e-10
3624676866_8f6d0efcc9.jpg,4.625651371e-09
3551003620_0b02d76f65.jpg,1.527680625e-09
3451523035_b61d79f6a8.jpg,-4.463851827e-09
3072611047_109bf8b7c3.jpg,2.580679878e-09
3049649128_d83d847168.jpg,3.216536481e-09
3155987659_b9ea318dd3.jpg,-1.020516527e-08
506343925_b30a235de6.jpg,1.899588892e-10
512031915_0dd03dcdf9.jpg,6.930781735e-09
2686432878_0697dbc048.jpg,3.114282673e-09
1680126311_b92a2e8e72.jpg,1.527054408e-09
2543247940_083f1b7969.jpg,-8.433778311e-09
2696394827_7342ced36f.jpg,5.372569612e-10
2899374885_f3b2b1a290.jpg,-1.831539565e-09
2611651553_61f859837e.jpg,-7.106809045e-10
3103264875_2a8d534abc.jpg,-8.829361245e-09
2255338013_566127590b.jpg,-6.126353864e-10
2036407732_d5a0389bba.jpg,1.232790247e-09
1285067106_2adc307240.jpg,2.476161487e-11
2687328779_b4356dab16.jpg,9.072648287e-09
3309082580_7228067ee0.jpg,4.003234179e-10
2189995738_352607a63b.jpg,4.535916621e-09
2857372127_d86639002c.jpg,-3.066614774e-10
397451339_76a84bd310.jpg,1.323367641e-09
185057637_e8ada37343.jpg,2.671176778e-09
3619381206_5bc8b406f9.jpg,-2.602421e-09
2738077433_10e6264b6f.jpg,-3.427444497e-09
583087629_a09334e1fb.jpg,2.855887085e-09
2596100297_372bd0f739.jpg,1.172078359e-09
2212472643_80238475b5.jpg,-7.431151396e-09
3304556387_203b9d4db0.jpg,-3.508770081e-09
3189964753_a95536ced9.jpg,2.193947668e-09
2301379282_5fbcf230d1.jpg,-1.518242876e-09
434938585_fbf913dfb4.jpg,-4.894494942e-09
1801063894_60bce29e19.jpg,-1.311711185e-09
2471447879_6554cefb16.jpg,3.446756844e-09
2853811730_fbb8ab0878.jpg,4.802863679e-09
504385521_6e668691a3.jpg,-2.100861312e-09
3221128704_d1205db79b.jpg,4.124999379e-09
2149982207_5345633bbf.jpg,5.871911444e-09
241346794_4319f8af67.jpg,5.876327981e-09
109823397_e35154645f.jpg,9.389722161e-09
3042380610_c5ea61eef8.jpg,-9.188380057e-10
252802010_3d47bee500.jpg,-1.529957316e-09
1569687608_0e3b3ad044.jpg,6.352379376e-09
562928217_21f967a807.jpg,4.03770069e-09
3441531010_8eebbb507e.jpg,4.80548269e-09
3707283973_5cdaa39340.jpg,1.453179348e-09
2298283771_fb21a4217e.jpg,5.216100652e-10
3099694681_19a72c8bdc.jpg,-4.278158896e-09
19212715_20476497a3.jpg,4.002651725e-09
3699763582_f28c5130dd.jpg,7.086701106e-09
745563422_f4fa7d9157.jpg,7.880314237e-09
1550772959_9ca9fa625f.jpg,8.880101663e-10
990890291_afc72be141.jpg,-1.810460843e-09
2481490320_7978c76271.jpg,2.196937998e-08
432167214_c17fcc1a2d.jpg,-6.280266518e-09
835415474_7b7f2a9768.jpg,-5.126801397e-09
2203449950_e51d0f9065.jpg,2.164446504e-09
2273871383_1ddb3562ea.jpg,4.053968205e-09
3091580843_178042c50b.jpg,2.64113892e-09
3676788491_01e9bc5f15.jpg,4.386605274e-09
1003163366_44323f5815.jpg,-2.233714862e-09
3196995975_3e38eabf01.jpg,6.300628816e-09
2663794355_e726ec7e05.jpg,-9.35922666e-09
1056338697_4f7d7ce270.jpg,8.323875908e-09
2726301121_95a2fbd22b.jpg,4.57662147e-09
497122685_a51b29dc46.jpg,1.758588469e-09
1819261140_6c022f4b1d.jpg,3.943367089e-10
3638318149_b60450bfbe.jpg,2.30879993e-09
3222041930_f642f49d28.jpg,1.630688972e-09
2832076014_ff08c92037.jpg,-8.406888345e-09
2663248626_f000f2661d.jpg,-6.170244819e-10
365759754_6cf7068c9a.jpg,-4.249686963e-09
3048821353_83d4c0cbb9.jpg,-2.678914919e-09
1346529555_e916816cfe.jpg,1.040847931e-09
109260218_fca831f933.jpg,-1.096015639e-09
3644941648_012ec87848.jpg,3.488379777e-09
1095580424_76f0aa8a3e.jpg,-3.546336034e-09
3486340101_ff01d8f3f9.jpg,2.129201493e-09
2561849813_ff9caa52ac.jpg,1.949097916e-09
3281078518_630a7a7f4f.jpg,-3.057739461e-09
1007129816_e794419615.jpg,-2.227832825e-09
3293596075_973b0bfd08.jpg,-2.578909317e-09
3256275785_9c3af57576.jpg,1.452580043e-09
2269795781_46a296aa21.jpg,-1.599228516e-10
3043908909_bb54d2c08e.jpg,-1.864185417e-09
3290465391_258429e2f9.jpg,7.403263795e-09
2247138288_7355861203.jpg,-3.329485465e-09
3364861247_d590fa170d.jpg,-2.898858297e-09
2427558437_3e839056d7.jpg,-2.778136486e-09
2712352554_1cafd32812.jpg,2.958423172e-09
367964525_b1528ac6e4.jpg,4.992234397e-09
3415646718_f9f4e23a66.jpg,-5.755556933e-09
1067675215_7336a694d6.jpg,-4.185584199e-09
3271252073_0a1b9525fc.jpg,-8.079944283e-09
3708177171_529bb4ff1d.jpg,-2.544525914e-09
404216567_75b50b5a36.jpg,-3.563658552e-09
3286620180_4b00e93e8e.jpg,-4.339234655e-09
3726170067_094cc1b7e5.jpg,-8.235382194e-09
2915538325_59e11276dd.jpg,2.68734542e-09
2766325714_189bbff388.jpg,-2.628627152e-09
401079494_562454c4d6.jpg,6.422064098e-09
733964952_69f011a6c4.jpg,4.550627778e-09
3269087421_1d489abeae.jpg,1.450745213e-09
799199774_142b1c3bb2.jpg,-2.076535251e-09
2573141440_28a762d537.jpg,-1.041451102e-09
3150380412_7021e5444a.jpg,3.006255073e-09
2902269566_419d9f1d8e.jpg,-7.554318612e-09
2281768510_9cc5728c55.jpg,-5.624635931e-09
114949897_490ca7eaec.jpg,-4.106530444e-09
3085667767_66041b202e.jpg,5.655886748e-09
2635483351_bc1a8273aa.jpg,5.497602745e-09
503090187_8758ab5680.jpg,3.907050788e-09
3520079657_b828d96d50.jpg,-1.233414788e-09
3005126574_49c28ffbee.jpg,-1.970405011e-09
2151056407_c9c09b0a02.jpg,2.368492612e-09
3222250187_ef610f267e.jpg,1.120021691e-08
318070878_92ead85868.jpg,-2.568555758e-09
3658733605_fbcf570843.jpg,-8.353453283e-10
2854234756_8c0e472f51.jpg,-5.675345112e-09
282960970_574aa1ba49.jpg,-1.668163824e-08
2209888959_d636b1be0b.jpg,8.446848351e-09
2570365455_41cc9a7d2b.jpg,2.281259997e-09
2607383384_d9ce9de793.jpg,1.786045069e-09
253762507_9c3356c2f6.jpg,7.226429313e-10
3354330935_de75be9d2f.jpg,-1.050030686e-09
3027009366_c8362521e8.jpg,-1.386773001e-09
2804851816_9aae9071ca.jpg,5.827955776e-09
358607894_5abb1250d3.jpg,-1.201411613e-10
294709836_87126898fb.jpg,-2.219750016e-09
3504275465_604ce2ef34.jpg,-6.405077812e-09
3084018061_df66d98325.jpg,-5.708299476e-09
3119887391_212f379797.jpg,-3.292804175e-09
2238019823_79318d1f11.jpg,1.458408897e-10
3365602213_dd3287a633.jpg,-1.860354733e-09
3675685612_3987d91d92.jpg,-6.400648497e-10
408627152_1feaa4b94e.jpg,-9.721114596e-10
752052256_243d111bf0.jpg,3.971379251e-09
241346215_037e18403a.jpg,-2.483176604e-09
3708748633_e7e3cf4e84.jpg,6.429036828e-09
2836808985_b26e4ca09e.jpg,-5.372966719e-09
1445754124_647168f211.jpg,1.722885469e-09
2328104318_5a43ca170c.jpg,-1.055290565e-09
3301438465_10121a2412.jpg,2.973437049e-09
3021780428_497542a072.jpg,-5.367845996e-09
241347271_a39a5a0070.jpg,3.215609468e-09
489551372_b19a6ad0ed.jpg,5.288073171e-09
2768662025_44001fe5d1.jpg,-5.175178267e-09
2845845721_d0bc113ff7.jpg,-1.09889712e-10
2086534745_1e4ab80078.jpg,-1.878670894e-10
3335370208_460fc19bfa.jpg,-9.683056782e-09
2290330500_e7bdaa58e1.jpg,9.084521029e-09
512045825_1be2083922.jpg,-2.791487142e-09
509241560_00e5b20562.jpg,7.611576429e-10
3476237185_9389c536a3.jpg,-4.766618329e-09
2694890967_7c7a89de16.jpg,-1.174938316e-09
576093768_e78f91c176.jpg,-4.935091077e-09
1528205014_1323aa9dfd.jpg,8.608918896e-09
3424605029_53078d3505.jpg,2.393528493e-09
3025549604_38b86198f5.jpg,-2.674337736e-09
271770120_880e8d8e52.jpg,-6.823803479e-09
2810412010_f8b3bc1207.jpg,9.662405769e-09
527946505_a51ade1578.jpg,-1.385114616e-09
537479916_c033897fac.jpg,-1.462814498e-09
2903617548_d3e38d7f88.jpg,3.829088475e-09
145721496_687af9bb18.jpg,-2.29854428e-09
3627076769_3b71e73018.jpg,-1.713331691e-09
3367758711_a8c09607ac.jpg,5.065935132e-10
2380765956_6313d8cae3.jpg,1.458318523e-08
3258391809_38fc6211f7.jpg,3.550895078e-09
3529314899_b4e533bb76.jpg,-3.388395881e-09
2844018783_524b08e5aa.jpg,3.324199386e-09
2496236371_61dec88113.jpg,-2.21852788e-09
3078844565_16e9cdcea2.jpg,-5.479702169e-09
2466495935_623b144183.jpg,-3.068890961e-09
2944193661_7b255af9cc.jpg,3.886776712e-09
2114126343_a0f74ff63b.jpg,4.397704216e-09
3461677493_5bfb73038e.jpg,5.90052588e-10
2792195540_af5fb95caa.jpg,1.047184658e-09
1124448967_2221af8dc5.jpg,1.468786636e-09
3328535573_33c3cd5b59.jpg,-1.404480837e-09
3203908917_53e53c03d1.jpg,2.515812866e-10
1527513023_3d8152b379.jpg,-5.188449684e-09
3353278454_2f3a4d0bbc.jpg,3.105161406e-09
369244499_752f0c1018.jpg,2.529625947e-09
2795287622_da187a3e86.jpg,-6.786755322e-10
881725588_efabbcd96a.jpg,-2.061282533e-09
3631344685_ed0f3e091b.jpg,-4.163386828e-09
3490044563_8eb551ef59.jpg,1.174985375e-09
2619267133_53a5904ef4.jpg,3.650766246e-09
616045808_0286d0574b.jpg,-4.287276193e-09
2833560457_24aedf3bef.jpg,-3.166708335e-09
522652105_a89f1cf260.jpg,7.493370959e-10
766061382_6c7ff514c4.jpg,-1.444082469e-09
2364394224_c17b09e035.jpg,2.89277916e-09
2681215810_00b0642f7b.jpg,3.772683513e-09
1526325728_74eb4153d8.jpg,-2.146618763e-09
2871962580_b85ce502ba.jpg,-1.359060024e-09
1224851143_33bcdd299c.jpg,-1.125447936e-09
3520199925_ca18d0f41e.jpg,1.940893497e-09
2350400382_ced2b6c91e.jpg,-5.853706246e-09
2826030193_4278ccb833.jpg,1.994906958e-09
2752043092_f48ebfeaa2.jpg,1.953614661e-09
3305767464_d64a336f60.jpg,-1.411331982e-09
3159424456_f316bdc1d5.jpg,-1.847522455e-09
3186412658_2ab2ebd397.jpg,-8.418252264e-09
2662537919_18a29fca8a.jpg,-2.110956562e-09
2832978253_8fcc72da3b.jpg,-2.194323064e-09
186346360_541047336f.jpg,3.698464973e-09
2789937754_5d1fa62e95.jpg,1.192642675e-09
3150742439_b8a352e1e0.jpg,-6.266034316e-09
1160034462_16b38174fe.jpg,-7.937558174e-10
2986620935_e97763983d.jpg,-4.604131752e-09
3527682660_c5e9fa644a.jpg,1.22724072e-08
2751567262_e089b33ed9.jpg,3.130768253e-09
2169067981_cc19268f23.jpg,-2.212594862e-11
488196964_49159f11fd.jpg,-2.402748101e-10
288880576_818b6ecfef.jpg,-2.82610016e-09
2667549961_57e5e2c0a5.jpg,6.038589703e-09
3540515072_8c951b738b.jpg,-6.587570126e-09
496555371_3e1ee0d97d.jpg,3.715076391e-09
3484820303_7be0e914b4.jpg,-7.556412829e-10
2490768374_45d94fc658.jpg,2.293864998e-09
2579460386_94c489028d.jpg,2.10847371e-09
2927878881_90b42fc444.jpg,-6.883242798e-09
1252396628_eb81d3905b.jpg,-2.665199651e-09
2298097636_c5de0079de.jpg,-5.894295657e-09
3596428453_8cfdec4869.jpg,7.686244641e-09
3423802527_94bd2b23b0.jpg,-1.140180029e-10
368393384_86defdcde8.jpg,1.368712997e-09
2471974379_a4a4d2b389.jpg,-5.279498879e-09
2704379125_9c35650d16.jpg,1.546579902e-09
1859941832_7faf6e5fa9.jpg,-2.810334883e-09
415118186_64defc96f3.jpg,-4.620275287e-09
3442844140_15aa45e9b8.jpg,-5.321767949e-09
1119463452_69d4eecd08.jpg,9.921120531e-12
343218198_1ca90e0734.jpg,5.314720077e-09
3218481970_1fa627b3da.jpg,8.596569025e-09
3321956909_7b5ddf500f.jpg,-1.864860293e-09
2390369143_6523253a73.jpg,-5.25060516e-09
2272823323_3b7291cd47.jpg,2.187563484e-09
649596742_5ba84ce946.jpg,2.289470805e-09
3697378565_7060d9281a.jpg,-6.972997365e-09
3019667009_20db160195.jpg,-3.903301274e-09
268654674_d29e00b3d0.jpg,-6.324979068e-09
2251992614_0c601fae2c.jpg,-5.626200642e-10
262963190_a78b799e89.jpg,8.720770077e-10
3627216820_4952bacbcb.jpg,7.743330874e-10
872622575_ba1d3632cc.jpg,5.546887387e-09
2322327298_7948338390.jpg,-1.766733924e-09
2039457436_fc30f5e1ce.jpg,-3.896509915e-09
2987328689_96a2d814f1.jpg,3.932453176e-09
2194495372_bdac7d9e71.jpg,4.678648549e-09
375392855_54d46ed5c8.jpg,1.303424183e-09
2766291711_4e13a2b594.jpg,-1.009185739e-08
2746910139_77ba5be2c5.jpg,-1.287848273e-09
3349307529_c1a516b9dc.jpg,2.657473076e-09
3282434895_1c1efc1475.jpg,-8.156213334e-09
307327914_f98f576adb.jpg,4.490184637e-10
1947351225_288d788983.jpg,5.553089527e-11
2481598514_05a65d1f72.jpg,3.420836656e-09
1271960365_e54033f883.jpg,6.588805418e-10
2245916742_73af13c733.jpg,3.862409865e-10
3357937209_cf4a9512ac.jpg,-1.112201954e-09
3474176841_cde2bee67c.jpg,1.228846992e-09
3381584882_341ee3092f.jpg,-8.667483646e-09
2460477085_088e25f857.jpg,5.630773833e-09
1141739219_2c47195e4c.jpg,1.229853536e-10
3145967019_1a83ebf712.jpg,-2.064139786e-09
3577235421_69e4efb8d1.jpg,-5.1500906e-10
1414820925_3504c394e1.jpg,1.685991983e-09
3500505549_d848209837.jpg,4.9972249e-10
2635164923_2a774f7854.jpg,2.364310665e-09
2432061076_0955d52854.jpg,4.620897496e-10
2384353160_f395e9a54b.jpg,2.366686506e-09
3613030730_0b28b079ba.jpg,-1.861945269e-09
3196100539_102fe877b3.jpg,6.528664756e-10
2825540754_5e0c13e6b8.jpg,-3.104654023e-09
3407317539_68765a3375.jpg,7.457718289e-10
1402859872_0fc8cf8108.jpg,1.384356552e-09
2452334314_a7c443a787.jpg,-8.77983086e-10
1515883224_14e36a53c7.jpg,-1.221964657e-09
256283122_a4ef4a17cb.jpg,5.18496842e-09
2784408839_53a25a21eb.jpg,1.211887121e-09
1427391496_ea512cbe7f.jpg,-3.278427457e-10
3025513877_1a6160070d.jpg,-4.187670109e-09
3282897060_8c584e2ce8.jpg,-6.510766258e-09
2272750492_91e8f67328.jpg,-4.483137532e-09
3415311628_c220a65762.jpg,-7.011356375e-09
272156850_c4445a53f4.jpg,-5.277566995e-09
2451285022_59255e7fd9.jpg,-2.221233275e-09
3075068274_2a28a5263b.jpg,1.599868368e-09
2307451605_22e9c06530.jpg,2.833216582e-09
2281075738_230892b241.jpg,7.270080269e-09
3231575742_31732664cf.jpg,-1.287194071e-09
2376694294_9a4ecc3b90.jpg,-1.457303832e-09
441817653_fbdf83060b.jpg,7.628266348e-09
3421789737_f625dd17ed.jpg,4.433766518e-09
2086513494_dbbcb583e7.jpg,-1.449245731e-09
3544573946_e03aebbfde.jpg,-5.525433106e-09
1425069590_570cc7c2d8.jpg,-4.873449989e-10
259314892_a42b8af664.jpg,2.28372795e-09
2518853257_02f30e282e.jpg,2.013269039e-09
260828892_7925d27865.jpg,-2.869304736e-09
3551170666_01df31412d.jpg,3.460338512e-09
260850192_fd03ea26f1.jpg,-5.958645233e-09
3550459890_161f436c8d.jpg,-8.395787503e-09
3347701468_bb0001b035.jpg,-1.098738585e-10
2993167197_e5d0a73530.jpg,-3.643479661e-09
2544426580_317b1f1f73.jpg,8.711163652e-10
3183195653_11b66acb34.jpg,-2.356359841e-09
3018847610_0bf4d7e43d.jpg,-4.003169157e-09
2755314937_1e974bf2b5.jpg,-2.814615782e-09
512163695_51a108761d.jpg,-1.073115275e-08
2951092164_4940b9a517.jpg,-3.286667241e-09
3569755200_cef7ee2233.jpg,6.536255582e-09
1448511770_1a4a9c453b.jpg,2.884782878e-09
505929313_7668f021ab.jpg,-4.728852893e-09
3170551725_1276644eab.jpg,-1.228881824e-09
2650485780_29d89268d7.jpg,4.827036274e-09
1130017585_1a219257ac.jpg,-1.176501484e-09
249394748_2e4acfbbb5.jpg,-3.08036447e-09
2728813605_cfc943e1ab.jpg,5.728384022e-09
724702877_f2a938766b.jpg,-8.370417428e-09
3323528927_7b21081271.jpg,1.029567896e-08
3099965396_2a0018cb9e.jpg,-3.371301428e-09
3660361818_e05367693f.jpg,2.155406944e-09
3339105374_cc41e0b7d7.jpg,5.872612565e-09
3595643050_d312e4b652.jpg,-1.169928631e-09
3583516290_1c87a13770.jpg,-3.983318185e-09
1294578091_2ad02fea91.jpg,-5.272433785e-09
3523950181_414978964e.jpg,4.356993068e-09
2934628301_41ea2e6cf9.jpg,-4.342382687e-09
2525716531_e6dedee421.jpg,4.924666768e-09
94232465_a135df2711.jpg,-3.47661895e-09
2817230861_d27341dec0.jpg,6.384550953e-09
1187593464_ce862352c6.jpg,-4.124736985e-09
2465497494_43d74df57c.jpg,-2.348682995e-09
3639684919_cb6fbf5638.jpg,-2.097316614e-09
3293642024_e136b74a55.jpg,-3.556312104e-09
162152393_52ecd33fc5.jpg,-2.21436104e-09
2815745115_c8479d560c.jpg,1.743221148e-09
516648762_0cff84ea97.jpg,-4.889377084e-09
3355756569_b430a29c2a.jpg,-3.512749515e-10
1564614124_0ee6799935.jpg,-5.861378161e-09
2877159456_ea4a46b0d2.jpg,-2.852310605e-09
3204712107_5a06a81002.jpg,-2.17446333e-09
2083778090_3aecaa11cc.jpg,1.764598343e-10
3501083764_cf592292a6.jpg,-4.284385724e-10
3394070357_cb2a3243fc.jpg,-7.061391274e-09
2066241589_b80e9f676c.jpg,-1.427518026e-09
2911928620_06c3fa293e.jpg,-9.125531121e-09
481054596_cad8c02103.jpg,1.917822087e-09
953941506_5082c9160c.jpg,-4.673695169e-09
3517056462_483ee5a914.jpg,-2.094531683e-09
3375014075_157388f8a9.jpg,-2.32260904e-09
3235076435_1eaa40bd0a.jpg,-4.361062388e-09
2505056124_1276e8dbcb.jpg,1.03272026e-09
3209523192_05a4cef844.jpg,6.175560919e-09
2064417101_3b9d817f4a.jpg,-5.739655509e-09
2252123185_487f21e336.jpg,-1.734427885e-09
3255017708_2b02bfcdcf.jpg,-2.653549188e-10
3101796900_59c15e0edc.jpg,-6.357369161e-10
2650568697_ffb79bf2ea.jpg,1.781034142e-10
1312954382_cf6d70d63a.jpg,-3.420793783e-09
3302804312_0272091cd5.jpg,-3.754086384e-09
3317145805_071b15debb.jpg,3.082213222e-09
2497074804_b4f3e7fd90.jpg,-2.993981332e-09
2629445284_83390e83af.jpg,-4.242702588e-09
3726629271_7639634703.jpg,-6.276699843e-10
3470303255_fbb41b8dd0.jpg,-1.717432581e-09
2953015871_cae796b6e7.jpg,-7.671932085e-09
3352531708_a65dd694b1.jpg,-4.373116919e-09
2853205396_4fbe8d7a73.jpg,6.393814558e-09
2789648482_1df61f224a.jpg,-7.237348489e-09
2324979199_4193ef7537.jpg,-2.465670117e-09
2565350330_c7f305e7f7.jpg,-2.827700687e-09
2675190069_d5c3b2c876.jpg,-4.206899373e-09
2030781555_b7ff7be28f.jpg,1.011652409e-09
3445428367_25bafffe75.jpg,-1.710358665e-09
3710971182_cb01c97d15.jpg,-1.951359603e-09
245895500_a4eb97af02.jpg,3.185815291e-09
3185371756_ff4e9fa8a6.jpg,-1.023003911e-08
3124964754_2e8a98fb09.jpg,2.420496467e-09
3111482098_11c0f4f309.jpg,-8.440420681e-09
2571096893_694ce79768.jpg,5.905924588e-10
3383545083_1d7c95b003.jpg,7.375782939e-09
447111935_5af98563e3.jpg,6.417938784e-09
2304374703_555195d8d5.jpg,-3.468184913e-09
3320209694_db579cb607.jpg,8.665712717e-10
3299820401_c2589186c5.jpg,-1.476190089e-09
2172526745_649f420569.jpg,-5.597403728e-09
3717531382_e1e05e22c5.jpg,-7.453439818e-09
444047125_66b249287c.jpg,7.658476007e-09
2228022180_9597b2a458.jpg,-1.050820859e-09
2432709509_2a4d0c833f.jpg,3.246872646e-09
2644916196_16f91dae54.jpg,-1.278281781e-08
424506167_01f365726b.jpg,3.296310114e-09
3517362674_0f5296de19.jpg,-6.37105973e-10
525968880_82623392d1.jpg,-1.953715972e-09
2949982320_c704b31626.jpg,4.769841788e-09
3476381830_3751dd9339.jpg,-7.583260059e-09
359173181_a75c950aeb.jpg,-6.826466202e-09
518789868_8895ef8792.jpg,1.422320284e-09
2735792721_b8fe85e803.jpg,-7.386504934e-09
2472678549_67068a1566.jpg,4.472268294e-09
1303727828_d1052ee341.jpg,-3.621415411e-09
2501968935_02f2cd8079.jpg,6.058616292e-09
379006645_b9a2886b51.jpg,-2.356863004e-09
3423249426_02bedf9260.jpg,-4.659566434e-09
84713990_d3f3cef78b.jpg,-6.009501278e-09
148512773_bae6901fd6.jpg,-6.931919266e-09
3304712466_18cbdb85fe.jpg,6.422720224e-09
1801188148_a176954965.jpg,3.094636687e-12
2764732789_1392e962d0.jpg,-6.282348119e-09
1142283988_6b227c5231.jpg,-3.04797985e-09
3330102093_1d6e35e78d.jpg,4.140179032e-10
2094810449_f8df9dcdf7.jpg,1.010866752e-09
2851198725_37b6027625.jpg,4.625586856e-09
3451344589_6787bd06ef.jpg,-7.816279906e-10
3007214949_a4b027f8a3.jpg,-1.047221898e-09
3499720588_c32590108e.jpg,7.181808462e-09
2423085253_6c19149855.jpg,2.219154218e-09
488089932_c3a5fa4140.jpg,-4.968148205e-09
2976684095_ce7ccfd423.jpg,4.734460542e-09
2458862292_466a920ee2.jpg,1.58368467e-09
3419197575_aa5b84a9f0.jpg,-1.235769039e-09
146577645_91b570c0d0.jpg,-2.653257622e-09
1067180831_a59dc64344.jpg,-4.943109293e-10
3242808166_8638150274.jpg,-4.315265984e-09
2126950128_74a4882658.jpg,3.34303549e-09
1467533293_a2656cc000.jpg,2.772364608e-09
1389264266_8170bc1c54.jpg,-3.141788739e-09
3393035454_2d2370ffd4.jpg,-2.383453417e-09
3512033659_7e8a0c2ffa.jpg,-9.144663938e-09
3328646934_5cca4cebce.jpg,4.275054006e-10
3420260768_26a600b844.jpg,-2.39171284e-09
3658016590_f761e72dc3.jpg,4.550260037e-09
3681324243_b69fa90842.jpg,1.288122665e-10
3475552729_a3abd81ee6.jpg,8.053284118e-09
3211029717_2affe6bbd5.jpg,3.036449396e-09
3636632926_09f39f2629.jpg,9.707603637e-10
447800028_0242008fa3.jpg,-4.045589247e-09
3248220732_0f173fc197.jpg,1.451241042e-09
2695961935_a2a6338f26.jpg,-1.264217674e-10
2410153942_ba4a136358.jpg,-4.075622949e-10
2444741900_5cb3ef3e1d.jpg,2.434539655e-09
3667318593_fa1816b346.jpg,1.491179875e-09
3442978981_53bf1f45f3.jpg,-7.733882569e-10
339822505_be3ccbb71f.jpg,7.718676027e-09
2598979962_c01811cfca.jpg,2.593739595e-09
444872454_9f51e07f88.jpg,1.079601979e-09
345684566_235e8dfcc1.jpg,-1.525047854e-09
241346146_f27759296d.jpg,4.334415048e-09
537758332_8beb9cf522.jpg,2.287680801e-09
241345639_1556a883b1.jpg,6.402590439e-10
2899501488_90d5da5474.jpg,-5.974675922e-10
475313618_bdb2f72be5.jpg,-2.543925029e-09
313051099_1bb87d6c56.jpg,1.291531656e-09
3517127930_5dbddb45f6.jpg,-9.708287451e-09
3356369156_074750c6cc.jpg,5.164502709e-09
290982269_79fc9f36dc.jpg,8.898980986e-09
1994416869_4dd769a806.jpg,-9.636893426e-10
3287963317_186491ee78.jpg,5.356361811e-09
3367851138_757d6bd2ef.jpg,-3.53497477e-09
3046259614_614394e024.jpg,7.625865627e-09
3325157569_8084ab3293.jpg,3.908963485e-09
3709030554_02301229ea.jpg,4.393055349e-09
314940358_ec1958dc1d.jpg,-2.976021497e-10
632251903_b36701a5e9.jpg,-3.439969896e-09
2622517932_57c52c376f.jpg,-7.22646644e-09
3497237366_366997495d.jpg,-2.419721277e-09
3759230208_1c2a492b12.jpg,3.751391554e-10
432248727_e7b623adbf.jpg,-1.445636915e-09
3064716525_b8418d4946.jpg,2.927987733e-10
390986651_c801db91a0.jpg,-2.6475606e-09
195084264_72fb347b0f.jpg,7.565569961e-09
2774554310_007e980a90.jpg,1.588128294e-10
2542415282_9240e1b5fc.jpg,-1.945369272e-09
256439287_990ac4a761.jpg,-2.269675525e-09
3614582606_16bd88dab2.jpg,2.389635484e-09
2655196158_5c878a4af0.jpg,-4.923667188e-09
3715469645_6d1dc019b3.jpg,-1.816324707e-09
381275595_b429fd1639.jpg,4.211705901e-10
3349309109_4024a09a17.jpg,1.739153745e-09
381239475_044cbffa2b.jpg,8.631044177e-09
3639617775_149001232a.jpg,-3.014654832e-09
2647229826_e0e0c65ef1.jpg,-3.217456036e-09
2762301555_48a0d0aa24.jpg,5.616965467e-09
2957071266_1b40ec7d96.jpg,8.148499732e-09
2884400562_e0851014fc.jpg,-6.673980378e-09
529101401_ab1f6b1206.jpg,-1.013737995e-08
2872743471_30e0d1a90a.jpg,1.575693577e-09
1285874746_486731a954.jpg,7.836625836e-09
3030793171_55cd646eed.jpg,-1.237096935e-09
3369354061_2bab79f91f.jpg,1.988503826e-12
2901074943_041aba4607.jpg,-4.421969888e-10
219070971_ae43410b9e.jpg,6.217941904e-09
3175712926_5a470d0886.jpg,-8.997691772e-09
2508249781_36e9282423.jpg,1.127585567e-09
3710176138_fbfe00bd35.jpg,-4.021785554e-09
3713177334_32f3245fd8.jpg,-9.650185924e-09
3291255271_a185eba408.jpg,1.189597951e-09
3524612244_64f00afec5.jpg,-1.505863717e-09
2792409624_2731b1072c.jpg,5.046361473e-09
2089555297_95cf001fa7.jpg,1.086345953e-09
496606439_9333831e73.jpg,2.762907172e-09
2558312618_13d362df66.jpg,3.138076688e-11
3148286846_40ae914172.jpg,6.400347883e-10
3523972229_d44e9ff6d7.jpg,1.310758255e-09
3318995586_c2bc50b92e.jpg,6.444274712e-09
410453140_5401bf659a.jpg,-4.972090226e-09
2932519416_11f23b6297.jpg,-2.044876598e-09
3107889179_106d223345.jpg,-6.297569381e-10
3560081723_62da0035bd.jpg,4.302681258e-09
3208553539_2bf6c6d162.jpg,-7.268977478e-09
3559425864_0462d7613f.jpg,-7.078782029e-09
3240014971_ee2ea8406f.jpg,4.849274773e-10
640506101_ae1145b6d1.jpg,-1.830589815e-09
3555729342_cc7a3b67fd.jpg,-3.409596528e-09
2836864045_9a093cfd65.jpg,6.115391295e-09
2743652730_d909c7ae82.jpg,-3.671721831e-09
95734038_2ab5783da7.jpg,-5.154505234e-09
540338917_57069687be.jpg,1.584943922e-09
2067833088_04e84e5bf2.jpg,2.444469665e-09
1383840121_c092110917.jpg,1.518075094e-09
3024022266_3528c16ed8.jpg,2.199094609e-09
1682079482_9a72fa57fa.jpg,1.869910854e-09
3444684583_6656e38088.jpg,-6.810628625e-09
241109594_3cb90fe2a3.jpg,-1.500737596e-09
468871328_72990babd4.jpg,9.288167927e-09
3760400645_3ba51d27f9.jpg,1.325507468e-09
3295452057_0c987f895f.jpg,-3.508202653e-10
3042405316_ba3a01926b.jpg,7.519579778e-10
2065309381_705b774f51.jpg,1.104764538e-09
2384147448_c1869070d3.jpg,-3.587964654e-09
2529205842_bdcb49d65b.jpg,4.218041589e-09
3415178926_909db9400b.jpg,-4.669652017e-09
252846811_7b250935a7.jpg,5.483675772e-09
2450486758_a66fd296ea.jpg,-7.361576505e-09
3353036763_4cbeba03b2.jpg,-1.670878537e-09
3667492609_97f88b373f.jpg,8.537442327e-09
3019473225_8e59b8ec4e.jpg,6.321417637e-09
2911552402_5166bc173b.jpg,-2.202231639e-10
3123351642_3794f2f601.jpg,7.611706786e-10
263231469_e85c74f5fd.jpg,-8.131110416e-10
3386893620_5f0bb4e794.jpg,3.653741291e-09
3628994466_a12065d29b.jpg,-1.968069314e-09
2841449931_84a05850ec.jpg,1.760475159e-09
2052953131_30834196fb.jpg,6.391655037e-11
3130093622_362f32f2bb.jpg,-3.857485218e-09
256444892_efcb3bd824.jpg,2.82392777e-09
3608400551_d6f7965308.jpg,2.691023918e-09
2119660490_ce0d4d1f73.jpg,2.171941117e-09
3665549027_d7fb05d157.jpg,-1.732399851e-10
3442138291_3e75f4bdb8.jpg,-6.387249346e-09
292887910_f34ac101c8.jpg,2.489458347e-09
3522000960_47415c3890.jpg,1.707708037e-09
375384566_254c2362d4.jpg,3.260430306e-09
2303356248_65dd6aba6f.jpg,1.358623195e-09
3483140026_e14f64fdf5.jpg,-4.330422097e-10
3716272233_7845ec5b3e.jpg,-3.536843422e-09
3556037801_3992ce6826.jpg,1.822517161e-09
2616673985_fa4354cc53.jpg,2.013183057e-09
337647771_3b819feaba.jpg,-7.149175409e-09
3589052481_059e5e2c37.jpg,-9.287145866e-09
2990471798_73c50c76fb.jpg,1.140192622e-09
3631986552_944ea208fc.jpg,4.523038791e-09
2735979477_eef7c680f9.jpg,-6.021709803e-09
522486784_978021d537.jpg,-3.845113906e-09
2994107810_af56326389.jpg,3.208997437e-09
1479124077_17dcc0d5d7.jpg,-3.218687218e-09
1096097967_ac305887b4.jpg,-2.37430038e-09
233242340_09963100a3.jpg,4.938650404e-09
3591094476_b61acd63d6.jpg,5.932352017e-10
2925760802_50c1e84936.jpg,2.062529345e-09
289860281_94d699f36d.jpg,1.105899799e-08
2396691909_6b8c2f7c44.jpg,2.628662782e-09
515702827_be3c6ce857.jpg,-2.495863211e-09
2929506802_5432054d77.jpg,2.256735954e-10
3498997518_c2b16f0a0e.jpg,5.52986296e-10
3461437556_cc5e97f3ac.jpg,6.96776072e-10
58363928_6f7074608c.jpg,-8.270253951e-10
3320411267_df70b90501.jpg,2.548957838e-09
2308108566_2cba6bca53.jpg,1.353252511e-10
2077346067_0a3a5aae65.jpg,2.818694836e-10
3337332770_5eda5cceb7.jpg,-5.397108673e-09
2666179615_f05a9d8331.jpg,-3.112921877e-09
3506869953_802f463178.jpg,1.976803517e-09
3490736665_38710f4b91.jpg,-9.970247408e-09
2453971388_76616b6a82.jpg,4.928440846e-09
535399240_0714a6e950.jpg,-5.155957401e-09
3701291852_373ea46bb6.jpg,2.589270959e-09
344841963_8b0fa9784c.jpg,-1.826955272e-09
1813597483_3f09d2a020.jpg,-3.339722687e-09
2777021428_0b2ac3e987.jpg,-9.521806508e-10
1542033433_5453d4c466.jpg,-1.561615759e-09
215876547_fa584c5ec3.jpg,-9.719823138e-10
2256218522_53b92bcbb2.jpg,-4.718616176e-09
3694555931_7807db2fb4.jpg,-3.303300991e-09
485738889_c2a00876a6.jpg,1.648172599e-09
3030079705_0dee8a3e89.jpg,-8.771511782e-09
2946016853_ceca4f5a07.jpg,6.784822446e-10
3644142276_caed26029e.jpg,4.224762279e-09
3296150666_aae2f64348.jpg,1.990839646e-09
2843695880_eeea6c67db.jpg,-6.089885694e-10
2657301826_aab4c36e6c.jpg,6.081693717e-09
2531837969_6f28637811.jpg,3.256960775e-09
2407470303_6fd5e3600d.jpg,-4.070712058e-10
1434607942_da5432c28c.jpg,2.779189872e-11
543007912_23fc735b99.jpg,4.254915148e-09
3054200086_657d4398e8.jpg,-1.693754484e-09
2164363131_6930455d45.jpg,3.335217403e-09
3471117376_40585c3fd1.jpg,-2.329349974e-09
374103966_2987706be1.jpg,1.88250052e-09
3229730008_63f8ca2de2.jpg,-2.96018132e-09
2646046871_c3a5dbb971.jpg,2.33595201e-09
390992102_67fa31b22f.jpg,-1.169709269e-09
3070713991_8696796937.jpg,4.707786885e-09
2905948395_ca3e6b3c9a.jpg,-2.763474208e-09
3477977145_4df89d69a1.jpg,1.29394121e-08
3213992947_3f3f967a9f.jpg,-1.813814815e-09
531055369_936fd76a63.jpg,1.02392985e-08
716597900_b72c58362c.jpg,-6.874041599e-09
3056530884_27766059bc.jpg,-5.991124306e-09
1316247213_1d2c726dd5.jpg,-3.899236482e-09
1377668044_36398401dd.jpg,-1.641123944e-09
3457856049_2de173e818.jpg,-1.09703089e-09
1509786421_f03158adfc.jpg,-5.109309078e-09
3468130925_2b1489d19a.jpg,1.610682887e-09
399679638_d3036da331.jpg,3.10825473e-09
3677329561_fa3e1fdcf9.jpg,4.526901645e-09
3679341667_936769fd0c.jpg,-9.792508706e-10
3534668485_6887629ff0.jpg,2.904553081e-09
3446347599_0ecc49a9d5.jpg,-6.878065627e-09
2277081067_d2b4c98bce.jpg,-5.165305251e-09
2255342813_5b2ac6d633.jpg,2.38439002e-09
2520255786_b70a3ec032.jpg,2.366252718e-09
2318659263_c24005a5cb.jpg,4.619491579e-09
2976537455_f3988c2d46.jpg,-1.100297054e-09
507758961_e63ca126cc.jpg,3.967196756e-10
2699733386_c346c87ea6.jpg,-1.825789671e-09
2878578240_caf64c3b19.jpg,-2.64719923e-09
1569562856_eedb5a0a1f.jpg,9.438056131e-10
2257631407_1529b9db39.jpg,1.05968307e-09
3376972502_35e3e119cd.jpg,4.537862093e-09
3655773435_c234e94820.jpg,9.21600878e-10
3694219419_a7a83d4886.jpg,-6.351921893e-10
3294209955_a1f1e2cc19.jpg,-3.437268074e-09
3653764864_225958c9c1.jpg,3.869383023e-09
2531531628_b4a5041680.jpg,-1.685151361e-09
2895966469_53e0b29295.jpg,-1.237532241e-09
449352117_63c359c6e7.jpg,-3.618510219e-09
3518334317_bc40bae18d.jpg,2.232846565e-10
3590647207_2d4ec3f52c.jpg,5.890039184e-09
3247052319_da8aba1983.jpg,8.86964455e-09
527272653_8a5bd818e5.jpg,-5.467934701e-09
662606040_8cc8cd9f1b.jpg,5.373229815e-09
488416045_1c6d903fe0.jpg,-3.042066923e-09
3119875880_22f9129a1c.jpg,2.295936926e-09
155221027_b23a4331b7.jpg,3.469331734e-09
3527926597_45af299eee.jpg,-6.05606268e-09
3503471307_464a8f588c.jpg,1.997536114e-09
241347441_d3dd9b129f.jpg,-3.994403601e-09
2140747429_62cfd89ae9.jpg,4.579384459e-09
3270083123_fcc1208053.jpg,1.786066219e-09
3688797852_89ed3cb056.jpg,3.615072678e-09
2441815792_43565b1312.jpg,2.815432895e-09
624742559_ff467d8ebc.jpg,-7.747272852e-09
3677964239_6406ed096f.jpg,-1.645777971e-09
2708176152_1634cb754d.jpg,5.444122377e-09
2707835735_6537b27e8f.jpg,4.271767777e-09
3169394115_2193158cee.jpg,1.565424062e-09
2908859957_e96c33c1e0.jpg,5.855046952e-09
3437147889_4cf26dd525.jpg,3.452185646e-09
2255266906_8222af18b9.jpg,2.891263111e-09
3395173129_f0ac0a1ed4.jpg,3.0735905e-09
2414986483_004936f84b.jpg,-1.870682339e-09
1926129518_4350f4f552.jpg,2.886715362e-09
2509824208_247aca3ea3.jpg,-1.322968897e-09
3116379964_86986750af.jpg,1.112801877e-09
3611603026_9112b0c53f.jpg,5.924276763e-09
1398606571_f543f7698a.jpg,-4.561887791e-09
3514188115_f51932ae5d.jpg,-5.607373181e-10
2701487024_e866eb4550.jpg,-3.21882348e-10
2296166785_292a4e9f4c.jpg,2.001843936e-10
2056042552_f59e338533.jpg,-4.822218979e-09
3353962769_ba48691bc6.jpg,-1.011371731e-09
2887103049_a867e74358.jpg,-1.308707386e-09
3528251308_481a28283a.jpg,6.902093613e-10
3715559023_70c41b31c7.jpg,-1.466645752e-09
432490118_54a9c0e500.jpg,-4.707279354e-10
2310233145_910cb5b4c8.jpg,-6.111698338e-09
535249787_0fcaa613a0.jpg,5.523285191e-09
2915183095_4ed4aa4f37.jpg,-5.332421955e-09
3458434150_2b0d619244.jpg,2.671715399e-10
3298199743_d8dd8f94a0.jpg,-2.609923735e-09
1479513774_70c94cf9d3.jpg,-1.374645395e-09
2470519275_65725fd38d.jpg,2.304318271e-09
3508882611_3947c0dbf5.jpg,-5.284745627e-10
3612485611_12dd7742f7.jpg,-4.119831399e-09
1332208215_fa824f6659.jpg,-8.73849117e-10
1474474514_b3eb492722.jpg,1.012421909e-08
818340833_7b963c0ee3.jpg,-6.877242363e-09
3463268965_f22884fc69.jpg,-8.482938737e-10
2623930900_b9df917b82.jpg,1.28176356e-09
2988439935_7cea05bc48.jpg,-1.702018593e-09
3697379772_40d831392b.jpg,1.514747533e-09
2512682478_b67cc525c7.jpg,-9.359066651e-10
3339263085_6db9fd0981.jpg,-3.573124791e-09
420355149_f2076770df.jpg,4.456092572e-09
349889354_4b2889a9bd.jpg,-1.084936956e-09
2651915425_7a58e862e9.jpg,5.440671187e-09
691770760_48ce80a674.jpg,-1.322364226e-09
3334300164_e75e0479ae.jpg,1.793190799e-09
3246190363_68d903bfcb.jpg,7.391823102e-09
2095078658_c14ba89bc2.jpg,4.616889802e-09
2282522980_45cfa8e0cf.jpg,1.087382558e-09
2714674623_8cd05ac114.jpg,-5.225528243e-09
880220939_0ef1c37f1f.jpg,1.008159447e-09
407678652_1f475acd65.jpg,-7.242057011e-10
440737340_5af34ca9cf.jpg,-1.631925531e-09
3425069551_aba046a1b6.jpg,1.778234415e-09
460350019_af60511a3b.jpg,8.122940311e-09
2807209904_389d81f33a.jpg,1.907585453e-09
537225246_dd0e2158a7.jpg,1.486526018e-09
1812525037_528465037c.jpg,-5.747248903e-09
3159641529_c2c74f3eaf.jpg,-2.055068774e-09
2898810636_84fb5c0b63.jpg,3.240347616e-09
452345346_afe1248586.jpg,1.822652129e-09
1277743944_f4e8c78403.jpg,-1.425020225e-11
3568065409_1c381aa854.jpg,2.518531435e-09
3278189732_f750cb26b7.jpg,1.166229013e-09
3040051410_6205682ba3.jpg,-1.468485619e-09
2396025708_e4a72e2558.jpg,-2.696053041e-09
2465441099_a1761a1757.jpg,-4.211840919e-09
3413806271_17b7e102aa.jpg,-9.454398019e-10
501520507_c86f805ab8.jpg,-4.266525934e-09
2206403470_8c25aa3cf8.jpg,1.213517941e-09
3048461682_e89f81b1c7.jpg,-4.515021564e-09
2092419948_eea8001d0f.jpg,-7.300026657e-09
3143980056_7a64a94b58.jpg,9.162452114e-09
391579205_c8373b5411.jpg,3.737682382e-09
432496659_f01464d9fb.jpg,-6.312678845e-09
3148571800_c5515e6c3d.jpg,-6.634729561e-09
3006926228_cf3c067b3e.jpg,3.653430895e-09
3368569524_a9df2fc312.jpg,-1.870408349e-09
3673970325_4e025069e9.jpg,-2.130940351e-09
394161692_2576920777.jpg,8.566514637e-10
2148916767_644ea6a7fa.jpg,-1.070871302e-09
3335097235_538f4777c3.jpg,2.577161789e-09
2553188198_da1123a723.jpg,3.063285329e-09
96985174_31d4c6f06d.jpg,-1.111151202e-09
2982881046_45765ced2c.jpg,3.058356684e-10
2966190737_ceb6eb4b53.jpg,-1.296909422e-09
3601491447_a338875b51.jpg,8.075324468e-11
2763044275_aa498eb88b.jpg,3.012591655e-10
3589368949_0866846949.jpg,-8.157445503e-09
3360930596_1e75164ce6.jpg,-2.681889974e-09
3004290523_d1319dfdb4.jpg,1.450077908e-09
2451114871_8617ae2f16.jpg,-8.64094834e-09
2194494220_bb2178832c.jpg,1.661883674e-09
1132772170_600610c5df.jpg,-4.89472686e-10
2109911919_af45b93ef3.jpg,-3.438300429e-10
3408130183_f038bdaa4f.jpg,-4.368517938e-09
2552438538_285a05b86c.jpg,1.943566979e-09
3094317837_b31cbf969e.jpg,2.444016963e-09
763577068_4b96ed768b.jpg,-3.522039631e-09
1803631090_05e07cc159.jpg,-5.047950488e-09
252504549_135b0db5a3.jpg,-2.884954664e-09
1732436777_950bcdc9b8.jpg,1.073091877e-08
244571201_0339d8e8d1.jpg,-1.907826242e-10
2998185688_8d33e4ce38.jpg,4.088925529e-09
2446601467_a35841cb1d.jpg,1.941787372e-09
264859622_f3a00ab409.jpg,-2.157687647e-10
2427490900_5b7a8874b9.jpg,-1.866895479e-09
2613889835_6f50a3b83b.jpg,1.335387853e-09
2233426944_0959835ced.jpg,-2.619533994e-10
485357535_b45ba5b6da.jpg,-6.859712223e-09
3443326696_fe0549c5be.jpg,-6.885462836e-10
2345984157_724823b1e4.jpg,2.254422115e-09
3270691950_88583c3524.jpg,-2.323433841e-09
3413019648_e787f0cb88.jpg,-6.05570019e-09
3751594676_edfbfa0688.jpg,3.370203113e-09
3537806062_c50d814aba.jpg,8.333354089e-10
3613585080_36629d8157.jpg,2.79878655e-09
2631625732_75b714e685.jpg,-8.728304297e-10
3541162969_68fa4a60df.jpg,-2.350109462e-09
997722733_0cb5439472.jpg,-6.157075275e-09
3415809168_af9dabdba5.jpg,4.768201336e-09
3661239105_973f8216c4.jpg,-3.443687746e-09
3229519418_040f05ced1.jpg,-9.567472874e-10
753285176_f21a2b984d.jpg,-1.573891261e-09
2303426046_09cfd7bc4e.jpg,-1.022662258e-09
2867845624_22e4fe0a23.jpg,6.499873475e-09
2752341621_54490b9b09.jpg,-2.591450771e-09
2891185857_54942809cf.jpg,-1.60210299e-09
3341084434_db5e7d1fdc.jpg,4.94925973e-09
2162564553_96de62c7e6.jpg,-7.034853656e-10
3172280520_e7655fb596.jpg,1.70483126e-09
2797185895_4d9e1e9508.jpg,-5.819036841e-09
965444691_fe7e85bf0e.jpg,-4.259404004e-09
3057618932_3b80ae85de.jpg,-3.007953306e-09
788126442_086334f0cf.jpg,5.507957813e-10
334768700_51c439b9ee.jpg,-1.081010659e-10
3341961913_9a9b362f15.jpg,-5.486158528e-09
3618932839_acd7d2c2ea.jpg,-3.467567843e-09
3497234632_6ec740fc1e.jpg,1.785697717e-09
2541901399_0a57f4cc76.jpg,-3.568371027e-09
3356938707_d95ba97430.jpg,6.269236531e-09
2471297228_b784ff61a2.jpg,-2.463764052e-09
3488087117_2719647989.jpg,1.206276819e-08
2186367337_0ce9ce2104.jpg,-1.516816752e-09
3427540832_c882fded1d.jpg,-1.910136582e-09
2220175999_081aa9cce8.jpg,-2.482549005e-09
2066271441_1f1f056c01.jpg,2.582490588e-09
2591603141_33d6397e0a.jpg,8.535904576e-10
118187095_d422383c81.jpg,-5.270703138e-10
1810651611_35aae644fb.jpg,2.663544979e-09
2170222061_e8bce4a32d.jpg,3.702865529e-09
1055623002_8195a43714.jpg,-2.665337112e-09
3183195185_cd0ff994a1.jpg,-2.663924567e-09
3136674757_57406c305c.jpg,-1.721170608e-09
3070130228_67dcfee9ae.jpg,-2.701380661e-09
1398613231_18de248606.jpg,-2.181282035e-10
3430287726_94a1825bbf.jpg,5.074587039e-09
1286408831_05282582ed.jpg,4.854054758e-10
237547381_aa17c805e0.jpg,5.627369105e-09
3638374272_444f5e0457.jpg,-1.950597544e-11
2315867011_fc5fc9fa6d.jpg,-4.67308504e-09
2864634088_d087494dff.jpg,-8.336804073e-09
2695093520_5cfeb0729d.jpg,-5.482241598e-09
571507143_be346225b7.jpg,1.132897609e-08
3601569729_bf4bf82768.jpg,-1.122219926e-08
3725202807_12fbfdd207.jpg,-1.189593543e-09
2466171100_5e60cfcc11.jpg,2.120057523e-10
1764955991_5e53a28c87.jpg,1.701251426e-09
3649916507_b88a3d2082.jpg,2.649967237e-09
3432730942_4dc4685277.jpg,6.086949423e-09
782017931_75d92bb7a4.jpg,1.36697346e-10
2211593099_4a4f1c85d2.jpg,-4.290501921e-10
2929272606_2a5923b38e.jpg,-6.91535841e-09
3174453534_fcc927c647.jpg,2.164910796e-09
383223174_7165a54c30.jpg,-3.180486694e-09
3339768802_8ab768558a.jpg,-3.15334206e-09
2511019188_ca71775f2d.jpg,-1.782827335e-10
3224904543_679fe05c41.jpg,5.268281668e-09
2471493912_2d4746b834.jpg,2.110837787e-09
3029928396_99ac250788.jpg,-6.519168911e-09
633456174_b768c1d6cd.jpg,-8.076484984e-10
3162045919_c2decbb69b.jpg,-3.698988175e-09
390987167_2d5905b459.jpg,-1.565761874e-09
3613264553_97b687f172.jpg,-1.225529482e-09
336460583_6c8ccb7188.jpg,3.032608261e-09
441921713_1cafc7d7d2.jpg,-1.480326114e-09
3507076266_8b17993fbb.jpg,9.571297991e-09
967719295_3257695095.jpg,2.958937919e-09
214543992_ce6c0d9f9b.jpg,-1.476895595e-09
2417341107_97dbab9c5e.jpg,2.246866351e-09
2275253272_00f941366e.jpg,-1.226003379e-08
3449114979_6cdc3e8da8.jpg,-7.253748777e-09
1118557877_736f339752.jpg,-7.592234609e-09
642987597_03b21a1437.jpg,5.720288156e-09
3077166963_fe172c709d.jpg,-4.685445073e-09
2805873509_4f68afc4b4.jpg,-7.316884693e-10
3729405438_6e79077ab2.jpg,-1.830423417e-09
431282339_0aa60dd78e.jpg,-3.140239897e-09
1679565118_d36f0d6d52.jpg,-7.493770114e-09
2337757064_08c4033824.jpg,-8.223049008e-10
2950905787_f2017d3e49.jpg,-4.456176931e-09
3628017876_4ac27e687b.jpg,-3.201830585e-10
3127629248_a955b5763b.jpg,-3.474241641e-10
3005124440_c096b310fb.jpg,-3.932564315e-09
2780031669_a0345cfc26.jpg,-2.369457834e-09
2894008505_a445ccaaff.jpg,5.149891578e-09
3437034427_6df5e9fbf9.jpg,2.616517396e-09
3635911776_dbc2763f2c.jpg,-1.77770592e-10
350588129_6aef7b7fe2.jpg,-8.097646247e-11
2952141476_fc9a48a60a.jpg,5.958422409e-10
2381102729_12fc4d4c76.jpg,-4.582931888e-10
481827288_a688be7913.jpg,-3.063752614e-09
2272489996_95b0a62d15.jpg,3.339784947e-09
303607405_f36edf16c6.jpg,-1.033971743e-08
2476214153_99a3998509.jpg,1.037885011e-09
816084977_21c1811c9a.jpg,6.441244324e-10
2752331711_cb18abba5a.jpg,-5.893875443e-09
2700147489_f1664f2b61.jpg,4.06479994e-09
143684568_3c59299bae.jpg,-5.899489499e-10
3465000218_c94e54e208.jpg,-2.124742052e-09
3189002057_3ef61b803e.jpg,1.04624949e-10
3427233064_6af01bfc5c.jpg,-1.279673287e-09
247706586_7e25c7adf8.jpg,-1.950148954e-09
2260649048_ae45d17e68.jpg,6.163429844e-09
254527963_3f5824b0e8.jpg,-3.669741138e-09
443885436_6e927e6c58.jpg,1.370641491e-09
2094323311_27d58b1513.jpg,-1.711865713e-09
757133580_ba974ef649.jpg,1.276348406e-09
2723477522_d89f5ac62b.jpg,-9.110268461e-10
3259666643_ae49524c81.jpg,2.102725352e-09
3559374748_f18c7caa55.jpg,2.446156926e-09
2714703706_d21c5cb8df.jpg,2.383892161e-09
2759860913_f75b39d783.jpg,-5.297217653e-09
2857473929_4f52662c30.jpg,1.0119339e-08
448252603_7d928c900e.jpg,1.109280129e-09
381514859_b40418d9c3.jpg,-1.687136648e-09
262681159_e5fed3acf0.jpg,-2.615560409e-09
3700554247_9824ae6f3a.jpg,-3.568094835e-09
3397310901_cbef5c06ef.jpg,3.463311609e-09
186890601_8a6b0f1769.jpg,-5.323264888e-09
150387174_24825cf871.jpg,-1.004383e-08
3626998066_3ae11ee278.jpg,-3.598920073e-09
3730011701_5352e02286.jpg,6.592538647e-09
2902844125_4186bf3ab6.jpg,8.445225217e-09
2203286182_b453e9d176.jpg,-5.287172207e-09
3552206648_123bf4ac82.jpg,-1.046566366e-09
3042173467_14394234da.jpg,-1.743032347e-09
2276314067_7ee246f859.jpg,-2.238809881e-09
3420064875_0349a75d69.jpg,-2.394937796e-09
393958545_48c17c66d1.jpg,-6.028637088e-10
2716903793_fb7a3d8ba6.jpg,-3.220164588e-09
3325910784_5ecb88310c.jpg,3.483101842e-09
2934022873_3fdd69aee4.jpg,4.756442298e-09
78984436_ad96eaa802.jpg,-2.158615631e-09
3452127051_fa54a902b3.jpg,-1.956926619e-09
856985136_649c0a3881.jpg,-2.654146001e-09
3091921457_83eee69591.jpg,-9.819022929e-09
541046380_513e295384.jpg,3.410739672e-09
3286761458_34af7e4499.jpg,-3.652567327e-09
2085400856_ae09df33a7.jpg,-4.577591596e-09
3229913073_e7857a5966.jpg,8.393738116e-09
3707990914_843e8f15f1.jpg,9.269832396e-09
162743064_bb242faa31.jpg,2.694646037e-09
3532593368_be10432e92.jpg,-2.747226105e-09
1024138940_f1fefbdce1.jpg,-1.931284389e-09
866841633_05d273b96d.jpg,7.997922978e-09
282131366_5f9a39c43c.jpg,3.745256878e-10
2980348138_91cc6f6d0f.jpg,-1.394574533e-09
3639547922_0b00fed5cd.jpg,1.296623666e-09
2302747917_aa0300eb68.jpg,-5.730470447e-09
3027365101_3818be6e16.jpg,-5.89755508e-09
58363930_0544844edd.jpg,2.241145732e-09
244368383_e90b6b2f20.jpg,9.573148969e-10
405615014_03be7ef618.jpg,-3.483813782e-10
1302657647_46b36c0d66.jpg,-2.867158001e-09
3354883962_170d19bfe4.jpg,-5.86093612e-09
3113769557_9edbb8275c.jpg,-2.163035365e-09
3074842262_62b1b2168c.jpg,4.700609682e-09
2942133798_e57c862a90.jpg,5.413934768e-09
1420060020_7a6984e2ea.jpg,-5.430008448e-09
2924483864_cfdb900a13.jpg,3.979455719e-09
306318683_5f1f875191.jpg,2.186071172e-09
3214237686_6566b8b52f.jpg,5.150776144e-09
3335885203_a3fe8e541f.jpg,-3.238488855e-10
1262583859_653f1469a9.jpg,-5.483402941e-09
3638783120_f600ceb19d.jpg,-3.195810541e-09
1206506157_c7956accd5.jpg,2.39418019e-09
533602654_9edc74385d.jpg,-8.843725476e-09
2322593776_e6aaf69e80.jpg,-5.793972383e-10
3629664676_36bcefe6b7.jpg,5.154869691e-09
318667317_108c402140.jpg,5.676385172e-09
3560125106_691c292893.jpg,-4.236731907e-09
1430154945_71bbaa094a.jpg,-6.423872696e-09
241345770_9f8aa6723c.jpg,1.545311663e-09
3692746368_ab7d97ab31.jpg,9.564403321e-09
3315110972_1090d11728.jpg,-1.19326068e-09
3112635165_2d614d7c1a.jpg,-2.986469113e-09
3621652774_fd9634bd5b.jpg,4.053712167e-09
2344898759_5674382bcd.jpg,-6.744265799e-11
2597308074_acacc12e1b.jpg,-9.258424391e-10
3189307452_aebc12380b.jpg,4.508331905e-09
3004291093_35d6fd8548.jpg,2.997060619e-09
3609645320_815c294b65.jpg,-2.174903103e-09
707941195_4386109029.jpg,1.757879925e-09
462080147_ca088e6541.jpg,7.757689419e-10
3245460937_2710a82709.jpg,1.728681735e-09
3351667846_ac43118ae5.jpg,-1.68998885e-09
3640870001_acbd1d5ceb.jpg,-1.754749032e-09
426920445_d07d1fd0f7.jpg,-5.140412905e-09
2261346505_302c67951d.jpg,-6.753993804e-09
1048710776_bb5b0a5c7c.jpg,5.152081224e-09
3643684044_a131168127.jpg,2.758538863e-09
2878272032_fda05ffac7.jpg,1.54492984e-09
3425846980_912943b4f9.jpg,-4.515213621e-09
2171891283_dedd9cf416.jpg,8.775415911e-10
3767841911_6678052eb6.jpg,-5.071241306e-09
308956341_642589e9cc.jpg,-1.265996683e-09
3051384385_c5c850c1f8.jpg,1.777303974e-09
2863848437_f2592ab42d.jpg,-1.420415192e-09
2878705136_609dfbf318.jpg,-2.887247171e-09
3210705660_2b14b7fb36.jpg,-7.650684092e-10
1499554025_a8ffe0e479.jpg,3.876426169e-09
2248487950_c62d0c81a9.jpg,-2.623551403e-09
3003691049_f4363c2d5c.jpg,-6.001303397e-09
3188044631_ca3a9cc737.jpg,7.960107939e-10
3220140234_e072856e6c.jpg,1.772476298e-09
288508162_1727873924.jpg,1.567702075e-09
252124738_796599e94b.jpg,1.684392326e-09
2717686269_80c4b5ac9e.jpg,-3.515859564e-09
2448393373_80c011d301.jpg,3.143650736e-09
3516825206_5750824874.jpg,1.161929278e-08
1341787777_4f1ebb1793.jpg,1.712745818e-08
1346051107_9cdc14e070.jpg,-8.52980497e-10
2522809984_2e8a7df4fb.jpg,5.631939867e-09
1536597926_c2e1bc2379.jpg,6.823801002e-09
3544673666_ffc7483c96.jpg,3.986337816e-10
2806632713_edd6f6c893.jpg,-2.183174503e-09
933118213_b35b0b62a7.jpg,-2.53915065e-09
300371487_daec5d11ab.jpg,3.065407211e-10
3571675421_7e07ac07c5.jpg,-9.861485299e-11
279550225_d64d56158a.jpg,-6.246025606e-09
2979914158_5906470b8f.jpg,2.017746158e-09
3064383768_f6838f57da.jpg,-3.140671642e-09
462288558_b31a8a976f.jpg,-6.817666785e-09
3525403875_7f95e0cbfe.jpg,-8.738676309e-09
2161799386_27aa938421.jpg,5.063742612e-09
2444821454_22a346c996.jpg,-1.322334591e-09
3613955682_3860e116cf.jpg,2.685582857e-11
241046599_28b0ca7b9f.jpg,2.290308409e-09
2830755303_2b5444ab4c.jpg,3.053352897e-09
2600867924_cd502fc911.jpg,1.001065996e-09
2978236380_fb24c43f1e.jpg,-1.137051288e-09
2635023078_6dae04758f.jpg,4.171575632e-09
2224450291_4c133fabe8.jpg,-2.107977245e-09
3335547029_74d620fa6c.jpg,-2.499913493e-11
3440724965_03d6ca5399.jpg,-1.075694001e-08
2518508760_68d8df7365.jpg,-1.006749639e-09
3349258288_5300c40430.jpg,4.842572069e-09
1466307485_5e6743332e.jpg,-1.275280584e-09
2474047296_fd9179d438.jpg,-2.328155056e-09
3478084305_9e1219c3b6.jpg,3.813764885e-09
3205214191_29b42b9b09.jpg,7.541587762e-10
3415228562_4efa9c9b70.jpg,-3.255960178e-09
272546805_536c719648.jpg,-7.9231019e-10
512306469_1392697d32.jpg,1.305667807e-08
3668900592_a84b0c07db.jpg,-3.112727304e-09
337793983_ac5b2e848e.jpg,6.772789115e-09
2718024196_3ff660416a.jpg,4.726676654e-09
1350948838_fdebe4ff65.jpg,6.24052837e-09
2496370758_a3fbc49837.jpg,3.376661441e-09
3628059004_5c3529b120.jpg,-1.584603445e-09
3205754736_32c29b5208.jpg,-1.217853438e-10
970641406_9a20ee636a.jpg,-4.721591247e-10
2208067635_39a03834ca.jpg,6.798306716e-09
3432637363_3ba357e2da.jpg,2.219887532e-09
2279496715_8ef3ee6edb.jpg,-3.093340853e-09
1776981714_5b224d0f7a.jpg,8.080636511e-09
3373946160_1c82d54442.jpg,-6.232460996e-09
3079917032_3cfacb2fd7.jpg,-1.319190006e-09
471402959_0b187560df.jpg,-2.880643749e-09
2972929655_04233b5489.jpg,3.161463154e-09
3103587323_7f093d5b90.jpg,-7.354803374e-09
1089755335_0bfbfd30e6.jpg,-9.139335054e-09
2273591668_069dcb4641.jpg,5.505840146e-09
2338627102_6708a9b4fd.jpg,-4.732644711e-09
2863180332_372510aa49.jpg,6.071071203e-10
2832033116_1677ea1e2e.jpg,2.138661888e-09
1925434818_2949a8f6d8.jpg,-7.051686982e-09
2382411771_a16145f345.jpg,1.999572992e-09
1347519824_e402241e4f.jpg,3.043477443e-09
3641022607_e7a5455d6c.jpg,4.805407566e-09
3181328245_7c04ce1691.jpg,-6.830481376e-10
3258396041_69717247f7.jpg,-9.233319574e-09
491564019_1ca68d16c1.jpg,-8.397420805e-09
262446581_06ef7d9445.jpg,-6.368869928e-09
838074897_9d6270b3cd.jpg,-5.072755197e-09
1159574340_99ba8c3c59.jpg,-7.502514877e-10
2443512473_6f5a22eb42.jpg,2.061510471e-10
2075321027_c8fcbaf581.jpg,-1.690122809e-10
2076865206_53918c820c.jpg,-2.187613641e-09
3601533527_6c2439113c.jpg,-5.568061357e-09
3589156060_3ed8d6bbc3.jpg,1.312342166e-09
3259757648_71edb4347b.jpg,-4.363159763e-10
1352410176_af6b139734.jpg,-2.663575179e-10
3373481779_511937e09d.jpg,-1.216963175e-09
2372572028_53b76104a9.jpg,1.623281521e-09
1321723162_9d4c78b8af.jpg,-2.631577003e-09
500678178_26ce0f4417.jpg,-2.182501279e-09
3484019369_354e0b88c0.jpg,-5.796721421e-09
2321865325_79b0954a5d.jpg,1.70841777e-09
290019324_23582048d4.jpg,3.931341641e-09
2930580341_d36eec8e3c.jpg,-2.532431897e-09
3292016893_24d14c8b4f.jpg,-1.337670561e-09
3173928684_4ea0ee5114.jpg,-1.943758985e-09
3323988406_e3c8fce690.jpg,4.015315317e-10
3612485097_b706d950ed.jpg,-1.05122036e-09
2354456107_bf5c766a05.jpg,2.92508567e-09
166433861_70b66cd381.jpg,-7.986458202e-09
1463638541_c02cfa04dc.jpg,-3.107411558e-09
2616643090_4f2d2d1a44.jpg,2.885097612e-09
3702607829_2b8b3e65ab.jpg,8.600291526e-09
3154813159_58a195236d.jpg,-1.519025761e-09
3289817083_4e78e1c05a.jpg,1.018154538e-08
2934379210_4e399e3cac.jpg,-2.425473746e-09
2407091303_931c918490.jpg,-5.492282719e-09
2831313661_1a328acb70.jpg,-3.592693117e-09
3168841415_c0705a327a.jpg,-1.6196507e-09
3636247381_65ccf8f106.jpg,-5.164640097e-09
2150564996_d173a506d7.jpg,2.045488665e-09
2909081008_9a7bfc599a.jpg,7.850714559e-10
1884065356_c6c34b4568.jpg,-1.237228998e-09
2343525685_3eba3b6686.jpg,5.541315636e-09
2955099064_1815b00825.jpg,-3.955281938e-09
3437315443_ba2263f92e.jpg,-3.260992003e-09
3033612929_764d977bd5.jpg,-2.005814503e-09
3073535022_4af81f360c.jpg,-3.410716942e-09
3537520829_aab733e16c.jpg,-2.977154405e-09
2832487464_2d30634e1e.jpg,-5.226565738e-09
2241768909_3d96d48417.jpg,7.211216278e-10
439492931_a96d590e40.jpg,2.07654322e-09
3701544312_b2e4e9813d.jpg,1.925024916e-09
972381743_5677b420ab.jpg,3.273320214e-09
632608471_a70461f123.jpg,-3.092728546e-09
2583001715_1ce6f58942.jpg,-1.531041014e-09
2737729252_b3fd9c05b1.jpg,6.402158066e-10
3590739067_58baffb3a7.jpg,-7.131272405e-09
3107558821_f3b205d4ed.jpg,-3.418989176e-10
2553024095_735bc46267.jpg,-5.773524893e-09
2629346153_155ba73ae9.jpg,2.333419777e-11
3223302125_f8154417f4.jpg,5.878983562e-10
2488795251_c108c77b13.jpg,6.791044354e-09
44856031_0d82c2c7d1.jpg,-1.159165701e-09
2704934519_457dc38986.jpg,-9.055827646e-09
3070274658_fc39fd4f84.jpg,-2.076788909e-09
3262075846_5695021d84.jpg,1.322927705e-09
1777816180_08d7e8063b.jpg,-1.526472859e-09
3084149186_4bc08b0752.jpg,1.747554245e-09
3109124656_626b596d5e.jpg,6.143719864e-09
3724150944_fc62e8d5e0.jpg,-1.72411939e-10
3104182973_5bb1c31275.jpg,-2.34248565e-09
203114209_e4cd71a6b7.jpg,5.863740538e-09
2315418282_80bd0bb1c0.jpg,-5.758610442e-09
3240094420_a9eea11d39.jpg,-1.099450257e-10
1517807181_ca6588f2a0.jpg,-2.067737801e-10
95734036_bef6d1a871.jpg,-3.053884456e-09
3041170372_c4376cd497.jpg,4.051658311e-09
2890057168_c712f932e0.jpg,-5.599977782e-09
2925737498_57585a7ed9.jpg,2.876905453e-09
2565685680_c30972455d.jpg,5.650869569e-09
3042484940_0975a5e486.jpg,-2.545354457e-09
2325258180_6217dd17eb.jpg,-1.563384893e-09
3541915243_956c1aa8ef.jpg,3.641257017e-09
2922973230_5a769ef92a.jpg,-6.206243911e-10
1801874841_4c12055e2f.jpg,-3.218930624e-10
2316097768_ef662f444b.jpg,1.579872335e-09
3676561090_9828a9f6d0.jpg,1.601871323e-09
3591462960_86045906bd.jpg,5.596185002e-09
2750832671_4b39f06acf.jpg,9.903819122e-10
2000459828_3c9e109106.jpg,4.16045371e-09
3569406219_f37ebf7b92.jpg,3.214287434e-09
2058472558_7dd5014abd.jpg,2.26714434e-09
2691966747_cfa154982b.jpg,1.300318927e-09
469969326_4b84073286.jpg,4.452047267e-10
195962790_3380aea352.jpg,7.804492023e-09
2480832276_fa55480ecb.jpg,4.671267417e-09
2061397486_53a61e17c5.jpg,-2.148698925e-09
2676651833_3bb42bbb32.jpg,3.120578705e-09
1478294229_7e1c822fea.jpg,5.403630402e-09
1392272228_cf104086e6.jpg,2.783985646e-09
3153067758_53f003b1df.jpg,-4.776775095e-10
497791037_93499238d8.jpg,-1.420185433e-09
3399618896_9ef60cd32c.jpg,-7.034674297e-10
2229179070_dc8ea8582e.jpg,-3.767126098e-09
3316046339_8e504be038.jpg,1.688540911e-09
3681056426_fbd6c0c92c.jpg,6.074446083e-09
3006095077_1992b677f8.jpg,5.244532347e-09
457945610_1a23b9ced0.jpg,3.367048148e-09
263216826_acf868049c.jpg,-6.634433541e-10
778885185_3f6905370b.jpg,4.973282729e-09
3692593096_fbaea67476.jpg,-7.090292937e-09
1045521051_108ebc19be.jpg,3.650619133e-11
2220185725_45d4fa68d9.jpg,1.474483856e-09
514222303_cb98584536.jpg,2.498902843e-09
2913818905_8e4d9aa82a.jpg,4.686467968e-11
3259992164_94600858b3.jpg,-3.24798195e-09
278002800_3817135105.jpg,-8.391910192e-10
3296500180_0d7a6650dc.jpg,2.008253854e-10
3501781809_88429e3b83.jpg,2.331662274e-09
278496691_c1fd93e2d8.jpg,-1.116098872e-09
3607969989_68cc411493.jpg,1.383617168e-09
3618504267_d7eaa495d0.jpg,-4.763327483e-09
2462153092_e3f4d8f6a2.jpg,-3.912275915e-09
3164328039_2c56acf594.jpg,6.536104766e-10
3446762868_06e9d9d899.jpg,2.600544033e-09
534313000_4ad39c7ee0.jpg,-1.475056235e-09
3476451861_5b9c9ce191.jpg,-8.539999147e-09
1554713437_61b64527dd.jpg,-1.025427953e-09
3726025663_e7d35d23f6.jpg,2.026476578e-09
952171414_2db16f846f.jpg,-2.991232517e-09
861608773_bdafd5c996.jpg,3.221858529e-09
3329169877_175cb16845.jpg,-1.439975315e-09
3624076529_9793655a21.jpg,2.71421163e-09
3490874218_babb404b39.jpg,-1.127578401e-08
3480051754_18e5802558.jpg,5.45970021e-10
1523984678_edd68464da.jpg,-3.382556888e-10
2612488996_9450de0e54.jpg,4.665230686e-09
1026685415_0431cbf574.jpg,-8.335099724e-09
99679241_adc853a5c0.jpg,-6.355190057e-09
3377117696_af91f13058.jpg,2.361837623e-09
3203453897_6317aac6ff.jpg,2.668188751e-09
3691800116_6a7b315e46.jpg,-2.574600931e-09
3677318686_b018862bb7.jpg,-1.006643686e-08
2385871165_9438c9fe84.jpg,-7.900204191e-10
720208977_f44c2bba5b.jpg,-2.21571585e-09
3758175529_81941e7cc9.jpg,-1.531245163e-09
3259002340_707ce96858.jpg,-9.384182608e-09
3503544012_1771be9d3a.jpg,1.866717104e-09
3320356356_1497e53f80.jpg,-1.644554129e-09
256085101_2c2617c5d0.jpg,2.719236614e-09
3717809376_f97611ab84.jpg,3.201037954e-09
475816542_f5c2736815.jpg,3.778405585e-09
3697359692_8a5cdbe4fe.jpg,6.052808029e-09
397725001_e51f7c391c.jpg,-3.550957891e-09
3682428916_69ce66d375.jpg,-6.148349206e-10
3154693053_cfcd05c226.jpg,6.718070579e-10
3259992638_0612a40288.jpg,-7.153376216e-09
3426933951_2302a941d8.jpg,1.320250399e-08
2753506871_dc38e7d153.jpg,6.449240263e-10
2885912662_a3a2dfde45.jpg,6.725318396e-09
3487378989_c051d2715b.jpg,5.863187274e-09
3260088697_af9b6d2393.jpg,1.317286292e-11
2191329761_3effd856c5.jpg,-1.602276744e-09
270263570_3160f360d3.jpg,-1.772686668e-09
3501386648_e11e3f3152.jpg,-3.853499453e-10
2622971954_59f192922d.jpg,-2.534334991e-10
514222285_aa0c8d05b7.jpg,-3.819669504e-09
774009278_8e75b7d498.jpg,-1.710387141e-09
3656225270_cdf89e3240.jpg,5.318567619e-09
1001773457_577c3a7d70.jpg,-4.880078916e-09
2140305708_591d10b54d.jpg,5.289155309e-09
2192333873_2a0cbe849d.jpg,-2.977172648e-09
1459032057_97e73ed6ab.jpg,4.231077572e-10
2676937700_456134c7b5.jpg,1.940239767e-09
1419286010_b59af3962a.jpg,-2.211803487e-09
2591110592_ef5f54f91c.jpg,-7.669770172e-09
3380364224_2626d9d354.jpg,1.216197347e-09
2394919002_ed7527ff93.jpg,-2.280862028e-09
3635194562_4c1dfa120a.jpg,-1.177824384e-08
3711826708_bba64fb1e1.jpg,-2.520126737e-09
2833582518_074bef3ed6.jpg,4.736693891e-09
1151466868_3bc4d9580b.jpg,3.209623335e-09
3523819210_99782628fc.jpg,4.417849092e-09
1009434119_febe49276a.jpg,4.495888765e-09
3712008738_1e1fa728da.jpg,-5.595722865e-09
247637795_fdf26a03cf.jpg,-8.344080022e-09
496110746_a93ca191ae.jpg,3.509038265e-09
3159569570_dff24e7be9.jpg,-1.170717008e-09
475980315_b8ecd50094.jpg,-3.885064803e-09
3205336477_037d4b6bd9.jpg,1.122284857e-08
3640661245_c8c419524d.jpg,-2.027793937e-09
3614542901_29877fc342.jpg,-1.274929048e-09
2562347802_c049a2ba88.jpg,-1.290937018e-08
842960985_91daf0d6ec.jpg,1.095808057e-08
611910909_4f8e43e070.jpg,9.172269952e-09
1204996216_71d7519d9a.jpg,3.889739786e-09
411863595_d77156687e.jpg,2.789807352e-09
3112821789_1f7c3bbb99.jpg,-2.134965248e-09
515755283_8f890b3207.jpg,1.568590116e-09
3273325447_81c94000da.jpg,4.455957564e-09
2339573065_91f1e3be60.jpg,-1.81010329e-09
1417295167_5299df6db8.jpg,-9.26358318e-10
3637966641_1b108a35ba.jpg,-4.640666699e-12
2674784195_704f6b79d0.jpg,6.856693405e-09
3568219100_dfbffddccd.jpg,-6.507411009e-09
297169473_d3974e0275.jpg,2.643517444e-09
2335428699_4eba9b6245.jpg,5.910385532e-09
3224578187_749882c17f.jpg,-1.176866738e-09
3520922312_e58a6cfd9c.jpg,-8.35040225e-09
172097783_292c5413d8.jpg,2.726561444e-09
2272548482_0b4aec5cdd.jpg,4.034309009e-09
3728015645_b43a60258b.jpg,3.252950629e-09
2305437797_e6c3460190.jpg,-1.681427085e-09
486720042_b785e7f88c.jpg,6.33961615e-09
241347803_afb04b12c4.jpg,-7.161811472e-09
3247598959_5b2348444c.jpg,-5.894960378e-09
3597210806_95b07bb968.jpg,-3.902004172e-10
512550372_438849ce19.jpg,-1.754365054e-09
3656104088_a0d1642fa9.jpg,-1.193076493e-09
2545192257_142fe9e2de.jpg,4.712871308e-09
610590753_cd69ce081a.jpg,-1.892601829e-09
549887636_0ea5ae4739.jpg,-3.093581618e-09
2298946012_22de913532.jpg,4.795608564e-09
2387197355_237f6f41ee.jpg,-2.486404105e-09
3354489242_dd529ffa1f.jpg,-4.627852595e-09
199463720_329a802206.jpg,5.866501777e-09
3086810882_94036f4475.jpg,-3.755601666e-09
2510029990_7014f907cb.jpg,5.978188899e-09
3456251289_c4ae31d817.jpg,6.563560842e-09
2330062180_355ccbceb5.jpg,3.285486919e-09
2271755053_e1b1ec8442.jpg,3.43234698e-09
2861100960_457ceda7fa.jpg,-7.06059062e-10
3294179574_4f67e67d6f.jpg,-1.105477756e-08
181415975_2627aa6668.jpg,6.686485061e-09
394136487_4fc531b33a.jpg,-3.369959898e-09
2646615552_3aeeb2473b.jpg,-3.257449933e-09
424779662_568f9606d0.jpg,2.532243072e-09
3332136681_9aecf101fd.jpg,6.163432804e-09
2472896179_245e7d142f.jpg,-8.77249481e-11
278002875_d011ae9dc5.jpg,-3.30667303e-09
2222186636_85e03e0b75.jpg,-2.50728135e-09
3691670743_0ed111bcf3.jpg,4.976472159e-09
317488612_70ac35493b.jpg,-5.192246954e-09
2620113705_a8fa89b8f6.jpg,-1.704862728e-09
1389323170_d1c81d6b51.jpg,-1.533671471e-10
3456579559_b5c8927938.jpg,8.693832404e-09
2800004913_c8394ba332.jpg,5.696951123e-09
3009383694_e045c6169e.jpg,-3.2371802e-09
3582685410_05315a15b8.jpg,2.275277223e-09
2760371526_63f3d01760.jpg,1.977747182e-09
3484841598_e26ee96aab.jpg,-2.344733646e-09
424416723_19c56cb365.jpg,-1.732737639e-09
2135360514_7dcb9ed796.jpg,1.306241302e-09
3470951932_27ed74eb0b.jpg,1.00704468e-09
3410215754_5d5caeffaf.jpg,2.463675656e-10
3718007650_e5930b4509.jpg,-1.326306717e-09
3215108916_0473007b47.jpg,2.98258819e-09
2311690895_0d6efe11c8.jpg,-4.382340312e-10
215214751_e913b6ff09.jpg,1.005799662e-09
3122888809_9ae9b4b9b2.jpg,6.240700398e-10
1936215201_d03a75cbba.jpg,6.835748619e-09
3270047169_2ed289a9af.jpg,-6.150777567e-09
3060519665_4d6b9a51b2.jpg,-8.381755925e-09
3090398639_68c0dfa9a5.jpg,8.337395033e-10
1580671272_3e99d94305.jpg,-1.029050327e-09
241346709_23204cc2bc.jpg,-7.512458604e-09
2109479807_eec8d72ca7.jpg,6.71262016e-09
2713554148_64cd465e71.jpg,-4.262413343e-09
2831846986_5534425cfa.jpg,6.177911615e-11
2205328215_3ffc094cde.jpg,-1.104532922e-09
2789238858_14261dd25a.jpg,5.110776187e-09
2443229844_277cded27d.jpg,-3.558235189e-09
3019842612_8501c1791e.jpg,-2.259620848e-09
3352199368_b35f25793e.jpg,6.796989623e-11
3082196097_2d15455b00.jpg,6.201862845e-09
322103537_184367bf88.jpg,1.220050893e-09
3498423815_5b8fc097f4.jpg,4.472303096e-09
2789350645_96a2535b4d.jpg,8.296215849e-09
3228960484_9aab98b91a.jpg,-9.072773756e-10
2512683710_991c9d466d.jpg,-8.82372992e-09
3687995245_624b54090d.jpg,-1.89073866e-09
2299427360_422a3fb8b0.jpg,-1.256413116e-09
136639119_6040b00946.jpg,8.022719116e-09
1975171469_84e425f61b.jpg,3.561484287e-10
2271667421_7b21fc23b8.jpg,1.50720415e-09
2176874361_2b4149010b.jpg,-6.373484074e-09
3532587748_7e64bb223a.jpg,-2.914581574e-09
3403263046_3cc701a07a.jpg,-2.075391471e-10
3116731299_6139b25c18.jpg,1.648911357e-09
2165459064_5b81ff23eb.jpg,-2.688070994e-09
254295381_d98fa049f4.jpg,-1.453208214e-09
3368207495_1e2dbd6d3f.jpg,1.785989939e-09
2658360285_a0ec74ef48.jpg,2.535361986e-09
1426014905_da60d72957.jpg,4.105259362e-10
709373049_15b8b6457a.jpg,-3.360319925e-09
1620397000_3883e3ecd3.jpg,1.710327611e-08
2708582445_5e5999b956.jpg,5.529842603e-10
1798215547_ef7ad95be8.jpg,4.034955005e-09
3143953179_1c08c023a5.jpg,-2.402089669e-09
2419186511_f0ce5f9685.jpg,-4.059299632e-09
55470226_52ff517151.jpg,9.007782166e-10
160585932_fa6339f248.jpg,2.166212103e-09
3126795109_73920ed5dc.jpg,1.538534334e-09
241347243_c751557497.jpg,-1.848866812e-09
3530687486_6e6be53602.jpg,3.711028614e-09
439916996_1ddb9dc8e7.jpg,-3.458878109e-10
2354792215_eef2bdc753.jpg,8.081175206e-10
3543378438_47e2712486.jpg,1.62250549e-09
53043785_c468d6f931.jpg,1.588882753e-09
1321949151_77b77b4617.jpg,-5.272355486e-10
2526585002_10987a63f3.jpg,-2.904057679e-09
3346040664_5b584e6133.jpg,-4.63923657e-09
639120223_7db6bdb61f.jpg,-1.896804527e-09
1084040636_97d9633581.jpg,4.756247532e-10
3553056438_4e611a7a2a.jpg,1.240209339e-09
135235570_5698072cd4.jpg,-6.461463076e-09
3254640083_eb34b8edfe.jpg,-7.574872614e-10
3126724531_f483e1b92a.jpg,1.09972446e-09
3609032038_005c789f64.jpg,3.631481972e-09
3053916979_848d32261b.jpg,3.777466888e-09
3205839744_24504ba179.jpg,1.841421078e-09
86412576_c53392ef80.jpg,5.349777926e-09
2472634822_7d5d2858c0.jpg,-1.696358783e-09
272940778_a184dbea42.jpg,6.518338505e-10
3182161610_4d349b257f.jpg,-5.271938657e-10
2661437618_ca7a15f3cb.jpg,2.505529495e-09
2598012140_832863fcb9.jpg,-8.749297875e-09
3724738804_f00748a137.jpg,7.325321817e-09
3425851292_de92a072ee.jpg,3.765080298e-09
2158247955_484f0a1f11.jpg,2.762315594e-09
2873188959_ff023defa9.jpg,-1.069193279e-08
3417102649_5c0b2f4b4d.jpg,-6.862047632e-11
1501811302_5e723fc529.jpg,-2.343362754e-09
2201978994_c444e64810.jpg,1.079247867e-09
3564157681_03a13b7112.jpg,-2.400011991e-09
143688205_630813a466.jpg,-3.138503394e-10
2708634088_a4686be24c.jpg,-8.941253543e-09
2249264723_d08655d9f2.jpg,-3.703374276e-09
3585123310_9a8e94bd2b.jpg,-3.214736157e-09
3323952123_deb50b0629.jpg,1.699916091e-09
488549693_a1f51d8c4a.jpg,3.657053348e-10
3744832122_2f4febdff6.jpg,6.089622651e-09
3335997221_254366c400.jpg,-6.898980258e-09
272283076_2d4aa1d5cf.jpg,4.831159397e-09
1460500597_866fa0c6f3.jpg,1.021460279e-08
3176072448_b84c99cf7f.jpg,-9.613952204e-11
2902661518_1513be3ea6.jpg,-9.157230152e-10
143237785_93f81b3201.jpg,1.293032489e-09
3355683198_715fb1a2ac.jpg,-3.971543528e-09
411175971_0fffd3b8c6.jpg,4.433441177e-09
2213113526_beeb4f9bdc.jpg,-8.49600397e-09
3276448136_0d9f5069c5.jpg,5.92253218e-09
3604928725_58147c87cd.jpg,-3.715492645e-09
1273001772_1585562051.jpg,-6.786026112e-09
169490297_b6ff13632a.jpg,1.08478373e-09
2346189044_546ed84aa9.jpg,-7.34729136e-10
2223382277_9efa58ec45.jpg,4.310339939e-09
733172023_5810350af6.jpg,8.594442425e-10
968081289_cdba83ce2e.jpg,4.396844684e-09
3477712686_8428614c75.jpg,-2.40558224e-09
3197247245_9c93b60b8a.jpg,5.907378239e-09
2541104331_a2d65cfa54.jpg,3.041546709e-09
2836553263_b1a08c25ea.jpg,-9.895487021e-09
311196733_03966b4836.jpg,-1.680373553e-08
3157622277_9f59b4f62f.jpg,-1.077070504e-09
537359971_6e28f5e66e.jpg,5.828371016e-09
2788945468_74a9618cfa.jpg,2.307257436e-09
3005872315_e6771763bd.jpg,-3.29021956e-10
2928152792_b16c73434a.jpg,-2.391805734e-09
3459419203_cd7c68ce4d.jpg,3.387291917e-09
2939475047_84585ea45c.jpg,-4.17671257e-09
2567812221_30fb64f5e9.jpg,2.045422879e-09
3535372414_4c51c86fc4.jpg,-9.768954016e-11
3120266797_47e7d91614.jpg,1.657931283e-09
3088322308_b0c940b3a3.jpg,-1.830320964e-09
416788726_5b4eb1466e.jpg,-9.477410241e-10
2578289278_01516d23a0.jpg,-8.685507607e-10
70995350_75d0698839.jpg,-1.972838027e-10
1191338263_a4fa073154.jpg,-1.671771464e-10
3522749949_fb615cee47.jpg,-9.564490976e-09
3151365121_e2a685a666.jpg,-7.00674926e-10
1523800748_a59e980eee.jpg,3.222947091e-09
3713324467_104d72f7db.jpg,-1.699944766e-09
2333584535_1eaf9baf3e.jpg,-5.940133244e-11
3627679667_0e3de9fc90.jpg,-6.987125351e-09
2765747519_2b851e01d6.jpg,1.868975439e-09
1539166395_0cdc0accee.jpg,-1.04623948e-09
3335773346_ac0d97efeb.jpg,-3.147086245e-09
2894576909_99c85fd7a7.jpg,-2.495511348e-09
3220161734_77f42734b9.jpg,6.209180204e-10
2987775031_3f9ac69319.jpg,5.147423643e-09
2490687446_9d46fdf5a9.jpg,3.787091767e-09
3512127856_18a4c7aace.jpg,-2.684843482e-09
2935703360_4f794f7f09.jpg,-3.384027521e-09
384465370_9918873f9a.jpg,-5.4710923e-09
3360994630_d4616c1b14.jpg,-7.939730669e-09
345284642_77dded0907.jpg,-4.053280906e-10
2410040397_1a161a1146.jpg,-9.865880231e-10
874665322_9ad05c4065.jpg,3.550308351e-09
3474330484_a01d8af624.jpg,-1.451366245e-09
2418191216_82711d5c5c.jpg,-4.009461523e-09
2460134050_06de9f5c4a.jpg,3.118557446e-09
111537222_07e56d5a30.jpg,7.904126507e-09
295433203_8185c13e08.jpg,1.855630439e-09
241347460_81d5d62bf6.jpg,2.694483952e-09
3549583146_3e8bb2f7e9.jpg,-3.853599512e-09
251586160_a31b187a37.jpg,-2.545281664e-09
3194134352_bc1b2a25d7.jpg,-3.290901216e-09
3155657768_b83a7831e5.jpg,-5.271451024e-09
2522467011_cc825d89ac.jpg,-3.443049443e-09
759015118_4bd3617e60.jpg,3.680042956e-10
802594049_289e3c8420.jpg,9.835353083e-09
3133044777_8cc930a4ec.jpg,7.900299035e-10
2532262109_87429a2cae.jpg,-6.891090801e-09
2315807231_6948b3f3a5.jpg,-5.091231102e-10
1028205764_7e8df9a2ea.jpg,-7.447876624e-09
498748832_941faaaf40.jpg,-4.773198308e-09
3326376344_3306bf439e.jpg,5.698881181e-09
2600170955_bf30c5d5c0.jpg,-1.211372545e-10
506738508_327efdf9c3.jpg,1.517942842e-09
3725353555_75c346d7ec.jpg,6.140025378e-09
3529211822_1dabdb3a9c.jpg,9.661741949e-09
3217909454_7baa0edbb2.jpg,7.288319079e-09
3523471597_87e0bf3b21.jpg,7.216585821e-09
3374759363_d6f7a0df41.jpg,2.06142949e-09
2555638166_2f0847d57d.jpg,2.42732885e-09
2813033949_e19fa08805.jpg,1.887648502e-09
3713133789_f05e8daffd.jpg,1.963518484e-10
3227594168_3351722aae.jpg,-5.878295806e-09
3535284878_f90f10236e.jpg,9.074614416e-10
2986716822_e220754d32.jpg,3.73319207e-09
3547647914_4dd56a8c1b.jpg,-2.590573569e-09
2822148499_eaa46c99d4.jpg,-6.852724208e-09
3107463441_7c68606450.jpg,3.11352111e-09
2286235203_af3cd8f243.jpg,-3.999677458e-09
2265367960_7928c5642f.jpg,-1.386813085e-10
3394654132_9a8659605c.jpg,-2.573782853e-09
2896668718_0c3cff910f.jpg,8.777503009e-10
3223224391_be50bf4f43.jpg,5.408259631e-09
2260369648_e21ae6494a.jpg,-6.23476775e-09
2918769188_565dd48060.jpg,-1.699021925e-09
2673564214_3a9598804f.jpg,1.278204611e-09
308307853_5a51fbdecc.jpg,-5.200330766e-09
3561433412_3985208d53.jpg,-2.742088714e-09
2623982903_58ec7c5026.jpg,4.530287625e-09
241347689_d0b1ac297d.jpg,-6.378093648e-10
1351315701_6580b51c41.jpg,-6.494569277e-09
3134341610_3c55e373a7.jpg,-3.199836836e-09
2218609886_892dcd6915.jpg,-1.111673117e-09
2503629305_055e9ec4b1.jpg,1.02942052e-08
456299217_b2802efbc2.jpg,4.825021452e-09
3315323307_bd148a8964.jpg,-7.581847582e-09
3068735836_872fba3068.jpg,-1.28024573e-09
3431487300_0123195f9b.jpg,1.861283281e-09
3582048078_7bac2d8473.jpg,3.882068878e-09
2198494923_8159551be4.jpg,4.820416752e-09
3065468339_4955e90fd3.jpg,1.032075162e-09
3647750811_395fbd397e.jpg,6.682033725e-09
3544793763_b38546a5e8.jpg,1.336492423e-09
365128300_6966058139.jpg,2.137512417e-09
3561130207_d1ed166daa.jpg,-2.043779112e-09
1348891916_ebd4413033.jpg,6.068433439e-10
395461421_c586b136de.jpg,2.995851075e-09
3187364311_4c2a87083b.jpg,2.367383061e-09
57422853_b5f6366081.jpg,-2.358646389e-09
3139118874_599b30b116.jpg,-2.74650588e-09
3474999131_788cbf253f.jpg,-2.396161673e-09
3496983524_b21ecdb0c7.jpg,-5.720630391e-09
2679926555_b11cf45595.jpg,7.09654948e-09
3344948183_5b89379585.jpg,5.969364253e-09
3155279929_d1cddbe7cf.jpg,-1.184927792e-10
2756765580_9e57e10f0d.jpg,-2.911656284e-09
3174156702_95a1cda2d9.jpg,1.145036294e-09
3477715432_79d82487bb.jpg,3.221907704e-09
2178306830_6af49375b4.jpg,7.39252311e-09
2107837987_ffecfc367a.jpg,-3.961434458e-09
3667822570_d39850e217.jpg,-2.090932431e-09
762947607_2001ee4c72.jpg,-5.14910131e-09
325005410_e1ff5041b5.jpg,-8.264517122e-09
2086532897_b8714f2237.jpg,3.176999163e-09
3386375153_20c56d0aae.jpg,-8.147680339e-09
458213442_12c59e61a0.jpg,7.412512025e-09
2280354512_c0d035d53f.jpg,-3.483402369e-09
109671650_f7bbc297fa.jpg,-1.061611841e-09
468141298_3154d717e1.jpg,3.921033667e-09
2053733930_e245615ad4.jpg,3.909678652e-09
2452238877_2340609c6e.jpg,-5.97486709e-09
3568197730_a071d7595b.jpg,1.630120914e-11
2573625591_70291c894a.jpg,-4.202502281e-09
3673032164_6c6843de87.jpg,1.816933938e-09
2910758605_73a3f5a5c2.jpg,-6.678379165e-09
1022975728_75515238d8.jpg,5.627371031e-10
2222498879_9e82a100ab.jpg,4.316887287e-09
2319087586_919472310f.jpg,3.554100584e-09
3406802138_ef77bbddd0.jpg,6.124839375e-10
3402081035_a54cfab1d9.jpg,1.150642637e-09
3279228339_71deaa3d9b.jpg,-4.308492527e-09
2920969723_83918fe909.jpg,-4.211362877e-09
3171451305_f87b9e09ee.jpg,-1.943587477e-09
2909955251_4b326a46a7.jpg,-2.367580792e-09
1413956047_c826f90c8b.jpg,2.46861475e-09
3016651969_746bd36e68.jpg,-4.239175151e-09
2594042571_2e4666507e.jpg,-1.195135004e-09
2866529477_7e0c053ebc.jpg,6.610271436e-09
2947452329_08f2d2a467.jpg,-2.070726915e-09
3478176372_7c510a0cef.jpg,-6.090214798e-10
3454754632_977c1523be.jpg,3.310731874e-09
3405720825_b6991005eb.jpg,-3.088229695e-09
2831314869_5025300133.jpg,-6.237442818e-09
2624457062_89efc497a8.jpg,-1.914493266e-09
57417274_d55d34e93e.jpg,-1.283190305e-09
3273969811_42e9fa8f63.jpg,-3.963413942e-10
2771424045_1fdf9617eb.jpg,3.335853997e-09
2086678529_b3301c2d71.jpg,-2.606255529e-09
3589367895_5d3729e3ea.jpg,6.854311137e-09
3698944019_825ef54f2f.jpg,-2.989935654e-09
3396036947_0af6c3aab7.jpg,2.357283974e-09
2254913901_569f568926.jpg,4.258144288e-09
463875230_f19e83d6df.jpg,-1.177233449e-09
3099504809_565e17e49d.jpg,-7.519106764e-11
2856923934_6eb8832c9a.jpg,-6.820174012e-10
3016759846_062663f8ab.jpg,-8.807836368e-10
3527715826_ea5b4e8de4.jpg,-2.661779292e-09
247691240_3881777ab8.jpg,-5.689863685e-09
2542662402_d781dd7f7c.jpg,2.753335538e-09
2861932486_52befd8592.jpg,8.346930995e-09
2429978680_1e18a13835.jpg,1.720168828e-09
2972864304_481aeffe50.jpg,-2.969770559e-09
661755629_602ea4cf09.jpg,1.67417783e-09
1778020185_1d44c04dae.jpg,1.980702583e-10
3716244806_97d5a1fb61.jpg,2.720141689e-09
3526805681_38461c0d5d.jpg,3.93639034e-09
566921157_07c18a41e2.jpg,-1.165790702e-09
2761599088_8b39cc5f41.jpg,4.19023194e-09
352981175_16ff5c07e4.jpg,1.945913338e-09
3518126579_e70e0cbb2b.jpg,1.178585169e-09
2504764590_cf017c2a6e.jpg,2.265959222e-09
3632572264_577703b384.jpg,1.681579707e-09
380537190_11d6c0a412.jpg,-9.234058009e-10
3372022051_132b8e6233.jpg,-8.200871664e-10
533979933_a95b03323b.jpg,2.245873715e-09
2708686056_1b8f356264.jpg,-8.281478914e-10
3410902181_b2a3c6eec9.jpg,5.336224106e-09
3286198467_8880be127e.jpg,-1.395568275e-09
3528966521_2e871ff6a1.jpg,1.133213362e-09
2886533440_dfa832f2fa.jpg,-7.660827887e-09
3154709407_9b0778cbeb.jpg,-2.278431642e-09
2257798999_d9d1b9a45a.jpg,-4.967185498e-09
3378553508_e37e281d25.jpg,-2.982480629e-09
3144705706_391d7b77c7.jpg,-2.461620347e-09
3363836972_c87b58c948.jpg,8.503849356e-11
1258913059_07c613f7ff.jpg,-2.605952791e-09
2244171992_a4beb04d8e.jpg,4.81670028e-09
3262475923_f1f77fcd9f.jpg,3.743878837e-09
3242919570_39a05aa2ee.jpg,2.153257801e-09
1042020065_fb3d3ba5ba.jpg,-2.160183677e-09
2978271431_f6a7f19825.jpg,3.426909443e-09
3430607596_7e4f74e3ff.jpg,-3.909407053e-09
1501985304_8c50093004.jpg,7.13065426e-10
3287969199_08e775d896.jpg,-6.070665576e-09
3545652636_0746537307.jpg,1.794595819e-09
1295669416_21cabf594d.jpg,-6.683018217e-09
2992614450_b5a6692239.jpg,-1.26649205e-10
3683644335_b70bed1d83.jpg,-2.157675336e-08
3330007895_78303e8a40.jpg,4.386937614e-09
537230454_1f09199476.jpg,4.67401516e-10
3386060324_b98fdfa449.jpg,4.805589224e-10
754852108_72f80d421f.jpg,-2.982067131e-09
3482974845_db4f16befa.jpg,1.464879497e-09
3175434849_859f09fe07.jpg,9.934149333e-09
2786245676_0a69543832.jpg,-1.643620913e-09
2256320794_0286c31bfa.jpg,-8.219794354e-09
3545793128_af3af544dc.jpg,-1.400844347e-09
2899276965_a20b839cfd.jpg,-2.510355575e-09
3122497129_d08f5729b8.jpg,2.003323726e-09
2591486448_48d5438343.jpg,-8.54260015e-10
3163281186_e2f43dfb5f.jpg,1.429528155e-09
341665272_80d4d61376.jpg,-2.894288493e-09
3517040752_debec03376.jpg,-5.528538966e-09
3210419174_d083a16f77.jpg,3.585994596e-11
719837187_3e7bf1d472.jpg,-6.655003117e-09
2734219983_fe86a60bf9.jpg,2.161031137e-09
327621377_0bc3b7fd26.jpg,-9.297214279e-10
2046222127_a6f300e202.jpg,3.596488358e-09
2616508003_fa5ca5780d.jpg,-6.04596913e-09
241347150_5ff37818c2.jpg,8.191432298e-10
1662261486_db967930de.jpg,-2.580677605e-09
256292144_b53aadae27.jpg,4.211665931e-09
3267644370_f2728d6c7a.jpg,2.317757722e-09
3568505408_4e30def669.jpg,3.235974379e-09
90011335_cfdf9674c2.jpg,1.691752723e-09
3296715418_29542dcdc2.jpg,3.628375174e-09
381052465_722e00807b.jpg,3.960255284e-09
2652155912_8ba5426790.jpg,-5.275422911e-10
3186863842_5832573c5e.jpg,-8.645997909e-09
236730743_0d4fd8de5a.jpg,-8.233668717e-09
3168123064_d1983b8f92.jpg,3.121142654e-09
3187492926_8aa85f80c6.jpg,3.552743896e-10
3688005475_d200165cf7.jpg,-7.253988392e-10
3577309234_c952c2af86.jpg,-2.715615134e-09
2930514856_784f17064a.jpg,3.061704261e-09
232193739_ed5f348c7a.jpg,-2.639239939e-09
3257277774_aba333a94c.jpg,-9.307767141e-09
3759492488_592cd78ed1.jpg,1.176499789e-09
2110898123_07729c1461.jpg,2.907684007e-09
397815951_3b02090324.jpg,2.889072596e-09
3057862887_135c61816a.jpg,-3.517992721e-09
2847615962_c330bded6e.jpg,6.193970064e-09
1309330801_aeeb23f1ee.jpg,1.953092893e-09
2294516804_11e255807a.jpg,2.990560009e-09
513269597_c38308feaf.jpg,-9.421093534e-09
3307978046_92fef4dfa9.jpg,-2.016656549e-09
2405599120_ec5f32af6f.jpg,3.650464401e-09
3243588540_b418ac7eda.jpg,2.698789061e-09
3320680380_b0d38b3b4a.jpg,9.686018825e-10
3204922011_185e48949a.jpg,-2.789778385e-09
3123463486_f5b36a3624.jpg,4.301862954e-09
2752230113_b5dab6f0f1.jpg,3.352798195e-09
3292277400_f95cdd13d1.jpg,3.83151071e-09
506478284_7cf8bdbe36.jpg,-7.509258135e-09
1982852140_56425fa7a2.jpg,-2.351208903e-09
1429814475_0b592b9995.jpg,-8.379416873e-10
2339946012_06bd480ab8.jpg,6.965505297e-09
1131800850_89c7ffd477.jpg,-4.565005556e-10
3425685827_03683e8e5a.jpg,-4.244909794e-09
2021613437_d99731f986.jpg,4.099159746e-10
116409198_0fe0c94f3b.jpg,4.886341031e-09
3207264553_8cd4dcde53.jpg,-6.221996742e-09
3165750962_e2e3843679.jpg,7.624921027e-11
2984704498_29b53df5df.jpg,3.235121548e-09
2858759108_6e697c5f3e.jpg,-1.31718667e-09
3185695861_86152b2755.jpg,6.305296224e-09
245252561_4f20f1c89e.jpg,-5.442089369e-09
3034585889_388d6ffcc0.jpg,-7.123111147e-09
3565654691_22b97d3994.jpg,-2.558303298e-09
2187503678_fd743e0a00.jpg,-2.413817453e-09
2420730259_86e7f8a815.jpg,8.239572327e-09
441398149_297146e38d.jpg,-5.876730188e-09
524698457_77ba13840a.jpg,-2.869151517e-09
3417143124_6feb8290cc.jpg,2.400568365e-09
2098646162_e3b3bbf14c.jpg,-3.989852073e-09
2687672606_275169c35d.jpg,4.621266706e-09
3087095548_6df7c2a8ed.jpg,1.665559533e-09
3527590601_38d56abc29.jpg,-2.141897906e-09
1470132731_fa416b7504.jpg,2.763290607e-09
3271084924_4778d556cc.jpg,-7.977306034e-09
504765160_b4b083b293.jpg,1.019900632e-09
2800758232_d7fa598065.jpg,3.719211437e-09
3459362347_c412ef9901.jpg,-6.113577029e-09
3198247669_7493af04a7.jpg,-4.001283005e-09
2694426634_118566f7ab.jpg,-3.558487795e-09
2873522522_829ea62491.jpg,-4.742016515e-09
300539993_eede2d6695.jpg,-3.078856656e-11
3411595210_8e0893b266.jpg,2.200303201e-09
3049770416_0fb1954315.jpg,-1.812342875e-09
3419916411_72934edcdb.jpg,-3.151453966e-09
3470008804_0ca36a7a09.jpg,-8.486335266e-09
150582765_bad8dec237.jpg,2.187844753e-09
252578659_9e404b6430.jpg,-1.884654698e-09
2363006088_b3e3aa5c0b.jpg,3.02160577e-10
2710698257_2e4ca8dd44.jpg,3.858071265e-09
451597318_4f370b1339.jpg,-4.498968783e-09
3560891822_7d4c1e3580.jpg,2.181420816e-09
3572267708_9d8a81d4a4.jpg,4.002345605e-10
2439154641_bbf985aa57.jpg,1.015038543e-10
2660008870_b672a4c76a.jpg,-2.520229777e-09
314904143_5a216a192b.jpg,-2.175739094e-09
2225241766_f1e7132e3e.jpg,6.535121809e-09
95728664_06c43b90f1.jpg,-1.413342291e-09
2246717855_c0c08fe5d2.jpg,-2.881369393e-09
224766705_b77996527f.jpg,-2.331194051e-10
3601978895_9fec23ce0c.jpg,-2.291671948e-09
495054019_3dee8a02f5.jpg,-9.834259086e-09
2053777548_108e54c826.jpg,8.770988064e-10
354642192_3b7666a2dd.jpg,-4.290462244e-09
1584315962_5b0b45d02d.jpg,-1.286777502e-09
1597319381_1e80d9e39c.jpg,8.849246988e-10
2909875716_25c8652614.jpg,6.052146438e-09
2744690159_fe2c89e55b.jpg,1.870606971e-09
129599450_cab4e77343.jpg,4.153935951e-10
3258874419_23fec1bdc1.jpg,5.359547014e-09
2500826039_165e75b20c.jpg,3.525314879e-09
538825260_a4a8784b75.jpg,4.284162838e-09
3232030272_b2480a5fe7.jpg,2.486916009e-09
403523132_73b9a1a4b3.jpg,-1.432757774e-09
23445819_3a458716c1.jpg,2.177753598e-09
3701509233_a2275a4e57.jpg,3.628410619e-09
2719102611_fef453bf30.jpg,-6.459522736e-09
255091927_2eb643beb2.jpg,-3.629991264e-09
3426724811_137855b4f7.jpg,3.934209955e-09
3373069977_bc73e9e409.jpg,-4.315754253e-09
3534512991_f9fd66f165.jpg,-5.861020486e-09
3387630781_f421a94d9d.jpg,4.631155324e-09
3389448506_7025e7cc12.jpg,-6.471283821e-09
2907244809_07ab2c6b6c.jpg,-8.951197788e-09
3427301653_4ff0d6fd93.jpg,-6.818135468e-10
2073174497_18b779999c.jpg,3.172947624e-09
2136455112_202c093ba4.jpg,1.163184813e-09
3672944692_8d24a44fc6.jpg,-9.770513792e-10
1255504166_f2437febcb.jpg,-8.212265046e-09
236095031_5cb17dc54a.jpg,3.01847739e-09
3606942887_1159d92548.jpg,-1.824576787e-09
3696698390_989f1488e7.jpg,2.334056443e-09
427936315_0b8f7b8d23.jpg,5.637555568e-09
2472250097_a3191a94b3.jpg,6.80335865e-09
2665904080_8a3b9639d5.jpg,1.591313998e-09
3259160693_067ec7ebc3.jpg,-4.261573388e-09
3222496967_45d468ee66.jpg,-1.125936705e-09
2789688929_9424fceed1.jpg,-5.802195544e-09
1962729184_6996e128e7.jpg,6.756571334e-11
343073813_df822aceac.jpg,3.925526763e-09
3086790344_9487c58624.jpg,4.785184964e-10
2710563762_06d48329d7.jpg,9.565065452e-10
2271264741_aa8f73f87c.jpg,6.599365116e-10
3283913180_7d4e43602d.jpg,3.044114698e-09
3535304540_0247e8cf8c.jpg,4.513683624e-09
2949337912_beba55698b.jpg,6.53011788e-10
2855594918_1d1e6a6061.jpg,-3.423823509e-09
3477672764_7f07657a26.jpg,6.223424535e-09
3704995657_e2e114083d.jpg,2.84206098e-09
2095435987_1b7591d214.jpg,-4.566062034e-09
3401039304_424ffc7dbf.jpg,1.486835832e-08
2729655904_1dd01922fb.jpg,-2.892574211e-09
2515247156_c1b759fc33.jpg,3.322320482e-10
3671950830_b570bac1b9.jpg,7.738649479e-09
3421129418_088af794f7.jpg,-6.699440741e-09
3403797144_53e49412ec.jpg,-5.4740634e-10
3223973114_6c15538ce9.jpg,3.494611561e-10
2812590023_50182bc417.jpg,-5.203007564e-09
2445442929_8c81d42460.jpg,5.875952056e-10
2204695848_3d1b140212.jpg,2.053375699e-09
3724581378_41049da264.jpg,-2.575355914e-09
3458577912_67db47209d.jpg,1.892196794e-09
3384528359_e920154177.jpg,-1.923392559e-09
1463732130_a754441289.jpg,8.839728758e-10
2775249812_f4db95e818.jpg,-5.135202035e-09
3216926094_bc975e84b9.jpg,3.472218975e-09
3211289105_e0360a9c7f.jpg,-2.855699935e-09
2265096094_8cc34d669c.jpg,-3.68012648e-10
3217266166_4e0091860b.jpg,1.149066337e-08
469021173_aa31c07108.jpg,-2.86707609e-09
2707873672_15e6b5d54b.jpg,-4.17523041e-09
2148991939_3b9fd6c439.jpg,7.103873188e-10
3638908276_b1751d30ff.jpg,-4.317335696e-09
3610687607_895fdc94bd.jpg,3.058907506e-09
696663662_232edd58af.jpg,-3.498726126e-09
3030824089_e5a840265e.jpg,-8.375267938e-10
2707969386_94dde00ce4.jpg,5.528863664e-09
3643684688_2f7157b23d.jpg,3.627161686e-09
3286111436_891ae7dab9.jpg,3.29527069e-09
2991994415_504d1c0a03.jpg,9.220416322e-10
2921112724_5cb85d7413.jpg,4.194883116e-09
248646530_03c6284759.jpg,4.613130229e-10
2017276266_566656c59d.jpg,-1.494154285e-09
501650847_b0beba926c.jpg,6.050250442e-09
138718600_f430ebca17.jpg,-2.273814885e-09
3240351042_5d29c94b0e.jpg,-2.553262579e-09
3286406057_a1668655af.jpg,-2.750067096e-09
241347611_cb265be138.jpg,3.228977204e-09
3563871276_c8b2a00df5.jpg,-3.042732744e-09
3399312265_9c74378692.jpg,-4.480455118e-09
2291511815_ac083fddbd.jpg,8.433867203e-10
582788646_dc40748639.jpg,-5.54438908e-09
1352398363_9cc8ffcce9.jpg,-4.545027123e-09
3394750987_a32ecc477e.jpg,5.883822246e-09
2863027424_9c75105660.jpg,5.115353788e-09
2247889670_413db8094b.jpg,1.038749448e-09
3046286572_d2050ab0d9.jpg,1.427546039e-09
3730457171_e66dde8c91.jpg,2.267669259e-09
386160015_d4b31df68e.jpg,-3.922239987e-09
422756764_e7eaac76bf.jpg,2.829054457e-09
339350939_6643bfb270.jpg,1.790897476e-10
2281006675_fde04e93dd.jpg,-6.31271547e-09
3081182021_22cfa18dd4.jpg,2.59578271e-10
2822891602_ff61df2ece.jpg,-1.114670785e-08
3277162496_dff7eeb59e.jpg,2.996519397e-09
1389651420_8d95d8f6ed.jpg,4.306780277e-09
2205088706_d7e633e00d.jpg,2.756568426e-09
2637959357_dd64a03efa.jpg,5.689669836e-09
3404012438_9baf8dcbaf.jpg,-2.080497167e-09
1998457059_c9ac9a1e1a.jpg,-1.287078655e-09
2864340145_d28b842faf.jpg,-1.851369032e-09
3385246141_a263d1053e.jpg,6.29031486e-09
2396100671_3a9d67f03d.jpg,5.029894063e-09
2374570771_c395fc224a.jpg,-1.866218849e-09
3662871327_b128d25f04.jpg,4.705589277e-09
1952896009_cee8147c90.jpg,-2.890600696e-09
2537583012_4a358a6a8a.jpg,1.414091193e-09
3131990048_369b081021.jpg,-2.637988641e-09
514431934_9cf78f05a9.jpg,-7.027870541e-09
340425915_490293058f.jpg,1.261201577e-09
3179952488_c1c812a03b.jpg,-3.209513896e-09
2654943319_d17fee7800.jpg,5.726773431e-09
2534424894_ccd091fcb5.jpg,6.596725364e-09
2621771656_09a620da6d.jpg,3.720731648e-09
223299142_521aedf9e7.jpg,2.023914842e-09
3225058391_a12d38d911.jpg,-6.885179307e-09
3188036349_8e4e2d6ca8.jpg,-5.788281485e-09
2484190118_e89363c465.jpg,2.79656445e-09
512101751_05a6d93e19.jpg,3.131509166e-09
1356543628_c13ebe38fb.jpg,-4.61054227e-09
207930963_af3a2f1784.jpg,1.69412203e-09
3265162450_5b4e3c5f1b.jpg,-1.974037571e-09
1234817607_924893f6e1.jpg,-4.847209318e-09
3362871440_6c0f27c480.jpg,1.487367368e-09
3396043950_12783c5147.jpg,-3.540894673e-09
2636876892_9353521a1c.jpg,-2.627804397e-09
460935487_75b2da7854.jpg,7.685589087e-09
636503038_17ca82b50f.jpg,2.39501489e-09
3634281981_d9cf1d1a33.jpg,-4.150818919e-09
2873065944_29c01782e2.jpg,-1.630663274e-09
492493570_c27237a396.jpg,2.418188648e-09
3438981089_2ef1a6353c.jpg,7.336444293e-10
3666324102_18ecdf8253.jpg,-1.416757993e-09
3029463004_c2d2c8f404.jpg,-5.331687433e-09
2976946039_fb9147908d.jpg,-5.285103589e-09
3178300150_d4605ff02c.jpg,6.25074105e-09
1514957266_a19827c538.jpg,3.048721369e-10
3413973568_6630e5cdac.jpg,3.859473378e-09
3185409663_95f6b958d8.jpg,-5.852381218e-09
498404951_527adba7b8.jpg,-6.580203835e-09
359837950_9e22ffe6c2.jpg,-2.261145975e-09
3535056297_e16f014cb7.jpg,1.597018409e-09
3242718240_3358f2d6e6.jpg,8.431936135e-09
3500399969_f54ce5848f.jpg,5.738942707e-09
2552723989_7bc93e0f7b.jpg,-4.067244539e-10
2824004868_1fc0a81173.jpg,-5.685946891e-09
3094568845_d0b56c5651.jpg,-7.322267188e-09
3035949542_cb249790f5.jpg,-7.716308018e-09
299572828_4b38b80d16.jpg,2.425528553e-09
3552435734_04da83b905.jpg,-3.173869577e-09
2089542487_b4c1ee7025.jpg,-3.608377324e-10
1390268323_2c8204e91c.jpg,-2.489780283e-09
3684518763_f3490b647a.jpg,-1.383171536e-09
2279980395_989d48ae72.jpg,-1.832284663e-09
2130203183_49bae96b96.jpg,-1.312422874e-09
618292739_0fdc2ccab0.jpg,-4.15890895e-09
3721881082_afe9fc734e.jpg,4.854975957e-09
3333921867_6cc7d7c73d.jpg,-1.664799748e-09
3589267801_5a222e3a60.jpg,-3.654367877e-09
3527184455_1a9c074ff2.jpg,-3.222330187e-10
3480379024_545e8ec818.jpg,-1.519684644e-09
2693425189_47740c22ed.jpg,3.458414245e-09
322791392_aa3b142f43.jpg,8.901063148e-10
136644885_f7d2bbf546.jpg,1.504144231e-09
390992388_d74daee638.jpg,-1.901824569e-09
639865690_d66d480879.jpg,-2.869514147e-10
2971478694_79e46ea7e5.jpg,5.394225632e-10
2244551043_21b8cca866.jpg,-3.446486733e-09
2998504949_1022fec53b.jpg,-2.340606008e-09
1247181182_35cabd76f3.jpg,3.522400161e-09
2356664078_4b1e6e465d.jpg,-4.026508383e-09
1368338041_6b4077ca98.jpg,3.155530962e-09
783994497_4f6885454d.jpg,-2.010031709e-09
3261666285_86fceb762d.jpg,6.429233701e-09
3484832904_08619300d9.jpg,9.531917489e-10
2229509318_be3fef006b.jpg,-4.040690234e-09
1229756013_94663527d7.jpg,-5.730549565e-09
2448270671_5e0e391a80.jpg,1.045934859e-09
3415113018_7b95ddcd11.jpg,-4.913454277e-10
448590900_db83c42006.jpg,2.638781091e-09
228949397_9e63bfa775.jpg,2.297458364e-09
3561537309_e271d57492.jpg,-7.17422447e-09
3475005101_6f6e437459.jpg,5.205691439e-09
753578547_912d2b4048.jpg,-5.372051424e-09
3429194423_98e911a101.jpg,3.566540961e-09
3529721084_4b405baf54.jpg,-1.223724291e-09
694496803_f2a05869cf.jpg,2.882328e-09
3228517564_74b00a923b.jpg,1.179694449e-09
2218843713_cf28ea319e.jpg,-5.617464758e-09
2782433864_5a0c311d87.jpg,-4.278442913e-09
2218519240_cac5aab53c.jpg,1.974662033e-09
3266261886_36e1323d2f.jpg,-1.994627963e-09
2354829523_9542fc74ba.jpg,-8.92863876e-09
3650986674_3e101c606b.jpg,3.970021642e-10
501684722_0f20c4e704.jpg,-5.469995495e-10
3282634762_2650d0088a.jpg,-4.262066174e-09
3279025792_23bfd21bcc.jpg,-6.954372429e-09
3351586010_7ffaa90ea8.jpg,-8.241998908e-09
3562302012_0cbcd01ff9.jpg,3.9746194e-09
3255620561_7644747791.jpg,-4.340721511e-09
3341782693_426bf7139b.jpg,-4.264910259e-11
2084217208_7bd9bc85e5.jpg,1.456627779e-09
3159447439_c1496cbaea.jpg,5.940267747e-09
2275372714_017c269742.jpg,-3.432588914e-09
367673290_f8799f3a85.jpg,-6.2368066e-09
566397227_a469e9e415.jpg,-1.155654425e-10
428483413_b9370baf72.jpg,2.231721291e-10
708860480_1a956ae0f7.jpg,-8.998365994e-10
3423225860_16e26eef74.jpg,-3.186727717e-09
2578395598_6982734d46.jpg,-6.837180354e-09
2045109977_b00ec93491.jpg,4.552949764e-09
3512791890_eb065b460a.jpg,2.416587289e-09
3564742915_5f940b95b4.jpg,7.129808105e-10
3364258732_9942c557e5.jpg,-6.01584026e-09
222878446_32c6fc4bc9.jpg,-2.063320567e-10
2992808092_5f677085b7.jpg,-1.191668314e-09
1237985362_dbafc59280.jpg,2.38699289e-09
3169276423_6918dd4da1.jpg,-1.396193027e-09
3680218298_582e6a2289.jpg,3.804791513e-10
521186251_e97d1f50f8.jpg,1.633284371e-09
2701603045_6cbdc4ce7c.jpg,-1.180840595e-09
3173215794_6bdd1f72d4.jpg,-2.10127828e-09
2853743795_e90ebc669d.jpg,2.787942278e-09
2607462776_78e639d891.jpg,9.373855358e-11
2157173498_2eea42ee38.jpg,-1.285251484e-08
3638688673_176f99d7fd.jpg,-4.548106121e-09
3008370541_ce29ce49f0.jpg,-6.582851389e-09
2217728745_92b6779016.jpg,-8.557156109e-10
369360998_ba56fb436f.jpg,5.822354382e-10
2882056260_4399dd4d7c.jpg,3.993715754e-09
1370773415_967b1ffde1.jpg,-4.027525978e-11
693164706_9624582e69.jpg,6.37183525e-09
3449846784_278bc1ba92.jpg,1.525570236e-09
3658427967_6e2e57458d.jpg,-4.491561018e-09
3428038648_993a453f9e.jpg,-7.655898179e-09
1579198375_84b18e003a.jpg,3.553956138e-09
2844747252_64567cf14a.jpg,7.483842728e-09
2838619742_eed855d8a8.jpg,-2.213056264e-09
3741462565_cc35966b7a.jpg,1.220298308e-09
3350671534_2a5d45a961.jpg,1.133658888e-08
3584561689_b6eb24dd70.jpg,-1.383424361e-09
2654514044_a70a6e2c21.jpg,1.843845626e-09
2526041608_a9775ab8d7.jpg,4.936600515e-09
3677514746_26f5588150.jpg,-6.135823611e-09
3122606953_a979dd3d33.jpg,-2.162686838e-09
2839890871_4b7c7dbd96.jpg,4.370203711e-09
107582366_d86f2d3347.jpg,-4.416647678e-09
2977379863_2e8d7a104e.jpg,7.87277996e-10
170100272_d820db2199.jpg,-5.612009051e-10
3165123595_8db9f918bf.jpg,-2.228584009e-09
1937262236_cbf5bfa101.jpg,-8.758491813e-09
3429351964_531de1bf16.jpg,-8.206042215e-09
3103340819_46de7954a9.jpg,-1.808624591e-09
3612484827_0e479f9ee8.jpg,-4.288603645e-09
2435685480_a79d42e564.jpg,7.249871332e-10
862156271_3eacea90a8.jpg,4.305155721e-09
3229442620_fd47d01b59.jpg,5.451355937e-10
3511062827_cd87871c67.jpg,-2.508727636e-09
2807177340_bc85291df5.jpg,-6.246433981e-09
3477681171_b1bb8b211d.jpg,1.10377752e-08
2724485630_7d2452df00.jpg,2.032273223e-09
2597873827_a5cb3e57ba.jpg,8.601406327e-09
3564907603_14ccc655f1.jpg,-4.289536658e-09
3517023411_a8fbd15230.jpg,2.329205761e-09
2833431496_09d999db4d.jpg,-7.481355576e-09
3109688427_d2e702456c.jpg,1.854763011e-09
3099923914_fd450f6d51.jpg,4.172263491e-09
93922153_8d831f7f01.jpg,-8.41972456e-11
2577972703_a22c5f2a87.jpg,-1.423622014e-09
2505360288_c972bd29c4.jpg,-2.366358788e-09
2085078076_b9db242d21.jpg,-4.995450175e-10
3254817653_632e840423.jpg,7.611589106e-09
2607099736_8681f601d9.jpg,6.598899617e-09
3017220118_6a9212dfdb.jpg,4.963066499e-09
3537920947_6c5a956f47.jpg,-2.999411744e-09
1463732807_0cdf4f22c7.jpg,2.433058922e-09
2913207978_9e9624e249.jpg,7.026931508e-10
2596474836_79468f23a0.jpg,-2.526610181e-09
3329254388_27017bab30.jpg,-2.586286356e-09
3498240367_cbd8c6efbf.jpg,-3.413753074e-09
3630102841_b4c3e00b2c.jpg,-2.320188037e-09
3349968447_b5d4a477b2.jpg,8.833959088e-10
2266061169_dfbf8f0595.jpg,8.903642808e-09
2363419943_717e6b119d.jpg,-5.091545183e-09
241346352_c5a0ea43c6.jpg,2.969027276e-09
2890113532_ab2003d74e.jpg,-2.759012004e-09
3450776690_38605c667d.jpg,4.073392224e-09
3515358125_9e1d796244.jpg,-2.757425434e-09
1299459550_1fd5594fa2.jpg,8.342087203e-10
268365231_a0acecdc45.jpg,-3.165776079e-09
481887827_f8975dabf1.jpg,4.449220098e-09
537559285_29be110134.jpg,5.321243768e-09
190965502_0b9ed331d9.jpg,-9.189557639e-09
3642220260_3aa8a52670.jpg,-4.761020328e-09
1786425974_c7c5ad6aa1.jpg,-4.590170665e-11
448257345_ce149c2ea6.jpg,-8.926232378e-11
3681575323_433d007650.jpg,-2.900093369e-09
1417882092_c94c251eb3.jpg,2.64958727e-09
487071033_27e460a1b9.jpg,-4.158225934e-09
2555622234_3e531e4014.jpg,-8.125370593e-09
130211457_be3f6b335d.jpg,-6.723502062e-10
278105206_df987b0ca0.jpg,-2.772059513e-09
2745441424_5659f6acc8.jpg,-4.068042733e-09
3501313414_ae865b6fdf.jpg,3.193600978e-10
3557316485_574a5f7a89.jpg,2.296481633e-09
246041128_bedb09ed74.jpg,5.546709987e-09
3618908551_7fd2de5710.jpg,-4.034109301e-09
2647049174_0fb47cee2e.jpg,2.779275092e-09
2056930414_d2b0f1395a.jpg,-4.340592624e-10
2354540393_a149722680.jpg,-2.021439844e-09
211277478_7d43aaee09.jpg,1.014094647e-09
539801139_7258ee437f.jpg,4.930786433e-09
2292406847_f366350600.jpg,-3.15409398e-09
210625425_fb1ef5d23b.jpg,-4.02235481e-09
1576185717_f841ddc3da.jpg,-4.484161809e-09
3431121650_056db85987.jpg,-3.337739788e-09
1809796012_a2dac6c26b.jpg,2.620338358e-09
229978782_3c690f5a0e.jpg,2.536822751e-09
2911919938_6bb6587a36.jpg,-2.844959763e-09
2076906555_c20dc082db.jpg,3.299394874e-10
3231751379_10ebf7150c.jpg,-2.413625466e-09
2858903676_6278f07ee3.jpg,-6.700868899e-10
3613323772_d15cef66d1.jpg,-6.14894095e-09
2144050118_3e7d2e05b1.jpg,1.077404784e-09
2701895972_8605c4e038.jpg,6.138282758e-10
3208987435_780ae35ef0.jpg,-5.75149265e-09
1235685934_be89b231fb.jpg,-6.826990925e-10
2384728877_48c85d58af.jpg,-2.601388858e-09
1418019748_51c7d59c11.jpg,-4.979496496e-09
3143159297_6f2f663ea6.jpg,-7.030216615e-09
321229104_3cbaf0f51c.jpg,3.090577297e-09
3340575518_137ce2695f.jpg,-9.164085552e-09
300274198_eefd8e057e.jpg,-1.401533854e-10
2099323664_bb20457f26.jpg,-2.750865212e-09
3352791995_8db4979aca.jpg,5.977677371e-09
3379839396_0cd84b55f1.jpg,-3.690555281e-09
1432179046_8e3d75cf81.jpg,-6.387594885e-09
3532200762_b28c39d311.jpg,-2.473070498e-09
2110692070_8aaaa1ae39.jpg,-7.00813329e-09
3347666612_659e6e2207.jpg,5.983780744e-10
3472270112_0a7cb7b27c.jpg,-2.739884022e-09
524031846_28b11bc0e5.jpg,6.42933616e-09
3341477531_4e37450f35.jpg,-2.304199904e-09
3484842724_ef1124c87a.jpg,4.368319208e-09
491405109_798222cfd0.jpg,-1.91358077e-09
3667157255_4e66d11dc2.jpg,-1.507686979e-09
2299859649_07ca44a222.jpg,5.256861193e-09
3121521593_18f0ec14f7.jpg,3.539383446e-09
837919879_94e3dacd83.jpg,-4.352364532e-09
3484625231_5b1a1a07b8.jpg,-2.05127345e-09
3030566410_393c36a6c5.jpg,-3.18417645e-09
404702274_fa8b3fe378.jpg,-1.959842046e-09
3030294889_78b2ccbe51.jpg,-1.752687535e-09
1547883892_e29b3db42e.jpg,-2.538370922e-09
1505686764_9e3bcd854a.jpg,3.914038074e-09
2842849030_89548af61c.jpg,-4.460799503e-09
3120648767_812c72eabe.jpg,7.322559699e-10
480505313_2dc686e5db.jpg,-3.835042696e-09
2092870249_90e3f1855b.jpg,1.022874992e-09
2856524322_1d04452a21.jpg,-9.808096107e-10
3571147934_d1c8af1d6e.jpg,4.936538261e-10
3240558825_cd859d6230.jpg,3.029914401e-09
1379026456_153fd8b51b.jpg,1.236193049e-09
3489774350_a94e6c7bfc.jpg,5.164648299e-09
3564007203_df2b8010f1.jpg,6.215582059e-09
239453674_0df7767208.jpg,-1.054304952e-09
3422394336_e465f60b7c.jpg,-4.301573965e-09
3215081286_d55541aa6b.jpg,6.250826845e-09
255266148_7ba7df1a88.jpg,2.163494526e-09
3514297698_0512623955.jpg,-1.59091587e-10
3581818450_546c89ca38.jpg,-1.822931368e-09
97406261_5eea044056.jpg,-6.69225725e-09
3209966887_5b744bd050.jpg,-1.410922477e-10
2621415349_ef1a7e73be.jpg,-2.95131529e-09
3072730593_b7322d2e05.jpg,-2.389236009e-10
255741044_1102982213.jpg,-3.716041814e-09
2602415701_7674eb19e4.jpg,-3.987364224e-09
3424424006_98f9d1921c.jpg,-5.201817823e-09
3147758035_e8a70818cb.jpg,1.264789591e-09
3655074079_7df3812bc5.jpg,1.418824866e-09
3359636318_39267812a0.jpg,-2.233678816e-10
3296226598_1c892c4351.jpg,4.435469509e-09
2247192427_5e106f24a9.jpg,1.928006034e-09
2675397335_1dcdbd12f5.jpg,3.563705097e-09
3471571540_b4ab77f20d.jpg,5.374026009e-09
2162469360_ff777edc95.jpg,4.526159057e-09
3627011534_485f667b10.jpg,-6.614244019e-10
2831723637_30d4456665.jpg,-4.067614962e-09
3018304737_0a46fc5f1d.jpg,-1.85346912e-09
3166969425_b5ace2f9c2.jpg,5.856522858e-10
3200120942_59cfbb3437.jpg,-2.675384939e-09
1685990174_09c4fb7df8.jpg,-5.146527687e-09
2480850054_de3433b54a.jpg,3.921620549e-09
3350786891_6d39b234e9.jpg,-3.439713378e-09
3724759125_2dc0e1f4a3.jpg,-2.501902904e-09
2396746868_0727e06983.jpg,4.863770042e-09
3671851846_60c25269df.jpg,-3.711214527e-09
1348947380_14f0fc1237.jpg,-4.575071694e-09
1253275679_e955fb7304.jpg,-4.823128543e-10
3347500603_13670ee6bf.jpg,-2.098909886e-09
1410193619_13fff6c875.jpg,2.665179413e-09
3174196837_800689a2f3.jpg,2.865056724e-10
1067790824_f3cc97239b.jpg,2.324472211e-09
1468389504_c724bdcad0.jpg,-3.102330715e-09
3309042087_ee96d94b8a.jpg,5.430472876e-11
421316045_ae7a1eb4bc.jpg,-5.082667962e-09
483136916_16976f4902.jpg,-5.363647816e-09
3549464203_8ab9c6160b.jpg,-3.121841251e-09
3739833689_a0038545bd.jpg,7.991441705e-10
3640443200_b8066f37f6.jpg,3.752111091e-09
3339558806_b4afdc8394.jpg,8.611723485e-09
3270273940_61ef506f05.jpg,9.710791814e-10
427557693_1108566fd2.jpg,-4.360377728e-09
2883950737_3b67d24af4.jpg,-6.148041961e-09
3222842866_cb85243ce4.jpg,-1.274108018e-09
2518219912_f47214aa16.jpg,9.412434202e-10
2805101709_1c8916f63a.jpg,1.118575061e-09
143688895_e837c3bc76.jpg,8.567473283e-10
241345844_69e1c22464.jpg,-6.315029439e-09
223299137_b0e81ac145.jpg,-1.785579589e-09
3237760601_5334f3f3b5.jpg,-2.27374503e-09
3092756650_557c5f2d03.jpg,6.087748851e-09
1287073593_f3d2a62455.jpg,-7.665688207e-09
3440160917_4524cfd9f6.jpg,3.159314673e-09
442918418_0f29c97fa9.jpg,2.46234471e-09
2874728371_ccd6db87f3.jpg,-5.489403179e-10
2603033456_3584d95116.jpg,-1.565266226e-09
3468023754_8a07d4c56e.jpg,-1.325177959e-09
3427614912_b147d083b2.jpg,3.74531753e-09
3465473743_7da0c5d973.jpg,1.78526401e-09
3247423890_163f00a2cb.jpg,1.184421508e-09
2978409165_acc4f29a40.jpg,5.815898402e-09
2271955077_0020b4ee0d.jpg,-1.390185938e-10
261490838_2f3ac98b12.jpg,-3.277595384e-09
336551615_a01418bc53.jpg,4.906928005e-09
2804374083_311f98f5f2.jpg,1.799786637e-09
328916930_e4d4be1730.jpg,1.912453915e-09
1197800988_7fb0ca4888.jpg,-2.553884416e-09
294353408_d459bdaa68.jpg,-1.284315919e-10
310213587_778fe8fb5b.jpg,2.841072955e-09
3524519277_bd0c3e7382.jpg,6.189632607e-10
2102581664_5ea50f85c6.jpg,-3.418466669e-09
2813784259_d201044d71.jpg,7.053482004e-10
3080891382_edf83dde18.jpg,-4.334128229e-10
1290894194_8a4ffdc7eb.jpg,1.749683958e-09
3361990489_92244a58ef.jpg,2.925985809e-09
377872672_d499aae449.jpg,3.152872915e-09
2097420505_439f63c863.jpg,-2.254573008e-09
3309578722_1765d7d1af.jpg,5.883733505e-09
3271178748_630d269811.jpg,6.796075411e-10
3436259762_43709321ff.jpg,-3.068821931e-09
3452411712_5b42d2a1b5.jpg,6.34361105e-09
3526431764_056d2c61dc.jpg,4.684413466e-09
247618600_239eeac405.jpg,3.199785293e-10
495033548_bd320405d8.jpg,5.779046614e-09
1516714577_7d1c35a8d8.jpg,-4.208011499e-09
358875403_f357f03713.jpg,-2.302885479e-09
3602676311_824b2c04ba.jpg,-1.856568344e-09
119534510_d52b3781a3.jpg,4.737071906e-09
2381613738_d8d2012e3c.jpg,1.704989022e-09
3339319023_5dcc3ef81a.jpg,-8.685102022e-10
2417623030_afdc1024b5.jpg,-3.292791529e-10
3108732084_565b423162.jpg,5.651727376e-09
3522025527_c10e6ebd26.jpg,-3.521292637e-10
3342271377_446ffc34c0.jpg,3.237705102e-09
2656688132_d93be870e0.jpg,-1.945248931e-09
476740978_45b65ebe0c.jpg,3.706474378e-09
693450725_8ad72389e6.jpg,4.439299357e-10
242324909_06d5a6c44b.jpg,-2.577134826e-09
3159092624_66af4e207e.jpg,5.561121058e-10
3622929632_26fb800000.jpg,-1.681141007e-09
2629295654_59ea1472a1.jpg,-6.980169192e-09
518610439_b64ab21c02.jpg,-3.863982819e-09
127490019_7c5c08cb11.jpg,-4.756971653e-09
371522748_dc557bcd6c.jpg,-1.490243104e-09
2590207488_ddd89037ba.jpg,5.496255112e-09
209605542_ca9cc52e7b.jpg,-8.847661622e-12
3691592651_6e4e7f1da9.jpg,3.301419871e-09
3710674892_857b8056f7.jpg,4.760062665e-09
3545779287_8f52e06909.jpg,4.784365939e-09
2696060728_3043cfc38c.jpg,-4.924432234e-09
166321294_4a5e68535f.jpg,1.895768083e-09
3047144646_2252ff8e04.jpg,8.977767195e-09
3448490813_f9623e864d.jpg,3.103893176e-09
3425573919_409d9e15b2.jpg,3.554694069e-09
2860041212_797afd6ccf.jpg,-4.6551938e-09
241346580_b3c035d65c.jpg,6.710523409e-09
3562903245_85071bb5f9.jpg,1.29592751e-09
3314900697_c5c5ae9af6.jpg,7.140715691e-10
467960888_6943257534.jpg,-4.145943683e-10
3525453732_f74a38f111.jpg,4.783029919e-10
911527312_f81ee36b97.jpg,-1.970353421e-09
3211581957_df2f7e2236.jpg,1.482763859e-09
3532205154_5674b628ea.jpg,2.496529703e-10
3639704469_fe83e1c9b7.jpg,-1.360430778e-09
3342855466_44038a8aa3.jpg,4.043364879e-09
3014546644_d53db746ec.jpg,3.199134637e-09
121971540_0a986ee176.jpg,4.867214418e-09
2518094853_dfce24ce8c.jpg,5.486433512e-10
1874617189_e85d3f4326.jpg,3.724714189e-10
3453544202_3855ab34b6.jpg,6.195457958e-09
3109136206_f7d201b368.jpg,2.736191286e-09
2300229745_af7a20c959.jpg,-1.190254889e-10
3638178504_be1ff246bd.jpg,5.725453059e-09
3586239953_da4fb3f775.jpg,-8.132243149e-11
533713001_2d36e93509.jpg,-7.678150462e-10
49553964_cee950f3ba.jpg,3.40854749e-09
2053006423_6adf69ca67.jpg,1.299035342e-09
3549997413_01388dece0.jpg,-1.372034981e-09
3286822339_5535af6b93.jpg,5.844450755e-09
621000329_84f48948eb.jpg,-9.175227649e-09
3534824784_7133119316.jpg,4.338304564e-10
374103776_0de490c1b0.jpg,3.630311972e-09
2384626662_67cdd87694.jpg,-7.344758571e-10
3457045393_2bbbb4e941.jpg,-5.03716915e-09
3139160252_75109e9e05.jpg,-6.452110613e-10
128912885_8350d277a4.jpg,-1.284224137e-09
3547499166_67fb4af4ea.jpg,-6.828729293e-10
2090387793_274ab4cf7d.jpg,-2.002519105e-09
1262454669_f1caafec2d.jpg,-6.573910173e-10
3558438174_d8f41438a4.jpg,4.796940652e-10
2445783904_e6c38a3a3d.jpg,-4.029068409e-10
2597958208_e03aa149c9.jpg,3.571209185e-09
241347214_5f19e7998c.jpg,-1.012042565e-08
3212085754_35fdc9ccaa.jpg,4.962563268e-09
357725852_6f55cb9abc.jpg,5.70735205e-09
516761840_842dabc908.jpg,4.038125117e-09
3620343911_64a862904e.jpg,-2.81346774e-09
3592992234_6d3fe58a70.jpg,1.206978905e-09
3015863181_92ff43f4d8.jpg,-4.414969215e-09
2229177914_3308fe7d20.jpg,1.212304733e-09
3202255152_08973fa3d7.jpg,-2.087149794e-09
3630991662_990f397f7c.jpg,6.346605699e-09
2963573792_dd51b5fbfb.jpg,4.584420165e-09
2839807428_efe42423f2.jpg,2.509303952e-09
397982550_cf9f5cdb74.jpg,4.819228856e-09
2140182410_8e2a06fbda.jpg,-2.366823529e-09
2887171449_f54a2b9f39.jpg,7.02864053e-09
3244171699_ace4b5d999.jpg,2.49726892e-09
2522230304_1581d52961.jpg,-6.942911335e-09
2535746605_8124bf4e4f.jpg,1.589501735e-09
3710520638_866d542a80.jpg,-9.0310132e-09
2579899436_5086a33c7a.jpg,-2.273941013e-10
3717845800_ab45e255b8.jpg,5.681175203e-09
3107059919_0594269f72.jpg,2.054528473e-09
3402638444_dab914a3de.jpg,-6.112511728e-09
3409326324_a704565e8f.jpg,-1.133005128e-09
1296770308_3db2022f5a.jpg,2.528282361e-09
2550109269_bc4262bd27.jpg,-4.817310443e-10
3352871762_c9e88592d3.jpg,-4.061456396e-10
424307754_1e2f44d265.jpg,-2.409032939e-10
3103185190_eb8729c166.jpg,1.800907795e-09
1805990081_da9cefe3a5.jpg,5.30195208e-10
3720210639_18bb34e475.jpg,1.233828158e-10
2589241160_3832440850.jpg,1.170284742e-09
1057251835_6ded4ada9c.jpg,4.514814453e-10
3503624011_733d745d5a.jpg,-3.509356148e-09
3514278386_de2343577e.jpg,1.678058549e-09
3636491114_ab34dac833.jpg,1.74795944e-09
1446053356_a924b4893f.jpg,-1.275898273e-09
469617651_278e586e46.jpg,-4.924727522e-09
2533010184_ef2fd71297.jpg,1.47102579e-09
191592626_477ef5e026.jpg,-5.322248245e-09
3618525295_d32d634b2e.jpg,-7.221653625e-10
583174725_6b522b621f.jpg,-2.15269784e-09
278559394_b23af734b9.jpg,5.001748164e-09
2176364472_31fcd37531.jpg,-7.572719153e-09
697582336_601462e052.jpg,3.905558256e-09
2659183350_730951f740.jpg,-3.464808831e-09
398413603_166896900f.jpg,1.571794519e-09
2423894412_d952d5d103.jpg,-6.177125125e-09
279230262_e541f9b670.jpg,7.120750381e-09
2572101672_4d699c8713.jpg,8.205732939e-10
3107592525_0bcd00777e.jpg,-1.205828884e-09
2602279427_191773c9e2.jpg,4.91051755e-09
2137789511_69a6c6afa8.jpg,2.625631078e-09
2553619107_d382a820f9.jpg,2.520001758e-09
257588281_39e1c9d929.jpg,-5.175355684e-11
511282305_dbab4bf4be.jpg,-3.108277204e-09
3264678536_46601d25f0.jpg,4.337120449e-09
2894229082_ddc395f138.jpg,1.499512402e-09
536495604_b22bbc905a.jpg,7.666616764e-09
2599903773_0f724d8f63.jpg,-2.217094334e-11
3036971334_78187a9570.jpg,-6.981578664e-10
1394599090_fe0ba238f0.jpg,2.413952006e-09
460781612_6815c74d37.jpg,3.148610142e-10
864290968_eccb46d5ab.jpg,7.095309258e-09
294549892_babb130543.jpg,2.673897605e-09
2158267555_db1d94e468.jpg,-2.586403632e-09
3672105509_53b13b2ed4.jpg,2.461204832e-09
2472980433_210ec62874.jpg,3.292801374e-09
1417637704_572b4d6557.jpg,3.582018439e-09
3594566537_55bd712fdb.jpg,-8.758032799e-09
2344875609_8e172d682b.jpg,6.655721931e-09
3368671163_0171259581.jpg,-9.206138648e-10
3589895574_ee08207d26.jpg,-3.968701077e-09
961189263_0990f3bcb5.jpg,1.854784688e-09
2881087519_ca0aa79b2b.jpg,-3.545485396e-09
2796801478_8ebd7e550b.jpg,7.066356977e-09
97577988_65e2eae14a.jpg,-1.054337911e-09
3341489212_a879e1544a.jpg,5.261647483e-09
1456630952_dd4778a48f.jpg,-3.764573011e-09
2173677067_9d0732bcc2.jpg,3.936546129e-09
3019857541_3de3e24f54.jpg,-1.418833406e-09
414773731_c3f5bf43d5.jpg,-9.951059879e-10
2924884815_63826aa60d.jpg,-5.330399211e-09
2214847438_4993210d4c.jpg,1.279062654e-09
2629027962_9cc3b46527.jpg,2.412400844e-08
3717309680_e5105afa6d.jpg,-3.828387393e-10
3488837187_0c7264a16c.jpg,2.830905129e-09
1689658980_0074d81d28.jpg,-2.227091718e-09
2848895544_6d06210e9d.jpg,-5.299914686e-09
3591458156_f1a9a33918.jpg,-9.268138807e-09
2587696611_db0378710f.jpg,-8.374425077e-09
3676432043_0ca418b861.jpg,7.123916946e-09
3672106148_56cfb5fc8d.jpg,6.674263477e-09
3282121432_648dac8a29.jpg,8.222681881e-10
2426781076_e3f4d2685c.jpg,-8.07617584e-09
2916009941_34a0013803.jpg,-2.954233214e-09
2923891109_ea0cc932ed.jpg,9.749891154e-10
1287920676_d21a0b289b.jpg,-1.591714526e-09
56494233_1824005879.jpg,-4.282962835e-09
2853407781_c9fea8eef4.jpg,-1.642014721e-09
3610836023_3a972b10b0.jpg,-3.329250183e-09
2225864432_48a24f49a4.jpg,2.632340443e-09
1408958345_68eea9a4e4.jpg,-6.138920477e-09
3212465975_b657f40eed.jpg,2.003547795e-09
2258951972_92763fddab.jpg,-2.302079791e-09
2755362721_368cbde668.jpg,-1.240173576e-10
2741051940_89fb6b2cee.jpg,-6.304388921e-09
2950393735_9969c4ec59.jpg,7.754875581e-10
2463067409_78188c584c.jpg,1.025600536e-08
224369028_b1ac40d1fa.jpg,8.348378361e-09
396179143_e1511336e1.jpg,1.326441634e-09
2756636539_cc1eacbf4a.jpg,-6.763765615e-11
2325816912_b3bb41cdbb.jpg,-1.013306056e-08
2914331767_8574e7703d.jpg,1.634927724e-09
1510669311_75330b4781.jpg,-6.809494891e-09
323657582_b6b6d8f7bd.jpg,-4.868808756e-09
2877511986_c965ced502.jpg,-3.680396874e-09
3679405397_bb130ea3c2.jpg,2.667282484e-09
335588286_f67ed8c9f9.jpg,4.498750584e-09
1174525839_7c1e6cfa86.jpg,4.233845101e-09
3587077732_0933f1677b.jpg,-8.273407915e-09
3646820231_2abc736840.jpg,5.573091652e-09
2504277798_936a09c74d.jpg,-1.058328583e-08
3364160101_c5e6c52b25.jpg,-2.780758688e-09
848180689_d67a1361ce.jpg,-3.402094499e-10
3095225232_2e6e6dc92e.jpg,-3.020218659e-09
2303951441_3c8080907a.jpg,8.324783276e-09
2559114800_17310f3015.jpg,-1.460495909e-09
3331190056_09f4ca9fd2.jpg,-1.91906971e-09
268704620_8a8cef4cb3.jpg,1.996019425e-09
3249597269_935e0a375a.jpg,4.604901601e-09
3301859683_2d5e4b40a3.jpg,5.972274066e-09
3393343330_b13df4d8ec.jpg,3.465827587e-09
1433088025_bce2cb69f8.jpg,2.722548371e-09
2533424347_cf2f84872b.jpg,-3.13598406e-09
2367816288_7c2d11d3c5.jpg,5.950024179e-09
3312779887_7682db7827.jpg,-5.672216756e-09
3167365436_c379bda282.jpg,8.216552775e-09
3431101934_99a6c55914.jpg,-2.97644829e-09
1517721825_10176d0683.jpg,-5.549133746e-09
3662909101_21b9e59a3e.jpg,4.570272008e-09
3251088971_f4471048e3.jpg,-4.779975928e-10
2066048248_f53f5ef5e2.jpg,-2.857022559e-09
3329793486_afc16663cc.jpg,7.770712624e-10
1884727806_d84f209868.jpg,-9.443672381e-09
2837127816_24441e5f7c.jpg,5.046027408e-10
2928835996_88b9f9503d.jpg,3.190692765e-09
2423138514_950f79e432.jpg,-5.472065755e-11
3457784061_8f77f43a9c.jpg,-3.727117089e-09
2249141510_f534708374.jpg,3.211885867e-09
3074265400_bf9e10621e.jpg,-1.794012305e-09
3695949492_27ca3892fd.jpg,-5.051350575e-09
3221036999_3f7b152d8a.jpg,3.562074141e-09
308014594_f1d5e75507.jpg,1.457096507e-09
3172384527_b107385a20.jpg,-3.913701512e-09
3446191973_1db572ed8a.jpg,5.92400584e-10
3600909823_ce72c26e66.jpg,3.108051188e-09
2985679744_75a7102aab.jpg,2.42895844e-10
2469498117_b4543e1460.jpg,-6.563466091e-09
2073756099_7e02c0110c.jpg,1.614779317e-09
3429641260_2f035c1813.jpg,3.338157526e-09
2100909581_b7dde5b704.jpg,2.648322813e-09
542317719_ed4dd95dc2.jpg,4.315568227e-09
446138054_d40c66d5f0.jpg,2.066473952e-09
2694178830_116be6a6a9.jpg,-1.668777897e-09
1489286545_8df476fa26.jpg,-1.347887706e-09
2377460540_8cfb62463a.jpg,2.648228214e-09
2559503010_84f20b3bc9.jpg,-3.534818328e-09
2409312675_7755a7b816.jpg,-2.158248848e-10
2467821766_0510c9a2d1.jpg,-2.154666141e-09
242559369_9ae90ed0b4.jpg,5.109303635e-09
1420060118_aed262d606.jpg,3.610467651e-09
3276895962_c053263d01.jpg,-5.583565382e-09
2718027742_70a72f99ae.jpg,3.553725876e-09
2203615439_3c7cdc39dc.jpg,3.924284276e-09
3301822808_f2ccff86f4.jpg,3.268123346e-09
61209225_8512e1dad5.jpg,-3.28974859e-09
3247693965_845b3b4349.jpg,-1.642379725e-09
3606093421_eddd46c2c7.jpg,5.840643119e-10
2208631481_3e4a5675e1.jpg,2.336608429e-10
3587941206_36769c3f1d.jpg,7.369612751e-10
96420612_feb18fc6c6.jpg,-4.560905349e-09
2730994020_64ac1d18be.jpg,-6.645774556e-09
1388970365_162edcceb4.jpg,-5.418258949e-09
3331797838_b3e33dbe17.jpg,1.281111248e-09
1057089366_ca83da0877.jpg,-3.844463276e-09
3046429283_08de594901.jpg,-1.172684922e-08
523985664_c866af4850.jpg,-5.631190512e-09
3561314880_ea9a7e245f.jpg,1.822646959e-09
3613175012_bcd063e7c9.jpg,1.294160233e-09
2892992529_f3335d0a71.jpg,-6.796913676e-09
1301140633_046e4e8010.jpg,3.505407e-09
2834752476_3177e617f1.jpg,-4.535725901e-09
1189977786_4f5aaed773.jpg,5.856478314e-09
3640020134_367941f5ec.jpg,1.587909865e-11
1798209205_77dbf525b0.jpg,1.634260302e-09
3462454965_a481809cea.jpg,-6.317114293e-09
3441145615_b4fcd9eea0.jpg,1.793892352e-09
3640104986_5d8c9a9948.jpg,9.854713359e-09
2766148353_70b2e8070f.jpg,3.884868297e-09
3707738261_777075e885.jpg,1.186757671e-09
500308355_f0c19067c0.jpg,-2.500138859e-09
421730441_6b2267fd31.jpg,5.849552988e-09
2519483556_2b1632a18c.jpg,-2.504393523e-11
2421446839_fe7d46c177.jpg,4.256831791e-09
2364774105_fbaf0c191f.jpg,4.0108972e-09
2432038587_5e4148e277.jpg,5.731732336e-09
3170110692_d1e0e66cee.jpg,2.93009628e-09
3330675488_8692476a4a.jpg,-5.220670608e-09
2148013097_6a4f495bc5.jpg,9.918580873e-10
3558796959_fc4450be56.jpg,-2.328384819e-09
2975118353_5af5a5df54.jpg,7.647469743e-09
532131603_c82d454c8a.jpg,-1.509461426e-09
235074044_c1358888ed.jpg,-7.017275203e-10
3430779304_43a2146f4b.jpg,9.093375337e-09
1308472581_9961782889.jpg,2.798504066e-09
136886677_6026c622eb.jpg,9.842087911e-10
2826574228_c63009e473.jpg,2.79593761e-09
2238759450_6475641bdb.jpg,2.717654772e-09
2475300106_b8563111ba.jpg,-2.484828222e-09
1579798212_d30844b4c5.jpg,-3.055816077e-09
3085667865_fa001816be.jpg,2.862225259e-09
494921598_af73bda568.jpg,7.983606901e-09
3516521516_9950340b96.jpg,1.398845927e-09
2698119128_62b4741043.jpg,-6.559590822e-09
2258662398_2797d0eca8.jpg,1.309546454e-09
3497106366_d1a256e723.jpg,2.123849718e-09
2355093195_87fb7f82cb.jpg,-6.171158697e-09
2582390123_71120edb0c.jpg,-1.692800981e-09
940973925_a2e6d7951c.jpg,-2.55305624e-09
561179890_af8e31cb2e.jpg,2.220747832e-09
1303335399_b3facd47ab.jpg,-4.933629811e-10
2831578193_3c997ae330.jpg,-1.306372474e-08
2479180530_7ebba2d8bf.jpg,-9.832130685e-09
3113322995_13781860f2.jpg,-4.189679393e-09
1394620454_bf708cc501.jpg,-8.866681882e-09
635444010_bd81c89ab7.jpg,-6.956854727e-09
3543294190_0037c59607.jpg,-1.602309931e-09
531261613_f1a045cd75.jpg,1.820665577e-09
3186527735_6e9fe2cf88.jpg,-4.865762614e-09
3127614086_9f1d3cf73d.jpg,1.560428208e-09
3432495898_a5859f06b6.jpg,-2.238922209e-09
1184967930_9e29ce380d.jpg,2.630299213e-10
3459492423_c881f12c9f.jpg,-4.288705423e-09
2988244398_5da7012fce.jpg,-1.900469287e-09
391324644_d23fdf06cb.jpg,9.402322534e-09
3657503733_9888ccf05e.jpg,9.68656536e-11
2511762757_bd0ab0a017.jpg,5.62958261e-09
3038941104_17ee91fc03.jpg,-2.072136002e-10
534886684_a6c9f40fa1.jpg,1.593561865e-09
3647446816_bd4383c828.jpg,-1.587238355e-09
2888702775_0939a6680e.jpg,1.580426292e-09
3143982558_9e2d44c155.jpg,5.457274552e-09
532914728_c5d8d56b0b.jpg,3.181852585e-09
241347356_8a515555fd.jpg,2.354587923e-09
3361411074_83f27d2a1c.jpg,-1.289883533e-09
3332202255_a30c522664.jpg,2.035927004e-11
2393911878_68afe6e6c1.jpg,2.953613585e-09
2998277360_9b4c0192f1.jpg,-7.683835638e-09
3571039224_b34fa2f94c.jpg,6.943844428e-11
2715337869_e4fe36db50.jpg,-2.091060594e-09
3149919755_f9272b10b3.jpg,-1.939547652e-09
2781296531_f6f0f6c0f5.jpg,3.417143265e-09
485054073_fef8b80b4b.jpg,-5.029542921e-10
3281580623_8c3ba0fdb2.jpg,3.73679783e-09
186890605_ddff5b694e.jpg,9.007144562e-09
3689975998_72f50b6d91.jpg,-7.583092244e-10
489865145_65ea6d1c14.jpg,2.177708378e-09
238512430_30dc12b683.jpg,-5.344987678e-09
3135826945_f7c741e5b7.jpg,2.613548376e-09
1079274291_9aaf896cc1.jpg,1.339409692e-09
3619630328_2d0865b6f4.jpg,-2.760736602e-09
2896298341_92d718366a.jpg,-6.098862683e-09
3430782104_34da558eba.jpg,1.033128322e-08
3171651115_e07b9d08f6.jpg,4.203993786e-10
3667404919_b273df57e4.jpg,4.613170121e-09
2268729848_d418451226.jpg,-1.073127441e-09
2355763034_9fb61a8165.jpg,4.055402017e-09
3446586125_cafa0bfd67.jpg,1.354527915e-09
1338523142_57fce8229b.jpg,-5.509256195e-09
2788652511_4f10060e07.jpg,8.917590967e-09
2574194729_1f099647ee.jpg,-9.599240183e-10
2056041678_d6b5b39b26.jpg,-3.067786836e-09
3582914905_f58db879ae.jpg,-3.550782122e-10
2462702522_1b25654762.jpg,-4.316560728e-09
2067362863_59577f9d4d.jpg,-5.487046833e-09
2433175169_da939372f2.jpg,6.394758689e-09
2461616306_3ee7ac1b4b.jpg,9.333535662e-10
2410562803_56ec09f41c.jpg,-3.441299836e-09
3214579977_fa9fb006a6.jpg,1.340878105e-09
1236951314_0308dc4138.jpg,2.239858521e-09
136552115_6dc3e7231c.jpg,-4.216552938e-09
3650111717_346804ec2f.jpg,-6.383167006e-10
2169951750_495820a215.jpg,5.707027638e-10
521658170_a837af87e9.jpg,1.797091332e-09
425518464_a18b87c563.jpg,5.971557873e-09
3231880001_193a579b97.jpg,-4.232717378e-09
380515798_c2abbf46b0.jpg,-1.631086452e-09
3257103624_e76f25ff9e.jpg,-2.077270827e-09
161669933_3e7d8c7e2c.jpg,4.928763898e-09
3041348852_872c027c16.jpg,6.976310182e-09
3487015378_2e90a79f4b.jpg,2.260585545e-09
3150315970_8f045c41a4.jpg,3.164354871e-09
352382023_7605223d1c.jpg,-1.29420655e-09
2130986011_47cb05c8c9.jpg,2.737812654e-09
1105959054_9c3a738096.jpg,-2.632439707e-09
3547524138_4157f660b0.jpg,-2.33920433e-09
3266406566_d64e57e65a.jpg,1.611476793e-09
565605894_8f0bed0438.jpg,-4.672296211e-09
3364151356_eecd07a23e.jpg,-3.997512096e-10
3258397351_1a70f1993d.jpg,-4.000734652e-09
2830869109_c4e403eae6.jpg,2.218910155e-09
306315650_e064f5c677.jpg,-2.347113558e-09
3111208043_dbe8e87fa1.jpg,1.85529516e-09
640053014_549d2f23d2.jpg,5.217270103e-10
69710415_5c2bfb1058.jpg,-2.040303133e-09
3455757720_7aeba57056.jpg,1.199012583e-09
3294952558_96bb8c8cf3.jpg,3.168820542e-09
2683963310_20dcd5e566.jpg,-1.022632984e-10
3397633339_d1ae6d9a0e.jpg,-1.676090353e-09
2816259113_461f8dedb0.jpg,-3.577412284e-09
3262793378_773b21ec19.jpg,8.055879978e-10
2866686547_0a67eb899d.jpg,-9.757023895e-10
2404520067_87798dbaee.jpg,1.121317542e-09
2238166082_140f8b01b8.jpg,-3.74949697e-09
3339916063_63b960ed46.jpg,-2.228245683e-09
3657209354_cde9bbd2c5.jpg,5.391208685e-09
405534993_5158644f98.jpg,3.68949471e-09
302983277_69a4e732e4.jpg,2.967295058e-09
2893476169_f38dd32051.jpg,-1.958256883e-09
1655781989_b15ab4cbff.jpg,-4.064557982e-09
1343426964_cde3fb54e8.jpg,3.893945041e-09
3545427060_c16a8b7dfd.jpg,4.775401687e-09
2364096157_eb7970a69a.jpg,5.392001438e-09
197142902_f05ff198c2.jpg,7.023947559e-10
2751466788_4fab701cc3.jpg,3.760082801e-09
404890608_33f138aefa.jpg,-1.199248825e-09
3106562372_e349a27764.jpg,1.638693004e-09
292780636_72e1968949.jpg,-5.319609808e-11
2216695423_1362cb25f3.jpg,2.860156843e-09
654130822_4aeb1f1273.jpg,1.430157119e-09
3416013671_98b5c75046.jpg,6.33030143e-09
3443460885_46115463b4.jpg,5.008670258e-09
3506468593_7e41a6d9f1.jpg,1.064939922e-09
3249125548_700d874380.jpg,2.817555824e-09
2993388841_6746140656.jpg,8.140432062e-09
2424111022_4e332b8aee.jpg,3.99825341e-09
2962977152_9d6958fdd5.jpg,-1.779720513e-09
477204750_d04d111cd4.jpg,-1.991193676e-10
2502856739_490db7a657.jpg,2.063214483e-09
535529555_583d89b7f2.jpg,-5.966400737e-09
242109387_e497277e07.jpg,-2.561250034e-10
2531942624_c3c072064e.jpg,-6.77637221e-09
1439046601_cf110a75a7.jpg,-1.841364783e-09
3627676364_1dc9294ec5.jpg,-5.32581558e-09
3033210806_3ffc0a231a.jpg,-2.112534322e-09
542405691_0594b1ce72.jpg,7.282774123e-09
317109978_cb557802e1.jpg,-4.883440786e-10
3532539748_795d16ef07.jpg,-1.040518122e-08
3599442049_e448c7c9b2.jpg,-1.933261958e-09
2999162229_80d17099b6.jpg,4.428129739e-09
2695962887_a1647c567b.jpg,1.735188147e-09
219301553_d2fffe9e0c.jpg,-1.865658175e-09
2521983429_33218366bd.jpg,-2.538006674e-10
2642474867_4e6346f809.jpg,-1.539591451e-09
3533660418_f3a73a257c.jpg,6.226321504e-09
2366643786_9c9a830db8.jpg,-4.915272872e-09
3323661814_1e8e1ae88c.jpg,1.1379521e-10
3262386960_14f5d857db.jpg,5.544617216e-09
3362592729_893e26b806.jpg,-1.160039983e-08
3278581900_8ce75a5332.jpg,1.318484864e-09
3708172446_4034ddc5f6.jpg,2.725595006e-09
3319177177_130a72b8ae.jpg,-5.505156876e-09
2718376488_3c62f7642c.jpg,-1.926452959e-09
3420338549_bd78d35243.jpg,-3.184478267e-09
2924870944_90ff9eca1a.jpg,2.338848958e-09
2423292784_166ee54e0b.jpg,6.452561626e-09
2081615901_13092cac56.jpg,-1.069759262e-09
2595102568_347f6d4b07.jpg,-1.401366278e-09
529198549_5cd9fedf3f.jpg,7.201039163e-09
3636543173_15f56515e5.jpg,-5.141745407e-09
1335617803_4fbc03dab0.jpg,3.02756157e-09
479807115_3a484fb18b.jpg,4.3621129e-09
3385593926_d3e9c21170.jpg,7.663700042e-09
375171241_0302ad8481.jpg,-1.08587468e-10
2244613488_4d1f9edb33.jpg,1.833434824e-08
47870024_73a4481f7d.jpg,6.393709183e-09
3142055158_01b9e4caa4.jpg,1.066503797e-09
3641456303_c50c33337b.jpg,7.6332132e-10
2828583747_8cfb7217af.jpg,-5.536338941e-09
3460458114_35037d4d4c.jpg,3.654682937e-09
493109089_468e105233.jpg,-6.353884496e-09
3467941308_ae6989e29c.jpg,1.922569924e-09
2906054175_e33af79522.jpg,-1.635122068e-10
3106791484_13e18c33d8.jpg,5.674452372e-09
2502782508_2c8211cd6b.jpg,-3.392656063e-09
3084711346_fda0f5a3e6.jpg,-4.041575347e-09
3421480658_b3518b6819.jpg,3.71372287e-09
3654338683_13b2f95a9a.jpg,6.054112963e-10
2335634931_7e9e8c2959.jpg,9.848514429e-09
3611672054_45edd3e08f.jpg,4.723769703e-09
241374292_11e3198daa.jpg,1.338829812e-09
2587017287_888c811b5a.jpg,-4.165823289e-09
319847657_2c40e14113.jpg,1.166734477e-08
3479423813_517e93a43a.jpg,-7.227984841e-09
3728256505_7f8db8270d.jpg,2.033548665e-09
502671104_b2114246c7.jpg,-2.444472986e-09
3387542157_81bfd00072.jpg,3.095212236e-09
2839789830_89668775a4.jpg,4.30054501e-09
3249062399_0dafe5e4f5.jpg,5.080711704e-09
2441629086_52f68eb316.jpg,-1.945455411e-09
2904129133_e6ae5a1ec6.jpg,-1.008121808e-08
2994205788_f8b3f2e840.jpg,4.714200285e-12
2612040125_0a93889f06.jpg,2.199765793e-09
2897832422_0cbdb1421e.jpg,-3.332847107e-09
3016708786_3591106cca.jpg,-1.053002177e-08
2810333931_47fd8dd340.jpg,-3.980205741e-10
3467219837_7d62213dec.jpg,4.136566983e-09
3319723910_af5b5f1fae.jpg,1.269022695e-09
3182570190_48214e54c7.jpg,-6.246199258e-09
1521623639_4bda3407cc.jpg,-7.025387347e-09
2540757246_5a849fbdcb.jpg,1.753070082e-09
2297744130_f571f3a239.jpg,2.715895361e-09
3275704430_a75828048f.jpg,1.033418857e-08
2291485126_b8d41a63f4.jpg,5.472972744e-09
481632457_7372f18275.jpg,-5.545600891e-09
2217328285_b1d55c17ca.jpg,-1.179733102e-09
3227148358_f152303584.jpg,4.205145521e-09
3440952969_608eb5e42b.jpg,2.905736091e-09
3006094603_c5b32d2758.jpg,-2.958213501e-10
2888732432_7e907a3df1.jpg,-6.774238797e-09
3532098999_4e07a0a17e.jpg,-4.067466752e-09
3534046564_4f8546e364.jpg,-5.01624936e-09
382090166_be2c2c63e1.jpg,9.371056356e-10
757046028_ff5999f91b.jpg,-3.913948786e-09
2393410666_b8c20fff61.jpg,4.553104029e-09
3147217787_ed21cd4990.jpg,1.225569568e-09
3591457224_88281dd04f.jpg,-1.834045894e-09
3313232606_4ce7e16b87.jpg,1.747292414e-09
3636796219_9916c0465a.jpg,-1.627239465e-09
2878190821_6e4e03dc5f.jpg,-4.935779642e-09
3082934678_58534e9d2c.jpg,3.072731e-09
2376878930_dd3e7cc544.jpg,-4.778150558e-09
3704698586_a42c25d0c1.jpg,-1.508149673e-09
3401647850_685c03ffff.jpg,-3.177682976e-09
3203707977_cc9448fecb.jpg,-1.075317742e-09
267164457_2e8b4d30aa.jpg,3.431059083e-09
124972799_de706b6d0b.jpg,-1.448944021e-09
3431671749_e8e3a449ac.jpg,-1.723168628e-09
336551609_1385ab139e.jpg,4.912829052e-09
3272071680_648a99f7d2.jpg,-2.774770528e-09
2711720095_0b98426d3c.jpg,3.002948237e-09
101654506_8eb26cfb60.jpg,-4.636817378e-09
3467510271_0f57e52768.jpg,-2.049667452e-09
3271495320_bca47795fb.jpg,-7.703819026e-10
2100735137_05c6079537.jpg,-1.273867683e-09
1107471216_4336c9b328.jpg,8.11666757e-10
2888408966_376c195b3f.jpg,-5.669675357e-09
3087485737_cb09bc80b6.jpg,1.488473008e-09
3359587274_4a2b140b84.jpg,-5.772739348e-09
2312746782_4528a5b818.jpg,-1.522839622e-09
314603661_51e05e0e24.jpg,6.138121892e-09
3111897772_5211a37a02.jpg,-3.915635241e-09
2068960566_21e85ae0dc.jpg,-2.610899493e-09
3417788829_cfdbc34d2c.jpg,-2.395075671e-09
3516312179_f520469038.jpg,3.864123004e-09
3070485870_eab1a75c6f.jpg,-9.005447588e-10
3686924335_3c51e8834a.jpg,-6.178020275e-09
561417861_8e25d0c0e8.jpg,9.596775623e-10
3628103548_2708abcda2.jpg,4.791437126e-10
2148695079_9ae6a9b1c7.jpg,1.141062757e-08
2656039837_f46b29af92.jpg,6.105650036e-09
1012212859_01547e3f17.jpg,9.401377948e-10
3503689049_63212220be.jpg,-4.345545678e-10
3333826465_9c84c1b3c6.jpg,2.159470933e-09
3349308309_92cff519f3.jpg,3.132048787e-09
2568417021_afa68423e5.jpg,2.962794998e-09
3454355269_6185e29f95.jpg,-3.860249969e-09
3013469764_30e84e9a0d.jpg,5.338704372e-09
2866974237_e3c1e267c0.jpg,2.203258506e-10
2061354254_faa5bd294b.jpg,-7.414769014e-09
3535664885_c848c0faee.jpg,-3.246373438e-09
2849194983_2968c72832.jpg,-1.706873978e-09
380590140_25b9889772.jpg,-3.738378258e-09
3433567526_00b5a70319.jpg,3.719568359e-09
508929192_670910fdd2.jpg,4.075340327e-10
405970010_8cebaa77d3.jpg,1.007659424e-09
3375534917_62350bd06b.jpg,-1.033941421e-09
1770036088_08abe4f6e9.jpg,3.138533215e-10
3707077198_efd6aa808d.jpg,2.790715923e-09
3451085951_e66f7f5d5c.jpg,-2.846171241e-09
3358621566_12bac2e9d2.jpg,-1.927264625e-09
3436395540_63bc8f2fe0.jpg,3.280121344e-09
141140165_9002a04f19.jpg,-5.650901188e-09
3106223494_52d4d2d75d.jpg,-1.570965715e-10
3275537015_74e04c0f3e.jpg,-2.485251777e-09
2453891449_fedb277908.jpg,2.02030857e-08
2931950813_93145c4746.jpg,-3.026475587e-09
3639845565_be547c38ba.jpg,2.217406912e-09
3186073578_6e115f45f5.jpg,4.267921344e-09
485566887_57eac33bd1.jpg,-3.95115743e-09
3532028205_9ddd7599f8.jpg,2.211701628e-09
3098714492_19939e3b19.jpg,-3.204263085e-09
2868575889_2c030aa8ae.jpg,-1.672055327e-10
102455176_5f8ead62d5.jpg,7.141775196e-09
3484365373_98d5304935.jpg,-1.569677662e-09
295258727_eaf75e0887.jpg,-3.014867357e-09
406901451_7eafd7568a.jpg,3.400772979e-09
236095034_c983bdfbbf.jpg,4.603817967e-09
2699426519_228719b1db.jpg,3.89541081e-09
3356494271_6103d0b556.jpg,-9.195573475e-09
527288854_f26127b770.jpg,2.237682715e-09
3418504074_083f0bb68d.jpg,-5.177160424e-09
3062273350_fd66106f21.jpg,-6.773773767e-09
2602306033_2b3100d36b.jpg,-3.415164167e-09
3337461409_e4e317853d.jpg,4.753601317e-09
3590593467_be497a6139.jpg,-1.897239695e-09
41999070_838089137e.jpg,-6.854764824e-09
2774705720_1cb85812dc.jpg,-3.035620536e-10
2271671533_7538ccd556.jpg,2.533233676e-09
308487515_7852928f90.jpg,5.0529424e-09
3666188047_e81e1d97a7.jpg,5.680454365e-10
3382303178_69b6d1bdd2.jpg,1.4483633e-09
3033686219_452b172ab0.jpg,3.034340399e-10
3486135177_772628d034.jpg,-1.496177115e-09
271637337_0700f307cf.jpg,8.777816408e-10
1795151944_d69b82f942.jpg,1.205053442e-09
3289433994_4c67aab384.jpg,5.442220365e-09
2925242998_9e0db9b4a2.jpg,-2.105360518e-09
950273886_88c324e663.jpg,-2.012313154e-09
3285298241_9b1ed98d19.jpg,-5.116670237e-09
3157220149_cc3c8cc84d.jpg,3.671051741e-10
3609027309_af75f773d9.jpg,-6.668499185e-09
299181827_8dc714101b.jpg,3.770012284e-11
3606084228_6286a52875.jpg,1.746476044e-09
862187579_9faf4a51e0.jpg,-2.876342402e-09
2609847254_0ec40c1cce.jpg,4.199453576e-09
1253264731_e7c689eca5.jpg,-1.11137858e-09
1400424834_1c76e700c4.jpg,4.586733203e-09
2230067846_74046b89d3.jpg,4.391116413e-11
3486324591_9f5eeb24b9.jpg,-1.940883491e-09
3019986034_7453777274.jpg,-8.534560848e-10
2068465241_3bcabacfd7.jpg,1.362371392e-09
2173061319_1f267765dc.jpg,1.185873637e-09
3730011219_588cdc7972.jpg,5.208147347e-10
2865376471_43c5e6b941.jpg,2.158394555e-09
3004287781_c041c09c16.jpg,2.718323234e-09
459814265_d48ba48978.jpg,9.909695501e-11
1510078253_96e9ec50e7.jpg,2.14062203e-09
384577800_fc325af410.jpg,-3.856705431e-09
2124040721_bffc0a091a.jpg,-3.439234597e-09
1303548017_47de590273.jpg,1.383387169e-09
2647394564_4843800cff.jpg,8.662568418e-09
3677302645_8cd3fac70d.jpg,3.285405568e-09
1716445442_9cf3528342.jpg,3.484325286e-09
3530843182_35af2c821c.jpg,-5.827011593e-09
1397887419_e798697b93.jpg,1.890953919e-09
99171998_7cc800ceef.jpg,2.3000819e-09
2458006588_754c4aa09c.jpg,-1.180065697e-08
3718076407_0b4588d7bc.jpg,-2.224367001e-09
3567214106_6ece483f8b.jpg,-2.905254961e-09
3375843443_8d9b242aa5.jpg,2.869959926e-09
532457586_bddfc5251d.jpg,5.098981894e-09
206087108_d4557d38ee.jpg,-1.816680369e-10
494329594_6e751372a0.jpg,9.649081097e-10
2120469056_7a738413be.jpg,3.082344304e-09
2481003841_06086eafc2.jpg,2.206730842e-09
2456907314_49bc4591c4.jpg,2.4975677e-09
3039675864_0b7961844d.jpg,-5.249618262e-09
3727740053_3baa94ffcb.jpg,-2.059910129e-09
2278776373_fe499a93be.jpg,-2.964367872e-09
3564738125_10400f69c0.jpg,-8.578700743e-11
3630641436_8f9ac5b9b2.jpg,-6.251996027e-09
3569420080_72fbe84751.jpg,-5.135617663e-10
378453580_21d688748e.jpg,-2.298521709e-09
2294688426_96c8614f1d.jpg,3.961725274e-09
661546153_9d30db6984.jpg,-2.555231894e-09
3711030008_3872d0b03f.jpg,2.295385896e-09
3149038044_c7c94688c6.jpg,3.253139516e-09
2411824767_4eb1fae823.jpg,7.713273558e-09
637342973_89f6fac1f7.jpg,5.331278023e-10
3003011417_79b49ff384.jpg,-4.603177942e-09
2968216482_ede65b20a8.jpg,-1.190063658e-09
963730324_0638534227.jpg,-7.877563233e-10
2273028514_d7b584f73d.jpg,1.994346173e-09
3435233065_3411f2d29d.jpg,-1.557602404e-09
3356700488_183566145b.jpg,2.357397966e-09
3601508034_5a3bfc905e.jpg,4.825315152e-09
1368383637_614646cc4a.jpg,2.723485088e-09
1527297882_dededc7891.jpg,1.143583121e-09
3314180199_2121e80368.jpg,-2.498080239e-09
3273403495_fcd09c453e.jpg,-6.640687272e-09
121800200_bef08fae5f.jpg,4.434626854e-10
468918320_9c275b877f.jpg,-2.62931063e-09
2868668723_0741222b23.jpg,1.150393364e-09
3450874870_c4dcf58fb3.jpg,1.088342941e-09
2862469183_a4334b904a.jpg,-3.863498629e-09
514036362_5f2b9b7314.jpg,-1.143283915e-09
2201951969_0d7520d648.jpg,1.265559544e-09
3184206563_5435f2b494.jpg,4.955745551e-09
3192069971_83c5a90b4c.jpg,5.134357274e-09
3051341320_1d0166e775.jpg,4.187644512e-09
2089539651_9e518ec7de.jpg,1.077842253e-09
2623560640_0445c9a138.jpg,-1.87411303e-09
2857558098_98e9249284.jpg,1.068187842e-09
1100214449_d10861e633.jpg,-7.357913559e-09
2256231539_05c27179f1.jpg,8.384776543e-11
1570723692_3a2b064d43.jpg,5.372285586e-09
2640000969_b5404a5143.jpg,6.466157853e-09
537579448_a7f92cef58.jpg,-8.921447478e-10
2949880800_ca9a1bb7e6.jpg,-3.853506421e-09
3106026005_473a7b1c8c.jpg,-5.709071214e-09
3553374585_25b1bd6970.jpg,8.72099965e-10
942399470_6132d3e5d2.jpg,1.444380202e-09
3638440337_6d5c19a8f0.jpg,2.775446499e-09
1329832826_432538d331.jpg,-7.184842706e-10
3597924257_d0da3c5fe6.jpg,-6.048218388e-10
667626_18933d713e.jpg,-7.757148206e-09
3550763985_800cfee7e4.jpg,-3.279359126e-09
3182258223_5b9c8a8c55.jpg,-4.258449928e-09
3356642567_f1d92cb81b.jpg,5.743227746e-10
3398788809_25c71ba018.jpg,3.0874003e-09
3560771491_2a18b6241e.jpg,1.697524544e-09
3006217970_90b42e6b27.jpg,-1.208964285e-08
3425853460_bfcd0b41f6.jpg,2.606712565e-09
3282925526_535ff9f2b2.jpg,2.009518692e-09
460973814_5eacd1ced4.jpg,-2.076393617e-10
397601572_9587a39291.jpg,2.4941008e-09
2585141045_b496a7b7c4.jpg,-1.028311728e-08
2827964381_408a310809.jpg,-1.06840315e-09
613030608_4355e007c7.jpg,6.510951768e-09
2665586311_9a5f4e3fbe.jpg,-5.656586341e-10
2937697444_2367ff0e28.jpg,3.55683518e-09
3561639055_5ac66ae92f.jpg,1.069534246e-10
3141293960_74459f0a24.jpg,-2.573343221e-09
3493844822_c315a11275.jpg,2.199155917e-09
3222702477_34d2d24f1f.jpg,-5.379392574e-09
3265578645_4044a7049a.jpg,2.387949493e-09
2600386812_8790879d9a.jpg,6.114271895e-10
2974587819_742fb7c338.jpg,3.059234316e-09
1244485675_822e6efe60.jpg,2.738139026e-10
2549968784_39bfbe44f9.jpg,7.880023989e-09
2547785434_f227bd3680.jpg,2.604320552e-09
2968182121_b3b491df85.jpg,4.701386685e-09
2977246776_b14be8290d.jpg,1.049003953e-10
1160441615_fe6b3c5277.jpg,-2.506186667e-09
3616808182_fb4eaec778.jpg,-2.147406177e-09
2046778775_0dd7cac6ab.jpg,-6.783683658e-09
226607225_44d696db6b.jpg,-4.753107337e-09
2766926202_4201bf2bf9.jpg,3.057238273e-09
3661659196_6ed90f96c0.jpg,1.084531119e-09
1580172290_e19067e0dd.jpg,-1.149197035e-09
1414779054_31946f9dfc.jpg,-1.461973025e-09
2884301336_dc8e974431.jpg,1.796358602e-09
1956944011_c5661d3f22.jpg,-7.35638355e-10
2785108434_cd4a1c949c.jpg,2.735728873e-09
2865409854_afedf98860.jpg,4.939673824e-09
2510197716_fddca0ac75.jpg,-2.340994286e-09
3533775651_9d7e93dacf.jpg,3.772278055e-09
2410320522_d967f0b75c.jpg,1.396865643e-09
95151149_5ca6747df6.jpg,-1.41694477e-09
2825668136_107223182c.jpg,-6.215305308e-09
3517124784_4b4eb62a7a.jpg,-5.719751677e-10
1917265421_aeccf1ca38.jpg,4.56124803e-09
3224560800_8fefd52510.jpg,-1.428138435e-09
267162122_c3437414ec.jpg,9.894112471e-09
760138567_762d9022d4.jpg,-9.365178314e-10
2937942758_712be5c610.jpg,-2.337677074e-09
3240090389_97a8c5d386.jpg,1.192273826e-09
3056569684_c264c88d00.jpg,6.988205002e-10
3216901052_269ace7b3c.jpg,4.432273427e-10
396763804_3b7f1e12a8.jpg,1.26811035e-09
3435653630_3b6cca2c40.jpg,3.929673863e-09
2877088081_7ca408cb25.jpg,-4.140484396e-10
3485425825_c2f3446e73.jpg,3.663354376e-09
909191414_1cf5d85821.jpg,3.526445456e-10
2245914678_1f82fc3d80.jpg,-6.388452534e-09
2490365757_b869282cb3.jpg,-4.050508019e-09
3534548254_7bee952a0e.jpg,2.008791728e-09
3146630574_05d9ebbed1.jpg,4.37092201e-09
1138784872_69ade3f2ab.jpg,-1.550740241e-09
2092177624_13ab757e8b.jpg,6.835151815e-09
782401952_5bc5d3413a.jpg,2.735506199e-09
3132760860_3e743a935d.jpg,3.789392493e-10
2130851544_d36f4f2ea6.jpg,5.306447072e-09
2204550058_2707d92338.jpg,5.622781987e-09
2576878141_87f25a10f0.jpg,-1.058931554e-09
3732728142_86364a706e.jpg,1.758565587e-09
313326614_b2adbe59e0.jpg,-5.562129351e-09
3421547427_53411b6278.jpg,-1.481124126e-09
3017521547_f5ef8848e3.jpg,7.063767599e-10
3213622536_31da7f6682.jpg,-9.410182508e-09
2646540383_343e1ec9a4.jpg,-3.956954863e-09
3057497487_57ecc60ff1.jpg,6.248995951e-09
3380643902_7e0670f80f.jpg,-1.669146729e-08
2251447809_2de73afcdf.jpg,-9.875425681e-09
505062117_a70b4e10ab.jpg,-5.560634783e-10
2840344516_8e15fe2668.jpg,-1.114034699e-08
1232148178_4f45cc3284.jpg,-6.128116814e-09
1304961697_76b86b0c18.jpg,-1.006370577e-09
3154641421_d1b9b8c24c.jpg,2.183931341e-09
1231229740_8dcbf80bfb.jpg,1.600552988e-09
2797511323_bf20acab45.jpg,4.675292979e-09
3256456935_664a7a5bba.jpg,2.267321331e-09
374103842_17873ce505.jpg,2.797254661e-09
3281611946_f42deed2e1.jpg,1.275251042e-10
2778290592_1910bb0431.jpg,1.097054617e-08
3338590946_f25b76cbc7.jpg,-3.22199696e-09
3405011838_f81117c99f.jpg,-1.187226404e-08
3048211972_db71d104c2.jpg,4.537911309e-09
494792770_2c5f767ac0.jpg,-2.85187099e-09
3336682980_1082a66878.jpg,-7.051806486e-09
3638992163_a085cc0c24.jpg,-1.034699738e-08
3243591844_791cfa62eb.jpg,2.499657545e-09
3456862740_7550bcddc2.jpg,-7.420424864e-09
3674168459_6245f4f658.jpg,4.431929321e-09
1330645772_24f831ff8f.jpg,1.015417951e-09
3632225464_612d7b4c0f.jpg,4.519703964e-09
3150659152_2ace03690b.jpg,2.709243984e-11
3631474374_e40764d153.jpg,3.729017131e-09
300594071_3450444752.jpg,4.602267684e-09
2685752892_9d5cd7f274.jpg,5.98077853e-09
2344699642_4fae2f4e07.jpg,-5.782681984e-09
2091171488_c8512fec76.jpg,1.689110858e-09
3259992722_4c5e895734.jpg,-3.871967349e-09
505944126_f9a6ab8944.jpg,9.75417209e-09
3119913014_688d4997d7.jpg,-5.490499528e-09
1267711451_e2a754b4f8.jpg,5.119195583e-09
1836335410_de8313a64e.jpg,-3.517892846e-09
3106787167_e5f2312622.jpg,-5.849649333e-10
3272541970_ac0f1de274.jpg,3.312812871e-09
3497069793_2d4baf5b4b.jpg,-1.931904084e-09
2267682214_e1434d853b.jpg,1.752042086e-09
2929405404_1dff5ab847.jpg,1.151054613e-09
2601612082_4b9be27426.jpg,-5.194757558e-09
446514680_ff5ca15ece.jpg,-2.073278191e-09
3268908792_c24529fe88.jpg,4.749860725e-09
109823395_6fb423a90f.jpg,-1.147491761e-09
2787868417_810985234d.jpg,8.69125413e-09
241347204_007d83e252.jpg,-3.095850151e-10
541063419_a5f3672d59.jpg,8.800676553e-10
2562483332_eb791a3ce5.jpg,1.233365093e-09
3021318991_fa28e3bca7.jpg,3.848526487e-09
2199200615_85e4c2a602.jpg,4.169055818e-10
559102835_472ff702b5.jpg,3.704702672e-09
1236964638_1808784a3c.jpg,-5.286895773e-10
3241965735_8742782a70.jpg,4.53693199e-09
2426828433_ce894d1c54.jpg,8.866591482e-11
3033825101_44a4390f16.jpg,5.493816959e-10
964197865_0133acaeb4.jpg,1.111430462e-09
3000428313_8a1e65e20e.jpg,-1.679703016e-09
3245504245_27931f5ec1.jpg,-5.907435213e-09
710878348_323082babd.jpg,-1.546070343e-09
3668518431_43abb169eb.jpg,-1.298265134e-08
3346711367_5e7b29e20f.jpg,2.278264541e-09
2588625139_fdf6610218.jpg,-1.002649275e-09
974924582_10bed89b8d.jpg,9.532773635e-10
134724228_30408cd77f.jpg,3.940273673e-09
466176275_f40d37851e.jpg,7.734363015e-12
2909811789_ed8f3fd972.jpg,6.802765613e-09
2332986053_864db84971.jpg,-3.967381514e-10
2464259416_238ef13a2e.jpg,-3.946860131e-09
3240048764_acce8af2a5.jpg,-2.244005382e-10
3135504530_0f4130d8f8.jpg,5.775364932e-09
3705688385_47651205d3.jpg,2.490110834e-09
3027850131_a7772e0ba0.jpg,4.086558263e-09
2730819220_b58af1119a.jpg,1.305353937e-08
304408047_98bab3ea64.jpg,-1.448418455e-09
3357708906_fb3a54dd78.jpg,-4.231005261e-09
3490517179_76dbd690de.jpg,2.696985e-09
3563461991_de05537878.jpg,4.095594726e-09
3244734844_c318c29c23.jpg,-9.538446141e-09
3154293126_e52bd07524.jpg,-1.147198712e-09
140526326_da07305c1c.jpg,5.700568828e-09
3608663656_9192a21eeb.jpg,-2.645568522e-09
3655155990_b0e201dd3c.jpg,-3.534237804e-10
861795382_5145ad433d.jpg,-1.610193908e-09
3380407617_07b53cbcce.jpg,4.664735903e-09
3325129757_7a1979ac11.jpg,2.796307252e-09
2802337003_56e555cd30.jpg,3.243417868e-09
2095444126_201ff9f222.jpg,2.938175514e-09
280932151_ae14a67be5.jpg,5.63938464e-09
2800934095_b84a5009dd.jpg,3.294054505e-09
2534194182_ac53035cf4.jpg,-2.397691336e-09
2579572274_826598b14a.jpg,-5.061181795e-10
2826647354_650ff5eb03.jpg,-5.560284507e-09
3453284877_8866189055.jpg,3.360224074e-09
3669564923_8fcb1a6eff.jpg,-3.502491784e-09
2289096282_4ef120f189.jpg,-1.652514169e-09
3708266246_97a033fcc7.jpg,2.810955606e-09
216172386_9ac5356dae.jpg,1.126595158e-09
3359563671_35b67898e7.jpg,-4.42326177e-09
3232252882_05db7c2216.jpg,3.3980371e-09
3014773357_f66bd09290.jpg,1.209563895e-08
1980315248_82dbc34676.jpg,1.141713471e-08
3343106500_27176fc544.jpg,-7.760025121e-10
3540241710_a4f49cde52.jpg,-4.021593325e-09
3317333893_9d0faa8d30.jpg,1.79404521e-09
2937497894_e3664a9513.jpg,1.778920625e-09
2911658792_6a6ef07e3a.jpg,-3.833452382e-09
2470486377_c3a39ccb7b.jpg,4.734114846e-10
2534502836_7a75305655.jpg,3.711609622e-09
3612825666_54f5a2bc06.jpg,2.236931422e-09
2623496164_68ffeb5067.jpg,-3.050695112e-09
2228167286_7089ab236a.jpg,-7.569091089e-11
3128856481_86e5df4160.jpg,4.020310042e-09
2404692474_37da774368.jpg,-1.23643307e-10
472661386_723aae880b.jpg,2.964789006e-09
3495490064_8db40a83af.jpg,4.973255665e-12
2882893687_1d10d68f2b.jpg,4.249178529e-09
3677239603_95865a9073.jpg,-9.283323373e-09
616177206_0e16c33f6b.jpg,7.413054601e-09
2934837034_a8ca5b1f50.jpg,5.594594216e-09
641893280_36fd6e886a.jpg,-2.883940264e-09
2059842472_f4fb61ea08.jpg,5.38796133e-09
1468962616_5803b4397f.jpg,1.302566606e-09
2278766574_f71f1704a8.jpg,8.142689966e-10
3249891874_6a090ef097.jpg,-1.213180172e-09
17273391_55cfc7d3d4.jpg,3.007744172e-09
3134387513_ceb75bea0a.jpg,1.816616763e-09
2208055895_37cd8e1edf.jpg,4.725618939e-09
3346614841_698f9aa486.jpg,-4.303756004e-09
2346772831_b2748ba1f0.jpg,3.85572456e-09
2709359730_13bca100af.jpg,-2.590330907e-09
2069279767_fb32bfb2de.jpg,-5.15681717e-09
2330536645_2d36b516e1.jpg,-1.204243149e-08
2751694538_fffa3d307d.jpg,-3.121529536e-09
3009047603_28612247d2.jpg,-2.353193698e-10
3097171315_0ba7d283b1.jpg,-8.171895342e-10
2935986346_29df6cf692.jpg,2.549471392e-09
2552816307_c7c8e7f6b4.jpg,-1.307459441e-09
2893374123_087f98d58a.jpg,-5.379286476e-09
3511890331_6163612bb9.jpg,-6.246874882e-09
1177994172_10d143cb8d.jpg,-3.554975926e-09
2881468095_d4ce8c0c52.jpg,-8.185864719e-09
263522013_d118d46b2d.jpg,-5.618992908e-09
2300920203_f29260b1db.jpg,-1.371639839e-10
2374179071_af22170d62.jpg,-2.938014178e-09
1433577867_39a1510c43.jpg,2.458303765e-09
110595925_f3395c8bd6.jpg,-3.139823929e-09
2081446176_f97dc76951.jpg,7.114881527e-10
2759211664_d21393b668.jpg,2.960618705e-09
509778093_21236bb64d.jpg,-8.469621926e-10
1771490732_0ab5f029ac.jpg,-7.062944535e-09
430173345_86388d8822.jpg,6.267580834e-09
2873648844_8efc7d78f1.jpg,5.431312009e-11
3626689571_5817f99c0e.jpg,-4.752802509e-09
3163477256_073605e06e.jpg,-5.574453195e-09
3198962089_e647d1b0cd.jpg,-2.27079616e-09
2057160636_6e9cf3b5f0.jpg,-5.451648267e-09
3624327440_bef4f33f32.jpg,1.700013617e-09
185972340_781d60ccfd.jpg,-6.991207518e-10
3393446245_37dd3f3b59.jpg,-5.307041142e-10
3679407035_708774de34.jpg,-2.186307655e-09
2855417531_521bf47b50.jpg,3.342129139e-09
109202801_c6381eef15.jpg,5.748766537e-10
309238565_2d5d8dc8bf.jpg,3.425680125e-09
367925122_335ed279a8.jpg,-2.311801564e-09
2594336381_a93772823b.jpg,-1.458113045e-09
3703107969_175da4b276.jpg,-5.12019214e-09
2616009069_82561da2e5.jpg,1.85322992e-10
2081141788_38fa84ce3c.jpg,-3.353441133e-09
519167484_ee03e2a91e.jpg,-1.049397332e-09
2768248810_06d543c080.jpg,1.279336126e-09
58368365_03ed3e5bdf.jpg,-2.396468699e-09
3086507638_d8a2cd0ac3.jpg,1.970154061e-09
3239480519_22540b5016.jpg,6.395059592e-09
2167644298_100ca79f54.jpg,-5.269245254e-09
2956562716_5aa3f6ef38.jpg,-1.793370887e-10
2088120475_d6318364f5.jpg,1.478231969e-09
544257613_d9a1fea3f7.jpg,4.71325582e-09
2076428547_738e0a132f.jpg,-4.285378083e-09
3647170476_0fd71a4c9f.jpg,4.314565635e-10
2306674172_dc07c7f847.jpg,-1.987032992e-10
354999632_915ea81e53.jpg,2.171436013e-09
138705546_be7a6845dd.jpg,-2.237663217e-09
3647693147_0d0434351b.jpg,-2.372928996e-09
2085557551_7a88d01d4e.jpg,5.321180723e-09
2263655670_517890f5b7.jpg,-4.472567266e-09
574274795_57e0834e7d.jpg,1.421624653e-08
3138433655_ea1d59e5b7.jpg,-1.318313456e-09
3677860841_3aa9d8036c.jpg,-2.016267982e-09
3544669026_1b5c0e6316.jpg,-3.994421138e-09
3317073508_7e13565c1b.jpg,3.101254425e-09
3202360797_2084743e90.jpg,4.593273483e-09
3265527323_6431f00692.jpg,-1.251239274e-08
478592803_f57cc9c461.jpg,1.794985066e-10
1332722096_1e3de8ae70.jpg,-2.950409029e-09
2650620212_0586016e0d.jpg,2.680526395e-09
2973272684_4d63cbc241.jpg,3.39662674e-09
478208896_90e7187b64.jpg,-2.089514004e-09
2818735880_68b3dfe1f5.jpg,2.440708656e-09
3138562460_44227a35cf.jpg,-1.976851325e-09
3228793611_8f260ea500.jpg,3.39237133e-09
2390778197_4d9d03d4b9.jpg,-3.831740601e-09
319847643_df7c2a1d25.jpg,-3.67268574e-09
2923825744_ca125353f0.jpg,-9.287142493e-10
3109780402_dbae082dc5.jpg,5.699350704e-10
1479857177_9d4a6f38fd.jpg,2.049754479e-10
3549011001_26cace3646.jpg,-7.630929997e-09
493542985_c85ad29ebe.jpg,-1.747883704e-09
315125146_d9a8e60061.jpg,2.526671598e-09
3372251830_baa3665928.jpg,-2.47079195e-09
2766726291_b83eb5d315.jpg,2.5919743e-09
2676184321_858eff416b.jpg,2.459534881e-09
3553476195_fb3747d7c1.jpg,7.917207852e-10
2632381125_de32bdfdf6.jpg,4.346456671e-09
3561543598_3c1b572f9b.jpg,8.697553942e-09
3565021218_d2bc1aa644.jpg,1.336376666e-09
2943384009_c8cf749181.jpg,-2.036142422e-09
3708244207_0d3a2b2f92.jpg,-2.993370508e-09
2615811117_42b1838205.jpg,5.403501932e-10
2959941749_fa99097463.jpg,6.893382199e-09
3467282545_273a97b628.jpg,7.852660894e-09
1131932671_c8d17751b3.jpg,-1.648155331e-09
269898095_d00ac7d7a4.jpg,2.125466685e-09
3528105511_12ff45dc9c.jpg,6.057899989e-09
140526327_3cb984de09.jpg,8.510730778e-09
2187720319_112d00f07d.jpg,6.206745241e-09
3652859271_908ae0ae89.jpg,-3.781626829e-09
1034276567_49bb87c51c.jpg,9.266458219e-10
3573202338_f43dd22d28.jpg,5.513607431e-09
1479679558_d0a01bc62b.jpg,5.325320803e-09
3605100550_01214a1224.jpg,-7.390781013e-09
233361142_d9d5f0cae9.jpg,-2.463480088e-09
2965604928_435dc93bf7.jpg,-8.037846898e-09
2613021139_4b0dc3d4c8.jpg,-9.20787722e-10
3463922449_f6040a2931.jpg,2.355352897e-09
3057770908_3fd97f79f9.jpg,5.763293948e-09
2293149170_38fb2257ea.jpg,-2.718529247e-09
854333409_38bc1da9dc.jpg,-6.099450747e-09
1348957576_c4a78eb974.jpg,4.255203201e-09
262439544_e71cd26b24.jpg,-9.141242016e-10
925491651_57df3a5b36.jpg,9.177018876e-09
2250555512_71670078f5.jpg,-6.439548448e-09
3485816074_363cab4bff.jpg,-6.403554373e-09
3245266444_2e798096e6.jpg,7.44247934e-10
2278110011_ba846e7795.jpg,3.728241954e-09
2640153227_57cf1a3d92.jpg,-7.428073489e-10
3596459539_a47aa80612.jpg,5.924875948e-09
2994179598_a45c2732b5.jpg,-3.760649003e-09
1332823164_c70a5d930e.jpg,7.974792496e-09
241347067_e58d05dbdc.jpg,-5.85537892e-09
3042381160_ffe2b16808.jpg,6.771082955e-10
2348491126_30db0d46ef.jpg,-2.042629538e-10
2944952557_8484f0da8f.jpg,3.977497733e-09
2584957647_4f9235c150.jpg,-6.507653758e-09
2718495608_d8533e3ac5.jpg,-5.799147166e-09
608257195_6ec6f48e37.jpg,-9.467703456e-10
241345427_ece0d186c2.jpg,3.171640603e-09
3110614694_fecc23ca65.jpg,-1.026898888e-09
3382679230_baef3d1eaa.jpg,-2.828325222e-09
3051998298_38da5746fa.jpg,7.476351284e-09
3211199368_ca78387f72.jpg,3.452982103e-09
3274691778_94bb57bba3.jpg,1.64793654e-09
3357194782_c261bb6cbf.jpg,7.995530508e-09
2603792708_18a97bac97.jpg,6.594185313e-10
489065557_0eb08889cd.jpg,6.061541978e-09
2268601066_b018b124fd.jpg,-2.079049442e-09
3163068926_d28ed3ef53.jpg,-2.341798759e-11
3697675767_97796334e4.jpg,-3.887691271e-09
2907073768_08fd7bdf60.jpg,8.5055587e-09
2346629210_8d6668d22d.jpg,-3.394896242e-09
3060594966_030658d318.jpg,-2.294078561e-09
2083434441_a93bc6306b.jpg,8.874490659e-09
2677656448_6b7e7702af.jpg,4.802058705e-09
460478198_83039f2593.jpg,1.710028801e-10
452416075_60b2bb5832.jpg,-3.734122605e-09
3166578139_33500f7e8a.jpg,2.624268388e-09
3319899418_4bcf1b00d8.jpg,1.004644017e-09
368954110_821ccf005c.jpg,5.886472006e-10
843616798_5ab0ecb525.jpg,5.64568911e-10
1313693129_71d0b21c63.jpg,-9.060941873e-10
2077079696_03380d218b.jpg,4.890055159e-09
2477121456_1ac5c6d3e4.jpg,3.416438983e-09
385186343_464f5fc186.jpg,4.564106275e-09
3184891327_8785194e3c.jpg,6.094949338e-09
934375844_dd149fed18.jpg,1.263313235e-09
746787916_ceb103069f.jpg,-3.906999357e-09
2753531542_ace2c870b7.jpg,2.591394602e-09
3036596725_541bbe0955.jpg,4.576056772e-09
3531811969_49af4c22f0.jpg,-1.883305282e-09
3537452619_3bd79f24e0.jpg,7.204386462e-09
537628742_146f2c24f8.jpg,-4.037117626e-10
3584196366_a4b43d6644.jpg,-1.94344411e-09
3520617304_e53d37f0af.jpg,-2.783745711e-09
460195978_fc522a4979.jpg,3.894847868e-09
2723929323_70b93a74ea.jpg,-2.906902172e-09
1119015538_e8e796281e.jpg,-2.70095496e-09
3251460982_4578a568bb.jpg,8.400283132e-10
3384742888_85230c34d5.jpg,-5.976298628e-10
2102360862_264452db8e.jpg,-6.752318252e-09
433855742_c2a6fda763.jpg,2.501482213e-09
2834103050_512e5b330a.jpg,6.843673341e-09
2542037086_58c833699c.jpg,-1.955693553e-09
2775744946_1ab5d500a2.jpg,-3.356278045e-09
3139876823_859c7d7c23.jpg,-7.687268672e-10
2477623312_58e8e8c8af.jpg,4.504337352e-09
3044359043_627488ddf0.jpg,-1.325693929e-09
1984936420_3f3102132b.jpg,1.667708087e-09
3692836015_d11180727b.jpg,4.173867087e-09
2932498509_27cb0038ec.jpg,-8.717037224e-09
3556598205_86c180769d.jpg,1.245703615e-09
189721896_1ffe76d89e.jpg,-4.604027281e-09
3700004668_99c3e3f55b.jpg,3.985887935e-09
3690431163_1d81e19549.jpg,-4.151404257e-09
3372167201_f7f909d480.jpg,7.437730104e-10
350529848_9569a3bcbc.jpg,-1.048000395e-09
311267421_e204e643cf.jpg,1.374384689e-09
3081330705_7a1732e12c.jpg,-1.473143123e-09
3383037991_8f07784b81.jpg,7.61935625e-09
3557148230_7fc843e5de.jpg,3.255072586e-09
358114269_96fdb5f7c3.jpg,3.061524419e-10
272988646_1588bde6a8.jpg,-4.60009716e-09
1472053993_bed67a3ba7.jpg,-5.144908289e-09
2422302286_385725e3cf.jpg,4.789864102e-09
2720985888_8f5920e8cf.jpg,2.923345819e-10
3215315009_47577bf8f7.jpg,-7.952718066e-10
3050976633_9c25cf6fa0.jpg,2.272580502e-09
3323076458_3ce72a1dae.jpg,2.844164646e-09
3372215826_b3e6403b2e.jpg,-1.971088162e-10
3547704737_57d42d5d9d.jpg,-2.850043601e-09
1339596997_8ac29c1841.jpg,-4.568844694e-09
3360876049_9047edeab9.jpg,2.007559661e-09
2698487246_e827404cac.jpg,6.562248106e-09
3381161854_af8b05243c.jpg,-1.035771427e-09
2970183443_accd597e0a.jpg,-4.312091766e-09
1433142189_cda8652603.jpg,-3.410127292e-09
836828001_af98d16256.jpg,3.520694085e-09
2991771557_d98fa0a69f.jpg,-1.043774759e-09
468310111_d9396abcbd.jpg,2.197716144e-10
3472485022_5d03e9852d.jpg,-1.840118963e-09
327415627_6313d32a64.jpg,4.422297687e-09
3337046794_296bd2c7e0.jpg,-4.960336199e-09
3710468717_c051d96a5f.jpg,-4.503411273e-09
3343900764_2a4c0405f9.jpg,7.445460562e-09
2298077331_f9a1488067.jpg,3.796467055e-09
3263946591_a1558b77d3.jpg,-3.419882911e-09
3251646144_d9f4ccca3f.jpg,1.634056054e-09
811663364_4b350a62ce.jpg,4.154983104e-09
397547349_1fd14b95af.jpg,-4.694294649e-10
1998255400_0cd086908f.jpg,3.592836428e-09
537222436_ab406234ce.jpg,-6.798479088e-09
284279868_2ca98e3dcd.jpg,1.327375985e-09
3451345621_fe470d4cf8.jpg,3.28012014e-09
3091382602_60b9b53ed1.jpg,-2.577450899e-09
98377566_e4674d1ebd.jpg,1.073443056e-10
2524084967_a5e011b73d.jpg,1.140534565e-11
1402641725_5e027ecaa7.jpg,2.915862786e-09
3535879138_9281dc83d5.jpg,6.653565647e-10
536828916_b763b82949.jpg,1.135131085e-08
3560726559_4c4bed9f2d.jpg,-6.065893097e-09
544576742_283b65fa0d.jpg,-4.774319902e-09
436013859_793d870b6f.jpg,4.286762707e-09
1643915227_9f48068772.jpg,7.406505636e-09
506412121_67ecc7ec05.jpg,6.711727797e-09
274313927_404d0e94ab.jpg,-5.532088212e-09
523249012_a0a25f487e.jpg,3.145687299e-09
1131804997_177c3c0640.jpg,7.330675629e-10
2412390588_a89cab30f4.jpg,-7.44859792e-09
2074244690_82e30ff44b.jpg,-6.762256824e-10
2458269558_277012780d.jpg,-2.285043244e-09
2975073156_7543ed326f.jpg,-1.964223668e-09
3026102616_3cf350af9e.jpg,5.570816373e-10
3687222696_85bf6f78f7.jpg,4.969160437e-09
3343311201_eeb1a39def.jpg,-4.664811302e-09
2524003134_580e74328b.jpg,-5.21108995e-09
3251976937_20625dc2b8.jpg,1.162707166e-08
2978394277_4572967b97.jpg,5.385963864e-09
2049646140_d0de01e3c4.jpg,2.071401987e-09
2899089320_3e7f6bbaca.jpg,-1.957896972e-09
3086526292_f799d237c7.jpg,4.197121585e-10
3455419642_894d03f153.jpg,3.831642508e-10
386470686_1ae9242878.jpg,-4.794353029e-09
2805822564_6dee48e506.jpg,-1.360002453e-09
3231596071_f0c522a639.jpg,-4.856098435e-09
2586532797_dcf22a5021.jpg,3.76114436e-09
1468429623_f001988691.jpg,-1.871197024e-09
3454149297_01454a2554.jpg,2.854344951e-09
2533414541_362bf043bb.jpg,4.773591978e-09
2456615908_59cdac6605.jpg,-7.171990274e-09
3276475986_66cd9cc7e4.jpg,-4.568444078e-09
2665264979_df9c284bf8.jpg,1.808546267e-09
566794036_60f7acdf35.jpg,-4.168330241e-09
2735290454_1bd8bc5eac.jpg,8.538707309e-09
1428681303_04213524e3.jpg,4.566693456e-10
241347580_a1e20321d3.jpg,-5.928849921e-10
2933912528_52b05f84a1.jpg,-9.945966444e-10
326456451_effadbbe49.jpg,-1.062589554e-09
2405978603_6221b0c2e7.jpg,-3.24484612e-09
3126981064_1e803c3d7f.jpg,-5.756347436e-09
405331006_4e94e07698.jpg,-5.085746399e-09
1522787272_5a31497ef2.jpg,6.309871193e-10
475042270_719ebe6c48.jpg,6.683443665e-10
3422146099_35ffc8680e.jpg,3.878804127e-09
330849796_c575c3108a.jpg,-5.071609326e-09
449287870_f17fb825d7.jpg,-2.778568452e-09
3097776588_312932e438.jpg,-4.031005038e-09
2911245290_b2c79f328a.jpg,-3.261381818e-09
1957371533_62bc720bac.jpg,-1.211393052e-09
3671262694_29fbeb9d95.jpg,3.245656447e-09
2495394666_2ef6c37519.jpg,-3.596182964e-09
2887614578_ed7ba21775.jpg,7.151667196e-09
2557972410_6925fe695c.jpg,1.416277667e-09
3126752627_dc2d6674da.jpg,2.432447189e-09
157139628_5dc483e2e4.jpg,-9.103424256e-10
3690159129_93ba49ea18.jpg,-5.090402955e-09
2249480913_e1695e5c28.jpg,6.448792605e-10
3652584682_5b5c43e445.jpg,-1.816148856e-09
3246773992_89bf86937b.jpg,2.835200234e-09
2987576188_f82304f394.jpg,6.471856843e-09
2393264648_a280744f97.jpg,-1.698388657e-08
2644920808_f5a214b744.jpg,-3.943760916e-09
3062173277_bfb5ef4c45.jpg,3.60629941e-09
431410325_f4916b5460.jpg,-9.291999392e-10
103205630_682ca7285b.jpg,-6.811250435e-09
2337377811_8c81b40a64.jpg,4.205307136e-09
3259110412_9908c45144.jpg,-4.722958204e-09
2322334640_d4d22619ff.jpg,3.499874269e-09
3466353172_deb128bbb0.jpg,-1.051023007e-09
3636126441_5617c89aaa.jpg,2.083979802e-09
3406409018_03de95181e.jpg,-1.567470975e-09
3226254560_2f8ac147ea.jpg,-6.00144252e-10
3610189629_f46de92ab3.jpg,2.325287898e-09
2242863004_3a9f82a31f.jpg,1.634993386e-09
2554570943_122da6438f.jpg,3.691685887e-09
2333288869_8c01e4c859.jpg,3.604034484e-09
3457315666_b943111dec.jpg,-3.963651155e-09
2955673642_4279b32097.jpg,-4.667209381e-09
1527333441_af65636a74.jpg,1.463177591e-09
2180356743_b3a3c9a7f6.jpg,-4.404971615e-09
2198964806_c57b0534d3.jpg,9.273558182e-10
3515904775_f8acc5909e.jpg,6.121792811e-09
246094557_e174a5914f.jpg,4.779523985e-09
427167162_2c99779444.jpg,-8.150153558e-09
427082246_5bf1c3676f.jpg,-4.005866634e-09
339658315_fbb178c252.jpg,-1.561334989e-09
3411579899_0f8ed09142.jpg,9.635761252e-09
3701249979_8bc757e171.jpg,-3.331267885e-09
2764178773_d63b502812.jpg,2.777217095e-09
401476986_73918145a3.jpg,-4.258575324e-09
3631810528_7233c0f421.jpg,-4.174433771e-09
2755952680_68a0a1fa42.jpg,3.642786676e-09
3606846822_28c40b933a.jpg,2.060888868e-10
684255145_db3f8e3e46.jpg,2.979417718e-09
3113682377_14fc7b62b0.jpg,-1.959343551e-09
3334537556_a2cf4e9b9a.jpg,4.390298348e-09
464506846_1734302b58.jpg,-5.040034978e-09
3156113206_53c2a7b5d8.jpg,6.101454665e-09
2218334049_e649dbdb1a.jpg,-1.127749847e-08
1087539207_9f77ab3aaf.jpg,-1.779349006e-09
805682444_90ed9e1ef3.jpg,3.726378167e-09
3154152744_4e93ec8a62.jpg,1.03247928e-08
3641999223_942f8198cc.jpg,1.503528677e-09
2934325103_e9b8d7430f.jpg,4.30186413e-09
3301935788_2bb7bbc515.jpg,7.365308196e-09
2929669711_b2d5a640f0.jpg,1.318647952e-09
2478929971_9eb6c074b6.jpg,-4.907905348e-10
1476241331_2f43b67aed.jpg,2.212660928e-09
2480021389_dda9fb2818.jpg,1.011984405e-08
2921430836_3b4d062238.jpg,-3.146386187e-09
3245939062_8ffe1d2be5.jpg,-2.432277944e-09
2489602993_896c1ea40a.jpg,1.249747854e-08
3134387321_3a253224c1.jpg,1.898680918e-09
1056873310_49c665eb22.jpg,-5.319230511e-09
862054277_34b5a6f401.jpg,2.423126758e-09
3621177753_1718c30ea0.jpg,-1.399336857e-09
2097489021_ca1b9f5c3b.jpg,-3.10828638e-09
3079786914_fe598b0e54.jpg,-2.033577795e-09
3107368071_724613fc4f.jpg,-2.911684798e-09
1358892595_7a37c45788.jpg,9.604259502e-10
3018467501_a03d404413.jpg,2.094367232e-09
477768471_d7cd618fdb.jpg,1.84858354e-09
3275527950_41aca690a1.jpg,6.074120386e-09
2866696346_4dcccbd3a5.jpg,-1.105203129e-09
2814406547_a237ef0122.jpg,1.028567597e-08
3593556797_46b49a02a8.jpg,-1.508614074e-09
3512033861_a357bb58b6.jpg,1.699758944e-10
2196284168_76417efbec.jpg,-5.936544081e-09
3218480482_66af7587c8.jpg,-3.850603503e-09
159712188_d530dd478c.jpg,6.67649585e-10
3348384389_73b6647017.jpg,-9.005650974e-09
701816897_221bbe761a.jpg,1.247337853e-09
3119903318_d032141839.jpg,-2.893094952e-09
3711664623_ef87105ea7.jpg,9.067088916e-09
3353328134_dd9ed0edab.jpg,5.074835051e-09
3014080715_f4f0dbb56e.jpg,-2.208237626e-09
2731171552_4a808c7d5a.jpg,2.211343561e-09
3111502208_71e2a414f5.jpg,6.127091915e-10
1348113612_5bfc5f429e.jpg,4.543738111e-09
3306464579_1b16a0caf2.jpg,1.038770431e-09
3648988742_888a16f600.jpg,5.712923648e-09
2234702530_a265a4df22.jpg,-1.348994286e-09
947969010_f1ea572e89.jpg,-1.706170265e-09
305199420_89f6ddd778.jpg,5.926181353e-09
2887750774_920eb171aa.jpg,3.459355638e-09
3039209547_81cc93fbec.jpg,8.577719845e-09
405537503_f66ecc5073.jpg,9.953944921e-10
2473791980_805c819bd4.jpg,-1.839163677e-09
480607352_65614ab348.jpg,5.836976231e-10
3314517351_69d70e62bd.jpg,-2.902775065e-10
241345446_2e47ae8ddc.jpg,4.748822918e-09
3330935489_9cb67ca36b.jpg,-4.46179235e-09
482088914_e6ea4501e9.jpg,3.819758123e-09
1449692616_60507875fb.jpg,-9.71929381e-09
3386953179_84c2d7922f.jpg,1.216965338e-09
56489627_e1de43de34.jpg,6.910278158e-09
957230475_48f4285ffe.jpg,6.785456919e-10
134894450_dadea45d65.jpg,-5.543070934e-09
278002947_3fd22a2cb6.jpg,1.335871392e-10
3421104520_6a71185b3c.jpg,2.22396882e-09
241346260_f50d57b517.jpg,-2.235709023e-09
3371533654_73a12a35a4.jpg,7.852324692e-09
1022454428_b6b660a67b.jpg,9.678069185e-10
3652764505_87139e71f8.jpg,6.139813841e-09
2916586390_664f0139ea.jpg,5.935277009e-09
181777261_84c48b31cb.jpg,-2.822469769e-09
3349451628_4249a21c8f.jpg,-3.847224306e-09
3108378861_d2214d971e.jpg,4.880983295e-10
1348304997_afe60a61df.jpg,6.084871251e-10
3268407162_6274e0f74f.jpg,3.348530862e-09
503794526_603a7954d3.jpg,1.895542961e-09
2689163361_4939875be5.jpg,3.747092126e-09
956164675_9ee084364e.jpg,6.336441138e-10
2063277300_f7ff476914.jpg,-3.709192428e-09
3028404926_2bd27e3e83.jpg,-3.122261548e-09
393987665_91d28f0ed0.jpg,6.210522819e-09
2635905544_dbc65d0622.jpg,-7.80166582e-10
3170802797_3c851bb475.jpg,7.80973395e-10
496129405_b9feeda1ab.jpg,7.725096746e-09
464527562_a18f095225.jpg,7.506049729e-09
1342766791_1e72f92455.jpg,4.484705018e-09
264928854_d9e61f3a8e.jpg,-1.276417164e-10
333973142_abcd151002.jpg,2.539073723e-09
3629492654_619d7b67ee.jpg,-6.454151732e-10
1921398767_771743bf4e.jpg,3.402710388e-09
242558556_12f4d1cabc.jpg,6.062225301e-09
2439813616_c9ac54cc9f.jpg,-2.55216991e-09
2144049642_070cf541b4.jpg,3.181377655e-09
3375920709_ef7370fa09.jpg,-4.699949568e-09
2537119659_fa01dd5de5.jpg,-1.259987851e-09
3635177305_bfbe1fc348.jpg,3.304140771e-09
3361210233_962d630ec5.jpg,-9.576544224e-10
3532192208_64b069d05d.jpg,6.567140895e-09
516725192_c9cdd63878.jpg,7.681760546e-09
2860372882_e0ef4131d4.jpg,1.357637842e-10
3632258003_6a0a69bf3a.jpg,5.351825807e-09
1311132744_5ffd03f831.jpg,-5.205710551e-09
2754898893_95239c1f19.jpg,5.844116142e-09
1452361926_6d8c535e32.jpg,3.895126602e-09
3487419819_e3f89444ce.jpg,-4.124609734e-09
2824922268_3fafb64683.jpg,6.92430747e-09
3474985382_26e1560338.jpg,1.65500863e-09
3381038951_225bb163af.jpg,-2.69248334e-09
2470588201_955132a946.jpg,-2.342102316e-10
2975018306_0e8da316f5.jpg,-6.35072005e-09
2949762776_52ece64d28.jpg,-4.854041574e-09
2482629385_f370b290d1.jpg,-3.907616906e-09
2993167183_2bda95fa3d.jpg,1.923407771e-09
2328106090_b7c2725501.jpg,-2.32069665e-09
1322323208_c7ecb742c6.jpg,4.995261442e-10
2578003921_e23b78e85f.jpg,4.379804711e-09
3321334180_8f764e0e0f.jpg,-9.831424766e-10
3373544964_c9f1253b7d.jpg,8.132073409e-09
444881000_bba92e585c.jpg,4.985355324e-09
236518934_c62a133077.jpg,5.633144351e-09
3295418287_5d590dac43.jpg,5.537709692e-09
3138746531_f6b816c126.jpg,-7.648625512e-09
2971431335_e192613db4.jpg,1.865230034e-09
3199460792_deef518c01.jpg,1.255931739e-08
1082379191_ec1e53f996.jpg,-6.00590497e-10
2921670682_6a77a6c3e9.jpg,2.793832923e-10
2393971707_bce01ae754.jpg,-9.692175721e-10
241345905_5826a72da1.jpg,-5.918149094e-09
3467843559_a457ce37b6.jpg,-5.012581091e-09
2561334141_0aacefa5e7.jpg,1.013501392e-08
3662963630_8f097e38d4.jpg,-7.042270841e-09
3498417123_3eae6bbde6.jpg,3.950681535e-09
2156131463_5b53636cf0.jpg,-1.527456676e-09
749840385_e004bf3b7c.jpg,2.31195921e-10
334737767_7f344eee16.jpg,1.102890276e-08
640203018_c0e7175831.jpg,6.332302555e-09
3323514651_3efdbd63ed.jpg,-3.729485483e-09
1007320043_627395c3d8.jpg,2.535532571e-09
2185793891_5a5e903ca6.jpg,1.705878882e-10
2692635048_16c279ff9e.jpg,3.320799068e-09
2842439618_fb20fe2215.jpg,1.601541441e-08
2308271254_27fb466eb4.jpg,2.363009606e-09
2326879311_555ebef188.jpg,1.675065052e-09
2561341745_2d77d3ff7d.jpg,-2.666124249e-09
2506892928_7e79bec613.jpg,2.404443231e-09
1164765687_7aca07bbe7.jpg,-8.774789406e-09
3345025842_bc2082a509.jpg,1.101320282e-09
827941668_2e4ac6cb39.jpg,1.351147666e-09
344078103_4b23931ce5.jpg,4.803143528e-09
408748500_e8dc8c0c4f.jpg,-6.54763195e-09
2085403342_a17b0654fe.jpg,6.343355716e-09
2501942587_e59b91d1da.jpg,-5.248033274e-09
3025438110_40af7e6a80.jpg,-8.289071018e-09
977856234_0d9caee7b2.jpg,5.210303978e-09
3118425885_f0cc035032.jpg,3.551214984e-10
3694991841_141804da1f.jpg,-1.178874555e-08
3165826902_6bf9c4bdb2.jpg,3.419479144e-09
3532194771_07faf20d76.jpg,-9.256740673e-09
3156406419_38fbd52007.jpg,-5.429464747e-09
2797188545_aeb26c54c0.jpg,9.844609707e-09
3480052428_c034b98a08.jpg,1.186532643e-09
3207343907_995f7ac1d2.jpg,4.136366456e-10
3367053761_8ec5834bf3.jpg,-6.914525991e-09
297285273_688e44c014.jpg,2.18485975e-09
3326273086_e09e845185.jpg,-3.510998299e-09
2534652796_c8a23288ab.jpg,1.280208585e-09
3549140234_e99b07c739.jpg,-3.608155641e-10
708945669_08e7ffb9a7.jpg,-9.269767866e-10
2885382946_f541ea5722.jpg,2.586430323e-09
489773343_a8aecf7db3.jpg,2.400737741e-09
27782020_4dab210360.jpg,1.613272259e-09
2537197415_af7c30dfc8.jpg,1.801288657e-09
2608289957_044849f73e.jpg,-9.017345568e-10
3284460070_6805990149.jpg,-6.668152807e-09
1818403842_553a2a392c.jpg,-1.189710027e-09
2437266971_b91a8f9a00.jpg,3.975905576e-10
3427118504_93126c83e0.jpg,6.384888872e-09
3195147187_a073d59fa8.jpg,-8.0717111e-09
1449625950_fc9a8d02d9.jpg,1.02740435e-09
2165677531_e1d5e086f7.jpg,-7.730534192e-09
781118358_19087c9ec0.jpg,-5.727294881e-09
454709143_9c513f095c.jpg,2.695601832e-09
987907964_5a06a63609.jpg,2.861853839e-09
386655611_1329495f97.jpg,-1.913502408e-11
859620561_de417cac1e.jpg,-7.917632507e-09
944788251_a0bcd4b960.jpg,2.742952702e-09
3004359992_f6b3617706.jpg,2.717594416e-09
3295680663_af21ea648b.jpg,-1.188708218e-09
2541701582_0a651c380f.jpg,2.721887814e-09
219843859_94b6d0a580.jpg,-5.354255619e-09
242064301_a9d12f1754.jpg,-3.145475261e-09
246901891_4c4ea49c3a.jpg,6.368388276e-09
446291803_2fd4641b99.jpg,4.308408372e-09
3178371973_60c6b8f110.jpg,4.209272047e-09
388386075_9ac3a89ada.jpg,3.211481447e-09
374124237_51f62b6937.jpg,8.541931164e-09
2971298546_dd595cf297.jpg,8.865883763e-09
3187117682_986ffd6b67.jpg,2.034128942e-09
3134092148_151154139a.jpg,2.803858815e-09
3542484764_77d8920ec9.jpg,1.282203568e-09
1107246521_d16a476380.jpg,5.681386725e-09
3490186050_4cb4193d4d.jpg,-3.765248532e-09
2298661279_016d87ba2f.jpg,5.2652083e-09
3694093650_547259731e.jpg,-3.877514379e-09
2615623392_ab2b9759ae.jpg,1.023501023e-08
1428578577_82864facae.jpg,-8.378424337e-10
3093971101_543237971d.jpg,1.410298128e-08
3280173193_98c2d6a223.jpg,5.080261149e-09
2284894733_b710b9b106.jpg,3.074976501e-09
2947172114_b591f84163.jpg,1.418079468e-09
742073622_1206be8f7f.jpg,-3.19722574e-09
3122938209_2b2c6c1fab.jpg,1.626165417e-09
2698197294_ccd9327ef6.jpg,-3.19713175e-10
2934000107_d2ff15c814.jpg,1.464509184e-09
2819254573_9ecb5f4d5e.jpg,-7.135713891e-09
3095137758_bdd1e613dd.jpg,-4.955067696e-09
3462396164_ba9849c14b.jpg,3.869999607e-09
495014499_8fd065cfd9.jpg,1.374106957e-09
2422482455_b98d9c2120.jpg,3.728700321e-09
1240297429_c36ae0c58f.jpg,4.692237975e-09
820169182_f5e78d7d19.jpg,4.087438692e-09
2207244634_1db1a1890b.jpg,-9.064198251e-10
3463034205_e541313038.jpg,-3.319984632e-09
1117972841_2b9261f95f.jpg,-6.442398187e-11
2908512223_7e27631ed4.jpg,-2.022472511e-09
2097407245_c798e0dcaf.jpg,7.295680638e-09
3383491811_fd9d3a891d.jpg,5.948861477e-09
3549408779_4d453db080.jpg,-1.267789177e-09
3215117062_6e07a86352.jpg,5.950910241e-10
3173157541_70b16b4318.jpg,4.920578562e-09
3632047678_f202609e50.jpg,-2.457587181e-09
2964438493_413667c04a.jpg,-6.527058734e-10
2769731772_18c44c18e2.jpg,-4.747782864e-10
3351493005_6e5030f596.jpg,-4.854510786e-10
3727752439_907795603b.jpg,6.065368056e-09
247778426_fd59734130.jpg,8.042952021e-09
1357753846_6185e26040.jpg,-1.166002082e-09
3382105769_b1a4e4c60d.jpg,-8.483422279e-09
225909073_25c3c33a29.jpg,3.202458363e-09
3533145793_5d69f72e41.jpg,-4.005499201e-09
2978810122_183e60ff2d.jpg,3.877183293e-09
455856615_f6361d9253.jpg,3.424286839e-09
3286543624_7a327f79ae.jpg,-3.718498516e-10
2574084102_f2be3f73cb.jpg,-2.815626313e-09
3336065481_2c21e622c8.jpg,2.70038588e-09
3254662117_b2e7dede6e.jpg,2.512422138e-09
1397923690_d3bf1f799e.jpg,5.798133747e-10
3690107455_0fdb4ecee7.jpg,-5.302025457e-09
3334866049_f5933344aa.jpg,-2.983578752e-09
2319197581_94f807b204.jpg,-3.104903431e-09
2787276494_82703f570a.jpg,4.728241983e-09
2707244524_d57120d74a.jpg,-5.225390103e-09
3217910740_d1d61c08ab.jpg,1.470835055e-09
3537201804_ce07aff237.jpg,-6.041941782e-09
946051430_8db7e4ce09.jpg,1.248399176e-09
561179884_8b6b925ef9.jpg,-2.171041818e-09
2613993276_3c365cca12.jpg,-5.488331152e-09
300765528_8c8f709dda.jpg,2.30688206e-09
2244024374_54d7e88c2b.jpg,5.775641442e-09
2527713011_b0ec25aa54.jpg,-7.918008217e-11
3343197133_9256848fa9.jpg,7.100946258e-10
3668259129_e073af1533.jpg,5.576708607e-11
3510219078_670b6b3157.jpg,-1.683145457e-09
3303787342_b258b377b6.jpg,-6.590799548e-09
3219210794_4324df188b.jpg,-3.942630739e-09
3063544435_10516c6937.jpg,-5.289137387e-09
3100442775_6e2659b973.jpg,-1.561113697e-09
3118505332_b0792489b5.jpg,3.900693253e-10
3595412126_4020d4643b.jpg,1.601836689e-09
3457604528_302396c08c.jpg,-1.150101276e-08
3585488964_1467945775.jpg,-1.633458413e-09
2277299634_e14bdb7ff7.jpg,-1.074006899e-09
3259231890_16fe167b31.jpg,-1.112664756e-08
2826769554_85c90864c9.jpg,-6.262804668e-09
822836318_21544f0f78.jpg,6.119429217e-09
3396817186_b299ee0531.jpg,-5.276655613e-09
3553225222_f5ebe44af1.jpg,3.288081655e-09
2424976964_98f58a0618.jpg,-1.456630831e-09
2165461920_1a4144eb2b.jpg,-3.223157896e-09
2693539377_5442430f81.jpg,-2.460595696e-09
3400135828_0ac128b6eb.jpg,4.835502159e-12
2825483885_3f7c54db3e.jpg,-3.362273421e-09
2880051254_e0ca96b6be.jpg,-2.131194229e-09
3046431231_dc48851062.jpg,-3.933960923e-09
263850317_5bb3a18a08.jpg,-1.540879051e-09
3687996569_99163a41c3.jpg,-2.883534398e-09
2578161080_e007c9177a.jpg,-5.361787798e-09
224702242_a62aaa6dff.jpg,-3.060164739e-09
2884252132_5d8e776893.jpg,1.735615323e-10
3657016761_d553e514d9.jpg,5.982937118e-10
2872963574_52ab5182cb.jpg,9.407158844e-09
2975253472_0f0c2dea70.jpg,2.569199383e-09
3597146852_3d000a5d5f.jpg,1.115949474e-09
428485639_a82635d6ee.jpg,-2.358176733e-09
2210368267_0615754b48.jpg,-1.817686283e-09
543264612_c53cc163b4.jpg,-1.424288862e-09
3381392182_db2c42430e.jpg,1.503131337e-09
3673165148_67f217064f.jpg,-1.264996603e-08
2790909995_8b7a03d9d1.jpg,-8.753720292e-09
3599568766_9e96def0ef.jpg,2.916774679e-09
3478591390_b526580644.jpg,-2.597681171e-09
3222749441_3bdfe088e3.jpg,-3.820137795e-09
35506150_cbdb630f4f.jpg,8.233175003e-09
3287549827_04dec6fb6e.jpg,6.341047137e-10
3186556417_b2d6921a20.jpg,2.788498054e-09
3148193539_de9dd48fc8.jpg,6.975775765e-10
3494723363_eaa6bc563b.jpg,9.897263126e-09
348380010_33bb0599ef.jpg,-2.992318791e-09
3559993787_c49644dcc5.jpg,-2.418966508e-10
3299418821_21531b5b3c.jpg,-3.572680503e-09
494907021_321e82877a.jpg,1.067138458e-09
3362189985_fbae8f860a.jpg,-3.370124773e-09
1572286502_64e5c4b920.jpg,4.024600796e-09
2344412916_9a5a9b1c82.jpg,5.255283869e-10
3182558164_488b819f14.jpg,-5.324683364e-09
3558251719_3af5ae2d02.jpg,2.086648557e-09
3461110860_37ef15af8e.jpg,3.987336477e-09
425088533_a460dc4617.jpg,4.799949198e-10
2208310655_a3d83080c5.jpg,-2.859947152e-09
3019923691_3b3c5a4766.jpg,-5.598203186e-09
251792066_b5233b3d86.jpg,-2.912785249e-09
2443380641_7b38d18f5b.jpg,1.690193449e-09
210126070_0d43b300b9.jpg,-1.829874405e-09
2888386138_578d21033a.jpg,1.399662986e-09
2100816230_ff866fb352.jpg,1.808333914e-09
180506881_de0f59770f.jpg,8.09807749e-09
3244470342_c08f6bb17e.jpg,5.574227375e-09
1808370027_2088394eb4.jpg,-1.034854754e-08
2984174290_a915748d77.jpg,-5.810992997e-10
2565618804_8d7ed87389.jpg,4.320041185e-09
207275121_ee4dfa0bf2.jpg,-4.880023398e-09
3294202771_e8ee78a439.jpg,-5.416269291e-09
3515451715_ac5ac04efa.jpg,-1.248207721e-09
369186134_5eef374112.jpg,-4.55600528e-09
3136688093_568b053bdf.jpg,-2.680333026e-09
3259991972_fce3ab18b2.jpg,-1.182771632e-09
3273625566_2454f1556b.jpg,7.98660075e-10
2719101587_4ba70dee14.jpg,-4.141656194e-10
300222673_573fd4044b.jpg,-5.684422871e-10
3682038869_585075b5ff.jpg,1.091562499e-09
525887861_4cc7a1beca.jpg,-1.04041439e-08
3123770450_cedc16d162.jpg,4.804478498e-11
2899594400_61b4f6c114.jpg,-1.523036203e-09
2192475933_d779bf42eb.jpg,-1.943421261e-09
319870744_0e0138d205.jpg,-5.349396995e-10
930748509_8ca5cf5c24.jpg,-5.742753406e-09
3618115051_41b5a7706c.jpg,3.759832828e-09
267836606_bbea2267c8.jpg,1.206738312e-09
2954525375_9d5ca97341.jpg,-1.130097618e-09
3241726740_6d256d61ec.jpg,3.308498228e-09
3360823754_90967276ec.jpg,-8.141353038e-09
3074617663_2f2634081d.jpg,5.998190496e-09
470887791_86d5a08a38.jpg,-2.81149851e-09
3261493263_381a4c5cc7.jpg,8.117023537e-11
534200447_b0f3ff02be.jpg,2.360091944e-09
488352274_9a22064cb3.jpg,-3.998030555e-09
3677734351_63d60844cb.jpg,-2.972046821e-09
2528489543_546c1ca81f.jpg,-6.326226939e-09
3179336562_c3d0c0a3bd.jpg,5.055279458e-09
3152317129_177b4678b7.jpg,2.331698321e-10
2273799395_5072a5736d.jpg,-5.4976162e-09
3260768565_2b725be090.jpg,8.551856764e-09
2558911884_856dfc3951.jpg,-6.606240371e-10
3166366760_e43cf66eda.jpg,-6.034522236e-09
519754987_51861fea85.jpg,1.502593793e-11
2340919359_f56787d307.jpg,1.045022972e-09
3176277818_235486a3cd.jpg,-2.935780989e-09
2467856402_0490413d38.jpg,-1.02723925e-08
281754914_bc8119a0ed.jpg,5.234269525e-09
3303797949_339bb969ba.jpg,8.279652888e-09
3593220756_5c416c3ceb.jpg,-3.425152681e-09
3304030264_da3dd18c7b.jpg,4.558293311e-09
247619370_a01fb21dd3.jpg,8.973576836e-09
3401902253_cd27e6d0fe.jpg,7.852167505e-09
3050114829_18bc5a6d7c.jpg,-1.945047283e-08
1129704496_4a61441f2c.jpg,1.877879079e-09
2266144051_614b2d62b0.jpg,1.053497525e-08
3712574653_e009f76d19.jpg,-3.24009451e-10
502783522_3656f27014.jpg,1.72409526e-09
2218907190_5f43bf5e4d.jpg,-1.104446477e-09
3014169370_fc4059352e.jpg,1.627288822e-09
2679851489_a58780291e.jpg,-4.322165591e-09
2768021570_46bc6325e3.jpg,3.557459574e-09
3064097919_e536ab9693.jpg,-4.778546825e-10
1299459562_ed0e064aee.jpg,1.885655746e-09
2593406865_ab98490c1f.jpg,3.572329293e-09
2141065212_463a6997e1.jpg,6.140020739e-09
3453019315_cfd5c10dae.jpg,7.331362133e-09
3462512074_2b4db1ffd6.jpg,7.11473527e-10
3556792157_d09d42bef7.jpg,2.980192292e-09
2643309379_2cde08516c.jpg,-5.726645149e-09
2696866120_254a0345bc.jpg,-3.280180691e-09
2706430695_3b5667741c.jpg,4.844897815e-09
3474406285_01f3d24b71.jpg,-1.456907232e-09
2695085448_a11833df95.jpg,-2.941550443e-09
2562463210_d0dfd545ca.jpg,2.836669001e-09
3574244361_715ac347cd.jpg,3.795853012e-09
485741580_ab523fa657.jpg,1.201416732e-09
2480327661_fb69829f57.jpg,2.509119092e-09
2300168895_a9b83e16fc.jpg,-3.07362831e-09
3050264832_4215f2b398.jpg,-1.379954227e-09
458004873_f084c47a88.jpg,2.265415429e-09
191003285_edd8d0cf58.jpg,2.389511972e-10
2288099178_41091aa00c.jpg,2.933480158e-09
3274375509_4fe91a94c0.jpg,-1.295495816e-10
3319586526_3994e9cd58.jpg,1.72988484e-09
2393196444_8f4f540f5f.jpg,1.060531079e-09
2838085973_42b6e9b5b1.jpg,6.671710794e-09
2704362232_7d84503433.jpg,-2.298633285e-09
2045562030_654ddea5e5.jpg,3.262511344e-09
1332492622_8c66992b62.jpg,1.091870956e-09
2367318629_b60cf4c4b3.jpg,1.702849868e-08
2729147877_c3ec3445bf.jpg,-6.049644637e-09
481732592_b50194cb89.jpg,4.190354197e-09
2772532341_c4597a94ed.jpg,1.304017164e-09
3017656907_c3b137e070.jpg,-3.054224287e-09
3486538055_bcf4d3dfda.jpg,3.325143632e-09
2234910971_80e0325918.jpg,-3.686849143e-09
2991993027_36ac04e9a0.jpg,-1.95277665e-09
2832453252_a06f7826a8.jpg,7.013504279e-10
2527163162_d0fb802992.jpg,5.531077213e-09
2992658871_ac786d37a6.jpg,4.924774718e-10
1248357227_2b4175fc39.jpg,-1.081156641e-09
2055646179_169807fed4.jpg,1.597574033e-09
3482859574_3908de3427.jpg,8.624841929e-10
2848571082_26454cb981.jpg,3.011359405e-09
3428386573_670f5362f0.jpg,-4.66165775e-09
2873431806_86a56cdae8.jpg,3.837394426e-09
2249865945_f432c8e5da.jpg,4.424793191e-09
514905846_b54d13946a.jpg,-8.167893987e-09
469259974_bb03c15c42.jpg,-7.212601293e-10
2900048238_74bd69d87d.jpg,5.821340348e-09
543603259_ef26d9c72d.jpg,-4.605352644e-09
2239938351_43c73c887c.jpg,5.462069131e-09
535309053_ec737abde8.jpg,3.844779619e-09
2034553054_b00c166895.jpg,1.214101992e-09
3406930103_4db7b4dde0.jpg,2.304848702e-09
2096771662_984441d20d.jpg,-4.422072348e-09
2594459477_8ca0121a9a.jpg,-1.110387025e-09
3117336911_a729f42869.jpg,-1.55518468e-10
3351418768_596ef7fd6f.jpg,3.793996951e-09
3619806638_7480883039.jpg,4.230691133e-09
2603690144_7a28b1d13c.jpg,-3.272593297e-10
3497502407_ec566442c9.jpg,4.381937613e-11
2159447283_fab8c272b0.jpg,-2.640032044e-09
3235746553_a40416c00e.jpg,-2.626594087e-09
2188192752_09d9fc5431.jpg,2.420389472e-09
3491013009_572cf2c18a.jpg,-4.317442344e-09
3411393875_a9ff73c67a.jpg,3.118501698e-09
3656906086_7034f69ab6.jpg,3.408900872e-09
2720215226_5a98ff2bd3.jpg,2.960726429e-09
2343879696_59a82f496f.jpg,-1.834853265e-09
3283626303_8e23d4a842.jpg,1.95626628e-09
3171188674_717eee0183.jpg,2.213837978e-09
3444974984_963fb441a0.jpg,6.371913608e-09
3354414391_a3908bd4ff.jpg,-1.009655677e-09
3609026563_9c66f2dc41.jpg,7.416553668e-10
3397220683_4aca010f86.jpg,4.950041177e-09
2684323357_c7a6d05d05.jpg,4.945561246e-09
3139837262_fe5ee7ccd9.jpg,-6.470956562e-09
3522349685_f046f0e250.jpg,7.148222337e-09
3326204251_2f9e446a2f.jpg,-6.227608374e-11
2846037553_1a1de50709.jpg,5.201086201e-09
3366571152_20afb88ac1.jpg,1.234825409e-09
3726076549_0efb38854b.jpg,-8.215171179e-09
2201222219_8d656b0633.jpg,-5.242798747e-09
224273695_0b517bd0eb.jpg,2.595880063e-09
1679617928_a73c1769be.jpg,3.076540102e-09
3259579174_30a8a27058.jpg,-1.758326883e-09
3273489163_8209545810.jpg,-6.788251166e-09
2456030728_d3d147e774.jpg,6.66494171e-09
3622216490_1314a58b66.jpg,1.282635513e-09
3002920707_5d2e6e6aac.jpg,-1.056557752e-09
444057017_f1e0fcaef7.jpg,4.557634506e-09
3490528249_6aae9b867b.jpg,-2.697335357e-09
1472249944_d887c3aeda.jpg,-3.586830511e-09
2714220101_c31db50b10.jpg,4.393293963e-09
3046190891_05c6ecd9b6.jpg,3.480569267e-09
2604825598_593a825b5b.jpg,-3.721924327e-09
3098707588_5096d20397.jpg,5.276436546e-09
307321761_606fc91673.jpg,-7.136484887e-09
757332692_6866ae545c.jpg,1.521090074e-09
3609952704_3719ab0524.jpg,3.159904715e-09
2362481035_a7600875d0.jpg,-2.17081599e-09
2968885599_0672a5f016.jpg,-4.565174862e-09
3174431688_ae84778db0.jpg,4.231697514e-09
1178705300_c224d9a4f1.jpg,-5.995481322e-09
2949014128_0d96196261.jpg,1.920427587e-09
3139238055_2817a0c7d8.jpg,-5.947673399e-09
3504881781_6a842e043b.jpg,-1.838978341e-09
478209058_21e2c37c73.jpg,-2.402943304e-09
2600442766_e750ec9a56.jpg,1.863147179e-09
3415003392_139c0f3586.jpg,6.954875123e-09
2285570521_05015cbf4b.jpg,-3.162898232e-10
652542470_60e858da64.jpg,7.474853371e-11
161905204_247c6ca6de.jpg,1.140925966e-09
3080056515_3013830309.jpg,4.870516642e-09
345785626_9fa59f38ce.jpg,4.191225584e-09
1765164972_92dac06fa9.jpg,-2.023358175e-09
3469711377_bc29d48737.jpg,7.070617788e-09
1659396176_ced00a549f.jpg,7.261246936e-09
2461372011_ebbf513766.jpg,2.903420263e-09
630476551_2ee7399f77.jpg,1.801024573e-09
200771289_31902164a7.jpg,-6.867435202e-09
2312984882_bec7849e09.jpg,1.888689607e-09
3653837067_94050699ec.jpg,-2.457292698e-09
1932161768_996eadac87.jpg,-3.199282833e-09
1096165011_cc5eb16aa6.jpg,6.596659145e-09
118309463_a532b75be9.jpg,5.525625625e-10
3366105287_49a4bf71c6.jpg,1.839738639e-09
2346523971_d3f1e12ce4.jpg,1.937964595e-09
539761097_5c6c70425b.jpg,-1.864188647e-09
2268109835_d6edbe1c2b.jpg,-1.103018604e-09
3053743109_a2d780c0d2.jpg,2.875477799e-09
3055716848_b253324afc.jpg,-2.128085286e-09
3587092143_c63030ed6d.jpg,-2.863037509e-09
3579842996_3a62ec1bc7.jpg,4.263650916e-09
327997381_55f90dc834.jpg,3.499651568e-10
214501174_6db1f4d69c.jpg,3.103499046e-09
3562050678_4196a7fff3.jpg,5.305523972e-09
2281054343_95d6d3b882.jpg,3.303477386e-09
3046949818_245b05f507.jpg,1.900424979e-09
923550133_ac9d7a2932.jpg,7.36125585e-11
2508918369_2659db1cb6.jpg,-2.249672283e-10
3687996279_05b5a2a706.jpg,3.268442241e-09
391020801_aaaae1e42b.jpg,1.288107719e-09
1262077938_8b9516c273.jpg,3.327444269e-09
3439382048_d2e23b2b4c.jpg,8.286982281e-10
470903027_489cc507de.jpg,1.076681171e-08
3569284680_44fef444ef.jpg,8.598553095e-10
440190907_bf8b7ba8ef.jpg,2.491921028e-09
482830610_13a0a6c924.jpg,1.626536063e-09
428408242_b32faf2240.jpg,-4.030575443e-09
3071676551_a65741e372.jpg,2.22066005e-09
458183774_afe65abf67.jpg,2.763086913e-09
3351704877_28dea303aa.jpg,-2.930242757e-10
3069037969_bb7319e0dc.jpg,-2.860157194e-09
2385871317_44cde2f354.jpg,2.082613047e-09
3604383863_5e387cb8e6.jpg,-6.309676165e-09
234241682_51d9fabb27.jpg,6.251329837e-09
2502354602_f4d6dcf42d.jpg,6.641428206e-09
36422830_55c844bc2d.jpg,8.803127516e-10
3065560742_f6e266ccd9.jpg,-1.533253226e-09
2842865689_e37256d9ce.jpg,-6.570370391e-10
872512911_ca383b40e4.jpg,-7.351891566e-09
2252403744_148fc11f68.jpg,4.29516705e-09
2073964624_52da3a0fc4.jpg,-4.794581405e-09
3151860914_46e30cd5ea.jpg,3.179237478e-09
3124838157_7ef96745b7.jpg,-5.288131111e-09
3371567529_606fa3452b.jpg,-4.743911906e-09
3119076670_64b5340530.jpg,-5.390392299e-09
3674565156_14d3b41450.jpg,4.199533558e-09
2205336881_d9ee4179d3.jpg,2.449953222e-09
1355945307_f9e01a9a05.jpg,-1.165277413e-10
269986132_91b71e8aaa.jpg,-5.278150934e-09
3490867290_13bcd3a7f0.jpg,5.82220756e-09
2556392380_ee57514233.jpg,-6.284906646e-11
2335619125_2e2034f2c3.jpg,-3.539022232e-09
12830823_87d2654e31.jpg,2.804237138e-09
226531363_33ac01d931.jpg,-1.637017224e-09
2320125735_27fe729948.jpg,-2.595469812e-09
2267819545_446c5a3e18.jpg,-6.260096594e-09
294098577_c10f32bcfa.jpg,5.432756688e-09
510531976_90bbee22a2.jpg,1.177148872e-09
528498076_43f0ef36b5.jpg,3.440882817e-11
2301525531_edde12d673.jpg,1.043212683e-09
1174629344_a2e1a2bdbf.jpg,8.845400842e-09
929679367_ff8c7df2ee.jpg,8.3259535e-09
300550441_f44ec3701a.jpg,1.189368122e-09
3295391572_cbfde03a10.jpg,-2.758554674e-09
3042679440_010b2c596c.jpg,-2.517105296e-09
2496399593_a24954a5ca.jpg,-2.157542587e-09
2554531876_5d7f193992.jpg,-3.810486785e-09
2626158969_ac09aeb88d.jpg,-1.620595342e-09
1468103286_96a6e07029.jpg,-6.574699181e-11
3053415073_5b667230ed.jpg,2.093087928e-09
2994104606_bc2df6c1f4.jpg,-1.740506458e-09
2120571547_05cd56de85.jpg,3.573518389e-09
2139519215_8ca16dd192.jpg,-3.492912209e-09
2679565682_91ecd283ff.jpg,8.348536857e-09
2873445888_8764699246.jpg,-5.126224424e-09
2882483779_73c171ac19.jpg,1.705011711e-09
3539767254_c598b8e6c7.jpg,-3.877645267e-09
3089107423_81a24eaf18.jpg,1.922459201e-09
111537217_082a4ba060.jpg,4.726179919e-09
2699125097_c6801d80ed.jpg,-2.763475765e-09
3175446111_681a89f873.jpg,1.366391555e-09
3574627719_790325430e.jpg,-3.927271086e-09
3163198309_bbfe504f0a.jpg,2.379575221e-09
2419797375_553f867472.jpg,5.795092314e-09
510791586_3913ade6a7.jpg,-5.185032494e-09
360723732_23199af4bf.jpg,6.40948568e-09
3137061312_eb5fdcf3fd.jpg,-2.949196127e-09
2648165716_02e2e74fd6.jpg,3.476868918e-09
3549614763_42f34f3d1e.jpg,8.698000231e-09
3564385317_1bf5094068.jpg,3.64353641e-10
3598447435_f66cd10bd6.jpg,-1.616603203e-09
2216568822_84c295c3b0.jpg,-4.798437162e-09
3400082864_9c737c1450.jpg,-3.999556211e-10
2584412512_6767593f24.jpg,-6.544405628e-09
3224227640_31865b3651.jpg,5.225341896e-09
443430496_3fea95a07d.jpg,2.764603062e-09
438639005_208bc59b0b.jpg,3.112703604e-10
330325191_63e11d9c93.jpg,3.923015853e-09
106514190_bae200f463.jpg,-3.48186442e-09
3396275223_ee080df8b5.jpg,3.046885588e-09
3211316116_a2462e327d.jpg,2.137801423e-09
2215165918_2bf5b659dd.jpg,3.818339755e-10
141755292_7a0b3364cf.jpg,5.46154476e-09
3218861747_5c5c547b66.jpg,-3.002905885e-10
3041487045_b48ac7ed08.jpg,1.892958543e-10
2991375936_bf4b0a7dc0.jpg,1.289097309e-10
3241892328_4ebf8b21ce.jpg,1.07858471e-10
3183777589_460a4f445b.jpg,7.78142517e-10
3047749814_621ed0786b.jpg,-9.85919929e-10
3002448718_a478c64fb4.jpg,-3.140280377e-09
3673878924_506c9d767b.jpg,-1.113880049e-09
3473534758_1ae3847781.jpg,2.950713729e-09
2514612680_b0d2d77099.jpg,1.231214885e-08
1691573772_1adef8e40e.jpg,-7.786835866e-09
3225310099_d8e419ba56.jpg,-1.001476452e-08
3275065565_9e2a640fbc.jpg,-6.202451698e-09
418667611_b9995000f4.jpg,4.478709184e-09
3459871361_92d1ecda36.jpg,4.861924341e-09
3069282021_e05e1829f3.jpg,5.845203237e-09
3678100844_e3a9802471.jpg,-1.538062088e-09
1470536919_1f3fd6c65a.jpg,2.443610419e-09
3335375223_b4da8df523.jpg,-4.817987761e-09
3316725440_9ccd9b5417.jpg,6.09880558e-09
2226440063_c085b30558.jpg,-9.478890139e-10
1093716555_801aacef79.jpg,-1.890162154e-09
3464871350_3f2d624a9c.jpg,-1.217246048e-09
634891010_9fa189effb.jpg,5.788051976e-09
2079554580_f18d5c181b.jpg,3.300496979e-10
2868776402_aef437e493.jpg,6.847730639e-09
1600208439_e94527b80f.jpg,-8.57168547e-10
133189853_811de6ab2a.jpg,-9.207033955e-10
2474918824_88660c7757.jpg,-1.46267699e-09
2797438951_88a3ed7541.jpg,-6.224248162e-09
3613705104_46d854134e.jpg,4.081253904e-10
2980118787_2099de53ec.jpg,3.000573197e-09
3319020762_d429d56a69.jpg,3.700463992e-09
3540416981_4e74f08cbb.jpg,4.870662523e-09
3429465163_fb8ac7ce7f.jpg,-6.230927985e-09
2565237642_bdd46d7cef.jpg,5.725488746e-09
3365783912_e12c3510d8.jpg,-1.573180059e-09
1042590306_95dea0916c.jpg,-1.258837713e-09
2925577165_b83d31a7f6.jpg,2.800112805e-09
3230132205_dccfafa5ee.jpg,2.318098987e-09
462198798_89e2df0358.jpg,-2.985893439e-09
2570559405_dc93007f76.jpg,-1.024370376e-09
2847514745_9a35493023.jpg,8.557844987e-09
3601843201_4809e66909.jpg,1.037865372e-08
1457762320_7fe121b285.jpg,5.028326685e-09
1095980313_3c94799968.jpg,4.516408588e-09
300500054_56653bf217.jpg,-5.974323365e-09
2240539658_dea8db6e55.jpg,2.473426531e-09
3266399073_40820596d5.jpg,4.538823299e-09
3374223949_90776ba934.jpg,-4.190488962e-10
3197917064_e679a44b8e.jpg,4.526498095e-09
3426966595_c8c4e1e872.jpg,-2.534812577e-09
3346289227_198fced308.jpg,-1.412752696e-09
3094064787_aed1666fc9.jpg,2.244814178e-09
211981411_e88b8043c2.jpg,1.520638447e-10
3279988814_d3693dcb6c.jpg,-5.526653238e-10
3084011664_76d37c6559.jpg,4.984252813e-09
2561751298_320eef38ec.jpg,-3.04466029e-09
3595992258_6f192e6ae7.jpg,2.089032571e-09
3044500219_778f9f2b71.jpg,-3.167484902e-09
1557451043_f5c91ff6f4.jpg,8.995090215e-10
465994762_1760e83c5d.jpg,-4.915765369e-09
1207159468_425b902bfb.jpg,1.019276342e-08
3376898612_41c91de476.jpg,-1.428843359e-08
2662890367_382eaf83bd.jpg,-9.155550537e-09
3409740108_1505489537.jpg,1.223540066e-09
1355935187_2c99648138.jpg,-7.590617731e-10
140377584_12bdbdf2f8.jpg,-9.195739552e-09
3043904009_3b5e0412cd.jpg,-5.673894761e-09
1865794069_6e3a1e57bb.jpg,1.82812232e-09
2314732154_83bc7f7314.jpg,-6.888364598e-09
2934359101_cdf57442dc.jpg,-1.393029e-09
2744321686_8811d8428c.jpg,-9.798251941e-10
2195620255_6693479734.jpg,-1.876688565e-09
3411022255_210eefc375.jpg,3.660083647e-09
2783620390_02c166c733.jpg,5.363145275e-09
3431860810_44277cd360.jpg,-3.904813481e-09
2726262796_03bd63a155.jpg,-1.333684839e-09
2120411340_104eb610b1.jpg,1.638593495e-09
523327429_af093fc7cf.jpg,-1.342821567e-09
872135364_8c1e47d163.jpg,-5.777311074e-10
1980882959_9a161f3469.jpg,-5.328022839e-09
444803340_fdcaab86f9.jpg,5.373250101e-09
3294717824_3bb7b5d1c8.jpg,-4.827566285e-09
1464120327_d90279ca3a.jpg,3.005349604e-09
1167669558_87a8a467d6.jpg,-3.520851462e-09
3096918227_f9d26a7db2.jpg,-2.286842946e-09
2949497756_be8e58e6bd.jpg,-6.925372996e-09
3608849440_e7d2bed29f.jpg,1.283563911e-10
2199793371_343809ff70.jpg,4.587383309e-09
2951750234_a4741f708b.jpg,1.745526451e-09
2884420269_225d27f242.jpg,2.619446554e-10
3447876218_4ccf42d7a0.jpg,-1.154459721e-08
3590557969_d0270d518b.jpg,1.251806299e-09
3373870185_f79163fa51.jpg,-7.637062579e-09
494221578_027f51cdf4.jpg,6.272414139e-09
2671602981_4edde92658.jpg,1.201071656e-09
3293751136_b0ce285dc3.jpg,7.265056804e-10
3364715316_df8c20bac1.jpg,1.435304479e-09
3405942945_f4af2934a6.jpg,-2.50227847e-09
1991806812_065f747689.jpg,-3.664895382e-09
2926233397_71e617f3a3.jpg,2.352209518e-09
3084731832_8e518e320d.jpg,6.530805618e-09
2502079538_10ef2e976b.jpg,-5.796309019e-09
3111402233_6285bcba7a.jpg,-3.200649815e-09
3132903412_b4780d0ccf.jpg,-7.644251044e-09
241345323_f53eb5eec4.jpg,-3.408989361e-09
3277824093_299cbb3138.jpg,-2.355557882e-09
3540155303_08225a4567.jpg,2.948301006e-09
823697339_aadbeef495.jpg,2.994580022e-09
58357057_dea882479e.jpg,-2.350076901e-09
3335692531_dd4a995f91.jpg,-1.183992275e-09
3253060519_55d98c208f.jpg,-3.011280511e-09
3339747039_1a8455c210.jpg,3.411277525e-09
3534952095_975cca0056.jpg,-5.209831612e-09
2987121689_f9de6c479b.jpg,1.377754898e-09
2860040276_eac0aca4fc.jpg,6.642800891e-10
3326454455_960e5442e9.jpg,-2.985630619e-09
3109268897_d43797fc6a.jpg,-3.77064624e-09
2752809449_632cd991b3.jpg,-3.840195805e-09
2398605966_1d0c9e6a20.jpg,2.76102074e-09
3491607076_922ec561d9.jpg,-4.688283642e-09
3398276602_c7d106c34f.jpg,6.289179148e-10
656260720_a7db4ce48b.jpg,-5.419624828e-09
316577571_27a0e0253e.jpg,-9.515777761e-10
2709536455_2a6046e38a.jpg,4.886152385e-09
3437107047_715c60e9c8.jpg,-5.228983679e-09
3146232740_df3da0163b.jpg,-1.998429832e-09
3690189273_927d42ff43.jpg,-8.68524164e-09
143680966_0010ff8c60.jpg,3.368605806e-09
2085726719_a57a75dbe5.jpg,1.686889629e-09
3415165462_e1cb536d08.jpg,-4.798050228e-11
1277185009_06478dd457.jpg,1.887818469e-09
136644343_0e2b423829.jpg,-9.95355477e-10
1835511273_790eaae6e6.jpg,-1.245906044e-09
2688102742_885e578a3f.jpg,-4.553619858e-09
765929807_de381cc764.jpg,-3.512879538e-09
3197891333_b1b0fd1702.jpg,3.737965198e-09
393284934_d38e1cd6fe.jpg,3.223918079e-09
3442242092_e579538d82.jpg,2.836957501e-10
3640743904_d14eea0a0b.jpg,-1.256089717e-09
717673249_ac998cfbe6.jpg,4.798618444e-09
1466479163_439db855af.jpg,4.109552646e-10
3626964430_cb5c7e5acc.jpg,-2.063530746e-09
3244586044_205d5ae2ba.jpg,5.571248737e-09
3662406028_29b9e46a6f.jpg,-7.491149083e-09
3421928157_69a325366f.jpg,1.658227248e-10
2662262499_3cdf49cedd.jpg,-5.6138e-09
3264350290_f50494e835.jpg,-1.73804707e-09
3257182199_5fda78d870.jpg,-4.803203466e-10
613900608_2e49415772.jpg,-2.007414188e-10
3191027142_33e86636ca.jpg,3.270818657e-09
3736786640_70df13be2c.jpg,-4.830415876e-09
3354075558_3b67eaa502.jpg,4.421099879e-09
3613800013_5a54968ab0.jpg,-2.291627854e-09
3724487641_d2096f10e5.jpg,-1.004978381e-10
3326588088_172d1b2584.jpg,-7.991049141e-10
3169591322_d0b6d0cd04.jpg,3.006379357e-09
2355578735_286af5b202.jpg,-2.035234946e-09
3635991166_f95304af0a.jpg,9.14359646e-10
247617754_4b1137de8c.jpg,1.836982994e-09
2480668859_6f9b46be6a.jpg,-1.550222555e-09
378170167_9b5119d918.jpg,-3.114144819e-09
2780105274_52360c4cca.jpg,2.834402413e-09
3308997740_91765ecdcc.jpg,2.130449105e-09
3650188378_cc8aea89f0.jpg,1.282487091e-08
2976350388_3984e3193d.jpg,-2.624661883e-09
3086523890_fd9394af8b.jpg,-3.476767757e-09
3040575300_0e4328d205.jpg,-5.144295687e-09
3217056901_fe2c70377d.jpg,2.531922336e-09
143552829_72b6ba49d4.jpg,-1.17280558e-09
3029472296_d429b1586c.jpg,1.273570829e-09
1490670858_e122df2560.jpg,2.752189704e-09
3118534315_cc03e5ddab.jpg,2.996195451e-09
2657484970_610e18144f.jpg,1.577261374e-09
3620492762_7f6a9b4746.jpg,4.487161971e-09
2887744223_029f2fd5fe.jpg,-3.162651622e-09
3315726723_64c9b0a945.jpg,3.773703567e-09
2112921744_92bf706805.jpg,-9.59879545e-10
42637987_866635edf6.jpg,-1.137426198e-10
927420680_6cba7c040a.jpg,-7.620864077e-09
3580741947_cc64a83648.jpg,4.220993877e-09
3549673305_4dfd44e04a.jpg,-5.151164099e-09
3633396324_c4b24b1f51.jpg,-1.699581666e-09
222369445_5b6af347dd.jpg,-1.820439366e-09
1476002408_4256b7b2fa.jpg,6.109959377e-09
2469351714_d72becd21e.jpg,-3.151449077e-09
3248352729_ab264b2222.jpg,7.330078436e-10
2004674713_2883e63c67.jpg,6.510431477e-09
3603301825_5817727be2.jpg,-2.848513251e-09
2074146683_7c83167aa1.jpg,-7.334913615e-09
218342358_1755a9cce1.jpg,-3.779179223e-09
2973638173_0dc21fd443.jpg,-3.317896037e-09
124195430_d14028660f.jpg,9.514271227e-10
3471066276_fb1e82e905.jpg,-1.144596953e-09
241346885_f519ece460.jpg,-1.626158734e-09
1439282131_3814d6ae04.jpg,3.023866743e-09
3174417550_d2e6100278.jpg,3.106988188e-09
55135290_9bed5c4ca3.jpg,-5.575825923e-09
244867897_d00369a779.jpg,-8.125799605e-10
2284239186_c827f4defa.jpg,-2.281776995e-09
3661072592_2e693cd5a0.jpg,1.566947385e-09
421322723_3470543368.jpg,-2.673110035e-09
3695064885_a6922f06b2.jpg,-7.407971377e-09
2181846120_3744ca3942.jpg,-3.930184994e-10
2591455200_2319651f2f.jpg,-5.911238876e-09
3525841965_7814484515.jpg,-3.256436531e-09
3621329299_6fb3f2935c.jpg,-4.143630462e-09
1480712062_32a61ad4b7.jpg,1.037129851e-09
2310108346_e82d209ccd.jpg,-2.102152828e-09
1359101233_16c2c150e3.jpg,2.467426064e-09
3327563443_870a33f748.jpg,4.213806224e-10
180094434_b0f244832d.jpg,-2.403763501e-09
2448793019_5881c025f9.jpg,-2.65262553e-09
2862676319_a9dab1309f.jpg,3.295198507e-09
3159995270_17334ccb5b.jpg,1.152723049e-09
3625957413_e475943aa3.jpg,-6.483293291e-09
3626475209_f71cdd06bd.jpg,-3.038381108e-10
3262647146_a53770a21d.jpg,1.641076368e-10
3649387275_75295baa28.jpg,1.187715389e-10
3305895920_100a67d148.jpg,-4.294963591e-09
2855695119_4342aae0a3.jpg,-3.369354519e-09
3566111626_9a35a7b2c0.jpg,2.299629563e-09
464116251_1ac4bc91f8.jpg,1.249341875e-09
3702436188_2c26192fd0.jpg,-5.596497232e-09
2689358407_9932f1b20c.jpg,2.814682637e-09
1454678644_7e5a371301.jpg,1.120679838e-09
310715139_7f05468042.jpg,-5.721716903e-09
2921198890_6f70dfbf4c.jpg,-4.193182484e-09
578274277_652cae32ba.jpg,4.88405749e-09
484896012_7787d04f41.jpg,6.850365334e-09
3262849619_0bc4f88ef9.jpg,1.112558522e-09
2848266893_9693c66275.jpg,1.995278704e-09
207237775_fa0a15c6fe.jpg,9.729694693e-10
3016606751_0e8be20abd.jpg,3.175328486e-09
3588417747_b152a51c52.jpg,1.055984778e-09
3528902357_be2357a906.jpg,6.316003941e-10
539705321_99406e5820.jpg,7.622264032e-10
3066338314_2c3fb731d1.jpg,2.85172434e-09
2348924378_47e556d81a.jpg,-4.601434877e-09
179009558_69be522c63.jpg,6.522207869e-09
2695085862_2ed62df354.jpg,1.419806255e-10
3516267455_ca17cc1323.jpg,-1.182245182e-09
1215334959_b1970965f7.jpg,-3.350623531e-09
3092200805_dd1f83ddbe.jpg,1.123934714e-08
541063517_35044c554a.jpg,-9.345544094e-10
3604314527_5077cd9d43.jpg,-1.409673169e-10
96978713_775d66a18d.jpg,2.863781101e-09
3255732353_fbc487aefc.jpg,9.794100077e-09
201682811_105241dee3.jpg,3.512002329e-10
2245618207_fa486ba2b7.jpg,-6.504685547e-10
860928274_744d14f198.jpg,3.034060333e-09
3085357792_efcf297c71.jpg,1.670152762e-09
3297272270_285b8878b2.jpg,1.316702269e-09
3050650135_23f9d9d2f8.jpg,-4.514853344e-11
2429272699_8a9699775e.jpg,-2.919896196e-09
2765029348_667111fc30.jpg,2.026801415e-09
3358380484_b99b48f0c9.jpg,6.322670548e-09
3106883334_419f3fb16f.jpg,-2.812315486e-09
160541986_d5be2ab4c1.jpg,-1.983122807e-09
572618443_647483ca82.jpg,9.093956174e-11
3563668905_689ed479c5.jpg,1.338229984e-09
386656845_4e77c3e3da.jpg,-3.288710163e-09
3433259846_800a6079f0.jpg,1.78034204e-09
3506607642_40037b3fbf.jpg,1.518132402e-09
3509575615_653cbf01fc.jpg,-3.54652975e-09
615916000_5044047d71.jpg,-5.346514264e-10
382701159_f98c1988cd.jpg,-9.7323636e-09
957682378_46c3b07bcd.jpg,2.589229582e-09
3047264032_14393ecea8.jpg,-4.635794398e-09
3474958471_9106beb07f.jpg,-2.484848893e-09
3241487502_f4f0cc4a8a.jpg,7.972406957e-09
3535084928_858544f49a.jpg,2.575859692e-09
3541141771_67d305c873.jpg,-6.896121078e-09
3465791729_5bf9bd8635.jpg,-7.03001156e-09
2040941056_7f5fd50794.jpg,-4.127253626e-09
3229282764_a4a515f4e2.jpg,-1.920193048e-10
347186933_880caaf53b.jpg,3.608635459e-09
3552796830_2dd2aa9c2c.jpg,-3.610149938e-09
398662202_97e5819b79.jpg,4.088155391e-09
396360611_941e5849a3.jpg,4.880701473e-09
3652572138_34d6b72999.jpg,1.583081077e-09
3150440350_b0f2a9e774.jpg,-5.130533832e-09
3646927481_5e0af1efab.jpg,3.129883741e-09
2813992915_f732cf8539.jpg,3.608551585e-09
241031670_e60f59b8e4.jpg,3.745086369e-09
179829865_095b040377.jpg,-1.597549582e-09
393810324_1c33760a95.jpg,1.478112582e-10
3547600292_6f8aac7f2e.jpg,-3.055618428e-09
2512876666_9da03f9589.jpg,4.988335773e-09
3121482932_f77ca12c01.jpg,-3.440046245e-09
390671130_09fdccd52f.jpg,5.93781031e-10
3524436870_7670df68e8.jpg,3.161594429e-09
2893515010_4a3d9dcc67.jpg,-1.411255842e-09
2289212650_69de7a20b2.jpg,2.687692296e-09
2394267183_735d2dc868.jpg,1.867581236e-09
3578068665_87bdacef6a.jpg,4.264555313e-09
2460823604_7f6f786b1c.jpg,-2.28886881e-09
2844846111_8c1cbfc75d.jpg,-3.797615774e-09
217583047_5e93e1e119.jpg,-3.678895493e-09
2195419145_36722e8d54.jpg,-1.386266082e-10
2074764331_90a9962b52.jpg,3.205787602e-10
3019917636_4e0bb0acc4.jpg,-2.047765844e-09
2561212119_1af8cb9b5d.jpg,-9.000468905e-09
3333039854_461329aac2.jpg,5.455241852e-09
2895700779_fac1d9d278.jpg,-3.452773192e-09
3218889785_86cb64014f.jpg,4.089676843e-09
2521062020_f8b983e4b2.jpg,-1.594482499e-09
2043520315_4a2c782c90.jpg,-6.549061081e-09
3220126881_b0a4f7cccb.jpg,-8.309437013e-09
2942798367_022df04b49.jpg,-5.493723984e-11
3718305988_fe2c91fd44.jpg,-3.285796853e-10
365274901_576b0f8241.jpg,-3.650830895e-09
3204686006_88f04547b9.jpg,8.038066955e-09
917574521_74fab68514.jpg,-4.414167603e-09
2557922709_24d2a9655a.jpg,3.92543129e-09
3507670136_2e5f94accf.jpg,-5.655281025e-09
1718184338_5968d88edb.jpg,-2.07581328e-09
2510020918_b2ca0fb2aa.jpg,-3.79522879e-09
3195188609_01afbe46e6.jpg,-1.683277872e-09
498957941_f0eda42787.jpg,1.527135049e-09
3433982387_3fa993cf5a.jpg,2.226221576e-09
496971341_22782195f0.jpg,-1.956738823e-09
3188319076_71724fcc07.jpg,4.041354597e-09
3500139659_b2a60b0141.jpg,2.863193388e-09
3683592946_262e9bfbfd.jpg,-1.148550521e-09
405253184_5f611f3880.jpg,-2.0809762e-09
3303648823_53cf750acd.jpg,-9.807547515e-09
241347635_e691395c2f.jpg,-1.542702827e-09
3143991972_7193381aeb.jpg,-3.855399421e-09
3344798356_5cc41f7939.jpg,5.205577504e-09
3609999845_faf5d2fe74.jpg,4.647810656e-09
2684489465_32ba1d0344.jpg,-7.148739808e-09
3017373346_3a34c3fe9d.jpg,3.564419435e-09
3354200211_35348e47d8.jpg,2.34610205e-09
469029994_349e138606.jpg,-4.980174002e-09
842961005_692737888e.jpg,5.113272134e-09
3712742641_641282803e.jpg,-7.555817972e-09
2097403787_77a154f5b9.jpg,-3.667387096e-10
3203878596_cbb307ce3b.jpg,3.160464555e-09
2744600462_5804577296.jpg,3.493359735e-09
3670918456_68631d362a.jpg,-1.412919261e-08
3565655045_8eb00b7423.jpg,1.596427957e-09
3324746155_71e14f60ce.jpg,-6.311747581e-09
3570800810_978c993133.jpg,4.034472083e-09
775664534_3f6de7d413.jpg,-2.490295559e-09
2367139509_1ee4530b28.jpg,-1.340672449e-09
2702506716_17a7fb3ba4.jpg,4.076733506e-09
3319058642_885d756295.jpg,-1.020985684e-08
3723690961_729dd5d617.jpg,2.64006462e-09
434433505_966e50e17d.jpg,-2.962761521e-09
539751252_2bd88c456b.jpg,3.95904734e-09
3538686658_30afc75f02.jpg,-3.776060766e-09
2226587791_66e29dd01d.jpg,6.824931792e-09
1659358133_95cd1027bd.jpg,4.858756883e-10
2662845514_8620aaee96.jpg,-6.704366582e-09
3567604049_da9e1be4ba.jpg,3.418419055e-09
2461631708_decc5b8c87.jpg,7.877938828e-09
2102315758_a9148a842f.jpg,-6.277725658e-09
241345656_861aacefde.jpg,2.46621474e-09
3016200560_5bf8a70797.jpg,2.745505442e-09
1394368714_3bc7c19969.jpg,6.424732655e-10
2470493181_2efbbf17bd.jpg,-1.891926079e-09
2071309418_1d7580b0f0.jpg,-4.689199838e-09
3687062281_e62f70baf3.jpg,-1.27404963e-09
3178599352_c57fdebcd2.jpg,1.870942503e-10
1225443522_1633e7121f.jpg,-4.123567021e-09
244443352_d7636e1253.jpg,8.959181967e-09
2991994607_06f24ec7a6.jpg,-6.395498476e-09
2353088412_5e5804c6f5.jpg,-4.085726609e-09
2866093652_aa717eb9ce.jpg,3.305632e-09
1562478333_43d13e5427.jpg,2.543252385e-09
2073105823_6dacade004.jpg,-8.109553047e-09
3603870481_1ebc696d91.jpg,-1.274336806e-09
2588456052_8842b47005.jpg,-1.168283925e-11
587604325_af5d6df679.jpg,-1.878479871e-09
2689001252_e0016c89f0.jpg,-6.602579013e-11
3358558292_6ab14193ed.jpg,4.72031038e-09
3393926562_66cc01b001.jpg,8.895530753e-10
2125216241_5b265a2fbc.jpg,1.80047337e-09
3451984463_37ac1ff7a8.jpg,2.468472114e-09
510510783_b2cf5d57bb.jpg,7.573817746e-09
2472720629_d9a6736356.jpg,-1.196693742e-09
1361420539_e9599c60ae.jpg,2.085624114e-09
3184112120_6ddcd98016.jpg,-3.947173653e-09
2680990587_eee6bd04fb.jpg,7.878692791e-09
143688283_a96ded20f1.jpg,-5.657527012e-09
2187222896_c206d63396.jpg,-1.784988441e-09
3639105305_bd9cb2d1db.jpg,2.476640867e-09
532999240_1409d073be.jpg,3.826749072e-09
3710353645_8fbfaa4175.jpg,8.031927142e-09
391106734_d374bc3080.jpg,-7.733556073e-09
3308171165_20f93d2fba.jpg,1.336564146e-09
909808296_23c427022d.jpg,-5.607671069e-09
114051287_dd85625a04.jpg,-1.390439519e-08
3136043366_b3f8607a0e.jpg,-1.194876635e-09
1799188614_b5189728ba.jpg,1.931442894e-09
899810584_61e1578d3f.jpg,5.485697227e-09
3654103642_075f8af4f4.jpg,-6.579355461e-09
3187395715_f2940c2b72.jpg,-7.177098176e-10
1280320287_b2a4b9b7bd.jpg,8.033639344e-10
3458211052_bb73084398.jpg,9.226536122e-10
1928319708_ccf1f4ee72.jpg,-1.249953908e-09
3203742047_6a55065411.jpg,7.290447777e-10
1663751778_90501966f0.jpg,1.29510418e-09
2394922193_310166d6af.jpg,-1.049249925e-09
2687229880_97cfd8148e.jpg,-6.942301529e-09
2837640996_0183db8d93.jpg,2.582202156e-09
2578834476_118585730d.jpg,3.32801959e-09
2876993733_cb26107d18.jpg,1.917155325e-09
3435035138_af32890a4c.jpg,8.562155714e-10
2085255128_61224cc47f.jpg,-9.846771477e-10
1511807116_41c3645e8c.jpg,-4.885130826e-10
2856700531_312528eea4.jpg,2.404693509e-09
2938120171_970564e3d8.jpg,-2.821038389e-09
2355880294_8f78a6fea6.jpg,3.849810776e-09
535830521_aa971319fc.jpg,6.558301459e-09
2699342860_5288e203ea.jpg,-5.846204378e-09
3521374954_37371b49a4.jpg,2.962200812e-09
2969380952_9f1eb7f93b.jpg,-6.527852138e-09
113678030_87a6a6e42e.jpg,-6.511951024e-10
3154886184_ac842655b6.jpg,-1.168897546e-09
2495931537_9b8d4474b6.jpg,3.840485542e-09
3223809913_ae15d14d9a.jpg,2.375309006e-09
1752454466_723790dbd6.jpg,1.896396712e-09
3587009091_37188fd07e.jpg,-2.368581641e-09
733965014_1a0b2b5ee9.jpg,2.108050635e-09
3307563498_e2b4f19272.jpg,-2.69324841e-09
2759596272_e0ce0a965a.jpg,-8.839072355e-11
3578477508_b7d839da16.jpg,-9.585838406e-10
3724113279_99b6e5bf41.jpg,1.718333539e-09
3516935867_78cf63c69c.jpg,-1.11983682e-08
2745663684_650f84e1e6.jpg,7.767178148e-10
2286236765_2a63eeb550.jpg,-1.14933747e-08
554526471_a31f8b74ef.jpg,-8.216186436e-10
3420278866_1d17c12713.jpg,2.086374871e-09
771048251_602e5e8f45.jpg,-1.177346137e-09
2735158990_56ff6bf9b0.jpg,1.615017402e-09
3443703471_14845d8850.jpg,-6.147275416e-09
3538527033_df13112d51.jpg,-3.249228694e-09
416960865_048fd3f294.jpg,1.62751394e-09
2683985894_167d267dcb.jpg,-3.158018228e-09
3643074723_94d42b7a0c.jpg,-2.138299854e-09
3242263536_a436f19257.jpg,3.022638637e-10
3181599388_68559cfc17.jpg,-8.986403914e-11
1475046848_831245fc64.jpg,1.205979239e-09
3482314155_bd1e668b4e.jpg,1.213193262e-09
3265864834_e0229020dd.jpg,-5.41679769e-09
3263141261_db3a4798b5.jpg,2.69480202e-09
127488876_f2d2a89588.jpg,-1.885021218e-09
2873252292_ebf23f5f10.jpg,3.529347649e-09
440184957_267f3f3a2b.jpg,6.763210394e-09
2632366677_43dee456a5.jpg,-1.32662884e-09
2423550887_ffc9bbcf71.jpg,5.870485294e-10
106490881_5a2dd9b7bd.jpg,4.182239256e-09
2824401212_8da8ab99d6.jpg,1.273810477e-09
3107513635_fe8a21f148.jpg,-2.363151795e-09
2420696992_22e0dd467d.jpg,4.920049255e-09
2624044128_641b38c0cf.jpg,1.411711338e-09
3106857210_07a92577fc.jpg,-2.979509593e-09
142802798_962a4ec5ce.jpg,4.454964617e-09
3133825703_359a0c414d.jpg,3.18381235e-09
260231029_966e2f1727.jpg,-5.394488143e-09
3719461451_07de35af3a.jpg,-3.068926573e-09
2752923489_d3bceebacb.jpg,9.579257479e-10
495340319_705f2e63d6.jpg,-2.507520646e-09
3271385712_ffd34f2de5.jpg,6.123703691e-09
3656151153_b4ed5d94c4.jpg,-2.98289792e-11
2875528143_94d9480fdd.jpg,3.998232187e-10
878758390_dd2cdc42f6.jpg,-2.459682728e-09
557721978_dfde31bc02.jpg,1.09284934e-09
241346105_c1c860db0d.jpg,6.132832908e-09
146100443_906d87faa2.jpg,1.271521208e-09
511749704_3037806cb1.jpg,3.201051043e-09
3341077091_7ca0833373.jpg,-1.709271403e-09
2932740428_b15384f389.jpg,-1.048038705e-08
382151094_c7376cf22b.jpg,-1.815918368e-09
2460159430_71ab1aacfa.jpg,4.193261729e-10
3193511842_82549c21fb.jpg,-2.024051148e-09
397286183_745abbf40d.jpg,-7.930082609e-11
241031254_0c6f30e3d1.jpg,-8.299257793e-10
3042488474_0d2ec81eb8.jpg,-2.331621636e-09
3348385580_10b53391f9.jpg,-4.358740386e-09
3455920874_6fbec43194.jpg,-4.561441448e-09
307301755_48919ef1b2.jpg,-1.865519085e-09
3343116398_59a5341f7f.jpg,3.518547145e-09
2600883097_aca38cc146.jpg,2.974613901e-09
422763475_0bc814dac6.jpg,-3.325343808e-09
543326592_70bd4d8602.jpg,1.992491101e-09
2525232298_cf42d415ab.jpg,-2.145622442e-09
3665179773_dd217416fc.jpg,-9.941471508e-09
3765374230_cb1bbee0cb.jpg,-4.199579341e-09
799486353_f665d7b0f0.jpg,5.076833262e-09
664341930_bd5c8b60ea.jpg,-1.261611916e-09
2971211296_2587c3924d.jpg,-2.617448861e-09
3691729694_2b97f14c1e.jpg,6.785858806e-10
3294830188_e46bd9b93c.jpg,-1.663411236e-09
3521201948_9049197f20.jpg,-1.880104453e-09
2455528149_6c3477fd33.jpg,-6.610252722e-09
3105623068_392b767a7b.jpg,-2.591450532e-09
3439331800_e71e1d808f.jpg,2.36590656e-09
3313620862_0c65c645f5.jpg,-9.822998332e-10
429174232_ddd4ff5e0b.jpg,-1.079881856e-09
3089842255_359ccf5c40.jpg,-2.505765591e-09
571130875_30051ac02d.jpg,1.646243706e-09
2528521798_fb689eba8d.jpg,2.295029516e-09
512634877_d7ad8c8329.jpg,-1.455405369e-09
1119418776_58e4b93eac.jpg,1.819034776e-09
2414384480_096867d695.jpg,4.214486614e-09
3569979711_6507841268.jpg,4.693474803e-09
54501196_a9ac9d66f2.jpg,-3.495226597e-09
3263395801_5e4cee2b9e.jpg,-3.032732172e-09
241345811_46b5f157d4.jpg,-4.309188543e-09
3626642428_3396568c3c.jpg,3.302616424e-09
3114944484_28b5bb9842.jpg,-6.130895554e-10
2649705487_4605e879e9.jpg,-2.778476421e-09
3110174991_a4b05f8a46.jpg,6.170231843e-10
2089122314_40d5739aef.jpg,-1.731472799e-09
3441701164_6dbbdf1bce.jpg,-1.022674071e-09
3694071771_ce760db4c7.jpg,-6.503916763e-10
1304100320_c8990a1539.jpg,2.611367121e-09
2049051050_20359a434a.jpg,-4.247353254e-09
2068403258_2669cf9763.jpg,6.322466512e-09
2920305300_a5b1b2329a.jpg,6.273627319e-09
2845691057_d4ab89d889.jpg,-4.887219364e-09
3293751640_d81a6f3a0c.jpg,-1.400532497e-09
3260214530_7179346407.jpg,-3.169739251e-09
3125628091_25a31709df.jpg,9.376589994e-09
2846843520_b0e6211478.jpg,-2.873859965e-09
3655326478_4472c5c630.jpg,-8.319738365e-11
3396251819_1efa69310f.jpg,-1.619451021e-09
3279524184_d5e2ffbaed.jpg,-3.520428978e-09
146098876_0d99d7fb98.jpg,-3.204077471e-09
3572346664_e1e6c77f11.jpg,4.552777758e-09
3580082200_ea10bf2f68.jpg,-5.060934338e-10
861661418_8a37024ace.jpg,-3.807693503e-10
2602258549_7401a3cdae.jpg,2.710639571e-09
2839532455_36a7dc4758.jpg,-1.565313635e-09
2304444199_05386d2e9c.jpg,-2.603945642e-12
2856080862_95d793fa9d.jpg,-2.155136984e-10
548751378_c657401312.jpg,-3.693218811e-10
1015584366_dfcec3c85a.jpg,-2.269175019e-09
3416460533_d5819fbf69.jpg,7.121757166e-09
3168796547_0c14b368f9.jpg,9.769998252e-10
160805827_5e6646b753.jpg,-6.564341988e-09
3672940355_47f30e2b28.jpg,-2.355692693e-09
2788628994_61123c03d2.jpg,-5.837868348e-09
436015762_8d0bae90c3.jpg,-8.025320876e-09
1713248047_d03721456d.jpg,-1.112782876e-09
104136873_5b5d41be75.jpg,3.568245335e-09
3027397797_4f1d305ced.jpg,-1.864723352e-09
3242088278_43eea5d17e.jpg,-8.168602337e-09
289616152_012a9f16c6.jpg,-6.692261906e-09
3268175963_113d90d178.jpg,-7.630091445e-09
3726168984_1fa2c8965b.jpg,7.385403298e-09
2090339522_d30d2436f9.jpg,4.264824291e-09
3693961165_9d6c333d5b.jpg,4.09524141e-09
2956895529_ec6275060e.jpg,-1.342621833e-10
2934121315_4969eeda1b.jpg,-6.735852091e-09
2450453051_f1d4a78ab4.jpg,-4.213834943e-09
3047751696_78c2efe5e6.jpg,-6.591454492e-10
3376439178_159e4126de.jpg,5.365807855e-09
2589308405_e208b5e745.jpg,-3.500673805e-09
1579206585_5ca6a24db0.jpg,-3.175603101e-10
2218743570_9d6614c51c.jpg,8.021509079e-09
1488937076_5baa73fc2a.jpg,6.898318949e-09
3636055584_65a60426f8.jpg,3.092563261e-09
2493974889_50ae29f1e1.jpg,5.51684038e-09
3615730936_23457575e9.jpg,-4.486639312e-10
445148321_9f2f3ac711.jpg,2.956149369e-10
823675317_b5fbdb17b3.jpg,2.418985037e-09
2880874989_a33b632924.jpg,1.945419765e-09
3238951136_2a99f1a1a8.jpg,7.077717941e-10
3030823649_3b7b6c728d.jpg,7.30878812e-10
1115679311_245eff2f4b.jpg,3.205827544e-09
351876121_c7c0221928.jpg,2.156518054e-09
3373243733_9aba7740ed.jpg,6.374245553e-09
3638783842_af08dbb518.jpg,9.166174367e-09
2906802485_dfebf09173.jpg,1.377527193e-09
3724623861_2bb6c23641.jpg,-3.437643835e-09
3264337159_e1680a35ba.jpg,-1.46817037e-09
3747543364_bf5b548527.jpg,-5.960360658e-09
1472882567_33dc14c8b6.jpg,4.249114795e-10
3375134059_7e9eb2ef01.jpg,-6.42850447e-10
3247168324_c45eaf734d.jpg,4.776882462e-09
1461329041_c623b06e5b.jpg,3.271832987e-09
1115565519_d976d4b1f1.jpg,-5.891614895e-09
1176580356_9810d877bf.jpg,1.078636926e-09
3331102049_bc65cf6198.jpg,1.390158984e-09
3321516504_5ee97771cb.jpg,4.010164951e-09
2813588204_69fe7deb14.jpg,5.125224398e-09
3458559770_12cf9f134e.jpg,-1.049042001e-08
2648310638_d6c576b5e4.jpg,6.536793997e-09
2837799692_2f1c50722a.jpg,3.133623969e-09
2507312812_768b53b023.jpg,-3.479065416e-09
3168354472_866fe70d36.jpg,4.092161395e-09
2460799229_ce45a1d940.jpg,1.275596986e-09
2339140905_9f625f140a.jpg,2.093751992e-09
2438085746_588dce8724.jpg,2.650959916e-10
3631023049_8a85bab19f.jpg,1.395293655e-09
1312020846_5abb4a9be2.jpg,9.560788056e-10
3676460610_8c52e8a355.jpg,-2.699672664e-09
3103231330_db98b14501.jpg,7.564218458e-09
2904997007_23d4b94101.jpg,-1.592581679e-08
1479028910_3dab3448c8.jpg,4.296338751e-09
2465691083_894fc48af6.jpg,-4.219012876e-09
2780087302_6a77658cbf.jpg,-1.686177393e-09
2823200990_7b02b7cc36.jpg,-4.417507258e-09
3285214689_f0219e9671.jpg,-8.759235421e-10
2986280913_13fb2d472e.jpg,-3.182452244e-09
518251319_40e031e818.jpg,-6.366389179e-09
3546474710_903c3c9fd3.jpg,9.318082404e-11
2520909293_9bb7f7364e.jpg,-2.977491818e-09
2877503811_4e311253ec.jpg,5.116118254e-09
3572942419_16ebdc3d46.jpg,5.391763253e-09
2659554389_ed3d15093f.jpg,3.564966291e-09
3471463779_64084b686c.jpg,-2.145835517e-09
482353373_03a9d5e8bc.jpg,4.054147165e-10
2749124446_d4432787b5.jpg,5.161491164e-09
374567836_3ae12ecffb.jpg,3.994089351e-09
2551632823_0cb7dd779b.jpg,6.477795281e-09
495055747_a75872762a.jpg,3.581609529e-09
2403376030_903521c371.jpg,2.023753298e-09
3675742996_02ccef16a3.jpg,-4.091510356e-09
115684808_cb01227802.jpg,4.601815999e-09
309687244_4bdf3b591f.jpg,-1.791166397e-09
3557324238_6ba58831d9.jpg,-2.285055529e-09
1259936608_e3f0064f23.jpg,8.404901596e-09
492802403_ba5246cfea.jpg,-4.556390325e-09
3482474257_a88bfe5c57.jpg,-2.275855613e-09
254475194_3d8f4dfd53.jpg,1.051535231e-09
444481722_690d0cadcf.jpg,-4.014067867e-09
482047956_9a29e9cee6.jpg,-6.917962066e-09
2844963839_ff09cdb81f.jpg,3.878781567e-09
2196107384_361d73a170.jpg,-3.095056713e-09
2219805677_7b7cc188c7.jpg,1.527677414e-10
3210359094_ee51285301.jpg,-6.913396673e-09
3537400880_8f410d747d.jpg,9.158758021e-09
3344531479_03c69750e9.jpg,4.632687042e-09
3171035252_dba286ae5c.jpg,3.508953997e-09
2339106348_2df90aa6a9.jpg,-3.599291357e-09
369047365_35476becc9.jpg,-5.527112812e-09
3130970054_04a3865c43.jpg,-2.078022329e-09
2410399168_1462c422d4.jpg,1.226408018e-09
2391812384_7429b5e567.jpg,4.487365548e-10
478750151_e0adb5030a.jpg,2.128344366e-09
2756591658_3ca6db1595.jpg,-2.453134633e-09
2561319255_ce5ede291e.jpg,-1.973291307e-09
2414390475_28a0107bb0.jpg,-4.090156979e-09
3417231408_6ce951c011.jpg,-8.268780022e-11
524105255_b346f288be.jpg,9.063945456e-10
3068407619_5207b26986.jpg,-5.299908872e-10
3036382555_30b7312cf3.jpg,5.112358402e-09
240696675_7d05193aa0.jpg,5.330088444e-09
1088767354_2acee738cf.jpg,3.783968869e-09
3104690333_4314d979de.jpg,1.033526256e-09
3257107194_f235c8f7ab.jpg,3.353872962e-10
410042380_517ccee020.jpg,-4.174076908e-09
3143155555_32b6d24f34.jpg,3.564732749e-09
2854291706_d4c31dbf56.jpg,3.719804275e-09
2943334864_6bab479a3e.jpg,2.654935024e-09
3465606652_f380a38050.jpg,-2.522008135e-09
324355356_859988a710.jpg,4.829278092e-09
3436313241_6c73153fb6.jpg,-4.674212786e-09
2776029171_5abdd5a22f.jpg,-2.090714158e-09
3290105461_7590f23371.jpg,-1.206372626e-09
2501742763_b2cb322087.jpg,2.482757311e-09
3442540072_b22ca2410f.jpg,-4.600147127e-10
3426964258_67a0cee201.jpg,-1.249622594e-09
2559638792_a803ff63d1.jpg,-8.600141854e-09
3701878677_8f2c26227b.jpg,-8.024874758e-09
3568605391_54ec367d88.jpg,4.539577584e-09
1540631615_8b42c1b160.jpg,-9.305260176e-10
1055753357_4fa3d8d693.jpg,-5.4985284e-10
3693297007_94512e861e.jpg,9.955823087e-09
3689355450_fd559b816d.jpg,-4.051029715e-10
2799871904_3b3125518a.jpg,5.635575073e-09
3116769029_f5a76f04ba.jpg,3.742338374e-09
1342780478_bacc32344d.jpg,-6.419629425e-10
3012513414_86180c44cb.jpg,5.230032527e-10
2502935765_a0ae1fa7be.jpg,5.135442049e-10
2734669176_c272b42597.jpg,-2.760965322e-09
2290589734_b588471345.jpg,-1.036546082e-09
2602679255_785b851b46.jpg,-4.502266669e-09
421706022_1ddb6a7a78.jpg,-6.734631797e-09
2644326817_8f45080b87.jpg,-2.509058139e-09
2959737718_31203fddb5.jpg,-1.37602188e-08
2465218087_fca77998c6.jpg,2.512835474e-09
1351764581_4d4fb1b40f.jpg,8.231801054e-11
2394003437_184a838aa9.jpg,1.33901016e-09
123889082_d3751e0350.jpg,2.299057178e-09
2766765386_4c0beb939d.jpg,1.136477397e-08
189740668_0b045f1ff2.jpg,-7.437987948e-09
3126681108_f88128699c.jpg,9.622741637e-09
3090600019_8808fe7a9d.jpg,5.136267506e-09
2685139184_4ff45e0f76.jpg,2.790941238e-09
3401548798_3a93f2caa5.jpg,7.134146415e-10
3569126684_a68b29a57f.jpg,-8.256287879e-09
2333816000_7105d0ffac.jpg,-9.164927188e-09
2862931640_2501bd36c5.jpg,5.219933403e-09
2466171114_3fa51415a7.jpg,-6.510403309e-09
2133650765_fc6e5f295e.jpg,4.283497145e-09
2391269207_d1d2615b1d.jpg,-1.963591471e-09
3674521435_89ff681074.jpg,-4.672053752e-09
270864951_1737ae5479.jpg,2.395814822e-09
542179694_e170e9e465.jpg,-1.853579334e-09
2370221025_be4d9a4431.jpg,-3.20716312e-09
862177617_c2c0581075.jpg,3.492781563e-09
3288173388_03bc2a844d.jpg,3.126611271e-09
229954612_a4438297ee.jpg,9.243608505e-10
3287904625_f68ca5cea7.jpg,8.448386189e-10
989851184_9ef368e520.jpg,-4.056928216e-09
3093970461_825b0cac2f.jpg,-2.173529297e-09
3076928208_5763e9eb8c.jpg,3.741870076e-09
2837908308_8bc25c6b02.jpg,-3.450227652e-09
276699720_fe6718fd03.jpg,2.892997522e-09
3437654963_c4fdc17e8b.jpg,-7.69756734e-09
2138487671_5b89104043.jpg,1.585330203e-09
3501206996_477be0f318.jpg,2.480969127e-09
3278777548_290b881018.jpg,1.524756331e-09
3344632789_af90d54746.jpg,-8.81631805e-09
3068945309_ff0973e859.jpg,-1.43024177e-09
3368819708_0bfa0808f8.jpg,2.07698329e-09
273248777_eaf0288ab3.jpg,1.045835855e-09
2192131110_8a40e7c028.jpg,6.492016831e-09
490044494_d2d546be8d.jpg,-2.13036629e-09
3296584432_bef3c965a3.jpg,6.505757791e-10
2116316160_d5fa7abdc3.jpg,-3.911996361e-10
3038760935_9a713510eb.jpg,-2.568439081e-09
2741380826_cfe0ddf0a9.jpg,-3.321260236e-10
1423126855_6cd2a3956c.jpg,9.207731132e-09
1084104085_3b06223afe.jpg,1.157721067e-09
3225226381_9fe306fb9e.jpg,-2.67781663e-09
1296412797_85b6d2f8d6.jpg,-5.411021859e-10
1813777902_07d1d4b00c.jpg,-5.660328558e-09
1418266617_b32143275b.jpg,-6.121529985e-09
363617160_6cb0c723be.jpg,-2.509557241e-09
2698614194_b4e6e11dff.jpg,5.990898866e-09
1333888922_26f15c18c3.jpg,-6.505963098e-10
3288839246_fdb00395ae.jpg,2.473483391e-09
3189941492_a3f4347b1a.jpg,-3.649976987e-10
3310551665_15b79ef4ea.jpg,1.129122391e-08
2245348304_08bc5642f1.jpg,-2.881958215e-10
3412822878_5d961492e5.jpg,-4.952175977e-10
2922512807_d382528a93.jpg,4.197595226e-09
2851931813_eaf8ed7be3.jpg,3.406556009e-09
3227140905_1d7e30e4c4.jpg,-1.157990088e-08
2436398074_8737f40869.jpg,4.017080908e-09
3525417522_7beb617f8b.jpg,4.408635059e-09
2439384468_58934deab6.jpg,-3.426722949e-09
213216174_0632af65a2.jpg,-8.910797584e-11
3215870337_c92a1a1b2f.jpg,5.73710152e-09
434792818_56375e203f.jpg,-2.736317866e-09
2959500257_3621429a37.jpg,-2.767309035e-09
3425662680_41c7c50e8d.jpg,-1.351660927e-09
3259883609_6a1b46919e.jpg,-4.047086938e-10
2867968184_908d87cf2c.jpg,-5.167426045e-09
108898978_7713be88fc.jpg,1.434110255e-09
3640422448_a0f42e4559.jpg,-2.472480424e-09
133905560_9d012b47f3.jpg,3.682474488e-09
2125626631_a4b63af97e.jpg,1.139552584e-09
3327487011_1372c425fb.jpg,2.113073315e-09
3069216757_c419b3898e.jpg,4.294987306e-10
2602085456_d1beebcb29.jpg,5.619764519e-09
519228867_2fd25e38d4.jpg,3.315292486e-09
1622619190_d0b51aff28.jpg,1.412403443e-09
3209564153_077ed4d246.jpg,1.577075288e-09
2272491304_cb7c7ed16f.jpg,5.063229185e-09
582899605_d96f9201f1.jpg,3.255236172e-09
1433397131_8634fa6664.jpg,-2.826977016e-09
3472449219_eb927f05b8.jpg,8.362075192e-09
251056963_c8b67f0107.jpg,1.990959524e-09
3655964639_21e76383d0.jpg,7.862927595e-09
1763020597_d4cc8f0f8a.jpg,3.345201673e-09
3247341210_5d1e50df23.jpg,3.557669653e-09
2447972568_1e9b287691.jpg,-9.26311545e-09
2939464283_fc1a834976.jpg,3.780244333e-09
3482237861_605b4f0fd9.jpg,3.375123046e-09
2710416789_555180e399.jpg,-2.774612174e-09
3533394378_1513ec90db.jpg,-3.717421369e-09
3453313865_1ebff5393c.jpg,6.531938965e-09
219301555_17883a51bd.jpg,3.130431561e-09
44129946_9eeb385d77.jpg,-7.247758888e-09
3429581486_4556471d1a.jpg,-6.751968227e-09
501320769_31eea7b7ea.jpg,3.054172291e-09
224026428_0165164ceb.jpg,-4.482792787e-09
3541491057_61a49588d9.jpg,1.582236199e-09
3119696225_b289efaec8.jpg,-9.48444245e-10
2078311270_f01c9eaf4c.jpg,-1.75192334e-09
2286032269_8ba929709c.jpg,-2.791777002e-09
2893238950_8a027be110.jpg,2.145505052e-09
2917843040_7c9caaaa8a.jpg,1.484616209e-09
3048597471_5697538daf.jpg,-4.423308008e-10
2505465055_f1e6cf9b76.jpg,-5.698445582e-09
3284955091_59317073f0.jpg,-3.628497936e-09
871290666_4877e128c0.jpg,2.60308851e-09
2402462857_7684848704.jpg,-1.389504892e-09
241345981_1ef4f8109c.jpg,8.0947856e-09
3258395783_2de3a4ba27.jpg,1.619235292e-09
3432656291_a6c7981f6e.jpg,-1.962485694e-09
945509052_740bb19bc3.jpg,-4.071786614e-10
2752926645_801a198ff6.jpg,3.377342607e-09
2584487952_f70e5aa9bf.jpg,7.045795371e-09
2356574282_5078f08b58.jpg,-2.903326758e-09
2324779494_5e72d29171.jpg,-8.394570206e-10
3099091086_f75f0ce09d.jpg,2.648270333e-10
515797344_4ae75cb9b1.jpg,6.246432638e-09
2094543127_46d2f1fedf.jpg,3.583467058e-10
2194806429_ca4c3770c1.jpg,-2.531044828e-09
3220009216_10f088185e.jpg,2.022416613e-10
3333017828_b930b9d41b.jpg,2.121244877e-09
3387661249_33e5ba0bc5.jpg,-5.160855062e-09
141755290_4b954529f3.jpg,9.300361613e-10
3150252702_828a570d46.jpg,-1.981958976e-09
2269021076_cefc9af989.jpg,1.813048091e-09
486712504_36be449055.jpg,-3.20908573e-09
3259225196_750c4ce0f9.jpg,7.999489518e-09
3409506817_775e38d219.jpg,-5.173011159e-09
3632842482_482f29e712.jpg,-7.588375084e-11
532396029_ce125bda3f.jpg,1.044245987e-09
3704431444_f337ec2b90.jpg,2.093335922e-09
3562169000_6aa7f1043d.jpg,2.261564579e-09
3441399292_60c83bd5db.jpg,1.561114462e-09
3243233886_235a80e8c7.jpg,1.603068047e-09
3005123298_d3017d5f5d.jpg,-7.746177502e-09
437527058_189f2a7eef.jpg,2.000022215e-09
3582742297_1daa29968e.jpg,-4.962727721e-09
3033741581_136889ac73.jpg,1.809931264e-09
296873864_4de75de261.jpg,3.131868613e-09
2379150102_157d718d1d.jpg,-4.657853359e-09
3029715635_43ab414dfb.jpg,-1.312258157e-09
3684680947_f1c460242f.jpg,-1.009085415e-09
3044746136_8b89da5f40.jpg,2.314202309e-09
3532412342_e0a004b404.jpg,-5.323893806e-09
2968693931_52d161b8e7.jpg,-6.615231635e-10
2632111399_b3c1630f8e.jpg,9.044760464e-10
2676648667_cb055b4fc6.jpg,5.903394568e-10
525863257_053333e612.jpg,-5.195791804e-10
3328495660_ed0e3f29cf.jpg,6.426170782e-09
3640417354_b0b3e4aec9.jpg,7.698645172e-10
3249278583_95cd8206da.jpg,4.274650864e-09
2341254813_c53a5ef27a.jpg,4.059197067e-10
2331510788_986809bbb4.jpg,5.984235432e-10
3161044966_27bf6f9dec.jpg,-6.393798955e-09
3098336319_a7e5b061d0.jpg,2.381338365e-09
3236677456_75821e3583.jpg,-5.602678517e-09
958326692_6210150354.jpg,-2.619413497e-09
2755053974_5cc157512e.jpg,-8.239619587e-10
2903469015_a1e7d969c2.jpg,-2.947773372e-09
3490597800_8f94f7d353.jpg,1.309129215e-09
2472574160_8ce233f396.jpg,2.107050988e-09
2995461857_dd26188dcf.jpg,4.039601734e-10
2042009399_afad34e7c1.jpg,1.180970205e-09
3197791645_601908f26b.jpg,-4.031086838e-09
2521938720_911ac092f7.jpg,1.222431173e-09
3184031654_34b5c4ffe1.jpg,1.400024186e-09
426065353_e9a604a01f.jpg,-2.188483054e-09
3591461782_687e320042.jpg,-5.879034655e-09
2251418114_2b0cd4c139.jpg,-5.265105151e-10
1859726819_9a793b3b44.jpg,-4.464139863e-10
430803349_a66c91f64e.jpg,8.479029818e-10
1977827746_4e13d7e19f.jpg,-3.513405457e-09
2101457132_69c950bc45.jpg,1.100238103e-08
3666537170_c4ecda4be8.jpg,-6.919585595e-09
2321466753_5606a10721.jpg,-2.052224115e-09
3141613533_595723208d.jpg,-6.495588267e-10
3542341321_faa2d2d48a.jpg,1.246078876e-09
948196883_e190a483b1.jpg,-6.121526156e-09
384465575_31294122c0.jpg,1.549483755e-09
1312227131_771b5ed201.jpg,2.336857366e-09
1222322358_225067636e.jpg,-3.099788303e-09
2641288004_30ce961211.jpg,7.897712038e-10
2851304910_b5721199bc.jpg,4.957014737e-09
495116214_f1df479fb0.jpg,3.195586391e-09
2978024878_a45b282bf4.jpg,8.631548916e-10
3527524436_a54aca78a9.jpg,1.449019342e-09
2944362789_aebbc22db4.jpg,5.840382425e-09
3090593241_93a975fe2b.jpg,-5.302013124e-09
2521213787_ca9b5a1758.jpg,3.130114377e-09
2528547068_7d37479b9b.jpg,-4.595195506e-09
1167908324_8caab45e15.jpg,-1.122663812e-10
2275029674_6d4891c20e.jpg,-4.51497648e-10
534669139_1a4f8ab9d5.jpg,1.581247905e-09
3388094307_5a83be64a5.jpg,-4.169400852e-09
160566014_59528ff897.jpg,1.381138162e-09
2616561200_ea079f285a.jpg,-1.437410814e-09
617038406_4092ee91dd.jpg,1.842526864e-09
3578372039_57473f473c.jpg,-1.200045227e-09
3492180255_0bd48a18f8.jpg,-6.339078193e-09
3032790880_d216197d55.jpg,1.494468225e-09
2667015110_1670324a33.jpg,-3.042007247e-09
2426303900_0a8d52eb14.jpg,-2.352328706e-09
3250695024_93e8ab7305.jpg,1.960978263e-09
3672057606_cb6393dbd9.jpg,-6.932888807e-09
241346317_be3f07bd2e.jpg,9.863501318e-10
3400186336_37043a2f5b.jpg,-3.633794783e-09
2180480870_dcaf5ac0df.jpg,-3.386148442e-09
3085226474_62aba51179.jpg,3.194143652e-09
3683185795_704f445bf4.jpg,-5.302339469e-09
3444982197_0ff15cc50b.jpg,-1.244269337e-09
607339469_af851c4119.jpg,-5.776834337e-09
3331009729_d3b14738e6.jpg,-2.83261299e-10
503717911_fc43cb3cf9.jpg,-4.786294496e-09
3097196395_ec06075389.jpg,-2.449532039e-09
2261962622_e9318a95eb.jpg,4.161660737e-09
3216829599_366a43f05e.jpg,-2.277146269e-09
1616016569_673de1d678.jpg,2.500937625e-09
2596876977_b61ee7ee78.jpg,2.065656961e-09
459778335_857d8ffebf.jpg,-3.869386156e-09
3197482764_2f289cb726.jpg,-6.572232285e-09
3497255828_f27e009aac.jpg,3.395146938e-10
2149968397_a7411729d1.jpg,-1.354298251e-09
2595713720_30534e8de2.jpg,-4.098782671e-09
2174206711_11cb712a8d.jpg,-9.912422006e-09
2492258999_5764124bba.jpg,-2.166485632e-09
944374205_fd3e69bfca.jpg,6.481444402e-09
2855667597_bf6ceaef8e.jpg,-4.792354289e-09
2935649082_1ca60180c6.jpg,-9.447300357e-11
3171250845_5ae0d2a8bc.jpg,-3.588291671e-09
3120189281_1938460e85.jpg,-6.533603528e-10
3487131146_9d3aca387a.jpg,-4.812790586e-09
182493240_40410254b0.jpg,2.611796639e-09
102351840_323e3de834.jpg,4.660775471e-09
883040210_3c4a10f030.jpg,1.015822245e-08
1358089136_976e3d2e30.jpg,7.394580519e-10
2930622766_fa8f84deb1.jpg,6.801282294e-10
2643263887_a32ffb878f.jpg,-3.980924081e-09
3374384485_751f719be4.jpg,-7.427294291e-09
290650302_ade636da35.jpg,4.858479186e-09
2747714500_49476225c6.jpg,-4.512200211e-09
758921886_55a351dd67.jpg,1.623938662e-09
311146855_0b65fdb169.jpg,-1.804160738e-09
2490179961_e842fda5eb.jpg,-6.026162968e-09
2064790732_219e52e19c.jpg,-2.703582688e-09
3315250232_83e24a2d51.jpg,4.301204628e-09
3441104823_33cdae5a56.jpg,8.448154527e-10
2675685200_0913d84d9b.jpg,-5.183238986e-09
2899622876_b673b04967.jpg,-4.955978042e-09
2259336826_0cb294e1f7.jpg,-9.464707113e-10
2742426734_291df6da08.jpg,-4.528810952e-09
2697909987_128f11d1b7.jpg,4.514482528e-11
3239021459_a6b71bb400.jpg,-7.258167754e-11
3204525212_d548c7fca7.jpg,8.315757516e-10
918886676_3323fb2a01.jpg,-1.652576897e-09
560278886_df4bd2e212.jpg,-2.158077991e-09
3649307685_60c1294d2a.jpg,1.299008202e-08
2045928594_92510c1c2a.jpg,-5.149358767e-09
2933637854_984614e18b.jpg,-8.224442407e-10
1650280501_29810b46e5.jpg,-1.645992073e-09
300922408_05a4f9938c.jpg,7.586585558e-09
2798651021_2566f2a47e.jpg,-6.572779139e-11
3460551728_63255cec18.jpg,-2.104112394e-09
3440104178_6871a24e13.jpg,1.68624045e-09
3484906808_ee20714408.jpg,-3.849821222e-09
410413536_11f1127c46.jpg,8.112686241e-09
400562847_e15aba0aac.jpg,-3.729486463e-09
101669240_b2d3e7f17b.jpg,5.96216595e-09
2987195421_e830c59fb6.jpg,-1.106691523e-09
3208188198_2b271d2a2e.jpg,-3.834548796e-09
3208032657_27b9d6c4f3.jpg,-8.974868595e-10
429851331_b248ca01cd.jpg,1.170851975e-08
458735196_176e7df6b3.jpg,-8.051689797e-09
3275627207_0b41e44597.jpg,5.446257495e-10
2960759328_2d31e4af9b.jpg,2.691402124e-09
2206594874_5e0087c6b7.jpg,3.570026858e-09
1357689954_72588dfdc4.jpg,2.513253284e-09
2869491449_1041485a6b.jpg,-1.325264171e-09
2574230252_f5a1382dd4.jpg,-4.239402329e-09
2261550615_b6c25d987b.jpg,-5.257883164e-10
2358554995_54ed3baa83.jpg,-7.088787415e-09
264141937_585320617a.jpg,2.344422966e-10
2809793070_1a3387cd6e.jpg,-6.338969575e-09
3338291921_fe7ae0c8f8.jpg,8.713733431e-09
2056377805_e9a9b3bcf0.jpg,-1.190693166e-10
3105315670_5f86f73753.jpg,-3.373203143e-09
1015118661_980735411b.jpg,-1.566397301e-09
3047264346_e24601bfbf.jpg,1.460464275e-09
1311388430_4ab0cd1a1f.jpg,-1.46706429e-09
1077546505_a4f6c4daa9.jpg,-1.487701284e-09
2800990525_a1f8427272.jpg,-8.414906032e-10
3482062809_3b694322c4.jpg,2.37003489e-09
2661294481_b86058b504.jpg,3.315243181e-09
2896640216_761a47f006.jpg,-7.62335256e-09
3616525288_9c19223de6.jpg,1.653216441e-09
2497420371_74788d7ba1.jpg,4.720745057e-09
766346887_a9a9d0637a.jpg,4.619712981e-09
2061944672_0383e65c8a.jpg,3.768098965e-09
3015891201_2c1a9e5cd7.jpg,-1.981039431e-09
2652522323_9218afd8c2.jpg,2.492521314e-09
2054869561_ff723e9eab.jpg,4.699483363e-09
2394763838_99d1435b85.jpg,2.924229419e-09
3439560988_f001f96fc9.jpg,-3.401890768e-09
3320032226_63390d74a6.jpg,-6.583963201e-10
3677954655_df4c0845aa.jpg,3.883395741e-09
2429212017_77fc107699.jpg,8.594904152e-10
241347760_d44c8d3a01.jpg,6.782234731e-09
241347823_6b25c3e58e.jpg,7.588921098e-09
2416964653_db3c2b6a0e.jpg,-3.706843355e-10
3532782283_341f0381a3.jpg,6.904398575e-09
3600221224_945df01247.jpg,-5.116249617e-09
3621647714_fc67ab2617.jpg,-1.333229765e-09
2874876837_80d178ba9b.jpg,-5.038025437e-09
448916362_17f3f1d0e1.jpg,6.98035637e-10
3052104757_d1cf646935.jpg,-4.984490379e-09
2414352262_005ae90407.jpg,-1.130263731e-10
2187904131_96ea83b9b5.jpg,5.846510706e-09
2649406158_ded6be38de.jpg,1.665342537e-09
2353102255_67d9d2e40a.jpg,-3.753535395e-10
1501297480_8db52c15b0.jpg,3.635863632e-11
466956675_a2fb6bf901.jpg,9.603777238e-10
2737759676_4bc9be2daf.jpg,-2.342906453e-09
2885387575_9127ea10f1.jpg,-2.742083621e-09
510197538_0a11b94460.jpg,-2.28194908e-09
3623650392_7b75d4de21.jpg,7.606550896e-10
3354474353_daf9e168cf.jpg,9.47724225e-10
2949353587_64c54e9589.jpg,5.379940067e-09
3522989916_f20319cc59.jpg,-3.168949676e-09
2646116932_232573f030.jpg,-3.92158408e-09
3028561714_83fb921067.jpg,-9.62966424e-10
2439031566_2e0c0d3550.jpg,2.919811511e-09
3436074878_21515a6706.jpg,-4.891552396e-09
875731481_a5a0a09934.jpg,-1.565002718e-09
3716277216_c04002be81.jpg,-2.91501047e-10
2259203920_6b93b721ce.jpg,-3.516552504e-09
3329289652_e09b80e2f3.jpg,-3.929020628e-10
3685328542_ab999b83bb.jpg,-1.181640822e-09
3250076419_eb3de15063.jpg,9.964103054e-09
495341977_b27279f962.jpg,-3.929975794e-09
3407357681_5aeaab5b59.jpg,-1.083368019e-09
3066429707_842e50b8f7.jpg,3.455283166e-09
3392851587_a638ff25e2.jpg,-6.198313043e-09
2730938963_c4ed3e2258.jpg,1.043215914e-09
269650644_059a84ece5.jpg,3.265165077e-09
3605676864_0fb491267e.jpg,-2.768557793e-09
2183227136_8bb657846b.jpg,-5.210297794e-09
237953705_cfe6999307.jpg,1.685487428e-09
2856252334_1b1a230e70.jpg,3.609741217e-09
3015368588_ef0a06076d.jpg,-3.257239025e-11
2521938802_853224f378.jpg,-3.68039444e-09
2759089516_cbb993cb92.jpg,-1.115249106e-09
1807169176_7f5226bf5a.jpg,1.492974101e-09
457875937_982588d918.jpg,9.26221997e-10
3158680604_c1f99b3946.jpg,4.145577739e-09
530454257_66d58b49ee.jpg,-2.483089026e-09
1263801010_5c74bf1715.jpg,-1.055330032e-09
172097782_f0844ec317.jpg,1.659010938e-09
3426789838_8771f0ed56.jpg,-6.124182807e-09
2220612655_030413b787.jpg,-1.471941157e-09
2089426086_7acc98a3a8.jpg,-4.443121639e-09
1306145560_1e37081b91.jpg,-1.09683426e-09
3297323827_f582356478.jpg,1.865990733e-09
2306186887_0bd8ed3792.jpg,8.17805594e-11
3574930742_9081bd2426.jpg,-1.27996221e-09
2995935078_beedfe463a.jpg,-1.10793786e-10
2114739371_83aa8bdb0e.jpg,1.260054255e-09
2895403073_906768cafa.jpg,1.924305498e-09
3234375022_1464ea7f8a.jpg,-3.545117235e-09
2561295656_4f21fba209.jpg,3.434101025e-10
2358561039_e215a8d6cd.jpg,-1.985812946e-09
2123932281_1a4fd38455.jpg,-4.220902966e-09
3227499174_07feb26337.jpg,-6.583403022e-11
3457210101_3533edebc8.jpg,-3.953423726e-09
3286222970_1fa445e38f.jpg,2.769616896e-10
293151893_ee7249eccb.jpg,-4.321852178e-09
3371279606_c0d0cddab2.jpg,2.305657771e-10
1490213660_9ea45550cf.jpg,2.53990052e-09
3599392711_8264881de2.jpg,-1.86914699e-09
111497985_38e9f88856.jpg,6.04173663e-10
2782850287_1408f7ec43.jpg,-2.183069085e-09
825918657_d92f1761f4.jpg,-5.059915626e-10
2095478050_736c4d2d28.jpg,8.110691751e-10
2782480767_064c95eff2.jpg,-2.393543938e-09
1149179852_acad4d7300.jpg,-6.995162739e-09
2441313372_6a1d59582b.jpg,-8.767645752e-09
3724718895_bd03f4a4dc.jpg,-2.096548249e-09
2704257993_d485058a5f.jpg,3.752156314e-09
3584930205_a3f58a4b7c.jpg,-8.683357598e-10
2294598473_40637b5c04.jpg,4.285222489e-09
3242007318_01e82171aa.jpg,2.054591247e-09
3251234434_d01e25a50a.jpg,-6.204354642e-10
3556571710_19cee6f5bd.jpg,4.860675185e-09
3578914491_36019ba703.jpg,-5.352505234e-09
2876848241_63290edfb4.jpg,9.207376439e-09
452419961_6d42ab7000.jpg,9.910831286e-12
42637986_135a9786a6.jpg,-2.117741217e-09
2760716468_b541e9fd0f.jpg,9.512053315e-10
2447035752_415f4bb152.jpg,9.670495269e-09
2473738924_eca928d12f.jpg,-3.41353052e-09
1363924449_487f0733df.jpg,-7.876262088e-11
3585487286_ef9a8d4c56.jpg,2.814533249e-09
3037558954_20115165e3.jpg,7.306833522e-09
3362049454_ea0c22e57b.jpg,2.431734258e-09
299178969_5ca1de8e40.jpg,3.350554364e-09
1104133405_c04a00707f.jpg,-3.616851546e-10
3477683327_d9e6a2a64f.jpg,-2.232319808e-09
282116218_7fd7583d6e.jpg,-1.872063195e-09
3721082512_8277087f3f.jpg,7.684049617e-09
246055693_ccb69ac5c6.jpg,-3.356424508e-09
3271061953_700b96520c.jpg,-1.560547212e-09
2480820830_bdec1f5b76.jpg,-4.103515284e-10
270809922_043e3bef06.jpg,-4.2338745e-09
1419385780_1383ec7ba9.jpg,-1.664187167e-09
897621891_efb1e00d1d.jpg,2.988264695e-09
2921578694_a46ae0d313.jpg,-4.903143795e-09
2327088022_478dbd2c17.jpg,-3.047782751e-09
3640407952_bb38fb9d55.jpg,5.918706326e-10
326028454_fb396167e6.jpg,-1.5072275e-09
2867937005_91c092b157.jpg,-4.665381431e-09
2546667441_bbe87a6285.jpg,2.463999669e-09
1775029934_e1e96038a8.jpg,-3.3263529e-09
2121357310_f8235311da.jpg,7.974582275e-10
3665987581_5e6b0a65f2.jpg,-1.131523689e-09
3429956016_3c7e3096c2.jpg,3.916061077e-09
3209350613_eb86579ee8.jpg,-2.497727972e-09
1425013325_bff69bc9da.jpg,5.737879112e-10
319185571_56162796da.jpg,6.033215093e-09
3520936130_9e90872560.jpg,2.10994467e-09
2867026654_38be983b44.jpg,-4.307516624e-09
3069786374_804e1123ac.jpg,3.348437104e-09
3726120436_740bda8416.jpg,-3.193615423e-09
2337919839_df83827fa0.jpg,-2.156831336e-09
2447289477_e888df561d.jpg,-5.025943025e-09
3597715122_45878432ec.jpg,9.376516284e-10
3646453252_5ebbbaa6cc.jpg,-1.79135299e-09
261883591_3f2bca823c.jpg,7.636186055e-10
3125041578_c1f2d73b6d.jpg,-7.242788391e-09
3084001782_41a848df4e.jpg,-1.00808784e-09
452363869_cad37e609f.jpg,-9.523125445e-10
123997871_6a9ca987b1.jpg,-5.509196846e-09
508958120_afe274f726.jpg,1.684327873e-09
109738763_90541ef30d.jpg,1.800859266e-09
888425986_e4b6c12324.jpg,1.642953636e-09
288025239_5e59ba9c3b.jpg,2.042004093e-09
3214381315_b54f5c9be4.jpg,8.08113768e-09
2070831281_dc04b3e15d.jpg,6.939904923e-10
3301811927_a2797339e5.jpg,8.227317161e-09
3484070900_3e76d7fd30.jpg,-4.519465329e-09
2876994989_a4ebbd8491.jpg,8.755157225e-09
2080033499_6be742f483.jpg,3.474837126e-09
3269895626_7b253c82ed.jpg,2.945306466e-09
3319388517_5609ae9805.jpg,5.324427154e-09
2560278143_aa5110aa37.jpg,-7.817038177e-09
3069937639_364fc11e99.jpg,-5.859515152e-10
2448210587_9fe7ea5f42.jpg,-1.873457618e-09
2444935470_7b0226b756.jpg,6.802913858e-09
3204081508_0e7f408097.jpg,-8.769307687e-10
3220650628_4ed964e5b4.jpg,-2.411076705e-10
2393924525_1bf45ca217.jpg,7.842392788e-09
3590753142_61993d39df.jpg,-1.694717176e-10
3368865171_597d51cdd5.jpg,4.808253867e-10
472860064_a96a228796.jpg,-3.219306701e-09
3587596696_9c5964c94d.jpg,-1.687595367e-09
2041867793_552819a40b.jpg,2.385243509e-10
3094278545_febac56382.jpg,1.234433218e-09
333031366_a0828c540d.jpg,-1.688198505e-09
3612538549_2828b45867.jpg,-2.510797824e-09
154871781_ae77696b77.jpg,5.371777643e-09
3338217927_3c5cf3f7c6.jpg,1.718280379e-09
3362805914_72f60ee8cb.jpg,-6.392499932e-09
442594271_2c3dd38483.jpg,-5.62685942e-09
512026551_ba63ddbd31.jpg,2.155124436e-10
1801663973_5ad393caeb.jpg,-3.322701922e-09
2744705147_acd767d3eb.jpg,-7.453755711e-09
3344233740_c010378da7.jpg,3.451619261e-09
3690348036_a01f243fb0.jpg,3.956418187e-09
2363540508_9dd1ccf7c7.jpg,4.747271776e-09
812196663_0c969970b5.jpg,4.929015987e-09
297724467_e8918a6f90.jpg,2.880763689e-10
2926595608_69b22be8d4.jpg,1.579936376e-10
938162709_21443d352f.jpg,1.903058531e-09
241347114_6273736da8.jpg,-4.007729797e-09
3404870997_7b0cd755de.jpg,7.79112651e-09
381976882_0063d16d88.jpg,-1.6639116e-09
3710073758_ac2b217f29.jpg,-7.263278759e-09
1478268555_7e301fc510.jpg,-3.788775235e-09
3485486737_953f9d3be2.jpg,4.691427046e-09
531152619_6db02a7ed9.jpg,6.115166134e-09
1319634306_816f21677f.jpg,-1.89625371e-09
2385744837_8780f6731a.jpg,3.512744528e-09
1387461595_2fe6925f73.jpg,-3.102943722e-09
2314722788_6262c3aa40.jpg,7.501088106e-10
1213336750_2269b51397.jpg,-1.929478753e-08
10815824_2997e03d76.jpg,2.483895841e-09
258476074_f28f4a1ae6.jpg,-2.644668317e-09
3606355203_1260f43ec0.jpg,-7.036733848e-09
343662720_39e4067cd1.jpg,6.065599714e-09
3484576025_a8c50942aa.jpg,2.724339161e-09
2593695271_4d9cc9bd6f.jpg,-2.054964778e-09
3132832452_c354c6396c.jpg,-3.493728656e-09
1808007704_ee8a93abb4.jpg,-3.929625546e-09
697778778_b52090709d.jpg,-1.69805402e-09
2486364531_b482d7f521.jpg,6.575877598e-09
892340814_bdd61e10a4.jpg,2.237945822e-09
293881927_ac62900fd4.jpg,8.802160292e-10
3128514681_a51b415c31.jpg,-4.417600191e-09
2286270205_16038dec5a.jpg,2.513378244e-09
233327292_3bcbc3783f.jpg,-1.797033582e-10
356929855_6bbf33d933.jpg,1.707474374e-09
3578981202_efef47e264.jpg,1.960623691e-10
2392460773_2aa01eb340.jpg,-1.89867655e-09
2919459517_b8b858afa3.jpg,5.011294941e-09
3330019493_fd36fbc2ea.jpg,-5.565117658e-09
2119302248_72493d458c.jpg,9.369120067e-10
2884651479_12e400ee58.jpg,1.44812477e-09
1016887272_03199f49c4.jpg,4.571523637e-10
3518687038_964c523958.jpg,4.08105028e-09
103106960_e8a41d64f8.jpg,3.026759304e-09
298920219_9a3f80acc5.jpg,2.862268858e-09
3301744710_b51280eb56.jpg,3.930414515e-10
3079341641_f65f6b0f8b.jpg,4.50898467e-10
2112661738_de71b60b88.jpg,4.023501489e-09
911795495_342bb15b97.jpg,-5.601227084e-09
3185787277_b412d7f5b7.jpg,6.033723613e-09
847782643_57248bbdab.jpg,-3.13018523e-09
2151300603_248a9fe715.jpg,6.25932754e-09
3576250302_14779632bd.jpg,-9.814855045e-09
3222055946_45f7293bb2.jpg,2.827206313e-09
3220200084_3ea129336e.jpg,-5.397767218e-09
2860035355_3fe7a5caa4.jpg,2.384273346e-09
2544246151_727427ee07.jpg,-2.542376119e-09
3419634480_c390f62a6e.jpg,-3.677941159e-10
2268115375_69884e958d.jpg,3.016673546e-09
3214885227_2be09e7cfb.jpg,3.111832559e-09
2410618963_fb78307d18.jpg,2.354713247e-09
3339751521_7a8768be27.jpg,-8.589825359e-09
3547368652_0d85c665d3.jpg,-2.758461801e-09
2956413620_d59de03a06.jpg,4.246903782e-09
3469585782_e708496552.jpg,-2.495590185e-10
3399284917_721aefe2a7.jpg,-1.61331597e-09
3043266735_904dda6ded.jpg,2.071519105e-09
487074671_66db20bf47.jpg,8.07632146e-09
3306212559_731ba9bd05.jpg,8.513875055e-09
3318564834_4ccea90497.jpg,1.75027651e-09
2358447641_10f1e9d21f.jpg,-3.02560535e-09
2678798732_2998f9969c.jpg,-3.514574278e-10
3388836914_c267cf3a59.jpg,-2.041579864e-10
2222559267_6fd31e3941.jpg,-3.430722148e-10
1388373425_3c72b56639.jpg,2.760056158e-09
2276499757_b44dc6f8ce.jpg,3.363986565e-10
309049466_1d7e7d5fc2.jpg,6.913367053e-09
2442243868_abe8f74fb4.jpg,-8.427508524e-09
2833820456_143ea6ce47.jpg,3.436486378e-09
2728276857_3f83757ef2.jpg,1.516957985e-10
3090957866_f1b2b7f214.jpg,6.322365205e-09
1659358141_0433c9bf99.jpg,-8.043006798e-09
3206999917_e682672cbc.jpg,-2.130836389e-09
210839948_bbd5bfa3b6.jpg,5.153968312e-09
1526181215_c1a94325ae.jpg,-6.439422039e-10
2856456013_335297f587.jpg,-2.675224242e-09
2603125422_659391f961.jpg,-1.636006392e-09
2453318633_550228acd4.jpg,-2.766700953e-09
3456362961_d8f7e347a8.jpg,-1.948862238e-09
2550011909_6b95f11330.jpg,-5.475594811e-09
3102204862_f1d220230b.jpg,3.23176954e-10
1454841725_4b6e6199e2.jpg,2.437824632e-09
824923476_d85edce294.jpg,1.00037522e-09
2945036454_280fa5b29f.jpg,1.026798686e-09
2128119486_4407061c40.jpg,2.094372798e-09
506367606_7cca2bba9b.jpg,1.424272175e-09
3537474810_cf676b3259.jpg,-2.721887673e-09
433810429_a4da0eac50.jpg,3.476909522e-09
973827791_467d83986e.jpg,2.969074533e-09
2519812011_f85c3b5cb5.jpg,1.114268571e-09
271177682_48da79ab33.jpg,3.24690896e-09
241347700_ef2451d256.jpg,2.387994196e-09
394563330_68b566368c.jpg,3.046984043e-09
3122579598_14841c038a.jpg,-7.466003159e-10
3366904106_e996320d20.jpg,2.039730565e-09
2938875913_0ed920a6be.jpg,5.764845275e-09
3478877323_0a507a601b.jpg,3.88897486e-09
2892413015_5ecd9d972a.jpg,5.409557714e-10
3720366614_dfa8fe1088.jpg,3.963201344e-09
3612249030_e2829ffa31.jpg,-5.468872384e-10
3738685861_8dfff28760.jpg,1.734080144e-09
3393152604_27bd1037f2.jpg,-3.668304068e-09
145721498_a27d2db576.jpg,-1.871294129e-09
3083016677_5782bc337c.jpg,2.069412552e-09
3139393607_f0a54ca46d.jpg,1.107881163e-08
3564148252_aa4cb36a32.jpg,4.096994309e-09
1931690777_897a7d8ab6.jpg,-1.39994221e-09
3415578043_03d33e6efd.jpg,7.551408878e-09
2672588619_3849930e99.jpg,-1.335186944e-08
3288174272_2daa06d360.jpg,5.086460806e-09
2500354186_0836309cc9.jpg,5.728854514e-09
2661294969_1388b4738c.jpg,2.627585852e-09
2830309113_c79d7be554.jpg,2.789074192e-09
492341908_1ef53be265.jpg,6.397621817e-09
1317292658_ba29330a0b.jpg,-4.678742497e-09
317641829_ab2607a6c0.jpg,6.538406951e-09
3677613006_4689cb8e4e.jpg,-1.309737902e-09
3430526230_234b3550f6.jpg,3.756903464e-09
3663307538_468739e4c3.jpg,1.104310381e-09
2540360421_f7c2401da8.jpg,-2.550445636e-09
3590653633_495de5f288.jpg,2.46394902e-09
1295698260_e10c53c137.jpg,-4.959133694e-09
270724499_107481c88f.jpg,-6.125522575e-09
3174713468_e22fa7779e.jpg,2.91572327e-10
3437273677_47d4462974.jpg,1.780218387e-09
3201427741_3033f5b625.jpg,-1.138040178e-09
3162442331_c9711857c6.jpg,3.61910143e-09
3454988449_1de1ef4f20.jpg,-2.385793228e-09
3342309960_c694b2cce9.jpg,9.732835921e-09
2429729667_42effc165d.jpg,1.434609481e-09
2297471897_3419605c16.jpg,3.303411906e-09
697490420_67d8d2a859.jpg,7.128857331e-09
3476709230_6439305bf2.jpg,-1.601751844e-09
2295447147_458cfea65a.jpg,-2.526443501e-09
1469358746_2a879abaf3.jpg,2.922840097e-10
3616771728_2c16bf8d85.jpg,-1.287869163e-09
3718892835_a3e74a3417.jpg,1.032821564e-08
3298233193_d2a550840d.jpg,4.821794967e-09
3497236690_a48bf7ac42.jpg,8.81789615e-10
2403078014_4b1d6f8bde.jpg,-6.280592407e-09
2999735171_87ca43c225.jpg,-3.003080914e-10
3616638478_641d02183d.jpg,-5.206472464e-09
3413571342_b9855795e2.jpg,1.666505831e-09
508432819_3d055f395d.jpg,-2.665343486e-10
2374652725_32f90fa15c.jpg,-3.119092836e-09
241347300_7c84ecf764.jpg,2.371346015e-09
2931254547_e97c6d0d63.jpg,1.568118318e-08
244760289_f4467b2b67.jpg,-8.852167598e-10
3541483943_9776baee7c.jpg,-4.27183691e-09
3584603849_6cfd9af7dd.jpg,-2.145473706e-09
2884092603_786b53a74b.jpg,-5.344325295e-10
2255332561_3375897ff0.jpg,-2.189604469e-10
3307147971_5b3abf61f9.jpg,1.212871155e-09
2953861572_d654d9b6f2.jpg,-1.775602598e-10
3072172967_630e9c69d0.jpg,-3.286866065e-09
1473618073_7db56a5237.jpg,7.689535472e-09
1354318519_2f9baed754.jpg,-3.374698932e-09
3559781965_d4ec00e506.jpg,-8.54165038e-09
3027399066_ca85495775.jpg,-5.621471232e-10
429283612_37f6e7fb7f.jpg,1.1116212e-08
2029280005_a19609c81a.jpg,-4.339453873e-09
2592711202_55f8c64495.jpg,1.958267411e-10
3263741906_6e4508d1c8.jpg,1.663261213e-09
3551281733_b43bf6f870.jpg,9.161372164e-10
493507605_48fe8e3739.jpg,-3.33407784e-09
3535768334_a3924bcccd.jpg,7.755965021e-09
684375286_09cc1aa778.jpg,4.3779416e-09
2102732029_9ae520914d.jpg,6.927348391e-09
3426144752_28d63615ca.jpg,5.928166174e-09
346253487_687150ab04.jpg,2.913709965e-09
3454315016_f1e30d4676.jpg,4.541251608e-09
3550255426_4ab03c0d6e.jpg,2.80540335e-09
2236016316_f476cbbf06.jpg,-8.314717724e-09
1675679141_36c9bc2969.jpg,5.922668047e-09
3139895886_5a6d495b13.jpg,1.992710495e-09
2265100168_175f8218af.jpg,3.267860167e-09
3523559027_a65619a34b.jpg,-7.061040822e-09
421932359_edbf181f44.jpg,-1.061586948e-09
3376942201_2c45d99237.jpg,-5.196916069e-09
2458033289_f0616879df.jpg,-6.934585484e-10
2709648336_15455e60b2.jpg,1.384413619e-09
2337809114_899ba61330.jpg,3.31649531e-09
3377344932_6dfce93248.jpg,3.202304772e-10
445655284_c29e6d7323.jpg,-8.575951732e-09
3502993968_4ee36afb0e.jpg,7.358861368e-09
599366440_a238e805cf.jpg,4.530316879e-09
152029243_b3582c36fa.jpg,2.270386917e-09
2952751562_ff1c138286.jpg,1.728127212e-09
3336831820_5c5df4b033.jpg,-1.742809519e-09
418616992_22090c6195.jpg,1.804540588e-09
3568225554_73cdb19576.jpg,-2.860442271e-09
2545363449_1985903f82.jpg,5.984642152e-09
2176147758_9a8deba576.jpg,-1.492537471e-09
3117562746_62f57a02b5.jpg,-1.587457919e-09
1594038143_57f299aa8a.jpg,3.881058578e-09
2695001634_127fe2f0d7.jpg,-7.044030572e-10
3082474922_9c3533eaf6.jpg,1.355643691e-08
3503623999_bbd5dcfb18.jpg,3.32151944e-09
1446933195_8fe9725d62.jpg,-2.170438689e-09
3139389284_f01bd4c236.jpg,1.355963537e-09
848293676_98e73c52c1.jpg,-1.109628509e-09
2924908529_0ecb3cdbaa.jpg,2.004431958e-10
3397228832_8ce5b1c26f.jpg,7.608895701e-09
2705947033_5999147842.jpg,-3.241934822e-09
3533922605_a2b1e276f6.jpg,-6.223831725e-09
3221815947_76c95b50b7.jpg,2.286994617e-10
3181701312_70a379ab6e.jpg,7.883568739e-09
415657941_454d370721.jpg,-1.058715663e-08
412056525_191724b058.jpg,-8.494438418e-09
2431832075_00aa1a4457.jpg,-5.483965873e-09
3252457866_b86614064c.jpg,5.692002529e-09
3558370311_5734a15890.jpg,-1.194058151e-09
537390477_7dd3407f96.jpg,1.562519607e-09
3526018344_450c517a72.jpg,-4.6092609e-09
3138504165_c7ae396294.jpg,5.479881451e-09
1606988704_fe330878a3.jpg,-3.488770573e-10
2430860418_fd0726f414.jpg,9.261639125e-10
2103568100_5d018c495b.jpg,-2.601176128e-09
3068994801_b2bc079e67.jpg,7.060250628e-10
2630507245_bea4804288.jpg,-2.991578528e-09
436009777_440c7679a1.jpg,2.881539806e-09
232874193_c691df882d.jpg,2.81828281e-09
525538142_7348f0bce7.jpg,-5.682434564e-09
1465666502_de289b3b9c.jpg,6.974386691e-10
520491467_54cbc0a866.jpg,-3.341259177e-09
542648687_adf13c406b.jpg,-5.803246684e-09
3524914023_4e96edb09f.jpg,-4.315398624e-09
2939007933_8a6ef2d073.jpg,-2.74125772e-09
281419391_522557ce27.jpg,-1.569720286e-09
549520317_af3d5c32eb.jpg,-5.677766865e-09
3100251515_c68027cc22.jpg,-6.042244649e-09
3397259310_1ed1a346b5.jpg,-6.255965497e-09
2858439751_daa3a30ab8.jpg,-6.662484842e-09
2422018883_336519b5c6.jpg,-1.466725602e-09
2750867389_4b815f793a.jpg,-5.397292125e-09
1598085252_f3219b6140.jpg,-5.611204104e-09
2479553749_f7ac031940.jpg,1.768165045e-09
2522297487_57edf117f7.jpg,-3.309832645e-10
3178005751_fca19815ac.jpg,4.949844195e-09
1453366750_6e8cf601bf.jpg,-3.283225268e-09
3252588185_3210fe94be.jpg,2.143812882e-09
2115631346_9585a479b0.jpg,-4.808798212e-11
2295894587_2fd8faf550.jpg,-7.442957096e-09
3249014584_21dd9ddd9d.jpg,-9.851712289e-09
3359089834_263e529c71.jpg,4.106236843e-09
3738789925_7d17dbdf25.jpg,7.346284328e-09
516998046_1175674fcd.jpg,3.000447936e-09
3697456750_460aea7252.jpg,5.507663776e-09
3447007090_08d997833a.jpg,-1.097658099e-08
2225231022_1632d0a5aa.jpg,-1.235327106e-09
3583321426_f373c52161.jpg,3.731884236e-10
3155361712_2cbf59c78e.jpg,-1.345389045e-09
3099264059_21653e2536.jpg,-6.253142857e-09
141139674_246c0f90a1.jpg,5.792112021e-10
3422458549_f3f3878dbf.jpg,-4.445613021e-09
527968666_1fcddf81ab.jpg,5.616680799e-09
2339516180_12493e8ecf.jpg,-2.389953274e-09
3280644151_3d89cb1e0e.jpg,5.820081076e-09
369802520_9825f2cd84.jpg,-1.162989267e-09
533713007_bf9f3e25b4.jpg,-3.389144846e-10
1579287915_4257c54451.jpg,-1.425392526e-09
2121140070_a09644550b.jpg,8.721574462e-09
2359784186_36c9746d02.jpg,1.851368244e-09
2101128963_fdf8b2a0d7.jpg,3.031900066e-09
2647593678_1fa3bb516c.jpg,2.689075692e-09
2196846255_2c1635359a.jpg,-2.286648767e-10
2869253972_aa72df6bf3.jpg,5.854949752e-10
3549277110_24d4064ccd.jpg,-8.878085459e-10
2347921097_f2e35753c0.jpg,-9.071851127e-09
2510560080_1439fe32f2.jpg,-3.109848454e-09
2739332078_13d9acce59.jpg,3.964978104e-09
2423856014_8df0e7f656.jpg,3.332566127e-09
2998945968_86f236d1e8.jpg,1.179026104e-09
3348191949_b0b925e5f1.jpg,-4.420174997e-09
2685788323_ceab14534a.jpg,-5.875571255e-09
3544312930_3a0b8d70c1.jpg,-1.618280944e-09
2136514643_93d8f75a77.jpg,2.03673571e-10
493621130_152bdd4e91.jpg,-1.947669224e-10
2261169495_98254e2e66.jpg,-3.072641782e-10
1424237335_b3be9920ba.jpg,5.712479306e-09
544122267_e9e0100bc5.jpg,-2.861164027e-09
347543966_b2053ae78c.jpg,2.345745033e-09
3091962081_194f2f3bd4.jpg,-2.866624596e-09
3673035152_da7ed916d9.jpg,-3.861492579e-09
2525270674_4ab536e7ec.jpg,-6.083403992e-09
2252264255_03fefc25af.jpg,-5.357289491e-09
2902486045_6298eb22ef.jpg,1.848983664e-09
322050103_145f7233c6.jpg,-3.396968932e-09
791338571_7f38510bf7.jpg,5.057801794e-09
3251906388_c09d44340e.jpg,-2.080002346e-09
3148647065_2d6cd88cf6.jpg,-2.805065759e-09
3524975665_7bec41578b.jpg,-3.357197736e-09
3673484638_dce87295fe.jpg,-1.444530385e-09
2837808847_5407af1986.jpg,5.79785353e-09
3380519003_9f91d5a7fb.jpg,4.303131333e-09
2891924845_92f69b0f18.jpg,2.378754091e-09
2773011586_6f4cd41e84.jpg,6.471572457e-09
172092464_d9eb4f4f2f.jpg,-1.956107981e-09
3319489465_c65c91e4f2.jpg,2.77097337e-09
429205889_ff5a006311.jpg,-5.452268367e-09
3203872773_6c30f64be3.jpg,2.864431845e-09
2551344688_17a12a6948.jpg,-3.735494888e-09
217838128_1f0a84ddc1.jpg,9.308063494e-09
2662570182_350baa020f.jpg,-8.590726849e-09
2649850541_59a6c7f01c.jpg,-3.926975403e-09
3157744152_31ace8c9ed.jpg,-2.388986696e-10
2642688531_8fb68b2147.jpg,3.784957039e-09
247652942_29ede19352.jpg,-6.823512827e-09
2848977044_446a31d86e.jpg,-9.685702588e-10
2847859796_4d9cb0d31f.jpg,2.613817397e-09
490390951_87395fcb1c.jpg,8.282419944e-09
3425414048_fa14d33067.jpg,-5.99451655e-09
2774430374_fee1d793e7.jpg,-1.438830034e-08
3212456649_40a3052682.jpg,-2.422998979e-09
1220401002_3f44b1f3f7.jpg,-3.243453618e-09
2540203582_9a9ac92a5d.jpg,1.425202572e-09
1918573100_d31cbb6b77.jpg,2.627486112e-10
3227111573_c82f7d68b1.jpg,-6.477348854e-09
3480126681_52cea26bda.jpg,-2.82858288e-10
3659686168_49c3abcee1.jpg,4.236255251e-09
2891617125_f939f604c7.jpg,-2.064589603e-09
3358682439_be4b83544c.jpg,1.638576445e-09
2575647360_f5de38c751.jpg,-1.024406006e-09
2752919987_8bfca604ab.jpg,-1.031343253e-09
2672445419_251ce9419a.jpg,1.949390849e-10
299612419_b55fe32fea.jpg,-3.245636921e-09
3328247381_a9f7fb4898.jpg,-2.710702984e-09
2836360729_6500249fe6.jpg,-2.164783605e-09
3660826540_481d25fbb0.jpg,5.945190199e-09
2378149488_648e5deeac.jpg,1.621364088e-09
267325341_1a96ef436e.jpg,-3.783894609e-09
3682277595_55f8b16975.jpg,-2.100477987e-09
399212516_d68046b277.jpg,6.308176565e-10
317383917_d8bfa350b6.jpg,1.133227172e-08
310260324_7f941814bc.jpg,3.118364418e-09
3737492755_bcfb800ed1.jpg,-4.295918772e-09
3665996775_6d7d9a46f1.jpg,-1.911916437e-09
3275711232_e261143664.jpg,-3.058067929e-09
3733074526_82aa8d5f8d.jpg,-9.252978197e-09
299676757_571ee47280.jpg,-5.509723922e-09
2656749876_e32495bd8c.jpg,-1.078078234e-09
624058168_f1c5e87e59.jpg,-1.034325544e-09
287999021_998c2eeb91.jpg,5.504968113e-09
534875358_6ea30d3091.jpg,-4.606175126e-09
341430859_4519802e8f.jpg,-5.975643022e-10
1937104503_313d22a2d0.jpg,-6.964769133e-10
2701271123_6761bc5f26.jpg,-9.525426379e-10
143552697_af27e9acf5.jpg,-6.500214577e-09
3019199755_a984bc21b1.jpg,-6.147809902e-10
2009636597_e3f4fe19fb.jpg,1.746866885e-09
3229898555_16877f5180.jpg,2.807382525e-09
400851260_5911898657.jpg,-1.717123485e-09
3156991513_3bf03333d8.jpg,-1.292830417e-09
3472703856_568d9778b5.jpg,9.66976301e-10
1396703063_e8c3687afe.jpg,2.001828146e-09
1472230829_803818a383.jpg,-3.507820133e-10
1685463722_55843b6d3c.jpg,9.972098175e-10
3248752274_96740ed073.jpg,-4.10006075e-09
2256138896_3e24b0b28d.jpg,-3.532542773e-09
3530504007_3272c57e21.jpg,-1.32609002e-09
2875658507_c0d9ceae90.jpg,1.713443442e-09
3102363657_dc95fe6850.jpg,5.525466567e-09
2886411666_72d8b12ce4.jpg,1.392978051e-09
2766854400_640e2abe08.jpg,4.881863148e-10
276356412_dfa01c3c9e.jpg,1.331349139e-09
3257207516_9d2bc0ea04.jpg,2.069857341e-09
416106657_cab2a107a5.jpg,1.549367978e-09
3001612175_53567ffb58.jpg,-8.151056088e-10
404850242_3a55a4c874.jpg,6.670891483e-09
1227655020_b11a1bb112.jpg,-8.173091091e-09
2546959333_23b957988f.jpg,-3.792771556e-09
244870123_dcb6e53643.jpg,-4.133152019e-09
2896483502_6f807bae9e.jpg,2.855179816e-11
537532165_e4b7c0e61a.jpg,4.085606597e-09
530888330_a18343e38d.jpg,-7.996856792e-10
975131015_9acd25db9c.jpg,-2.494779223e-09
3293018193_e4e0c8db7c.jpg,3.624307473e-09
2616284322_b13e7c344e.jpg,-2.129010946e-09
3477369101_8e0c61d8f4.jpg,3.032444486e-09
2172493537_128bc8b187.jpg,-2.982923666e-09
3340857141_85d97a7466.jpg,-2.729618849e-09
3023178539_836b50cd43.jpg,1.002035338e-09
3608752424_01a1cfd8a6.jpg,-6.526142221e-09
2918880895_e61f74f2f0.jpg,-2.278076871e-09
2657663775_bc98bf67ac.jpg,-1.577568742e-09
1536774449_e16b1b6382.jpg,-2.406491496e-09
1999444757_1b92efb590.jpg,3.912285194e-09
1387443857_602ab6f9bf.jpg,-3.090276142e-09
2947274789_a1a35b33c3.jpg,-1.39434317e-09
2286823363_7d554ea740.jpg,5.906982043e-10
3630332976_fdba22c50b.jpg,4.425072268e-09
2990977776_1ec51c9281.jpg,8.355968191e-09
3532761259_14026c1e96.jpg,-1.413656508e-09
2219805467_370ee1b7aa.jpg,1.133032817e-08
3332248667_617606714b.jpg,-2.993485247e-09
543363241_74d8246fab.jpg,5.219490161e-09
3115901702_f07aa0ef74.jpg,1.613111334e-09
3486154327_8be7c78569.jpg,-3.39477398e-09
2171154778_8189169336.jpg,2.567235259e-09
3523874798_9ba2fa46e3.jpg,-9.387392083e-10
2090997177_76d482b158.jpg,-4.467721777e-09
2638369467_8fc251595b.jpg,-9.132600556e-10
3582066525_e9d6377f56.jpg,-2.031757958e-10
3671935691_57bdd0e778.jpg,4.743409433e-09
1406010299_5755339f08.jpg,4.354713686e-09
2424398046_1a55c71376.jpg,-4.450735296e-09
3025495499_b15797b452.jpg,2.435587124e-09
2555535057_007501dae5.jpg,1.832140434e-09
2355819665_39021ff642.jpg,-2.937746091e-09
3348208268_6d97d951eb.jpg,-3.187388763e-09
551403320_dfdcf9fc3b.jpg,4.401691382e-09
2579268572_d78f8436cb.jpg,-5.788551948e-11
2428751994_88a6808246.jpg,-1.633675198e-09
745880539_cd3f948837.jpg,-1.420383409e-09
2394824046_51cec8e5e7.jpg,9.893971086e-10
3164347907_2813f8ff0b.jpg,-9.888088221e-09
2501595799_6316001e89.jpg,-4.515000074e-09
1470061031_4cb59c12a8.jpg,-1.32469024e-09
3649802021_8a689bc153.jpg,2.498238721e-09
3638577494_fe55f7b4cb.jpg,8.876750694e-11
2940594396_20c40947b0.jpg,2.078916075e-09
197924859_f6e39a7dfa.jpg,1.083741242e-09
2865703567_52de2444f2.jpg,-3.476980731e-09
3758787457_1a903ee1e9.jpg,4.426536493e-09
2666078276_f7b3056997.jpg,1.026392614e-10
2737609659_efce872c24.jpg,3.425041325e-09
3131107810_7e9b96cddc.jpg,4.100234269e-09
2279945145_8815c59217.jpg,-4.132238589e-09
241346434_0527ea1c07.jpg,-5.997653632e-09
543940240_a54a3c7989.jpg,3.929621528e-09
309771854_952aabe3cc.jpg,6.302553188e-09
2676015068_690b0fb2cd.jpg,-1.679873553e-09
3425127583_611200619a.jpg,6.256256159e-09
3122773470_b622205948.jpg,-3.112023276e-09
3439128755_84409b8823.jpg,4.249425721e-09
2922222717_12195af92d.jpg,1.61248175e-09
361092202_3d70144ebd.jpg,8.09399583e-11
3692892751_f6574e2700.jpg,-2.164431223e-09
439569646_c917f1bc78.jpg,-3.414464634e-09
2856699493_65edef80a1.jpg,-1.067622051e-08
197107117_4b438b1872.jpg,-4.099714443e-09
95728660_d47de66544.jpg,1.72871272e-09
2215136723_960edfea49.jpg,3.090376949e-09
2657643451_b9ddb0b58f.jpg,-2.366066174e-09
2815788792_d226215d10.jpg,-8.183084811e-09
512991147_dc48e6839c.jpg,-4.580848624e-09
332045444_583acaefc3.jpg,2.003593856e-09
3584406900_039f30b34c.jpg,-2.392732895e-09
486300784_2cc7a770ff.jpg,5.267643395e-09
2773682293_3b712e47ff.jpg,-6.304953728e-09
1355833561_9c43073eda.jpg,-6.258517039e-09
1481062342_d9e34366c4.jpg,1.76901886e-09
688940111_325a74674a.jpg,-2.326628032e-09
478754346_addb53893c.jpg,-5.243120643e-09
2194286203_5dc620006a.jpg,5.061035314e-09
392976422_c8d0514bc3.jpg,-3.984432417e-09
2103361407_4ed4fc46bf.jpg,2.649819882e-09
2525455265_f84ba72bd7.jpg,4.050240324e-09
2938316391_97382d14aa.jpg,-4.084096788e-09
3659769138_d907fd9647.jpg,7.862348773e-10
3455405300_aa3069ecaa.jpg,1.984411544e-10
3646970605_d25c25340b.jpg,2.561133724e-09
3438858409_136345fa07.jpg,1.165998964e-09
887108308_2da97f15ef.jpg,1.40691697e-10
3025334206_76888792e5.jpg,-1.108805855e-09
364213568_7f83e7d144.jpg,-7.762339976e-09
3198237818_cb5eb302f0.jpg,3.099050622e-09
824782868_a8f532f3a6.jpg,1.007178094e-09
3256603992_67312b5a36.jpg,6.461965588e-09
2589156742_c46bc82137.jpg,1.598840662e-09
2846785268_904c5fcf9f.jpg,-4.694074794e-09
3003612178_8230d65833.jpg,3.659867409e-09
619169586_0a13ee7c21.jpg,-3.549346371e-10
2021671653_567395c7cf.jpg,1.982224835e-09
2043427251_83b746da8e.jpg,4.428701036e-09
3625519177_4c2bb9e7f0.jpg,-4.170141542e-09
394463341_5311c53783.jpg,2.147823492e-09
3344526059_4a097af285.jpg,4.662176173e-11
2378127945_8dc9da82d7.jpg,1.773392673e-09
3690425778_3b390b3ea5.jpg,6.888012456e-09
3470129475_9e58b6742c.jpg,3.164551657e-09
1388346434_524d0b6dfa.jpg,3.921170909e-09
3334057289_68ece38a85.jpg,1.783518596e-09
2182050469_1edac0bc60.jpg,2.417172227e-09
2399219552_bbba0a9a59.jpg,-1.601228014e-09
2866254827_9a8f592017.jpg,5.798372553e-09
3434452829_62cee280bc.jpg,-5.385635776e-09
2467853482_17009933e8.jpg,4.141603476e-09
978580450_e862715aba.jpg,-3.481410145e-09
3435648640_b2f68efb78.jpg,-9.535942469e-09
3104909823_0f41dd8be6.jpg,1.381621158e-09
3336759846_5220e27deb.jpg,6.881248761e-09
491600485_26c52c8816.jpg,-1.691736339e-10
3613005134_bb7f304da1.jpg,-5.993317291e-09
1378557186_4bd1da6834.jpg,7.767468387e-10
551664516_78a5131dc4.jpg,8.098166461e-09
3725177385_62d5e13634.jpg,-3.771893314e-09
765091078_a8a11c6f9e.jpg,-4.131125417e-09
3046430047_d7b10123d0.jpg,6.123097805e-10
2483993827_243894a4f9.jpg,-3.477322837e-09
2125454445_5c5c4bf906.jpg,-4.94648864e-09
3219065971_702c4e8c34.jpg,-1.482707861e-09
1965278563_8279e408de.jpg,-8.783547887e-09
439049388_3dcee2d30b.jpg,2.053652741e-09
3207358897_bfa61fa3c6.jpg,3.848879785e-09
2090327868_9f99e2740d.jpg,-2.041801855e-09
195962284_e57178054a.jpg,-3.156083835e-09
2854207034_1f00555703.jpg,-2.092444003e-09
2592019072_a6c0090da4.jpg,6.584355651e-09
483039719_75181b2726.jpg,4.016493869e-09
2613920405_e91e6ebd7a.jpg,-6.981664029e-10
905355838_3a43fdfd4e.jpg,3.904889518e-09
3638459638_ec74e3ff89.jpg,1.101781377e-09
3381788544_2c50e139dd.jpg,-2.440785941e-09
3252985078_c4ee2aca4e.jpg,3.65737298e-09
3563673070_71fa0903ed.jpg,7.837295118e-11
3708839890_ed448012cf.jpg,2.032793463e-09
2661567396_cbe4c2e5be.jpg,2.782760137e-09
3321063116_4e5deeac83.jpg,-2.446086283e-09
1897025969_0c41688fa6.jpg,1.17590062e-09
516214924_c2a4364cb3.jpg,5.286218766e-09
3110649716_c17e14670e.jpg,1.20338088e-09
524310507_51220580de.jpg,-1.460466513e-09
3474265683_43b1033d94.jpg,9.218235703e-10
2384401298_e389c01abc.jpg,4.841322716e-09
3705976184_53ae07e898.jpg,2.646179357e-09
2243904502_2d265fed80.jpg,-1.77875061e-09
1122944218_8eb3607403.jpg,1.483522899e-09
95734035_84732a92c1.jpg,-6.405088279e-09
1814391289_83a1eb71d3.jpg,6.638498503e-10
3342487512_fd33971dea.jpg,3.327919415e-09
1562392511_522a26063b.jpg,7.055912166e-10
86542183_5e312ae4d4.jpg,2.93826671e-09
3301021288_95935b7a74.jpg,-5.028189594e-10
3245070961_8977fdd548.jpg,-7.0372872e-10
3181322965_ce9da15271.jpg,-1.162348277e-09
1561658940_a947f2446a.jpg,-2.094856723e-09
2021602343_03023e1fd1.jpg,7.831171006e-09
2978735290_7464b12270.jpg,-1.104861274e-10
3371266735_43150bce52.jpg,1.368770332e-09
1163282319_b729b24c46.jpg,1.99487048e-09
3115174046_9e96b9ce47.jpg,6.302951972e-10
3500342526_393c739e2f.jpg,-5.601414986e-09
3357416302_fcfcdd7b86.jpg,2.514070569e-09
3081363964_d404eccae8.jpg,5.183231743e-09
2113530024_5bc6a90e42.jpg,1.253895531e-09
3191805046_77c334b506.jpg,-1.311344233e-09
3443351431_7b4061df5c.jpg,1.834948078e-09
3484649669_7bfe62080b.jpg,1.067622415e-09
3487979741_5f244c0c4b.jpg,3.661524946e-09
3039214579_43ef79f931.jpg,-1.330794551e-09
2449552677_ee78f01bae.jpg,-3.102419697e-09
2527303359_6c3dc3f282.jpg,2.257492903e-09
3035785330_2fd5e32bb1.jpg,-1.820352775e-09
3423509305_e399d005db.jpg,-7.717678935e-10
578644583_da3ff18dd1.jpg,4.55568323e-09
3443853670_6c79fcfcb2.jpg,-1.919892324e-09
3342272425_804316cb3d.jpg,4.117607502e-11
1429723917_6af585e4c0.jpg,-4.746626594e-09
2934801096_230ae78d7e.jpg,-5.389310246e-09
2567035103_3511020c8f.jpg,8.26116476e-09
427683329_95d510a087.jpg,-8.369602966e-10
1425069308_488e5fcf9d.jpg,2.614078548e-10
2206600240_f65df56a09.jpg,-1.626415233e-09
755326139_ee344ece7b.jpg,-6.236820105e-10
418357172_bdddf71d32.jpg,-2.681695075e-09
1676601498_7d59327523.jpg,1.520040507e-09
3322200641_c2e51ff37b.jpg,2.404405803e-09
2596619849_7b635dd310.jpg,-3.6483488e-10
2380740486_8cd5d4601a.jpg,1.642725573e-08
439037721_cdf1fc7358.jpg,-2.000219603e-09
447722389_4b51b7e13d.jpg,2.542213825e-09
3597354819_0069aaf16e.jpg,4.484463174e-10
2366421102_2d60d53a0e.jpg,1.09566751e-09
3374722123_6fe6fef449.jpg,-4.177292827e-09
3728164558_52729baefa.jpg,-9.242016653e-09
3425061393_d093edb8da.jpg,3.938983653e-09
3449170348_34dac4a380.jpg,2.644392218e-09
1787222774_d5c68cce53.jpg,7.842969786e-11
3616846215_d61881b60f.jpg,3.282292803e-09
2060031241_a3ae7a06bb.jpg,8.118089827e-10
3628698119_5566769777.jpg,-3.454729126e-09
3315353266_70f0bbb1c3.jpg,-4.652615652e-09
488590040_35a3e96c89.jpg,2.946251904e-09
3085973779_29f44fbdaa.jpg,3.327992654e-09
377872472_35805fc143.jpg,-4.019203646e-09
463978865_c87c6ca84c.jpg,-9.209918854e-09
3249891130_b241591e89.jpg,-3.252867917e-10
2954584849_3c2899f319.jpg,1.170425681e-09
2308978137_bfe776d541.jpg,-6.554169765e-09
3596959859_a7cb1e194b.jpg,4.503615648e-09
3647826834_dc63e21bd0.jpg,1.1341901e-09
2058124718_89822bc96e.jpg,2.542677094e-09
3356284586_21c6f155a5.jpg,4.475546854e-09
2629294578_853a08bb43.jpg,-5.682693939e-10
2186139563_e60c1d4b8b.jpg,3.849017851e-09
2445654384_4ee3e486e1.jpg,7.438753957e-09
3351111378_b5d80783a1.jpg,-8.885441223e-09
3585117340_73e96b6173.jpg,-1.983096103e-10
2710280476_dcccb8745a.jpg,2.375940502e-09
3718964174_cb2dc1615e.jpg,-3.49550616e-09
2754271176_4a2cda8c15.jpg,1.911581074e-09
3134586018_ae03ba20a0.jpg,5.656120242e-09
1626754053_81126b67b6.jpg,-7.115948315e-09
3359530430_249f51972c.jpg,-1.489366342e-08
3604384157_99241be16e.jpg,-1.365628524e-09
2160266952_a2ab39191b.jpg,-8.712055808e-09
3461049169_e068ae4f25.jpg,-1.076401422e-09
2695085632_10c4e6ea78.jpg,5.462138894e-10
575636303_b0b8fd4eee.jpg,3.348955195e-09
3284899112_f11ab3cfe6.jpg,-1.975191985e-09
1093737381_b313cd49ff.jpg,7.9857939e-10
3544483327_830349e7bc.jpg,3.736635546e-09
2992999413_018f48aabc.jpg,-5.529446049e-09
1813266419_08bf66fe98.jpg,-9.475549002e-11
424379231_23f1ade134.jpg,-5.703162701e-09
3176278670_195eea071c.jpg,-1.130947003e-09
2967630001_cdc5560c0b.jpg,2.450187216e-09
353180303_6a24179c50.jpg,2.341332567e-09
2875583266_4da13ae12d.jpg,-3.504513805e-09
3679707139_1cc1e71237.jpg,3.577101578e-09
3565598162_56044bc2f7.jpg,-6.106813594e-10
2882589788_cb0b407a8d.jpg,-5.93568814e-10
3060969260_08f43e4f4f.jpg,5.935173846e-09
2922981282_203f04bf9b.jpg,-4.284194065e-09
3336808362_c17837afd8.jpg,-9.575073026e-09
312156254_ef31dca5ed.jpg,-2.634639289e-09
3356748019_2251399314.jpg,6.999293669e-09
3576741633_671340544c.jpg,-2.739597235e-10
3330654550_3efe9a71af.jpg,3.502914363e-09
3516285214_59823b341e.jpg,-2.590760155e-09
2322601965_748d59dc57.jpg,-2.731461717e-09
2346402952_e47d0065b6.jpg,-2.461999233e-09
1732217138_aa0199ef87.jpg,8.227111372e-09
3189293145_35dea42679.jpg,8.302307984e-11
488408004_a1e26d4886.jpg,-9.481119418e-11
497579819_f91b26f7d3.jpg,6.335748333e-09
3424934891_69f18da66e.jpg,1.86431935e-09
3053813297_7ce5f87710.jpg,3.163414123e-09
747921928_48eb02aab2.jpg,-1.19330072e-09
3584534971_b44f82c4b9.jpg,-3.198978063e-09
1773928579_5664a810dc.jpg,7.476622308e-09
2539933563_17ff0758c7.jpg,-5.333775038e-09
3009035153_715e39b440.jpg,-3.457608831e-09
3619416477_9d18580a14.jpg,2.084261903e-09
2568656919_6e49d2a82b.jpg,1.487435401e-10
2204777844_1bcf26bf84.jpg,5.77913964e-09
436608339_f1d1298770.jpg,2.793696645e-09
3669069522_555c97fbfb.jpg,-5.20885904e-10
2584020755_14e2b3e8fc.jpg,1.929830487e-09
444845904_a4531c811a.jpg,-5.602284332e-10
186348874_75b2cf1ec5.jpg,-6.80318915e-09
2862481071_86c65d46fa.jpg,4.190422737e-09
3109704348_c6416244ce.jpg,-3.365639827e-09
368212336_bc19b0bb72.jpg,-6.638210869e-09
735787579_617b047319.jpg,7.292202917e-09
3304511635_113beaf458.jpg,4.927898718e-09
3519815055_304dc8e8d6.jpg,-6.828038988e-09
1404832008_68e432665b.jpg,8.711257664e-10
1252787177_4b08625897.jpg,-6.381553905e-09
3333675897_0043f992d3.jpg,-1.828125162e-09
3176968956_d942a93513.jpg,-5.668840325e-09
2519594430_551225e5bd.jpg,4.165607976e-09
403678611_73978faed7.jpg,1.443420072e-10
3458215674_2aa5e64643.jpg,2.575198743e-09
3355827928_c96c0c3e88.jpg,-7.524602269e-09
3376435746_1593d9b243.jpg,4.303980376e-09
3265209567_b3b9c8e0fe.jpg,-1.299955056e-09
418796494_bdb441de42.jpg,1.959542819e-09
3216762979_813c45a8ec.jpg,5.768493354e-09
3639967449_137f48b43d.jpg,2.058029358e-09
3335501468_628655d608.jpg,9.18159504e-09
766099402_cdda6964f0.jpg,-7.083175036e-10
3195701071_81879257f5.jpg,-1.666760839e-09
3498354674_b636c7992f.jpg,-3.788490508e-09
405051459_3b3a3ba5b3.jpg,7.948659685e-09
3405759441_fb31c80240.jpg,-1.002709004e-09
3492734013_e6b177ed99.jpg,-2.828420892e-09
2224995194_518859d97d.jpg,2.808725282e-09
2269961438_cae7a9c725.jpg,3.860908186e-09
3293945284_6a04e477a9.jpg,-3.417486498e-09
2057305043_952b8dc82c.jpg,8.642696217e-09
3256274183_4eab3b2322.jpg,-5.315702472e-09
640409060_6af18fdd54.jpg,5.202852044e-09
2857609295_16aaa85293.jpg,-1.043307875e-09
3479245321_6a5bc470f8.jpg,-1.088247796e-09
3482787182_a5c6d4b386.jpg,3.920699967e-09
263854883_0f320c1562.jpg,-2.473496058e-09
3084034954_fe5737197d.jpg,5.078865126e-09
2911107495_e3cec16a24.jpg,-3.627202453e-09
2273105617_7c73d2d2d3.jpg,3.329590681e-09
2772084628_c0ae29d87a.jpg,1.027119706e-09
3663951804_868982f3f9.jpg,-3.272129687e-09
437404867_209625774d.jpg,-9.467432317e-10
3376014640_ff5b00769f.jpg,6.012812722e-09
771366843_a66304161b.jpg,-2.536692255e-09
3084011028_d1e2c40d7d.jpg,2.977304215e-09
2157003092_eaeb977789.jpg,1.486463699e-09
3504940491_94c43792ed.jpg,-3.222137521e-09
2993049054_611f900644.jpg,-5.498866765e-09
2544182005_3aa1332bf9.jpg,4.74359371e-09
2924884899_f512c84332.jpg,-2.177846566e-09
2090386465_b6ebb7df2c.jpg,-3.267397389e-10
127450902_533ceeddfc.jpg,4.191112187e-09
3234401637_84e0d14414.jpg,-4.465393547e-09
1429546659_44cb09cbe2.jpg,1.028900029e-09
2564663851_3a9832e4fc.jpg,-1.95366786e-09
3554634863_5f6f616639.jpg,-6.991127412e-11
2929006980_9f9f8f3d21.jpg,1.011761772e-09
3425835357_204e620a66.jpg,-7.977225674e-09
2075493556_b763648389.jpg,2.79968747e-09
3556390715_65c6d1e88b.jpg,-1.716714906e-09
3590654365_fd4819f48b.jpg,7.857157982e-10
265528702_8653eab9fa.jpg,-1.484894562e-09
3551787566_b5ebbe2440.jpg,6.046519315e-09
2736902411_a0010f89ae.jpg,1.336478897e-09
3413669228_ec64efeb34.jpg,4.254883484e-09
3700346840_bb80d622f7.jpg,-5.997962883e-09
3036641436_d6594fc45f.jpg,4.495700499e-09
2974501005_346f74e5d8.jpg,-1.724752229e-09
2599444370_9e40103027.jpg,-5.11408361e-09
3187096035_65dc416291.jpg,-1.295384801e-09
2543679402_9359e1ee4e.jpg,-4.523553411e-09
1245022983_fb329886dd.jpg,-1.047211086e-08
3472066410_065b4f99d3.jpg,-2.321707649e-09
3016741474_72b4355198.jpg,-9.769230802e-09
1802092493_7b44fdb6b9.jpg,-4.677209237e-09
2181724497_dbb7fcb0a9.jpg,6.088575972e-09
3539840291_1c3eed701d.jpg,1.823950079e-09
3264464625_c711cc40c6.jpg,4.522756114e-09
447733067_09cfac3286.jpg,4.59236775e-10
3201594926_cd2009eb13.jpg,-2.767649492e-09
289599470_cc665e2dfb.jpg,-1.500869591e-12
3656030945_fa003bd696.jpg,-3.211558508e-09
979383193_0a542a059d.jpg,-4.583275153e-09
3155400369_69e3d6d70f.jpg,-2.342368388e-09
3043685748_130db75e3b.jpg,-1.045062635e-09
2072574835_febf0c5fb9.jpg,6.016790457e-09
300314926_0b2e4b64f5.jpg,-4.43604946e-09
3530087422_7eb2b2c289.jpg,1.552752228e-09
293327462_20dee0de56.jpg,-4.10075815e-09
750196276_c3258c6f1b.jpg,4.822509566e-10
2619454551_c4bb726a85.jpg,-2.01925368e-09
300148649_72f7f0399c.jpg,3.982916796e-09
894928353_002a3d5f06.jpg,4.62959561e-09
2917057791_3d68a055ca.jpg,-5.962048118e-09
366713533_bd6d48cf02.jpg,-7.860102531e-09
3398746625_5199beea71.jpg,-1.517332064e-09
3191135894_2b4bdabb6d.jpg,3.317148855e-10
2973269132_252bfd0160.jpg,1.939251624e-10
3315616181_15dd137e27.jpg,-2.176309609e-10
1251558317_4ef844b775.jpg,5.256058782e-10
1932314876_9cc46fd054.jpg,1.217867745e-09
366548880_3d3e914746.jpg,3.337312178e-10
3448855727_f16dea7b03.jpg,-4.075828297e-09
3025315215_a5d367971a.jpg,-1.919648995e-09
3017203816_5dc2a6b392.jpg,6.3326687e-09
2707933554_f6dc5e0e3c.jpg,-1.239847644e-09
2516317118_10ae66b87a.jpg,4.615359932e-09
2426215757_e008a91fcb.jpg,1.583671495e-09
2806710650_e201acd913.jpg,1.43571626e-09
3319338707_892ae2a660.jpg,6.198624532e-09
3681651647_08eba60f89.jpg,9.133734753e-10
1461653394_8ab96aae63.jpg,4.727533975e-09
3216085740_699c2ce1ae.jpg,1.097068094e-09
3582914739_bef2828a06.jpg,-9.250350803e-10
256958382_b9006bfc5b.jpg,4.749507503e-10
3466891862_9afde75568.jpg,8.968289459e-10
1022454332_6af2c1449a.jpg,-4.251913382e-10
2375924666_fee50f1cba.jpg,-4.294412391e-09
2975807155_5a8610c297.jpg,-7.677854723e-09
2918653119_f535fc25c4.jpg,9.29935367e-09
3432586199_e50b0d6cb7.jpg,5.845708267e-10
3090386315_87ed417814.jpg,2.91224071e-09
2970461648_fe14ba0359.jpg,-1.91925074e-09
3474985112_24ef46e82d.jpg,-1.622039771e-09
2715155329_1ed1756000.jpg,1.04095721e-09
2981372647_2061278c60.jpg,-5.363693023e-09
3199645963_a681fe04f8.jpg,-7.673652337e-10
3361882891_6e610ffdbb.jpg,-3.717448315e-09
370442541_60d93ecd13.jpg,-6.952899752e-09
1482960952_95f2d419cb.jpg,-2.573169673e-10
1198194316_543cc7b945.jpg,-7.867109773e-10
2136992638_098d62a3c5.jpg,2.742645434e-09
2831672255_d779807c14.jpg,-2.570892275e-09
3133403457_95dfe11da1.jpg,7.034129836e-10
2270483627_16fe41b063.jpg,1.164511351e-09
2830880811_d7f66dd2cf.jpg,-9.643452338e-10
3028969146_26929ae0e8.jpg,-7.077538358e-09
3435015880_eda46ff50f.jpg,-2.392715825e-10
3210457502_c6030ce567.jpg,-1.026745676e-09
3246804978_ea2c9e56f2.jpg,1.269056359e-08
544301311_5e7d69a517.jpg,-8.554983426e-10
3405113041_4b72c24801.jpg,9.794694209e-10
3494345896_dd6b32cfa3.jpg,-5.279211038e-09
3697153626_90fb177731.jpg,-3.380504139e-09
2942094037_f6b36fd3db.jpg,-3.556568081e-09
3688839836_ba5e4c24fc.jpg,1.039702161e-09
1234293791_6566284bcd.jpg,-3.031634295e-09
2998024845_1529c11694.jpg,3.799586622e-09
3514179514_cbc3371b92.jpg,-8.378432734e-09
2877637572_641cd29901.jpg,8.82258392e-09
3336211088_4c294a870b.jpg,2.184251069e-10
453756106_711c20471a.jpg,-7.193913183e-09
3116039960_54d1d68145.jpg,7.614317092e-09
3634828052_3b6aeda7d6.jpg,2.880853593e-09
1384292980_4022a7520c.jpg,-1.500945799e-09
2747640247_b54bfa6886.jpg,-1.015052761e-10
2784625888_71a421e171.jpg,-6.770045812e-12
2059616165_b7c99c1009.jpg,8.890520088e-10
2232518012_8cb0bbc43b.jpg,-2.534993083e-09
3079787482_0757e9d167.jpg,4.920414371e-09
531197115_2be4d5034b.jpg,9.462238738e-10
2194797921_96af7a9467.jpg,1.121787468e-09
3211210739_3dea005fde.jpg,1.775327486e-09
229951087_4c20600c32.jpg,-5.442334345e-09
3582814058_564776f26c.jpg,4.410108042e-11
241347547_902725b9f8.jpg,-8.571935163e-11
265223843_9ef21e1872.jpg,1.426142433e-09
3576840040_9356b5b10a.jpg,3.434406563e-09
2170187328_65c2f11891.jpg,-1.404559464e-09
374104006_7f32c8c5de.jpg,-2.843458106e-09
3391209042_d2de8a8978.jpg,-2.611277739e-09
3073579130_7c95d16a7f.jpg,9.725947772e-10
3153828367_5fc2c37c07.jpg,-1.416876028e-09
2664102751_d5a737a566.jpg,2.376430844e-10
799431781_65dc312afc.jpg,-3.23719472e-09
3403370354_5d266873b4.jpg,7.698247978e-09
2107838729_a527e434bd.jpg,-4.100661746e-09
3458625738_297857369c.jpg,-1.289075718e-08
2102724238_3cf921d7bb.jpg,4.207113164e-09
2606433181_f8f9d38579.jpg,8.821607481e-09
2062607137_dac194ad02.jpg,2.228983616e-09
3108544687_c7115823f5.jpg,-2.066051319e-09
2870875612_2cbb9e4a3c.jpg,-5.713334883e-11
2479652566_8f9fac8af5.jpg,2.511893778e-09
2508313118_524e93d48c.jpg,-5.744182829e-10
2271468944_3264d29208.jpg,4.636525434e-09
2538477523_1da77eb11c.jpg,2.804918686e-09
2872806249_00bea3c4e7.jpg,-3.362051207e-09
3506216254_04d119cac7.jpg,-3.171473012e-09
1020651753_06077ec457.jpg,3.174822849e-09
3582920844_2742804f3d.jpg,5.678258326e-09
3726590391_bc6e729bb6.jpg,-5.035235784e-09
1574401950_6bedc0d29b.jpg,-1.01749431e-09
409327234_7b29eecb4e.jpg,-1.941604748e-10
2540326842_bb26cec999.jpg,7.350992122e-09
3467073304_aefe553c4d.jpg,-9.829519475e-10
522700240_d9af45e60d.jpg,-3.372231326e-09
3595408539_a7d8aabc24.jpg,5.452112283e-10
3601803640_5f3cb05acf.jpg,-1.318868041e-09
3397803103_8a46d716f4.jpg,2.720941104e-09
1440024115_129212c988.jpg,-1.895034019e-09
1032122270_ea6f0beedb.jpg,-3.323195192e-09
2581066814_179d28f306.jpg,1.826753378e-09
2406591500_403f145905.jpg,-4.577196025e-09
2274992140_bb9e868bb8.jpg,-6.786911925e-09
3475111806_f0d2927707.jpg,2.48214367e-09
3634032601_2236676cdd.jpg,8.741572626e-09
2250870111_8402d2319d.jpg,-5.176228367e-09
1473250020_dc829a090f.jpg,8.660067701e-10
3130064588_6d1d3fa2dd.jpg,-2.928783155e-09
1478606153_a7163bf899.jpg,-3.916392643e-09
2302516347_26054442f9.jpg,-3.018191275e-09
3461041826_0e24cdf597.jpg,6.104959541e-09
3259229498_2b5708c0c6.jpg,3.746620095e-09
3217893350_57be430d06.jpg,4.398013338e-09
2098418613_85a0c9afea.jpg,-5.518926158e-09
160792599_6a7ec52516.jpg,3.241671053e-09
2100046085_69b59b6645.jpg,-3.915972293e-09
2629334536_11f2d49e05.jpg,3.169272293e-09
407008823_bdd7fc6ed5.jpg,7.289282286e-09
509123893_07b8ea82a9.jpg,-1.785647142e-09
326585030_e1dcca2562.jpg,-7.881013007e-09
270816949_ffad112278.jpg,-4.383706396e-09
3375070563_3c290a7991.jpg,4.362516897e-09
3613375729_d0b3c41556.jpg,1.605397368e-09
244399048_8332bb3270.jpg,3.577684905e-10
3165936115_cb4017d94e.jpg,5.201924386e-09
3031263767_2e3856130e.jpg,-5.124345012e-09
3665569615_9a71c4b6e4.jpg,-3.496318488e-09
661757041_61e131e913.jpg,-7.481516868e-09
3442272060_f9155194c2.jpg,-1.430354052e-09
3514184232_b336414040.jpg,-2.815775704e-11
1187435567_18173c148b.jpg,2.94996832e-09
3147913471_322ea231d9.jpg,-1.402349306e-09
1784309115_0ad6791146.jpg,-8.48219508e-11
2714699748_c9270dd5aa.jpg,-2.434778781e-09
3262301835_9f1a49b80a.jpg,2.365095309e-09
3331525712_af1dcc47f2.jpg,9.500908708e-10
2402744031_11f9f2f2b8.jpg,-4.049276714e-09
3572144280_ea42bbd927.jpg,1.125672238e-08
2739331794_4ae78f69a0.jpg,-8.160230999e-10
3245912109_fdeef6b456.jpg,-6.878740452e-09
3518675890_2f65e23ff9.jpg,-1.859352098e-09
3458379941_657182bb09.jpg,2.358387483e-10
2428086758_bce4733f7e.jpg,-5.731325907e-09
1794818900_e0ffdd268e.jpg,-1.542604196e-09
1386251841_5f384a0fea.jpg,5.191908522e-09
1121416483_c7902d0d49.jpg,-1.921074834e-09
247097023_e656d5854d.jpg,6.515246544e-09
2431120202_b24fe2333a.jpg,-2.049944696e-09
2909609550_070eea49b5.jpg,-1.890937147e-11
2635908229_b9fc90d3fb.jpg,-2.73341764e-09
3544803461_a418ca611e.jpg,-7.891993587e-10
3214100656_80cda1b86b.jpg,7.3186162e-09
3703960010_1e4c922a25.jpg,-1.907147205e-10
2317714088_bcd081f926.jpg,1.081710795e-09
3298175192_bbef524ddc.jpg,-6.727445758e-10
3353950389_1153d5e452.jpg,2.203310357e-09
3705430840_e108de78bf.jpg,-4.905214419e-09
3427023324_f1f6504bf4.jpg,-4.63902675e-09
3084010872_cbc3ea8239.jpg,-1.591458239e-10
2498897831_0bbb5d5b51.jpg,-1.42927666e-09
3636418958_f038130bb2.jpg,4.203280374e-09
584484388_0eeb36d03d.jpg,6.928600212e-09
3666574371_317b008d2a.jpg,-8.900704885e-09
3254645823_a7c072481c.jpg,2.90895531e-09
2687529141_edee32649e.jpg,-4.71983254e-09
540604040_bec822c144.jpg,-6.356868768e-09
3280052365_c4644bf0a5.jpg,-1.17572354e-09
2295750198_6d152d7ceb.jpg,-1.351618449e-08
530950375_eea665583f.jpg,-1.789715389e-09
251958970_fa6b423f23.jpg,-1.966476631e-09
1459250022_bf1eddad11.jpg,-2.633855206e-09
2596514158_c516e57974.jpg,-1.058545527e-09
3192311620_99bda27fbd.jpg,8.08150981e-09
244760301_5809214866.jpg,-2.682955469e-10
2923475135_a6b6e13d26.jpg,-2.540080052e-09
3177799416_5bd0382370.jpg,5.362523337e-10
2507182524_7e83c6de82.jpg,-9.649668458e-10
2370481277_a3085614c9.jpg,2.736487803e-09
2141713971_e25eb12712.jpg,1.182592415e-10
2883907436_82bf4a36b8.jpg,1.982502958e-09
498444334_a680d318a1.jpg,-1.335651979e-09
222759342_98294380fc.jpg,-7.941466564e-10
3502343542_f9b46688e5.jpg,-2.134976138e-09
2721656220_5f4cda8bc1.jpg,1.249273101e-09
424869823_7aec015d87.jpg,6.024147956e-09
3148811252_2fa9490a04.jpg,-8.843217392e-09
3415287719_3c776f370e.jpg,-2.489007511e-09
2444134813_20895c640c.jpg,8.009099751e-09
2260560631_09093be4c6.jpg,-3.485853799e-09
3396153660_f729d9f9b9.jpg,-5.715558943e-09
3432634159_1eb9a73306.jpg,1.961669009e-09
751737218_b89839a311.jpg,-2.409397585e-09
3078229723_2aa52600de.jpg,-4.526056957e-09
470887785_e0b1241d94.jpg,1.566219556e-09
3615239961_62b4dbc174.jpg,8.806551392e-10
3125158798_0743dae56e.jpg,7.671619451e-09
468608014_09fd20eb9b.jpg,-8.7945496e-09
109738916_236dc456ac.jpg,-2.934267709e-09
2852982055_8112d0964f.jpg,-6.003630836e-09
2367317953_503317493e.jpg,7.577678927e-10
3206058778_7053ee6b52.jpg,2.718030518e-09
3667908724_65c7d112f2.jpg,5.232972998e-09
519061891_320061864e.jpg,2.118327993e-09
3271468462_701eb88d3b.jpg,-1.957632248e-09
2199083344_3aa77f4879.jpg,-7.680264731e-09
3621741935_54d243f25f.jpg,7.232141016e-10
2087317114_cf06df5aa5.jpg,-3.570575576e-10
3238654429_d899e34287.jpg,2.923872602e-09
2268596214_ca532f5c63.jpg,2.108134298e-09
3564312955_716e86c48b.jpg,4.914287768e-09
1714316707_8bbaa2a2ba.jpg,-3.424905983e-10
109260216_85b0be5378.jpg,-6.367782621e-09
2872197070_4e97c3ccfa.jpg,-4.825764237e-09
747242766_afdc9cb2ba.jpg,9.916886826e-10
191003287_2915c11d8e.jpg,-1.759091325e-09
399246804_b4b5dc70e1.jpg,4.535960356e-09
3259222690_69737f2a6e.jpg,-4.409450066e-10
2543017787_9720b4fa1c.jpg,-1.294449102e-10
417577408_eb571658c1.jpg,1.581564396e-09
832128857_1390386ea6.jpg,5.253510262e-09
3443161359_65544fd732.jpg,4.42592612e-09
3322389758_394c990b6a.jpg,-2.414053971e-10
269361490_a22ae818bf.jpg,3.447986902e-09
3421131122_2e4bde661e.jpg,3.553947562e-09
989754491_7e53fb4586.jpg,5.456421247e-10
3174726084_c108de0a64.jpg,3.686837668e-09
3745451546_fc8ec70cbd.jpg,4.387944991e-09
2374247382_023a86b9ca.jpg,1.632386962e-09
246231741_882b45c4e1.jpg,-1.720233445e-09
2887798667_ce761d45e8.jpg,9.185700094e-10
425706089_f138118e12.jpg,-2.669817886e-10
3320756943_9d004f9824.jpg,8.149725549e-09
255091930_aa2b5c0eb9.jpg,8.722610273e-10
2226534154_cbcab7ba32.jpg,-1.381986626e-09
3694064560_467683205b.jpg,-2.248853288e-10
3201666946_04fe837aff.jpg,2.614592425e-09
1799271536_6e69c8f1dc.jpg,-2.68649491e-09
2426724282_237bca30b5.jpg,-4.037143736e-09
526955751_f519d62b58.jpg,2.419931647e-09
3089742441_d42531c14f.jpg,2.924422114e-09
3520869880_2e8b7d7842.jpg,3.965102742e-11
3244747165_17028936e0.jpg,4.636952693e-09
2644430445_47c985a2ee.jpg,6.153720556e-09
3526150930_580908dab6.jpg,6.015152476e-10
3713882697_6dd30c7505.jpg,2.764361309e-09
3266306177_7994dc2865.jpg,-1.20565485e-09
2883099128_0b056eed9e.jpg,-2.068625658e-09
2812125355_5e11a76533.jpg,-6.580091866e-09
3607489370_92683861f7.jpg,-1.683519887e-09
2399551242_c62a46dd5f.jpg,6.833313437e-09
2199250692_a16b0c2ae1.jpg,-8.188028554e-10
275002371_5b200e6a92.jpg,-2.931470961e-10
3169777863_d745865784.jpg,-6.239411583e-10
3604391853_b4809fcb8c.jpg,4.198701369e-09
3518443604_6da641f07d.jpg,1.287453695e-08
3045613316_4e88862836.jpg,-3.748571424e-09
442220883_ff3d6e507f.jpg,-1.635037747e-09
2193980605_4221c6474d.jpg,-4.519059632e-09
302241178_a582c1b953.jpg,-6.340169424e-10
514990193_2d2422af2c.jpg,7.387874763e-10
2065875490_a46b58c12b.jpg,-2.347365794e-09
3061481868_d1e00b1f2e.jpg,-1.114247264e-10
3157847991_463e006a28.jpg,3.106052381e-10
3497485793_e36c1d2779.jpg,5.283859057e-10
798343627_7492fe0c12.jpg,-4.936999283e-09
2417745327_a2c2705043.jpg,-2.815266195e-09
2815755985_0fa55544c0.jpg,-7.099779572e-09
3593222804_c187808ac3.jpg,1.266949279e-09
2586911841_41b7a48c91.jpg,2.0194034e-09
498794783_cc2ac62b47.jpg,1.782515123e-09
1094462889_f9966dafa6.jpg,1.920261492e-09
225699652_53f6fb33cd.jpg,7.456643195e-09
1876536922_8fdf8d7028.jpg,-4.970798165e-09
1144288288_e5c9558b6a.jpg,2.246775866e-09
1396064003_3fd949c9dd.jpg,2.190395294e-09
1904112245_549e47c8aa.jpg,-3.315059594e-09
2860400846_2c1026a573.jpg,2.001562299e-09
2877424957_9beb1dc49a.jpg,-2.50325622e-09
743571049_68080e8751.jpg,-7.396892898e-10
689776124_07f560a920.jpg,-9.915149301e-10
2209496328_2a34fd201d.jpg,2.301262083e-09
3229821595_77ace81c6b.jpg,5.624152894e-09
3098824948_23c31df031.jpg,4.104755162e-09
240583223_e26e17ee96.jpg,-5.019689965e-09
3325578605_afa7f662ec.jpg,-5.73495852e-11
2569643552_23696a9ba5.jpg,-1.142471734e-08
2706766641_a9df81969d.jpg,-1.098553647e-09
2280525192_81911f2b00.jpg,-1.746345793e-09
1131155939_b4b457b05e.jpg,-1.079165232e-09
319938879_daf0857f91.jpg,7.103397527e-09
3559429170_3183c404b9.jpg,-6.519825156e-09
205682549_713aa6cd88.jpg,2.109426229e-09
1572532018_64c030c974.jpg,-2.189766467e-09
390360326_26f5936189.jpg,7.015591953e-09
441212506_fcc321ac28.jpg,-2.180457463e-09
1398873613_7e3174dd6c.jpg,-3.954235179e-10
1989145280_3b54452188.jpg,8.251968086e-09
2831656774_36982aafdb.jpg,3.788172052e-09
539750844_02a07ec524.jpg,2.355289752e-09
3364026240_645d533fda.jpg,8.363532002e-10
283428775_a3665bee7c.jpg,5.460551983e-09
211295363_49010ca38d.jpg,2.289734316e-09
2911238432_33ec2d8cec.jpg,-9.9527561e-10
2696951725_e0ae54f6da.jpg,1.98002339e-09
254901702_67ada9867c.jpg,7.739450421e-10
3582465732_78f77f34ae.jpg,5.480520059e-11
2446315531_7c9704eec0.jpg,3.951599822e-09
241346508_0b3907a95b.jpg,3.311893951e-09
3187924573_203223e6c0.jpg,6.135725566e-09
2301867590_98c0ecb0cb.jpg,8.866265853e-10
2855727603_e917ded363.jpg,1.976250775e-09
2573667207_a1bf49befc.jpg,8.508000232e-09
693785581_68bec8312a.jpg,-1.973606997e-09
47871819_db55ac4699.jpg,1.447823395e-09
3565749152_7924d15b04.jpg,5.424362216e-09
3389321512_b11f499dab.jpg,8.394248978e-09
236476706_175081ce18.jpg,-4.332899677e-09
3134385454_4f1d55333f.jpg,2.448415578e-09
3146355833_1b7fc80210.jpg,-3.382956706e-09
3556485995_9cd40269e9.jpg,1.632741555e-09
3392019836_c7aeebca1c.jpg,-5.560845796e-10
1895768965_43cd9d164f.jpg,5.978487862e-09
1075867198_27ca2e7efe.jpg,1.015434004e-09
3562001359_65c63aeda3.jpg,8.272358823e-11
3623331945_df0f51d7dd.jpg,-2.383821823e-09
1370615506_2b96105ca3.jpg,2.018916474e-09
3041384194_04316bd416.jpg,-7.082447357e-10
3243020805_2bafc36c45.jpg,5.717507678e-09
3170897628_3054087f8c.jpg,1.047713586e-08
3036033157_522a43a550.jpg,4.706283652e-09
3713922357_e0a013fb97.jpg,1.129985222e-10
3398745929_8cd3bbb8a8.jpg,-8.398326013e-12
2773400732_5b65a25857.jpg,-1.245869858e-09
476233374_e1396998ef.jpg,-8.465683694e-09
314685044_da4390728e.jpg,-6.213623647e-09
2607130765_97833d6ce1.jpg,-7.671285334e-10
2533076864_d799996433.jpg,1.085484396e-08
3328397409_092de2bd32.jpg,7.97351904e-09
3225025519_c089c14559.jpg,4.74619926e-09
3542425197_2ef81c6051.jpg,-1.093282905e-09
576075451_5e0f6facb3.jpg,1.544602971e-09
2051194177_fbeee211e3.jpg,3.318739201e-09
2609836649_b55831ed41.jpg,-4.050121459e-09
539493423_9d7d1b77fa.jpg,4.766904402e-09
3546720729_38fff1bbd9.jpg,-5.44816715e-10
3138399980_d6ab8b2272.jpg,-4.261969206e-10
3686078365_9e655e238f.jpg,-3.051915852e-09
300577375_26cc2773a1.jpg,-6.165440217e-09
3417037373_67f7db2dd2.jpg,-6.085972077e-09
3225478803_f7a9a41a1d.jpg,2.629943602e-09
1169307342_e7a4685a5c.jpg,4.181105296e-09
2127031632_77505e4218.jpg,-5.051779033e-09
3260191163_6c1551eee8.jpg,2.161398863e-09
278608022_4175813019.jpg,8.754764842e-10
1287931016_fb015e2e10.jpg,8.733787748e-09
2937178897_ab3d1a941a.jpg,7.886814611e-10
2937461473_11bbace28c.jpg,2.21171328e-10
1386964743_9e80d96b05.jpg,-5.381093918e-10
3052038928_9f53aa2084.jpg,6.464211671e-09
2814028429_561a215259.jpg,-2.963020808e-10
3659090958_a56913ca68.jpg,3.526691905e-09
391723162_3bdeb7ea33.jpg,4.961356548e-09
3404408360_430f73b034.jpg,3.890266862e-09
3319405494_58dee86b21.jpg,2.479460355e-09
3291587911_81fc33300e.jpg,-2.702836335e-09
2293424366_7b5fcd2398.jpg,4.145075982e-09
3206919175_e3a11b6874.jpg,-2.941872859e-09
406642021_9ec852eccf.jpg,-3.447155019e-09
3648081498_76ec091495.jpg,-3.806323227e-09
2084103826_ffd76b1e3e.jpg,-1.683124266e-09
3599124739_b7e60cf477.jpg,-3.439120659e-09
1130401779_8c30182e3e.jpg,-5.471681371e-09
3441511444_b031585b45.jpg,-2.054675014e-09
3215847501_c723905ba4.jpg,-6.293983187e-09
311619377_2ba3b36675.jpg,1.08484566e-09
801607443_f15956d1ce.jpg,3.805320415e-09
3690883532_d883f34617.jpg,3.367416179e-09
3517466790_17c7753a1a.jpg,2.889436977e-09
2768972186_92787cd523.jpg,1.147263424e-09
3527261343_efa07ea596.jpg,-1.431959022e-09
2587846523_b177c9a3e3.jpg,1.608571461e-09
3350614753_5624e181b3.jpg,-6.403727845e-11
542269487_5d77b363eb.jpg,-3.162460973e-09
1287982439_6578006e22.jpg,4.579412936e-09
3262760716_1e9734f5ba.jpg,6.117072259e-09
2267923837_ae88678497.jpg,1.41916573e-09
3429391520_930b153f94.jpg,-1.4043956e-08
3613424631_3ae537624f.jpg,-8.590265951e-10
1082252566_8c79beef93.jpg,3.86008924e-09
3163323414_d1ce127aa6.jpg,-3.169716899e-09
241346402_5c070a0c6d.jpg,-2.856752223e-09
2612949583_f45b3afe33.jpg,3.462455264e-09
411011549_1298d2b4d2.jpg,-3.969987322e-09
1557838421_a33f2a4911.jpg,3.000948222e-09
2444339090_bf7b3211f4.jpg,-3.657567475e-09
482098572_e83153b300.jpg,9.845276518e-10
3726130458_07df79e969.jpg,5.147055676e-09
3417672954_46b75dea8d.jpg,-3.226930173e-10
3376809186_4e26d880b7.jpg,3.649354528e-12
3227423095_5049951eab.jpg,-1.765597624e-09
1298295313_db1f4c6522.jpg,-9.370641578e-10
756004341_1a816df714.jpg,1.682066843e-09
3058439373_9276a4702a.jpg,-3.97602357e-09
2287887341_663bfa15af.jpg,2.909012764e-09
1581822598_0ae23074f1.jpg,1.136361142e-08
3105929913_94a6882e25.jpg,1.514017438e-09
540873795_ae62ae6f60.jpg,3.184391019e-09
3461114418_c27b4043a2.jpg,4.558236207e-09
3399798295_a452963365.jpg,-2.099731639e-09
3178489390_13a6ae7524.jpg,2.174311155e-09
3604496023_c1f546423e.jpg,4.046549069e-09
324208502_674488bcea.jpg,-4.088254689e-09
426805536_d1d5e68c17.jpg,-1.777934395e-09
246508774_1e9885f1b7.jpg,1.546628396e-09
1402640441_81978e32a9.jpg,6.288338483e-09
3124549928_10904a5a83.jpg,3.47808988e-09
3414734842_beb543f400.jpg,6.310385393e-09
1019077836_6fc9b15408.jpg,-1.729761506e-10
3307077951_dd31f1971c.jpg,2.52762884e-10
2709275718_73fcf08c23.jpg,-4.37242405e-10
3264397357_72f084cac1.jpg,-3.335225496e-09
562588230_edb2c071c8.jpg,1.044938458e-09
3171066023_ec60ba30f3.jpg,7.188145255e-10
1670592963_39731a3dac.jpg,2.399677542e-10
1271210445_7f7ecf3791.jpg,-3.45261288e-09
3728695560_00ec1ca492.jpg,-6.501007581e-10
846085364_fc9d23df46.jpg,-3.228006867e-09
3643684616_9d2be87a5a.jpg,3.785493628e-09
2192411521_9c7e488c5e.jpg,1.314836417e-09
2369840118_a1c4240ab7.jpg,-6.320626477e-09
3244910944_612b8ce98f.jpg,5.804929027e-09
2850719435_221f15e951.jpg,3.783011116e-09
3544233095_4bca71df1d.jpg,2.127495443e-09
3217291172_10ef70af88.jpg,1.03029897e-09
3351360323_91bb341350.jpg,3.795260871e-09
2610447973_89227ff978.jpg,2.600722298e-09
1491192153_7c395991e5.jpg,-1.599982597e-09
3502459991_fdec2da131.jpg,3.750476906e-09
1563731247_7f21d8bec0.jpg,-2.7170984e-09
3653462288_bfe2360a64.jpg,2.686824525e-09
2960422620_81889a3764.jpg,-2.668293766e-09
2340206885_58754a799a.jpg,1.265368271e-09
1508269285_6c5723f67d.jpg,1.73243626e-09
2752329719_868545b7d2.jpg,5.151869008e-10
3070031806_3d587c2a66.jpg,-8.161135418e-10
477254932_56b48d775d.jpg,3.857152125e-09
3595398879_13e33b8916.jpg,6.603189414e-09
3430100177_5864bf1e73.jpg,1.349081671e-09
524036004_6747cf909b.jpg,-1.244863086e-08
2395967330_7e6ea404f6.jpg,-1.196169373e-08
2127209046_94711c747b.jpg,-3.206249333e-09
3197981073_3156963446.jpg,-1.373349465e-09
2705793985_007cc703fb.jpg,-2.132940964e-09
3183060123_ea3af6278b.jpg,4.755434835e-09
3307667255_26bede91eb.jpg,-8.590406099e-09
2318502106_33f2e4b4fc.jpg,2.603692449e-09
1552065993_b4dcd2eadf.jpg,-3.341706936e-09
3576536763_3c8c4f232e.jpg,3.593621201e-10
3652150541_8fb5a3a5d1.jpg,6.448173611e-10
2881441125_b580e3dd4b.jpg,-7.223086696e-09
3058627443_1d57ff0a2c.jpg,6.194599206e-09
3416091866_a96003d652.jpg,4.658805398e-09
3347798761_5c5260b000.jpg,-4.735615231e-09
3485657956_7481582565.jpg,5.729622665e-10
3668984985_b60ceb2ae9.jpg,-7.043206114e-09
1814086703_33390d5fc7.jpg,1.211607597e-10
2747436384_9470c56cb9.jpg,5.244101808e-09
1248940539_46d33ed487.jpg,-2.318693863e-09
3325974730_3ee192e4ff.jpg,3.630438943e-09
3516960094_87fb4889de.jpg,-4.513143329e-09
3549006919_3604bc813e.jpg,-1.653522197e-09
2197275664_fabcf3424b.jpg,-3.821289377e-09
1499495021_d295ce577c.jpg,-6.052388839e-10
2428275562_4bde2bc5ea.jpg,1.730357662e-09
3230101918_7d81cb0fc8.jpg,-2.401665176e-09
3400385314_a5bc062e97.jpg,6.223055247e-10
2892989340_bb7e0e5548.jpg,2.146371721e-09
387974450_bcd205daac.jpg,5.568100899e-09
3703035378_c6034cac51.jpg,1.559934316e-09
3019609769_c7809177f6.jpg,-1.781673955e-09
374828031_9d087da5cf.jpg,2.446773334e-09
2637904605_fc355816fc.jpg,-3.027748412e-09
2469620360_6c620c6f35.jpg,-6.047241182e-09
2127207912_9298824e66.jpg,-6.462051168e-09
2876494009_9f96d7eaf2.jpg,-8.490712334e-10
1287475186_2dee85f1a5.jpg,1.250571751e-09
3508637029_89f3bdd3a2.jpg,5.411308081e-09
3372340429_91c4f4af30.jpg,1.047698687e-10
172092461_a9a9762e13.jpg,-2.503914387e-09
3502563726_30d1ce29c8.jpg,2.539779943e-09
3225037367_a71fa86319.jpg,5.408787908e-09
2190137367_746335f707.jpg,-5.928974937e-09
3400041870_4e7732b40f.jpg,-2.374677379e-09
373219198_149af371d9.jpg,3.244906207e-11
2798880731_4f51634374.jpg,3.595867707e-09
3587449716_3bf1552c36.jpg,1.299913577e-08
275401000_8829250eb3.jpg,4.033099909e-09
2752175795_c9def67895.jpg,-8.285940289e-10
2529116152_4331dabf50.jpg,-2.455092514e-10
2712787899_d85048eb6a.jpg,-1.014710396e-09
3590294974_4ef98f013e.jpg,-2.123763684e-09
2414710960_a4cde4af60.jpg,-1.304168091e-09
2266142543_b2de18c081.jpg,-3.905896003e-09
3116011063_f4071ccce6.jpg,3.297766008e-09
2942311160_a154104c62.jpg,-3.841205284e-09
207731022_988f6afb35.jpg,-4.892949544e-09
2554081584_233bdf289a.jpg,1.91669228e-09
1167662968_e466f1e80a.jpg,-7.362012644e-09
2728486640_cc2a31d2b0.jpg,-7.528805397e-09
3698607223_22fe09763a.jpg,7.671127578e-09
2415803492_56a673dc25.jpg,4.484112643e-09
2557129157_074a5a3128.jpg,1.741477536e-09
3145869775_85dfae43bd.jpg,-4.065361561e-09
473988700_570422001b.jpg,-3.628207545e-09
97731718_eb7ba71fd3.jpg,8.348930502e-09
3714551959_66ece78f27.jpg,-5.190260461e-09
3681172959_6674c118d2.jpg,-3.732756483e-09
2053441349_a98b5fc742.jpg,6.003601166e-09
2748729903_3c7c920c4d.jpg,-3.687981476e-12
3247500085_c4f641aa84.jpg,-1.354097813e-09
191003283_992257f835.jpg,-1.658512517e-09
361183669_52be9662b9.jpg,-4.39060622e-10
3289893683_d4cc3ce208.jpg,1.347259734e-09
3685372942_6ae935b34e.jpg,-1.240094293e-09
3259222980_04fb62df97.jpg,-2.084077317e-09
3583293892_c96af8cd98.jpg,1.340297423e-09
417966898_a04f9b5349.jpg,-2.404244919e-09
315021440_122d56ebd7.jpg,-1.020642288e-09
2672354635_3a03f76486.jpg,3.43259084e-09
2633722629_5eeb649c09.jpg,8.253735319e-10
3352697012_751b079bbb.jpg,-2.395959371e-10
2708744743_e231f7fcf9.jpg,-2.394692424e-09
756521713_5d3da56a54.jpg,4.372045845e-09
3455898176_f0e003ce58.jpg,-4.179089193e-09
2968135512_51fbb56e3e.jpg,-3.613185944e-09
532036676_e88b13e0a1.jpg,-6.128228658e-10
3088572348_264c47f78c.jpg,-5.200877246e-09
516394876_8b9b8021bc.jpg,-3.29139995e-10
466956209_2ffcea3941.jpg,2.327076431e-09
451326127_2d95a2e1c2.jpg,-3.162836894e-09
2449289139_08fc1092c1.jpg,-6.163009997e-10
3131160589_dc73c209b7.jpg,-2.369827476e-09
2656987333_80dcc82c05.jpg,5.451082371e-09
2543589122_ec3e55f434.jpg,-3.978627226e-09
3324375078_9441f72898.jpg,-6.844636224e-09
406248253_27b5eba25a.jpg,-3.311320427e-09
3425887426_bf60b8afa3.jpg,2.649456086e-09
2774362575_7543b8bf19.jpg,4.851619223e-09
3155390408_8e1a81efb2.jpg,4.074549988e-09
1731546544_9fbf14617b.jpg,7.361434682e-10
2785115802_137fa30000.jpg,2.010313713e-09
95783195_e1ba3f57ca.jpg,-2.026513573e-09
3593538248_dffa1a5ed4.jpg,3.450637577e-11
3209620285_edfc479392.jpg,1.896384691e-10
3204354161_caf89ec784.jpg,-2.507364281e-09
3278811919_d5a3432af6.jpg,4.063025521e-09
3110018626_307a123b59.jpg,-3.199010521e-09
2676649969_482caed129.jpg,-4.353427278e-09
2595186208_9b16fa0ee3.jpg,-3.053039274e-09
3422979565_e08cd77bfe.jpg,-1.488951079e-09
3638631362_af29bbff01.jpg,-1.196300817e-09
3473264983_67917a931f.jpg,-1.630551722e-10
3703413486_3c682732a0.jpg,5.921036742e-09
498492764_fe276e505a.jpg,3.196169954e-10
732468337_a37075225e.jpg,-4.280125212e-09
3399944164_ec24123945.jpg,4.632566677e-09
2786299623_a3c48bd318.jpg,-2.017083641e-09
3554210976_fbd0ef33a3.jpg,2.249725916e-09
2733659177_d74a00995b.jpg,-5.145860689e-09
3325497914_f9014d615b.jpg,-8.633408841e-10
3259694057_fae7484b0a.jpg,-1.099986518e-09
3115354165_44dbeec6c1.jpg,1.430286425e-09
1052358063_eae6744153.jpg,1.134657602e-09
792362827_5ab5281b99.jpg,6.370236566e-09
2670560883_7e7b563092.jpg,-4.481955832e-09
3044745642_1d0784ff29.jpg,1.599203861e-09
3550253365_27d4c303cf.jpg,-9.972160416e-10
1461667284_041c8a2475.jpg,-6.500475529e-10
3365348059_9773165302.jpg,2.373442328e-09
733752482_ee01a419e5.jpg,3.020222282e-09
2587818583_4aa8e7b174.jpg,-7.550822781e-09
698107542_3aa0ba78b4.jpg,-5.256724352e-09
3522076584_7c603d2ac5.jpg,-1.211243446e-09
3220151692_d398ef9779.jpg,6.203872859e-09
2574509968_e4692ae169.jpg,6.32782012e-10
476760133_c33d2bd83d.jpg,-3.22935946e-09
3208999896_dab42dc40b.jpg,-6.019308723e-10
2562166462_b43b141d40.jpg,-4.516450118e-10
454686980_7517fe0c2e.jpg,-3.54585348e-09
3192266178_f9bf5d3dba.jpg,-1.443643775e-09
2285152690_3fb93f65f1.jpg,-3.74490367e-09
3434526008_02359881a0.jpg,2.926598867e-09
2661138991_d55aa0e5dc.jpg,1.044879651e-09
2565703445_dd6899bc0e.jpg,-1.53076302e-09
2522540026_6ee8ab4c6a.jpg,-6.939813715e-09
707972553_36816e53a2.jpg,8.121059502e-10
2630806789_6835bbae95.jpg,-5.012404841e-10
2363100645_c3423a0433.jpg,5.087060487e-09
783353797_fdf91bdf4c.jpg,-7.844505103e-09
2732625904_4fbb653434.jpg,-2.753918436e-09
2061144717_5b3a1864f0.jpg,9.734709745e-09
2823075967_be4c350e9e.jpg,4.321029231e-09
3399028417_50a621274c.jpg,6.276328182e-09
2701042060_92508ea8fa.jpg,-1.192824864e-09
3088074124_481139dc92.jpg,3.382904144e-09
1350811702_2ce7cfd0c5.jpg,1.877582019e-10
2221818690_9003756d33.jpg,-4.815980275e-09
2485467050_1d5e2696d4.jpg,9.3613029e-09
3561734666_344f260cce.jpg,7.985656334e-09
543102698_38e7e38bbc.jpg,-7.077596175e-11
2637510448_4521cf6f29.jpg,1.593052831e-09
3033668641_5905f73990.jpg,-7.167171423e-09
3239866450_3f8cfb0c83.jpg,-3.289998294e-09
3393394134_0caac47e1c.jpg,1.044269447e-09
930126921_1b94605bdc.jpg,3.754071342e-10
3757598567_739b7da835.jpg,8.402987844e-09
2135502491_a15c6b5eae.jpg,-4.062629975e-10
3195040792_a03954a19f.jpg,6.349371944e-09
3120953244_b00b152246.jpg,7.795210619e-09
536537638_f5ee42410b.jpg,6.497761717e-09
2985439112_8a3b77d5c9.jpg,3.031660632e-09
3041689520_c481bdb20e.jpg,-5.233995785e-09
1443807993_aebfb2784a.jpg,-2.52344005e-09
3445544288_68fdb25969.jpg,1.820927694e-09
412082368_371df946b3.jpg,-4.189291117e-09
463786229_b54c9a3436.jpg,6.70403771e-10
3468346269_9d162aacfe.jpg,5.139322088e-09
2936590102_25036069a6.jpg,1.288395223e-09
3351357065_a6a9b3d485.jpg,-5.32693908e-09
3425918361_3b890d9575.jpg,-1.819417443e-09
3560977956_e08d2cd531.jpg,-2.69270162e-10
2533642917_a5eace85e6.jpg,1.822533418e-09
3600403707_527aa0596e.jpg,-9.374909109e-10
3649382413_58a4b1efe8.jpg,-5.110235736e-10
456512643_0aac2fa9ce.jpg,2.310943526e-08
3533470072_87a5b595ba.jpg,-7.894654301e-10
3125309108_1011486589.jpg,4.243913255e-10
3014015906_fdba461f36.jpg,4.521207657e-09
2659606300_bea3feaf8b.jpg,6.470395579e-09
3190677999_60bbd330fd.jpg,1.186033545e-09
2609900643_c07bcb0bae.jpg,8.346313406e-10
2098174172_e57d86ea03.jpg,-6.839263761e-09
3207676216_48478bce97.jpg,-3.123941682e-09
2079110798_ad1370a646.jpg,1.253084297e-10
3160531982_37f5636b8a.jpg,4.211123521e-09
3651476768_2bae721a6b.jpg,2.600269735e-09
1445123245_c7b9db0e0c.jpg,4.76656179e-09
2327240505_e73cc73246.jpg,-4.349358358e-09
3645080830_1d9ee2f50a.jpg,1.313669808e-09
3640329164_20cb245fd5.jpg,-3.951448573e-09
2475162978_2c51048dca.jpg,-5.692805534e-10
3182121297_38c99b2769.jpg,-9.677071768e-10
504904434_889f426c6e.jpg,5.660596948e-09
1287064529_aa4e4f3c31.jpg,2.984419698e-11
2922807898_b5a06d5c70.jpg,-2.788868586e-09
166654939_80ea4ddbcc.jpg,2.274721049e-09
2325386353_1f1a05e1ce.jpg,1.077817419e-09
3479050296_65bcea69a0.jpg,2.472317459e-09
2836325261_a3bf5c59be.jpg,7.019335701e-09
3212625256_685bc4de99.jpg,-3.44768768e-10
3250589803_3f440ba781.jpg,1.743392039e-09
3176131893_7181c733aa.jpg,6.903476032e-09
1424775129_ffea9c13ab.jpg,3.440537623e-09
285586547_c81f8905a1.jpg,1.357965667e-09
3506560025_8d0f4f9ac4.jpg,-2.257404092e-09
3635577874_48ebaac734.jpg,-2.35687818e-09
3391924827_53b31542ce.jpg,-3.191115268e-14
950411653_20d0335946.jpg,-1.522593593e-09
2623146491_b64698b875.jpg,2.102644081e-09
1500853305_0150615ce9.jpg,3.214921326e-09
3106782647_b078830a9e.jpg,-7.59979257e-10
3520321387_710ab74cda.jpg,1.329821589e-08
3131632154_098f86f4cb.jpg,-6.756773042e-09
109202756_b97fcdc62c.jpg,-2.246868576e-09
3457364788_3514a52091.jpg,2.513689382e-09
3164423279_9b27cb6a06.jpg,-4.404480728e-09
3155365418_43df5486f9.jpg,-1.585444755e-08
3285180819_a9712fd2bc.jpg,4.015184203e-10
3163273640_8d3ef22eaf.jpg,-9.703601327e-10
2713897716_c8cd610360.jpg,-1.304613108e-09
1131340021_83f46b150a.jpg,9.345874487e-09
765298136_7805fbb079.jpg,-4.547094346e-09
241346923_18bd84bea4.jpg,5.756278434e-09
2312731013_1a3a8e25c6.jpg,-1.273706343e-09
3170856184_efabfd0297.jpg,2.381112193e-09
3177468217_56a9142e46.jpg,-7.492451265e-09
2378356400_f6bde5d9b3.jpg,-8.434277915e-09
2888658480_e922a3dec2.jpg,5.621182067e-09
2409597310_958f5d8aff.jpg,-2.923872535e-10
3377570617_d2f2225a74.jpg,5.090605515e-09
2744330402_824240184c.jpg,-3.442390838e-09
2369248869_0266760c4a.jpg,6.423745249e-10
3537218226_478d2e4f26.jpg,1.77380384e-10
3323419265_7fefaa9d5d.jpg,1.203148508e-09
2633201394_ee4a7666ed.jpg,-2.012438112e-09
291952021_f111b0fb3d.jpg,6.279060727e-10
2064780645_8f28a1529f.jpg,2.052935596e-09
3500829879_a643818d84.jpg,-1.435333198e-08
248994078_a9257f448b.jpg,-2.215591375e-09
358559906_d5f3f584f4.jpg,9.360534626e-09
414568315_5adcfc23c0.jpg,-8.44724839e-09
2959581023_54402c8d88.jpg,5.250043906e-10
1143882946_1898d2eeb9.jpg,7.752161089e-09
3360730513_211e1a4db6.jpg,-7.274907403e-10
2111360187_d2505437b7.jpg,-1.635793465e-09
870710405_51e507b31a.jpg,3.672431135e-09
1095590286_c654f7e5a9.jpg,-2.997146254e-09
3408274796_0dc62225e9.jpg,5.804520616e-09
1110208841_5bb6806afe.jpg,-3.538775878e-09
2326730558_75c20e5033.jpg,-8.629950424e-10
3425756814_13909354d4.jpg,1.027599912e-09
2990563425_2f7246f458.jpg,-2.367044845e-10
2540884723_03d60ef548.jpg,-8.401509241e-10
3136404885_f4d8f1d15a.jpg,-1.419868295e-09
1000268201_693b08cb0e.jpg,1.509226003e-10
3067885047_f69d90c35b.jpg,-1.856920386e-09
3295024992_887a95c700.jpg,6.662577299e-10
2921793132_ef19f1dd44.jpg,1.722162953e-09
2273038287_3004a72a34.jpg,-1.301805057e-09
3215695965_69fbeba3d5.jpg,5.531690534e-09
3054989420_3e755ca352.jpg,9.789541031e-10
3500136982_bf7a85531e.jpg,2.903622031e-09
2332540384_4cf26406a9.jpg,-2.261886092e-09
3315033940_e91f87b7f2.jpg,-6.712474606e-09
3593392955_a4125087f6.jpg,8.841481782e-10
3513362553_5fc5779e20.jpg,-2.501944622e-09
2532294586_4cd76a837d.jpg,1.946256519e-09
265223847_636ba039c1.jpg,-5.620412306e-09
111766423_4522d36e56.jpg,5.220048031e-09
3510218982_318f738b76.jpg,-3.46021562e-09
3030223792_02b6f2be99.jpg,-2.693647604e-09
1032460886_4a598ed535.jpg,7.007060515e-09
3671777903_6fbf643980.jpg,-8.798970254e-10
3482668767_66004ce736.jpg,1.757352569e-09
1800601130_1c0f248d12.jpg,-3.244122849e-09
2061927950_dafba5b8a3.jpg,-5.839451138e-09
2763601657_09a52a063f.jpg,2.023288239e-09
2449446913_28fa5b7c75.jpg,9.248749469e-09
1403414927_5f80281505.jpg,8.485235656e-10
2447284966_d6bbdb4b6e.jpg,2.467293911e-09
3180806542_49b6de312d.jpg,9.557615997e-10
2873070704_2141a7a86a.jpg,5.805279351e-10
2548777800_d7b9cf1c2b.jpg,4.991497242e-09
2845246160_d0d1bbd6f0.jpg,-2.549320043e-09
3269380710_9161b0bd00.jpg,-6.859600136e-11
3234719720_5bb2fc5ffa.jpg,1.828008045e-09
3562816250_6e14d436b1.jpg,2.877077116e-10
3336374196_f6eaca542f.jpg,5.679222939e-09
2380464803_a64f05bfa9.jpg,-4.908146941e-09
2981702521_2459f2c1c4.jpg,-1.06233861e-09
2156726763_034ecd2e39.jpg,4.261414369e-09
2178064851_bb39652d28.jpg,-7.425439939e-11
224702241_05af393148.jpg,1.651692082e-09
2795866891_7559fd8422.jpg,-2.516371788e-09
2656890977_7a9f0e4138.jpg,6.232316942e-09
3426962078_13e87e10de.jpg,4.00987254e-10
3432550415_e7b77232de.jpg,-1.534772092e-09
3145967309_b33abe4d84.jpg,-8.814816078e-09
2867736861_43c9487a65.jpg,-2.652896487e-09
112178718_87270d9b4d.jpg,-5.244518564e-09
143680442_2f03f76944.jpg,-5.311829452e-09
371364900_5167d4dd7f.jpg,-4.260915668e-09
2452686995_621878f561.jpg,3.559840862e-09
3605061440_1d08c80a57.jpg,-3.110248271e-11
687513087_413d4a3a3b.jpg,6.592641385e-11
2173312932_269f9786fc.jpg,1.347057079e-09
241346971_c100650320.jpg,-2.973745416e-09
3288274849_07ff76ee93.jpg,-8.304610479e-09
2690702549_cf81da8cf6.jpg,6.829724797e-09
482882719_165722082d.jpg,3.43343466e-09
3447155358_5b5b59b15e.jpg,4.229453707e-09
2252299132_14ca6e584b.jpg,-1.799551171e-09
3643087589_627a0a9e01.jpg,8.549082414e-09
365584746_681f33fa46.jpg,-1.056246295e-09
3670075789_92ea9a183a.jpg,7.204577102e-09
465859490_b077219424.jpg,-1.025189402e-08
2176980976_7054c99621.jpg,-6.628248827e-09
3258472448_75cfab5e6f.jpg,9.905037211e-10
3541474181_489f19fae7.jpg,-4.22241235e-10
3350785999_462f333c44.jpg,-4.989537839e-11
3369258147_03db257f0f.jpg,-1.982559636e-09
3737711435_113ccd0a52.jpg,8.421826026e-10
661749711_6f408dad62.jpg,5.337295258e-09
3171347658_f0d5469c56.jpg,1.444242221e-09
2057306459_2f52ce648e.jpg,3.750832944e-09
2892467862_52a3c67418.jpg,4.510969081e-09
3295671644_0e10891b6d.jpg,7.872514445e-10
2075041394_0b3ea1822d.jpg,6.756569647e-09
2743709828_a795a75bfc.jpg,3.040304655e-09
241345721_3f3724a7fc.jpg,7.134837333e-09
3461583471_2b8b6b4d73.jpg,2.757027724e-09
2955985301_e4139bc772.jpg,-2.864050313e-09
3350260112_fcb47ff6b2.jpg,-1.397342468e-09
3651971126_309e6a5e22.jpg,-4.000327686e-09
3677693858_62f2f3163f.jpg,-4.744936818e-09
2999730677_0cfa1c146e.jpg,-7.210107607e-09
526661994_21838fc72c.jpg,1.879932401e-09
2653552905_4301449235.jpg,1.340451187e-09
2282260240_55387258de.jpg,-6.020438896e-09
3044536048_e615466e7f.jpg,8.668658314e-10
508261758_78fb8ae067.jpg,1.678690774e-09
3293753378_7a8ddb98b2.jpg,5.773657325e-09
2662816021_ac474e0fde.jpg,3.613890301e-09
3495349745_1b29a63571.jpg,3.150189111e-10
2769605231_dae8b30201.jpg,-8.715873999e-09
501699433_f8df386cf9.jpg,-1.299987556e-09
3506096155_13632955e8.jpg,-1.039875581e-09
1383698008_8ac53ed7ec.jpg,3.499669873e-09
2836703077_fa9c736203.jpg,1.698875611e-09
2188688248_f57a28a5a7.jpg,1.308102453e-09
3250593457_9049a73b61.jpg,5.014352331e-09
2206960564_325ed0c7ae.jpg,4.207296362e-09
1362128028_8422d53dc4.jpg,2.431138284e-09
3509611207_7645b1d28d.jpg,-5.868417826e-09
2905942129_2b4bf59bc0.jpg,4.101858797e-09
2999638340_75bc8b165d.jpg,6.863819914e-09
430964917_022995afb6.jpg,-1.418454917e-09
2983555530_a89f1f5ed7.jpg,-3.198047198e-09
387078972_514a38dc33.jpg,-1.466683505e-10
3283897411_af9d0b497d.jpg,3.445945221e-09
190638179_be9da86589.jpg,-1.425644668e-09
2714878018_1593c38d69.jpg,-7.050480576e-09
2052202553_373dad145b.jpg,1.541295273e-10
745966757_6d16dfad8f.jpg,1.879405711e-09
2131762850_5293a288d9.jpg,-1.973531527e-09
489134459_1b3f46fc03.jpg,1.610766788e-09
241347496_1a35fec8dc.jpg,-6.848513601e-09
3473320907_3884a7203b.jpg,2.531465664e-09
2943023421_e297f05e11.jpg,-3.378009226e-09
3429142249_d09a32e291.jpg,1.628001266e-10
359082432_c1fd5aa2d6.jpg,9.911442373e-10
2718049631_e7aa74cb9b.jpg,-2.217681985e-09
3576312396_799c873f3e.jpg,-9.669103337e-10
2082005167_a0d6a70020.jpg,5.01804558e-09
419116771_642800891d.jpg,1.715084173e-09
3431261634_c73360406a.jpg,-2.426401686e-10
2936707421_8e629874b8.jpg,7.37610871e-10
448658518_eec0b648a6.jpg,-2.56144221e-09
3249865395_dceaa59f54.jpg,3.768345734e-09
2180886307_5156460b2c.jpg,-1.081386326e-08
3167379087_927ff05a35.jpg,-1.271628575e-09
3191982761_88793192ed.jpg,2.012147528e-09
2553550034_5901aa9d6c.jpg,-8.394291283e-09
2481367956_8577d2fa98.jpg,-1.997375221e-09
3223055565_68973f5d20.jpg,6.657141941e-09
2392625002_83a5a0978f.jpg,3.457914234e-09
2904601886_39e9d317b1.jpg,-3.801339965e-09
3582689770_e57ab56671.jpg,-1.089322624e-08
340667199_ecae5f6029.jpg,9.135085221e-10
250406927_a5028a31d4.jpg,-8.3152635e-09
2483792149_a9b4ffecec.jpg,-4.293950949e-09
3108197858_441ff38565.jpg,3.756622118e-09
3421706363_a3e22a4908.jpg,1.973271941e-10
3457455611_94ee93929f.jpg,2.257687348e-09
233270519_d60d4518fa.jpg,1.326891413e-10
3079073247_97e88e2eb7.jpg,7.472040183e-10
3331900249_5872e90b25.jpg,6.957812329e-09
146577646_9e64b8c2dc.jpg,1.51004981e-09
2144846312_d4c738dc6c.jpg,3.595696493e-10
2449518585_113dc4a8e5.jpg,-3.538120054e-10
2525666287_638ab5e784.jpg,3.33721934e-09
2561481438_447b852e4d.jpg,-2.909705126e-10
3024172109_a10198e1dd.jpg,7.126487292e-10
1562478713_505ab6d924.jpg,-1.916021056e-09
3004291289_c4892898ae.jpg,-8.091505479e-09
3081734118_6f2090215c.jpg,4.299268942e-09
2137071442_1c9658c81a.jpg,8.496595124e-10
2079152458_40712c3b40.jpg,2.314258491e-09
2873837796_543e415e98.jpg,-2.378110093e-09
1057210460_09c6f4c6c1.jpg,2.990024345e-09
2688902319_52ceaf4a2a.jpg,7.608366772e-10
2351479551_e8820a1ff3.jpg,-7.843377767e-09
2563578471_9a4e4c2ecc.jpg,-1.801550362e-10
2636514498_01fcc5f501.jpg,4.278481682e-09
2602866141_be9928408d.jpg,-3.414887132e-09
2580215443_4e64afe3d5.jpg,-6.210081321e-09
260520547_944f9f4c91.jpg,-6.509366484e-10
3539817989_5353062a39.jpg,-1.542090353e-09
3294964868_16f4f9fa9d.jpg,-2.186288109e-09
3708743823_3e3e0554d1.jpg,-9.233595366e-10
2431470169_0eeba7d602.jpg,-5.072570872e-10
3088677667_4a8befb70e.jpg,-1.720133548e-09
1683444418_815f660379.jpg,-8.085872638e-09
985067019_705fe4a4cc.jpg,7.875031832e-09
3183519385_311555d5f5.jpg,-1.096325136e-09
3723903586_e98d3d8ec7.jpg,2.364837237e-10
515335111_c4afd5b903.jpg,-3.564350059e-09
3420284416_a90af1fb7a.jpg,1.695911934e-09
271660510_dd4ba34b35.jpg,4.611589168e-09
808245064_8a7971fc5b.jpg,1.908354052e-09
3364797223_1f0b2f98ed.jpg,1.64042435e-09
416992999_654a99a903.jpg,-1.938137159e-09
3486831913_2b9390ebbc.jpg,1.253143475e-09
2354064281_10afa38206.jpg,1.976735985e-09
3453259666_9ecaa8bb4b.jpg,1.994126804e-09
1148238960_f8cacec2fc.jpg,7.1685092e-09
2934573544_7ffe92a2c9.jpg,2.006246151e-09
1260816604_570fc35836.jpg,-3.276890957e-09
3648097366_706c8a57a1.jpg,-3.190428809e-09
2517284816_9b8fd3c6b6.jpg,-2.255319287e-09
171488318_fb26af58e2.jpg,6.438381548e-11
3487261028_30791528ec.jpg,-1.742485386e-10
2868324804_5cc8030484.jpg,-4.539389236e-09
3471841031_a949645ba8.jpg,-1.520721064e-09
3546891929_f31a99cd0d.jpg,-1.86788911e-09
3207654194_43d6bebd68.jpg,-9.203912824e-11
3041645937_ff7591d134.jpg,-1.107924746e-09
140430106_2978fda105.jpg,4.129169724e-09
461019788_bc0993dabd.jpg,2.187387614e-09
357191373_a1cb5696e8.jpg,3.010470001e-09
3627290893_561e176e80.jpg,2.675861761e-09
502884177_25939ac000.jpg,-1.987633556e-09
2870426310_4d59795032.jpg,8.287619032e-10
1525153022_06c48dbe52.jpg,-2.163586382e-09
1507563902_6ec8d5d822.jpg,7.712860427e-09
3533484468_0787830d49.jpg,6.651322057e-09
2913965136_2d00136697.jpg,-1.306694281e-09
3508522093_51f6d77f45.jpg,3.236091174e-09
3329858093_0ec73f2190.jpg,-3.115544427e-10
3132006797_04822b5866.jpg,-3.886465298e-09
2282600972_c22d1e03c7.jpg,-3.618058848e-09
3697003897_d8ac13be9a.jpg,2.430691036e-09
3051125715_db76cebd1e.jpg,6.644366274e-09
3416246113_1745559b6b.jpg,2.721159058e-09
3029043380_b28644ea5d.jpg,4.929107307e-09
3016521240_2ef20834b6.jpg,-1.812710458e-09
221973402_ecb1cd51f1.jpg,-2.238340333e-10
3481859121_3d3e566ec0.jpg,1.430130408e-09
751109943_2a7f8e117f.jpg,-3.458352003e-09
2715035273_8fc8b1291c.jpg,-2.801890723e-09
3367034082_31658a89bb.jpg,-5.874285982e-09
2596475173_58f11fc583.jpg,-5.989258089e-09
373394550_1b2296b8c4.jpg,-5.519642684e-09
3576259024_9c05b163aa.jpg,5.034944877e-09
2353119813_685bace18e.jpg,2.659111947e-09
3354063643_1d8814eb13.jpg,-6.279525624e-09
2178095150_436b035741.jpg,2.219723653e-09
3286193613_fc046e8016.jpg,3.594719476e-09
3286045254_696c6b15bd.jpg,-2.171497429e-09
3211577298_14296db6fd.jpg,-2.850375715e-09
3514194772_43ba471982.jpg,-5.173220893e-09
3602838407_bf13e49243.jpg,4.674347502e-09
241345942_ea76966542.jpg,4.513728054e-09
2831217847_555b2f95ca.jpg,1.610676507e-09
1334892555_1beff092c3.jpg,-7.941176922e-10
2711075591_f3ee53cfaa.jpg,-3.895279227e-09
2898304260_a4099a193a.jpg,-3.597176034e-09
3380072636_4cd59385fd.jpg,1.026131977e-09
241345522_c3c266a02a.jpg,3.128469465e-09
566384456_97da3c7bd6.jpg,-4.514073801e-09
3283368342_b96d45210e.jpg,3.89442552e-09
426191845_1e979e9345.jpg,-2.821648054e-09
2689491604_d8760f57b4.jpg,-6.834622744e-11
2890731828_8a7032503a.jpg,1.16638703e-09
235065283_1f9a3c79db.jpg,3.687077971e-09
3472364264_dbde5a8d0a.jpg,6.390915425e-09
479807833_85eed6899c.jpg,2.924929014e-09
2346401538_f5e8da66fc.jpg,-2.222172318e-09
3722572342_6904d11d52.jpg,-4.192119797e-09
2891961886_b7a2f0b0fd.jpg,6.267475561e-09
2393298349_e659308218.jpg,5.659865309e-09
2289068031_fe26990183.jpg,8.069848996e-11
2090723611_318031cfa5.jpg,-6.890100916e-09
112243673_fd68255217.jpg,2.360236911e-09
3410899419_4f8dca6f3f.jpg,1.454858306e-09
2715289538_d77c8d0a85.jpg,1.641338391e-09
3146937399_8c046b7b1a.jpg,3.344523774e-09
3091338773_9cf10467b4.jpg,-1.131202332e-09
2698666984_13e17236ae.jpg,5.942827167e-09
2264316030_600e55748d.jpg,-4.46506833e-10
2403544744_cba152f5c1.jpg,-1.603857718e-09
522063319_33827f1627.jpg,-1.141840188e-09
320093980_5388cb3733.jpg,-4.326454181e-10
480200554_6155e9dfeb.jpg,-5.489261574e-09
3502897880_8392d0e4de.jpg,4.431965527e-09
436393371_822ee70952.jpg,-3.201224476e-09
3623302162_099f983d58.jpg,3.772293715e-10
3025546819_ce031d2fc3.jpg,3.999609176e-09
303795791_98ebc1d19a.jpg,-1.697979383e-09
3213395965_2a823c6865.jpg,-1.539250825e-09
3584829998_25e59fdef3.jpg,5.653158918e-09
539676201_c8f1f04952.jpg,-3.884468937e-09
2891162278_fbf96be4f4.jpg,-1.16034887e-09
3040033126_9f4b88261b.jpg,1.732428559e-10
2483993772_f64e9e4724.jpg,3.395614234e-10
2920516901_23d8571419.jpg,-3.736490127e-09
2938747424_64e64784f0.jpg,5.167683903e-09
3481884992_45770ec698.jpg,1.334809442e-09
496380034_d22aeeedb3.jpg,5.592194353e-09
2886837407_a4510ab1ef.jpg,4.021189604e-09
2330843604_b8d75d6ac7.jpg,2.296129354e-09
1688699579_2f72328c7e.jpg,-1.466593781e-09
