3043501068_be58ac47e1.jpg,1.968814643e-06
3046916429_8e2570b613.jpg,1.892840802e-06
2054308369_f9c6ec7815.jpg,2.645342572e-06
3173014908_b3e69594b6.jpg,2.640780717e-06
167295035_336f5f5f27.jpg,2.382074203e-06
3215238223_29de2b35cb.jpg,1.560329741e-06
3498482871_4e02f31c35.jpg,1.357376496e-06
3176498130_52ab9460b2.jpg,1.427532387e-06
2760715910_87c7bdeb87.jpg,2.343860917e-06
2738255684_0324ed062d.jpg,1.572320907e-06
247617035_9f2e821534.jpg,2.0859122e-06
2831215155_07ba8f1805.jpg,2.252139298e-06
871290646_307cddd4e7.jpg,1.964281104e-06
937559727_ae2613cee5.jpg,1.321201504e-06
3371567346_b6522efdb8.jpg,1.652242205e-06
2457052334_b5a1d99048.jpg,2.041997978e-06
468911753_cc595f5da0.jpg,1.686579849e-06
2371809188_b805497cba.jpg,2.149814303e-06
2540751930_d71c7f5622.jpg,1.414338826e-06
502115726_927dd684d3.jpg,1.799927624e-06
3054997030_797096dd12.jpg,1.581070488e-06
873633312_a756d8b381.jpg,1.679922662e-06
2436160351_108924a65b.jpg,2.178905847e-06
2706023395_ac9eba0e42.jpg,1.585506517e-06
3326086533_23a0a54a8e.jpg,1.908193669e-06
173020287_230bfc4ffc.jpg,1.689420683e-06
50030244_02cd4de372.jpg,1.192799219e-06
3183883750_b6acc40397.jpg,1.995138192e-06
2434006663_207a284cec.jpg,1.721069898e-06
435827376_4384c3005a.jpg,1.586458304e-06
3503011427_a4ee547c77.jpg,1.469226468e-06
2351762979_0941aecced.jpg,1.367074892e-06
3592968286_b63c81bcd2.jpg,1.964711601e-06
2862004252_53894bb28b.jpg,9.816432091e-07
1077931201_1e0bb83105.jpg,2.081549e-06
2120383553_5825333a3f.jpg,1.897609552e-06
3399843227_3b9d2a8dbf.jpg,2.073645058e-06
241345533_99c731403a.jpg,2.389340823e-06
3710050559_f6f12760fe.jpg,1.711847487e-06
2635938723_11b85e6763.jpg,2.463767574e-06
3496028495_431cfdc042.jpg,2.069585523e-06
2991575785_bd4868e215.jpg,1.886687868e-06
3562282690_cd2a95fe9e.jpg,1.704607352e-06
2676764246_c58205a365.jpg,1.691436717e-06
3519942322_b37d088aae.jpg,2.675156625e-06
2839932205_3c9c27cd99.jpg,1.596925808e-06
2115620856_4fa5025ac6.jpg,1.50590541e-06
2684322797_85406f571d.jpg,2.099893767e-06
530661899_94655d7d0e.jpg,2.208770859e-06
3610683688_bbe6d725ed.jpg,1.195030764e-06
2186087673_c7a73da7ce.jpg,2.062794181e-06
350176185_b8c5591e36.jpg,1.414028945e-06
3649384501_f1e06c58c0.jpg,1.585356314e-06
3243094580_ccd01679f5.jpg,1.908558967e-06
3301854980_233cc2f896.jpg,1.505046065e-06
3465396606_5ba1574128.jpg,1.677182427e-06
2502905671_c6039804ab.jpg,1.940686412e-06
437917001_ae1106f34e.jpg,2.221387935e-06
3273163189_dece7babf4.jpg,2.781109729e-06
3405100926_e96308ce89.jpg,1.704204264e-06
2088532947_c628e44c4a.jpg,1.943178546e-06
3134585858_a8c3493ca5.jpg,1.760549369e-06
2242178517_2325b85e5f.jpg,1.555028713e-06
2885891981_6b02620ae9.jpg,1.114609069e-06
618771382_459bb492e4.jpg,1.351997318e-06
2642475077_69d19deb74.jpg,2.483850653e-06
197504190_fd1fc3d4b7.jpg,1.315949079e-06
479807465_cf42f39d00.jpg,1.662789552e-06
2622624460_207dbcc4cf.jpg,1.819573515e-06
3234890865_bb3c316968.jpg,1.941823691e-06
413737417_b0a8b445e9.jpg,1.759307389e-06
2116444946_1f5d1fe5d1.jpg,1.535873247e-06
1434005938_ad75c8598c.jpg,1.675701411e-06
2271890493_da441718ba.jpg,1.317910932e-06
2441354291_b32e00e5a6.jpg,2.009332719e-06
3583704941_611353857e.jpg,2.04788263e-06
2680619645_ab6645218d.jpg,1.032310506e-06
2504991916_dc61e59e49.jpg,1.787354677e-06
2310126952_7dc86d88f6.jpg,2.755429641e-06
576920249_df1bdc2068.jpg,1.713048507e-06
2628331789_c7f7d90e5d.jpg,1.687570827e-06
2839038702_e168128665.jpg,2.174778624e-06
3067971348_69af5bb309.jpg,2.114945529e-06
2860202109_97b2b22652.jpg,2.256109583e-06
3245250964_9d3e37111e.jpg,1.748881765e-06
1806580620_a8fe0fb9f8.jpg,1.434606144e-06
239807547_4923efc821.jpg,1.404282337e-06
1566117559_f5d98fbeb0.jpg,2.30591033e-06
2759813381_73303113d9.jpg,9.942283968e-07
3000722396_1ae2e976c2.jpg,1.304248103e-06
278007543_99f5a91a3e.jpg,1.66666918e-06
947664583_7c63172366.jpg,1.51140621e-06
325576658_59f68bdbd6.jpg,1.879690345e-06
2415265825_fbfe0c8556.jpg,2.026605587e-06
3364796213_b8948913b5.jpg,1.240194703e-06
2058091220_2087270068.jpg,1.888714504e-06
2295216243_0712928988.jpg,1.527572741e-06
506808265_fe84ada926.jpg,1.514285493e-06
557601144_50b8c40393.jpg,1.466370342e-06
3613667665_1881c689ea.jpg,2.022694782e-06
3603116579_4a28a932e2.jpg,1.31507316e-06
1112212364_0c48235fc2.jpg,1.942161068e-06
2855910826_d075845288.jpg,1.790873873e-06
2801851082_8c3c480c0f.jpg,1.829209074e-06
2861413434_f0e2a10179.jpg,2.383365835e-06
3439243433_d5f3508612.jpg,2.389844419e-06
3038045802_93f2cd5fbc.jpg,1.679423172e-06
412101267_7257e6d8c0.jpg,2.084595802e-06
3371887001_44ab0c2f17.jpg,1.039485096e-06
260392825_ea61660633.jpg,1.69022925e-06
3688858505_e8afd1475d.jpg,1.801660124e-06
236144859_52f9e38885.jpg,2.361237874e-06
3207775692_bb897d9afd.jpg,1.907068494e-06
3193335577_9bdbaf9f70.jpg,1.745238983e-06
543291644_64539956e9.jpg,2.362740776e-06
1781227288_6811e734be.jpg,1.413763927e-06
2892995070_39f3c9a56e.jpg,2.170991768e-06
2939371251_f923569a72.jpg,1.483618801e-06
2913972180_547783dd3d.jpg,1.110765263e-06
534655560_dc1c335b3f.jpg,2.110496517e-06
3162289423_4ca8915d0c.jpg,1.99618648e-06
3375549004_beee810e60.jpg,1.718393801e-06
3680031186_c3c6698f9d.jpg,1.808268679e-06
476759700_8911f087f8.jpg,1.745404327e-06
487894806_352d9b5e66.jpg,2.615340295e-06
3157039116_d82da4e66b.jpg,1.622600536e-06
3264937930_9623496b64.jpg,1.436549091e-06
2565657591_6c1cdfc092.jpg,2.207823189e-06
3320154278_c67e01b8d1.jpg,1.274536724e-06
3557295488_600d387347.jpg,1.985312101e-06
3488512097_e500cb499f.jpg,1.904415167e-06
1436760519_8d6101a0ed.jpg,1.934641062e-06
2425262733_afe0718276.jpg,1.256171654e-06
278388986_78ba84eb8f.jpg,1.830911783e-06
3260975858_75d0612a69.jpg,2.023490828e-06
3702038926_966fdaa311.jpg,1.617021661e-06
3449718979_e987c64e2d.jpg,9.682668646e-07
2428094795_d3a8f46046.jpg,2.105280305e-06
2479162876_a5ce3306af.jpg,1.340881021e-06
3256272547_5ae6c66293.jpg,2.066154725e-06
3621717946_d96f8a6012.jpg,1.663341633e-06
260162669_c79a900afb.jpg,1.484599518e-06
3256043809_47258e0b3e.jpg,2.420889856e-06
3721799573_2f470950e0.jpg,2.065025951e-06
3310067561_b92017acab.jpg,1.903975622e-06
2635400219_2e1a984fd3.jpg,1.712523075e-06
3004823335_9b82cbd8a7.jpg,1.303017224e-06
3349955993_a04aea97d8.jpg,1.578861777e-06
3571193625_835da90c5e.jpg,2.172221062e-06
2552949275_b8cdc450cc.jpg,1.815232989e-06
72218201_e0e9c7d65b.jpg,1.862199068e-06
1142847777_2a0c1c2551.jpg,1.851647109e-06
105342180_4d4a40b47f.jpg,1.666009161e-06
3217240672_b99a682026.jpg,1.317348215e-06
2272967004_1531726d71.jpg,2.583730329e-06
3296124052_6f1d1c9f8d.jpg,2.027235592e-06
3651107058_d84d4c3c25.jpg,1.310159519e-06
2434074318_e35a567220.jpg,1.685659422e-06
96973080_783e375945.jpg,1.335523488e-06
2658009523_b49d611db8.jpg,1.75892459e-06
2612608861_92beaa3d0b.jpg,1.558877172e-06
1303727066_23d0f6ed43.jpg,2.191390599e-06
2214132302_80064fd79d.jpg,2.372938086e-06
2514581496_8f4102377e.jpg,1.66695246e-06
3326024473_4c16e4fbfc.jpg,2.309949071e-06
2882743431_c3e6cd1b5c.jpg,1.905609514e-06
3541962817_78bcd3835b.jpg,9.0909877e-07
2307118114_c258e3a47e.jpg,2.152728118e-06
3583065748_7d149a865c.jpg,2.055693405e-06
3632197966_0c5061025f.jpg,1.197771133e-06
279901198_e7a88c855a.jpg,1.672682803e-06
1827560917_c8d3c5627f.jpg,1.809990042e-06
1923476156_e20976b32d.jpg,2.249170306e-06
3462165890_c13ce13eff.jpg,1.293144206e-06
453473508_682c0a7189.jpg,1.678708607e-06
3223709894_97824ba76f.jpg,1.515027934e-06
1394927474_0afdd82fc4.jpg,2.100348047e-06
3474985008_0a827cd340.jpg,1.611712347e-06
581419370_30485f3580.jpg,9.907879042e-07
3538021517_b930dc76fc.jpg,2.003901407e-06
3436063693_15c8d377a2.jpg,1.260899232e-06
2528552898_9e49a7033f.jpg,1.550306596e-06
3664928753_7b0437fedf.jpg,1.617422461e-06
485312202_784508f2a9.jpg,1.901433397e-06
3634785801_4b23184a06.jpg,1.233878044e-06
2817847072_5eb3bc30ac.jpg,2.103399845e-06
3280672302_2967177653.jpg,1.374348672e-06
1881494074_1bebd93089.jpg,1.95491006e-06
3323498985_fd9d2803fd.jpg,1.627629049e-06
3348785391_c243faf6bb.jpg,1.188532482e-06
3119887967_271a097464.jpg,1.949288409e-06
3301754574_465af5bf6d.jpg,1.962987829e-06
3672109677_8caa992671.jpg,1.057217213e-06
3670907052_c827593564.jpg,1.297344335e-06
3595080592_5fd55570e5.jpg,1.387636931e-06
3495453699_1c9faedf3c.jpg,1.395092983e-06
3550276904_19de3561c5.jpg,1.707205592e-06
2428797297_7fc3c862db.jpg,2.111373063e-06
421808539_57abee6d55.jpg,2.323240909e-06
248174959_2522871152.jpg,1.811121963e-06
435054077_3506dbfcf4.jpg,1.57620538e-06
3640241166_b1ab7a8e7a.jpg,1.92656719e-06
2874984466_1aafec2c9f.jpg,1.995288768e-06
3287236038_8998e6b82f.jpg,2.11527572e-06
2453990033_df53f0d8c8.jpg,1.4039842e-06
2736508369_fd9ff0b42f.jpg,1.647110955e-06
3092370204_029b6bc10a.jpg,1.800270259e-06
191003284_1025b0fb7d.jpg,1.921201644e-06
1466307489_cb8a74de09.jpg,1.16200277e-06
2255685792_f70474c6db.jpg,1.552610175e-06
2629402527_6dfc5c504b.jpg,2.007887756e-06
2687539673_d54a8dc613.jpg,9.556906399e-07
124881487_36e668145d.jpg,1.873523479e-06
2303016989_0deb96c8d9.jpg,2.297456083e-06
2838125339_3dd314e315.jpg,1.216297352e-06
316833109_6500b526dc.jpg,1.705515666e-06
3573436368_78f0ccdf01.jpg,2.258389137e-06
3088399255_1bd9a6aa04.jpg,1.775065752e-06
250892549_1e06a06a78.jpg,1.429416633e-06
3711611500_ea47b58b6f.jpg,1.651665006e-06
1096395242_fc69f0ae5a.jpg,1.87493041e-06
3545586120_283d728a97.jpg,1.835936571e-06
1089181217_ee1167f7af.jpg,1.336150201e-06
3116985493_04b1dc3345.jpg,1.651053905e-06
3706653103_e777a825e4.jpg,1.568880111e-06
380041023_0dfd712ef1.jpg,1.246208052e-06
3497224764_6e17544e0d.jpg,2.237721751e-06
410422753_de506155fa.jpg,1.686880266e-06
3006093003_c211737232.jpg,1.226988561e-06
857914283_270d7d1c87.jpg,2.40110442e-06
107318069_e9f2ef32de.jpg,2.208914324e-06
3175849727_bf30b892cb.jpg,2.471239044e-06
2641770481_c98465ff35.jpg,2.062609362e-06
3437693401_202afef348.jpg,2.353634873e-06
3555231025_73fa54fa29.jpg,2.270060952e-06
2196316998_3b2d63f01f.jpg,1.808590166e-06
245442617_407eba1e98.jpg,1.769054557e-06
3353400143_8b9543f7dc.jpg,1.753833158e-06
413231421_43833a11f5.jpg,1.038982695e-06
2200901777_f6c168bd32.jpg,2.164850619e-06
2493469969_11b6190615.jpg,1.467112319e-06
3756150099_50882fc029.jpg,2.133675386e-06
3404978479_8a81843e17.jpg,2.45774222e-06
3268191118_ba25fabab6.jpg,2.105990329e-06
2603334363_cfa32c4482.jpg,1.467274749e-06
3181409177_edb09c2718.jpg,2.306200814e-06
3656206975_09e6ce58bd.jpg,1.790240218e-06
2940366012_1ef8ab334e.jpg,1.459759087e-06
2318721455_80c6644441.jpg,1.780983767e-06
2976155358_b4dd4407cf.jpg,9.663839692e-07
3518118675_5053b3f738.jpg,1.675626979e-06
2894850774_2d530040a1.jpg,2.018814564e-06
900144365_03cd1899e3.jpg,1.186852779e-06
3300019891_8f404d94a1.jpg,1.223511662e-06
3457460673_800d7f7dd9.jpg,2.323869618e-06
1428641354_f7453afbea.jpg,1.573939867e-06
2285741931_07159a21f2.jpg,2.688506988e-06
3666056567_661e25f54c.jpg,1.425916372e-06
2505988632_9541f15583.jpg,1.206413965e-06
177302997_5b2d770a0a.jpg,1.72697132e-06
1087168168_70280d024a.jpg,1.494187211e-06
1397295388_8a5b6b525d.jpg,1.624998817e-06
2261257940_449b6e6c91.jpg,1.250989653e-06
3566225740_375fc15dde.jpg,1.684509881e-06
3172283002_3c0fc624de.jpg,2.077767357e-06
3324056835_84904fe2f8.jpg,2.28020859e-06
1053804096_ad278b25f1.jpg,2.199122477e-06
2943079526_e9033a6556.jpg,1.991365062e-06
3647283075_3005333222.jpg,1.063406875e-06
2944836001_b38b516286.jpg,2.418973687e-06
3576060775_d9121519cc.jpg,1.199553259e-06
3399906919_bc8562b257.jpg,2.567152767e-06
2490863987_715383944a.jpg,1.706909321e-06
2256133102_e2c8314ecb.jpg,1.613634642e-06
3493000349_81c540e828.jpg,1.891031534e-06
3530342993_a4a1f0e516.jpg,1.250059415e-06
3182405529_7692256746.jpg,2.261964087e-06
2797149878_bb8e27ecf9.jpg,2.180957941e-06
470887795_8443ce53d0.jpg,1.3057439e-06
2081679622_6f1442367d.jpg,2.14089757e-06
2987096101_a41896187a.jpg,1.906406803e-06
3401333624_4b6af8c1d7.jpg,1.480075235e-06
2090545563_a4e66ec76b.jpg,1.528530996e-06
445861800_75fc6a8c16.jpg,1.592063352e-06
1423997242_ea2189ec5e.jpg,1.763126724e-06
380034515_4fbdfa6b26.jpg,1.298431249e-06
472535997_0dbf42b9f3.jpg,1.996886642e-06
3162095736_cc41dd41ff.jpg,1.292873183e-06
1002674143_1b742ab4b8.jpg,1.347190273e-06
3375991133_87d7c40925.jpg,1.710740971e-06
1303550623_cb43ac044a.jpg,1.090109198e-06
3437781040_82b06facb3.jpg,1.519623888e-06
539493431_744eb1abaa.jpg,1.483106445e-06
1211015912_9f3ee3a995.jpg,1.696611468e-06
2655647656_ee450446ed.jpg,2.067590592e-06
2792212974_23b1ef05fa.jpg,1.780184915e-06
3595216998_0a19efebd0.jpg,2.06779539e-06
423066487_07757b2b49.jpg,1.780835134e-06
2823575468_15f6c345fc.jpg,2.420131256e-06
3263215700_e27f81f8b9.jpg,2.159932349e-06
2892395757_0a1b0eedd2.jpg,1.501030215e-06
519059913_4906fe4050.jpg,1.711320293e-06
2384550175_e421d3a871.jpg,1.560600991e-06
3548191125_514f47e493.jpg,2.064652125e-06
2822290399_97c809d43b.jpg,1.756848952e-06
241345864_138471c9ea.jpg,2.372197145e-06
2466420387_86fe77c966.jpg,1.847031288e-06
229862312_1a0ba19dab.jpg,1.157785538e-06
1573017288_4d481856e2.jpg,1.621803038e-06
3355494822_61353a224d.jpg,2.205532735e-06
2352414953_10f3cd0f1f.jpg,2.135316626e-06
2751602672_ca5e1f6447.jpg,1.34751626e-06
3518755601_cebf11e515.jpg,2.092044157e-06
3442622076_c3abe955e5.jpg,2.249692303e-06
2862509442_4f5dc96dca.jpg,1.968515361e-06
1263126002_881ebd7ac9.jpg,1.381423222e-06
3154528397_89112faf4b.jpg,1.532299207e-06
554774472_b5d165ff69.jpg,1.259310522e-06
2460126267_0deea8b645.jpg,1.345383722e-06
3504158556_1d410c8ff7.jpg,1.425031121e-06
2431723485_bc6b8e6418.jpg,2.000145625e-06
1473080948_bae2925dc8.jpg,1.371031276e-06
3594822096_e1144b85d6.jpg,1.628769403e-06
3232470286_903a61ea16.jpg,1.435641972e-06
2599131872_65789d86d5.jpg,2.159020971e-06
262570082_6364f58f33.jpg,1.97980417e-06
2912476706_9a0dbd3a67.jpg,1.981835156e-06
3016726158_4d15b83b06.jpg,2.09450528e-06
2661489896_cc3425777e.jpg,1.835654358e-06
3404552106_f516df0f5b.jpg,1.465076217e-06
2204277704_f1c8c741ed.jpg,2.248761343e-06
2050067751_22d2763fd2.jpg,2.095479626e-06
350443876_c9769f5734.jpg,1.914177238e-06
2450299735_62c095f40e.jpg,1.578849832e-06
769260947_02bc973d76.jpg,2.357543181e-06
2970067128_8842ab3603.jpg,1.327656739e-06
2342478660_faef1afea8.jpg,1.869480783e-06
485245061_5a5de43e20.jpg,1.827442723e-06
3621649810_cca783b777.jpg,1.976408933e-06
3346918203_986dca6641.jpg,1.70987089e-06
3272002857_ace031f564.jpg,2.260021825e-06
3104400277_1524e4f758.jpg,1.392726586e-06
2231847779_1148d1c919.jpg,1.53916428e-06
3308488725_f91d9aba27.jpg,2.067171429e-06
2712974062_6d5b6aa7f0.jpg,1.410588202e-06
2757803246_8aa3499d26.jpg,1.369600274e-06
3126773489_7ae425af17.jpg,1.229560471e-06
2960033435_c20cc7399a.jpg,1.598916274e-06
2502007071_82a8c639cf.jpg,1.480001649e-06
3132619510_7dfc947d25.jpg,2.22088481e-06
3028095878_07341efc9c.jpg,2.216412549e-06
247704641_d883902277.jpg,1.323307348e-06
3359551687_68f2f0212a.jpg,1.737588074e-06
824123145_59243e504e.jpg,1.790053358e-06
3285993030_87b0f1d202.jpg,1.903519793e-06
1663454406_5e2cf8c5bb.jpg,1.214300515e-06
2147199188_d2d70b88ec.jpg,1.195807312e-06
236474697_0c73dd5d8b.jpg,2.152418312e-06
3308018795_68a97a425c.jpg,1.852201173e-06
275516348_cbccebc125.jpg,2.207906828e-06
3174228611_6cf9d2266b.jpg,2.088922942e-06
2420546021_4a59790da6.jpg,1.562498417e-06
3009018821_ba47396e24.jpg,9.955232103e-07
2287023569_fd7a9c60b8.jpg,1.592563226e-06
3519155763_045a6a55e2.jpg,2.254790479e-06
2309327462_82a24538d4.jpg,1.571183001e-06
609681901_66809d2dc1.jpg,1.446382633e-06
3344411431_6f4917bb2f.jpg,2.006363979e-06
3726700898_c50494b8bd.jpg,1.390527412e-06
3603064161_a8f3b6455d.jpg,1.899799868e-06
415793623_6c1225ae27.jpg,1.745854911e-06
3225296260_2ee72b4917.jpg,1.922639217e-06
2952320230_26601173be.jpg,2.095094687e-06
2400958566_4e09424046.jpg,1.731717606e-06
2286239223_d84ffc4e4a.jpg,1.608874818e-06
888517718_3d5b4b7b43.jpg,1.844370959e-06
3259228898_cefd04580b.jpg,1.998850668e-06
3374054694_fa56f29267.jpg,1.480534611e-06
3317960829_78bbfafbb6.jpg,1.410796104e-06
1332815795_8eea44375e.jpg,1.909449612e-06
3106340185_80d0cb770a.jpg,1.67483421e-06
1244140539_da4804d828.jpg,1.859291673e-06
2193223202_4d908c0450.jpg,1.321730033e-06
69189650_6687da7280.jpg,2.259287674e-06
517102724_a0f3069156.jpg,1.982330258e-06
230016181_0c52b95304.jpg,2.013337553e-06
3217620013_8b17873273.jpg,1.368793653e-06
3429351222_17ae744daf.jpg,1.48914698e-06
3454199170_ae26917dcd.jpg,1.441769998e-06
3580375310_46ec3e476c.jpg,2.227845549e-06
3594029059_cee1f4c59a.jpg,2.34963041e-06
2657484284_daa07a3a1b.jpg,1.128671469e-06
2869009633_ea3cafd437.jpg,1.543374526e-06
3664297064_a4d45cbbbc.jpg,1.322377752e-06
3463523977_f2ed231585.jpg,1.422758338e-06
2745811124_12c4426b8b.jpg,2.183267882e-06
2696636252_91ef1491ea.jpg,1.448271631e-06
2579266054_1ec58aa92f.jpg,1.407566377e-06
279728508_6bd7281f3c.jpg,9.807725837e-07
3619232550_0b1e1fd4e4.jpg,1.717584999e-06
3639428663_dae5e8146e.jpg,1.349815546e-06
2808870080_4ea4f3327e.jpg,1.12256185e-06
431018958_84b2beebff.jpg,1.467214508e-06
3427852996_d383abd819.jpg,1.544778862e-06
1529044279_4922ead27c.jpg,1.098431427e-06
2307807200_91fa29cba1.jpg,2.009904183e-06
405534893_2d0f3b0147.jpg,1.733243189e-06
2885111681_dc328ecfff.jpg,1.420764184e-06
2921094201_2ed70a7963.jpg,2.162771009e-06
772212710_f5fc22ed35.jpg,1.083507077e-06
2664103423_c539f61016.jpg,2.287264448e-06
315880837_90db309bab.jpg,2.365723635e-06
2108799322_e25aa6e185.jpg,1.959867981e-06
1956678973_223cb1b847.jpg,1.497673482e-06
219730733_6a55382dd2.jpg,1.256441024e-06
2914800692_0c512d27b8.jpg,1.858654426e-06
2248487956_2603f55ab9.jpg,1.994064447e-06
483841513_e660391880.jpg,5.809846084e-07
1674612291_7154c5ab61.jpg,1.415721694e-06
2288530008_4ebcee2174.jpg,1.825204966e-06
3729525173_7f984ed776.jpg,1.210146638e-06
2257294002_0073263c54.jpg,2.264800807e-06
2914737181_0c8e052da8.jpg,4.123464919e-06
539744890_85e63f5854.jpg,3.100724977e-06
3513265399_a32e8cfd18.jpg,1.340665315e-06
1625306051_7099519baa.jpg,1.979037714e-06
2642350864_099c0f2152.jpg,1.886886287e-06
756909515_a416161656.jpg,1.580018845e-06
2939197393_93dc64c4bb.jpg,1.952092785e-06
2070831523_5035d5537e.jpg,2.194486432e-06
2986671935_0c60bbb3fa.jpg,1.028580345e-06
156967462_72db9b722c.jpg,1.275797643e-06
1425919702_ddb761aeec.jpg,1.450467862e-06
3048380686_732db55281.jpg,1.480947472e-06
3226541300_6c81711e8e.jpg,1.835805024e-06
482907079_22085ada04.jpg,1.07151881e-06
108899015_bf36131a57.jpg,1.998778961e-06
2623939135_0cd02ffa5d.jpg,1.535477597e-06
3421177332_a05741cfa4.jpg,2.316088243e-06
3322443827_a04a94bb91.jpg,3.06930721e-06
2597737483_6518a230e4.jpg,1.787081344e-06
3067500667_0fce8f28d4.jpg,2.162025007e-06
2521878609_146143708e.jpg,2.13262187e-06
1772859261_236c09b861.jpg,1.655007433e-06
2266901263_4324af1f03.jpg,1.797176784e-06
3351667632_00f586a30c.jpg,1.644179033e-06
1305564994_00513f9a5b.jpg,2.24135213e-06
2196050115_e236d91f52.jpg,1.939950711e-06
3014986976_0e7b858970.jpg,1.446898763e-06
505955292_026f1489f2.jpg,1.113123477e-06
670609997_5c7fdb3f0b.jpg,1.428227162e-06
416650559_cd08d3cd96.jpg,2.08598489e-06
3587781729_bd21ce7b11.jpg,1.312136655e-06
3424927725_c4d1fcfac3.jpg,1.405221634e-06
3329777647_5e1fd503ac.jpg,1.732126686e-06
3084380974_268a0f9236.jpg,1.406827753e-06
2358898017_24496b80e8.jpg,2.072901557e-06
446286714_dcec7f339e.jpg,1.272264682e-06
342872408_04a2832a1b.jpg,1.913596405e-06
3613027188_1645ca1976.jpg,1.732039875e-06
3493255026_5fdaa52cbe.jpg,1.801100705e-06
3474912569_7165dc1d06.jpg,1.295363792e-06
3091916691_b1c96669c6.jpg,2.203598294e-06
2998861375_02817e0147.jpg,2.077791909e-06
1248734482_3038218f3b.jpg,2.013878199e-06
3514019869_7de4ece2a5.jpg,1.789544283e-06
2324917982_f3db8c11e9.jpg,1.992436468e-06
2198511848_311d8a8c2f.jpg,2.027458113e-06
3578841731_f775cab089.jpg,1.878411216e-06
3427402225_234d712eeb.jpg,2.029183475e-06
3134644844_493eec6cdc.jpg,1.898079318e-06
2500567791_101d5ddee3.jpg,1.463965764e-06
976392326_082dafc3c5.jpg,2.089116758e-06
3052196390_c59dd24ca8.jpg,1.248244354e-06
3035118753_69287079dc.jpg,2.340381014e-06
2308256827_3c0a7d514d.jpg,1.346943561e-06
2097398349_ff178b3f1b.jpg,1.601812692e-06
2933643390_1c6086684b.jpg,1.56774567e-06
132489044_3be606baf7.jpg,1.815964374e-06
2900274587_f2cbca4c58.jpg,2.029773497e-06
2288315705_5f4c37d932.jpg,1.61643912e-06
2795352290_9209b214f3.jpg,1.725193369e-06
1721637099_93e9ec2a2f.jpg,2.253914995e-06
2744705574_519c171ca0.jpg,1.589180836e-06
3127142756_bf0bfcb571.jpg,1.150209741e-06
125319704_49ead3463c.jpg,1.545998499e-06
3263497678_8bb688ca01.jpg,1.809659327e-06
244774022_a12c07afdb.jpg,2.233004319e-06
2102030040_2e8f4738f7.jpg,1.945592564e-06
523692399_d2e261a302.jpg,2.297203981e-06
3348811097_0e09baa26f.jpg,2.476710715e-06
2966552760_e65b22cd26.jpg,2.07848128e-06
2647062476_5ef31ba867.jpg,1.952756045e-06
280706862_14c30d734a.jpg,1.602966693e-06
421153376_d1d325568f.jpg,2.20488092e-06
3699318394_6193f2c8e0.jpg,2.024338283e-06
664470170_6a1ad20c45.jpg,1.825275408e-06
2399114095_c3196ff456.jpg,2.194923936e-06
2660480624_45f88b3022.jpg,1.64332148e-06
1460352062_d64fb633e0.jpg,8.130565286e-07
2385146732_d1c67c790e.jpg,1.20235858e-06
3185645793_49de805194.jpg,1.543325534e-06
3384314832_dffc944152.jpg,1.522165188e-06
1449370354_380c4123c9.jpg,1.556226636e-06
997338199_7343367d7f.jpg,1.329506016e-06
2670637584_d96efb8afa.jpg,1.782661963e-06
3501936223_6122a13d27.jpg,2.769549469e-06
3072114570_e1c0127529.jpg,2.12302026e-06
3461106572_920c8c0112.jpg,1.93362219e-06
804087017_330bcc8c56.jpg,1.318534381e-06
2559921948_06af25d566.jpg,2.087995667e-06
2044063458_fcc76a7636.jpg,1.072835827e-06
2901880865_3fd7b66a45.jpg,2.22589416e-06
890734502_a5ae67beac.jpg,2.095936649e-06
1394396709_65040d97ab.jpg,2.057332242e-06
3416339125_0860d3d1eb.jpg,2.116322078e-06
3628043835_9d9bd595a7.jpg,2.043562535e-06
3665169936_01ae94c9fd.jpg,2.124040221e-06
2735558076_0d7bbc18fc.jpg,1.66026186e-06
3634400263_c6fcaa48e1.jpg,1.929718694e-06
3370085095_6abbb67c1d.jpg,1.735085708e-06
3675825945_96b2916959.jpg,2.170917482e-06
3563924606_5914392cd8.jpg,1.996380179e-06
199809190_e3f6bbe2bc.jpg,2.049624162e-06
2557507575_b247f145bc.jpg,1.362009355e-06
561940436_64d6fc125d.jpg,1.422090109e-06
1917203130_fcaff8b10e.jpg,1.373029795e-06
3272847211_9e8a4f8308.jpg,1.913361958e-06
3533451027_b078e4631b.jpg,2.002680267e-06
700884207_d3ec546494.jpg,2.424573824e-06
470887781_faae5dae83.jpg,1.218216695e-06
1499581619_a5f65a882c.jpg,1.573613221e-06
3407584080_c6abf71ae3.jpg,2.319456859e-06
3606909929_90a1a072b7.jpg,1.903149127e-06
3042483842_beb23828b9.jpg,1.584408938e-06
2623247254_3bfc795121.jpg,2.109140782e-06
3396157719_6807d52a81.jpg,1.865836294e-06
3604384383_db6805d1b9.jpg,1.81191223e-06
2313230479_13f87c6bf3.jpg,2.322566264e-06
3500115252_9404c066a8.jpg,2.48244641e-06
961611340_251081fcb8.jpg,2.262777664e-06
3699522388_2333f01f40.jpg,1.685295314e-06
392467282_00bb22e201.jpg,2.034194069e-06
3485599424_94de8ede51.jpg,1.492516101e-06
489372715_ce52da796a.jpg,1.804943245e-06
2673148534_8daf0de833.jpg,1.543939931e-06
3443030942_f409586258.jpg,1.517334538e-06
1401961581_76921a75c5.jpg,2.093753504e-06
1155138244_859fd6e079.jpg,1.514428834e-06
219843860_332e5ca7d4.jpg,1.752580696e-06
3700322513_50f0d45bfa.jpg,2.452699258e-06
109823394_83fcb735e1.jpg,1.296028022e-06
293879742_5fe0ffd894.jpg,1.543514953e-06
3051754615_3d6494c2ae.jpg,1.733696716e-06
54723805_bcf7af3f16.jpg,2.10438507e-06
3436418401_b00ceb27c0.jpg,2.293681633e-06
3508051251_82422717b3.jpg,1.087902885e-06
534056823_0752303702.jpg,1.844393797e-06
3653484549_f316590b0f.jpg,1.655948498e-06
3597326009_3678a98a43.jpg,1.681333653e-06
491964988_414b556228.jpg,9.227118029e-07
2633082074_32c85f532c.jpg,1.166669299e-06
3721812313_6000566803.jpg,1.83731212e-06
2373234213_4ebe9c4ee5.jpg,1.764105645e-06
315436114_6d386b8c36.jpg,2.217157095e-06
241346471_c756a8f139.jpg,2.201316879e-06
1095476286_87d4f8664e.jpg,2.061409944e-06
2883324329_24361e2d49.jpg,1.306531679e-06
1235681222_819231767a.jpg,1.988881321e-06
72964268_d532bb8ec7.jpg,2.009310726e-06
262642489_f5c6b9e65b.jpg,1.108582909e-06
3342822192_082f932ef2.jpg,1.499278074e-06
3475092236_cf45d383c7.jpg,1.719086176e-06
3215896272_e9b4b547a9.jpg,2.209150478e-06
2142232919_c857a09dd7.jpg,9.552174449e-07
2189181027_a445b13438.jpg,2.24363187e-06
3274879561_74997bbfff.jpg,2.018065135e-06
309430053_cc58bcc36a.jpg,2.047455171e-06
241345596_91e0e2daf5.jpg,1.939466777e-06
3621623690_0095e330bc.jpg,1.094351775e-06
3741827382_71e93298d0.jpg,1.934157847e-06
2473737724_355599a263.jpg,1.875512882e-06
3406116788_c8f62e32d1.jpg,2.063141148e-06
1324816249_86600a6759.jpg,1.903501163e-06
3468694409_a51571d621.jpg,1.67354941e-06
3030962048_f71948226c.jpg,1.415216604e-06
2467850190_07a74d89b7.jpg,1.549275681e-06
2319808437_bbbdc317c0.jpg,1.37238442e-06
1295671216_cde1b9c9d1.jpg,3.294562596e-06
237277765_9e6fa5b99a.jpg,9.248399983e-07
181103691_fb2f956abd.jpg,1.685702515e-06
3640348910_fcd627ec66.jpg,1.480181756e-06
2879241506_b421536330.jpg,1.659150998e-06
2504056718_25ded44ecb.jpg,1.763757283e-06
2618538137_44fffe10c4.jpg,1.502423035e-06
3425071001_e7c9809ef2.jpg,1.383936166e-06
3472540184_b0420b921a.jpg,1.920302138e-06
1405221276_21634dcd58.jpg,7.213526323e-07
2587106431_1cc0e719c6.jpg,2.320789666e-06
2762702644_2aa3bf9680.jpg,1.627433548e-06
2808098783_c56b44befa.jpg,2.207218823e-06
2257099774_37d0d3aa9a.jpg,1.542466575e-06
3141440149_00becbbb93.jpg,1.943580185e-06
3304484212_b950233c30.jpg,2.101638605e-06
3475581086_a533567561.jpg,2.501946895e-06
979201222_75b6456d34.jpg,1.290246248e-06
3581538034_783b7d0d09.jpg,2.021228318e-06
2865564810_5c63328cd4.jpg,1.285603861e-06
3691622437_f13644273c.jpg,1.852482114e-06
3412249548_00820fc4ca.jpg,2.295127113e-06
131632409_4de0d4e710.jpg,1.765707063e-06
3251648670_9339943ba2.jpg,1.031003263e-06
3712923460_1b20ebb131.jpg,1.545529954e-06
3189521080_133777bce5.jpg,1.617257986e-06
852469220_bc0fee3623.jpg,1.8307798e-06
2115849046_2aa9fa8d13.jpg,2.659578583e-06
1357724865_4faf4e1418.jpg,1.004469592e-06
3492383096_5bbc08f0da.jpg,2.216983785e-06
1808504612_3508f3c9bb.jpg,1.043838715e-06
3725814794_30db172f67.jpg,1.744445181e-06
3493479159_609ebe1b35.jpg,1.837503127e-06
2362377137_9528692825.jpg,1.356352092e-06
319851847_7212423309.jpg,1.864508652e-06
500446858_125702b296.jpg,1.94102089e-06
3155501473_510f9c9f6b.jpg,2.012106276e-06
408573233_1fff966798.jpg,1.201553902e-06
470373679_98dceb19e7.jpg,1.452937487e-06
2867699650_e6ddb540de.jpg,2.245753957e-06
488356951_b3b77ad832.jpg,1.387926446e-06
2944025729_5aecda30ee.jpg,1.392777649e-06
2638981862_6b23833f37.jpg,1.85008733e-06
689359034_4a64c24ca4.jpg,1.703955074e-06
3234115903_f4dfc8fc75.jpg,1.81661235e-06
3332467180_d72f9b067d.jpg,1.911850696e-06
3365198533_539073002b.jpg,1.390117965e-06
2419221084_01a14176b4.jpg,1.9230606e-06
1269470943_ba7fc49b4d.jpg,8.224591963e-07
2461990494_c5ece064cc.jpg,2.156860789e-06
1969573381_5ecfae4c80.jpg,2.153105676e-06
2276120079_4f235470bc.jpg,1.570029617e-06
3399616238_77acf4ee12.jpg,1.97174106e-06
781387473_208ba152b3.jpg,1.946180404e-06
295729735_8360f2e64c.jpg,1.711771471e-06
1412832223_99e8b4701a.jpg,2.059519297e-06
673806038_0a3682a83f.jpg,1.973087749e-06
2908466042_bf07cb52c7.jpg,1.580188821e-06
3726730085_2468ee9220.jpg,2.550084369e-06
2368266191_87d77750f1.jpg,1.480586484e-06
751074141_feafc7b16c.jpg,1.219615838e-06
3547000169_40191e02ca.jpg,1.422608703e-06
3516653997_98ec551a67.jpg,1.865273182e-06
3562470436_6e193643ce.jpg,2.122153335e-06
3412450683_7da035f2de.jpg,1.523872946e-06
1072153132_53d2bb1b60.jpg,2.029674056e-06
3388330419_85d72f7cda.jpg,2.241894521e-06
2372763106_ddea79d36e.jpg,1.990953356e-06
3211437611_bd4af3730b.jpg,1.305826693e-06
897406883_f09f673d94.jpg,1.88264223e-06
482882307_7dcb9eee11.jpg,1.794364583e-06
535123126_c06c1ab9bf.jpg,9.861115574e-07
3419238351_ac18b440c0.jpg,1.729090054e-06
3189251454_03b76c2e92.jpg,2.562320851e-06
2967549094_d32422eb01.jpg,1.167692667e-06
3123526484_02952e40fc.jpg,2.236377096e-06
3242354561_54e5a34925.jpg,2.474827315e-06
3555573680_41c1540a86.jpg,1.592049838e-06
3542418447_7c337360d6.jpg,1.599419765e-06
1432342377_3e41603f26.jpg,1.449362891e-06
3581451227_618854cea4.jpg,1.709840283e-06
2678612999_893ed671f8.jpg,1.732827703e-06
3614881872_ccf9739b0e.jpg,1.681963838e-06
2474092890_6c0781a8ed.jpg,2.246758244e-06
3143765063_a7761b16d3.jpg,1.486118125e-06
3070011270_390e597783.jpg,2.480338005e-06
285306009_f6ddabe687.jpg,1.174802674e-06
3671933270_d124e9a1a4.jpg,1.83110669e-06
267015208_d80b3eb94d.jpg,1.594048815e-06
1597557856_30640e0b43.jpg,1.919086115e-06
2538423833_d1f492d1fb.jpg,1.65549854e-06
3534183988_3763593dfb.jpg,2.164085392e-06
3510695264_ef460fa6cc.jpg,1.732747767e-06
3249738122_decde6c117.jpg,1.587178357e-06
3468275336_61936db92d.jpg,2.387807065e-06
2737233999_34d60dc5c3.jpg,1.286597281e-06
3338474677_7376e426c2.jpg,1.347001076e-06
3223606402_bb2aa6db95.jpg,1.707474876e-06
2703155733_19ac6f97a8.jpg,1.848005155e-06
811662356_f9a632b63c.jpg,2.331842985e-06
475778645_65b7343c47.jpg,1.735216773e-06
244910177_7c4ec3f65b.jpg,1.209111589e-06
2052702658_da1204f6d1.jpg,2.561591936e-06
524282699_71e678a6bd.jpg,1.292160908e-06
255330891_86d65dfdbf.jpg,1.48152131e-06
1679557684_50a206e4a9.jpg,1.268885246e-06
3459858555_c3f0087a72.jpg,1.909793462e-06
2891240104_6755281868.jpg,1.476538426e-06
3385956569_a849218e34.jpg,2.0325781e-06
2190227737_6e0bde2623.jpg,1.665863484e-06
3415589320_71a5bf64cf.jpg,1.411647365e-06
1402843760_d30f1dbf0f.jpg,1.656787568e-06
795081510_53fd17d101.jpg,1.86451355e-06
1713248099_d860df4e10.jpg,1.365623401e-06
2905975229_7c37156dbe.jpg,2.165459885e-06
2757779501_c41c86a595.jpg,1.230752953e-06
3183875944_b2be694e06.jpg,1.706645852e-06
3516299821_8f0375d221.jpg,1.441083841e-06
3370308329_7f2de5bb58.jpg,2.033551953e-06
2727051596_be65bfb3d3.jpg,1.738123936e-06
3564543247_05cdbc31cf.jpg,1.169275855e-06
3155451946_c0862c70cb.jpg,1.675747857e-06
688210930_85c5675d5b.jpg,1.49808345e-06
2716251485_d6113f4c8a.jpg,1.240121135e-06
2282043629_91b7831352.jpg,1.451945716e-06
261737543_b8fdc24671.jpg,1.821335674e-06
3195969533_98f5de0fab.jpg,1.853045335e-06
3459156091_c1879ebe28.jpg,1.522281201e-06
2950637275_98f1e30cca.jpg,2.159638591e-06
1030985833_b0902ea560.jpg,1.269255913e-06
3072782873_3278f3b3a7.jpg,1.512223326e-06
2564888404_b57f89d3c7.jpg,1.500665595e-06
3625049113_554d82c2a1.jpg,1.877033934e-06
1541272333_1624b22546.jpg,2.617035094e-06
3523474077_16e14bc54c.jpg,1.870366379e-06
1298866571_b4c496b71c.jpg,1.5646984e-06
1517340899_ee1c74a8f6.jpg,1.745881158e-06
300577374_bfccb0430b.jpg,3.015377228e-06
468102269_135938e209.jpg,1.872595537e-06
3608567609_aae96d4a5e.jpg,1.381982814e-06
2980445969_a86f4e6a0e.jpg,1.875433537e-06
3695517194_2a6b604cb2.jpg,1.751159828e-06
3563059800_c073081ce3.jpg,2.161109422e-06
387830531_e89c192b92.jpg,1.653966854e-06
2748435417_ea7bbcc17c.jpg,1.239033581e-06
2752084369_52e7867da7.jpg,1.756249926e-06
2868136205_3cf679208d.jpg,1.99716482e-06
3684562647_28dc325522.jpg,1.63099115e-06
3412036192_d8cd12ed3f.jpg,2.084917062e-06
1858963639_4588cd4be9.jpg,1.304384462e-06
454691853_cc1e0fa6a1.jpg,1.547424467e-06
2914206497_5e36ac6324.jpg,1.90897972e-06
3225880532_c8d5d1d798.jpg,2.101858634e-06
3696246123_99d4d10140.jpg,2.315752708e-06
3422219732_3d0be52cc3.jpg,1.63296437e-06
2938072630_d641b63e4d.jpg,2.417671804e-06
3255737244_1f8948fc07.jpg,2.088185548e-06
597543181_6a85ef4c17.jpg,2.466873143e-06
3494394662_3edfd4a34c.jpg,2.022175272e-06
3579686259_b1fe6aefc9.jpg,1.175791842e-06
517094985_4b9e926936.jpg,1.896962046e-06
2106772874_381824648b.jpg,1.551800646e-06
2466093839_33bbc8cbd9.jpg,2.226003422e-06
473220329_819a913bbb.jpg,1.877248739e-06
513116697_ad0f4dc800.jpg,1.486271979e-06
3173976185_8a50123050.jpg,2.487991839e-06
370713359_7560808550.jpg,1.612764856e-06
3597921737_3fd1d0665b.jpg,1.159778874e-06
3128164023_ebe8da4c32.jpg,2.392910999e-06
3214573346_d3a57f0328.jpg,1.805855654e-06
1418503947_953d373632.jpg,1.545038783e-06
3235542079_2fcf4951a1.jpg,1.367185603e-06
2129430111_338a94f8fb.jpg,1.328464997e-06
2181117039_c4eea8036e.jpg,1.941801604e-06
2451988767_244bff98d1.jpg,1.233629449e-06
3163563871_cef3cf33ea.jpg,1.853892169e-06
3143574389_8a4048fbe2.jpg,1.862153316e-06
2896180326_88785fe078.jpg,1.03200856e-06
1387785218_cee67735f5.jpg,1.491049065e-06
3596131692_91b8a05606.jpg,1.758612567e-06
2842609837_b3a0b383f7.jpg,1.820533539e-06
3269661567_faf190885a.jpg,1.883548642e-06
1075881101_d55c46bece.jpg,1.36965391e-06
760180310_3c6bd4fd1f.jpg,2.060474298e-06
3497238310_2abde3965d.jpg,2.011217294e-06
3211556865_d1d9becf69.jpg,1.680155457e-06
3326249355_e7a7c71f06.jpg,1.774893642e-06
3433470650_a8b1c27173.jpg,1.172419712e-06
1289142574_2bd6a082dd.jpg,1.719513377e-06
2309860995_c2e2a0feeb.jpg,2.153187986e-06
2982928615_06db40f4cd.jpg,2.532268279e-06
2360194369_d2fd03b337.jpg,1.835159732e-06
3678098428_40c1b74cc2.jpg,2.096598867e-06
3076052114_233f42ae5b.jpg,1.364033779e-06
1288909046_d2b2b62607.jpg,1.886823983e-06
475317104_1cdc1653b4.jpg,1.846943197e-06
3547313700_39368b9a2f.jpg,2.397568685e-06
3477778668_81ff0a68e0.jpg,1.560906367e-06
3208571574_6dc1a461c5.jpg,1.625945524e-06
3487820317_3728e7569e.jpg,1.523036227e-06
1248953128_24c9f8d924.jpg,1.772574426e-06
3538213870_9856a76b2a.jpg,2.088444469e-06
457631171_12b1aee828.jpg,1.466395266e-06
2070798293_6b9405e04d.jpg,2.043291826e-06
3164415865_612f9fd8bc.jpg,2.159803067e-06
2105756457_a100d8434e.jpg,2.052867973e-06
284441196_8ebb216d0d.jpg,2.432263665e-06
3452982513_36f2bc81fa.jpg,2.208791613e-06
2084157130_f288e492e4.jpg,1.889738944e-06
2455286250_fb6a66175a.jpg,1.61853425e-06
2618322793_5fb164d86a.jpg,1.905419684e-06
3439982121_0afc6d5973.jpg,2.335866953e-06
2549452277_873cb80d3e.jpg,3.12073464e-06
2095007523_591f255708.jpg,2.350899582e-06
2604305843_ebe3e8a328.jpg,2.132517694e-06
2923497185_c64004ff2d.jpg,1.796561337e-06
3286017638_c688c83e3d.jpg,1.765348581e-06
3091594712_2166604334.jpg,2.10303199e-06
2709683703_5385ea9ef4.jpg,1.219597576e-06
3591170729_406fdb74e5.jpg,2.484940625e-06
2682194299_92005b26c6.jpg,1.756712286e-06
2870194345_0bcbac1aa5.jpg,1.424450961e-06
1472653060_7427d2865a.jpg,1.476869291e-06
3445296377_1e5082b44b.jpg,1.138647954e-06
305749904_54a612fd1a.jpg,2.057032746e-06
248858242_1c33c54ada.jpg,1.75277359e-06
3431194126_ca78f5fde6.jpg,1.232867046e-06
3246991821_750a3097e2.jpg,1.735409243e-06
2313822078_282dc07531.jpg,1.825728619e-06
3464708890_3cab754998.jpg,1.808387089e-06
2963672852_c28043bb2c.jpg,1.421545782e-06
2171576939_d1e72daab2.jpg,1.609492492e-06
2419591925_1038c6c570.jpg,2.383052875e-06
2924259848_effb4dcb82.jpg,1.381414135e-06
1141718391_24164bf1b1.jpg,1.016652799e-06
389643437_9a9830a3ba.jpg,1.706527449e-06
1075716537_62105738b4.jpg,2.481037126e-06
509200598_171a1ab6c8.jpg,1.229997565e-06
380527679_574749123d.jpg,1.651000746e-06
590445887_4d4fa43923.jpg,2.089385959e-06
3198231851_6b1727482b.jpg,1.403396709e-06
69710411_2cf537f61f.jpg,1.819485701e-06
3540598210_972f0ff573.jpg,2.141704403e-06
1924234308_c9ddcf206d.jpg,1.26513925e-06
3096163135_584901a5ae.jpg,1.59192657e-06
1745110280_0cbff5e273.jpg,1.545844944e-06
370614351_98b8a166b9.jpg,1.751477985e-06
3689727848_b53f931130.jpg,1.809404554e-06
244910130_e1f823a28a.jpg,1.785414939e-06
3542771548_fcb8fa0cba.jpg,8.632143748e-07
3211453055_05cbfe37cd.jpg,1.844936575e-06
2428959030_bdffc2812e.jpg,1.574728889e-06
3540416139_c884f38351.jpg,1.650644041e-06
1153704539_542f7aa3a5.jpg,1.21195785e-06
3477315700_52a4d740a5.jpg,1.915573026e-06
3255482333_5bcee79f7e.jpg,2.354105272e-06
2109370875_05241bdda7.jpg,2.327499153e-06
485921585_1974b1577a.jpg,9.920160948e-07
405961988_fcfe97f31e.jpg,1.705320642e-06
3583903436_028b06c489.jpg,1.848774583e-06
3401437960_7da856e004.jpg,1.749925057e-06
2087640654_1a84577a44.jpg,1.465613536e-06
241347391_4fcd4639f4.jpg,2.237969508e-06
2445283938_ff477c7952.jpg,2.067834445e-06
467858872_f3431df682.jpg,2.084039492e-06
2716457668_187a6d2b1c.jpg,2.220242739e-06
2894217628_f1a4153dca.jpg,1.522527438e-06
3101378069_f8caa14c0a.jpg,1.900753139e-06
3149804151_1cc8d10783.jpg,1.471256287e-06
3143978284_ac086be9a3.jpg,1.990697015e-06
2746839158_4195210d27.jpg,1.31211343e-06
3543600125_223747ef4c.jpg,1.874121094e-06
3185662156_c877583c53.jpg,2.399327268e-06
3685373706_37f2ced9ff.jpg,2.167098186e-06
1235580648_7eebaed9bc.jpg,1.694951728e-06
2369452202_8b0e8e25ca.jpg,2.185838815e-06
3127888173_9a9a8ac3bd.jpg,1.473470225e-06
3259119085_21613b69df.jpg,2.367968947e-06
97105139_fae46fe8ef.jpg,2.040267615e-06
2282895743_f803f1cf01.jpg,3.102138664e-06
3214151585_f2d0b00b41.jpg,1.824027692e-06
3226796100_08c49cfa5c.jpg,1.118650659e-06
3199895624_4f01798c6f.jpg,1.782353753e-06
3498327617_d2e3db3ee3.jpg,1.930142781e-06
3268443910_b36dbc1e5c.jpg,1.794153069e-06
2402793046_3385554e81.jpg,1.701973715e-06
2435166927_28b8130660.jpg,1.571319601e-06
3363750526_efcedc47a9.jpg,2.021355365e-06
3439414478_8038ba9409.jpg,2.173854167e-06
836768303_d748df5546.jpg,1.160936755e-06
3518608016_46453d8b18.jpg,1.606859527e-06
3053785363_50392f2c53.jpg,2.269967062e-06
1193116658_c0161c35b5.jpg,1.067820218e-06
412203580_2c7278909c.jpg,1.364014169e-06
506882688_b37d549593.jpg,2.182211282e-06
269630255_c3ec75c792.jpg,1.259424007e-06
2613209320_edf6a2b7e9.jpg,1.965969544e-06
3351596152_bf283f03d1.jpg,2.204926739e-06
3515665835_22e6fb1193.jpg,1.816574045e-06
3631671718_d712821757.jpg,1.703978816e-06
524360969_472a7152f0.jpg,1.645050799e-06
2860872588_f2c7b30e1a.jpg,2.355921931e-06
2930318834_8366811283.jpg,2.026812824e-06
411216802_aead9e67e3.jpg,1.122583941e-06
2389107995_ec756f3514.jpg,1.343718023e-06
3546027589_253553252a.jpg,1.768582122e-06
2555521861_fc36fd3ab0.jpg,1.553803568e-06
2667783499_3a4f38f636.jpg,1.775251579e-06
2926786902_815a99a154.jpg,1.785739267e-06
3258394043_a0b6a94dce.jpg,1.364583964e-06
408233586_f2c1be3ce1.jpg,1.705228418e-06
1415591512_a84644750c.jpg,2.276761258e-06
837893113_81854e94e3.jpg,1.637971046e-06
3356901257_83811a19eb.jpg,2.387228064e-06
2815256108_fc1302117d.jpg,1.532912617e-06
3526897578_3cf77da99b.jpg,2.403768811e-06
3151492269_28d8edaa68.jpg,3.170799181e-06
1308617539_54e1a3dfbe.jpg,2.089002786e-06
2089350172_dc2cf9fcf6.jpg,1.701164486e-06
528500099_7be78a0ca5.jpg,2.240087325e-06
2219959872_988e6d498e.jpg,1.953292667e-06
1456393634_74022d9056.jpg,1.86311356e-06
3336361161_c06cdd160e.jpg,1.762345619e-06
2371749487_d80195a2e7.jpg,1.715625869e-06
455611732_d65bf3e976.jpg,2.207420519e-06
1975531316_8b00eeaaf7.jpg,1.961861066e-06
954987350_a0c608b467.jpg,2.227407699e-06
96399948_b86c61bfe6.jpg,1.946844854e-06
3454621502_73af6742fb.jpg,1.668482455e-06
2601008162_f00eeb5c14.jpg,2.388676482e-06
3424851862_0f51c42922.jpg,1.466617272e-06
2729685399_56c0e104b1.jpg,1.963671227e-06
2101808682_0d66ef4a08.jpg,2.130900863e-06
2863349041_5eba6e3e21.jpg,2.587040066e-06
207584893_63e73c5c28.jpg,2.202021513e-06
2460797929_66446c13db.jpg,1.516252399e-06
1307635496_94442dc21a.jpg,1.347859205e-06
2521770311_3086ca90de.jpg,2.56537925e-06
3679502342_7fe6ef8a36.jpg,2.12878336e-06
3349528565_0bc013b70a.jpg,1.714859573e-06
2682382530_f9f8fd1e89.jpg,1.234938878e-06
362316425_bda238b4de.jpg,2.145308048e-06
3681414069_71ba164f71.jpg,1.836570482e-06
461505235_590102a5bf.jpg,1.829087703e-06
2195887578_3ba2f29b48.jpg,1.954471704e-06
3640109324_3ce89e4d1a.jpg,2.01443658e-06
2513260012_03d33305cf.jpg,1.58069529e-06
895502702_5170ada2ee.jpg,1.510023632e-06
556568556_bc5124dc8e.jpg,1.472700238e-06
2038662925_f4fa8c2534.jpg,1.656623473e-06
1130369873_d80a1aa59c.jpg,2.042455513e-06
2814037463_74de97da86.jpg,2.057203648e-06
3091177347_58c85c1c3b.jpg,1.825636277e-06
2201192417_d934730fea.jpg,2.156450562e-06
2394857899_76bfdf720b.jpg,1.36720912e-06
3158327361_6f1a518228.jpg,1.347435786e-06
3420323191_d66e003264.jpg,1.836467427e-06
3569329986_1f468729b2.jpg,1.96698426e-06
487487795_54705c406e.jpg,1.812515828e-06
241347664_4a3e7e5be7.jpg,2.422230393e-06
307994435_592f933a6d.jpg,1.982421537e-06
3504479370_ff2d89a043.jpg,1.320886072e-06
2774581025_81a3074e2e.jpg,2.142595581e-06
2381583688_a6dd0a7279.jpg,1.995349385e-06
2560388887_55abc9083d.jpg,1.964697406e-06
263233914_d25004e4cd.jpg,2.148711088e-06
3236447445_eecafdf4f0.jpg,2.327654826e-06
2252635585_b48b3485b0.jpg,9.98673188e-07
2618866067_07cbc83dc5.jpg,2.045381319e-06
3126225245_96cd2c053f.jpg,2.016266672e-06
326334188_8850b7bfd4.jpg,1.968479136e-06
3284887033_e2e48f1863.jpg,1.393905725e-06
2491343114_a3e35a2a3a.jpg,2.487998226e-06
2467803152_70eeca1334.jpg,1.102805239e-06
3228069008_edb2961fc4.jpg,2.139133849e-06
2192026581_b782d1355a.jpg,1.433914089e-06
3726019124_f302b3d48a.jpg,1.515673575e-06
2588927489_f4da2f11ec.jpg,1.288205213e-06
3637013_c675de7705.jpg,1.283802391e-06
3523920786_0eb63993fd.jpg,1.871150421e-06
1337792872_d01a390b33.jpg,1.14882915e-06
2766630484_ce73f47031.jpg,1.618658195e-06
2396669903_5217a83641.jpg,1.845871885e-06
2183967273_d182e18cf6.jpg,1.723165955e-06
3706356018_28f62290e8.jpg,1.21243462e-06
3265964840_5374ed9c53.jpg,1.660546561e-06
1355703632_5683a4b6fb.jpg,2.014944077e-06
3530502404_f8c3a3f61c.jpg,8.195227004e-07
3248408149_41a8dd90d3.jpg,1.504715066e-06
2473293833_78820d2eaa.jpg,1.310354608e-06
2480664591_e6d22ed61c.jpg,2.403216535e-06
3585598356_8ce815bbb9.jpg,1.11941292e-06
2844641033_dab3715a99.jpg,1.746619586e-06
1785138090_76a56aaabc.jpg,2.622245305e-06
3231237864_8cb1c6d863.jpg,1.155683614e-06
3639363462_bcdb21de29.jpg,1.954503916e-06
1019604187_d087bf9a5f.jpg,2.097223947e-06
1515025681_999199cb79.jpg,1.908328674e-06
2594902417_f65d8866a8.jpg,1.572922398e-06
2866820467_ae699235a7.jpg,1.161904358e-06
3219122000_bd6b4ae5ff.jpg,2.59874286e-06
3677927146_1696f0b075.jpg,1.912050702e-06
3033257301_e2c8a39b04.jpg,2.018041008e-06
511844627_0ec78e01e9.jpg,1.817967125e-06
3300679815_2c6c2301cb.jpg,1.065317828e-06
356143774_ef3e93eede.jpg,2.054047682e-06
2328616978_fb21be2b87.jpg,1.672935199e-06
2088460083_42ee8a595a.jpg,2.319060583e-06
514073775_56796be990.jpg,1.485661358e-06
1143373711_2e90b7b799.jpg,1.822369109e-06
1056249424_ef2a2e041c.jpg,1.445805527e-06
1417031097_ab656bc4bd.jpg,1.771335902e-06
1356796100_b265479721.jpg,2.449498299e-06
286660725_ffdbdf3481.jpg,2.035899698e-06
539667015_fd0a3bea07.jpg,8.098864486e-07
3330680118_4e541889c1.jpg,1.390425687e-06
2677614492_792023b928.jpg,2.06831785e-06
557101732_32bbc47c12.jpg,1.428319635e-06
464251704_b0f0c4c87a.jpg,1.636242019e-06
2586028627_ddd054d8cc.jpg,1.499570894e-06
1244306891_8e78ae1620.jpg,1.926310086e-06
1821238649_2fda79d6d7.jpg,1.704152402e-06
3505657604_8899161734.jpg,2.412853982e-06
3105691757_817083b0a6.jpg,2.012577238e-06
2562377955_8d670ccec6.jpg,1.875573985e-06
1355450069_c0675b0706.jpg,1.759157639e-06
3452341579_0147d2199b.jpg,1.815703035e-06
3339586622_a7676b30e1.jpg,1.692799555e-06
2192802444_b14bb87b95.jpg,1.189410221e-06
2631300484_be8621d17b.jpg,1.361320671e-06
533483374_86c5d4c13e.jpg,1.922394139e-06
210686241_b8e069fff3.jpg,2.330789913e-06
2890075175_4bd32b201a.jpg,1.221659886e-06
3182996527_70d9c323d5.jpg,1.654299868e-06
1313961775_824b87d155.jpg,2.010726426e-06
1417941060_2a0f7908bc.jpg,1.318670792e-06
3173461705_b5cdeef1eb.jpg,1.235486568e-06
3339140382_2e49bc324a.jpg,2.460127408e-06
3050606344_af711c726c.jpg,1.614109656e-06
103195344_5d2dc613a3.jpg,1.701723303e-06
3172369593_eb4d787ffb.jpg,1.814732105e-06
2930616480_7fd45ca79b.jpg,1.410979532e-06
3482879314_d3387e95b1.jpg,1.704980881e-06
566446626_9793890f95.jpg,1.537467467e-06
3417662443_2eaea88977.jpg,9.844232219e-07
174466741_329a52b2fe.jpg,1.766360151e-06
2319175397_3e586cfaf8.jpg,2.512143487e-06
3564436847_57825db87d.jpg,1.974171714e-06
3494105596_f05cb0d56f.jpg,1.295780754e-06
2283966256_70317e1759.jpg,1.379507378e-06
429270993_294ba8e64c.jpg,1.795632173e-06
540721368_12ac732c6c.jpg,1.834096804e-06
312427606_defa0dfaa8.jpg,2.042697238e-06
3404906655_bc51c69c1e.jpg,2.318919069e-06
3217187564_0ffd89dec1.jpg,1.883855458e-06
3383388869_a14552e551.jpg,2.289847141e-06
523991446_65dbc5a4a5.jpg,2.387893087e-06
2801146217_03a0b59ccb.jpg,1.952728455e-06
839295615_bb9baf2f95.jpg,1.71580487e-06
2436081047_bca044c1d3.jpg,1.543964001e-06
472396131_6e97068d93.jpg,1.663928031e-06
3648160673_0c783236a6.jpg,2.168195231e-06
407569668_19b3f8eaf6.jpg,1.654735821e-06
3607405494_0df89110a6.jpg,2.202986082e-06
3666169738_a8c74cf745.jpg,2.341083535e-06
3551447084_becc6a4666.jpg,1.581340703e-06
2182488373_df73c7cc09.jpg,1.708939913e-06
2003663004_5b70920a98.jpg,1.28063693e-06
1797507760_384744fb34.jpg,1.72860656e-06
3372214646_cc2ceb182f.jpg,2.070368572e-06
468930779_8008d90e10.jpg,1.46313758e-06
3016178284_ec50a09e8c.jpg,1.773057929e-06
3077781040_bc27778609.jpg,2.326443722e-06
3306951622_93b82cac21.jpg,2.066822511e-06
1282392036_5a0328eb86.jpg,1.533138606e-06
3459570613_3932816d3f.jpg,1.592647235e-06
2414397449_2ac3b78e0d.jpg,2.296681598e-06
3536561454_e75993d903.jpg,1.544453504e-06
2191453879_11dfe2ba3a.jpg,1.992574576e-06
2274602044_b3d55df235.jpg,2.080865344e-06
2272426567_9e9fb79db0.jpg,1.767771603e-06
3312096605_f458757418.jpg,2.397230733e-06
3225998968_ef786d86e0.jpg,2.070225232e-06
2746072388_b127f8259b.jpg,2.282406973e-06
3722507770_0d6cb7420e.jpg,2.076401227e-06
518144037_9a1754b2a6.jpg,1.488617399e-06
1056359656_662cee0814.jpg,1.355644751e-06
3177298173_78cea31d64.jpg,2.285932932e-06
3654869593_c8599a8e20.jpg,1.807197824e-06
772403830_08b72c7da9.jpg,2.561116011e-06
450596617_ed37ec0fe4.jpg,1.724534651e-06
1425485485_d7c97a5470.jpg,2.332058202e-06
3088922727_4bdf2ccc94.jpg,1.493126494e-06
3558683579_8fb36b55a6.jpg,1.815473092e-06
3273091032_98f724b36b.jpg,1.18456627e-06
1860543210_47e94cf652.jpg,1.828157861e-06
3334953664_a669038795.jpg,1.40287773e-06
2869765795_21a398cb24.jpg,2.142208726e-06
3351370405_e417e38f52.jpg,1.748229817e-06
566794440_f9ec673a2f.jpg,1.507291927e-06
3392293702_ccb0599857.jpg,1.984756821e-06
3567061016_62768dcce1.jpg,1.518670174e-06
3015898903_70bebb8903.jpg,2.016156571e-06
1469000260_5d473c8283.jpg,1.526519851e-06
2517082705_93bc9f73ec.jpg,1.702687989e-06
3349194268_0ee555c9a2.jpg,1.707906174e-06
435739506_2daf7f4887.jpg,1.444379195e-06
319869052_08b000e4af.jpg,2.232162799e-06
3208074567_ac44aeb3f3.jpg,1.788166331e-06
2404488732_ca1bbdacc2.jpg,1.61740548e-06
486917990_72bd4069af.jpg,1.979690549e-06
3009644534_992e9ea2a7.jpg,1.549205006e-06
310728631_155c3bbeea.jpg,1.403438152e-06
2665461736_595c87f0a3.jpg,1.781383541e-06
288177922_b889f2e1fe.jpg,1.170321682e-06
2854959952_3991a385ab.jpg,2.125465588e-06
1837976956_3c45d0f9b8.jpg,1.661324479e-06
385835044_4aa11f6990.jpg,1.698700913e-06
3264650118_be7df266e7.jpg,1.187553469e-06
3649224118_abe73c672c.jpg,1.607929319e-06
2602083686_e8a1af69cf.jpg,1.237332955e-06
374176648_ba4b88c221.jpg,1.529286187e-06
428796930_476a3d6395.jpg,8.220063696e-07
2088910854_c6f8d4f5f9.jpg,2.141248445e-06
459284240_5a4167bf92.jpg,1.494311921e-06
3394586927_eae7732b64.jpg,1.605892145e-06
2502835694_4fe121bbea.jpg,1.770766917e-06
2842032768_9d9ce04385.jpg,1.829010511e-06
2312747482_20a81b2230.jpg,1.586487404e-06
3330333217_1a69497a74.jpg,1.929032591e-06
2064792226_97e41d8167.jpg,2.00003418e-06
3614595423_f9e0ab4fb0.jpg,1.515454514e-06
2540750172_070250ece5.jpg,1.8173334e-06
2251747182_6b67a3ab8b.jpg,2.274080276e-06
3631136463_53ff624b82.jpg,1.049847047e-06
2497608431_8dfefc7a1a.jpg,1.04070926e-06
1164131282_b30926f332.jpg,1.922747956e-06
2089442007_6fc798548c.jpg,1.977045241e-06
2045023435_181854c013.jpg,9.836670785e-07
451081733_40218cec31.jpg,1.468538516e-06
3701226275_952547ba0f.jpg,1.907494125e-06
3613242966_a1c63a0174.jpg,1.841513945e-06
437054333_5c2761b8cd.jpg,8.349109578e-07
2198484810_50a893824a.jpg,1.166280471e-06
166507476_9be5b9852a.jpg,1.503097966e-06
3585495069_33cba06d0a.jpg,2.345508532e-06
33108590_d685bfe51c.jpg,2.072640966e-06
3066491113_86569e15be.jpg,1.630040605e-06
3091912922_0d6ebc8f6a.jpg,2.184949058e-06
2860667542_95abec3380.jpg,1.643749783e-06
1363843090_9425d93064.jpg,1.239188032e-06
2690538407_7ca157be85.jpg,2.331223958e-06
3420469425_2980b4cd30.jpg,1.616100368e-06
2666205903_8d287669e1.jpg,2.322717954e-06
1280147517_98767ca3b3.jpg,1.970746515e-06
55473406_1d2271c1f2.jpg,2.328154642e-06
1797554350_20998753c0.jpg,2.116578999e-06
3569667295_6e51db08ef.jpg,1.687497025e-06
3457572788_e1fe4f6480.jpg,1.970686831e-06
3409947123_a8d07edecf.jpg,1.43249196e-06
181157221_e12410ef0b.jpg,1.445099562e-06
3737539561_d1dc161040.jpg,9.377660724e-07
2114355355_9d7e2d8178.jpg,1.938428988e-06
536721406_884ab8fece.jpg,1.063126563e-06
1809758121_96026913bb.jpg,1.622034209e-06
2473689180_e9d8fd656a.jpg,1.798744922e-06
2655183854_5852790214.jpg,1.356798343e-06
3624676866_8f6d0efcc9.jpg,1.41690621e-06
3551003620_0b02d76f65.jpg,2.101276003e-06
3451523035_b61d79f6a8.jpg,2.195257563e-06
3072611047_109bf8b7c3.jpg,1.466625939e-06
3049649128_d83d847168.jpg,1.671342725e-06
3155987659_b9ea318dd3.jpg,1.25369606e-06
506343925_b30a235de6.jpg,1.618873837e-06
512031915_0dd03dcdf9.jpg,2.171195832e-06
2686432878_0697dbc048.jpg,1.94726206e-06
1680126311_b92a2e8e72.jpg,2.343506121e-06
2543247940_083f1b7969.jpg,1.724031571e-06
2696394827_7342ced36f.jpg,1.953592208e-06
2899374885_f3b2b1a290.jpg,2.358996179e-06
2611651553_61f859837e.jpg,1.282435297e-06
3103264875_2a8d534abc.jpg,3.899220222e-06
2255338013_566127590b.jpg,1.775083834e-06
2036407732_d5a0389bba.jpg,1.724697603e-06
1285067106_2adc307240.jpg,2.291884996e-06
2687328779_b4356dab16.jpg,2.066419906e-06
3309082580_7228067ee0.jpg,1.814159354e-06
2189995738_352607a63b.jpg,1.297659729e-06
2857372127_d86639002c.jpg,1.998572259e-06
397451339_76a84bd310.jpg,1.338776496e-06
185057637_e8ada37343.jpg,1.006511404e-06
3619381206_5bc8b406f9.jpg,1.863279979e-06
2738077433_10e6264b6f.jpg,1.605170419e-06
583087629_a09334e1fb.jpg,1.9173107e-06
2596100297_372bd0f739.jpg,2.063249896e-06
2212472643_80238475b5.jpg,2.12777602e-06
3304556387_203b9d4db0.jpg,1.029867546e-06
3189964753_a95536ced9.jpg,1.267322659e-06
2301379282_5fbcf230d1.jpg,1.980904904e-06
434938585_fbf913dfb4.jpg,1.864942411e-06
1801063894_60bce29e19.jpg,1.829289273e-06
2471447879_6554cefb16.jpg,2.064026763e-06
2853811730_fbb8ab0878.jpg,1.661086895e-06
504385521_6e668691a3.jpg,1.992811844e-06
3221128704_d1205db79b.jpg,1.93344472e-06
2149982207_5345633bbf.jpg,1.887499607e-06
241346794_4319f8af67.jpg,2.176128069e-06
109823397_e35154645f.jpg,1.480281902e-06
3042380610_c5ea61eef8.jpg,1.41544275e-06
252802010_3d47bee500.jpg,2.160574528e-06
1569687608_0e3b3ad044.jpg,2.207940409e-06
562928217_21f967a807.jpg,1.176549314e-06
3441531010_8eebbb507e.jpg,1.595042487e-06
3707283973_5cdaa39340.jpg,1.385686834e-06
2298283771_fb21a4217e.jpg,1.980449456e-06
3099694681_19a72c8bdc.jpg,1.663076867e-06
19212715_20476497a3.jpg,2.267330623e-06
3699763582_f28c5130dd.jpg,1.758171511e-06
745563422_f4fa7d9157.jpg,2.28431915e-06
1550772959_9ca9fa625f.jpg,1.255302577e-06
990890291_afc72be141.jpg,1.531460811e-06
2481490320_7978c76271.jpg,2.989143808e-06
432167214_c17fcc1a2d.jpg,1.692283559e-06
835415474_7b7f2a9768.jpg,1.732216208e-06
2203449950_e51d0f9065.jpg,1.535863292e-06
2273871383_1ddb3562ea.jpg,2.168557583e-06
3091580843_178042c50b.jpg,1.114504588e-06
3676788491_01e9bc5f15.jpg,1.632723701e-06
1003163366_44323f5815.jpg,1.549306985e-06
3196995975_3e38eabf01.jpg,2.122880445e-06
2663794355_e726ec7e05.jpg,1.604072469e-06
1056338697_4f7d7ce270.jpg,2.41465916e-06
2726301121_95a2fbd22b.jpg,2.050561969e-06
497122685_a51b29dc46.jpg,1.628457631e-06
1819261140_6c022f4b1d.jpg,1.498767593e-06
3638318149_b60450bfbe.jpg,1.854109647e-06
3222041930_f642f49d28.jpg,1.969553603e-06
2832076014_ff08c92037.jpg,1.982779019e-06
2663248626_f000f2661d.jpg,2.135562743e-06
365759754_6cf7068c9a.jpg,7.522716849e-07
3048821353_83d4c0cbb9.jpg,1.265735236e-06
1346529555_e916816cfe.jpg,1.953547184e-06
109260218_fca831f933.jpg,1.873144068e-06
3644941648_012ec87848.jpg,2.349978156e-06
1095580424_76f0aa8a3e.jpg,1.589765896e-06
3486340101_ff01d8f3f9.jpg,1.698217755e-06
2561849813_ff9caa52ac.jpg,1.734103989e-06
3281078518_630a7a7f4f.jpg,1.938440906e-06
1007129816_e794419615.jpg,1.491168607e-06
3293596075_973b0bfd08.jpg,2.018752162e-06
3256275785_9c3af57576.jpg,1.868059706e-06
2269795781_46a296aa21.jpg,1.784897159e-06
3043908909_bb54d2c08e.jpg,1.330182981e-06
3290465391_258429e2f9.jpg,1.540102431e-06
2247138288_7355861203.jpg,1.074758211e-06
3364861247_d590fa170d.jpg,1.836118121e-06
2427558437_3e839056d7.jpg,1.4578753e-06
2712352554_1cafd32812.jpg,1.565737308e-06
367964525_b1528ac6e4.jpg,2.027717802e-06
3415646718_f9f4e23a66.jpg,1.04354736e-06
1067675215_7336a694d6.jpg,1.746959964e-06
3271252073_0a1b9525fc.jpg,1.753497867e-06
3708177171_529bb4ff1d.jpg,1.118240356e-06
404216567_75b50b5a36.jpg,1.812053306e-06
3286620180_4b00e93e8e.jpg,1.429760393e-06
3726170067_094cc1b7e5.jpg,1.848894786e-06
2915538325_59e11276dd.jpg,1.938480282e-06
2766325714_189bbff388.jpg,2.272546885e-06
401079494_562454c4d6.jpg,1.522295866e-06
733964952_69f011a6c4.jpg,1.498012118e-06
3269087421_1d489abeae.jpg,1.592059424e-06
799199774_142b1c3bb2.jpg,1.811406583e-06
2573141440_28a762d537.jpg,2.328484394e-06
3150380412_7021e5444a.jpg,1.960871797e-06
2902269566_419d9f1d8e.jpg,1.929011933e-06
2281768510_9cc5728c55.jpg,2.120222724e-06
114949897_490ca7eaec.jpg,1.557345713e-06
3085667767_66041b202e.jpg,1.756806361e-06
2635483351_bc1a8273aa.jpg,1.676237286e-06
503090187_8758ab5680.jpg,2.048588249e-06
3520079657_b828d96d50.jpg,1.907490711e-06
3005126574_49c28ffbee.jpg,1.569332822e-06
2151056407_c9c09b0a02.jpg,1.205766143e-06
3222250187_ef610f267e.jpg,2.36402135e-06
318070878_92ead85868.jpg,9.906185682e-07
3658733605_fbcf570843.jpg,1.805212731e-06
2854234756_8c0e472f51.jpg,1.628958166e-06
282960970_574aa1ba49.jpg,2.849900322e-06
2209888959_d636b1be0b.jpg,2.535826857e-06
2570365455_41cc9a7d2b.jpg,1.813794689e-06
2607383384_d9ce9de793.jpg,2.156777719e-06
253762507_9c3356c2f6.jpg,2.045820752e-06
3354330935_de75be9d2f.jpg,2.116873421e-06
3027009366_c8362521e8.jpg,1.731270897e-06
2804851816_9aae9071ca.jpg,1.444942969e-06
358607894_5abb1250d3.jpg,1.620607801e-06
294709836_87126898fb.jpg,1.649128018e-06
3504275465_604ce2ef34.jpg,1.554821498e-06
3084018061_df66d98325.jpg,2.144775431e-06
3119887391_212f379797.jpg,2.258936904e-06
2238019823_79318d1f11.jpg,2.013488475e-06
3365602213_dd3287a633.jpg,1.695173006e-06
3675685612_3987d91d92.jpg,1.877592398e-06
408627152_1feaa4b94e.jpg,1.753197254e-06
752052256_243d111bf0.jpg,1.282204697e-06
241346215_037e18403a.jpg,2.305707136e-06
3708748633_e7e3cf4e84.jpg,2.081691672e-06
2836808985_b26e4ca09e.jpg,1.58516351e-06
1445754124_647168f211.jpg,1.58883697e-06
2328104318_5a43ca170c.jpg,1.681212569e-06
3301438465_10121a2412.jpg,1.524365028e-06
3021780428_497542a072.jpg,2.078430202e-06
241347271_a39a5a0070.jpg,2.380449368e-06
489551372_b19a6ad0ed.jpg,1.417864195e-06
2768662025_44001fe5d1.jpg,1.963761159e-06
2845845721_d0bc113ff7.jpg,2.045358395e-06
2086534745_1e4ab80078.jpg,1.873999528e-06
3335370208_460fc19bfa.jpg,1.35549156e-06
2290330500_e7bdaa58e1.jpg,1.993011325e-06
512045825_1be2083922.jpg,1.840167064e-06
509241560_00e5b20562.jpg,1.56650465e-06
3476237185_9389c536a3.jpg,1.746494298e-06
2694890967_7c7a89de16.jpg,1.102790045e-06
576093768_e78f91c176.jpg,2.1377174e-06
1528205014_1323aa9dfd.jpg,1.573565542e-06
3424605029_53078d3505.jpg,1.742935465e-06
3025549604_38b86198f5.jpg,1.244460751e-06
271770120_880e8d8e52.jpg,1.808529874e-06
2810412010_f8b3bc1207.jpg,1.309601588e-06
527946505_a51ade1578.jpg,1.155700304e-06
537479916_c033897fac.jpg,1.637523605e-06
2903617548_d3e38d7f88.jpg,2.563578804e-06
145721496_687af9bb18.jpg,2.297376579e-06
3627076769_3b71e73018.jpg,2.264184022e-06
3367758711_a8c09607ac.jpg,1.82182766e-06
2380765956_6313d8cae3.jpg,4.825000996e-06
3258391809_38fc6211f7.jpg,1.930304571e-06
3529314899_b4e533bb76.jpg,1.653061133e-06
2844018783_524b08e5aa.jpg,1.698013869e-06
2496236371_61dec88113.jpg,1.983190519e-06
3078844565_16e9cdcea2.jpg,1.898608343e-06
2466495935_623b144183.jpg,2.037749516e-06
2944193661_7b255af9cc.jpg,2.442561871e-06
2114126343_a0f74ff63b.jpg,1.699169177e-06
3461677493_5bfb73038e.jpg,2.151925935e-06
2792195540_af5fb95caa.jpg,2.243812819e-06
1124448967_2221af8dc5.jpg,1.660212147e-06
3328535573_33c3cd5b59.jpg,1.184648012e-06
3203908917_53e53c03d1.jpg,1.912240158e-06
1527513023_3d8152b379.jpg,1.24692543e-06
3353278454_2f3a4d0bbc.jpg,1.752606115e-06
369244499_752f0c1018.jpg,1.819405832e-06
2795287622_da187a3e86.jpg,1.142754341e-06
881725588_efabbcd96a.jpg,1.55382733e-06
3631344685_ed0f3e091b.jpg,1.895674323e-06
3490044563_8eb551ef59.jpg,1.757863981e-06
2619267133_53a5904ef4.jpg,1.902341241e-06
616045808_0286d0574b.jpg,1.253175981e-06
2833560457_24aedf3bef.jpg,2.12810411e-06
522652105_a89f1cf260.jpg,2.173317003e-06
766061382_6c7ff514c4.jpg,1.545641165e-06
2364394224_c17b09e035.jpg,6.310704993e-07
2681215810_00b0642f7b.jpg,1.092695656e-06
1526325728_74eb4153d8.jpg,2.361532517e-06
2871962580_b85ce502ba.jpg,1.943869415e-06
1224851143_33bcdd299c.jpg,2.078752551e-06
3520199925_ca18d0f41e.jpg,1.675424834e-06
2350400382_ced2b6c91e.jpg,1.706221509e-06
2826030193_4278ccb833.jpg,1.894075975e-06
2752043092_f48ebfeaa2.jpg,2.087796935e-06
3305767464_d64a336f60.jpg,1.453947344e-06
3159424456_f316bdc1d5.jpg,1.892125176e-06
3186412658_2ab2ebd397.jpg,1.666201542e-06
2662537919_18a29fca8a.jpg,1.708872327e-06
2832978253_8fcc72da3b.jpg,1.735690468e-06
186346360_541047336f.jpg,1.431778296e-06
2789937754_5d1fa62e95.jpg,1.850060156e-06
3150742439_b8a352e1e0.jpg,1.742462208e-06
1160034462_16b38174fe.jpg,1.78817136e-06
2986620935_e97763983d.jpg,8.645321321e-07
3527682660_c5e9fa644a.jpg,1.694867925e-06
2751567262_e089b33ed9.jpg,1.893058516e-06
2169067981_cc19268f23.jpg,1.74147214e-06
488196964_49159f11fd.jpg,1.26190083e-06
288880576_818b6ecfef.jpg,1.840473964e-06
2667549961_57e5e2c0a5.jpg,2.253795408e-06
3540515072_8c951b738b.jpg,2.016379858e-06
496555371_3e1ee0d97d.jpg,1.719924885e-06
3484820303_7be0e914b4.jpg,1.307461001e-06
2490768374_45d94fc658.jpg,2.269402203e-06
2579460386_94c489028d.jpg,1.857305353e-06
2927878881_90b42fc444.jpg,2.427911441e-06
1252396628_eb81d3905b.jpg,2.008603445e-06
2298097636_c5de0079de.jpg,2.054068303e-06
3596428453_8cfdec4869.jpg,1.967924346e-06
3423802527_94bd2b23b0.jpg,1.545906092e-06
368393384_86defdcde8.jpg,1.764358508e-06
2471974379_a4a4d2b389.jpg,1.449622129e-06
2704379125_9c35650d16.jpg,2.128846332e-06
1859941832_7faf6e5fa9.jpg,2.28640946e-06
415118186_64defc96f3.jpg,1.094189157e-06
3442844140_15aa45e9b8.jpg,2.345446322e-06
1119463452_69d4eecd08.jpg,1.498050468e-06
343218198_1ca90e0734.jpg,3.006307803e-06
3218481970_1fa627b3da.jpg,1.366238919e-06
3321956909_7b5ddf500f.jpg,2.507271433e-06
2390369143_6523253a73.jpg,2.238321327e-06
2272823323_3b7291cd47.jpg,1.760708346e-06
649596742_5ba84ce946.jpg,2.239925039e-06
3697378565_7060d9281a.jpg,1.339253923e-06
3019667009_20db160195.jpg,1.869583396e-06
268654674_d29e00b3d0.jpg,1.504946158e-06
2251992614_0c601fae2c.jpg,1.491696911e-06
262963190_a78b799e89.jpg,1.696300316e-06
3627216820_4952bacbcb.jpg,1.878103808e-06
872622575_ba1d3632cc.jpg,1.631802371e-06
2322327298_7948338390.jpg,1.732165399e-06
2039457436_fc30f5e1ce.jpg,1.930377658e-06
2987328689_96a2d814f1.jpg,2.1964278e-06
2194495372_bdac7d9e71.jpg,1.425923819e-06
375392855_54d46ed5c8.jpg,2.216882692e-06
2766291711_4e13a2b594.jpg,3.826936002e-06
2746910139_77ba5be2c5.jpg,1.850917901e-06
3349307529_c1a516b9dc.jpg,2.067507075e-06
3282434895_1c1efc1475.jpg,2.609764232e-06
307327914_f98f576adb.jpg,1.994281949e-06
1947351225_288d788983.jpg,1.700713629e-06
2481598514_05a65d1f72.jpg,1.633805429e-06
1271960365_e54033f883.jpg,1.768376109e-06
2245916742_73af13c733.jpg,1.801301725e-06
3357937209_cf4a9512ac.jpg,2.453650963e-06
3474176841_cde2bee67c.jpg,1.625194871e-06
3381584882_341ee3092f.jpg,2.291656597e-06
2460477085_088e25f857.jpg,1.609263691e-06
1141739219_2c47195e4c.jpg,8.896113066e-07
3145967019_1a83ebf712.jpg,1.376075624e-06
3577235421_69e4efb8d1.jpg,1.08660997e-06
1414820925_3504c394e1.jpg,2.513323569e-06
3500505549_d848209837.jpg,1.251577719e-06
2635164923_2a774f7854.jpg,2.282237768e-06
2432061076_0955d52854.jpg,1.877039607e-06
2384353160_f395e9a54b.jpg,2.505831032e-06
3613030730_0b28b079ba.jpg,2.27355276e-06
3196100539_102fe877b3.jpg,1.467196612e-06
2825540754_5e0c13e6b8.jpg,2.371780087e-06
3407317539_68765a3375.jpg,1.248037125e-06
1402859872_0fc8cf8108.jpg,2.384948531e-06
2452334314_a7c443a787.jpg,1.289612596e-06
1515883224_14e36a53c7.jpg,1.909440649e-06
256283122_a4ef4a17cb.jpg,1.974695076e-06
2784408839_53a25a21eb.jpg,1.398842786e-06
1427391496_ea512cbe7f.jpg,1.854113604e-06
3025513877_1a6160070d.jpg,1.162480729e-06
3282897060_8c584e2ce8.jpg,2.055773169e-06
2272750492_91e8f67328.jpg,1.78729397e-06
3415311628_c220a65762.jpg,1.356788884e-06
272156850_c4445a53f4.jpg,1.145020171e-06
2451285022_59255e7fd9.jpg,1.532879733e-06
3075068274_2a28a5263b.jpg,9.723008919e-07
2307451605_22e9c06530.jpg,1.608764534e-06
2281075738_230892b241.jpg,1.924264173e-06
3231575742_31732664cf.jpg,1.657390368e-06
2376694294_9a4ecc3b90.jpg,1.916682884e-06
441817653_fbdf83060b.jpg,1.860807358e-06
3421789737_f625dd17ed.jpg,2.023089282e-06
2086513494_dbbcb583e7.jpg,2.248914621e-06
3544573946_e03aebbfde.jpg,2.115942025e-06
1425069590_570cc7c2d8.jpg,1.506269109e-06
259314892_a42b8af664.jpg,1.39954784e-06
2518853257_02f30e282e.jpg,1.801488592e-06
260828892_7925d27865.jpg,1.942714919e-06
3551170666_01df31412d.jpg,2.4535158e-06
260850192_fd03ea26f1.jpg,1.25748582e-06
3550459890_161f436c8d.jpg,1.597453194e-06
3347701468_bb0001b035.jpg,1.99807268e-06
2993167197_e5d0a73530.jpg,1.685298298e-06
2544426580_317b1f1f73.jpg,1.748237164e-06
3183195653_11b66acb34.jpg,1.44514488e-06
3018847610_0bf4d7e43d.jpg,1.830778673e-06
2755314937_1e974bf2b5.jpg,1.846465504e-06
512163695_51a108761d.jpg,1.72222515e-06
2951092164_4940b9a517.jpg,1.81621163e-06
3569755200_cef7ee2233.jpg,2.054558334e-06
1448511770_1a4a9c453b.jpg,1.720041284e-06
505929313_7668f021ab.jpg,2.255502639e-06
3170551725_1276644eab.jpg,1.770088047e-06
2650485780_29d89268d7.jpg,1.930846525e-06
1130017585_1a219257ac.jpg,1.549443426e-06
249394748_2e4acfbbb5.jpg,1.874754944e-06
2728813605_cfc943e1ab.jpg,1.642975247e-06
724702877_f2a938766b.jpg,2.429777363e-06
3323528927_7b21081271.jpg,2.244197519e-06
3099965396_2a0018cb9e.jpg,1.724120792e-06
3660361818_e05367693f.jpg,1.689493572e-06
3339105374_cc41e0b7d7.jpg,2.076575862e-06
3595643050_d312e4b652.jpg,1.981022713e-06
3583516290_1c87a13770.jpg,1.446134201e-06
1294578091_2ad02fea91.jpg,1.982757122e-06
3523950181_414978964e.jpg,1.447920601e-06
2934628301_41ea2e6cf9.jpg,1.841677851e-06
2525716531_e6dedee421.jpg,1.529700781e-06
94232465_a135df2711.jpg,2.4345677e-06
2817230861_d27341dec0.jpg,1.633992924e-06
1187593464_ce862352c6.jpg,2.078540315e-06
2465497494_43d74df57c.jpg,1.55437535e-06
3639684919_cb6fbf5638.jpg,2.20822098e-06
3293642024_e136b74a55.jpg,1.427399661e-06
162152393_52ecd33fc5.jpg,1.758250392e-06
2815745115_c8479d560c.jpg,1.707172533e-06
516648762_0cff84ea97.jpg,2.241406792e-06
3355756569_b430a29c2a.jpg,2.317473956e-06
1564614124_0ee6799935.jpg,2.047927736e-06
2877159456_ea4a46b0d2.jpg,1.585695961e-06
3204712107_5a06a81002.jpg,1.230525839e-06
2083778090_3aecaa11cc.jpg,2.097967768e-06
3501083764_cf592292a6.jpg,1.79215719e-06
3394070357_cb2a3243fc.jpg,1.665098111e-06
2066241589_b80e9f676c.jpg,1.670199691e-06
2911928620_06c3fa293e.jpg,1.674790859e-06
481054596_cad8c02103.jpg,1.264537281e-06
953941506_5082c9160c.jpg,2.230229893e-06
3517056462_483ee5a914.jpg,1.527059768e-06
3375014075_157388f8a9.jpg,1.27644514e-06
3235076435_1eaa40bd0a.jpg,1.4292574e-06
2505056124_1276e8dbcb.jpg,2.204580368e-06
3209523192_05a4cef844.jpg,2.060470645e-06
2064417101_3b9d817f4a.jpg,1.841847837e-06
2252123185_487f21e336.jpg,1.299940484e-06
3255017708_2b02bfcdcf.jpg,2.049720324e-06
3101796900_59c15e0edc.jpg,2.181256093e-06
2650568697_ffb79bf2ea.jpg,1.667090173e-06
1312954382_cf6d70d63a.jpg,2.143852937e-06
3302804312_0272091cd5.jpg,1.44774596e-06
3317145805_071b15debb.jpg,1.455252007e-06
2497074804_b4f3e7fd90.jpg,1.334462413e-06
2629445284_83390e83af.jpg,1.386389988e-06
3726629271_7639634703.jpg,1.476280092e-06
3470303255_fbb41b8dd0.jpg,2.308734375e-06
2953015871_cae796b6e7.jpg,1.552149686e-06
3352531708_a65dd694b1.jpg,1.597669625e-06
2853205396_4fbe8d7a73.jpg,1.929074693e-06
2789648482_1df61f224a.jpg,1.154603881e-06
2324979199_4193ef7537.jpg,2.252866542e-06
2565350330_c7f305e7f7.jpg,1.505418581e-06
2675190069_d5c3b2c876.jpg,1.714329221e-06
2030781555_b7ff7be28f.jpg,1.300963479e-06
3445428367_25bafffe75.jpg,2.152957868e-06
3710971182_cb01c97d15.jpg,1.703893835e-06
245895500_a4eb97af02.jpg,2.133068133e-06
3185371756_ff4e9fa8a6.jpg,1.920108605e-06
3124964754_2e8a98fb09.jpg,1.230484425e-06
3111482098_11c0f4f309.jpg,1.297780247e-06
2571096893_694ce79768.jpg,1.461864095e-06
3383545083_1d7c95b003.jpg,2.090275874e-06
447111935_5af98563e3.jpg,9.032321417e-07
2304374703_555195d8d5.jpg,2.426370845e-06
3320209694_db579cb607.jpg,1.95525158e-06
3299820401_c2589186c5.jpg,1.591807385e-06
2172526745_649f420569.jpg,1.709151308e-06
3717531382_e1e05e22c5.jpg,1.736363612e-06
444047125_66b249287c.jpg,1.828597711e-06
2228022180_9597b2a458.jpg,1.787023848e-06
2432709509_2a4d0c833f.jpg,2.428216604e-06
2644916196_16f91dae54.jpg,2.483261928e-06
424506167_01f365726b.jpg,1.008938855e-06
3517362674_0f5296de19.jpg,1.690040979e-06
525968880_82623392d1.jpg,2.065236817e-06
2949982320_c704b31626.jpg,1.786751568e-06
3476381830_3751dd9339.jpg,1.657445053e-06
359173181_a75c950aeb.jpg,1.385531702e-06
518789868_8895ef8792.jpg,2.184498807e-06
2735792721_b8fe85e803.jpg,2.060217006e-06
2472678549_67068a1566.jpg,2.19218544e-06
1303727828_d1052ee341.jpg,1.787581757e-06
2501968935_02f2cd8079.jpg,1.238986839e-06
379006645_b9a2886b51.jpg,2.08076404e-06
3423249426_02bedf9260.jpg,1.214343303e-06
84713990_d3f3cef78b.jpg,1.5999675e-06
148512773_bae6901fd6.jpg,1.447733587e-06
3304712466_18cbdb85fe.jpg,1.252735342e-06
1801188148_a176954965.jpg,1.397851786e-06
2764732789_1392e962d0.jpg,1.968778246e-06
1142283988_6b227c5231.jpg,1.75554745e-06
3330102093_1d6e35e78d.jpg,2.26631253e-06
2094810449_f8df9dcdf7.jpg,1.895360368e-06
2851198725_37b6027625.jpg,1.617505744e-06
3451344589_6787bd06ef.jpg,1.426427285e-06
3007214949_a4b027f8a3.jpg,1.536753377e-06
3499720588_c32590108e.jpg,1.490903502e-06
2423085253_6c19149855.jpg,1.710817286e-06
488089932_c3a5fa4140.jpg,2.208237525e-06
2976684095_ce7ccfd423.jpg,2.156509978e-06
2458862292_466a920ee2.jpg,1.930785202e-06
3419197575_aa5b84a9f0.jpg,1.565234393e-06
146577645_91b570c0d0.jpg,1.376010756e-06
1067180831_a59dc64344.jpg,1.104063212e-06
3242808166_8638150274.jpg,1.334147648e-06
2126950128_74a4882658.jpg,1.845835983e-06
1467533293_a2656cc000.jpg,1.494138275e-06
1389264266_8170bc1c54.jpg,1.440840658e-06
3393035454_2d2370ffd4.jpg,1.419662824e-06
3512033659_7e8a0c2ffa.jpg,1.675149381e-06
3328646934_5cca4cebce.jpg,1.587651547e-06
3420260768_26a600b844.jpg,1.628614348e-06
3658016590_f761e72dc3.jpg,1.675641385e-06
3681324243_b69fa90842.jpg,2.035298463e-06
3475552729_a3abd81ee6.jpg,2.310330874e-06
3211029717_2affe6bbd5.jpg,3.595584658e-06
3636632926_09f39f2629.jpg,1.449970827e-06
447800028_0242008fa3.jpg,1.993569558e-06
3248220732_0f173fc197.jpg,2.067673044e-06
2695961935_a2a6338f26.jpg,1.482258953e-06
2410153942_ba4a136358.jpg,1.218270705e-06
2444741900_5cb3ef3e1d.jpg,1.538512411e-06
3667318593_fa1816b346.jpg,9.352396923e-07
3442978981_53bf1f45f3.jpg,2.18262605e-06
339822505_be3ccbb71f.jpg,1.407383324e-06
2598979962_c01811cfca.jpg,2.093360137e-06
444872454_9f51e07f88.jpg,1.844858541e-06
345684566_235e8dfcc1.jpg,1.170789252e-06
241346146_f27759296d.jpg,2.438449737e-06
537758332_8beb9cf522.jpg,1.919872096e-06
241345639_1556a883b1.jpg,2.218414997e-06
2899501488_90d5da5474.jpg,1.786514153e-06
475313618_bdb2f72be5.jpg,2.066728031e-06
313051099_1bb87d6c56.jpg,1.405742245e-06
3517127930_5dbddb45f6.jpg,1.337941037e-06
3356369156_074750c6cc.jpg,2.137413059e-06
290982269_79fc9f36dc.jpg,1.856066441e-06
1994416869_4dd769a806.jpg,2.167937674e-06
3287963317_186491ee78.jpg,1.998160435e-06
3367851138_757d6bd2ef.jpg,1.361178415e-06
3046259614_614394e024.jpg,1.963061049e-06
3325157569_8084ab3293.jpg,1.832502959e-06
3709030554_02301229ea.jpg,1.603918316e-06
314940358_ec1958dc1d.jpg,2.22896626e-06
632251903_b36701a5e9.jpg,1.528862119e-06
2622517932_57c52c376f.jpg,2.229803922e-06
3497237366_366997495d.jpg,2.048359541e-06
3759230208_1c2a492b12.jpg,1.709450936e-06
432248727_e7b623adbf.jpg,1.892356857e-06
3064716525_b8418d4946.jpg,1.940228905e-06
390986651_c801db91a0.jpg,1.708571765e-06
195084264_72fb347b0f.jpg,1.616951311e-06
2774554310_007e980a90.jpg,3.168691399e-06
2542415282_9240e1b5fc.jpg,1.673123601e-06
256439287_990ac4a761.jpg,1.440220908e-06
3614582606_16bd88dab2.jpg,2.035979225e-06
2655196158_5c878a4af0.jpg,2.603769236e-06
3715469645_6d1dc019b3.jpg,9.580158654e-07
381275595_b429fd1639.jpg,2.300391182e-06
3349309109_4024a09a17.jpg,1.57525251e-06
381239475_044cbffa2b.jpg,1.688127765e-06
3639617775_149001232a.jpg,1.979351444e-06
2647229826_e0e0c65ef1.jpg,1.636654732e-06
2762301555_48a0d0aa24.jpg,2.006352807e-06
2957071266_1b40ec7d96.jpg,1.231915286e-06
2884400562_e0851014fc.jpg,1.429561669e-06
529101401_ab1f6b1206.jpg,2.424322484e-06
2872743471_30e0d1a90a.jpg,2.161739821e-06
1285874746_486731a954.jpg,2.393138431e-06
3030793171_55cd646eed.jpg,1.682272185e-06
3369354061_2bab79f91f.jpg,2.005079957e-06
2901074943_041aba4607.jpg,1.915122204e-06
219070971_ae43410b9e.jpg,1.655052964e-06
3175712926_5a470d0886.jpg,2.401739925e-06
2508249781_36e9282423.jpg,1.106207302e-06
3710176138_fbfe00bd35.jpg,1.222081156e-06
3713177334_32f3245fd8.jpg,2.444917672e-06
3291255271_a185eba408.jpg,1.244632415e-06
3524612244_64f00afec5.jpg,1.712588138e-06
2792409624_2731b1072c.jpg,2.433047635e-06
2089555297_95cf001fa7.jpg,1.893431216e-06
496606439_9333831e73.jpg,1.943211328e-06
2558312618_13d362df66.jpg,2.263760277e-06
3148286846_40ae914172.jpg,1.902104861e-06
3523972229_d44e9ff6d7.jpg,1.942007839e-06
3318995586_c2bc50b92e.jpg,1.175350321e-06
410453140_5401bf659a.jpg,1.700973426e-06
2932519416_11f23b6297.jpg,2.186098766e-06
3107889179_106d223345.jpg,1.577307636e-06
3560081723_62da0035bd.jpg,1.973773859e-06
3208553539_2bf6c6d162.jpg,9.41193212e-07
3559425864_0462d7613f.jpg,2.097933661e-06
3240014971_ee2ea8406f.jpg,1.639490619e-06
640506101_ae1145b6d1.jpg,9.727475831e-07
3555729342_cc7a3b67fd.jpg,2.377227925e-06
2836864045_9a093cfd65.jpg,2.134748408e-06
2743652730_d909c7ae82.jpg,2.28539161e-06
95734038_2ab5783da7.jpg,1.13405545e-06
540338917_57069687be.jpg,1.527526252e-06
2067833088_04e84e5bf2.jpg,1.363958507e-06
1383840121_c092110917.jpg,1.52434363e-06
3024022266_3528c16ed8.jpg,1.201154451e-06
1682079482_9a72fa57fa.jpg,2.381071834e-06
3444684583_6656e38088.jpg,2.143117017e-06
241109594_3cb90fe2a3.jpg,2.164475645e-06
468871328_72990babd4.jpg,1.705861213e-06
3760400645_3ba51d27f9.jpg,1.387767773e-06
3295452057_0c987f895f.jpg,1.412710431e-06
3042405316_ba3a01926b.jpg,1.470752862e-06
2065309381_705b774f51.jpg,1.871443121e-06
2384147448_c1869070d3.jpg,1.017301979e-06
2529205842_bdcb49d65b.jpg,2.537775595e-06
3415178926_909db9400b.jpg,2.135834738e-06
252846811_7b250935a7.jpg,1.163485986e-06
2450486758_a66fd296ea.jpg,1.265725047e-06
3353036763_4cbeba03b2.jpg,2.054028134e-06
3667492609_97f88b373f.jpg,2.479518e-06
3019473225_8e59b8ec4e.jpg,2.046720077e-06
2911552402_5166bc173b.jpg,1.825587954e-06
3123351642_3794f2f601.jpg,1.711854588e-06
263231469_e85c74f5fd.jpg,1.980224203e-06
3386893620_5f0bb4e794.jpg,1.068035197e-06
3628994466_a12065d29b.jpg,1.753908012e-06
2841449931_84a05850ec.jpg,1.642068629e-06
2052953131_30834196fb.jpg,2.17958384e-06
3130093622_362f32f2bb.jpg,2.516387258e-06
256444892_efcb3bd824.jpg,1.256448129e-06
3608400551_d6f7965308.jpg,1.492028829e-06
2119660490_ce0d4d1f73.jpg,2.586261237e-06
3665549027_d7fb05d157.jpg,2.207814728e-06
3442138291_3e75f4bdb8.jpg,1.620625049e-06
292887910_f34ac101c8.jpg,2.352340598e-06
3522000960_47415c3890.jpg,1.771236291e-06
375384566_254c2362d4.jpg,1.386054395e-06
2303356248_65dd6aba6f.jpg,1.696620035e-06
3483140026_e14f64fdf5.jpg,2.432637921e-06
3716272233_7845ec5b3e.jpg,2.441855375e-06
3556037801_3992ce6826.jpg,1.221411853e-06
2616673985_fa4354cc53.jpg,1.414998815e-06
337647771_3b819feaba.jpg,1.221494915e-06
3589052481_059e5e2c37.jpg,2.203088362e-06
2990471798_73c50c76fb.jpg,1.014122903e-06
3631986552_944ea208fc.jpg,2.092010151e-06
2735979477_eef7c680f9.jpg,1.956008203e-06
522486784_978021d537.jpg,1.708414143e-06
2994107810_af56326389.jpg,1.629389916e-06
1479124077_17dcc0d5d7.jpg,1.387591999e-06
1096097967_ac305887b4.jpg,1.691601071e-06
233242340_09963100a3.jpg,1.819465937e-06
3591094476_b61acd63d6.jpg,1.808471016e-06
2925760802_50c1e84936.jpg,1.597175482e-06
289860281_94d699f36d.jpg,1.844398745e-06
2396691909_6b8c2f7c44.jpg,2.461901324e-06
515702827_be3c6ce857.jpg,1.996166232e-06
2929506802_5432054d77.jpg,1.327039597e-06
3498997518_c2b16f0a0e.jpg,1.333466161e-06
3461437556_cc5e97f3ac.jpg,2.565956624e-06
58363928_6f7074608c.jpg,1.546806916e-06
3320411267_df70b90501.jpg,1.559762044e-06
2308108566_2cba6bca53.jpg,1.578846854e-06
2077346067_0a3a5aae65.jpg,1.301028305e-06
3337332770_5eda5cceb7.jpg,1.898931736e-06
2666179615_f05a9d8331.jpg,2.197011186e-06
3506869953_802f463178.jpg,2.075618793e-06
3490736665_38710f4b91.jpg,1.834115152e-06
2453971388_76616b6a82.jpg,1.521714527e-06
535399240_0714a6e950.jpg,2.098211845e-06
3701291852_373ea46bb6.jpg,2.422367987e-06
344841963_8b0fa9784c.jpg,1.412686666e-06
1813597483_3f09d2a020.jpg,1.323206977e-06
2777021428_0b2ac3e987.jpg,1.908574442e-06
1542033433_5453d4c466.jpg,2.071706569e-06
215876547_fa584c5ec3.jpg,1.924123956e-06
2256218522_53b92bcbb2.jpg,1.793772641e-06
3694555931_7807db2fb4.jpg,1.227983812e-06
485738889_c2a00876a6.jpg,1.868383718e-06
3030079705_0dee8a3e89.jpg,4.842857893e-06
2946016853_ceca4f5a07.jpg,1.459117418e-06
3644142276_caed26029e.jpg,1.474218006e-06
3296150666_aae2f64348.jpg,1.450464677e-06
2843695880_eeea6c67db.jpg,2.041484053e-06
2657301826_aab4c36e6c.jpg,2.010665258e-06
2531837969_6f28637811.jpg,2.37874514e-06
2407470303_6fd5e3600d.jpg,2.135472202e-06
1434607942_da5432c28c.jpg,2.12369253e-06
543007912_23fc735b99.jpg,1.955573258e-06
3054200086_657d4398e8.jpg,1.722898545e-06
2164363131_6930455d45.jpg,2.060498133e-06
3471117376_40585c3fd1.jpg,1.592431803e-06
374103966_2987706be1.jpg,1.968316678e-06
3229730008_63f8ca2de2.jpg,1.212047891e-06
2646046871_c3a5dbb971.jpg,1.812586004e-06
390992102_67fa31b22f.jpg,1.59132429e-06
3070713991_8696796937.jpg,1.098892816e-06
2905948395_ca3e6b3c9a.jpg,2.066950071e-06
3477977145_4df89d69a1.jpg,2.107814715e-06
3213992947_3f3f967a9f.jpg,1.768299184e-06
531055369_936fd76a63.jpg,1.752310788e-06
716597900_b72c58362c.jpg,2.101914091e-06
3056530884_27766059bc.jpg,1.869211592e-06
1316247213_1d2c726dd5.jpg,1.685861036e-06
1377668044_36398401dd.jpg,1.770304329e-06
3457856049_2de173e818.jpg,1.643846293e-06
1509786421_f03158adfc.jpg,2.555522449e-06
3468130925_2b1489d19a.jpg,1.355549821e-06
399679638_d3036da331.jpg,1.996965059e-06
3677329561_fa3e1fdcf9.jpg,1.516392593e-06
3679341667_936769fd0c.jpg,1.484622866e-06
3534668485_6887629ff0.jpg,2.06500541e-06
3446347599_0ecc49a9d5.jpg,2.215072068e-06
2277081067_d2b4c98bce.jpg,2.184292658e-06
2255342813_5b2ac6d633.jpg,1.417724691e-06
2520255786_b70a3ec032.jpg,1.149115382e-06
2318659263_c24005a5cb.jpg,2.6377085e-06
2976537455_f3988c2d46.jpg,1.427227446e-06
507758961_e63ca126cc.jpg,2.315151944e-06
2699733386_c346c87ea6.jpg,1.815819094e-06
2878578240_caf64c3b19.jpg,1.276536552e-06
1569562856_eedb5a0a1f.jpg,1.667776805e-06
2257631407_1529b9db39.jpg,1.368053126e-06
3376972502_35e3e119cd.jpg,1.599243563e-06
3655773435_c234e94820.jpg,2.249052596e-06
3694219419_a7a83d4886.jpg,1.546345908e-06
3294209955_a1f1e2cc19.jpg,1.955761243e-06
3653764864_225958c9c1.jpg,1.262182307e-06
2531531628_b4a5041680.jpg,1.62811797e-06
2895966469_53e0b29295.jpg,2.034095905e-06
449352117_63c359c6e7.jpg,1.195303975e-06
3518334317_bc40bae18d.jpg,1.90577891e-06
3590647207_2d4ec3f52c.jpg,1.432976464e-06
3247052319_da8aba1983.jpg,1.685282989e-06
527272653_8a5bd818e5.jpg,2.084784225e-06
662606040_8cc8cd9f1b.jpg,1.468443258e-06
488416045_1c6d903fe0.jpg,1.524828357e-06
3119875880_22f9129a1c.jpg,1.942712644e-06
155221027_b23a4331b7.jpg,2.023601683e-06
3527926597_45af299eee.jpg,2.023393421e-06
3503471307_464a8f588c.jpg,1.935710188e-06
241347441_d3dd9b129f.jpg,2.326490654e-06
2140747429_62cfd89ae9.jpg,1.475142699e-06
3270083123_fcc1208053.jpg,2.797561693e-06
3688797852_89ed3cb056.jpg,1.902933429e-06
2441815792_43565b1312.jpg,1.519466555e-06
624742559_ff467d8ebc.jpg,1.770010332e-06
3677964239_6406ed096f.jpg,1.043010391e-06
2708176152_1634cb754d.jpg,1.435741374e-06
2707835735_6537b27e8f.jpg,1.851842804e-06
3169394115_2193158cee.jpg,1.827554117e-06
2908859957_e96c33c1e0.jpg,1.842245503e-06
3437147889_4cf26dd525.jpg,1.934187744e-06
2255266906_8222af18b9.jpg,1.005946772e-06
3395173129_f0ac0a1ed4.jpg,1.687633738e-06
2414986483_004936f84b.jpg,1.262925038e-06
1926129518_4350f4f552.jpg,8.7700287e-07
2509824208_247aca3ea3.jpg,2.347786911e-06
3116379964_86986750af.jpg,2.100270944e-06
3611603026_9112b0c53f.jpg,2.18747247e-06
1398606571_f543f7698a.jpg,1.474288022e-06
3514188115_f51932ae5d.jpg,1.203164107e-06
2701487024_e866eb4550.jpg,2.110072803e-06
2296166785_292a4e9f4c.jpg,1.905275447e-06
2056042552_f59e338533.jpg,2.342475949e-06
3353962769_ba48691bc6.jpg,1.804514205e-06
2887103049_a867e74358.jpg,1.391641557e-06
3528251308_481a28283a.jpg,2.20696086e-06
3715559023_70c41b31c7.jpg,1.179457868e-06
432490118_54a9c0e500.jpg,1.985250876e-06
2310233145_910cb5b4c8.jpg,1.156795247e-06
535249787_0fcaa613a0.jpg,1.837306081e-06
2915183095_4ed4aa4f37.jpg,1.149418472e-06
3458434150_2b0d619244.jpg,1.459292516e-06
3298199743_d8dd8f94a0.jpg,2.021623793e-06
1479513774_70c94cf9d3.jpg,2.158128854e-06
2470519275_65725fd38d.jpg,1.351059698e-06
3508882611_3947c0dbf5.jpg,1.503365257e-06
3612485611_12dd7742f7.jpg,1.829995951e-06
1332208215_fa824f6659.jpg,1.987406472e-06
1474474514_b3eb492722.jpg,1.57894347e-06
818340833_7b963c0ee3.jpg,1.718236129e-06
3463268965_f22884fc69.jpg,1.772637615e-06
2623930900_b9df917b82.jpg,1.893403429e-06
2988439935_7cea05bc48.jpg,1.989374031e-06
3697379772_40d831392b.jpg,1.255292286e-06
2512682478_b67cc525c7.jpg,1.44171922e-06
3339263085_6db9fd0981.jpg,1.653830589e-06
420355149_f2076770df.jpg,1.670307576e-06
349889354_4b2889a9bd.jpg,2.527896891e-06
2651915425_7a58e862e9.jpg,1.930578058e-06
691770760_48ce80a674.jpg,1.030974928e-06
3334300164_e75e0479ae.jpg,2.19020336e-06
3246190363_68d903bfcb.jpg,2.059272792e-06
2095078658_c14ba89bc2.jpg,2.301115011e-06
2282522980_45cfa8e0cf.jpg,1.695755338e-06
2714674623_8cd05ac114.jpg,1.955131694e-06
880220939_0ef1c37f1f.jpg,1.300959402e-06
407678652_1f475acd65.jpg,1.517222755e-06
440737340_5af34ca9cf.jpg,1.225048208e-06
3425069551_aba046a1b6.jpg,1.555565459e-06
460350019_af60511a3b.jpg,1.455816792e-06
2807209904_389d81f33a.jpg,1.775530559e-06
537225246_dd0e2158a7.jpg,1.969858162e-06
1812525037_528465037c.jpg,1.141866496e-06
3159641529_c2c74f3eaf.jpg,2.530831736e-06
2898810636_84fb5c0b63.jpg,1.851592018e-06
452345346_afe1248586.jpg,1.349606725e-06
1277743944_f4e8c78403.jpg,2.496878866e-06
3568065409_1c381aa854.jpg,2.083567661e-06
3278189732_f750cb26b7.jpg,2.130425127e-06
3040051410_6205682ba3.jpg,1.658455851e-06
2396025708_e4a72e2558.jpg,1.743934571e-06
2465441099_a1761a1757.jpg,1.799899391e-06
3413806271_17b7e102aa.jpg,2.248523529e-06
501520507_c86f805ab8.jpg,1.672029294e-06
2206403470_8c25aa3cf8.jpg,1.716436293e-06
3048461682_e89f81b1c7.jpg,1.279346374e-06
2092419948_eea8001d0f.jpg,1.895232546e-06
3143980056_7a64a94b58.jpg,2.156630907e-06
391579205_c8373b5411.jpg,1.68246676e-06
432496659_f01464d9fb.jpg,1.930426668e-06
3148571800_c5515e6c3d.jpg,2.283774241e-06
3006926228_cf3c067b3e.jpg,1.041925366e-06
3368569524_a9df2fc312.jpg,2.192177334e-06
3673970325_4e025069e9.jpg,2.288448187e-06
394161692_2576920777.jpg,1.296466357e-06
2148916767_644ea6a7fa.jpg,2.003455185e-06
3335097235_538f4777c3.jpg,1.603866227e-06
2553188198_da1123a723.jpg,1.965639559e-06
96985174_31d4c6f06d.jpg,1.448473788e-06
2982881046_45765ced2c.jpg,1.617013042e-06
2966190737_ceb6eb4b53.jpg,2.170651425e-06
3601491447_a338875b51.jpg,1.194106534e-06
2763044275_aa498eb88b.jpg,1.412965224e-06
3589368949_0866846949.jpg,1.412588216e-06
3360930596_1e75164ce6.jpg,2.331587777e-06
3004290523_d1319dfdb4.jpg,1.272200402e-06
2451114871_8617ae2f16.jpg,2.157084295e-06
2194494220_bb2178832c.jpg,1.88213339e-06
1132772170_600610c5df.jpg,2.189843553e-06
2109911919_af45b93ef3.jpg,1.404029638e-06
3408130183_f038bdaa4f.jpg,1.606890798e-06
2552438538_285a05b86c.jpg,1.751599886e-06
3094317837_b31cbf969e.jpg,2.403620322e-06
763577068_4b96ed768b.jpg,1.322120725e-06
1803631090_05e07cc159.jpg,1.585726835e-06
252504549_135b0db5a3.jpg,1.901688771e-06
1732436777_950bcdc9b8.jpg,2.881090537e-06
244571201_0339d8e8d1.jpg,1.580909712e-06
2998185688_8d33e4ce38.jpg,1.513158868e-06
2446601467_a35841cb1d.jpg,2.75436668e-06
264859622_f3a00ab409.jpg,1.695822067e-06
2427490900_5b7a8874b9.jpg,1.448969526e-06
2613889835_6f50a3b83b.jpg,1.533956272e-06
2233426944_0959835ced.jpg,1.006289888e-06
485357535_b45ba5b6da.jpg,1.743917376e-06
3443326696_fe0549c5be.jpg,2.080514265e-06
2345984157_724823b1e4.jpg,1.12579613e-06
3270691950_88583c3524.jpg,1.822131355e-06
3413019648_e787f0cb88.jpg,1.559398077e-06
3751594676_edfbfa0688.jpg,2.453745552e-06
3537806062_c50d814aba.jpg,2.023973221e-06
3613585080_36629d8157.jpg,2.101478716e-06
2631625732_75b714e685.jpg,1.936317848e-06
3541162969_68fa4a60df.jpg,2.193204924e-06
997722733_0cb5439472.jpg,2.303970507e-06
3415809168_af9dabdba5.jpg,1.837399977e-06
3661239105_973f8216c4.jpg,1.765587952e-06
3229519418_040f05ced1.jpg,2.267018821e-06
753285176_f21a2b984d.jpg,2.160791264e-06
2303426046_09cfd7bc4e.jpg,1.901990267e-06
2867845624_22e4fe0a23.jpg,1.768082565e-06
2752341621_54490b9b09.jpg,2.840778012e-06
2891185857_54942809cf.jpg,1.448506659e-06
3341084434_db5e7d1fdc.jpg,1.971209443e-06
2162564553_96de62c7e6.jpg,1.46632992e-06
3172280520_e7655fb596.jpg,2.143499946e-06
2797185895_4d9e1e9508.jpg,1.091531994e-06
965444691_fe7e85bf0e.jpg,2.417586165e-06
3057618932_3b80ae85de.jpg,1.602291511e-06
788126442_086334f0cf.jpg,2.3906628e-06
334768700_51c439b9ee.jpg,1.270584537e-06
3341961913_9a9b362f15.jpg,1.495314929e-06
3618932839_acd7d2c2ea.jpg,2.303961688e-06
3497234632_6ec740fc1e.jpg,1.857489941e-06
2541901399_0a57f4cc76.jpg,1.879642201e-06
3356938707_d95ba97430.jpg,1.85115308e-06
2471297228_b784ff61a2.jpg,1.501033681e-06
3488087117_2719647989.jpg,2.471509572e-06
2186367337_0ce9ce2104.jpg,1.928923834e-06
3427540832_c882fded1d.jpg,1.491076346e-06
2220175999_081aa9cce8.jpg,2.560631304e-06
2066271441_1f1f056c01.jpg,1.883521179e-06
2591603141_33d6397e0a.jpg,2.02158244e-06
118187095_d422383c81.jpg,1.413657193e-06
1810651611_35aae644fb.jpg,1.175381822e-06
2170222061_e8bce4a32d.jpg,1.682097739e-06
1055623002_8195a43714.jpg,2.343586992e-06
3183195185_cd0ff994a1.jpg,1.407906049e-06
3136674757_57406c305c.jpg,1.429106682e-06
3070130228_67dcfee9ae.jpg,1.429097681e-06
1398613231_18de248606.jpg,1.580628583e-06
3430287726_94a1825bbf.jpg,2.143117493e-06
1286408831_05282582ed.jpg,1.749144198e-06
237547381_aa17c805e0.jpg,1.122088131e-06
3638374272_444f5e0457.jpg,1.543785162e-06
2315867011_fc5fc9fa6d.jpg,2.450936341e-06
2864634088_d087494dff.jpg,1.177994837e-06
2695093520_5cfeb0729d.jpg,1.998598888e-06
571507143_be346225b7.jpg,1.278048299e-06
3601569729_bf4bf82768.jpg,1.719892665e-06
3725202807_12fbfdd207.jpg,1.867656614e-06
2466171100_5e60cfcc11.jpg,1.132927558e-06
1764955991_5e53a28c87.jpg,1.597110867e-06
3649916507_b88a3d2082.jpg,1.511462674e-06
3432730942_4dc4685277.jpg,1.629839212e-06
782017931_75d92bb7a4.jpg,1.792439655e-06
2211593099_4a4f1c85d2.jpg,1.758112859e-06
2929272606_2a5923b38e.jpg,2.256803695e-06
3174453534_fcc927c647.jpg,1.639299542e-06
383223174_7165a54c30.jpg,1.743658784e-06
3339768802_8ab768558a.jpg,2.378346648e-06
2511019188_ca71775f2d.jpg,1.914857925e-06
3224904543_679fe05c41.jpg,1.324094237e-06
2471493912_2d4746b834.jpg,1.612727085e-06
3029928396_99ac250788.jpg,1.786642755e-06
633456174_b768c1d6cd.jpg,1.762826901e-06
3162045919_c2decbb69b.jpg,1.997140071e-06
390987167_2d5905b459.jpg,2.065456743e-06
3613264553_97b687f172.jpg,2.396443038e-06
336460583_6c8ccb7188.jpg,1.62176295e-06
441921713_1cafc7d7d2.jpg,1.651743441e-06
3507076266_8b17993fbb.jpg,1.803034728e-06
967719295_3257695095.jpg,1.599862669e-06
214543992_ce6c0d9f9b.jpg,9.668058169e-07
2417341107_97dbab9c5e.jpg,2.386032509e-06
2275253272_00f941366e.jpg,1.731692957e-06
3449114979_6cdc3e8da8.jpg,2.150620246e-06
1118557877_736f339752.jpg,2.360623583e-06
642987597_03b21a1437.jpg,1.231911469e-06
3077166963_fe172c709d.jpg,1.796452602e-06
2805873509_4f68afc4b4.jpg,1.969601192e-06
3729405438_6e79077ab2.jpg,1.829877023e-06
431282339_0aa60dd78e.jpg,1.548954889e-06
1679565118_d36f0d6d52.jpg,1.282368812e-06
2337757064_08c4033824.jpg,2.140287747e-06
2950905787_f2017d3e49.jpg,1.595853389e-06
3628017876_4ac27e687b.jpg,1.770451005e-06
3127629248_a955b5763b.jpg,1.092997638e-06
3005124440_c096b310fb.jpg,1.075712802e-06
2780031669_a0345cfc26.jpg,1.86913629e-06
2894008505_a445ccaaff.jpg,1.95979842e-06
3437034427_6df5e9fbf9.jpg,2.334871628e-06
3635911776_dbc2763f2c.jpg,1.791051056e-06
350588129_6aef7b7fe2.jpg,1.873832453e-06
2952141476_fc9a48a60a.jpg,1.709059927e-06
2381102729_12fc4d4c76.jpg,1.427280447e-06
481827288_a688be7913.jpg,1.833720055e-06
2272489996_95b0a62d15.jpg,1.712567096e-06
303607405_f36edf16c6.jpg,1.881406259e-06
2476214153_99a3998509.jpg,1.420335416e-06
816084977_21c1811c9a.jpg,1.815120202e-06
2752331711_cb18abba5a.jpg,1.944281482e-06
2700147489_f1664f2b61.jpg,1.611532666e-06
143684568_3c59299bae.jpg,1.354931422e-06
3465000218_c94e54e208.jpg,2.115707451e-06
3189002057_3ef61b803e.jpg,1.692410756e-06
3427233064_6af01bfc5c.jpg,1.417041652e-06
247706586_7e25c7adf8.jpg,1.587032548e-06
2260649048_ae45d17e68.jpg,1.906799013e-06
254527963_3f5824b0e8.jpg,2.285242758e-06
443885436_6e927e6c58.jpg,2.181423112e-06
2094323311_27d58b1513.jpg,2.277831242e-06
757133580_ba974ef649.jpg,1.967093292e-06
2723477522_d89f5ac62b.jpg,2.143224161e-06
3259666643_ae49524c81.jpg,1.917086757e-06
3559374748_f18c7caa55.jpg,1.658766959e-06
2714703706_d21c5cb8df.jpg,2.365240405e-06
2759860913_f75b39d783.jpg,1.677813491e-06
2857473929_4f52662c30.jpg,1.241462163e-06
448252603_7d928c900e.jpg,1.469025418e-06
381514859_b40418d9c3.jpg,2.471649978e-06
262681159_e5fed3acf0.jpg,1.7233419e-06
3700554247_9824ae6f3a.jpg,1.616853296e-06
3397310901_cbef5c06ef.jpg,1.787206235e-06
186890601_8a6b0f1769.jpg,1.717619164e-06
150387174_24825cf871.jpg,1.552437442e-06
3626998066_3ae11ee278.jpg,2.085630043e-06
3730011701_5352e02286.jpg,1.962306423e-06
2902844125_4186bf3ab6.jpg,1.97832665e-06
2203286182_b453e9d176.jpg,2.449335958e-06
3552206648_123bf4ac82.jpg,1.685928201e-06
3042173467_14394234da.jpg,1.896921025e-06
2276314067_7ee246f859.jpg,1.109961687e-06
3420064875_0349a75d69.jpg,2.442529451e-06
393958545_48c17c66d1.jpg,1.502557538e-06
2716903793_fb7a3d8ba6.jpg,1.385202713e-06
3325910784_5ecb88310c.jpg,2.022448436e-06
2934022873_3fdd69aee4.jpg,1.617018612e-06
78984436_ad96eaa802.jpg,2.099556543e-06
3452127051_fa54a902b3.jpg,1.314172263e-06
856985136_649c0a3881.jpg,1.867140776e-06
3091921457_83eee69591.jpg,2.814583019e-06
541046380_513e295384.jpg,1.724026552e-06
3286761458_34af7e4499.jpg,1.959537596e-06
2085400856_ae09df33a7.jpg,1.790619658e-06
3229913073_e7857a5966.jpg,1.905170399e-06
3707990914_843e8f15f1.jpg,1.923456907e-06
162743064_bb242faa31.jpg,2.119393187e-06
3532593368_be10432e92.jpg,2.07761871e-06
1024138940_f1fefbdce1.jpg,2.255406179e-06
866841633_05d273b96d.jpg,2.813376267e-06
282131366_5f9a39c43c.jpg,1.950221052e-06
2980348138_91cc6f6d0f.jpg,1.502729571e-06
3639547922_0b00fed5cd.jpg,1.80277592e-06
2302747917_aa0300eb68.jpg,2.290752866e-06
3027365101_3818be6e16.jpg,1.153434147e-06
58363930_0544844edd.jpg,1.516118451e-06
244368383_e90b6b2f20.jpg,1.529553436e-06
405615014_03be7ef618.jpg,1.535592748e-06
1302657647_46b36c0d66.jpg,1.790892772e-06
3354883962_170d19bfe4.jpg,2.370526493e-06
3113769557_9edbb8275c.jpg,1.703872958e-06
3074842262_62b1b2168c.jpg,9.802925824e-07
2942133798_e57c862a90.jpg,2.528944877e-06
1420060020_7a6984e2ea.jpg,2.758841543e-06
2924483864_cfdb900a13.jpg,2.061195335e-06
306318683_5f1f875191.jpg,1.891820266e-06
3214237686_6566b8b52f.jpg,2.259146458e-06
3335885203_a3fe8e541f.jpg,1.784863746e-06
1262583859_653f1469a9.jpg,1.982738542e-06
3638783120_f600ceb19d.jpg,1.979286726e-06
1206506157_c7956accd5.jpg,1.908049224e-06
533602654_9edc74385d.jpg,1.982913732e-06
2322593776_e6aaf69e80.jpg,2.156034138e-06
3629664676_36bcefe6b7.jpg,1.030487387e-06
318667317_108c402140.jpg,1.825015131e-06
3560125106_691c292893.jpg,1.271759699e-06
1430154945_71bbaa094a.jpg,2.142891701e-06
241345770_9f8aa6723c.jpg,2.285212399e-06
3692746368_ab7d97ab31.jpg,1.642682695e-06
3315110972_1090d11728.jpg,1.786930002e-06
3112635165_2d614d7c1a.jpg,1.19836916e-06
3621652774_fd9634bd5b.jpg,2.045020141e-06
2344898759_5674382bcd.jpg,1.846452734e-06
2597308074_acacc12e1b.jpg,2.136004331e-06
3189307452_aebc12380b.jpg,1.131587233e-06
3004291093_35d6fd8548.jpg,1.482027668e-06
3609645320_815c294b65.jpg,1.555528522e-06
707941195_4386109029.jpg,2.251446527e-06
462080147_ca088e6541.jpg,2.288068168e-06
3245460937_2710a82709.jpg,1.857031774e-06
3351667846_ac43118ae5.jpg,1.644567469e-06
3640870001_acbd1d5ceb.jpg,1.079400229e-06
426920445_d07d1fd0f7.jpg,2.512970717e-06
2261346505_302c67951d.jpg,1.599795967e-06
1048710776_bb5b0a5c7c.jpg,2.211162711e-06
3643684044_a131168127.jpg,1.402087629e-06
2878272032_fda05ffac7.jpg,1.573571768e-06
3425846980_912943b4f9.jpg,1.620497887e-06
2171891283_dedd9cf416.jpg,1.423583829e-06
3767841911_6678052eb6.jpg,1.885241985e-06
308956341_642589e9cc.jpg,1.518101361e-06
3051384385_c5c850c1f8.jpg,2.080877474e-06
2863848437_f2592ab42d.jpg,1.394589021e-06
2878705136_609dfbf318.jpg,1.307673278e-06
3210705660_2b14b7fb36.jpg,1.280485477e-06
1499554025_a8ffe0e479.jpg,1.965746783e-06
2248487950_c62d0c81a9.jpg,1.174219223e-06
3003691049_f4363c2d5c.jpg,1.785515496e-06
3188044631_ca3a9cc737.jpg,1.224901188e-06
3220140234_e072856e6c.jpg,1.824929727e-06
288508162_1727873924.jpg,2.084023044e-06
252124738_796599e94b.jpg,1.484568765e-06
2717686269_80c4b5ac9e.jpg,2.07204032e-06
2448393373_80c011d301.jpg,1.905640938e-06
3516825206_5750824874.jpg,1.544637347e-06
1341787777_4f1ebb1793.jpg,2.374573468e-06
1346051107_9cdc14e070.jpg,1.996474467e-06
2522809984_2e8a7df4fb.jpg,2.063548985e-06
1536597926_c2e1bc2379.jpg,1.279418838e-06
3544673666_ffc7483c96.jpg,1.651432459e-06
2806632713_edd6f6c893.jpg,1.666612058e-06
933118213_b35b0b62a7.jpg,2.434561216e-06
300371487_daec5d11ab.jpg,1.95373725e-06
3571675421_7e07ac07c5.jpg,2.044559511e-06
279550225_d64d56158a.jpg,2.080522606e-06
2979914158_5906470b8f.jpg,2.242657713e-06
3064383768_f6838f57da.jpg,1.946198704e-06
462288558_b31a8a976f.jpg,2.398510639e-06
3525403875_7f95e0cbfe.jpg,1.247926966e-06
2161799386_27aa938421.jpg,2.14640183e-06
2444821454_22a346c996.jpg,2.244678597e-06
3613955682_3860e116cf.jpg,1.066114032e-06
241046599_28b0ca7b9f.jpg,1.609537827e-06
2830755303_2b5444ab4c.jpg,1.522847886e-06
2600867924_cd502fc911.jpg,2.054654522e-06
2978236380_fb24c43f1e.jpg,1.808197833e-06
2635023078_6dae04758f.jpg,1.779306843e-06
2224450291_4c133fabe8.jpg,2.051975569e-06
3335547029_74d620fa6c.jpg,1.205202295e-06
3440724965_03d6ca5399.jpg,2.352226485e-06
2518508760_68d8df7365.jpg,1.772521043e-06
3349258288_5300c40430.jpg,1.99420165e-06
1466307485_5e6743332e.jpg,1.178752112e-06
2474047296_fd9179d438.jpg,1.827172715e-06
3478084305_9e1219c3b6.jpg,1.530917351e-06
3205214191_29b42b9b09.jpg,2.057741135e-06
3415228562_4efa9c9b70.jpg,1.467124304e-06
272546805_536c719648.jpg,1.938620468e-06
512306469_1392697d32.jpg,2.59221967e-06
3668900592_a84b0c07db.jpg,2.23772583e-06
337793983_ac5b2e848e.jpg,1.099276652e-06
2718024196_3ff660416a.jpg,1.154650042e-06
1350948838_fdebe4ff65.jpg,2.420279023e-06
2496370758_a3fbc49837.jpg,1.83146112e-06
3628059004_5c3529b120.jpg,1.779675507e-06
3205754736_32c29b5208.jpg,1.101803177e-06
970641406_9a20ee636a.jpg,1.037546064e-06
2208067635_39a03834ca.jpg,1.380363968e-06
3432637363_3ba357e2da.jpg,1.422027355e-06
2279496715_8ef3ee6edb.jpg,1.723757504e-06
1776981714_5b224d0f7a.jpg,2.320371523e-06
3373946160_1c82d54442.jpg,1.749152133e-06
3079917032_3cfacb2fd7.jpg,1.987213722e-06
471402959_0b187560df.jpg,2.032013954e-06
2972929655_04233b5489.jpg,1.682022097e-06
3103587323_7f093d5b90.jpg,1.677828458e-06
1089755335_0bfbfd30e6.jpg,2.173535876e-06
2273591668_069dcb4641.jpg,1.356573679e-06
2338627102_6708a9b4fd.jpg,2.388522169e-06
2863180332_372510aa49.jpg,1.822993339e-06
2832033116_1677ea1e2e.jpg,2.346799309e-06
1925434818_2949a8f6d8.jpg,1.646947484e-06
2382411771_a16145f345.jpg,2.186429167e-06
1347519824_e402241e4f.jpg,1.772191068e-06
3641022607_e7a5455d6c.jpg,1.542125024e-06
3181328245_7c04ce1691.jpg,1.94865797e-06
3258396041_69717247f7.jpg,2.20663876e-06
491564019_1ca68d16c1.jpg,2.045065091e-06
262446581_06ef7d9445.jpg,1.20976041e-06
838074897_9d6270b3cd.jpg,1.201122126e-06
1159574340_99ba8c3c59.jpg,1.944711488e-06
2443512473_6f5a22eb42.jpg,1.447538879e-06
2075321027_c8fcbaf581.jpg,2.239556152e-06
2076865206_53918c820c.jpg,2.125389473e-06
3601533527_6c2439113c.jpg,2.810452364e-06
3589156060_3ed8d6bbc3.jpg,1.528107772e-06
3259757648_71edb4347b.jpg,1.97449104e-06
1352410176_af6b139734.jpg,2.107137972e-06
3373481779_511937e09d.jpg,1.594578784e-06
2372572028_53b76104a9.jpg,1.555344855e-06
1321723162_9d4c78b8af.jpg,2.243801496e-06
500678178_26ce0f4417.jpg,9.802196925e-07
3484019369_354e0b88c0.jpg,1.879652148e-06
2321865325_79b0954a5d.jpg,1.017854903e-06
290019324_23582048d4.jpg,1.39093773e-06
2930580341_d36eec8e3c.jpg,1.569025156e-06
3292016893_24d14c8b4f.jpg,1.75768169e-06
3173928684_4ea0ee5114.jpg,1.764849007e-06
3323988406_e3c8fce690.jpg,2.050389029e-06
3612485097_b706d950ed.jpg,1.958232309e-06
2354456107_bf5c766a05.jpg,1.379541141e-06
166433861_70b66cd381.jpg,2.189249562e-06
1463638541_c02cfa04dc.jpg,1.801591356e-06
2616643090_4f2d2d1a44.jpg,1.829054141e-06
3702607829_2b8b3e65ab.jpg,1.569528126e-06
3154813159_58a195236d.jpg,1.547971032e-06
3289817083_4e78e1c05a.jpg,1.722526759e-06
2934379210_4e399e3cac.jpg,1.633917376e-06
2407091303_931c918490.jpg,1.317101103e-06
2831313661_1a328acb70.jpg,1.481053149e-06
3168841415_c0705a327a.jpg,2.461030577e-06
3636247381_65ccf8f106.jpg,1.862409721e-06
2150564996_d173a506d7.jpg,1.206930306e-06
2909081008_9a7bfc599a.jpg,2.585823064e-06
1884065356_c6c34b4568.jpg,2.036384902e-06
2343525685_3eba3b6686.jpg,1.699400661e-06
2955099064_1815b00825.jpg,1.986038871e-06
3437315443_ba2263f92e.jpg,2.238146179e-06
3033612929_764d977bd5.jpg,1.708049065e-06
3073535022_4af81f360c.jpg,1.626625437e-06
3537520829_aab733e16c.jpg,2.341952545e-06
2832487464_2d30634e1e.jpg,1.899928294e-06
2241768909_3d96d48417.jpg,1.687148043e-06
439492931_a96d590e40.jpg,1.15500283e-06
3701544312_b2e4e9813d.jpg,1.525520996e-06
972381743_5677b420ab.jpg,1.818174365e-06
632608471_a70461f123.jpg,1.542726772e-06
2583001715_1ce6f58942.jpg,1.870891065e-06
2737729252_b3fd9c05b1.jpg,1.730324725e-06
3590739067_58baffb3a7.jpg,1.454786207e-06
3107558821_f3b205d4ed.jpg,1.887899734e-06
2553024095_735bc46267.jpg,1.462791776e-06
2629346153_155ba73ae9.jpg,2.251776668e-06
3223302125_f8154417f4.jpg,1.997292018e-06
2488795251_c108c77b13.jpg,2.102428128e-06
44856031_0d82c2c7d1.jpg,1.362367316e-06
2704934519_457dc38986.jpg,1.705488332e-06
3070274658_fc39fd4f84.jpg,1.567463589e-06
3262075846_5695021d84.jpg,1.52006823e-06
1777816180_08d7e8063b.jpg,1.823165053e-06
3084149186_4bc08b0752.jpg,1.763632555e-06
3109124656_626b596d5e.jpg,2.499834695e-06
3724150944_fc62e8d5e0.jpg,9.93906695e-07
3104182973_5bb1c31275.jpg,1.17101069e-06
203114209_e4cd71a6b7.jpg,1.898086841e-06
2315418282_80bd0bb1c0.jpg,1.975099196e-06
3240094420_a9eea11d39.jpg,1.711373286e-06
1517807181_ca6588f2a0.jpg,1.628120695e-06
95734036_bef6d1a871.jpg,1.496184775e-06
3041170372_c4376cd497.jpg,1.770828414e-06
2890057168_c712f932e0.jpg,1.805481917e-06
2925737498_57585a7ed9.jpg,1.423194375e-06
2565685680_c30972455d.jpg,1.809364232e-06
3042484940_0975a5e486.jpg,1.780804041e-06
2325258180_6217dd17eb.jpg,1.644412251e-06
3541915243_956c1aa8ef.jpg,2.117668464e-06
2922973230_5a769ef92a.jpg,1.931791423e-06
1801874841_4c12055e2f.jpg,1.961153652e-06
2316097768_ef662f444b.jpg,1.342054231e-06
3676561090_9828a9f6d0.jpg,1.827633543e-06
3591462960_86045906bd.jpg,1.519171008e-06
2750832671_4b39f06acf.jpg,1.758002999e-06
2000459828_3c9e109106.jpg,1.495353638e-06
3569406219_f37ebf7b92.jpg,1.932254235e-06
2058472558_7dd5014abd.jpg,1.790180762e-06
2691966747_cfa154982b.jpg,1.301915044e-06
469969326_4b84073286.jpg,1.677512075e-06
195962790_3380aea352.jpg,2.168291911e-06
2480832276_fa55480ecb.jpg,1.047846336e-06
2061397486_53a61e17c5.jpg,1.454179398e-06
2676651833_3bb42bbb32.jpg,2.183654271e-06
1478294229_7e1c822fea.jpg,1.914466327e-06
1392272228_cf104086e6.jpg,2.471707798e-06
3153067758_53f003b1df.jpg,1.664423935e-06
497791037_93499238d8.jpg,9.48591172e-07
3399618896_9ef60cd32c.jpg,1.82402459e-06
2229179070_dc8ea8582e.jpg,9.570072648e-07
3316046339_8e504be038.jpg,1.09608337e-06
3681056426_fbd6c0c92c.jpg,1.563199965e-06
3006095077_1992b677f8.jpg,1.362492093e-06
457945610_1a23b9ced0.jpg,2.252507243e-06
263216826_acf868049c.jpg,1.66675099e-06
778885185_3f6905370b.jpg,2.223850404e-06
3692593096_fbaea67476.jpg,2.362350054e-06
1045521051_108ebc19be.jpg,1.569841259e-06
2220185725_45d4fa68d9.jpg,1.074970896e-06
514222303_cb98584536.jpg,1.174317614e-06
2913818905_8e4d9aa82a.jpg,2.976719406e-06
3259992164_94600858b3.jpg,1.711432757e-06
278002800_3817135105.jpg,1.775377018e-06
3296500180_0d7a6650dc.jpg,1.493296117e-06
3501781809_88429e3b83.jpg,2.031615426e-06
278496691_c1fd93e2d8.jpg,1.575830135e-06
3607969989_68cc411493.jpg,1.400610758e-06
3618504267_d7eaa495d0.jpg,1.52657136e-06
2462153092_e3f4d8f6a2.jpg,2.296097674e-06
3164328039_2c56acf594.jpg,1.562883131e-06
3446762868_06e9d9d899.jpg,1.723083707e-06
534313000_4ad39c7ee0.jpg,1.708512326e-06
3476451861_5b9c9ce191.jpg,1.318890463e-06
1554713437_61b64527dd.jpg,1.402242164e-06
3726025663_e7d35d23f6.jpg,1.305506414e-06
952171414_2db16f846f.jpg,1.813366224e-06
861608773_bdafd5c996.jpg,1.952040782e-06
3329169877_175cb16845.jpg,1.216221721e-06
3624076529_9793655a21.jpg,1.672693369e-06
3490874218_babb404b39.jpg,1.733856407e-06
3480051754_18e5802558.jpg,1.344512954e-06
1523984678_edd68464da.jpg,1.242412958e-06
2612488996_9450de0e54.jpg,1.42926861e-06
1026685415_0431cbf574.jpg,1.497454598e-06
99679241_adc853a5c0.jpg,1.819916968e-06
3377117696_af91f13058.jpg,2.168421325e-06
3203453897_6317aac6ff.jpg,1.877124536e-06
3691800116_6a7b315e46.jpg,1.968360917e-06
3677318686_b018862bb7.jpg,1.783564573e-06
2385871165_9438c9fe84.jpg,2.503009048e-06
720208977_f44c2bba5b.jpg,1.808832e-06
3758175529_81941e7cc9.jpg,8.553796646e-07
3259002340_707ce96858.jpg,1.694817981e-06
3503544012_1771be9d3a.jpg,1.553446261e-06
3320356356_1497e53f80.jpg,1.779830176e-06
256085101_2c2617c5d0.jpg,2.251671761e-06
3717809376_f97611ab84.jpg,1.359272787e-06
475816542_f5c2736815.jpg,1.409732469e-06
3697359692_8a5cdbe4fe.jpg,1.879567295e-06
397725001_e51f7c391c.jpg,1.37060153e-06
3682428916_69ce66d375.jpg,2.245064672e-06
3154693053_cfcd05c226.jpg,1.790074261e-06
3259992638_0612a40288.jpg,1.65976732e-06
3426933951_2302a941d8.jpg,1.841154503e-06
2753506871_dc38e7d153.jpg,2.239060804e-06
2885912662_a3a2dfde45.jpg,1.681297488e-06
3487378989_c051d2715b.jpg,1.146030328e-06
3260088697_af9b6d2393.jpg,1.622377388e-06
2191329761_3effd856c5.jpg,1.928145792e-06
270263570_3160f360d3.jpg,1.349138185e-06
3501386648_e11e3f3152.jpg,1.478390343e-06
2622971954_59f192922d.jpg,2.106737267e-06
514222285_aa0c8d05b7.jpg,2.05662896e-06
774009278_8e75b7d498.jpg,1.515980221e-06
3656225270_cdf89e3240.jpg,1.672740386e-06
1001773457_577c3a7d70.jpg,1.649114469e-06
2140305708_591d10b54d.jpg,2.558933961e-06
2192333873_2a0cbe849d.jpg,1.651274293e-06
1459032057_97e73ed6ab.jpg,2.110991714e-06
2676937700_456134c7b5.jpg,1.480956047e-06
1419286010_b59af3962a.jpg,1.736911798e-06
2591110592_ef5f54f91c.jpg,1.642166803e-06
3380364224_2626d9d354.jpg,2.571958654e-06
2394919002_ed7527ff93.jpg,1.473531285e-06
3635194562_4c1dfa120a.jpg,1.854604813e-06
3711826708_bba64fb1e1.jpg,1.395206638e-06
2833582518_074bef3ed6.jpg,1.709448949e-06
1151466868_3bc4d9580b.jpg,1.727245574e-06
3523819210_99782628fc.jpg,1.610060325e-06
1009434119_febe49276a.jpg,1.53482432e-06
3712008738_1e1fa728da.jpg,1.668682192e-06
247637795_fdf26a03cf.jpg,2.516094055e-06
496110746_a93ca191ae.jpg,2.452844247e-06
3159569570_dff24e7be9.jpg,1.613722147e-06
475980315_b8ecd50094.jpg,2.216488263e-06
3205336477_037d4b6bd9.jpg,2.146457657e-06
3640661245_c8c419524d.jpg,1.694103383e-06
3614542901_29877fc342.jpg,1.262770369e-06
2562347802_c049a2ba88.jpg,3.660226103e-06
842960985_91daf0d6ec.jpg,2.811403111e-06
611910909_4f8e43e070.jpg,1.742379457e-06
1204996216_71d7519d9a.jpg,1.633102904e-06
411863595_d77156687e.jpg,1.959648971e-06
3112821789_1f7c3bbb99.jpg,1.480492939e-06
515755283_8f890b3207.jpg,1.636139311e-06
3273325447_81c94000da.jpg,1.147285911e-06
2339573065_91f1e3be60.jpg,3.049802743e-06
1417295167_5299df6db8.jpg,2.198511017e-06
3637966641_1b108a35ba.jpg,1.898728921e-06
2674784195_704f6b79d0.jpg,1.354365487e-06
3568219100_dfbffddccd.jpg,1.522350508e-06
297169473_d3974e0275.jpg,1.853430584e-06
2335428699_4eba9b6245.jpg,1.472132441e-06
3224578187_749882c17f.jpg,1.737805975e-06
3520922312_e58a6cfd9c.jpg,1.656216362e-06
172097783_292c5413d8.jpg,1.245342053e-06
2272548482_0b4aec5cdd.jpg,2.497224627e-06
3728015645_b43a60258b.jpg,1.558034223e-06
2305437797_e6c3460190.jpg,2.106314614e-06
486720042_b785e7f88c.jpg,1.750024131e-06
241347803_afb04b12c4.jpg,2.310607278e-06
3247598959_5b2348444c.jpg,1.661062555e-06
3597210806_95b07bb968.jpg,1.612065609e-06
512550372_438849ce19.jpg,1.463826252e-06
3656104088_a0d1642fa9.jpg,2.062546282e-06
2545192257_142fe9e2de.jpg,2.048376768e-06
610590753_cd69ce081a.jpg,7.944768066e-07
549887636_0ea5ae4739.jpg,1.773208161e-06
2298946012_22de913532.jpg,1.607409905e-06
2387197355_237f6f41ee.jpg,2.187976742e-06
3354489242_dd529ffa1f.jpg,1.408299578e-06
199463720_329a802206.jpg,1.343139096e-06
3086810882_94036f4475.jpg,1.397079142e-06
2510029990_7014f907cb.jpg,1.491600605e-06
3456251289_c4ae31d817.jpg,1.349954103e-06
2330062180_355ccbceb5.jpg,1.994588775e-06
2271755053_e1b1ec8442.jpg,2.512750176e-06
2861100960_457ceda7fa.jpg,2.198637169e-06
3294179574_4f67e67d6f.jpg,1.367317031e-06
181415975_2627aa6668.jpg,1.985771396e-06
394136487_4fc531b33a.jpg,2.014176921e-06
2646615552_3aeeb2473b.jpg,1.586992477e-06
424779662_568f9606d0.jpg,1.430920276e-06
3332136681_9aecf101fd.jpg,1.665242925e-06
2472896179_245e7d142f.jpg,1.590622015e-06
278002875_d011ae9dc5.jpg,1.233872621e-06
2222186636_85e03e0b75.jpg,1.133987967e-06
3691670743_0ed111bcf3.jpg,1.67988417e-06
317488612_70ac35493b.jpg,2.346546052e-06
2620113705_a8fa89b8f6.jpg,1.039347363e-06
1389323170_d1c81d6b51.jpg,1.389781646e-06
3456579559_b5c8927938.jpg,1.952295516e-06
2800004913_c8394ba332.jpg,2.187625291e-06
3009383694_e045c6169e.jpg,1.491204629e-06
3582685410_05315a15b8.jpg,1.520142974e-06
2760371526_63f3d01760.jpg,1.69143758e-06
3484841598_e26ee96aab.jpg,1.431600326e-06
424416723_19c56cb365.jpg,2.212120886e-06
2135360514_7dcb9ed796.jpg,2.021391182e-06
3470951932_27ed74eb0b.jpg,2.222573821e-06
3410215754_5d5caeffaf.jpg,1.793562307e-06
3718007650_e5930b4509.jpg,1.192324379e-06
3215108916_0473007b47.jpg,1.349754349e-06
2311690895_0d6efe11c8.jpg,1.988616268e-06
215214751_e913b6ff09.jpg,2.24560067e-06
3122888809_9ae9b4b9b2.jpg,1.707295855e-06
1936215201_d03a75cbba.jpg,1.91830852e-06
3270047169_2ed289a9af.jpg,1.927368926e-06
3060519665_4d6b9a51b2.jpg,1.833549667e-06
3090398639_68c0dfa9a5.jpg,1.527667447e-06
1580671272_3e99d94305.jpg,1.237037763e-06
241346709_23204cc2bc.jpg,2.43377691e-06
2109479807_eec8d72ca7.jpg,1.356529762e-06
2713554148_64cd465e71.jpg,1.806416989e-06
2831846986_5534425cfa.jpg,1.750250053e-06
2205328215_3ffc094cde.jpg,1.643795796e-06
2789238858_14261dd25a.jpg,2.008223041e-06
2443229844_277cded27d.jpg,2.281006293e-06
3019842612_8501c1791e.jpg,1.242845556e-06
3352199368_b35f25793e.jpg,1.711577748e-06
3082196097_2d15455b00.jpg,1.440701729e-06
322103537_184367bf88.jpg,1.640423993e-06
3498423815_5b8fc097f4.jpg,1.512493657e-06
2789350645_96a2535b4d.jpg,1.421168378e-06
3228960484_9aab98b91a.jpg,8.241310408e-07
2512683710_991c9d466d.jpg,2.002665582e-06
3687995245_624b54090d.jpg,2.125199483e-06
2299427360_422a3fb8b0.jpg,1.749321541e-06
136639119_6040b00946.jpg,1.294752596e-06
1975171469_84e425f61b.jpg,1.340546831e-06
2271667421_7b21fc23b8.jpg,1.531414227e-06
2176874361_2b4149010b.jpg,1.878996813e-06
3532587748_7e64bb223a.jpg,2.09811533e-06
3403263046_3cc701a07a.jpg,2.270408522e-06
3116731299_6139b25c18.jpg,1.415162986e-06
2165459064_5b81ff23eb.jpg,2.380292112e-06
254295381_d98fa049f4.jpg,1.495089151e-06
3368207495_1e2dbd6d3f.jpg,1.957439634e-06
2658360285_a0ec74ef48.jpg,1.564070182e-06
1426014905_da60d72957.jpg,2.207544789e-06
709373049_15b8b6457a.jpg,7.968276667e-07
1620397000_3883e3ecd3.jpg,2.245771483e-06
2708582445_5e5999b956.jpg,1.524657104e-06
1798215547_ef7ad95be8.jpg,2.361457261e-06
3143953179_1c08c023a5.jpg,1.429265116e-06
2419186511_f0ce5f9685.jpg,2.634282099e-06
55470226_52ff517151.jpg,1.86058852e-06
160585932_fa6339f248.jpg,1.285688382e-06
3126795109_73920ed5dc.jpg,1.500047425e-06
241347243_c751557497.jpg,2.274592082e-06
3530687486_6e6be53602.jpg,1.655048738e-06
439916996_1ddb9dc8e7.jpg,8.522927374e-07
2354792215_eef2bdc753.jpg,2.001264845e-06
3543378438_47e2712486.jpg,1.724963425e-06
53043785_c468d6f931.jpg,2.100604734e-06
1321949151_77b77b4617.jpg,1.434374735e-06
2526585002_10987a63f3.jpg,1.561606422e-06
3346040664_5b584e6133.jpg,1.587917728e-06
639120223_7db6bdb61f.jpg,1.604447217e-06
1084040636_97d9633581.jpg,2.164917518e-06
3553056438_4e611a7a2a.jpg,3.189859078e-06
135235570_5698072cd4.jpg,1.90355451e-06
3254640083_eb34b8edfe.jpg,2.377734154e-06
3126724531_f483e1b92a.jpg,1.582157106e-06
3609032038_005c789f64.jpg,1.47761285e-06
3053916979_848d32261b.jpg,2.393619107e-06
3205839744_24504ba179.jpg,1.747816958e-06
86412576_c53392ef80.jpg,1.257064632e-06
2472634822_7d5d2858c0.jpg,1.397107542e-06
272940778_a184dbea42.jpg,1.640418035e-06
3182161610_4d349b257f.jpg,1.897900199e-06
2661437618_ca7a15f3cb.jpg,2.57911358e-06
2598012140_832863fcb9.jpg,2.083750241e-06
3724738804_f00748a137.jpg,1.402094601e-06
3425851292_de92a072ee.jpg,1.271824267e-06
2158247955_484f0a1f11.jpg,1.827444677e-06
2873188959_ff023defa9.jpg,2.314926782e-06
3417102649_5c0b2f4b4d.jpg,2.126895965e-06
1501811302_5e723fc529.jpg,1.644067986e-06
2201978994_c444e64810.jpg,1.546399572e-06
3564157681_03a13b7112.jpg,1.840026999e-06
143688205_630813a466.jpg,1.484092713e-06
2708634088_a4686be24c.jpg,2.400112939e-06
2249264723_d08655d9f2.jpg,2.482623479e-06
3585123310_9a8e94bd2b.jpg,1.930582416e-06
3323952123_deb50b0629.jpg,1.503744522e-06
488549693_a1f51d8c4a.jpg,1.862201974e-06
3744832122_2f4febdff6.jpg,1.739129187e-06
3335997221_254366c400.jpg,2.236260027e-06
272283076_2d4aa1d5cf.jpg,1.758885768e-06
1460500597_866fa0c6f3.jpg,1.778100181e-06
3176072448_b84c99cf7f.jpg,2.46031403e-06
2902661518_1513be3ea6.jpg,2.163163028e-06
143237785_93f81b3201.jpg,1.780179852e-06
3355683198_715fb1a2ac.jpg,1.426801489e-06
411175971_0fffd3b8c6.jpg,2.140356754e-06
2213113526_beeb4f9bdc.jpg,1.519817509e-06
3276448136_0d9f5069c5.jpg,2.164714406e-06
3604928725_58147c87cd.jpg,2.272342359e-06
1273001772_1585562051.jpg,1.690426097e-06
169490297_b6ff13632a.jpg,1.66514394e-06
2346189044_546ed84aa9.jpg,1.873891615e-06
2223382277_9efa58ec45.jpg,1.644525887e-06
733172023_5810350af6.jpg,1.383301798e-06
968081289_cdba83ce2e.jpg,1.605323935e-06
3477712686_8428614c75.jpg,2.021034401e-06
3197247245_9c93b60b8a.jpg,1.386018121e-06
2541104331_a2d65cfa54.jpg,1.691190448e-06
2836553263_b1a08c25ea.jpg,1.674083387e-06
311196733_03966b4836.jpg,2.823549239e-06
3157622277_9f59b4f62f.jpg,1.916226293e-06
537359971_6e28f5e66e.jpg,1.583234408e-06
2788945468_74a9618cfa.jpg,1.114057969e-06
3005872315_e6771763bd.jpg,2.539115174e-06
2928152792_b16c73434a.jpg,1.454237915e-06
3459419203_cd7c68ce4d.jpg,1.528542513e-06
2939475047_84585ea45c.jpg,1.917980789e-06
2567812221_30fb64f5e9.jpg,1.832852136e-06
3535372414_4c51c86fc4.jpg,8.1803062e-07
3120266797_47e7d91614.jpg,1.63224094e-06
3088322308_b0c940b3a3.jpg,2.144561637e-06
416788726_5b4eb1466e.jpg,1.311290718e-06
2578289278_01516d23a0.jpg,1.548667119e-06
70995350_75d0698839.jpg,2.189604001e-06
1191338263_a4fa073154.jpg,1.432945953e-06
3522749949_fb615cee47.jpg,1.73064243e-06
3151365121_e2a685a666.jpg,1.906239167e-06
1523800748_a59e980eee.jpg,2.100523737e-06
3713324467_104d72f7db.jpg,1.148490279e-06
2333584535_1eaf9baf3e.jpg,1.791183879e-06
3627679667_0e3de9fc90.jpg,2.496681383e-06
2765747519_2b851e01d6.jpg,2.158945222e-06
1539166395_0cdc0accee.jpg,1.930880448e-06
3335773346_ac0d97efeb.jpg,1.28861959e-06
2894576909_99c85fd7a7.jpg,1.861723351e-06
3220161734_77f42734b9.jpg,1.940532941e-06
2987775031_3f9ac69319.jpg,1.663211727e-06
2490687446_9d46fdf5a9.jpg,1.777680708e-06
3512127856_18a4c7aace.jpg,2.387081811e-06
2935703360_4f794f7f09.jpg,1.148202907e-06
384465370_9918873f9a.jpg,1.754803036e-06
3360994630_d4616c1b14.jpg,1.984865541e-06
345284642_77dded0907.jpg,1.7532711e-06
2410040397_1a161a1146.jpg,1.760650696e-06
874665322_9ad05c4065.jpg,1.310081019e-06
3474330484_a01d8af624.jpg,2.097333035e-06
2418191216_82711d5c5c.jpg,2.222714424e-06
2460134050_06de9f5c4a.jpg,1.526033473e-06
111537222_07e56d5a30.jpg,1.925851062e-06
295433203_8185c13e08.jpg,1.45495338e-06
241347460_81d5d62bf6.jpg,2.431809691e-06
3549583146_3e8bb2f7e9.jpg,2.044878039e-06
251586160_a31b187a37.jpg,1.486988731e-06
3194134352_bc1b2a25d7.jpg,2.212730015e-06
3155657768_b83a7831e5.jpg,1.710182531e-06
2522467011_cc825d89ac.jpg,1.294301559e-06
759015118_4bd3617e60.jpg,2.210834564e-06
802594049_289e3c8420.jpg,2.138286546e-06
3133044777_8cc930a4ec.jpg,1.36091938e-06
2532262109_87429a2cae.jpg,1.657180875e-06
2315807231_6948b3f3a5.jpg,2.229019567e-06
1028205764_7e8df9a2ea.jpg,1.776524591e-06
498748832_941faaaf40.jpg,1.885043279e-06
3326376344_3306bf439e.jpg,1.738953404e-06
2600170955_bf30c5d5c0.jpg,1.632845835e-06
506738508_327efdf9c3.jpg,1.823990725e-06
3725353555_75c346d7ec.jpg,1.659286808e-06
3529211822_1dabdb3a9c.jpg,2.106120451e-06
3217909454_7baa0edbb2.jpg,2.056760757e-06
3523471597_87e0bf3b21.jpg,1.513547102e-06
3374759363_d6f7a0df41.jpg,1.705354618e-06
2555638166_2f0847d57d.jpg,1.677659884e-06
2813033949_e19fa08805.jpg,2.193654525e-06
3713133789_f05e8daffd.jpg,9.072420841e-07
3227594168_3351722aae.jpg,1.614637418e-06
3535284878_f90f10236e.jpg,1.854129407e-06
2986716822_e220754d32.jpg,2.070112052e-06
3547647914_4dd56a8c1b.jpg,1.609096536e-06
2822148499_eaa46c99d4.jpg,2.270295489e-06
3107463441_7c68606450.jpg,1.259275074e-06
2286235203_af3cd8f243.jpg,2.237193362e-06
2265367960_7928c5642f.jpg,1.904247822e-06
3394654132_9a8659605c.jpg,2.063606903e-06
2896668718_0c3cff910f.jpg,1.4679428e-06
3223224391_be50bf4f43.jpg,2.240342126e-06
2260369648_e21ae6494a.jpg,1.438576278e-06
2918769188_565dd48060.jpg,2.267436696e-06
2673564214_3a9598804f.jpg,1.29813455e-06
308307853_5a51fbdecc.jpg,2.41068803e-06
3561433412_3985208d53.jpg,1.964634161e-06
2623982903_58ec7c5026.jpg,1.896593686e-06
241347689_d0b1ac297d.jpg,2.425278373e-06
1351315701_6580b51c41.jpg,1.795720151e-06
3134341610_3c55e373a7.jpg,1.508584702e-06
2218609886_892dcd6915.jpg,2.529713731e-06
2503629305_055e9ec4b1.jpg,2.61363925e-06
456299217_b2802efbc2.jpg,1.382758128e-06
3315323307_bd148a8964.jpg,1.169747989e-06
3068735836_872fba3068.jpg,1.769725501e-06
3431487300_0123195f9b.jpg,1.766470996e-06
3582048078_7bac2d8473.jpg,2.075912556e-06
2198494923_8159551be4.jpg,2.044851305e-06
3065468339_4955e90fd3.jpg,9.801215381e-07
3647750811_395fbd397e.jpg,2.810159524e-06
3544793763_b38546a5e8.jpg,1.404792454e-06
365128300_6966058139.jpg,1.555938638e-06
3561130207_d1ed166daa.jpg,2.416822602e-06
1348891916_ebd4413033.jpg,1.981427959e-06
395461421_c586b136de.jpg,2.88485842e-06
3187364311_4c2a87083b.jpg,1.328531793e-06
57422853_b5f6366081.jpg,1.689027471e-06
3139118874_599b30b116.jpg,1.088664449e-06
3474999131_788cbf253f.jpg,1.846684496e-06
3496983524_b21ecdb0c7.jpg,2.036579262e-06
2679926555_b11cf45595.jpg,2.100621752e-06
3344948183_5b89379585.jpg,2.238765491e-06
3155279929_d1cddbe7cf.jpg,1.531934649e-06
2756765580_9e57e10f0d.jpg,1.102201638e-06
3174156702_95a1cda2d9.jpg,1.085370859e-06
3477715432_79d82487bb.jpg,1.822555085e-06
2178306830_6af49375b4.jpg,1.930056233e-06
2107837987_ffecfc367a.jpg,1.2153517e-06
3667822570_d39850e217.jpg,1.264245223e-06
762947607_2001ee4c72.jpg,1.474048599e-06
325005410_e1ff5041b5.jpg,1.963742722e-06
2086532897_b8714f2237.jpg,2.431561393e-06
3386375153_20c56d0aae.jpg,1.913336126e-06
458213442_12c59e61a0.jpg,2.298596861e-06
2280354512_c0d035d53f.jpg,2.134023501e-06
109671650_f7bbc297fa.jpg,1.458247606e-06
468141298_3154d717e1.jpg,1.362679798e-06
2053733930_e245615ad4.jpg,1.79832577e-06
2452238877_2340609c6e.jpg,2.38719071e-06
3568197730_a071d7595b.jpg,1.037904724e-06
2573625591_70291c894a.jpg,1.391739105e-06
3673032164_6c6843de87.jpg,2.13042428e-06
2910758605_73a3f5a5c2.jpg,1.386008769e-06
1022975728_75515238d8.jpg,2.532450707e-06
2222498879_9e82a100ab.jpg,1.508771745e-06
2319087586_919472310f.jpg,2.241557036e-06
3406802138_ef77bbddd0.jpg,1.609161994e-06
3402081035_a54cfab1d9.jpg,1.787178977e-06
3279228339_71deaa3d9b.jpg,1.632055075e-06
2920969723_83918fe909.jpg,1.409896055e-06
3171451305_f87b9e09ee.jpg,1.934657704e-06
2909955251_4b326a46a7.jpg,1.637939534e-06
1413956047_c826f90c8b.jpg,2.006307897e-06
3016651969_746bd36e68.jpg,1.482707333e-06
2594042571_2e4666507e.jpg,1.742451103e-06
2866529477_7e0c053ebc.jpg,1.852894982e-06
2947452329_08f2d2a467.jpg,2.144181146e-06
3478176372_7c510a0cef.jpg,1.221265843e-06
3454754632_977c1523be.jpg,1.699016553e-06
3405720825_b6991005eb.jpg,1.634480353e-06
2831314869_5025300133.jpg,1.30852306e-06
2624457062_89efc497a8.jpg,1.237500724e-06
57417274_d55d34e93e.jpg,1.303821541e-06
3273969811_42e9fa8f63.jpg,1.830692147e-06
2771424045_1fdf9617eb.jpg,2.070947287e-06
2086678529_b3301c2d71.jpg,2.014669691e-06
3589367895_5d3729e3ea.jpg,1.262114593e-06
3698944019_825ef54f2f.jpg,2.112392389e-06
3396036947_0af6c3aab7.jpg,2.303983406e-06
2254913901_569f568926.jpg,1.936492641e-06
463875230_f19e83d6df.jpg,1.563692475e-06
3099504809_565e17e49d.jpg,1.805958999e-06
2856923934_6eb8832c9a.jpg,2.502043321e-06
3016759846_062663f8ab.jpg,1.837321291e-06
3527715826_ea5b4e8de4.jpg,1.480443177e-06
247691240_3881777ab8.jpg,1.924083023e-06
2542662402_d781dd7f7c.jpg,2.440770401e-06
2861932486_52befd8592.jpg,1.456028647e-06
2429978680_1e18a13835.jpg,2.038656834e-06
2972864304_481aeffe50.jpg,9.9761035e-07
661755629_602ea4cf09.jpg,1.71902709e-06
1778020185_1d44c04dae.jpg,1.844308484e-06
3716244806_97d5a1fb61.jpg,1.199772494e-06
3526805681_38461c0d5d.jpg,1.608981677e-06
566921157_07c18a41e2.jpg,1.496328083e-06
2761599088_8b39cc5f41.jpg,2.51043349e-06
352981175_16ff5c07e4.jpg,1.785642394e-06
3518126579_e70e0cbb2b.jpg,2.001998041e-06
2504764590_cf017c2a6e.jpg,1.781129625e-06
3632572264_577703b384.jpg,1.493741977e-06
380537190_11d6c0a412.jpg,1.537912571e-06
3372022051_132b8e6233.jpg,2.233431927e-06
533979933_a95b03323b.jpg,2.163113288e-06
2708686056_1b8f356264.jpg,2.083998807e-06
3410902181_b2a3c6eec9.jpg,1.855521069e-06
3286198467_8880be127e.jpg,2.198059455e-06
3528966521_2e871ff6a1.jpg,1.758455475e-06
2886533440_dfa832f2fa.jpg,2.423716761e-06
3154709407_9b0778cbeb.jpg,1.814548082e-06
2257798999_d9d1b9a45a.jpg,1.373893742e-06
3378553508_e37e281d25.jpg,1.927364364e-06
3144705706_391d7b77c7.jpg,9.60318873e-07
3363836972_c87b58c948.jpg,2.228434987e-06
1258913059_07c613f7ff.jpg,1.925660412e-06
2244171992_a4beb04d8e.jpg,1.302542549e-06
3262475923_f1f77fcd9f.jpg,1.044605943e-06
3242919570_39a05aa2ee.jpg,1.836723984e-06
1042020065_fb3d3ba5ba.jpg,1.902754983e-06
2978271431_f6a7f19825.jpg,2.274619273e-06
3430607596_7e4f74e3ff.jpg,1.963992991e-06
1501985304_8c50093004.jpg,1.93679175e-06
3287969199_08e775d896.jpg,1.822362308e-06
3545652636_0746537307.jpg,1.577008045e-06
1295669416_21cabf594d.jpg,1.465667079e-06
2992614450_b5a6692239.jpg,2.02203993e-06
3683644335_b70bed1d83.jpg,3.091140493e-06
3330007895_78303e8a40.jpg,2.516246241e-06
537230454_1f09199476.jpg,1.797152127e-06
3386060324_b98fdfa449.jpg,1.754304693e-06
754852108_72f80d421f.jpg,1.970952136e-06
3482974845_db4f16befa.jpg,2.425167287e-06
3175434849_859f09fe07.jpg,1.794801919e-06
2786245676_0a69543832.jpg,1.443184845e-06
2256320794_0286c31bfa.jpg,2.167589225e-06
3545793128_af3af544dc.jpg,1.283079445e-06
2899276965_a20b839cfd.jpg,1.688110672e-06
3122497129_d08f5729b8.jpg,2.151565835e-06
2591486448_48d5438343.jpg,1.701938638e-06
3163281186_e2f43dfb5f.jpg,1.696441476e-06
341665272_80d4d61376.jpg,1.691097595e-06
3517040752_debec03376.jpg,1.442562399e-06
3210419174_d083a16f77.jpg,1.953877255e-06
719837187_3e7bf1d472.jpg,1.933976084e-06
2734219983_fe86a60bf9.jpg,2.109384031e-06
327621377_0bc3b7fd26.jpg,1.426863956e-06
2046222127_a6f300e202.jpg,2.268858768e-06
2616508003_fa5ca5780d.jpg,1.916471029e-06
241347150_5ff37818c2.jpg,2.199827536e-06
1662261486_db967930de.jpg,1.747576449e-06
256292144_b53aadae27.jpg,2.301818184e-06
3267644370_f2728d6c7a.jpg,2.273070691e-06
3568505408_4e30def669.jpg,1.465682965e-06
90011335_cfdf9674c2.jpg,1.905701696e-06
3296715418_29542dcdc2.jpg,1.821712977e-06
381052465_722e00807b.jpg,1.504303713e-06
2652155912_8ba5426790.jpg,1.666825976e-06
3186863842_5832573c5e.jpg,2.047015498e-06
236730743_0d4fd8de5a.jpg,1.928552958e-06
3168123064_d1983b8f92.jpg,1.89879584e-06
3187492926_8aa85f80c6.jpg,2.427890553e-06
3688005475_d200165cf7.jpg,2.236982103e-06
3577309234_c952c2af86.jpg,1.823048159e-06
2930514856_784f17064a.jpg,2.019722639e-06
232193739_ed5f348c7a.jpg,1.845956214e-06
3257277774_aba333a94c.jpg,2.567154297e-06
3759492488_592cd78ed1.jpg,1.443626987e-06
2110898123_07729c1461.jpg,2.255351801e-06
397815951_3b02090324.jpg,2.061516115e-06
3057862887_135c61816a.jpg,1.455472028e-06
2847615962_c330bded6e.jpg,2.409224772e-06
1309330801_aeeb23f1ee.jpg,1.805974125e-06
2294516804_11e255807a.jpg,2.185314241e-06
513269597_c38308feaf.jpg,1.53033311e-06
3307978046_92fef4dfa9.jpg,1.425760405e-06
2405599120_ec5f32af6f.jpg,1.985709422e-06
3243588540_b418ac7eda.jpg,1.479727416e-06
3320680380_b0d38b3b4a.jpg,1.804576545e-06
3204922011_185e48949a.jpg,2.469021246e-06
3123463486_f5b36a3624.jpg,1.776628542e-06
2752230113_b5dab6f0f1.jpg,1.488018591e-06
3292277400_f95cdd13d1.jpg,1.391395529e-06
506478284_7cf8bdbe36.jpg,1.770243353e-06
1982852140_56425fa7a2.jpg,1.873007449e-06
1429814475_0b592b9995.jpg,1.644261486e-06
2339946012_06bd480ab8.jpg,1.63212285e-06
1131800850_89c7ffd477.jpg,1.948372305e-06
3425685827_03683e8e5a.jpg,1.030923838e-06
2021613437_d99731f986.jpg,2.175143717e-06
116409198_0fe0c94f3b.jpg,2.027431241e-06
3207264553_8cd4dcde53.jpg,1.652006826e-06
3165750962_e2e3843679.jpg,1.422836654e-06
2984704498_29b53df5df.jpg,1.344922282e-06
2858759108_6e697c5f3e.jpg,2.097607125e-06
3185695861_86152b2755.jpg,1.196368235e-06
245252561_4f20f1c89e.jpg,2.484643749e-06
3034585889_388d6ffcc0.jpg,1.884081541e-06
3565654691_22b97d3994.jpg,1.642608893e-06
2187503678_fd743e0a00.jpg,2.091183555e-06
2420730259_86e7f8a815.jpg,2.171308886e-06
441398149_297146e38d.jpg,1.423991576e-06
524698457_77ba13840a.jpg,1.662729232e-06
3417143124_6feb8290cc.jpg,1.595213855e-06
2098646162_e3b3bbf14c.jpg,1.784215822e-06
2687672606_275169c35d.jpg,1.735760728e-06
3087095548_6df7c2a8ed.jpg,1.368008153e-06
3527590601_38d56abc29.jpg,2.242758829e-06
1470132731_fa416b7504.jpg,1.604396006e-06
3271084924_4778d556cc.jpg,1.675085754e-06
504765160_b4b083b293.jpg,1.731646232e-06
2800758232_d7fa598065.jpg,2.578648738e-06
3459362347_c412ef9901.jpg,2.085752999e-06
3198247669_7493af04a7.jpg,1.699679379e-06
2694426634_118566f7ab.jpg,2.143115009e-06
2873522522_829ea62491.jpg,1.45702721e-06
300539993_eede2d6695.jpg,1.721686566e-06
3411595210_8e0893b266.jpg,1.438890218e-06
3049770416_0fb1954315.jpg,1.968308982e-06
3419916411_72934edcdb.jpg,1.089129551e-06
3470008804_0ca36a7a09.jpg,2.036899012e-06
150582765_bad8dec237.jpg,1.156808122e-06
252578659_9e404b6430.jpg,2.118018245e-06
2363006088_b3e3aa5c0b.jpg,1.364740337e-06
2710698257_2e4ca8dd44.jpg,1.766542577e-06
451597318_4f370b1339.jpg,1.228773059e-06
3560891822_7d4c1e3580.jpg,1.794933002e-06
3572267708_9d8a81d4a4.jpg,1.439365454e-06
2439154641_bbf985aa57.jpg,2.417550161e-06
2660008870_b672a4c76a.jpg,2.324005447e-06
314904143_5a216a192b.jpg,1.455781137e-06
2225241766_f1e7132e3e.jpg,1.351682715e-06
95728664_06c43b90f1.jpg,1.953293251e-06
2246717855_c0c08fe5d2.jpg,2.031896578e-06
224766705_b77996527f.jpg,1.287980363e-06
3601978895_9fec23ce0c.jpg,1.489975888e-06
495054019_3dee8a02f5.jpg,1.611166367e-06
2053777548_108e54c826.jpg,1.77040982e-06
354642192_3b7666a2dd.jpg,1.281809206e-06
1584315962_5b0b45d02d.jpg,1.990680256e-06
1597319381_1e80d9e39c.jpg,2.097930317e-06
2909875716_25c8652614.jpg,1.362041896e-06
2744690159_fe2c89e55b.jpg,1.197998577e-06
129599450_cab4e77343.jpg,1.257201336e-06
3258874419_23fec1bdc1.jpg,2.122471522e-06
2500826039_165e75b20c.jpg,1.684024143e-06
538825260_a4a8784b75.jpg,1.623274957e-06
3232030272_b2480a5fe7.jpg,2.184845924e-06
403523132_73b9a1a4b3.jpg,1.531145226e-06
23445819_3a458716c1.jpg,2.465928291e-06
3701509233_a2275a4e57.jpg,1.786370151e-06
2719102611_fef453bf30.jpg,1.738865444e-06
255091927_2eb643beb2.jpg,1.529671076e-06
3426724811_137855b4f7.jpg,1.748536476e-06
3373069977_bc73e9e409.jpg,1.941595437e-06
3534512991_f9fd66f165.jpg,2.291011509e-06
3387630781_f421a94d9d.jpg,2.162986232e-06
3389448506_7025e7cc12.jpg,1.67555665e-06
2907244809_07ab2c6b6c.jpg,2.038426925e-06
3427301653_4ff0d6fd93.jpg,2.086532337e-06
2073174497_18b779999c.jpg,1.571965862e-06
2136455112_202c093ba4.jpg,2.069738447e-06
3672944692_8d24a44fc6.jpg,1.453053865e-06
1255504166_f2437febcb.jpg,1.746415085e-06
236095031_5cb17dc54a.jpg,2.052456304e-06
3606942887_1159d92548.jpg,1.742857761e-06
3696698390_989f1488e7.jpg,8.641826801e-07
427936315_0b8f7b8d23.jpg,2.076848979e-06
2472250097_a3191a94b3.jpg,2.356190914e-06
2665904080_8a3b9639d5.jpg,2.384877738e-06
3259160693_067ec7ebc3.jpg,1.679965716e-06
3222496967_45d468ee66.jpg,2.019739702e-06
2789688929_9424fceed1.jpg,1.11249004e-06
1962729184_6996e128e7.jpg,1.683544564e-06
343073813_df822aceac.jpg,1.555583428e-06
3086790344_9487c58624.jpg,1.860777719e-06
2710563762_06d48329d7.jpg,1.509668176e-06
2271264741_aa8f73f87c.jpg,1.163113848e-06
3283913180_7d4e43602d.jpg,1.576038836e-06
3535304540_0247e8cf8c.jpg,2.343078108e-06
2949337912_beba55698b.jpg,4.339635396e-06
2855594918_1d1e6a6061.jpg,2.283530238e-06
3477672764_7f07657a26.jpg,1.904015262e-06
3704995657_e2e114083d.jpg,1.750949457e-06
2095435987_1b7591d214.jpg,1.837610043e-06
3401039304_424ffc7dbf.jpg,1.894740454e-06
2729655904_1dd01922fb.jpg,1.514473763e-06
2515247156_c1b759fc33.jpg,1.632796017e-06
3671950830_b570bac1b9.jpg,2.190505792e-06
3421129418_088af794f7.jpg,2.457314126e-06
3403797144_53e49412ec.jpg,1.792422544e-06
3223973114_6c15538ce9.jpg,1.659272273e-06
2812590023_50182bc417.jpg,2.059420644e-06
2445442929_8c81d42460.jpg,1.731223786e-06
2204695848_3d1b140212.jpg,1.608089672e-06
3724581378_41049da264.jpg,2.117072114e-06
3458577912_67db47209d.jpg,1.954884032e-06
3384528359_e920154177.jpg,1.723397133e-06
1463732130_a754441289.jpg,7.161708898e-07
2775249812_f4db95e818.jpg,2.012145803e-06
3216926094_bc975e84b9.jpg,2.580110066e-06
3211289105_e0360a9c7f.jpg,1.738927163e-06
2265096094_8cc34d669c.jpg,1.542678993e-06
3217266166_4e0091860b.jpg,1.478370776e-06
469021173_aa31c07108.jpg,1.167201974e-06
2707873672_15e6b5d54b.jpg,1.142242459e-06
2148991939_3b9fd6c439.jpg,1.473222633e-06
3638908276_b1751d30ff.jpg,1.289778241e-06
3610687607_895fdc94bd.jpg,1.868922504e-06
696663662_232edd58af.jpg,2.0931146e-06
3030824089_e5a840265e.jpg,1.877236884e-06
2707969386_94dde00ce4.jpg,1.886374772e-06
3643684688_2f7157b23d.jpg,1.759297494e-06
3286111436_891ae7dab9.jpg,1.441162904e-06
2991994415_504d1c0a03.jpg,1.43245275e-06
2921112724_5cb85d7413.jpg,1.350177076e-06
248646530_03c6284759.jpg,1.93828202e-06
2017276266_566656c59d.jpg,1.398618302e-06
501650847_b0beba926c.jpg,1.7754255e-06
138718600_f430ebca17.jpg,1.288125321e-06
3240351042_5d29c94b0e.jpg,1.5357362e-06
3286406057_a1668655af.jpg,1.760718712e-06
241347611_cb265be138.jpg,2.510356696e-06
3563871276_c8b2a00df5.jpg,1.458882169e-06
3399312265_9c74378692.jpg,2.053673585e-06
2291511815_ac083fddbd.jpg,2.270806521e-06
582788646_dc40748639.jpg,1.861439787e-06
1352398363_9cc8ffcce9.jpg,2.067979812e-06
3394750987_a32ecc477e.jpg,6.626773244e-07
2863027424_9c75105660.jpg,1.520116352e-06
2247889670_413db8094b.jpg,1.677832352e-06
3046286572_d2050ab0d9.jpg,1.268619995e-06
3730457171_e66dde8c91.jpg,1.585678739e-06
386160015_d4b31df68e.jpg,1.686804425e-06
422756764_e7eaac76bf.jpg,2.412219099e-06
339350939_6643bfb270.jpg,2.251974074e-06
2281006675_fde04e93dd.jpg,2.024147856e-06
3081182021_22cfa18dd4.jpg,1.814613221e-06
2822891602_ff61df2ece.jpg,1.78048442e-06
3277162496_dff7eeb59e.jpg,1.271584155e-06
1389651420_8d95d8f6ed.jpg,1.601135172e-06
2205088706_d7e633e00d.jpg,1.590329979e-06
2637959357_dd64a03efa.jpg,1.943835574e-06
3404012438_9baf8dcbaf.jpg,1.745118226e-06
1998457059_c9ac9a1e1a.jpg,1.76853718e-06
2864340145_d28b842faf.jpg,2.096429536e-06
3385246141_a263d1053e.jpg,1.613645272e-06
2396100671_3a9d67f03d.jpg,2.150674242e-06
2374570771_c395fc224a.jpg,2.045159752e-06
3662871327_b128d25f04.jpg,1.957822041e-06
1952896009_cee8147c90.jpg,1.93835471e-06
2537583012_4a358a6a8a.jpg,1.428201973e-06
3131990048_369b081021.jpg,1.590310999e-06
514431934_9cf78f05a9.jpg,1.236551192e-06
340425915_490293058f.jpg,2.004698003e-06
3179952488_c1c812a03b.jpg,1.560937837e-06
2654943319_d17fee7800.jpg,1.786947377e-06
2534424894_ccd091fcb5.jpg,1.462894504e-06
2621771656_09a620da6d.jpg,1.490582166e-06
223299142_521aedf9e7.jpg,1.875701193e-06
3225058391_a12d38d911.jpg,1.889809892e-06
3188036349_8e4e2d6ca8.jpg,1.677472013e-06
2484190118_e89363c465.jpg,2.022772816e-06
512101751_05a6d93e19.jpg,2.016246629e-06
1356543628_c13ebe38fb.jpg,1.717883892e-06
207930963_af3a2f1784.jpg,1.718114116e-06
3265162450_5b4e3c5f1b.jpg,1.66297844e-06
1234817607_924893f6e1.jpg,2.255752943e-06
3362871440_6c0f27c480.jpg,1.653672012e-06
3396043950_12783c5147.jpg,1.896979053e-06
2636876892_9353521a1c.jpg,1.174052831e-06
460935487_75b2da7854.jpg,1.511013773e-06
636503038_17ca82b50f.jpg,2.112756566e-06
3634281981_d9cf1d1a33.jpg,1.716567544e-06
2873065944_29c01782e2.jpg,1.672480609e-06
492493570_c27237a396.jpg,1.956332968e-06
3438981089_2ef1a6353c.jpg,2.167413396e-06
3666324102_18ecdf8253.jpg,1.514010549e-06
3029463004_c2d2c8f404.jpg,2.152778414e-06
2976946039_fb9147908d.jpg,2.707001825e-06
3178300150_d4605ff02c.jpg,1.744409092e-06
1514957266_a19827c538.jpg,1.324905497e-06
3413973568_6630e5cdac.jpg,2.147005516e-06
3185409663_95f6b958d8.jpg,2.350596872e-06
498404951_527adba7b8.jpg,2.362300912e-06
359837950_9e22ffe6c2.jpg,1.197406412e-06
3535056297_e16f014cb7.jpg,1.917067399e-06
3242718240_3358f2d6e6.jpg,1.579088447e-06
3500399969_f54ce5848f.jpg,1.745290683e-06
2552723989_7bc93e0f7b.jpg,1.626884611e-06
2824004868_1fc0a81173.jpg,1.618642744e-06
3094568845_d0b56c5651.jpg,1.632340603e-06
3035949542_cb249790f5.jpg,1.72024969e-06
299572828_4b38b80d16.jpg,1.574886329e-06
3552435734_04da83b905.jpg,2.236389435e-06
2089542487_b4c1ee7025.jpg,1.332563224e-06
1390268323_2c8204e91c.jpg,2.067520606e-06
3684518763_f3490b647a.jpg,1.616429557e-06
2279980395_989d48ae72.jpg,2.15668314e-06
2130203183_49bae96b96.jpg,2.220089479e-06
618292739_0fdc2ccab0.jpg,1.384272119e-06
3721881082_afe9fc734e.jpg,1.583176805e-06
3333921867_6cc7d7c73d.jpg,1.652302675e-06
3589267801_5a222e3a60.jpg,1.553631585e-06
3527184455_1a9c074ff2.jpg,1.551164657e-06
3480379024_545e8ec818.jpg,1.958931081e-06
2693425189_47740c22ed.jpg,1.562268062e-06
322791392_aa3b142f43.jpg,2.032638399e-06
136644885_f7d2bbf546.jpg,1.472088494e-06
390992388_d74daee638.jpg,1.547791115e-06
639865690_d66d480879.jpg,1.944355357e-06
2971478694_79e46ea7e5.jpg,1.491756531e-06
2244551043_21b8cca866.jpg,1.91577596e-06
2998504949_1022fec53b.jpg,1.499003012e-06
1247181182_35cabd76f3.jpg,1.40450404e-06
2356664078_4b1e6e465d.jpg,1.155825789e-06
1368338041_6b4077ca98.jpg,2.13952712e-06
783994497_4f6885454d.jpg,1.423827748e-06
3261666285_86fceb762d.jpg,2.413220933e-06
3484832904_08619300d9.jpg,1.17506408e-06
2229509318_be3fef006b.jpg,1.939929642e-06
1229756013_94663527d7.jpg,1.661686083e-06
2448270671_5e0e391a80.jpg,2.080106258e-06
3415113018_7b95ddcd11.jpg,1.855639126e-06
448590900_db83c42006.jpg,1.66429356e-06
228949397_9e63bfa775.jpg,1.095047221e-06
3561537309_e271d57492.jpg,1.922282253e-06
3475005101_6f6e437459.jpg,1.479836111e-06
753578547_912d2b4048.jpg,1.432521287e-06
3429194423_98e911a101.jpg,1.540211539e-06
3529721084_4b405baf54.jpg,1.173228825e-06
694496803_f2a05869cf.jpg,1.289122271e-06
3228517564_74b00a923b.jpg,1.640755527e-06
2218843713_cf28ea319e.jpg,1.774400583e-06
2782433864_5a0c311d87.jpg,1.860996078e-06
2218519240_cac5aab53c.jpg,1.428037194e-06
3266261886_36e1323d2f.jpg,2.227514256e-06
2354829523_9542fc74ba.jpg,2.648326032e-06
3650986674_3e101c606b.jpg,1.42750302e-06
501684722_0f20c4e704.jpg,1.80912594e-06
3282634762_2650d0088a.jpg,1.986214965e-06
3279025792_23bfd21bcc.jpg,1.630649092e-06
3351586010_7ffaa90ea8.jpg,1.925656934e-06
3562302012_0cbcd01ff9.jpg,1.830446407e-06
3255620561_7644747791.jpg,1.237785398e-06
3341782693_426bf7139b.jpg,2.0766788e-06
2084217208_7bd9bc85e5.jpg,2.24789074e-06
3159447439_c1496cbaea.jpg,2.15196426e-06
2275372714_017c269742.jpg,1.545007097e-06
367673290_f8799f3a85.jpg,1.265126469e-06
566397227_a469e9e415.jpg,1.447514055e-06
428483413_b9370baf72.jpg,8.783628943e-07
708860480_1a956ae0f7.jpg,2.160175311e-06
3423225860_16e26eef74.jpg,1.389511654e-06
2578395598_6982734d46.jpg,2.286367922e-06
2045109977_b00ec93491.jpg,2.033190911e-06
3512791890_eb065b460a.jpg,2.123953674e-06
3564742915_5f940b95b4.jpg,1.376413828e-06
3364258732_9942c557e5.jpg,1.831441369e-06
222878446_32c6fc4bc9.jpg,1.664773904e-06
2992808092_5f677085b7.jpg,1.479765048e-06
1237985362_dbafc59280.jpg,2.210689494e-06
3169276423_6918dd4da1.jpg,1.956048654e-06
3680218298_582e6a2289.jpg,2.255785155e-06
521186251_e97d1f50f8.jpg,1.43952177e-06
2701603045_6cbdc4ce7c.jpg,1.452243244e-06
3173215794_6bdd1f72d4.jpg,2.04897486e-06
2853743795_e90ebc669d.jpg,1.742828977e-06
2607462776_78e639d891.jpg,1.03277638e-06
2157173498_2eea42ee38.jpg,1.973545085e-06
3638688673_176f99d7fd.jpg,1.235813587e-06
3008370541_ce29ce49f0.jpg,2.198418394e-06
2217728745_92b6779016.jpg,1.547993959e-06
369360998_ba56fb436f.jpg,1.627452278e-06
2882056260_4399dd4d7c.jpg,1.529697712e-06
1370773415_967b1ffde1.jpg,1.493547803e-06
693164706_9624582e69.jpg,1.804039495e-06
3449846784_278bc1ba92.jpg,1.595828263e-06
3658427967_6e2e57458d.jpg,2.175877042e-06
3428038648_993a453f9e.jpg,8.330419524e-07
1579198375_84b18e003a.jpg,1.957723457e-06
2844747252_64567cf14a.jpg,3.806532804e-06
2838619742_eed855d8a8.jpg,1.560635122e-06
3741462565_cc35966b7a.jpg,2.408851841e-06
3350671534_2a5d45a961.jpg,2.137655239e-06
3584561689_b6eb24dd70.jpg,1.934208433e-06
2654514044_a70a6e2c21.jpg,1.797075367e-06
2526041608_a9775ab8d7.jpg,1.410127432e-06
3677514746_26f5588150.jpg,1.510327866e-06
3122606953_a979dd3d33.jpg,2.227646693e-06
2839890871_4b7c7dbd96.jpg,1.553879541e-06
107582366_d86f2d3347.jpg,1.774542918e-06
2977379863_2e8d7a104e.jpg,1.623478248e-06
170100272_d820db2199.jpg,8.988717615e-07
3165123595_8db9f918bf.jpg,1.592391137e-06
1937262236_cbf5bfa101.jpg,2.308148809e-06
3429351964_531de1bf16.jpg,1.4323312e-06
3103340819_46de7954a9.jpg,1.650645198e-06
3612484827_0e479f9ee8.jpg,2.156928777e-06
2435685480_a79d42e564.jpg,1.717177183e-06
862156271_3eacea90a8.jpg,2.117564876e-06
3229442620_fd47d01b59.jpg,3.654728874e-06
3511062827_cd87871c67.jpg,2.478517408e-06
2807177340_bc85291df5.jpg,1.514982924e-06
3477681171_b1bb8b211d.jpg,2.353298473e-06
2724485630_7d2452df00.jpg,1.647187738e-06
2597873827_a5cb3e57ba.jpg,2.128840346e-06
3564907603_14ccc655f1.jpg,2.126322862e-06
3517023411_a8fbd15230.jpg,1.115759606e-06
2833431496_09d999db4d.jpg,1.773502486e-06
3109688427_d2e702456c.jpg,1.28529668e-06
3099923914_fd450f6d51.jpg,1.497579588e-06
93922153_8d831f7f01.jpg,1.879091177e-06
2577972703_a22c5f2a87.jpg,1.304127598e-06
2505360288_c972bd29c4.jpg,1.235186346e-06
2085078076_b9db242d21.jpg,2.089170164e-06
3254817653_632e840423.jpg,1.403572558e-06
2607099736_8681f601d9.jpg,1.673684562e-06
3017220118_6a9212dfdb.jpg,1.880831754e-06
3537920947_6c5a956f47.jpg,1.392913908e-06
1463732807_0cdf4f22c7.jpg,1.412416199e-06
2913207978_9e9624e249.jpg,2.38322753e-06
2596474836_79468f23a0.jpg,1.318998368e-06
3329254388_27017bab30.jpg,1.983470785e-06
3498240367_cbd8c6efbf.jpg,1.75999375e-06
3630102841_b4c3e00b2c.jpg,2.638002302e-06
3349968447_b5d4a477b2.jpg,2.295686382e-06
2266061169_dfbf8f0595.jpg,1.612582836e-06
2363419943_717e6b119d.jpg,1.779594418e-06
241346352_c5a0ea43c6.jpg,2.299997481e-06
2890113532_ab2003d74e.jpg,1.466347599e-06
3450776690_38605c667d.jpg,2.324444296e-06
3515358125_9e1d796244.jpg,1.739420614e-06
1299459550_1fd5594fa2.jpg,1.967420235e-06
268365231_a0acecdc45.jpg,8.927477583e-07
481887827_f8975dabf1.jpg,1.82203291e-06
537559285_29be110134.jpg,1.797443613e-06
190965502_0b9ed331d9.jpg,1.301114719e-06
3642220260_3aa8a52670.jpg,1.490535193e-06
1786425974_c7c5ad6aa1.jpg,1.659343169e-06
448257345_ce149c2ea6.jpg,1.959911115e-06
3681575323_433d007650.jpg,1.965709363e-06
1417882092_c94c251eb3.jpg,2.164178646e-06
487071033_27e460a1b9.jpg,1.033716933e-06
2555622234_3e531e4014.jpg,1.970153143e-06
130211457_be3f6b335d.jpg,1.518731339e-06
278105206_df987b0ca0.jpg,1.810218223e-06
2745441424_5659f6acc8.jpg,2.116545857e-06
3501313414_ae865b6fdf.jpg,1.27190527e-06
3557316485_574a5f7a89.jpg,2.200548309e-06
246041128_bedb09ed74.jpg,2.462015286e-06
3618908551_7fd2de5710.jpg,1.9859027e-06
2647049174_0fb47cee2e.jpg,2.431453652e-06
2056930414_d2b0f1395a.jpg,1.895781836e-06
2354540393_a149722680.jpg,2.289360453e-06
211277478_7d43aaee09.jpg,1.112332535e-06
539801139_7258ee437f.jpg,1.836700605e-06
2292406847_f366350600.jpg,1.668532896e-06
210625425_fb1ef5d23b.jpg,1.324136456e-06
1576185717_f841ddc3da.jpg,1.502872781e-06
3431121650_056db85987.jpg,9.691976495e-07
1809796012_a2dac6c26b.jpg,1.482467302e-06
229978782_3c690f5a0e.jpg,2.105892904e-06
2911919938_6bb6587a36.jpg,2.064429028e-06
2076906555_c20dc082db.jpg,2.150234524e-06
3231751379_10ebf7150c.jpg,1.757412634e-06
2858903676_6278f07ee3.jpg,1.249354918e-06
3613323772_d15cef66d1.jpg,1.839665791e-06
2144050118_3e7d2e05b1.jpg,1.405327613e-06
2701895972_8605c4e038.jpg,1.430843441e-06
3208987435_780ae35ef0.jpg,2.27263168e-06
1235685934_be89b231fb.jpg,2.23167589e-06
2384728877_48c85d58af.jpg,1.326692186e-06
1418019748_51c7d59c11.jpg,2.369125157e-06
3143159297_6f2f663ea6.jpg,1.969212713e-06
321229104_3cbaf0f51c.jpg,2.182614343e-06
3340575518_137ce2695f.jpg,2.221370406e-06
300274198_eefd8e057e.jpg,1.560245802e-06
2099323664_bb20457f26.jpg,2.061969939e-06
3352791995_8db4979aca.jpg,1.591662435e-06
3379839396_0cd84b55f1.jpg,1.977121682e-06
1432179046_8e3d75cf81.jpg,2.142119482e-06
3532200762_b28c39d311.jpg,1.341153409e-06
2110692070_8aaaa1ae39.jpg,2.306790945e-06
3347666612_659e6e2207.jpg,1.373070898e-06
3472270112_0a7cb7b27c.jpg,1.694795924e-06
524031846_28b11bc0e5.jpg,2.362670775e-06
3341477531_4e37450f35.jpg,1.55676646e-06
3484842724_ef1124c87a.jpg,1.42431928e-06
491405109_798222cfd0.jpg,2.458750958e-06
3667157255_4e66d11dc2.jpg,1.68829465e-06
2299859649_07ca44a222.jpg,2.215079314e-06
3121521593_18f0ec14f7.jpg,1.700792508e-06
837919879_94e3dacd83.jpg,1.885412958e-06
3484625231_5b1a1a07b8.jpg,1.760205254e-06
3030566410_393c36a6c5.jpg,1.749774801e-06
404702274_fa8b3fe378.jpg,1.736195099e-06
3030294889_78b2ccbe51.jpg,1.053038582e-06
1547883892_e29b3db42e.jpg,8.075288414e-07
1505686764_9e3bcd854a.jpg,1.185902491e-06
2842849030_89548af61c.jpg,1.941444821e-06
3120648767_812c72eabe.jpg,1.846994795e-06
480505313_2dc686e5db.jpg,1.464991242e-06
2092870249_90e3f1855b.jpg,1.449561652e-06
2856524322_1d04452a21.jpg,1.348464731e-06
3571147934_d1c8af1d6e.jpg,1.676768802e-06
3240558825_cd859d6230.jpg,1.136253472e-06
1379026456_153fd8b51b.jpg,2.202910991e-06
3489774350_a94e6c7bfc.jpg,1.951249809e-06
3564007203_df2b8010f1.jpg,1.364461071e-06
239453674_0df7767208.jpg,2.398277638e-06
3422394336_e465f60b7c.jpg,1.322159402e-06
3215081286_d55541aa6b.jpg,1.574716462e-06
255266148_7ba7df1a88.jpg,7.525505712e-07
3514297698_0512623955.jpg,1.976368214e-06
3581818450_546c89ca38.jpg,1.820481543e-06
97406261_5eea044056.jpg,2.13475501e-06
3209966887_5b744bd050.jpg,1.659864218e-06
2621415349_ef1a7e73be.jpg,2.47777552e-06
3072730593_b7322d2e05.jpg,1.92730778e-06
255741044_1102982213.jpg,1.483721038e-06
2602415701_7674eb19e4.jpg,1.438093398e-06
3424424006_98f9d1921c.jpg,1.967713797e-06
3147758035_e8a70818cb.jpg,1.683578086e-06
3655074079_7df3812bc5.jpg,1.967691057e-06
3359636318_39267812a0.jpg,1.123917761e-06
3296226598_1c892c4351.jpg,2.425708009e-06
2247192427_5e106f24a9.jpg,1.942907648e-06
2675397335_1dcdbd12f5.jpg,1.509700897e-06
3471571540_b4ab77f20d.jpg,2.307867354e-06
2162469360_ff777edc95.jpg,2.239677302e-06
3627011534_485f667b10.jpg,1.53176807e-06
2831723637_30d4456665.jpg,1.328672374e-06
3018304737_0a46fc5f1d.jpg,1.888630043e-06
3166969425_b5ace2f9c2.jpg,1.542686351e-06
3200120942_59cfbb3437.jpg,2.102546053e-06
1685990174_09c4fb7df8.jpg,2.296827855e-06
2480850054_de3433b54a.jpg,1.716824411e-06
3350786891_6d39b234e9.jpg,1.640809119e-06
3724759125_2dc0e1f4a3.jpg,1.535638882e-06
2396746868_0727e06983.jpg,1.373053534e-06
3671851846_60c25269df.jpg,1.416743625e-06
1348947380_14f0fc1237.jpg,1.33058837e-06
1253275679_e955fb7304.jpg,2.273512805e-06
3347500603_13670ee6bf.jpg,1.967782673e-06
1410193619_13fff6c875.jpg,1.621352131e-06
3174196837_800689a2f3.jpg,1.44885359e-06
1067790824_f3cc97239b.jpg,2.16231973e-06
1468389504_c724bdcad0.jpg,1.678091116e-06
3309042087_ee96d94b8a.jpg,1.43567423e-06
421316045_ae7a1eb4bc.jpg,2.325340817e-06
483136916_16976f4902.jpg,1.687285308e-06
3549464203_8ab9c6160b.jpg,1.320169757e-06
3739833689_a0038545bd.jpg,1.556477848e-06
3640443200_b8066f37f6.jpg,1.981888948e-06
3339558806_b4afdc8394.jpg,1.206332389e-06
3270273940_61ef506f05.jpg,1.676684714e-06
427557693_1108566fd2.jpg,1.265995253e-06
2883950737_3b67d24af4.jpg,1.887170794e-06
3222842866_cb85243ce4.jpg,2.319597052e-06
2518219912_f47214aa16.jpg,1.808105108e-06
2805101709_1c8916f63a.jpg,1.519492248e-06
143688895_e837c3bc76.jpg,1.155777592e-06
241345844_69e1c22464.jpg,2.312189233e-06
223299137_b0e81ac145.jpg,1.867405606e-06
3237760601_5334f3f3b5.jpg,2.660559506e-06
3092756650_557c5f2d03.jpg,3.299298282e-06
1287073593_f3d2a62455.jpg,2.404832714e-06
3440160917_4524cfd9f6.jpg,9.812775267e-07
442918418_0f29c97fa9.jpg,1.452884129e-06
2874728371_ccd6db87f3.jpg,1.818161927e-06
2603033456_3584d95116.jpg,2.005898087e-06
3468023754_8a07d4c56e.jpg,1.558354326e-06
3427614912_b147d083b2.jpg,1.302071983e-06
3465473743_7da0c5d973.jpg,1.737335145e-06
3247423890_163f00a2cb.jpg,1.760735934e-06
2978409165_acc4f29a40.jpg,1.272664387e-06
2271955077_0020b4ee0d.jpg,2.68186678e-06
261490838_2f3ac98b12.jpg,2.234707103e-06
336551615_a01418bc53.jpg,2.155527157e-06
2804374083_311f98f5f2.jpg,1.39248783e-06
328916930_e4d4be1730.jpg,1.933002732e-06
1197800988_7fb0ca4888.jpg,1.38300411e-06
294353408_d459bdaa68.jpg,1.840665821e-06
310213587_778fe8fb5b.jpg,1.931047167e-06
3524519277_bd0c3e7382.jpg,1.771290835e-06
2102581664_5ea50f85c6.jpg,2.557524285e-06
2813784259_d201044d71.jpg,2.076051716e-06
3080891382_edf83dde18.jpg,1.517612622e-06
1290894194_8a4ffdc7eb.jpg,1.550782564e-06
3361990489_92244a58ef.jpg,9.187005357e-07
377872672_d499aae449.jpg,1.343601651e-06
2097420505_439f63c863.jpg,1.93655367e-06
3309578722_1765d7d1af.jpg,1.539207062e-06
3271178748_630d269811.jpg,1.66999171e-06
3436259762_43709321ff.jpg,1.4564201e-06
3452411712_5b42d2a1b5.jpg,1.290722753e-06
3526431764_056d2c61dc.jpg,1.802923214e-06
247618600_239eeac405.jpg,1.949316011e-06
495033548_bd320405d8.jpg,1.525370873e-06
1516714577_7d1c35a8d8.jpg,1.984286804e-06
358875403_f357f03713.jpg,2.355794341e-06
3602676311_824b2c04ba.jpg,2.045196595e-06
119534510_d52b3781a3.jpg,2.162889688e-06
2381613738_d8d2012e3c.jpg,1.375740172e-06
3339319023_5dcc3ef81a.jpg,1.254109155e-06
2417623030_afdc1024b5.jpg,1.591795503e-06
3108732084_565b423162.jpg,1.287741122e-06
3522025527_c10e6ebd26.jpg,1.970768531e-06
3342271377_446ffc34c0.jpg,9.682495265e-07
2656688132_d93be870e0.jpg,8.164148418e-07
476740978_45b65ebe0c.jpg,1.438962052e-06
693450725_8ad72389e6.jpg,1.814980222e-06
242324909_06d5a6c44b.jpg,1.893892045e-06
3159092624_66af4e207e.jpg,1.618130452e-06
3622929632_26fb800000.jpg,1.210240179e-06
2629295654_59ea1472a1.jpg,2.300421803e-06
518610439_b64ab21c02.jpg,2.063806554e-06
127490019_7c5c08cb11.jpg,1.431634631e-06
371522748_dc557bcd6c.jpg,1.323891111e-06
2590207488_ddd89037ba.jpg,2.375273049e-06
209605542_ca9cc52e7b.jpg,1.527344377e-06
3691592651_6e4e7f1da9.jpg,1.791750503e-06
3710674892_857b8056f7.jpg,2.461088904e-06
3545779287_8f52e06909.jpg,1.432566251e-06
2696060728_3043cfc38c.jpg,1.781716319e-06
166321294_4a5e68535f.jpg,1.865618255e-06
3047144646_2252ff8e04.jpg,1.799694203e-06
3448490813_f9623e864d.jpg,1.841854673e-06
3425573919_409d9e15b2.jpg,1.16373956e-06
2860041212_797afd6ccf.jpg,2.073711356e-06
241346580_b3c035d65c.jpg,2.261168006e-06
3562903245_85071bb5f9.jpg,1.003800829e-06
3314900697_c5c5ae9af6.jpg,1.654888142e-06
467960888_6943257534.jpg,2.39917729e-06
3525453732_f74a38f111.jpg,1.542464541e-06
911527312_f81ee36b97.jpg,2.307536353e-06
3211581957_df2f7e2236.jpg,2.052571491e-06
3532205154_5674b628ea.jpg,2.360518961e-06
3639704469_fe83e1c9b7.jpg,2.19492738e-06
3342855466_44038a8aa3.jpg,1.551752274e-06
3014546644_d53db746ec.jpg,1.204418223e-06
121971540_0a986ee176.jpg,1.688788277e-06
2518094853_dfce24ce8c.jpg,2.024331385e-06
1874617189_e85d3f4326.jpg,1.969975227e-06
3453544202_3855ab34b6.jpg,1.829412304e-06
3109136206_f7d201b368.jpg,1.407496298e-06
2300229745_af7a20c959.jpg,1.481760689e-06
3638178504_be1ff246bd.jpg,1.094563944e-06
3586239953_da4fb3f775.jpg,1.529917081e-06
533713001_2d36e93509.jpg,1.186052624e-06
49553964_cee950f3ba.jpg,1.925679133e-06
2053006423_6adf69ca67.jpg,1.772452401e-06
3549997413_01388dece0.jpg,2.027779238e-06
3286822339_5535af6b93.jpg,1.473735198e-06
621000329_84f48948eb.jpg,2.132107355e-06
3534824784_7133119316.jpg,2.208266284e-06
374103776_0de490c1b0.jpg,1.737451516e-06
2384626662_67cdd87694.jpg,1.839179961e-06
3457045393_2bbbb4e941.jpg,1.297680396e-06
3139160252_75109e9e05.jpg,1.838152694e-06
128912885_8350d277a4.jpg,1.055521823e-06
3547499166_67fb4af4ea.jpg,1.815111495e-06
2090387793_274ab4cf7d.jpg,1.995783364e-06
1262454669_f1caafec2d.jpg,1.969831275e-06
3558438174_d8f41438a4.jpg,1.318076568e-06
2445783904_e6c38a3a3d.jpg,1.777742238e-06
2597958208_e03aa149c9.jpg,1.893883886e-06
241347214_5f19e7998c.jpg,2.122388877e-06
3212085754_35fdc9ccaa.jpg,1.397742361e-06
357725852_6f55cb9abc.jpg,1.417842457e-06
516761840_842dabc908.jpg,1.629482198e-06
3620343911_64a862904e.jpg,2.178847947e-06
3592992234_6d3fe58a70.jpg,1.941313375e-06
3015863181_92ff43f4d8.jpg,1.476081307e-06
2229177914_3308fe7d20.jpg,2.428781866e-06
3202255152_08973fa3d7.jpg,2.197626403e-06
3630991662_990f397f7c.jpg,2.293533892e-06
2963573792_dd51b5fbfb.jpg,1.46920323e-06
2839807428_efe42423f2.jpg,1.79327048e-06
397982550_cf9f5cdb74.jpg,1.790653951e-06
2140182410_8e2a06fbda.jpg,2.113514056e-06
2887171449_f54a2b9f39.jpg,1.131375853e-06
3244171699_ace4b5d999.jpg,1.57910916e-06
2522230304_1581d52961.jpg,1.925364669e-06
2535746605_8124bf4e4f.jpg,2.414948804e-06
3710520638_866d542a80.jpg,1.6195779e-06
2579899436_5086a33c7a.jpg,2.198363717e-06
3717845800_ab45e255b8.jpg,1.882782789e-06
3107059919_0594269f72.jpg,2.04604969e-06
3402638444_dab914a3de.jpg,1.786227251e-06
3409326324_a704565e8f.jpg,2.433834038e-06
1296770308_3db2022f5a.jpg,1.556205704e-06
2550109269_bc4262bd27.jpg,2.626428442e-06
3352871762_c9e88592d3.jpg,1.990475117e-06
424307754_1e2f44d265.jpg,2.193558822e-06
3103185190_eb8729c166.jpg,1.817415778e-06
1805990081_da9cefe3a5.jpg,1.752504909e-06
3720210639_18bb34e475.jpg,2.017277869e-06
2589241160_3832440850.jpg,1.267602944e-06
1057251835_6ded4ada9c.jpg,1.392975871e-06
3503624011_733d745d5a.jpg,2.050174581e-06
3514278386_de2343577e.jpg,1.435174697e-06
3636491114_ab34dac833.jpg,9.584753825e-07
1446053356_a924b4893f.jpg,1.425801091e-06
469617651_278e586e46.jpg,1.813202865e-06
2533010184_ef2fd71297.jpg,2.506274663e-06
191592626_477ef5e026.jpg,1.44913799e-06
3618525295_d32d634b2e.jpg,1.409026502e-06
583174725_6b522b621f.jpg,1.831714309e-06
278559394_b23af734b9.jpg,1.741539142e-06
2176364472_31fcd37531.jpg,3.726150577e-06
697582336_601462e052.jpg,1.833124025e-06
2659183350_730951f740.jpg,1.465064037e-06
398413603_166896900f.jpg,2.059989022e-06
2423894412_d952d5d103.jpg,1.438280671e-06
279230262_e541f9b670.jpg,1.964394719e-06
2572101672_4d699c8713.jpg,1.343491605e-06
3107592525_0bcd00777e.jpg,1.605610222e-06
2602279427_191773c9e2.jpg,2.039738862e-06
2137789511_69a6c6afa8.jpg,2.209159837e-06
2553619107_d382a820f9.jpg,1.515568617e-06
257588281_39e1c9d929.jpg,1.350784593e-06
511282305_dbab4bf4be.jpg,1.407401749e-06
3264678536_46601d25f0.jpg,2.203759045e-06
2894229082_ddc395f138.jpg,2.501091023e-06
536495604_b22bbc905a.jpg,1.956361655e-06
2599903773_0f724d8f63.jpg,1.266369665e-06
3036971334_78187a9570.jpg,1.157556189e-06
1394599090_fe0ba238f0.jpg,1.976091798e-06
460781612_6815c74d37.jpg,1.806557592e-06
864290968_eccb46d5ab.jpg,1.665276755e-06
294549892_babb130543.jpg,1.592696702e-06
2158267555_db1d94e468.jpg,2.004178185e-06
3672105509_53b13b2ed4.jpg,1.83774246e-06
2472980433_210ec62874.jpg,1.474238729e-06
1417637704_572b4d6557.jpg,2.006250957e-06
3594566537_55bd712fdb.jpg,2.164642285e-06
2344875609_8e172d682b.jpg,2.460721538e-06
3368671163_0171259581.jpg,1.915454361e-06
3589895574_ee08207d26.jpg,1.883300182e-06
961189263_0990f3bcb5.jpg,1.643143196e-06
2881087519_ca0aa79b2b.jpg,1.629789153e-06
2796801478_8ebd7e550b.jpg,1.73944659e-06
97577988_65e2eae14a.jpg,1.808723143e-06
3341489212_a879e1544a.jpg,1.273449621e-06
1456630952_dd4778a48f.jpg,1.806335251e-06
2173677067_9d0732bcc2.jpg,1.173869362e-06
3019857541_3de3e24f54.jpg,1.822684355e-06
414773731_c3f5bf43d5.jpg,1.602268466e-06
2924884815_63826aa60d.jpg,1.630859243e-06
2214847438_4993210d4c.jpg,2.235483561e-06
2629027962_9cc3b46527.jpg,6.042751113e-06
3717309680_e5105afa6d.jpg,1.499127463e-06
3488837187_0c7264a16c.jpg,2.625118635e-06
1689658980_0074d81d28.jpg,1.707863103e-06
2848895544_6d06210e9d.jpg,1.385261366e-06
3591458156_f1a9a33918.jpg,2.001486864e-06
2587696611_db0378710f.jpg,2.189232506e-06
3676432043_0ca418b861.jpg,2.445038792e-06
3672106148_56cfb5fc8d.jpg,1.745798669e-06
3282121432_648dac8a29.jpg,1.617365803e-06
2426781076_e3f4d2685c.jpg,2.283281766e-06
2916009941_34a0013803.jpg,1.997648304e-06
2923891109_ea0cc932ed.jpg,1.209340729e-06
1287920676_d21a0b289b.jpg,2.445572752e-06
56494233_1824005879.jpg,1.712009943e-06
2853407781_c9fea8eef4.jpg,2.375738197e-06
3610836023_3a972b10b0.jpg,1.660164128e-06
2225864432_48a24f49a4.jpg,1.570936542e-06
1408958345_68eea9a4e4.jpg,2.147615194e-06
3212465975_b657f40eed.jpg,1.968951562e-06
2258951972_92763fddab.jpg,2.136901089e-06
2755362721_368cbde668.jpg,1.595471808e-06
2741051940_89fb6b2cee.jpg,2.096891455e-06
2950393735_9969c4ec59.jpg,1.917279296e-06
2463067409_78188c584c.jpg,1.200284167e-06
224369028_b1ac40d1fa.jpg,1.373608088e-06
396179143_e1511336e1.jpg,2.258778377e-06
2756636539_cc1eacbf4a.jpg,1.532299495e-06
2325816912_b3bb41cdbb.jpg,2.371308974e-06
2914331767_8574e7703d.jpg,2.257133618e-06
1510669311_75330b4781.jpg,1.633776646e-06
323657582_b6b6d8f7bd.jpg,2.242890664e-06
2877511986_c965ced502.jpg,1.917144147e-06
3679405397_bb130ea3c2.jpg,2.06329055e-06
335588286_f67ed8c9f9.jpg,1.617841883e-06
1174525839_7c1e6cfa86.jpg,2.278758725e-06
3587077732_0933f1677b.jpg,2.059198728e-06
3646820231_2abc736840.jpg,3.288128018e-06
2504277798_936a09c74d.jpg,2.287979769e-06
3364160101_c5e6c52b25.jpg,1.651399546e-06
848180689_d67a1361ce.jpg,1.524342886e-06
3095225232_2e6e6dc92e.jpg,1.745038824e-06
2303951441_3c8080907a.jpg,1.427416826e-06
2559114800_17310f3015.jpg,1.637073303e-06
3331190056_09f4ca9fd2.jpg,1.727921198e-06
268704620_8a8cef4cb3.jpg,1.58773523e-06
3249597269_935e0a375a.jpg,3.051261546e-06
3301859683_2d5e4b40a3.jpg,2.502822378e-06
3393343330_b13df4d8ec.jpg,1.445695846e-06
1433088025_bce2cb69f8.jpg,2.181950376e-06
2533424347_cf2f84872b.jpg,1.82719591e-06
2367816288_7c2d11d3c5.jpg,2.034839321e-06
3312779887_7682db7827.jpg,1.116823149e-06
3167365436_c379bda282.jpg,2.255071829e-06
3431101934_99a6c55914.jpg,1.219348582e-06
1517721825_10176d0683.jpg,2.083165903e-06
3662909101_21b9e59a3e.jpg,2.485752043e-06
3251088971_f4471048e3.jpg,1.262029843e-06
2066048248_f53f5ef5e2.jpg,1.581270564e-06
3329793486_afc16663cc.jpg,1.93556078e-06
1884727806_d84f209868.jpg,2.251150493e-06
2837127816_24441e5f7c.jpg,1.847987649e-06
2928835996_88b9f9503d.jpg,1.526046244e-06
2423138514_950f79e432.jpg,2.024383833e-06
3457784061_8f77f43a9c.jpg,1.594580459e-06
2249141510_f534708374.jpg,1.083417136e-06
3074265400_bf9e10621e.jpg,1.69241393e-06
3695949492_27ca3892fd.jpg,1.993582571e-06
3221036999_3f7b152d8a.jpg,2.25036463e-06
308014594_f1d5e75507.jpg,1.587500909e-06
3172384527_b107385a20.jpg,1.766151273e-06
3446191973_1db572ed8a.jpg,1.276585355e-06
3600909823_ce72c26e66.jpg,1.595232008e-06
2985679744_75a7102aab.jpg,1.746203052e-06
2469498117_b4543e1460.jpg,2.095258391e-06
2073756099_7e02c0110c.jpg,1.985473112e-06
3429641260_2f035c1813.jpg,1.321926507e-06
2100909581_b7dde5b704.jpg,1.572368905e-06
542317719_ed4dd95dc2.jpg,2.477765716e-06
446138054_d40c66d5f0.jpg,1.668542198e-06
2694178830_116be6a6a9.jpg,1.9855757e-06
1489286545_8df476fa26.jpg,2.296983165e-06
2377460540_8cfb62463a.jpg,1.733025651e-06
2559503010_84f20b3bc9.jpg,1.692584285e-06
2409312675_7755a7b816.jpg,1.142073883e-06
2467821766_0510c9a2d1.jpg,1.090499575e-06
242559369_9ae90ed0b4.jpg,2.309810458e-06
1420060118_aed262d606.jpg,1.81290286e-06
3276895962_c053263d01.jpg,2.350476409e-06
2718027742_70a72f99ae.jpg,1.579613507e-06
2203615439_3c7cdc39dc.jpg,1.483389288e-06
3301822808_f2ccff86f4.jpg,1.085019866e-06
61209225_8512e1dad5.jpg,1.526785459e-06
3247693965_845b3b4349.jpg,2.020013401e-06
3606093421_eddd46c2c7.jpg,2.581412119e-06
2208631481_3e4a5675e1.jpg,3.028975189e-06
3587941206_36769c3f1d.jpg,1.486912547e-06
96420612_feb18fc6c6.jpg,2.398556352e-06
2730994020_64ac1d18be.jpg,1.694302085e-06
1388970365_162edcceb4.jpg,1.223988132e-06
3331797838_b3e33dbe17.jpg,2.379154469e-06
1057089366_ca83da0877.jpg,1.251784278e-06
3046429283_08de594901.jpg,3.27531644e-06
523985664_c866af4850.jpg,2.123952802e-06
3561314880_ea9a7e245f.jpg,1.380804704e-06
3613175012_bcd063e7c9.jpg,1.693741061e-06
2892992529_f3335d0a71.jpg,1.663862881e-06
1301140633_046e4e8010.jpg,1.99777686e-06
2834752476_3177e617f1.jpg,2.398319797e-06
1189977786_4f5aaed773.jpg,1.694955526e-06
3640020134_367941f5ec.jpg,2.257768585e-06
1798209205_77dbf525b0.jpg,2.043633632e-06
3462454965_a481809cea.jpg,1.475293414e-06
3441145615_b4fcd9eea0.jpg,1.933711316e-06
3640104986_5d8c9a9948.jpg,1.503591139e-06
2766148353_70b2e8070f.jpg,1.72353478e-06
3707738261_777075e885.jpg,2.113110905e-06
500308355_f0c19067c0.jpg,1.525666311e-06
421730441_6b2267fd31.jpg,1.552877553e-06
2519483556_2b1632a18c.jpg,1.616149118e-06
2421446839_fe7d46c177.jpg,1.888464509e-06
2364774105_fbaf0c191f.jpg,1.470153808e-06
2432038587_5e4148e277.jpg,1.255825765e-06
3170110692_d1e0e66cee.jpg,1.973343431e-06
3330675488_8692476a4a.jpg,1.437044086e-06
2148013097_6a4f495bc5.jpg,1.77446616e-06
3558796959_fc4450be56.jpg,1.89960983e-06
2975118353_5af5a5df54.jpg,2.265762574e-06
532131603_c82d454c8a.jpg,1.832807337e-06
235074044_c1358888ed.jpg,1.603729304e-06
3430779304_43a2146f4b.jpg,2.130770914e-06
1308472581_9961782889.jpg,2.016997379e-06
136886677_6026c622eb.jpg,1.248800219e-06
2826574228_c63009e473.jpg,1.744681385e-06
2238759450_6475641bdb.jpg,1.820625197e-06
2475300106_b8563111ba.jpg,1.810836471e-06
1579798212_d30844b4c5.jpg,1.918021991e-06
3085667865_fa001816be.jpg,1.739381661e-06
494921598_af73bda568.jpg,2.29426945e-06
3516521516_9950340b96.jpg,1.164745765e-06
2698119128_62b4741043.jpg,2.049499592e-06
2258662398_2797d0eca8.jpg,2.268739008e-06
3497106366_d1a256e723.jpg,1.86916967e-06
2355093195_87fb7f82cb.jpg,1.744381914e-06
2582390123_71120edb0c.jpg,1.371421822e-06
940973925_a2e6d7951c.jpg,1.31048727e-06
561179890_af8e31cb2e.jpg,1.261615559e-06
1303335399_b3facd47ab.jpg,1.707130479e-06
2831578193_3c997ae330.jpg,2.135641684e-06
2479180530_7ebba2d8bf.jpg,2.192242732e-06
3113322995_13781860f2.jpg,2.05895858e-06
1394620454_bf708cc501.jpg,1.957441233e-06
635444010_bd81c89ab7.jpg,1.246008401e-06
3543294190_0037c59607.jpg,1.869114224e-06
531261613_f1a045cd75.jpg,1.531748969e-06
3186527735_6e9fe2cf88.jpg,1.177782425e-06
3127614086_9f1d3cf73d.jpg,1.319905086e-06
3432495898_a5859f06b6.jpg,1.339157702e-06
1184967930_9e29ce380d.jpg,1.539092482e-06
3459492423_c881f12c9f.jpg,1.462108506e-06
2988244398_5da7012fce.jpg,1.975756058e-06
391324644_d23fdf06cb.jpg,1.814636627e-06
3657503733_9888ccf05e.jpg,1.362869125e-06
2511762757_bd0ab0a017.jpg,1.28880076e-06
3038941104_17ee91fc03.jpg,1.384631024e-06
534886684_a6c9f40fa1.jpg,1.743470003e-06
3647446816_bd4383c828.jpg,1.585061746e-06
2888702775_0939a6680e.jpg,1.55366204e-06
3143982558_9e2d44c155.jpg,1.890900424e-06
532914728_c5d8d56b0b.jpg,2.275453535e-06
241347356_8a515555fd.jpg,1.544315815e-06
3361411074_83f27d2a1c.jpg,2.389637999e-06
3332202255_a30c522664.jpg,2.06722303e-06
2393911878_68afe6e6c1.jpg,1.595078838e-06
2998277360_9b4c0192f1.jpg,2.229312566e-06
3571039224_b34fa2f94c.jpg,2.079801582e-06
2715337869_e4fe36db50.jpg,2.231892027e-06
3149919755_f9272b10b3.jpg,1.845670719e-06
2781296531_f6f0f6c0f5.jpg,2.238749077e-06
485054073_fef8b80b4b.jpg,1.706962793e-06
3281580623_8c3ba0fdb2.jpg,2.10092474e-06
186890605_ddff5b694e.jpg,1.646803371e-06
3689975998_72f50b6d91.jpg,1.274034721e-06
489865145_65ea6d1c14.jpg,9.566154503e-07
238512430_30dc12b683.jpg,2.108978218e-06
3135826945_f7c741e5b7.jpg,2.373891218e-06
1079274291_9aaf896cc1.jpg,2.249229082e-06
3619630328_2d0865b6f4.jpg,1.881603842e-06
2896298341_92d718366a.jpg,2.431953155e-06
3430782104_34da558eba.jpg,2.53185327e-06
3171651115_e07b9d08f6.jpg,1.757519569e-06
3667404919_b273df57e4.jpg,1.325540353e-06
2268729848_d418451226.jpg,1.736063057e-06
2355763034_9fb61a8165.jpg,1.636886537e-06
3446586125_cafa0bfd67.jpg,2.042586408e-06
1338523142_57fce8229b.jpg,1.442814895e-06
2788652511_4f10060e07.jpg,1.517621865e-06
2574194729_1f099647ee.jpg,1.726917815e-06
2056041678_d6b5b39b26.jpg,1.569564178e-06
3582914905_f58db879ae.jpg,1.401975693e-06
2462702522_1b25654762.jpg,2.261771111e-06
2067362863_59577f9d4d.jpg,1.229021886e-06
2433175169_da939372f2.jpg,1.926165828e-06
2461616306_3ee7ac1b4b.jpg,1.712661487e-06
2410562803_56ec09f41c.jpg,1.629619675e-06
3214579977_fa9fb006a6.jpg,2.292685388e-06
1236951314_0308dc4138.jpg,1.06112503e-06
136552115_6dc3e7231c.jpg,1.338789219e-06
3650111717_346804ec2f.jpg,1.747044205e-06
2169951750_495820a215.jpg,1.656731598e-06
521658170_a837af87e9.jpg,1.817288344e-06
425518464_a18b87c563.jpg,1.537218083e-06
3231880001_193a579b97.jpg,2.191289755e-06
380515798_c2abbf46b0.jpg,1.380813724e-06
3257103624_e76f25ff9e.jpg,1.314336914e-06
161669933_3e7d8c7e2c.jpg,2.217615492e-06
3041348852_872c027c16.jpg,1.463172577e-06
3487015378_2e90a79f4b.jpg,1.576920729e-06
3150315970_8f045c41a4.jpg,2.373159514e-06
352382023_7605223d1c.jpg,1.85523828e-06
2130986011_47cb05c8c9.jpg,2.206845552e-06
1105959054_9c3a738096.jpg,1.915195553e-06
3547524138_4157f660b0.jpg,1.131336262e-06
3266406566_d64e57e65a.jpg,1.690816799e-06
565605894_8f0bed0438.jpg,2.023204617e-06
3364151356_eecd07a23e.jpg,1.716989087e-06
3258397351_1a70f1993d.jpg,1.98509624e-06
2830869109_c4e403eae6.jpg,1.238099461e-06
306315650_e064f5c677.jpg,1.524224819e-06
3111208043_dbe8e87fa1.jpg,2.346967536e-06
640053014_549d2f23d2.jpg,1.991291746e-06
69710415_5c2bfb1058.jpg,2.185786496e-06
3455757720_7aeba57056.jpg,1.399173259e-06
3294952558_96bb8c8cf3.jpg,1.704592798e-06
2683963310_20dcd5e566.jpg,1.719750992e-06
3397633339_d1ae6d9a0e.jpg,1.569630186e-06
2816259113_461f8dedb0.jpg,1.989355119e-06
3262793378_773b21ec19.jpg,9.206875722e-07
2866686547_0a67eb899d.jpg,2.156949642e-06
2404520067_87798dbaee.jpg,1.545252146e-06
2238166082_140f8b01b8.jpg,2.169816503e-06
3339916063_63b960ed46.jpg,1.778007386e-06
3657209354_cde9bbd2c5.jpg,2.402870581e-06
405534993_5158644f98.jpg,1.64820308e-06
302983277_69a4e732e4.jpg,1.458864675e-06
2893476169_f38dd32051.jpg,1.352904091e-06
1655781989_b15ab4cbff.jpg,1.593451329e-06
1343426964_cde3fb54e8.jpg,2.231421652e-06
3545427060_c16a8b7dfd.jpg,1.687783085e-06
2364096157_eb7970a69a.jpg,2.176743618e-06
197142902_f05ff198c2.jpg,1.66558272e-06
2751466788_4fab701cc3.jpg,1.433458323e-06
404890608_33f138aefa.jpg,1.676246399e-06
3106562372_e349a27764.jpg,2.175215214e-06
292780636_72e1968949.jpg,1.849958507e-06
2216695423_1362cb25f3.jpg,2.120947931e-06
654130822_4aeb1f1273.jpg,1.988894161e-06
3416013671_98b5c75046.jpg,1.400966916e-06
3443460885_46115463b4.jpg,1.35879917e-06
3506468593_7e41a6d9f1.jpg,1.345134896e-06
3249125548_700d874380.jpg,1.718897442e-06
2993388841_6746140656.jpg,2.111009751e-06
2424111022_4e332b8aee.jpg,1.204124494e-06
2962977152_9d6958fdd5.jpg,1.665628265e-06
477204750_d04d111cd4.jpg,1.691496614e-06
2502856739_490db7a657.jpg,2.327091081e-06
535529555_583d89b7f2.jpg,2.220054882e-06
242109387_e497277e07.jpg,1.79903123e-06
2531942624_c3c072064e.jpg,2.150029929e-06
1439046601_cf110a75a7.jpg,1.568906756e-06
3627676364_1dc9294ec5.jpg,2.032921784e-06
3033210806_3ffc0a231a.jpg,2.510008114e-06
542405691_0594b1ce72.jpg,2.166016017e-06
317109978_cb557802e1.jpg,1.121760908e-06
3532539748_795d16ef07.jpg,1.477491543e-06
3599442049_e448c7c9b2.jpg,2.028155758e-06
2999162229_80d17099b6.jpg,2.226221315e-06
2695962887_a1647c567b.jpg,1.922274522e-06
219301553_d2fffe9e0c.jpg,1.45851142e-06
2521983429_33218366bd.jpg,1.056565933e-06
2642474867_4e6346f809.jpg,2.006101417e-06
3533660418_f3a73a257c.jpg,2.370823006e-06
2366643786_9c9a830db8.jpg,1.755670873e-06
3323661814_1e8e1ae88c.jpg,2.362554749e-06
3262386960_14f5d857db.jpg,1.518203635e-06
3362592729_893e26b806.jpg,2.226965316e-06
3278581900_8ce75a5332.jpg,1.835816798e-06
3708172446_4034ddc5f6.jpg,1.684286542e-06
3319177177_130a72b8ae.jpg,1.358945139e-06
2718376488_3c62f7642c.jpg,1.916493006e-06
3420338549_bd78d35243.jpg,1.70454141e-06
2924870944_90ff9eca1a.jpg,1.957297425e-06
2423292784_166ee54e0b.jpg,2.013007918e-06
2081615901_13092cac56.jpg,1.411172044e-06
2595102568_347f6d4b07.jpg,2.263655299e-06
529198549_5cd9fedf3f.jpg,1.909163259e-06
3636543173_15f56515e5.jpg,1.901314482e-06
1335617803_4fbc03dab0.jpg,1.317399188e-06
479807115_3a484fb18b.jpg,1.441243834e-06
3385593926_d3e9c21170.jpg,1.7281955e-06
375171241_0302ad8481.jpg,1.477520635e-06
2244613488_4d1f9edb33.jpg,2.519236106e-06
47870024_73a4481f7d.jpg,1.575334137e-06
3142055158_01b9e4caa4.jpg,1.560366765e-06
3641456303_c50c33337b.jpg,1.619025631e-06
2828583747_8cfb7217af.jpg,1.471599431e-06
3460458114_35037d4d4c.jpg,1.992669889e-06
493109089_468e105233.jpg,2.155579983e-06
3467941308_ae6989e29c.jpg,1.575474313e-06
2906054175_e33af79522.jpg,2.342699095e-06
3106791484_13e18c33d8.jpg,2.152838387e-06
2502782508_2c8211cd6b.jpg,1.502231318e-06
3084711346_fda0f5a3e6.jpg,2.201245648e-06
3421480658_b3518b6819.jpg,2.245904344e-06
3654338683_13b2f95a9a.jpg,1.678775484e-06
2335634931_7e9e8c2959.jpg,4.814412315e-06
3611672054_45edd3e08f.jpg,2.524357585e-06
241374292_11e3198daa.jpg,1.463730131e-06
2587017287_888c811b5a.jpg,1.893176655e-06
319847657_2c40e14113.jpg,2.453102595e-06
3479423813_517e93a43a.jpg,1.982491272e-06
3728256505_7f8db8270d.jpg,1.539952167e-06
502671104_b2114246c7.jpg,2.242454346e-06
3387542157_81bfd00072.jpg,2.049797689e-06
2839789830_89668775a4.jpg,1.92864993e-06
3249062399_0dafe5e4f5.jpg,1.496419118e-06
2441629086_52f68eb316.jpg,1.682417464e-06
2904129133_e6ae5a1ec6.jpg,1.817803715e-06
2994205788_f8b3f2e840.jpg,1.329424628e-06
2612040125_0a93889f06.jpg,1.407261732e-06
2897832422_0cbdb1421e.jpg,2.220955674e-06
3016708786_3591106cca.jpg,1.643548554e-06
2810333931_47fd8dd340.jpg,1.3763788e-06
3467219837_7d62213dec.jpg,2.211199355e-06
3319723910_af5b5f1fae.jpg,2.079697498e-06
3182570190_48214e54c7.jpg,2.151181304e-06
1521623639_4bda3407cc.jpg,1.879943519e-06
2540757246_5a849fbdcb.jpg,1.742876743e-06
2297744130_f571f3a239.jpg,1.796563023e-06
3275704430_a75828048f.jpg,2.279866395e-06
2291485126_b8d41a63f4.jpg,1.860777626e-06
481632457_7372f18275.jpg,1.871819841e-06
2217328285_b1d55c17ca.jpg,1.227132123e-06
3227148358_f152303584.jpg,1.621116633e-06
3440952969_608eb5e42b.jpg,1.447236586e-06
3006094603_c5b32d2758.jpg,1.632811801e-06
2888732432_7e907a3df1.jpg,1.281444722e-06
3532098999_4e07a0a17e.jpg,2.389774339e-06
3534046564_4f8546e364.jpg,2.182984763e-06
382090166_be2c2c63e1.jpg,1.777583524e-06
757046028_ff5999f91b.jpg,1.777962846e-06
2393410666_b8c20fff61.jpg,2.514357094e-06
3147217787_ed21cd4990.jpg,1.439263309e-06
3591457224_88281dd04f.jpg,1.947674744e-06
3313232606_4ce7e16b87.jpg,1.577108811e-06
3636796219_9916c0465a.jpg,2.404383043e-06
2878190821_6e4e03dc5f.jpg,1.843866719e-06
3082934678_58534e9d2c.jpg,1.620996077e-06
2376878930_dd3e7cc544.jpg,2.229538067e-06
3704698586_a42c25d0c1.jpg,1.776055205e-06
3401647850_685c03ffff.jpg,1.375227711e-06
3203707977_cc9448fecb.jpg,1.728701125e-06
267164457_2e8b4d30aa.jpg,1.907190616e-06
124972799_de706b6d0b.jpg,2.004565198e-06
3431671749_e8e3a449ac.jpg,2.241131435e-06
336551609_1385ab139e.jpg,1.733779985e-06
3272071680_648a99f7d2.jpg,1.653743134e-06
2711720095_0b98426d3c.jpg,1.635415251e-06
101654506_8eb26cfb60.jpg,1.717860275e-06
3467510271_0f57e52768.jpg,2.038537212e-06
3271495320_bca47795fb.jpg,1.50228262e-06
2100735137_05c6079537.jpg,1.545243505e-06
1107471216_4336c9b328.jpg,1.97494672e-06
2888408966_376c195b3f.jpg,1.702177448e-06
3087485737_cb09bc80b6.jpg,2.03032349e-06
3359587274_4a2b140b84.jpg,2.17258013e-06
2312746782_4528a5b818.jpg,1.644020441e-06
314603661_51e05e0e24.jpg,1.525172663e-06
3111897772_5211a37a02.jpg,2.118438743e-06
2068960566_21e85ae0dc.jpg,1.628451653e-06
3417788829_cfdbc34d2c.jpg,1.703902207e-06
3516312179_f520469038.jpg,1.425543899e-06
3070485870_eab1a75c6f.jpg,2.255472012e-06
3686924335_3c51e8834a.jpg,1.499021882e-06
561417861_8e25d0c0e8.jpg,1.735256356e-06
3628103548_2708abcda2.jpg,1.839557722e-06
2148695079_9ae6a9b1c7.jpg,2.560985757e-06
2656039837_f46b29af92.jpg,1.727898676e-06
1012212859_01547e3f17.jpg,2.163315379e-06
3503689049_63212220be.jpg,2.047139119e-06
3333826465_9c84c1b3c6.jpg,1.155027969e-06
3349308309_92cff519f3.jpg,1.083722576e-06
2568417021_afa68423e5.jpg,1.837614115e-06
3454355269_6185e29f95.jpg,1.524775542e-06
3013469764_30e84e9a0d.jpg,1.733138603e-06
2866974237_e3c1e267c0.jpg,1.815526922e-06
2061354254_faa5bd294b.jpg,1.940270973e-06
3535664885_c848c0faee.jpg,1.461348916e-06
2849194983_2968c72832.jpg,1.611110465e-06
380590140_25b9889772.jpg,1.297936115e-06
3433567526_00b5a70319.jpg,1.661549462e-06
508929192_670910fdd2.jpg,1.35964507e-06
405970010_8cebaa77d3.jpg,1.842014533e-06
3375534917_62350bd06b.jpg,2.014239e-06
1770036088_08abe4f6e9.jpg,1.977527792e-06
3707077198_efd6aa808d.jpg,1.890766251e-06
3451085951_e66f7f5d5c.jpg,1.551418499e-06
3358621566_12bac2e9d2.jpg,1.17780167e-06
3436395540_63bc8f2fe0.jpg,2.009114672e-06
141140165_9002a04f19.jpg,2.032598369e-06
3106223494_52d4d2d75d.jpg,1.642996792e-06
3275537015_74e04c0f3e.jpg,1.691016337e-06
2453891449_fedb277908.jpg,4.56386438e-06
2931950813_93145c4746.jpg,2.027255194e-06
3639845565_be547c38ba.jpg,1.49520205e-06
3186073578_6e115f45f5.jpg,2.184757679e-06
485566887_57eac33bd1.jpg,2.066548235e-06
3532028205_9ddd7599f8.jpg,1.760056945e-06
3098714492_19939e3b19.jpg,1.751087627e-06
2868575889_2c030aa8ae.jpg,1.431432763e-06
102455176_5f8ead62d5.jpg,2.335002372e-06
3484365373_98d5304935.jpg,1.932334567e-06
295258727_eaf75e0887.jpg,2.229055865e-06
406901451_7eafd7568a.jpg,2.364467725e-06
236095034_c983bdfbbf.jpg,1.743935162e-06
2699426519_228719b1db.jpg,2.074850565e-06
3356494271_6103d0b556.jpg,1.59112793e-06
527288854_f26127b770.jpg,1.768011829e-06
3418504074_083f0bb68d.jpg,2.054909694e-06
3062273350_fd66106f21.jpg,2.033871947e-06
2602306033_2b3100d36b.jpg,1.495140924e-06
3337461409_e4e317853d.jpg,2.353927645e-06
3590593467_be497a6139.jpg,3.375116704e-06
41999070_838089137e.jpg,1.331988872e-06
2774705720_1cb85812dc.jpg,9.341115976e-07
2271671533_7538ccd556.jpg,2.004958598e-06
308487515_7852928f90.jpg,2.130797912e-06
3666188047_e81e1d97a7.jpg,2.025608975e-06
3382303178_69b6d1bdd2.jpg,1.777667795e-06
3033686219_452b172ab0.jpg,1.945589241e-06
3486135177_772628d034.jpg,1.043045983e-06
271637337_0700f307cf.jpg,1.781743725e-06
1795151944_d69b82f942.jpg,2.290724586e-06
3289433994_4c67aab384.jpg,1.80257358e-06
2925242998_9e0db9b4a2.jpg,1.605665738e-06
950273886_88c324e663.jpg,1.887063075e-06
3285298241_9b1ed98d19.jpg,1.840339441e-06
3157220149_cc3c8cc84d.jpg,1.232956688e-06
3609027309_af75f773d9.jpg,1.835445501e-06
299181827_8dc714101b.jpg,1.89272712e-06
3606084228_6286a52875.jpg,1.379888042e-06
862187579_9faf4a51e0.jpg,2.423713145e-06
2609847254_0ec40c1cce.jpg,1.770208782e-06
1253264731_e7c689eca5.jpg,2.209879114e-06
1400424834_1c76e700c4.jpg,1.622593555e-06
2230067846_74046b89d3.jpg,2.073039671e-06
3486324591_9f5eeb24b9.jpg,1.911707981e-06
3019986034_7453777274.jpg,1.193801894e-06
2068465241_3bcabacfd7.jpg,2.416525373e-06
2173061319_1f267765dc.jpg,2.389647165e-06
3730011219_588cdc7972.jpg,2.11256733e-06
2865376471_43c5e6b941.jpg,2.028470345e-06
3004287781_c041c09c16.jpg,1.466136802e-06
459814265_d48ba48978.jpg,1.392866008e-06
1510078253_96e9ec50e7.jpg,1.487320339e-06
384577800_fc325af410.jpg,2.197749593e-06
2124040721_bffc0a091a.jpg,1.863248071e-06
1303548017_47de590273.jpg,9.776094024e-07
2647394564_4843800cff.jpg,2.473316565e-06
3677302645_8cd3fac70d.jpg,1.379184801e-06
1716445442_9cf3528342.jpg,1.215146416e-06
3530843182_35af2c821c.jpg,2.144621967e-06
1397887419_e798697b93.jpg,1.711439828e-06
99171998_7cc800ceef.jpg,1.60786149e-06
2458006588_754c4aa09c.jpg,1.735486851e-06
3718076407_0b4588d7bc.jpg,1.611024151e-06
3567214106_6ece483f8b.jpg,1.552496999e-06
3375843443_8d9b242aa5.jpg,1.697255215e-06
532457586_bddfc5251d.jpg,1.921119671e-06
206087108_d4557d38ee.jpg,1.978222832e-06
494329594_6e751372a0.jpg,1.59256057e-06
2120469056_7a738413be.jpg,1.619364289e-06
2481003841_06086eafc2.jpg,1.800018073e-06
2456907314_49bc4591c4.jpg,1.94876313e-06
3039675864_0b7961844d.jpg,1.346848732e-06
3727740053_3baa94ffcb.jpg,1.70030019e-06
2278776373_fe499a93be.jpg,1.455916976e-06
3564738125_10400f69c0.jpg,2.067113061e-06
3630641436_8f9ac5b9b2.jpg,2.168276486e-06
3569420080_72fbe84751.jpg,1.63375766e-06
378453580_21d688748e.jpg,9.530381198e-07
2294688426_96c8614f1d.jpg,2.118424377e-06
661546153_9d30db6984.jpg,1.965806227e-06
3711030008_3872d0b03f.jpg,1.799473368e-06
3149038044_c7c94688c6.jpg,1.582954795e-06
2411824767_4eb1fae823.jpg,1.7645776e-06
637342973_89f6fac1f7.jpg,2.102138129e-06
3003011417_79b49ff384.jpg,1.590011074e-06
2968216482_ede65b20a8.jpg,1.948249699e-06
963730324_0638534227.jpg,1.645205252e-06
2273028514_d7b584f73d.jpg,2.101294109e-06
3435233065_3411f2d29d.jpg,1.126519809e-06
3356700488_183566145b.jpg,1.72567162e-06
3601508034_5a3bfc905e.jpg,1.865157876e-06
1368383637_614646cc4a.jpg,1.949509695e-06
1527297882_dededc7891.jpg,1.98953796e-06
3314180199_2121e80368.jpg,2.040552619e-06
3273403495_fcd09c453e.jpg,2.377155384e-06
121800200_bef08fae5f.jpg,1.472400782e-06
468918320_9c275b877f.jpg,1.658567441e-06
2868668723_0741222b23.jpg,1.336605058e-06
3450874870_c4dcf58fb3.jpg,1.790961059e-06
2862469183_a4334b904a.jpg,1.647079309e-06
514036362_5f2b9b7314.jpg,2.253224248e-06
2201951969_0d7520d648.jpg,2.485943104e-06
3184206563_5435f2b494.jpg,1.699903195e-06
3192069971_83c5a90b4c.jpg,2.010550106e-06
3051341320_1d0166e775.jpg,1.510967762e-06
2089539651_9e518ec7de.jpg,1.464944558e-06
2623560640_0445c9a138.jpg,1.374475373e-06
2857558098_98e9249284.jpg,1.346994418e-06
1100214449_d10861e633.jpg,1.181394902e-06
2256231539_05c27179f1.jpg,2.15654876e-06
1570723692_3a2b064d43.jpg,1.291204389e-06
2640000969_b5404a5143.jpg,1.557380394e-06
537579448_a7f92cef58.jpg,1.657394517e-06
2949880800_ca9a1bb7e6.jpg,1.520951361e-06
3106026005_473a7b1c8c.jpg,2.028323029e-06
3553374585_25b1bd6970.jpg,1.4369607e-06
942399470_6132d3e5d2.jpg,1.675172265e-06
3638440337_6d5c19a8f0.jpg,2.390540093e-06
1329832826_432538d331.jpg,1.811108843e-06
3597924257_d0da3c5fe6.jpg,1.478870707e-06
667626_18933d713e.jpg,1.420567887e-06
3550763985_800cfee7e4.jpg,2.190075491e-06
3182258223_5b9c8a8c55.jpg,1.702116669e-06
3356642567_f1d92cb81b.jpg,1.473187718e-06
3398788809_25c71ba018.jpg,1.965817065e-06
3560771491_2a18b6241e.jpg,1.410813398e-06
3006217970_90b42e6b27.jpg,2.060795475e-06
3425853460_bfcd0b41f6.jpg,1.664330093e-06
3282925526_535ff9f2b2.jpg,2.107003585e-06
460973814_5eacd1ced4.jpg,1.452122345e-06
397601572_9587a39291.jpg,1.9954984e-06
2585141045_b496a7b7c4.jpg,2.056142183e-06
2827964381_408a310809.jpg,1.279803035e-06
613030608_4355e007c7.jpg,2.31393491e-06
2665586311_9a5f4e3fbe.jpg,1.747315405e-06
2937697444_2367ff0e28.jpg,9.152705184e-07
3561639055_5ac66ae92f.jpg,1.171968524e-06
3141293960_74459f0a24.jpg,1.726902863e-06
3493844822_c315a11275.jpg,2.209816359e-06
3222702477_34d2d24f1f.jpg,1.456543715e-06
3265578645_4044a7049a.jpg,1.758332453e-06
2600386812_8790879d9a.jpg,1.467865435e-06
2974587819_742fb7c338.jpg,1.545331177e-06
1244485675_822e6efe60.jpg,1.678996328e-06
2549968784_39bfbe44f9.jpg,2.177067752e-06
2547785434_f227bd3680.jpg,1.527052262e-06
2968182121_b3b491df85.jpg,2.198157098e-06
2977246776_b14be8290d.jpg,1.448349621e-06
1160441615_fe6b3c5277.jpg,1.017219882e-06
3616808182_fb4eaec778.jpg,1.674276626e-06
2046778775_0dd7cac6ab.jpg,1.82391208e-06
226607225_44d696db6b.jpg,1.508373809e-06
2766926202_4201bf2bf9.jpg,1.237465792e-06
3661659196_6ed90f96c0.jpg,1.937289698e-06
1580172290_e19067e0dd.jpg,1.677356062e-06
1414779054_31946f9dfc.jpg,1.498897199e-06
2884301336_dc8e974431.jpg,1.348135286e-06
1956944011_c5661d3f22.jpg,1.342340129e-06
2785108434_cd4a1c949c.jpg,2.340757067e-06
2865409854_afedf98860.jpg,1.538822223e-06
2510197716_fddca0ac75.jpg,1.934605239e-06
3533775651_9d7e93dacf.jpg,1.305230329e-06
2410320522_d967f0b75c.jpg,2.16125295e-06
95151149_5ca6747df6.jpg,1.99574223e-06
2825668136_107223182c.jpg,1.478693358e-06
3517124784_4b4eb62a7a.jpg,1.449968335e-06
1917265421_aeccf1ca38.jpg,1.318973133e-06
3224560800_8fefd52510.jpg,1.566216966e-06
267162122_c3437414ec.jpg,2.372141954e-06
760138567_762d9022d4.jpg,1.767025995e-06
2937942758_712be5c610.jpg,1.487429751e-06
3240090389_97a8c5d386.jpg,1.785449728e-06
3056569684_c264c88d00.jpg,1.826040208e-06
3216901052_269ace7b3c.jpg,1.562819531e-06
396763804_3b7f1e12a8.jpg,1.744606354e-06
3435653630_3b6cca2c40.jpg,1.273892444e-06
2877088081_7ca408cb25.jpg,1.841110532e-06
3485425825_c2f3446e73.jpg,1.280138157e-06
909191414_1cf5d85821.jpg,1.662724199e-06
2245914678_1f82fc3d80.jpg,1.179378656e-06
2490365757_b869282cb3.jpg,1.468061787e-06
3534548254_7bee952a0e.jpg,2.193703026e-06
3146630574_05d9ebbed1.jpg,2.370914765e-06
1138784872_69ade3f2ab.jpg,1.97688027e-06
2092177624_13ab757e8b.jpg,1.789210818e-06
782401952_5bc5d3413a.jpg,1.415738343e-06
3132760860_3e743a935d.jpg,2.030708704e-06
2130851544_d36f4f2ea6.jpg,1.336670156e-06
2204550058_2707d92338.jpg,2.601185775e-06
2576878141_87f25a10f0.jpg,1.681257775e-06
3732728142_86364a706e.jpg,2.606227174e-06
313326614_b2adbe59e0.jpg,2.359889064e-06
3421547427_53411b6278.jpg,1.640758693e-06
3017521547_f5ef8848e3.jpg,1.622828931e-06
3213622536_31da7f6682.jpg,1.782406041e-06
2646540383_343e1ec9a4.jpg,1.866407029e-06
3057497487_57ecc60ff1.jpg,1.433213041e-06
3380643902_7e0670f80f.jpg,3.473306759e-06
2251447809_2de73afcdf.jpg,1.25810643e-06
505062117_a70b4e10ab.jpg,1.502385261e-06
2840344516_8e15fe2668.jpg,2.33289277e-06
1232148178_4f45cc3284.jpg,1.439297101e-06
1304961697_76b86b0c18.jpg,1.377602241e-06
3154641421_d1b9b8c24c.jpg,1.446460395e-06
1231229740_8dcbf80bfb.jpg,1.541244907e-06
2797511323_bf20acab45.jpg,1.606287769e-06
3256456935_664a7a5bba.jpg,1.557285412e-06
374103842_17873ce505.jpg,1.862067645e-06
3281611946_f42deed2e1.jpg,1.678529061e-06
2778290592_1910bb0431.jpg,1.688266368e-06
3338590946_f25b76cbc7.jpg,1.226658502e-06
3405011838_f81117c99f.jpg,1.136730118e-06
3048211972_db71d104c2.jpg,1.77720976e-06
494792770_2c5f767ac0.jpg,1.399519666e-06
3336682980_1082a66878.jpg,2.147754601e-06
3638992163_a085cc0c24.jpg,1.895725649e-06
3243591844_791cfa62eb.jpg,1.491543272e-06
3456862740_7550bcddc2.jpg,1.669471152e-06
3674168459_6245f4f658.jpg,1.592114356e-06
1330645772_24f831ff8f.jpg,2.304646574e-06
3632225464_612d7b4c0f.jpg,2.064662883e-06
3150659152_2ace03690b.jpg,9.605989935e-07
3631474374_e40764d153.jpg,1.885710902e-06
300594071_3450444752.jpg,2.503349258e-06
2685752892_9d5cd7f274.jpg,1.813210462e-06
2344699642_4fae2f4e07.jpg,1.905896444e-06
2091171488_c8512fec76.jpg,1.710761088e-06
3259992722_4c5e895734.jpg,2.291274893e-06
505944126_f9a6ab8944.jpg,1.453512585e-06
3119913014_688d4997d7.jpg,2.115816828e-06
1267711451_e2a754b4f8.jpg,1.455724493e-06
1836335410_de8313a64e.jpg,1.540601937e-06
3106787167_e5f2312622.jpg,2.102728485e-06
3272541970_ac0f1de274.jpg,1.727699198e-06
3497069793_2d4baf5b4b.jpg,2.196172229e-06
2267682214_e1434d853b.jpg,1.749691768e-06
2929405404_1dff5ab847.jpg,1.610564736e-06
2601612082_4b9be27426.jpg,1.476329116e-06
446514680_ff5ca15ece.jpg,1.682174106e-06
3268908792_c24529fe88.jpg,2.11801863e-06
109823395_6fb423a90f.jpg,1.87984497e-06
2787868417_810985234d.jpg,1.404151199e-06
241347204_007d83e252.jpg,1.748865482e-06
541063419_a5f3672d59.jpg,1.496657747e-06
2562483332_eb791a3ce5.jpg,1.024761833e-06
3021318991_fa28e3bca7.jpg,3.532895895e-06
2199200615_85e4c2a602.jpg,2.114488739e-06
559102835_472ff702b5.jpg,1.231747728e-06
1236964638_1808784a3c.jpg,2.103468702e-06
3241965735_8742782a70.jpg,1.785940107e-06
2426828433_ce894d1c54.jpg,1.769228802e-06
3033825101_44a4390f16.jpg,1.424202287e-06
964197865_0133acaeb4.jpg,2.433364335e-06
3000428313_8a1e65e20e.jpg,1.644148159e-06
3245504245_27931f5ec1.jpg,1.822665215e-06
710878348_323082babd.jpg,1.988433824e-06
3668518431_43abb169eb.jpg,2.014673128e-06
3346711367_5e7b29e20f.jpg,1.834537801e-06
2588625139_fdf6610218.jpg,1.588670466e-06
974924582_10bed89b8d.jpg,1.892252844e-06
134724228_30408cd77f.jpg,1.345020724e-06
466176275_f40d37851e.jpg,1.089771742e-06
2909811789_ed8f3fd972.jpg,1.49967328e-06
2332986053_864db84971.jpg,2.117829407e-06
2464259416_238ef13a2e.jpg,1.523186357e-06
3240048764_acce8af2a5.jpg,1.365833389e-06
3135504530_0f4130d8f8.jpg,1.872908974e-06
3705688385_47651205d3.jpg,1.231452822e-06
3027850131_a7772e0ba0.jpg,1.834143525e-06
2730819220_b58af1119a.jpg,1.934704922e-06
304408047_98bab3ea64.jpg,1.589611607e-06
3357708906_fb3a54dd78.jpg,1.854209492e-06
3490517179_76dbd690de.jpg,1.886628856e-06
3563461991_de05537878.jpg,2.013834316e-06
3244734844_c318c29c23.jpg,2.291597926e-06
3154293126_e52bd07524.jpg,1.783674381e-06
140526326_da07305c1c.jpg,1.535128413e-06
3608663656_9192a21eeb.jpg,1.839390396e-06
3655155990_b0e201dd3c.jpg,1.294877664e-06
861795382_5145ad433d.jpg,1.320627269e-06
3380407617_07b53cbcce.jpg,2.241041715e-06
3325129757_7a1979ac11.jpg,2.288908516e-06
2802337003_56e555cd30.jpg,1.080038857e-06
2095444126_201ff9f222.jpg,2.002824928e-06
280932151_ae14a67be5.jpg,2.2893417e-06
2800934095_b84a5009dd.jpg,1.322498735e-06
2534194182_ac53035cf4.jpg,1.535943621e-06
2579572274_826598b14a.jpg,1.663004128e-06
2826647354_650ff5eb03.jpg,1.774109014e-06
3453284877_8866189055.jpg,2.086064851e-06
3669564923_8fcb1a6eff.jpg,1.587759808e-06
2289096282_4ef120f189.jpg,9.961761657e-07
3708266246_97a033fcc7.jpg,2.354998454e-06
216172386_9ac5356dae.jpg,1.860974991e-06
3359563671_35b67898e7.jpg,2.209088364e-06
3232252882_05db7c2216.jpg,1.802942617e-06
3014773357_f66bd09290.jpg,4.6682502e-06
1980315248_82dbc34676.jpg,1.273410618e-06
3343106500_27176fc544.jpg,1.223459054e-06
3540241710_a4f49cde52.jpg,2.132503912e-06
3317333893_9d0faa8d30.jpg,1.803398648e-06
2937497894_e3664a9513.jpg,9.991217323e-07
2911658792_6a6ef07e3a.jpg,8.914734904e-07
2470486377_c3a39ccb7b.jpg,1.583708439e-06
2534502836_7a75305655.jpg,1.982633996e-06
3612825666_54f5a2bc06.jpg,1.748540886e-06
2623496164_68ffeb5067.jpg,1.693945085e-06
2228167286_7089ab236a.jpg,1.912131267e-06
3128856481_86e5df4160.jpg,2.019511472e-06
2404692474_37da774368.jpg,2.214406292e-06
472661386_723aae880b.jpg,1.658884853e-06
3495490064_8db40a83af.jpg,1.389448269e-06
2882893687_1d10d68f2b.jpg,1.338040134e-06
3677239603_95865a9073.jpg,2.123706492e-06
616177206_0e16c33f6b.jpg,1.773321259e-06
2934837034_a8ca5b1f50.jpg,2.848512527e-06
641893280_36fd6e886a.jpg,1.969373015e-06
2059842472_f4fb61ea08.jpg,2.078834094e-06
1468962616_5803b4397f.jpg,2.072411843e-06
2278766574_f71f1704a8.jpg,1.429201672e-06
3249891874_6a090ef097.jpg,1.423023085e-06
17273391_55cfc7d3d4.jpg,1.313030633e-06
3134387513_ceb75bea0a.jpg,1.661870801e-06
2208055895_37cd8e1edf.jpg,2.092429445e-06
3346614841_698f9aa486.jpg,2.108187118e-06
2346772831_b2748ba1f0.jpg,1.582789695e-06
2709359730_13bca100af.jpg,2.093085335e-06
2069279767_fb32bfb2de.jpg,1.922719435e-06
2330536645_2d36b516e1.jpg,1.962745163e-06
2751694538_fffa3d307d.jpg,1.973701366e-06
3009047603_28612247d2.jpg,1.788128428e-06
3097171315_0ba7d283b1.jpg,1.624785281e-06
2935986346_29df6cf692.jpg,1.367378451e-06
2552816307_c7c8e7f6b4.jpg,2.038837065e-06
2893374123_087f98d58a.jpg,1.758147654e-06
3511890331_6163612bb9.jpg,1.612675498e-06
1177994172_10d143cb8d.jpg,1.625573764e-06
2881468095_d4ce8c0c52.jpg,1.526890294e-06
263522013_d118d46b2d.jpg,7.614570093e-07
2300920203_f29260b1db.jpg,2.131166578e-06
2374179071_af22170d62.jpg,1.771516818e-06
1433577867_39a1510c43.jpg,2.166084807e-06
110595925_f3395c8bd6.jpg,1.809183971e-06
2081446176_f97dc76951.jpg,1.714983318e-06
2759211664_d21393b668.jpg,1.412708375e-06
509778093_21236bb64d.jpg,1.513410742e-06
1771490732_0ab5f029ac.jpg,2.52583473e-06
430173345_86388d8822.jpg,1.67149846e-06
2873648844_8efc7d78f1.jpg,1.801605334e-06
3626689571_5817f99c0e.jpg,2.0428732e-06
3163477256_073605e06e.jpg,1.944482606e-06
3198962089_e647d1b0cd.jpg,1.512977636e-06
2057160636_6e9cf3b5f0.jpg,3.410176503e-06
3624327440_bef4f33f32.jpg,2.400644059e-06
185972340_781d60ccfd.jpg,1.034278467e-06
3393446245_37dd3f3b59.jpg,8.505979959e-07
3679407035_708774de34.jpg,2.144922595e-06
2855417531_521bf47b50.jpg,1.967403677e-06
109202801_c6381eef15.jpg,1.662900153e-06
309238565_2d5d8dc8bf.jpg,1.334944495e-06
367925122_335ed279a8.jpg,1.796702046e-06
2594336381_a93772823b.jpg,8.10206324e-07
3703107969_175da4b276.jpg,2.096979305e-06
2616009069_82561da2e5.jpg,1.391289531e-06
2081141788_38fa84ce3c.jpg,1.185056287e-06
519167484_ee03e2a91e.jpg,2.05871413e-06
2768248810_06d543c080.jpg,1.735586226e-06
58368365_03ed3e5bdf.jpg,2.186703956e-06
3086507638_d8a2cd0ac3.jpg,1.733178821e-06
3239480519_22540b5016.jpg,2.026890957e-06
2167644298_100ca79f54.jpg,2.203241125e-06
2956562716_5aa3f6ef38.jpg,1.183960545e-06
2088120475_d6318364f5.jpg,2.376637616e-06
544257613_d9a1fea3f7.jpg,2.528364049e-06
2076428547_738e0a132f.jpg,1.898026512e-06
3647170476_0fd71a4c9f.jpg,1.498383723e-06
2306674172_dc07c7f847.jpg,1.874862561e-06
354999632_915ea81e53.jpg,2.302583645e-06
138705546_be7a6845dd.jpg,1.368866287e-06
3647693147_0d0434351b.jpg,1.803985978e-06
2085557551_7a88d01d4e.jpg,2.107785067e-06
2263655670_517890f5b7.jpg,1.711243858e-06
574274795_57e0834e7d.jpg,2.889089444e-06
3138433655_ea1d59e5b7.jpg,2.350710188e-06
3677860841_3aa9d8036c.jpg,1.470426789e-06
3544669026_1b5c0e6316.jpg,1.768576311e-06
3317073508_7e13565c1b.jpg,1.720629807e-06
3202360797_2084743e90.jpg,1.855725161e-06
3265527323_6431f00692.jpg,2.079100313e-06
478592803_f57cc9c461.jpg,2.043349992e-06
1332722096_1e3de8ae70.jpg,2.123213612e-06
2650620212_0586016e0d.jpg,2.13405249e-06
2973272684_4d63cbc241.jpg,1.866867667e-06
478208896_90e7187b64.jpg,1.078305855e-06
2818735880_68b3dfe1f5.jpg,1.398555684e-06
3138562460_44227a35cf.jpg,1.721442462e-06
3228793611_8f260ea500.jpg,2.198130918e-06
2390778197_4d9d03d4b9.jpg,1.554755283e-06
319847643_df7c2a1d25.jpg,2.429053826e-06
2923825744_ca125353f0.jpg,2.391158643e-06
3109780402_dbae082dc5.jpg,1.719445284e-06
1479857177_9d4a6f38fd.jpg,2.215073334e-06
3549011001_26cace3646.jpg,1.581129022e-06
493542985_c85ad29ebe.jpg,1.02915048e-06
315125146_d9a8e60061.jpg,2.133209271e-06
3372251830_baa3665928.jpg,2.069798401e-06
2766726291_b83eb5d315.jpg,1.923182678e-06
2676184321_858eff416b.jpg,2.379382843e-06
3553476195_fb3747d7c1.jpg,2.876128069e-06
2632381125_de32bdfdf6.jpg,1.980588904e-06
3561543598_3c1b572f9b.jpg,1.681611389e-06
3565021218_d2bc1aa644.jpg,1.824316193e-06
2943384009_c8cf749181.jpg,1.302193231e-06
3708244207_0d3a2b2f92.jpg,1.968479846e-06
2615811117_42b1838205.jpg,1.916795341e-06
2959941749_fa99097463.jpg,1.664917322e-06
3467282545_273a97b628.jpg,2.055548394e-06
1131932671_c8d17751b3.jpg,2.408464394e-06
269898095_d00ac7d7a4.jpg,1.281749524e-06
3528105511_12ff45dc9c.jpg,2.202527352e-06
140526327_3cb984de09.jpg,1.902382269e-06
2187720319_112d00f07d.jpg,1.442181953e-06
3652859271_908ae0ae89.jpg,1.857391235e-06
1034276567_49bb87c51c.jpg,2.368943744e-06
3573202338_f43dd22d28.jpg,2.003178742e-06
1479679558_d0a01bc62b.jpg,1.122667919e-06
3605100550_01214a1224.jpg,1.439044639e-06
233361142_d9d5f0cae9.jpg,1.57214267e-06
2965604928_435dc93bf7.jpg,1.449819609e-06
2613021139_4b0dc3d4c8.jpg,2.485978016e-06
3463922449_f6040a2931.jpg,2.510082438e-06
3057770908_3fd97f79f9.jpg,1.856237621e-06
2293149170_38fb2257ea.jpg,1.778098977e-06
854333409_38bc1da9dc.jpg,1.005450814e-06
1348957576_c4a78eb974.jpg,1.571352421e-06
262439544_e71cd26b24.jpg,9.861031402e-07
925491651_57df3a5b36.jpg,2.23302069e-06
2250555512_71670078f5.jpg,2.974465449e-06
3485816074_363cab4bff.jpg,1.576595627e-06
3245266444_2e798096e6.jpg,2.376832956e-06
2278110011_ba846e7795.jpg,1.366438514e-06
2640153227_57cf1a3d92.jpg,1.390462066e-06
3596459539_a47aa80612.jpg,1.73146593e-06
2994179598_a45c2732b5.jpg,1.84416726e-06
1332823164_c70a5d930e.jpg,1.632738063e-06
241347067_e58d05dbdc.jpg,2.211656412e-06
3042381160_ffe2b16808.jpg,1.466698205e-06
2348491126_30db0d46ef.jpg,2.213487696e-06
2944952557_8484f0da8f.jpg,1.240874913e-06
2584957647_4f9235c150.jpg,2.46498159e-06
2718495608_d8533e3ac5.jpg,1.691283257e-06
608257195_6ec6f48e37.jpg,1.289046284e-06
241345427_ece0d186c2.jpg,2.301114946e-06
3110614694_fecc23ca65.jpg,2.393579417e-06
3382679230_baef3d1eaa.jpg,1.845065379e-06
3051998298_38da5746fa.jpg,1.859890852e-06
3211199368_ca78387f72.jpg,1.621124665e-06
3274691778_94bb57bba3.jpg,1.60642688e-06
3357194782_c261bb6cbf.jpg,2.132436771e-06
2603792708_18a97bac97.jpg,2.004334866e-06
489065557_0eb08889cd.jpg,1.293793128e-06
2268601066_b018b124fd.jpg,1.8984601e-06
3163068926_d28ed3ef53.jpg,2.055185413e-06
3697675767_97796334e4.jpg,1.531857484e-06
2907073768_08fd7bdf60.jpg,1.10336635e-06
2346629210_8d6668d22d.jpg,1.915790912e-06
3060594966_030658d318.jpg,1.878615558e-06
2083434441_a93bc6306b.jpg,1.798035666e-06
2677656448_6b7e7702af.jpg,2.167613141e-06
460478198_83039f2593.jpg,1.1640543e-06
452416075_60b2bb5832.jpg,2.007832488e-06
3166578139_33500f7e8a.jpg,1.928094638e-06
3319899418_4bcf1b00d8.jpg,2.209814334e-06
368954110_821ccf005c.jpg,1.019230922e-06
843616798_5ab0ecb525.jpg,1.931307856e-06
1313693129_71d0b21c63.jpg,1.477344538e-06
2077079696_03380d218b.jpg,2.034723861e-06
2477121456_1ac5c6d3e4.jpg,2.00810407e-06
385186343_464f5fc186.jpg,2.458532531e-06
3184891327_8785194e3c.jpg,1.286175102e-06
934375844_dd149fed18.jpg,2.255032953e-06
746787916_ceb103069f.jpg,1.805055691e-06
2753531542_ace2c870b7.jpg,1.506973567e-06
3036596725_541bbe0955.jpg,2.378990224e-06
3531811969_49af4c22f0.jpg,1.850295012e-06
3537452619_3bd79f24e0.jpg,1.875955862e-06
537628742_146f2c24f8.jpg,1.963768739e-06
3584196366_a4b43d6644.jpg,1.862238542e-06
3520617304_e53d37f0af.jpg,1.992063479e-06
460195978_fc522a4979.jpg,1.785820689e-06
2723929323_70b93a74ea.jpg,2.117230598e-06
1119015538_e8e796281e.jpg,1.719919475e-06
3251460982_4578a568bb.jpg,2.048432626e-06
3384742888_85230c34d5.jpg,1.508017376e-06
2102360862_264452db8e.jpg,2.138271736e-06
433855742_c2a6fda763.jpg,1.294519748e-06
2834103050_512e5b330a.jpg,1.174220446e-06
2542037086_58c833699c.jpg,1.279480536e-06
2775744946_1ab5d500a2.jpg,1.964461557e-06
3139876823_859c7d7c23.jpg,1.632688249e-06
2477623312_58e8e8c8af.jpg,1.766688473e-06
3044359043_627488ddf0.jpg,1.803140956e-06
1984936420_3f3102132b.jpg,1.716003493e-06
3692836015_d11180727b.jpg,1.769891358e-06
2932498509_27cb0038ec.jpg,1.706492596e-06
3556598205_86c180769d.jpg,1.933826294e-06
189721896_1ffe76d89e.jpg,1.751548634e-06
3700004668_99c3e3f55b.jpg,1.908157294e-06
3690431163_1d81e19549.jpg,1.610338574e-06
3372167201_f7f909d480.jpg,1.417165069e-06
350529848_9569a3bcbc.jpg,2.187087245e-06
311267421_e204e643cf.jpg,1.362465351e-06
3081330705_7a1732e12c.jpg,1.609624338e-06
3383037991_8f07784b81.jpg,1.885534755e-06
3557148230_7fc843e5de.jpg,1.559117877e-06
358114269_96fdb5f7c3.jpg,2.282995424e-06
272988646_1588bde6a8.jpg,1.724111415e-06
1472053993_bed67a3ba7.jpg,2.015011996e-06
2422302286_385725e3cf.jpg,2.113364881e-06
2720985888_8f5920e8cf.jpg,2.421914559e-06
3215315009_47577bf8f7.jpg,1.670824922e-06
3050976633_9c25cf6fa0.jpg,1.969258474e-06
3323076458_3ce72a1dae.jpg,1.90180786e-06
3372215826_b3e6403b2e.jpg,2.486628791e-06
3547704737_57d42d5d9d.jpg,1.726035968e-06
1339596997_8ac29c1841.jpg,1.28576644e-06
3360876049_9047edeab9.jpg,1.300689895e-06
2698487246_e827404cac.jpg,1.992718771e-06
3381161854_af8b05243c.jpg,1.87565474e-06
2970183443_accd597e0a.jpg,1.849809465e-06
1433142189_cda8652603.jpg,2.152879805e-06
836828001_af98d16256.jpg,1.681780636e-06
2991771557_d98fa0a69f.jpg,1.716393697e-06
468310111_d9396abcbd.jpg,1.567023387e-06
3472485022_5d03e9852d.jpg,1.445022456e-06
327415627_6313d32a64.jpg,1.438675626e-06
3337046794_296bd2c7e0.jpg,1.135997203e-06
3710468717_c051d96a5f.jpg,1.391546893e-06
3343900764_2a4c0405f9.jpg,1.05172217e-06
2298077331_f9a1488067.jpg,1.40064796e-06
3263946591_a1558b77d3.jpg,1.201892339e-06
3251646144_d9f4ccca3f.jpg,7.57272364e-07
811663364_4b350a62ce.jpg,1.959725925e-06
397547349_1fd14b95af.jpg,1.385568919e-06
1998255400_0cd086908f.jpg,2.275033503e-06
537222436_ab406234ce.jpg,2.193636866e-06
284279868_2ca98e3dcd.jpg,1.466283753e-06
3451345621_fe470d4cf8.jpg,1.251785712e-06
3091382602_60b9b53ed1.jpg,1.918513943e-06
98377566_e4674d1ebd.jpg,1.011495815e-06
2524084967_a5e011b73d.jpg,2.224628399e-06
1402641725_5e027ecaa7.jpg,2.12243703e-06
3535879138_9281dc83d5.jpg,1.223832345e-06
536828916_b763b82949.jpg,2.012069204e-06
3560726559_4c4bed9f2d.jpg,1.966583261e-06
544576742_283b65fa0d.jpg,1.691730435e-06
436013859_793d870b6f.jpg,1.17519673e-06
1643915227_9f48068772.jpg,1.155607566e-06
506412121_67ecc7ec05.jpg,3.950214332e-06
274313927_404d0e94ab.jpg,1.080166937e-06
523249012_a0a25f487e.jpg,1.192024977e-06
1131804997_177c3c0640.jpg,1.673932591e-06
2412390588_a89cab30f4.jpg,1.695296225e-06
2074244690_82e30ff44b.jpg,2.152257695e-06
2458269558_277012780d.jpg,2.051274378e-06
2975073156_7543ed326f.jpg,2.251795128e-06
3026102616_3cf350af9e.jpg,1.999170716e-06
3687222696_85bf6f78f7.jpg,1.716034263e-06
3343311201_eeb1a39def.jpg,1.529631842e-06
2524003134_580e74328b.jpg,2.106586398e-06
3251976937_20625dc2b8.jpg,2.288347584e-06
2978394277_4572967b97.jpg,1.597118687e-06
2049646140_d0de01e3c4.jpg,1.689485808e-06
2899089320_3e7f6bbaca.jpg,2.167981474e-06
3086526292_f799d237c7.jpg,1.208646983e-06
3455419642_894d03f153.jpg,2.02889741e-06
386470686_1ae9242878.jpg,1.090882073e-06
2805822564_6dee48e506.jpg,2.226820308e-06
3231596071_f0c522a639.jpg,2.071714544e-06
2586532797_dcf22a5021.jpg,1.492647895e-06
1468429623_f001988691.jpg,1.709651187e-06
3454149297_01454a2554.jpg,2.136997087e-06
2533414541_362bf043bb.jpg,1.646190723e-06
2456615908_59cdac6605.jpg,1.392751555e-06
3276475986_66cd9cc7e4.jpg,1.405650097e-06
2665264979_df9c284bf8.jpg,1.147041617e-06
566794036_60f7acdf35.jpg,1.62151259e-06
2735290454_1bd8bc5eac.jpg,2.525457889e-06
1428681303_04213524e3.jpg,1.621785106e-06
241347580_a1e20321d3.jpg,2.242025301e-06
2933912528_52b05f84a1.jpg,1.322861859e-06
326456451_effadbbe49.jpg,2.111908736e-06
2405978603_6221b0c2e7.jpg,2.331663759e-06
3126981064_1e803c3d7f.jpg,1.481803654e-06
405331006_4e94e07698.jpg,8.197666482e-07
1522787272_5a31497ef2.jpg,1.978594863e-06
475042270_719ebe6c48.jpg,1.523420492e-06
3422146099_35ffc8680e.jpg,2.295846425e-06
330849796_c575c3108a.jpg,1.99288668e-06
449287870_f17fb825d7.jpg,1.298055681e-06
3097776588_312932e438.jpg,2.339104089e-06
2911245290_b2c79f328a.jpg,1.764802967e-06
1957371533_62bc720bac.jpg,1.79230128e-06
3671262694_29fbeb9d95.jpg,1.427069434e-06
2495394666_2ef6c37519.jpg,1.199349634e-06
2887614578_ed7ba21775.jpg,1.720066386e-06
2557972410_6925fe695c.jpg,1.55435429e-06
3126752627_dc2d6674da.jpg,1.222347469e-06
157139628_5dc483e2e4.jpg,1.984220581e-06
3690159129_93ba49ea18.jpg,2.073739858e-06
2249480913_e1695e5c28.jpg,1.786744744e-06
3652584682_5b5c43e445.jpg,1.740552551e-06
3246773992_89bf86937b.jpg,1.518517878e-06
2987576188_f82304f394.jpg,1.404328997e-06
2393264648_a280744f97.jpg,3.904083449e-06
2644920808_f5a214b744.jpg,2.414125932e-06
3062173277_bfb5ef4c45.jpg,1.311789163e-06
431410325_f4916b5460.jpg,2.059403402e-06
103205630_682ca7285b.jpg,4.057676951e-06
2337377811_8c81b40a64.jpg,1.472470335e-06
3259110412_9908c45144.jpg,1.340915227e-06
2322334640_d4d22619ff.jpg,1.553979576e-06
3466353172_deb128bbb0.jpg,2.330560077e-06
3636126441_5617c89aaa.jpg,1.437432068e-06
3406409018_03de95181e.jpg,1.308510332e-06
3226254560_2f8ac147ea.jpg,1.947684526e-06
3610189629_f46de92ab3.jpg,2.2543513e-06
2242863004_3a9f82a31f.jpg,1.273175622e-06
2554570943_122da6438f.jpg,1.998559959e-06
2333288869_8c01e4c859.jpg,1.70910201e-06
3457315666_b943111dec.jpg,5.020874078e-06
2955673642_4279b32097.jpg,1.523667162e-06
1527333441_af65636a74.jpg,1.889772151e-06
2180356743_b3a3c9a7f6.jpg,2.002818925e-06
2198964806_c57b0534d3.jpg,7.037886051e-07
3515904775_f8acc5909e.jpg,1.902116313e-06
246094557_e174a5914f.jpg,1.820400793e-06
427167162_2c99779444.jpg,2.185181604e-06
427082246_5bf1c3676f.jpg,1.160257897e-06
339658315_fbb178c252.jpg,1.512121937e-06
3411579899_0f8ed09142.jpg,1.712642302e-06
3701249979_8bc757e171.jpg,1.975863393e-06
2764178773_d63b502812.jpg,1.516201696e-06
401476986_73918145a3.jpg,2.520893241e-06
3631810528_7233c0f421.jpg,1.653416981e-06
2755952680_68a0a1fa42.jpg,2.04730405e-06
3606846822_28c40b933a.jpg,2.14210139e-06
684255145_db3f8e3e46.jpg,2.542636083e-06
3113682377_14fc7b62b0.jpg,1.689767237e-06
3334537556_a2cf4e9b9a.jpg,1.339251685e-06
464506846_1734302b58.jpg,1.578019169e-06
3156113206_53c2a7b5d8.jpg,7.509522702e-07
2218334049_e649dbdb1a.jpg,1.692852241e-06
1087539207_9f77ab3aaf.jpg,1.671305867e-06
805682444_90ed9e1ef3.jpg,9.809628211e-07
3154152744_4e93ec8a62.jpg,1.711369701e-06
3641999223_942f8198cc.jpg,1.579486266e-06
2934325103_e9b8d7430f.jpg,1.556443844e-06
3301935788_2bb7bbc515.jpg,2.124695628e-06
2929669711_b2d5a640f0.jpg,1.976088885e-06
2478929971_9eb6c074b6.jpg,1.227832053e-06
1476241331_2f43b67aed.jpg,1.198569744e-06
2480021389_dda9fb2818.jpg,2.176548018e-06
2921430836_3b4d062238.jpg,2.049859534e-06
3245939062_8ffe1d2be5.jpg,1.814181006e-06
2489602993_896c1ea40a.jpg,2.062198841e-06
3134387321_3a253224c1.jpg,1.571684193e-06
1056873310_49c665eb22.jpg,9.711109318e-07
862054277_34b5a6f401.jpg,1.976570357e-06
3621177753_1718c30ea0.jpg,1.415750771e-06
2097489021_ca1b9f5c3b.jpg,2.227058615e-06
3079786914_fe598b0e54.jpg,2.105791731e-06
3107368071_724613fc4f.jpg,1.75194749e-06
1358892595_7a37c45788.jpg,1.966494803e-06
3018467501_a03d404413.jpg,1.921956112e-06
477768471_d7cd618fdb.jpg,2.241953457e-06
3275527950_41aca690a1.jpg,2.050099667e-06
2866696346_4dcccbd3a5.jpg,2.38179157e-06
2814406547_a237ef0122.jpg,1.571071633e-06
3593556797_46b49a02a8.jpg,2.222043083e-06
3512033861_a357bb58b6.jpg,1.550874689e-06
2196284168_76417efbec.jpg,2.666833343e-06
3218480482_66af7587c8.jpg,1.349003119e-06
159712188_d530dd478c.jpg,1.353003678e-06
3348384389_73b6647017.jpg,2.376543704e-06
701816897_221bbe761a.jpg,1.909506437e-06
3119903318_d032141839.jpg,2.24891443e-06
3711664623_ef87105ea7.jpg,1.750471676e-06
3353328134_dd9ed0edab.jpg,1.197407238e-06
3014080715_f4f0dbb56e.jpg,1.512101831e-06
2731171552_4a808c7d5a.jpg,1.850089893e-06
3111502208_71e2a414f5.jpg,1.020220261e-06
1348113612_5bfc5f429e.jpg,1.667515852e-06
3306464579_1b16a0caf2.jpg,1.851045222e-06
3648988742_888a16f600.jpg,2.168763065e-06
2234702530_a265a4df22.jpg,2.002377626e-06
947969010_f1ea572e89.jpg,1.752226453e-06
305199420_89f6ddd778.jpg,1.649387492e-06
2887750774_920eb171aa.jpg,1.806732792e-06
3039209547_81cc93fbec.jpg,3.985134524e-06
405537503_f66ecc5073.jpg,1.691606164e-06
2473791980_805c819bd4.jpg,1.6842943e-06
480607352_65614ab348.jpg,1.934559676e-06
3314517351_69d70e62bd.jpg,1.528150831e-06
241345446_2e47ae8ddc.jpg,2.558251518e-06
3330935489_9cb67ca36b.jpg,9.630901728e-07
482088914_e6ea4501e9.jpg,1.570350841e-06
1449692616_60507875fb.jpg,1.761780057e-06
3386953179_84c2d7922f.jpg,1.742373303e-06
56489627_e1de43de34.jpg,1.376657348e-06
957230475_48f4285ffe.jpg,2.078943462e-06
134894450_dadea45d65.jpg,1.102117274e-06
278002947_3fd22a2cb6.jpg,1.032450949e-06
3421104520_6a71185b3c.jpg,1.934636035e-06
241346260_f50d57b517.jpg,2.123462408e-06
3371533654_73a12a35a4.jpg,1.961285776e-06
1022454428_b6b660a67b.jpg,1.83261168e-06
3652764505_87139e71f8.jpg,1.890679147e-06
2916586390_664f0139ea.jpg,1.860550003e-06
181777261_84c48b31cb.jpg,1.869634329e-06
3349451628_4249a21c8f.jpg,1.114500821e-06
3108378861_d2214d971e.jpg,1.60904149e-06
1348304997_afe60a61df.jpg,1.065740833e-06
3268407162_6274e0f74f.jpg,1.417825723e-06
503794526_603a7954d3.jpg,8.539404612e-07
2689163361_4939875be5.jpg,1.361749734e-06
956164675_9ee084364e.jpg,1.822985435e-06
2063277300_f7ff476914.jpg,1.727121134e-06
3028404926_2bd27e3e83.jpg,1.95011823e-06
393987665_91d28f0ed0.jpg,1.397072244e-06
2635905544_dbc65d0622.jpg,1.332932498e-06
3170802797_3c851bb475.jpg,1.89176981e-06
496129405_b9feeda1ab.jpg,1.610242577e-06
464527562_a18f095225.jpg,1.620907224e-06
1342766791_1e72f92455.jpg,1.980829017e-06
264928854_d9e61f3a8e.jpg,1.05338288e-06
333973142_abcd151002.jpg,1.371624815e-06
3629492654_619d7b67ee.jpg,9.636621645e-07
1921398767_771743bf4e.jpg,1.587802104e-06
242558556_12f4d1cabc.jpg,2.561537039e-06
2439813616_c9ac54cc9f.jpg,1.651977917e-06
2144049642_070cf541b4.jpg,1.469511606e-06
3375920709_ef7370fa09.jpg,2.419174427e-06
2537119659_fa01dd5de5.jpg,1.667173464e-06
3635177305_bfbe1fc348.jpg,1.723792722e-06
3361210233_962d630ec5.jpg,1.519155229e-06
3532192208_64b069d05d.jpg,2.420127853e-06
516725192_c9cdd63878.jpg,2.667347717e-06
2860372882_e0ef4131d4.jpg,2.293489188e-06
3632258003_6a0a69bf3a.jpg,1.534629023e-06
1311132744_5ffd03f831.jpg,2.494351409e-06
2754898893_95239c1f19.jpg,1.814267151e-06
1452361926_6d8c535e32.jpg,2.029481225e-06
3487419819_e3f89444ce.jpg,2.208647855e-06
2824922268_3fafb64683.jpg,1.448797614e-06
3474985382_26e1560338.jpg,1.798240634e-06
3381038951_225bb163af.jpg,1.913940768e-06
2470588201_955132a946.jpg,2.409364249e-06
2975018306_0e8da316f5.jpg,2.280311553e-06
2949762776_52ece64d28.jpg,1.98240691e-06
2482629385_f370b290d1.jpg,1.374979611e-06
2993167183_2bda95fa3d.jpg,1.674689867e-06
2328106090_b7c2725501.jpg,1.847469376e-06
1322323208_c7ecb742c6.jpg,2.174721176e-06
2578003921_e23b78e85f.jpg,1.142562298e-06
3321334180_8f764e0e0f.jpg,1.67904232e-06
3373544964_c9f1253b7d.jpg,1.574669098e-06
444881000_bba92e585c.jpg,1.822565955e-06
236518934_c62a133077.jpg,2.00858141e-06
3295418287_5d590dac43.jpg,1.679401685e-06
3138746531_f6b816c126.jpg,1.610392029e-06
2971431335_e192613db4.jpg,2.310274565e-06
3199460792_deef518c01.jpg,2.236335846e-06
1082379191_ec1e53f996.jpg,1.9609129e-06
2921670682_6a77a6c3e9.jpg,1.495906895e-06
2393971707_bce01ae754.jpg,1.760609573e-06
241345905_5826a72da1.jpg,2.393844741e-06
3467843559_a457ce37b6.jpg,1.466554564e-06
2561334141_0aacefa5e7.jpg,2.337333602e-06
3662963630_8f097e38d4.jpg,2.133864247e-06
3498417123_3eae6bbde6.jpg,1.375201132e-06
2156131463_5b53636cf0.jpg,2.085075868e-06
749840385_e004bf3b7c.jpg,2.418842805e-06
334737767_7f344eee16.jpg,2.406147667e-06
640203018_c0e7175831.jpg,1.59736223e-06
3323514651_3efdbd63ed.jpg,1.420860311e-06
1007320043_627395c3d8.jpg,1.625995006e-06
2185793891_5a5e903ca6.jpg,2.284684332e-06
2692635048_16c279ff9e.jpg,8.312948008e-07
2842439618_fb20fe2215.jpg,2.204574758e-06
2308271254_27fb466eb4.jpg,1.506834318e-06
2326879311_555ebef188.jpg,1.997911437e-06
2561341745_2d77d3ff7d.jpg,2.079009088e-06
2506892928_7e79bec613.jpg,1.007486555e-06
1164765687_7aca07bbe7.jpg,1.887519393e-06
3345025842_bc2082a509.jpg,1.621623137e-06
827941668_2e4ac6cb39.jpg,1.483742506e-06
344078103_4b23931ce5.jpg,1.938475365e-06
408748500_e8dc8c0c4f.jpg,2.139920662e-06
2085403342_a17b0654fe.jpg,1.140258102e-06
2501942587_e59b91d1da.jpg,1.379328423e-06
3025438110_40af7e6a80.jpg,1.442644187e-06
977856234_0d9caee7b2.jpg,2.284519658e-06
3118425885_f0cc035032.jpg,1.891127731e-06
3694991841_141804da1f.jpg,1.287667707e-06
3165826902_6bf9c4bdb2.jpg,1.70898226e-06
3532194771_07faf20d76.jpg,2.277536453e-06
3156406419_38fbd52007.jpg,2.469194877e-06
2797188545_aeb26c54c0.jpg,1.141754989e-06
3480052428_c034b98a08.jpg,1.747648204e-06
3207343907_995f7ac1d2.jpg,1.455417417e-06
3367053761_8ec5834bf3.jpg,1.87295028e-06
297285273_688e44c014.jpg,1.382851954e-06
3326273086_e09e845185.jpg,1.263958101e-06
2534652796_c8a23288ab.jpg,1.401949475e-06
3549140234_e99b07c739.jpg,2.204494564e-06
708945669_08e7ffb9a7.jpg,1.116913887e-06
2885382946_f541ea5722.jpg,1.581806524e-06
489773343_a8aecf7db3.jpg,2.09131753e-06
27782020_4dab210360.jpg,1.398902541e-06
2537197415_af7c30dfc8.jpg,1.898402576e-06
2608289957_044849f73e.jpg,1.825428589e-06
3284460070_6805990149.jpg,1.469247748e-06
1818403842_553a2a392c.jpg,2.145886347e-06
2437266971_b91a8f9a00.jpg,1.054196771e-06
3427118504_93126c83e0.jpg,1.826873518e-06
3195147187_a073d59fa8.jpg,2.339621704e-06
1449625950_fc9a8d02d9.jpg,8.915079182e-07
2165677531_e1d5e086f7.jpg,1.534371451e-06
781118358_19087c9ec0.jpg,1.842320631e-06
454709143_9c513f095c.jpg,1.332867715e-06
987907964_5a06a63609.jpg,2.207006343e-06
386655611_1329495f97.jpg,1.466872641e-06
859620561_de417cac1e.jpg,2.002154638e-06
944788251_a0bcd4b960.jpg,1.342908302e-06
3004359992_f6b3617706.jpg,2.489561863e-06
3295680663_af21ea648b.jpg,1.883132055e-06
2541701582_0a651c380f.jpg,1.597871575e-06
219843859_94b6d0a580.jpg,1.839535711e-06
242064301_a9d12f1754.jpg,1.747207542e-06
246901891_4c4ea49c3a.jpg,1.574777012e-06
446291803_2fd4641b99.jpg,1.537326883e-06
3178371973_60c6b8f110.jpg,2.159628768e-06
388386075_9ac3a89ada.jpg,2.359633501e-06
374124237_51f62b6937.jpg,2.165016816e-06
2971298546_dd595cf297.jpg,1.594655992e-06
3187117682_986ffd6b67.jpg,1.97249589e-06
3134092148_151154139a.jpg,2.044812306e-06
3542484764_77d8920ec9.jpg,1.520043522e-06
1107246521_d16a476380.jpg,1.58943556e-06
3490186050_4cb4193d4d.jpg,2.285605523e-06
2298661279_016d87ba2f.jpg,1.691992234e-06
3694093650_547259731e.jpg,1.66848719e-06
2615623392_ab2b9759ae.jpg,2.131905574e-06
1428578577_82864facae.jpg,2.153714292e-06
3093971101_543237971d.jpg,2.15727476e-06
3280173193_98c2d6a223.jpg,1.874013795e-06
2284894733_b710b9b106.jpg,1.490376299e-06
2947172114_b591f84163.jpg,9.996161534e-07
742073622_1206be8f7f.jpg,1.426736635e-06
3122938209_2b2c6c1fab.jpg,1.679605814e-06
2698197294_ccd9327ef6.jpg,1.502348049e-06
2934000107_d2ff15c814.jpg,2.119976227e-06
2819254573_9ecb5f4d5e.jpg,1.767903314e-06
3095137758_bdd1e613dd.jpg,1.671289684e-06
3462396164_ba9849c14b.jpg,1.446611204e-06
495014499_8fd065cfd9.jpg,1.443678582e-06
2422482455_b98d9c2120.jpg,1.72077211e-06
1240297429_c36ae0c58f.jpg,3.890856192e-06
820169182_f5e78d7d19.jpg,2.400091166e-06
2207244634_1db1a1890b.jpg,2.252794537e-06
3463034205_e541313038.jpg,1.396295868e-06
1117972841_2b9261f95f.jpg,1.680136749e-06
2908512223_7e27631ed4.jpg,1.588720826e-06
2097407245_c798e0dcaf.jpg,1.378793184e-06
3383491811_fd9d3a891d.jpg,2.415214149e-06
3549408779_4d453db080.jpg,1.871642695e-06
3215117062_6e07a86352.jpg,1.863696577e-06
3173157541_70b16b4318.jpg,2.104866296e-06
3632047678_f202609e50.jpg,1.816056885e-06
2964438493_413667c04a.jpg,1.558961755e-06
2769731772_18c44c18e2.jpg,1.486777709e-06
3351493005_6e5030f596.jpg,1.554007774e-06
3727752439_907795603b.jpg,1.880390098e-06
247778426_fd59734130.jpg,2.212002211e-06
1357753846_6185e26040.jpg,1.883647025e-06
3382105769_b1a4e4c60d.jpg,1.54566217e-06
225909073_25c3c33a29.jpg,2.057730955e-06
3533145793_5d69f72e41.jpg,1.22864181e-06
2978810122_183e60ff2d.jpg,2.259132388e-06
455856615_f6361d9253.jpg,1.707292728e-06
3286543624_7a327f79ae.jpg,2.319124269e-06
2574084102_f2be3f73cb.jpg,2.505727327e-06
3336065481_2c21e622c8.jpg,1.01006469e-06
3254662117_b2e7dede6e.jpg,2.478514951e-06
1397923690_d3bf1f799e.jpg,1.808032025e-06
3690107455_0fdb4ecee7.jpg,1.94657839e-06
3334866049_f5933344aa.jpg,1.811814173e-06
2319197581_94f807b204.jpg,1.704451862e-06
2787276494_82703f570a.jpg,1.420143111e-06
2707244524_d57120d74a.jpg,1.281255415e-06
3217910740_d1d61c08ab.jpg,2.295134275e-06
3537201804_ce07aff237.jpg,1.632248438e-06
946051430_8db7e4ce09.jpg,1.800247196e-06
561179884_8b6b925ef9.jpg,1.262997555e-06
2613993276_3c365cca12.jpg,2.304050161e-06
300765528_8c8f709dda.jpg,2.079296336e-06
2244024374_54d7e88c2b.jpg,2.003598733e-06
2527713011_b0ec25aa54.jpg,1.822093722e-06
3343197133_9256848fa9.jpg,2.284166948e-06
3668259129_e073af1533.jpg,2.169698905e-06
3510219078_670b6b3157.jpg,2.433498735e-06
3303787342_b258b377b6.jpg,1.580419332e-06
3219210794_4324df188b.jpg,1.395357599e-06
3063544435_10516c6937.jpg,1.596858684e-06
3100442775_6e2659b973.jpg,1.864231316e-06
3118505332_b0792489b5.jpg,2.361337317e-06
3595412126_4020d4643b.jpg,1.895747433e-06
3457604528_302396c08c.jpg,1.544723745e-06
3585488964_1467945775.jpg,1.923947711e-06
2277299634_e14bdb7ff7.jpg,2.47014764e-06
3259231890_16fe167b31.jpg,2.008079814e-06
2826769554_85c90864c9.jpg,1.557813619e-06
822836318_21544f0f78.jpg,2.195811809e-06
3396817186_b299ee0531.jpg,1.346830046e-06
3553225222_f5ebe44af1.jpg,2.122901216e-06
2424976964_98f58a0618.jpg,1.98432694e-06
2165461920_1a4144eb2b.jpg,2.083100849e-06
2693539377_5442430f81.jpg,1.78922716e-06
3400135828_0ac128b6eb.jpg,2.11497583e-06
2825483885_3f7c54db3e.jpg,1.846221279e-06
2880051254_e0ca96b6be.jpg,1.468300452e-06
3046431231_dc48851062.jpg,1.465164572e-06
263850317_5bb3a18a08.jpg,2.458509166e-06
3687996569_99163a41c3.jpg,1.623862402e-06
2578161080_e007c9177a.jpg,1.372323896e-06
224702242_a62aaa6dff.jpg,1.317315167e-06
2884252132_5d8e776893.jpg,2.164995774e-06
3657016761_d553e514d9.jpg,1.694384404e-06
2872963574_52ab5182cb.jpg,1.955923521e-06
2975253472_0f0c2dea70.jpg,1.789782218e-06
3597146852_3d000a5d5f.jpg,1.275946667e-06
428485639_a82635d6ee.jpg,1.506474935e-06
2210368267_0615754b48.jpg,2.122757953e-06
543264612_c53cc163b4.jpg,2.257594197e-06
3381392182_db2c42430e.jpg,1.279500991e-06
3673165148_67f217064f.jpg,2.468138466e-06
2790909995_8b7a03d9d1.jpg,2.607667735e-06
3599568766_9e96def0ef.jpg,2.023155863e-06
3478591390_b526580644.jpg,2.445948109e-06
3222749441_3bdfe088e3.jpg,1.742166174e-06
35506150_cbdb630f4f.jpg,1.973715252e-06
3287549827_04dec6fb6e.jpg,1.236240225e-06
3186556417_b2d6921a20.jpg,1.583462571e-06
3148193539_de9dd48fc8.jpg,1.6449551e-06
3494723363_eaa6bc563b.jpg,2.092834259e-06
348380010_33bb0599ef.jpg,1.030825431e-06
3559993787_c49644dcc5.jpg,1.447093377e-06
3299418821_21531b5b3c.jpg,1.902765242e-06
494907021_321e82877a.jpg,1.850187452e-06
3362189985_fbae8f860a.jpg,1.82245066e-06
1572286502_64e5c4b920.jpg,1.508075701e-06
2344412916_9a5a9b1c82.jpg,1.311903259e-06
3182558164_488b819f14.jpg,1.791562862e-06
3558251719_3af5ae2d02.jpg,1.437297059e-06
3461110860_37ef15af8e.jpg,1.995699083e-06
425088533_a460dc4617.jpg,1.013383098e-06
2208310655_a3d83080c5.jpg,1.747425679e-06
3019923691_3b3c5a4766.jpg,2.247740863e-06
251792066_b5233b3d86.jpg,1.535370454e-06
2443380641_7b38d18f5b.jpg,1.684219618e-06
210126070_0d43b300b9.jpg,1.31563965e-06
2888386138_578d21033a.jpg,1.808688004e-06
2100816230_ff866fb352.jpg,2.509331168e-06
180506881_de0f59770f.jpg,2.950174091e-06
3244470342_c08f6bb17e.jpg,1.219451092e-06
1808370027_2088394eb4.jpg,1.742029935e-06
2984174290_a915748d77.jpg,1.947959959e-06
2565618804_8d7ed87389.jpg,1.707591094e-06
207275121_ee4dfa0bf2.jpg,1.921287112e-06
3294202771_e8ee78a439.jpg,1.960571908e-06
3515451715_ac5ac04efa.jpg,8.211227183e-07
369186134_5eef374112.jpg,2.033009748e-06
3136688093_568b053bdf.jpg,2.393677584e-06
3259991972_fce3ab18b2.jpg,1.484366549e-06
3273625566_2454f1556b.jpg,2.020829514e-06
2719101587_4ba70dee14.jpg,1.81365993e-06
300222673_573fd4044b.jpg,1.395045457e-06
3682038869_585075b5ff.jpg,1.77022297e-06
525887861_4cc7a1beca.jpg,2.06994142e-06
3123770450_cedc16d162.jpg,2.235510462e-06
2899594400_61b4f6c114.jpg,1.437006915e-06
2192475933_d779bf42eb.jpg,1.968838064e-06
319870744_0e0138d205.jpg,1.694203385e-06
930748509_8ca5cf5c24.jpg,1.800378765e-06
3618115051_41b5a7706c.jpg,1.213693563e-06
267836606_bbea2267c8.jpg,1.579338741e-06
2954525375_9d5ca97341.jpg,1.697838532e-06
3241726740_6d256d61ec.jpg,2.041054304e-06
3360823754_90967276ec.jpg,1.371441223e-06
3074617663_2f2634081d.jpg,1.11019532e-06
470887791_86d5a08a38.jpg,1.717844228e-06
3261493263_381a4c5cc7.jpg,1.441909917e-06
534200447_b0f3ff02be.jpg,1.556069675e-06
488352274_9a22064cb3.jpg,1.885574689e-06
3677734351_63d60844cb.jpg,1.672320691e-06
2528489543_546c1ca81f.jpg,1.683571721e-06
3179336562_c3d0c0a3bd.jpg,7.652655819e-07
3152317129_177b4678b7.jpg,2.105594963e-06
2273799395_5072a5736d.jpg,1.121527909e-06
3260768565_2b725be090.jpg,2.368287125e-06
2558911884_856dfc3951.jpg,1.893308752e-06
3166366760_e43cf66eda.jpg,1.792351807e-06
519754987_51861fea85.jpg,1.974996346e-06
2340919359_f56787d307.jpg,2.141360601e-06
3176277818_235486a3cd.jpg,1.620938651e-06
2467856402_0490413d38.jpg,1.977339213e-06
281754914_bc8119a0ed.jpg,9.067756857e-07
3303797949_339bb969ba.jpg,2.272866977e-06
3593220756_5c416c3ceb.jpg,1.021419282e-06
3304030264_da3dd18c7b.jpg,1.347070406e-06
247619370_a01fb21dd3.jpg,2.275707064e-06
3401902253_cd27e6d0fe.jpg,1.956417174e-06
3050114829_18bc5a6d7c.jpg,5.700452034e-06
1129704496_4a61441f2c.jpg,1.872385932e-06
2266144051_614b2d62b0.jpg,2.016000227e-06
3712574653_e009f76d19.jpg,2.059833217e-06
502783522_3656f27014.jpg,1.449440395e-06
2218907190_5f43bf5e4d.jpg,1.131421101e-06
3014169370_fc4059352e.jpg,1.104456316e-06
2679851489_a58780291e.jpg,1.609454874e-06
2768021570_46bc6325e3.jpg,2.302719937e-06
3064097919_e536ab9693.jpg,1.719266255e-06
1299459562_ed0e064aee.jpg,1.506286013e-06
2593406865_ab98490c1f.jpg,2.270711409e-06
2141065212_463a6997e1.jpg,1.560511695e-06
3453019315_cfd5c10dae.jpg,1.266681856e-06
3462512074_2b4db1ffd6.jpg,1.919033802e-06
3556792157_d09d42bef7.jpg,1.967502844e-06
2643309379_2cde08516c.jpg,2.136038731e-06
2696866120_254a0345bc.jpg,9.346969084e-07
2706430695_3b5667741c.jpg,1.457215356e-06
3474406285_01f3d24b71.jpg,1.806083391e-06
2695085448_a11833df95.jpg,1.29069112e-06
2562463210_d0dfd545ca.jpg,1.329417732e-06
3574244361_715ac347cd.jpg,2.407022227e-06
485741580_ab523fa657.jpg,1.507625882e-06
2480327661_fb69829f57.jpg,2.285159536e-06
2300168895_a9b83e16fc.jpg,1.620625411e-06
3050264832_4215f2b398.jpg,1.118784077e-06
458004873_f084c47a88.jpg,1.720797805e-06
191003285_edd8d0cf58.jpg,2.141967993e-06
2288099178_41091aa00c.jpg,1.688028794e-06
3274375509_4fe91a94c0.jpg,2.222973879e-06
3319586526_3994e9cd58.jpg,1.538971842e-06
2393196444_8f4f540f5f.jpg,1.488504093e-06
2838085973_42b6e9b5b1.jpg,1.723487563e-06
2704362232_7d84503433.jpg,2.17179619e-06
2045562030_654ddea5e5.jpg,2.178992915e-06
1332492622_8c66992b62.jpg,9.933325624e-07
2367318629_b60cf4c4b3.jpg,2.270425504e-06
2729147877_c3ec3445bf.jpg,1.765651987e-06
481732592_b50194cb89.jpg,1.370085706e-06
2772532341_c4597a94ed.jpg,1.396518287e-06
3017656907_c3b137e070.jpg,2.100064095e-06
3486538055_bcf4d3dfda.jpg,1.340991478e-06
2234910971_80e0325918.jpg,2.061815529e-06
2991993027_36ac04e9a0.jpg,1.845775894e-06
2832453252_a06f7826a8.jpg,1.623216278e-06
2527163162_d0fb802992.jpg,1.266321628e-06
2992658871_ac786d37a6.jpg,1.348495579e-06
1248357227_2b4175fc39.jpg,2.01557153e-06
2055646179_169807fed4.jpg,1.877469082e-06
3482859574_3908de3427.jpg,1.11433284e-06
2848571082_26454cb981.jpg,1.225567916e-06
3428386573_670f5362f0.jpg,2.049290038e-06
2873431806_86a56cdae8.jpg,1.665320063e-06
2249865945_f432c8e5da.jpg,2.148723925e-06
514905846_b54d13946a.jpg,1.588604467e-06
469259974_bb03c15c42.jpg,2.188520437e-06
2900048238_74bd69d87d.jpg,1.73861786e-06
543603259_ef26d9c72d.jpg,1.062149116e-06
2239938351_43c73c887c.jpg,1.538824852e-06
535309053_ec737abde8.jpg,1.289513694e-06
2034553054_b00c166895.jpg,1.508842111e-06
3406930103_4db7b4dde0.jpg,2.091551255e-06
2096771662_984441d20d.jpg,2.067413628e-06
2594459477_8ca0121a9a.jpg,1.656923657e-06
3117336911_a729f42869.jpg,1.342854741e-06
3351418768_596ef7fd6f.jpg,1.923850517e-06
3619806638_7480883039.jpg,2.171503545e-06
2603690144_7a28b1d13c.jpg,1.510296927e-06
3497502407_ec566442c9.jpg,1.141193607e-06
2159447283_fab8c272b0.jpg,2.360140439e-06
3235746553_a40416c00e.jpg,2.09836906e-06
2188192752_09d9fc5431.jpg,1.575629036e-06
3491013009_572cf2c18a.jpg,2.150122984e-06
3411393875_a9ff73c67a.jpg,1.465066554e-06
3656906086_7034f69ab6.jpg,2.349079679e-06
2720215226_5a98ff2bd3.jpg,3.159971737e-06
2343879696_59a82f496f.jpg,1.25583773e-06
3283626303_8e23d4a842.jpg,1.919611767e-06
3171188674_717eee0183.jpg,1.589025118e-06
3444974984_963fb441a0.jpg,1.207182e-06
3354414391_a3908bd4ff.jpg,1.859146463e-06
3609026563_9c66f2dc41.jpg,1.920592507e-06
3397220683_4aca010f86.jpg,2.386796992e-06
2684323357_c7a6d05d05.jpg,1.714402025e-06
3139837262_fe5ee7ccd9.jpg,2.126436131e-06
3522349685_f046f0e250.jpg,2.364833455e-06
3326204251_2f9e446a2f.jpg,1.438075781e-06
2846037553_1a1de50709.jpg,1.880736584e-06
3366571152_20afb88ac1.jpg,1.232455304e-06
3726076549_0efb38854b.jpg,1.532521444e-06
2201222219_8d656b0633.jpg,1.596488865e-06
224273695_0b517bd0eb.jpg,1.760011379e-06
1679617928_a73c1769be.jpg,2.166570762e-06
3259579174_30a8a27058.jpg,1.930610017e-06
3273489163_8209545810.jpg,1.807656816e-06
2456030728_d3d147e774.jpg,2.236027065e-06
3622216490_1314a58b66.jpg,1.264089832e-06
3002920707_5d2e6e6aac.jpg,1.645457505e-06
444057017_f1e0fcaef7.jpg,1.777422917e-06
3490528249_6aae9b867b.jpg,2.301552843e-06
1472249944_d887c3aeda.jpg,1.049719281e-06
2714220101_c31db50b10.jpg,2.738338141e-06
3046190891_05c6ecd9b6.jpg,2.02593707e-06
2604825598_593a825b5b.jpg,1.496718184e-06
3098707588_5096d20397.jpg,2.013724969e-06
307321761_606fc91673.jpg,1.379241538e-06
757332692_6866ae545c.jpg,2.471230696e-06
3609952704_3719ab0524.jpg,1.826483466e-06
2362481035_a7600875d0.jpg,1.975924214e-06
2968885599_0672a5f016.jpg,1.719572113e-06
3174431688_ae84778db0.jpg,1.043977728e-06
1178705300_c224d9a4f1.jpg,2.110874963e-06
2949014128_0d96196261.jpg,1.200540418e-06
3139238055_2817a0c7d8.jpg,2.018059881e-06
3504881781_6a842e043b.jpg,2.413302446e-06
478209058_21e2c37c73.jpg,1.069326244e-06
2600442766_e750ec9a56.jpg,1.924392271e-06
3415003392_139c0f3586.jpg,1.607904464e-06
2285570521_05015cbf4b.jpg,1.55629749e-06
652542470_60e858da64.jpg,2.072697811e-06
161905204_247c6ca6de.jpg,1.625557619e-06
3080056515_3013830309.jpg,1.622597512e-06
345785626_9fa59f38ce.jpg,2.010956863e-06
1765164972_92dac06fa9.jpg,2.000942732e-06
3469711377_bc29d48737.jpg,1.796750869e-06
1659396176_ced00a549f.jpg,2.359766328e-06
2461372011_ebbf513766.jpg,1.728420886e-06
630476551_2ee7399f77.jpg,2.394728475e-06
200771289_31902164a7.jpg,1.95020403e-06
2312984882_bec7849e09.jpg,1.962393822e-06
3653837067_94050699ec.jpg,1.38480077e-06
1932161768_996eadac87.jpg,1.590592921e-06
1096165011_cc5eb16aa6.jpg,1.870019417e-06
118309463_a532b75be9.jpg,2.130501115e-06
3366105287_49a4bf71c6.jpg,1.738199606e-06
2346523971_d3f1e12ce4.jpg,1.400151054e-06
539761097_5c6c70425b.jpg,1.453599008e-06
2268109835_d6edbe1c2b.jpg,2.01306619e-06
3053743109_a2d780c0d2.jpg,1.470555927e-06
3055716848_b253324afc.jpg,1.502466127e-06
3587092143_c63030ed6d.jpg,1.634047485e-06
3579842996_3a62ec1bc7.jpg,1.469548475e-06
327997381_55f90dc834.jpg,1.626648217e-06
214501174_6db1f4d69c.jpg,1.49827407e-06
3562050678_4196a7fff3.jpg,1.41829373e-06
2281054343_95d6d3b882.jpg,2.401057681e-06
3046949818_245b05f507.jpg,2.042876426e-06
923550133_ac9d7a2932.jpg,1.050136079e-06
2508918369_2659db1cb6.jpg,2.159814868e-06
3687996279_05b5a2a706.jpg,2.186996498e-06
391020801_aaaae1e42b.jpg,2.143661169e-06
1262077938_8b9516c273.jpg,1.295301147e-06
3439382048_d2e23b2b4c.jpg,1.531649761e-06
470903027_489cc507de.jpg,1.980273416e-06
3569284680_44fef444ef.jpg,2.62507892e-06
440190907_bf8b7ba8ef.jpg,1.600557417e-06
482830610_13a0a6c924.jpg,2.186133962e-06
428408242_b32faf2240.jpg,1.969122794e-06
3071676551_a65741e372.jpg,1.741085332e-06
458183774_afe65abf67.jpg,1.581872326e-06
3351704877_28dea303aa.jpg,1.658863182e-06
3069037969_bb7319e0dc.jpg,1.960862084e-06
2385871317_44cde2f354.jpg,2.433160192e-06
3604383863_5e387cb8e6.jpg,1.888753687e-06
234241682_51d9fabb27.jpg,2.635110491e-06
2502354602_f4d6dcf42d.jpg,2.320138451e-06
36422830_55c844bc2d.jpg,1.155735802e-06
3065560742_f6e266ccd9.jpg,1.456628164e-06
2842865689_e37256d9ce.jpg,1.783322213e-06
872512911_ca383b40e4.jpg,1.894106495e-06
2252403744_148fc11f68.jpg,2.221539072e-06
2073964624_52da3a0fc4.jpg,2.285544638e-06
3151860914_46e30cd5ea.jpg,1.515512264e-06
3124838157_7ef96745b7.jpg,1.743864794e-06
3371567529_606fa3452b.jpg,2.049853561e-06
3119076670_64b5340530.jpg,2.230169024e-06
3674565156_14d3b41450.jpg,2.14930035e-06
2205336881_d9ee4179d3.jpg,2.027727966e-06
1355945307_f9e01a9a05.jpg,2.007778717e-06
269986132_91b71e8aaa.jpg,1.887018187e-06
3490867290_13bcd3a7f0.jpg,1.379212605e-06
2556392380_ee57514233.jpg,1.824770655e-06
2335619125_2e2034f2c3.jpg,2.196353861e-06
12830823_87d2654e31.jpg,1.877392859e-06
226531363_33ac01d931.jpg,1.599915951e-06
2320125735_27fe729948.jpg,1.377075866e-06
2267819545_446c5a3e18.jpg,2.461088145e-06
294098577_c10f32bcfa.jpg,1.610271845e-06
510531976_90bbee22a2.jpg,1.075213928e-06
528498076_43f0ef36b5.jpg,2.364983426e-06
2301525531_edde12d673.jpg,1.639633704e-06
1174629344_a2e1a2bdbf.jpg,1.259731424e-06
929679367_ff8c7df2ee.jpg,1.63249859e-06
300550441_f44ec3701a.jpg,2.686132765e-06
3295391572_cbfde03a10.jpg,2.227512538e-06
3042679440_010b2c596c.jpg,1.676802102e-06
2496399593_a24954a5ca.jpg,2.029824162e-06
2554531876_5d7f193992.jpg,1.80393024e-06
2626158969_ac09aeb88d.jpg,1.945639208e-06
1468103286_96a6e07029.jpg,1.885784997e-06
3053415073_5b667230ed.jpg,1.23087983e-06
2994104606_bc2df6c1f4.jpg,7.990689055e-07
2120571547_05cd56de85.jpg,1.879679128e-06
2139519215_8ca16dd192.jpg,1.936598768e-06
2679565682_91ecd283ff.jpg,1.832444345e-06
2873445888_8764699246.jpg,1.704842144e-06
2882483779_73c171ac19.jpg,1.855547337e-06
3539767254_c598b8e6c7.jpg,1.831341022e-06
3089107423_81a24eaf18.jpg,1.488082182e-06
111537217_082a4ba060.jpg,1.409076055e-06
2699125097_c6801d80ed.jpg,1.777961791e-06
3175446111_681a89f873.jpg,1.603902966e-06
3574627719_790325430e.jpg,1.159295819e-06
3163198309_bbfe504f0a.jpg,1.979689407e-06
2419797375_553f867472.jpg,2.09014057e-06
510791586_3913ade6a7.jpg,1.219280482e-06
360723732_23199af4bf.jpg,1.790123383e-06
3137061312_eb5fdcf3fd.jpg,2.345175609e-06
2648165716_02e2e74fd6.jpg,2.161657848e-06
3549614763_42f34f3d1e.jpg,1.832098351e-06
3564385317_1bf5094068.jpg,1.727264931e-06
3598447435_f66cd10bd6.jpg,1.857904902e-06
2216568822_84c295c3b0.jpg,1.869531104e-06
3400082864_9c737c1450.jpg,1.670377983e-06
2584412512_6767593f24.jpg,2.102725051e-06
3224227640_31865b3651.jpg,2.356305971e-06
443430496_3fea95a07d.jpg,2.260779083e-06
438639005_208bc59b0b.jpg,2.093124094e-06
330325191_63e11d9c93.jpg,3.012417462e-06
106514190_bae200f463.jpg,1.904396205e-06
3396275223_ee080df8b5.jpg,2.053527067e-06
3211316116_a2462e327d.jpg,2.170126469e-06
2215165918_2bf5b659dd.jpg,2.334805656e-06
141755292_7a0b3364cf.jpg,1.75203202e-06
3218861747_5c5c547b66.jpg,1.676192075e-06
3041487045_b48ac7ed08.jpg,2.524636661e-06
2991375936_bf4b0a7dc0.jpg,2.191063562e-06
3241892328_4ebf8b21ce.jpg,2.205032337e-06
3183777589_460a4f445b.jpg,1.662911339e-06
3047749814_621ed0786b.jpg,1.208943823e-06
3002448718_a478c64fb4.jpg,1.350739936e-06
3673878924_506c9d767b.jpg,1.982640364e-06
3473534758_1ae3847781.jpg,2.2752085e-06
2514612680_b0d2d77099.jpg,1.942212288e-06
1691573772_1adef8e40e.jpg,1.964998652e-06
3225310099_d8e419ba56.jpg,3.093947779e-06
3275065565_9e2a640fbc.jpg,2.11268785e-06
418667611_b9995000f4.jpg,1.562729011e-06
3459871361_92d1ecda36.jpg,1.581084984e-06
3069282021_e05e1829f3.jpg,1.825811265e-06
3678100844_e3a9802471.jpg,1.983490874e-06
1470536919_1f3fd6c65a.jpg,1.123428355e-06
3335375223_b4da8df523.jpg,1.787874617e-06
3316725440_9ccd9b5417.jpg,1.999369914e-06
2226440063_c085b30558.jpg,1.574419472e-06
1093716555_801aacef79.jpg,1.463776616e-06
3464871350_3f2d624a9c.jpg,1.505208526e-06
634891010_9fa189effb.jpg,1.012711702e-06
2079554580_f18d5c181b.jpg,1.283189526e-06
2868776402_aef437e493.jpg,1.572390094e-06
1600208439_e94527b80f.jpg,1.874723625e-06
133189853_811de6ab2a.jpg,2.213411487e-06
2474918824_88660c7757.jpg,2.097845756e-06
2797438951_88a3ed7541.jpg,2.07301469e-06
3613705104_46d854134e.jpg,1.619576072e-06
2980118787_2099de53ec.jpg,1.836836023e-06
3319020762_d429d56a69.jpg,1.775781441e-06
3540416981_4e74f08cbb.jpg,1.89195496e-06
3429465163_fb8ac7ce7f.jpg,1.444968536e-06
2565237642_bdd46d7cef.jpg,1.2407995e-06
3365783912_e12c3510d8.jpg,1.538535266e-06
1042590306_95dea0916c.jpg,1.967679967e-06
2925577165_b83d31a7f6.jpg,1.266967175e-06
3230132205_dccfafa5ee.jpg,2.214062228e-06
462198798_89e2df0358.jpg,1.636923201e-06
2570559405_dc93007f76.jpg,1.422898695e-06
2847514745_9a35493023.jpg,1.789698498e-06
3601843201_4809e66909.jpg,1.615191852e-06
1457762320_7fe121b285.jpg,1.360099351e-06
1095980313_3c94799968.jpg,1.470807722e-06
300500054_56653bf217.jpg,3.276871079e-06
2240539658_dea8db6e55.jpg,2.036332762e-06
3266399073_40820596d5.jpg,1.786159388e-06
3374223949_90776ba934.jpg,1.733554916e-06
3197917064_e679a44b8e.jpg,2.004681758e-06
3426966595_c8c4e1e872.jpg,1.964774923e-06
3346289227_198fced308.jpg,1.146580506e-06
3094064787_aed1666fc9.jpg,2.269687084e-06
211981411_e88b8043c2.jpg,9.197576384e-07
3279988814_d3693dcb6c.jpg,1.872807318e-06
3084011664_76d37c6559.jpg,1.896123472e-06
2561751298_320eef38ec.jpg,1.688819695e-06
3595992258_6f192e6ae7.jpg,1.505978574e-06
3044500219_778f9f2b71.jpg,1.861620676e-06
1557451043_f5c91ff6f4.jpg,1.948709966e-06
465994762_1760e83c5d.jpg,1.47411634e-06
1207159468_425b902bfb.jpg,1.753313158e-06
3376898612_41c91de476.jpg,1.501524011e-06
2662890367_382eaf83bd.jpg,1.042753035e-06
3409740108_1505489537.jpg,1.936303308e-06
1355935187_2c99648138.jpg,1.881468373e-06
140377584_12bdbdf2f8.jpg,1.397732045e-06
3043904009_3b5e0412cd.jpg,2.135972511e-06
1865794069_6e3a1e57bb.jpg,1.083495075e-06
2314732154_83bc7f7314.jpg,1.200335751e-06
2934359101_cdf57442dc.jpg,1.979336362e-06
2744321686_8811d8428c.jpg,2.034292099e-06
2195620255_6693479734.jpg,1.639645751e-06
3411022255_210eefc375.jpg,1.928270755e-06
2783620390_02c166c733.jpg,1.766186955e-06
3431860810_44277cd360.jpg,1.736635541e-06
2726262796_03bd63a155.jpg,1.919305475e-06
2120411340_104eb610b1.jpg,1.620249158e-06
523327429_af093fc7cf.jpg,1.947197413e-06
872135364_8c1e47d163.jpg,7.041090723e-07
1980882959_9a161f3469.jpg,2.169802882e-06
444803340_fdcaab86f9.jpg,1.805227787e-06
3294717824_3bb7b5d1c8.jpg,1.806101129e-06
1464120327_d90279ca3a.jpg,2.113689691e-06
1167669558_87a8a467d6.jpg,2.437419348e-06
3096918227_f9d26a7db2.jpg,2.411694565e-06
2949497756_be8e58e6bd.jpg,1.409913595e-06
3608849440_e7d2bed29f.jpg,1.62662225e-06
2199793371_343809ff70.jpg,1.864585025e-06
2951750234_a4741f708b.jpg,1.920807849e-06
2884420269_225d27f242.jpg,1.815252332e-06
3447876218_4ccf42d7a0.jpg,2.015895844e-06
3590557969_d0270d518b.jpg,1.678670925e-06
3373870185_f79163fa51.jpg,2.244744201e-06
494221578_027f51cdf4.jpg,1.585746786e-06
2671602981_4edde92658.jpg,2.272893423e-06
3293751136_b0ce285dc3.jpg,1.717027526e-06
3364715316_df8c20bac1.jpg,1.562537556e-06
3405942945_f4af2934a6.jpg,1.810495798e-06
1991806812_065f747689.jpg,2.095789305e-06
2926233397_71e617f3a3.jpg,1.402049585e-06
3084731832_8e518e320d.jpg,1.158192408e-06
2502079538_10ef2e976b.jpg,1.578060798e-06
3111402233_6285bcba7a.jpg,2.10753234e-06
3132903412_b4780d0ccf.jpg,1.950165773e-06
241345323_f53eb5eec4.jpg,2.224880803e-06
3277824093_299cbb3138.jpg,1.528972604e-06
3540155303_08225a4567.jpg,1.872684988e-06
823697339_aadbeef495.jpg,1.717225135e-06
58357057_dea882479e.jpg,2.068415046e-06
3335692531_dd4a995f91.jpg,1.873106093e-06
3253060519_55d98c208f.jpg,1.716335969e-06
3339747039_1a8455c210.jpg,1.474467935e-06
3534952095_975cca0056.jpg,1.998185047e-06
2987121689_f9de6c479b.jpg,1.633430209e-06
2860040276_eac0aca4fc.jpg,1.829531514e-06
3326454455_960e5442e9.jpg,2.076804494e-06
3109268897_d43797fc6a.jpg,1.631790798e-06
2752809449_632cd991b3.jpg,2.335912538e-06
2398605966_1d0c9e6a20.jpg,2.524687401e-06
3491607076_922ec561d9.jpg,1.172131497e-06
3398276602_c7d106c34f.jpg,2.048163241e-06
656260720_a7db4ce48b.jpg,1.594461252e-06
316577571_27a0e0253e.jpg,1.929849491e-06
2709536455_2a6046e38a.jpg,2.462959308e-06
3437107047_715c60e9c8.jpg,1.695017277e-06
3146232740_df3da0163b.jpg,2.092199613e-06
3690189273_927d42ff43.jpg,1.984480113e-06
143680966_0010ff8c60.jpg,1.706823148e-06
2085726719_a57a75dbe5.jpg,1.628378071e-06
3415165462_e1cb536d08.jpg,1.819610179e-06
1277185009_06478dd457.jpg,2.122819032e-06
136644343_0e2b423829.jpg,1.584924448e-06
1835511273_790eaae6e6.jpg,1.969707244e-06
2688102742_885e578a3f.jpg,1.458151859e-06
765929807_de381cc764.jpg,1.369254079e-06
3197891333_b1b0fd1702.jpg,1.528036239e-06
393284934_d38e1cd6fe.jpg,4.158108226e-06
3442242092_e579538d82.jpg,1.293037155e-06
3640743904_d14eea0a0b.jpg,1.421887537e-06
717673249_ac998cfbe6.jpg,2.323539722e-06
1466479163_439db855af.jpg,2.057492657e-06
3626964430_cb5c7e5acc.jpg,1.573294643e-06
3244586044_205d5ae2ba.jpg,2.041860494e-06
3662406028_29b9e46a6f.jpg,2.095391223e-06
3421928157_69a325366f.jpg,1.609309372e-06
2662262499_3cdf49cedd.jpg,2.144319998e-06
3264350290_f50494e835.jpg,1.29499291e-06
3257182199_5fda78d870.jpg,2.552480278e-06
613900608_2e49415772.jpg,1.293655397e-06
3191027142_33e86636ca.jpg,1.208909255e-06
3736786640_70df13be2c.jpg,1.848735403e-06
3354075558_3b67eaa502.jpg,1.387279408e-06
3613800013_5a54968ab0.jpg,2.472985724e-06
3724487641_d2096f10e5.jpg,1.991413171e-06
3326588088_172d1b2584.jpg,1.505504461e-06
3169591322_d0b6d0cd04.jpg,1.891997883e-06
2355578735_286af5b202.jpg,1.115995523e-06
3635991166_f95304af0a.jpg,1.657755954e-06
247617754_4b1137de8c.jpg,2.531784889e-06
2480668859_6f9b46be6a.jpg,1.577624107e-06
378170167_9b5119d918.jpg,1.354712395e-06
2780105274_52360c4cca.jpg,1.297573818e-06
3308997740_91765ecdcc.jpg,2.222562809e-06
3650188378_cc8aea89f0.jpg,2.141749394e-06
2976350388_3984e3193d.jpg,1.452952723e-06
3086523890_fd9394af8b.jpg,2.065729546e-06
3040575300_0e4328d205.jpg,2.058311479e-06
3217056901_fe2c70377d.jpg,1.463370019e-06
143552829_72b6ba49d4.jpg,8.944958409e-07
3029472296_d429b1586c.jpg,1.303834351e-06
1490670858_e122df2560.jpg,1.562154772e-06
3118534315_cc03e5ddab.jpg,1.536896167e-06
2657484970_610e18144f.jpg,1.404559569e-06
3620492762_7f6a9b4746.jpg,1.478954404e-06
2887744223_029f2fd5fe.jpg,1.476643457e-06
3315726723_64c9b0a945.jpg,1.717319522e-06
2112921744_92bf706805.jpg,1.418090019e-06
42637987_866635edf6.jpg,1.366551593e-06
927420680_6cba7c040a.jpg,1.217714757e-06
3580741947_cc64a83648.jpg,1.748659847e-06
3549673305_4dfd44e04a.jpg,1.943417353e-06
3633396324_c4b24b1f51.jpg,2.033729152e-06
222369445_5b6af347dd.jpg,1.889644768e-06
1476002408_4256b7b2fa.jpg,2.000691897e-06
2469351714_d72becd21e.jpg,2.002932869e-06
3248352729_ab264b2222.jpg,1.873401527e-06
2004674713_2883e63c67.jpg,1.200298425e-06
3603301825_5817727be2.jpg,1.720819051e-06
2074146683_7c83167aa1.jpg,1.825713512e-06
218342358_1755a9cce1.jpg,2.09055742e-06
2973638173_0dc21fd443.jpg,1.440165294e-06
124195430_d14028660f.jpg,2.466310289e-06
3471066276_fb1e82e905.jpg,1.730533032e-06
241346885_f519ece460.jpg,2.279236181e-06
1439282131_3814d6ae04.jpg,1.928355774e-06
3174417550_d2e6100278.jpg,1.805255212e-06
55135290_9bed5c4ca3.jpg,1.409488168e-06
244867897_d00369a779.jpg,1.741844299e-06
2284239186_c827f4defa.jpg,1.834833034e-06
3661072592_2e693cd5a0.jpg,1.778746973e-06
421322723_3470543368.jpg,1.772290484e-06
3695064885_a6922f06b2.jpg,1.618318395e-06
2181846120_3744ca3942.jpg,2.059149753e-06
2591455200_2319651f2f.jpg,2.125086064e-06
3525841965_7814484515.jpg,2.024765097e-06
3621329299_6fb3f2935c.jpg,1.875095024e-06
1480712062_32a61ad4b7.jpg,2.2030831e-06
2310108346_e82d209ccd.jpg,1.864502209e-06
1359101233_16c2c150e3.jpg,2.0851915e-06
3327563443_870a33f748.jpg,1.497701796e-06
180094434_b0f244832d.jpg,1.620165824e-06
2448793019_5881c025f9.jpg,1.941374959e-06
2862676319_a9dab1309f.jpg,1.802956456e-06
3159995270_17334ccb5b.jpg,2.729760713e-06
3625957413_e475943aa3.jpg,1.998707961e-06
3626475209_f71cdd06bd.jpg,1.980226799e-06
3262647146_a53770a21d.jpg,1.892847071e-06
3649387275_75295baa28.jpg,1.589485849e-06
3305895920_100a67d148.jpg,1.50734322e-06
2855695119_4342aae0a3.jpg,1.182951963e-06
3566111626_9a35a7b2c0.jpg,1.727213505e-06
464116251_1ac4bc91f8.jpg,1.182135337e-06
3702436188_2c26192fd0.jpg,1.33531956e-06
2689358407_9932f1b20c.jpg,1.930241089e-06
1454678644_7e5a371301.jpg,1.56956455e-06
310715139_7f05468042.jpg,2.482357128e-06
2921198890_6f70dfbf4c.jpg,2.221400186e-06
578274277_652cae32ba.jpg,2.492299679e-06
484896012_7787d04f41.jpg,1.452967181e-06
3262849619_0bc4f88ef9.jpg,2.041935947e-06
2848266893_9693c66275.jpg,1.997383999e-06
207237775_fa0a15c6fe.jpg,1.523852818e-06
3016606751_0e8be20abd.jpg,1.496876391e-06
3588417747_b152a51c52.jpg,1.727548261e-06
3528902357_be2357a906.jpg,2.759030319e-06
539705321_99406e5820.jpg,1.415490677e-06
3066338314_2c3fb731d1.jpg,1.850873847e-06
2348924378_47e556d81a.jpg,2.062817353e-06
179009558_69be522c63.jpg,1.427178874e-06
2695085862_2ed62df354.jpg,2.064047668e-06
3516267455_ca17cc1323.jpg,2.719299708e-06
1215334959_b1970965f7.jpg,1.793104369e-06
3092200805_dd1f83ddbe.jpg,2.025285408e-06
541063517_35044c554a.jpg,1.507384152e-06
3604314527_5077cd9d43.jpg,1.695972032e-06
96978713_775d66a18d.jpg,1.769578375e-06
3255732353_fbc487aefc.jpg,1.169226588e-06
201682811_105241dee3.jpg,9.883152133e-07
2245618207_fa486ba2b7.jpg,2.526789551e-06
860928274_744d14f198.jpg,2.282674325e-06
3085357792_efcf297c71.jpg,1.449241142e-06
3297272270_285b8878b2.jpg,1.209566793e-06
3050650135_23f9d9d2f8.jpg,1.655706183e-06
2429272699_8a9699775e.jpg,1.606878206e-06
2765029348_667111fc30.jpg,1.829977019e-06
3358380484_b99b48f0c9.jpg,1.512892816e-06
3106883334_419f3fb16f.jpg,1.977328008e-06
160541986_d5be2ab4c1.jpg,2.196082139e-06
572618443_647483ca82.jpg,2.092820279e-06
3563668905_689ed479c5.jpg,1.91286128e-06
386656845_4e77c3e3da.jpg,1.840691344e-06
3433259846_800a6079f0.jpg,1.82066245e-06
3506607642_40037b3fbf.jpg,1.991388939e-06
3509575615_653cbf01fc.jpg,1.126240589e-06
615916000_5044047d71.jpg,1.335426817e-06
382701159_f98c1988cd.jpg,2.070930631e-06
957682378_46c3b07bcd.jpg,1.239130777e-06
3047264032_14393ecea8.jpg,1.250266907e-06
3474958471_9106beb07f.jpg,2.158273788e-06
3241487502_f4f0cc4a8a.jpg,1.803591346e-06
3535084928_858544f49a.jpg,2.27414192e-06
3541141771_67d305c873.jpg,1.792489962e-06
3465791729_5bf9bd8635.jpg,1.449583476e-06
2040941056_7f5fd50794.jpg,1.745032879e-06
3229282764_a4a515f4e2.jpg,2.563509599e-06
347186933_880caaf53b.jpg,1.235908219e-06
3552796830_2dd2aa9c2c.jpg,2.212723651e-06
398662202_97e5819b79.jpg,1.620520911e-06
396360611_941e5849a3.jpg,1.430231551e-06
3652572138_34d6b72999.jpg,2.601824971e-06
3150440350_b0f2a9e774.jpg,5.316990027e-06
3646927481_5e0af1efab.jpg,1.754784084e-06
2813992915_f732cf8539.jpg,1.229031566e-06
241031670_e60f59b8e4.jpg,1.504237807e-06
179829865_095b040377.jpg,1.583385478e-06
393810324_1c33760a95.jpg,1.244015679e-06
3547600292_6f8aac7f2e.jpg,1.613913285e-06
2512876666_9da03f9589.jpg,1.818104076e-06
3121482932_f77ca12c01.jpg,1.883727482e-06
390671130_09fdccd52f.jpg,1.549838821e-06
3524436870_7670df68e8.jpg,1.481359825e-06
2893515010_4a3d9dcc67.jpg,1.566594715e-06
2289212650_69de7a20b2.jpg,1.543629348e-06
2394267183_735d2dc868.jpg,1.609177886e-06
3578068665_87bdacef6a.jpg,1.667308167e-06
2460823604_7f6f786b1c.jpg,1.8411215e-06
2844846111_8c1cbfc75d.jpg,1.357293785e-06
217583047_5e93e1e119.jpg,2.338161407e-06
2195419145_36722e8d54.jpg,2.324093665e-06
2074764331_90a9962b52.jpg,2.02677133e-06
3019917636_4e0bb0acc4.jpg,1.647040804e-06
2561212119_1af8cb9b5d.jpg,2.176654693e-06
3333039854_461329aac2.jpg,1.934203088e-06
2895700779_fac1d9d278.jpg,2.195649085e-06
3218889785_86cb64014f.jpg,2.15871413e-06
2521062020_f8b983e4b2.jpg,1.659062018e-06
2043520315_4a2c782c90.jpg,1.921115316e-06
3220126881_b0a4f7cccb.jpg,2.525783468e-06
2942798367_022df04b49.jpg,2.1557067e-06
3718305988_fe2c91fd44.jpg,1.174585916e-06
365274901_576b0f8241.jpg,1.825327929e-06
3204686006_88f04547b9.jpg,1.959676161e-06
917574521_74fab68514.jpg,2.188147595e-06
2557922709_24d2a9655a.jpg,1.71864891e-06
3507670136_2e5f94accf.jpg,1.672597959e-06
1718184338_5968d88edb.jpg,1.652057491e-06
2510020918_b2ca0fb2aa.jpg,2.329945665e-06
3195188609_01afbe46e6.jpg,3.141195196e-06
498957941_f0eda42787.jpg,2.206353537e-06
3433982387_3fa993cf5a.jpg,1.719676145e-06
496971341_22782195f0.jpg,2.103373063e-06
3188319076_71724fcc07.jpg,2.174489298e-06
3500139659_b2a60b0141.jpg,1.647787314e-06
3683592946_262e9bfbfd.jpg,1.257765771e-06
405253184_5f611f3880.jpg,2.301579855e-06
3303648823_53cf750acd.jpg,1.916104027e-06
241347635_e691395c2f.jpg,2.468612732e-06
3143991972_7193381aeb.jpg,1.922816926e-06
3344798356_5cc41f7939.jpg,1.754904276e-06
3609999845_faf5d2fe74.jpg,1.255422354e-06
2684489465_32ba1d0344.jpg,2.112341218e-06
3017373346_3a34c3fe9d.jpg,1.392001437e-06
3354200211_35348e47d8.jpg,1.506167606e-06
469029994_349e138606.jpg,1.318797485e-06
842961005_692737888e.jpg,2.97323012e-06
3712742641_641282803e.jpg,1.799733726e-06
2097403787_77a154f5b9.jpg,1.3903778e-06
3203878596_cbb307ce3b.jpg,2.395156759e-06
2744600462_5804577296.jpg,1.509867483e-06
3670918456_68631d362a.jpg,1.828612682e-06
3565655045_8eb00b7423.jpg,1.366782314e-06
3324746155_71e14f60ce.jpg,2.33469696e-06
3570800810_978c993133.jpg,1.397389668e-06
775664534_3f6de7d413.jpg,1.519425739e-06
2367139509_1ee4530b28.jpg,9.957783878e-07
2702506716_17a7fb3ba4.jpg,1.793517706e-06
3319058642_885d756295.jpg,1.884882266e-06
3723690961_729dd5d617.jpg,1.540180402e-06
434433505_966e50e17d.jpg,1.61294472e-06
539751252_2bd88c456b.jpg,1.502209813e-06
3538686658_30afc75f02.jpg,1.574591787e-06
2226587791_66e29dd01d.jpg,2.242379521e-06
1659358133_95cd1027bd.jpg,1.190813095e-06
2662845514_8620aaee96.jpg,2.298729473e-06
3567604049_da9e1be4ba.jpg,2.321742159e-06
2461631708_decc5b8c87.jpg,1.621836187e-06
2102315758_a9148a842f.jpg,1.434784818e-06
241345656_861aacefde.jpg,2.479193151e-06
3016200560_5bf8a70797.jpg,1.432651832e-06
1394368714_3bc7c19969.jpg,1.347142172e-06
2470493181_2efbbf17bd.jpg,1.38813327e-06
2071309418_1d7580b0f0.jpg,1.44700718e-06
3687062281_e62f70baf3.jpg,1.784748568e-06
3178599352_c57fdebcd2.jpg,1.676472455e-06
1225443522_1633e7121f.jpg,1.387197361e-06
244443352_d7636e1253.jpg,2.327312308e-06
2991994607_06f24ec7a6.jpg,1.798921824e-06
2353088412_5e5804c6f5.jpg,2.069898897e-06
2866093652_aa717eb9ce.jpg,1.288174131e-06
1562478333_43d13e5427.jpg,1.181999785e-06
2073105823_6dacade004.jpg,1.678902702e-06
3603870481_1ebc696d91.jpg,1.751646985e-06
2588456052_8842b47005.jpg,2.108218845e-06
587604325_af5d6df679.jpg,1.931306718e-06
2689001252_e0016c89f0.jpg,1.683206109e-06
3358558292_6ab14193ed.jpg,2.495384058e-06
3393926562_66cc01b001.jpg,1.74009629e-06
2125216241_5b265a2fbc.jpg,1.29144087e-06
3451984463_37ac1ff7a8.jpg,1.954323482e-06
510510783_b2cf5d57bb.jpg,1.383509165e-06
2472720629_d9a6736356.jpg,1.838844613e-06
1361420539_e9599c60ae.jpg,1.218687291e-06
3184112120_6ddcd98016.jpg,1.23652907e-06
2680990587_eee6bd04fb.jpg,2.216892044e-06
143688283_a96ded20f1.jpg,8.620341999e-07
2187222896_c206d63396.jpg,2.272723578e-06
3639105305_bd9cb2d1db.jpg,1.626269639e-06
532999240_1409d073be.jpg,2.118068584e-06
3710353645_8fbfaa4175.jpg,1.983443385e-06
391106734_d374bc3080.jpg,1.76357344e-06
3308171165_20f93d2fba.jpg,1.819107312e-06
909808296_23c427022d.jpg,1.398949445e-06
114051287_dd85625a04.jpg,2.602164397e-06
3136043366_b3f8607a0e.jpg,1.540106298e-06
1799188614_b5189728ba.jpg,1.848192053e-06
899810584_61e1578d3f.jpg,1.47871827e-06
3654103642_075f8af4f4.jpg,3.915494527e-06
3187395715_f2940c2b72.jpg,1.70479215e-06
1280320287_b2a4b9b7bd.jpg,2.038577285e-06
3458211052_bb73084398.jpg,1.702610055e-06
1928319708_ccf1f4ee72.jpg,1.958035271e-06
3203742047_6a55065411.jpg,2.110871742e-06
1663751778_90501966f0.jpg,1.338246854e-06
2394922193_310166d6af.jpg,1.881814177e-06
2687229880_97cfd8148e.jpg,2.448687941e-06
2837640996_0183db8d93.jpg,1.425316258e-06
2578834476_118585730d.jpg,1.13161097e-06
2876993733_cb26107d18.jpg,2.021876382e-06
3435035138_af32890a4c.jpg,2.047061279e-06
2085255128_61224cc47f.jpg,1.376831276e-06
1511807116_41c3645e8c.jpg,1.434840629e-06
2856700531_312528eea4.jpg,2.439944453e-06
2938120171_970564e3d8.jpg,1.862364818e-06
2355880294_8f78a6fea6.jpg,1.273467264e-06
535830521_aa971319fc.jpg,1.870489473e-06
2699342860_5288e203ea.jpg,2.262701046e-06
3521374954_37371b49a4.jpg,1.931732129e-06
2969380952_9f1eb7f93b.jpg,1.593544135e-06
113678030_87a6a6e42e.jpg,2.042673343e-06
3154886184_ac842655b6.jpg,1.551587222e-06
2495931537_9b8d4474b6.jpg,2.655967367e-06
3223809913_ae15d14d9a.jpg,1.743527992e-06
1752454466_723790dbd6.jpg,1.55196034e-06
3587009091_37188fd07e.jpg,1.687386242e-06
733965014_1a0b2b5ee9.jpg,1.491488467e-06
3307563498_e2b4f19272.jpg,1.485015264e-06
2759596272_e0ce0a965a.jpg,1.800569744e-06
3578477508_b7d839da16.jpg,1.704638227e-06
3724113279_99b6e5bf41.jpg,1.050565695e-06
3516935867_78cf63c69c.jpg,1.608507838e-06
2745663684_650f84e1e6.jpg,1.899185849e-06
2286236765_2a63eeb550.jpg,1.864659625e-06
554526471_a31f8b74ef.jpg,1.811520837e-06
3420278866_1d17c12713.jpg,1.361535236e-06
771048251_602e5e8f45.jpg,2.552497768e-06
2735158990_56ff6bf9b0.jpg,1.476407601e-06
3443703471_14845d8850.jpg,1.481626997e-06
3538527033_df13112d51.jpg,1.105374595e-06
416960865_048fd3f294.jpg,2.275567889e-06
2683985894_167d267dcb.jpg,1.685917186e-06
3643074723_94d42b7a0c.jpg,1.809975348e-06
3242263536_a436f19257.jpg,2.019488156e-06
3181599388_68559cfc17.jpg,1.56534866e-06
1475046848_831245fc64.jpg,2.039151432e-06
3482314155_bd1e668b4e.jpg,1.363005327e-06
3265864834_e0229020dd.jpg,2.433502658e-06
3263141261_db3a4798b5.jpg,2.18746529e-06
127488876_f2d2a89588.jpg,1.460058711e-06
2873252292_ebf23f5f10.jpg,1.423913055e-06
440184957_267f3f3a2b.jpg,1.219519159e-06
2632366677_43dee456a5.jpg,1.567417436e-06
2423550887_ffc9bbcf71.jpg,1.749610657e-06
106490881_5a2dd9b7bd.jpg,2.457726744e-06
2824401212_8da8ab99d6.jpg,1.754111968e-06
3107513635_fe8a21f148.jpg,1.875582185e-06
2420696992_22e0dd467d.jpg,1.760568117e-06
2624044128_641b38c0cf.jpg,1.817940296e-06
3106857210_07a92577fc.jpg,2.423901669e-06
142802798_962a4ec5ce.jpg,1.551176111e-06
3133825703_359a0c414d.jpg,1.951311465e-06
260231029_966e2f1727.jpg,2.074913723e-06
3719461451_07de35af3a.jpg,2.471211985e-06
2752923489_d3bceebacb.jpg,1.327843632e-06
495340319_705f2e63d6.jpg,1.334390015e-06
3271385712_ffd34f2de5.jpg,2.172480083e-06
3656151153_b4ed5d94c4.jpg,1.482809412e-06
2875528143_94d9480fdd.jpg,1.788756923e-06
878758390_dd2cdc42f6.jpg,1.893419015e-06
557721978_dfde31bc02.jpg,1.417340811e-06
241346105_c1c860db0d.jpg,1.980204865e-06
146100443_906d87faa2.jpg,1.43353387e-06
511749704_3037806cb1.jpg,2.215545054e-06
3341077091_7ca0833373.jpg,2.069372713e-06
2932740428_b15384f389.jpg,2.416532069e-06
382151094_c7376cf22b.jpg,2.110486753e-06
2460159430_71ab1aacfa.jpg,2.314378291e-06
3193511842_82549c21fb.jpg,1.549001373e-06
397286183_745abbf40d.jpg,2.23263396e-06
241031254_0c6f30e3d1.jpg,8.46975681e-07
3042488474_0d2ec81eb8.jpg,1.575168743e-06
3348385580_10b53391f9.jpg,1.847170073e-06
3455920874_6fbec43194.jpg,1.795460543e-06
307301755_48919ef1b2.jpg,1.47989237e-06
3343116398_59a5341f7f.jpg,1.418977087e-06
2600883097_aca38cc146.jpg,2.162408013e-06
422763475_0bc814dac6.jpg,2.602430865e-06
543326592_70bd4d8602.jpg,1.142535971e-06
2525232298_cf42d415ab.jpg,1.114515058e-06
3665179773_dd217416fc.jpg,1.929472184e-06
3765374230_cb1bbee0cb.jpg,1.292168206e-06
799486353_f665d7b0f0.jpg,2.188104943e-06
664341930_bd5c8b60ea.jpg,2.085011468e-06
2971211296_2587c3924d.jpg,1.786293586e-06
3691729694_2b97f14c1e.jpg,2.01467613e-06
3294830188_e46bd9b93c.jpg,2.245304293e-06
3521201948_9049197f20.jpg,2.897171159e-06
2455528149_6c3477fd33.jpg,1.559352617e-06
3105623068_392b767a7b.jpg,1.89472106e-06
3439331800_e71e1d808f.jpg,2.085869343e-06
3313620862_0c65c645f5.jpg,1.094074778e-06
429174232_ddd4ff5e0b.jpg,1.380331766e-06
3089842255_359ccf5c40.jpg,1.107763501e-06
571130875_30051ac02d.jpg,1.1819147e-06
2528521798_fb689eba8d.jpg,1.609296424e-06
512634877_d7ad8c8329.jpg,2.454279816e-06
1119418776_58e4b93eac.jpg,1.471416077e-06
2414384480_096867d695.jpg,1.732931667e-06
3569979711_6507841268.jpg,2.189032194e-06
54501196_a9ac9d66f2.jpg,1.650010011e-06
3263395801_5e4cee2b9e.jpg,1.356207162e-06
241345811_46b5f157d4.jpg,2.492412788e-06
3626642428_3396568c3c.jpg,1.606104022e-06
3114944484_28b5bb9842.jpg,2.238176995e-06
2649705487_4605e879e9.jpg,1.408174425e-06
3110174991_a4b05f8a46.jpg,2.103872551e-06
2089122314_40d5739aef.jpg,2.216088764e-06
3441701164_6dbbdf1bce.jpg,1.505071152e-06
3694071771_ce760db4c7.jpg,1.792101845e-06
1304100320_c8990a1539.jpg,2.021401115e-06
2049051050_20359a434a.jpg,1.576215185e-06
2068403258_2669cf9763.jpg,1.773866787e-06
2920305300_a5b1b2329a.jpg,1.754609972e-06
2845691057_d4ab89d889.jpg,2.792000931e-06
3293751640_d81a6f3a0c.jpg,2.276902094e-06
3260214530_7179346407.jpg,1.86004309e-06
3125628091_25a31709df.jpg,2.156959279e-06
2846843520_b0e6211478.jpg,1.188080529e-06
3655326478_4472c5c630.jpg,1.674629929e-06
3396251819_1efa69310f.jpg,1.970324031e-06
3279524184_d5e2ffbaed.jpg,2.174484846e-06
146098876_0d99d7fb98.jpg,1.577740048e-06
3572346664_e1e6c77f11.jpg,2.237152305e-06
3580082200_ea10bf2f68.jpg,2.242407206e-06
861661418_8a37024ace.jpg,1.144748217e-06
2602258549_7401a3cdae.jpg,2.008063154e-06
2839532455_36a7dc4758.jpg,2.342419139e-06
2304444199_05386d2e9c.jpg,2.233243856e-06
2856080862_95d793fa9d.jpg,1.835924497e-06
548751378_c657401312.jpg,2.352639686e-06
1015584366_dfcec3c85a.jpg,2.00806482e-06
3416460533_d5819fbf69.jpg,1.828741371e-06
3168796547_0c14b368f9.jpg,1.298878065e-06
160805827_5e6646b753.jpg,2.101876728e-06
3672940355_47f30e2b28.jpg,1.551136768e-06
2788628994_61123c03d2.jpg,1.180912352e-06
436015762_8d0bae90c3.jpg,1.892730239e-06
1713248047_d03721456d.jpg,1.681239559e-06
104136873_5b5d41be75.jpg,1.490607212e-06
3027397797_4f1d305ced.jpg,1.939330539e-06
3242088278_43eea5d17e.jpg,1.853421414e-06
289616152_012a9f16c6.jpg,1.662093261e-06
3268175963_113d90d178.jpg,1.78074522e-06
3726168984_1fa2c8965b.jpg,1.854587168e-06
2090339522_d30d2436f9.jpg,1.845292973e-06
3693961165_9d6c333d5b.jpg,1.717002792e-06
2956895529_ec6275060e.jpg,1.402613007e-06
2934121315_4969eeda1b.jpg,1.652879581e-06
2450453051_f1d4a78ab4.jpg,1.20710025e-06
3047751696_78c2efe5e6.jpg,2.114403423e-06
3376439178_159e4126de.jpg,1.858683464e-06
2589308405_e208b5e745.jpg,7.634902967e-07
1579206585_5ca6a24db0.jpg,1.748480517e-06
2218743570_9d6614c51c.jpg,2.213296117e-06
1488937076_5baa73fc2a.jpg,1.557325186e-06
3636055584_65a60426f8.jpg,1.484463564e-06
2493974889_50ae29f1e1.jpg,1.021157609e-06
3615730936_23457575e9.jpg,1.180329126e-06
445148321_9f2f3ac711.jpg,2.075112114e-06
823675317_b5fbdb17b3.jpg,2.558209234e-06
2880874989_a33b632924.jpg,1.878722902e-06
3238951136_2a99f1a1a8.jpg,1.254367794e-06
3030823649_3b7b6c728d.jpg,2.237572936e-06
1115679311_245eff2f4b.jpg,2.107279711e-06
351876121_c7c0221928.jpg,2.088933109e-06
3373243733_9aba7740ed.jpg,1.250739876e-06
3638783842_af08dbb518.jpg,1.397291379e-06
2906802485_dfebf09173.jpg,1.054541343e-06
3724623861_2bb6c23641.jpg,1.501115709e-06
3264337159_e1680a35ba.jpg,7.105562988e-07
3747543364_bf5b548527.jpg,2.183525203e-06
1472882567_33dc14c8b6.jpg,1.664796697e-06
3375134059_7e9eb2ef01.jpg,2.231346967e-06
3247168324_c45eaf734d.jpg,1.5018393e-06
1461329041_c623b06e5b.jpg,1.273059437e-06
1115565519_d976d4b1f1.jpg,1.824838177e-06
1176580356_9810d877bf.jpg,8.852991516e-07
3331102049_bc65cf6198.jpg,1.94930346e-06
3321516504_5ee97771cb.jpg,2.172363629e-06
2813588204_69fe7deb14.jpg,1.971643876e-06
3458559770_12cf9f134e.jpg,1.554974834e-06
2648310638_d6c576b5e4.jpg,1.852356841e-06
2837799692_2f1c50722a.jpg,1.633080018e-06
2507312812_768b53b023.jpg,2.416309681e-06
3168354472_866fe70d36.jpg,1.506485776e-06
2460799229_ce45a1d940.jpg,1.292473853e-06
2339140905_9f625f140a.jpg,1.922817341e-06
2438085746_588dce8724.jpg,2.003069953e-06
3631023049_8a85bab19f.jpg,1.486824173e-06
1312020846_5abb4a9be2.jpg,1.807068731e-06
3676460610_8c52e8a355.jpg,1.515251358e-06
3103231330_db98b14501.jpg,1.771722017e-06
2904997007_23d4b94101.jpg,2.551529743e-06
1479028910_3dab3448c8.jpg,1.991906695e-06
2465691083_894fc48af6.jpg,1.234812456e-06
2780087302_6a77658cbf.jpg,1.295345345e-06
2823200990_7b02b7cc36.jpg,1.597788036e-06
3285214689_f0219e9671.jpg,1.135307196e-06
2986280913_13fb2d472e.jpg,2.092288755e-06
518251319_40e031e818.jpg,1.599710377e-06
3546474710_903c3c9fd3.jpg,1.734100776e-06
2520909293_9bb7f7364e.jpg,1.671697586e-06
2877503811_4e311253ec.jpg,1.608968731e-06
3572942419_16ebdc3d46.jpg,1.569243547e-06
2659554389_ed3d15093f.jpg,2.132252297e-06
3471463779_64084b686c.jpg,1.301749865e-06
482353373_03a9d5e8bc.jpg,2.248099664e-06
2749124446_d4432787b5.jpg,1.571272653e-06
374567836_3ae12ecffb.jpg,2.188200153e-06
2551632823_0cb7dd779b.jpg,1.395908548e-06
495055747_a75872762a.jpg,2.511038029e-06
2403376030_903521c371.jpg,1.955508855e-06
3675742996_02ccef16a3.jpg,2.14139987e-06
115684808_cb01227802.jpg,1.998567887e-06
309687244_4bdf3b591f.jpg,1.763376292e-06
3557324238_6ba58831d9.jpg,1.968087183e-06
1259936608_e3f0064f23.jpg,1.264073425e-06
492802403_ba5246cfea.jpg,1.533507444e-06
3482474257_a88bfe5c57.jpg,2.356201457e-06
254475194_3d8f4dfd53.jpg,1.20585868e-06
444481722_690d0cadcf.jpg,1.657431486e-06
482047956_9a29e9cee6.jpg,1.665494983e-06
2844963839_ff09cdb81f.jpg,1.425075593e-06
2196107384_361d73a170.jpg,2.003773302e-06
2219805677_7b7cc188c7.jpg,1.626901803e-06
3210359094_ee51285301.jpg,2.079359464e-06
3537400880_8f410d747d.jpg,1.498544634e-06
3344531479_03c69750e9.jpg,1.791792625e-06
3171035252_dba286ae5c.jpg,1.885544306e-06
2339106348_2df90aa6a9.jpg,2.301075554e-06
369047365_35476becc9.jpg,1.482337593e-06
3130970054_04a3865c43.jpg,1.513732803e-06
2410399168_1462c422d4.jpg,2.429625663e-06
2391812384_7429b5e567.jpg,1.16952632e-06
478750151_e0adb5030a.jpg,8.065584115e-07
2756591658_3ca6db1595.jpg,2.166423833e-06
2561319255_ce5ede291e.jpg,1.125740328e-06
2414390475_28a0107bb0.jpg,2.143709391e-06
3417231408_6ce951c011.jpg,2.034480141e-06
524105255_b346f288be.jpg,1.75606388e-06
3068407619_5207b26986.jpg,1.625498553e-06
3036382555_30b7312cf3.jpg,1.772001733e-06
240696675_7d05193aa0.jpg,1.287717044e-06
1088767354_2acee738cf.jpg,1.269391593e-06
3104690333_4314d979de.jpg,1.832369321e-06
3257107194_f235c8f7ab.jpg,1.378541164e-06
410042380_517ccee020.jpg,1.689009118e-06
3143155555_32b6d24f34.jpg,1.830059004e-06
2854291706_d4c31dbf56.jpg,1.765151597e-06
2943334864_6bab479a3e.jpg,1.876529847e-06
3465606652_f380a38050.jpg,1.3227918e-06
324355356_859988a710.jpg,1.928342524e-06
3436313241_6c73153fb6.jpg,1.941601107e-06
2776029171_5abdd5a22f.jpg,1.897739638e-06
3290105461_7590f23371.jpg,2.130932852e-06
2501742763_b2cb322087.jpg,1.396503351e-06
3442540072_b22ca2410f.jpg,1.995327591e-06
3426964258_67a0cee201.jpg,1.738827288e-06
2559638792_a803ff63d1.jpg,1.354883658e-06
3701878677_8f2c26227b.jpg,2.507957525e-06
3568605391_54ec367d88.jpg,1.625785105e-06
1540631615_8b42c1b160.jpg,1.797303951e-06
1055753357_4fa3d8d693.jpg,1.621761349e-06
3693297007_94512e861e.jpg,1.839411802e-06
3689355450_fd559b816d.jpg,1.610790766e-06
2799871904_3b3125518a.jpg,1.77299687e-06
3116769029_f5a76f04ba.jpg,2.064878355e-06
1342780478_bacc32344d.jpg,1.684787926e-06
3012513414_86180c44cb.jpg,1.789101589e-06
2502935765_a0ae1fa7be.jpg,1.12689157e-06
2734669176_c272b42597.jpg,1.59111954e-06
2290589734_b588471345.jpg,1.758776733e-06
2602679255_785b851b46.jpg,2.065512381e-06
421706022_1ddb6a7a78.jpg,1.865560754e-06
2644326817_8f45080b87.jpg,2.341003582e-06
2959737718_31203fddb5.jpg,2.070602615e-06
2465218087_fca77998c6.jpg,1.817005336e-06
1351764581_4d4fb1b40f.jpg,1.871226026e-06
2394003437_184a838aa9.jpg,1.593241345e-06
123889082_d3751e0350.jpg,1.738959638e-06
2766765386_4c0beb939d.jpg,1.81804742e-06
189740668_0b045f1ff2.jpg,1.520087484e-06
3126681108_f88128699c.jpg,1.702355272e-06
3090600019_8808fe7a9d.jpg,1.410578074e-06
2685139184_4ff45e0f76.jpg,1.576533649e-06
3401548798_3a93f2caa5.jpg,2.075180676e-06
3569126684_a68b29a57f.jpg,1.399041836e-06
2333816000_7105d0ffac.jpg,1.719299736e-06
2862931640_2501bd36c5.jpg,1.925155136e-06
2466171114_3fa51415a7.jpg,1.063593187e-06
2133650765_fc6e5f295e.jpg,1.815692785e-06
2391269207_d1d2615b1d.jpg,2.055224079e-06
3674521435_89ff681074.jpg,2.439883193e-06
270864951_1737ae5479.jpg,2.093360504e-06
542179694_e170e9e465.jpg,1.543915799e-06
2370221025_be4d9a4431.jpg,1.43748466e-06
862177617_c2c0581075.jpg,2.172406088e-06
3288173388_03bc2a844d.jpg,2.134232547e-06
229954612_a4438297ee.jpg,1.670820348e-06
3287904625_f68ca5cea7.jpg,1.526657486e-06
989851184_9ef368e520.jpg,2.269399408e-06
3093970461_825b0cac2f.jpg,2.294500278e-06
3076928208_5763e9eb8c.jpg,1.778120714e-06
2837908308_8bc25c6b02.jpg,1.269215999e-06
276699720_fe6718fd03.jpg,1.722192006e-06
3437654963_c4fdc17e8b.jpg,1.143798118e-06
2138487671_5b89104043.jpg,2.051357518e-06
3501206996_477be0f318.jpg,1.14385187e-06
3278777548_290b881018.jpg,1.665421243e-06
3344632789_af90d54746.jpg,1.342964394e-06
3068945309_ff0973e859.jpg,1.279464678e-06
3368819708_0bfa0808f8.jpg,2.047860495e-06
273248777_eaf0288ab3.jpg,1.115104941e-06
2192131110_8a40e7c028.jpg,2.171233284e-06
490044494_d2d546be8d.jpg,2.133075374e-06
3296584432_bef3c965a3.jpg,9.272378985e-07
2116316160_d5fa7abdc3.jpg,1.729232365e-06
3038760935_9a713510eb.jpg,2.232960025e-06
2741380826_cfe0ddf0a9.jpg,1.991002413e-06
1423126855_6cd2a3956c.jpg,2.095862091e-06
1084104085_3b06223afe.jpg,2.323866831e-06
3225226381_9fe306fb9e.jpg,3.015194959e-06
1296412797_85b6d2f8d6.jpg,2.232811171e-06
1813777902_07d1d4b00c.jpg,1.782251262e-06
1418266617_b32143275b.jpg,1.487670932e-06
363617160_6cb0c723be.jpg,1.647830171e-06
2698614194_b4e6e11dff.jpg,1.893398178e-06
1333888922_26f15c18c3.jpg,2.063237219e-06
3288839246_fdb00395ae.jpg,1.253519147e-06
3189941492_a3f4347b1a.jpg,1.731461183e-06
3310551665_15b79ef4ea.jpg,2.287138406e-06
2245348304_08bc5642f1.jpg,2.039043425e-06
3412822878_5d961492e5.jpg,1.572825152e-06
2922512807_d382528a93.jpg,1.899011636e-06
2851931813_eaf8ed7be3.jpg,1.696177351e-06
3227140905_1d7e30e4c4.jpg,2.009116928e-06
2436398074_8737f40869.jpg,9.353286572e-07
3525417522_7beb617f8b.jpg,1.785680864e-06
2439384468_58934deab6.jpg,2.954910205e-06
213216174_0632af65a2.jpg,1.594266483e-06
3215870337_c92a1a1b2f.jpg,1.538208449e-06
434792818_56375e203f.jpg,1.480501231e-06
2959500257_3621429a37.jpg,1.27358125e-06
3425662680_41c7c50e8d.jpg,2.265048424e-06
3259883609_6a1b46919e.jpg,1.637348228e-06
2867968184_908d87cf2c.jpg,1.65298551e-06
108898978_7713be88fc.jpg,1.788252517e-06
3640422448_a0f42e4559.jpg,8.880816356e-07
133905560_9d012b47f3.jpg,1.534739015e-06
2125626631_a4b63af97e.jpg,2.059933249e-06
3327487011_1372c425fb.jpg,1.657208982e-06
3069216757_c419b3898e.jpg,1.964722274e-06
2602085456_d1beebcb29.jpg,2.050289616e-06
519228867_2fd25e38d4.jpg,1.771055676e-06
1622619190_d0b51aff28.jpg,1.216472866e-06
3209564153_077ed4d246.jpg,1.43648078e-06
2272491304_cb7c7ed16f.jpg,1.588879155e-06
582899605_d96f9201f1.jpg,1.411371506e-06
1433397131_8634fa6664.jpg,2.067109934e-06
3472449219_eb927f05b8.jpg,1.462601999e-06
251056963_c8b67f0107.jpg,2.431095551e-06
3655964639_21e76383d0.jpg,1.451855283e-06
1763020597_d4cc8f0f8a.jpg,1.866041751e-06
3247341210_5d1e50df23.jpg,1.252977128e-06
2447972568_1e9b287691.jpg,2.031271778e-06
2939464283_fc1a834976.jpg,1.261083974e-06
3482237861_605b4f0fd9.jpg,1.389381141e-06
2710416789_555180e399.jpg,2.001711667e-06
3533394378_1513ec90db.jpg,1.58571568e-06
3453313865_1ebff5393c.jpg,1.585898309e-06
219301555_17883a51bd.jpg,1.893797372e-06
44129946_9eeb385d77.jpg,1.237122268e-06
3429581486_4556471d1a.jpg,1.664877379e-06
501320769_31eea7b7ea.jpg,2.2869227e-06
224026428_0165164ceb.jpg,2.080881762e-06
3541491057_61a49588d9.jpg,1.907439241e-06
3119696225_b289efaec8.jpg,2.215770432e-06
2078311270_f01c9eaf4c.jpg,2.359305202e-06
2286032269_8ba929709c.jpg,2.054581366e-06
2893238950_8a027be110.jpg,1.623727399e-06
2917843040_7c9caaaa8a.jpg,1.864425669e-06
3048597471_5697538daf.jpg,2.342850428e-06
2505465055_f1e6cf9b76.jpg,1.810637853e-06
3284955091_59317073f0.jpg,1.589719374e-06
871290666_4877e128c0.jpg,1.307352914e-06
2402462857_7684848704.jpg,1.317128488e-06
241345981_1ef4f8109c.jpg,2.351931617e-06
3258395783_2de3a4ba27.jpg,2.096278967e-06
3432656291_a6c7981f6e.jpg,1.235805823e-06
945509052_740bb19bc3.jpg,1.444829761e-06
2752926645_801a198ff6.jpg,1.271359528e-06
2584487952_f70e5aa9bf.jpg,2.526310058e-06
2356574282_5078f08b58.jpg,2.09227533e-06
2324779494_5e72d29171.jpg,1.701458271e-06
3099091086_f75f0ce09d.jpg,1.41439863e-06
515797344_4ae75cb9b1.jpg,1.314146502e-06
2094543127_46d2f1fedf.jpg,1.189480682e-06
2194806429_ca4c3770c1.jpg,2.224860223e-06
3220009216_10f088185e.jpg,1.241198083e-06
3333017828_b930b9d41b.jpg,1.521317619e-06
3387661249_33e5ba0bc5.jpg,1.829252938e-06
141755290_4b954529f3.jpg,1.429442194e-06
3150252702_828a570d46.jpg,1.743158021e-06
2269021076_cefc9af989.jpg,1.695048131e-06
486712504_36be449055.jpg,2.072487045e-06
3259225196_750c4ce0f9.jpg,2.365320936e-06
3409506817_775e38d219.jpg,1.287417056e-06
3632842482_482f29e712.jpg,1.562351626e-06
532396029_ce125bda3f.jpg,1.231176716e-06
3704431444_f337ec2b90.jpg,1.991625435e-06
3562169000_6aa7f1043d.jpg,1.871312695e-06
3441399292_60c83bd5db.jpg,2.370427921e-06
3243233886_235a80e8c7.jpg,1.721467122e-06
3005123298_d3017d5f5d.jpg,1.382022333e-06
437527058_189f2a7eef.jpg,1.793053912e-06
3582742297_1daa29968e.jpg,2.247210744e-06
3033741581_136889ac73.jpg,1.540169665e-06
296873864_4de75de261.jpg,1.453303054e-06
2379150102_157d718d1d.jpg,1.991654568e-06
3029715635_43ab414dfb.jpg,9.033734686e-07
3684680947_f1c460242f.jpg,2.271509869e-06
3044746136_8b89da5f40.jpg,1.691565564e-06
3532412342_e0a004b404.jpg,1.887541668e-06
2968693931_52d161b8e7.jpg,1.484461402e-06
2632111399_b3c1630f8e.jpg,1.364753717e-06
2676648667_cb055b4fc6.jpg,2.023537383e-06
525863257_053333e612.jpg,1.295782651e-06
3328495660_ed0e3f29cf.jpg,1.607455022e-06
3640417354_b0b3e4aec9.jpg,1.266690614e-06
3249278583_95cd8206da.jpg,2.26088571e-06
2341254813_c53a5ef27a.jpg,2.429497199e-06
2331510788_986809bbb4.jpg,1.764102189e-06
3161044966_27bf6f9dec.jpg,2.328792549e-06
3098336319_a7e5b061d0.jpg,2.004045066e-06
3236677456_75821e3583.jpg,2.153612043e-06
958326692_6210150354.jpg,1.227491916e-06
2755053974_5cc157512e.jpg,1.54101178e-06
2903469015_a1e7d969c2.jpg,2.187221595e-06
3490597800_8f94f7d353.jpg,1.646945301e-06
2472574160_8ce233f396.jpg,1.476620259e-06
2995461857_dd26188dcf.jpg,2.208827095e-06
2042009399_afad34e7c1.jpg,1.756151822e-06
3197791645_601908f26b.jpg,2.823392035e-06
2521938720_911ac092f7.jpg,1.770267992e-06
3184031654_34b5c4ffe1.jpg,2.385397642e-06
426065353_e9a604a01f.jpg,1.873793846e-06
3591461782_687e320042.jpg,1.45534832e-06
2251418114_2b0cd4c139.jpg,1.782415608e-06
1859726819_9a793b3b44.jpg,1.0650764e-06
430803349_a66c91f64e.jpg,1.872861408e-06
1977827746_4e13d7e19f.jpg,1.550142618e-06
2101457132_69c950bc45.jpg,2.214897156e-06
3666537170_c4ecda4be8.jpg,1.829687522e-06
2321466753_5606a10721.jpg,2.080319369e-06
3141613533_595723208d.jpg,1.434569511e-06
3542341321_faa2d2d48a.jpg,1.242585918e-06
948196883_e190a483b1.jpg,2.100989407e-06
384465575_31294122c0.jpg,1.690407225e-06
1312227131_771b5ed201.jpg,1.600440747e-06
1222322358_225067636e.jpg,1.866375637e-06
2641288004_30ce961211.jpg,1.620714495e-06
2851304910_b5721199bc.jpg,1.851053442e-06
495116214_f1df479fb0.jpg,1.619025219e-06
2978024878_a45b282bf4.jpg,1.723525418e-06
3527524436_a54aca78a9.jpg,2.123037749e-06
2944362789_aebbc22db4.jpg,1.070271589e-06
3090593241_93a975fe2b.jpg,1.640505454e-06
2521213787_ca9b5a1758.jpg,1.968041528e-06
2528547068_7d37479b9b.jpg,1.727100778e-06
1167908324_8caab45e15.jpg,1.844134384e-06
2275029674_6d4891c20e.jpg,1.571307137e-06
534669139_1a4f8ab9d5.jpg,1.75984643e-06
3388094307_5a83be64a5.jpg,1.746614641e-06
160566014_59528ff897.jpg,1.773107483e-06
2616561200_ea079f285a.jpg,1.844084493e-06
617038406_4092ee91dd.jpg,1.478908108e-06
3578372039_57473f473c.jpg,1.439093563e-06
3492180255_0bd48a18f8.jpg,1.7943703e-06
3032790880_d216197d55.jpg,1.905937175e-06
2667015110_1670324a33.jpg,2.181981588e-06
2426303900_0a8d52eb14.jpg,1.421393207e-06
3250695024_93e8ab7305.jpg,1.510078305e-06
3672057606_cb6393dbd9.jpg,2.059762021e-06
241346317_be3f07bd2e.jpg,1.537282687e-06
3400186336_37043a2f5b.jpg,1.793199921e-06
2180480870_dcaf5ac0df.jpg,1.624458259e-06
3085226474_62aba51179.jpg,1.80408666e-06
3683185795_704f445bf4.jpg,1.642028384e-06
3444982197_0ff15cc50b.jpg,1.874122596e-06
607339469_af851c4119.jpg,1.762575442e-06
3331009729_d3b14738e6.jpg,8.086067958e-07
503717911_fc43cb3cf9.jpg,1.781016151e-06
3097196395_ec06075389.jpg,1.80689058e-06
2261962622_e9318a95eb.jpg,1.706998879e-06
3216829599_366a43f05e.jpg,2.257745223e-06
1616016569_673de1d678.jpg,1.913178021e-06
2596876977_b61ee7ee78.jpg,2.158798375e-06
459778335_857d8ffebf.jpg,2.013738279e-06
3197482764_2f289cb726.jpg,2.158411241e-06
3497255828_f27e009aac.jpg,2.000704508e-06
2149968397_a7411729d1.jpg,2.096603938e-06
2595713720_30534e8de2.jpg,1.804775412e-06
2174206711_11cb712a8d.jpg,1.985827053e-06
2492258999_5764124bba.jpg,1.789236385e-06
944374205_fd3e69bfca.jpg,1.460151002e-06
2855667597_bf6ceaef8e.jpg,2.265935661e-06
2935649082_1ca60180c6.jpg,2.322489578e-06
3171250845_5ae0d2a8bc.jpg,2.246792982e-06
3120189281_1938460e85.jpg,1.797274087e-06
3487131146_9d3aca387a.jpg,2.006589915e-06
182493240_40410254b0.jpg,1.70279805e-06
102351840_323e3de834.jpg,4.207020671e-06
883040210_3c4a10f030.jpg,2.099292172e-06
1358089136_976e3d2e30.jpg,1.840610428e-06
2930622766_fa8f84deb1.jpg,1.898416019e-06
2643263887_a32ffb878f.jpg,2.026146061e-06
3374384485_751f719be4.jpg,1.071018838e-06
290650302_ade636da35.jpg,2.120764156e-06
2747714500_49476225c6.jpg,2.020062629e-06
758921886_55a351dd67.jpg,1.831100608e-06
311146855_0b65fdb169.jpg,1.198411116e-06
2490179961_e842fda5eb.jpg,1.831190927e-06
2064790732_219e52e19c.jpg,2.176514057e-06
3315250232_83e24a2d51.jpg,1.655623748e-06
3441104823_33cdae5a56.jpg,1.819495371e-06
2675685200_0913d84d9b.jpg,1.433608452e-06
2899622876_b673b04967.jpg,2.266139508e-06
2259336826_0cb294e1f7.jpg,1.339633172e-06
2742426734_291df6da08.jpg,1.884825882e-06
2697909987_128f11d1b7.jpg,1.634260649e-06
3239021459_a6b71bb400.jpg,2.084587843e-06
3204525212_d548c7fca7.jpg,1.128061171e-06
918886676_3323fb2a01.jpg,2.145754835e-06
560278886_df4bd2e212.jpg,1.878115404e-06
3649307685_60c1294d2a.jpg,2.873867676e-06
2045928594_92510c1c2a.jpg,2.21125627e-06
2933637854_984614e18b.jpg,1.818521175e-06
1650280501_29810b46e5.jpg,1.882440171e-06
300922408_05a4f9938c.jpg,2.250798794e-06
2798651021_2566f2a47e.jpg,1.504625054e-06
3460551728_63255cec18.jpg,1.676487229e-06
3440104178_6871a24e13.jpg,1.468528563e-06
3484906808_ee20714408.jpg,1.542573723e-06
410413536_11f1127c46.jpg,2.517681051e-06
400562847_e15aba0aac.jpg,1.008220423e-06
101669240_b2d3e7f17b.jpg,1.464833119e-06
2987195421_e830c59fb6.jpg,1.955388951e-06
3208188198_2b271d2a2e.jpg,2.286247972e-06
3208032657_27b9d6c4f3.jpg,1.936704908e-06
429851331_b248ca01cd.jpg,2.458984181e-06
458735196_176e7df6b3.jpg,2.435172735e-06
3275627207_0b41e44597.jpg,2.557796639e-06
2960759328_2d31e4af9b.jpg,2.296430756e-06
2206594874_5e0087c6b7.jpg,1.40225487e-06
1357689954_72588dfdc4.jpg,2.1842411e-06
2869491449_1041485a6b.jpg,1.625708609e-06
2574230252_f5a1382dd4.jpg,1.694588299e-06
2261550615_b6c25d987b.jpg,1.827847156e-06
2358554995_54ed3baa83.jpg,1.985858934e-06
264141937_585320617a.jpg,1.320014572e-06
2809793070_1a3387cd6e.jpg,1.550021201e-06
3338291921_fe7ae0c8f8.jpg,2.577893476e-06
2056377805_e9a9b3bcf0.jpg,1.653333148e-06
3105315670_5f86f73753.jpg,1.399960482e-06
1015118661_980735411b.jpg,2.005032341e-06
3047264346_e24601bfbf.jpg,1.587809434e-06
1311388430_4ab0cd1a1f.jpg,2.187239194e-06
1077546505_a4f6c4daa9.jpg,1.91416409e-06
2800990525_a1f8427272.jpg,2.411720862e-06
3482062809_3b694322c4.jpg,1.407748376e-06
2661294481_b86058b504.jpg,1.213973085e-06
2896640216_761a47f006.jpg,1.669437095e-06
3616525288_9c19223de6.jpg,2.000743644e-06
2497420371_74788d7ba1.jpg,1.474503765e-06
766346887_a9a9d0637a.jpg,1.912207023e-06
2061944672_0383e65c8a.jpg,1.914447734e-06
3015891201_2c1a9e5cd7.jpg,1.948072034e-06
2652522323_9218afd8c2.jpg,2.129372774e-06
2054869561_ff723e9eab.jpg,2.443789489e-06
2394763838_99d1435b85.jpg,2.930530457e-06
3439560988_f001f96fc9.jpg,1.757886855e-06
3320032226_63390d74a6.jpg,1.859531933e-06
3677954655_df4c0845aa.jpg,1.605651189e-06
2429212017_77fc107699.jpg,1.264969975e-06
241347760_d44c8d3a01.jpg,2.33486687e-06
241347823_6b25c3e58e.jpg,2.336681628e-06
2416964653_db3c2b6a0e.jpg,1.678369211e-06
3532782283_341f0381a3.jpg,1.96605247e-06
3600221224_945df01247.jpg,2.107985059e-06
3621647714_fc67ab2617.jpg,1.286627502e-06
2874876837_80d178ba9b.jpg,1.442473431e-06
448916362_17f3f1d0e1.jpg,2.477335476e-06
3052104757_d1cf646935.jpg,1.553335526e-06
2414352262_005ae90407.jpg,1.391221214e-06
2187904131_96ea83b9b5.jpg,2.140091895e-06
2649406158_ded6be38de.jpg,2.200977379e-06
2353102255_67d9d2e40a.jpg,1.693906944e-06
1501297480_8db52c15b0.jpg,2.314829361e-06
466956675_a2fb6bf901.jpg,1.365470924e-06
2737759676_4bc9be2daf.jpg,2.208682255e-06
2885387575_9127ea10f1.jpg,1.402255666e-06
510197538_0a11b94460.jpg,2.367538948e-06
3623650392_7b75d4de21.jpg,1.461949486e-06
3354474353_daf9e168cf.jpg,1.954286829e-06
2949353587_64c54e9589.jpg,2.606067492e-06
3522989916_f20319cc59.jpg,1.51783941e-06
2646116932_232573f030.jpg,1.436936691e-06
3028561714_83fb921067.jpg,2.255600869e-06
2439031566_2e0c0d3550.jpg,1.029097649e-06
3436074878_21515a6706.jpg,2.480984716e-06
875731481_a5a0a09934.jpg,1.447551343e-06
3716277216_c04002be81.jpg,1.408874641e-06
2259203920_6b93b721ce.jpg,4.178829939e-06
3329289652_e09b80e2f3.jpg,1.678563868e-06
3685328542_ab999b83bb.jpg,1.584830744e-06
3250076419_eb3de15063.jpg,2.144664367e-06
495341977_b27279f962.jpg,2.120040476e-06
3407357681_5aeaab5b59.jpg,2.36265572e-06
3066429707_842e50b8f7.jpg,1.28828929e-06
3392851587_a638ff25e2.jpg,2.021611991e-06
2730938963_c4ed3e2258.jpg,1.231878213e-06
269650644_059a84ece5.jpg,1.529248126e-06
3605676864_0fb491267e.jpg,2.241825293e-06
2183227136_8bb657846b.jpg,2.294391721e-06
237953705_cfe6999307.jpg,1.697905339e-06
2856252334_1b1a230e70.jpg,1.166447176e-06
3015368588_ef0a06076d.jpg,1.903526144e-06
2521938802_853224f378.jpg,2.027570831e-06
2759089516_cbb993cb92.jpg,1.459421913e-06
1807169176_7f5226bf5a.jpg,1.984884398e-06
457875937_982588d918.jpg,2.052809365e-06
3158680604_c1f99b3946.jpg,1.764398178e-06
530454257_66d58b49ee.jpg,1.442875064e-06
1263801010_5c74bf1715.jpg,1.648634196e-06
172097782_f0844ec317.jpg,1.679274369e-06
3426789838_8771f0ed56.jpg,1.900346856e-06
2220612655_030413b787.jpg,1.459009784e-06
2089426086_7acc98a3a8.jpg,2.008886131e-06
1306145560_1e37081b91.jpg,2.017336019e-06
3297323827_f582356478.jpg,1.348936673e-06
2306186887_0bd8ed3792.jpg,8.820845555e-07
3574930742_9081bd2426.jpg,2.06545474e-06
2995935078_beedfe463a.jpg,1.876352513e-06
2114739371_83aa8bdb0e.jpg,3.062018842e-06
2895403073_906768cafa.jpg,1.773814055e-06
3234375022_1464ea7f8a.jpg,1.536429279e-06
2561295656_4f21fba209.jpg,2.487069425e-06
2358561039_e215a8d6cd.jpg,2.304178355e-06
2123932281_1a4fd38455.jpg,1.228817587e-06
3227499174_07feb26337.jpg,1.526598773e-06
3457210101_3533edebc8.jpg,1.555328422e-06
3286222970_1fa445e38f.jpg,1.751999802e-06
293151893_ee7249eccb.jpg,1.260997389e-06
3371279606_c0d0cddab2.jpg,1.866335629e-06
1490213660_9ea45550cf.jpg,1.417399211e-06
3599392711_8264881de2.jpg,1.693751921e-06
111497985_38e9f88856.jpg,1.561990744e-06
2782850287_1408f7ec43.jpg,1.630506218e-06
825918657_d92f1761f4.jpg,2.209883601e-06
2095478050_736c4d2d28.jpg,1.469216189e-06
2782480767_064c95eff2.jpg,1.689703876e-06
1149179852_acad4d7300.jpg,1.576828865e-06
2441313372_6a1d59582b.jpg,1.985332672e-06
3724718895_bd03f4a4dc.jpg,1.099604484e-06
2704257993_d485058a5f.jpg,1.566809613e-06
3584930205_a3f58a4b7c.jpg,2.228796372e-06
2294598473_40637b5c04.jpg,2.034008903e-06
3242007318_01e82171aa.jpg,1.098166364e-06
3251234434_d01e25a50a.jpg,1.528235513e-06
3556571710_19cee6f5bd.jpg,1.488225584e-06
3578914491_36019ba703.jpg,1.752761409e-06
2876848241_63290edfb4.jpg,1.916023513e-06
452419961_6d42ab7000.jpg,1.879817988e-06
42637986_135a9786a6.jpg,8.968378675e-07
2760716468_b541e9fd0f.jpg,1.261841918e-06
2447035752_415f4bb152.jpg,1.580209866e-06
2473738924_eca928d12f.jpg,2.091922066e-06
1363924449_487f0733df.jpg,2.456179958e-06
3585487286_ef9a8d4c56.jpg,2.579096158e-06
3037558954_20115165e3.jpg,1.703360733e-06
3362049454_ea0c22e57b.jpg,1.426900655e-06
299178969_5ca1de8e40.jpg,2.451285658e-06
1104133405_c04a00707f.jpg,2.002914965e-06
3477683327_d9e6a2a64f.jpg,2.08157356e-06
282116218_7fd7583d6e.jpg,1.134458504e-06
3721082512_8277087f3f.jpg,1.45421191e-06
246055693_ccb69ac5c6.jpg,1.804839646e-06
3271061953_700b96520c.jpg,1.707732766e-06
2480820830_bdec1f5b76.jpg,1.988792386e-06
270809922_043e3bef06.jpg,1.5797568e-06
1419385780_1383ec7ba9.jpg,1.643404774e-06
897621891_efb1e00d1d.jpg,2.409442117e-06
2921578694_a46ae0d313.jpg,2.337161348e-06
2327088022_478dbd2c17.jpg,2.543318851e-06
3640407952_bb38fb9d55.jpg,1.512841147e-06
326028454_fb396167e6.jpg,2.162650246e-06
2867937005_91c092b157.jpg,1.590215337e-06
2546667441_bbe87a6285.jpg,2.098056308e-06
1775029934_e1e96038a8.jpg,1.74643243e-06
2121357310_f8235311da.jpg,2.059607695e-06
3665987581_5e6b0a65f2.jpg,1.981485104e-06
3429956016_3c7e3096c2.jpg,1.918483666e-06
3209350613_eb86579ee8.jpg,1.466719743e-06
1425013325_bff69bc9da.jpg,1.736221597e-06
319185571_56162796da.jpg,2.380274199e-06
3520936130_9e90872560.jpg,1.55789028e-06
2867026654_38be983b44.jpg,1.928013701e-06
3069786374_804e1123ac.jpg,1.549838472e-06
3726120436_740bda8416.jpg,1.791475699e-06
2337919839_df83827fa0.jpg,1.360572603e-06
2447289477_e888df561d.jpg,2.0247415e-06
3597715122_45878432ec.jpg,1.552449607e-06
3646453252_5ebbbaa6cc.jpg,2.28111048e-06
261883591_3f2bca823c.jpg,1.489678965e-06
3125041578_c1f2d73b6d.jpg,2.247465951e-06
3084001782_41a848df4e.jpg,1.887068245e-06
452363869_cad37e609f.jpg,2.146873921e-06
123997871_6a9ca987b1.jpg,2.232622386e-06
508958120_afe274f726.jpg,1.573872351e-06
109738763_90541ef30d.jpg,1.148789766e-06
888425986_e4b6c12324.jpg,1.157963043e-06
288025239_5e59ba9c3b.jpg,1.959771561e-06
3214381315_b54f5c9be4.jpg,3.625178595e-06
2070831281_dc04b3e15d.jpg,1.970687017e-06
3301811927_a2797339e5.jpg,1.592836056e-06
3484070900_3e76d7fd30.jpg,1.870877271e-06
2876994989_a4ebbd8491.jpg,1.920279927e-06
2080033499_6be742f483.jpg,2.087939127e-06
3269895626_7b253c82ed.jpg,1.720954947e-06
3319388517_5609ae9805.jpg,2.076937257e-06
2560278143_aa5110aa37.jpg,1.505432675e-06
3069937639_364fc11e99.jpg,1.216458415e-06
2448210587_9fe7ea5f42.jpg,1.310389065e-06
2444935470_7b0226b756.jpg,1.692794514e-06
3204081508_0e7f408097.jpg,1.508850431e-06
3220650628_4ed964e5b4.jpg,1.752467227e-06
2393924525_1bf45ca217.jpg,1.794962398e-06
3590753142_61993d39df.jpg,1.45953254e-06
3368865171_597d51cdd5.jpg,1.068664313e-06
472860064_a96a228796.jpg,2.048338218e-06
3587596696_9c5964c94d.jpg,1.763435374e-06
2041867793_552819a40b.jpg,1.401521536e-06
3094278545_febac56382.jpg,2.321142301e-06
333031366_a0828c540d.jpg,2.360340639e-06
3612538549_2828b45867.jpg,2.492087434e-06
154871781_ae77696b77.jpg,1.353332991e-06
3338217927_3c5cf3f7c6.jpg,2.60227811e-06
3362805914_72f60ee8cb.jpg,1.170118018e-06
442594271_2c3dd38483.jpg,2.030657464e-06
512026551_ba63ddbd31.jpg,2.138308469e-06
1801663973_5ad393caeb.jpg,1.573386629e-06
2744705147_acd767d3eb.jpg,1.316415536e-06
3344233740_c010378da7.jpg,1.414454716e-06
3690348036_a01f243fb0.jpg,1.200019963e-06
2363540508_9dd1ccf7c7.jpg,2.136241296e-06
812196663_0c969970b5.jpg,2.08933666e-06
297724467_e8918a6f90.jpg,1.829849315e-06
2926595608_69b22be8d4.jpg,1.580639296e-06
938162709_21443d352f.jpg,1.249870511e-06
241347114_6273736da8.jpg,2.251381931e-06
3404870997_7b0cd755de.jpg,1.610793487e-06
381976882_0063d16d88.jpg,1.149903569e-06
3710073758_ac2b217f29.jpg,9.76666136e-07
1478268555_7e301fc510.jpg,1.216133191e-06
3485486737_953f9d3be2.jpg,1.78493329e-06
531152619_6db02a7ed9.jpg,1.913714113e-06
1319634306_816f21677f.jpg,1.120184065e-06
2385744837_8780f6731a.jpg,1.974575145e-06
1387461595_2fe6925f73.jpg,2.241389928e-06
2314722788_6262c3aa40.jpg,1.418145221e-06
1213336750_2269b51397.jpg,2.237231885e-06
10815824_2997e03d76.jpg,1.870958145e-06
258476074_f28f4a1ae6.jpg,1.660984111e-06
3606355203_1260f43ec0.jpg,2.122912501e-06
343662720_39e4067cd1.jpg,1.280871304e-06
3484576025_a8c50942aa.jpg,1.899929096e-06
2593695271_4d9cc9bd6f.jpg,1.454172733e-06
3132832452_c354c6396c.jpg,1.725423696e-06
1808007704_ee8a93abb4.jpg,1.79994408e-06
697778778_b52090709d.jpg,1.187479612e-06
2486364531_b482d7f521.jpg,1.587469049e-06
892340814_bdd61e10a4.jpg,1.70482357e-06
293881927_ac62900fd4.jpg,1.072439098e-06
3128514681_a51b415c31.jpg,1.267700134e-06
2286270205_16038dec5a.jpg,2.235858679e-06
233327292_3bcbc3783f.jpg,1.628603999e-06
356929855_6bbf33d933.jpg,2.465723495e-06
3578981202_efef47e264.jpg,2.06505691e-06
2392460773_2aa01eb340.jpg,2.263570523e-06
2919459517_b8b858afa3.jpg,1.841209756e-06
3330019493_fd36fbc2ea.jpg,1.436865328e-06
2119302248_72493d458c.jpg,2.027334509e-06
2884651479_12e400ee58.jpg,2.24243194e-06
1016887272_03199f49c4.jpg,1.874923673e-06
3518687038_964c523958.jpg,1.46568844e-06
103106960_e8a41d64f8.jpg,1.620921261e-06
298920219_9a3f80acc5.jpg,2.15045163e-06
3301744710_b51280eb56.jpg,1.904293378e-06
3079341641_f65f6b0f8b.jpg,2.072112131e-06
2112661738_de71b60b88.jpg,1.093741535e-06
911795495_342bb15b97.jpg,2.593488587e-06
3185787277_b412d7f5b7.jpg,1.796590595e-06
847782643_57248bbdab.jpg,8.284667027e-07
2151300603_248a9fe715.jpg,2.004698474e-06
3576250302_14779632bd.jpg,1.965006012e-06
3222055946_45f7293bb2.jpg,2.199437668e-06
3220200084_3ea129336e.jpg,2.197739493e-06
2860035355_3fe7a5caa4.jpg,1.93264866e-06
2544246151_727427ee07.jpg,1.602042862e-06
3419634480_c390f62a6e.jpg,1.26904721e-06
2268115375_69884e958d.jpg,1.169126783e-06
3214885227_2be09e7cfb.jpg,1.750237676e-06
2410618963_fb78307d18.jpg,1.642707627e-06
3339751521_7a8768be27.jpg,2.158514148e-06
3547368652_0d85c665d3.jpg,1.327509471e-06
2956413620_d59de03a06.jpg,2.117219812e-06
3469585782_e708496552.jpg,1.963809743e-06
3399284917_721aefe2a7.jpg,1.834338426e-06
3043266735_904dda6ded.jpg,2.192165213e-06
487074671_66db20bf47.jpg,1.926751344e-06
3306212559_731ba9bd05.jpg,2.384232408e-06
3318564834_4ccea90497.jpg,1.76407124e-06
2358447641_10f1e9d21f.jpg,2.296504844e-06
2678798732_2998f9969c.jpg,1.117441531e-06
3388836914_c267cf3a59.jpg,1.803713347e-06
2222559267_6fd31e3941.jpg,1.554343303e-06
1388373425_3c72b56639.jpg,1.416952736e-06
2276499757_b44dc6f8ce.jpg,1.319479955e-06
309049466_1d7e7d5fc2.jpg,1.401761933e-06
2442243868_abe8f74fb4.jpg,2.333266822e-06
2833820456_143ea6ce47.jpg,1.491757115e-06
2728276857_3f83757ef2.jpg,1.857619033e-06
3090957866_f1b2b7f214.jpg,1.702741836e-06
1659358141_0433c9bf99.jpg,1.791346639e-06
3206999917_e682672cbc.jpg,1.508003502e-06
210839948_bbd5bfa3b6.jpg,1.820474922e-06
1526181215_c1a94325ae.jpg,1.640002696e-06
2856456013_335297f587.jpg,1.356380123e-06
2603125422_659391f961.jpg,1.734181174e-06
2453318633_550228acd4.jpg,1.577279801e-06
3456362961_d8f7e347a8.jpg,1.471289568e-06
2550011909_6b95f11330.jpg,1.245343096e-06
3102204862_f1d220230b.jpg,2.221316771e-06
1454841725_4b6e6199e2.jpg,1.998705706e-06
824923476_d85edce294.jpg,1.839505474e-06
2945036454_280fa5b29f.jpg,2.039899302e-06
2128119486_4407061c40.jpg,2.554479526e-06
506367606_7cca2bba9b.jpg,1.622439881e-06
3537474810_cf676b3259.jpg,2.107507927e-06
433810429_a4da0eac50.jpg,1.241619954e-06
973827791_467d83986e.jpg,1.59520918e-06
2519812011_f85c3b5cb5.jpg,1.465423744e-06
271177682_48da79ab33.jpg,1.475607385e-06
241347700_ef2451d256.jpg,2.636020305e-06
394563330_68b566368c.jpg,1.491155086e-06
3122579598_14841c038a.jpg,1.044148987e-06
3366904106_e996320d20.jpg,2.112177788e-06
2938875913_0ed920a6be.jpg,1.978497231e-06
3478877323_0a507a601b.jpg,1.574363102e-06
2892413015_5ecd9d972a.jpg,1.224125484e-06
3720366614_dfa8fe1088.jpg,1.975353341e-06
3612249030_e2829ffa31.jpg,2.699899289e-06
3738685861_8dfff28760.jpg,1.583344873e-06
3393152604_27bd1037f2.jpg,1.7918619e-06
145721498_a27d2db576.jpg,1.951543109e-06
3083016677_5782bc337c.jpg,1.116165606e-06
3139393607_f0a54ca46d.jpg,2.259835896e-06
3564148252_aa4cb36a32.jpg,1.801188019e-06
1931690777_897a7d8ab6.jpg,9.725538289e-07
3415578043_03d33e6efd.jpg,1.705018757e-06
2672588619_3849930e99.jpg,2.070654048e-06
3288174272_2daa06d360.jpg,1.810592507e-06
2500354186_0836309cc9.jpg,1.07419496e-06
2661294969_1388b4738c.jpg,1.341283093e-06
2830309113_c79d7be554.jpg,2.015154968e-06
492341908_1ef53be265.jpg,1.37329356e-06
1317292658_ba29330a0b.jpg,1.95980625e-06
317641829_ab2607a6c0.jpg,1.877183405e-06
3677613006_4689cb8e4e.jpg,1.96532595e-06
3430526230_234b3550f6.jpg,1.456244449e-06
3663307538_468739e4c3.jpg,2.184067201e-06
2540360421_f7c2401da8.jpg,2.126824036e-06
3590653633_495de5f288.jpg,1.609413487e-06
1295698260_e10c53c137.jpg,2.415366879e-06
270724499_107481c88f.jpg,2.022875204e-06
3174713468_e22fa7779e.jpg,1.287938122e-06
3437273677_47d4462974.jpg,2.044255423e-06
3201427741_3033f5b625.jpg,1.552516859e-06
3162442331_c9711857c6.jpg,1.798782806e-06
3454988449_1de1ef4f20.jpg,1.239902602e-06
3342309960_c694b2cce9.jpg,1.619383715e-06
2429729667_42effc165d.jpg,1.61543287e-06
2297471897_3419605c16.jpg,1.256924193e-06
697490420_67d8d2a859.jpg,2.161437327e-06
3476709230_6439305bf2.jpg,1.745401799e-06
2295447147_458cfea65a.jpg,2.136527127e-06
1469358746_2a879abaf3.jpg,1.524883347e-06
3616771728_2c16bf8d85.jpg,2.097439942e-06
3718892835_a3e74a3417.jpg,1.446342743e-06
3298233193_d2a550840d.jpg,1.58613653e-06
3497236690_a48bf7ac42.jpg,2.096132726e-06
2403078014_4b1d6f8bde.jpg,1.631994583e-06
2999735171_87ca43c225.jpg,1.360904362e-06
3616638478_641d02183d.jpg,1.443361611e-06
3413571342_b9855795e2.jpg,1.940257477e-06
508432819_3d055f395d.jpg,1.193192255e-06
2374652725_32f90fa15c.jpg,2.100871087e-06
241347300_7c84ecf764.jpg,2.114324427e-06
2931254547_e97c6d0d63.jpg,2.265551623e-06
244760289_f4467b2b67.jpg,2.069524819e-06
3541483943_9776baee7c.jpg,2.256745517e-06
3584603849_6cfd9af7dd.jpg,2.564096806e-06
2884092603_786b53a74b.jpg,1.858292252e-06
2255332561_3375897ff0.jpg,1.805091511e-06
3307147971_5b3abf61f9.jpg,1.229715539e-06
2953861572_d654d9b6f2.jpg,2.500223931e-06
3072172967_630e9c69d0.jpg,1.369114584e-06
1473618073_7db56a5237.jpg,1.696378464e-06
1354318519_2f9baed754.jpg,2.476087458e-06
3559781965_d4ec00e506.jpg,1.641617791e-06
3027399066_ca85495775.jpg,1.943662388e-06
429283612_37f6e7fb7f.jpg,2.242274802e-06
2029280005_a19609c81a.jpg,1.358755045e-06
2592711202_55f8c64495.jpg,1.523411543e-06
3263741906_6e4508d1c8.jpg,2.456461857e-06
3551281733_b43bf6f870.jpg,2.261306643e-06
493507605_48fe8e3739.jpg,1.031096662e-06
3535768334_a3924bcccd.jpg,2.146854104e-06
684375286_09cc1aa778.jpg,1.112945268e-06
2102732029_9ae520914d.jpg,2.331756315e-06
3426144752_28d63615ca.jpg,2.158031457e-06
346253487_687150ab04.jpg,1.923043372e-06
3454315016_f1e30d4676.jpg,1.651553548e-06
3550255426_4ab03c0d6e.jpg,1.489868608e-06
2236016316_f476cbbf06.jpg,2.485660372e-06
1675679141_36c9bc2969.jpg,1.769785168e-06
3139895886_5a6d495b13.jpg,2.21185809e-06
2265100168_175f8218af.jpg,2.23874011e-06
3523559027_a65619a34b.jpg,1.358544671e-06
421932359_edbf181f44.jpg,1.412831397e-06
3376942201_2c45d99237.jpg,2.349154748e-06
2458033289_f0616879df.jpg,1.882851457e-06
2709648336_15455e60b2.jpg,1.658733284e-06
2337809114_899ba61330.jpg,1.70357166e-06
3377344932_6dfce93248.jpg,1.843482054e-06
445655284_c29e6d7323.jpg,1.498634903e-06
3502993968_4ee36afb0e.jpg,2.046597018e-06
599366440_a238e805cf.jpg,1.594827143e-06
152029243_b3582c36fa.jpg,1.33441917e-06
2952751562_ff1c138286.jpg,2.211208218e-06
3336831820_5c5df4b033.jpg,2.215344033e-06
418616992_22090c6195.jpg,1.947068296e-06
3568225554_73cdb19576.jpg,1.496598327e-06
2545363449_1985903f82.jpg,2.05396313e-06
2176147758_9a8deba576.jpg,1.589788942e-06
3117562746_62f57a02b5.jpg,1.626352539e-06
1594038143_57f299aa8a.jpg,1.664805547e-06
2695001634_127fe2f0d7.jpg,1.607162258e-06
3082474922_9c3533eaf6.jpg,2.019077032e-06
3503623999_bbd5dcfb18.jpg,1.443204386e-06
1446933195_8fe9725d62.jpg,1.578249464e-06
3139389284_f01bd4c236.jpg,2.296499704e-06
848293676_98e73c52c1.jpg,2.352794694e-06
2924908529_0ecb3cdbaa.jpg,1.543264388e-06
3397228832_8ce5b1c26f.jpg,2.130529166e-06
2705947033_5999147842.jpg,1.450434681e-06
3533922605_a2b1e276f6.jpg,1.353768315e-06
3221815947_76c95b50b7.jpg,1.769645491e-06
3181701312_70a379ab6e.jpg,1.971659208e-06
415657941_454d370721.jpg,1.325862156e-06
412056525_191724b058.jpg,2.327251395e-06
2431832075_00aa1a4457.jpg,1.718212141e-06
3252457866_b86614064c.jpg,1.519737401e-06
3558370311_5734a15890.jpg,1.999652437e-06
537390477_7dd3407f96.jpg,2.275625264e-06
3526018344_450c517a72.jpg,1.950485256e-06
3138504165_c7ae396294.jpg,1.342959449e-06
1606988704_fe330878a3.jpg,1.771854549e-06
2430860418_fd0726f414.jpg,2.556020645e-06
2103568100_5d018c495b.jpg,1.398660053e-06
3068994801_b2bc079e67.jpg,1.5012642e-06
2630507245_bea4804288.jpg,2.11985353e-06
436009777_440c7679a1.jpg,8.290123743e-07
232874193_c691df882d.jpg,2.200929376e-06
525538142_7348f0bce7.jpg,2.289325719e-06
1465666502_de289b3b9c.jpg,1.61169724e-06
520491467_54cbc0a866.jpg,1.256755166e-06
542648687_adf13c406b.jpg,2.135876309e-06
3524914023_4e96edb09f.jpg,1.836410157e-06
2939007933_8a6ef2d073.jpg,2.281202017e-06
281419391_522557ce27.jpg,1.980196145e-06
549520317_af3d5c32eb.jpg,2.165589496e-06
3100251515_c68027cc22.jpg,1.355717562e-06
3397259310_1ed1a346b5.jpg,1.479592098e-06
2858439751_daa3a30ab8.jpg,1.581456063e-06
2422018883_336519b5c6.jpg,2.297706331e-06
2750867389_4b815f793a.jpg,1.957942983e-06
1598085252_f3219b6140.jpg,1.508516645e-06
2479553749_f7ac031940.jpg,1.273716598e-06
2522297487_57edf117f7.jpg,2.068865507e-06
3178005751_fca19815ac.jpg,1.528281548e-06
1453366750_6e8cf601bf.jpg,1.649430479e-06
3252588185_3210fe94be.jpg,1.907799426e-06
2115631346_9585a479b0.jpg,1.665395108e-06
2295894587_2fd8faf550.jpg,2.519886529e-06
3249014584_21dd9ddd9d.jpg,1.382051956e-06
3359089834_263e529c71.jpg,1.964406105e-06
3738789925_7d17dbdf25.jpg,2.049125372e-06
516998046_1175674fcd.jpg,1.65988178e-06
3697456750_460aea7252.jpg,1.640274243e-06
3447007090_08d997833a.jpg,1.550643423e-06
2225231022_1632d0a5aa.jpg,1.886276482e-06
3583321426_f373c52161.jpg,1.765569598e-06
3155361712_2cbf59c78e.jpg,1.494840476e-06
3099264059_21653e2536.jpg,1.345594512e-06
141139674_246c0f90a1.jpg,2.290306802e-06
3422458549_f3f3878dbf.jpg,1.75658753e-06
527968666_1fcddf81ab.jpg,1.533068886e-06
2339516180_12493e8ecf.jpg,1.567181987e-06
3280644151_3d89cb1e0e.jpg,1.837629663e-06
369802520_9825f2cd84.jpg,1.359240426e-06
533713007_bf9f3e25b4.jpg,1.349296938e-06
1579287915_4257c54451.jpg,1.370705405e-06
2121140070_a09644550b.jpg,1.798683802e-06
2359784186_36c9746d02.jpg,1.667829324e-06
2101128963_fdf8b2a0d7.jpg,1.306958536e-06
2647593678_1fa3bb516c.jpg,1.271672785e-06
2196846255_2c1635359a.jpg,1.573700268e-06
2869253972_aa72df6bf3.jpg,1.779168675e-06
3549277110_24d4064ccd.jpg,1.486673167e-06
2347921097_f2e35753c0.jpg,2.272193398e-06
2510560080_1439fe32f2.jpg,2.23595862e-06
2739332078_13d9acce59.jpg,2.0021625e-06
2423856014_8df0e7f656.jpg,1.482298048e-06
2998945968_86f236d1e8.jpg,1.591271969e-06
3348191949_b0b925e5f1.jpg,1.743783894e-06
2685788323_ceab14534a.jpg,2.608900373e-06
3544312930_3a0b8d70c1.jpg,2.393426171e-06
2136514643_93d8f75a77.jpg,1.42294007e-06
493621130_152bdd4e91.jpg,2.031047569e-06
2261169495_98254e2e66.jpg,1.537524595e-06
1424237335_b3be9920ba.jpg,1.473379427e-06
544122267_e9e0100bc5.jpg,1.497289995e-06
347543966_b2053ae78c.jpg,1.562613063e-06
3091962081_194f2f3bd4.jpg,1.568480016e-06
3673035152_da7ed916d9.jpg,2.396531357e-06
2525270674_4ab536e7ec.jpg,2.172350279e-06
2252264255_03fefc25af.jpg,2.074174553e-06
2902486045_6298eb22ef.jpg,1.704063573e-06
322050103_145f7233c6.jpg,1.737980394e-06
791338571_7f38510bf7.jpg,1.716910624e-06
3251906388_c09d44340e.jpg,2.032604442e-06
3148647065_2d6cd88cf6.jpg,2.329998009e-06
3524975665_7bec41578b.jpg,2.055243049e-06
3673484638_dce87295fe.jpg,1.842642189e-06
2837808847_5407af1986.jpg,1.889319941e-06
3380519003_9f91d5a7fb.jpg,1.772042121e-06
2891924845_92f69b0f18.jpg,2.291002199e-06
2773011586_6f4cd41e84.jpg,1.947681954e-06
172092464_d9eb4f4f2f.jpg,1.979334503e-06
3319489465_c65c91e4f2.jpg,1.875087486e-06
429205889_ff5a006311.jpg,1.807466921e-06
3203872773_6c30f64be3.jpg,2.190546595e-06
2551344688_17a12a6948.jpg,2.399301457e-06
217838128_1f0a84ddc1.jpg,1.942084521e-06
2662570182_350baa020f.jpg,1.834757764e-06
2649850541_59a6c7f01c.jpg,1.561120191e-06
3157744152_31ace8c9ed.jpg,1.309855275e-06
2642688531_8fb68b2147.jpg,1.546945388e-06
247652942_29ede19352.jpg,2.082367094e-06
2848977044_446a31d86e.jpg,1.366089557e-06
2847859796_4d9cb0d31f.jpg,1.683790981e-06
490390951_87395fcb1c.jpg,1.346953235e-06
3425414048_fa14d33067.jpg,1.624698731e-06
2774430374_fee1d793e7.jpg,2.298633352e-06
3212456649_40a3052682.jpg,1.054349038e-06
1220401002_3f44b1f3f7.jpg,2.113585192e-06
2540203582_9a9ac92a5d.jpg,1.682301825e-06
1918573100_d31cbb6b77.jpg,2.082612014e-06
3227111573_c82f7d68b1.jpg,1.817504788e-06
3480126681_52cea26bda.jpg,1.248836342e-06
3659686168_49c3abcee1.jpg,1.773183133e-06
2891617125_f939f604c7.jpg,1.908230517e-06
3358682439_be4b83544c.jpg,1.924841287e-06
2575647360_f5de38c751.jpg,1.826479742e-06
2752919987_8bfca604ab.jpg,1.376713089e-06
2672445419_251ce9419a.jpg,1.902507474e-06
299612419_b55fe32fea.jpg,1.669592576e-06
3328247381_a9f7fb4898.jpg,2.364899961e-06
2836360729_6500249fe6.jpg,7.551388746e-07
3660826540_481d25fbb0.jpg,1.848862919e-06
2378149488_648e5deeac.jpg,1.073994175e-06
267325341_1a96ef436e.jpg,1.574833478e-06
3682277595_55f8b16975.jpg,1.861921731e-06
399212516_d68046b277.jpg,1.653913312e-06
317383917_d8bfa350b6.jpg,2.442857763e-06
310260324_7f941814bc.jpg,1.851907401e-06
3737492755_bcfb800ed1.jpg,1.610590982e-06
3665996775_6d7d9a46f1.jpg,2.068346975e-06
3275711232_e261143664.jpg,2.172365465e-06
3733074526_82aa8d5f8d.jpg,2.288175077e-06
299676757_571ee47280.jpg,1.466052652e-06
2656749876_e32495bd8c.jpg,2.46004728e-06
624058168_f1c5e87e59.jpg,1.358768256e-06
287999021_998c2eeb91.jpg,1.551732572e-06
534875358_6ea30d3091.jpg,1.856396131e-06
341430859_4519802e8f.jpg,2.054746473e-06
1937104503_313d22a2d0.jpg,1.684671069e-06
2701271123_6761bc5f26.jpg,2.144230732e-06
143552697_af27e9acf5.jpg,1.951561197e-06
3019199755_a984bc21b1.jpg,1.556715389e-06
2009636597_e3f4fe19fb.jpg,1.380122112e-06
3229898555_16877f5180.jpg,1.940059036e-06
400851260_5911898657.jpg,2.341216496e-06
3156991513_3bf03333d8.jpg,1.279253061e-06
3472703856_568d9778b5.jpg,1.942423517e-06
1396703063_e8c3687afe.jpg,2.373015974e-06
1472230829_803818a383.jpg,1.836491613e-06
1685463722_55843b6d3c.jpg,2.021313483e-06
3248752274_96740ed073.jpg,2.178165996e-06
2256138896_3e24b0b28d.jpg,1.640481689e-06
3530504007_3272c57e21.jpg,1.969887875e-06
2875658507_c0d9ceae90.jpg,1.8348561e-06
3102363657_dc95fe6850.jpg,1.986412139e-06
2886411666_72d8b12ce4.jpg,1.553569302e-06
2766854400_640e2abe08.jpg,1.816055245e-06
276356412_dfa01c3c9e.jpg,1.180462429e-06
3257207516_9d2bc0ea04.jpg,1.686257517e-06
416106657_cab2a107a5.jpg,1.943393544e-06
3001612175_53567ffb58.jpg,1.430669219e-06
404850242_3a55a4c874.jpg,2.153658403e-06
1227655020_b11a1bb112.jpg,1.248470009e-06
2546959333_23b957988f.jpg,1.734592212e-06
244870123_dcb6e53643.jpg,1.821322355e-06
2896483502_6f807bae9e.jpg,1.993200387e-06
537532165_e4b7c0e61a.jpg,1.644665627e-06
530888330_a18343e38d.jpg,2.192608621e-06
975131015_9acd25db9c.jpg,2.197255122e-06
3293018193_e4e0c8db7c.jpg,1.870532859e-06
2616284322_b13e7c344e.jpg,1.972175722e-06
3477369101_8e0c61d8f4.jpg,1.359342097e-06
2172493537_128bc8b187.jpg,2.113011411e-06
3340857141_85d97a7466.jpg,1.001307935e-06
3023178539_836b50cd43.jpg,2.212942771e-06
3608752424_01a1cfd8a6.jpg,1.200107181e-06
2918880895_e61f74f2f0.jpg,2.370400385e-06
2657663775_bc98bf67ac.jpg,1.872761463e-06
1536774449_e16b1b6382.jpg,1.769088179e-06
1999444757_1b92efb590.jpg,2.069329781e-06
1387443857_602ab6f9bf.jpg,1.677202891e-06
2947274789_a1a35b33c3.jpg,2.23222317e-06
2286823363_7d554ea740.jpg,2.493992328e-06
3630332976_fdba22c50b.jpg,1.970076363e-06
2990977776_1ec51c9281.jpg,1.427906248e-06
3532761259_14026c1e96.jpg,1.892048723e-06
2219805467_370ee1b7aa.jpg,2.496410585e-06
3332248667_617606714b.jpg,1.781142692e-06
543363241_74d8246fab.jpg,2.027487168e-06
3115901702_f07aa0ef74.jpg,1.466948408e-06
3486154327_8be7c78569.jpg,1.137253934e-06
2171154778_8189169336.jpg,2.034745511e-06
3523874798_9ba2fa46e3.jpg,2.009231664e-06
2090997177_76d482b158.jpg,2.377057034e-06
2638369467_8fc251595b.jpg,2.155874303e-06
3582066525_e9d6377f56.jpg,2.13566623e-06
3671935691_57bdd0e778.jpg,1.625901528e-06
1406010299_5755339f08.jpg,1.955686746e-06
2424398046_1a55c71376.jpg,1.947229048e-06
3025495499_b15797b452.jpg,1.337033128e-06
2555535057_007501dae5.jpg,1.969356064e-06
2355819665_39021ff642.jpg,1.414807168e-06
3348208268_6d97d951eb.jpg,1.863479151e-06
551403320_dfdcf9fc3b.jpg,1.346357136e-06
2579268572_d78f8436cb.jpg,1.286586392e-06
2428751994_88a6808246.jpg,1.944095311e-06
745880539_cd3f948837.jpg,1.780477191e-06
2394824046_51cec8e5e7.jpg,1.941166017e-06
3164347907_2813f8ff0b.jpg,2.04123741e-06
2501595799_6316001e89.jpg,1.456693004e-06
1470061031_4cb59c12a8.jpg,1.59666794e-06
3649802021_8a689bc153.jpg,1.034364159e-06
3638577494_fe55f7b4cb.jpg,1.081759512e-06
2940594396_20c40947b0.jpg,2.045428221e-06
197924859_f6e39a7dfa.jpg,1.222073873e-06
2865703567_52de2444f2.jpg,1.623127183e-06
3758787457_1a903ee1e9.jpg,1.868948417e-06
2666078276_f7b3056997.jpg,2.088057896e-06
2737609659_efce872c24.jpg,1.362398137e-06
3131107810_7e9b96cddc.jpg,1.783711538e-06
2279945145_8815c59217.jpg,1.672257396e-06
241346434_0527ea1c07.jpg,2.481842758e-06
543940240_a54a3c7989.jpg,1.752028581e-06
309771854_952aabe3cc.jpg,2.066739679e-06
2676015068_690b0fb2cd.jpg,1.322698559e-06
3425127583_611200619a.jpg,1.533010329e-06
3122773470_b622205948.jpg,1.469935837e-06
3439128755_84409b8823.jpg,2.111900983e-06
2922222717_12195af92d.jpg,2.108971652e-06
361092202_3d70144ebd.jpg,2.415998471e-06
3692892751_f6574e2700.jpg,1.778563574e-06
439569646_c917f1bc78.jpg,1.846970594e-06
2856699493_65edef80a1.jpg,2.330858171e-06
197107117_4b438b1872.jpg,1.368610474e-06
95728660_d47de66544.jpg,2.010559558e-06
2215136723_960edfea49.jpg,1.918075437e-06
2657643451_b9ddb0b58f.jpg,1.127286095e-06
2815788792_d226215d10.jpg,2.173361448e-06
512991147_dc48e6839c.jpg,1.372409352e-06
332045444_583acaefc3.jpg,1.879004038e-06
3584406900_039f30b34c.jpg,1.816005463e-06
486300784_2cc7a770ff.jpg,2.082859278e-06
2773682293_3b712e47ff.jpg,1.226727547e-06
1355833561_9c43073eda.jpg,2.205863213e-06
1481062342_d9e34366c4.jpg,1.711898456e-06
688940111_325a74674a.jpg,2.419477805e-06
478754346_addb53893c.jpg,1.645098415e-06
2194286203_5dc620006a.jpg,1.298955002e-06
392976422_c8d0514bc3.jpg,1.502740159e-06
2103361407_4ed4fc46bf.jpg,2.069926023e-06
2525455265_f84ba72bd7.jpg,1.509852347e-06
2938316391_97382d14aa.jpg,2.262760218e-06
3659769138_d907fd9647.jpg,1.724952643e-06
3455405300_aa3069ecaa.jpg,1.83872304e-06
3646970605_d25c25340b.jpg,1.287463183e-06
3438858409_136345fa07.jpg,1.23405507e-06
887108308_2da97f15ef.jpg,1.351506565e-06
3025334206_76888792e5.jpg,1.129058641e-06
364213568_7f83e7d144.jpg,1.894658265e-06
3198237818_cb5eb302f0.jpg,2.128133903e-06
824782868_a8f532f3a6.jpg,1.744668357e-06
3256603992_67312b5a36.jpg,8.142682828e-07
2589156742_c46bc82137.jpg,2.312814236e-06
2846785268_904c5fcf9f.jpg,1.563632889e-06
3003612178_8230d65833.jpg,1.058750278e-06
619169586_0a13ee7c21.jpg,2.063119005e-06
2021671653_567395c7cf.jpg,2.174895717e-06
2043427251_83b746da8e.jpg,1.923826181e-06
3625519177_4c2bb9e7f0.jpg,1.723249672e-06
394463341_5311c53783.jpg,1.36638259e-06
3344526059_4a097af285.jpg,1.776254575e-06
2378127945_8dc9da82d7.jpg,2.04777112e-06
3690425778_3b390b3ea5.jpg,1.628601403e-06
3470129475_9e58b6742c.jpg,9.466940717e-07
1388346434_524d0b6dfa.jpg,1.493957444e-06
3334057289_68ece38a85.jpg,1.40726212e-06
2182050469_1edac0bc60.jpg,1.989620782e-06
2399219552_bbba0a9a59.jpg,1.625441108e-06
2866254827_9a8f592017.jpg,2.082070844e-06
3434452829_62cee280bc.jpg,1.224144727e-06
2467853482_17009933e8.jpg,2.208110281e-06
978580450_e862715aba.jpg,2.391569919e-06
3435648640_b2f68efb78.jpg,1.691449779e-06
3104909823_0f41dd8be6.jpg,2.456372157e-06
3336759846_5220e27deb.jpg,1.698440053e-06
491600485_26c52c8816.jpg,8.881564458e-07
3613005134_bb7f304da1.jpg,1.648002558e-06
1378557186_4bd1da6834.jpg,9.965498438e-07
551664516_78a5131dc4.jpg,1.693230283e-06
3725177385_62d5e13634.jpg,1.57522217e-06
765091078_a8a11c6f9e.jpg,1.782511804e-06
3046430047_d7b10123d0.jpg,1.190406156e-06
2483993827_243894a4f9.jpg,2.203481278e-06
2125454445_5c5c4bf906.jpg,8.508599352e-07
3219065971_702c4e8c34.jpg,1.65456873e-06
1965278563_8279e408de.jpg,1.748030673e-06
439049388_3dcee2d30b.jpg,1.938124936e-06
3207358897_bfa61fa3c6.jpg,1.388340691e-06
2090327868_9f99e2740d.jpg,1.644477893e-06
195962284_e57178054a.jpg,1.660670117e-06
2854207034_1f00555703.jpg,1.586417165e-06
2592019072_a6c0090da4.jpg,1.683442817e-06
483039719_75181b2726.jpg,2.195001346e-06
2613920405_e91e6ebd7a.jpg,1.347978901e-06
905355838_3a43fdfd4e.jpg,2.248747861e-06
3638459638_ec74e3ff89.jpg,1.737750047e-06
3381788544_2c50e139dd.jpg,2.322681759e-06
3252985078_c4ee2aca4e.jpg,1.195160344e-06
3563673070_71fa0903ed.jpg,1.551372754e-06
3708839890_ed448012cf.jpg,9.129564431e-07
2661567396_cbe4c2e5be.jpg,1.722321287e-06
3321063116_4e5deeac83.jpg,2.71689544e-06
1897025969_0c41688fa6.jpg,1.847601925e-06
516214924_c2a4364cb3.jpg,2.046284825e-06
3110649716_c17e14670e.jpg,1.957549687e-06
524310507_51220580de.jpg,1.136965752e-06
3474265683_43b1033d94.jpg,1.730061455e-06
2384401298_e389c01abc.jpg,1.15972055e-06
3705976184_53ae07e898.jpg,1.565931422e-06
2243904502_2d265fed80.jpg,1.699419901e-06
1122944218_8eb3607403.jpg,2.161840797e-06
95734035_84732a92c1.jpg,2.005977703e-06
1814391289_83a1eb71d3.jpg,2.019809777e-06
3342487512_fd33971dea.jpg,2.083056701e-06
1562392511_522a26063b.jpg,1.650744383e-06
86542183_5e312ae4d4.jpg,2.147913084e-06
3301021288_95935b7a74.jpg,1.908158658e-06
3245070961_8977fdd548.jpg,2.112808551e-06
3181322965_ce9da15271.jpg,1.438443868e-06
1561658940_a947f2446a.jpg,7.533464566e-07
2021602343_03023e1fd1.jpg,2.172101749e-06
2978735290_7464b12270.jpg,1.289498794e-06
3371266735_43150bce52.jpg,1.339709212e-06
1163282319_b729b24c46.jpg,2.166770732e-06
3115174046_9e96b9ce47.jpg,2.196964648e-06
3500342526_393c739e2f.jpg,1.175813617e-06
3357416302_fcfcdd7b86.jpg,1.488874616e-06
3081363964_d404eccae8.jpg,2.146316681e-06
2113530024_5bc6a90e42.jpg,1.048377261e-06
3191805046_77c334b506.jpg,2.258412058e-06
3443351431_7b4061df5c.jpg,2.34400524e-06
3484649669_7bfe62080b.jpg,1.344881088e-06
3487979741_5f244c0c4b.jpg,1.32150326e-06
3039214579_43ef79f931.jpg,1.715231479e-06
2449552677_ee78f01bae.jpg,1.447138906e-06
2527303359_6c3dc3f282.jpg,1.938625382e-06
3035785330_2fd5e32bb1.jpg,1.830209551e-06
3423509305_e399d005db.jpg,1.805019059e-06
578644583_da3ff18dd1.jpg,2.009445414e-06
3443853670_6c79fcfcb2.jpg,1.632800561e-06
3342272425_804316cb3d.jpg,1.655375562e-06
1429723917_6af585e4c0.jpg,2.262850478e-06
2934801096_230ae78d7e.jpg,1.04229773e-06
2567035103_3511020c8f.jpg,1.346505852e-06
427683329_95d510a087.jpg,2.063634643e-06
1425069308_488e5fcf9d.jpg,2.332615282e-06
2206600240_f65df56a09.jpg,2.02429244e-06
755326139_ee344ece7b.jpg,1.970746187e-06
418357172_bdddf71d32.jpg,1.770667793e-06
1676601498_7d59327523.jpg,2.037213589e-06
3322200641_c2e51ff37b.jpg,2.139693543e-06
2596619849_7b635dd310.jpg,1.410103065e-06
2380740486_8cd5d4601a.jpg,4.296144102e-06
439037721_cdf1fc7358.jpg,2.248658456e-06
447722389_4b51b7e13d.jpg,1.71007933e-06
3597354819_0069aaf16e.jpg,1.598546014e-06
2366421102_2d60d53a0e.jpg,1.194766197e-06
3374722123_6fe6fef449.jpg,1.03025938e-06
3728164558_52729baefa.jpg,1.969620092e-06
3425061393_d093edb8da.jpg,1.5838684e-06
3449170348_34dac4a380.jpg,1.954764105e-06
1787222774_d5c68cce53.jpg,2.048426453e-06
3616846215_d61881b60f.jpg,1.53875191e-06
2060031241_a3ae7a06bb.jpg,2.136712911e-06
3628698119_5566769777.jpg,1.428978352e-06
3315353266_70f0bbb1c3.jpg,1.938644889e-06
488590040_35a3e96c89.jpg,1.893400982e-06
3085973779_29f44fbdaa.jpg,2.163004163e-06
377872472_35805fc143.jpg,1.903100884e-06
463978865_c87c6ca84c.jpg,1.988308486e-06
3249891130_b241591e89.jpg,1.906179976e-06
2954584849_3c2899f319.jpg,1.391476091e-06
2308978137_bfe776d541.jpg,2.347002285e-06
3596959859_a7cb1e194b.jpg,1.64597156e-06
3647826834_dc63e21bd0.jpg,1.463714712e-06
2058124718_89822bc96e.jpg,2.467440301e-06
3356284586_21c6f155a5.jpg,2.186166899e-06
2629294578_853a08bb43.jpg,2.41248177e-06
2186139563_e60c1d4b8b.jpg,1.656880243e-06
2445654384_4ee3e486e1.jpg,1.795038836e-06
3351111378_b5d80783a1.jpg,1.629091248e-06
3585117340_73e96b6173.jpg,2.540497491e-06
2710280476_dcccb8745a.jpg,1.718522402e-06
3718964174_cb2dc1615e.jpg,2.308531333e-06
2754271176_4a2cda8c15.jpg,1.655063046e-06
3134586018_ae03ba20a0.jpg,2.07589696e-06
1626754053_81126b67b6.jpg,2.018552107e-06
3359530430_249f51972c.jpg,2.171319439e-06
3604384157_99241be16e.jpg,2.116966818e-06
2160266952_a2ab39191b.jpg,1.935200152e-06
3461049169_e068ae4f25.jpg,2.004595097e-06
2695085632_10c4e6ea78.jpg,1.648123478e-06
575636303_b0b8fd4eee.jpg,1.304627574e-06
3284899112_f11ab3cfe6.jpg,1.560325338e-06
1093737381_b313cd49ff.jpg,1.779341729e-06
3544483327_830349e7bc.jpg,1.466416733e-06
2992999413_018f48aabc.jpg,1.271798992e-06
1813266419_08bf66fe98.jpg,2.514815176e-06
424379231_23f1ade134.jpg,2.271511235e-06
3176278670_195eea071c.jpg,1.949202667e-06
2967630001_cdc5560c0b.jpg,1.838835193e-06
353180303_6a24179c50.jpg,2.232087559e-06
2875583266_4da13ae12d.jpg,1.640457929e-06
3679707139_1cc1e71237.jpg,2.064297782e-06
3565598162_56044bc2f7.jpg,1.566069376e-06
2882589788_cb0b407a8d.jpg,2.192464064e-06
3060969260_08f43e4f4f.jpg,2.282843133e-06
2922981282_203f04bf9b.jpg,2.088623144e-06
3336808362_c17837afd8.jpg,1.656065775e-06
312156254_ef31dca5ed.jpg,1.194070153e-06
3356748019_2251399314.jpg,1.449263336e-06
3576741633_671340544c.jpg,1.7529536e-06
3330654550_3efe9a71af.jpg,1.654561001e-06
3516285214_59823b341e.jpg,2.509760001e-06
2322601965_748d59dc57.jpg,1.061134377e-06
2346402952_e47d0065b6.jpg,2.013170132e-06
1732217138_aa0199ef87.jpg,1.973504062e-06
3189293145_35dea42679.jpg,1.574078387e-06
488408004_a1e26d4886.jpg,1.651167821e-06
497579819_f91b26f7d3.jpg,1.44766595e-06
3424934891_69f18da66e.jpg,1.592834899e-06
3053813297_7ce5f87710.jpg,1.251708461e-06
747921928_48eb02aab2.jpg,1.454418794e-06
3584534971_b44f82c4b9.jpg,2.37882076e-06
1773928579_5664a810dc.jpg,1.763980967e-06
2539933563_17ff0758c7.jpg,1.781319601e-06
3009035153_715e39b440.jpg,2.18881767e-06
3619416477_9d18580a14.jpg,1.815339745e-06
2568656919_6e49d2a82b.jpg,1.91662586e-06
2204777844_1bcf26bf84.jpg,2.236946421e-06
436608339_f1d1298770.jpg,2.224044096e-06
3669069522_555c97fbfb.jpg,1.489389797e-06
2584020755_14e2b3e8fc.jpg,1.920947364e-06
444845904_a4531c811a.jpg,1.494510257e-06
186348874_75b2cf1ec5.jpg,1.217716851e-06
2862481071_86c65d46fa.jpg,1.482989202e-06
3109704348_c6416244ce.jpg,1.55078843e-06
368212336_bc19b0bb72.jpg,1.338283526e-06
735787579_617b047319.jpg,2.143041282e-06
3304511635_113beaf458.jpg,1.659846528e-06
3519815055_304dc8e8d6.jpg,1.113454982e-06
1404832008_68e432665b.jpg,1.822942472e-06
1252787177_4b08625897.jpg,2.057532833e-06
3333675897_0043f992d3.jpg,2.366423164e-06
3176968956_d942a93513.jpg,1.686162464e-06
2519594430_551225e5bd.jpg,1.394562626e-06
403678611_73978faed7.jpg,2.129169653e-06
3458215674_2aa5e64643.jpg,1.668474466e-06
3355827928_c96c0c3e88.jpg,2.244545646e-06
3376435746_1593d9b243.jpg,1.935678294e-06
3265209567_b3b9c8e0fe.jpg,1.644194952e-06
418796494_bdb441de42.jpg,2.517158676e-06
3216762979_813c45a8ec.jpg,2.175133182e-06
3639967449_137f48b43d.jpg,1.609129481e-06
3335501468_628655d608.jpg,2.39331815e-06
766099402_cdda6964f0.jpg,1.153620312e-06
3195701071_81879257f5.jpg,1.449615276e-06
3498354674_b636c7992f.jpg,1.266369255e-06
405051459_3b3a3ba5b3.jpg,2.63055645e-06
3405759441_fb31c80240.jpg,1.767376918e-06
3492734013_e6b177ed99.jpg,1.452701087e-06
2224995194_518859d97d.jpg,1.243917008e-06
2269961438_cae7a9c725.jpg,2.401700784e-06
3293945284_6a04e477a9.jpg,2.013902872e-06
2057305043_952b8dc82c.jpg,1.803807668e-06
3256274183_4eab3b2322.jpg,1.338308818e-06
640409060_6af18fdd54.jpg,1.940207395e-06
2857609295_16aaa85293.jpg,2.372134913e-06
3479245321_6a5bc470f8.jpg,1.376175008e-06
3482787182_a5c6d4b386.jpg,1.785425849e-06
263854883_0f320c1562.jpg,1.636603604e-06
3084034954_fe5737197d.jpg,1.394933354e-06
2911107495_e3cec16a24.jpg,2.017331601e-06
2273105617_7c73d2d2d3.jpg,1.965330991e-06
2772084628_c0ae29d87a.jpg,1.117892649e-06
3663951804_868982f3f9.jpg,2.177506362e-06
437404867_209625774d.jpg,1.339608908e-06
3376014640_ff5b00769f.jpg,1.678506547e-06
771366843_a66304161b.jpg,1.010648028e-06
3084011028_d1e2c40d7d.jpg,2.03005407e-06
2157003092_eaeb977789.jpg,1.720348766e-06
3504940491_94c43792ed.jpg,1.265103346e-06
2993049054_611f900644.jpg,2.380338437e-06
2544182005_3aa1332bf9.jpg,1.412563149e-06
2924884899_f512c84332.jpg,1.804665887e-06
2090386465_b6ebb7df2c.jpg,1.467305401e-06
127450902_533ceeddfc.jpg,2.101572203e-06
3234401637_84e0d14414.jpg,1.841759197e-06
1429546659_44cb09cbe2.jpg,1.744792683e-06
2564663851_3a9832e4fc.jpg,1.767717752e-06
3554634863_5f6f616639.jpg,1.35408715e-06
2929006980_9f9f8f3d21.jpg,9.952827684e-07
3425835357_204e620a66.jpg,2.213431041e-06
2075493556_b763648389.jpg,1.913977741e-06
3556390715_65c6d1e88b.jpg,2.411459154e-06
3590654365_fd4819f48b.jpg,1.724660913e-06
265528702_8653eab9fa.jpg,1.936607339e-06
3551787566_b5ebbe2440.jpg,1.407939117e-06
2736902411_a0010f89ae.jpg,1.251809253e-06
3413669228_ec64efeb34.jpg,1.705045687e-06
3700346840_bb80d622f7.jpg,1.612449615e-06
3036641436_d6594fc45f.jpg,1.520663067e-06
2974501005_346f74e5d8.jpg,2.383148099e-06
2599444370_9e40103027.jpg,1.451272152e-06
3187096035_65dc416291.jpg,1.998841016e-06
2543679402_9359e1ee4e.jpg,2.024495215e-06
1245022983_fb329886dd.jpg,1.717257655e-06
3472066410_065b4f99d3.jpg,1.932911936e-06
3016741474_72b4355198.jpg,1.8183101e-06
1802092493_7b44fdb6b9.jpg,1.433522553e-06
2181724497_dbb7fcb0a9.jpg,2.419839365e-06
3539840291_1c3eed701d.jpg,1.694815702e-06
3264464625_c711cc40c6.jpg,2.115435841e-06
447733067_09cfac3286.jpg,1.739470168e-06
3201594926_cd2009eb13.jpg,1.935233105e-06
289599470_cc665e2dfb.jpg,2.022821495e-06
3656030945_fa003bd696.jpg,2.395331442e-06
979383193_0a542a059d.jpg,1.773848163e-06
3155400369_69e3d6d70f.jpg,1.333558008e-06
3043685748_130db75e3b.jpg,1.712657832e-06
2072574835_febf0c5fb9.jpg,1.941635552e-06
300314926_0b2e4b64f5.jpg,1.593249979e-06
3530087422_7eb2b2c289.jpg,1.777694945e-06
293327462_20dee0de56.jpg,1.596969985e-06
750196276_c3258c6f1b.jpg,2.040744906e-06
2619454551_c4bb726a85.jpg,9.984721802e-07
300148649_72f7f0399c.jpg,1.707275498e-06
894928353_002a3d5f06.jpg,1.538685511e-06
2917057791_3d68a055ca.jpg,1.248896292e-06
366713533_bd6d48cf02.jpg,1.399519065e-06
3398746625_5199beea71.jpg,2.167620644e-06
3191135894_2b4bdabb6d.jpg,3.277448567e-06
2973269132_252bfd0160.jpg,2.442675525e-06
3315616181_15dd137e27.jpg,1.784507574e-06
1251558317_4ef844b775.jpg,1.377858044e-06
1932314876_9cc46fd054.jpg,1.413034859e-06
366548880_3d3e914746.jpg,1.155416998e-06
3448855727_f16dea7b03.jpg,1.947803546e-06
3025315215_a5d367971a.jpg,2.18195049e-06
3017203816_5dc2a6b392.jpg,1.818670055e-06
2707933554_f6dc5e0e3c.jpg,2.402478255e-06
2516317118_10ae66b87a.jpg,2.489702992e-06
2426215757_e008a91fcb.jpg,1.881904688e-06
2806710650_e201acd913.jpg,2.334219043e-06
3319338707_892ae2a660.jpg,1.228736705e-06
3681651647_08eba60f89.jpg,2.039757752e-06
1461653394_8ab96aae63.jpg,2.408873625e-06
3216085740_699c2ce1ae.jpg,1.40396596e-06
3582914739_bef2828a06.jpg,2.020590419e-06
256958382_b9006bfc5b.jpg,1.699379445e-06
3466891862_9afde75568.jpg,2.214821746e-06
1022454332_6af2c1449a.jpg,1.658203877e-06
2375924666_fee50f1cba.jpg,2.232841603e-06
2975807155_5a8610c297.jpg,1.92075142e-06
2918653119_f535fc25c4.jpg,1.661925774e-06
3432586199_e50b0d6cb7.jpg,1.901687962e-06
3090386315_87ed417814.jpg,2.265711753e-06
2970461648_fe14ba0359.jpg,1.857581078e-06
3474985112_24ef46e82d.jpg,1.549192394e-06
2715155329_1ed1756000.jpg,1.826691735e-06
2981372647_2061278c60.jpg,1.47264283e-06
3199645963_a681fe04f8.jpg,1.28692316e-06
3361882891_6e610ffdbb.jpg,2.166342244e-06
370442541_60d93ecd13.jpg,1.364522337e-06
1482960952_95f2d419cb.jpg,2.180148732e-06
1198194316_543cc7b945.jpg,1.586970969e-06
2136992638_098d62a3c5.jpg,2.308128405e-06
2831672255_d779807c14.jpg,2.236208625e-06
3133403457_95dfe11da1.jpg,1.535632042e-06
2270483627_16fe41b063.jpg,1.440347126e-06
2830880811_d7f66dd2cf.jpg,1.295438578e-06
3028969146_26929ae0e8.jpg,1.292597572e-06
3435015880_eda46ff50f.jpg,2.007433797e-06
3210457502_c6030ce567.jpg,1.701467114e-06
3246804978_ea2c9e56f2.jpg,2.558827084e-06
544301311_5e7d69a517.jpg,1.947784183e-06
3405113041_4b72c24801.jpg,1.71210607e-06
3494345896_dd6b32cfa3.jpg,1.94960292e-06
3697153626_90fb177731.jpg,1.465314494e-06
2942094037_f6b36fd3db.jpg,1.947448239e-06
3688839836_ba5e4c24fc.jpg,2.002810151e-06
1234293791_6566284bcd.jpg,1.593878796e-06
2998024845_1529c11694.jpg,2.078579733e-06
3514179514_cbc3371b92.jpg,1.191855509e-06
2877637572_641cd29901.jpg,1.147850891e-06
3336211088_4c294a870b.jpg,1.434713931e-06
453756106_711c20471a.jpg,1.842483078e-06
3116039960_54d1d68145.jpg,2.460253749e-06
3634828052_3b6aeda7d6.jpg,1.818979974e-06
1384292980_4022a7520c.jpg,1.599508961e-06
2747640247_b54bfa6886.jpg,1.637125824e-06
2784625888_71a421e171.jpg,7.891039651e-07
2059616165_b7c99c1009.jpg,1.835713045e-06
2232518012_8cb0bbc43b.jpg,1.892999945e-06
3079787482_0757e9d167.jpg,2.215899009e-06
531197115_2be4d5034b.jpg,1.002388818e-06
2194797921_96af7a9467.jpg,2.376546233e-06
3211210739_3dea005fde.jpg,2.168723053e-06
229951087_4c20600c32.jpg,2.103921666e-06
3582814058_564776f26c.jpg,1.527635628e-06
241347547_902725b9f8.jpg,2.307107699e-06
265223843_9ef21e1872.jpg,2.523477912e-06
3576840040_9356b5b10a.jpg,1.193005512e-06
2170187328_65c2f11891.jpg,1.55424936e-06
374104006_7f32c8c5de.jpg,1.764313695e-06
3391209042_d2de8a8978.jpg,2.251810551e-06
3073579130_7c95d16a7f.jpg,1.458225948e-06
3153828367_5fc2c37c07.jpg,1.781880623e-06
2664102751_d5a737a566.jpg,2.141660352e-06
799431781_65dc312afc.jpg,1.906555021e-06
3403370354_5d266873b4.jpg,1.512808105e-06
2107838729_a527e434bd.jpg,1.948483787e-06
3458625738_297857369c.jpg,2.160457684e-06
2102724238_3cf921d7bb.jpg,1.836719794e-06
2606433181_f8f9d38579.jpg,2.196873122e-06
2062607137_dac194ad02.jpg,1.379692836e-06
3108544687_c7115823f5.jpg,1.611434022e-06
2870875612_2cbb9e4a3c.jpg,2.378483528e-06
2479652566_8f9fac8af5.jpg,1.88203374e-06
2508313118_524e93d48c.jpg,1.484851353e-06
2271468944_3264d29208.jpg,1.715307977e-06
2538477523_1da77eb11c.jpg,1.16293523e-06
2872806249_00bea3c4e7.jpg,1.352585029e-06
3506216254_04d119cac7.jpg,2.061520212e-06
1020651753_06077ec457.jpg,2.142940469e-06
3582920844_2742804f3d.jpg,1.417006988e-06
3726590391_bc6e729bb6.jpg,1.729998708e-06
1574401950_6bedc0d29b.jpg,1.115502072e-06
409327234_7b29eecb4e.jpg,1.871045483e-06
2540326842_bb26cec999.jpg,1.767060925e-06
3467073304_aefe553c4d.jpg,1.875637236e-06
522700240_d9af45e60d.jpg,2.388948777e-06
3595408539_a7d8aabc24.jpg,2.201099414e-06
3601803640_5f3cb05acf.jpg,1.933529438e-06
3397803103_8a46d716f4.jpg,2.092693443e-06
1440024115_129212c988.jpg,2.250881582e-06
1032122270_ea6f0beedb.jpg,2.073843658e-06
2581066814_179d28f306.jpg,1.194449e-06
2406591500_403f145905.jpg,1.667741587e-06
2274992140_bb9e868bb8.jpg,1.622073456e-06
3475111806_f0d2927707.jpg,1.431516857e-06
3634032601_2236676cdd.jpg,1.355495952e-06
2250870111_8402d2319d.jpg,1.22694302e-06
1473250020_dc829a090f.jpg,1.244808976e-06
3130064588_6d1d3fa2dd.jpg,1.908317843e-06
1478606153_a7163bf899.jpg,1.183339627e-06
2302516347_26054442f9.jpg,1.543123774e-06
3461041826_0e24cdf597.jpg,1.147432313e-06
3259229498_2b5708c0c6.jpg,1.747528538e-06
3217893350_57be430d06.jpg,1.667479267e-06
2098418613_85a0c9afea.jpg,1.436904649e-06
160792599_6a7ec52516.jpg,1.944135205e-06
2100046085_69b59b6645.jpg,1.56949458e-06
2629334536_11f2d49e05.jpg,1.219753221e-06
407008823_bdd7fc6ed5.jpg,1.654510833e-06
509123893_07b8ea82a9.jpg,1.301004872e-06
326585030_e1dcca2562.jpg,1.82247364e-06
270816949_ffad112278.jpg,1.803387324e-06
3375070563_3c290a7991.jpg,2.194024718e-06
3613375729_d0b3c41556.jpg,1.465989631e-06
244399048_8332bb3270.jpg,2.321285306e-06
3165936115_cb4017d94e.jpg,1.413648157e-06
3031263767_2e3856130e.jpg,1.108776696e-06
3665569615_9a71c4b6e4.jpg,1.993828441e-06
661757041_61e131e913.jpg,1.316164191e-06
3442272060_f9155194c2.jpg,1.480514504e-06
3514184232_b336414040.jpg,1.037781361e-06
1187435567_18173c148b.jpg,1.877707511e-06
3147913471_322ea231d9.jpg,1.625302526e-06
1784309115_0ad6791146.jpg,2.621253637e-06
2714699748_c9270dd5aa.jpg,2.089697224e-06
3262301835_9f1a49b80a.jpg,1.907164825e-06
3331525712_af1dcc47f2.jpg,1.839472078e-06
2402744031_11f9f2f2b8.jpg,1.767177255e-06
3572144280_ea42bbd927.jpg,1.431334302e-06
2739331794_4ae78f69a0.jpg,1.773041708e-06
3245912109_fdeef6b456.jpg,1.711621065e-06
3518675890_2f65e23ff9.jpg,1.970308208e-06
3458379941_657182bb09.jpg,1.171188766e-06
2428086758_bce4733f7e.jpg,1.542136512e-06
1794818900_e0ffdd268e.jpg,2.003209108e-06
1386251841_5f384a0fea.jpg,1.285685546e-06
1121416483_c7902d0d49.jpg,1.854505551e-06
247097023_e656d5854d.jpg,2.295436504e-06
2431120202_b24fe2333a.jpg,1.647572916e-06
2909609550_070eea49b5.jpg,4.216636772e-06
2635908229_b9fc90d3fb.jpg,2.154772345e-06
3544803461_a418ca611e.jpg,1.838686607e-06
3214100656_80cda1b86b.jpg,1.123357318e-06
3703960010_1e4c922a25.jpg,1.743116671e-06
2317714088_bcd081f926.jpg,1.977772735e-06
3298175192_bbef524ddc.jpg,2.10020246e-06
3353950389_1153d5e452.jpg,1.897518795e-06
3705430840_e108de78bf.jpg,2.000377341e-06
3427023324_f1f6504bf4.jpg,1.641686341e-06
3084010872_cbc3ea8239.jpg,2.020926577e-06
2498897831_0bbb5d5b51.jpg,1.433388698e-06
3636418958_f038130bb2.jpg,1.348476172e-06
584484388_0eeb36d03d.jpg,1.355623216e-06
3666574371_317b008d2a.jpg,2.019164577e-06
3254645823_a7c072481c.jpg,2.349723352e-06
2687529141_edee32649e.jpg,1.340913581e-06
540604040_bec822c144.jpg,2.137667501e-06
3280052365_c4644bf0a5.jpg,1.9948126e-06
2295750198_6d152d7ceb.jpg,3.66716072e-06
530950375_eea665583f.jpg,1.569190507e-06
251958970_fa6b423f23.jpg,1.588521253e-06
1459250022_bf1eddad11.jpg,1.555959102e-06
2596514158_c516e57974.jpg,2.120764001e-06
3192311620_99bda27fbd.jpg,2.533049655e-06
244760301_5809214866.jpg,1.819536329e-06
2923475135_a6b6e13d26.jpg,2.21805901e-06
3177799416_5bd0382370.jpg,1.426248958e-06
2507182524_7e83c6de82.jpg,1.971062222e-06
2370481277_a3085614c9.jpg,1.300382751e-06
2141713971_e25eb12712.jpg,2.256572496e-06
2883907436_82bf4a36b8.jpg,2.210838274e-06
498444334_a680d318a1.jpg,1.631193233e-06
222759342_98294380fc.jpg,1.870945303e-06
3502343542_f9b46688e5.jpg,1.253549717e-06
2721656220_5f4cda8bc1.jpg,1.714535092e-06
424869823_7aec015d87.jpg,2.156186272e-06
3148811252_2fa9490a04.jpg,1.645380215e-06
3415287719_3c776f370e.jpg,2.039739276e-06
2444134813_20895c640c.jpg,1.786240494e-06
2260560631_09093be4c6.jpg,1.724724494e-06
3396153660_f729d9f9b9.jpg,2.097728934e-06
3432634159_1eb9a73306.jpg,1.374817497e-06
751737218_b89839a311.jpg,1.573651071e-06
3078229723_2aa52600de.jpg,1.842850909e-06
470887785_e0b1241d94.jpg,1.661135308e-06
3615239961_62b4dbc174.jpg,1.376208166e-06
3125158798_0743dae56e.jpg,1.734535745e-06
468608014_09fd20eb9b.jpg,2.209546573e-06
109738916_236dc456ac.jpg,1.425752786e-06
2852982055_8112d0964f.jpg,1.487648726e-06
2367317953_503317493e.jpg,1.313057201e-06
3206058778_7053ee6b52.jpg,1.456496251e-06
3667908724_65c7d112f2.jpg,2.317334251e-06
519061891_320061864e.jpg,1.524344739e-06
3271468462_701eb88d3b.jpg,1.354222826e-06
2199083344_3aa77f4879.jpg,2.347099389e-06
3621741935_54d243f25f.jpg,1.706199805e-06
2087317114_cf06df5aa5.jpg,2.281282993e-06
3238654429_d899e34287.jpg,2.149179587e-06
2268596214_ca532f5c63.jpg,2.029178846e-06
3564312955_716e86c48b.jpg,2.212895203e-06
1714316707_8bbaa2a2ba.jpg,8.25547177e-07
109260216_85b0be5378.jpg,1.626661447e-06
2872197070_4e97c3ccfa.jpg,2.799893271e-06
747242766_afdc9cb2ba.jpg,1.250601029e-06
191003287_2915c11d8e.jpg,2.057446177e-06
399246804_b4b5dc70e1.jpg,2.219085965e-06
3259222690_69737f2a6e.jpg,1.883282045e-06
2543017787_9720b4fa1c.jpg,1.863914534e-06
417577408_eb571658c1.jpg,8.605501754e-07
832128857_1390386ea6.jpg,1.945236253e-06
3443161359_65544fd732.jpg,2.16255725e-06
3322389758_394c990b6a.jpg,1.521284946e-06
269361490_a22ae818bf.jpg,1.600498443e-06
3421131122_2e4bde661e.jpg,1.71661969e-06
989754491_7e53fb4586.jpg,1.260948226e-06
3174726084_c108de0a64.jpg,2.456735172e-06
3745451546_fc8ec70cbd.jpg,1.902862973e-06
2374247382_023a86b9ca.jpg,2.114752294e-06
246231741_882b45c4e1.jpg,1.587094113e-06
2887798667_ce761d45e8.jpg,1.230948318e-06
425706089_f138118e12.jpg,1.499018254e-06
3320756943_9d004f9824.jpg,1.646879009e-06
255091930_aa2b5c0eb9.jpg,1.640175188e-06
2226534154_cbcab7ba32.jpg,1.310693253e-06
3694064560_467683205b.jpg,1.565670195e-06
3201666946_04fe837aff.jpg,1.896866382e-06
1799271536_6e69c8f1dc.jpg,1.465191456e-06
2426724282_237bca30b5.jpg,2.366323796e-06
526955751_f519d62b58.jpg,1.94762917e-06
3089742441_d42531c14f.jpg,1.407017426e-06
3520869880_2e8b7d7842.jpg,1.73034726e-06
3244747165_17028936e0.jpg,2.314905289e-06
2644430445_47c985a2ee.jpg,1.596560714e-06
3526150930_580908dab6.jpg,1.591922118e-06
3713882697_6dd30c7505.jpg,1.534492191e-06
3266306177_7994dc2865.jpg,2.056934382e-06
2883099128_0b056eed9e.jpg,2.29573246e-06
2812125355_5e11a76533.jpg,2.464921504e-06
3607489370_92683861f7.jpg,1.663238454e-06
2399551242_c62a46dd5f.jpg,1.20924706e-06
2199250692_a16b0c2ae1.jpg,1.562117083e-06
275002371_5b200e6a92.jpg,1.097576538e-06
3169777863_d745865784.jpg,2.248657298e-06
3604391853_b4809fcb8c.jpg,1.546249707e-06
3518443604_6da641f07d.jpg,2.033854191e-06
3045613316_4e88862836.jpg,1.021398679e-06
442220883_ff3d6e507f.jpg,2.464964057e-06
2193980605_4221c6474d.jpg,2.047969868e-06
302241178_a582c1b953.jpg,2.201981834e-06
514990193_2d2422af2c.jpg,1.428064228e-06
2065875490_a46b58c12b.jpg,1.293601759e-06
3061481868_d1e00b1f2e.jpg,2.128866125e-06
3157847991_463e006a28.jpg,1.840398193e-06
3497485793_e36c1d2779.jpg,1.921215599e-06
798343627_7492fe0c12.jpg,2.273801668e-06
2417745327_a2c2705043.jpg,1.923476068e-06
2815755985_0fa55544c0.jpg,2.00290602e-06
3593222804_c187808ac3.jpg,1.048643098e-06
2586911841_41b7a48c91.jpg,1.985168769e-06
498794783_cc2ac62b47.jpg,1.401544346e-06
1094462889_f9966dafa6.jpg,2.1454631e-06
225699652_53f6fb33cd.jpg,1.074046739e-06
1876536922_8fdf8d7028.jpg,2.017607331e-06
1144288288_e5c9558b6a.jpg,1.852415586e-06
1396064003_3fd949c9dd.jpg,1.462492089e-06
1904112245_549e47c8aa.jpg,1.249233705e-06
2860400846_2c1026a573.jpg,2.452323648e-06
2877424957_9beb1dc49a.jpg,1.766180411e-06
743571049_68080e8751.jpg,1.206057832e-06
689776124_07f560a920.jpg,1.956833888e-06
2209496328_2a34fd201d.jpg,1.642740764e-06
3229821595_77ace81c6b.jpg,3.262798639e-06
3098824948_23c31df031.jpg,1.997483805e-06
240583223_e26e17ee96.jpg,1.758352272e-06
3325578605_afa7f662ec.jpg,1.802436515e-06
2569643552_23696a9ba5.jpg,2.102685827e-06
2706766641_a9df81969d.jpg,1.914372248e-06
2280525192_81911f2b00.jpg,9.326651863e-07
1131155939_b4b457b05e.jpg,2.007055964e-06
319938879_daf0857f91.jpg,1.69929024e-06
3559429170_3183c404b9.jpg,1.851507433e-06
205682549_713aa6cd88.jpg,1.569416551e-06
1572532018_64c030c974.jpg,2.039031298e-06
390360326_26f5936189.jpg,3.460851633e-06
441212506_fcc321ac28.jpg,1.435025087e-06
1398873613_7e3174dd6c.jpg,1.573134445e-06
1989145280_3b54452188.jpg,2.325247096e-06
2831656774_36982aafdb.jpg,1.639030788e-06
539750844_02a07ec524.jpg,1.464207899e-06
3364026240_645d533fda.jpg,2.092914425e-06
283428775_a3665bee7c.jpg,9.087964751e-07
211295363_49010ca38d.jpg,1.687158899e-06
2911238432_33ec2d8cec.jpg,1.071897907e-06
2696951725_e0ae54f6da.jpg,1.434912461e-06
254901702_67ada9867c.jpg,1.316384276e-06
3582465732_78f77f34ae.jpg,2.150849198e-06
2446315531_7c9704eec0.jpg,2.106938075e-06
241346508_0b3907a95b.jpg,2.236289828e-06
3187924573_203223e6c0.jpg,1.58927903e-06
2301867590_98c0ecb0cb.jpg,2.602160278e-06
2855727603_e917ded363.jpg,1.540886155e-06
2573667207_a1bf49befc.jpg,1.633627832e-06
693785581_68bec8312a.jpg,2.195775597e-06
47871819_db55ac4699.jpg,1.600011822e-06
3565749152_7924d15b04.jpg,1.455910788e-06
3389321512_b11f499dab.jpg,1.757054997e-06
236476706_175081ce18.jpg,1.674835272e-06
3134385454_4f1d55333f.jpg,1.918829403e-06
3146355833_1b7fc80210.jpg,1.279880553e-06
3556485995_9cd40269e9.jpg,1.911217757e-06
3392019836_c7aeebca1c.jpg,1.642547005e-06
1895768965_43cd9d164f.jpg,1.914501915e-06
1075867198_27ca2e7efe.jpg,2.031476764e-06
3562001359_65c63aeda3.jpg,1.502157936e-06
3623331945_df0f51d7dd.jpg,1.917715518e-06
1370615506_2b96105ca3.jpg,1.60973047e-06
3041384194_04316bd416.jpg,1.753534164e-06
3243020805_2bafc36c45.jpg,1.967407383e-06
3170897628_3054087f8c.jpg,1.267573445e-06
3036033157_522a43a550.jpg,1.392107852e-06
3713922357_e0a013fb97.jpg,1.384878205e-06
3398745929_8cd3bbb8a8.jpg,1.446499878e-06
2773400732_5b65a25857.jpg,1.798392164e-06
476233374_e1396998ef.jpg,1.017493232e-06
314685044_da4390728e.jpg,1.978338614e-06
2607130765_97833d6ce1.jpg,1.243354249e-06
2533076864_d799996433.jpg,1.285313069e-06
3328397409_092de2bd32.jpg,1.338858566e-06
3225025519_c089c14559.jpg,1.63201841e-06
3542425197_2ef81c6051.jpg,1.969263245e-06
576075451_5e0f6facb3.jpg,2.152213148e-06
2051194177_fbeee211e3.jpg,2.022350836e-06
2609836649_b55831ed41.jpg,1.87411382e-06
539493423_9d7d1b77fa.jpg,1.519337102e-06
3546720729_38fff1bbd9.jpg,1.368802098e-06
3138399980_d6ab8b2272.jpg,1.896246969e-06
3686078365_9e655e238f.jpg,2.302613495e-06
300577375_26cc2773a1.jpg,2.906121347e-06
3417037373_67f7db2dd2.jpg,1.345562648e-06
3225478803_f7a9a41a1d.jpg,1.989242777e-06
1169307342_e7a4685a5c.jpg,2.219008457e-06
2127031632_77505e4218.jpg,1.643211902e-06
3260191163_6c1551eee8.jpg,2.511606588e-06
278608022_4175813019.jpg,2.032448366e-06
1287931016_fb015e2e10.jpg,2.76522067e-06
2937178897_ab3d1a941a.jpg,1.608737689e-06
2937461473_11bbace28c.jpg,1.510898498e-06
1386964743_9e80d96b05.jpg,1.486338878e-06
3052038928_9f53aa2084.jpg,2.176538788e-06
2814028429_561a215259.jpg,1.417153989e-06
3659090958_a56913ca68.jpg,2.564375382e-06
391723162_3bdeb7ea33.jpg,2.113987098e-06
3404408360_430f73b034.jpg,1.812650409e-06
3319405494_58dee86b21.jpg,2.166314639e-06
3291587911_81fc33300e.jpg,2.253039488e-06
2293424366_7b5fcd2398.jpg,2.327084733e-06
3206919175_e3a11b6874.jpg,1.871507322e-06
406642021_9ec852eccf.jpg,1.525804627e-06
3648081498_76ec091495.jpg,1.275270822e-06
2084103826_ffd76b1e3e.jpg,2.158550153e-06
3599124739_b7e60cf477.jpg,2.132274131e-06
1130401779_8c30182e3e.jpg,1.564367267e-06
3441511444_b031585b45.jpg,1.688341086e-06
3215847501_c723905ba4.jpg,2.100624209e-06
311619377_2ba3b36675.jpg,1.181847322e-06
801607443_f15956d1ce.jpg,1.721969974e-06
3690883532_d883f34617.jpg,1.933708601e-06
3517466790_17c7753a1a.jpg,1.784875852e-06
2768972186_92787cd523.jpg,1.697729286e-06
3527261343_efa07ea596.jpg,1.826771495e-06
2587846523_b177c9a3e3.jpg,1.813284543e-06
3350614753_5624e181b3.jpg,1.903889873e-06
542269487_5d77b363eb.jpg,1.849307645e-06
1287982439_6578006e22.jpg,1.928299942e-06
3262760716_1e9734f5ba.jpg,3.586355104e-06
2267923837_ae88678497.jpg,1.577177594e-06
3429391520_930b153f94.jpg,1.752451311e-06
3613424631_3ae537624f.jpg,1.272227084e-06
1082252566_8c79beef93.jpg,1.848956226e-06
3163323414_d1ce127aa6.jpg,2.150532041e-06
241346402_5c070a0c6d.jpg,2.593974053e-06
2612949583_f45b3afe33.jpg,1.610969263e-06
411011549_1298d2b4d2.jpg,1.42501448e-06
1557838421_a33f2a4911.jpg,1.778985297e-06
2444339090_bf7b3211f4.jpg,1.973326803e-06
482098572_e83153b300.jpg,1.372451239e-06
3726130458_07df79e969.jpg,2.116782702e-06
3417672954_46b75dea8d.jpg,1.996010702e-06
3376809186_4e26d880b7.jpg,1.483869702e-06
3227423095_5049951eab.jpg,1.399962033e-06
1298295313_db1f4c6522.jpg,1.847258296e-06
756004341_1a816df714.jpg,1.49382228e-06
3058439373_9276a4702a.jpg,1.606201911e-06
2287887341_663bfa15af.jpg,1.651117251e-06
1581822598_0ae23074f1.jpg,2.399294478e-06
3105929913_94a6882e25.jpg,2.347603603e-06
540873795_ae62ae6f60.jpg,2.372264614e-06
3461114418_c27b4043a2.jpg,1.742196102e-06
3399798295_a452963365.jpg,2.304348047e-06
3178489390_13a6ae7524.jpg,2.100069324e-06
3604496023_c1f546423e.jpg,1.397094306e-06
324208502_674488bcea.jpg,1.871155435e-06
426805536_d1d5e68c17.jpg,1.443367763e-06
246508774_1e9885f1b7.jpg,1.593454323e-06
1402640441_81978e32a9.jpg,1.997174921e-06
3124549928_10904a5a83.jpg,2.447869951e-06
3414734842_beb543f400.jpg,1.688154062e-06
1019077836_6fc9b15408.jpg,9.703557851e-07
3307077951_dd31f1971c.jpg,1.795393526e-06
2709275718_73fcf08c23.jpg,2.279013139e-06
3264397357_72f084cac1.jpg,1.96932395e-06
562588230_edb2c071c8.jpg,1.384594924e-06
3171066023_ec60ba30f3.jpg,1.60199074e-06
1670592963_39731a3dac.jpg,1.463690765e-06
1271210445_7f7ecf3791.jpg,1.204741305e-06
3728695560_00ec1ca492.jpg,2.206331057e-06
846085364_fc9d23df46.jpg,2.287134644e-06
3643684616_9d2be87a5a.jpg,1.448642955e-06
2192411521_9c7e488c5e.jpg,1.98894138e-06
2369840118_a1c4240ab7.jpg,2.12730602e-06
3244910944_612b8ce98f.jpg,2.05131214e-06
2850719435_221f15e951.jpg,8.637958142e-07
3544233095_4bca71df1d.jpg,2.050027538e-06
3217291172_10ef70af88.jpg,2.078984687e-06
3351360323_91bb341350.jpg,1.425593722e-06
2610447973_89227ff978.jpg,1.670813038e-06
1491192153_7c395991e5.jpg,1.575358066e-06
3502459991_fdec2da131.jpg,2.429813807e-06
1563731247_7f21d8bec0.jpg,1.657719263e-06
3653462288_bfe2360a64.jpg,1.973678356e-06
2960422620_81889a3764.jpg,1.858270249e-06
2340206885_58754a799a.jpg,2.033960876e-06
1508269285_6c5723f67d.jpg,1.918238829e-06
2752329719_868545b7d2.jpg,1.86346864e-06
3070031806_3d587c2a66.jpg,2.366269979e-06
477254932_56b48d775d.jpg,1.573110347e-06
3595398879_13e33b8916.jpg,2.082914294e-06
3430100177_5864bf1e73.jpg,1.312437922e-06
524036004_6747cf909b.jpg,2.237523687e-06
2395967330_7e6ea404f6.jpg,2.19747993e-06
2127209046_94711c747b.jpg,1.819754263e-06
3197981073_3156963446.jpg,1.810602242e-06
2705793985_007cc703fb.jpg,1.599556468e-06
3183060123_ea3af6278b.jpg,1.243263424e-06
3307667255_26bede91eb.jpg,1.414803988e-06
2318502106_33f2e4b4fc.jpg,2.288288446e-06
1552065993_b4dcd2eadf.jpg,1.891536227e-06
3576536763_3c8c4f232e.jpg,2.035729494e-06
3652150541_8fb5a3a5d1.jpg,2.242054234e-06
2881441125_b580e3dd4b.jpg,1.246872377e-06
3058627443_1d57ff0a2c.jpg,1.610675594e-06
3416091866_a96003d652.jpg,1.901214098e-06
3347798761_5c5260b000.jpg,1.735971804e-06
3485657956_7481582565.jpg,1.743068758e-06
3668984985_b60ceb2ae9.jpg,1.389517115e-06
1814086703_33390d5fc7.jpg,1.024922451e-06
2747436384_9470c56cb9.jpg,1.889326669e-06
1248940539_46d33ed487.jpg,1.391334323e-06
3325974730_3ee192e4ff.jpg,2.429582077e-06
3516960094_87fb4889de.jpg,2.063993712e-06
3549006919_3604bc813e.jpg,1.899335946e-06
2197275664_fabcf3424b.jpg,2.228598842e-06
1499495021_d295ce577c.jpg,1.318537811e-06
2428275562_4bde2bc5ea.jpg,1.202202533e-06
3230101918_7d81cb0fc8.jpg,1.666969757e-06
3400385314_a5bc062e97.jpg,2.158166029e-06
2892989340_bb7e0e5548.jpg,1.884716408e-06
387974450_bcd205daac.jpg,2.146103879e-06
3703035378_c6034cac51.jpg,2.119615493e-06
3019609769_c7809177f6.jpg,1.29096738e-06
374828031_9d087da5cf.jpg,1.520593229e-06
2637904605_fc355816fc.jpg,1.486462139e-06
2469620360_6c620c6f35.jpg,1.451012372e-06
2127207912_9298824e66.jpg,1.850101203e-06
2876494009_9f96d7eaf2.jpg,1.924221079e-06
1287475186_2dee85f1a5.jpg,2.515965428e-06
3508637029_89f3bdd3a2.jpg,1.413585524e-06
3372340429_91c4f4af30.jpg,1.997205832e-06
172092461_a9a9762e13.jpg,1.686654779e-06
3502563726_30d1ce29c8.jpg,2.517405864e-06
3225037367_a71fa86319.jpg,1.570807577e-06
2190137367_746335f707.jpg,1.572010685e-06
3400041870_4e7732b40f.jpg,1.95972682e-06
373219198_149af371d9.jpg,9.454782354e-07
2798880731_4f51634374.jpg,1.38272501e-06
3587449716_3bf1552c36.jpg,1.417483587e-06
275401000_8829250eb3.jpg,1.843903682e-06
2752175795_c9def67895.jpg,1.478319018e-06
2529116152_4331dabf50.jpg,1.978971641e-06
2712787899_d85048eb6a.jpg,1.832650467e-06
3590294974_4ef98f013e.jpg,1.832928227e-06
2414710960_a4cde4af60.jpg,1.980827053e-06
2266142543_b2de18c081.jpg,2.634791778e-06
3116011063_f4071ccce6.jpg,2.34275915e-06
2942311160_a154104c62.jpg,2.046605053e-06
207731022_988f6afb35.jpg,1.946616374e-06
2554081584_233bdf289a.jpg,2.09179446e-06
1167662968_e466f1e80a.jpg,2.47154524e-06
2728486640_cc2a31d2b0.jpg,1.935786484e-06
3698607223_22fe09763a.jpg,1.741231329e-06
2415803492_56a673dc25.jpg,1.334891826e-06
2557129157_074a5a3128.jpg,2.068102997e-06
3145869775_85dfae43bd.jpg,1.42026522e-06
473988700_570422001b.jpg,1.084840957e-06
97731718_eb7ba71fd3.jpg,1.832473024e-06
3714551959_66ece78f27.jpg,1.617128189e-06
3681172959_6674c118d2.jpg,1.764021104e-06
2053441349_a98b5fc742.jpg,1.86506147e-06
2748729903_3c7c920c4d.jpg,9.471194192e-07
3247500085_c4f641aa84.jpg,1.688899406e-06
191003283_992257f835.jpg,1.828862856e-06
361183669_52be9662b9.jpg,1.649333533e-06
3289893683_d4cc3ce208.jpg,1.728205524e-06
3685372942_6ae935b34e.jpg,2.394438025e-06
3259222980_04fb62df97.jpg,1.603078241e-06
3583293892_c96af8cd98.jpg,1.917763549e-06
417966898_a04f9b5349.jpg,1.189971124e-06
315021440_122d56ebd7.jpg,1.64214785e-06
2672354635_3a03f76486.jpg,1.593854831e-06
2633722629_5eeb649c09.jpg,1.700229404e-06
3352697012_751b079bbb.jpg,1.426366078e-06
2708744743_e231f7fcf9.jpg,1.358945622e-06
756521713_5d3da56a54.jpg,2.11245897e-06
3455898176_f0e003ce58.jpg,1.649624518e-06
2968135512_51fbb56e3e.jpg,1.469838739e-06
532036676_e88b13e0a1.jpg,1.782989619e-06
3088572348_264c47f78c.jpg,1.360302931e-06
516394876_8b9b8021bc.jpg,1.414364686e-06
466956209_2ffcea3941.jpg,1.369328781e-06
451326127_2d95a2e1c2.jpg,1.517251273e-06
2449289139_08fc1092c1.jpg,1.415584538e-06
3131160589_dc73c209b7.jpg,1.64084251e-06
2656987333_80dcc82c05.jpg,1.212628894e-06
2543589122_ec3e55f434.jpg,1.392133552e-06
3324375078_9441f72898.jpg,2.156087388e-06
406248253_27b5eba25a.jpg,1.509763139e-06
3425887426_bf60b8afa3.jpg,1.675101885e-06
2774362575_7543b8bf19.jpg,1.824634666e-06
3155390408_8e1a81efb2.jpg,1.507599447e-06
1731546544_9fbf14617b.jpg,1.333845893e-06
2785115802_137fa30000.jpg,2.057603539e-06
95783195_e1ba3f57ca.jpg,1.475540448e-06
3593538248_dffa1a5ed4.jpg,1.547491999e-06
3209620285_edfc479392.jpg,1.662747182e-06
3204354161_caf89ec784.jpg,1.678802755e-06
3278811919_d5a3432af6.jpg,1.886250148e-06
3110018626_307a123b59.jpg,1.151155012e-06
2676649969_482caed129.jpg,1.983640733e-06
2595186208_9b16fa0ee3.jpg,1.627202776e-06
3422979565_e08cd77bfe.jpg,1.570075399e-06
3638631362_af29bbff01.jpg,1.53601223e-06
3473264983_67917a931f.jpg,1.474901053e-06
3703413486_3c682732a0.jpg,1.907145828e-06
498492764_fe276e505a.jpg,1.60968166e-06
732468337_a37075225e.jpg,1.509650727e-06
3399944164_ec24123945.jpg,2.279845318e-06
2786299623_a3c48bd318.jpg,1.745355815e-06
3554210976_fbd0ef33a3.jpg,1.664459739e-06
2733659177_d74a00995b.jpg,1.683851866e-06
3325497914_f9014d615b.jpg,2.008346885e-06
3259694057_fae7484b0a.jpg,1.807565178e-06
3115354165_44dbeec6c1.jpg,2.088297694e-06
1052358063_eae6744153.jpg,1.881086358e-06
792362827_5ab5281b99.jpg,1.408933614e-06
2670560883_7e7b563092.jpg,1.357574719e-06
3044745642_1d0784ff29.jpg,1.831810891e-06
3550253365_27d4c303cf.jpg,1.437332495e-06
1461667284_041c8a2475.jpg,1.529494721e-06
3365348059_9773165302.jpg,1.962239006e-06
733752482_ee01a419e5.jpg,2.460124523e-06
2587818583_4aa8e7b174.jpg,2.054381825e-06
698107542_3aa0ba78b4.jpg,2.042633266e-06
3522076584_7c603d2ac5.jpg,2.341583353e-06
3220151692_d398ef9779.jpg,1.561883052e-06
2574509968_e4692ae169.jpg,2.106788486e-06
476760133_c33d2bd83d.jpg,1.113741382e-06
3208999896_dab42dc40b.jpg,1.629713102e-06
2562166462_b43b141d40.jpg,1.421602647e-06
454686980_7517fe0c2e.jpg,1.83468917e-06
3192266178_f9bf5d3dba.jpg,1.629619848e-06
2285152690_3fb93f65f1.jpg,1.456823271e-06
3434526008_02359881a0.jpg,2.09067042e-06
2661138991_d55aa0e5dc.jpg,1.754308684e-06
2565703445_dd6899bc0e.jpg,1.750701263e-06
2522540026_6ee8ab4c6a.jpg,1.692884907e-06
707972553_36816e53a2.jpg,2.156511698e-06
2630806789_6835bbae95.jpg,1.832626712e-06
2363100645_c3423a0433.jpg,2.030294534e-06
783353797_fdf91bdf4c.jpg,1.781430177e-06
2732625904_4fbb653434.jpg,1.934975424e-06
2061144717_5b3a1864f0.jpg,1.924213505e-06
2823075967_be4c350e9e.jpg,2.01183243e-06
3399028417_50a621274c.jpg,1.458766494e-06
2701042060_92508ea8fa.jpg,2.046916511e-06
3088074124_481139dc92.jpg,1.884233837e-06
1350811702_2ce7cfd0c5.jpg,2.296039526e-06
2221818690_9003756d33.jpg,1.620555403e-06
2485467050_1d5e2696d4.jpg,2.326585053e-06
3561734666_344f260cce.jpg,1.567490955e-06
543102698_38e7e38bbc.jpg,9.975226369e-07
2637510448_4521cf6f29.jpg,2.281071719e-06
3033668641_5905f73990.jpg,1.943544608e-06
3239866450_3f8cfb0c83.jpg,1.924326874e-06
3393394134_0caac47e1c.jpg,1.701261714e-06
930126921_1b94605bdc.jpg,2.20507235e-06
3757598567_739b7da835.jpg,2.556455154e-06
2135502491_a15c6b5eae.jpg,1.698615051e-06
3195040792_a03954a19f.jpg,2.06350875e-06
3120953244_b00b152246.jpg,2.092820297e-06
536537638_f5ee42410b.jpg,1.366102682e-06
2985439112_8a3b77d5c9.jpg,1.918648153e-06
3041689520_c481bdb20e.jpg,1.890256749e-06
1443807993_aebfb2784a.jpg,2.215526123e-06
3445544288_68fdb25969.jpg,1.241021412e-06
412082368_371df946b3.jpg,1.458486206e-06
463786229_b54c9a3436.jpg,2.076796337e-06
3468346269_9d162aacfe.jpg,1.583887422e-06
2936590102_25036069a6.jpg,2.083186066e-06
3351357065_a6a9b3d485.jpg,1.520340731e-06
3425918361_3b890d9575.jpg,2.285076645e-06
3560977956_e08d2cd531.jpg,1.63057169e-06
2533642917_a5eace85e6.jpg,2.435235069e-06
3600403707_527aa0596e.jpg,1.363324794e-06
3649382413_58a4b1efe8.jpg,2.696721568e-06
456512643_0aac2fa9ce.jpg,6.074470541e-06
3533470072_87a5b595ba.jpg,1.822965413e-06
3125309108_1011486589.jpg,1.346803646e-06
3014015906_fdba461f36.jpg,9.337219817e-07
2659606300_bea3feaf8b.jpg,1.539528295e-06
3190677999_60bbd330fd.jpg,1.883098702e-06
2609900643_c07bcb0bae.jpg,2.538508508e-06
2098174172_e57d86ea03.jpg,1.127970552e-06
3207676216_48478bce97.jpg,1.933488301e-06
2079110798_ad1370a646.jpg,2.090044656e-06
3160531982_37f5636b8a.jpg,2.252700282e-06
3651476768_2bae721a6b.jpg,1.781572612e-06
1445123245_c7b9db0e0c.jpg,1.797612e-06
2327240505_e73cc73246.jpg,2.051261893e-06
3645080830_1d9ee2f50a.jpg,2.177678513e-06
3640329164_20cb245fd5.jpg,2.076039008e-06
2475162978_2c51048dca.jpg,1.439558088e-06
3182121297_38c99b2769.jpg,1.608355964e-06
504904434_889f426c6e.jpg,1.51171647e-06
1287064529_aa4e4f3c31.jpg,1.996148498e-06
2922807898_b5a06d5c70.jpg,2.017450871e-06
166654939_80ea4ddbcc.jpg,1.994388527e-06
2325386353_1f1a05e1ce.jpg,2.376913373e-06
3479050296_65bcea69a0.jpg,1.071839997e-06
2836325261_a3bf5c59be.jpg,2.000423176e-06
3212625256_685bc4de99.jpg,1.680065873e-06
3250589803_3f440ba781.jpg,2.115903533e-06
3176131893_7181c733aa.jpg,1.349178916e-06
1424775129_ffea9c13ab.jpg,9.867543088e-07
285586547_c81f8905a1.jpg,1.56197536e-06
3506560025_8d0f4f9ac4.jpg,2.055823614e-06
3635577874_48ebaac734.jpg,1.754368401e-06
3391924827_53b31542ce.jpg,1.999226824e-06
950411653_20d0335946.jpg,1.269038927e-06
2623146491_b64698b875.jpg,1.372856042e-06
1500853305_0150615ce9.jpg,1.161060163e-06
3106782647_b078830a9e.jpg,2.415337583e-06
3520321387_710ab74cda.jpg,1.802397613e-06
3131632154_098f86f4cb.jpg,1.842403648e-06
109202756_b97fcdc62c.jpg,1.317449386e-06
3457364788_3514a52091.jpg,1.80865905e-06
3164423279_9b27cb6a06.jpg,2.4754332e-06
3155365418_43df5486f9.jpg,3.815641297e-06
3285180819_a9712fd2bc.jpg,1.296815902e-06
3163273640_8d3ef22eaf.jpg,1.278411964e-06
2713897716_c8cd610360.jpg,1.11625011e-06
1131340021_83f46b150a.jpg,1.104702134e-06
765298136_7805fbb079.jpg,1.999393413e-06
241346923_18bd84bea4.jpg,1.977891987e-06
2312731013_1a3a8e25c6.jpg,1.707739398e-06
3170856184_efabfd0297.jpg,1.691102001e-06
3177468217_56a9142e46.jpg,1.561115996e-06
2378356400_f6bde5d9b3.jpg,1.179704564e-06
2888658480_e922a3dec2.jpg,9.791536178e-07
2409597310_958f5d8aff.jpg,1.743251801e-06
3377570617_d2f2225a74.jpg,1.459479982e-06
2744330402_824240184c.jpg,1.640288065e-06
2369248869_0266760c4a.jpg,1.901175079e-06
3537218226_478d2e4f26.jpg,1.673489123e-06
3323419265_7fefaa9d5d.jpg,2.561214652e-06
2633201394_ee4a7666ed.jpg,2.218226803e-06
291952021_f111b0fb3d.jpg,1.826075179e-06
2064780645_8f28a1529f.jpg,1.722183673e-06
3500829879_a643818d84.jpg,1.401828801e-06
248994078_a9257f448b.jpg,1.289971509e-06
358559906_d5f3f584f4.jpg,2.056857641e-06
414568315_5adcfc23c0.jpg,2.292094866e-06
2959581023_54402c8d88.jpg,1.243229751e-06
1143882946_1898d2eeb9.jpg,2.036468846e-06
3360730513_211e1a4db6.jpg,1.256766904e-06
2111360187_d2505437b7.jpg,1.74736232e-06
870710405_51e507b31a.jpg,2.478153343e-06
1095590286_c654f7e5a9.jpg,1.376529617e-06
3408274796_0dc62225e9.jpg,1.497389864e-06
1110208841_5bb6806afe.jpg,2.06827947e-06
2326730558_75c20e5033.jpg,2.062112103e-06
3425756814_13909354d4.jpg,1.635240462e-06
2990563425_2f7246f458.jpg,1.814788562e-06
2540884723_03d60ef548.jpg,1.565484391e-06
3136404885_f4d8f1d15a.jpg,1.295324153e-06
1000268201_693b08cb0e.jpg,1.397062142e-06
3067885047_f69d90c35b.jpg,1.325871525e-06
3295024992_887a95c700.jpg,2.199211702e-06
2921793132_ef19f1dd44.jpg,1.890851395e-06
2273038287_3004a72a34.jpg,7.951148506e-07
3215695965_69fbeba3d5.jpg,1.193484464e-06
3054989420_3e755ca352.jpg,1.568753921e-06
3500136982_bf7a85531e.jpg,1.692882238e-06
2332540384_4cf26406a9.jpg,1.636134049e-06
3315033940_e91f87b7f2.jpg,1.705853089e-06
3593392955_a4125087f6.jpg,1.561460647e-06
3513362553_5fc5779e20.jpg,1.334192206e-06
2532294586_4cd76a837d.jpg,2.031675083e-06
265223847_636ba039c1.jpg,2.618384313e-06
111766423_4522d36e56.jpg,1.874415272e-06
3510218982_318f738b76.jpg,2.508218741e-06
3030223792_02b6f2be99.jpg,2.178544629e-06
1032460886_4a598ed535.jpg,1.833033582e-06
3671777903_6fbf643980.jpg,1.992956565e-06
3482668767_66004ce736.jpg,1.956707207e-06
1800601130_1c0f248d12.jpg,2.242476044e-06
2061927950_dafba5b8a3.jpg,2.466703365e-06
2763601657_09a52a063f.jpg,1.326819019e-06
2449446913_28fa5b7c75.jpg,1.57049929e-06
1403414927_5f80281505.jpg,1.140301179e-06
2447284966_d6bbdb4b6e.jpg,1.49190836e-06
3180806542_49b6de312d.jpg,2.328002704e-06
2873070704_2141a7a86a.jpg,1.297272917e-06
2548777800_d7b9cf1c2b.jpg,1.45288107e-06
2845246160_d0d1bbd6f0.jpg,1.291704025e-06
3269380710_9161b0bd00.jpg,2.298498757e-06
3234719720_5bb2fc5ffa.jpg,1.97344177e-06
3562816250_6e14d436b1.jpg,1.690782631e-06
3336374196_f6eaca542f.jpg,1.930487168e-06
2380464803_a64f05bfa9.jpg,2.162781266e-06
2981702521_2459f2c1c4.jpg,1.6640505e-06
2156726763_034ecd2e39.jpg,1.861327299e-06
2178064851_bb39652d28.jpg,1.390627906e-06
224702241_05af393148.jpg,1.401635279e-06
2795866891_7559fd8422.jpg,1.623568881e-06
2656890977_7a9f0e4138.jpg,2.593147506e-06
3426962078_13e87e10de.jpg,2.375962578e-06
3432550415_e7b77232de.jpg,1.650865937e-06
3145967309_b33abe4d84.jpg,2.113983692e-06
2867736861_43c9487a65.jpg,1.830154132e-06
112178718_87270d9b4d.jpg,2.834589713e-06
143680442_2f03f76944.jpg,1.805968631e-06
371364900_5167d4dd7f.jpg,1.701363302e-06
2452686995_621878f561.jpg,1.175848259e-06
3605061440_1d08c80a57.jpg,1.175186649e-06
687513087_413d4a3a3b.jpg,1.98788942e-06
2173312932_269f9786fc.jpg,2.11581866e-06
241346971_c100650320.jpg,2.188058973e-06
3288274849_07ff76ee93.jpg,1.731098297e-06
2690702549_cf81da8cf6.jpg,1.616952124e-06
482882719_165722082d.jpg,1.804773501e-06
3447155358_5b5b59b15e.jpg,1.547049329e-06
2252299132_14ca6e584b.jpg,1.50731091e-06
3643087589_627a0a9e01.jpg,1.441124486e-06
365584746_681f33fa46.jpg,1.719664523e-06
3670075789_92ea9a183a.jpg,1.064340104e-06
465859490_b077219424.jpg,2.553447761e-06
2176980976_7054c99621.jpg,1.920842834e-06
3258472448_75cfab5e6f.jpg,2.03471341e-06
3541474181_489f19fae7.jpg,2.280935882e-06
3350785999_462f333c44.jpg,1.517333193e-06
3369258147_03db257f0f.jpg,1.629843545e-06
3737711435_113ccd0a52.jpg,1.716008808e-06
661749711_6f408dad62.jpg,1.288413576e-06
3171347658_f0d5469c56.jpg,1.600404205e-06
2057306459_2f52ce648e.jpg,1.502443747e-06
2892467862_52a3c67418.jpg,1.994956451e-06
3295671644_0e10891b6d.jpg,1.030689009e-06
2075041394_0b3ea1822d.jpg,1.820761867e-06
2743709828_a795a75bfc.jpg,1.438764825e-06
241345721_3f3724a7fc.jpg,2.30288479e-06
3461583471_2b8b6b4d73.jpg,2.444426367e-06
2955985301_e4139bc772.jpg,1.827151266e-06
3350260112_fcb47ff6b2.jpg,1.80195216e-06
3651971126_309e6a5e22.jpg,1.684292964e-06
3677693858_62f2f3163f.jpg,9.830850464e-07
2999730677_0cfa1c146e.jpg,1.069902587e-06
526661994_21838fc72c.jpg,2.30437455e-06
2653552905_4301449235.jpg,1.538790369e-06
2282260240_55387258de.jpg,1.883239303e-06
3044536048_e615466e7f.jpg,2.773071558e-06
508261758_78fb8ae067.jpg,1.682450367e-06
3293753378_7a8ddb98b2.jpg,1.891051828e-06
2662816021_ac474e0fde.jpg,1.997572983e-06
3495349745_1b29a63571.jpg,1.561706967e-06
2769605231_dae8b30201.jpg,2.218269968e-06
501699433_f8df386cf9.jpg,2.569415684e-06
3506096155_13632955e8.jpg,1.564169874e-06
1383698008_8ac53ed7ec.jpg,2.343332811e-06
2836703077_fa9c736203.jpg,1.277095004e-06
2188688248_f57a28a5a7.jpg,1.783088917e-06
3250593457_9049a73b61.jpg,2.314247376e-06
2206960564_325ed0c7ae.jpg,2.588623457e-06
1362128028_8422d53dc4.jpg,1.00877662e-06
3509611207_7645b1d28d.jpg,1.398399827e-06
2905942129_2b4bf59bc0.jpg,1.5210119e-06
2999638340_75bc8b165d.jpg,2.238013798e-06
430964917_022995afb6.jpg,1.586330617e-06
2983555530_a89f1f5ed7.jpg,1.801493401e-06
387078972_514a38dc33.jpg,2.246939347e-06
3283897411_af9d0b497d.jpg,2.435343961e-06
190638179_be9da86589.jpg,2.004399516e-06
2714878018_1593c38d69.jpg,1.437483034e-06
2052202553_373dad145b.jpg,1.926005037e-06
745966757_6d16dfad8f.jpg,1.217831998e-06
2131762850_5293a288d9.jpg,2.331248007e-06
489134459_1b3f46fc03.jpg,1.852219359e-06
241347496_1a35fec8dc.jpg,2.382235575e-06
3473320907_3884a7203b.jpg,1.920964452e-06
2943023421_e297f05e11.jpg,1.557064385e-06
3429142249_d09a32e291.jpg,1.870413877e-06
359082432_c1fd5aa2d6.jpg,1.121080745e-06
2718049631_e7aa74cb9b.jpg,1.656006676e-06
3576312396_799c873f3e.jpg,1.960614214e-06
2082005167_a0d6a70020.jpg,1.136623547e-06
419116771_642800891d.jpg,1.765896329e-06
3431261634_c73360406a.jpg,1.268263591e-06
2936707421_8e629874b8.jpg,1.96364502e-06
448658518_eec0b648a6.jpg,1.141387898e-06
3249865395_dceaa59f54.jpg,1.835709595e-06
2180886307_5156460b2c.jpg,1.299119115e-06
3167379087_927ff05a35.jpg,1.439126953e-06
3191982761_88793192ed.jpg,1.446894924e-06
2553550034_5901aa9d6c.jpg,1.301966938e-06
2481367956_8577d2fa98.jpg,1.850774236e-06
3223055565_68973f5d20.jpg,1.401671317e-06
2392625002_83a5a0978f.jpg,1.88407677e-06
2904601886_39e9d317b1.jpg,1.399020227e-06
3582689770_e57ab56671.jpg,2.482260934e-06
340667199_ecae5f6029.jpg,1.014584268e-06
250406927_a5028a31d4.jpg,1.063922284e-06
2483792149_a9b4ffecec.jpg,1.711078799e-06
3108197858_441ff38565.jpg,1.615992515e-06
3421706363_a3e22a4908.jpg,1.367491224e-06
3457455611_94ee93929f.jpg,1.668493499e-06
233270519_d60d4518fa.jpg,1.985649014e-06
3079073247_97e88e2eb7.jpg,2.18732487e-06
3331900249_5872e90b25.jpg,2.119068929e-06
146577646_9e64b8c2dc.jpg,1.659015521e-06
2144846312_d4c738dc6c.jpg,2.024092478e-06
2449518585_113dc4a8e5.jpg,2.25667853e-06
2525666287_638ab5e784.jpg,1.656014154e-06
2561481438_447b852e4d.jpg,1.466151432e-06
3024172109_a10198e1dd.jpg,1.917746271e-06
1562478713_505ab6d924.jpg,1.124682211e-06
3004291289_c4892898ae.jpg,2.072247157e-06
3081734118_6f2090215c.jpg,1.223317411e-06
2137071442_1c9658c81a.jpg,1.02612954e-06
2079152458_40712c3b40.jpg,2.561805394e-06
2873837796_543e415e98.jpg,1.316423405e-06
1057210460_09c6f4c6c1.jpg,2.024967973e-06
2688902319_52ceaf4a2a.jpg,1.278621865e-06
2351479551_e8820a1ff3.jpg,1.812546457e-06
2563578471_9a4e4c2ecc.jpg,1.984616371e-06
2636514498_01fcc5f501.jpg,1.647225275e-06
2602866141_be9928408d.jpg,1.615786804e-06
2580215443_4e64afe3d5.jpg,1.559039684e-06
260520547_944f9f4c91.jpg,1.64711567e-06
3539817989_5353062a39.jpg,1.979023622e-06
3294964868_16f4f9fa9d.jpg,1.338391067e-06
3708743823_3e3e0554d1.jpg,2.138735501e-06
2431470169_0eeba7d602.jpg,1.257602525e-06
3088677667_4a8befb70e.jpg,1.659690477e-06
1683444418_815f660379.jpg,1.711445539e-06
985067019_705fe4a4cc.jpg,2.494947131e-06
3183519385_311555d5f5.jpg,1.803455841e-06
3723903586_e98d3d8ec7.jpg,2.175403939e-06
515335111_c4afd5b903.jpg,1.882003049e-06
3420284416_a90af1fb7a.jpg,1.762005263e-06
271660510_dd4ba34b35.jpg,2.074765998e-06
808245064_8a7971fc5b.jpg,1.888904489e-06
3364797223_1f0b2f98ed.jpg,1.123917946e-06
416992999_654a99a903.jpg,1.840924538e-06
3486831913_2b9390ebbc.jpg,1.828474732e-06
2354064281_10afa38206.jpg,1.423402472e-06
3453259666_9ecaa8bb4b.jpg,1.710507181e-06
1148238960_f8cacec2fc.jpg,1.357003883e-06
2934573544_7ffe92a2c9.jpg,1.775697314e-06
1260816604_570fc35836.jpg,1.641178046e-06
3648097366_706c8a57a1.jpg,1.335129023e-06
2517284816_9b8fd3c6b6.jpg,1.745454242e-06
171488318_fb26af58e2.jpg,1.05035399e-06
3487261028_30791528ec.jpg,1.353307279e-06
2868324804_5cc8030484.jpg,1.951846797e-06
3471841031_a949645ba8.jpg,1.098519361e-06
3546891929_f31a99cd0d.jpg,1.37360222e-06
3207654194_43d6bebd68.jpg,1.520954472e-06
3041645937_ff7591d134.jpg,1.49676085e-06
140430106_2978fda105.jpg,2.04205162e-06
461019788_bc0993dabd.jpg,1.878742556e-06
357191373_a1cb5696e8.jpg,1.26119015e-06
3627290893_561e176e80.jpg,1.57782996e-06
502884177_25939ac000.jpg,1.653804845e-06
2870426310_4d59795032.jpg,1.395444449e-06
1525153022_06c48dbe52.jpg,2.300380265e-06
1507563902_6ec8d5d822.jpg,1.394626762e-06
3533484468_0787830d49.jpg,2.068621501e-06
2913965136_2d00136697.jpg,1.498358509e-06
3508522093_51f6d77f45.jpg,1.774596594e-06
3329858093_0ec73f2190.jpg,2.713220315e-06
3132006797_04822b5866.jpg,1.83632339e-06
2282600972_c22d1e03c7.jpg,2.142391341e-06
3697003897_d8ac13be9a.jpg,1.866184525e-06
3051125715_db76cebd1e.jpg,1.907887823e-06
3416246113_1745559b6b.jpg,1.552237977e-06
3029043380_b28644ea5d.jpg,1.969879981e-06
3016521240_2ef20834b6.jpg,1.828341363e-06
221973402_ecb1cd51f1.jpg,1.503342578e-06
3481859121_3d3e566ec0.jpg,1.798102635e-06
751109943_2a7f8e117f.jpg,2.242980954e-06
2715035273_8fc8b1291c.jpg,1.946469256e-06
3367034082_31658a89bb.jpg,1.672301524e-06
2596475173_58f11fc583.jpg,1.852267265e-06
373394550_1b2296b8c4.jpg,2.27792282e-06
3576259024_9c05b163aa.jpg,2.038019252e-06
2353119813_685bace18e.jpg,1.736811456e-06
3354063643_1d8814eb13.jpg,2.415698712e-06
2178095150_436b035741.jpg,2.012108048e-06
3286193613_fc046e8016.jpg,2.160426943e-06
3286045254_696c6b15bd.jpg,1.437008466e-06
3211577298_14296db6fd.jpg,2.189750175e-06
3514194772_43ba471982.jpg,1.833602213e-06
3602838407_bf13e49243.jpg,2.217737988e-06
241345942_ea76966542.jpg,2.393756126e-06
2831217847_555b2f95ca.jpg,1.102116154e-06
1334892555_1beff092c3.jpg,2.04951653e-06
2711075591_f3ee53cfaa.jpg,2.176630558e-06
2898304260_a4099a193a.jpg,1.85032095e-06
3380072636_4cd59385fd.jpg,1.513484734e-06
241345522_c3c266a02a.jpg,1.990152222e-06
566384456_97da3c7bd6.jpg,1.927074076e-06
3283368342_b96d45210e.jpg,1.642779555e-06
426191845_1e979e9345.jpg,1.502782496e-06
2689491604_d8760f57b4.jpg,2.505484184e-06
2890731828_8a7032503a.jpg,2.378167228e-06
235065283_1f9a3c79db.jpg,2.164678011e-06
3472364264_dbde5a8d0a.jpg,1.451381435e-06
479807833_85eed6899c.jpg,9.448493498e-07
2346401538_f5e8da66fc.jpg,1.89310975e-06
3722572342_6904d11d52.jpg,2.262547841e-06
2891961886_b7a2f0b0fd.jpg,2.036738798e-06
2393298349_e659308218.jpg,1.481541e-06
2289068031_fe26990183.jpg,1.8129103e-06
2090723611_318031cfa5.jpg,1.405244755e-06
112243673_fd68255217.jpg,1.362761122e-06
3410899419_4f8dca6f3f.jpg,1.636617075e-06
2715289538_d77c8d0a85.jpg,2.138649832e-06
3146937399_8c046b7b1a.jpg,1.83549744e-06
3091338773_9cf10467b4.jpg,1.622846412e-06
2698666984_13e17236ae.jpg,1.88252885e-06
2264316030_600e55748d.jpg,1.669261724e-06
2403544744_cba152f5c1.jpg,2.016049518e-06
522063319_33827f1627.jpg,1.501495659e-06
320093980_5388cb3733.jpg,2.306966271e-06
480200554_6155e9dfeb.jpg,1.297022912e-06
3502897880_8392d0e4de.jpg,1.922891703e-06
436393371_822ee70952.jpg,1.43045037e-06
3623302162_099f983d58.jpg,9.792438342e-07
3025546819_ce031d2fc3.jpg,2.213536507e-06
303795791_98ebc1d19a.jpg,1.784606012e-06
3213395965_2a823c6865.jpg,2.415825056e-06
3584829998_25e59fdef3.jpg,1.991355019e-06
539676201_c8f1f04952.jpg,2.029255999e-06
2891162278_fbf96be4f4.jpg,1.551139947e-06
3040033126_9f4b88261b.jpg,1.898011996e-06
2483993772_f64e9e4724.jpg,1.660712662e-06
2920516901_23d8571419.jpg,2.042609533e-06
2938747424_64e64784f0.jpg,2.063065022e-06
3481884992_45770ec698.jpg,2.026781853e-06
496380034_d22aeeedb3.jpg,1.937720964e-06
2886837407_a4510ab1ef.jpg,2.388213169e-06
2330843604_b8d75d6ac7.jpg,2.010707105e-06
1688699579_2f72328c7e.jpg,2.125797786e-06
